ISO-10303-21;
HEADER;
FILE_DESCRIPTION(('STEP AP242'),'1');
FILE_NAME('0026605040.stp','2024-11-23T23:54:06',('TraceParts'),('TraceParts S.A.'),'Spatial InterOp 3D',' ',' ');
FILE_SCHEMA(('AP242_MANAGED_MODEL_BASED_3D_ENGINEERING_MIM_LF  {1 0 10303 442 1 1 4}'));
ENDSEC;
DATA;
#1=PRODUCT_DEFINITION_CONTEXT('',#10,'design');
#2=APPLICATION_PROTOCOL_DEFINITION('INTERNATIONAL STANDARD','ap242_managed_model_based_3d_engineering',2014,#10);
#3=PRODUCT_CATEGORY_RELATIONSHIP('NONE','NONE',#11,#12);
#4=SHAPE_DEFINITION_REPRESENTATION(#13,#14);
#5=SHAPE_DEFINITION_REPRESENTATION(#13,#15);
#6= (GEOMETRIC_REPRESENTATION_CONTEXT(3)GLOBAL_UNCERTAINTY_ASSIGNED_CONTEXT((#18))GLOBAL_UNIT_ASSIGNED_CONTEXT((#20,#21,#22))REPRESENTATION_CONTEXT('NONE','WORKSPACE'));
#10=APPLICATION_CONTEXT('managed model based 3d engineering');
#11=PRODUCT_CATEGORY('part','NONE');
#12=PRODUCT_RELATED_PRODUCT_CATEGORY('detail',' ',(#24));
#13=PRODUCT_DEFINITION_SHAPE('NONE','NONE',#25);
#14=ADVANCED_BREP_SHAPE_REPRESENTATION('0026605040_1',(#26,#27),#6);
#15=GEOMETRICALLY_BOUNDED_SURFACE_SHAPE_REPRESENTATION('1',(#28,#29),#6);
#18=UNCERTAINTY_MEASURE_WITH_UNIT(LENGTH_MEASURE(1.0E-06),#20,'','');
#20= (CONVERSION_BASED_UNIT('MILLIMETRE',#32)LENGTH_UNIT()NAMED_UNIT(#35));
#21= (NAMED_UNIT(#37)PLANE_ANGLE_UNIT()SI_UNIT($,.RADIAN.));
#22= (NAMED_UNIT(#37)SOLID_ANGLE_UNIT()SI_UNIT($,.STERADIAN.));
#24=PRODUCT('0026605040_1','0026605040_1','PART-0026605040_1-DESC',(#43));
#25=PRODUCT_DEFINITION('','NONE',#44,#1);
#26=MANIFOLD_SOLID_BREP('0026605040_1',#45);
#27=AXIS2_PLACEMENT_3D('',#46,#47,#48);
#28=GEOMETRIC_SET('1',(#49,#50,#51,#52,#53,#54,#55,#56));
#29=AXIS2_PLACEMENT_3D('',#57,#58,#59);
#32=LENGTH_MEASURE_WITH_UNIT(LENGTH_MEASURE(1.0),#60);
#35=DIMENSIONAL_EXPONENTS(1.0,0.0,0.0,0.0,0.0,0.0,0.0);
#37=DIMENSIONAL_EXPONENTS(0.0,0.0,0.0,0.0,0.0,0.0,0.0);
#43=PRODUCT_CONTEXT('',#10,'mechanical');
#44=PRODUCT_DEFINITION_FORMATION_WITH_SPECIFIED_SOURCE(' ','NONE',#24,.NOT_KNOWN.);
#45=CLOSED_SHELL('',(#61,#62,#63,#64,#65,#66,#67,#68,#69,#70,#71,#72,#73,#74,#75,#76,#77,#78,#79,#80,#81,#82,#83,#84,#85,#86,#87,#88,#89,#90,#91,#92,#93,#94,#95,#96,#97,#98,#99,#100,#101,#102,#103,#104,#105,#106,#107,#108,#109,#110,#111,#112,#113,#114,#115,#116,#117,#118,#119,#120,#121,#122,#123,#124,#125,#126,#127,#128,#129,#130,#131,#132,#133,#134,#135,#136,#137,#138,#139,#140,#141,#142,#143,#144,#145,#146,#147,#148,#149,#150,#151,#152,#153,#154,#155,#156,#157,#158,#159,#160));
#46=CARTESIAN_POINT('',(0.0,0.0,0.0));
#47=DIRECTION('',(0.0,0.0,1.0));
#48=DIRECTION('',(1.0,0.0,0.0));
#49=COMPOSITE_CURVE('0026605040_2',(#161),.U.);
#50=COMPOSITE_CURVE('0026605040_3',(#162),.U.);
#51=COMPOSITE_CURVE('0026605040_4',(#163),.U.);
#52=COMPOSITE_CURVE('0026605040_5',(#164),.U.);
#53=COMPOSITE_CURVE('0026605040_6',(#165),.U.);
#54=COMPOSITE_CURVE('0026605040_7',(#166),.U.);
#55=COMPOSITE_CURVE('0026605040_8',(#167),.U.);
#56=COMPOSITE_CURVE('0026605040_9',(#168),.U.);
#57=CARTESIAN_POINT('',(0.0,0.0,0.0));
#58=DIRECTION('',(0.0,0.0,1.0));
#59=DIRECTION('',(1.0,0.0,0.0));
#60= (NAMED_UNIT(#35)LENGTH_UNIT()SI_UNIT(.MILLI.,.METRE.));
#61=ADVANCED_FACE('',(#170),#171,.T.);
#62=ADVANCED_FACE('',(#172),#173,.F.);
#63=ADVANCED_FACE('',(#174,#175,#176,#177,#178),#179,.T.);
#64=ADVANCED_FACE('',(#180),#181,.T.);
#65=ADVANCED_FACE('',(#182),#183,.T.);
#66=ADVANCED_FACE('',(#184),#185,.T.);
#67=ADVANCED_FACE('',(#186),#187,.T.);
#68=ADVANCED_FACE('',(#188),#189,.T.);
#69=ADVANCED_FACE('',(#190),#191,.T.);
#70=ADVANCED_FACE('',(#192),#193,.T.);
#71=ADVANCED_FACE('',(#194),#195,.T.);
#72=ADVANCED_FACE('',(#196),#197,.T.);
#73=ADVANCED_FACE('',(#198),#199,.T.);
#74=ADVANCED_FACE('',(#200),#201,.F.);
#75=ADVANCED_FACE('',(#202),#203,.T.);
#76=ADVANCED_FACE('',(#204),#205,.F.);
#77=ADVANCED_FACE('',(#206),#207,.T.);
#78=ADVANCED_FACE('',(#208),#209,.T.);
#79=ADVANCED_FACE('',(#210),#211,.T.);
#80=ADVANCED_FACE('',(#212),#213,.T.);
#81=ADVANCED_FACE('',(#214),#215,.T.);
#82=ADVANCED_FACE('',(#216),#217,.F.);
#83=ADVANCED_FACE('',(#218),#219,.F.);
#84=ADVANCED_FACE('',(#220),#221,.F.);
#85=ADVANCED_FACE('',(#222),#223,.F.);
#86=ADVANCED_FACE('',(#224),#225,.F.);
#87=ADVANCED_FACE('',(#226),#227,.F.);
#88=ADVANCED_FACE('',(#228),#229,.T.);
#89=ADVANCED_FACE('',(#230),#231,.T.);
#90=ADVANCED_FACE('',(#232),#233,.T.);
#91=ADVANCED_FACE('',(#234),#235,.T.);
#92=ADVANCED_FACE('',(#236,#237,#238,#239,#240),#241,.T.);
#93=ADVANCED_FACE('',(#242),#243,.T.);
#94=ADVANCED_FACE('',(#244),#245,.F.);
#95=ADVANCED_FACE('',(#246),#247,.T.);
#96=ADVANCED_FACE('',(#248),#249,.T.);
#97=ADVANCED_FACE('',(#250),#251,.T.);
#98=ADVANCED_FACE('',(#252),#253,.T.);
#99=ADVANCED_FACE('',(#254),#255,.T.);
#100=ADVANCED_FACE('',(#256),#257,.T.);
#101=ADVANCED_FACE('',(#258),#259,.T.);
#102=ADVANCED_FACE('',(#260),#261,.F.);
#103=ADVANCED_FACE('',(#262),#263,.T.);
#104=ADVANCED_FACE('',(#264),#265,.F.);
#105=ADVANCED_FACE('',(#266),#267,.T.);
#106=ADVANCED_FACE('',(#268),#269,.T.);
#107=ADVANCED_FACE('',(#270),#271,.T.);
#108=ADVANCED_FACE('',(#272),#273,.T.);
#109=ADVANCED_FACE('',(#274),#275,.T.);
#110=ADVANCED_FACE('',(#276),#277,.T.);
#111=ADVANCED_FACE('',(#278),#279,.T.);
#112=ADVANCED_FACE('',(#280),#281,.T.);
#113=ADVANCED_FACE('',(#282),#283,.T.);
#114=ADVANCED_FACE('',(#284),#285,.T.);
#115=ADVANCED_FACE('',(#286),#287,.F.);
#116=ADVANCED_FACE('',(#288),#289,.T.);
#117=ADVANCED_FACE('',(#290),#291,.F.);
#118=ADVANCED_FACE('',(#292),#293,.T.);
#119=ADVANCED_FACE('',(#294),#295,.T.);
#120=ADVANCED_FACE('',(#296),#297,.T.);
#121=ADVANCED_FACE('',(#298),#299,.T.);
#122=ADVANCED_FACE('',(#300),#301,.T.);
#123=ADVANCED_FACE('',(#302),#303,.T.);
#124=ADVANCED_FACE('',(#304),#305,.T.);
#125=ADVANCED_FACE('',(#306),#307,.T.);
#126=ADVANCED_FACE('',(#308),#309,.T.);
#127=ADVANCED_FACE('',(#310),#311,.T.);
#128=ADVANCED_FACE('',(#312),#313,.T.);
#129=ADVANCED_FACE('',(#314),#315,.F.);
#130=ADVANCED_FACE('',(#316),#317,.T.);
#131=ADVANCED_FACE('',(#318),#319,.F.);
#132=ADVANCED_FACE('',(#320),#321,.T.);
#133=ADVANCED_FACE('',(#322),#323,.T.);
#134=ADVANCED_FACE('',(#324),#325,.T.);
#135=ADVANCED_FACE('',(#326),#327,.T.);
#136=ADVANCED_FACE('',(#328),#329,.T.);
#137=ADVANCED_FACE('',(#330),#331,.T.);
#138=ADVANCED_FACE('',(#332),#333,.T.);
#139=ADVANCED_FACE('',(#334),#335,.T.);
#140=ADVANCED_FACE('',(#336),#337,.T.);
#141=ADVANCED_FACE('',(#338),#339,.T.);
#142=ADVANCED_FACE('',(#340),#341,.T.);
#143=ADVANCED_FACE('',(#342),#343,.F.);
#144=ADVANCED_FACE('',(#344),#345,.T.);
#145=ADVANCED_FACE('',(#346),#347,.F.);
#146=ADVANCED_FACE('',(#348),#349,.T.);
#147=ADVANCED_FACE('',(#350),#351,.T.);
#148=ADVANCED_FACE('',(#352),#353,.T.);
#149=ADVANCED_FACE('',(#354),#355,.T.);
#150=ADVANCED_FACE('',(#356),#357,.T.);
#151=ADVANCED_FACE('',(#358),#359,.T.);
#152=ADVANCED_FACE('',(#360),#361,.T.);
#153=ADVANCED_FACE('',(#362),#363,.T.);
#154=ADVANCED_FACE('',(#364),#365,.T.);
#155=ADVANCED_FACE('',(#366),#367,.T.);
#156=ADVANCED_FACE('',(#368),#369,.T.);
#157=ADVANCED_FACE('',(#370),#371,.F.);
#158=ADVANCED_FACE('',(#372),#373,.T.);
#159=ADVANCED_FACE('',(#374),#375,.F.);
#160=ADVANCED_FACE('',(#376),#377,.T.);
#161=COMPOSITE_CURVE_SEGMENT(.CONTINUOUS.,.T.,#378);
#162=COMPOSITE_CURVE_SEGMENT(.CONTINUOUS.,.T.,#379);
#163=COMPOSITE_CURVE_SEGMENT(.CONTINUOUS.,.T.,#380);
#164=COMPOSITE_CURVE_SEGMENT(.CONTINUOUS.,.T.,#381);
#165=COMPOSITE_CURVE_SEGMENT(.CONTINUOUS.,.T.,#382);
#166=COMPOSITE_CURVE_SEGMENT(.CONTINUOUS.,.T.,#383);
#167=COMPOSITE_CURVE_SEGMENT(.CONTINUOUS.,.T.,#384);
#168=COMPOSITE_CURVE_SEGMENT(.CONTINUOUS.,.T.,#385);
#170=FACE_OUTER_BOUND('',#386,.T.);
#171=CYLINDRICAL_SURFACE('',#387,1.905);
#172=FACE_OUTER_BOUND('',#388,.T.);
#173=PLANE('',#389);
#174=FACE_OUTER_BOUND('',#390,.T.);
#175=FACE_BOUND('',#391,.T.);
#176=FACE_BOUND('',#392,.T.);
#177=FACE_BOUND('',#393,.T.);
#178=FACE_BOUND('',#394,.T.);
#179=PLANE('',#395);
#180=FACE_OUTER_BOUND('',#396,.T.);
#181=PLANE('',#397);
#182=FACE_OUTER_BOUND('',#398,.T.);
#183=PLANE('',#399);
#184=FACE_OUTER_BOUND('',#400,.T.);
#185=PLANE('',#401);
#186=FACE_OUTER_BOUND('',#402,.T.);
#187=PLANE('',#403);
#188=FACE_OUTER_BOUND('',#404,.T.);
#189=PLANE('',#405);
#190=FACE_OUTER_BOUND('',#406,.T.);
#191=PLANE('',#407);
#192=FACE_OUTER_BOUND('',#408,.T.);
#193=PLANE('',#409);
#194=FACE_OUTER_BOUND('',#410,.T.);
#195=PLANE('',#411);
#196=FACE_OUTER_BOUND('',#412,.T.);
#197=PLANE('',#413);
#198=FACE_OUTER_BOUND('',#414,.T.);
#199=PLANE('',#415);
#200=FACE_OUTER_BOUND('',#416,.T.);
#201=PLANE('',#417);
#202=FACE_OUTER_BOUND('',#418,.T.);
#203=PLANE('',#419);
#204=FACE_OUTER_BOUND('',#420,.T.);
#205=PLANE('',#421);
#206=FACE_OUTER_BOUND('',#422,.T.);
#207=PLANE('',#423);
#208=FACE_OUTER_BOUND('',#424,.T.);
#209=PLANE('',#425);
#210=FACE_OUTER_BOUND('',#426,.T.);
#211=PLANE('',#427);
#212=FACE_OUTER_BOUND('',#428,.T.);
#213=PLANE('',#429);
#214=FACE_OUTER_BOUND('',#430,.T.);
#215=PLANE('',#431);
#216=FACE_OUTER_BOUND('',#432,.T.);
#217=PLANE('',#433);
#218=FACE_OUTER_BOUND('',#434,.T.);
#219=PLANE('',#435);
#220=FACE_OUTER_BOUND('',#436,.T.);
#221=PLANE('',#437);
#222=FACE_OUTER_BOUND('',#438,.T.);
#223=PLANE('',#439);
#224=FACE_OUTER_BOUND('',#440,.T.);
#225=PLANE('',#441);
#226=FACE_OUTER_BOUND('',#442,.T.);
#227=PLANE('',#443);
#228=FACE_OUTER_BOUND('',#444,.T.);
#229=PLANE('',#445);
#230=FACE_OUTER_BOUND('',#446,.T.);
#231=PLANE('',#447);
#232=FACE_OUTER_BOUND('',#448,.T.);
#233=PLANE('',#449);
#234=FACE_OUTER_BOUND('',#450,.T.);
#235=PLANE('',#451);
#236=FACE_OUTER_BOUND('',#452,.T.);
#237=FACE_BOUND('',#453,.T.);
#238=FACE_BOUND('',#454,.T.);
#239=FACE_BOUND('',#455,.T.);
#240=FACE_BOUND('',#456,.T.);
#241=PLANE('',#457);
#242=FACE_OUTER_BOUND('',#458,.T.);
#243=PLANE('',#459);
#244=FACE_OUTER_BOUND('',#460,.T.);
#245=PLANE('',#461);
#246=FACE_OUTER_BOUND('',#462,.T.);
#247=PLANE('',#463);
#248=FACE_OUTER_BOUND('',#464,.T.);
#249=CYLINDRICAL_SURFACE('',#465,1.905);
#250=FACE_OUTER_BOUND('',#466,.T.);
#251=PLANE('',#467);
#252=FACE_OUTER_BOUND('',#468,.T.);
#253=PLANE('',#469);
#254=FACE_OUTER_BOUND('',#470,.T.);
#255=PLANE('',#471);
#256=FACE_OUTER_BOUND('',#472,.T.);
#257=CYLINDRICAL_SURFACE('',#473,1.905);
#258=FACE_OUTER_BOUND('',#474,.T.);
#259=PLANE('',#475);
#260=FACE_OUTER_BOUND('',#476,.T.);
#261=CYLINDRICAL_SURFACE('',#477,1.905);
#262=FACE_OUTER_BOUND('',#478,.T.);
#263=PLANE('',#479);
#264=FACE_OUTER_BOUND('',#480,.T.);
#265=CYLINDRICAL_SURFACE('',#481,0.635);
#266=FACE_OUTER_BOUND('',#482,.T.);
#267=PLANE('',#483);
#268=FACE_OUTER_BOUND('',#484,.T.);
#269=PLANE('',#485);
#270=FACE_OUTER_BOUND('',#486,.T.);
#271=PLANE('',#487);
#272=FACE_OUTER_BOUND('',#488,.T.);
#273=PLANE('',#489);
#274=FACE_OUTER_BOUND('',#490,.T.);
#275=PLANE('',#491);
#276=FACE_OUTER_BOUND('',#492,.T.);
#277=PLANE('',#493);
#278=FACE_OUTER_BOUND('',#494,.T.);
#279=PLANE('',#495);
#280=FACE_OUTER_BOUND('',#496,.T.);
#281=PLANE('',#497);
#282=FACE_OUTER_BOUND('',#498,.T.);
#283=CYLINDRICAL_SURFACE('',#499,3.0607);
#284=FACE_OUTER_BOUND('',#500,.T.);
#285=PLANE('',#501);
#286=FACE_OUTER_BOUND('',#502,.T.);
#287=PLANE('',#503);
#288=FACE_OUTER_BOUND('',#504,.T.);
#289=PLANE('',#505);
#290=FACE_OUTER_BOUND('',#506,.T.);
#291=CYLINDRICAL_SURFACE('',#507,1.9177);
#292=FACE_OUTER_BOUND('',#508,.T.);
#293=PLANE('',#509);
#294=FACE_OUTER_BOUND('',#510,.T.);
#295=PLANE('',#511);
#296=FACE_OUTER_BOUND('',#512,.T.);
#297=PLANE('',#513);
#298=FACE_OUTER_BOUND('',#514,.T.);
#299=PLANE('',#515);
#300=FACE_OUTER_BOUND('',#516,.T.);
#301=PLANE('',#517);
#302=FACE_OUTER_BOUND('',#518,.T.);
#303=PLANE('',#519);
#304=FACE_OUTER_BOUND('',#520,.T.);
#305=PLANE('',#521);
#306=FACE_OUTER_BOUND('',#522,.T.);
#307=PLANE('',#523);
#308=FACE_OUTER_BOUND('',#524,.T.);
#309=PLANE('',#525);
#310=FACE_OUTER_BOUND('',#526,.T.);
#311=CYLINDRICAL_SURFACE('',#527,3.0607);
#312=FACE_OUTER_BOUND('',#528,.T.);
#313=PLANE('',#529);
#314=FACE_OUTER_BOUND('',#530,.T.);
#315=PLANE('',#531);
#316=FACE_OUTER_BOUND('',#532,.T.);
#317=PLANE('',#533);
#318=FACE_OUTER_BOUND('',#534,.T.);
#319=CYLINDRICAL_SURFACE('',#535,1.9177);
#320=FACE_OUTER_BOUND('',#536,.T.);
#321=PLANE('',#537);
#322=FACE_OUTER_BOUND('',#538,.T.);
#323=PLANE('',#539);
#324=FACE_OUTER_BOUND('',#540,.T.);
#325=PLANE('',#541);
#326=FACE_OUTER_BOUND('',#542,.T.);
#327=PLANE('',#543);
#328=FACE_OUTER_BOUND('',#544,.T.);
#329=PLANE('',#545);
#330=FACE_OUTER_BOUND('',#546,.T.);
#331=PLANE('',#547);
#332=FACE_OUTER_BOUND('',#548,.T.);
#333=PLANE('',#549);
#334=FACE_OUTER_BOUND('',#550,.T.);
#335=PLANE('',#551);
#336=FACE_OUTER_BOUND('',#552,.T.);
#337=PLANE('',#553);
#338=FACE_OUTER_BOUND('',#554,.T.);
#339=CYLINDRICAL_SURFACE('',#555,3.0607);
#340=FACE_OUTER_BOUND('',#556,.T.);
#341=PLANE('',#557);
#342=FACE_OUTER_BOUND('',#558,.T.);
#343=PLANE('',#559);
#344=FACE_OUTER_BOUND('',#560,.T.);
#345=PLANE('',#561);
#346=FACE_OUTER_BOUND('',#562,.T.);
#347=CYLINDRICAL_SURFACE('',#563,1.9177);
#348=FACE_OUTER_BOUND('',#564,.T.);
#349=PLANE('',#565);
#350=FACE_OUTER_BOUND('',#566,.T.);
#351=PLANE('',#567);
#352=FACE_OUTER_BOUND('',#568,.T.);
#353=PLANE('',#569);
#354=FACE_OUTER_BOUND('',#570,.T.);
#355=PLANE('',#571);
#356=FACE_OUTER_BOUND('',#572,.T.);
#357=PLANE('',#573);
#358=FACE_OUTER_BOUND('',#574,.T.);
#359=PLANE('',#575);
#360=FACE_OUTER_BOUND('',#576,.T.);
#361=PLANE('',#577);
#362=FACE_OUTER_BOUND('',#578,.T.);
#363=PLANE('',#579);
#364=FACE_OUTER_BOUND('',#580,.T.);
#365=PLANE('',#581);
#366=FACE_OUTER_BOUND('',#582,.T.);
#367=CYLINDRICAL_SURFACE('',#583,3.0607);
#368=FACE_OUTER_BOUND('',#584,.T.);
#369=PLANE('',#585);
#370=FACE_OUTER_BOUND('',#586,.T.);
#371=PLANE('',#587);
#372=FACE_OUTER_BOUND('',#588,.T.);
#373=PLANE('',#589);
#374=FACE_OUTER_BOUND('',#590,.T.);
#375=CYLINDRICAL_SURFACE('',#591,1.9177);
#376=FACE_OUTER_BOUND('',#592,.T.);
#377=PLANE('',#593);
#378=TRIMMED_CURVE('',#594,(PARAMETER_VALUE(0.0)),(PARAMETER_VALUE(3.1415926535892)),.T.,.UNSPECIFIED.);
#379=TRIMMED_CURVE('',#595,(PARAMETER_VALUE(0.0)),(PARAMETER_VALUE(3.1415926535892)),.T.,.UNSPECIFIED.);
#380=TRIMMED_CURVE('',#596,(PARAMETER_VALUE(0.0)),(PARAMETER_VALUE(3.1415926535892)),.T.,.UNSPECIFIED.);
#381=TRIMMED_CURVE('',#597,(PARAMETER_VALUE(0.0)),(PARAMETER_VALUE(3.1415926535892)),.T.,.UNSPECIFIED.);
#382=TRIMMED_CURVE('',#598,(PARAMETER_VALUE(0.0)),(PARAMETER_VALUE(3.1415926535892)),.T.,.UNSPECIFIED.);
#383=TRIMMED_CURVE('',#599,(PARAMETER_VALUE(0.0)),(PARAMETER_VALUE(3.1415926535892)),.T.,.UNSPECIFIED.);
#384=TRIMMED_CURVE('',#600,(PARAMETER_VALUE(0.0)),(PARAMETER_VALUE(3.1415926535892)),.T.,.UNSPECIFIED.);
#385=TRIMMED_CURVE('',#601,(PARAMETER_VALUE(0.0)),(PARAMETER_VALUE(3.1415926535892)),.T.,.UNSPECIFIED.);
#386=EDGE_LOOP('',(#602,#603,#604,#605));
#387=AXIS2_PLACEMENT_3D('',#606,#607,#608);
#388=EDGE_LOOP('',(#609,#610,#611,#612,#613,#614,#615,#616,#617,#618));
#389=AXIS2_PLACEMENT_3D('',#619,#620,#621);
#390=EDGE_LOOP('',(#622,#623,#624,#625,#626,#627,#628,#629,#630,#631,#632,#633,#634,#635,#636,#637,#638,#639,#640,#641,#642,#643));
#391=EDGE_LOOP('',(#644,#645,#646,#647));
#392=EDGE_LOOP('',(#648,#649,#650,#651));
#393=EDGE_LOOP('',(#652,#653,#654,#655));
#394=EDGE_LOOP('',(#656,#657,#658,#659));
#395=AXIS2_PLACEMENT_3D('',#660,#661,#662);
#396=EDGE_LOOP('',(#663,#664,#665,#666));
#397=AXIS2_PLACEMENT_3D('',#667,#668,#669);
#398=EDGE_LOOP('',(#670,#671,#672,#673,#674,#675,#676,#677,#678,#679,#680,#681,#682,#683));
#399=AXIS2_PLACEMENT_3D('',#684,#685,#686);
#400=EDGE_LOOP('',(#687,#688,#689,#690));
#401=AXIS2_PLACEMENT_3D('',#691,#692,#693);
#402=EDGE_LOOP('',(#694,#695,#696,#697));
#403=AXIS2_PLACEMENT_3D('',#698,#699,#700);
#404=EDGE_LOOP('',(#701,#702,#703,#704,#705,#706,#707,#708,#709,#710));
#405=AXIS2_PLACEMENT_3D('',#711,#712,#713);
#406=EDGE_LOOP('',(#714,#715,#716,#717));
#407=AXIS2_PLACEMENT_3D('',#718,#719,#720);
#408=EDGE_LOOP('',(#721,#722,#723,#724));
#409=AXIS2_PLACEMENT_3D('',#725,#726,#727);
#410=EDGE_LOOP('',(#728,#729,#730,#731));
#411=AXIS2_PLACEMENT_3D('',#732,#733,#734);
#412=EDGE_LOOP('',(#735,#736,#737,#738));
#413=AXIS2_PLACEMENT_3D('',#739,#740,#741);
#414=EDGE_LOOP('',(#742,#743,#744,#745));
#415=AXIS2_PLACEMENT_3D('',#746,#747,#748);
#416=EDGE_LOOP('',(#749,#750,#751,#752));
#417=AXIS2_PLACEMENT_3D('',#753,#754,#755);
#418=EDGE_LOOP('',(#756,#757,#758,#759,#760,#761,#762,#763,#764,#765,#766,#767,#768,#769,#770,#771,#772,#773,#774,#775));
#419=AXIS2_PLACEMENT_3D('',#776,#777,#778);
#420=EDGE_LOOP('',(#779,#780,#781,#782));
#421=AXIS2_PLACEMENT_3D('',#783,#784,#785);
#422=EDGE_LOOP('',(#786,#787,#788,#789));
#423=AXIS2_PLACEMENT_3D('',#790,#791,#792);
#424=EDGE_LOOP('',(#793,#794,#795,#796));
#425=AXIS2_PLACEMENT_3D('',#797,#798,#799);
#426=EDGE_LOOP('',(#800,#801,#802,#803));
#427=AXIS2_PLACEMENT_3D('',#804,#805,#806);
#428=EDGE_LOOP('',(#807,#808,#809,#810));
#429=AXIS2_PLACEMENT_3D('',#811,#812,#813);
#430=EDGE_LOOP('',(#814,#815,#816,#817));
#431=AXIS2_PLACEMENT_3D('',#818,#819,#820);
#432=EDGE_LOOP('',(#821,#822,#823,#824));
#433=AXIS2_PLACEMENT_3D('',#825,#826,#827);
#434=EDGE_LOOP('',(#828,#829,#830,#831));
#435=AXIS2_PLACEMENT_3D('',#832,#833,#834);
#436=EDGE_LOOP('',(#835,#836,#837,#838));
#437=AXIS2_PLACEMENT_3D('',#839,#840,#841);
#438=EDGE_LOOP('',(#842,#843,#844,#845));
#439=AXIS2_PLACEMENT_3D('',#846,#847,#848);
#440=EDGE_LOOP('',(#849,#850,#851,#852));
#441=AXIS2_PLACEMENT_3D('',#853,#854,#855);
#442=EDGE_LOOP('',(#856,#857,#858,#859));
#443=AXIS2_PLACEMENT_3D('',#860,#861,#862);
#444=EDGE_LOOP('',(#863,#864,#865,#866));
#445=AXIS2_PLACEMENT_3D('',#867,#868,#869);
#446=EDGE_LOOP('',(#870,#871,#872,#873));
#447=AXIS2_PLACEMENT_3D('',#874,#875,#876);
#448=EDGE_LOOP('',(#877,#878,#879,#880));
#449=AXIS2_PLACEMENT_3D('',#881,#882,#883);
#450=EDGE_LOOP('',(#884,#885,#886,#887));
#451=AXIS2_PLACEMENT_3D('',#888,#889,#890);
#452=EDGE_LOOP('',(#891,#892,#893,#894,#895,#896));
#453=EDGE_LOOP('',(#897,#898,#899,#900));
#454=EDGE_LOOP('',(#901,#902,#903,#904));
#455=EDGE_LOOP('',(#905,#906,#907,#908));
#456=EDGE_LOOP('',(#909,#910,#911,#912));
#457=AXIS2_PLACEMENT_3D('',#913,#914,#915);
#458=EDGE_LOOP('',(#916,#917,#918,#919));
#459=AXIS2_PLACEMENT_3D('',#920,#921,#922);
#460=EDGE_LOOP('',(#923,#924,#925,#926,#927,#928,#929,#930,#931,#932,#933,#934,#935,#936));
#461=AXIS2_PLACEMENT_3D('',#937,#938,#939);
#462=EDGE_LOOP('',(#940,#941,#942,#943));
#463=AXIS2_PLACEMENT_3D('',#944,#945,#946);
#464=EDGE_LOOP('',(#947,#948,#949,#950));
#465=AXIS2_PLACEMENT_3D('',#951,#952,#953);
#466=EDGE_LOOP('',(#954,#955,#956,#957));
#467=AXIS2_PLACEMENT_3D('',#958,#959,#960);
#468=EDGE_LOOP('',(#961,#962,#963,#964));
#469=AXIS2_PLACEMENT_3D('',#965,#966,#967);
#470=EDGE_LOOP('',(#968,#969,#970,#971));
#471=AXIS2_PLACEMENT_3D('',#972,#973,#974);
#472=EDGE_LOOP('',(#975,#976,#977,#978));
#473=AXIS2_PLACEMENT_3D('',#979,#980,#981);
#474=EDGE_LOOP('',(#982,#983,#984,#985));
#475=AXIS2_PLACEMENT_3D('',#986,#987,#988);
#476=EDGE_LOOP('',(#989,#990,#991,#992));
#477=AXIS2_PLACEMENT_3D('',#993,#994,#995);
#478=EDGE_LOOP('',(#996,#997,#998,#999));
#479=AXIS2_PLACEMENT_3D('',#1000,#1001,#1002);
#480=EDGE_LOOP('',(#1003,#1004,#1005,#1006));
#481=AXIS2_PLACEMENT_3D('',#1007,#1008,#1009);
#482=EDGE_LOOP('',(#1010,#1011,#1012,#1013,#1014,#1015,#1016,#1017));
#483=AXIS2_PLACEMENT_3D('',#1018,#1019,#1020);
#484=EDGE_LOOP('',(#1021,#1022,#1023,#1024));
#485=AXIS2_PLACEMENT_3D('',#1025,#1026,#1027);
#486=EDGE_LOOP('',(#1028,#1029,#1030,#1031));
#487=AXIS2_PLACEMENT_3D('',#1032,#1033,#1034);
#488=EDGE_LOOP('',(#1035,#1036,#1037,#1038));
#489=AXIS2_PLACEMENT_3D('',#1039,#1040,#1041);
#490=EDGE_LOOP('',(#1042,#1043,#1044,#1045,#1046,#1047,#1048,#1049));
#491=AXIS2_PLACEMENT_3D('',#1050,#1051,#1052);
#492=EDGE_LOOP('',(#1053,#1054,#1055,#1056));
#493=AXIS2_PLACEMENT_3D('',#1057,#1058,#1059);
#494=EDGE_LOOP('',(#1060,#1061,#1062,#1063));
#495=AXIS2_PLACEMENT_3D('',#1064,#1065,#1066);
#496=EDGE_LOOP('',(#1067,#1068,#1069,#1070));
#497=AXIS2_PLACEMENT_3D('',#1071,#1072,#1073);
#498=EDGE_LOOP('',(#1074,#1075,#1076,#1077));
#499=AXIS2_PLACEMENT_3D('',#1078,#1079,#1080);
#500=EDGE_LOOP('',(#1081,#1082,#1083,#1084));
#501=AXIS2_PLACEMENT_3D('',#1085,#1086,#1087);
#502=EDGE_LOOP('',(#1088,#1089,#1090,#1091));
#503=AXIS2_PLACEMENT_3D('',#1092,#1093,#1094);
#504=EDGE_LOOP('',(#1095,#1096,#1097,#1098));
#505=AXIS2_PLACEMENT_3D('',#1099,#1100,#1101);
#506=EDGE_LOOP('',(#1102,#1103,#1104,#1105));
#507=AXIS2_PLACEMENT_3D('',#1106,#1107,#1108);
#508=EDGE_LOOP('',(#1109,#1110,#1111,#1112));
#509=AXIS2_PLACEMENT_3D('',#1113,#1114,#1115);
#510=EDGE_LOOP('',(#1116,#1117,#1118,#1119,#1120,#1121,#1122,#1123));
#511=AXIS2_PLACEMENT_3D('',#1124,#1125,#1126);
#512=EDGE_LOOP('',(#1127,#1128,#1129,#1130));
#513=AXIS2_PLACEMENT_3D('',#1131,#1132,#1133);
#514=EDGE_LOOP('',(#1134,#1135,#1136,#1137));
#515=AXIS2_PLACEMENT_3D('',#1138,#1139,#1140);
#516=EDGE_LOOP('',(#1141,#1142,#1143,#1144));
#517=AXIS2_PLACEMENT_3D('',#1145,#1146,#1147);
#518=EDGE_LOOP('',(#1148,#1149,#1150,#1151,#1152,#1153,#1154,#1155));
#519=AXIS2_PLACEMENT_3D('',#1156,#1157,#1158);
#520=EDGE_LOOP('',(#1159,#1160,#1161,#1162));
#521=AXIS2_PLACEMENT_3D('',#1163,#1164,#1165);
#522=EDGE_LOOP('',(#1166,#1167,#1168,#1169));
#523=AXIS2_PLACEMENT_3D('',#1170,#1171,#1172);
#524=EDGE_LOOP('',(#1173,#1174,#1175,#1176));
#525=AXIS2_PLACEMENT_3D('',#1177,#1178,#1179);
#526=EDGE_LOOP('',(#1180,#1181,#1182,#1183));
#527=AXIS2_PLACEMENT_3D('',#1184,#1185,#1186);
#528=EDGE_LOOP('',(#1187,#1188,#1189,#1190));
#529=AXIS2_PLACEMENT_3D('',#1191,#1192,#1193);
#530=EDGE_LOOP('',(#1194,#1195,#1196,#1197));
#531=AXIS2_PLACEMENT_3D('',#1198,#1199,#1200);
#532=EDGE_LOOP('',(#1201,#1202,#1203,#1204));
#533=AXIS2_PLACEMENT_3D('',#1205,#1206,#1207);
#534=EDGE_LOOP('',(#1208,#1209,#1210,#1211));
#535=AXIS2_PLACEMENT_3D('',#1212,#1213,#1214);
#536=EDGE_LOOP('',(#1215,#1216,#1217,#1218));
#537=AXIS2_PLACEMENT_3D('',#1219,#1220,#1221);
#538=EDGE_LOOP('',(#1222,#1223,#1224,#1225,#1226,#1227,#1228,#1229));
#539=AXIS2_PLACEMENT_3D('',#1230,#1231,#1232);
#540=EDGE_LOOP('',(#1233,#1234,#1235,#1236));
#541=AXIS2_PLACEMENT_3D('',#1237,#1238,#1239);
#542=EDGE_LOOP('',(#1240,#1241,#1242,#1243));
#543=AXIS2_PLACEMENT_3D('',#1244,#1245,#1246);
#544=EDGE_LOOP('',(#1247,#1248,#1249,#1250));
#545=AXIS2_PLACEMENT_3D('',#1251,#1252,#1253);
#546=EDGE_LOOP('',(#1254,#1255,#1256,#1257,#1258,#1259,#1260,#1261));
#547=AXIS2_PLACEMENT_3D('',#1262,#1263,#1264);
#548=EDGE_LOOP('',(#1265,#1266,#1267,#1268));
#549=AXIS2_PLACEMENT_3D('',#1269,#1270,#1271);
#550=EDGE_LOOP('',(#1272,#1273,#1274,#1275));
#551=AXIS2_PLACEMENT_3D('',#1276,#1277,#1278);
#552=EDGE_LOOP('',(#1279,#1280,#1281,#1282));
#553=AXIS2_PLACEMENT_3D('',#1283,#1284,#1285);
#554=EDGE_LOOP('',(#1286,#1287,#1288,#1289));
#555=AXIS2_PLACEMENT_3D('',#1290,#1291,#1292);
#556=EDGE_LOOP('',(#1293,#1294,#1295,#1296));
#557=AXIS2_PLACEMENT_3D('',#1297,#1298,#1299);
#558=EDGE_LOOP('',(#1300,#1301,#1302,#1303));
#559=AXIS2_PLACEMENT_3D('',#1304,#1305,#1306);
#560=EDGE_LOOP('',(#1307,#1308,#1309,#1310));
#561=AXIS2_PLACEMENT_3D('',#1311,#1312,#1313);
#562=EDGE_LOOP('',(#1314,#1315,#1316,#1317));
#563=AXIS2_PLACEMENT_3D('',#1318,#1319,#1320);
#564=EDGE_LOOP('',(#1321,#1322,#1323,#1324));
#565=AXIS2_PLACEMENT_3D('',#1325,#1326,#1327);
#566=EDGE_LOOP('',(#1328,#1329,#1330,#1331,#1332,#1333,#1334,#1335));
#567=AXIS2_PLACEMENT_3D('',#1336,#1337,#1338);
#568=EDGE_LOOP('',(#1339,#1340,#1341,#1342));
#569=AXIS2_PLACEMENT_3D('',#1343,#1344,#1345);
#570=EDGE_LOOP('',(#1346,#1347,#1348,#1349));
#571=AXIS2_PLACEMENT_3D('',#1350,#1351,#1352);
#572=EDGE_LOOP('',(#1353,#1354,#1355,#1356));
#573=AXIS2_PLACEMENT_3D('',#1357,#1358,#1359);
#574=EDGE_LOOP('',(#1360,#1361,#1362,#1363,#1364,#1365,#1366,#1367));
#575=AXIS2_PLACEMENT_3D('',#1368,#1369,#1370);
#576=EDGE_LOOP('',(#1371,#1372,#1373,#1374));
#577=AXIS2_PLACEMENT_3D('',#1375,#1376,#1377);
#578=EDGE_LOOP('',(#1378,#1379,#1380,#1381));
#579=AXIS2_PLACEMENT_3D('',#1382,#1383,#1384);
#580=EDGE_LOOP('',(#1385,#1386,#1387,#1388));
#581=AXIS2_PLACEMENT_3D('',#1389,#1390,#1391);
#582=EDGE_LOOP('',(#1392,#1393,#1394,#1395));
#583=AXIS2_PLACEMENT_3D('',#1396,#1397,#1398);
#584=EDGE_LOOP('',(#1399,#1400,#1401,#1402));
#585=AXIS2_PLACEMENT_3D('',#1403,#1404,#1405);
#586=EDGE_LOOP('',(#1406,#1407,#1408,#1409));
#587=AXIS2_PLACEMENT_3D('',#1410,#1411,#1412);
#588=EDGE_LOOP('',(#1413,#1414,#1415,#1416));
#589=AXIS2_PLACEMENT_3D('',#1417,#1418,#1419);
#590=EDGE_LOOP('',(#1420,#1421,#1422,#1423));
#591=AXIS2_PLACEMENT_3D('',#1424,#1425,#1426);
#592=EDGE_LOOP('',(#1427,#1428,#1429,#1430));
#593=AXIS2_PLACEMENT_3D('',#1431,#1432,#1433);
#594=CIRCLE('',#1434,0.8509);
#595=CIRCLE('',#1435,0.8509);
#596=CIRCLE('',#1436,0.8509);
#597=CIRCLE('',#1437,0.8509);
#598=CIRCLE('',#1438,0.8509);
#599=CIRCLE('',#1439,0.8509);
#600=CIRCLE('',#1440,0.8509);
#601=CIRCLE('',#1441,0.8509);
#602=ORIENTED_EDGE('',*,*,#1442,.F.);
#603=ORIENTED_EDGE('',*,*,#1443,.F.);
#604=ORIENTED_EDGE('',*,*,#1444,.T.);
#605=ORIENTED_EDGE('',*,*,#1445,.T.);
#606=CARTESIAN_POINT('',(5.9436,6.1722,-5.9817));
#607=DIRECTION('',(-1.0,0.0,-0.0));
#608=DIRECTION('',(0.0,0.0,-1.0));
#609=ORIENTED_EDGE('',*,*,#1446,.F.);
#610=ORIENTED_EDGE('',*,*,#1447,.F.);
#611=ORIENTED_EDGE('',*,*,#1448,.F.);
#612=ORIENTED_EDGE('',*,*,#1449,.F.);
#613=ORIENTED_EDGE('',*,*,#1450,.F.);
#614=ORIENTED_EDGE('',*,*,#1451,.F.);
#615=ORIENTED_EDGE('',*,*,#1452,.F.);
#616=ORIENTED_EDGE('',*,*,#1453,.F.);
#617=ORIENTED_EDGE('',*,*,#1454,.F.);
#618=ORIENTED_EDGE('',*,*,#1455,.F.);
#619=CARTESIAN_POINT('',(-7.8486,0.0,0.0));
#620=DIRECTION('',(1.0,0.0,0.0));
#621=DIRECTION('',(0.0,1.0,0.0));
#622=ORIENTED_EDGE('',*,*,#1456,.T.);
#623=ORIENTED_EDGE('',*,*,#1457,.F.);
#624=ORIENTED_EDGE('',*,*,#1458,.F.);
#625=ORIENTED_EDGE('',*,*,#1459,.F.);
#626=ORIENTED_EDGE('',*,*,#1460,.T.);
#627=ORIENTED_EDGE('',*,*,#1461,.T.);
#628=ORIENTED_EDGE('',*,*,#1462,.F.);
#629=ORIENTED_EDGE('',*,*,#1463,.F.);
#630=ORIENTED_EDGE('',*,*,#1464,.T.);
#631=ORIENTED_EDGE('',*,*,#1465,.T.);
#632=ORIENTED_EDGE('',*,*,#1466,.F.);
#633=ORIENTED_EDGE('',*,*,#1467,.F.);
#634=ORIENTED_EDGE('',*,*,#1468,.T.);
#635=ORIENTED_EDGE('',*,*,#1469,.T.);
#636=ORIENTED_EDGE('',*,*,#1470,.F.);
#637=ORIENTED_EDGE('',*,*,#1471,.F.);
#638=ORIENTED_EDGE('',*,*,#1472,.T.);
#639=ORIENTED_EDGE('',*,*,#1473,.T.);
#640=ORIENTED_EDGE('',*,*,#1474,.F.);
#641=ORIENTED_EDGE('',*,*,#1455,.T.);
#642=ORIENTED_EDGE('',*,*,#1475,.T.);
#643=ORIENTED_EDGE('',*,*,#1476,.T.);
#644=ORIENTED_EDGE('',*,*,#1477,.T.);
#645=ORIENTED_EDGE('',*,*,#1478,.T.);
#646=ORIENTED_EDGE('',*,*,#1479,.T.);
#647=ORIENTED_EDGE('',*,*,#1480,.F.);
#648=ORIENTED_EDGE('',*,*,#1481,.T.);
#649=ORIENTED_EDGE('',*,*,#1482,.T.);
#650=ORIENTED_EDGE('',*,*,#1483,.T.);
#651=ORIENTED_EDGE('',*,*,#1484,.F.);
#652=ORIENTED_EDGE('',*,*,#1485,.T.);
#653=ORIENTED_EDGE('',*,*,#1486,.T.);
#654=ORIENTED_EDGE('',*,*,#1487,.T.);
#655=ORIENTED_EDGE('',*,*,#1488,.F.);
#656=ORIENTED_EDGE('',*,*,#1489,.T.);
#657=ORIENTED_EDGE('',*,*,#1490,.T.);
#658=ORIENTED_EDGE('',*,*,#1491,.T.);
#659=ORIENTED_EDGE('',*,*,#1492,.F.);
#660=CARTESIAN_POINT('',(-7.8486,-1.27,1.9177));
#661=DIRECTION('',(0.0,-1.0,0.0));
#662=DIRECTION('',(0.0,0.0,-1.0));
#663=ORIENTED_EDGE('',*,*,#1493,.T.);
#664=ORIENTED_EDGE('',*,*,#1494,.F.);
#665=ORIENTED_EDGE('',*,*,#1495,.F.);
#666=ORIENTED_EDGE('',*,*,#1476,.F.);
#667=CARTESIAN_POINT('',(5.9436,1.27,-3.4417));
#668=DIRECTION('',(0.0,0.0,1.0));
#669=DIRECTION('',(1.0,0.0,0.0));
#670=ORIENTED_EDGE('',*,*,#1495,.T.);
#671=ORIENTED_EDGE('',*,*,#1496,.T.);
#672=ORIENTED_EDGE('',*,*,#1497,.T.);
#673=ORIENTED_EDGE('',*,*,#1498,.T.);
#674=ORIENTED_EDGE('',*,*,#1499,.T.);
#675=ORIENTED_EDGE('',*,*,#1500,.T.);
#676=ORIENTED_EDGE('',*,*,#1443,.T.);
#677=ORIENTED_EDGE('',*,*,#1501,.T.);
#678=ORIENTED_EDGE('',*,*,#1502,.T.);
#679=ORIENTED_EDGE('',*,*,#1503,.T.);
#680=ORIENTED_EDGE('',*,*,#1504,.T.);
#681=ORIENTED_EDGE('',*,*,#1505,.T.);
#682=ORIENTED_EDGE('',*,*,#1506,.T.);
#683=ORIENTED_EDGE('',*,*,#1507,.F.);
#684=CARTESIAN_POINT('',(5.9436,0.0,0.0));
#685=DIRECTION('',(1.0,0.0,0.0));
#686=DIRECTION('',(0.0,1.0,0.0));
#687=ORIENTED_EDGE('',*,*,#1508,.T.);
#688=ORIENTED_EDGE('',*,*,#1509,.F.);
#689=ORIENTED_EDGE('',*,*,#1456,.F.);
#690=ORIENTED_EDGE('',*,*,#1507,.T.);
#691=CARTESIAN_POINT('',(-7.8486,-1.27,-3.4417));
#692=DIRECTION('',(0.0,0.0,-1.0));
#693=DIRECTION('',(0.0,-1.0,0.0));
#694=ORIENTED_EDGE('',*,*,#1475,.F.);
#695=ORIENTED_EDGE('',*,*,#1454,.T.);
#696=ORIENTED_EDGE('',*,*,#1510,.T.);
#697=ORIENTED_EDGE('',*,*,#1511,.F.);
#698=CARTESIAN_POINT('',(-7.8486,-1.27,-3.4417));
#699=DIRECTION('',(0.0,0.0,-1.0));
#700=DIRECTION('',(0.0,-1.0,0.0));
#701=ORIENTED_EDGE('',*,*,#1509,.T.);
#702=ORIENTED_EDGE('',*,*,#1512,.T.);
#703=ORIENTED_EDGE('',*,*,#1513,.T.);
#704=ORIENTED_EDGE('',*,*,#1514,.T.);
#705=ORIENTED_EDGE('',*,*,#1515,.T.);
#706=ORIENTED_EDGE('',*,*,#1516,.T.);
#707=ORIENTED_EDGE('',*,*,#1517,.T.);
#708=ORIENTED_EDGE('',*,*,#1518,.T.);
#709=ORIENTED_EDGE('',*,*,#1519,.T.);
#710=ORIENTED_EDGE('',*,*,#1457,.T.);
#711=CARTESIAN_POINT('',(7.8486,0.0,0.0));
#712=DIRECTION('',(1.0,0.0,0.0));
#713=DIRECTION('',(0.0,1.0,0.0));
#714=ORIENTED_EDGE('',*,*,#1458,.T.);
#715=ORIENTED_EDGE('',*,*,#1519,.F.);
#716=ORIENTED_EDGE('',*,*,#1520,.F.);
#717=ORIENTED_EDGE('',*,*,#1521,.T.);
#718=CARTESIAN_POINT('',(-7.8486,-2.032,1.9177));
#719=DIRECTION('',(0.0,0.0,-1.0));
#720=DIRECTION('',(0.0,-1.0,0.0));
#721=ORIENTED_EDGE('',*,*,#1462,.T.);
#722=ORIENTED_EDGE('',*,*,#1522,.F.);
#723=ORIENTED_EDGE('',*,*,#1523,.F.);
#724=ORIENTED_EDGE('',*,*,#1524,.T.);
#725=CARTESIAN_POINT('',(-7.8486,-2.032,1.9177));
#726=DIRECTION('',(0.0,0.0,-1.0));
#727=DIRECTION('',(0.0,-1.0,0.0));
#728=ORIENTED_EDGE('',*,*,#1466,.T.);
#729=ORIENTED_EDGE('',*,*,#1525,.F.);
#730=ORIENTED_EDGE('',*,*,#1526,.F.);
#731=ORIENTED_EDGE('',*,*,#1527,.T.);
#732=CARTESIAN_POINT('',(-7.8486,-2.032,1.9177));
#733=DIRECTION('',(0.0,0.0,-1.0));
#734=DIRECTION('',(0.0,-1.0,0.0));
#735=ORIENTED_EDGE('',*,*,#1528,.F.);
#736=ORIENTED_EDGE('',*,*,#1446,.T.);
#737=ORIENTED_EDGE('',*,*,#1474,.T.);
#738=ORIENTED_EDGE('',*,*,#1529,.F.);
#739=CARTESIAN_POINT('',(-7.8486,-2.032,1.9177));
#740=DIRECTION('',(0.0,0.0,-1.0));
#741=DIRECTION('',(0.0,-1.0,0.0));
#742=ORIENTED_EDGE('',*,*,#1470,.T.);
#743=ORIENTED_EDGE('',*,*,#1530,.F.);
#744=ORIENTED_EDGE('',*,*,#1531,.F.);
#745=ORIENTED_EDGE('',*,*,#1532,.T.);
#746=CARTESIAN_POINT('',(-7.8486,-2.032,1.9177));
#747=DIRECTION('',(0.0,0.0,-1.0));
#748=DIRECTION('',(0.0,-1.0,0.0));
#749=ORIENTED_EDGE('',*,*,#1459,.T.);
#750=ORIENTED_EDGE('',*,*,#1521,.F.);
#751=ORIENTED_EDGE('',*,*,#1533,.F.);
#752=ORIENTED_EDGE('',*,*,#1534,.T.);
#753=CARTESIAN_POINT('',(7.2644,-2.032,3.4417));
#754=DIRECTION('',(1.0,0.0,0.0));
#755=DIRECTION('',(0.0,1.0,0.0));
#756=ORIENTED_EDGE('',*,*,#1472,.F.);
#757=ORIENTED_EDGE('',*,*,#1535,.F.);
#758=ORIENTED_EDGE('',*,*,#1536,.T.);
#759=ORIENTED_EDGE('',*,*,#1537,.T.);
#760=ORIENTED_EDGE('',*,*,#1468,.F.);
#761=ORIENTED_EDGE('',*,*,#1538,.F.);
#762=ORIENTED_EDGE('',*,*,#1539,.T.);
#763=ORIENTED_EDGE('',*,*,#1540,.T.);
#764=ORIENTED_EDGE('',*,*,#1464,.F.);
#765=ORIENTED_EDGE('',*,*,#1541,.F.);
#766=ORIENTED_EDGE('',*,*,#1542,.T.);
#767=ORIENTED_EDGE('',*,*,#1543,.T.);
#768=ORIENTED_EDGE('',*,*,#1460,.F.);
#769=ORIENTED_EDGE('',*,*,#1534,.F.);
#770=ORIENTED_EDGE('',*,*,#1544,.T.);
#771=ORIENTED_EDGE('',*,*,#1517,.F.);
#772=ORIENTED_EDGE('',*,*,#1545,.F.);
#773=ORIENTED_EDGE('',*,*,#1448,.T.);
#774=ORIENTED_EDGE('',*,*,#1546,.T.);
#775=ORIENTED_EDGE('',*,*,#1547,.T.);
#776=CARTESIAN_POINT('',(-7.8486,-0.693940905122526,3.4417));
#777=DIRECTION('',(0.0,0.0,1.0));
#778=DIRECTION('',(1.0,0.0,0.0));
#779=ORIENTED_EDGE('',*,*,#1548,.T.);
#780=ORIENTED_EDGE('',*,*,#1529,.T.);
#781=ORIENTED_EDGE('',*,*,#1473,.F.);
#782=ORIENTED_EDGE('',*,*,#1547,.F.);
#783=CARTESIAN_POINT('',(-7.2644,-1.27,3.4417));
#784=DIRECTION('',(-1.0,0.0,0.0));
#785=DIRECTION('',(0.0,0.0,1.0));
#786=ORIENTED_EDGE('',*,*,#1520,.T.);
#787=ORIENTED_EDGE('',*,*,#1518,.F.);
#788=ORIENTED_EDGE('',*,*,#1544,.F.);
#789=ORIENTED_EDGE('',*,*,#1533,.T.);
#790=CARTESIAN_POINT('',(-7.8486,-2.032,3.4417));
#791=DIRECTION('',(0.0,-1.0,0.0));
#792=DIRECTION('',(0.0,0.0,-1.0));
#793=ORIENTED_EDGE('',*,*,#1523,.T.);
#794=ORIENTED_EDGE('',*,*,#1549,.F.);
#795=ORIENTED_EDGE('',*,*,#1542,.F.);
#796=ORIENTED_EDGE('',*,*,#1550,.T.);
#797=CARTESIAN_POINT('',(-7.8486,-2.032,3.4417));
#798=DIRECTION('',(0.0,-1.0,0.0));
#799=DIRECTION('',(0.0,0.0,-1.0));
#800=ORIENTED_EDGE('',*,*,#1526,.T.);
#801=ORIENTED_EDGE('',*,*,#1551,.F.);
#802=ORIENTED_EDGE('',*,*,#1539,.F.);
#803=ORIENTED_EDGE('',*,*,#1552,.T.);
#804=CARTESIAN_POINT('',(-7.8486,-2.032,3.4417));
#805=DIRECTION('',(0.0,-1.0,0.0));
#806=DIRECTION('',(0.0,0.0,-1.0));
#807=ORIENTED_EDGE('',*,*,#1546,.F.);
#808=ORIENTED_EDGE('',*,*,#1447,.T.);
#809=ORIENTED_EDGE('',*,*,#1528,.T.);
#810=ORIENTED_EDGE('',*,*,#1548,.F.);
#811=CARTESIAN_POINT('',(-7.8486,-2.032,3.4417));
#812=DIRECTION('',(0.0,-1.0,0.0));
#813=DIRECTION('',(0.0,0.0,-1.0));
#814=ORIENTED_EDGE('',*,*,#1531,.T.);
#815=ORIENTED_EDGE('',*,*,#1553,.F.);
#816=ORIENTED_EDGE('',*,*,#1536,.F.);
#817=ORIENTED_EDGE('',*,*,#1554,.T.);
#818=CARTESIAN_POINT('',(-7.8486,-2.032,3.4417));
#819=DIRECTION('',(0.0,-1.0,0.0));
#820=DIRECTION('',(0.0,0.0,-1.0));
#821=ORIENTED_EDGE('',*,*,#1463,.T.);
#822=ORIENTED_EDGE('',*,*,#1524,.F.);
#823=ORIENTED_EDGE('',*,*,#1550,.F.);
#824=ORIENTED_EDGE('',*,*,#1541,.T.);
#825=CARTESIAN_POINT('',(3.302,-2.032,3.4417));
#826=DIRECTION('',(1.0,0.0,0.0));
#827=DIRECTION('',(0.0,1.0,0.0));
#828=ORIENTED_EDGE('',*,*,#1549,.T.);
#829=ORIENTED_EDGE('',*,*,#1522,.T.);
#830=ORIENTED_EDGE('',*,*,#1461,.F.);
#831=ORIENTED_EDGE('',*,*,#1543,.F.);
#832=CARTESIAN_POINT('',(4.6228,-1.27,3.4417));
#833=DIRECTION('',(-1.0,0.0,0.0));
#834=DIRECTION('',(0.0,0.0,1.0));
#835=ORIENTED_EDGE('',*,*,#1467,.T.);
#836=ORIENTED_EDGE('',*,*,#1527,.F.);
#837=ORIENTED_EDGE('',*,*,#1552,.F.);
#838=ORIENTED_EDGE('',*,*,#1538,.T.);
#839=CARTESIAN_POINT('',(-0.6604,-2.032,3.4417));
#840=DIRECTION('',(1.0,0.0,0.0));
#841=DIRECTION('',(0.0,1.0,0.0));
#842=ORIENTED_EDGE('',*,*,#1551,.T.);
#843=ORIENTED_EDGE('',*,*,#1525,.T.);
#844=ORIENTED_EDGE('',*,*,#1465,.F.);
#845=ORIENTED_EDGE('',*,*,#1540,.F.);
#846=CARTESIAN_POINT('',(0.6604,-1.27,3.4417));
#847=DIRECTION('',(-1.0,0.0,0.0));
#848=DIRECTION('',(0.0,0.0,1.0));
#849=ORIENTED_EDGE('',*,*,#1471,.T.);
#850=ORIENTED_EDGE('',*,*,#1532,.F.);
#851=ORIENTED_EDGE('',*,*,#1554,.F.);
#852=ORIENTED_EDGE('',*,*,#1535,.T.);
#853=CARTESIAN_POINT('',(-4.6228,-2.032,3.4417));
#854=DIRECTION('',(1.0,0.0,0.0));
#855=DIRECTION('',(0.0,1.0,0.0));
#856=ORIENTED_EDGE('',*,*,#1553,.T.);
#857=ORIENTED_EDGE('',*,*,#1530,.T.);
#858=ORIENTED_EDGE('',*,*,#1469,.F.);
#859=ORIENTED_EDGE('',*,*,#1537,.F.);
#860=CARTESIAN_POINT('',(-3.302,-1.27,3.4417));
#861=DIRECTION('',(-1.0,0.0,0.0));
#862=DIRECTION('',(0.0,0.0,1.0));
#863=ORIENTED_EDGE('',*,*,#1545,.T.);
#864=ORIENTED_EDGE('',*,*,#1516,.F.);
#865=ORIENTED_EDGE('',*,*,#1555,.F.);
#866=ORIENTED_EDGE('',*,*,#1449,.T.);
#867=CARTESIAN_POINT('',(-7.8486,-0.693940905122526,3.1877));
#868=DIRECTION('',(-0.0,1.0,0.0));
#869=DIRECTION('',(1.0,0.0,0.0));
#870=ORIENTED_EDGE('',*,*,#1555,.T.);
#871=ORIENTED_EDGE('',*,*,#1515,.F.);
#872=ORIENTED_EDGE('',*,*,#1556,.F.);
#873=ORIENTED_EDGE('',*,*,#1450,.T.);
#874=CARTESIAN_POINT('',(-7.8486,-0.058940905122526,3.1877));
#875=DIRECTION('',(0.0,0.0,1.0));
#876=DIRECTION('',(1.0,0.0,0.0));
#877=ORIENTED_EDGE('',*,*,#1556,.T.);
#878=ORIENTED_EDGE('',*,*,#1514,.F.);
#879=ORIENTED_EDGE('',*,*,#1557,.F.);
#880=ORIENTED_EDGE('',*,*,#1451,.T.);
#881=CARTESIAN_POINT('',(-7.8486,0.381,3.4417));
#882=DIRECTION('',(0.0,-0.499999999999973,0.866025403784454));
#883=DIRECTION('',(-1.0,0.0,0.0));
#884=ORIENTED_EDGE('',*,*,#1557,.T.);
#885=ORIENTED_EDGE('',*,*,#1513,.F.);
#886=ORIENTED_EDGE('',*,*,#1558,.F.);
#887=ORIENTED_EDGE('',*,*,#1452,.T.);
#888=CARTESIAN_POINT('',(-7.8486,1.27,3.4417));
#889=DIRECTION('',(0.0,0.0,1.0));
#890=DIRECTION('',(1.0,0.0,0.0));
#891=ORIENTED_EDGE('',*,*,#1510,.F.);
#892=ORIENTED_EDGE('',*,*,#1453,.T.);
#893=ORIENTED_EDGE('',*,*,#1558,.T.);
#894=ORIENTED_EDGE('',*,*,#1512,.F.);
#895=ORIENTED_EDGE('',*,*,#1508,.F.);
#896=ORIENTED_EDGE('',*,*,#1559,.F.);
#897=ORIENTED_EDGE('',*,*,#1560,.F.);
#898=ORIENTED_EDGE('',*,*,#1561,.F.);
#899=ORIENTED_EDGE('',*,*,#1562,.F.);
#900=ORIENTED_EDGE('',*,*,#1563,.T.);
#901=ORIENTED_EDGE('',*,*,#1564,.F.);
#902=ORIENTED_EDGE('',*,*,#1565,.F.);
#903=ORIENTED_EDGE('',*,*,#1566,.F.);
#904=ORIENTED_EDGE('',*,*,#1567,.T.);
#905=ORIENTED_EDGE('',*,*,#1568,.F.);
#906=ORIENTED_EDGE('',*,*,#1569,.F.);
#907=ORIENTED_EDGE('',*,*,#1570,.F.);
#908=ORIENTED_EDGE('',*,*,#1571,.T.);
#909=ORIENTED_EDGE('',*,*,#1572,.F.);
#910=ORIENTED_EDGE('',*,*,#1573,.F.);
#911=ORIENTED_EDGE('',*,*,#1574,.F.);
#912=ORIENTED_EDGE('',*,*,#1575,.T.);
#913=CARTESIAN_POINT('',(-7.8486,1.27,-3.4417));
#914=DIRECTION('',(-0.0,1.0,0.0));
#915=DIRECTION('',(1.0,0.0,0.0));
#916=ORIENTED_EDGE('',*,*,#1506,.F.);
#917=ORIENTED_EDGE('',*,*,#1576,.T.);
#918=ORIENTED_EDGE('',*,*,#1577,.T.);
#919=ORIENTED_EDGE('',*,*,#1559,.T.);
#920=CARTESIAN_POINT('',(5.9436,-0.00818719394657504,-4.71988719394562));
#921=DIRECTION('',(0.0,0.707106781186547,-0.707106781186547));
#922=DIRECTION('',(-1.0,0.0,0.0));
#923=ORIENTED_EDGE('',*,*,#1577,.F.);
#924=ORIENTED_EDGE('',*,*,#1578,.F.);
#925=ORIENTED_EDGE('',*,*,#1579,.F.);
#926=ORIENTED_EDGE('',*,*,#1580,.F.);
#927=ORIENTED_EDGE('',*,*,#1581,.F.);
#928=ORIENTED_EDGE('',*,*,#1582,.F.);
#929=ORIENTED_EDGE('',*,*,#1445,.F.);
#930=ORIENTED_EDGE('',*,*,#1583,.F.);
#931=ORIENTED_EDGE('',*,*,#1584,.F.);
#932=ORIENTED_EDGE('',*,*,#1585,.F.);
#933=ORIENTED_EDGE('',*,*,#1586,.F.);
#934=ORIENTED_EDGE('',*,*,#1587,.F.);
#935=ORIENTED_EDGE('',*,*,#1493,.F.);
#936=ORIENTED_EDGE('',*,*,#1511,.T.);
#937=CARTESIAN_POINT('',(-5.9436,0.0,0.0));
#938=DIRECTION('',(1.0,0.0,0.0));
#939=DIRECTION('',(0.0,1.0,0.0));
#940=ORIENTED_EDGE('',*,*,#1494,.T.);
#941=ORIENTED_EDGE('',*,*,#1587,.T.);
#942=ORIENTED_EDGE('',*,*,#1588,.F.);
#943=ORIENTED_EDGE('',*,*,#1496,.F.);
#944=CARTESIAN_POINT('',(5.9436,-2.032,-3.4417));
#945=DIRECTION('',(0.0,-1.0,0.0));
#946=DIRECTION('',(0.0,0.0,-1.0));
#947=ORIENTED_EDGE('',*,*,#1588,.T.);
#948=ORIENTED_EDGE('',*,*,#1586,.T.);
#949=ORIENTED_EDGE('',*,*,#1589,.F.);
#950=ORIENTED_EDGE('',*,*,#1497,.F.);
#951=CARTESIAN_POINT('',(5.9436,-0.127,-4.6609));
#952=DIRECTION('',(-1.0,0.0,-0.0));
#953=DIRECTION('',(0.0,0.0,-1.0));
#954=ORIENTED_EDGE('',*,*,#1589,.T.);
#955=ORIENTED_EDGE('',*,*,#1585,.T.);
#956=ORIENTED_EDGE('',*,*,#1590,.F.);
#957=ORIENTED_EDGE('',*,*,#1498,.F.);
#958=CARTESIAN_POINT('',(5.9436,-0.127,-6.5659));
#959=DIRECTION('',(0.0,0.0,-1.0));
#960=DIRECTION('',(0.0,-1.0,0.0));
#961=ORIENTED_EDGE('',*,*,#1590,.T.);
#962=ORIENTED_EDGE('',*,*,#1584,.T.);
#963=ORIENTED_EDGE('',*,*,#1591,.F.);
#964=ORIENTED_EDGE('',*,*,#1499,.F.);
#965=CARTESIAN_POINT('',(5.9436,9.2964,-6.5659));
#966=DIRECTION('',(-0.0,1.0,0.0));
#967=DIRECTION('',(1.0,0.0,0.0));
#968=ORIENTED_EDGE('',*,*,#1591,.T.);
#969=ORIENTED_EDGE('',*,*,#1583,.T.);
#970=ORIENTED_EDGE('',*,*,#1444,.F.);
#971=ORIENTED_EDGE('',*,*,#1500,.F.);
#972=CARTESIAN_POINT('',(5.9436,9.2964,-5.84371279928458));
#973=DIRECTION('',(0.0,0.573576436351011,0.819152044289016));
#974=DIRECTION('',(1.0,-0.0,0.0));
#975=ORIENTED_EDGE('',*,*,#1442,.T.);
#976=ORIENTED_EDGE('',*,*,#1582,.T.);
#977=ORIENTED_EDGE('',*,*,#1592,.F.);
#978=ORIENTED_EDGE('',*,*,#1501,.F.);
#979=CARTESIAN_POINT('',(5.9436,6.1722,-5.9817));
#980=DIRECTION('',(-1.0,0.0,-0.0));
#981=DIRECTION('',(0.0,0.0,-1.0));
#982=ORIENTED_EDGE('',*,*,#1592,.T.);
#983=ORIENTED_EDGE('',*,*,#1581,.T.);
#984=ORIENTED_EDGE('',*,*,#1593,.F.);
#985=ORIENTED_EDGE('',*,*,#1502,.F.);
#986=CARTESIAN_POINT('',(5.9436,4.8251615818394,-4.6346615818394));
#987=DIRECTION('',(0.0,-0.707106781186547,0.707106781186547));
#988=DIRECTION('',(-1.0,0.0,0.0));
#989=ORIENTED_EDGE('',*,*,#1593,.T.);
#990=ORIENTED_EDGE('',*,*,#1580,.T.);
#991=ORIENTED_EDGE('',*,*,#1594,.F.);
#992=ORIENTED_EDGE('',*,*,#1503,.F.);
#993=CARTESIAN_POINT('',(5.9436,2.8668463273576,-3.8989));
#994=DIRECTION('',(-1.0,0.0,-0.0));
#995=DIRECTION('',(0.0,0.0,-1.0));
#996=ORIENTED_EDGE('',*,*,#1594,.T.);
#997=ORIENTED_EDGE('',*,*,#1579,.T.);
#998=ORIENTED_EDGE('',*,*,#1595,.F.);
#999=ORIENTED_EDGE('',*,*,#1504,.F.);
#1000=CARTESIAN_POINT('',(5.9436,2.8668463273576,-5.8039));
#1001=DIRECTION('',(0.0,0.0,1.0));
#1002=DIRECTION('',(1.0,0.0,0.0));
#1003=ORIENTED_EDGE('',*,*,#1595,.T.);
#1004=ORIENTED_EDGE('',*,*,#1578,.T.);
#1005=ORIENTED_EDGE('',*,*,#1576,.F.);
#1006=ORIENTED_EDGE('',*,*,#1505,.F.);
#1007=CARTESIAN_POINT('',(5.9436,0.440825612106982,-5.1689));
#1008=DIRECTION('',(-1.0,0.0,-0.0));
#1009=DIRECTION('',(0.0,0.0,-1.0));
#1010=ORIENTED_EDGE('',*,*,#1596,.F.);
#1011=ORIENTED_EDGE('',*,*,#1597,.F.);
#1012=ORIENTED_EDGE('',*,*,#1598,.F.);
#1013=ORIENTED_EDGE('',*,*,#1599,.T.);
#1014=ORIENTED_EDGE('',*,*,#1600,.T.);
#1015=ORIENTED_EDGE('',*,*,#1601,.T.);
#1016=ORIENTED_EDGE('',*,*,#1602,.T.);
#1017=ORIENTED_EDGE('',*,*,#1480,.T.);
#1018=CARTESIAN_POINT('',(5.3213,-8.0137,7.4041));
#1019=DIRECTION('',(-1.0,0.0,0.0));
#1020=DIRECTION('',(0.0,0.0,1.0));
#1021=ORIENTED_EDGE('',*,*,#1603,.T.);
#1022=ORIENTED_EDGE('',*,*,#1604,.F.);
#1023=ORIENTED_EDGE('',*,*,#1605,.F.);
#1024=ORIENTED_EDGE('',*,*,#1563,.F.);
#1025=CARTESIAN_POINT('',(5.3213,-8.0137,7.4041));
#1026=DIRECTION('',(-1.0,0.0,0.0));
#1027=DIRECTION('',(0.0,0.0,1.0));
#1028=ORIENTED_EDGE('',*,*,#1602,.F.);
#1029=ORIENTED_EDGE('',*,*,#1606,.T.);
#1030=ORIENTED_EDGE('',*,*,#1607,.T.);
#1031=ORIENTED_EDGE('',*,*,#1477,.F.);
#1032=CARTESIAN_POINT('',(5.3213,-4.953,-1.0922));
#1033=DIRECTION('',(0.0,0.0,1.0));
#1034=DIRECTION('',(1.0,0.0,0.0));
#1035=ORIENTED_EDGE('',*,*,#1608,.T.);
#1036=ORIENTED_EDGE('',*,*,#1609,.F.);
#1037=ORIENTED_EDGE('',*,*,#1603,.F.);
#1038=ORIENTED_EDGE('',*,*,#1562,.T.);
#1039=CARTESIAN_POINT('',(5.3213,-4.953,-1.0922));
#1040=DIRECTION('',(0.0,0.0,1.0));
#1041=DIRECTION('',(1.0,0.0,0.0));
#1042=ORIENTED_EDGE('',*,*,#1607,.F.);
#1043=ORIENTED_EDGE('',*,*,#1610,.F.);
#1044=ORIENTED_EDGE('',*,*,#1611,.F.);
#1045=ORIENTED_EDGE('',*,*,#1612,.T.);
#1046=ORIENTED_EDGE('',*,*,#1613,.T.);
#1047=ORIENTED_EDGE('',*,*,#1614,.T.);
#1048=ORIENTED_EDGE('',*,*,#1615,.T.);
#1049=ORIENTED_EDGE('',*,*,#1478,.F.);
#1050=CARTESIAN_POINT('',(6.4643,-6.8707,7.4041));
#1051=DIRECTION('',(1.0,0.0,0.0));
#1052=DIRECTION('',(0.0,1.0,0.0));
#1053=ORIENTED_EDGE('',*,*,#1616,.T.);
#1054=ORIENTED_EDGE('',*,*,#1617,.F.);
#1055=ORIENTED_EDGE('',*,*,#1608,.F.);
#1056=ORIENTED_EDGE('',*,*,#1561,.T.);
#1057=CARTESIAN_POINT('',(6.4643,-6.8707,7.4041));
#1058=DIRECTION('',(1.0,0.0,0.0));
#1059=DIRECTION('',(0.0,1.0,0.0));
#1060=ORIENTED_EDGE('',*,*,#1615,.F.);
#1061=ORIENTED_EDGE('',*,*,#1618,.T.);
#1062=ORIENTED_EDGE('',*,*,#1596,.T.);
#1063=ORIENTED_EDGE('',*,*,#1479,.F.);
#1064=CARTESIAN_POINT('',(6.4643,-4.953,-2.2352));
#1065=DIRECTION('',(0.0,0.0,-1.0));
#1066=DIRECTION('',(0.0,-1.0,0.0));
#1067=ORIENTED_EDGE('',*,*,#1605,.T.);
#1068=ORIENTED_EDGE('',*,*,#1619,.F.);
#1069=ORIENTED_EDGE('',*,*,#1616,.F.);
#1070=ORIENTED_EDGE('',*,*,#1560,.T.);
#1071=CARTESIAN_POINT('',(6.4643,-4.953,-2.2352));
#1072=DIRECTION('',(0.0,0.0,-1.0));
#1073=DIRECTION('',(0.0,-1.0,0.0));
#1074=ORIENTED_EDGE('',*,*,#1597,.T.);
#1075=ORIENTED_EDGE('',*,*,#1618,.F.);
#1076=ORIENTED_EDGE('',*,*,#1614,.F.);
#1077=ORIENTED_EDGE('',*,*,#1620,.T.);
#1078=CARTESIAN_POINT('',(-19.5072,-4.953,0.8255));
#1079=DIRECTION('',(-1.0,0.0,0.0));
#1080=DIRECTION('',(0.0,1.0,0.0));
#1081=ORIENTED_EDGE('',*,*,#1598,.T.);
#1082=ORIENTED_EDGE('',*,*,#1620,.F.);
#1083=ORIENTED_EDGE('',*,*,#1613,.F.);
#1084=ORIENTED_EDGE('',*,*,#1621,.T.);
#1085=CARTESIAN_POINT('',(6.4643,-8.0137,7.4041));
#1086=DIRECTION('',(0.0,-1.0,0.0));
#1087=DIRECTION('',(0.0,0.0,-1.0));
#1088=ORIENTED_EDGE('',*,*,#1612,.F.);
#1089=ORIENTED_EDGE('',*,*,#1622,.F.);
#1090=ORIENTED_EDGE('',*,*,#1599,.F.);
#1091=ORIENTED_EDGE('',*,*,#1621,.F.);
#1092=CARTESIAN_POINT('',(5.8928,-7.4422,7.4041));
#1093=DIRECTION('',(0.0,0.0,-1.0));
#1094=DIRECTION('',(0.0,-1.0,0.0));
#1095=ORIENTED_EDGE('',*,*,#1611,.T.);
#1096=ORIENTED_EDGE('',*,*,#1623,.F.);
#1097=ORIENTED_EDGE('',*,*,#1600,.F.);
#1098=ORIENTED_EDGE('',*,*,#1622,.T.);
#1099=CARTESIAN_POINT('',(5.3213,-6.8707,7.4041));
#1100=DIRECTION('',(-0.0,1.0,0.0));
#1101=DIRECTION('',(1.0,0.0,0.0));
#1102=ORIENTED_EDGE('',*,*,#1610,.T.);
#1103=ORIENTED_EDGE('',*,*,#1606,.F.);
#1104=ORIENTED_EDGE('',*,*,#1601,.F.);
#1105=ORIENTED_EDGE('',*,*,#1623,.T.);
#1106=CARTESIAN_POINT('',(-19.5072,-4.953,0.8255));
#1107=DIRECTION('',(-1.0,0.0,0.0));
#1108=DIRECTION('',(0.0,1.0,0.0));
#1109=ORIENTED_EDGE('',*,*,#1604,.T.);
#1110=ORIENTED_EDGE('',*,*,#1609,.T.);
#1111=ORIENTED_EDGE('',*,*,#1617,.T.);
#1112=ORIENTED_EDGE('',*,*,#1619,.T.);
#1113=CARTESIAN_POINT('',(5.8928,12.7,-1.6637));
#1114=DIRECTION('',(-0.0,1.0,0.0));
#1115=DIRECTION('',(1.0,0.0,0.0));
#1116=ORIENTED_EDGE('',*,*,#1624,.F.);
#1117=ORIENTED_EDGE('',*,*,#1625,.F.);
#1118=ORIENTED_EDGE('',*,*,#1626,.F.);
#1119=ORIENTED_EDGE('',*,*,#1627,.T.);
#1120=ORIENTED_EDGE('',*,*,#1628,.T.);
#1121=ORIENTED_EDGE('',*,*,#1629,.T.);
#1122=ORIENTED_EDGE('',*,*,#1630,.T.);
#1123=ORIENTED_EDGE('',*,*,#1484,.T.);
#1124=CARTESIAN_POINT('',(1.3589,-8.0137,7.4041));
#1125=DIRECTION('',(-1.0,0.0,0.0));
#1126=DIRECTION('',(0.0,0.0,1.0));
#1127=ORIENTED_EDGE('',*,*,#1631,.T.);
#1128=ORIENTED_EDGE('',*,*,#1632,.F.);
#1129=ORIENTED_EDGE('',*,*,#1633,.F.);
#1130=ORIENTED_EDGE('',*,*,#1567,.F.);
#1131=CARTESIAN_POINT('',(1.3589,-8.0137,7.4041));
#1132=DIRECTION('',(-1.0,0.0,0.0));
#1133=DIRECTION('',(0.0,0.0,1.0));
#1134=ORIENTED_EDGE('',*,*,#1630,.F.);
#1135=ORIENTED_EDGE('',*,*,#1634,.T.);
#1136=ORIENTED_EDGE('',*,*,#1635,.T.);
#1137=ORIENTED_EDGE('',*,*,#1481,.F.);
#1138=CARTESIAN_POINT('',(1.3589,-4.953,-1.0922));
#1139=DIRECTION('',(0.0,0.0,1.0));
#1140=DIRECTION('',(1.0,0.0,0.0));
#1141=ORIENTED_EDGE('',*,*,#1636,.T.);
#1142=ORIENTED_EDGE('',*,*,#1637,.F.);
#1143=ORIENTED_EDGE('',*,*,#1631,.F.);
#1144=ORIENTED_EDGE('',*,*,#1566,.T.);
#1145=CARTESIAN_POINT('',(1.3589,-4.953,-1.0922));
#1146=DIRECTION('',(0.0,0.0,1.0));
#1147=DIRECTION('',(1.0,0.0,0.0));
#1148=ORIENTED_EDGE('',*,*,#1635,.F.);
#1149=ORIENTED_EDGE('',*,*,#1638,.F.);
#1150=ORIENTED_EDGE('',*,*,#1639,.F.);
#1151=ORIENTED_EDGE('',*,*,#1640,.T.);
#1152=ORIENTED_EDGE('',*,*,#1641,.T.);
#1153=ORIENTED_EDGE('',*,*,#1642,.T.);
#1154=ORIENTED_EDGE('',*,*,#1643,.T.);
#1155=ORIENTED_EDGE('',*,*,#1482,.F.);
#1156=CARTESIAN_POINT('',(2.5019,-6.8707,7.4041));
#1157=DIRECTION('',(1.0,0.0,0.0));
#1158=DIRECTION('',(0.0,1.0,0.0));
#1159=ORIENTED_EDGE('',*,*,#1644,.T.);
#1160=ORIENTED_EDGE('',*,*,#1645,.F.);
#1161=ORIENTED_EDGE('',*,*,#1636,.F.);
#1162=ORIENTED_EDGE('',*,*,#1565,.T.);
#1163=CARTESIAN_POINT('',(2.5019,-6.8707,7.4041));
#1164=DIRECTION('',(1.0,0.0,0.0));
#1165=DIRECTION('',(0.0,1.0,0.0));
#1166=ORIENTED_EDGE('',*,*,#1643,.F.);
#1167=ORIENTED_EDGE('',*,*,#1646,.T.);
#1168=ORIENTED_EDGE('',*,*,#1624,.T.);
#1169=ORIENTED_EDGE('',*,*,#1483,.F.);
#1170=CARTESIAN_POINT('',(2.5019,-4.953,-2.2352));
#1171=DIRECTION('',(0.0,0.0,-1.0));
#1172=DIRECTION('',(0.0,-1.0,0.0));
#1173=ORIENTED_EDGE('',*,*,#1633,.T.);
#1174=ORIENTED_EDGE('',*,*,#1647,.F.);
#1175=ORIENTED_EDGE('',*,*,#1644,.F.);
#1176=ORIENTED_EDGE('',*,*,#1564,.T.);
#1177=CARTESIAN_POINT('',(2.5019,-4.953,-2.2352));
#1178=DIRECTION('',(0.0,0.0,-1.0));
#1179=DIRECTION('',(0.0,-1.0,0.0));
#1180=ORIENTED_EDGE('',*,*,#1625,.T.);
#1181=ORIENTED_EDGE('',*,*,#1646,.F.);
#1182=ORIENTED_EDGE('',*,*,#1642,.F.);
#1183=ORIENTED_EDGE('',*,*,#1648,.T.);
#1184=CARTESIAN_POINT('',(-23.4696,-4.953,0.8255));
#1185=DIRECTION('',(-1.0,0.0,0.0));
#1186=DIRECTION('',(0.0,1.0,0.0));
#1187=ORIENTED_EDGE('',*,*,#1626,.T.);
#1188=ORIENTED_EDGE('',*,*,#1648,.F.);
#1189=ORIENTED_EDGE('',*,*,#1641,.F.);
#1190=ORIENTED_EDGE('',*,*,#1649,.T.);
#1191=CARTESIAN_POINT('',(2.5019,-8.0137,7.4041));
#1192=DIRECTION('',(0.0,-1.0,0.0));
#1193=DIRECTION('',(0.0,0.0,-1.0));
#1194=ORIENTED_EDGE('',*,*,#1640,.F.);
#1195=ORIENTED_EDGE('',*,*,#1650,.F.);
#1196=ORIENTED_EDGE('',*,*,#1627,.F.);
#1197=ORIENTED_EDGE('',*,*,#1649,.F.);
#1198=CARTESIAN_POINT('',(1.9304,-7.4422,7.4041));
#1199=DIRECTION('',(0.0,0.0,-1.0));
#1200=DIRECTION('',(0.0,-1.0,0.0));
#1201=ORIENTED_EDGE('',*,*,#1639,.T.);
#1202=ORIENTED_EDGE('',*,*,#1651,.F.);
#1203=ORIENTED_EDGE('',*,*,#1628,.F.);
#1204=ORIENTED_EDGE('',*,*,#1650,.T.);
#1205=CARTESIAN_POINT('',(1.3589,-6.8707,7.4041));
#1206=DIRECTION('',(-0.0,1.0,0.0));
#1207=DIRECTION('',(1.0,0.0,0.0));
#1208=ORIENTED_EDGE('',*,*,#1638,.T.);
#1209=ORIENTED_EDGE('',*,*,#1634,.F.);
#1210=ORIENTED_EDGE('',*,*,#1629,.F.);
#1211=ORIENTED_EDGE('',*,*,#1651,.T.);
#1212=CARTESIAN_POINT('',(-23.4696,-4.953,0.8255));
#1213=DIRECTION('',(-1.0,0.0,0.0));
#1214=DIRECTION('',(0.0,1.0,0.0));
#1215=ORIENTED_EDGE('',*,*,#1632,.T.);
#1216=ORIENTED_EDGE('',*,*,#1637,.T.);
#1217=ORIENTED_EDGE('',*,*,#1645,.T.);
#1218=ORIENTED_EDGE('',*,*,#1647,.T.);
#1219=CARTESIAN_POINT('',(1.9304,12.7,-1.6637));
#1220=DIRECTION('',(-0.0,1.0,0.0));
#1221=DIRECTION('',(1.0,0.0,0.0));
#1222=ORIENTED_EDGE('',*,*,#1652,.F.);
#1223=ORIENTED_EDGE('',*,*,#1653,.F.);
#1224=ORIENTED_EDGE('',*,*,#1654,.F.);
#1225=ORIENTED_EDGE('',*,*,#1655,.T.);
#1226=ORIENTED_EDGE('',*,*,#1656,.T.);
#1227=ORIENTED_EDGE('',*,*,#1657,.T.);
#1228=ORIENTED_EDGE('',*,*,#1658,.T.);
#1229=ORIENTED_EDGE('',*,*,#1488,.T.);
#1230=CARTESIAN_POINT('',(-2.6035,-8.0137,7.4041));
#1231=DIRECTION('',(-1.0,0.0,0.0));
#1232=DIRECTION('',(0.0,0.0,1.0));
#1233=ORIENTED_EDGE('',*,*,#1659,.T.);
#1234=ORIENTED_EDGE('',*,*,#1660,.F.);
#1235=ORIENTED_EDGE('',*,*,#1661,.F.);
#1236=ORIENTED_EDGE('',*,*,#1571,.F.);
#1237=CARTESIAN_POINT('',(-2.6035,-8.0137,7.4041));
#1238=DIRECTION('',(-1.0,0.0,0.0));
#1239=DIRECTION('',(0.0,0.0,1.0));
#1240=ORIENTED_EDGE('',*,*,#1658,.F.);
#1241=ORIENTED_EDGE('',*,*,#1662,.T.);
#1242=ORIENTED_EDGE('',*,*,#1663,.T.);
#1243=ORIENTED_EDGE('',*,*,#1485,.F.);
#1244=CARTESIAN_POINT('',(-2.6035,-4.953,-1.0922));
#1245=DIRECTION('',(0.0,0.0,1.0));
#1246=DIRECTION('',(1.0,0.0,0.0));
#1247=ORIENTED_EDGE('',*,*,#1664,.T.);
#1248=ORIENTED_EDGE('',*,*,#1665,.F.);
#1249=ORIENTED_EDGE('',*,*,#1659,.F.);
#1250=ORIENTED_EDGE('',*,*,#1570,.T.);
#1251=CARTESIAN_POINT('',(-2.6035,-4.953,-1.0922));
#1252=DIRECTION('',(0.0,0.0,1.0));
#1253=DIRECTION('',(1.0,0.0,0.0));
#1254=ORIENTED_EDGE('',*,*,#1663,.F.);
#1255=ORIENTED_EDGE('',*,*,#1666,.F.);
#1256=ORIENTED_EDGE('',*,*,#1667,.F.);
#1257=ORIENTED_EDGE('',*,*,#1668,.T.);
#1258=ORIENTED_EDGE('',*,*,#1669,.T.);
#1259=ORIENTED_EDGE('',*,*,#1670,.T.);
#1260=ORIENTED_EDGE('',*,*,#1671,.T.);
#1261=ORIENTED_EDGE('',*,*,#1486,.F.);
#1262=CARTESIAN_POINT('',(-1.4605,-6.8707,7.4041));
#1263=DIRECTION('',(1.0,0.0,0.0));
#1264=DIRECTION('',(0.0,1.0,0.0));
#1265=ORIENTED_EDGE('',*,*,#1672,.T.);
#1266=ORIENTED_EDGE('',*,*,#1673,.F.);
#1267=ORIENTED_EDGE('',*,*,#1664,.F.);
#1268=ORIENTED_EDGE('',*,*,#1569,.T.);
#1269=CARTESIAN_POINT('',(-1.4605,-6.8707,7.4041));
#1270=DIRECTION('',(1.0,0.0,0.0));
#1271=DIRECTION('',(0.0,1.0,0.0));
#1272=ORIENTED_EDGE('',*,*,#1671,.F.);
#1273=ORIENTED_EDGE('',*,*,#1674,.T.);
#1274=ORIENTED_EDGE('',*,*,#1652,.T.);
#1275=ORIENTED_EDGE('',*,*,#1487,.F.);
#1276=CARTESIAN_POINT('',(-1.4605,-4.953,-2.2352));
#1277=DIRECTION('',(0.0,0.0,-1.0));
#1278=DIRECTION('',(0.0,-1.0,0.0));
#1279=ORIENTED_EDGE('',*,*,#1661,.T.);
#1280=ORIENTED_EDGE('',*,*,#1675,.F.);
#1281=ORIENTED_EDGE('',*,*,#1672,.F.);
#1282=ORIENTED_EDGE('',*,*,#1568,.T.);
#1283=CARTESIAN_POINT('',(-1.4605,-4.953,-2.2352));
#1284=DIRECTION('',(0.0,0.0,-1.0));
#1285=DIRECTION('',(0.0,-1.0,0.0));
#1286=ORIENTED_EDGE('',*,*,#1653,.T.);
#1287=ORIENTED_EDGE('',*,*,#1674,.F.);
#1288=ORIENTED_EDGE('',*,*,#1670,.F.);
#1289=ORIENTED_EDGE('',*,*,#1676,.T.);
#1290=CARTESIAN_POINT('',(-27.432,-4.953,0.8255));
#1291=DIRECTION('',(-1.0,0.0,0.0));
#1292=DIRECTION('',(0.0,1.0,0.0));
#1293=ORIENTED_EDGE('',*,*,#1654,.T.);
#1294=ORIENTED_EDGE('',*,*,#1676,.F.);
#1295=ORIENTED_EDGE('',*,*,#1669,.F.);
#1296=ORIENTED_EDGE('',*,*,#1677,.T.);
#1297=CARTESIAN_POINT('',(-1.4605,-8.0137,7.4041));
#1298=DIRECTION('',(0.0,-1.0,0.0));
#1299=DIRECTION('',(0.0,0.0,-1.0));
#1300=ORIENTED_EDGE('',*,*,#1668,.F.);
#1301=ORIENTED_EDGE('',*,*,#1678,.F.);
#1302=ORIENTED_EDGE('',*,*,#1655,.F.);
#1303=ORIENTED_EDGE('',*,*,#1677,.F.);
#1304=CARTESIAN_POINT('',(-2.032,-7.4422,7.4041));
#1305=DIRECTION('',(0.0,0.0,-1.0));
#1306=DIRECTION('',(0.0,-1.0,0.0));
#1307=ORIENTED_EDGE('',*,*,#1667,.T.);
#1308=ORIENTED_EDGE('',*,*,#1679,.F.);
#1309=ORIENTED_EDGE('',*,*,#1656,.F.);
#1310=ORIENTED_EDGE('',*,*,#1678,.T.);
#1311=CARTESIAN_POINT('',(-2.6035,-6.8707,7.4041));
#1312=DIRECTION('',(-0.0,1.0,0.0));
#1313=DIRECTION('',(1.0,0.0,0.0));
#1314=ORIENTED_EDGE('',*,*,#1666,.T.);
#1315=ORIENTED_EDGE('',*,*,#1662,.F.);
#1316=ORIENTED_EDGE('',*,*,#1657,.F.);
#1317=ORIENTED_EDGE('',*,*,#1679,.T.);
#1318=CARTESIAN_POINT('',(-27.432,-4.953,0.8255));
#1319=DIRECTION('',(-1.0,0.0,0.0));
#1320=DIRECTION('',(0.0,1.0,0.0));
#1321=ORIENTED_EDGE('',*,*,#1660,.T.);
#1322=ORIENTED_EDGE('',*,*,#1665,.T.);
#1323=ORIENTED_EDGE('',*,*,#1673,.T.);
#1324=ORIENTED_EDGE('',*,*,#1675,.T.);
#1325=CARTESIAN_POINT('',(-2.032,12.7,-1.6637));
#1326=DIRECTION('',(-0.0,1.0,0.0));
#1327=DIRECTION('',(1.0,0.0,0.0));
#1328=ORIENTED_EDGE('',*,*,#1680,.F.);
#1329=ORIENTED_EDGE('',*,*,#1681,.F.);
#1330=ORIENTED_EDGE('',*,*,#1682,.F.);
#1331=ORIENTED_EDGE('',*,*,#1683,.T.);
#1332=ORIENTED_EDGE('',*,*,#1684,.T.);
#1333=ORIENTED_EDGE('',*,*,#1685,.T.);
#1334=ORIENTED_EDGE('',*,*,#1686,.T.);
#1335=ORIENTED_EDGE('',*,*,#1492,.T.);
#1336=CARTESIAN_POINT('',(-6.5659,-8.0137,7.4041));
#1337=DIRECTION('',(-1.0,0.0,0.0));
#1338=DIRECTION('',(0.0,0.0,1.0));
#1339=ORIENTED_EDGE('',*,*,#1687,.T.);
#1340=ORIENTED_EDGE('',*,*,#1688,.F.);
#1341=ORIENTED_EDGE('',*,*,#1689,.F.);
#1342=ORIENTED_EDGE('',*,*,#1575,.F.);
#1343=CARTESIAN_POINT('',(-6.5659,-8.0137,7.4041));
#1344=DIRECTION('',(-1.0,0.0,0.0));
#1345=DIRECTION('',(0.0,0.0,1.0));
#1346=ORIENTED_EDGE('',*,*,#1686,.F.);
#1347=ORIENTED_EDGE('',*,*,#1690,.T.);
#1348=ORIENTED_EDGE('',*,*,#1691,.T.);
#1349=ORIENTED_EDGE('',*,*,#1489,.F.);
#1350=CARTESIAN_POINT('',(-6.5659,-4.953,-1.0922));
#1351=DIRECTION('',(0.0,0.0,1.0));
#1352=DIRECTION('',(1.0,0.0,0.0));
#1353=ORIENTED_EDGE('',*,*,#1692,.T.);
#1354=ORIENTED_EDGE('',*,*,#1693,.F.);
#1355=ORIENTED_EDGE('',*,*,#1687,.F.);
#1356=ORIENTED_EDGE('',*,*,#1574,.T.);
#1357=CARTESIAN_POINT('',(-6.5659,-4.953,-1.0922));
#1358=DIRECTION('',(0.0,0.0,1.0));
#1359=DIRECTION('',(1.0,0.0,0.0));
#1360=ORIENTED_EDGE('',*,*,#1691,.F.);
#1361=ORIENTED_EDGE('',*,*,#1694,.F.);
#1362=ORIENTED_EDGE('',*,*,#1695,.F.);
#1363=ORIENTED_EDGE('',*,*,#1696,.T.);
#1364=ORIENTED_EDGE('',*,*,#1697,.T.);
#1365=ORIENTED_EDGE('',*,*,#1698,.T.);
#1366=ORIENTED_EDGE('',*,*,#1699,.T.);
#1367=ORIENTED_EDGE('',*,*,#1490,.F.);
#1368=CARTESIAN_POINT('',(-5.4229,-6.8707,7.4041));
#1369=DIRECTION('',(1.0,0.0,0.0));
#1370=DIRECTION('',(0.0,1.0,0.0));
#1371=ORIENTED_EDGE('',*,*,#1700,.T.);
#1372=ORIENTED_EDGE('',*,*,#1701,.F.);
#1373=ORIENTED_EDGE('',*,*,#1692,.F.);
#1374=ORIENTED_EDGE('',*,*,#1573,.T.);
#1375=CARTESIAN_POINT('',(-5.4229,-6.8707,7.4041));
#1376=DIRECTION('',(1.0,0.0,0.0));
#1377=DIRECTION('',(0.0,1.0,0.0));
#1378=ORIENTED_EDGE('',*,*,#1699,.F.);
#1379=ORIENTED_EDGE('',*,*,#1702,.T.);
#1380=ORIENTED_EDGE('',*,*,#1680,.T.);
#1381=ORIENTED_EDGE('',*,*,#1491,.F.);
#1382=CARTESIAN_POINT('',(-5.4229,-4.953,-2.2352));
#1383=DIRECTION('',(0.0,0.0,-1.0));
#1384=DIRECTION('',(0.0,-1.0,0.0));
#1385=ORIENTED_EDGE('',*,*,#1689,.T.);
#1386=ORIENTED_EDGE('',*,*,#1703,.F.);
#1387=ORIENTED_EDGE('',*,*,#1700,.F.);
#1388=ORIENTED_EDGE('',*,*,#1572,.T.);
#1389=CARTESIAN_POINT('',(-5.4229,-4.953,-2.2352));
#1390=DIRECTION('',(0.0,0.0,-1.0));
#1391=DIRECTION('',(0.0,-1.0,0.0));
#1392=ORIENTED_EDGE('',*,*,#1681,.T.);
#1393=ORIENTED_EDGE('',*,*,#1702,.F.);
#1394=ORIENTED_EDGE('',*,*,#1698,.F.);
#1395=ORIENTED_EDGE('',*,*,#1704,.T.);
#1396=CARTESIAN_POINT('',(-31.3944,-4.953,0.8255));
#1397=DIRECTION('',(-1.0,0.0,0.0));
#1398=DIRECTION('',(0.0,1.0,0.0));
#1399=ORIENTED_EDGE('',*,*,#1682,.T.);
#1400=ORIENTED_EDGE('',*,*,#1704,.F.);
#1401=ORIENTED_EDGE('',*,*,#1697,.F.);
#1402=ORIENTED_EDGE('',*,*,#1705,.T.);
#1403=CARTESIAN_POINT('',(-5.4229,-8.0137,7.4041));
#1404=DIRECTION('',(0.0,-1.0,0.0));
#1405=DIRECTION('',(0.0,0.0,-1.0));
#1406=ORIENTED_EDGE('',*,*,#1696,.F.);
#1407=ORIENTED_EDGE('',*,*,#1706,.F.);
#1408=ORIENTED_EDGE('',*,*,#1683,.F.);
#1409=ORIENTED_EDGE('',*,*,#1705,.F.);
#1410=CARTESIAN_POINT('',(-5.9944,-7.4422,7.4041));
#1411=DIRECTION('',(0.0,0.0,-1.0));
#1412=DIRECTION('',(0.0,-1.0,0.0));
#1413=ORIENTED_EDGE('',*,*,#1695,.T.);
#1414=ORIENTED_EDGE('',*,*,#1707,.F.);
#1415=ORIENTED_EDGE('',*,*,#1684,.F.);
#1416=ORIENTED_EDGE('',*,*,#1706,.T.);
#1417=CARTESIAN_POINT('',(-6.5659,-6.8707,7.4041));
#1418=DIRECTION('',(-0.0,1.0,0.0));
#1419=DIRECTION('',(1.0,0.0,0.0));
#1420=ORIENTED_EDGE('',*,*,#1694,.T.);
#1421=ORIENTED_EDGE('',*,*,#1690,.F.);
#1422=ORIENTED_EDGE('',*,*,#1685,.F.);
#1423=ORIENTED_EDGE('',*,*,#1707,.T.);
#1424=CARTESIAN_POINT('',(-31.3944,-4.953,0.8255));
#1425=DIRECTION('',(-1.0,0.0,0.0));
#1426=DIRECTION('',(0.0,1.0,0.0));
#1427=ORIENTED_EDGE('',*,*,#1688,.T.);
#1428=ORIENTED_EDGE('',*,*,#1693,.T.);
#1429=ORIENTED_EDGE('',*,*,#1701,.T.);
#1430=ORIENTED_EDGE('',*,*,#1703,.T.);
#1431=CARTESIAN_POINT('',(-5.9944,12.7,-1.6637));
#1432=DIRECTION('',(-0.0,1.0,0.0));
#1433=DIRECTION('',(1.0,0.0,0.0));
#1434=AXIS2_PLACEMENT_3D('',#1708,#1709,#1710);
#1435=AXIS2_PLACEMENT_3D('',#1711,#1712,#1713);
#1436=AXIS2_PLACEMENT_3D('',#1714,#1715,#1716);
#1437=AXIS2_PLACEMENT_3D('',#1717,#1718,#1719);
#1438=AXIS2_PLACEMENT_3D('',#1720,#1721,#1722);
#1439=AXIS2_PLACEMENT_3D('',#1723,#1724,#1725);
#1440=AXIS2_PLACEMENT_3D('',#1726,#1727,#1728);
#1441=AXIS2_PLACEMENT_3D('',#1729,#1730,#1731);
#1442=EDGE_CURVE('',#1732,#1733,#1734,.T.);
#1443=EDGE_CURVE('',#1735,#1732,#1736,.T.);
#1444=EDGE_CURVE('',#1735,#1737,#1738,.T.);
#1445=EDGE_CURVE('',#1737,#1733,#1739,.T.);
#1446=EDGE_CURVE('',#1740,#1741,#1742,.T.);
#1447=EDGE_CURVE('',#1743,#1740,#1744,.T.);
#1448=EDGE_CURVE('',#1745,#1743,#1746,.T.);
#1449=EDGE_CURVE('',#1747,#1745,#1748,.T.);
#1450=EDGE_CURVE('',#1749,#1747,#1750,.T.);
#1451=EDGE_CURVE('',#1751,#1749,#1752,.T.);
#1452=EDGE_CURVE('',#1753,#1751,#1754,.T.);
#1453=EDGE_CURVE('',#1755,#1753,#1756,.T.);
#1454=EDGE_CURVE('',#1757,#1755,#1758,.T.);
#1455=EDGE_CURVE('',#1741,#1757,#1759,.T.);
#1456=EDGE_CURVE('',#1760,#1761,#1762,.T.);
#1457=EDGE_CURVE('',#1763,#1761,#1764,.T.);
#1458=EDGE_CURVE('',#1765,#1763,#1766,.T.);
#1459=EDGE_CURVE('',#1767,#1765,#1768,.T.);
#1460=EDGE_CURVE('',#1767,#1769,#1770,.T.);
#1461=EDGE_CURVE('',#1769,#1771,#1772,.T.);
#1462=EDGE_CURVE('',#1773,#1771,#1774,.T.);
#1463=EDGE_CURVE('',#1775,#1773,#1776,.T.);
#1464=EDGE_CURVE('',#1775,#1777,#1778,.T.);
#1465=EDGE_CURVE('',#1777,#1779,#1780,.T.);
#1466=EDGE_CURVE('',#1781,#1779,#1782,.T.);
#1467=EDGE_CURVE('',#1783,#1781,#1784,.T.);
#1468=EDGE_CURVE('',#1783,#1785,#1786,.T.);
#1469=EDGE_CURVE('',#1785,#1787,#1788,.T.);
#1470=EDGE_CURVE('',#1789,#1787,#1790,.T.);
#1471=EDGE_CURVE('',#1791,#1789,#1792,.T.);
#1472=EDGE_CURVE('',#1791,#1793,#1794,.T.);
#1473=EDGE_CURVE('',#1793,#1795,#1796,.T.);
#1474=EDGE_CURVE('',#1741,#1795,#1797,.T.);
#1475=EDGE_CURVE('',#1757,#1798,#1799,.T.);
#1476=EDGE_CURVE('',#1798,#1760,#1800,.T.);
#1477=EDGE_CURVE('',#1801,#1802,#1803,.T.);
#1478=EDGE_CURVE('',#1802,#1804,#1805,.T.);
#1479=EDGE_CURVE('',#1804,#1806,#1807,.T.);
#1480=EDGE_CURVE('',#1801,#1806,#1808,.T.);
#1481=EDGE_CURVE('',#1809,#1810,#1811,.T.);
#1482=EDGE_CURVE('',#1810,#1812,#1813,.T.);
#1483=EDGE_CURVE('',#1812,#1814,#1815,.T.);
#1484=EDGE_CURVE('',#1809,#1814,#1816,.T.);
#1485=EDGE_CURVE('',#1817,#1818,#1819,.T.);
#1486=EDGE_CURVE('',#1818,#1820,#1821,.T.);
#1487=EDGE_CURVE('',#1820,#1822,#1823,.T.);
#1488=EDGE_CURVE('',#1817,#1822,#1824,.T.);
#1489=EDGE_CURVE('',#1825,#1826,#1827,.T.);
#1490=EDGE_CURVE('',#1826,#1828,#1829,.T.);
#1491=EDGE_CURVE('',#1828,#1830,#1831,.T.);
#1492=EDGE_CURVE('',#1825,#1830,#1832,.T.);
#1493=EDGE_CURVE('',#1798,#1833,#1834,.T.);
#1494=EDGE_CURVE('',#1835,#1833,#1836,.T.);
#1495=EDGE_CURVE('',#1760,#1835,#1837,.T.);
#1496=EDGE_CURVE('',#1835,#1838,#1839,.T.);
#1497=EDGE_CURVE('',#1838,#1840,#1841,.T.);
#1498=EDGE_CURVE('',#1840,#1842,#1843,.T.);
#1499=EDGE_CURVE('',#1842,#1844,#1845,.T.);
#1500=EDGE_CURVE('',#1844,#1735,#1846,.T.);
#1501=EDGE_CURVE('',#1732,#1847,#1848,.T.);
#1502=EDGE_CURVE('',#1847,#1849,#1850,.T.);
#1503=EDGE_CURVE('',#1849,#1851,#1852,.T.);
#1504=EDGE_CURVE('',#1851,#1853,#1854,.T.);
#1505=EDGE_CURVE('',#1853,#1855,#1856,.T.);
#1506=EDGE_CURVE('',#1855,#1857,#1858,.T.);
#1507=EDGE_CURVE('',#1760,#1857,#1859,.T.);
#1508=EDGE_CURVE('',#1857,#1860,#1861,.T.);
#1509=EDGE_CURVE('',#1761,#1860,#1862,.T.);
#1510=EDGE_CURVE('',#1755,#1863,#1864,.T.);
#1511=EDGE_CURVE('',#1798,#1863,#1865,.T.);
#1512=EDGE_CURVE('',#1860,#1866,#1867,.T.);
#1513=EDGE_CURVE('',#1866,#1868,#1869,.T.);
#1514=EDGE_CURVE('',#1868,#1870,#1871,.T.);
#1515=EDGE_CURVE('',#1870,#1872,#1873,.T.);
#1516=EDGE_CURVE('',#1872,#1874,#1875,.T.);
#1517=EDGE_CURVE('',#1874,#1876,#1877,.T.);
#1518=EDGE_CURVE('',#1876,#1878,#1879,.T.);
#1519=EDGE_CURVE('',#1878,#1763,#1880,.T.);
#1520=EDGE_CURVE('',#1881,#1878,#1882,.T.);
#1521=EDGE_CURVE('',#1881,#1765,#1883,.T.);
#1522=EDGE_CURVE('',#1884,#1771,#1885,.T.);
#1523=EDGE_CURVE('',#1886,#1884,#1887,.T.);
#1524=EDGE_CURVE('',#1886,#1773,#1888,.T.);
#1525=EDGE_CURVE('',#1889,#1779,#1890,.T.);
#1526=EDGE_CURVE('',#1891,#1889,#1892,.T.);
#1527=EDGE_CURVE('',#1891,#1781,#1893,.T.);
#1528=EDGE_CURVE('',#1740,#1894,#1895,.T.);
#1529=EDGE_CURVE('',#1894,#1795,#1896,.T.);
#1530=EDGE_CURVE('',#1897,#1787,#1898,.T.);
#1531=EDGE_CURVE('',#1899,#1897,#1900,.T.);
#1532=EDGE_CURVE('',#1899,#1789,#1901,.T.);
#1533=EDGE_CURVE('',#1902,#1881,#1903,.T.);
#1534=EDGE_CURVE('',#1902,#1767,#1904,.T.);
#1535=EDGE_CURVE('',#1905,#1791,#1906,.T.);
#1536=EDGE_CURVE('',#1905,#1907,#1908,.T.);
#1537=EDGE_CURVE('',#1907,#1785,#1909,.T.);
#1538=EDGE_CURVE('',#1910,#1783,#1911,.T.);
#1539=EDGE_CURVE('',#1910,#1912,#1913,.T.);
#1540=EDGE_CURVE('',#1912,#1777,#1914,.T.);
#1541=EDGE_CURVE('',#1915,#1775,#1916,.T.);
#1542=EDGE_CURVE('',#1915,#1917,#1918,.T.);
#1543=EDGE_CURVE('',#1917,#1769,#1919,.T.);
#1544=EDGE_CURVE('',#1902,#1876,#1920,.T.);
#1545=EDGE_CURVE('',#1745,#1874,#1921,.T.);
#1546=EDGE_CURVE('',#1743,#1922,#1923,.T.);
#1547=EDGE_CURVE('',#1922,#1793,#1924,.T.);
#1548=EDGE_CURVE('',#1922,#1894,#1925,.T.);
#1549=EDGE_CURVE('',#1917,#1884,#1926,.T.);
#1550=EDGE_CURVE('',#1915,#1886,#1927,.T.);
#1551=EDGE_CURVE('',#1912,#1889,#1928,.T.);
#1552=EDGE_CURVE('',#1910,#1891,#1929,.T.);
#1553=EDGE_CURVE('',#1907,#1897,#1930,.T.);
#1554=EDGE_CURVE('',#1905,#1899,#1931,.T.);
#1555=EDGE_CURVE('',#1747,#1872,#1932,.T.);
#1556=EDGE_CURVE('',#1749,#1870,#1933,.T.);
#1557=EDGE_CURVE('',#1751,#1868,#1934,.T.);
#1558=EDGE_CURVE('',#1753,#1866,#1935,.T.);
#1559=EDGE_CURVE('',#1863,#1857,#1936,.T.);
#1560=EDGE_CURVE('',#1937,#1938,#1939,.T.);
#1561=EDGE_CURVE('',#1940,#1937,#1941,.T.);
#1562=EDGE_CURVE('',#1942,#1940,#1943,.T.);
#1563=EDGE_CURVE('',#1942,#1938,#1944,.T.);
#1564=EDGE_CURVE('',#1945,#1946,#1947,.T.);
#1565=EDGE_CURVE('',#1948,#1945,#1949,.T.);
#1566=EDGE_CURVE('',#1950,#1948,#1951,.T.);
#1567=EDGE_CURVE('',#1950,#1946,#1952,.T.);
#1568=EDGE_CURVE('',#1953,#1954,#1955,.T.);
#1569=EDGE_CURVE('',#1956,#1953,#1957,.T.);
#1570=EDGE_CURVE('',#1958,#1956,#1959,.T.);
#1571=EDGE_CURVE('',#1958,#1954,#1960,.T.);
#1572=EDGE_CURVE('',#1961,#1962,#1963,.T.);
#1573=EDGE_CURVE('',#1964,#1961,#1965,.T.);
#1574=EDGE_CURVE('',#1966,#1964,#1967,.T.);
#1575=EDGE_CURVE('',#1966,#1962,#1968,.T.);
#1576=EDGE_CURVE('',#1855,#1969,#1970,.T.);
#1577=EDGE_CURVE('',#1969,#1863,#1971,.T.);
#1578=EDGE_CURVE('',#1972,#1969,#1973,.T.);
#1579=EDGE_CURVE('',#1974,#1972,#1975,.T.);
#1580=EDGE_CURVE('',#1976,#1974,#1977,.T.);
#1581=EDGE_CURVE('',#1978,#1976,#1979,.T.);
#1582=EDGE_CURVE('',#1733,#1978,#1980,.T.);
#1583=EDGE_CURVE('',#1981,#1737,#1982,.T.);
#1584=EDGE_CURVE('',#1983,#1981,#1984,.T.);
#1585=EDGE_CURVE('',#1985,#1983,#1986,.T.);
#1586=EDGE_CURVE('',#1987,#1985,#1988,.T.);
#1587=EDGE_CURVE('',#1833,#1987,#1989,.T.);
#1588=EDGE_CURVE('',#1838,#1987,#1990,.T.);
#1589=EDGE_CURVE('',#1840,#1985,#1991,.T.);
#1590=EDGE_CURVE('',#1842,#1983,#1992,.T.);
#1591=EDGE_CURVE('',#1844,#1981,#1993,.T.);
#1592=EDGE_CURVE('',#1847,#1978,#1994,.T.);
#1593=EDGE_CURVE('',#1849,#1976,#1995,.T.);
#1594=EDGE_CURVE('',#1851,#1974,#1996,.T.);
#1595=EDGE_CURVE('',#1853,#1972,#1997,.T.);
#1596=EDGE_CURVE('',#1998,#1806,#1999,.T.);
#1597=EDGE_CURVE('',#2000,#1998,#2001,.T.);
#1598=EDGE_CURVE('',#2002,#2000,#2003,.T.);
#1599=EDGE_CURVE('',#2002,#2004,#2005,.T.);
#1600=EDGE_CURVE('',#2004,#2006,#2007,.T.);
#1601=EDGE_CURVE('',#2006,#2008,#2009,.T.);
#1602=EDGE_CURVE('',#2008,#1801,#2010,.T.);
#1603=EDGE_CURVE('',#1942,#2011,#2012,.T.);
#1604=EDGE_CURVE('',#2013,#2011,#2014,.T.);
#1605=EDGE_CURVE('',#1938,#2013,#2015,.T.);
#1606=EDGE_CURVE('',#2008,#2016,#2017,.T.);
#1607=EDGE_CURVE('',#2016,#1802,#2018,.T.);
#1608=EDGE_CURVE('',#1940,#2019,#2020,.T.);
#1609=EDGE_CURVE('',#2011,#2019,#2021,.T.);
#1610=EDGE_CURVE('',#2022,#2016,#2023,.T.);
#1611=EDGE_CURVE('',#2024,#2022,#2025,.T.);
#1612=EDGE_CURVE('',#2024,#2026,#2027,.T.);
#1613=EDGE_CURVE('',#2026,#2028,#2029,.T.);
#1614=EDGE_CURVE('',#2028,#2030,#2031,.T.);
#1615=EDGE_CURVE('',#2030,#1804,#2032,.T.);
#1616=EDGE_CURVE('',#1937,#2033,#2034,.T.);
#1617=EDGE_CURVE('',#2019,#2033,#2035,.T.);
#1618=EDGE_CURVE('',#2030,#1998,#2036,.T.);
#1619=EDGE_CURVE('',#2033,#2013,#2037,.T.);
#1620=EDGE_CURVE('',#2028,#2000,#2038,.T.);
#1621=EDGE_CURVE('',#2026,#2002,#2039,.T.);
#1622=EDGE_CURVE('',#2004,#2024,#2040,.T.);
#1623=EDGE_CURVE('',#2006,#2022,#2041,.T.);
#1624=EDGE_CURVE('',#2042,#1814,#2043,.T.);
#1625=EDGE_CURVE('',#2044,#2042,#2045,.T.);
#1626=EDGE_CURVE('',#2046,#2044,#2047,.T.);
#1627=EDGE_CURVE('',#2046,#2048,#2049,.T.);
#1628=EDGE_CURVE('',#2048,#2050,#2051,.T.);
#1629=EDGE_CURVE('',#2050,#2052,#2053,.T.);
#1630=EDGE_CURVE('',#2052,#1809,#2054,.T.);
#1631=EDGE_CURVE('',#1950,#2055,#2056,.T.);
#1632=EDGE_CURVE('',#2057,#2055,#2058,.T.);
#1633=EDGE_CURVE('',#1946,#2057,#2059,.T.);
#1634=EDGE_CURVE('',#2052,#2060,#2061,.T.);
#1635=EDGE_CURVE('',#2060,#1810,#2062,.T.);
#1636=EDGE_CURVE('',#1948,#2063,#2064,.T.);
#1637=EDGE_CURVE('',#2055,#2063,#2065,.T.);
#1638=EDGE_CURVE('',#2066,#2060,#2067,.T.);
#1639=EDGE_CURVE('',#2068,#2066,#2069,.T.);
#1640=EDGE_CURVE('',#2068,#2070,#2071,.T.);
#1641=EDGE_CURVE('',#2070,#2072,#2073,.T.);
#1642=EDGE_CURVE('',#2072,#2074,#2075,.T.);
#1643=EDGE_CURVE('',#2074,#1812,#2076,.T.);
#1644=EDGE_CURVE('',#1945,#2077,#2078,.T.);
#1645=EDGE_CURVE('',#2063,#2077,#2079,.T.);
#1646=EDGE_CURVE('',#2074,#2042,#2080,.T.);
#1647=EDGE_CURVE('',#2077,#2057,#2081,.T.);
#1648=EDGE_CURVE('',#2072,#2044,#2082,.T.);
#1649=EDGE_CURVE('',#2070,#2046,#2083,.T.);
#1650=EDGE_CURVE('',#2048,#2068,#2084,.T.);
#1651=EDGE_CURVE('',#2050,#2066,#2085,.T.);
#1652=EDGE_CURVE('',#2086,#1822,#2087,.T.);
#1653=EDGE_CURVE('',#2088,#2086,#2089,.T.);
#1654=EDGE_CURVE('',#2090,#2088,#2091,.T.);
#1655=EDGE_CURVE('',#2090,#2092,#2093,.T.);
#1656=EDGE_CURVE('',#2092,#2094,#2095,.T.);
#1657=EDGE_CURVE('',#2094,#2096,#2097,.T.);
#1658=EDGE_CURVE('',#2096,#1817,#2098,.T.);
#1659=EDGE_CURVE('',#1958,#2099,#2100,.T.);
#1660=EDGE_CURVE('',#2101,#2099,#2102,.T.);
#1661=EDGE_CURVE('',#1954,#2101,#2103,.T.);
#1662=EDGE_CURVE('',#2096,#2104,#2105,.T.);
#1663=EDGE_CURVE('',#2104,#1818,#2106,.T.);
#1664=EDGE_CURVE('',#1956,#2107,#2108,.T.);
#1665=EDGE_CURVE('',#2099,#2107,#2109,.T.);
#1666=EDGE_CURVE('',#2110,#2104,#2111,.T.);
#1667=EDGE_CURVE('',#2112,#2110,#2113,.T.);
#1668=EDGE_CURVE('',#2112,#2114,#2115,.T.);
#1669=EDGE_CURVE('',#2114,#2116,#2117,.T.);
#1670=EDGE_CURVE('',#2116,#2118,#2119,.T.);
#1671=EDGE_CURVE('',#2118,#1820,#2120,.T.);
#1672=EDGE_CURVE('',#1953,#2121,#2122,.T.);
#1673=EDGE_CURVE('',#2107,#2121,#2123,.T.);
#1674=EDGE_CURVE('',#2118,#2086,#2124,.T.);
#1675=EDGE_CURVE('',#2121,#2101,#2125,.T.);
#1676=EDGE_CURVE('',#2116,#2088,#2126,.T.);
#1677=EDGE_CURVE('',#2114,#2090,#2127,.T.);
#1678=EDGE_CURVE('',#2092,#2112,#2128,.T.);
#1679=EDGE_CURVE('',#2094,#2110,#2129,.T.);
#1680=EDGE_CURVE('',#2130,#1830,#2131,.T.);
#1681=EDGE_CURVE('',#2132,#2130,#2133,.T.);
#1682=EDGE_CURVE('',#2134,#2132,#2135,.T.);
#1683=EDGE_CURVE('',#2134,#2136,#2137,.T.);
#1684=EDGE_CURVE('',#2136,#2138,#2139,.T.);
#1685=EDGE_CURVE('',#2138,#2140,#2141,.T.);
#1686=EDGE_CURVE('',#2140,#1825,#2142,.T.);
#1687=EDGE_CURVE('',#1966,#2143,#2144,.T.);
#1688=EDGE_CURVE('',#2145,#2143,#2146,.T.);
#1689=EDGE_CURVE('',#1962,#2145,#2147,.T.);
#1690=EDGE_CURVE('',#2140,#2148,#2149,.T.);
#1691=EDGE_CURVE('',#2148,#1826,#2150,.T.);
#1692=EDGE_CURVE('',#1964,#2151,#2152,.T.);
#1693=EDGE_CURVE('',#2143,#2151,#2153,.T.);
#1694=EDGE_CURVE('',#2154,#2148,#2155,.T.);
#1695=EDGE_CURVE('',#2156,#2154,#2157,.T.);
#1696=EDGE_CURVE('',#2156,#2158,#2159,.T.);
#1697=EDGE_CURVE('',#2158,#2160,#2161,.T.);
#1698=EDGE_CURVE('',#2160,#2162,#2163,.T.);
#1699=EDGE_CURVE('',#2162,#1828,#2164,.T.);
#1700=EDGE_CURVE('',#1961,#2165,#2166,.T.);
#1701=EDGE_CURVE('',#2151,#2165,#2167,.T.);
#1702=EDGE_CURVE('',#2162,#2130,#2168,.T.);
#1703=EDGE_CURVE('',#2165,#2145,#2169,.T.);
#1704=EDGE_CURVE('',#2160,#2132,#2170,.T.);
#1705=EDGE_CURVE('',#2158,#2134,#2171,.T.);
#1706=EDGE_CURVE('',#2136,#2156,#2172,.T.);
#1707=EDGE_CURVE('',#2138,#2154,#2173,.T.);
#1708=CARTESIAN_POINT('',(5.9436,-7.3152,3.4417));
#1709=DIRECTION('',(0.0,0.0,1.0));
#1710=DIRECTION('',(1.0,0.0,0.0));
#1711=CARTESIAN_POINT('',(5.9436,-7.3152,3.4417));
#1712=DIRECTION('',(0.0,0.0,1.0));
#1713=DIRECTION('',(-1.0,0.0,0.0));
#1714=CARTESIAN_POINT('',(1.9812,-7.3152,3.4417));
#1715=DIRECTION('',(0.0,0.0,1.0));
#1716=DIRECTION('',(1.0,0.0,0.0));
#1717=CARTESIAN_POINT('',(1.9812,-7.3152,3.4417));
#1718=DIRECTION('',(0.0,0.0,1.0));
#1719=DIRECTION('',(-1.0,0.0,0.0));
#1720=CARTESIAN_POINT('',(-1.9812,-7.3152,3.4417));
#1721=DIRECTION('',(0.0,0.0,1.0));
#1722=DIRECTION('',(1.0,0.0,0.0));
#1723=CARTESIAN_POINT('',(-1.9812,-7.3152,3.4417));
#1724=DIRECTION('',(0.0,0.0,1.0));
#1725=DIRECTION('',(-1.0,0.0,0.0));
#1726=CARTESIAN_POINT('',(-5.9436,-7.3152,3.4417));
#1727=DIRECTION('',(0.0,0.0,1.0));
#1728=DIRECTION('',(1.0,0.0,0.0));
#1729=CARTESIAN_POINT('',(-5.9436,-7.3152,3.4417));
#1730=DIRECTION('',(0.0,0.0,1.0));
#1731=DIRECTION('',(-1.0,0.0,0.0));
#1732=VERTEX_POINT('',#2174);
#1733=VERTEX_POINT('',#2175);
#1734=LINE('',#2176,#2177);
#1735=VERTEX_POINT('',#2178);
#1736=CIRCLE('',#2179,1.905);
#1737=VERTEX_POINT('',#2180);
#1738=LINE('',#2181,#2182);
#1739=CIRCLE('',#2183,1.905);
#1740=VERTEX_POINT('',#2184);
#1741=VERTEX_POINT('',#2185);
#1742=LINE('',#2186,#2187);
#1743=VERTEX_POINT('',#2188);
#1744=LINE('',#2189,#2190);
#1745=VERTEX_POINT('',#2191);
#1746=LINE('',#2192,#2193);
#1747=VERTEX_POINT('',#2194);
#1748=LINE('',#2195,#2196);
#1749=VERTEX_POINT('',#2197);
#1750=LINE('',#2198,#2199);
#1751=VERTEX_POINT('',#2200);
#1752=LINE('',#2201,#2202);
#1753=VERTEX_POINT('',#2203);
#1754=LINE('',#2204,#2205);
#1755=VERTEX_POINT('',#2206);
#1756=LINE('',#2207,#2208);
#1757=VERTEX_POINT('',#2209);
#1758=LINE('',#2210,#2211);
#1759=LINE('',#2212,#2213);
#1760=VERTEX_POINT('',#2214);
#1761=VERTEX_POINT('',#2215);
#1762=LINE('',#2216,#2217);
#1763=VERTEX_POINT('',#2218);
#1764=LINE('',#2219,#2220);
#1765=VERTEX_POINT('',#2221);
#1766=LINE('',#2222,#2223);
#1767=VERTEX_POINT('',#2224);
#1768=LINE('',#2225,#2226);
#1769=VERTEX_POINT('',#2227);
#1770=LINE('',#2228,#2229);
#1771=VERTEX_POINT('',#2230);
#1772=LINE('',#2231,#2232);
#1773=VERTEX_POINT('',#2233);
#1774=LINE('',#2234,#2235);
#1775=VERTEX_POINT('',#2236);
#1776=LINE('',#2237,#2238);
#1777=VERTEX_POINT('',#2239);
#1778=LINE('',#2240,#2241);
#1779=VERTEX_POINT('',#2242);
#1780=LINE('',#2243,#2244);
#1781=VERTEX_POINT('',#2245);
#1782=LINE('',#2246,#2247);
#1783=VERTEX_POINT('',#2248);
#1784=LINE('',#2249,#2250);
#1785=VERTEX_POINT('',#2251);
#1786=LINE('',#2252,#2253);
#1787=VERTEX_POINT('',#2254);
#1788=LINE('',#2255,#2256);
#1789=VERTEX_POINT('',#2257);
#1790=LINE('',#2258,#2259);
#1791=VERTEX_POINT('',#2260);
#1792=LINE('',#2261,#2262);
#1793=VERTEX_POINT('',#2263);
#1794=LINE('',#2264,#2265);
#1795=VERTEX_POINT('',#2266);
#1796=LINE('',#2267,#2268);
#1797=LINE('',#2269,#2270);
#1798=VERTEX_POINT('',#2271);
#1799=LINE('',#2272,#2273);
#1800=LINE('',#2274,#2275);
#1801=VERTEX_POINT('',#2276);
#1802=VERTEX_POINT('',#2277);
#1803=LINE('',#2278,#2279);
#1804=VERTEX_POINT('',#2280);
#1805=LINE('',#2281,#2282);
#1806=VERTEX_POINT('',#2283);
#1807=LINE('',#2284,#2285);
#1808=LINE('',#2286,#2287);
#1809=VERTEX_POINT('',#2288);
#1810=VERTEX_POINT('',#2289);
#1811=LINE('',#2290,#2291);
#1812=VERTEX_POINT('',#2292);
#1813=LINE('',#2293,#2294);
#1814=VERTEX_POINT('',#2295);
#1815=LINE('',#2296,#2297);
#1816=LINE('',#2298,#2299);
#1817=VERTEX_POINT('',#2300);
#1818=VERTEX_POINT('',#2301);
#1819=LINE('',#2302,#2303);
#1820=VERTEX_POINT('',#2304);
#1821=LINE('',#2305,#2306);
#1822=VERTEX_POINT('',#2307);
#1823=LINE('',#2308,#2309);
#1824=LINE('',#2310,#2311);
#1825=VERTEX_POINT('',#2312);
#1826=VERTEX_POINT('',#2313);
#1827=LINE('',#2314,#2315);
#1828=VERTEX_POINT('',#2316);
#1829=LINE('',#2317,#2318);
#1830=VERTEX_POINT('',#2319);
#1831=LINE('',#2320,#2321);
#1832=LINE('',#2322,#2323);
#1833=VERTEX_POINT('',#2324);
#1834=LINE('',#2325,#2326);
#1835=VERTEX_POINT('',#2327);
#1836=LINE('',#2328,#2329);
#1837=LINE('',#2330,#2331);
#1838=VERTEX_POINT('',#2332);
#1839=LINE('',#2333,#2334);
#1840=VERTEX_POINT('',#2335);
#1841=CIRCLE('',#2336,1.905);
#1842=VERTEX_POINT('',#2337);
#1843=LINE('',#2338,#2339);
#1844=VERTEX_POINT('',#2340);
#1845=LINE('',#2341,#2342);
#1846=LINE('',#2343,#2344);
#1847=VERTEX_POINT('',#2345);
#1848=CIRCLE('',#2346,1.905);
#1849=VERTEX_POINT('',#2347);
#1850=LINE('',#2348,#2349);
#1851=VERTEX_POINT('',#2350);
#1852=CIRCLE('',#2351,1.905);
#1853=VERTEX_POINT('',#2352);
#1854=LINE('',#2353,#2354);
#1855=VERTEX_POINT('',#2355);
#1856=CIRCLE('',#2356,0.635);
#1857=VERTEX_POINT('',#2357);
#1858=LINE('',#2358,#2359);
#1859=LINE('',#2360,#2361);
#1860=VERTEX_POINT('',#2362);
#1861=LINE('',#2363,#2364);
#1862=LINE('',#2365,#2366);
#1863=VERTEX_POINT('',#2367);
#1864=LINE('',#2368,#2369);
#1865=LINE('',#2370,#2371);
#1866=VERTEX_POINT('',#2372);
#1867=LINE('',#2373,#2374);
#1868=VERTEX_POINT('',#2375);
#1869=LINE('',#2376,#2377);
#1870=VERTEX_POINT('',#2378);
#1871=LINE('',#2379,#2380);
#1872=VERTEX_POINT('',#2381);
#1873=LINE('',#2382,#2383);
#1874=VERTEX_POINT('',#2384);
#1875=LINE('',#2385,#2386);
#1876=VERTEX_POINT('',#2387);
#1877=LINE('',#2388,#2389);
#1878=VERTEX_POINT('',#2390);
#1879=LINE('',#2391,#2392);
#1880=LINE('',#2393,#2394);
#1881=VERTEX_POINT('',#2395);
#1882=LINE('',#2396,#2397);
#1883=LINE('',#2398,#2399);
#1884=VERTEX_POINT('',#2400);
#1885=LINE('',#2401,#2402);
#1886=VERTEX_POINT('',#2403);
#1887=LINE('',#2404,#2405);
#1888=LINE('',#2406,#2407);
#1889=VERTEX_POINT('',#2408);
#1890=LINE('',#2409,#2410);
#1891=VERTEX_POINT('',#2411);
#1892=LINE('',#2412,#2413);
#1893=LINE('',#2414,#2415);
#1894=VERTEX_POINT('',#2416);
#1895=LINE('',#2417,#2418);
#1896=LINE('',#2419,#2420);
#1897=VERTEX_POINT('',#2421);
#1898=LINE('',#2422,#2423);
#1899=VERTEX_POINT('',#2424);
#1900=LINE('',#2425,#2426);
#1901=LINE('',#2427,#2428);
#1902=VERTEX_POINT('',#2429);
#1903=LINE('',#2430,#2431);
#1904=LINE('',#2432,#2433);
#1905=VERTEX_POINT('',#2434);
#1906=LINE('',#2435,#2436);
#1907=VERTEX_POINT('',#2437);
#1908=LINE('',#2438,#2439);
#1909=LINE('',#2440,#2441);
#1910=VERTEX_POINT('',#2442);
#1911=LINE('',#2443,#2444);
#1912=VERTEX_POINT('',#2445);
#1913=LINE('',#2446,#2447);
#1914=LINE('',#2448,#2449);
#1915=VERTEX_POINT('',#2450);
#1916=LINE('',#2451,#2452);
#1917=VERTEX_POINT('',#2453);
#1918=LINE('',#2454,#2455);
#1919=LINE('',#2456,#2457);
#1920=LINE('',#2458,#2459);
#1921=LINE('',#2460,#2461);
#1922=VERTEX_POINT('',#2462);
#1923=LINE('',#2463,#2464);
#1924=LINE('',#2465,#2466);
#1925=LINE('',#2467,#2468);
#1926=LINE('',#2469,#2470);
#1927=LINE('',#2471,#2472);
#1928=LINE('',#2473,#2474);
#1929=LINE('',#2475,#2476);
#1930=LINE('',#2477,#2478);
#1931=LINE('',#2479,#2480);
#1932=LINE('',#2481,#2482);
#1933=LINE('',#2483,#2484);
#1934=LINE('',#2485,#2486);
#1935=LINE('',#2487,#2488);
#1936=LINE('',#2489,#2490);
#1937=VERTEX_POINT('',#2491);
#1938=VERTEX_POINT('',#2492);
#1939=LINE('',#2493,#2494);
#1940=VERTEX_POINT('',#2495);
#1941=LINE('',#2496,#2497);
#1942=VERTEX_POINT('',#2498);
#1943=LINE('',#2499,#2500);
#1944=LINE('',#2501,#2502);
#1945=VERTEX_POINT('',#2503);
#1946=VERTEX_POINT('',#2504);
#1947=LINE('',#2505,#2506);
#1948=VERTEX_POINT('',#2507);
#1949=LINE('',#2508,#2509);
#1950=VERTEX_POINT('',#2510);
#1951=LINE('',#2511,#2512);
#1952=LINE('',#2513,#2514);
#1953=VERTEX_POINT('',#2515);
#1954=VERTEX_POINT('',#2516);
#1955=LINE('',#2517,#2518);
#1956=VERTEX_POINT('',#2519);
#1957=LINE('',#2520,#2521);
#1958=VERTEX_POINT('',#2522);
#1959=LINE('',#2523,#2524);
#1960=LINE('',#2525,#2526);
#1961=VERTEX_POINT('',#2527);
#1962=VERTEX_POINT('',#2528);
#1963=LINE('',#2529,#2530);
#1964=VERTEX_POINT('',#2531);
#1965=LINE('',#2532,#2533);
#1966=VERTEX_POINT('',#2534);
#1967=LINE('',#2535,#2536);
#1968=LINE('',#2537,#2538);
#1969=VERTEX_POINT('',#2539);
#1970=LINE('',#2540,#2541);
#1971=LINE('',#2542,#2543);
#1972=VERTEX_POINT('',#2544);
#1973=CIRCLE('',#2545,0.635);
#1974=VERTEX_POINT('',#2546);
#1975=LINE('',#2547,#2548);
#1976=VERTEX_POINT('',#2549);
#1977=CIRCLE('',#2550,1.905);
#1978=VERTEX_POINT('',#2551);
#1979=LINE('',#2552,#2553);
#1980=CIRCLE('',#2554,1.905);
#1981=VERTEX_POINT('',#2555);
#1982=LINE('',#2556,#2557);
#1983=VERTEX_POINT('',#2558);
#1984=LINE('',#2559,#2560);
#1985=VERTEX_POINT('',#2561);
#1986=LINE('',#2562,#2563);
#1987=VERTEX_POINT('',#2564);
#1988=CIRCLE('',#2565,1.905);
#1989=LINE('',#2566,#2567);
#1990=LINE('',#2568,#2569);
#1991=LINE('',#2570,#2571);
#1992=LINE('',#2572,#2573);
#1993=LINE('',#2574,#2575);
#1994=LINE('',#2576,#2577);
#1995=LINE('',#2578,#2579);
#1996=LINE('',#2580,#2581);
#1997=LINE('',#2582,#2583);
#1998=VERTEX_POINT('',#2584);
#1999=LINE('',#2585,#2586);
#2000=VERTEX_POINT('',#2587);
#2001=CIRCLE('',#2588,3.0607);
#2002=VERTEX_POINT('',#2589);
#2003=LINE('',#2590,#2591);
#2004=VERTEX_POINT('',#2592);
#2005=LINE('',#2593,#2594);
#2006=VERTEX_POINT('',#2595);
#2007=LINE('',#2596,#2597);
#2008=VERTEX_POINT('',#2598);
#2009=CIRCLE('',#2599,1.9177);
#2010=LINE('',#2600,#2601);
#2011=VERTEX_POINT('',#2602);
#2012=LINE('',#2603,#2604);
#2013=VERTEX_POINT('',#2605);
#2014=LINE('',#2606,#2607);
#2015=LINE('',#2608,#2609);
#2016=VERTEX_POINT('',#2610);
#2017=LINE('',#2611,#2612);
#2018=LINE('',#2613,#2614);
#2019=VERTEX_POINT('',#2615);
#2020=LINE('',#2616,#2617);
#2021=LINE('',#2618,#2619);
#2022=VERTEX_POINT('',#2620);
#2023=CIRCLE('',#2621,1.9177);
#2024=VERTEX_POINT('',#2622);
#2025=LINE('',#2623,#2624);
#2026=VERTEX_POINT('',#2625);
#2027=LINE('',#2626,#2627);
#2028=VERTEX_POINT('',#2628);
#2029=LINE('',#2629,#2630);
#2030=VERTEX_POINT('',#2631);
#2031=CIRCLE('',#2632,3.0607);
#2032=LINE('',#2633,#2634);
#2033=VERTEX_POINT('',#2635);
#2034=LINE('',#2636,#2637);
#2035=LINE('',#2638,#2639);
#2036=LINE('',#2640,#2641);
#2037=LINE('',#2642,#2643);
#2038=LINE('',#2644,#2645);
#2039=LINE('',#2646,#2647);
#2040=LINE('',#2648,#2649);
#2041=LINE('',#2650,#2651);
#2042=VERTEX_POINT('',#2652);
#2043=LINE('',#2653,#2654);
#2044=VERTEX_POINT('',#2655);
#2045=CIRCLE('',#2656,3.0607);
#2046=VERTEX_POINT('',#2657);
#2047=LINE('',#2658,#2659);
#2048=VERTEX_POINT('',#2660);
#2049=LINE('',#2661,#2662);
#2050=VERTEX_POINT('',#2663);
#2051=LINE('',#2664,#2665);
#2052=VERTEX_POINT('',#2666);
#2053=CIRCLE('',#2667,1.9177);
#2054=LINE('',#2668,#2669);
#2055=VERTEX_POINT('',#2670);
#2056=LINE('',#2671,#2672);
#2057=VERTEX_POINT('',#2673);
#2058=LINE('',#2674,#2675);
#2059=LINE('',#2676,#2677);
#2060=VERTEX_POINT('',#2678);
#2061=LINE('',#2679,#2680);
#2062=LINE('',#2681,#2682);
#2063=VERTEX_POINT('',#2683);
#2064=LINE('',#2684,#2685);
#2065=LINE('',#2686,#2687);
#2066=VERTEX_POINT('',#2688);
#2067=CIRCLE('',#2689,1.9177);
#2068=VERTEX_POINT('',#2690);
#2069=LINE('',#2691,#2692);
#2070=VERTEX_POINT('',#2693);
#2071=LINE('',#2694,#2695);
#2072=VERTEX_POINT('',#2696);
#2073=LINE('',#2697,#2698);
#2074=VERTEX_POINT('',#2699);
#2075=CIRCLE('',#2700,3.0607);
#2076=LINE('',#2701,#2702);
#2077=VERTEX_POINT('',#2703);
#2078=LINE('',#2704,#2705);
#2079=LINE('',#2706,#2707);
#2080=LINE('',#2708,#2709);
#2081=LINE('',#2710,#2711);
#2082=LINE('',#2712,#2713);
#2083=LINE('',#2714,#2715);
#2084=LINE('',#2716,#2717);
#2085=LINE('',#2718,#2719);
#2086=VERTEX_POINT('',#2720);
#2087=LINE('',#2721,#2722);
#2088=VERTEX_POINT('',#2723);
#2089=CIRCLE('',#2724,3.0607);
#2090=VERTEX_POINT('',#2725);
#2091=LINE('',#2726,#2727);
#2092=VERTEX_POINT('',#2728);
#2093=LINE('',#2729,#2730);
#2094=VERTEX_POINT('',#2731);
#2095=LINE('',#2732,#2733);
#2096=VERTEX_POINT('',#2734);
#2097=CIRCLE('',#2735,1.9177);
#2098=LINE('',#2736,#2737);
#2099=VERTEX_POINT('',#2738);
#2100=LINE('',#2739,#2740);
#2101=VERTEX_POINT('',#2741);
#2102=LINE('',#2742,#2743);
#2103=LINE('',#2744,#2745);
#2104=VERTEX_POINT('',#2746);
#2105=LINE('',#2747,#2748);
#2106=LINE('',#2749,#2750);
#2107=VERTEX_POINT('',#2751);
#2108=LINE('',#2752,#2753);
#2109=LINE('',#2754,#2755);
#2110=VERTEX_POINT('',#2756);
#2111=CIRCLE('',#2757,1.9177);
#2112=VERTEX_POINT('',#2758);
#2113=LINE('',#2759,#2760);
#2114=VERTEX_POINT('',#2761);
#2115=LINE('',#2762,#2763);
#2116=VERTEX_POINT('',#2764);
#2117=LINE('',#2765,#2766);
#2118=VERTEX_POINT('',#2767);
#2119=CIRCLE('',#2768,3.0607);
#2120=LINE('',#2769,#2770);
#2121=VERTEX_POINT('',#2771);
#2122=LINE('',#2772,#2773);
#2123=LINE('',#2774,#2775);
#2124=LINE('',#2776,#2777);
#2125=LINE('',#2778,#2779);
#2126=LINE('',#2780,#2781);
#2127=LINE('',#2782,#2783);
#2128=LINE('',#2784,#2785);
#2129=LINE('',#2786,#2787);
#2130=VERTEX_POINT('',#2788);
#2131=LINE('',#2789,#2790);
#2132=VERTEX_POINT('',#2791);
#2133=CIRCLE('',#2792,3.0607);
#2134=VERTEX_POINT('',#2793);
#2135=LINE('',#2794,#2795);
#2136=VERTEX_POINT('',#2796);
#2137=LINE('',#2797,#2798);
#2138=VERTEX_POINT('',#2799);
#2139=LINE('',#2800,#2801);
#2140=VERTEX_POINT('',#2802);
#2141=CIRCLE('',#2803,1.9177);
#2142=LINE('',#2804,#2805);
#2143=VERTEX_POINT('',#2806);
#2144=LINE('',#2807,#2808);
#2145=VERTEX_POINT('',#2809);
#2146=LINE('',#2810,#2811);
#2147=LINE('',#2812,#2813);
#2148=VERTEX_POINT('',#2814);
#2149=LINE('',#2815,#2816);
#2150=LINE('',#2817,#2818);
#2151=VERTEX_POINT('',#2819);
#2152=LINE('',#2820,#2821);
#2153=LINE('',#2822,#2823);
#2154=VERTEX_POINT('',#2824);
#2155=CIRCLE('',#2825,1.9177);
#2156=VERTEX_POINT('',#2826);
#2157=LINE('',#2827,#2828);
#2158=VERTEX_POINT('',#2829);
#2159=LINE('',#2830,#2831);
#2160=VERTEX_POINT('',#2832);
#2161=LINE('',#2833,#2834);
#2162=VERTEX_POINT('',#2835);
#2163=CIRCLE('',#2836,3.0607);
#2164=LINE('',#2837,#2838);
#2165=VERTEX_POINT('',#2839);
#2166=LINE('',#2840,#2841);
#2167=LINE('',#2842,#2843);
#2168=LINE('',#2844,#2845);
#2169=LINE('',#2846,#2847);
#2170=LINE('',#2848,#2849);
#2171=LINE('',#2850,#2851);
#2172=LINE('',#2852,#2853);
#2173=LINE('',#2854,#2855);
#2174=CARTESIAN_POINT('',(5.9436,6.1722,-4.0767));
#2175=CARTESIAN_POINT('',(-5.9436,6.1722,-4.0767));
#2176=CARTESIAN_POINT('',(0.0,6.1722,-4.0767));
#2177=VECTOR('',#2856,1.0);
#2178=CARTESIAN_POINT('',(5.9436,7.26486311124802,-4.42121535562882));
#2179=AXIS2_PLACEMENT_3D('',#2857,#2858,#2859);
#2180=CARTESIAN_POINT('',(-5.9436,7.26486311124802,-4.42121535562882));
#2181=CARTESIAN_POINT('',(5.9436,7.26486311124802,-4.42121535562882));
#2182=VECTOR('',#2860,11.8872);
#2183=AXIS2_PLACEMENT_3D('',#2861,#2862,#2863);
#2184=CARTESIAN_POINT('',(-7.8486,-2.032,1.9177));
#2185=CARTESIAN_POINT('',(-7.8486,-1.27,1.9177));
#2186=CARTESIAN_POINT('',(-7.8486,-2.032,1.9177));
#2187=VECTOR('',#2864,0.762);
#2188=CARTESIAN_POINT('',(-7.8486,-2.032,3.4417));
#2189=CARTESIAN_POINT('',(-7.8486,-2.032,3.4417));
#2190=VECTOR('',#2865,1.524);
#2191=CARTESIAN_POINT('',(-7.8486,-0.693940905122526,3.4417));
#2192=CARTESIAN_POINT('',(-7.8486,-0.693940905122526,3.4417));
#2193=VECTOR('',#2866,1.33805909487747);
#2194=CARTESIAN_POINT('',(-7.8486,-0.693940905122526,3.1877));
#2195=CARTESIAN_POINT('',(-7.8486,-0.693940905122526,3.1877));
#2196=VECTOR('',#2867,0.254);
#2197=CARTESIAN_POINT('',(-7.8486,-0.058940905122526,3.1877));
#2198=CARTESIAN_POINT('',(-7.8486,-0.058940905122526,3.1877));
#2199=VECTOR('',#2868,0.635);
#2200=CARTESIAN_POINT('',(-7.8486,0.381,3.4417));
#2201=CARTESIAN_POINT('',(-7.8486,0.381,3.4417));
#2202=VECTOR('',#2869,0.508);
#2203=CARTESIAN_POINT('',(-7.8486,1.27,3.4417));
#2204=CARTESIAN_POINT('',(-7.8486,1.27,3.4417));
#2205=VECTOR('',#2870,0.889);
#2206=CARTESIAN_POINT('',(-7.8486,1.27,-3.4417));
#2207=CARTESIAN_POINT('',(-7.8486,1.27,-3.4417));
#2208=VECTOR('',#2871,6.8834);
#2209=CARTESIAN_POINT('',(-7.8486,-1.27,-3.4417));
#2210=CARTESIAN_POINT('',(-7.8486,-1.27,-3.4417));
#2211=VECTOR('',#2872,2.54);
#2212=CARTESIAN_POINT('',(-7.8486,-1.27,1.9177));
#2213=VECTOR('',#2873,5.3594);
#2214=CARTESIAN_POINT('',(5.9436,-1.27,-3.4417));
#2215=CARTESIAN_POINT('',(7.8486,-1.27,-3.4417));
#2216=CARTESIAN_POINT('',(5.9436,-1.27,-3.4417));
#2217=VECTOR('',#2874,1.905);
#2218=CARTESIAN_POINT('',(7.8486,-1.27,1.9177));
#2219=CARTESIAN_POINT('',(7.8486,-1.27,1.9177));
#2220=VECTOR('',#2875,5.3594);
#2221=CARTESIAN_POINT('',(7.2644,-1.27,1.9177));
#2222=CARTESIAN_POINT('',(7.2644,-1.27,1.9177));
#2223=VECTOR('',#2876,0.5842);
#2224=CARTESIAN_POINT('',(7.2644,-1.27,3.4417));
#2225=CARTESIAN_POINT('',(7.2644,-1.27,3.4417));
#2226=VECTOR('',#2877,1.524);
#2227=CARTESIAN_POINT('',(4.6228,-1.27,3.4417));
#2228=CARTESIAN_POINT('',(7.2644,-1.27,3.4417));
#2229=VECTOR('',#2878,2.6416);
#2230=CARTESIAN_POINT('',(4.6228,-1.27,1.9177));
#2231=CARTESIAN_POINT('',(4.6228,-1.27,3.4417));
#2232=VECTOR('',#2879,1.524);
#2233=CARTESIAN_POINT('',(3.302,-1.27,1.9177));
#2234=CARTESIAN_POINT('',(3.302,-1.27,1.9177));
#2235=VECTOR('',#2880,1.3208);
#2236=CARTESIAN_POINT('',(3.302,-1.27,3.4417));
#2237=CARTESIAN_POINT('',(3.302,-1.27,3.4417));
#2238=VECTOR('',#2881,1.524);
#2239=CARTESIAN_POINT('',(0.6604,-1.27,3.4417));
#2240=CARTESIAN_POINT('',(3.302,-1.27,3.4417));
#2241=VECTOR('',#2882,2.6416);
#2242=CARTESIAN_POINT('',(0.6604,-1.27,1.9177));
#2243=CARTESIAN_POINT('',(0.6604,-1.27,3.4417));
#2244=VECTOR('',#2883,1.524);
#2245=CARTESIAN_POINT('',(-0.6604,-1.27,1.9177));
#2246=CARTESIAN_POINT('',(-0.6604,-1.27,1.9177));
#2247=VECTOR('',#2884,1.3208);
#2248=CARTESIAN_POINT('',(-0.6604,-1.27,3.4417));
#2249=CARTESIAN_POINT('',(-0.6604,-1.27,3.4417));
#2250=VECTOR('',#2885,1.524);
#2251=CARTESIAN_POINT('',(-3.302,-1.27,3.4417));
#2252=CARTESIAN_POINT('',(-0.6604,-1.27,3.4417));
#2253=VECTOR('',#2886,2.6416);
#2254=CARTESIAN_POINT('',(-3.302,-1.27,1.9177));
#2255=CARTESIAN_POINT('',(-3.302,-1.27,3.4417));
#2256=VECTOR('',#2887,1.524);
#2257=CARTESIAN_POINT('',(-4.6228,-1.27,1.9177));
#2258=CARTESIAN_POINT('',(-4.6228,-1.27,1.9177));
#2259=VECTOR('',#2888,1.3208);
#2260=CARTESIAN_POINT('',(-4.6228,-1.27,3.4417));
#2261=CARTESIAN_POINT('',(-4.6228,-1.27,3.4417));
#2262=VECTOR('',#2889,1.524);
#2263=CARTESIAN_POINT('',(-7.2644,-1.27,3.4417));
#2264=CARTESIAN_POINT('',(-4.6228,-1.27,3.4417));
#2265=VECTOR('',#2890,2.6416);
#2266=CARTESIAN_POINT('',(-7.2644,-1.27,1.9177));
#2267=CARTESIAN_POINT('',(-7.2644,-1.27,3.4417));
#2268=VECTOR('',#2891,1.524);
#2269=CARTESIAN_POINT('',(-7.8486,-1.27,1.9177));
#2270=VECTOR('',#2892,0.5842);
#2271=CARTESIAN_POINT('',(-5.9436,-1.27,-3.4417));
#2272=CARTESIAN_POINT('',(-7.8486,-1.27,-3.4417));
#2273=VECTOR('',#2893,1.905);
#2274=CARTESIAN_POINT('',(-5.9436,-1.27,-3.4417));
#2275=VECTOR('',#2894,11.8872);
#2276=CARTESIAN_POINT('',(5.3213,-1.27,-1.0922));
#2277=CARTESIAN_POINT('',(6.4643,-1.27,-1.0922));
#2278=CARTESIAN_POINT('',(5.3213,-1.27,-1.0922));
#2279=VECTOR('',#2895,1.143);
#2280=CARTESIAN_POINT('',(6.4643,-1.27,-2.2352));
#2281=CARTESIAN_POINT('',(6.4643,-1.27,-1.0922));
#2282=VECTOR('',#2896,1.143);
#2283=CARTESIAN_POINT('',(5.3213,-1.27,-2.2352));
#2284=CARTESIAN_POINT('',(6.4643,-1.27,-2.2352));
#2285=VECTOR('',#2897,1.143);
#2286=CARTESIAN_POINT('',(5.3213,-1.27,-1.0922));
#2287=VECTOR('',#2898,1.143);
#2288=CARTESIAN_POINT('',(1.3589,-1.27,-1.0922));
#2289=CARTESIAN_POINT('',(2.5019,-1.27,-1.0922));
#2290=CARTESIAN_POINT('',(1.3589,-1.27,-1.0922));
#2291=VECTOR('',#2899,1.143);
#2292=CARTESIAN_POINT('',(2.5019,-1.27,-2.2352));
#2293=CARTESIAN_POINT('',(2.5019,-1.27,-1.0922));
#2294=VECTOR('',#2900,1.143);
#2295=CARTESIAN_POINT('',(1.3589,-1.27,-2.2352));
#2296=CARTESIAN_POINT('',(2.5019,-1.27,-2.2352));
#2297=VECTOR('',#2901,1.143);
#2298=CARTESIAN_POINT('',(1.3589,-1.27,-1.0922));
#2299=VECTOR('',#2902,1.143);
#2300=CARTESIAN_POINT('',(-2.6035,-1.27,-1.0922));
#2301=CARTESIAN_POINT('',(-1.4605,-1.27,-1.0922));
#2302=CARTESIAN_POINT('',(-2.6035,-1.27,-1.0922));
#2303=VECTOR('',#2903,1.143);
#2304=CARTESIAN_POINT('',(-1.4605,-1.27,-2.2352));
#2305=CARTESIAN_POINT('',(-1.4605,-1.27,-1.0922));
#2306=VECTOR('',#2904,1.143);
#2307=CARTESIAN_POINT('',(-2.6035,-1.27,-2.2352));
#2308=CARTESIAN_POINT('',(-1.4605,-1.27,-2.2352));
#2309=VECTOR('',#2905,1.143);
#2310=CARTESIAN_POINT('',(-2.6035,-1.27,-1.0922));
#2311=VECTOR('',#2906,1.143);
#2312=CARTESIAN_POINT('',(-6.5659,-1.27,-1.0922));
#2313=CARTESIAN_POINT('',(-5.4229,-1.27,-1.0922));
#2314=CARTESIAN_POINT('',(-6.5659,-1.27,-1.0922));
#2315=VECTOR('',#2907,1.143);
#2316=CARTESIAN_POINT('',(-5.4229,-1.27,-2.2352));
#2317=CARTESIAN_POINT('',(-5.4229,-1.27,-1.0922));
#2318=VECTOR('',#2908,1.143);
#2319=CARTESIAN_POINT('',(-6.5659,-1.27,-2.2352));
#2320=CARTESIAN_POINT('',(-5.4229,-1.27,-2.2352));
#2321=VECTOR('',#2909,1.143);
#2322=CARTESIAN_POINT('',(-6.5659,-1.27,-1.0922));
#2323=VECTOR('',#2910,1.143);
#2324=CARTESIAN_POINT('',(-5.9436,-2.032,-3.4417));
#2325=CARTESIAN_POINT('',(-5.9436,-1.27,-3.4417));
#2326=VECTOR('',#2911,0.762);
#2327=CARTESIAN_POINT('',(5.9436,-2.032,-3.4417));
#2328=CARTESIAN_POINT('',(5.9436,-2.032,-3.4417));
#2329=VECTOR('',#2912,11.8872);
#2330=CARTESIAN_POINT('',(5.9436,-1.27,-3.4417));
#2331=VECTOR('',#2913,0.762);
#2332=CARTESIAN_POINT('',(5.9436,-2.032,-4.6609));
#2333=CARTESIAN_POINT('',(5.9436,-2.032,-3.4417));
#2334=VECTOR('',#2914,1.2192);
#2335=CARTESIAN_POINT('',(5.9436,-0.127,-6.5659));
#2336=AXIS2_PLACEMENT_3D('',#2915,#2916,#2917);
#2337=CARTESIAN_POINT('',(5.9436,9.2964,-6.5659));
#2338=CARTESIAN_POINT('',(5.9436,-0.127,-6.5659));
#2339=VECTOR('',#2918,9.4234);
#2340=CARTESIAN_POINT('',(5.9436,9.2964,-5.84371279928458));
#2341=CARTESIAN_POINT('',(5.9436,9.2964,-6.5659));
#2342=VECTOR('',#2919,0.722187200715928);
#2343=CARTESIAN_POINT('',(5.9436,9.2964,-5.84371279928458));
#2344=VECTOR('',#2920,2.48004860991902);
#2345=CARTESIAN_POINT('',(5.9436,4.8251615818394,-4.6346615818394));
#2346=AXIS2_PLACEMENT_3D('',#2921,#2922,#2923);
#2347=CARTESIAN_POINT('',(5.9436,4.2138847455182,-5.2459384181606));
#2348=CARTESIAN_POINT('',(5.9436,4.8251615818394,-4.6346615818394));
#2349=VECTOR('',#2924,0.864475992289414);
#2350=CARTESIAN_POINT('',(5.9436,2.8668463273576,-5.8039));
#2351=AXIS2_PLACEMENT_3D('',#2925,#2926,#2927);
#2352=CARTESIAN_POINT('',(5.9436,0.440825612106982,-5.8039));
#2353=CARTESIAN_POINT('',(5.9436,2.8668463273576,-5.8039));
#2354=VECTOR('',#2928,2.42602071525163);
#2355=CARTESIAN_POINT('',(5.9436,-0.0081871939465725,-4.71988719394562));
#2356=AXIS2_PLACEMENT_3D('',#2929,#2930,#2931);
#2357=CARTESIAN_POINT('',(5.9436,1.27,-3.4417));
#2358=CARTESIAN_POINT('',(5.9436,-0.00818719394657504,-4.71988719394562));
#2359=VECTOR('',#2932,1.8076296649308);
#2360=CARTESIAN_POINT('',(5.9436,-1.27,-3.4417));
#2361=VECTOR('',#2933,2.54);
#2362=CARTESIAN_POINT('',(7.8486,1.27,-3.4417));
#2363=CARTESIAN_POINT('',(5.9436,1.27,-3.4417));
#2364=VECTOR('',#2934,1.905);
#2365=CARTESIAN_POINT('',(7.8486,-1.27,-3.4417));
#2366=VECTOR('',#2935,2.54);
#2367=CARTESIAN_POINT('',(-5.9436,1.27,-3.4417));
#2368=CARTESIAN_POINT('',(-7.8486,1.27,-3.4417));
#2369=VECTOR('',#2936,1.905);
#2370=CARTESIAN_POINT('',(-5.9436,-1.27,-3.4417));
#2371=VECTOR('',#2937,2.54);
#2372=CARTESIAN_POINT('',(7.8486,1.27,3.4417));
#2373=CARTESIAN_POINT('',(7.8486,1.27,-3.4417));
#2374=VECTOR('',#2938,6.8834);
#2375=CARTESIAN_POINT('',(7.8486,0.381,3.4417));
#2376=CARTESIAN_POINT('',(7.8486,1.27,3.4417));
#2377=VECTOR('',#2939,0.889);
#2378=CARTESIAN_POINT('',(7.8486,-0.058940905122526,3.1877));
#2379=CARTESIAN_POINT('',(7.8486,0.381,3.4417));
#2380=VECTOR('',#2940,0.508);
#2381=CARTESIAN_POINT('',(7.8486,-0.693940905122526,3.1877));
#2382=CARTESIAN_POINT('',(7.8486,-0.058940905122526,3.1877));
#2383=VECTOR('',#2941,0.635);
#2384=CARTESIAN_POINT('',(7.8486,-0.693940905122526,3.4417));
#2385=CARTESIAN_POINT('',(7.8486,-0.693940905122526,3.1877));
#2386=VECTOR('',#2942,0.254);
#2387=CARTESIAN_POINT('',(7.8486,-2.032,3.4417));
#2388=CARTESIAN_POINT('',(7.8486,-0.693940905122526,3.4417));
#2389=VECTOR('',#2943,1.33805909487747);
#2390=CARTESIAN_POINT('',(7.8486,-2.032,1.9177));
#2391=CARTESIAN_POINT('',(7.8486,-2.032,3.4417));
#2392=VECTOR('',#2944,1.524);
#2393=CARTESIAN_POINT('',(7.8486,-2.032,1.9177));
#2394=VECTOR('',#2945,0.762);
#2395=CARTESIAN_POINT('',(7.2644,-2.032,1.9177));
#2396=CARTESIAN_POINT('',(7.2644,-2.032,1.9177));
#2397=VECTOR('',#2946,0.5842);
#2398=CARTESIAN_POINT('',(7.2644,-2.032,1.9177));
#2399=VECTOR('',#2947,0.762);
#2400=CARTESIAN_POINT('',(4.6228,-2.032,1.9177));
#2401=CARTESIAN_POINT('',(4.6228,-2.032,1.9177));
#2402=VECTOR('',#2948,0.762);
#2403=CARTESIAN_POINT('',(3.302,-2.032,1.9177));
#2404=CARTESIAN_POINT('',(3.302,-2.032,1.9177));
#2405=VECTOR('',#2949,1.3208);
#2406=CARTESIAN_POINT('',(3.302,-2.032,1.9177));
#2407=VECTOR('',#2950,0.762);
#2408=CARTESIAN_POINT('',(0.6604,-2.032,1.9177));
#2409=CARTESIAN_POINT('',(0.6604,-2.032,1.9177));
#2410=VECTOR('',#2951,0.762);
#2411=CARTESIAN_POINT('',(-0.6604,-2.032,1.9177));
#2412=CARTESIAN_POINT('',(-0.6604,-2.032,1.9177));
#2413=VECTOR('',#2952,1.3208);
#2414=CARTESIAN_POINT('',(-0.6604,-2.032,1.9177));
#2415=VECTOR('',#2953,0.762);
#2416=CARTESIAN_POINT('',(-7.2644,-2.032,1.9177));
#2417=CARTESIAN_POINT('',(-7.8486,-2.032,1.9177));
#2418=VECTOR('',#2954,0.5842);
#2419=CARTESIAN_POINT('',(-7.2644,-2.032,1.9177));
#2420=VECTOR('',#2955,0.762);
#2421=CARTESIAN_POINT('',(-3.302,-2.032,1.9177));
#2422=CARTESIAN_POINT('',(-3.302,-2.032,1.9177));
#2423=VECTOR('',#2956,0.762);
#2424=CARTESIAN_POINT('',(-4.6228,-2.032,1.9177));
#2425=CARTESIAN_POINT('',(-4.6228,-2.032,1.9177));
#2426=VECTOR('',#2957,1.3208);
#2427=CARTESIAN_POINT('',(-4.6228,-2.032,1.9177));
#2428=VECTOR('',#2958,0.762);
#2429=CARTESIAN_POINT('',(7.2644,-2.032,3.4417));
#2430=CARTESIAN_POINT('',(7.2644,-2.032,3.4417));
#2431=VECTOR('',#2959,1.524);
#2432=CARTESIAN_POINT('',(7.2644,-2.032,3.4417));
#2433=VECTOR('',#2960,0.762);
#2434=CARTESIAN_POINT('',(-4.6228,-2.032,3.4417));
#2435=CARTESIAN_POINT('',(-4.6228,-2.032,3.4417));
#2436=VECTOR('',#2961,0.762);
#2437=CARTESIAN_POINT('',(-3.302,-2.032,3.4417));
#2438=CARTESIAN_POINT('',(-4.6228,-2.032,3.4417));
#2439=VECTOR('',#2962,1.3208);
#2440=CARTESIAN_POINT('',(-3.302,-2.032,3.4417));
#2441=VECTOR('',#2963,0.762);
#2442=CARTESIAN_POINT('',(-0.6604,-2.032,3.4417));
#2443=CARTESIAN_POINT('',(-0.6604,-2.032,3.4417));
#2444=VECTOR('',#2964,0.762);
#2445=CARTESIAN_POINT('',(0.6604,-2.032,3.4417));
#2446=CARTESIAN_POINT('',(-0.6604,-2.032,3.4417));
#2447=VECTOR('',#2965,1.3208);
#2448=CARTESIAN_POINT('',(0.6604,-2.032,3.4417));
#2449=VECTOR('',#2966,0.762);
#2450=CARTESIAN_POINT('',(3.302,-2.032,3.4417));
#2451=CARTESIAN_POINT('',(3.302,-2.032,3.4417));
#2452=VECTOR('',#2967,0.762);
#2453=CARTESIAN_POINT('',(4.6228,-2.032,3.4417));
#2454=CARTESIAN_POINT('',(3.302,-2.032,3.4417));
#2455=VECTOR('',#2968,1.3208);
#2456=CARTESIAN_POINT('',(4.6228,-2.032,3.4417));
#2457=VECTOR('',#2969,0.762);
#2458=CARTESIAN_POINT('',(7.2644,-2.032,3.4417));
#2459=VECTOR('',#2970,0.5842);
#2460=CARTESIAN_POINT('',(-7.8486,-0.693940905122526,3.4417));
#2461=VECTOR('',#2971,15.6972);
#2462=CARTESIAN_POINT('',(-7.2644,-2.032,3.4417));
#2463=CARTESIAN_POINT('',(-7.8486,-2.032,3.4417));
#2464=VECTOR('',#2972,0.5842);
#2465=CARTESIAN_POINT('',(-7.2644,-2.032,3.4417));
#2466=VECTOR('',#2973,0.762);
#2467=CARTESIAN_POINT('',(-7.2644,-2.032,3.4417));
#2468=VECTOR('',#2974,1.524);
#2469=CARTESIAN_POINT('',(4.6228,-2.032,3.4417));
#2470=VECTOR('',#2975,1.524);
#2471=CARTESIAN_POINT('',(3.302,-2.032,3.4417));
#2472=VECTOR('',#2976,1.524);
#2473=CARTESIAN_POINT('',(0.6604,-2.032,3.4417));
#2474=VECTOR('',#2977,1.524);
#2475=CARTESIAN_POINT('',(-0.6604,-2.032,3.4417));
#2476=VECTOR('',#2978,1.524);
#2477=CARTESIAN_POINT('',(-3.302,-2.032,3.4417));
#2478=VECTOR('',#2979,1.524);
#2479=CARTESIAN_POINT('',(-4.6228,-2.032,3.4417));
#2480=VECTOR('',#2980,1.524);
#2481=CARTESIAN_POINT('',(-7.8486,-0.693940905122526,3.1877));
#2482=VECTOR('',#2981,15.6972);
#2483=CARTESIAN_POINT('',(-7.8486,-0.058940905122526,3.1877));
#2484=VECTOR('',#2982,15.6972);
#2485=CARTESIAN_POINT('',(-7.8486,0.381,3.4417));
#2486=VECTOR('',#2983,15.6972);
#2487=CARTESIAN_POINT('',(-7.8486,1.27,3.4417));
#2488=VECTOR('',#2984,15.6972);
#2489=CARTESIAN_POINT('',(-5.9436,1.27,-3.4417));
#2490=VECTOR('',#2985,11.8872);
#2491=CARTESIAN_POINT('',(6.4643,1.27,-2.2352));
#2492=CARTESIAN_POINT('',(5.3213,1.27,-2.2352));
#2493=CARTESIAN_POINT('',(6.4643,1.27,-2.2352));
#2494=VECTOR('',#2986,1.143);
#2495=CARTESIAN_POINT('',(6.4643,1.27,-1.0922));
#2496=CARTESIAN_POINT('',(6.4643,1.27,-1.0922));
#2497=VECTOR('',#2987,1.143);
#2498=CARTESIAN_POINT('',(5.3213,1.27,-1.0922));
#2499=CARTESIAN_POINT('',(5.3213,1.27,-1.0922));
#2500=VECTOR('',#2988,1.143);
#2501=CARTESIAN_POINT('',(5.3213,1.27,-1.0922));
#2502=VECTOR('',#2989,1.143);
#2503=CARTESIAN_POINT('',(2.5019,1.27,-2.2352));
#2504=CARTESIAN_POINT('',(1.3589,1.27,-2.2352));
#2505=CARTESIAN_POINT('',(2.5019,1.27,-2.2352));
#2506=VECTOR('',#2990,1.143);
#2507=CARTESIAN_POINT('',(2.5019,1.27,-1.0922));
#2508=CARTESIAN_POINT('',(2.5019,1.27,-1.0922));
#2509=VECTOR('',#2991,1.143);
#2510=CARTESIAN_POINT('',(1.3589,1.27,-1.0922));
#2511=CARTESIAN_POINT('',(1.3589,1.27,-1.0922));
#2512=VECTOR('',#2992,1.143);
#2513=CARTESIAN_POINT('',(1.3589,1.27,-1.0922));
#2514=VECTOR('',#2993,1.143);
#2515=CARTESIAN_POINT('',(-1.4605,1.27,-2.2352));
#2516=CARTESIAN_POINT('',(-2.6035,1.27,-2.2352));
#2517=CARTESIAN_POINT('',(-1.4605,1.27,-2.2352));
#2518=VECTOR('',#2994,1.143);
#2519=CARTESIAN_POINT('',(-1.4605,1.27,-1.0922));
#2520=CARTESIAN_POINT('',(-1.4605,1.27,-1.0922));
#2521=VECTOR('',#2995,1.143);
#2522=CARTESIAN_POINT('',(-2.6035,1.27,-1.0922));
#2523=CARTESIAN_POINT('',(-2.6035,1.27,-1.0922));
#2524=VECTOR('',#2996,1.143);
#2525=CARTESIAN_POINT('',(-2.6035,1.27,-1.0922));
#2526=VECTOR('',#2997,1.143);
#2527=CARTESIAN_POINT('',(-5.4229,1.27,-2.2352));
#2528=CARTESIAN_POINT('',(-6.5659,1.27,-2.2352));
#2529=CARTESIAN_POINT('',(-5.4229,1.27,-2.2352));
#2530=VECTOR('',#2998,1.143);
#2531=CARTESIAN_POINT('',(-5.4229,1.27,-1.0922));
#2532=CARTESIAN_POINT('',(-5.4229,1.27,-1.0922));
#2533=VECTOR('',#2999,1.143);
#2534=CARTESIAN_POINT('',(-6.5659,1.27,-1.0922));
#2535=CARTESIAN_POINT('',(-6.5659,1.27,-1.0922));
#2536=VECTOR('',#3000,1.143);
#2537=CARTESIAN_POINT('',(-6.5659,1.27,-1.0922));
#2538=VECTOR('',#3001,1.143);
#2539=CARTESIAN_POINT('',(-5.9436,-0.0081871939465725,-4.71988719394562));
#2540=CARTESIAN_POINT('',(5.9436,-0.00818719394657504,-4.71988719394562));
#2541=VECTOR('',#3002,11.8872);
#2542=CARTESIAN_POINT('',(-5.9436,-0.00818719394657504,-4.71988719394562));
#2543=VECTOR('',#3003,1.8076296649308);
#2544=CARTESIAN_POINT('',(-5.9436,0.440825612106982,-5.8039));
#2545=AXIS2_PLACEMENT_3D('',#3004,#3005,#3006);
#2546=CARTESIAN_POINT('',(-5.9436,2.8668463273576,-5.8039));
#2547=CARTESIAN_POINT('',(-5.9436,2.8668463273576,-5.8039));
#2548=VECTOR('',#3007,2.42602071525163);
#2549=CARTESIAN_POINT('',(-5.9436,4.2138847455182,-5.2459384181606));
#2550=AXIS2_PLACEMENT_3D('',#3008,#3009,#3010);
#2551=CARTESIAN_POINT('',(-5.9436,4.8251615818394,-4.6346615818394));
#2552=CARTESIAN_POINT('',(-5.9436,4.8251615818394,-4.6346615818394));
#2553=VECTOR('',#3011,0.864475992289414);
#2554=AXIS2_PLACEMENT_3D('',#3012,#3013,#3014);
#2555=CARTESIAN_POINT('',(-5.9436,9.2964,-5.84371279928458));
#2556=CARTESIAN_POINT('',(-5.9436,9.2964,-5.84371279928458));
#2557=VECTOR('',#3015,2.48004860991902);
#2558=CARTESIAN_POINT('',(-5.9436,9.2964,-6.5659));
#2559=CARTESIAN_POINT('',(-5.9436,9.2964,-6.5659));
#2560=VECTOR('',#3016,0.722187200715928);
#2561=CARTESIAN_POINT('',(-5.9436,-0.127,-6.5659));
#2562=CARTESIAN_POINT('',(-5.9436,-0.127,-6.5659));
#2563=VECTOR('',#3017,9.4234);
#2564=CARTESIAN_POINT('',(-5.9436,-2.032,-4.6609));
#2565=AXIS2_PLACEMENT_3D('',#3018,#3019,#3020);
#2566=CARTESIAN_POINT('',(-5.9436,-2.032,-3.4417));
#2567=VECTOR('',#3021,1.2192);
#2568=CARTESIAN_POINT('',(5.9436,-2.032,-4.6609));
#2569=VECTOR('',#3022,11.8872);
#2570=CARTESIAN_POINT('',(5.9436,-0.127,-6.5659));
#2571=VECTOR('',#3023,11.8872);
#2572=CARTESIAN_POINT('',(5.9436,9.2964,-6.5659));
#2573=VECTOR('',#3024,11.8872);
#2574=CARTESIAN_POINT('',(5.9436,9.2964,-5.84371279928458));
#2575=VECTOR('',#3025,11.8872);
#2576=CARTESIAN_POINT('',(5.9436,4.8251615818394,-4.6346615818394));
#2577=VECTOR('',#3026,11.8872);
#2578=CARTESIAN_POINT('',(5.9436,4.2138847455182,-5.2459384181606));
#2579=VECTOR('',#3027,11.8872);
#2580=CARTESIAN_POINT('',(5.9436,2.8668463273576,-5.8039));
#2581=VECTOR('',#3028,11.8872);
#2582=CARTESIAN_POINT('',(5.9436,0.440825612106982,-5.8039));
#2583=VECTOR('',#3029,11.8872);
#2584=CARTESIAN_POINT('',(5.3213,-4.953,-2.2352));
#2585=CARTESIAN_POINT('',(5.3213,-4.953,-2.2352));
#2586=VECTOR('',#3030,3.683);
#2587=CARTESIAN_POINT('',(5.3213,-8.0137,0.8255));
#2588=AXIS2_PLACEMENT_3D('',#3031,#3032,#3033);
#2589=CARTESIAN_POINT('',(5.3213,-8.0137,7.4041));
#2590=CARTESIAN_POINT('',(5.3213,-8.0137,7.4041));
#2591=VECTOR('',#3034,6.5786);
#2592=CARTESIAN_POINT('',(5.3213,-6.8707,7.4041));
#2593=CARTESIAN_POINT('',(5.3213,-8.0137,7.4041));
#2594=VECTOR('',#3035,1.143);
#2595=CARTESIAN_POINT('',(5.3213,-6.8707,0.8255));
#2596=CARTESIAN_POINT('',(5.3213,-6.8707,7.4041));
#2597=VECTOR('',#3036,6.5786);
#2598=CARTESIAN_POINT('',(5.3213,-4.953,-1.0922));
#2599=AXIS2_PLACEMENT_3D('',#3037,#3038,#3039);
#2600=CARTESIAN_POINT('',(5.3213,-4.953,-1.0922));
#2601=VECTOR('',#3040,3.683);
#2602=CARTESIAN_POINT('',(5.3213,12.7,-1.0922));
#2603=CARTESIAN_POINT('',(5.3213,1.27,-1.0922));
#2604=VECTOR('',#3041,11.43);
#2605=CARTESIAN_POINT('',(5.3213,12.7,-2.2352));
#2606=CARTESIAN_POINT('',(5.3213,12.7,-2.2352));
#2607=VECTOR('',#3042,1.143);
#2608=CARTESIAN_POINT('',(5.3213,1.27,-2.2352));
#2609=VECTOR('',#3043,11.43);
#2610=CARTESIAN_POINT('',(6.4643,-4.953,-1.0922));
#2611=CARTESIAN_POINT('',(5.3213,-4.953,-1.0922));
#2612=VECTOR('',#3044,1.143);
#2613=CARTESIAN_POINT('',(6.4643,-4.953,-1.0922));
#2614=VECTOR('',#3045,3.683);
#2615=CARTESIAN_POINT('',(6.4643,12.7,-1.0922));
#2616=CARTESIAN_POINT('',(6.4643,1.27,-1.0922));
#2617=VECTOR('',#3046,11.43);
#2618=CARTESIAN_POINT('',(5.3213,12.7,-1.0922));
#2619=VECTOR('',#3047,1.143);
#2620=CARTESIAN_POINT('',(6.4643,-6.8707,0.8255));
#2621=AXIS2_PLACEMENT_3D('',#3048,#3049,#3050);
#2622=CARTESIAN_POINT('',(6.4643,-6.8707,7.4041));
#2623=CARTESIAN_POINT('',(6.4643,-6.8707,7.4041));
#2624=VECTOR('',#3051,6.5786);
#2625=CARTESIAN_POINT('',(6.4643,-8.0137,7.4041));
#2626=CARTESIAN_POINT('',(6.4643,-6.8707,7.4041));
#2627=VECTOR('',#3052,1.143);
#2628=CARTESIAN_POINT('',(6.4643,-8.0137,0.8255));
#2629=CARTESIAN_POINT('',(6.4643,-8.0137,7.4041));
#2630=VECTOR('',#3053,6.5786);
#2631=CARTESIAN_POINT('',(6.4643,-4.953,-2.2352));
#2632=AXIS2_PLACEMENT_3D('',#3054,#3055,#3056);
#2633=CARTESIAN_POINT('',(6.4643,-4.953,-2.2352));
#2634=VECTOR('',#3057,3.683);
#2635=CARTESIAN_POINT('',(6.4643,12.7,-2.2352));
#2636=CARTESIAN_POINT('',(6.4643,1.27,-2.2352));
#2637=VECTOR('',#3058,11.43);
#2638=CARTESIAN_POINT('',(6.4643,12.7,-1.0922));
#2639=VECTOR('',#3059,1.143);
#2640=CARTESIAN_POINT('',(6.4643,-4.953,-2.2352));
#2641=VECTOR('',#3060,1.143);
#2642=CARTESIAN_POINT('',(6.4643,12.7,-2.2352));
#2643=VECTOR('',#3061,1.143);
#2644=CARTESIAN_POINT('',(6.4643,-8.0137,0.8255));
#2645=VECTOR('',#3062,1.143);
#2646=CARTESIAN_POINT('',(6.4643,-8.0137,7.4041));
#2647=VECTOR('',#3063,1.143);
#2648=CARTESIAN_POINT('',(5.3213,-6.8707,7.4041));
#2649=VECTOR('',#3064,1.143);
#2650=CARTESIAN_POINT('',(5.3213,-6.8707,0.8255));
#2651=VECTOR('',#3065,1.143);
#2652=CARTESIAN_POINT('',(1.3589,-4.953,-2.2352));
#2653=CARTESIAN_POINT('',(1.3589,-4.953,-2.2352));
#2654=VECTOR('',#3066,3.683);
#2655=CARTESIAN_POINT('',(1.3589,-8.0137,0.8255));
#2656=AXIS2_PLACEMENT_3D('',#3067,#3068,#3069);
#2657=CARTESIAN_POINT('',(1.3589,-8.0137,7.4041));
#2658=CARTESIAN_POINT('',(1.3589,-8.0137,7.4041));
#2659=VECTOR('',#3070,6.5786);
#2660=CARTESIAN_POINT('',(1.3589,-6.8707,7.4041));
#2661=CARTESIAN_POINT('',(1.3589,-8.0137,7.4041));
#2662=VECTOR('',#3071,1.143);
#2663=CARTESIAN_POINT('',(1.3589,-6.8707,0.8255));
#2664=CARTESIAN_POINT('',(1.3589,-6.8707,7.4041));
#2665=VECTOR('',#3072,6.5786);
#2666=CARTESIAN_POINT('',(1.3589,-4.953,-1.0922));
#2667=AXIS2_PLACEMENT_3D('',#3073,#3074,#3075);
#2668=CARTESIAN_POINT('',(1.3589,-4.953,-1.0922));
#2669=VECTOR('',#3076,3.683);
#2670=CARTESIAN_POINT('',(1.3589,12.7,-1.0922));
#2671=CARTESIAN_POINT('',(1.3589,1.27,-1.0922));
#2672=VECTOR('',#3077,11.43);
#2673=CARTESIAN_POINT('',(1.3589,12.7,-2.2352));
#2674=CARTESIAN_POINT('',(1.3589,12.7,-2.2352));
#2675=VECTOR('',#3078,1.143);
#2676=CARTESIAN_POINT('',(1.3589,1.27,-2.2352));
#2677=VECTOR('',#3079,11.43);
#2678=CARTESIAN_POINT('',(2.5019,-4.953,-1.0922));
#2679=CARTESIAN_POINT('',(1.3589,-4.953,-1.0922));
#2680=VECTOR('',#3080,1.143);
#2681=CARTESIAN_POINT('',(2.5019,-4.953,-1.0922));
#2682=VECTOR('',#3081,3.683);
#2683=CARTESIAN_POINT('',(2.5019,12.7,-1.0922));
#2684=CARTESIAN_POINT('',(2.5019,1.27,-1.0922));
#2685=VECTOR('',#3082,11.43);
#2686=CARTESIAN_POINT('',(1.3589,12.7,-1.0922));
#2687=VECTOR('',#3083,1.143);
#2688=CARTESIAN_POINT('',(2.5019,-6.8707,0.8255));
#2689=AXIS2_PLACEMENT_3D('',#3084,#3085,#3086);
#2690=CARTESIAN_POINT('',(2.5019,-6.8707,7.4041));
#2691=CARTESIAN_POINT('',(2.5019,-6.8707,7.4041));
#2692=VECTOR('',#3087,6.5786);
#2693=CARTESIAN_POINT('',(2.5019,-8.0137,7.4041));
#2694=CARTESIAN_POINT('',(2.5019,-6.8707,7.4041));
#2695=VECTOR('',#3088,1.143);
#2696=CARTESIAN_POINT('',(2.5019,-8.0137,0.8255));
#2697=CARTESIAN_POINT('',(2.5019,-8.0137,7.4041));
#2698=VECTOR('',#3089,6.5786);
#2699=CARTESIAN_POINT('',(2.5019,-4.953,-2.2352));
#2700=AXIS2_PLACEMENT_3D('',#3090,#3091,#3092);
#2701=CARTESIAN_POINT('',(2.5019,-4.953,-2.2352));
#2702=VECTOR('',#3093,3.683);
#2703=CARTESIAN_POINT('',(2.5019,12.7,-2.2352));
#2704=CARTESIAN_POINT('',(2.5019,1.27,-2.2352));
#2705=VECTOR('',#3094,11.43);
#2706=CARTESIAN_POINT('',(2.5019,12.7,-1.0922));
#2707=VECTOR('',#3095,1.143);
#2708=CARTESIAN_POINT('',(2.5019,-4.953,-2.2352));
#2709=VECTOR('',#3096,1.143);
#2710=CARTESIAN_POINT('',(2.5019,12.7,-2.2352));
#2711=VECTOR('',#3097,1.143);
#2712=CARTESIAN_POINT('',(2.5019,-8.0137,0.8255));
#2713=VECTOR('',#3098,1.143);
#2714=CARTESIAN_POINT('',(2.5019,-8.0137,7.4041));
#2715=VECTOR('',#3099,1.143);
#2716=CARTESIAN_POINT('',(1.3589,-6.8707,7.4041));
#2717=VECTOR('',#3100,1.143);
#2718=CARTESIAN_POINT('',(1.3589,-6.8707,0.8255));
#2719=VECTOR('',#3101,1.143);
#2720=CARTESIAN_POINT('',(-2.6035,-4.953,-2.2352));
#2721=CARTESIAN_POINT('',(-2.6035,-4.953,-2.2352));
#2722=VECTOR('',#3102,3.683);
#2723=CARTESIAN_POINT('',(-2.6035,-8.0137,0.8255));
#2724=AXIS2_PLACEMENT_3D('',#3103,#3104,#3105);
#2725=CARTESIAN_POINT('',(-2.6035,-8.0137,7.4041));
#2726=CARTESIAN_POINT('',(-2.6035,-8.0137,7.4041));
#2727=VECTOR('',#3106,6.5786);
#2728=CARTESIAN_POINT('',(-2.6035,-6.8707,7.4041));
#2729=CARTESIAN_POINT('',(-2.6035,-8.0137,7.4041));
#2730=VECTOR('',#3107,1.143);
#2731=CARTESIAN_POINT('',(-2.6035,-6.8707,0.8255));
#2732=CARTESIAN_POINT('',(-2.6035,-6.8707,7.4041));
#2733=VECTOR('',#3108,6.5786);
#2734=CARTESIAN_POINT('',(-2.6035,-4.953,-1.0922));
#2735=AXIS2_PLACEMENT_3D('',#3109,#3110,#3111);
#2736=CARTESIAN_POINT('',(-2.6035,-4.953,-1.0922));
#2737=VECTOR('',#3112,3.683);
#2738=CARTESIAN_POINT('',(-2.6035,12.7,-1.0922));
#2739=CARTESIAN_POINT('',(-2.6035,1.27,-1.0922));
#2740=VECTOR('',#3113,11.43);
#2741=CARTESIAN_POINT('',(-2.6035,12.7,-2.2352));
#2742=CARTESIAN_POINT('',(-2.6035,12.7,-2.2352));
#2743=VECTOR('',#3114,1.143);
#2744=CARTESIAN_POINT('',(-2.6035,1.27,-2.2352));
#2745=VECTOR('',#3115,11.43);
#2746=CARTESIAN_POINT('',(-1.4605,-4.953,-1.0922));
#2747=CARTESIAN_POINT('',(-2.6035,-4.953,-1.0922));
#2748=VECTOR('',#3116,1.143);
#2749=CARTESIAN_POINT('',(-1.4605,-4.953,-1.0922));
#2750=VECTOR('',#3117,3.683);
#2751=CARTESIAN_POINT('',(-1.4605,12.7,-1.0922));
#2752=CARTESIAN_POINT('',(-1.4605,1.27,-1.0922));
#2753=VECTOR('',#3118,11.43);
#2754=CARTESIAN_POINT('',(-2.6035,12.7,-1.0922));
#2755=VECTOR('',#3119,1.143);
#2756=CARTESIAN_POINT('',(-1.4605,-6.8707,0.8255));
#2757=AXIS2_PLACEMENT_3D('',#3120,#3121,#3122);
#2758=CARTESIAN_POINT('',(-1.4605,-6.8707,7.4041));
#2759=CARTESIAN_POINT('',(-1.4605,-6.8707,7.4041));
#2760=VECTOR('',#3123,6.5786);
#2761=CARTESIAN_POINT('',(-1.4605,-8.0137,7.4041));
#2762=CARTESIAN_POINT('',(-1.4605,-6.8707,7.4041));
#2763=VECTOR('',#3124,1.143);
#2764=CARTESIAN_POINT('',(-1.4605,-8.0137,0.8255));
#2765=CARTESIAN_POINT('',(-1.4605,-8.0137,7.4041));
#2766=VECTOR('',#3125,6.5786);
#2767=CARTESIAN_POINT('',(-1.4605,-4.953,-2.2352));
#2768=AXIS2_PLACEMENT_3D('',#3126,#3127,#3128);
#2769=CARTESIAN_POINT('',(-1.4605,-4.953,-2.2352));
#2770=VECTOR('',#3129,3.683);
#2771=CARTESIAN_POINT('',(-1.4605,12.7,-2.2352));
#2772=CARTESIAN_POINT('',(-1.4605,1.27,-2.2352));
#2773=VECTOR('',#3130,11.43);
#2774=CARTESIAN_POINT('',(-1.4605,12.7,-1.0922));
#2775=VECTOR('',#3131,1.143);
#2776=CARTESIAN_POINT('',(-1.4605,-4.953,-2.2352));
#2777=VECTOR('',#3132,1.143);
#2778=CARTESIAN_POINT('',(-1.4605,12.7,-2.2352));
#2779=VECTOR('',#3133,1.143);
#2780=CARTESIAN_POINT('',(-1.4605,-8.0137,0.8255));
#2781=VECTOR('',#3134,1.143);
#2782=CARTESIAN_POINT('',(-1.4605,-8.0137,7.4041));
#2783=VECTOR('',#3135,1.143);
#2784=CARTESIAN_POINT('',(-2.6035,-6.8707,7.4041));
#2785=VECTOR('',#3136,1.143);
#2786=CARTESIAN_POINT('',(-2.6035,-6.8707,0.8255));
#2787=VECTOR('',#3137,1.143);
#2788=CARTESIAN_POINT('',(-6.5659,-4.953,-2.2352));
#2789=CARTESIAN_POINT('',(-6.5659,-4.953,-2.2352));
#2790=VECTOR('',#3138,3.683);
#2791=CARTESIAN_POINT('',(-6.5659,-8.0137,0.8255));
#2792=AXIS2_PLACEMENT_3D('',#3139,#3140,#3141);
#2793=CARTESIAN_POINT('',(-6.5659,-8.0137,7.4041));
#2794=CARTESIAN_POINT('',(-6.5659,-8.0137,7.4041));
#2795=VECTOR('',#3142,6.5786);
#2796=CARTESIAN_POINT('',(-6.5659,-6.8707,7.4041));
#2797=CARTESIAN_POINT('',(-6.5659,-8.0137,7.4041));
#2798=VECTOR('',#3143,1.143);
#2799=CARTESIAN_POINT('',(-6.5659,-6.8707,0.8255));
#2800=CARTESIAN_POINT('',(-6.5659,-6.8707,7.4041));
#2801=VECTOR('',#3144,6.5786);
#2802=CARTESIAN_POINT('',(-6.5659,-4.953,-1.0922));
#2803=AXIS2_PLACEMENT_3D('',#3145,#3146,#3147);
#2804=CARTESIAN_POINT('',(-6.5659,-4.953,-1.0922));
#2805=VECTOR('',#3148,3.683);
#2806=CARTESIAN_POINT('',(-6.5659,12.7,-1.0922));
#2807=CARTESIAN_POINT('',(-6.5659,1.27,-1.0922));
#2808=VECTOR('',#3149,11.43);
#2809=CARTESIAN_POINT('',(-6.5659,12.7,-2.2352));
#2810=CARTESIAN_POINT('',(-6.5659,12.7,-2.2352));
#2811=VECTOR('',#3150,1.143);
#2812=CARTESIAN_POINT('',(-6.5659,1.27,-2.2352));
#2813=VECTOR('',#3151,11.43);
#2814=CARTESIAN_POINT('',(-5.4229,-4.953,-1.0922));
#2815=CARTESIAN_POINT('',(-6.5659,-4.953,-1.0922));
#2816=VECTOR('',#3152,1.143);
#2817=CARTESIAN_POINT('',(-5.4229,-4.953,-1.0922));
#2818=VECTOR('',#3153,3.683);
#2819=CARTESIAN_POINT('',(-5.4229,12.7,-1.0922));
#2820=CARTESIAN_POINT('',(-5.4229,1.27,-1.0922));
#2821=VECTOR('',#3154,11.43);
#2822=CARTESIAN_POINT('',(-6.5659,12.7,-1.0922));
#2823=VECTOR('',#3155,1.143);
#2824=CARTESIAN_POINT('',(-5.4229,-6.8707,0.8255));
#2825=AXIS2_PLACEMENT_3D('',#3156,#3157,#3158);
#2826=CARTESIAN_POINT('',(-5.4229,-6.8707,7.4041));
#2827=CARTESIAN_POINT('',(-5.4229,-6.8707,7.4041));
#2828=VECTOR('',#3159,6.5786);
#2829=CARTESIAN_POINT('',(-5.4229,-8.0137,7.4041));
#2830=CARTESIAN_POINT('',(-5.4229,-6.8707,7.4041));
#2831=VECTOR('',#3160,1.143);
#2832=CARTESIAN_POINT('',(-5.4229,-8.0137,0.8255));
#2833=CARTESIAN_POINT('',(-5.4229,-8.0137,7.4041));
#2834=VECTOR('',#3161,6.5786);
#2835=CARTESIAN_POINT('',(-5.4229,-4.953,-2.2352));
#2836=AXIS2_PLACEMENT_3D('',#3162,#3163,#3164);
#2837=CARTESIAN_POINT('',(-5.4229,-4.953,-2.2352));
#2838=VECTOR('',#3165,3.683);
#2839=CARTESIAN_POINT('',(-5.4229,12.7,-2.2352));
#2840=CARTESIAN_POINT('',(-5.4229,1.27,-2.2352));
#2841=VECTOR('',#3166,11.43);
#2842=CARTESIAN_POINT('',(-5.4229,12.7,-1.0922));
#2843=VECTOR('',#3167,1.143);
#2844=CARTESIAN_POINT('',(-5.4229,-4.953,-2.2352));
#2845=VECTOR('',#3168,1.143);
#2846=CARTESIAN_POINT('',(-5.4229,12.7,-2.2352));
#2847=VECTOR('',#3169,1.143);
#2848=CARTESIAN_POINT('',(-5.4229,-8.0137,0.8255));
#2849=VECTOR('',#3170,1.143);
#2850=CARTESIAN_POINT('',(-5.4229,-8.0137,7.4041));
#2851=VECTOR('',#3171,1.143);
#2852=CARTESIAN_POINT('',(-6.5659,-6.8707,7.4041));
#2853=VECTOR('',#3172,1.143);
#2854=CARTESIAN_POINT('',(-6.5659,-6.8707,0.8255));
#2855=VECTOR('',#3173,1.143);
#2856=DIRECTION('',(-1.0,0.0,-0.0));
#2857=CARTESIAN_POINT('',(5.9436,6.1722,-5.9817));
#2858=DIRECTION('',(1.0,0.0,-0.0));
#2859=DIRECTION('',(0.0,0.573576436351011,0.819152044289016));
#2860=DIRECTION('',(-1.0,0.0,0.0));
#2861=CARTESIAN_POINT('',(-5.9436,6.1722,-5.9817));
#2862=DIRECTION('',(1.0,0.0,-0.0));
#2863=DIRECTION('',(0.0,0.573576436351011,0.819152044289016));
#2864=DIRECTION('',(0.0,1.0,0.0));
#2865=DIRECTION('',(0.0,0.0,-1.0));
#2866=DIRECTION('',(0.0,-1.0,0.0));
#2867=DIRECTION('',(0.0,0.0,1.0));
#2868=DIRECTION('',(0.0,-1.0,0.0));
#2869=DIRECTION('',(0.0,-0.866025403784454,-0.499999999999973));
#2870=DIRECTION('',(0.0,-1.0,0.0));
#2871=DIRECTION('',(0.0,0.0,1.0));
#2872=DIRECTION('',(0.0,1.0,0.0));
#2873=DIRECTION('',(0.0,0.0,-1.0));
#2874=DIRECTION('',(1.0,0.0,0.0));
#2875=DIRECTION('',(0.0,0.0,-1.0));
#2876=DIRECTION('',(1.0,0.0,0.0));
#2877=DIRECTION('',(0.0,0.0,-1.0));
#2878=DIRECTION('',(-1.0,0.0,0.0));
#2879=DIRECTION('',(0.0,0.0,-1.0));
#2880=DIRECTION('',(1.0,0.0,0.0));
#2881=DIRECTION('',(0.0,0.0,-1.0));
#2882=DIRECTION('',(-1.0,0.0,0.0));
#2883=DIRECTION('',(0.0,0.0,-1.0));
#2884=DIRECTION('',(1.0,0.0,0.0));
#2885=DIRECTION('',(0.0,0.0,-1.0));
#2886=DIRECTION('',(-1.0,0.0,0.0));
#2887=DIRECTION('',(0.0,0.0,-1.0));
#2888=DIRECTION('',(1.0,0.0,0.0));
#2889=DIRECTION('',(0.0,0.0,-1.0));
#2890=DIRECTION('',(-1.0,0.0,0.0));
#2891=DIRECTION('',(0.0,0.0,-1.0));
#2892=DIRECTION('',(1.0,0.0,0.0));
#2893=DIRECTION('',(1.0,0.0,0.0));
#2894=DIRECTION('',(1.0,0.0,0.0));
#2895=DIRECTION('',(1.0,0.0,0.0));
#2896=DIRECTION('',(0.0,0.0,-1.0));
#2897=DIRECTION('',(-1.0,0.0,0.0));
#2898=DIRECTION('',(0.0,0.0,-1.0));
#2899=DIRECTION('',(1.0,0.0,0.0));
#2900=DIRECTION('',(0.0,0.0,-1.0));
#2901=DIRECTION('',(-1.0,0.0,0.0));
#2902=DIRECTION('',(0.0,0.0,-1.0));
#2903=DIRECTION('',(1.0,0.0,0.0));
#2904=DIRECTION('',(0.0,0.0,-1.0));
#2905=DIRECTION('',(-1.0,0.0,0.0));
#2906=DIRECTION('',(0.0,0.0,-1.0));
#2907=DIRECTION('',(1.0,0.0,0.0));
#2908=DIRECTION('',(0.0,0.0,-1.0));
#2909=DIRECTION('',(-1.0,0.0,0.0));
#2910=DIRECTION('',(0.0,0.0,-1.0));
#2911=DIRECTION('',(0.0,-1.0,0.0));
#2912=DIRECTION('',(-1.0,0.0,0.0));
#2913=DIRECTION('',(0.0,-1.0,0.0));
#2914=DIRECTION('',(0.0,0.0,-1.0));
#2915=CARTESIAN_POINT('',(5.9436,-0.127,-4.6609));
#2916=DIRECTION('',(1.0,0.0,0.0));
#2917=DIRECTION('',(0.0,-1.0,0.0));
#2918=DIRECTION('',(0.0,1.0,0.0));
#2919=DIRECTION('',(0.0,0.0,1.0));
#2920=DIRECTION('',(0.0,-0.819152044289016,0.573576436351011));
#2921=CARTESIAN_POINT('',(5.9436,6.1722,-5.9817));
#2922=DIRECTION('',(1.0,0.0,-0.0));
#2923=DIRECTION('',(0.0,0.573576436351011,0.819152044289016));
#2924=DIRECTION('',(0.0,-0.707106781186548,-0.707106781186548));
#2925=CARTESIAN_POINT('',(5.9436,2.8668463273576,-3.8989));
#2926=DIRECTION('',(-1.0,0.0,0.0));
#2927=DIRECTION('',(0.0,0.707106781186548,-0.707106781186548));
#2928=DIRECTION('',(0.0,-1.0,0.0));
#2929=CARTESIAN_POINT('',(5.9436,0.440825612106982,-5.1689));
#2930=DIRECTION('',(-1.0,0.0,0.0));
#2931=DIRECTION('',(0.0,0.0,-1.0));
#2932=DIRECTION('',(0.0,0.707106781186548,0.707106781186548));
#2933=DIRECTION('',(0.0,1.0,0.0));
#2934=DIRECTION('',(1.0,0.0,0.0));
#2935=DIRECTION('',(0.0,1.0,0.0));
#2936=DIRECTION('',(1.0,0.0,0.0));
#2937=DIRECTION('',(0.0,1.0,0.0));
#2938=DIRECTION('',(0.0,0.0,1.0));
#2939=DIRECTION('',(0.0,-1.0,0.0));
#2940=DIRECTION('',(0.0,-0.866025403784454,-0.499999999999973));
#2941=DIRECTION('',(0.0,-1.0,0.0));
#2942=DIRECTION('',(0.0,0.0,1.0));
#2943=DIRECTION('',(0.0,-1.0,0.0));
#2944=DIRECTION('',(0.0,0.0,-1.0));
#2945=DIRECTION('',(0.0,1.0,0.0));
#2946=DIRECTION('',(1.0,0.0,0.0));
#2947=DIRECTION('',(0.0,1.0,0.0));
#2948=DIRECTION('',(0.0,1.0,0.0));
#2949=DIRECTION('',(1.0,0.0,0.0));
#2950=DIRECTION('',(0.0,1.0,0.0));
#2951=DIRECTION('',(0.0,1.0,0.0));
#2952=DIRECTION('',(1.0,0.0,0.0));
#2953=DIRECTION('',(0.0,1.0,0.0));
#2954=DIRECTION('',(1.0,0.0,0.0));
#2955=DIRECTION('',(0.0,1.0,0.0));
#2956=DIRECTION('',(0.0,1.0,0.0));
#2957=DIRECTION('',(1.0,0.0,0.0));
#2958=DIRECTION('',(0.0,1.0,0.0));
#2959=DIRECTION('',(0.0,0.0,-1.0));
#2960=DIRECTION('',(0.0,1.0,0.0));
#2961=DIRECTION('',(0.0,1.0,0.0));
#2962=DIRECTION('',(1.0,0.0,0.0));
#2963=DIRECTION('',(0.0,1.0,0.0));
#2964=DIRECTION('',(0.0,1.0,0.0));
#2965=DIRECTION('',(1.0,0.0,0.0));
#2966=DIRECTION('',(0.0,1.0,0.0));
#2967=DIRECTION('',(0.0,1.0,0.0));
#2968=DIRECTION('',(1.0,0.0,0.0));
#2969=DIRECTION('',(0.0,1.0,0.0));
#2970=DIRECTION('',(1.0,0.0,0.0));
#2971=DIRECTION('',(1.0,0.0,0.0));
#2972=DIRECTION('',(1.0,0.0,0.0));
#2973=DIRECTION('',(0.0,1.0,0.0));
#2974=DIRECTION('',(0.0,0.0,-1.0));
#2975=DIRECTION('',(0.0,0.0,-1.0));
#2976=DIRECTION('',(0.0,0.0,-1.0));
#2977=DIRECTION('',(0.0,0.0,-1.0));
#2978=DIRECTION('',(0.0,0.0,-1.0));
#2979=DIRECTION('',(0.0,0.0,-1.0));
#2980=DIRECTION('',(0.0,0.0,-1.0));
#2981=DIRECTION('',(1.0,0.0,0.0));
#2982=DIRECTION('',(1.0,0.0,0.0));
#2983=DIRECTION('',(1.0,0.0,0.0));
#2984=DIRECTION('',(1.0,0.0,0.0));
#2985=DIRECTION('',(1.0,0.0,0.0));
#2986=DIRECTION('',(-1.0,0.0,0.0));
#2987=DIRECTION('',(0.0,0.0,-1.0));
#2988=DIRECTION('',(1.0,0.0,0.0));
#2989=DIRECTION('',(0.0,0.0,-1.0));
#2990=DIRECTION('',(-1.0,0.0,0.0));
#2991=DIRECTION('',(0.0,0.0,-1.0));
#2992=DIRECTION('',(1.0,0.0,0.0));
#2993=DIRECTION('',(0.0,0.0,-1.0));
#2994=DIRECTION('',(-1.0,0.0,0.0));
#2995=DIRECTION('',(0.0,0.0,-1.0));
#2996=DIRECTION('',(1.0,0.0,0.0));
#2997=DIRECTION('',(0.0,0.0,-1.0));
#2998=DIRECTION('',(-1.0,0.0,0.0));
#2999=DIRECTION('',(0.0,0.0,-1.0));
#3000=DIRECTION('',(1.0,0.0,0.0));
#3001=DIRECTION('',(0.0,0.0,-1.0));
#3002=DIRECTION('',(-1.0,0.0,0.0));
#3003=DIRECTION('',(0.0,0.707106781186548,0.707106781186548));
#3004=CARTESIAN_POINT('',(-5.9436,0.440825612106982,-5.1689));
#3005=DIRECTION('',(-1.0,0.0,0.0));
#3006=DIRECTION('',(0.0,0.0,-1.0));
#3007=DIRECTION('',(0.0,-1.0,0.0));
#3008=CARTESIAN_POINT('',(-5.9436,2.8668463273576,-3.8989));
#3009=DIRECTION('',(-1.0,0.0,0.0));
#3010=DIRECTION('',(0.0,0.707106781186548,-0.707106781186548));
#3011=DIRECTION('',(0.0,-0.707106781186548,-0.707106781186548));
#3012=CARTESIAN_POINT('',(-5.9436,6.1722,-5.9817));
#3013=DIRECTION('',(1.0,0.0,-0.0));
#3014=DIRECTION('',(0.0,0.573576436351011,0.819152044289016));
#3015=DIRECTION('',(0.0,-0.819152044289016,0.573576436351011));
#3016=DIRECTION('',(0.0,0.0,1.0));
#3017=DIRECTION('',(0.0,1.0,0.0));
#3018=CARTESIAN_POINT('',(-5.9436,-0.127,-4.6609));
#3019=DIRECTION('',(1.0,0.0,0.0));
#3020=DIRECTION('',(0.0,-1.0,0.0));
#3021=DIRECTION('',(0.0,0.0,-1.0));
#3022=DIRECTION('',(-1.0,0.0,0.0));
#3023=DIRECTION('',(-1.0,0.0,0.0));
#3024=DIRECTION('',(-1.0,0.0,0.0));
#3025=DIRECTION('',(-1.0,0.0,0.0));
#3026=DIRECTION('',(-1.0,0.0,0.0));
#3027=DIRECTION('',(-1.0,0.0,0.0));
#3028=DIRECTION('',(-1.0,0.0,0.0));
#3029=DIRECTION('',(-1.0,0.0,0.0));
#3030=DIRECTION('',(0.0,1.0,0.0));
#3031=CARTESIAN_POINT('',(5.3213,-4.953,0.8255));
#3032=DIRECTION('',(1.0,0.0,0.0));
#3033=DIRECTION('',(0.0,-1.0,0.0));
#3034=DIRECTION('',(0.0,0.0,-1.0));
#3035=DIRECTION('',(0.0,1.0,0.0));
#3036=DIRECTION('',(0.0,0.0,-1.0));
#3037=CARTESIAN_POINT('',(5.3213,-4.953,0.8255));
#3038=DIRECTION('',(1.0,0.0,0.0));
#3039=DIRECTION('',(0.0,-1.0,0.0));
#3040=DIRECTION('',(0.0,1.0,0.0));
#3041=DIRECTION('',(0.0,1.0,0.0));
#3042=DIRECTION('',(0.0,0.0,1.0));
#3043=DIRECTION('',(0.0,1.0,0.0));
#3044=DIRECTION('',(1.0,0.0,0.0));
#3045=DIRECTION('',(0.0,1.0,0.0));
#3046=DIRECTION('',(0.0,1.0,0.0));
#3047=DIRECTION('',(1.0,0.0,0.0));
#3048=CARTESIAN_POINT('',(6.4643,-4.953,0.8255));
#3049=DIRECTION('',(1.0,0.0,0.0));
#3050=DIRECTION('',(0.0,-1.0,0.0));
#3051=DIRECTION('',(0.0,0.0,-1.0));
#3052=DIRECTION('',(0.0,-1.0,0.0));
#3053=DIRECTION('',(0.0,0.0,-1.0));
#3054=CARTESIAN_POINT('',(6.4643,-4.953,0.8255));
#3055=DIRECTION('',(1.0,0.0,0.0));
#3056=DIRECTION('',(0.0,-1.0,0.0));
#3057=DIRECTION('',(0.0,1.0,0.0));
#3058=DIRECTION('',(0.0,1.0,0.0));
#3059=DIRECTION('',(0.0,0.0,-1.0));
#3060=DIRECTION('',(-1.0,0.0,0.0));
#3061=DIRECTION('',(-1.0,0.0,0.0));
#3062=DIRECTION('',(-1.0,0.0,0.0));
#3063=DIRECTION('',(-1.0,0.0,0.0));
#3064=DIRECTION('',(1.0,0.0,0.0));
#3065=DIRECTION('',(1.0,0.0,0.0));
#3066=DIRECTION('',(0.0,1.0,0.0));
#3067=CARTESIAN_POINT('',(1.3589,-4.953,0.8255));
#3068=DIRECTION('',(1.0,0.0,0.0));
#3069=DIRECTION('',(0.0,-1.0,0.0));
#3070=DIRECTION('',(0.0,0.0,-1.0));
#3071=DIRECTION('',(0.0,1.0,0.0));
#3072=DIRECTION('',(0.0,0.0,-1.0));
#3073=CARTESIAN_POINT('',(1.3589,-4.953,0.8255));
#3074=DIRECTION('',(1.0,0.0,0.0));
#3075=DIRECTION('',(0.0,-1.0,0.0));
#3076=DIRECTION('',(0.0,1.0,0.0));
#3077=DIRECTION('',(0.0,1.0,0.0));
#3078=DIRECTION('',(0.0,0.0,1.0));
#3079=DIRECTION('',(0.0,1.0,0.0));
#3080=DIRECTION('',(1.0,0.0,0.0));
#3081=DIRECTION('',(0.0,1.0,0.0));
#3082=DIRECTION('',(0.0,1.0,0.0));
#3083=DIRECTION('',(1.0,0.0,0.0));
#3084=CARTESIAN_POINT('',(2.5019,-4.953,0.8255));
#3085=DIRECTION('',(1.0,0.0,0.0));
#3086=DIRECTION('',(0.0,-1.0,0.0));
#3087=DIRECTION('',(0.0,0.0,-1.0));
#3088=DIRECTION('',(0.0,-1.0,0.0));
#3089=DIRECTION('',(0.0,0.0,-1.0));
#3090=CARTESIAN_POINT('',(2.5019,-4.953,0.8255));
#3091=DIRECTION('',(1.0,0.0,0.0));
#3092=DIRECTION('',(0.0,-1.0,0.0));
#3093=DIRECTION('',(0.0,1.0,0.0));
#3094=DIRECTION('',(0.0,1.0,0.0));
#3095=DIRECTION('',(0.0,0.0,-1.0));
#3096=DIRECTION('',(-1.0,0.0,0.0));
#3097=DIRECTION('',(-1.0,0.0,0.0));
#3098=DIRECTION('',(-1.0,0.0,0.0));
#3099=DIRECTION('',(-1.0,0.0,0.0));
#3100=DIRECTION('',(1.0,0.0,0.0));
#3101=DIRECTION('',(1.0,0.0,0.0));
#3102=DIRECTION('',(0.0,1.0,0.0));
#3103=CARTESIAN_POINT('',(-2.6035,-4.953,0.8255));
#3104=DIRECTION('',(1.0,0.0,0.0));
#3105=DIRECTION('',(0.0,-1.0,0.0));
#3106=DIRECTION('',(0.0,0.0,-1.0));
#3107=DIRECTION('',(0.0,1.0,0.0));
#3108=DIRECTION('',(0.0,0.0,-1.0));
#3109=CARTESIAN_POINT('',(-2.6035,-4.953,0.8255));
#3110=DIRECTION('',(1.0,0.0,0.0));
#3111=DIRECTION('',(0.0,-1.0,0.0));
#3112=DIRECTION('',(0.0,1.0,0.0));
#3113=DIRECTION('',(0.0,1.0,0.0));
#3114=DIRECTION('',(0.0,0.0,1.0));
#3115=DIRECTION('',(0.0,1.0,0.0));
#3116=DIRECTION('',(1.0,0.0,0.0));
#3117=DIRECTION('',(0.0,1.0,0.0));
#3118=DIRECTION('',(0.0,1.0,0.0));
#3119=DIRECTION('',(1.0,0.0,0.0));
#3120=CARTESIAN_POINT('',(-1.4605,-4.953,0.8255));
#3121=DIRECTION('',(1.0,0.0,0.0));
#3122=DIRECTION('',(0.0,-1.0,0.0));
#3123=DIRECTION('',(0.0,0.0,-1.0));
#3124=DIRECTION('',(0.0,-1.0,0.0));
#3125=DIRECTION('',(0.0,0.0,-1.0));
#3126=CARTESIAN_POINT('',(-1.4605,-4.953,0.8255));
#3127=DIRECTION('',(1.0,0.0,0.0));
#3128=DIRECTION('',(0.0,-1.0,0.0));
#3129=DIRECTION('',(0.0,1.0,0.0));
#3130=DIRECTION('',(0.0,1.0,0.0));
#3131=DIRECTION('',(0.0,0.0,-1.0));
#3132=DIRECTION('',(-1.0,0.0,0.0));
#3133=DIRECTION('',(-1.0,0.0,0.0));
#3134=DIRECTION('',(-1.0,0.0,0.0));
#3135=DIRECTION('',(-1.0,0.0,0.0));
#3136=DIRECTION('',(1.0,0.0,0.0));
#3137=DIRECTION('',(1.0,0.0,0.0));
#3138=DIRECTION('',(0.0,1.0,0.0));
#3139=CARTESIAN_POINT('',(-6.5659,-4.953,0.8255));
#3140=DIRECTION('',(1.0,0.0,0.0));
#3141=DIRECTION('',(0.0,-1.0,0.0));
#3142=DIRECTION('',(0.0,0.0,-1.0));
#3143=DIRECTION('',(0.0,1.0,0.0));
#3144=DIRECTION('',(0.0,0.0,-1.0));
#3145=CARTESIAN_POINT('',(-6.5659,-4.953,0.8255));
#3146=DIRECTION('',(1.0,0.0,0.0));
#3147=DIRECTION('',(0.0,-1.0,0.0));
#3148=DIRECTION('',(0.0,1.0,0.0));
#3149=DIRECTION('',(0.0,1.0,0.0));
#3150=DIRECTION('',(0.0,0.0,1.0));
#3151=DIRECTION('',(0.0,1.0,0.0));
#3152=DIRECTION('',(1.0,0.0,0.0));
#3153=DIRECTION('',(0.0,1.0,0.0));
#3154=DIRECTION('',(0.0,1.0,0.0));
#3155=DIRECTION('',(1.0,0.0,0.0));
#3156=CARTESIAN_POINT('',(-5.4229,-4.953,0.8255));
#3157=DIRECTION('',(1.0,0.0,0.0));
#3158=DIRECTION('',(0.0,-1.0,0.0));
#3159=DIRECTION('',(0.0,0.0,-1.0));
#3160=DIRECTION('',(0.0,-1.0,0.0));
#3161=DIRECTION('',(0.0,0.0,-1.0));
#3162=CARTESIAN_POINT('',(-5.4229,-4.953,0.8255));
#3163=DIRECTION('',(1.0,0.0,0.0));
#3164=DIRECTION('',(0.0,-1.0,0.0));
#3165=DIRECTION('',(0.0,1.0,0.0));
#3166=DIRECTION('',(0.0,1.0,0.0));
#3167=DIRECTION('',(0.0,0.0,-1.0));
#3168=DIRECTION('',(-1.0,0.0,0.0));
#3169=DIRECTION('',(-1.0,0.0,0.0));
#3170=DIRECTION('',(-1.0,0.0,0.0));
#3171=DIRECTION('',(-1.0,0.0,0.0));
#3172=DIRECTION('',(1.0,0.0,0.0));
#3173=DIRECTION('',(1.0,0.0,0.0));
ENDSEC;
END-ISO-10303-21;
