ISO-10303-21;
HEADER;
FILE_DESCRIPTION(('STEP AP242'),'1');
FILE_NAME('09022646824.stp','2025-12-18T15:15:43',('TraceParts'),('TraceParts S.A.S.'),'Spatial InterOp 3D',' ',' ');
FILE_SCHEMA(('AP242_MANAGED_MODEL_BASED_3D_ENGINEERING_MIM_LF  {1 0 10303 442 1 1 4}'));
ENDSEC;
DATA;
#1=MECHANICAL_DESIGN_GEOMETRIC_PRESENTATION_REPRESENTATION(' ',(#10,#11,#12,#13,#14,#15,#16,#17,#18,#19,#20,#21,#22,#23,#24,#25,#26,#27,#28,#29,#30,#31,#32,#33,#34,#35,#36,#37,#38,#39,#40,#41,#42),#6);
#2=PRODUCT_DEFINITION_CONTEXT('',#43,'design');
#3=APPLICATION_PROTOCOL_DEFINITION('INTERNATIONAL STANDARD','ap242_managed_model_based_3d_engineering',2014,#43);
#4=PRODUCT_CATEGORY_RELATIONSHIP('NONE','NONE',#44,#45);
#5=SHAPE_DEFINITION_REPRESENTATION(#46,#47);
#6= (GEOMETRIC_REPRESENTATION_CONTEXT(3)GLOBAL_UNCERTAINTY_ASSIGNED_CONTEXT((#50))GLOBAL_UNIT_ASSIGNED_CONTEXT((#52,#53,#54))REPRESENTATION_CONTEXT('NONE','WORKSPACE'));
#10=STYLED_ITEM('',(#56,#57),#58);
#11=STYLED_ITEM('',(#59,#60),#61);
#12=STYLED_ITEM('',(#62,#63),#64);
#13=STYLED_ITEM('',(#65,#66),#67);
#14=STYLED_ITEM('',(#68,#69),#70);
#15=STYLED_ITEM('',(#71,#72),#73);
#16=STYLED_ITEM('',(#74,#75),#76);
#17=STYLED_ITEM('',(#77,#78),#79);
#18=STYLED_ITEM('',(#80,#81),#82);
#19=STYLED_ITEM('',(#83,#84),#85);
#20=STYLED_ITEM('',(#86,#87),#88);
#21=STYLED_ITEM('',(#89,#90),#91);
#22=STYLED_ITEM('',(#92),#93);
#23=STYLED_ITEM('',(#94),#95);
#24=STYLED_ITEM('',(#96),#97);
#25=STYLED_ITEM('',(#98),#99);
#26=STYLED_ITEM('',(#100),#101);
#27=STYLED_ITEM('',(#102),#103);
#28=STYLED_ITEM('',(#104),#105);
#29=STYLED_ITEM('',(#106),#107);
#30=STYLED_ITEM('',(#108),#109);
#31=STYLED_ITEM('',(#110),#111);
#32=STYLED_ITEM('',(#112),#113);
#33=STYLED_ITEM('',(#114),#115);
#34=STYLED_ITEM('',(#116),#117);
#35=STYLED_ITEM('',(#118),#119);
#36=STYLED_ITEM('',(#120),#121);
#37=STYLED_ITEM('',(#122),#123);
#38=STYLED_ITEM('',(#124),#125);
#39=STYLED_ITEM('',(#126),#127);
#40=STYLED_ITEM('',(#128),#129);
#41=STYLED_ITEM('',(#130),#131);
#42=STYLED_ITEM('',(#132,#133),#134);
#43=APPLICATION_CONTEXT('managed model based 3d engineering');
#44=PRODUCT_CATEGORY('part','NONE');
#45=PRODUCT_RELATED_PRODUCT_CATEGORY('detail',' ',(#135));
#46=PRODUCT_DEFINITION_SHAPE('NONE','NONE',#136);
#47=ADVANCED_BREP_SHAPE_REPRESENTATION('R2',(#134,#137),#6);
#50=UNCERTAINTY_MEASURE_WITH_UNIT(LENGTH_MEASURE(1.0E-06),#52,'','');
#52= (CONVERSION_BASED_UNIT('MILLIMETRE',#140)LENGTH_UNIT()NAMED_UNIT(#143));
#53= (NAMED_UNIT(#145)PLANE_ANGLE_UNIT()SI_UNIT($,.RADIAN.));
#54= (NAMED_UNIT(#145)SOLID_ANGLE_UNIT()SI_UNIT($,.STERADIAN.));
#56=PRESENTATION_STYLE_ASSIGNMENT((#151));
#57=PRESENTATION_STYLE_ASSIGNMENT((#152));
#58=ADVANCED_FACE('F72',(#153),#154,.T.);
#59=PRESENTATION_STYLE_ASSIGNMENT((#155));
#60=PRESENTATION_STYLE_ASSIGNMENT((#156));
#61=ADVANCED_FACE('F73',(#157),#158,.T.);
#62=PRESENTATION_STYLE_ASSIGNMENT((#159));
#63=PRESENTATION_STYLE_ASSIGNMENT((#160));
#64=ADVANCED_FACE('F74',(#161),#162,.T.);
#65=PRESENTATION_STYLE_ASSIGNMENT((#163));
#66=PRESENTATION_STYLE_ASSIGNMENT((#164));
#67=ADVANCED_FACE('F75',(#165),#166,.T.);
#68=PRESENTATION_STYLE_ASSIGNMENT((#167));
#69=PRESENTATION_STYLE_ASSIGNMENT((#168));
#70=ADVANCED_FACE('F71',(#169),#170,.T.);
#71=PRESENTATION_STYLE_ASSIGNMENT((#171));
#72=PRESENTATION_STYLE_ASSIGNMENT((#172));
#73=ADVANCED_FACE('F75',(#173),#174,.T.);
#74=PRESENTATION_STYLE_ASSIGNMENT((#175));
#75=PRESENTATION_STYLE_ASSIGNMENT((#176));
#76=ADVANCED_FACE('F70',(#177),#178,.T.);
#77=PRESENTATION_STYLE_ASSIGNMENT((#179));
#78=PRESENTATION_STYLE_ASSIGNMENT((#180));
#79=ADVANCED_FACE('F74',(#181),#182,.T.);
#80=PRESENTATION_STYLE_ASSIGNMENT((#183));
#81=PRESENTATION_STYLE_ASSIGNMENT((#184));
#82=ADVANCED_FACE('F69',(#185),#186,.T.);
#83=PRESENTATION_STYLE_ASSIGNMENT((#187));
#84=PRESENTATION_STYLE_ASSIGNMENT((#188));
#85=ADVANCED_FACE('F73',(#189),#190,.T.);
#86=PRESENTATION_STYLE_ASSIGNMENT((#191));
#87=PRESENTATION_STYLE_ASSIGNMENT((#192));
#88=ADVANCED_FACE('F68',(#193),#194,.T.);
#89=PRESENTATION_STYLE_ASSIGNMENT((#195));
#90=PRESENTATION_STYLE_ASSIGNMENT((#196));
#91=ADVANCED_FACE('F72',(#197),#198,.T.);
#92=PRESENTATION_STYLE_ASSIGNMENT((#199));
#93=EDGE_CURVE('E184',#200,#201,#202,.T.);
#94=PRESENTATION_STYLE_ASSIGNMENT((#203));
#95=EDGE_CURVE('E183',#204,#200,#205,.T.);
#96=PRESENTATION_STYLE_ASSIGNMENT((#206));
#97=EDGE_CURVE('E179',#204,#207,#208,.T.);
#98=PRESENTATION_STYLE_ASSIGNMENT((#209));
#99=EDGE_CURVE('E186',#210,#211,#212,.T.);
#100=PRESENTATION_STYLE_ASSIGNMENT((#213));
#101=EDGE_CURVE('E185',#214,#210,#215,.T.);
#102=PRESENTATION_STYLE_ASSIGNMENT((#216));
#103=EDGE_CURVE('E180',#214,#217,#218,.T.);
#104=PRESENTATION_STYLE_ASSIGNMENT((#219));
#105=EDGE_CURVE('E188',#220,#221,#222,.T.);
#106=PRESENTATION_STYLE_ASSIGNMENT((#223));
#107=EDGE_CURVE('E187',#224,#220,#225,.T.);
#108=PRESENTATION_STYLE_ASSIGNMENT((#226));
#109=EDGE_CURVE('E181',#224,#227,#228,.T.);
#110=PRESENTATION_STYLE_ASSIGNMENT((#229));
#111=EDGE_CURVE('E190',#230,#231,#232,.T.);
#112=PRESENTATION_STYLE_ASSIGNMENT((#233));
#113=EDGE_CURVE('E189',#234,#230,#235,.T.);
#114=PRESENTATION_STYLE_ASSIGNMENT((#236));
#115=EDGE_CURVE('E182',#234,#237,#238,.T.);
#116=PRESENTATION_STYLE_ASSIGNMENT((#239));
#117=EDGE_CURVE('E182',#237,#234,#240,.T.);
#118=PRESENTATION_STYLE_ASSIGNMENT((#241));
#119=EDGE_CURVE('E190',#231,#230,#242,.T.);
#120=PRESENTATION_STYLE_ASSIGNMENT((#243));
#121=EDGE_CURVE('E181',#227,#224,#244,.T.);
#122=PRESENTATION_STYLE_ASSIGNMENT((#245));
#123=EDGE_CURVE('E188',#221,#220,#246,.T.);
#124=PRESENTATION_STYLE_ASSIGNMENT((#247));
#125=EDGE_CURVE('E180',#217,#214,#248,.T.);
#126=PRESENTATION_STYLE_ASSIGNMENT((#249));
#127=EDGE_CURVE('E186',#211,#210,#250,.T.);
#128=PRESENTATION_STYLE_ASSIGNMENT((#251));
#129=EDGE_CURVE('E179',#207,#204,#252,.T.);
#130=PRESENTATION_STYLE_ASSIGNMENT((#253));
#131=EDGE_CURVE('E184',#201,#200,#254,.T.);
#132=PRESENTATION_STYLE_ASSIGNMENT((#255));
#133=PRESENTATION_STYLE_ASSIGNMENT((#256));
#134=MANIFOLD_SOLID_BREP('R2',#257);
#135=PRODUCT('R2','','PART--DESC',(#258));
#136=PRODUCT_DEFINITION('','NONE',#259,#2);
#137=AXIS2_PLACEMENT_3D('',#260,#261,#262);
#140=LENGTH_MEASURE_WITH_UNIT(LENGTH_MEASURE(1.0),#263);
#143=DIMENSIONAL_EXPONENTS(1.0,0.0,0.0,0.0,0.0,0.0,0.0);
#145=DIMENSIONAL_EXPONENTS(0.0,0.0,0.0,0.0,0.0,0.0,0.0);
#151=SURFACE_STYLE_USAGE(.BOTH.,#264);
#152=CURVE_STYLE('',#265,POSITIVE_LENGTH_MEASURE(0.1),#266);
#153=FACE_OUTER_BOUND('',#267,.T.);
#154=(B_SPLINE_SURFACE(2,1,((#269,#270),(#271,#272),(#273,#274),(#275,#276),(#277,#278),(#279,#280),(#281,#282)),.UNSPECIFIED.,.T.,.F.,.F.)B_SPLINE_SURFACE_WITH_KNOTS((3,2,2,3),(2,2),(0.0,0.33333333333333,0.66666666666667,1.0),(0.0,1.4433756729741),.UNSPECIFIED.)RATIONAL_B_SPLINE_SURFACE(((1.0,1.0),(0.5,0.5),(1.0,1.0),(0.5,0.5),(1.0,1.0),(0.5,0.5),(1.0,1.0)))BOUNDED_SURFACE()REPRESENTATION_ITEM('')GEOMETRIC_REPRESENTATION_ITEM()SURFACE());
#155=SURFACE_STYLE_USAGE(.BOTH.,#289);
#156=CURVE_STYLE('',#290,POSITIVE_LENGTH_MEASURE(0.1),#291);
#157=FACE_OUTER_BOUND('',#292,.T.);
#158=(B_SPLINE_SURFACE(2,1,((#294,#295),(#296,#297),(#298,#299),(#300,#301),(#302,#303),(#304,#305),(#306,#307)),.UNSPECIFIED.,.T.,.F.,.F.)B_SPLINE_SURFACE_WITH_KNOTS((3,2,2,3),(2,2),(0.0,0.33333333333333,0.66666666666667,1.0),(0.0,1.4433756729741),.UNSPECIFIED.)RATIONAL_B_SPLINE_SURFACE(((1.0,1.0),(0.5,0.5),(1.0,1.0),(0.5,0.5),(1.0,1.0),(0.5,0.5),(1.0,1.0)))BOUNDED_SURFACE()REPRESENTATION_ITEM('')GEOMETRIC_REPRESENTATION_ITEM()SURFACE());
#159=SURFACE_STYLE_USAGE(.BOTH.,#314);
#160=CURVE_STYLE('',#315,POSITIVE_LENGTH_MEASURE(0.1),#316);
#161=FACE_OUTER_BOUND('',#317,.T.);
#162=(B_SPLINE_SURFACE(2,1,((#319,#320),(#321,#322),(#323,#324),(#325,#326),(#327,#328),(#329,#330),(#331,#332)),.UNSPECIFIED.,.T.,.F.,.F.)B_SPLINE_SURFACE_WITH_KNOTS((3,2,2,3),(2,2),(0.0,0.33333333333333,0.66666666666667,1.0),(0.0,1.4433756729741),.UNSPECIFIED.)RATIONAL_B_SPLINE_SURFACE(((1.0,1.0),(0.5,0.5),(1.0,1.0),(0.5,0.5),(1.0,1.0),(0.5,0.5),(1.0,1.0)))BOUNDED_SURFACE()REPRESENTATION_ITEM('')GEOMETRIC_REPRESENTATION_ITEM()SURFACE());
#163=SURFACE_STYLE_USAGE(.BOTH.,#339);
#164=CURVE_STYLE('',#340,POSITIVE_LENGTH_MEASURE(0.1),#341);
#165=FACE_OUTER_BOUND('',#342,.T.);
#166=(B_SPLINE_SURFACE(2,1,((#344,#345),(#346,#347),(#348,#349),(#350,#351),(#352,#353),(#354,#355),(#356,#357)),.UNSPECIFIED.,.T.,.F.,.F.)B_SPLINE_SURFACE_WITH_KNOTS((3,2,2,3),(2,2),(0.0,0.33333333333333,0.66666666666667,1.0),(0.0,1.4433756729741),.UNSPECIFIED.)RATIONAL_B_SPLINE_SURFACE(((1.0,1.0),(0.5,0.5),(1.0,1.0),(0.5,0.5),(1.0,1.0),(0.5,0.5),(1.0,1.0)))BOUNDED_SURFACE()REPRESENTATION_ITEM('')GEOMETRIC_REPRESENTATION_ITEM()SURFACE());
#167=SURFACE_STYLE_USAGE(.BOTH.,#364);
#168=CURVE_STYLE('',#365,POSITIVE_LENGTH_MEASURE(0.1),#366);
#169=FACE_OUTER_BOUND('',#367,.T.);
#170=B_SPLINE_SURFACE_WITH_KNOTS('',1,1,((#368,#369),(#370,#371)),.UNSPECIFIED.,.F.,.F.,.F.,(2,2),(2,2),(0.0396462090540901,0.960353790945909),(0.0328280272366644,0.967171972763307),.UNSPECIFIED.);
#171=SURFACE_STYLE_USAGE(.BOTH.,#372);
#172=CURVE_STYLE('',#373,POSITIVE_LENGTH_MEASURE(0.1),#374);
#173=FACE_OUTER_BOUND('',#375,.T.);
#174=(B_SPLINE_SURFACE(2,1,((#377,#378),(#379,#380),(#381,#382),(#383,#384),(#385,#386),(#387,#388),(#389,#390)),.UNSPECIFIED.,.T.,.F.,.F.)B_SPLINE_SURFACE_WITH_KNOTS((3,2,2,3),(2,2),(0.0,0.33333333333333,0.66666666666667,1.0),(0.0,1.4433756729741),.UNSPECIFIED.)RATIONAL_B_SPLINE_SURFACE(((1.0,1.0),(0.5,0.5),(1.0,1.0),(0.5,0.5),(1.0,1.0),(0.5,0.5),(1.0,1.0)))BOUNDED_SURFACE()REPRESENTATION_ITEM('')GEOMETRIC_REPRESENTATION_ITEM()SURFACE());
#175=SURFACE_STYLE_USAGE(.BOTH.,#397);
#176=CURVE_STYLE('',#398,POSITIVE_LENGTH_MEASURE(0.1),#399);
#177=FACE_OUTER_BOUND('',#400,.T.);
#178=B_SPLINE_SURFACE_WITH_KNOTS('',1,1,((#401,#402),(#403,#404)),.UNSPECIFIED.,.F.,.F.,.F.,(2,2),(2,2),(0.0396462090540672,0.960353790945932),(0.032828027236667,0.967171972763328),.UNSPECIFIED.);
#179=SURFACE_STYLE_USAGE(.BOTH.,#405);
#180=CURVE_STYLE('',#406,POSITIVE_LENGTH_MEASURE(0.1),#407);
#181=FACE_OUTER_BOUND('',#408,.T.);
#182=(B_SPLINE_SURFACE(2,1,((#410,#411),(#412,#413),(#414,#415),(#416,#417),(#418,#419),(#420,#421),(#422,#423)),.UNSPECIFIED.,.T.,.F.,.F.)B_SPLINE_SURFACE_WITH_KNOTS((3,2,2,3),(2,2),(0.0,0.33333333333333,0.66666666666667,1.0),(0.0,1.4433756729741),.UNSPECIFIED.)RATIONAL_B_SPLINE_SURFACE(((1.0,1.0),(0.5,0.5),(1.0,1.0),(0.5,0.5),(1.0,1.0),(0.5,0.5),(1.0,1.0)))BOUNDED_SURFACE()REPRESENTATION_ITEM('')GEOMETRIC_REPRESENTATION_ITEM()SURFACE());
#183=SURFACE_STYLE_USAGE(.BOTH.,#430);
#184=CURVE_STYLE('',#431,POSITIVE_LENGTH_MEASURE(0.1),#432);
#185=FACE_OUTER_BOUND('',#433,.T.);
#186=B_SPLINE_SURFACE_WITH_KNOTS('',1,1,((#434,#435),(#436,#437)),.UNSPECIFIED.,.F.,.F.,.F.,(2,2),(2,2),(0.039646209054102,0.960353790945897),(0.0328280272359891,0.96717197276401),.UNSPECIFIED.);
#187=SURFACE_STYLE_USAGE(.BOTH.,#438);
#188=CURVE_STYLE('',#439,POSITIVE_LENGTH_MEASURE(0.1),#440);
#189=FACE_OUTER_BOUND('',#441,.T.);
#190=(B_SPLINE_SURFACE(2,1,((#443,#444),(#445,#446),(#447,#448),(#449,#450),(#451,#452),(#453,#454),(#455,#456)),.UNSPECIFIED.,.T.,.F.,.F.)B_SPLINE_SURFACE_WITH_KNOTS((3,2,2,3),(2,2),(0.0,0.33333333333333,0.66666666666667,1.0),(0.0,1.4433756729741),.UNSPECIFIED.)RATIONAL_B_SPLINE_SURFACE(((1.0,1.0),(0.5,0.5),(1.0,1.0),(0.5,0.5),(1.0,1.0),(0.5,0.5),(1.0,1.0)))BOUNDED_SURFACE()REPRESENTATION_ITEM('')GEOMETRIC_REPRESENTATION_ITEM()SURFACE());
#191=SURFACE_STYLE_USAGE(.BOTH.,#463);
#192=CURVE_STYLE('',#464,POSITIVE_LENGTH_MEASURE(0.1),#465);
#193=FACE_OUTER_BOUND('',#466,.T.);
#194=B_SPLINE_SURFACE_WITH_KNOTS('',1,1,((#467,#468),(#469,#470)),.UNSPECIFIED.,.F.,.F.,.F.,(2,2),(2,2),(0.0396462090541003,0.960353790945898),(0.032828027235991,0.96717197276401),.UNSPECIFIED.);
#195=SURFACE_STYLE_USAGE(.BOTH.,#471);
#196=CURVE_STYLE('',#472,POSITIVE_LENGTH_MEASURE(0.1),#473);
#197=FACE_OUTER_BOUND('',#474,.T.);
#198=(B_SPLINE_SURFACE(2,1,((#476,#477),(#478,#479),(#480,#481),(#482,#483),(#484,#485),(#486,#487),(#488,#489)),.UNSPECIFIED.,.T.,.F.,.F.)B_SPLINE_SURFACE_WITH_KNOTS((3,2,2,3),(2,2),(0.0,0.33333333333333,0.66666666666667,1.0),(0.0,1.4433756729741),.UNSPECIFIED.)RATIONAL_B_SPLINE_SURFACE(((1.0,1.0),(0.5,0.5),(1.0,1.0),(0.5,0.5),(1.0,1.0),(0.5,0.5),(1.0,1.0)))BOUNDED_SURFACE()REPRESENTATION_ITEM('')GEOMETRIC_REPRESENTATION_ITEM()SURFACE());
#199=CURVE_STYLE('',#496,POSITIVE_LENGTH_MEASURE(0.1),#497);
#200=VERTEX_POINT('V121',#498);
#201=VERTEX_POINT('',#499);
#202=(B_SPLINE_CURVE(2,(#501,#502,#503,#504,#505),.UNSPECIFIED.,.F.,.F.)B_SPLINE_CURVE_WITH_KNOTS((3,2,3),(0.0,0.33333333333333,0.499999999999999),.UNSPECIFIED.)RATIONAL_B_SPLINE_CURVE((1.0,0.5,1.0,0.750000000000002,0.75))BOUNDED_CURVE()REPRESENTATION_ITEM('')GEOMETRIC_REPRESENTATION_ITEM()CURVE());
#203=CURVE_STYLE('',#512,POSITIVE_LENGTH_MEASURE(0.1),#513);
#204=VERTEX_POINT('V117',#514);
#205=B_SPLINE_CURVE_WITH_KNOTS('',1,(#515,#516),.UNSPECIFIED.,.F.,.F.,(2,2),(0.0,1.4433756729741),.UNSPECIFIED.);
#206=CURVE_STYLE('',#517,POSITIVE_LENGTH_MEASURE(0.1),#518);
#207=VERTEX_POINT('',#519);
#208=(B_SPLINE_CURVE(2,(#521,#522,#523,#524,#525),.UNSPECIFIED.,.F.,.F.)B_SPLINE_CURVE_WITH_KNOTS((3,2,3),(0.0,0.33333333333333,0.499999999999999),.UNSPECIFIED.)RATIONAL_B_SPLINE_CURVE((1.0,0.5,1.0,0.750000000000002,0.75))BOUNDED_CURVE()REPRESENTATION_ITEM('')GEOMETRIC_REPRESENTATION_ITEM()CURVE());
#209=CURVE_STYLE('',#532,POSITIVE_LENGTH_MEASURE(0.1),#533);
#210=VERTEX_POINT('V122',#534);
#211=VERTEX_POINT('',#535);
#212=(B_SPLINE_CURVE(2,(#537,#538,#539,#540,#541),.UNSPECIFIED.,.F.,.F.)B_SPLINE_CURVE_WITH_KNOTS((3,2,3),(0.0,0.33333333333333,0.499999999999998),.UNSPECIFIED.)RATIONAL_B_SPLINE_CURVE((1.0,0.5,1.0,0.750000000000002,0.75))BOUNDED_CURVE()REPRESENTATION_ITEM('')GEOMETRIC_REPRESENTATION_ITEM()CURVE());
#213=CURVE_STYLE('',#548,POSITIVE_LENGTH_MEASURE(0.1),#549);
#214=VERTEX_POINT('V118',#550);
#215=B_SPLINE_CURVE_WITH_KNOTS('',1,(#551,#552),.UNSPECIFIED.,.F.,.F.,(2,2),(0.0,1.4433756729741),.UNSPECIFIED.);
#216=CURVE_STYLE('',#553,POSITIVE_LENGTH_MEASURE(0.1),#554);
#217=VERTEX_POINT('',#555);
#218=(B_SPLINE_CURVE(2,(#557,#558,#559,#560,#561),.UNSPECIFIED.,.F.,.F.)B_SPLINE_CURVE_WITH_KNOTS((3,2,3),(0.0,0.33333333333333,0.499999999999999),.UNSPECIFIED.)RATIONAL_B_SPLINE_CURVE((1.0,0.5,1.0,0.750000000000002,0.75))BOUNDED_CURVE()REPRESENTATION_ITEM('')GEOMETRIC_REPRESENTATION_ITEM()CURVE());
#219=CURVE_STYLE('',#568,POSITIVE_LENGTH_MEASURE(0.1),#569);
#220=VERTEX_POINT('V123',#570);
#221=VERTEX_POINT('',#571);
#222=(B_SPLINE_CURVE(2,(#573,#574,#575,#576,#577),.UNSPECIFIED.,.F.,.F.)B_SPLINE_CURVE_WITH_KNOTS((3,2,3),(0.0,0.33333333333333,0.499999999999974),.UNSPECIFIED.)RATIONAL_B_SPLINE_CURVE((1.0,0.5,1.0,0.75000000000004,0.75))BOUNDED_CURVE()REPRESENTATION_ITEM('')GEOMETRIC_REPRESENTATION_ITEM()CURVE());
#223=CURVE_STYLE('',#584,POSITIVE_LENGTH_MEASURE(0.1),#585);
#224=VERTEX_POINT('V119',#586);
#225=B_SPLINE_CURVE_WITH_KNOTS('',1,(#587,#588),.UNSPECIFIED.,.F.,.F.,(2,2),(0.0,1.4433756729741),.UNSPECIFIED.);
#226=CURVE_STYLE('',#589,POSITIVE_LENGTH_MEASURE(0.1),#590);
#227=VERTEX_POINT('',#591);
#228=(B_SPLINE_CURVE(2,(#593,#594,#595,#596,#597),.UNSPECIFIED.,.F.,.F.)B_SPLINE_CURVE_WITH_KNOTS((3,2,3),(0.0,0.33333333333333,0.499999999999974),.UNSPECIFIED.)RATIONAL_B_SPLINE_CURVE((1.0,0.5,1.0,0.750000000000039,0.75))BOUNDED_CURVE()REPRESENTATION_ITEM('')GEOMETRIC_REPRESENTATION_ITEM()CURVE());
#229=CURVE_STYLE('',#604,POSITIVE_LENGTH_MEASURE(0.1),#605);
#230=VERTEX_POINT('V124',#606);
#231=VERTEX_POINT('',#607);
#232=(B_SPLINE_CURVE(2,(#609,#610,#611,#612,#613),.UNSPECIFIED.,.F.,.F.)B_SPLINE_CURVE_WITH_KNOTS((3,2,3),(0.0,0.33333333333333,0.499999999999965),.UNSPECIFIED.)RATIONAL_B_SPLINE_CURVE((1.0,0.5,1.0,0.750000000000053,0.75))BOUNDED_CURVE()REPRESENTATION_ITEM('')GEOMETRIC_REPRESENTATION_ITEM()CURVE());
#233=CURVE_STYLE('',#620,POSITIVE_LENGTH_MEASURE(0.1),#621);
#234=VERTEX_POINT('V120',#622);
#235=B_SPLINE_CURVE_WITH_KNOTS('',1,(#623,#624),.UNSPECIFIED.,.F.,.F.,(2,2),(0.0,1.4433756729741),.UNSPECIFIED.);
#236=CURVE_STYLE('',#625,POSITIVE_LENGTH_MEASURE(0.1),#626);
#237=VERTEX_POINT('',#627);
#238=(B_SPLINE_CURVE(2,(#629,#630,#631,#632,#633),.UNSPECIFIED.,.F.,.F.)B_SPLINE_CURVE_WITH_KNOTS((3,2,3),(0.0,0.33333333333333,0.499999999999978),.UNSPECIFIED.)RATIONAL_B_SPLINE_CURVE((1.0,0.5,1.0,0.750000000000033,0.75))BOUNDED_CURVE()REPRESENTATION_ITEM('')GEOMETRIC_REPRESENTATION_ITEM()CURVE());
#239=CURVE_STYLE('',#640,POSITIVE_LENGTH_MEASURE(0.1),#641);
#240=(B_SPLINE_CURVE(2,(#643,#644,#645,#646,#647),.UNSPECIFIED.,.F.,.F.)B_SPLINE_CURVE_WITH_KNOTS((3,2,3),(0.499999999999978,0.66666666666667,1.0),.UNSPECIFIED.)RATIONAL_B_SPLINE_CURVE((0.75,0.749999999999967,1.0,0.5,1.0))BOUNDED_CURVE()REPRESENTATION_ITEM('')GEOMETRIC_REPRESENTATION_ITEM()CURVE());
#241=CURVE_STYLE('',#654,POSITIVE_LENGTH_MEASURE(0.1),#655);
#242=(B_SPLINE_CURVE(2,(#657,#658,#659,#660,#661),.UNSPECIFIED.,.F.,.F.)B_SPLINE_CURVE_WITH_KNOTS((3,2,3),(0.499999999999965,0.66666666666667,1.0),.UNSPECIFIED.)RATIONAL_B_SPLINE_CURVE((0.75,0.749999999999947,1.0,0.5,1.0))BOUNDED_CURVE()REPRESENTATION_ITEM('')GEOMETRIC_REPRESENTATION_ITEM()CURVE());
#243=CURVE_STYLE('',#668,POSITIVE_LENGTH_MEASURE(0.1),#669);
#244=(B_SPLINE_CURVE(2,(#671,#672,#673,#674,#675),.UNSPECIFIED.,.F.,.F.)B_SPLINE_CURVE_WITH_KNOTS((3,2,3),(0.499999999999974,0.66666666666667,1.0),.UNSPECIFIED.)RATIONAL_B_SPLINE_CURVE((0.75,0.749999999999961,1.0,0.5,1.0))BOUNDED_CURVE()REPRESENTATION_ITEM('')GEOMETRIC_REPRESENTATION_ITEM()CURVE());
#245=CURVE_STYLE('',#682,POSITIVE_LENGTH_MEASURE(0.1),#683);
#246=(B_SPLINE_CURVE(2,(#685,#686,#687,#688,#689),.UNSPECIFIED.,.F.,.F.)B_SPLINE_CURVE_WITH_KNOTS((3,2,3),(0.499999999999974,0.66666666666667,1.0),.UNSPECIFIED.)RATIONAL_B_SPLINE_CURVE((0.75,0.74999999999996,1.0,0.5,1.0))BOUNDED_CURVE()REPRESENTATION_ITEM('')GEOMETRIC_REPRESENTATION_ITEM()CURVE());
#247=CURVE_STYLE('',#696,POSITIVE_LENGTH_MEASURE(0.1),#697);
#248=(B_SPLINE_CURVE(2,(#699,#700,#701,#702,#703),.UNSPECIFIED.,.F.,.F.)B_SPLINE_CURVE_WITH_KNOTS((3,2,3),(0.499999999999999,0.66666666666667,1.0),.UNSPECIFIED.)RATIONAL_B_SPLINE_CURVE((0.75,0.749999999999998,1.0,0.5,1.0))BOUNDED_CURVE()REPRESENTATION_ITEM('')GEOMETRIC_REPRESENTATION_ITEM()CURVE());
#249=CURVE_STYLE('',#710,POSITIVE_LENGTH_MEASURE(0.1),#711);
#250=(B_SPLINE_CURVE(2,(#713,#714,#715,#716,#717),.UNSPECIFIED.,.F.,.F.)B_SPLINE_CURVE_WITH_KNOTS((3,2,3),(0.499999999999998,0.66666666666667,1.0),.UNSPECIFIED.)RATIONAL_B_SPLINE_CURVE((0.75,0.749999999999998,1.0,0.5,1.0))BOUNDED_CURVE()REPRESENTATION_ITEM('')GEOMETRIC_REPRESENTATION_ITEM()CURVE());
#251=CURVE_STYLE('',#724,POSITIVE_LENGTH_MEASURE(0.1),#725);
#252=(B_SPLINE_CURVE(2,(#727,#728,#729,#730,#731),.UNSPECIFIED.,.F.,.F.)B_SPLINE_CURVE_WITH_KNOTS((3,2,3),(0.499999999999999,0.66666666666667,1.0),.UNSPECIFIED.)RATIONAL_B_SPLINE_CURVE((0.75,0.749999999999998,1.0,0.5,1.0))BOUNDED_CURVE()REPRESENTATION_ITEM('')GEOMETRIC_REPRESENTATION_ITEM()CURVE());
#253=CURVE_STYLE('',#738,POSITIVE_LENGTH_MEASURE(0.1),#739);
#254=(B_SPLINE_CURVE(2,(#741,#742,#743,#744,#745),.UNSPECIFIED.,.F.,.F.)B_SPLINE_CURVE_WITH_KNOTS((3,2,3),(0.499999999999999,0.66666666666667,1.0),.UNSPECIFIED.)RATIONAL_B_SPLINE_CURVE((0.75,0.749999999999998,1.0,0.5,1.0))BOUNDED_CURVE()REPRESENTATION_ITEM('')GEOMETRIC_REPRESENTATION_ITEM()CURVE());
#255=SURFACE_STYLE_USAGE(.BOTH.,#752);
#256=CURVE_STYLE('',#753,POSITIVE_LENGTH_MEASURE(0.1),#754);
#257=CLOSED_SHELL('',(#755,#756,#58,#61,#64,#67,#70,#73,#76,#79,#82,#85,#88,#91,#757,#758,#759,#760,#761,#762,#763,#764,#765,#766,#767,#768,#769,#770,#771,#772,#773,#774,#775,#776,#777,#778,#779,#780,#781,#782,#783,#784,#785,#786,#787,#788,#789,#790,#791,#792,#793,#794,#795,#796,#797,#798,#799,#800,#801,#802,#803,#804,#805,#806,#807,#808,#809,#810,#811,#812,#813,#814,#815,#816,#817,#818,#819,#820,#821,#822,#823,#824));
#258=PRODUCT_CONTEXT('',#43,'mechanical');
#259=PRODUCT_DEFINITION_FORMATION_WITH_SPECIFIED_SOURCE(' ','NONE',#135,.NOT_KNOWN.);
#260=CARTESIAN_POINT('',(0.0,0.0,0.0));
#261=DIRECTION('',(0.0,0.0,1.0));
#262=DIRECTION('',(1.0,0.0,0.0));
#263= (NAMED_UNIT(#143)LENGTH_UNIT()SI_UNIT(.MILLI.,.METRE.));
#264=SURFACE_SIDE_STYLE('',(#826));
#265=DRAUGHTING_PRE_DEFINED_CURVE_FONT('continuous');
#266=COLOUR_RGB('',0.0,0.660000026226044,1.0);
#267=EDGE_LOOP('',(#827,#828,#829,#830));
#269=CARTESIAN_POINT('',(5.57,-4.5,8.08));
#270=CARTESIAN_POINT('',(5.57,8.673617E-16,8.08));
#271=CARTESIAN_POINT('',(5.57,-4.5,7.5603847577294));
#272=CARTESIAN_POINT('',(5.57,8.673617E-16,7.5603847577294));
#273=CARTESIAN_POINT('',(5.12,-4.5,7.8201923788647));
#274=CARTESIAN_POINT('',(5.12,8.673617E-16,7.8201923788647));
#275=CARTESIAN_POINT('',(4.67,-4.5,8.08));
#276=CARTESIAN_POINT('',(4.67,8.673617E-16,8.08));
#277=CARTESIAN_POINT('',(5.12,-4.5,8.3398076211353));
#278=CARTESIAN_POINT('',(5.12,8.673617E-16,8.3398076211353));
#279=CARTESIAN_POINT('',(5.57,-4.5,8.5996152422706));
#280=CARTESIAN_POINT('',(5.57,8.673617E-16,8.5996152422706));
#281=CARTESIAN_POINT('',(5.57,-4.5,8.08));
#282=CARTESIAN_POINT('',(5.57,8.673617E-16,8.08));
#289=SURFACE_SIDE_STYLE('',(#831));
#290=DRAUGHTING_PRE_DEFINED_CURVE_FONT('continuous');
#291=COLOUR_RGB('',0.0,0.660000026226044,1.0);
#292=EDGE_LOOP('',(#832,#833,#834,#835));
#294=CARTESIAN_POINT('',(3.03,-4.5,8.08));
#295=CARTESIAN_POINT('',(3.03,8.673617E-16,8.08));
#296=CARTESIAN_POINT('',(3.03,-4.5,7.5603847577294));
#297=CARTESIAN_POINT('',(3.03,8.673617E-16,7.5603847577294));
#298=CARTESIAN_POINT('',(2.58,-4.5,7.8201923788647));
#299=CARTESIAN_POINT('',(2.58,8.673617E-16,7.8201923788647));
#300=CARTESIAN_POINT('',(2.13,-4.5,8.08));
#301=CARTESIAN_POINT('',(2.13,8.673617E-16,8.08));
#302=CARTESIAN_POINT('',(2.58,-4.5,8.3398076211353));
#303=CARTESIAN_POINT('',(2.58,8.673617E-16,8.3398076211353));
#304=CARTESIAN_POINT('',(3.03,-4.5,8.5996152422706));
#305=CARTESIAN_POINT('',(3.03,8.673617E-16,8.5996152422706));
#306=CARTESIAN_POINT('',(3.03,-4.5,8.08));
#307=CARTESIAN_POINT('',(3.03,8.673617E-16,8.08));
#314=SURFACE_SIDE_STYLE('',(#836));
#315=DRAUGHTING_PRE_DEFINED_CURVE_FONT('continuous');
#316=COLOUR_RGB('',0.0,0.660000026226044,1.0);
#317=EDGE_LOOP('',(#837,#838,#839,#840));
#319=CARTESIAN_POINT('',(5.57,-4.5,86.82));
#320=CARTESIAN_POINT('',(5.57,8.673617E-16,86.82));
#321=CARTESIAN_POINT('',(5.57,-4.5,86.30038475773));
#322=CARTESIAN_POINT('',(5.57,8.673617E-16,86.30038475773));
#323=CARTESIAN_POINT('',(5.12,-4.5,86.560192378865));
#324=CARTESIAN_POINT('',(5.12,8.673617E-16,86.560192378865));
#325=CARTESIAN_POINT('',(4.67,-4.5,86.82));
#326=CARTESIAN_POINT('',(4.67,8.673617E-16,86.82));
#327=CARTESIAN_POINT('',(5.12,-4.5,87.079807621135));
#328=CARTESIAN_POINT('',(5.12,8.673617E-16,87.079807621135));
#329=CARTESIAN_POINT('',(5.57,-4.5,87.33961524227));
#330=CARTESIAN_POINT('',(5.57,8.673617E-16,87.33961524227));
#331=CARTESIAN_POINT('',(5.57,-4.5,86.82));
#332=CARTESIAN_POINT('',(5.57,8.673617E-16,86.82));
#339=SURFACE_SIDE_STYLE('',(#841));
#340=DRAUGHTING_PRE_DEFINED_CURVE_FONT('continuous');
#341=COLOUR_RGB('',0.0,0.660000026226044,1.0);
#342=EDGE_LOOP('',(#842,#843,#844,#845));
#344=CARTESIAN_POINT('',(3.03,-4.5,86.82));
#345=CARTESIAN_POINT('',(3.03,8.673617E-16,86.82));
#346=CARTESIAN_POINT('',(3.03,-4.5,86.30038475773));
#347=CARTESIAN_POINT('',(3.03,8.673617E-16,86.30038475773));
#348=CARTESIAN_POINT('',(2.58,-4.5,86.560192378865));
#349=CARTESIAN_POINT('',(2.58,8.673617E-16,86.560192378865));
#350=CARTESIAN_POINT('',(2.13,-4.5,86.82));
#351=CARTESIAN_POINT('',(2.13,8.673617E-16,86.82));
#352=CARTESIAN_POINT('',(2.58,-4.5,87.079807621135));
#353=CARTESIAN_POINT('',(2.58,8.673617E-16,87.079807621135));
#354=CARTESIAN_POINT('',(3.03,-4.5,87.33961524227));
#355=CARTESIAN_POINT('',(3.03,8.673617E-16,87.33961524227));
#356=CARTESIAN_POINT('',(3.03,-4.5,86.82));
#357=CARTESIAN_POINT('',(3.03,8.673617E-16,86.82));
#364=SURFACE_SIDE_STYLE('',(#846));
#365=DRAUGHTING_PRE_DEFINED_CURVE_FONT('continuous');
#366=COLOUR_RGB('',0.0,0.660000026226044,1.0);
#367=EDGE_LOOP('',(#847,#848));
#368=CARTESIAN_POINT('',(2.4261664979757,-4.5,86.5148289764677));
#369=CARTESIAN_POINT('',(2.4261664979757,-4.5,87.1251710235323));
#370=CARTESIAN_POINT('',(3.0338335020243,-4.5,86.5148289764677));
#371=CARTESIAN_POINT('',(3.0338335020243,-4.5,87.1251710235323));
#372=SURFACE_SIDE_STYLE('',(#849));
#373=DRAUGHTING_PRE_DEFINED_CURVE_FONT('continuous');
#374=COLOUR_RGB('',0.0,0.660000026226044,1.0);
#375=EDGE_LOOP('',(#850,#851,#852,#853));
#377=CARTESIAN_POINT('',(3.03,-4.5,86.82));
#378=CARTESIAN_POINT('',(3.03,8.673617E-16,86.82));
#379=CARTESIAN_POINT('',(3.03,-4.5,86.30038475773));
#380=CARTESIAN_POINT('',(3.03,8.673617E-16,86.30038475773));
#381=CARTESIAN_POINT('',(2.58,-4.5,86.560192378865));
#382=CARTESIAN_POINT('',(2.58,8.673617E-16,86.560192378865));
#383=CARTESIAN_POINT('',(2.13,-4.5,86.82));
#384=CARTESIAN_POINT('',(2.13,8.673617E-16,86.82));
#385=CARTESIAN_POINT('',(2.58,-4.5,87.079807621135));
#386=CARTESIAN_POINT('',(2.58,8.673617E-16,87.079807621135));
#387=CARTESIAN_POINT('',(3.03,-4.5,87.33961524227));
#388=CARTESIAN_POINT('',(3.03,8.673617E-16,87.33961524227));
#389=CARTESIAN_POINT('',(3.03,-4.5,86.82));
#390=CARTESIAN_POINT('',(3.03,8.673617E-16,86.82));
#397=SURFACE_SIDE_STYLE('',(#854));
#398=DRAUGHTING_PRE_DEFINED_CURVE_FONT('continuous');
#399=COLOUR_RGB('',0.0,0.660000026226044,1.0);
#400=EDGE_LOOP('',(#855,#856));
#401=CARTESIAN_POINT('',(4.96616649797568,-4.5,86.5148289764677));
#402=CARTESIAN_POINT('',(4.96616649797568,-4.5,87.1251710235323));
#403=CARTESIAN_POINT('',(5.57383350202431,-4.5,86.5148289764677));
#404=CARTESIAN_POINT('',(5.57383350202431,-4.5,87.1251710235323));
#405=SURFACE_SIDE_STYLE('',(#857));
#406=DRAUGHTING_PRE_DEFINED_CURVE_FONT('continuous');
#407=COLOUR_RGB('',0.0,0.660000026226044,1.0);
#408=EDGE_LOOP('',(#858,#859,#860,#861));
#410=CARTESIAN_POINT('',(5.57,-4.5,86.82));
#411=CARTESIAN_POINT('',(5.57,8.673617E-16,86.82));
#412=CARTESIAN_POINT('',(5.57,-4.5,86.30038475773));
#413=CARTESIAN_POINT('',(5.57,8.673617E-16,86.30038475773));
#414=CARTESIAN_POINT('',(5.12,-4.5,86.560192378865));
#415=CARTESIAN_POINT('',(5.12,8.673617E-16,86.560192378865));
#416=CARTESIAN_POINT('',(4.67,-4.5,86.82));
#417=CARTESIAN_POINT('',(4.67,8.673617E-16,86.82));
#418=CARTESIAN_POINT('',(5.12,-4.5,87.079807621135));
#419=CARTESIAN_POINT('',(5.12,8.673617E-16,87.079807621135));
#420=CARTESIAN_POINT('',(5.57,-4.5,87.33961524227));
#421=CARTESIAN_POINT('',(5.57,8.673617E-16,87.33961524227));
#422=CARTESIAN_POINT('',(5.57,-4.5,86.82));
#423=CARTESIAN_POINT('',(5.57,8.673617E-16,86.82));
#430=SURFACE_SIDE_STYLE('',(#862));
#431=DRAUGHTING_PRE_DEFINED_CURVE_FONT('continuous');
#432=COLOUR_RGB('',0.0,0.660000026226044,1.0);
#433=EDGE_LOOP('',(#863,#864));
#434=CARTESIAN_POINT('',(2.42616649797571,-4.5,7.7748289764676));
#435=CARTESIAN_POINT('',(2.42616649797571,-4.5,8.3851710235324));
#436=CARTESIAN_POINT('',(3.03383350202429,-4.5,7.7748289764676));
#437=CARTESIAN_POINT('',(3.03383350202429,-4.5,8.3851710235324));
#438=SURFACE_SIDE_STYLE('',(#865));
#439=DRAUGHTING_PRE_DEFINED_CURVE_FONT('continuous');
#440=COLOUR_RGB('',0.0,0.660000026226044,1.0);
#441=EDGE_LOOP('',(#866,#867,#868,#869));
#443=CARTESIAN_POINT('',(3.03,-4.5,8.08));
#444=CARTESIAN_POINT('',(3.03,8.673617E-16,8.08));
#445=CARTESIAN_POINT('',(3.03,-4.5,7.5603847577294));
#446=CARTESIAN_POINT('',(3.03,8.673617E-16,7.5603847577294));
#447=CARTESIAN_POINT('',(2.58,-4.5,7.8201923788647));
#448=CARTESIAN_POINT('',(2.58,8.673617E-16,7.8201923788647));
#449=CARTESIAN_POINT('',(2.13,-4.5,8.08));
#450=CARTESIAN_POINT('',(2.13,8.673617E-16,8.08));
#451=CARTESIAN_POINT('',(2.58,-4.5,8.3398076211353));
#452=CARTESIAN_POINT('',(2.58,8.673617E-16,8.3398076211353));
#453=CARTESIAN_POINT('',(3.03,-4.5,8.5996152422706));
#454=CARTESIAN_POINT('',(3.03,8.673617E-16,8.5996152422706));
#455=CARTESIAN_POINT('',(3.03,-4.5,8.08));
#456=CARTESIAN_POINT('',(3.03,8.673617E-16,8.08));
#463=SURFACE_SIDE_STYLE('',(#870));
#464=DRAUGHTING_PRE_DEFINED_CURVE_FONT('continuous');
#465=COLOUR_RGB('',0.0,0.660000026226044,1.0);
#466=EDGE_LOOP('',(#871,#872));
#467=CARTESIAN_POINT('',(4.96616649797571,-4.5,7.7748289764676));
#468=CARTESIAN_POINT('',(4.96616649797571,-4.5,8.3851710235324));
#469=CARTESIAN_POINT('',(5.57383350202429,-4.5,7.7748289764676));
#470=CARTESIAN_POINT('',(5.57383350202429,-4.5,8.3851710235324));
#471=SURFACE_SIDE_STYLE('',(#873));
#472=DRAUGHTING_PRE_DEFINED_CURVE_FONT('continuous');
#473=COLOUR_RGB('',0.0,0.660000026226044,1.0);
#474=EDGE_LOOP('',(#874,#875,#876,#877));
#476=CARTESIAN_POINT('',(5.57,-4.5,8.08));
#477=CARTESIAN_POINT('',(5.57,8.673617E-16,8.08));
#478=CARTESIAN_POINT('',(5.57,-4.5,7.5603847577294));
#479=CARTESIAN_POINT('',(5.57,8.673617E-16,7.5603847577294));
#480=CARTESIAN_POINT('',(5.12,-4.5,7.8201923788647));
#481=CARTESIAN_POINT('',(5.12,8.673617E-16,7.8201923788647));
#482=CARTESIAN_POINT('',(4.67,-4.5,8.08));
#483=CARTESIAN_POINT('',(4.67,8.673617E-16,8.08));
#484=CARTESIAN_POINT('',(5.12,-4.5,8.3398076211353));
#485=CARTESIAN_POINT('',(5.12,8.673617E-16,8.3398076211353));
#486=CARTESIAN_POINT('',(5.57,-4.5,8.5996152422706));
#487=CARTESIAN_POINT('',(5.57,8.673617E-16,8.5996152422706));
#488=CARTESIAN_POINT('',(5.57,-4.5,8.08));
#489=CARTESIAN_POINT('',(5.57,8.673617E-16,8.08));
#496=DRAUGHTING_PRE_DEFINED_CURVE_FONT('continuous');
#497=COLOUR_RGB('',0.0,0.660000026226044,1.0);
#498=CARTESIAN_POINT('',(5.57,8.673617E-16,8.08));
#499=CARTESIAN_POINT('',(4.97,8.673617E-16,8.08));
#501=CARTESIAN_POINT('',(5.57,8.673617E-16,8.08));
#502=CARTESIAN_POINT('',(5.57,8.673617E-16,7.5603847577293));
#503=CARTESIAN_POINT('',(5.12,8.673617E-16,7.8201923788647));
#504=CARTESIAN_POINT('',(4.97,8.673617E-16,7.90679491924313));
#505=CARTESIAN_POINT('',(4.97,8.673617E-16,8.08));
#512=DRAUGHTING_PRE_DEFINED_CURVE_FONT('continuous');
#513=COLOUR_RGB('',0.0,0.660000026226044,1.0);
#514=CARTESIAN_POINT('',(5.57,-4.5,8.08));
#515=CARTESIAN_POINT('',(5.57,-4.5,8.08));
#516=CARTESIAN_POINT('',(5.57,8.673617E-16,8.08));
#517=DRAUGHTING_PRE_DEFINED_CURVE_FONT('continuous');
#518=COLOUR_RGB('',0.0,0.660000026226044,1.0);
#519=CARTESIAN_POINT('',(4.97,-4.5,8.08));
#521=CARTESIAN_POINT('',(5.57,-4.5,8.08));
#522=CARTESIAN_POINT('',(5.57,-4.5,7.5603847577293));
#523=CARTESIAN_POINT('',(5.12,-4.5,7.8201923788647));
#524=CARTESIAN_POINT('',(4.97,-4.5,7.90679491924313));
#525=CARTESIAN_POINT('',(4.97,-4.5,8.08));
#532=DRAUGHTING_PRE_DEFINED_CURVE_FONT('continuous');
#533=COLOUR_RGB('',0.0,0.660000026226044,1.0);
#534=CARTESIAN_POINT('',(3.03,8.673617E-16,8.08));
#535=CARTESIAN_POINT('',(2.43,8.673617E-16,8.08));
#537=CARTESIAN_POINT('',(3.03,8.673617E-16,8.08));
#538=CARTESIAN_POINT('',(3.03,8.673617E-16,7.5603847577293));
#539=CARTESIAN_POINT('',(2.58,8.673617E-16,7.8201923788647));
#540=CARTESIAN_POINT('',(2.43,8.673617E-16,7.90679491924313));
#541=CARTESIAN_POINT('',(2.43,8.673617E-16,8.08));
#548=DRAUGHTING_PRE_DEFINED_CURVE_FONT('continuous');
#549=COLOUR_RGB('',0.0,0.660000026226044,1.0);
#550=CARTESIAN_POINT('',(3.03,-4.5,8.08));
#551=CARTESIAN_POINT('',(3.03,-4.5,8.08));
#552=CARTESIAN_POINT('',(3.03,8.673617E-16,8.08));
#553=DRAUGHTING_PRE_DEFINED_CURVE_FONT('continuous');
#554=COLOUR_RGB('',0.0,0.660000026226044,1.0);
#555=CARTESIAN_POINT('',(2.43,-4.5,8.08));
#557=CARTESIAN_POINT('',(3.03,-4.5,8.08));
#558=CARTESIAN_POINT('',(3.03,-4.5,7.5603847577293));
#559=CARTESIAN_POINT('',(2.58,-4.5,7.8201923788647));
#560=CARTESIAN_POINT('',(2.43,-4.5,7.90679491924313));
#561=CARTESIAN_POINT('',(2.43,-4.5,8.08));
#568=DRAUGHTING_PRE_DEFINED_CURVE_FONT('continuous');
#569=COLOUR_RGB('',0.0,0.660000026226044,1.0);
#570=CARTESIAN_POINT('',(5.57,8.673617E-16,86.82));
#571=CARTESIAN_POINT('',(4.97,8.673617E-16,86.82));
#573=CARTESIAN_POINT('',(5.57,8.673617E-16,86.82));
#574=CARTESIAN_POINT('',(5.57,8.673617E-16,86.300384757729));
#575=CARTESIAN_POINT('',(5.12,8.673617E-16,86.560192378865));
#576=CARTESIAN_POINT('',(4.97000000000003,8.673617E-16,86.6467949192433));
#577=CARTESIAN_POINT('',(4.97,8.673617E-16,86.82));
#584=DRAUGHTING_PRE_DEFINED_CURVE_FONT('continuous');
#585=COLOUR_RGB('',0.0,0.660000026226044,1.0);
#586=CARTESIAN_POINT('',(5.57,-4.5,86.82));
#587=CARTESIAN_POINT('',(5.57,-4.5,86.82));
#588=CARTESIAN_POINT('',(5.57,8.673617E-16,86.82));
#589=DRAUGHTING_PRE_DEFINED_CURVE_FONT('continuous');
#590=COLOUR_RGB('',0.0,0.660000026226044,1.0);
#591=CARTESIAN_POINT('',(4.97,-4.5,86.82));
#593=CARTESIAN_POINT('',(5.57,-4.5,86.82));
#594=CARTESIAN_POINT('',(5.57,-4.5,86.300384757729));
#595=CARTESIAN_POINT('',(5.12,-4.5,86.560192378865));
#596=CARTESIAN_POINT('',(4.97000000000003,-4.5,86.6467949192433));
#597=CARTESIAN_POINT('',(4.97,-4.5,86.82));
#604=DRAUGHTING_PRE_DEFINED_CURVE_FONT('continuous');
#605=COLOUR_RGB('',0.0,0.660000026226044,1.0);
#606=CARTESIAN_POINT('',(3.03,8.673617E-16,86.82));
#607=CARTESIAN_POINT('',(2.43,8.673617E-16,86.82));
#609=CARTESIAN_POINT('',(3.03,8.673617E-16,86.82));
#610=CARTESIAN_POINT('',(3.03,8.673617E-16,86.300384757729));
#611=CARTESIAN_POINT('',(2.58,8.673617E-16,86.560192378865));
#612=CARTESIAN_POINT('',(2.43000000000004,8.673617E-16,86.6467949192433));
#613=CARTESIAN_POINT('',(2.43,8.673617E-16,86.82));
#620=DRAUGHTING_PRE_DEFINED_CURVE_FONT('continuous');
#621=COLOUR_RGB('',0.0,0.660000026226044,1.0);
#622=CARTESIAN_POINT('',(3.03,-4.5,86.82));
#623=CARTESIAN_POINT('',(3.03,-4.5,86.82));
#624=CARTESIAN_POINT('',(3.03,8.673617E-16,86.82));
#625=DRAUGHTING_PRE_DEFINED_CURVE_FONT('continuous');
#626=COLOUR_RGB('',0.0,0.660000026226044,1.0);
#627=CARTESIAN_POINT('',(2.43,-4.5,86.82));
#629=CARTESIAN_POINT('',(3.03,-4.5,86.82));
#630=CARTESIAN_POINT('',(3.03,-4.5,86.300384757729));
#631=CARTESIAN_POINT('',(2.58,-4.5,86.560192378865));
#632=CARTESIAN_POINT('',(2.43000000000003,-4.5,86.6467949192433));
#633=CARTESIAN_POINT('',(2.43,-4.5,86.82));
#640=DRAUGHTING_PRE_DEFINED_CURVE_FONT('continuous');
#641=COLOUR_RGB('',0.0,0.660000026226044,1.0);
#643=CARTESIAN_POINT('',(2.43,-4.5,86.8199999999999));
#644=CARTESIAN_POINT('',(2.42999999999997,-4.5,86.9932050807566));
#645=CARTESIAN_POINT('',(2.58,-4.5,87.079807621135));
#646=CARTESIAN_POINT('',(3.03,-4.5,87.339615242271));
#647=CARTESIAN_POINT('',(3.03,-4.5,86.82));
#654=DRAUGHTING_PRE_DEFINED_CURVE_FONT('continuous');
#655=COLOUR_RGB('',0.0,0.660000026226044,1.0);
#657=CARTESIAN_POINT('',(2.43,8.673617E-16,86.8199999999999));
#658=CARTESIAN_POINT('',(2.42999999999996,8.673617E-16,86.9932050807566));
#659=CARTESIAN_POINT('',(2.58,8.673617E-16,87.079807621135));
#660=CARTESIAN_POINT('',(3.03,8.673617E-16,87.339615242271));
#661=CARTESIAN_POINT('',(3.03,8.673617E-16,86.82));
#668=DRAUGHTING_PRE_DEFINED_CURVE_FONT('continuous');
#669=COLOUR_RGB('',0.0,0.660000026226044,1.0);
#671=CARTESIAN_POINT('',(4.97,-4.5,86.8199999999999));
#672=CARTESIAN_POINT('',(4.96999999999997,-4.5,86.9932050807566));
#673=CARTESIAN_POINT('',(5.12,-4.5,87.079807621135));
#674=CARTESIAN_POINT('',(5.57,-4.5,87.339615242271));
#675=CARTESIAN_POINT('',(5.57,-4.5,86.82));
#682=DRAUGHTING_PRE_DEFINED_CURVE_FONT('continuous');
#683=COLOUR_RGB('',0.0,0.660000026226044,1.0);
#685=CARTESIAN_POINT('',(4.97,8.673617E-16,86.82));
#686=CARTESIAN_POINT('',(4.96999999999997,8.673617E-16,86.9932050807566));
#687=CARTESIAN_POINT('',(5.12,8.673617E-16,87.079807621135));
#688=CARTESIAN_POINT('',(5.57,8.673617E-16,87.339615242271));
#689=CARTESIAN_POINT('',(5.57,8.673617E-16,86.82));
#696=DRAUGHTING_PRE_DEFINED_CURVE_FONT('continuous');
#697=COLOUR_RGB('',0.0,0.660000026226044,1.0);
#699=CARTESIAN_POINT('',(2.43,-4.5,8.08));
#700=CARTESIAN_POINT('',(2.43,-4.5,8.25320508075687));
#701=CARTESIAN_POINT('',(2.58,-4.5,8.3398076211353));
#702=CARTESIAN_POINT('',(3.03,-4.5,8.5996152422707));
#703=CARTESIAN_POINT('',(3.03,-4.5,8.08));
#710=DRAUGHTING_PRE_DEFINED_CURVE_FONT('continuous');
#711=COLOUR_RGB('',0.0,0.660000026226044,1.0);
#713=CARTESIAN_POINT('',(2.43,8.673617E-16,8.07999999999999));
#714=CARTESIAN_POINT('',(2.43,8.673617E-16,8.25320508075687));
#715=CARTESIAN_POINT('',(2.58,8.673617E-16,8.3398076211353));
#716=CARTESIAN_POINT('',(3.03,8.673617E-16,8.5996152422707));
#717=CARTESIAN_POINT('',(3.03,8.673617E-16,8.08));
#724=DRAUGHTING_PRE_DEFINED_CURVE_FONT('continuous');
#725=COLOUR_RGB('',0.0,0.660000026226044,1.0);
#727=CARTESIAN_POINT('',(4.97,-4.5,8.08));
#728=CARTESIAN_POINT('',(4.97,-4.5,8.25320508075687));
#729=CARTESIAN_POINT('',(5.12,-4.5,8.3398076211353));
#730=CARTESIAN_POINT('',(5.57,-4.5,8.5996152422707));
#731=CARTESIAN_POINT('',(5.57,-4.5,8.08));
#738=DRAUGHTING_PRE_DEFINED_CURVE_FONT('continuous');
#739=COLOUR_RGB('',0.0,0.660000026226044,1.0);
#741=CARTESIAN_POINT('',(4.97,8.673617E-16,8.07999999999999));
#742=CARTESIAN_POINT('',(4.97,8.673617E-16,8.25320508075687));
#743=CARTESIAN_POINT('',(5.12,8.673617E-16,8.3398076211353));
#744=CARTESIAN_POINT('',(5.57,8.673617E-16,8.5996152422707));
#745=CARTESIAN_POINT('',(5.57,8.673617E-16,8.08));
#752=SURFACE_SIDE_STYLE('',(#878));
#753=DRAUGHTING_PRE_DEFINED_CURVE_FONT('continuous');
#754=COLOUR_RGB('',1.0,0.660000026226044,0.0);
#755=ADVANCED_FACE('F65',(#879),#880,.F.);
#756=ADVANCED_FACE('F64',(#881),#882,.F.);
#757=ADVANCED_FACE('F64',(#883),#884,.F.);
#758=ADVANCED_FACE('F65',(#885),#886,.F.);
#759=ADVANCED_FACE('F40',(#887),#888,.F.);
#760=ADVANCED_FACE('F25',(#889),#890,.F.);
#761=ADVANCED_FACE('F28',(#891),#892,.F.);
#762=ADVANCED_FACE('F42',(#893),#894,.F.);
#763=ADVANCED_FACE('F43',(#895),#896,.F.);
#764=ADVANCED_FACE('F29',(#897),#898,.F.);
#765=ADVANCED_FACE('F38',(#899),#900,.F.);
#766=ADVANCED_FACE('F52',(#901),#902,.F.);
#767=ADVANCED_FACE('F55',(#903),#904,.T.);
#768=ADVANCED_FACE('F54',(#905),#906,.F.);
#769=ADVANCED_FACE('F49',(#907),#908,.T.);
#770=ADVANCED_FACE('F39',(#909),#910,.F.);
#771=ADVANCED_FACE('F57',(#911),#912,.F.);
#772=ADVANCED_FACE('F15',(#913),#914,.F.);
#773=ADVANCED_FACE('F21',(#915),#916,.F.);
#774=ADVANCED_FACE('F16',(#917),#918,.F.);
#775=ADVANCED_FACE('F14',(#919),#920,.F.);
#776=ADVANCED_FACE('F17',(#921),#922,.F.);
#777=ADVANCED_FACE('F11',(#923),#924,.F.);
#778=ADVANCED_FACE('F20',(#925),#926,.F.);
#779=ADVANCED_FACE('F12',(#927),#928,.F.);
#780=ADVANCED_FACE('F10',(#929),#930,.F.);
#781=ADVANCED_FACE('F13',(#931),#932,.F.);
#782=ADVANCED_FACE('F7',(#933),#934,.F.);
#783=ADVANCED_FACE('F19',(#935),#936,.F.);
#784=ADVANCED_FACE('F8',(#937),#938,.F.);
#785=ADVANCED_FACE('F6',(#939),#940,.F.);
#786=ADVANCED_FACE('F9',(#941),#942,.F.);
#787=ADVANCED_FACE('F3',(#943),#944,.F.);
#788=ADVANCED_FACE('F18',(#945),#946,.F.);
#789=ADVANCED_FACE('F4',(#947),#948,.F.);
#790=ADVANCED_FACE('F2',(#949),#950,.F.);
#791=ADVANCED_FACE('F5',(#951),#952,.F.);
#792=ADVANCED_FACE('F1',(#953,#954,#955,#956,#957),#958,.T.);
#793=ADVANCED_FACE('F59',(#959),#960,.T.);
#794=ADVANCED_FACE('F63',(#961),#962,.T.);
#795=ADVANCED_FACE('F47',(#963),#964,.T.);
#796=ADVANCED_FACE('F48',(#965),#966,.T.);
#797=ADVANCED_FACE('F60',(#967),#968,.T.);
#798=ADVANCED_FACE('F45',(#969),#970,.T.);
#799=ADVANCED_FACE('F46',(#971),#972,.T.);
#800=ADVANCED_FACE('F62',(#973),#974,.T.);
#801=ADVANCED_FACE('F58',(#975),#976,.F.);
#802=ADVANCED_FACE('F50',(#977),#978,.T.);
#803=ADVANCED_FACE('F53',(#979),#980,.F.);
#804=ADVANCED_FACE('F56',(#981),#982,.T.);
#805=ADVANCED_FACE('F51',(#983),#984,.F.);
#806=ADVANCED_FACE('F22',(#985),#986,.T.);
#807=ADVANCED_FACE('F30',(#987),#988,.F.);
#808=ADVANCED_FACE('F37',(#989),#990,.F.);
#809=ADVANCED_FACE('F27',(#991),#992,.F.);
#810=ADVANCED_FACE('F67',(#993,#994),#995,.F.);
#811=ADVANCED_FACE('F23',(#996),#997,.T.);
#812=ADVANCED_FACE('F61',(#998),#999,.T.);
#813=ADVANCED_FACE('F41',(#1000),#1001,.F.);
#814=ADVANCED_FACE('F44',(#1002),#1003,.F.);
#815=ADVANCED_FACE('F32',(#1004),#1005,.F.);
#816=ADVANCED_FACE('F36',(#1006),#1007,.F.);
#817=ADVANCED_FACE('F33',(#1008),#1009,.F.);
#818=ADVANCED_FACE('F26',(#1010),#1011,.F.);
#819=ADVANCED_FACE('F34',(#1012),#1013,.F.);
#820=ADVANCED_FACE('F35',(#1014),#1015,.F.);
#821=ADVANCED_FACE('F31',(#1016),#1017,.F.);
#822=ADVANCED_FACE('F66',(#1018,#1019),#1020,.F.);
#823=ADVANCED_FACE('F24',(#1021),#1022,.T.);
#824=ADVANCED_FACE('F76',(#1023,#1024,#1025,#1026,#1027,#1028,#1029),#1030,.T.);
#826=SURFACE_STYLE_FILL_AREA(#1031);
#827=ORIENTED_EDGE('',*,*,#1032,.F.);
#828=ORIENTED_EDGE('',*,*,#93,.F.);
#829=ORIENTED_EDGE('',*,*,#95,.F.);
#830=ORIENTED_EDGE('',*,*,#97,.T.);
#831=SURFACE_STYLE_FILL_AREA(#1033);
#832=ORIENTED_EDGE('',*,*,#1034,.F.);
#833=ORIENTED_EDGE('',*,*,#99,.F.);
#834=ORIENTED_EDGE('',*,*,#101,.F.);
#835=ORIENTED_EDGE('',*,*,#103,.T.);
#836=SURFACE_STYLE_FILL_AREA(#1035);
#837=ORIENTED_EDGE('',*,*,#1036,.F.);
#838=ORIENTED_EDGE('',*,*,#105,.F.);
#839=ORIENTED_EDGE('',*,*,#107,.F.);
#840=ORIENTED_EDGE('',*,*,#109,.T.);
#841=SURFACE_STYLE_FILL_AREA(#1037);
#842=ORIENTED_EDGE('',*,*,#1038,.F.);
#843=ORIENTED_EDGE('',*,*,#111,.F.);
#844=ORIENTED_EDGE('',*,*,#113,.F.);
#845=ORIENTED_EDGE('',*,*,#115,.T.);
#846=SURFACE_STYLE_FILL_AREA(#1039);
#847=ORIENTED_EDGE('',*,*,#115,.F.);
#848=ORIENTED_EDGE('',*,*,#117,.F.);
#849=SURFACE_STYLE_FILL_AREA(#1040);
#850=ORIENTED_EDGE('',*,*,#1038,.T.);
#851=ORIENTED_EDGE('',*,*,#117,.T.);
#852=ORIENTED_EDGE('',*,*,#113,.T.);
#853=ORIENTED_EDGE('',*,*,#119,.F.);
#854=SURFACE_STYLE_FILL_AREA(#1041);
#855=ORIENTED_EDGE('',*,*,#109,.F.);
#856=ORIENTED_EDGE('',*,*,#121,.F.);
#857=SURFACE_STYLE_FILL_AREA(#1042);
#858=ORIENTED_EDGE('',*,*,#1036,.T.);
#859=ORIENTED_EDGE('',*,*,#121,.T.);
#860=ORIENTED_EDGE('',*,*,#107,.T.);
#861=ORIENTED_EDGE('',*,*,#123,.F.);
#862=SURFACE_STYLE_FILL_AREA(#1043);
#863=ORIENTED_EDGE('',*,*,#103,.F.);
#864=ORIENTED_EDGE('',*,*,#125,.F.);
#865=SURFACE_STYLE_FILL_AREA(#1044);
#866=ORIENTED_EDGE('',*,*,#1034,.T.);
#867=ORIENTED_EDGE('',*,*,#125,.T.);
#868=ORIENTED_EDGE('',*,*,#101,.T.);
#869=ORIENTED_EDGE('',*,*,#127,.F.);
#870=SURFACE_STYLE_FILL_AREA(#1045);
#871=ORIENTED_EDGE('',*,*,#97,.F.);
#872=ORIENTED_EDGE('',*,*,#129,.F.);
#873=SURFACE_STYLE_FILL_AREA(#1046);
#874=ORIENTED_EDGE('',*,*,#1032,.T.);
#875=ORIENTED_EDGE('',*,*,#129,.T.);
#876=ORIENTED_EDGE('',*,*,#95,.T.);
#877=ORIENTED_EDGE('',*,*,#131,.F.);
#878=SURFACE_STYLE_FILL_AREA(#1047);
#879=FACE_OUTER_BOUND('',#1048,.T.);
#880=(B_SPLINE_SURFACE(2,1,((#1050,#1051),(#1052,#1053),(#1054,#1055),(#1056,#1057),(#1058,#1059),(#1060,#1061),(#1062,#1063)),.UNSPECIFIED.,.T.,.F.,.F.)B_SPLINE_SURFACE_WITH_KNOTS((3,2,2,3),(2,2),(0.0,1.7320508075689,3.4641016151378,5.1961524227066),(0.0,1.0),.UNSPECIFIED.)RATIONAL_B_SPLINE_SURFACE(((1.0,1.0),(0.5,0.5),(1.0,1.0),(0.5,0.5),(1.0,1.0),(0.5,0.5),(1.0,1.0)))BOUNDED_SURFACE()REPRESENTATION_ITEM('')GEOMETRIC_REPRESENTATION_ITEM()SURFACE());
#881=FACE_OUTER_BOUND('',#1070,.T.);
#882=(B_SPLINE_SURFACE(2,1,((#1072,#1073),(#1074,#1075),(#1076,#1077),(#1078,#1079),(#1080,#1081),(#1082,#1083),(#1084,#1085)),.UNSPECIFIED.,.T.,.F.,.F.)B_SPLINE_SURFACE_WITH_KNOTS((3,2,2,3),(2,2),(0.0,1.7320508075689,3.4641016151378,5.1961524227066),(0.0,1.0),.UNSPECIFIED.)RATIONAL_B_SPLINE_SURFACE(((1.0,1.0),(0.5,0.5),(1.0,1.0),(0.5,0.5),(1.0,1.0),(0.5,0.5),(1.0,1.0)))BOUNDED_SURFACE()REPRESENTATION_ITEM('')GEOMETRIC_REPRESENTATION_ITEM()SURFACE());
#883=FACE_OUTER_BOUND('',#1092,.T.);
#884=(B_SPLINE_SURFACE(2,1,((#1094,#1095),(#1096,#1097),(#1098,#1099),(#1100,#1101),(#1102,#1103),(#1104,#1105),(#1106,#1107)),.UNSPECIFIED.,.T.,.F.,.F.)B_SPLINE_SURFACE_WITH_KNOTS((3,2,2,3),(2,2),(0.0,1.7320508075689,3.4641016151378,5.1961524227066),(0.0,1.0),.UNSPECIFIED.)RATIONAL_B_SPLINE_SURFACE(((1.0,1.0),(0.5,0.5),(1.0,1.0),(0.5,0.5),(1.0,1.0),(0.5,0.5),(1.0,1.0)))BOUNDED_SURFACE()REPRESENTATION_ITEM('')GEOMETRIC_REPRESENTATION_ITEM()SURFACE());
#885=FACE_OUTER_BOUND('',#1114,.T.);
#886=(B_SPLINE_SURFACE(2,1,((#1116,#1117),(#1118,#1119),(#1120,#1121),(#1122,#1123),(#1124,#1125),(#1126,#1127),(#1128,#1129)),.UNSPECIFIED.,.T.,.F.,.F.)B_SPLINE_SURFACE_WITH_KNOTS((3,2,2,3),(2,2),(0.0,1.7320508075689,3.4641016151378,5.1961524227066),(0.0,1.0),.UNSPECIFIED.)RATIONAL_B_SPLINE_SURFACE(((1.0,1.0),(0.5,0.5),(1.0,1.0),(0.5,0.5),(1.0,1.0),(0.5,0.5),(1.0,1.0)))BOUNDED_SURFACE()REPRESENTATION_ITEM('')GEOMETRIC_REPRESENTATION_ITEM()SURFACE());
#887=FACE_OUTER_BOUND('',#1136,.T.);
#888=B_SPLINE_SURFACE_WITH_KNOTS('',1,1,((#1137,#1138),(#1139,#1140)),.UNSPECIFIED.,.F.,.F.,.F.,(2,2),(2,2),(0.0990476190476227,1.1),(0.0,6.90571428571426),.UNSPECIFIED.);
#889=FACE_OUTER_BOUND('',#1141,.T.);
#890=B_SPLINE_SURFACE_WITH_KNOTS('',1,1,((#1142,#1143),(#1144,#1145)),.UNSPECIFIED.,.F.,.F.,.F.,(2,2),(2,2),(0.0162985312070331,0.983701468792967),(0.0162985312070327,1.35837556554775),.UNSPECIFIED.);
#891=FACE_OUTER_BOUND('',#1146,.T.);
#892=B_SPLINE_SURFACE_WITH_KNOTS('',1,1,((#1147,#1148),(#1149,#1150)),.UNSPECIFIED.,.F.,.F.,.F.,(2,2),(2,2),(0.0,1.0),(0.0,0.400148148105943),.UNSPECIFIED.);
#893=FACE_OUTER_BOUND('',#1151,.T.);
#894=B_SPLINE_SURFACE_WITH_KNOTS('',1,1,((#1152,#1153),(#1154,#1155)),.UNSPECIFIED.,.F.,.F.,.F.,(2,2),(2,2),(0.0,1.0),(0.0,0.824897959183653),.UNSPECIFIED.);
#895=FACE_OUTER_BOUND('',#1156,.T.);
#896=B_SPLINE_SURFACE_WITH_KNOTS('',1,1,((#1157,#1158),(#1159,#1160)),.UNSPECIFIED.,.F.,.F.,.F.,(2,2),(2,2),(0.0,0.252626582278481),(0.0,0.164683544303797),.UNSPECIFIED.);
#897=FACE_OUTER_BOUND('',#1161,.T.);
#898=B_SPLINE_SURFACE_WITH_KNOTS('',1,1,((#1162,#1163),(#1164,#1165)),.UNSPECIFIED.,.F.,.F.,.F.,(2,2),(2,2),(0.0,1.0),(0.0,0.733666666666658),.UNSPECIFIED.);
#899=FACE_OUTER_BOUND('',#1166,.T.);
#900=B_SPLINE_SURFACE_WITH_KNOTS('',1,1,((#1167,#1168),(#1169,#1170)),.UNSPECIFIED.,.F.,.F.,.F.,(2,2),(2,2),(0.0453146853146857,0.954685314685314),(0.0453146853146858,0.403075431153942),.UNSPECIFIED.);
#901=FACE_OUTER_BOUND('',#1171,.T.);
#902=B_SPLINE_SURFACE_WITH_KNOTS('',1,1,((#1172,#1173),(#1174,#1175)),.UNSPECIFIED.,.F.,.F.,.F.,(2,2),(2,2),(0.0,1.0),(0.0,1.351),.UNSPECIFIED.);
#903=FACE_OUTER_BOUND('',#1176,.T.);
#904=B_SPLINE_SURFACE_WITH_KNOTS('',1,1,((#1177,#1178),(#1179,#1180)),.UNSPECIFIED.,.F.,.F.,.F.,(2,2),(2,2),(0.0,1.0),(8.948999999985,85.951),.UNSPECIFIED.);
#905=FACE_OUTER_BOUND('',#1181,.T.);
#906=B_SPLINE_SURFACE_WITH_KNOTS('',1,1,((#1182,#1183),(#1184,#1185)),.UNSPECIFIED.,.F.,.F.,.F.,(2,2),(2,2),(0.0,1.0),(0.0,1.351),.UNSPECIFIED.);
#907=FACE_OUTER_BOUND('',#1186,.T.);
#908=B_SPLINE_SURFACE_WITH_KNOTS('',1,1,((#1187,#1188),(#1189,#1190)),.UNSPECIFIED.,.F.,.F.,.F.,(2,2),(2,2),(0.0924691358024691,0.987777777777778),(0.623333333333347,11.1174074074077),.UNSPECIFIED.);
#909=FACE_OUTER_BOUND('',#1191,.T.);
#910=B_SPLINE_SURFACE_WITH_KNOTS('',1,1,((#1192,#1193),(#1194,#1195)),.UNSPECIFIED.,.F.,.F.,.F.,(2,2),(2,2),(0.0,1.00095238095238),(0.0,6.90571428571426),.UNSPECIFIED.);
#911=FACE_OUTER_BOUND('',#1196,.T.);
#912=B_SPLINE_SURFACE_WITH_KNOTS('',1,1,((#1197,#1198),(#1199,#1200)),.UNSPECIFIED.,.F.,.F.,.F.,(2,2),(2,2),(0.0996774193548358,1.1),(0.0,2.33903225806443),.UNSPECIFIED.);
#913=FACE_OUTER_BOUND('',#1201,.T.);
#914=B_SPLINE_SURFACE_WITH_KNOTS('',1,1,((#1202,#1203),(#1204,#1205)),.UNSPECIFIED.,.F.,.F.,.F.,(2,2),(2,2),(0.0,1.0),(0.308091796150109,3.72568739055709),.UNSPECIFIED.);
#915=FACE_OUTER_BOUND('',#1206,.T.);
#916=B_SPLINE_SURFACE_WITH_KNOTS('',1,1,((#1207,#1208),(#1209,#1210)),.UNSPECIFIED.,.F.,.F.,.F.,(2,2),(2,2),(0.0,1.0),(0.569000000000017,1.97099999999998),.UNSPECIFIED.);
#917=FACE_OUTER_BOUND('',#1211,.T.);
#918=B_SPLINE_SURFACE_WITH_KNOTS('',1,1,((#1212,#1213),(#1214,#1215)),.UNSPECIFIED.,.F.,.F.,.F.,(2,2),(2,2),(0.0,1.0),(0.660762859048716,3.25144614324438),.UNSPECIFIED.);
#919=FACE_OUTER_BOUND('',#1216,.T.);
#920=B_SPLINE_SURFACE_WITH_KNOTS('',1,1,((#1217,#1218),(#1219,#1220)),.UNSPECIFIED.,.F.,.F.,.F.,(2,2),(2,2),(0.0,1.0),(0.308091796150109,3.72568739055709),.UNSPECIFIED.);
#921=FACE_OUTER_BOUND('',#1221,.T.);
#922=B_SPLINE_SURFACE_WITH_KNOTS('',1,1,((#1222,#1223),(#1224,#1225)),.UNSPECIFIED.,.F.,.F.,.F.,(2,2),(2,2),(0.0,1.0),(0.660762859048716,3.25144614324438),.UNSPECIFIED.);
#923=FACE_OUTER_BOUND('',#1226,.T.);
#924=B_SPLINE_SURFACE_WITH_KNOTS('',1,1,((#1227,#1228),(#1229,#1230)),.UNSPECIFIED.,.F.,.F.,.F.,(2,2),(2,2),(0.0,1.0),(0.308091796150109,3.72568739055709),.UNSPECIFIED.);
#925=FACE_OUTER_BOUND('',#1231,.T.);
#926=B_SPLINE_SURFACE_WITH_KNOTS('',1,1,((#1232,#1233),(#1234,#1235)),.UNSPECIFIED.,.F.,.F.,.F.,(2,2),(2,2),(0.0,1.0),(0.569000000000017,1.97099999999998),.UNSPECIFIED.);
#927=FACE_OUTER_BOUND('',#1236,.T.);
#928=B_SPLINE_SURFACE_WITH_KNOTS('',1,1,((#1237,#1238),(#1239,#1240)),.UNSPECIFIED.,.F.,.F.,.F.,(2,2),(2,2),(0.0,1.0),(0.660762859048716,3.25144614324438),.UNSPECIFIED.);
#929=FACE_OUTER_BOUND('',#1241,.T.);
#930=B_SPLINE_SURFACE_WITH_KNOTS('',1,1,((#1242,#1243),(#1244,#1245)),.UNSPECIFIED.,.F.,.F.,.F.,(2,2),(2,2),(0.0,1.0),(0.308091796150109,3.72568739055709),.UNSPECIFIED.);
#931=FACE_OUTER_BOUND('',#1246,.T.);
#932=B_SPLINE_SURFACE_WITH_KNOTS('',1,1,((#1247,#1248),(#1249,#1250)),.UNSPECIFIED.,.F.,.F.,.F.,(2,2),(2,2),(0.0,1.0),(0.660762859048716,3.25144614324438),.UNSPECIFIED.);
#933=FACE_OUTER_BOUND('',#1251,.T.);
#934=B_SPLINE_SURFACE_WITH_KNOTS('',1,1,((#1252,#1253),(#1254,#1255)),.UNSPECIFIED.,.F.,.F.,.F.,(2,2),(2,2),(0.0,1.0),(0.308091796150078,3.72568739055712),.UNSPECIFIED.);
#935=FACE_OUTER_BOUND('',#1256,.T.);
#936=B_SPLINE_SURFACE_WITH_KNOTS('',1,1,((#1257,#1258),(#1259,#1260)),.UNSPECIFIED.,.F.,.F.,.F.,(2,2),(2,2),(0.0,1.0),(0.569,1.971),.UNSPECIFIED.);
#937=FACE_OUTER_BOUND('',#1261,.T.);
#938=B_SPLINE_SURFACE_WITH_KNOTS('',1,1,((#1262,#1263),(#1264,#1265)),.UNSPECIFIED.,.F.,.F.,.F.,(2,2),(2,2),(0.0,1.0),(0.660762859048716,3.25144614324438),.UNSPECIFIED.);
#939=FACE_OUTER_BOUND('',#1266,.T.);
#940=B_SPLINE_SURFACE_WITH_KNOTS('',1,1,((#1267,#1268),(#1269,#1270)),.UNSPECIFIED.,.F.,.F.,.F.,(2,2),(2,2),(0.0,1.0),(0.308091796150078,3.72568739055712),.UNSPECIFIED.);
#941=FACE_OUTER_BOUND('',#1271,.T.);
#942=B_SPLINE_SURFACE_WITH_KNOTS('',1,1,((#1272,#1273),(#1274,#1275)),.UNSPECIFIED.,.F.,.F.,.F.,(2,2),(2,2),(0.0,1.0),(0.660762859048716,3.25144614324438),.UNSPECIFIED.);
#943=FACE_OUTER_BOUND('',#1276,.T.);
#944=B_SPLINE_SURFACE_WITH_KNOTS('',1,1,((#1277,#1278),(#1279,#1280)),.UNSPECIFIED.,.F.,.F.,.F.,(2,2),(2,2),(0.0,1.0),(0.308091796150078,3.72568739055712),.UNSPECIFIED.);
#945=FACE_OUTER_BOUND('',#1281,.T.);
#946=B_SPLINE_SURFACE_WITH_KNOTS('',1,1,((#1282,#1283),(#1284,#1285)),.UNSPECIFIED.,.F.,.F.,.F.,(2,2),(2,2),(0.0,1.0),(0.569,1.971),.UNSPECIFIED.);
#947=FACE_OUTER_BOUND('',#1286,.T.);
#948=B_SPLINE_SURFACE_WITH_KNOTS('',1,1,((#1287,#1288),(#1289,#1290)),.UNSPECIFIED.,.F.,.F.,.F.,(2,2),(2,2),(0.0,1.0),(0.660762859048716,3.25144614324438),.UNSPECIFIED.);
#949=FACE_OUTER_BOUND('',#1291,.T.);
#950=B_SPLINE_SURFACE_WITH_KNOTS('',1,1,((#1292,#1293),(#1294,#1295)),.UNSPECIFIED.,.F.,.F.,.F.,(2,2),(2,2),(0.0,1.0),(0.308091796150078,3.72568739055712),.UNSPECIFIED.);
#951=FACE_OUTER_BOUND('',#1296,.T.);
#952=B_SPLINE_SURFACE_WITH_KNOTS('',1,1,((#1297,#1298),(#1299,#1300)),.UNSPECIFIED.,.F.,.F.,.F.,(2,2),(2,2),(0.0,1.0),(0.660762859048716,3.25144614324438),.UNSPECIFIED.);
#953=FACE_OUTER_BOUND('',#1301,.T.);
#954=FACE_BOUND('',#1302,.T.);
#955=FACE_BOUND('',#1303,.T.);
#956=FACE_BOUND('',#1304,.T.);
#957=FACE_BOUND('',#1305,.T.);
#958=B_SPLINE_SURFACE_WITH_KNOTS('',1,1,((#1306,#1307),(#1308,#1309)),.UNSPECIFIED.,.F.,.F.,.F.,(2,2),(2,2),(0.0997872340425533,1.10021276595745),(1.19127659574467,19.0002127659573),.UNSPECIFIED.);
#959=FACE_OUTER_BOUND('',#1310,.T.);
#960=B_SPLINE_SURFACE_WITH_KNOTS('',1,1,((#1311,#1312),(#1313,#1314)),.UNSPECIFIED.,.F.,.F.,.F.,(2,2),(2,2),(0.0,1.0),(6.52605166205887,96.7115383911811),.UNSPECIFIED.);
#961=FACE_OUTER_BOUND('',#1315,.T.);
#962=B_SPLINE_SURFACE_WITH_KNOTS('',1,1,((#1316,#1317),(#1318,#1319)),.UNSPECIFIED.,.F.,.F.,.F.,(2,2),(2,2),(2.0,6.0794621991532),(0.0,1.0),.UNSPECIFIED.);
#963=FACE_OUTER_BOUND('',#1320,.T.);
#964=B_SPLINE_SURFACE_WITH_KNOTS('',1,1,((#1321,#1322),(#1323,#1324)),.UNSPECIFIED.,.F.,.F.,.F.,(2,2),(2,2),(2.0,3.8493561969494),(0.0,1.0),.UNSPECIFIED.);
#965=FACE_OUTER_BOUND('',#1325,.T.);
#966=B_SPLINE_SURFACE_WITH_KNOTS('',1,1,((#1326,#1327),(#1328,#1329)),.UNSPECIFIED.,.F.,.F.,.F.,(2,2),(2,2),(2.0,5.1547841006784),(0.0,1.0),.UNSPECIFIED.);
#967=FACE_OUTER_BOUND('',#1330,.T.);
#968=B_SPLINE_SURFACE_WITH_KNOTS('',1,1,((#1331,#1332),(#1333,#1334)),.UNSPECIFIED.,.F.,.F.,.F.,(2,2),(2,2),(0.0,1.0),(5.38380224629594,97.8537878069441),.UNSPECIFIED.);
#969=FACE_OUTER_BOUND('',#1335,.T.);
#970=B_SPLINE_SURFACE_WITH_KNOTS('',1,1,((#1336,#1337),(#1338,#1339)),.UNSPECIFIED.,.F.,.F.,.F.,(2,2),(2,2),(2.0,5.1547841006784),(0.0,1.0),.UNSPECIFIED.);
#971=FACE_OUTER_BOUND('',#1340,.T.);
#972=B_SPLINE_SURFACE_WITH_KNOTS('',1,1,((#1341,#1342),(#1343,#1344)),.UNSPECIFIED.,.F.,.F.,.F.,(2,2),(2,2),(2.0,3.8493561969494),(0.0,1.0),.UNSPECIFIED.);
#973=FACE_OUTER_BOUND('',#1345,.T.);
#974=B_SPLINE_SURFACE_WITH_KNOTS('',1,1,((#1346,#1347),(#1348,#1349)),.UNSPECIFIED.,.F.,.F.,.F.,(2,2),(2,2),(2.0,6.0794621991532),(0.0,1.0),.UNSPECIFIED.);
#975=FACE_OUTER_BOUND('',#1350,.T.);
#976=B_SPLINE_SURFACE_WITH_KNOTS('',1,1,((#1351,#1352),(#1353,#1354)),.UNSPECIFIED.,.F.,.F.,.F.,(2,2),(2,2),(0.0,1.00032258064516),(0.0,2.33903225806452),.UNSPECIFIED.);
#977=FACE_OUTER_BOUND('',#1355,.T.);
#978=B_SPLINE_SURFACE_WITH_KNOTS('',1,1,((#1356,#1357),(#1358,#1359)),.UNSPECIFIED.,.F.,.F.,.F.,(2,2),(2,2),(0.0122222222222222,0.907530864197531),(0.752962962962979,10.987777777778),.UNSPECIFIED.);
#979=FACE_OUTER_BOUND('',#1360,.T.);
#980=B_SPLINE_SURFACE_WITH_KNOTS('',1,1,((#1361,#1362),(#1363,#1364)),.UNSPECIFIED.,.F.,.F.,.F.,(2,2),(2,2),(0.0,1.0),(0.0,1.35099999999834),.UNSPECIFIED.);
#981=FACE_OUTER_BOUND('',#1365,.T.);
#982=B_SPLINE_SURFACE_WITH_KNOTS('',1,1,((#1366,#1367),(#1368,#1369)),.UNSPECIFIED.,.F.,.F.,.F.,(2,2),(2,2),(0.0,1.0),(8.948999999985,85.951),.UNSPECIFIED.);
#983=FACE_OUTER_BOUND('',#1370,.T.);
#984=B_SPLINE_SURFACE_WITH_KNOTS('',1,1,((#1371,#1372),(#1373,#1374)),.UNSPECIFIED.,.F.,.F.,.F.,(2,2),(2,2),(0.0,1.0),(0.0,1.351),.UNSPECIFIED.);
#985=FACE_OUTER_BOUND('',#1375,.T.);
#986=B_SPLINE_SURFACE_WITH_KNOTS('',1,1,((#1376,#1377),(#1378,#1379)),.UNSPECIFIED.,.F.,.F.,.F.,(2,2),(2,2),(0.0,1.0),(0.0,18.792079207921),.UNSPECIFIED.);
#987=FACE_OUTER_BOUND('',#1380,.T.);
#988=B_SPLINE_SURFACE_WITH_KNOTS('',1,1,((#1381,#1382),(#1383,#1384)),.UNSPECIFIED.,.F.,.F.,.F.,(2,2),(2,2),(0.0,1.0),(0.0,1.56057777761955),.UNSPECIFIED.);
#989=FACE_OUTER_BOUND('',#1385,.T.);
#990=B_SPLINE_SURFACE_WITH_KNOTS('',1,1,((#1386,#1387),(#1388,#1389)),.UNSPECIFIED.,.F.,.F.,.F.,(2,2),(2,2),(0.262097902097902,0.954685314685314),(0.488496503496435,0.95468531468531),.UNSPECIFIED.);
#991=FACE_OUTER_BOUND('',#1390,.T.);
#992=B_SPLINE_SURFACE_WITH_KNOTS('',1,1,((#1391,#1392),(#1393,#1394)),.UNSPECIFIED.,.F.,.F.,.F.,(2,2),(2,2),(0.0,1.0),(0.0,0.821356725056006),.UNSPECIFIED.);
#993=FACE_OUTER_BOUND('',#1395,.T.);
#994=FACE_BOUND('',#1396,.T.);
#995=B_SPLINE_SURFACE_WITH_KNOTS('',1,1,((#1397,#1398),(#1399,#1400)),.UNSPECIFIED.,.F.,.F.,.F.,(2,2),(2,2),(0.0452708907253675,0.954729109274632),(0.0452708907254364,0.954729109274563),.UNSPECIFIED.);
#996=FACE_OUTER_BOUND('',#1401,.T.);
#997=B_SPLINE_SURFACE_WITH_KNOTS('',1,1,((#1402,#1403),(#1404,#1405)),.UNSPECIFIED.,.F.,.F.,.F.,(2,2),(2,2),(0.0453409090909091,0.954659090909091),(0.0453409090909091,0.437417711598746),.UNSPECIFIED.);
#998=FACE_OUTER_BOUND('',#1406,.T.);
#999=B_SPLINE_SURFACE_WITH_KNOTS('',1,1,((#1407,#1408),(#1409,#1410)),.UNSPECIFIED.,.F.,.F.,.F.,(2,2),(2,2),(0.0,1.0),(0.0,18.792079207921),.UNSPECIFIED.);
#1000=FACE_OUTER_BOUND('',#1411,.T.);
#1001=B_SPLINE_SURFACE_WITH_KNOTS('',1,1,((#1412,#1413),(#1414,#1415)),.UNSPECIFIED.,.F.,.F.,.F.,(2,2),(2,2),(0.0,1.0),(0.0,0.824897959183679),.UNSPECIFIED.);
#1002=FACE_OUTER_BOUND('',#1416,.T.);
#1003=B_SPLINE_SURFACE_WITH_KNOTS('',1,1,((#1417,#1418),(#1419,#1420)),.UNSPECIFIED.,.F.,.F.,.F.,(2,2),(2,2),(0.747373417721519,1.0),(0.0,0.0760759493670886),.UNSPECIFIED.);
#1004=FACE_OUTER_BOUND('',#1421,.T.);
#1005=B_SPLINE_SURFACE_WITH_KNOTS('',1,1,((#1422,#1423),(#1424,#1425)),.UNSPECIFIED.,.F.,.F.,.F.,(2,2),(2,2),(0.0,1.0),(0.0,0.500333333333328),.UNSPECIFIED.);
#1006=FACE_OUTER_BOUND('',#1426,.T.);
#1007=B_SPLINE_SURFACE_WITH_KNOTS('',1,1,((#1427,#1428),(#1429,#1430)),.UNSPECIFIED.,.F.,.F.,.F.,(2,2),(2,2),(0.0453146853146855,0.954685314685315),(0.0453146853146853,0.403075431153212),.UNSPECIFIED.);
#1008=FACE_OUTER_BOUND('',#1431,.T.);
#1009=B_SPLINE_SURFACE_WITH_KNOTS('',1,1,((#1432,#1433),(#1434,#1435)),.UNSPECIFIED.,.F.,.F.,.F.,(2,2),(2,2),(0.0,1.0),(0.0,0.400148148109219),.UNSPECIFIED.);
#1010=FACE_OUTER_BOUND('',#1436,.T.);
#1011=B_SPLINE_SURFACE_WITH_KNOTS('',1,1,((#1437,#1438),(#1439,#1440)),.UNSPECIFIED.,.F.,.F.,.F.,(2,2),(2,2),(0.0162985312070082,0.983701468792992),(0.0162985312070085,1.35837556554574),.UNSPECIFIED.);
#1012=FACE_OUTER_BOUND('',#1441,.T.);
#1013=B_SPLINE_SURFACE_WITH_KNOTS('',1,1,((#1442,#1443),(#1444,#1445)),.UNSPECIFIED.,.F.,.F.,.F.,(2,2),(2,2),(0.0,1.0),(0.0,0.821356725069849),.UNSPECIFIED.);
#1014=FACE_OUTER_BOUND('',#1446,.T.);
#1015=B_SPLINE_SURFACE_WITH_KNOTS('',1,1,((#1447,#1448),(#1449,#1450)),.UNSPECIFIED.,.F.,.F.,.F.,(2,2),(2,2),(0.0453146853146855,0.7379020979),(0.488496503496492,0.954685314685315),.UNSPECIFIED.);
#1016=FACE_OUTER_BOUND('',#1451,.T.);
#1017=B_SPLINE_SURFACE_WITH_KNOTS('',1,1,((#1452,#1453),(#1454,#1455)),.UNSPECIFIED.,.F.,.F.,.F.,(2,2),(2,2),(0.0,1.0),(0.0,1.56057777761955),.UNSPECIFIED.);
#1018=FACE_OUTER_BOUND('',#1456,.T.);
#1019=FACE_BOUND('',#1457,.T.);
#1020=B_SPLINE_SURFACE_WITH_KNOTS('',1,1,((#1458,#1459),(#1460,#1461)),.UNSPECIFIED.,.F.,.F.,.F.,(2,2),(2,2),(0.0452708907254362,0.954729109274567),(0.0452708907254358,0.954729109274564),.UNSPECIFIED.);
#1021=FACE_OUTER_BOUND('',#1462,.T.);
#1022=B_SPLINE_SURFACE_WITH_KNOTS('',1,1,((#1463,#1464),(#1465,#1466)),.UNSPECIFIED.,.F.,.F.,.F.,(2,2),(2,2),(0.0453409090909091,0.954659090909091),(0.617441222570533,0.954659090909091),.UNSPECIFIED.);
#1023=FACE_OUTER_BOUND('',#1467,.T.);
#1024=FACE_BOUND('',#1468,.T.);
#1025=FACE_BOUND('',#1469,.T.);
#1026=FACE_BOUND('',#1470,.T.);
#1027=FACE_BOUND('',#1471,.T.);
#1028=FACE_BOUND('',#1472,.T.);
#1029=FACE_BOUND('',#1473,.T.);
#1030=B_SPLINE_SURFACE_WITH_KNOTS('',1,1,((#1474,#1475),(#1476,#1477)),.UNSPECIFIED.,.F.,.F.,.F.,(2,2),(2,2),(0.0,1.0),(0.0,11.8625),.UNSPECIFIED.);
#1031=FILL_AREA_STYLE('',(#1478));
#1032=EDGE_CURVE('',#201,#207,#1479,.T.);
#1033=FILL_AREA_STYLE('',(#1480));
#1034=EDGE_CURVE('',#211,#217,#1481,.T.);
#1035=FILL_AREA_STYLE('',(#1482));
#1036=EDGE_CURVE('',#221,#227,#1483,.T.);
#1037=FILL_AREA_STYLE('',(#1484));
#1038=EDGE_CURVE('',#231,#237,#1485,.T.);
#1039=FILL_AREA_STYLE('',(#1486));
#1040=FILL_AREA_STYLE('',(#1487));
#1041=FILL_AREA_STYLE('',(#1488));
#1042=FILL_AREA_STYLE('',(#1489));
#1043=FILL_AREA_STYLE('',(#1490));
#1044=FILL_AREA_STYLE('',(#1491));
#1045=FILL_AREA_STYLE('',(#1492));
#1046=FILL_AREA_STYLE('',(#1493));
#1047=FILL_AREA_STYLE('',(#1494));
#1048=EDGE_LOOP('',(#1495,#1496,#1497,#1498));
#1050=CARTESIAN_POINT('',(4.97,4.858316E-15,91.05));
#1051=CARTESIAN_POINT('',(4.97,2.8,91.05));
#1052=CARTESIAN_POINT('',(2.5451288694036,4.218839E-15,91.05));
#1053=CARTESIAN_POINT('',(2.5451288694036,2.8,91.05));
#1054=CARTESIAN_POINT('',(3.7575644347018,4.538578E-15,93.15));
#1055=CARTESIAN_POINT('',(3.7575644347018,2.8,93.15));
#1056=CARTESIAN_POINT('',(4.97,4.858316E-15,95.25));
#1057=CARTESIAN_POINT('',(4.97,2.8,95.25));
#1058=CARTESIAN_POINT('',(6.1824355652982,5.178055E-15,93.15));
#1059=CARTESIAN_POINT('',(6.1824355652982,2.8,93.15));
#1060=CARTESIAN_POINT('',(7.3948711305964,5.497793E-15,91.05));
#1061=CARTESIAN_POINT('',(7.3948711305964,2.8,91.05));
#1062=CARTESIAN_POINT('',(4.97,4.858316E-15,91.05));
#1063=CARTESIAN_POINT('',(4.97,2.8,91.05));
#1070=EDGE_LOOP('',(#1499,#1500,#1501,#1502));
#1072=CARTESIAN_POINT('',(4.97,4.858316E-15,1.05));
#1073=CARTESIAN_POINT('',(4.97,2.8,1.05));
#1074=CARTESIAN_POINT('',(2.5451288694036,4.218839E-15,1.05000000000002));
#1075=CARTESIAN_POINT('',(2.5451288694036,2.8,1.05000000000002));
#1076=CARTESIAN_POINT('',(3.7575644347018,4.538578E-15,3.15));
#1077=CARTESIAN_POINT('',(3.7575644347018,2.8,3.15));
#1078=CARTESIAN_POINT('',(4.97,4.858316E-15,5.25));
#1079=CARTESIAN_POINT('',(4.97,2.8,5.25));
#1080=CARTESIAN_POINT('',(6.1824355652982,5.178055E-15,3.15));
#1081=CARTESIAN_POINT('',(6.1824355652982,2.8,3.15));
#1082=CARTESIAN_POINT('',(7.3948711305964,5.497793E-15,1.05000000000002));
#1083=CARTESIAN_POINT('',(7.3948711305964,2.8,1.05000000000002));
#1084=CARTESIAN_POINT('',(4.97,4.858316E-15,1.05));
#1085=CARTESIAN_POINT('',(4.97,2.8,1.05));
#1092=EDGE_LOOP('',(#1503,#1504,#1505,#1506));
#1094=CARTESIAN_POINT('',(4.97,4.858316E-15,1.05));
#1095=CARTESIAN_POINT('',(4.97,2.8,1.05));
#1096=CARTESIAN_POINT('',(2.5451288694036,4.218839E-15,1.05000000000002));
#1097=CARTESIAN_POINT('',(2.5451288694036,2.8,1.05000000000002));
#1098=CARTESIAN_POINT('',(3.7575644347018,4.538578E-15,3.15));
#1099=CARTESIAN_POINT('',(3.7575644347018,2.8,3.15));
#1100=CARTESIAN_POINT('',(4.97,4.858316E-15,5.25));
#1101=CARTESIAN_POINT('',(4.97,2.8,5.25));
#1102=CARTESIAN_POINT('',(6.1824355652982,5.178055E-15,3.15));
#1103=CARTESIAN_POINT('',(6.1824355652982,2.8,3.15));
#1104=CARTESIAN_POINT('',(7.3948711305964,5.497793E-15,1.05000000000002));
#1105=CARTESIAN_POINT('',(7.3948711305964,2.8,1.05000000000002));
#1106=CARTESIAN_POINT('',(4.97,4.858316E-15,1.05));
#1107=CARTESIAN_POINT('',(4.97,2.8,1.05));
#1114=EDGE_LOOP('',(#1507,#1508,#1509,#1510));
#1116=CARTESIAN_POINT('',(4.97,4.858316E-15,91.05));
#1117=CARTESIAN_POINT('',(4.97,2.8,91.05));
#1118=CARTESIAN_POINT('',(2.5451288694036,4.218839E-15,91.05));
#1119=CARTESIAN_POINT('',(2.5451288694036,2.8,91.05));
#1120=CARTESIAN_POINT('',(3.7575644347018,4.538578E-15,93.15));
#1121=CARTESIAN_POINT('',(3.7575644347018,2.8,93.15));
#1122=CARTESIAN_POINT('',(4.97,4.858316E-15,95.25));
#1123=CARTESIAN_POINT('',(4.97,2.8,95.25));
#1124=CARTESIAN_POINT('',(6.1824355652982,5.178055E-15,93.15));
#1125=CARTESIAN_POINT('',(6.1824355652982,2.8,93.15));
#1126=CARTESIAN_POINT('',(7.3948711305964,5.497793E-15,91.05));
#1127=CARTESIAN_POINT('',(7.3948711305964,2.8,91.05));
#1128=CARTESIAN_POINT('',(4.97,4.858316E-15,91.05));
#1129=CARTESIAN_POINT('',(4.97,2.8,91.05));
#1136=EDGE_LOOP('',(#1511,#1512,#1513,#1514));
#1137=CARTESIAN_POINT('',(3.9,3.7,88.899));
#1138=CARTESIAN_POINT('',(3.9,10.951,88.899));
#1139=CARTESIAN_POINT('',(3.9,3.7,89.95));
#1140=CARTESIAN_POINT('',(3.9,10.951,89.95));
#1141=EDGE_LOOP('',(#1515,#1516,#1517,#1518,#1519,#1520,#1521,#1522));
#1142=CARTESIAN_POINT('',(6.8751669750756,2.799,89.9499999999911));
#1143=CARTESIAN_POINT('',(6.8751669750756,10.951,89.9499999999911));
#1144=CARTESIAN_POINT('',(0.999,2.799,89.9499999999999));
#1145=CARTESIAN_POINT('',(0.999,10.951,89.9499999999999));
#1146=EDGE_LOOP('',(#1523,#1524,#1525,#1526));
#1147=CARTESIAN_POINT('',(3.1458330249244,2.8,89.949999999992));
#1148=CARTESIAN_POINT('',(3.1458330249244,3.701,89.949999999992));
#1149=CARTESIAN_POINT('',(2.02,2.8,91.9));
#1150=CARTESIAN_POINT('',(2.02,3.701,91.9));
#1151=EDGE_LOOP('',(#1527,#1528,#1529,#1530));
#1152=CARTESIAN_POINT('',(0.0,5.0,94.9));
#1153=CARTESIAN_POINT('',(2.021,5.0,94.9));
#1154=CARTESIAN_POINT('',(0.0,5.0,92.45));
#1155=CARTESIAN_POINT('',(2.021,5.0,92.45));
#1156=EDGE_LOOP('',(#1531,#1532,#1533,#1534));
#1157=CARTESIAN_POINT('',(-3.469447E-15,3.7,92.45));
#1158=CARTESIAN_POINT('',(-3.469447E-15,5.001,92.45));
#1159=CARTESIAN_POINT('',(2.02101265822785,3.7,92.45));
#1160=CARTESIAN_POINT('',(2.02101265822785,5.001,92.45));
#1161=EDGE_LOOP('',(#1535,#1536,#1537,#1538,#1539,#1540));
#1162=CARTESIAN_POINT('',(2.02,2.8,91.9));
#1163=CARTESIAN_POINT('',(2.02,5.001,91.9));
#1164=CARTESIAN_POINT('',(2.02,2.8,94.9));
#1165=CARTESIAN_POINT('',(2.02,5.001,94.9));
#1166=EDGE_LOOP('',(#1541,#1542,#1543,#1544,#1545,#1546,#1547));
#1167=CARTESIAN_POINT('',(-0.00123076923077298,3.7,92.451));
#1168=CARTESIAN_POINT('',(3.14706379415517,3.7,92.451));
#1169=CARTESIAN_POINT('',(-0.00123076923077292,3.7,85.949));
#1170=CARTESIAN_POINT('',(3.14706379415517,3.7,85.949));
#1171=EDGE_LOOP('',(#1548,#1549,#1550,#1551));
#1172=CARTESIAN_POINT('',(0.0,3.7,8.949999999985));
#1173=CARTESIAN_POINT('',(0.0,5.051,8.949999999985));
#1174=CARTESIAN_POINT('',(1.0,3.7,8.949999999985));
#1175=CARTESIAN_POINT('',(1.0,5.051,8.949999999985));
#1176=EDGE_LOOP('',(#1552,#1553,#1554,#1555));
#1177=CARTESIAN_POINT('',(1.0,5.05,8.948999999985));
#1178=CARTESIAN_POINT('',(1.0,5.05,85.951));
#1179=CARTESIAN_POINT('',(2.168404E-16,5.05,8.948999999985));
#1180=CARTESIAN_POINT('',(2.168404E-16,5.05,85.951));
#1181=EDGE_LOOP('',(#1556,#1557,#1558,#1559));
#1182=CARTESIAN_POINT('',(1.0,3.7,85.95));
#1183=CARTESIAN_POINT('',(1.0,5.051,85.95));
#1184=CARTESIAN_POINT('',(0.0,3.7,85.95));
#1185=CARTESIAN_POINT('',(0.0,5.051,85.95));
#1186=EDGE_LOOP('',(#1560,#1561,#1562,#1563,#1564,#1565,#1566,#1567));
#1187=CARTESIAN_POINT('',(1.0,10.951,4.949));
#1188=CARTESIAN_POINT('',(1.0,10.951,89.951));
#1189=CARTESIAN_POINT('',(1.0,3.699,4.949));
#1190=CARTESIAN_POINT('',(1.0,3.699,89.951));
#1191=EDGE_LOOP('',(#1568,#1569,#1570,#1571));
#1192=CARTESIAN_POINT('',(3.8999999999999,3.7,4.95));
#1193=CARTESIAN_POINT('',(3.8999999999999,10.951,4.95));
#1194=CARTESIAN_POINT('',(3.8999999999999,3.7,6.001));
#1195=CARTESIAN_POINT('',(3.8999999999999,10.951,6.001));
#1196=EDGE_LOOP('',(#1572,#1573,#1574,#1575));
#1197=CARTESIAN_POINT('',(3.8989999999999,3.7,6.0));
#1198=CARTESIAN_POINT('',(3.8989999999999,10.951,6.0));
#1199=CARTESIAN_POINT('',(7.0,3.7,6.0));
#1200=CARTESIAN_POINT('',(7.0,10.951,6.0));
#1201=EDGE_LOOP('',(#1576,#1577,#1578,#1579));
#1202=CARTESIAN_POINT('',(3.23,11.07,85.744));
#1203=CARTESIAN_POINT('',(3.23,11.07,87.896));
#1204=CARTESIAN_POINT('',(3.57,11.6,85.744));
#1205=CARTESIAN_POINT('',(3.57,11.6,87.896));
#1206=EDGE_LOOP('',(#1580,#1581,#1582,#1583));
#1207=CARTESIAN_POINT('',(2.23,11.07,86.119));
#1208=CARTESIAN_POINT('',(2.23,11.07,87.521));
#1209=CARTESIAN_POINT('',(3.23,11.07,86.119));
#1210=CARTESIAN_POINT('',(3.23,11.07,87.521));
#1211=EDGE_LOOP('',(#1584,#1585,#1586,#1587));
#1212=CARTESIAN_POINT('',(1.889,11.07,86.12));
#1213=CARTESIAN_POINT('',(3.571,11.07,86.12));
#1214=CARTESIAN_POINT('',(1.889,11.6,85.745));
#1215=CARTESIAN_POINT('',(3.571,11.6,85.745));
#1216=EDGE_LOOP('',(#1588,#1589,#1590,#1591));
#1217=CARTESIAN_POINT('',(1.89,11.6,85.744));
#1218=CARTESIAN_POINT('',(1.89,11.6,87.896));
#1219=CARTESIAN_POINT('',(2.23,11.07,85.744));
#1220=CARTESIAN_POINT('',(2.23,11.07,87.896));
#1221=EDGE_LOOP('',(#1592,#1593,#1594,#1595));
#1222=CARTESIAN_POINT('',(1.889,11.6,87.895));
#1223=CARTESIAN_POINT('',(3.571,11.6,87.895));
#1224=CARTESIAN_POINT('',(1.889,11.07,87.52));
#1225=CARTESIAN_POINT('',(3.571,11.07,87.52));
#1226=EDGE_LOOP('',(#1596,#1597,#1598,#1599));
#1227=CARTESIAN_POINT('',(5.77,11.07,85.744));
#1228=CARTESIAN_POINT('',(5.77,11.07,87.896));
#1229=CARTESIAN_POINT('',(6.11,11.6,85.744));
#1230=CARTESIAN_POINT('',(6.11,11.6,87.896));
#1231=EDGE_LOOP('',(#1600,#1601,#1602,#1603));
#1232=CARTESIAN_POINT('',(4.77,11.07,86.119));
#1233=CARTESIAN_POINT('',(4.77,11.07,87.521));
#1234=CARTESIAN_POINT('',(5.77,11.07,86.119));
#1235=CARTESIAN_POINT('',(5.77,11.07,87.521));
#1236=EDGE_LOOP('',(#1604,#1605,#1606,#1607));
#1237=CARTESIAN_POINT('',(4.429,11.07,86.12));
#1238=CARTESIAN_POINT('',(6.111,11.07,86.12));
#1239=CARTESIAN_POINT('',(4.429,11.6,85.745));
#1240=CARTESIAN_POINT('',(6.111,11.6,85.745));
#1241=EDGE_LOOP('',(#1608,#1609,#1610,#1611));
#1242=CARTESIAN_POINT('',(4.43,11.6,85.744));
#1243=CARTESIAN_POINT('',(4.43,11.6,87.896));
#1244=CARTESIAN_POINT('',(4.77,11.07,85.744));
#1245=CARTESIAN_POINT('',(4.77,11.07,87.896));
#1246=EDGE_LOOP('',(#1612,#1613,#1614,#1615));
#1247=CARTESIAN_POINT('',(4.429,11.6,87.895));
#1248=CARTESIAN_POINT('',(6.111,11.6,87.895));
#1249=CARTESIAN_POINT('',(4.429,11.07,87.52));
#1250=CARTESIAN_POINT('',(6.111,11.07,87.52));
#1251=EDGE_LOOP('',(#1616,#1617,#1618,#1619));
#1252=CARTESIAN_POINT('',(3.23,11.07,7.004));
#1253=CARTESIAN_POINT('',(3.23,11.07,9.156));
#1254=CARTESIAN_POINT('',(3.57,11.6,7.004));
#1255=CARTESIAN_POINT('',(3.57,11.6,9.156));
#1256=EDGE_LOOP('',(#1620,#1621,#1622,#1623));
#1257=CARTESIAN_POINT('',(2.23,11.07,7.379));
#1258=CARTESIAN_POINT('',(2.23,11.07,8.781));
#1259=CARTESIAN_POINT('',(3.23,11.07,7.379));
#1260=CARTESIAN_POINT('',(3.23,11.07,8.781));
#1261=EDGE_LOOP('',(#1624,#1625,#1626,#1627));
#1262=CARTESIAN_POINT('',(1.889,11.07,7.38));
#1263=CARTESIAN_POINT('',(3.571,11.07,7.38));
#1264=CARTESIAN_POINT('',(1.889,11.6,7.005));
#1265=CARTESIAN_POINT('',(3.571,11.6,7.005));
#1266=EDGE_LOOP('',(#1628,#1629,#1630,#1631));
#1267=CARTESIAN_POINT('',(1.89,11.6,7.004));
#1268=CARTESIAN_POINT('',(1.89,11.6,9.156));
#1269=CARTESIAN_POINT('',(2.23,11.07,7.004));
#1270=CARTESIAN_POINT('',(2.23,11.07,9.156));
#1271=EDGE_LOOP('',(#1632,#1633,#1634,#1635));
#1272=CARTESIAN_POINT('',(1.889,11.6,9.155));
#1273=CARTESIAN_POINT('',(3.571,11.6,9.155));
#1274=CARTESIAN_POINT('',(1.889,11.07,8.78));
#1275=CARTESIAN_POINT('',(3.571,11.07,8.78));
#1276=EDGE_LOOP('',(#1636,#1637,#1638,#1639));
#1277=CARTESIAN_POINT('',(5.77,11.07,7.004));
#1278=CARTESIAN_POINT('',(5.77,11.07,9.156));
#1279=CARTESIAN_POINT('',(6.11,11.6,7.004));
#1280=CARTESIAN_POINT('',(6.11,11.6,9.156));
#1281=EDGE_LOOP('',(#1640,#1641,#1642,#1643));
#1282=CARTESIAN_POINT('',(4.77,11.07,7.379));
#1283=CARTESIAN_POINT('',(4.77,11.07,8.781));
#1284=CARTESIAN_POINT('',(5.77,11.07,7.379));
#1285=CARTESIAN_POINT('',(5.77,11.07,8.781));
#1286=EDGE_LOOP('',(#1644,#1645,#1646,#1647));
#1287=CARTESIAN_POINT('',(4.429,11.07,7.38));
#1288=CARTESIAN_POINT('',(6.111,11.07,7.38));
#1289=CARTESIAN_POINT('',(4.429,11.6,7.005));
#1290=CARTESIAN_POINT('',(6.111,11.6,7.005));
#1291=EDGE_LOOP('',(#1648,#1649,#1650,#1651));
#1292=CARTESIAN_POINT('',(4.43,11.6,7.004));
#1293=CARTESIAN_POINT('',(4.43,11.6,9.156));
#1294=CARTESIAN_POINT('',(4.77,11.07,7.004));
#1295=CARTESIAN_POINT('',(4.77,11.07,9.156));
#1296=EDGE_LOOP('',(#1652,#1653,#1654,#1655));
#1297=CARTESIAN_POINT('',(4.429,11.6,9.155));
#1298=CARTESIAN_POINT('',(6.111,11.6,9.155));
#1299=CARTESIAN_POINT('',(4.429,11.07,8.78));
#1300=CARTESIAN_POINT('',(6.111,11.07,8.78));
#1301=EDGE_LOOP('',(#1656,#1657,#1658,#1659,#1660,#1661,#1662,#1663));
#1302=EDGE_LOOP('',(#1664,#1665,#1666,#1667));
#1303=EDGE_LOOP('',(#1668,#1669,#1670,#1671));
#1304=EDGE_LOOP('',(#1672,#1673,#1674,#1675));
#1305=EDGE_LOOP('',(#1676,#1677,#1678,#1679));
#1306=CARTESIAN_POINT('',(6.351,11.6,5.599));
#1307=CARTESIAN_POINT('',(6.351,11.6,89.301));
#1308=CARTESIAN_POINT('',(1.649,11.6,5.599));
#1309=CARTESIAN_POINT('',(1.649,11.6,89.301));
#1310=EDGE_LOOP('',(#1680,#1681,#1682,#1683));
#1311=CARTESIAN_POINT('',(7.0,10.95,5.999));
#1312=CARTESIAN_POINT('',(7.0,10.95,88.901));
#1313=CARTESIAN_POINT('',(6.35,11.6,5.999));
#1314=CARTESIAN_POINT('',(6.35,11.6,88.901));
#1315=EDGE_LOOP('',(#1684,#1685,#1686,#1687));
#1316=CARTESIAN_POINT('',(7.0,10.95,6.0));
#1317=CARTESIAN_POINT('',(7.0,11.6,6.65));
#1318=CARTESIAN_POINT('',(3.2499999999999,10.95,6.0));
#1319=CARTESIAN_POINT('',(3.2499999999999,11.6,6.65));
#1320=EDGE_LOOP('',(#1688,#1689,#1690,#1691));
#1321=CARTESIAN_POINT('',(3.8999999999999,10.95,6.65));
#1322=CARTESIAN_POINT('',(3.2499999999999,11.6,6.65));
#1323=CARTESIAN_POINT('',(3.8999999999999,10.95,4.95));
#1324=CARTESIAN_POINT('',(3.2499999999999,11.6,4.95));
#1325=EDGE_LOOP('',(#1692,#1693,#1694,#1695));
#1326=CARTESIAN_POINT('',(3.8999999999999,10.95,4.95));
#1327=CARTESIAN_POINT('',(3.8999999999999,11.6,5.6));
#1328=CARTESIAN_POINT('',(1.0,10.95,4.95));
#1329=CARTESIAN_POINT('',(1.0,11.6,5.6));
#1330=EDGE_LOOP('',(#1696,#1697,#1698,#1699));
#1331=CARTESIAN_POINT('',(1.65,11.6,4.949));
#1332=CARTESIAN_POINT('',(1.65,11.6,89.951));
#1333=CARTESIAN_POINT('',(1.0,10.95,4.949));
#1334=CARTESIAN_POINT('',(1.0,10.95,89.951));
#1335=EDGE_LOOP('',(#1700,#1701,#1702,#1703));
#1336=CARTESIAN_POINT('',(1.0,10.95,89.95));
#1337=CARTESIAN_POINT('',(1.0,11.6,89.3));
#1338=CARTESIAN_POINT('',(3.9,10.95,89.95));
#1339=CARTESIAN_POINT('',(3.9,11.6,89.3));
#1340=EDGE_LOOP('',(#1704,#1705,#1706,#1707));
#1341=CARTESIAN_POINT('',(3.9,10.95,89.95));
#1342=CARTESIAN_POINT('',(3.25,11.6,89.95));
#1343=CARTESIAN_POINT('',(3.9,10.95,88.25));
#1344=CARTESIAN_POINT('',(3.25,11.6,88.25));
#1345=EDGE_LOOP('',(#1708,#1709,#1710,#1711));
#1346=CARTESIAN_POINT('',(3.25,10.95,88.9));
#1347=CARTESIAN_POINT('',(3.25,11.6,88.25));
#1348=CARTESIAN_POINT('',(7.0,10.95,88.9));
#1349=CARTESIAN_POINT('',(7.0,11.6,88.25));
#1350=EDGE_LOOP('',(#1712,#1713,#1714,#1715));
#1351=CARTESIAN_POINT('',(7.0,3.7,88.9));
#1352=CARTESIAN_POINT('',(7.0,10.951,88.9));
#1353=CARTESIAN_POINT('',(3.899,3.7,88.9));
#1354=CARTESIAN_POINT('',(3.899,10.951,88.9));
#1355=EDGE_LOOP('',(#1716,#1717,#1718,#1719,#1720,#1721,#1722,#1723));
#1356=CARTESIAN_POINT('',(7.0,3.699,5.999));
#1357=CARTESIAN_POINT('',(7.0,3.699,88.901));
#1358=CARTESIAN_POINT('',(7.0,10.951,5.999));
#1359=CARTESIAN_POINT('',(7.0,10.951,88.901));
#1360=EDGE_LOOP('',(#1724,#1725,#1726,#1727));
#1361=CARTESIAN_POINT('',(8.0000000000012,3.7,85.95));
#1362=CARTESIAN_POINT('',(8.0000000000012,5.051,85.95));
#1363=CARTESIAN_POINT('',(7.0,3.7,85.95));
#1364=CARTESIAN_POINT('',(7.0,5.051,85.95));
#1365=EDGE_LOOP('',(#1728,#1729,#1730,#1731));
#1366=CARTESIAN_POINT('',(8.0,5.05,8.948999999985));
#1367=CARTESIAN_POINT('',(8.0,5.05,85.951));
#1368=CARTESIAN_POINT('',(7.0,5.05,8.948999999985));
#1369=CARTESIAN_POINT('',(7.0,5.05,85.951));
#1370=EDGE_LOOP('',(#1732,#1733,#1734,#1735));
#1371=CARTESIAN_POINT('',(7.0,3.7,8.949999999985));
#1372=CARTESIAN_POINT('',(7.0,5.051,8.949999999985));
#1373=CARTESIAN_POINT('',(8.0,3.7,8.949999999985));
#1374=CARTESIAN_POINT('',(8.0,5.051,8.949999999985));
#1375=EDGE_LOOP('',(#1736,#1737,#1738,#1739,#1740,#1741,#1742,#1743,#1744,#1745,#1746,#1747));
#1376=CARTESIAN_POINT('',(8.0,0.0,0.0));
#1377=CARTESIAN_POINT('',(8.0,0.0,94.9));
#1378=CARTESIAN_POINT('',(8.0,5.05,0.0));
#1379=CARTESIAN_POINT('',(8.0,5.05,94.9));
#1380=EDGE_LOOP('',(#1748,#1749,#1750,#1751));
#1381=CARTESIAN_POINT('',(8.0,2.8,90.9));
#1382=CARTESIAN_POINT('',(8.0,3.701,90.9));
#1383=CARTESIAN_POINT('',(7.4226497308104,2.8,90.9));
#1384=CARTESIAN_POINT('',(7.4226497308104,3.701,90.9));
#1385=EDGE_LOOP('',(#1752,#1753,#1754,#1755,#1756,#1757,#1758,#1759));
#1386=CARTESIAN_POINT('',(3.89876923076923,3.7,90.901));
#1387=CARTESIAN_POINT('',(8.00123076923197,3.7,90.901));
#1388=CARTESIAN_POINT('',(3.89876923076923,3.7,85.949));
#1389=CARTESIAN_POINT('',(8.00123076923197,3.7,85.949));
#1390=EDGE_LOOP('',(#1760,#1761,#1762,#1763));
#1391=CARTESIAN_POINT('',(7.4226497308104,2.8,90.9));
#1392=CARTESIAN_POINT('',(7.4226497308104,3.701,90.9));
#1393=CARTESIAN_POINT('',(6.8741669750756,2.8,89.949999999992));
#1394=CARTESIAN_POINT('',(6.8741669750756,3.701,89.949999999992));
#1395=EDGE_LOOP('',(#1764,#1765,#1766,#1767,#1768,#1769,#1770));
#1396=EDGE_LOOP('',(#1771,#1772));
#1397=CARTESIAN_POINT('',(2.01879191919192,2.8,94.901));
#1398=CARTESIAN_POINT('',(8.00120808080808,2.8,94.901));
#1399=CARTESIAN_POINT('',(2.01879191919192,2.8,89.948999999992));
#1400=CARTESIAN_POINT('',(8.00120808080808,2.8,89.948999999992));
#1401=EDGE_LOOP('',(#1773,#1774,#1775,#1776,#1777,#1778));
#1402=CARTESIAN_POINT('',(-0.001,-0.00145000000000006,94.9));
#1403=CARTESIAN_POINT('',(-0.001,5.00145,94.9));
#1404=CARTESIAN_POINT('',(8.001,-0.00145000000000006,94.9));
#1405=CARTESIAN_POINT('',(8.001,5.00145,94.9));
#1406=EDGE_LOOP('',(#1779,#1780,#1781,#1782,#1783,#1784,#1785,#1786,#1787,#1788,#1789,#1790));
#1407=CARTESIAN_POINT('',(1.664039E-16,5.05,0.0));
#1408=CARTESIAN_POINT('',(1.664039E-16,5.05,94.9));
#1409=CARTESIAN_POINT('',(0.0,0.0,0.0));
#1410=CARTESIAN_POINT('',(0.0,0.0,94.9));
#1411=EDGE_LOOP('',(#1791,#1792,#1793,#1794));
#1412=CARTESIAN_POINT('',(0.0,4.3,2.45));
#1413=CARTESIAN_POINT('',(2.021,4.3,2.45));
#1414=CARTESIAN_POINT('',(0.0,4.3,-6.938894E-15));
#1415=CARTESIAN_POINT('',(2.021,4.3,-6.938894E-15));
#1416=EDGE_LOOP('',(#1795,#1796,#1797,#1798));
#1417=CARTESIAN_POINT('',(2.02101265822785,3.7,2.449999999985));
#1418=CARTESIAN_POINT('',(2.02101265822785,4.301,2.449999999985));
#1419=CARTESIAN_POINT('',(0.0,3.7,2.449999999985));
#1420=CARTESIAN_POINT('',(0.0,4.301,2.449999999985));
#1421=EDGE_LOOP('',(#1799,#1800,#1801,#1802,#1803,#1804));
#1422=CARTESIAN_POINT('',(2.02,2.8,0.0));
#1423=CARTESIAN_POINT('',(2.02,4.301,0.0));
#1424=CARTESIAN_POINT('',(2.02,2.8,3.0));
#1425=CARTESIAN_POINT('',(2.02,4.301,3.0));
#1426=EDGE_LOOP('',(#1805,#1806,#1807,#1808,#1809,#1810,#1811));
#1427=CARTESIAN_POINT('',(-0.00123076923076926,3.7,8.950999999985));
#1428=CARTESIAN_POINT('',(3.14706379414827,3.7,8.950999999985));
#1429=CARTESIAN_POINT('',(-0.00123076923076926,3.7,2.448999999985));
#1430=CARTESIAN_POINT('',(3.14706379414827,3.7,2.448999999985));
#1431=EDGE_LOOP('',(#1812,#1813,#1814,#1815));
#1432=CARTESIAN_POINT('',(2.02,2.8,3.0));
#1433=CARTESIAN_POINT('',(2.02,3.701,3.0));
#1434=CARTESIAN_POINT('',(3.1458330249152,2.8,4.949999999992));
#1435=CARTESIAN_POINT('',(3.1458330249152,3.701,4.949999999992));
#1436=EDGE_LOOP('',(#1816,#1817,#1818,#1819,#1820,#1821,#1822,#1823));
#1437=CARTESIAN_POINT('',(0.999,2.799,4.94999999999976));
#1438=CARTESIAN_POINT('',(0.999,10.951,4.95000000000012));
#1439=CARTESIAN_POINT('',(6.8751669750849,2.799,4.94999999999125));
#1440=CARTESIAN_POINT('',(6.8751669750849,10.951,4.94999999999161));
#1441=EDGE_LOOP('',(#1824,#1825,#1826,#1827));
#1442=CARTESIAN_POINT('',(6.8741669750849,2.8,4.949999999992));
#1443=CARTESIAN_POINT('',(6.8741669750849,3.701,4.949999999992));
#1444=CARTESIAN_POINT('',(7.4226497308104,2.8,4.0));
#1445=CARTESIAN_POINT('',(7.4226497308104,3.701,4.0));
#1446=EDGE_LOOP('',(#1828,#1829,#1830,#1831,#1832,#1833,#1834,#1835));
#1447=CARTESIAN_POINT('',(3.89876923076913,3.7,8.950999999985));
#1448=CARTESIAN_POINT('',(8.00123076923077,3.7,8.950999999985));
#1449=CARTESIAN_POINT('',(3.89876923076913,3.7,3.999));
#1450=CARTESIAN_POINT('',(8.00123076923077,3.7,3.999));
#1451=EDGE_LOOP('',(#1836,#1837,#1838,#1839));
#1452=CARTESIAN_POINT('',(7.4226497308104,2.8,4.0));
#1453=CARTESIAN_POINT('',(7.4226497308104,3.701,4.0));
#1454=CARTESIAN_POINT('',(8.0,2.8,4.0));
#1455=CARTESIAN_POINT('',(8.0,3.701,4.0));
#1456=EDGE_LOOP('',(#1840,#1841,#1842,#1843,#1844,#1845,#1846));
#1457=EDGE_LOOP('',(#1847,#1848));
#1458=CARTESIAN_POINT('',(2.01879191919192,2.8,4.950999999992));
#1459=CARTESIAN_POINT('',(8.00120808080808,2.8,4.950999999992));
#1460=CARTESIAN_POINT('',(2.01879191919192,2.8,-0.00100000000001726));
#1461=CARTESIAN_POINT('',(8.00120808080808,2.8,-0.000999999999999867));
#1462=EDGE_LOOP('',(#1849,#1850,#1851,#1852,#1853,#1854));
#1463=CARTESIAN_POINT('',(-0.001,4.30145,0.0));
#1464=CARTESIAN_POINT('',(-0.001,-0.00145000000000051,0.0));
#1465=CARTESIAN_POINT('',(8.001,4.30145,0.0));
#1466=CARTESIAN_POINT('',(8.001,-0.00145000000000051,0.0));
#1467=EDGE_LOOP('',(#1855,#1856,#1857,#1858));
#1468=EDGE_LOOP('',(#1859,#1860));
#1469=EDGE_LOOP('',(#1861,#1862));
#1470=EDGE_LOOP('',(#1863,#1864));
#1471=EDGE_LOOP('',(#1865,#1866));
#1472=EDGE_LOOP('',(#1867,#1868));
#1473=EDGE_LOOP('',(#1869,#1870));
#1474=CARTESIAN_POINT('',(0.0,0.0,0.0));
#1475=CARTESIAN_POINT('',(0.0,0.0,94.9));
#1476=CARTESIAN_POINT('',(8.0,0.0,0.0));
#1477=CARTESIAN_POINT('',(8.0,0.0,94.9));
#1478=FILL_AREA_STYLE_COLOUR('',#1871);
#1479=(B_SPLINE_CURVE(1,(#1873,#1874),.UNSPECIFIED.,.F.,.F.)B_SPLINE_CURVE_WITH_KNOTS((2,2),(-1.4433756729741,-0.0),.UNSPECIFIED.)RATIONAL_B_SPLINE_CURVE((0.75,0.75))BOUNDED_CURVE()REPRESENTATION_ITEM('')GEOMETRIC_REPRESENTATION_ITEM()CURVE());
#1480=FILL_AREA_STYLE_COLOUR('',#1881);
#1481=(B_SPLINE_CURVE(1,(#1883,#1884),.UNSPECIFIED.,.F.,.F.)B_SPLINE_CURVE_WITH_KNOTS((2,2),(-1.4433756729741,-0.0),.UNSPECIFIED.)RATIONAL_B_SPLINE_CURVE((0.75,0.75))BOUNDED_CURVE()REPRESENTATION_ITEM('')GEOMETRIC_REPRESENTATION_ITEM()CURVE());
#1482=FILL_AREA_STYLE_COLOUR('',#1891);
#1483=(B_SPLINE_CURVE(1,(#1893,#1894),.UNSPECIFIED.,.F.,.F.)B_SPLINE_CURVE_WITH_KNOTS((2,2),(-1.4433756729741,-0.0),.UNSPECIFIED.)RATIONAL_B_SPLINE_CURVE((0.75,0.75))BOUNDED_CURVE()REPRESENTATION_ITEM('')GEOMETRIC_REPRESENTATION_ITEM()CURVE());
#1484=FILL_AREA_STYLE_COLOUR('',#1901);
#1485=(B_SPLINE_CURVE(1,(#1903,#1904),.UNSPECIFIED.,.F.,.F.)B_SPLINE_CURVE_WITH_KNOTS((2,2),(-1.4433756729741,-0.0),.UNSPECIFIED.)RATIONAL_B_SPLINE_CURVE((0.75,0.75))BOUNDED_CURVE()REPRESENTATION_ITEM('')GEOMETRIC_REPRESENTATION_ITEM()CURVE());
#1486=FILL_AREA_STYLE_COLOUR('',#1911);
#1487=FILL_AREA_STYLE_COLOUR('',#1912);
#1488=FILL_AREA_STYLE_COLOUR('',#1913);
#1489=FILL_AREA_STYLE_COLOUR('',#1914);
#1490=FILL_AREA_STYLE_COLOUR('',#1915);
#1491=FILL_AREA_STYLE_COLOUR('',#1916);
#1492=FILL_AREA_STYLE_COLOUR('',#1917);
#1493=FILL_AREA_STYLE_COLOUR('',#1918);
#1494=FILL_AREA_STYLE_COLOUR('',#1919);
#1495=ORIENTED_EDGE('',*,*,#1920,.F.);
#1496=ORIENTED_EDGE('',*,*,#1921,.F.);
#1497=ORIENTED_EDGE('',*,*,#1922,.T.);
#1498=ORIENTED_EDGE('',*,*,#1923,.T.);
#1499=ORIENTED_EDGE('',*,*,#1924,.F.);
#1500=ORIENTED_EDGE('',*,*,#1925,.F.);
#1501=ORIENTED_EDGE('',*,*,#1926,.T.);
#1502=ORIENTED_EDGE('',*,*,#1927,.T.);
#1503=ORIENTED_EDGE('',*,*,#1924,.T.);
#1504=ORIENTED_EDGE('',*,*,#1928,.T.);
#1505=ORIENTED_EDGE('',*,*,#1926,.F.);
#1506=ORIENTED_EDGE('',*,*,#1929,.F.);
#1507=ORIENTED_EDGE('',*,*,#1920,.T.);
#1508=ORIENTED_EDGE('',*,*,#1930,.T.);
#1509=ORIENTED_EDGE('',*,*,#1922,.F.);
#1510=ORIENTED_EDGE('',*,*,#1931,.F.);
#1511=ORIENTED_EDGE('',*,*,#1932,.F.);
#1512=ORIENTED_EDGE('',*,*,#1933,.F.);
#1513=ORIENTED_EDGE('',*,*,#1934,.T.);
#1514=ORIENTED_EDGE('',*,*,#1935,.F.);
#1515=ORIENTED_EDGE('',*,*,#1932,.T.);
#1516=ORIENTED_EDGE('',*,*,#1936,.F.);
#1517=ORIENTED_EDGE('',*,*,#1937,.F.);
#1518=ORIENTED_EDGE('',*,*,#1938,.F.);
#1519=ORIENTED_EDGE('',*,*,#1939,.F.);
#1520=ORIENTED_EDGE('',*,*,#1940,.F.);
#1521=ORIENTED_EDGE('',*,*,#1941,.F.);
#1522=ORIENTED_EDGE('',*,*,#1942,.F.);
#1523=ORIENTED_EDGE('',*,*,#1943,.F.);
#1524=ORIENTED_EDGE('',*,*,#1944,.F.);
#1525=ORIENTED_EDGE('',*,*,#1939,.T.);
#1526=ORIENTED_EDGE('',*,*,#1945,.T.);
#1527=ORIENTED_EDGE('',*,*,#1946,.T.);
#1528=ORIENTED_EDGE('',*,*,#1947,.F.);
#1529=ORIENTED_EDGE('',*,*,#1948,.F.);
#1530=ORIENTED_EDGE('',*,*,#1949,.F.);
#1531=ORIENTED_EDGE('',*,*,#1950,.F.);
#1532=ORIENTED_EDGE('',*,*,#1951,.F.);
#1533=ORIENTED_EDGE('',*,*,#1946,.F.);
#1534=ORIENTED_EDGE('',*,*,#1952,.F.);
#1535=ORIENTED_EDGE('',*,*,#1949,.T.);
#1536=ORIENTED_EDGE('',*,*,#1953,.F.);
#1537=ORIENTED_EDGE('',*,*,#1954,.F.);
#1538=ORIENTED_EDGE('',*,*,#1943,.T.);
#1539=ORIENTED_EDGE('',*,*,#1955,.T.);
#1540=ORIENTED_EDGE('',*,*,#1952,.T.);
#1541=ORIENTED_EDGE('',*,*,#1945,.F.);
#1542=ORIENTED_EDGE('',*,*,#1938,.T.);
#1543=ORIENTED_EDGE('',*,*,#1956,.F.);
#1544=ORIENTED_EDGE('',*,*,#1957,.T.);
#1545=ORIENTED_EDGE('',*,*,#1958,.F.);
#1546=ORIENTED_EDGE('',*,*,#1950,.T.);
#1547=ORIENTED_EDGE('',*,*,#1955,.F.);
#1548=ORIENTED_EDGE('',*,*,#1959,.F.);
#1549=ORIENTED_EDGE('',*,*,#1960,.F.);
#1550=ORIENTED_EDGE('',*,*,#1961,.F.);
#1551=ORIENTED_EDGE('',*,*,#1962,.F.);
#1552=ORIENTED_EDGE('',*,*,#1963,.T.);
#1553=ORIENTED_EDGE('',*,*,#1964,.F.);
#1554=ORIENTED_EDGE('',*,*,#1962,.T.);
#1555=ORIENTED_EDGE('',*,*,#1965,.T.);
#1556=ORIENTED_EDGE('',*,*,#1966,.F.);
#1557=ORIENTED_EDGE('',*,*,#1957,.F.);
#1558=ORIENTED_EDGE('',*,*,#1967,.F.);
#1559=ORIENTED_EDGE('',*,*,#1963,.F.);
#1560=ORIENTED_EDGE('',*,*,#1967,.T.);
#1561=ORIENTED_EDGE('',*,*,#1956,.T.);
#1562=ORIENTED_EDGE('',*,*,#1937,.T.);
#1563=ORIENTED_EDGE('',*,*,#1968,.F.);
#1564=ORIENTED_EDGE('',*,*,#1969,.T.);
#1565=ORIENTED_EDGE('',*,*,#1970,.T.);
#1566=ORIENTED_EDGE('',*,*,#1959,.T.);
#1567=ORIENTED_EDGE('',*,*,#1964,.T.);
#1568=ORIENTED_EDGE('',*,*,#1971,.F.);
#1569=ORIENTED_EDGE('',*,*,#1972,.F.);
#1570=ORIENTED_EDGE('',*,*,#1973,.T.);
#1571=ORIENTED_EDGE('',*,*,#1974,.F.);
#1572=ORIENTED_EDGE('',*,*,#1975,.F.);
#1573=ORIENTED_EDGE('',*,*,#1976,.F.);
#1574=ORIENTED_EDGE('',*,*,#1971,.T.);
#1575=ORIENTED_EDGE('',*,*,#1977,.F.);
#1576=ORIENTED_EDGE('',*,*,#1978,.F.);
#1577=ORIENTED_EDGE('',*,*,#1979,.F.);
#1578=ORIENTED_EDGE('',*,*,#1980,.F.);
#1579=ORIENTED_EDGE('',*,*,#1981,.F.);
#1580=ORIENTED_EDGE('',*,*,#1982,.T.);
#1581=ORIENTED_EDGE('',*,*,#1983,.F.);
#1582=ORIENTED_EDGE('',*,*,#1978,.T.);
#1583=ORIENTED_EDGE('',*,*,#1984,.F.);
#1584=ORIENTED_EDGE('',*,*,#1984,.T.);
#1585=ORIENTED_EDGE('',*,*,#1981,.T.);
#1586=ORIENTED_EDGE('',*,*,#1985,.F.);
#1587=ORIENTED_EDGE('',*,*,#1986,.T.);
#1588=ORIENTED_EDGE('',*,*,#1987,.F.);
#1589=ORIENTED_EDGE('',*,*,#1988,.F.);
#1590=ORIENTED_EDGE('',*,*,#1982,.F.);
#1591=ORIENTED_EDGE('',*,*,#1986,.F.);
#1592=ORIENTED_EDGE('',*,*,#1989,.F.);
#1593=ORIENTED_EDGE('',*,*,#1979,.T.);
#1594=ORIENTED_EDGE('',*,*,#1983,.T.);
#1595=ORIENTED_EDGE('',*,*,#1988,.T.);
#1596=ORIENTED_EDGE('',*,*,#1990,.F.);
#1597=ORIENTED_EDGE('',*,*,#1991,.F.);
#1598=ORIENTED_EDGE('',*,*,#1992,.F.);
#1599=ORIENTED_EDGE('',*,*,#1993,.F.);
#1600=ORIENTED_EDGE('',*,*,#1994,.T.);
#1601=ORIENTED_EDGE('',*,*,#1995,.F.);
#1602=ORIENTED_EDGE('',*,*,#1990,.T.);
#1603=ORIENTED_EDGE('',*,*,#1996,.F.);
#1604=ORIENTED_EDGE('',*,*,#1996,.T.);
#1605=ORIENTED_EDGE('',*,*,#1993,.T.);
#1606=ORIENTED_EDGE('',*,*,#1997,.F.);
#1607=ORIENTED_EDGE('',*,*,#1998,.T.);
#1608=ORIENTED_EDGE('',*,*,#1999,.F.);
#1609=ORIENTED_EDGE('',*,*,#2000,.F.);
#1610=ORIENTED_EDGE('',*,*,#1994,.F.);
#1611=ORIENTED_EDGE('',*,*,#1998,.F.);
#1612=ORIENTED_EDGE('',*,*,#2001,.F.);
#1613=ORIENTED_EDGE('',*,*,#1991,.T.);
#1614=ORIENTED_EDGE('',*,*,#1995,.T.);
#1615=ORIENTED_EDGE('',*,*,#2000,.T.);
#1616=ORIENTED_EDGE('',*,*,#2002,.F.);
#1617=ORIENTED_EDGE('',*,*,#2003,.F.);
#1618=ORIENTED_EDGE('',*,*,#2004,.F.);
#1619=ORIENTED_EDGE('',*,*,#2005,.F.);
#1620=ORIENTED_EDGE('',*,*,#2006,.T.);
#1621=ORIENTED_EDGE('',*,*,#2007,.F.);
#1622=ORIENTED_EDGE('',*,*,#2002,.T.);
#1623=ORIENTED_EDGE('',*,*,#2008,.F.);
#1624=ORIENTED_EDGE('',*,*,#2008,.T.);
#1625=ORIENTED_EDGE('',*,*,#2005,.T.);
#1626=ORIENTED_EDGE('',*,*,#2009,.F.);
#1627=ORIENTED_EDGE('',*,*,#2010,.T.);
#1628=ORIENTED_EDGE('',*,*,#2011,.F.);
#1629=ORIENTED_EDGE('',*,*,#2012,.F.);
#1630=ORIENTED_EDGE('',*,*,#2006,.F.);
#1631=ORIENTED_EDGE('',*,*,#2010,.F.);
#1632=ORIENTED_EDGE('',*,*,#2013,.F.);
#1633=ORIENTED_EDGE('',*,*,#2003,.T.);
#1634=ORIENTED_EDGE('',*,*,#2007,.T.);
#1635=ORIENTED_EDGE('',*,*,#2012,.T.);
#1636=ORIENTED_EDGE('',*,*,#2014,.F.);
#1637=ORIENTED_EDGE('',*,*,#2015,.F.);
#1638=ORIENTED_EDGE('',*,*,#2016,.F.);
#1639=ORIENTED_EDGE('',*,*,#2017,.F.);
#1640=ORIENTED_EDGE('',*,*,#2018,.T.);
#1641=ORIENTED_EDGE('',*,*,#2019,.F.);
#1642=ORIENTED_EDGE('',*,*,#2014,.T.);
#1643=ORIENTED_EDGE('',*,*,#2020,.F.);
#1644=ORIENTED_EDGE('',*,*,#2020,.T.);
#1645=ORIENTED_EDGE('',*,*,#2017,.T.);
#1646=ORIENTED_EDGE('',*,*,#2021,.F.);
#1647=ORIENTED_EDGE('',*,*,#2022,.T.);
#1648=ORIENTED_EDGE('',*,*,#2023,.F.);
#1649=ORIENTED_EDGE('',*,*,#2024,.F.);
#1650=ORIENTED_EDGE('',*,*,#2018,.F.);
#1651=ORIENTED_EDGE('',*,*,#2022,.F.);
#1652=ORIENTED_EDGE('',*,*,#2025,.F.);
#1653=ORIENTED_EDGE('',*,*,#2015,.T.);
#1654=ORIENTED_EDGE('',*,*,#2019,.T.);
#1655=ORIENTED_EDGE('',*,*,#2024,.T.);
#1656=ORIENTED_EDGE('',*,*,#2026,.T.);
#1657=ORIENTED_EDGE('',*,*,#2027,.T.);
#1658=ORIENTED_EDGE('',*,*,#2028,.T.);
#1659=ORIENTED_EDGE('',*,*,#2029,.T.);
#1660=ORIENTED_EDGE('',*,*,#2030,.T.);
#1661=ORIENTED_EDGE('',*,*,#2031,.T.);
#1662=ORIENTED_EDGE('',*,*,#2032,.F.);
#1663=ORIENTED_EDGE('',*,*,#2033,.T.);
#1664=ORIENTED_EDGE('',*,*,#2025,.T.);
#1665=ORIENTED_EDGE('',*,*,#2023,.T.);
#1666=ORIENTED_EDGE('',*,*,#2021,.T.);
#1667=ORIENTED_EDGE('',*,*,#2016,.T.);
#1668=ORIENTED_EDGE('',*,*,#2013,.T.);
#1669=ORIENTED_EDGE('',*,*,#2011,.T.);
#1670=ORIENTED_EDGE('',*,*,#2009,.T.);
#1671=ORIENTED_EDGE('',*,*,#2004,.T.);
#1672=ORIENTED_EDGE('',*,*,#2001,.T.);
#1673=ORIENTED_EDGE('',*,*,#1999,.T.);
#1674=ORIENTED_EDGE('',*,*,#1997,.T.);
#1675=ORIENTED_EDGE('',*,*,#1992,.T.);
#1676=ORIENTED_EDGE('',*,*,#1989,.T.);
#1677=ORIENTED_EDGE('',*,*,#1987,.T.);
#1678=ORIENTED_EDGE('',*,*,#1985,.T.);
#1679=ORIENTED_EDGE('',*,*,#1980,.T.);
#1680=ORIENTED_EDGE('',*,*,#2034,.T.);
#1681=ORIENTED_EDGE('',*,*,#2032,.T.);
#1682=ORIENTED_EDGE('',*,*,#2035,.T.);
#1683=ORIENTED_EDGE('',*,*,#2036,.F.);
#1684=ORIENTED_EDGE('',*,*,#2034,.F.);
#1685=ORIENTED_EDGE('',*,*,#1977,.T.);
#1686=ORIENTED_EDGE('',*,*,#2037,.F.);
#1687=ORIENTED_EDGE('',*,*,#2033,.F.);
#1688=ORIENTED_EDGE('',*,*,#2037,.T.);
#1689=ORIENTED_EDGE('',*,*,#1974,.T.);
#1690=ORIENTED_EDGE('',*,*,#2038,.T.);
#1691=ORIENTED_EDGE('',*,*,#2026,.F.);
#1692=ORIENTED_EDGE('',*,*,#2038,.F.);
#1693=ORIENTED_EDGE('',*,*,#2039,.T.);
#1694=ORIENTED_EDGE('',*,*,#2040,.F.);
#1695=ORIENTED_EDGE('',*,*,#2027,.F.);
#1696=ORIENTED_EDGE('',*,*,#2040,.T.);
#1697=ORIENTED_EDGE('',*,*,#1968,.T.);
#1698=ORIENTED_EDGE('',*,*,#2041,.T.);
#1699=ORIENTED_EDGE('',*,*,#2028,.F.);
#1700=ORIENTED_EDGE('',*,*,#2041,.F.);
#1701=ORIENTED_EDGE('',*,*,#1936,.T.);
#1702=ORIENTED_EDGE('',*,*,#2042,.T.);
#1703=ORIENTED_EDGE('',*,*,#2029,.F.);
#1704=ORIENTED_EDGE('',*,*,#2042,.F.);
#1705=ORIENTED_EDGE('',*,*,#1935,.T.);
#1706=ORIENTED_EDGE('',*,*,#2043,.F.);
#1707=ORIENTED_EDGE('',*,*,#2030,.F.);
#1708=ORIENTED_EDGE('',*,*,#2043,.T.);
#1709=ORIENTED_EDGE('',*,*,#2044,.T.);
#1710=ORIENTED_EDGE('',*,*,#2035,.F.);
#1711=ORIENTED_EDGE('',*,*,#2031,.F.);
#1712=ORIENTED_EDGE('',*,*,#1934,.F.);
#1713=ORIENTED_EDGE('',*,*,#2045,.F.);
#1714=ORIENTED_EDGE('',*,*,#2046,.F.);
#1715=ORIENTED_EDGE('',*,*,#2044,.F.);
#1716=ORIENTED_EDGE('',*,*,#2046,.T.);
#1717=ORIENTED_EDGE('',*,*,#2047,.T.);
#1718=ORIENTED_EDGE('',*,*,#2048,.T.);
#1719=ORIENTED_EDGE('',*,*,#2049,.T.);
#1720=ORIENTED_EDGE('',*,*,#2050,.T.);
#1721=ORIENTED_EDGE('',*,*,#2051,.T.);
#1722=ORIENTED_EDGE('',*,*,#1975,.T.);
#1723=ORIENTED_EDGE('',*,*,#2036,.T.);
#1724=ORIENTED_EDGE('',*,*,#2048,.F.);
#1725=ORIENTED_EDGE('',*,*,#2052,.F.);
#1726=ORIENTED_EDGE('',*,*,#2053,.F.);
#1727=ORIENTED_EDGE('',*,*,#2054,.F.);
#1728=ORIENTED_EDGE('',*,*,#2054,.T.);
#1729=ORIENTED_EDGE('',*,*,#2055,.F.);
#1730=ORIENTED_EDGE('',*,*,#2056,.T.);
#1731=ORIENTED_EDGE('',*,*,#2049,.F.);
#1732=ORIENTED_EDGE('',*,*,#2057,.F.);
#1733=ORIENTED_EDGE('',*,*,#2058,.F.);
#1734=ORIENTED_EDGE('',*,*,#2050,.F.);
#1735=ORIENTED_EDGE('',*,*,#2056,.F.);
#1736=ORIENTED_EDGE('',*,*,#2059,.T.);
#1737=ORIENTED_EDGE('',*,*,#2060,.T.);
#1738=ORIENTED_EDGE('',*,*,#2061,.T.);
#1739=ORIENTED_EDGE('',*,*,#2057,.T.);
#1740=ORIENTED_EDGE('',*,*,#2055,.T.);
#1741=ORIENTED_EDGE('',*,*,#2053,.T.);
#1742=ORIENTED_EDGE('',*,*,#2062,.T.);
#1743=ORIENTED_EDGE('',*,*,#2063,.T.);
#1744=ORIENTED_EDGE('',*,*,#2064,.T.);
#1745=ORIENTED_EDGE('',*,*,#2065,.T.);
#1746=ORIENTED_EDGE('',*,*,#2066,.F.);
#1747=ORIENTED_EDGE('',*,*,#2067,.T.);
#1748=ORIENTED_EDGE('',*,*,#2068,.T.);
#1749=ORIENTED_EDGE('',*,*,#2069,.F.);
#1750=ORIENTED_EDGE('',*,*,#2063,.F.);
#1751=ORIENTED_EDGE('',*,*,#2070,.T.);
#1752=ORIENTED_EDGE('',*,*,#2062,.F.);
#1753=ORIENTED_EDGE('',*,*,#2052,.T.);
#1754=ORIENTED_EDGE('',*,*,#2047,.F.);
#1755=ORIENTED_EDGE('',*,*,#2045,.T.);
#1756=ORIENTED_EDGE('',*,*,#1933,.T.);
#1757=ORIENTED_EDGE('',*,*,#1942,.T.);
#1758=ORIENTED_EDGE('',*,*,#2071,.F.);
#1759=ORIENTED_EDGE('',*,*,#2070,.F.);
#1760=ORIENTED_EDGE('',*,*,#1941,.T.);
#1761=ORIENTED_EDGE('',*,*,#2072,.F.);
#1762=ORIENTED_EDGE('',*,*,#2068,.F.);
#1763=ORIENTED_EDGE('',*,*,#2071,.T.);
#1764=ORIENTED_EDGE('',*,*,#1940,.T.);
#1765=ORIENTED_EDGE('',*,*,#1944,.T.);
#1766=ORIENTED_EDGE('',*,*,#1954,.T.);
#1767=ORIENTED_EDGE('',*,*,#2073,.F.);
#1768=ORIENTED_EDGE('',*,*,#2064,.F.);
#1769=ORIENTED_EDGE('',*,*,#2069,.T.);
#1770=ORIENTED_EDGE('',*,*,#2072,.T.);
#1771=ORIENTED_EDGE('',*,*,#1923,.F.);
#1772=ORIENTED_EDGE('',*,*,#1930,.F.);
#1773=ORIENTED_EDGE('',*,*,#2073,.T.);
#1774=ORIENTED_EDGE('',*,*,#1953,.T.);
#1775=ORIENTED_EDGE('',*,*,#1948,.T.);
#1776=ORIENTED_EDGE('',*,*,#2074,.F.);
#1777=ORIENTED_EDGE('',*,*,#2075,.F.);
#1778=ORIENTED_EDGE('',*,*,#2065,.F.);
#1779=ORIENTED_EDGE('',*,*,#2076,.T.);
#1780=ORIENTED_EDGE('',*,*,#2077,.T.);
#1781=ORIENTED_EDGE('',*,*,#2078,.T.);
#1782=ORIENTED_EDGE('',*,*,#2074,.T.);
#1783=ORIENTED_EDGE('',*,*,#1947,.T.);
#1784=ORIENTED_EDGE('',*,*,#1951,.T.);
#1785=ORIENTED_EDGE('',*,*,#1958,.T.);
#1786=ORIENTED_EDGE('',*,*,#1966,.T.);
#1787=ORIENTED_EDGE('',*,*,#1965,.F.);
#1788=ORIENTED_EDGE('',*,*,#1961,.T.);
#1789=ORIENTED_EDGE('',*,*,#2079,.T.);
#1790=ORIENTED_EDGE('',*,*,#2080,.T.);
#1791=ORIENTED_EDGE('',*,*,#2081,.F.);
#1792=ORIENTED_EDGE('',*,*,#2076,.F.);
#1793=ORIENTED_EDGE('',*,*,#2082,.T.);
#1794=ORIENTED_EDGE('',*,*,#2083,.F.);
#1795=ORIENTED_EDGE('',*,*,#2082,.F.);
#1796=ORIENTED_EDGE('',*,*,#2080,.F.);
#1797=ORIENTED_EDGE('',*,*,#2084,.F.);
#1798=ORIENTED_EDGE('',*,*,#2085,.F.);
#1799=ORIENTED_EDGE('',*,*,#2086,.T.);
#1800=ORIENTED_EDGE('',*,*,#2087,.F.);
#1801=ORIENTED_EDGE('',*,*,#2088,.F.);
#1802=ORIENTED_EDGE('',*,*,#2089,.F.);
#1803=ORIENTED_EDGE('',*,*,#2083,.T.);
#1804=ORIENTED_EDGE('',*,*,#2085,.T.);
#1805=ORIENTED_EDGE('',*,*,#2086,.F.);
#1806=ORIENTED_EDGE('',*,*,#2084,.T.);
#1807=ORIENTED_EDGE('',*,*,#2079,.F.);
#1808=ORIENTED_EDGE('',*,*,#1960,.T.);
#1809=ORIENTED_EDGE('',*,*,#1970,.F.);
#1810=ORIENTED_EDGE('',*,*,#2090,.T.);
#1811=ORIENTED_EDGE('',*,*,#2091,.F.);
#1812=ORIENTED_EDGE('',*,*,#2092,.T.);
#1813=ORIENTED_EDGE('',*,*,#2093,.F.);
#1814=ORIENTED_EDGE('',*,*,#2087,.T.);
#1815=ORIENTED_EDGE('',*,*,#2091,.T.);
#1816=ORIENTED_EDGE('',*,*,#2090,.F.);
#1817=ORIENTED_EDGE('',*,*,#1969,.F.);
#1818=ORIENTED_EDGE('',*,*,#2039,.F.);
#1819=ORIENTED_EDGE('',*,*,#1973,.F.);
#1820=ORIENTED_EDGE('',*,*,#2094,.F.);
#1821=ORIENTED_EDGE('',*,*,#2095,.F.);
#1822=ORIENTED_EDGE('',*,*,#2096,.F.);
#1823=ORIENTED_EDGE('',*,*,#2092,.F.);
#1824=ORIENTED_EDGE('',*,*,#2097,.T.);
#1825=ORIENTED_EDGE('',*,*,#2098,.F.);
#1826=ORIENTED_EDGE('',*,*,#2095,.T.);
#1827=ORIENTED_EDGE('',*,*,#2099,.T.);
#1828=ORIENTED_EDGE('',*,*,#2094,.T.);
#1829=ORIENTED_EDGE('',*,*,#1972,.T.);
#1830=ORIENTED_EDGE('',*,*,#1976,.T.);
#1831=ORIENTED_EDGE('',*,*,#2051,.F.);
#1832=ORIENTED_EDGE('',*,*,#2058,.T.);
#1833=ORIENTED_EDGE('',*,*,#2061,.F.);
#1834=ORIENTED_EDGE('',*,*,#2100,.F.);
#1835=ORIENTED_EDGE('',*,*,#2099,.F.);
#1836=ORIENTED_EDGE('',*,*,#2060,.F.);
#1837=ORIENTED_EDGE('',*,*,#2101,.F.);
#1838=ORIENTED_EDGE('',*,*,#2097,.F.);
#1839=ORIENTED_EDGE('',*,*,#2100,.T.);
#1840=ORIENTED_EDGE('',*,*,#2059,.F.);
#1841=ORIENTED_EDGE('',*,*,#2102,.F.);
#1842=ORIENTED_EDGE('',*,*,#2088,.T.);
#1843=ORIENTED_EDGE('',*,*,#2093,.T.);
#1844=ORIENTED_EDGE('',*,*,#2096,.T.);
#1845=ORIENTED_EDGE('',*,*,#2098,.T.);
#1846=ORIENTED_EDGE('',*,*,#2101,.T.);
#1847=ORIENTED_EDGE('',*,*,#1927,.F.);
#1848=ORIENTED_EDGE('',*,*,#1928,.F.);
#1849=ORIENTED_EDGE('',*,*,#2102,.T.);
#1850=ORIENTED_EDGE('',*,*,#2067,.F.);
#1851=ORIENTED_EDGE('',*,*,#2103,.F.);
#1852=ORIENTED_EDGE('',*,*,#2077,.F.);
#1853=ORIENTED_EDGE('',*,*,#2081,.T.);
#1854=ORIENTED_EDGE('',*,*,#2089,.T.);
#1855=ORIENTED_EDGE('',*,*,#2103,.T.);
#1856=ORIENTED_EDGE('',*,*,#2066,.T.);
#1857=ORIENTED_EDGE('',*,*,#2075,.T.);
#1858=ORIENTED_EDGE('',*,*,#2078,.F.);
#1859=ORIENTED_EDGE('',*,*,#93,.T.);
#1860=ORIENTED_EDGE('',*,*,#131,.T.);
#1861=ORIENTED_EDGE('',*,*,#99,.T.);
#1862=ORIENTED_EDGE('',*,*,#127,.T.);
#1863=ORIENTED_EDGE('',*,*,#105,.T.);
#1864=ORIENTED_EDGE('',*,*,#123,.T.);
#1865=ORIENTED_EDGE('',*,*,#111,.T.);
#1866=ORIENTED_EDGE('',*,*,#119,.T.);
#1867=ORIENTED_EDGE('',*,*,#1925,.T.);
#1868=ORIENTED_EDGE('',*,*,#1929,.T.);
#1869=ORIENTED_EDGE('',*,*,#1921,.T.);
#1870=ORIENTED_EDGE('',*,*,#1931,.T.);
#1871=COLOUR_RGB('',0.0,0.660000026226044,1.0);
#1873=CARTESIAN_POINT('',(4.97,8.673617E-16,8.08));
#1874=CARTESIAN_POINT('',(4.97,-4.5,8.08));
#1881=COLOUR_RGB('',0.0,0.660000026226044,1.0);
#1883=CARTESIAN_POINT('',(2.43,8.673617E-16,8.08));
#1884=CARTESIAN_POINT('',(2.43,-4.5,8.08));
#1891=COLOUR_RGB('',0.0,0.660000026226044,1.0);
#1893=CARTESIAN_POINT('',(4.97,8.673617E-16,86.82));
#1894=CARTESIAN_POINT('',(4.97,-4.5,86.82));
#1901=COLOUR_RGB('',0.0,0.660000026226044,1.0);
#1903=CARTESIAN_POINT('',(2.43,8.673617E-16,86.82));
#1904=CARTESIAN_POINT('',(2.43,-4.5,86.82));
#1911=COLOUR_RGB('',0.0,0.660000026226044,1.0);
#1912=COLOUR_RGB('',0.0,0.660000026226044,1.0);
#1913=COLOUR_RGB('',0.0,0.660000026226044,1.0);
#1914=COLOUR_RGB('',0.0,0.660000026226044,1.0);
#1915=COLOUR_RGB('',0.0,0.660000026226044,1.0);
#1916=COLOUR_RGB('',0.0,0.660000026226044,1.0);
#1917=COLOUR_RGB('',0.0,0.660000026226044,1.0);
#1918=COLOUR_RGB('',0.0,0.660000026226044,1.0);
#1919=COLOUR_RGB('',1.0,0.660000026226044,0.0);
#1920=EDGE_CURVE('',#2104,#2105,#2106,.T.);
#1921=EDGE_CURVE('E176',#2107,#2104,#2108,.T.);
#1922=EDGE_CURVE('E177',#2107,#2109,#2110,.T.);
#1923=EDGE_CURVE('E178',#2109,#2105,#2111,.T.);
#1924=EDGE_CURVE('',#2112,#2113,#2114,.T.);
#1925=EDGE_CURVE('E173',#2115,#2112,#2116,.T.);
#1926=EDGE_CURVE('E174',#2115,#2117,#2118,.T.);
#1927=EDGE_CURVE('E175',#2117,#2113,#2119,.T.);
#1928=EDGE_CURVE('E175',#2113,#2117,#2120,.T.);
#1929=EDGE_CURVE('E173',#2112,#2115,#2121,.T.);
#1930=EDGE_CURVE('E178',#2105,#2109,#2122,.T.);
#1931=EDGE_CURVE('E176',#2104,#2107,#2123,.T.);
#1932=EDGE_CURVE('E86',#2124,#2125,#2126,.T.);
#1933=EDGE_CURVE('E127',#2127,#2124,#2128,.T.);
#1934=EDGE_CURVE('E138',#2127,#2129,#2130,.T.);
#1935=EDGE_CURVE('E137',#2125,#2129,#2131,.T.);
#1936=EDGE_CURVE('E85',#2132,#2125,#2133,.T.);
#1937=EDGE_CURVE('E84',#2134,#2132,#2135,.T.);
#1938=EDGE_CURVE('E83',#2136,#2134,#2137,.T.);
#1939=EDGE_CURVE('E82',#2138,#2136,#2139,.T.);
#1940=EDGE_CURVE('E81',#2140,#2138,#2141,.T.);
#1941=EDGE_CURVE('E80',#2142,#2140,#2143,.T.);
#1942=EDGE_CURVE('E79',#2124,#2142,#2144,.T.);
#1943=EDGE_CURVE('E100',#2145,#2146,#2147,.T.);
#1944=EDGE_CURVE('E99',#2138,#2145,#2148,.T.);
#1945=EDGE_CURVE('E98',#2136,#2146,#2149,.T.);
#1946=EDGE_CURVE('E142',#2150,#2151,#2152,.T.);
#1947=EDGE_CURVE('E141',#2153,#2151,#2154,.T.);
#1948=EDGE_CURVE('E71',#2155,#2153,#2156,.T.);
#1949=EDGE_CURVE('E104',#2150,#2155,#2157,.T.);
#1950=EDGE_CURVE('E131',#2158,#2159,#2160,.T.);
#1951=EDGE_CURVE('E143',#2151,#2158,#2161,.T.);
#1952=EDGE_CURVE('E101',#2159,#2150,#2162,.T.);
#1953=EDGE_CURVE('E70',#2163,#2155,#2164,.T.);
#1954=EDGE_CURVE('E103',#2145,#2163,#2165,.T.);
#1955=EDGE_CURVE('E102',#2146,#2159,#2166,.T.);
#1956=EDGE_CURVE('E134',#2167,#2134,#2168,.T.);
#1957=EDGE_CURVE('E133',#2167,#2169,#2170,.T.);
#1958=EDGE_CURVE('E132',#2158,#2169,#2171,.T.);
#1959=EDGE_CURVE('E153',#2172,#2173,#2174,.T.);
#1960=EDGE_CURVE('E124',#2175,#2172,#2176,.T.);
#1961=EDGE_CURVE('E163',#2177,#2175,#2178,.T.);
#1962=EDGE_CURVE('E162',#2173,#2177,#2179,.T.);
#1963=EDGE_CURVE('E165',#2180,#2181,#2182,.T.);
#1964=EDGE_CURVE('E154',#2173,#2181,#2183,.T.);
#1965=EDGE_CURVE('E167',#2177,#2180,#2184,.T.);
#1966=EDGE_CURVE('E166',#2169,#2180,#2185,.T.);
#1967=EDGE_CURVE('E151',#2181,#2167,#2186,.T.);
#1968=EDGE_CURVE('E152',#2187,#2132,#2188,.T.);
#1969=EDGE_CURVE('E93',#2187,#2189,#2190,.T.);
#1970=EDGE_CURVE('E123',#2189,#2172,#2191,.T.);
#1971=EDGE_CURVE('E136',#2192,#2193,#2194,.T.);
#1972=EDGE_CURVE('E122',#2195,#2192,#2196,.T.);
#1973=EDGE_CURVE('E91',#2195,#2197,#2198,.T.);
#1974=EDGE_CURVE('E135',#2193,#2197,#2199,.T.);
#1975=EDGE_CURVE('E159',#2200,#2201,#2202,.T.);
#1976=EDGE_CURVE('E121',#2192,#2200,#2203,.T.);
#1977=EDGE_CURVE('E168',#2201,#2193,#2204,.T.);
#1978=EDGE_CURVE('E54',#2205,#2206,#2207,.T.);
#1979=EDGE_CURVE('E53',#2208,#2205,#2209,.T.);
#1980=EDGE_CURVE('E12',#2210,#2208,#2211,.T.);
#1981=EDGE_CURVE('E52',#2206,#2210,#2212,.T.);
#1982=EDGE_CURVE('E50',#2213,#2214,#2215,.T.);
#1983=EDGE_CURVE('E56',#2205,#2214,#2216,.T.);
#1984=EDGE_CURVE('E55',#2213,#2206,#2217,.T.);
#1985=EDGE_CURVE('E11',#2218,#2210,#2219,.T.);
#1986=EDGE_CURVE('E49',#2218,#2213,#2220,.T.);
#1987=EDGE_CURVE('E10',#2221,#2218,#2222,.T.);
#1988=EDGE_CURVE('E51',#2214,#2221,#2223,.T.);
#1989=EDGE_CURVE('E9',#2208,#2221,#2224,.T.);
#1990=EDGE_CURVE('E46',#2225,#2226,#2227,.T.);
#1991=EDGE_CURVE('E45',#2228,#2225,#2229,.T.);
#1992=EDGE_CURVE('E16',#2230,#2228,#2231,.T.);
#1993=EDGE_CURVE('E44',#2226,#2230,#2232,.T.);
#1994=EDGE_CURVE('E42',#2233,#2234,#2235,.T.);
#1995=EDGE_CURVE('E48',#2225,#2234,#2236,.T.);
#1996=EDGE_CURVE('E47',#2233,#2226,#2237,.T.);
#1997=EDGE_CURVE('E15',#2238,#2230,#2239,.T.);
#1998=EDGE_CURVE('E41',#2238,#2233,#2240,.T.);
#1999=EDGE_CURVE('E14',#2241,#2238,#2242,.T.);
#2000=EDGE_CURVE('E43',#2234,#2241,#2243,.T.);
#2001=EDGE_CURVE('E13',#2228,#2241,#2244,.T.);
#2002=EDGE_CURVE('E38',#2245,#2246,#2247,.T.);
#2003=EDGE_CURVE('E37',#2248,#2245,#2249,.T.);
#2004=EDGE_CURVE('E20',#2250,#2248,#2251,.T.);
#2005=EDGE_CURVE('E36',#2246,#2250,#2252,.T.);
#2006=EDGE_CURVE('E34',#2253,#2254,#2255,.T.);
#2007=EDGE_CURVE('E40',#2245,#2254,#2256,.T.);
#2008=EDGE_CURVE('E39',#2253,#2246,#2257,.T.);
#2009=EDGE_CURVE('E19',#2258,#2250,#2259,.T.);
#2010=EDGE_CURVE('E33',#2258,#2253,#2260,.T.);
#2011=EDGE_CURVE('E18',#2261,#2258,#2262,.T.);
#2012=EDGE_CURVE('E35',#2254,#2261,#2263,.T.);
#2013=EDGE_CURVE('E17',#2248,#2261,#2264,.T.);
#2014=EDGE_CURVE('E30',#2265,#2266,#2267,.T.);
#2015=EDGE_CURVE('E29',#2268,#2265,#2269,.T.);
#2016=EDGE_CURVE('E24',#2270,#2268,#2271,.T.);
#2017=EDGE_CURVE('E28',#2266,#2270,#2272,.T.);
#2018=EDGE_CURVE('E26',#2273,#2274,#2275,.T.);
#2019=EDGE_CURVE('E32',#2265,#2274,#2276,.T.);
#2020=EDGE_CURVE('E31',#2273,#2266,#2277,.T.);
#2021=EDGE_CURVE('E23',#2278,#2270,#2279,.T.);
#2022=EDGE_CURVE('E25',#2278,#2273,#2280,.T.);
#2023=EDGE_CURVE('E22',#2281,#2278,#2282,.T.);
#2024=EDGE_CURVE('E27',#2274,#2281,#2283,.T.);
#2025=EDGE_CURVE('E21',#2268,#2281,#2284,.T.);
#2026=EDGE_CURVE('E1',#2285,#2286,#2287,.T.);
#2027=EDGE_CURVE('E2',#2286,#2288,#2289,.T.);
#2028=EDGE_CURVE('E3',#2288,#2290,#2291,.T.);
#2029=EDGE_CURVE('E4',#2290,#2292,#2293,.T.);
#2030=EDGE_CURVE('E5',#2292,#2294,#2295,.T.);
#2031=EDGE_CURVE('E6',#2294,#2296,#2297,.T.);
#2032=EDGE_CURVE('E7',#2298,#2296,#2299,.T.);
#2033=EDGE_CURVE('E8',#2298,#2285,#2300,.T.);
#2034=EDGE_CURVE('E170',#2201,#2298,#2301,.T.);
#2035=EDGE_CURVE('E171',#2296,#2302,#2303,.T.);
#2036=EDGE_CURVE('E160',#2201,#2302,#2304,.T.);
#2037=EDGE_CURVE('E148',#2285,#2193,#2305,.T.);
#2038=EDGE_CURVE('E149',#2197,#2286,#2306,.T.);
#2039=EDGE_CURVE('E92',#2197,#2187,#2307,.T.);
#2040=EDGE_CURVE('E150',#2288,#2187,#2308,.T.);
#2041=EDGE_CURVE('E145',#2132,#2290,#2309,.T.);
#2042=EDGE_CURVE('E146',#2125,#2292,#2310,.T.);
#2043=EDGE_CURVE('E147',#2294,#2129,#2311,.T.);
#2044=EDGE_CURVE('E169',#2129,#2302,#2312,.T.);
#2045=EDGE_CURVE('E128',#2313,#2127,#2314,.T.);
#2046=EDGE_CURVE('E155',#2302,#2313,#2315,.T.);
#2047=EDGE_CURVE('E129',#2313,#2316,#2317,.T.);
#2048=EDGE_CURVE('E156',#2316,#2318,#2319,.T.);
#2049=EDGE_CURVE('E157',#2318,#2320,#2321,.T.);
#2050=EDGE_CURVE('E158',#2320,#2322,#2323,.T.);
#2051=EDGE_CURVE('E120',#2322,#2200,#2324,.T.);
#2052=EDGE_CURVE('E130',#2325,#2316,#2326,.T.);
#2053=EDGE_CURVE('E62',#2327,#2325,#2328,.T.);
#2054=EDGE_CURVE('E164',#2318,#2327,#2329,.T.);
#2055=EDGE_CURVE('E61',#2330,#2327,#2331,.T.);
#2056=EDGE_CURVE('E161',#2330,#2320,#2332,.T.);
#2057=EDGE_CURVE('E60',#2333,#2330,#2334,.T.);
#2058=EDGE_CURVE('E119',#2322,#2333,#2335,.T.);
#2059=EDGE_CURVE('E57',#2336,#2337,#2338,.T.);
#2060=EDGE_CURVE('E58',#2337,#2339,#2340,.T.);
#2061=EDGE_CURVE('E59',#2339,#2333,#2341,.T.);
#2062=EDGE_CURVE('E63',#2325,#2342,#2343,.T.);
#2063=EDGE_CURVE('E64',#2342,#2344,#2345,.T.);
#2064=EDGE_CURVE('E65',#2344,#2346,#2347,.T.);
#2065=EDGE_CURVE('E66',#2346,#2348,#2349,.T.);
#2066=EDGE_CURVE('E67',#2350,#2348,#2351,.T.);
#2067=EDGE_CURVE('E68',#2350,#2336,#2352,.T.);
#2068=EDGE_CURVE('E96',#2353,#2354,#2355,.T.);
#2069=EDGE_CURVE('E106',#2344,#2354,#2356,.T.);
#2070=EDGE_CURVE('E105',#2342,#2353,#2357,.T.);
#2071=EDGE_CURVE('E95',#2353,#2142,#2358,.T.);
#2072=EDGE_CURVE('E97',#2354,#2140,#2359,.T.);
#2073=EDGE_CURVE('E69',#2346,#2163,#2360,.T.);
#2074=EDGE_CURVE('E72',#2361,#2153,#2362,.T.);
#2075=EDGE_CURVE('E73',#2348,#2361,#2363,.T.);
#2076=EDGE_CURVE('E140',#2364,#2365,#2366,.T.);
#2077=EDGE_CURVE('E76',#2365,#2367,#2368,.T.);
#2078=EDGE_CURVE('E172',#2367,#2361,#2369,.T.);
#2079=EDGE_CURVE('E125',#2175,#2370,#2371,.T.);
#2080=EDGE_CURVE('E144',#2370,#2364,#2372,.T.);
#2081=EDGE_CURVE('E77',#2365,#2373,#2374,.T.);
#2082=EDGE_CURVE('E139',#2364,#2375,#2376,.T.);
#2083=EDGE_CURVE('E111',#2373,#2375,#2377,.T.);
#2084=EDGE_CURVE('E126',#2378,#2370,#2379,.T.);
#2085=EDGE_CURVE('E110',#2375,#2378,#2380,.T.);
#2086=EDGE_CURVE('E114',#2378,#2381,#2382,.T.);
#2087=EDGE_CURVE('E113',#2383,#2381,#2384,.T.);
#2088=EDGE_CURVE('E112',#2385,#2383,#2386,.T.);
#2089=EDGE_CURVE('E78',#2373,#2385,#2387,.T.);
#2090=EDGE_CURVE('E94',#2189,#2388,#2389,.T.);
#2091=EDGE_CURVE('E115',#2381,#2388,#2390,.T.);
#2092=EDGE_CURVE('E87',#2388,#2391,#2392,.T.);
#2093=EDGE_CURVE('E116',#2383,#2391,#2393,.T.);
#2094=EDGE_CURVE('E90',#2394,#2195,#2395,.T.);
#2095=EDGE_CURVE('E89',#2396,#2394,#2397,.T.);
#2096=EDGE_CURVE('E88',#2391,#2396,#2398,.T.);
#2097=EDGE_CURVE('E108',#2399,#2400,#2401,.T.);
#2098=EDGE_CURVE('E118',#2396,#2400,#2402,.T.);
#2099=EDGE_CURVE('E117',#2394,#2399,#2403,.T.);
#2100=EDGE_CURVE('E107',#2399,#2339,#2404,.T.);
#2101=EDGE_CURVE('E109',#2400,#2337,#2405,.T.);
#2102=EDGE_CURVE('E74',#2385,#2336,#2406,.T.);
#2103=EDGE_CURVE('E75',#2367,#2350,#2407,.T.);
#2104=VERTEX_POINT('',#2408);
#2105=VERTEX_POINT('',#2409);
#2106=(B_SPLINE_CURVE(1,(#2411,#2412),.UNSPECIFIED.,.F.,.F.)B_SPLINE_CURVE_WITH_KNOTS((2,2),(0.0,1.0),.UNSPECIFIED.)RATIONAL_B_SPLINE_CURVE((0.75,0.75))BOUNDED_CURVE()REPRESENTATION_ITEM('')GEOMETRIC_REPRESENTATION_ITEM()CURVE());
#2107=VERTEX_POINT('V115',#2419);
#2108=(B_SPLINE_CURVE(2,(#2421,#2422,#2423,#2424,#2425),.UNSPECIFIED.,.F.,.F.)B_SPLINE_CURVE_WITH_KNOTS((3,2,3),(0.0,1.7320508075689,2.59807621135328),.UNSPECIFIED.)RATIONAL_B_SPLINE_CURVE((1.0,0.5,1.0,0.750000000000021,0.75))BOUNDED_CURVE()REPRESENTATION_ITEM('')GEOMETRIC_REPRESENTATION_ITEM()CURVE());
#2109=VERTEX_POINT('V116',#2432);
#2110=B_SPLINE_CURVE_WITH_KNOTS('',1,(#2433,#2434),.UNSPECIFIED.,.F.,.F.,(2,2),(0.0,1.0),.UNSPECIFIED.);
#2111=(B_SPLINE_CURVE(2,(#2436,#2437,#2438,#2439,#2440),.UNSPECIFIED.,.F.,.F.)B_SPLINE_CURVE_WITH_KNOTS((3,2,3),(0.0,1.7320508075689,2.59807621135328),.UNSPECIFIED.)RATIONAL_B_SPLINE_CURVE((1.0,0.5,1.0,0.750000000000021,0.75))BOUNDED_CURVE()REPRESENTATION_ITEM('')GEOMETRIC_REPRESENTATION_ITEM()CURVE());
#2112=VERTEX_POINT('',#2447);
#2113=VERTEX_POINT('',#2448);
#2114=(B_SPLINE_CURVE(1,(#2450,#2451),.UNSPECIFIED.,.F.,.F.)B_SPLINE_CURVE_WITH_KNOTS((2,2),(0.0,1.0),.UNSPECIFIED.)RATIONAL_B_SPLINE_CURVE((0.75,0.75))BOUNDED_CURVE()REPRESENTATION_ITEM('')GEOMETRIC_REPRESENTATION_ITEM()CURVE());
#2115=VERTEX_POINT('V113',#2458);
#2116=(B_SPLINE_CURVE(2,(#2460,#2461,#2462,#2463,#2464),.UNSPECIFIED.,.F.,.F.)B_SPLINE_CURVE_WITH_KNOTS((3,2,3),(0.0,1.7320508075689,2.59807621135328),.UNSPECIFIED.)RATIONAL_B_SPLINE_CURVE((1.0,0.5,1.0,0.75000000000002,0.75))BOUNDED_CURVE()REPRESENTATION_ITEM('')GEOMETRIC_REPRESENTATION_ITEM()CURVE());
#2117=VERTEX_POINT('V114',#2471);
#2118=B_SPLINE_CURVE_WITH_KNOTS('',1,(#2472,#2473),.UNSPECIFIED.,.F.,.F.,(2,2),(0.0,1.0),.UNSPECIFIED.);
#2119=(B_SPLINE_CURVE(2,(#2475,#2476,#2477,#2478,#2479),.UNSPECIFIED.,.F.,.F.)B_SPLINE_CURVE_WITH_KNOTS((3,2,3),(0.0,1.7320508075689,2.59807621135329),.UNSPECIFIED.)RATIONAL_B_SPLINE_CURVE((1.0,0.5,1.0,0.750000000000018,0.75))BOUNDED_CURVE()REPRESENTATION_ITEM('')GEOMETRIC_REPRESENTATION_ITEM()CURVE());
#2120=(B_SPLINE_CURVE(2,(#2487,#2488,#2489,#2490,#2491),.UNSPECIFIED.,.F.,.F.)B_SPLINE_CURVE_WITH_KNOTS((3,2,3),(2.59807621135329,3.4641016151378,5.1961524227066),.UNSPECIFIED.)RATIONAL_B_SPLINE_CURVE((0.75,0.749999999999982,1.0,0.5,1.0))BOUNDED_CURVE()REPRESENTATION_ITEM('')GEOMETRIC_REPRESENTATION_ITEM()CURVE());
#2121=(B_SPLINE_CURVE(2,(#2499,#2500,#2501,#2502,#2503),.UNSPECIFIED.,.F.,.F.)B_SPLINE_CURVE_WITH_KNOTS((3,2,3),(2.59807621135328,3.4641016151378,5.1961524227066),.UNSPECIFIED.)RATIONAL_B_SPLINE_CURVE((0.75,0.74999999999998,1.0,0.5,1.0))BOUNDED_CURVE()REPRESENTATION_ITEM('')GEOMETRIC_REPRESENTATION_ITEM()CURVE());
#2122=(B_SPLINE_CURVE(2,(#2511,#2512,#2513,#2514,#2515),.UNSPECIFIED.,.F.,.F.)B_SPLINE_CURVE_WITH_KNOTS((3,2,3),(2.59807621135328,3.4641016151378,5.1961524227066),.UNSPECIFIED.)RATIONAL_B_SPLINE_CURVE((0.75,0.749999999999979,1.0,0.5,1.0))BOUNDED_CURVE()REPRESENTATION_ITEM('')GEOMETRIC_REPRESENTATION_ITEM()CURVE());
#2123=(B_SPLINE_CURVE(2,(#2523,#2524,#2525,#2526,#2527),.UNSPECIFIED.,.F.,.F.)B_SPLINE_CURVE_WITH_KNOTS((3,2,3),(2.59807621135328,3.4641016151378,5.1961524227066),.UNSPECIFIED.)RATIONAL_B_SPLINE_CURVE((0.75,0.749999999999979,1.0,0.5,1.0))BOUNDED_CURVE()REPRESENTATION_ITEM('')GEOMETRIC_REPRESENTATION_ITEM()CURVE());
#2124=VERTEX_POINT('V61',#2534);
#2125=VERTEX_POINT('V68',#2535);
#2126=B_SPLINE_CURVE_WITH_KNOTS('',1,(#2536,#2537),.UNSPECIFIED.,.F.,.F.,(2,2),(0.0,6.9047619047619),.UNSPECIFIED.);
#2127=VERTEX_POINT('V95',#2538);
#2128=B_SPLINE_CURVE_WITH_KNOTS('',1,(#2539,#2540),.UNSPECIFIED.,.F.,.F.,(2,2),(0.0,1.0),.UNSPECIFIED.);
#2129=VERTEX_POINT('V102',#2541);
#2130=B_SPLINE_CURVE_WITH_KNOTS('',1,(#2542,#2543),.UNSPECIFIED.,.F.,.F.,(2,2),(0.0,2.3387096774194),.UNSPECIFIED.);
#2131=B_SPLINE_CURVE_WITH_KNOTS('',1,(#2544,#2545),.UNSPECIFIED.,.F.,.F.,(2,2),(2.0,3.1422494157629),.UNSPECIFIED.);
#2132=VERTEX_POINT('V67',#2546);
#2133=B_SPLINE_CURVE_WITH_KNOTS('',1,(#2547,#2548),.UNSPECIFIED.,.F.,.F.,(2,2),(0.0,1.0),.UNSPECIFIED.);
#2134=VERTEX_POINT('V66',#2549);
#2135=B_SPLINE_CURVE_WITH_KNOTS('',1,(#2550,#2551),.UNSPECIFIED.,.F.,.F.,(2,2),(0.0,1.0),.UNSPECIFIED.);
#2136=VERTEX_POINT('V65',#2552);
#2137=B_SPLINE_CURVE_WITH_KNOTS('',1,(#2553,#2554),.UNSPECIFIED.,.F.,.F.,(2,2),(0.26005757761308,1.0),.UNSPECIFIED.);
#2138=VERTEX_POINT('V64',#2555);
#2139=B_SPLINE_CURVE_WITH_KNOTS('',1,(#2556,#2557),.UNSPECIFIED.,.F.,.F.,(2,2),(0.0,0.24139468514174),.UNSPECIFIED.);
#2140=VERTEX_POINT('V63',#2558);
#2141=B_SPLINE_CURVE_WITH_KNOTS('',1,(#2559,#2560),.UNSPECIFIED.,.F.,.F.,(2,2),(0.0,1.0),.UNSPECIFIED.);
#2142=VERTEX_POINT('V62',#2561);
#2143=B_SPLINE_CURVE_WITH_KNOTS('',1,(#2562,#2563),.UNSPECIFIED.,.F.,.F.,(2,2),(0.0,0.82044511936782),.UNSPECIFIED.);
#2144=B_SPLINE_CURVE_WITH_KNOTS('',1,(#2564,#2565),.UNSPECIFIED.,.F.,.F.,(2,2),(0.20227988832519,1.0),.UNSPECIFIED.);
#2145=VERTEX_POINT('V80',#2566);
#2146=VERTEX_POINT('V79',#2567);
#2147=B_SPLINE_CURVE_WITH_KNOTS('',1,(#2568,#2569),.UNSPECIFIED.,.F.,.F.,(2,2),(0.0,0.39970403251425),.UNSPECIFIED.);
#2148=B_SPLINE_CURVE_WITH_KNOTS('',1,(#2570,#2571),.UNSPECIFIED.,.F.,.F.,(2,2),(0.0,1.0),.UNSPECIFIED.);
#2149=B_SPLINE_CURVE_WITH_KNOTS('',1,(#2572,#2573),.UNSPECIFIED.,.F.,.F.,(2,2),(2.04287666723338E-12,1.0),.UNSPECIFIED.);
#2150=VERTEX_POINT('V82',#2574);
#2151=VERTEX_POINT('V104',#2575);
#2152=B_SPLINE_CURVE_WITH_KNOTS('',1,(#2576,#2577),.UNSPECIFIED.,.F.,.F.,(2,2),(2.4408163265306,3.2653061224489),.UNSPECIFIED.);
#2153=VERTEX_POINT('V55',#2578);
#2154=B_SPLINE_CURVE_WITH_KNOTS('',1,(#2579,#2580),.UNSPECIFIED.,.F.,.F.,(2,2),(0.0,1.0),.UNSPECIFIED.);
#2155=VERTEX_POINT('V54',#2581);
#2156=B_SPLINE_CURVE_WITH_KNOTS('',1,(#2582,#2583),.UNSPECIFIED.,.F.,.F.,(2,2),(0.7475,1.0),.UNSPECIFIED.);
#2157=B_SPLINE_CURVE_WITH_KNOTS('',1,(#2584,#2585),.UNSPECIFIED.,.F.,.F.,(2,2),(0.0,1.0),.UNSPECIFIED.);
#2158=VERTEX_POINT('V98',#2586);
#2159=VERTEX_POINT('V81',#2587);
#2160=B_SPLINE_CURVE_WITH_KNOTS('',1,(#2588,#2589),.UNSPECIFIED.,.F.,.F.,(2,2),(0.0,0.2525),.UNSPECIFIED.);
#2161=B_SPLINE_CURVE_WITH_KNOTS('',1,(#2590,#2591),.UNSPECIFIED.,.F.,.F.,(2,2),(0.007692307692307,0.20769230769231),.UNSPECIFIED.);
#2162=B_SPLINE_CURVE_WITH_KNOTS('',1,(#2592,#2593),.UNSPECIFIED.,.F.,.F.,(2,2),(0.0,0.56521739130435),.UNSPECIFIED.);
#2163=VERTEX_POINT('V53',#2594);
#2164=B_SPLINE_CURVE_WITH_KNOTS('',1,(#2595,#2596),.UNSPECIFIED.,.F.,.F.,(2,2),(0.0,0.73333333333333),.UNSPECIFIED.);
#2165=B_SPLINE_CURVE_WITH_KNOTS('',1,(#2597,#2598),.UNSPECIFIED.,.F.,.F.,(2,2),(0.0,1.0),.UNSPECIFIED.);
#2166=B_SPLINE_CURVE_WITH_KNOTS('',1,(#2599,#2600),.UNSPECIFIED.,.F.,.F.,(2,2),(0.37142857142859,1.0),.UNSPECIFIED.);
#2167=VERTEX_POINT('V100',#2601);
#2168=B_SPLINE_CURVE_WITH_KNOTS('',1,(#2602,#2603),.UNSPECIFIED.,.F.,.F.,(2,2),(0.0,1.0),.UNSPECIFIED.);
#2169=VERTEX_POINT('V99',#2604);
#2170=B_SPLINE_CURVE_WITH_KNOTS('',1,(#2605,#2606),.UNSPECIFIED.,.F.,.F.,(2,2),(0.0,1.0),.UNSPECIFIED.);
#2171=B_SPLINE_CURVE_WITH_KNOTS('',1,(#2607,#2608),.UNSPECIFIED.,.F.,.F.,(2,2),(0.0,1.0),.UNSPECIFIED.);
#2172=VERTEX_POINT('V92',#2609);
#2173=VERTEX_POINT('V106',#2610);
#2174=B_SPLINE_CURVE_WITH_KNOTS('',1,(#2611,#2612),.UNSPECIFIED.,.F.,.F.,(2,2),(0.0,1.35),.UNSPECIFIED.);
#2175=VERTEX_POINT('V93',#2613);
#2176=B_SPLINE_CURVE_WITH_KNOTS('',1,(#2614,#2615),.UNSPECIFIED.,.F.,.F.,(2,2),(0.0,1.0),.UNSPECIFIED.);
#2177=VERTEX_POINT('V111',#2616);
#2178=B_SPLINE_CURVE_WITH_KNOTS('',1,(#2617,#2618),.UNSPECIFIED.,.F.,.F.,(2,2),(0.0,0.20769230769231),.UNSPECIFIED.);
#2179=B_SPLINE_CURVE_WITH_KNOTS('',1,(#2619,#2620),.UNSPECIFIED.,.F.,.F.,(2,2),(0.0,1.0),.UNSPECIFIED.);
#2180=VERTEX_POINT('V112',#2621);
#2181=VERTEX_POINT('V105',#2622);
#2182=B_SPLINE_CURVE_WITH_KNOTS('',1,(#2623,#2624),.UNSPECIFIED.,.F.,.F.,(2,2),(8.881784E-16,1.0),.UNSPECIFIED.);
#2183=B_SPLINE_CURVE_WITH_KNOTS('',1,(#2625,#2626),.UNSPECIFIED.,.F.,.F.,(2,2),(1.5169491525398,14.567796610169),.UNSPECIFIED.);
#2184=B_SPLINE_CURVE_WITH_KNOTS('',1,(#2627,#2628),.UNSPECIFIED.,.F.,.F.,(2,2),(8.949999999985,85.95),.UNSPECIFIED.);
#2185=B_SPLINE_CURVE_WITH_KNOTS('',1,(#2629,#2630),.UNSPECIFIED.,.F.,.F.,(2,2),(1.0076923076923,1.2153846153846),.UNSPECIFIED.);
#2186=B_SPLINE_CURVE_WITH_KNOTS('',1,(#2631,#2632),.UNSPECIFIED.,.F.,.F.,(2,2),(0.0,0.3375),.UNSPECIFIED.);
#2187=VERTEX_POINT('V75',#2633);
#2188=B_SPLINE_CURVE_WITH_KNOTS('',1,(#2634,#2635),.UNSPECIFIED.,.F.,.F.,(2,2),(0.0,1.0),.UNSPECIFIED.);
#2189=VERTEX_POINT('V76',#2636);
#2190=B_SPLINE_CURVE_WITH_KNOTS('',1,(#2637,#2638),.UNSPECIFIED.,.F.,.F.,(2,2),(0.0,1.0),.UNSPECIFIED.);
#2191=B_SPLINE_CURVE_WITH_KNOTS('',1,(#2639,#2640),.UNSPECIFIED.,.F.,.F.,(2,2),(0.0,1.0),.UNSPECIFIED.);
#2192=VERTEX_POINT('V91',#2641);
#2193=VERTEX_POINT('V101',#2642);
#2194=B_SPLINE_CURVE_WITH_KNOTS('',1,(#2643,#2644),.UNSPECIFIED.,.F.,.F.,(2,2),(0.0,6.9047619047618),.UNSPECIFIED.);
#2195=VERTEX_POINT('V73',#2645);
#2196=B_SPLINE_CURVE_WITH_KNOTS('',1,(#2646,#2647),.UNSPECIFIED.,.F.,.F.,(2,2),(0.0,1.0),.UNSPECIFIED.);
#2197=VERTEX_POINT('V74',#2648);
#2198=B_SPLINE_CURVE_WITH_KNOTS('',1,(#2649,#2650),.UNSPECIFIED.,.F.,.F.,(2,2),(0.0,2.5000000000001),.UNSPECIFIED.);
#2199=B_SPLINE_CURVE_WITH_KNOTS('',1,(#2651,#2652),.UNSPECIFIED.,.F.,.F.,(2,2),(2.7071067811865,3.8493561969494),.UNSPECIFIED.);
#2200=VERTEX_POINT('V90',#2653);
#2201=VERTEX_POINT('V110',#2654);
#2202=B_SPLINE_CURVE_WITH_KNOTS('',1,(#2655,#2656),.UNSPECIFIED.,.F.,.F.,(2,2),(0.0,1.0),.UNSPECIFIED.);
#2203=B_SPLINE_CURVE_WITH_KNOTS('',1,(#2657,#2658),.UNSPECIFIED.,.F.,.F.,(2,2),(0.0,1.0),.UNSPECIFIED.);
#2204=B_SPLINE_CURVE_WITH_KNOTS('',1,(#2659,#2660),.UNSPECIFIED.,.F.,.F.,(2,2),(2.0,5.3723554179667),.UNSPECIFIED.);
#2205=VERTEX_POINT('V40',#2661);
#2206=VERTEX_POINT('V39',#2662);
#2207=B_SPLINE_CURVE_WITH_KNOTS('',1,(#2663,#2664),.UNSPECIFIED.,.F.,.F.,(2,2),(0.9052181639461,3.1285610227611),.UNSPECIFIED.);
#2208=VERTEX_POINT('V9',#2665);
#2209=B_SPLINE_CURVE_WITH_KNOTS('',1,(#2666,#2667),.UNSPECIFIED.,.F.,.F.,(2,2),(0.0,1.0),.UNSPECIFIED.);
#2210=VERTEX_POINT('V12',#2668);
#2211=B_SPLINE_CURVE_WITH_KNOTS('',1,(#2669,#2670),.UNSPECIFIED.,.F.,.F.,(2,2),(0.30967989819209,3.7240992885151),.UNSPECIFIED.);
#2212=B_SPLINE_CURVE_WITH_KNOTS('',1,(#2671,#2672),.UNSPECIFIED.,.F.,.F.,(2,2),(0.0,1.0),.UNSPECIFIED.);
#2213=VERTEX_POINT('V37',#2673);
#2214=VERTEX_POINT('V38',#2674);
#2215=B_SPLINE_CURVE_WITH_KNOTS('',1,(#2675,#2676),.UNSPECIFIED.,.F.,.F.,(2,2),(0.90521816394611,3.1285610227611),.UNSPECIFIED.);
#2216=B_SPLINE_CURVE_WITH_KNOTS('',1,(#2677,#2678),.UNSPECIFIED.,.F.,.F.,(2,2),(1.1859846188054,2.7262243834877),.UNSPECIFIED.);
#2217=B_SPLINE_CURVE_WITH_KNOTS('',1,(#2679,#2680),.UNSPECIFIED.,.F.,.F.,(2,2),(0.55,1.2642857142857),.UNSPECIFIED.);
#2218=VERTEX_POINT('V11',#2681);
#2219=B_SPLINE_CURVE_WITH_KNOTS('',1,(#2682,#2683),.UNSPECIFIED.,.F.,.F.,(2,2),(0.2,0.98139534883721),.UNSPECIFIED.);
#2220=B_SPLINE_CURVE_WITH_KNOTS('',1,(#2684,#2685),.UNSPECIFIED.,.F.,.F.,(2,2),(0.0,1.0),.UNSPECIFIED.);
#2221=VERTEX_POINT('V10',#2686);
#2222=B_SPLINE_CURVE_WITH_KNOTS('',1,(#2687,#2688),.UNSPECIFIED.,.F.,.F.,(2,2),(0.11607142857143,1.3958333333333),.UNSPECIFIED.);
#2223=B_SPLINE_CURVE_WITH_KNOTS('',1,(#2689,#2690),.UNSPECIFIED.,.F.,.F.,(2,2),(0.0,1.0),.UNSPECIFIED.);
#2224=B_SPLINE_CURVE_WITH_KNOTS('',1,(#2691,#2692),.UNSPECIFIED.,.F.,.F.,(2,2),(0.2,0.98139534883721),.UNSPECIFIED.);
#2225=VERTEX_POINT('V36',#2693);
#2226=VERTEX_POINT('V35',#2694);
#2227=B_SPLINE_CURVE_WITH_KNOTS('',1,(#2695,#2696),.UNSPECIFIED.,.F.,.F.,(2,2),(0.9052181639461,3.1285610227611),.UNSPECIFIED.);
#2228=VERTEX_POINT('V13',#2697);
#2229=B_SPLINE_CURVE_WITH_KNOTS('',1,(#2698,#2699),.UNSPECIFIED.,.F.,.F.,(2,2),(0.0,1.0),.UNSPECIFIED.);
#2230=VERTEX_POINT('V16',#2700);
#2231=B_SPLINE_CURVE_WITH_KNOTS('',1,(#2701,#2702),.UNSPECIFIED.,.F.,.F.,(2,2),(0.30967989819209,3.7240992885151),.UNSPECIFIED.);
#2232=B_SPLINE_CURVE_WITH_KNOTS('',1,(#2703,#2704),.UNSPECIFIED.,.F.,.F.,(2,2),(0.0,1.0),.UNSPECIFIED.);
#2233=VERTEX_POINT('V33',#2705);
#2234=VERTEX_POINT('V34',#2706);
#2235=B_SPLINE_CURVE_WITH_KNOTS('',1,(#2707,#2708),.UNSPECIFIED.,.F.,.F.,(2,2),(0.90521816394611,3.1285610227611),.UNSPECIFIED.);
#2236=B_SPLINE_CURVE_WITH_KNOTS('',1,(#2709,#2710),.UNSPECIFIED.,.F.,.F.,(2,2),(1.1859846188054,2.7262243834877),.UNSPECIFIED.);
#2237=B_SPLINE_CURVE_WITH_KNOTS('',1,(#2711,#2712),.UNSPECIFIED.,.F.,.F.,(2,2),(0.55,1.2642857142857),.UNSPECIFIED.);
#2238=VERTEX_POINT('V15',#2713);
#2239=B_SPLINE_CURVE_WITH_KNOTS('',1,(#2714,#2715),.UNSPECIFIED.,.F.,.F.,(2,2),(0.2,0.98139534883721),.UNSPECIFIED.);
#2240=B_SPLINE_CURVE_WITH_KNOTS('',1,(#2716,#2717),.UNSPECIFIED.,.F.,.F.,(2,2),(0.0,1.0),.UNSPECIFIED.);
#2241=VERTEX_POINT('V14',#2718);
#2242=B_SPLINE_CURVE_WITH_KNOTS('',1,(#2719,#2720),.UNSPECIFIED.,.F.,.F.,(2,2),(0.11607142857143,1.3958333333333),.UNSPECIFIED.);
#2243=B_SPLINE_CURVE_WITH_KNOTS('',1,(#2721,#2722),.UNSPECIFIED.,.F.,.F.,(2,2),(0.0,1.0),.UNSPECIFIED.);
#2244=B_SPLINE_CURVE_WITH_KNOTS('',1,(#2723,#2724),.UNSPECIFIED.,.F.,.F.,(2,2),(0.2,0.98139534883721),.UNSPECIFIED.);
#2245=VERTEX_POINT('V32',#2725);
#2246=VERTEX_POINT('V31',#2726);
#2247=B_SPLINE_CURVE_WITH_KNOTS('',1,(#2727,#2728),.UNSPECIFIED.,.F.,.F.,(2,2),(0.9052181639461,3.1285610227611),.UNSPECIFIED.);
#2248=VERTEX_POINT('V17',#2729);
#2249=B_SPLINE_CURVE_WITH_KNOTS('',1,(#2730,#2731),.UNSPECIFIED.,.F.,.F.,(2,2),(0.0,1.0),.UNSPECIFIED.);
#2250=VERTEX_POINT('V20',#2732);
#2251=B_SPLINE_CURVE_WITH_KNOTS('',1,(#2733,#2734),.UNSPECIFIED.,.F.,.F.,(2,2),(0.30967989819209,3.7240992885151),.UNSPECIFIED.);
#2252=B_SPLINE_CURVE_WITH_KNOTS('',1,(#2735,#2736),.UNSPECIFIED.,.F.,.F.,(2,2),(0.0,1.0),.UNSPECIFIED.);
#2253=VERTEX_POINT('V29',#2737);
#2254=VERTEX_POINT('V30',#2738);
#2255=B_SPLINE_CURVE_WITH_KNOTS('',1,(#2739,#2740),.UNSPECIFIED.,.F.,.F.,(2,2),(0.90521816394611,3.1285610227611),.UNSPECIFIED.);
#2256=B_SPLINE_CURVE_WITH_KNOTS('',1,(#2741,#2742),.UNSPECIFIED.,.F.,.F.,(2,2),(1.1859846188054,2.7262243834877),.UNSPECIFIED.);
#2257=B_SPLINE_CURVE_WITH_KNOTS('',1,(#2743,#2744),.UNSPECIFIED.,.F.,.F.,(2,2),(0.55,1.2642857142857),.UNSPECIFIED.);
#2258=VERTEX_POINT('V19',#2745);
#2259=B_SPLINE_CURVE_WITH_KNOTS('',1,(#2746,#2747),.UNSPECIFIED.,.F.,.F.,(2,2),(0.2,0.98139534883721),.UNSPECIFIED.);
#2260=B_SPLINE_CURVE_WITH_KNOTS('',1,(#2748,#2749),.UNSPECIFIED.,.F.,.F.,(2,2),(0.0,1.0),.UNSPECIFIED.);
#2261=VERTEX_POINT('V18',#2750);
#2262=B_SPLINE_CURVE_WITH_KNOTS('',1,(#2751,#2752),.UNSPECIFIED.,.F.,.F.,(2,2),(0.11607142857143,1.3958333333333),.UNSPECIFIED.);
#2263=B_SPLINE_CURVE_WITH_KNOTS('',1,(#2753,#2754),.UNSPECIFIED.,.F.,.F.,(2,2),(0.0,1.0),.UNSPECIFIED.);
#2264=B_SPLINE_CURVE_WITH_KNOTS('',1,(#2755,#2756),.UNSPECIFIED.,.F.,.F.,(2,2),(0.2,0.98139534883721),.UNSPECIFIED.);
#2265=VERTEX_POINT('V28',#2757);
#2266=VERTEX_POINT('V27',#2758);
#2267=B_SPLINE_CURVE_WITH_KNOTS('',1,(#2759,#2760),.UNSPECIFIED.,.F.,.F.,(2,2),(0.9052181639461,3.1285610227611),.UNSPECIFIED.);
#2268=VERTEX_POINT('V21',#2761);
#2269=B_SPLINE_CURVE_WITH_KNOTS('',1,(#2762,#2763),.UNSPECIFIED.,.F.,.F.,(2,2),(0.0,1.0),.UNSPECIFIED.);
#2270=VERTEX_POINT('V24',#2764);
#2271=B_SPLINE_CURVE_WITH_KNOTS('',1,(#2765,#2766),.UNSPECIFIED.,.F.,.F.,(2,2),(0.30967989819209,3.7240992885151),.UNSPECIFIED.);
#2272=B_SPLINE_CURVE_WITH_KNOTS('',1,(#2767,#2768),.UNSPECIFIED.,.F.,.F.,(2,2),(0.0,1.0),.UNSPECIFIED.);
#2273=VERTEX_POINT('V25',#2769);
#2274=VERTEX_POINT('V26',#2770);
#2275=B_SPLINE_CURVE_WITH_KNOTS('',1,(#2771,#2772),.UNSPECIFIED.,.F.,.F.,(2,2),(0.90521816394611,3.1285610227611),.UNSPECIFIED.);
#2276=B_SPLINE_CURVE_WITH_KNOTS('',1,(#2773,#2774),.UNSPECIFIED.,.F.,.F.,(2,2),(1.1859846188054,2.7262243834877),.UNSPECIFIED.);
#2277=B_SPLINE_CURVE_WITH_KNOTS('',1,(#2775,#2776),.UNSPECIFIED.,.F.,.F.,(2,2),(0.55,1.2642857142857),.UNSPECIFIED.);
#2278=VERTEX_POINT('V23',#2777);
#2279=B_SPLINE_CURVE_WITH_KNOTS('',1,(#2778,#2779),.UNSPECIFIED.,.F.,.F.,(2,2),(0.2,0.98139534883721),.UNSPECIFIED.);
#2280=B_SPLINE_CURVE_WITH_KNOTS('',1,(#2780,#2781),.UNSPECIFIED.,.F.,.F.,(2,2),(0.0,1.0),.UNSPECIFIED.);
#2281=VERTEX_POINT('V22',#2782);
#2282=B_SPLINE_CURVE_WITH_KNOTS('',1,(#2783,#2784),.UNSPECIFIED.,.F.,.F.,(2,2),(0.11607142857143,1.3958333333333),.UNSPECIFIED.);
#2283=B_SPLINE_CURVE_WITH_KNOTS('',1,(#2785,#2786),.UNSPECIFIED.,.F.,.F.,(2,2),(0.0,1.0),.UNSPECIFIED.);
#2284=B_SPLINE_CURVE_WITH_KNOTS('',1,(#2787,#2788),.UNSPECIFIED.,.F.,.F.,(2,2),(0.2,0.98139534883721),.UNSPECIFIED.);
#2285=VERTEX_POINT('V1',#2789);
#2286=VERTEX_POINT('V2',#2790);
#2287=B_SPLINE_CURVE_WITH_KNOTS('',1,(#2791,#2792),.UNSPECIFIED.,.F.,.F.,(2,2),(2.0,3.1422494157629),.UNSPECIFIED.);
#2288=VERTEX_POINT('V3',#2793);
#2289=B_SPLINE_CURVE_WITH_KNOTS('',1,(#2794,#2795),.UNSPECIFIED.,.F.,.F.,(2,2),(2.7071067811866,4.4476773194918),.UNSPECIFIED.);
#2290=VERTEX_POINT('V4',#2796);
#2291=B_SPLINE_CURVE_WITH_KNOTS('',1,(#2797,#2798),.UNSPECIFIED.,.F.,.F.,(2,2),(1.1914893617021,19.0),.UNSPECIFIED.);
#2292=VERTEX_POINT('V5',#2799);
#2293=B_SPLINE_CURVE_WITH_KNOTS('',1,(#2800,#2801),.UNSPECIFIED.,.F.,.F.,(2,2),(2.7071067811866,4.4476773194919),.UNSPECIFIED.);
#2294=VERTEX_POINT('V6',#2802);
#2295=B_SPLINE_CURVE_WITH_KNOTS('',1,(#2803,#2804),.UNSPECIFIED.,.F.,.F.,(2,2),(2.7071067811866,3.8493561969494),.UNSPECIFIED.);
#2296=VERTEX_POINT('V7',#2805);
#2297=B_SPLINE_CURVE_WITH_KNOTS('',1,(#2806,#2807),.UNSPECIFIED.,.F.,.F.,(2,2),(2.0,5.3723554179666),.UNSPECIFIED.);
#2298=VERTEX_POINT('V8',#2808);
#2299=B_SPLINE_CURVE_WITH_KNOTS('',1,(#2809,#2810),.UNSPECIFIED.,.F.,.F.,(2,2),(7.2342462998316,96.0033437534039),.UNSPECIFIED.);
#2300=B_SPLINE_CURVE_WITH_KNOTS('',1,(#2811,#2812),.UNSPECIFIED.,.F.,.F.,(2,2),(2.7071067811865,6.0794621991532),.UNSPECIFIED.);
#2301=B_SPLINE_CURVE_WITH_KNOTS('',1,(#2813,#2814),.UNSPECIFIED.,.F.,.F.,(2,2),(0.0,1.0),.UNSPECIFIED.);
#2302=VERTEX_POINT('V107',#2815);
#2303=B_SPLINE_CURVE_WITH_KNOTS('',1,(#2816,#2817),.UNSPECIFIED.,.F.,.F.,(2,2),(0.0,1.0),.UNSPECIFIED.);
#2304=B_SPLINE_CURVE_WITH_KNOTS('',1,(#2818,#2819),.UNSPECIFIED.,.F.,.F.,(2,2),(0.0,1.0),.UNSPECIFIED.);
#2305=B_SPLINE_CURVE_WITH_KNOTS('',1,(#2820,#2821),.UNSPECIFIED.,.F.,.F.,(2,2),(0.0,1.0),.UNSPECIFIED.);
#2306=B_SPLINE_CURVE_WITH_KNOTS('',1,(#2822,#2823),.UNSPECIFIED.,.F.,.F.,(2,2),(0.0,1.0),.UNSPECIFIED.);
#2307=B_SPLINE_CURVE_WITH_KNOTS('',1,(#2824,#2825),.UNSPECIFIED.,.F.,.F.,(2,2),(0.0,1.0),.UNSPECIFIED.);
#2308=B_SPLINE_CURVE_WITH_KNOTS('',1,(#2826,#2827),.UNSPECIFIED.,.F.,.F.,(2,2),(0.0,1.0),.UNSPECIFIED.);
#2309=B_SPLINE_CURVE_WITH_KNOTS('',1,(#2828,#2829),.UNSPECIFIED.,.F.,.F.,(2,2),(0.0,1.0),.UNSPECIFIED.);
#2310=B_SPLINE_CURVE_WITH_KNOTS('',1,(#2830,#2831),.UNSPECIFIED.,.F.,.F.,(2,2),(0.0,1.0),.UNSPECIFIED.);
#2311=B_SPLINE_CURVE_WITH_KNOTS('',1,(#2832,#2833),.UNSPECIFIED.,.F.,.F.,(2,2),(0.0,1.0),.UNSPECIFIED.);
#2312=B_SPLINE_CURVE_WITH_KNOTS('',1,(#2834,#2835),.UNSPECIFIED.,.F.,.F.,(2,2),(2.7071067811865,6.0794621991532),.UNSPECIFIED.);
#2313=VERTEX_POINT('V96',#2836);
#2314=B_SPLINE_CURVE_WITH_KNOTS('',1,(#2837,#2838),.UNSPECIFIED.,.F.,.F.,(2,2),(0.0,1.0),.UNSPECIFIED.);
#2315=B_SPLINE_CURVE_WITH_KNOTS('',1,(#2839,#2840),.UNSPECIFIED.,.F.,.F.,(2,2),(0.0,1.0),.UNSPECIFIED.);
#2316=VERTEX_POINT('V97',#2841);
#2317=B_SPLINE_CURVE_WITH_KNOTS('',1,(#2842,#2843),.UNSPECIFIED.,.F.,.F.,(2,2),(0.0,1.0),.UNSPECIFIED.);
#2318=VERTEX_POINT('V108',#2844);
#2319=B_SPLINE_CURVE_WITH_KNOTS('',1,(#2845,#2846),.UNSPECIFIED.,.F.,.F.,(2,2),(0.0,1.3499999999983),.UNSPECIFIED.);
#2320=VERTEX_POINT('V109',#2847);
#2321=B_SPLINE_CURVE_WITH_KNOTS('',1,(#2848,#2849),.UNSPECIFIED.,.F.,.F.,(2,2),(1.5169491525424,14.567796610172),.UNSPECIFIED.);
#2322=VERTEX_POINT('V89',#2850);
#2323=B_SPLINE_CURVE_WITH_KNOTS('',1,(#2851,#2852),.UNSPECIFIED.,.F.,.F.,(2,2),(0.0,0.45762711864639),.UNSPECIFIED.);
#2324=B_SPLINE_CURVE_WITH_KNOTS('',1,(#2853,#2854),.UNSPECIFIED.,.F.,.F.,(2,2),(0.0,1.0),.UNSPECIFIED.);
#2325=VERTEX_POINT('V47',#2855);
#2326=B_SPLINE_CURVE_WITH_KNOTS('',1,(#2856,#2857),.UNSPECIFIED.,.F.,.F.,(2,2),(0.0,1.0),.UNSPECIFIED.);
#2327=VERTEX_POINT('V46',#2858);
#2328=B_SPLINE_CURVE_WITH_KNOTS('',1,(#2859,#2860),.UNSPECIFIED.,.F.,.F.,(2,2),(0.0,0.20769230769231),.UNSPECIFIED.);
#2329=B_SPLINE_CURVE_WITH_KNOTS('',1,(#2861,#2862),.UNSPECIFIED.,.F.,.F.,(2,2),(0.0,1.0),.UNSPECIFIED.);
#2330=VERTEX_POINT('V45',#2863);
#2331=B_SPLINE_CURVE_WITH_KNOTS('',1,(#2864,#2865),.UNSPECIFIED.,.F.,.F.,(2,2),(1.7722772277198,17.019801980198),.UNSPECIFIED.);
#2332=B_SPLINE_CURVE_WITH_KNOTS('',1,(#2866,#2867),.UNSPECIFIED.,.F.,.F.,(2,2),(0.0,1.0),.UNSPECIFIED.);
#2333=VERTEX_POINT('V44',#2868);
#2334=B_SPLINE_CURVE_WITH_KNOTS('',1,(#2869,#2870),.UNSPECIFIED.,.F.,.F.,(2,2),(0.0,1.35),.UNSPECIFIED.);
#2335=B_SPLINE_CURVE_WITH_KNOTS('',1,(#2871,#2872),.UNSPECIFIED.,.F.,.F.,(2,2),(0.0,1.0),.UNSPECIFIED.);
#2336=VERTEX_POINT('V41',#2873);
#2337=VERTEX_POINT('V42',#2874);
#2338=B_SPLINE_CURVE_WITH_KNOTS('',1,(#2875,#2876),.UNSPECIFIED.,.F.,.F.,(2,2),(1.387779E-14,1.0),.UNSPECIFIED.);
#2339=VERTEX_POINT('V43',#2877);
#2340=B_SPLINE_CURVE_WITH_KNOTS('',1,(#2878,#2879),.UNSPECIFIED.,.F.,.F.,(2,2),(0.0,1.558845726812),.UNSPECIFIED.);
#2341=B_SPLINE_CURVE_WITH_KNOTS('',1,(#2880,#2881),.UNSPECIFIED.,.F.,.F.,(2,2),(0.23846153846385,1.0),.UNSPECIFIED.);
#2342=VERTEX_POINT('V48',#2882);
#2343=B_SPLINE_CURVE_WITH_KNOTS('',1,(#2883,#2884),.UNSPECIFIED.,.F.,.F.,(2,2),(0.0,0.76153846153846),.UNSPECIFIED.);
#2344=VERTEX_POINT('V49',#2885);
#2345=B_SPLINE_CURVE_WITH_KNOTS('',1,(#2886,#2887),.UNSPECIFIED.,.F.,.F.,(2,2),(0.0,0.225),.UNSPECIFIED.);
#2346=VERTEX_POINT('V50',#2888);
#2347=B_SPLINE_CURVE_WITH_KNOTS('',1,(#2889,#2890),.UNSPECIFIED.,.F.,.F.,(2,2),(0.0,1.0),.UNSPECIFIED.);
#2348=VERTEX_POINT('V51',#2891);
#2349=B_SPLINE_CURVE_WITH_KNOTS('',1,(#2892,#2893),.UNSPECIFIED.,.F.,.F.,(2,2),(0.44554455445544,1.0),.UNSPECIFIED.);
#2350=VERTEX_POINT('V52',#2894);
#2351=B_SPLINE_CURVE_WITH_KNOTS('',1,(#2895,#2896),.UNSPECIFIED.,.F.,.F.,(2,2),(0.0,11.8625),.UNSPECIFIED.);
#2352=B_SPLINE_CURVE_WITH_KNOTS('',1,(#2897,#2898),.UNSPECIFIED.,.F.,.F.,(2,2),(0.0,0.55445544554456),.UNSPECIFIED.);
#2353=VERTEX_POINT('V77',#2899);
#2354=VERTEX_POINT('V78',#2900);
#2355=B_SPLINE_CURVE_WITH_KNOTS('',1,(#2901,#2902),.UNSPECIFIED.,.F.,.F.,(2,2),(7.2016849366731,8.0221300560409),.UNSPECIFIED.);
#2356=B_SPLINE_CURVE_WITH_KNOTS('',1,(#2903,#2904),.UNSPECIFIED.,.F.,.F.,(2,2),(0.0,1.0),.UNSPECIFIED.);
#2357=B_SPLINE_CURVE_WITH_KNOTS('',1,(#2905,#2906),.UNSPECIFIED.,.F.,.F.,(2,2),(7.01496787992447E-13,1.0),.UNSPECIFIED.);
#2358=B_SPLINE_CURVE_WITH_KNOTS('',1,(#2907,#2908),.UNSPECIFIED.,.F.,.F.,(2,2),(0.0,1.0),.UNSPECIFIED.);
#2359=B_SPLINE_CURVE_WITH_KNOTS('',1,(#2909,#2910),.UNSPECIFIED.,.F.,.F.,(2,2),(0.0,1.0),.UNSPECIFIED.);
#2360=B_SPLINE_CURVE_WITH_KNOTS('',1,(#2911,#2912),.UNSPECIFIED.,.F.,.F.,(2,2),(0.0,1.0),.UNSPECIFIED.);
#2361=VERTEX_POINT('V56',#2913);
#2362=B_SPLINE_CURVE_WITH_KNOTS('',1,(#2914,#2915),.UNSPECIFIED.,.F.,.F.,(2,2),(0.0,0.99009900990099),.UNSPECIFIED.);
#2363=B_SPLINE_CURVE_WITH_KNOTS('',1,(#2916,#2917),.UNSPECIFIED.,.F.,.F.,(2,2),(0.0,1.0),.UNSPECIFIED.);
#2364=VERTEX_POINT('V103',#2918);
#2365=VERTEX_POINT('V59',#2919);
#2366=B_SPLINE_CURVE_WITH_KNOTS('',1,(#2920,#2921),.UNSPECIFIED.,.F.,.F.,(2,2),(1.22452614940787E-11,0.999999999999988),.UNSPECIFIED.);
#2367=VERTEX_POINT('V58',#2922);
#2368=B_SPLINE_CURVE_WITH_KNOTS('',1,(#2923,#2924),.UNSPECIFIED.,.F.,.F.,(2,2),(0.14851485148515,1.0),.UNSPECIFIED.);
#2369=B_SPLINE_CURVE_WITH_KNOTS('',1,(#2925,#2926),.UNSPECIFIED.,.F.,.F.,(2,2),(0.0,18.792079207921),.UNSPECIFIED.);
#2370=VERTEX_POINT('V94',#2927);
#2371=B_SPLINE_CURVE_WITH_KNOTS('',1,(#2928,#2929),.UNSPECIFIED.,.F.,.F.,(2,2),(0.0,1.0),.UNSPECIFIED.);
#2372=B_SPLINE_CURVE_WITH_KNOTS('',1,(#2930,#2931),.UNSPECIFIED.,.F.,.F.,(2,2),(0.0,0.075949367088608),.UNSPECIFIED.);
#2373=VERTEX_POINT('V60',#2932);
#2374=B_SPLINE_CURVE_WITH_KNOTS('',1,(#2933,#2934),.UNSPECIFIED.,.F.,.F.,(2,2),(2.31331428571432E-16,0.82448979591838),.UNSPECIFIED.);
#2375=VERTEX_POINT('V85',#2935);
#2376=B_SPLINE_CURVE_WITH_KNOTS('',1,(#2936,#2937),.UNSPECIFIED.,.F.,.F.,(2,2),(7.084525E-17,0.2525),.UNSPECIFIED.);
#2377=B_SPLINE_CURVE_WITH_KNOTS('',1,(#2938,#2939),.UNSPECIFIED.,.F.,.F.,(2,2),(1.13288065305081E-14,0.99999999997551),.UNSPECIFIED.);
#2378=VERTEX_POINT('V86',#2940);
#2379=B_SPLINE_CURVE_WITH_KNOTS('',1,(#2941,#2942),.UNSPECIFIED.,.F.,.F.,(2,2),(0.7475,1.0),.UNSPECIFIED.);
#2380=B_SPLINE_CURVE_WITH_KNOTS('',1,(#2943,#2944),.UNSPECIFIED.,.F.,.F.,(2,2),(0.0,0.375),.UNSPECIFIED.);
#2381=VERTEX_POINT('V88',#2945);
#2382=B_SPLINE_CURVE_WITH_KNOTS('',1,(#2946,#2947),.UNSPECIFIED.,.F.,.F.,(2,2),(0.0,0.6285714285778),.UNSPECIFIED.);
#2383=VERTEX_POINT('V87',#2948);
#2384=B_SPLINE_CURVE_WITH_KNOTS('',1,(#2949,#2950),.UNSPECIFIED.,.F.,.F.,(2,2),(0.0,0.3),.UNSPECIFIED.);
#2385=VERTEX_POINT('V57',#2951);
#2386=B_SPLINE_CURVE_WITH_KNOTS('',1,(#2952,#2953),.UNSPECIFIED.,.F.,.F.,(2,2),(0.0,1.0),.UNSPECIFIED.);
#2387=B_SPLINE_CURVE_WITH_KNOTS('',1,(#2954,#2955),.UNSPECIFIED.,.F.,.F.,(2,2),(0.0,0.25083612040134),.UNSPECIFIED.);
#2388=VERTEX_POINT('V69',#2956);
#2389=B_SPLINE_CURVE_WITH_KNOTS('',1,(#2957,#2958),.UNSPECIFIED.,.F.,.F.,(2,2),(0.0,0.73994242238536),.UNSPECIFIED.);
#2390=B_SPLINE_CURVE_WITH_KNOTS('',1,(#2959,#2960),.UNSPECIFIED.,.F.,.F.,(2,2),(0.0,1.00000000000204),.UNSPECIFIED.);
#2391=VERTEX_POINT('V70',#2961);
#2392=B_SPLINE_CURVE_WITH_KNOTS('',1,(#2962,#2963),.UNSPECIFIED.,.F.,.F.,(2,2),(0.0,0.39970403251753),.UNSPECIFIED.);
#2393=B_SPLINE_CURVE_WITH_KNOTS('',1,(#2964,#2965),.UNSPECIFIED.,.F.,.F.,(2,2),(0.0,1.0),.UNSPECIFIED.);
#2394=VERTEX_POINT('V72',#2966);
#2395=B_SPLINE_CURVE_WITH_KNOTS('',1,(#2967,#2968),.UNSPECIFIED.,.F.,.F.,(2,2),(0.20227988832664,1.0),.UNSPECIFIED.);
#2396=VERTEX_POINT('V71',#2969);
#2397=B_SPLINE_CURVE_WITH_KNOTS('',1,(#2970,#2971),.UNSPECIFIED.,.F.,.F.,(2,2),(0.0,0.24139468514054),.UNSPECIFIED.);
#2398=B_SPLINE_CURVE_WITH_KNOTS('',1,(#2972,#2973),.UNSPECIFIED.,.F.,.F.,(2,2),(0.0,1.0),.UNSPECIFIED.);
#2399=VERTEX_POINT('V83',#2974);
#2400=VERTEX_POINT('V84',#2975);
#2401=B_SPLINE_CURVE_WITH_KNOTS('',1,(#2976,#2977),.UNSPECIFIED.,.F.,.F.,(2,2),(13.683201379794,15.242047106606),.UNSPECIFIED.);
#2402=B_SPLINE_CURVE_WITH_KNOTS('',1,(#2978,#2979),.UNSPECIFIED.,.F.,.F.,(2,2),(0.0,1.0),.UNSPECIFIED.);
#2403=B_SPLINE_CURVE_WITH_KNOTS('',1,(#2980,#2981),.UNSPECIFIED.,.F.,.F.,(2,2),(0.0,1.0),.UNSPECIFIED.);
#2404=B_SPLINE_CURVE_WITH_KNOTS('',1,(#2982,#2983),.UNSPECIFIED.,.F.,.F.,(2,2),(0.0,1.0),.UNSPECIFIED.);
#2405=B_SPLINE_CURVE_WITH_KNOTS('',1,(#2984,#2985),.UNSPECIFIED.,.F.,.F.,(2,2),(0.0,1.0),.UNSPECIFIED.);
#2406=B_SPLINE_CURVE_WITH_KNOTS('',1,(#2986,#2987),.UNSPECIFIED.,.F.,.F.,(2,2),(0.0,1.0),.UNSPECIFIED.);
#2407=B_SPLINE_CURVE_WITH_KNOTS('',1,(#2988,#2989),.UNSPECIFIED.,.F.,.F.,(2,2),(0.0,1.0),.UNSPECIFIED.);
#2408=CARTESIAN_POINT('',(4.9699999999999,4.85831633333331E-15,93.85));
#2409=CARTESIAN_POINT('',(4.9699999999999,2.8,93.85));
#2411=CARTESIAN_POINT('',(4.96999999999991,4.85831633333331E-15,93.85));
#2412=CARTESIAN_POINT('',(4.96999999999991,2.8,93.85));
#2419=CARTESIAN_POINT('',(4.97,4.858316E-15,91.05));
#2421=CARTESIAN_POINT('',(4.97,0.0,91.05));
#2422=CARTESIAN_POINT('',(2.5451288694036,4.218839E-15,91.05));
#2423=CARTESIAN_POINT('',(3.7575644347018,4.538578E-15,93.15));
#2424=CARTESIAN_POINT('',(4.16170962313453,4.85831633333331E-15,93.8499999999999));
#2425=CARTESIAN_POINT('',(4.9699999999999,4.85831633333331E-15,93.85));
#2432=CARTESIAN_POINT('',(4.97,2.8,91.05));
#2433=CARTESIAN_POINT('',(4.97,4.858316E-15,91.05));
#2434=CARTESIAN_POINT('',(4.97,2.8,91.05));
#2436=CARTESIAN_POINT('',(4.97,2.8,91.05));
#2437=CARTESIAN_POINT('',(2.5451288694036,2.8,91.05));
#2438=CARTESIAN_POINT('',(3.7575644347018,2.8,93.15));
#2439=CARTESIAN_POINT('',(4.16170962313453,2.8,93.8499999999999));
#2440=CARTESIAN_POINT('',(4.9699999999999,2.8,93.85));
#2447=CARTESIAN_POINT('',(4.9699999999999,4.85831633333331E-15,3.85));
#2448=CARTESIAN_POINT('',(4.9699999999999,2.8,3.85));
#2450=CARTESIAN_POINT('',(4.96999999999991,4.85831633333331E-15,3.85));
#2451=CARTESIAN_POINT('',(4.96999999999991,2.8,3.85));
#2458=CARTESIAN_POINT('',(4.97,4.858316E-15,1.05));
#2460=CARTESIAN_POINT('',(4.97,0.0,1.05));
#2461=CARTESIAN_POINT('',(2.5451288694036,4.218839E-15,1.05));
#2462=CARTESIAN_POINT('',(3.7575644347018,4.538578E-15,3.15));
#2463=CARTESIAN_POINT('',(4.16170962313453,4.85831633333331E-15,3.84999999999992));
#2464=CARTESIAN_POINT('',(4.9699999999999,4.85831633333331E-15,3.85));
#2471=CARTESIAN_POINT('',(4.97,2.8,1.05));
#2472=CARTESIAN_POINT('',(4.97,4.858316E-15,1.05));
#2473=CARTESIAN_POINT('',(4.97,2.8,1.05));
#2475=CARTESIAN_POINT('',(4.97,2.8,1.05));
#2476=CARTESIAN_POINT('',(2.5451288694036,2.8,1.05));
#2477=CARTESIAN_POINT('',(3.7575644347018,2.8,3.15));
#2478=CARTESIAN_POINT('',(4.16170962313452,2.8,3.84999999999993));
#2479=CARTESIAN_POINT('',(4.9699999999999,2.8,3.85));
#2487=CARTESIAN_POINT('',(4.96999999999988,2.8,3.85));
#2488=CARTESIAN_POINT('',(5.77829037686543,2.8,3.85000000000007));
#2489=CARTESIAN_POINT('',(6.1824355652982,2.8,3.15));
#2490=CARTESIAN_POINT('',(7.3948711305964,2.8,1.04999999999998));
#2491=CARTESIAN_POINT('',(4.97,2.8,1.05));
#2499=CARTESIAN_POINT('',(4.96999999999987,0.0,3.85));
#2500=CARTESIAN_POINT('',(5.77829037686542,5.07147533333332E-15,3.85000000000008));
#2501=CARTESIAN_POINT('',(6.1824355652982,5.178055E-15,3.15));
#2502=CARTESIAN_POINT('',(7.3948711305964,4.858316E-15,1.04999999999998));
#2503=CARTESIAN_POINT('',(4.97,4.858316E-15,1.05));
#2511=CARTESIAN_POINT('',(4.96999999999987,2.8,93.85));
#2512=CARTESIAN_POINT('',(5.77829037686542,2.8,93.8500000000001));
#2513=CARTESIAN_POINT('',(6.1824355652982,2.8,93.15));
#2514=CARTESIAN_POINT('',(7.3948711305964,2.8,91.05));
#2515=CARTESIAN_POINT('',(4.97,2.8,91.05));
#2523=CARTESIAN_POINT('',(4.96999999999987,0.0,93.85));
#2524=CARTESIAN_POINT('',(5.77829037686542,5.07147533333332E-15,93.8500000000001));
#2525=CARTESIAN_POINT('',(6.1824355652982,5.178055E-15,93.15));
#2526=CARTESIAN_POINT('',(7.3948711305964,4.858316E-15,91.05));
#2527=CARTESIAN_POINT('',(4.97,4.858316E-15,91.05));
#2534=CARTESIAN_POINT('',(3.9,3.7,89.95));
#2535=CARTESIAN_POINT('',(3.9,10.95,89.95));
#2536=CARTESIAN_POINT('',(3.9,3.7,89.95));
#2537=CARTESIAN_POINT('',(3.9,10.95,89.95));
#2538=CARTESIAN_POINT('',(3.9,3.7,88.9));
#2539=CARTESIAN_POINT('',(3.9,3.7,88.9));
#2540=CARTESIAN_POINT('',(3.9,3.7,89.95));
#2541=CARTESIAN_POINT('',(3.9,10.95,88.9));
#2542=CARTESIAN_POINT('',(3.9,3.7,88.9));
#2543=CARTESIAN_POINT('',(3.9,10.95,88.9));
#2544=CARTESIAN_POINT('',(3.9,10.95,89.95));
#2545=CARTESIAN_POINT('',(3.9,10.95,88.9));
#2546=CARTESIAN_POINT('',(1.0,10.95,89.95));
#2547=CARTESIAN_POINT('',(1.0,10.95,89.95));
#2548=CARTESIAN_POINT('',(3.9,10.95,89.95));
#2549=CARTESIAN_POINT('',(1.0,3.7,89.95));
#2550=CARTESIAN_POINT('',(1.0,3.7,89.95));
#2551=CARTESIAN_POINT('',(1.0,10.95,89.95));
#2552=CARTESIAN_POINT('',(3.1458330249221,3.7,89.949999999996));
#2553=CARTESIAN_POINT('',(3.1458330249221,3.7,89.95));
#2554=CARTESIAN_POINT('',(1.0,3.7,89.95));
#2555=CARTESIAN_POINT('',(3.1458330249244,2.8,89.949999999992));
#2556=CARTESIAN_POINT('',(3.1458330249244,2.8,89.949999999992));
#2557=CARTESIAN_POINT('',(3.1458330249244,3.7,89.949999999992));
#2558=CARTESIAN_POINT('',(6.8741669750756,2.8,89.949999999992));
#2559=CARTESIAN_POINT('',(6.8741669750756,2.8,89.949999999992));
#2560=CARTESIAN_POINT('',(3.1458330249244,2.8,89.949999999992));
#2561=CARTESIAN_POINT('',(6.8741669750756,3.7,89.949999999992));
#2562=CARTESIAN_POINT('',(6.8741669750756,3.7,89.949999999992));
#2563=CARTESIAN_POINT('',(6.8741669750756,2.8,89.949999999992));
#2564=CARTESIAN_POINT('',(3.9,3.7,89.949999999992));
#2565=CARTESIAN_POINT('',(6.8741669750756,3.7,89.949999999992));
#2566=CARTESIAN_POINT('',(2.02,2.8,91.9));
#2567=CARTESIAN_POINT('',(2.02,3.7,91.9));
#2568=CARTESIAN_POINT('',(2.02,2.8,91.9));
#2569=CARTESIAN_POINT('',(2.02,3.7,91.9));
#2570=CARTESIAN_POINT('',(3.1458330249244,2.8,89.949999999992));
#2571=CARTESIAN_POINT('',(2.02,2.8,91.9));
#2572=CARTESIAN_POINT('',(3.1458330249244,3.7,89.949999999996));
#2573=CARTESIAN_POINT('',(2.02,3.7,91.9));
#2574=CARTESIAN_POINT('',(2.02,5.0,92.45));
#2575=CARTESIAN_POINT('',(1.647564E-16,5.0,92.45));
#2576=CARTESIAN_POINT('',(2.02,5.0,92.45));
#2577=CARTESIAN_POINT('',(0.0,5.0,92.45));
#2578=CARTESIAN_POINT('',(1.647564E-16,5.0,94.9));
#2579=CARTESIAN_POINT('',(0.0,5.0,94.9));
#2580=CARTESIAN_POINT('',(0.0,5.0,92.45));
#2581=CARTESIAN_POINT('',(2.02,5.0,94.9));
#2582=CARTESIAN_POINT('',(2.02,5.0,94.9));
#2583=CARTESIAN_POINT('',(0.0,5.0,94.9));
#2584=CARTESIAN_POINT('',(2.02,5.0,92.45));
#2585=CARTESIAN_POINT('',(2.02,5.0,94.9));
#2586=CARTESIAN_POINT('',(-3.469447E-15,3.7,92.45));
#2587=CARTESIAN_POINT('',(2.02,3.7,92.45));
#2588=CARTESIAN_POINT('',(-3.469447E-15,3.7,92.45));
#2589=CARTESIAN_POINT('',(2.02,3.7,92.45));
#2590=CARTESIAN_POINT('',(-3.469447E-15,5.0,92.45));
#2591=CARTESIAN_POINT('',(-3.469447E-15,3.7,92.45));
#2592=CARTESIAN_POINT('',(2.02,3.7,92.45));
#2593=CARTESIAN_POINT('',(2.02,5.0,92.45));
#2594=CARTESIAN_POINT('',(2.02,2.8,94.9));
#2595=CARTESIAN_POINT('',(2.02,2.8,94.9));
#2596=CARTESIAN_POINT('',(2.02,5.0,94.9));
#2597=CARTESIAN_POINT('',(2.02,2.8,91.9));
#2598=CARTESIAN_POINT('',(2.02,2.8,94.9));
#2599=CARTESIAN_POINT('',(2.02,3.7,91.9));
#2600=CARTESIAN_POINT('',(2.02,3.7,92.45));
#2601=CARTESIAN_POINT('',(1.0,3.7,85.95));
#2602=CARTESIAN_POINT('',(1.0,3.7,85.95));
#2603=CARTESIAN_POINT('',(1.0,3.7,89.95));
#2604=CARTESIAN_POINT('',(0.0,3.7,85.95));
#2605=CARTESIAN_POINT('',(1.0,3.7,85.95));
#2606=CARTESIAN_POINT('',(0.0,3.7,85.95));
#2607=CARTESIAN_POINT('',(-3.469447E-15,3.7,92.45));
#2608=CARTESIAN_POINT('',(0.0,3.7,85.95));
#2609=CARTESIAN_POINT('',(1.0,3.7,8.949999999985));
#2610=CARTESIAN_POINT('',(1.0,5.05,8.949999999985));
#2611=CARTESIAN_POINT('',(1.0,3.7,8.949999999985));
#2612=CARTESIAN_POINT('',(1.0,5.05,8.949999999985));
#2613=CARTESIAN_POINT('',(0.0,3.7,8.949999999985));
#2614=CARTESIAN_POINT('',(0.0,3.7,8.949999999985));
#2615=CARTESIAN_POINT('',(1.0,3.7,8.949999999985));
#2616=CARTESIAN_POINT('',(0.0,5.05,8.949999999985));
#2617=CARTESIAN_POINT('',(0.0,5.05,8.949999999985));
#2618=CARTESIAN_POINT('',(0.0,3.7,8.949999999985));
#2619=CARTESIAN_POINT('',(1.0,5.05,8.949999999985));
#2620=CARTESIAN_POINT('',(2.168404E-16,5.05,8.949999999985));
#2621=CARTESIAN_POINT('',(0.0,5.05,85.95));
#2622=CARTESIAN_POINT('',(1.0,5.05,85.95));
#2623=CARTESIAN_POINT('',(2.220446E-16,5.05,85.95));
#2624=CARTESIAN_POINT('',(1.0,5.05,85.95));
#2625=CARTESIAN_POINT('',(1.0,5.05,8.949999999985));
#2626=CARTESIAN_POINT('',(1.0,5.05,85.95));
#2627=CARTESIAN_POINT('',(2.168404E-16,5.05,8.949999999985));
#2628=CARTESIAN_POINT('',(2.168404E-16,5.05,85.95));
#2629=CARTESIAN_POINT('',(0.0,3.7,85.95));
#2630=CARTESIAN_POINT('',(0.0,5.05,85.95));
#2631=CARTESIAN_POINT('',(1.0,5.05,85.95));
#2632=CARTESIAN_POINT('',(1.0,3.7,85.95));
#2633=CARTESIAN_POINT('',(1.0,10.95,4.95));
#2634=CARTESIAN_POINT('',(1.0,10.95,4.95));
#2635=CARTESIAN_POINT('',(1.0,10.95,89.95));
#2636=CARTESIAN_POINT('',(1.0,3.7,4.95));
#2637=CARTESIAN_POINT('',(1.0,10.95,4.95));
#2638=CARTESIAN_POINT('',(1.0,3.7,4.95));
#2639=CARTESIAN_POINT('',(1.0,3.7,4.95));
#2640=CARTESIAN_POINT('',(1.0,3.7,8.949999999985));
#2641=CARTESIAN_POINT('',(3.8999999999999,3.7,6.0));
#2642=CARTESIAN_POINT('',(3.8999999999999,10.95,6.0));
#2643=CARTESIAN_POINT('',(3.8999999999999,3.7,6.0));
#2644=CARTESIAN_POINT('',(3.8999999999999,10.95,6.0));
#2645=CARTESIAN_POINT('',(3.8999999999999,3.7,4.95));
#2646=CARTESIAN_POINT('',(3.8999999999999,3.7,4.95));
#2647=CARTESIAN_POINT('',(3.8999999999999,3.7,6.0));
#2648=CARTESIAN_POINT('',(3.8999999999999,10.95,4.95));
#2649=CARTESIAN_POINT('',(3.8999999999999,3.7,4.95));
#2650=CARTESIAN_POINT('',(3.8999999999999,10.95,4.95));
#2651=CARTESIAN_POINT('',(3.8999999999999,10.95,6.0));
#2652=CARTESIAN_POINT('',(3.8999999999999,10.95,4.95));
#2653=CARTESIAN_POINT('',(7.0,3.7,6.0));
#2654=CARTESIAN_POINT('',(7.0,10.95,6.0));
#2655=CARTESIAN_POINT('',(7.0,3.7,6.0));
#2656=CARTESIAN_POINT('',(7.0,10.95,6.0));
#2657=CARTESIAN_POINT('',(3.8999999999999,3.7,6.0));
#2658=CARTESIAN_POINT('',(7.0,3.7,6.0));
#2659=CARTESIAN_POINT('',(7.0,10.95,6.0));
#2660=CARTESIAN_POINT('',(3.8999999999999,10.95,6.0));
#2661=CARTESIAN_POINT('',(3.23,11.07,87.52));
#2662=CARTESIAN_POINT('',(3.23,11.07,86.12));
#2663=CARTESIAN_POINT('',(3.23,11.07,87.52));
#2664=CARTESIAN_POINT('',(3.23,11.07,86.12));
#2665=CARTESIAN_POINT('',(3.57,11.6,87.895));
#2666=CARTESIAN_POINT('',(3.57,11.6,87.895));
#2667=CARTESIAN_POINT('',(3.23,11.07,87.52));
#2668=CARTESIAN_POINT('',(3.57,11.6,85.745));
#2669=CARTESIAN_POINT('',(3.57,11.6,85.745));
#2670=CARTESIAN_POINT('',(3.57,11.6,87.895));
#2671=CARTESIAN_POINT('',(3.23,11.07,86.12));
#2672=CARTESIAN_POINT('',(3.57,11.6,85.745));
#2673=CARTESIAN_POINT('',(2.23,11.07,86.12));
#2674=CARTESIAN_POINT('',(2.23,11.07,87.52));
#2675=CARTESIAN_POINT('',(2.23,11.07,86.12));
#2676=CARTESIAN_POINT('',(2.23,11.07,87.52));
#2677=CARTESIAN_POINT('',(3.23,11.07,87.52));
#2678=CARTESIAN_POINT('',(2.23,11.07,87.52));
#2679=CARTESIAN_POINT('',(2.23,11.07,86.12));
#2680=CARTESIAN_POINT('',(3.23,11.07,86.12));
#2681=CARTESIAN_POINT('',(1.89,11.6,85.745));
#2682=CARTESIAN_POINT('',(1.89,11.6,85.745));
#2683=CARTESIAN_POINT('',(3.57,11.6,85.745));
#2684=CARTESIAN_POINT('',(1.89,11.6,85.745));
#2685=CARTESIAN_POINT('',(2.23,11.07,86.12));
#2686=CARTESIAN_POINT('',(1.89,11.6,87.895));
#2687=CARTESIAN_POINT('',(1.89,11.6,87.895));
#2688=CARTESIAN_POINT('',(1.89,11.6,85.745));
#2689=CARTESIAN_POINT('',(2.23,11.07,87.52));
#2690=CARTESIAN_POINT('',(1.89,11.6,87.895));
#2691=CARTESIAN_POINT('',(3.57,11.6,87.895));
#2692=CARTESIAN_POINT('',(1.89,11.6,87.895));
#2693=CARTESIAN_POINT('',(5.77,11.07,87.52));
#2694=CARTESIAN_POINT('',(5.77,11.07,86.12));
#2695=CARTESIAN_POINT('',(5.77,11.07,87.52));
#2696=CARTESIAN_POINT('',(5.77,11.07,86.12));
#2697=CARTESIAN_POINT('',(6.11,11.6,87.895));
#2698=CARTESIAN_POINT('',(6.11,11.6,87.895));
#2699=CARTESIAN_POINT('',(5.77,11.07,87.52));
#2700=CARTESIAN_POINT('',(6.11,11.6,85.745));
#2701=CARTESIAN_POINT('',(6.11,11.6,85.745));
#2702=CARTESIAN_POINT('',(6.11,11.6,87.895));
#2703=CARTESIAN_POINT('',(5.77,11.07,86.12));
#2704=CARTESIAN_POINT('',(6.11,11.6,85.745));
#2705=CARTESIAN_POINT('',(4.77,11.07,86.12));
#2706=CARTESIAN_POINT('',(4.77,11.07,87.52));
#2707=CARTESIAN_POINT('',(4.77,11.07,86.12));
#2708=CARTESIAN_POINT('',(4.77,11.07,87.52));
#2709=CARTESIAN_POINT('',(5.77,11.07,87.52));
#2710=CARTESIAN_POINT('',(4.77,11.07,87.52));
#2711=CARTESIAN_POINT('',(4.77,11.07,86.12));
#2712=CARTESIAN_POINT('',(5.77,11.07,86.12));
#2713=CARTESIAN_POINT('',(4.43,11.6,85.745));
#2714=CARTESIAN_POINT('',(4.43,11.6,85.745));
#2715=CARTESIAN_POINT('',(6.11,11.6,85.745));
#2716=CARTESIAN_POINT('',(4.43,11.6,85.745));
#2717=CARTESIAN_POINT('',(4.77,11.07,86.12));
#2718=CARTESIAN_POINT('',(4.43,11.6,87.895));
#2719=CARTESIAN_POINT('',(4.43,11.6,87.895));
#2720=CARTESIAN_POINT('',(4.43,11.6,85.745));
#2721=CARTESIAN_POINT('',(4.77,11.07,87.52));
#2722=CARTESIAN_POINT('',(4.43,11.6,87.895));
#2723=CARTESIAN_POINT('',(6.11,11.6,87.895));
#2724=CARTESIAN_POINT('',(4.43,11.6,87.895));
#2725=CARTESIAN_POINT('',(3.23,11.07,8.78));
#2726=CARTESIAN_POINT('',(3.23,11.07,7.38));
#2727=CARTESIAN_POINT('',(3.23,11.07,8.78));
#2728=CARTESIAN_POINT('',(3.23,11.07,7.38));
#2729=CARTESIAN_POINT('',(3.57,11.6,9.155));
#2730=CARTESIAN_POINT('',(3.57,11.6,9.155));
#2731=CARTESIAN_POINT('',(3.23,11.07,8.78));
#2732=CARTESIAN_POINT('',(3.57,11.6,7.005));
#2733=CARTESIAN_POINT('',(3.57,11.6,7.005));
#2734=CARTESIAN_POINT('',(3.57,11.6,9.155));
#2735=CARTESIAN_POINT('',(3.23,11.07,7.38));
#2736=CARTESIAN_POINT('',(3.57,11.6,7.005));
#2737=CARTESIAN_POINT('',(2.23,11.07,7.38));
#2738=CARTESIAN_POINT('',(2.23,11.07,8.78));
#2739=CARTESIAN_POINT('',(2.23,11.07,7.38));
#2740=CARTESIAN_POINT('',(2.23,11.07,8.78));
#2741=CARTESIAN_POINT('',(3.23,11.07,8.78));
#2742=CARTESIAN_POINT('',(2.23,11.07,8.78));
#2743=CARTESIAN_POINT('',(2.23,11.07,7.38));
#2744=CARTESIAN_POINT('',(3.23,11.07,7.38));
#2745=CARTESIAN_POINT('',(1.89,11.6,7.005));
#2746=CARTESIAN_POINT('',(1.89,11.6,7.005));
#2747=CARTESIAN_POINT('',(3.57,11.6,7.005));
#2748=CARTESIAN_POINT('',(1.89,11.6,7.005));
#2749=CARTESIAN_POINT('',(2.23,11.07,7.38));
#2750=CARTESIAN_POINT('',(1.89,11.6,9.155));
#2751=CARTESIAN_POINT('',(1.89,11.6,9.155));
#2752=CARTESIAN_POINT('',(1.89,11.6,7.005));
#2753=CARTESIAN_POINT('',(2.23,11.07,8.78));
#2754=CARTESIAN_POINT('',(1.89,11.6,9.155));
#2755=CARTESIAN_POINT('',(3.57,11.6,9.155));
#2756=CARTESIAN_POINT('',(1.89,11.6,9.155));
#2757=CARTESIAN_POINT('',(5.77,11.07,8.78));
#2758=CARTESIAN_POINT('',(5.77,11.07,7.38));
#2759=CARTESIAN_POINT('',(5.77,11.07,8.78));
#2760=CARTESIAN_POINT('',(5.77,11.07,7.38));
#2761=CARTESIAN_POINT('',(6.11,11.6,9.155));
#2762=CARTESIAN_POINT('',(6.11,11.6,9.155));
#2763=CARTESIAN_POINT('',(5.77,11.07,8.78));
#2764=CARTESIAN_POINT('',(6.11,11.6,7.005));
#2765=CARTESIAN_POINT('',(6.11,11.6,7.005));
#2766=CARTESIAN_POINT('',(6.11,11.6,9.155));
#2767=CARTESIAN_POINT('',(5.77,11.07,7.38));
#2768=CARTESIAN_POINT('',(6.11,11.6,7.005));
#2769=CARTESIAN_POINT('',(4.77,11.07,7.38));
#2770=CARTESIAN_POINT('',(4.77,11.07,8.78));
#2771=CARTESIAN_POINT('',(4.77,11.07,7.38));
#2772=CARTESIAN_POINT('',(4.77,11.07,8.78));
#2773=CARTESIAN_POINT('',(5.77,11.07,8.78));
#2774=CARTESIAN_POINT('',(4.77,11.07,8.78));
#2775=CARTESIAN_POINT('',(4.77,11.07,7.38));
#2776=CARTESIAN_POINT('',(5.77,11.07,7.38));
#2777=CARTESIAN_POINT('',(4.43,11.6,7.005));
#2778=CARTESIAN_POINT('',(4.43,11.6,7.005));
#2779=CARTESIAN_POINT('',(6.11,11.6,7.005));
#2780=CARTESIAN_POINT('',(4.43,11.6,7.005));
#2781=CARTESIAN_POINT('',(4.77,11.07,7.38));
#2782=CARTESIAN_POINT('',(4.43,11.6,9.155));
#2783=CARTESIAN_POINT('',(4.43,11.6,9.155));
#2784=CARTESIAN_POINT('',(4.43,11.6,7.005));
#2785=CARTESIAN_POINT('',(4.77,11.07,8.78));
#2786=CARTESIAN_POINT('',(4.43,11.6,9.155));
#2787=CARTESIAN_POINT('',(6.11,11.6,9.155));
#2788=CARTESIAN_POINT('',(4.43,11.6,9.155));
#2789=CARTESIAN_POINT('',(3.2499999999999,11.6,6.65));
#2790=CARTESIAN_POINT('',(3.2499999999999,11.6,5.6));
#2791=CARTESIAN_POINT('',(3.2499999999999,11.6,6.65));
#2792=CARTESIAN_POINT('',(3.2499999999999,11.6,5.6));
#2793=CARTESIAN_POINT('',(1.65,11.6,5.6));
#2794=CARTESIAN_POINT('',(3.2499999999999,11.6,5.6));
#2795=CARTESIAN_POINT('',(1.65,11.6,5.6));
#2796=CARTESIAN_POINT('',(1.65,11.6,89.3));
#2797=CARTESIAN_POINT('',(1.65,11.6,5.6));
#2798=CARTESIAN_POINT('',(1.65,11.6,89.3));
#2799=CARTESIAN_POINT('',(3.25,11.6,89.3));
#2800=CARTESIAN_POINT('',(1.65,11.6,89.3));
#2801=CARTESIAN_POINT('',(3.25,11.6,89.3));
#2802=CARTESIAN_POINT('',(3.25,11.6,88.25));
#2803=CARTESIAN_POINT('',(3.25,11.6,89.3));
#2804=CARTESIAN_POINT('',(3.25,11.6,88.25));
#2805=CARTESIAN_POINT('',(6.35,11.6,88.25));
#2806=CARTESIAN_POINT('',(3.25,11.6,88.25));
#2807=CARTESIAN_POINT('',(6.35,11.6,88.25));
#2808=CARTESIAN_POINT('',(6.35,11.6,6.65));
#2809=CARTESIAN_POINT('',(6.35,11.6,6.65));
#2810=CARTESIAN_POINT('',(6.35,11.6,88.25));
#2811=CARTESIAN_POINT('',(6.35,11.6,6.65));
#2812=CARTESIAN_POINT('',(3.2499999999999,11.6,6.65));
#2813=CARTESIAN_POINT('',(7.0,10.95,6.0));
#2814=CARTESIAN_POINT('',(6.35,11.6,6.65));
#2815=CARTESIAN_POINT('',(7.0,10.95,88.9));
#2816=CARTESIAN_POINT('',(6.35,11.6,88.25));
#2817=CARTESIAN_POINT('',(7.0,10.95,88.9));
#2818=CARTESIAN_POINT('',(7.0,10.95,6.0));
#2819=CARTESIAN_POINT('',(7.0,10.95,88.9));
#2820=CARTESIAN_POINT('',(3.2499999999999,11.6,6.65));
#2821=CARTESIAN_POINT('',(3.8999999999999,10.95,6.0));
#2822=CARTESIAN_POINT('',(3.8999999999999,10.95,4.95));
#2823=CARTESIAN_POINT('',(3.2499999999999,11.6,5.6));
#2824=CARTESIAN_POINT('',(3.8999999999999,10.95,4.95));
#2825=CARTESIAN_POINT('',(1.0,10.95,4.95));
#2826=CARTESIAN_POINT('',(1.65,11.6,5.6));
#2827=CARTESIAN_POINT('',(1.0,10.95,4.95));
#2828=CARTESIAN_POINT('',(1.0,10.95,89.95));
#2829=CARTESIAN_POINT('',(1.65,11.6,89.3));
#2830=CARTESIAN_POINT('',(3.9,10.95,89.95));
#2831=CARTESIAN_POINT('',(3.25,11.6,89.3));
#2832=CARTESIAN_POINT('',(3.25,11.6,88.25));
#2833=CARTESIAN_POINT('',(3.9,10.95,88.9));
#2834=CARTESIAN_POINT('',(3.9,10.95,88.9));
#2835=CARTESIAN_POINT('',(7.0,10.95,88.9));
#2836=CARTESIAN_POINT('',(7.0,3.7,88.9));
#2837=CARTESIAN_POINT('',(7.0,3.7,88.9));
#2838=CARTESIAN_POINT('',(3.9,3.7,88.9));
#2839=CARTESIAN_POINT('',(7.0,10.95,88.9));
#2840=CARTESIAN_POINT('',(7.0,3.7,88.9));
#2841=CARTESIAN_POINT('',(7.0,3.7,85.95));
#2842=CARTESIAN_POINT('',(7.0,3.7,88.9));
#2843=CARTESIAN_POINT('',(7.0,3.7,85.95));
#2844=CARTESIAN_POINT('',(7.0,5.05,85.95));
#2845=CARTESIAN_POINT('',(7.0,3.7,85.95));
#2846=CARTESIAN_POINT('',(7.0,5.05,85.95));
#2847=CARTESIAN_POINT('',(7.0,5.05,8.949999999985));
#2848=CARTESIAN_POINT('',(7.0,5.05,85.95));
#2849=CARTESIAN_POINT('',(7.0,5.05,8.949999999985));
#2850=CARTESIAN_POINT('',(7.0,3.7,8.949999999985));
#2851=CARTESIAN_POINT('',(7.0,5.05,8.949999999985));
#2852=CARTESIAN_POINT('',(7.0,3.7,8.949999999985));
#2853=CARTESIAN_POINT('',(7.0,3.7,8.949999999985));
#2854=CARTESIAN_POINT('',(7.0,3.7,6.0));
#2855=CARTESIAN_POINT('',(8.0000000000012,3.7,85.95));
#2856=CARTESIAN_POINT('',(8.0000000000012,3.7,85.95));
#2857=CARTESIAN_POINT('',(7.0,3.7,85.95));
#2858=CARTESIAN_POINT('',(8.0,5.05,85.95));
#2859=CARTESIAN_POINT('',(8.0000000000012,5.05,85.95));
#2860=CARTESIAN_POINT('',(8.0000000000012,3.7,85.95));
#2861=CARTESIAN_POINT('',(7.0,5.05,85.95));
#2862=CARTESIAN_POINT('',(8.0,5.05,85.95));
#2863=CARTESIAN_POINT('',(8.0,5.05,8.949999999985));
#2864=CARTESIAN_POINT('',(8.0,5.05,8.949999999985));
#2865=CARTESIAN_POINT('',(8.0,5.05,85.95));
#2866=CARTESIAN_POINT('',(8.0,5.05,8.949999999985));
#2867=CARTESIAN_POINT('',(7.0,5.05,8.949999999985));
#2868=CARTESIAN_POINT('',(8.0,3.7,8.949999999985));
#2869=CARTESIAN_POINT('',(8.0,3.7,8.949999999985));
#2870=CARTESIAN_POINT('',(8.0,5.05,8.949999999985));
#2871=CARTESIAN_POINT('',(7.0,3.7,8.949999999985));
#2872=CARTESIAN_POINT('',(8.0,3.7,8.949999999985));
#2873=CARTESIAN_POINT('',(8.0,2.8,0.0));
#2874=CARTESIAN_POINT('',(8.0,2.8,4.0));
#2875=CARTESIAN_POINT('',(8.0,2.8,1.387779E-14));
#2876=CARTESIAN_POINT('',(8.0,2.8,4.0));
#2877=CARTESIAN_POINT('',(8.0,3.7,4.0));
#2878=CARTESIAN_POINT('',(8.0,2.8,4.0));
#2879=CARTESIAN_POINT('',(8.0,3.7,4.0));
#2880=CARTESIAN_POINT('',(8.0,3.7,4.0));
#2881=CARTESIAN_POINT('',(8.0,3.7,8.949999999985));
#2882=CARTESIAN_POINT('',(8.0,3.7,90.9));
#2883=CARTESIAN_POINT('',(8.0000000000012,3.7,85.95));
#2884=CARTESIAN_POINT('',(8.0000000000003,3.7,90.9));
#2885=CARTESIAN_POINT('',(8.0,2.8,90.9));
#2886=CARTESIAN_POINT('',(8.0,3.7,90.9));
#2887=CARTESIAN_POINT('',(8.0,2.8,90.9));
#2888=CARTESIAN_POINT('',(8.0,2.8,94.9));
#2889=CARTESIAN_POINT('',(8.0,2.8,90.9));
#2890=CARTESIAN_POINT('',(8.0,2.8,94.9));
#2891=CARTESIAN_POINT('',(8.0,0.0,94.9));
#2892=CARTESIAN_POINT('',(8.0,2.8,94.9));
#2893=CARTESIAN_POINT('',(8.0,0.0,94.9));
#2894=CARTESIAN_POINT('',(8.0,0.0,0.0));
#2895=CARTESIAN_POINT('',(8.0,0.0,0.0));
#2896=CARTESIAN_POINT('',(8.0,0.0,94.9));
#2897=CARTESIAN_POINT('',(8.0,0.0,0.0));
#2898=CARTESIAN_POINT('',(8.0,2.8,0.0));
#2899=CARTESIAN_POINT('',(7.4226497308104,3.7,90.9));
#2900=CARTESIAN_POINT('',(7.4226497308104,2.8,90.9));
#2901=CARTESIAN_POINT('',(7.4226497308104,3.7,90.9));
#2902=CARTESIAN_POINT('',(7.4226497308104,2.8,90.9));
#2903=CARTESIAN_POINT('',(8.0,2.8,90.9));
#2904=CARTESIAN_POINT('',(7.4226497308104,2.8,90.9));
#2905=CARTESIAN_POINT('',(8.0000000000001,3.7,90.9));
#2906=CARTESIAN_POINT('',(7.4226497308104,3.7,90.9));
#2907=CARTESIAN_POINT('',(7.4226497308104,3.7,90.9));
#2908=CARTESIAN_POINT('',(6.8741669750756,3.7,89.949999999992));
#2909=CARTESIAN_POINT('',(7.4226497308104,2.8,90.9));
#2910=CARTESIAN_POINT('',(6.8741669750756,2.8,89.949999999992));
#2911=CARTESIAN_POINT('',(8.0,2.8,94.9));
#2912=CARTESIAN_POINT('',(2.02,2.8,94.9));
#2913=CARTESIAN_POINT('',(0.0,0.0,94.9));
#2914=CARTESIAN_POINT('',(0.0,0.0,94.9));
#2915=CARTESIAN_POINT('',(1.647564E-16,5.0,94.9));
#2916=CARTESIAN_POINT('',(8.0,0.0,94.9));
#2917=CARTESIAN_POINT('',(0.0,0.0,94.9));
#2918=CARTESIAN_POINT('',(1.416905E-16,4.3,2.4499999999925));
#2919=CARTESIAN_POINT('',(1.416905E-16,4.3,0.0));
#2920=CARTESIAN_POINT('',(0.0,4.3,2.45));
#2921=CARTESIAN_POINT('',(0.0,4.3,-6.938894E-15));
#2922=CARTESIAN_POINT('',(0.0,0.0,0.0));
#2923=CARTESIAN_POINT('',(1.416905E-16,4.3,0.0));
#2924=CARTESIAN_POINT('',(0.0,0.0,0.0));
#2925=CARTESIAN_POINT('',(0.0,0.0,0.0));
#2926=CARTESIAN_POINT('',(0.0,0.0,94.9));
#2927=CARTESIAN_POINT('',(0.0,3.7,2.449999999985));
#2928=CARTESIAN_POINT('',(0.0,3.7,8.949999999985));
#2929=CARTESIAN_POINT('',(0.0,3.7,2.449999999985));
#2930=CARTESIAN_POINT('',(0.0,3.7,2.449999999985));
#2931=CARTESIAN_POINT('',(0.0,4.3,2.449999999985));
#2932=CARTESIAN_POINT('',(2.02,4.3,2.006177E-30));
#2933=CARTESIAN_POINT('',(0.0,4.3,0.0));
#2934=CARTESIAN_POINT('',(2.02,4.3,0.0));
#2935=CARTESIAN_POINT('',(2.02,4.3,2.449999999985));
#2936=CARTESIAN_POINT('',(0.0,4.3,2.45));
#2937=CARTESIAN_POINT('',(2.02,4.3,2.45));
#2938=CARTESIAN_POINT('',(2.02,4.3,-6.938894E-15));
#2939=CARTESIAN_POINT('',(2.02,4.3,2.45));
#2940=CARTESIAN_POINT('',(2.02,3.7,2.449999999985));
#2941=CARTESIAN_POINT('',(2.02,3.7,2.449999999985));
#2942=CARTESIAN_POINT('',(0.0,3.7,2.449999999985));
#2943=CARTESIAN_POINT('',(2.02,4.3,2.449999999985));
#2944=CARTESIAN_POINT('',(2.02,3.7,2.449999999985));
#2945=CARTESIAN_POINT('',(2.02,3.7,3.0));
#2946=CARTESIAN_POINT('',(2.02,3.7,2.449999999985));
#2947=CARTESIAN_POINT('',(2.02,3.7,3.0));
#2948=CARTESIAN_POINT('',(2.02,2.8,3.0));
#2949=CARTESIAN_POINT('',(2.02,2.8,3.0));
#2950=CARTESIAN_POINT('',(2.02,3.7,3.0));
#2951=CARTESIAN_POINT('',(2.02,2.8,0.0));
#2952=CARTESIAN_POINT('',(2.02,2.8,0.0));
#2953=CARTESIAN_POINT('',(2.02,2.8,3.0));
#2954=CARTESIAN_POINT('',(2.02,4.3,0.0));
#2955=CARTESIAN_POINT('',(2.02,2.8,0.0));
#2956=CARTESIAN_POINT('',(3.1458330249175,3.7,4.949999999996));
#2957=CARTESIAN_POINT('',(1.0,3.7,4.95));
#2958=CARTESIAN_POINT('',(3.1458330249175,3.7,4.95));
#2959=CARTESIAN_POINT('',(2.02,3.7,3.0));
#2960=CARTESIAN_POINT('',(3.1458330249152,3.7,4.949999999996));
#2961=CARTESIAN_POINT('',(3.1458330249152,2.8,4.949999999992));
#2962=CARTESIAN_POINT('',(3.1458330249152,3.7,4.949999999992));
#2963=CARTESIAN_POINT('',(3.1458330249152,2.8,4.949999999992));
#2964=CARTESIAN_POINT('',(2.02,2.8,3.0));
#2965=CARTESIAN_POINT('',(3.1458330249152,2.8,4.949999999992));
#2966=CARTESIAN_POINT('',(6.8741669750849,3.7,4.949999999992));
#2967=CARTESIAN_POINT('',(6.8741669750849,3.7,4.949999999992));
#2968=CARTESIAN_POINT('',(3.8999999999999,3.7,4.949999999992));
#2969=CARTESIAN_POINT('',(6.8741669750849,2.8,4.949999999992));
#2970=CARTESIAN_POINT('',(6.8741669750849,2.8,4.949999999992));
#2971=CARTESIAN_POINT('',(6.8741669750849,3.7,4.949999999992));
#2972=CARTESIAN_POINT('',(3.1458330249152,2.8,4.949999999992));
#2973=CARTESIAN_POINT('',(6.8741669750849,2.8,4.949999999992));
#2974=CARTESIAN_POINT('',(7.4226497308104,3.7,4.0));
#2975=CARTESIAN_POINT('',(7.4226497308104,2.8,4.0));
#2976=CARTESIAN_POINT('',(7.4226497308104,3.7,4.0));
#2977=CARTESIAN_POINT('',(7.4226497308104,2.8,4.0));
#2978=CARTESIAN_POINT('',(6.8741669750849,2.8,4.949999999992));
#2979=CARTESIAN_POINT('',(7.4226497308104,2.8,4.0));
#2980=CARTESIAN_POINT('',(6.8741669750849,3.7,4.949999999992));
#2981=CARTESIAN_POINT('',(7.4226497308104,3.7,4.0));
#2982=CARTESIAN_POINT('',(7.4226497308104,3.7,4.0));
#2983=CARTESIAN_POINT('',(8.0,3.7,4.0));
#2984=CARTESIAN_POINT('',(7.4226497308104,2.8,4.0));
#2985=CARTESIAN_POINT('',(8.0,2.8,4.0));
#2986=CARTESIAN_POINT('',(2.02,2.8,0.0));
#2987=CARTESIAN_POINT('',(8.0,2.8,0.0));
#2988=CARTESIAN_POINT('',(0.0,0.0,0.0));
#2989=CARTESIAN_POINT('',(8.0,0.0,0.0));
#2990=PRESENTATION_LAYER_ASSIGNMENT('','',(#58,#61,#64,#67,#70,#73,#76,#79,#82,#85,#88,#91,#93,#95,#97,#99,#101,#103,#105,#107,#109,#111,#113,#115,#117,#119,#121,#123,#125,#127,#129,#131,#134,#200,#204,#210,#214,#220,#224,#230,#234,#755,#756,#757,#758,#759,#760,#761,#762,#763,#764,#765,#766,#767,#768,#769,#770,#771,#772,#773,#774,#775,#776,#777,#778,#779,#780,#781,#782,#783,#784,#785,#786,#787,#788,#789,#790,#791,#792,#793,#794,#795,#796,#797,#798,#799,#800,#801,#802,#803,#804,#805,#806,#807,#808,#809,#810,#811,#812,#813,#814,#815,#816,#817,#818,#819,#820,#821,#822,#823,#824,#1921,#1922,#1923,#1925,#1926,#1927,#1928,#1929,#1930,#1931,#1932,#1933,#1934,#1935,#1936,#1937,#1938,#1939,#1940,#1941,#1942,#1943,#1944,#1945,#1946,#1947,#1948,#1949,#1950,#1951,#1952,#1953,#1954,#1955,#1956,#1957,#1958,#1959,#1960,#1961,#1962,#1963,#1964,#1965,#1966,#1967,#1968,#1969,#1970,#1971,#1972,#1973,#1974,#1975,#1976,#1977,#1978,#1979,#1980,#1981,#1982,#1983,#1984,#1985,#1986,#1987,#1988,#1989,#1990,#1991,#1992,#1993,#1994,#1995,#1996,#1997,#1998,#1999,#2000,#2001,#2002,#2003,#2004,#2005,#2006,#2007,#2008,#2009,#2010,#2011,#2012,#2013,#2014,#2015,#2016,#2017,#2018,#2019,#2020,#2021,#2022,#2023,#2024,#2025,#2026,#2027,#2028,#2029,#2030,#2031,#2032,#2033,#2034,#2035,#2036,#2037,#2038,#2039,#2040,#2041,#2042,#2043,#2044,#2045,#2046,#2047,#2048,#2049,#2050,#2051,#2052,#2053,#2054,#2055,#2056,#2057,#2058,#2059,#2060,#2061,#2062,#2063,#2064,#2065,#2066,#2067,#2068,#2069,#2070,#2071,#2072,#2073,#2074,#2075,#2076,#2077,#2078,#2079,#2080,#2081,#2082,#2083,#2084,#2085,#2086,#2087,#2088,#2089,#2090,#2091,#2092,#2093,#2094,#2095,#2096,#2097,#2098,#2099,#2100,#2101,#2102,#2103,#2107,#2109,#2115,#2117,#2124,#2125,#2127,#2129,#2132,#2134,#2136,#2138,#2140,#2142,#2145,#2146,#2150,#2151,#2153,#2155,#2158,#2159,#2163,#2167,#2169,#2172,#2173,#2175,#2177,#2180,#2181,#2187,#2189,#2192,#2193,#2195,#2197,#2200,#2201,#2205,#2206,#2208,#2210,#2213,#2214,#2218,#2221,#2225,#2226,#2228,#2230,#2233,#2234,#2238,#2241,#2245,#2246,#2248,#2250,#2253,#2254,#2258,#2261,#2265,#2266,#2268,#2270,#2273,#2274,#2278,#2281,#2285,#2286,#2288,#2290,#2292,#2294,#2296,#2298,#2302,#2313,#2316,#2318,#2320,#2322,#2325,#2327,#2330,#2333,#2336,#2337,#2339,#2342,#2344,#2346,#2348,#2350,#2353,#2354,#2361,#2364,#2365,#2367,#2370,#2373,#2375,#2378,#2381,#2383,#2385,#2388,#2391,#2394,#2396,#2399,#2400));
ENDSEC;
END-ISO-10303-21;
