ISO-10303-21;
HEADER;
/* Generated by software containing ST-Developer
 * from STEP Tools, Inc. (www.steptools.com) 
 */
/* OPTION: using custom schema-name function */

FILE_DESCRIPTION(
/* description */ (''),
/* implementation_level */ '2;1');

FILE_NAME(
/* name */ '100072262ugm000_b.stp',
/* time_stamp */ '2022-04-26T16:24:49+02:00',
/* author */ (''),
/* organization */ (''),
/* preprocessor_version */ 'ST-DEVELOPER v16.7',
/* originating_system */ 'SIEMENS PLM Software NX 1911',
/* authorisation */ '');

FILE_SCHEMA (('AUTOMOTIVE_DESIGN { 1 0 10303 214 3 1 1 1 }'));
ENDSEC;

DATA;
#10=SHAPE_REPRESENTATION_RELATIONSHIP('None',
'relationship between 100072262ugm000_b-None and 100072262ugm000_b-Non
e',#22,#11);
#11=ADVANCED_BREP_SHAPE_REPRESENTATION('100072262ugm000_b-None',(#2609),
#15728);
#12=SHAPE_DEFINITION_REPRESENTATION(#13,#22);
#13=PRODUCT_DEFINITION_SHAPE('','',#14);
#14=PRODUCT_DEFINITION(' ','',#16,#15);
#15=PRODUCT_DEFINITION_CONTEXT('part definition',#21,'design');
#16=PRODUCT_DEFINITION_FORMATION_WITH_SPECIFIED_SOURCE(' ',' ',#18,
 .NOT_KNOWN.);
#17=PRODUCT_RELATED_PRODUCT_CATEGORY('part','',(#18));
#18=PRODUCT('100072262ugm000_b','100072262ugm000_b',' ',(#19));
#19=PRODUCT_CONTEXT(' ',#21,'mechanical');
#20=APPLICATION_PROTOCOL_DEFINITION('international standard',
'automotive_design',2010,#21);
#21=APPLICATION_CONTEXT(
'core data for automotive mechanical design processes');
#22=SHAPE_REPRESENTATION('100072262ugm000_b-None',(#10703),#15728);
#23=OVER_RIDING_STYLED_ITEM('',(#394),#3077,#392);
#24=OVER_RIDING_STYLED_ITEM('',(#395),#3078,#392);
#25=OVER_RIDING_STYLED_ITEM('',(#396),#3079,#392);
#26=OVER_RIDING_STYLED_ITEM('',(#397),#3080,#392);
#27=OVER_RIDING_STYLED_ITEM('',(#398),#3081,#392);
#28=OVER_RIDING_STYLED_ITEM('',(#399),#3082,#392);
#29=OVER_RIDING_STYLED_ITEM('',(#400),#3083,#392);
#30=OVER_RIDING_STYLED_ITEM('',(#401),#3084,#392);
#31=OVER_RIDING_STYLED_ITEM('',(#402),#3085,#392);
#32=OVER_RIDING_STYLED_ITEM('',(#403),#3086,#392);
#33=OVER_RIDING_STYLED_ITEM('',(#404),#3087,#392);
#34=OVER_RIDING_STYLED_ITEM('',(#405),#3088,#392);
#35=OVER_RIDING_STYLED_ITEM('',(#406),#3089,#392);
#36=OVER_RIDING_STYLED_ITEM('',(#407),#3090,#392);
#37=OVER_RIDING_STYLED_ITEM('',(#408),#3091,#392);
#38=OVER_RIDING_STYLED_ITEM('',(#409),#3092,#392);
#39=OVER_RIDING_STYLED_ITEM('',(#410),#3093,#392);
#40=OVER_RIDING_STYLED_ITEM('',(#411),#3094,#392);
#41=OVER_RIDING_STYLED_ITEM('',(#412),#3095,#392);
#42=OVER_RIDING_STYLED_ITEM('',(#413),#3096,#392);
#43=OVER_RIDING_STYLED_ITEM('',(#414),#3097,#392);
#44=OVER_RIDING_STYLED_ITEM('',(#415),#3098,#392);
#45=OVER_RIDING_STYLED_ITEM('',(#416),#3099,#392);
#46=OVER_RIDING_STYLED_ITEM('',(#417),#3100,#392);
#47=OVER_RIDING_STYLED_ITEM('',(#418),#3101,#392);
#48=OVER_RIDING_STYLED_ITEM('',(#419),#3102,#392);
#49=OVER_RIDING_STYLED_ITEM('',(#420),#3103,#392);
#50=OVER_RIDING_STYLED_ITEM('',(#421),#3104,#392);
#51=OVER_RIDING_STYLED_ITEM('',(#422),#3105,#392);
#52=OVER_RIDING_STYLED_ITEM('',(#423),#3106,#392);
#53=OVER_RIDING_STYLED_ITEM('',(#424),#3107,#392);
#54=OVER_RIDING_STYLED_ITEM('',(#425),#3108,#392);
#55=OVER_RIDING_STYLED_ITEM('',(#426),#3109,#392);
#56=OVER_RIDING_STYLED_ITEM('',(#427),#3110,#392);
#57=OVER_RIDING_STYLED_ITEM('',(#428),#3111,#392);
#58=OVER_RIDING_STYLED_ITEM('',(#429),#3112,#392);
#59=OVER_RIDING_STYLED_ITEM('',(#430),#3113,#392);
#60=OVER_RIDING_STYLED_ITEM('',(#431),#3114,#392);
#61=OVER_RIDING_STYLED_ITEM('',(#432),#3115,#392);
#62=OVER_RIDING_STYLED_ITEM('',(#433),#3116,#392);
#63=OVER_RIDING_STYLED_ITEM('',(#434),#3117,#392);
#64=OVER_RIDING_STYLED_ITEM('',(#435),#3118,#392);
#65=OVER_RIDING_STYLED_ITEM('',(#436),#3119,#392);
#66=OVER_RIDING_STYLED_ITEM('',(#437),#3120,#392);
#67=OVER_RIDING_STYLED_ITEM('',(#438),#3121,#392);
#68=OVER_RIDING_STYLED_ITEM('',(#439),#3122,#392);
#69=OVER_RIDING_STYLED_ITEM('',(#440),#3123,#392);
#70=OVER_RIDING_STYLED_ITEM('',(#441),#3124,#392);
#71=OVER_RIDING_STYLED_ITEM('',(#442),#3125,#392);
#72=OVER_RIDING_STYLED_ITEM('',(#443),#3126,#392);
#73=OVER_RIDING_STYLED_ITEM('',(#444),#3127,#392);
#74=OVER_RIDING_STYLED_ITEM('',(#445),#3128,#392);
#75=OVER_RIDING_STYLED_ITEM('',(#446),#3129,#392);
#76=OVER_RIDING_STYLED_ITEM('',(#447),#3130,#392);
#77=OVER_RIDING_STYLED_ITEM('',(#448),#3131,#392);
#78=OVER_RIDING_STYLED_ITEM('',(#449),#3132,#392);
#79=OVER_RIDING_STYLED_ITEM('',(#450),#3133,#392);
#80=OVER_RIDING_STYLED_ITEM('',(#451),#3134,#392);
#81=OVER_RIDING_STYLED_ITEM('',(#452),#3135,#392);
#82=OVER_RIDING_STYLED_ITEM('',(#453),#3136,#392);
#83=OVER_RIDING_STYLED_ITEM('',(#454),#3137,#392);
#84=OVER_RIDING_STYLED_ITEM('',(#455),#3138,#392);
#85=OVER_RIDING_STYLED_ITEM('',(#456),#3139,#392);
#86=OVER_RIDING_STYLED_ITEM('',(#457),#3140,#392);
#87=OVER_RIDING_STYLED_ITEM('',(#458),#3141,#392);
#88=OVER_RIDING_STYLED_ITEM('',(#459),#3142,#392);
#89=OVER_RIDING_STYLED_ITEM('',(#460),#3143,#392);
#90=OVER_RIDING_STYLED_ITEM('',(#461),#3144,#392);
#91=OVER_RIDING_STYLED_ITEM('',(#462),#3145,#392);
#92=OVER_RIDING_STYLED_ITEM('',(#463),#3146,#392);
#93=OVER_RIDING_STYLED_ITEM('',(#464),#3147,#392);
#94=OVER_RIDING_STYLED_ITEM('',(#465),#3148,#392);
#95=OVER_RIDING_STYLED_ITEM('',(#466),#3149,#392);
#96=OVER_RIDING_STYLED_ITEM('',(#467),#3150,#392);
#97=OVER_RIDING_STYLED_ITEM('',(#468),#3151,#392);
#98=OVER_RIDING_STYLED_ITEM('',(#469),#3152,#392);
#99=OVER_RIDING_STYLED_ITEM('',(#470),#3153,#392);
#100=OVER_RIDING_STYLED_ITEM('',(#471),#3154,#392);
#101=OVER_RIDING_STYLED_ITEM('',(#472),#3155,#392);
#102=OVER_RIDING_STYLED_ITEM('',(#473),#3156,#392);
#103=OVER_RIDING_STYLED_ITEM('',(#474),#3157,#392);
#104=OVER_RIDING_STYLED_ITEM('',(#475),#3158,#392);
#105=OVER_RIDING_STYLED_ITEM('',(#476),#3159,#392);
#106=OVER_RIDING_STYLED_ITEM('',(#477),#3160,#392);
#107=OVER_RIDING_STYLED_ITEM('',(#478),#3161,#392);
#108=OVER_RIDING_STYLED_ITEM('',(#479),#3162,#392);
#109=OVER_RIDING_STYLED_ITEM('',(#480),#3163,#392);
#110=OVER_RIDING_STYLED_ITEM('',(#481),#3164,#392);
#111=OVER_RIDING_STYLED_ITEM('',(#482),#3165,#392);
#112=OVER_RIDING_STYLED_ITEM('',(#483),#3166,#392);
#113=OVER_RIDING_STYLED_ITEM('',(#484),#3167,#392);
#114=OVER_RIDING_STYLED_ITEM('',(#485),#3168,#392);
#115=OVER_RIDING_STYLED_ITEM('',(#486),#3169,#392);
#116=OVER_RIDING_STYLED_ITEM('',(#487),#3170,#392);
#117=OVER_RIDING_STYLED_ITEM('',(#488),#3171,#392);
#118=OVER_RIDING_STYLED_ITEM('',(#489),#3172,#392);
#119=OVER_RIDING_STYLED_ITEM('',(#490),#3173,#392);
#120=OVER_RIDING_STYLED_ITEM('',(#491),#3174,#392);
#121=OVER_RIDING_STYLED_ITEM('',(#492),#3175,#392);
#122=OVER_RIDING_STYLED_ITEM('',(#493),#3176,#392);
#123=OVER_RIDING_STYLED_ITEM('',(#494),#3177,#392);
#124=OVER_RIDING_STYLED_ITEM('',(#495),#3178,#392);
#125=OVER_RIDING_STYLED_ITEM('',(#496),#3179,#392);
#126=OVER_RIDING_STYLED_ITEM('',(#497),#3180,#392);
#127=OVER_RIDING_STYLED_ITEM('',(#498),#3181,#392);
#128=OVER_RIDING_STYLED_ITEM('',(#499),#3182,#392);
#129=OVER_RIDING_STYLED_ITEM('',(#500),#3183,#392);
#130=OVER_RIDING_STYLED_ITEM('',(#501),#3184,#392);
#131=OVER_RIDING_STYLED_ITEM('',(#502),#3185,#392);
#132=OVER_RIDING_STYLED_ITEM('',(#503),#3186,#392);
#133=OVER_RIDING_STYLED_ITEM('',(#504),#3187,#392);
#134=OVER_RIDING_STYLED_ITEM('',(#505),#3188,#392);
#135=OVER_RIDING_STYLED_ITEM('',(#506),#3189,#392);
#136=OVER_RIDING_STYLED_ITEM('',(#507),#3190,#392);
#137=OVER_RIDING_STYLED_ITEM('',(#508),#3191,#392);
#138=OVER_RIDING_STYLED_ITEM('',(#509),#3192,#392);
#139=OVER_RIDING_STYLED_ITEM('',(#510),#3193,#392);
#140=OVER_RIDING_STYLED_ITEM('',(#511),#3194,#392);
#141=OVER_RIDING_STYLED_ITEM('',(#512),#3195,#392);
#142=OVER_RIDING_STYLED_ITEM('',(#513),#3196,#392);
#143=OVER_RIDING_STYLED_ITEM('',(#514),#3197,#392);
#144=OVER_RIDING_STYLED_ITEM('',(#515),#3198,#392);
#145=OVER_RIDING_STYLED_ITEM('',(#516),#3199,#392);
#146=OVER_RIDING_STYLED_ITEM('',(#517),#3200,#392);
#147=OVER_RIDING_STYLED_ITEM('',(#518),#3201,#392);
#148=OVER_RIDING_STYLED_ITEM('',(#519),#3202,#392);
#149=OVER_RIDING_STYLED_ITEM('',(#520),#3203,#392);
#150=OVER_RIDING_STYLED_ITEM('',(#521),#3204,#392);
#151=OVER_RIDING_STYLED_ITEM('',(#522),#3205,#392);
#152=OVER_RIDING_STYLED_ITEM('',(#523),#3206,#392);
#153=OVER_RIDING_STYLED_ITEM('',(#524),#3207,#392);
#154=OVER_RIDING_STYLED_ITEM('',(#525),#3208,#392);
#155=OVER_RIDING_STYLED_ITEM('',(#526),#3209,#392);
#156=OVER_RIDING_STYLED_ITEM('',(#527),#3210,#392);
#157=OVER_RIDING_STYLED_ITEM('',(#528),#3211,#392);
#158=OVER_RIDING_STYLED_ITEM('',(#529),#3212,#392);
#159=OVER_RIDING_STYLED_ITEM('',(#530),#3213,#392);
#160=OVER_RIDING_STYLED_ITEM('',(#531),#3214,#392);
#161=OVER_RIDING_STYLED_ITEM('',(#532),#3215,#392);
#162=OVER_RIDING_STYLED_ITEM('',(#533),#3216,#392);
#163=OVER_RIDING_STYLED_ITEM('',(#534),#3217,#392);
#164=OVER_RIDING_STYLED_ITEM('',(#535),#3218,#392);
#165=OVER_RIDING_STYLED_ITEM('',(#536),#3219,#392);
#166=OVER_RIDING_STYLED_ITEM('',(#537),#3220,#392);
#167=OVER_RIDING_STYLED_ITEM('',(#538),#3221,#392);
#168=OVER_RIDING_STYLED_ITEM('',(#539),#3222,#392);
#169=OVER_RIDING_STYLED_ITEM('',(#540),#3223,#392);
#170=OVER_RIDING_STYLED_ITEM('',(#541),#3224,#392);
#171=OVER_RIDING_STYLED_ITEM('',(#542),#3225,#392);
#172=OVER_RIDING_STYLED_ITEM('',(#543),#3226,#392);
#173=OVER_RIDING_STYLED_ITEM('',(#544),#3227,#392);
#174=OVER_RIDING_STYLED_ITEM('',(#545),#3228,#392);
#175=OVER_RIDING_STYLED_ITEM('',(#546),#3229,#392);
#176=OVER_RIDING_STYLED_ITEM('',(#547),#3230,#392);
#177=OVER_RIDING_STYLED_ITEM('',(#548),#3231,#392);
#178=OVER_RIDING_STYLED_ITEM('',(#549),#3232,#392);
#179=OVER_RIDING_STYLED_ITEM('',(#550),#3233,#392);
#180=OVER_RIDING_STYLED_ITEM('',(#551),#3234,#392);
#181=OVER_RIDING_STYLED_ITEM('',(#552),#3235,#392);
#182=OVER_RIDING_STYLED_ITEM('',(#553),#3236,#392);
#183=OVER_RIDING_STYLED_ITEM('',(#554),#3237,#392);
#184=OVER_RIDING_STYLED_ITEM('',(#555),#3238,#392);
#185=OVER_RIDING_STYLED_ITEM('',(#556),#3239,#392);
#186=OVER_RIDING_STYLED_ITEM('',(#557),#3240,#392);
#187=OVER_RIDING_STYLED_ITEM('',(#558),#3241,#392);
#188=OVER_RIDING_STYLED_ITEM('',(#559),#3242,#392);
#189=OVER_RIDING_STYLED_ITEM('',(#560),#3243,#392);
#190=OVER_RIDING_STYLED_ITEM('',(#561),#3244,#392);
#191=OVER_RIDING_STYLED_ITEM('',(#562),#3245,#392);
#192=OVER_RIDING_STYLED_ITEM('',(#563),#3246,#392);
#193=OVER_RIDING_STYLED_ITEM('',(#564),#3247,#392);
#194=OVER_RIDING_STYLED_ITEM('',(#565),#3248,#392);
#195=OVER_RIDING_STYLED_ITEM('',(#566),#3249,#392);
#196=OVER_RIDING_STYLED_ITEM('',(#567),#3250,#392);
#197=OVER_RIDING_STYLED_ITEM('',(#568),#3251,#392);
#198=OVER_RIDING_STYLED_ITEM('',(#569),#3252,#392);
#199=OVER_RIDING_STYLED_ITEM('',(#570),#3253,#392);
#200=OVER_RIDING_STYLED_ITEM('',(#571),#3254,#392);
#201=OVER_RIDING_STYLED_ITEM('',(#572),#3255,#392);
#202=OVER_RIDING_STYLED_ITEM('',(#573),#3256,#392);
#203=OVER_RIDING_STYLED_ITEM('',(#574),#3257,#392);
#204=OVER_RIDING_STYLED_ITEM('',(#575),#3258,#392);
#205=OVER_RIDING_STYLED_ITEM('',(#576),#3259,#392);
#206=OVER_RIDING_STYLED_ITEM('',(#577),#3260,#392);
#207=OVER_RIDING_STYLED_ITEM('',(#578),#3261,#392);
#208=OVER_RIDING_STYLED_ITEM('',(#579),#3262,#392);
#209=OVER_RIDING_STYLED_ITEM('',(#580),#3263,#392);
#210=OVER_RIDING_STYLED_ITEM('',(#581),#3264,#392);
#211=OVER_RIDING_STYLED_ITEM('',(#582),#3265,#392);
#212=OVER_RIDING_STYLED_ITEM('',(#583),#3266,#392);
#213=OVER_RIDING_STYLED_ITEM('',(#584),#3267,#392);
#214=OVER_RIDING_STYLED_ITEM('',(#585),#3268,#392);
#215=OVER_RIDING_STYLED_ITEM('',(#586),#3269,#392);
#216=OVER_RIDING_STYLED_ITEM('',(#587),#3270,#392);
#217=OVER_RIDING_STYLED_ITEM('',(#588),#3271,#392);
#218=OVER_RIDING_STYLED_ITEM('',(#589),#3272,#392);
#219=OVER_RIDING_STYLED_ITEM('',(#590),#3273,#392);
#220=OVER_RIDING_STYLED_ITEM('',(#591),#3274,#392);
#221=OVER_RIDING_STYLED_ITEM('',(#592),#3275,#392);
#222=OVER_RIDING_STYLED_ITEM('',(#593),#3276,#392);
#223=OVER_RIDING_STYLED_ITEM('',(#594),#3277,#392);
#224=OVER_RIDING_STYLED_ITEM('',(#595),#3278,#392);
#225=OVER_RIDING_STYLED_ITEM('',(#596),#3279,#392);
#226=OVER_RIDING_STYLED_ITEM('',(#597),#3280,#392);
#227=OVER_RIDING_STYLED_ITEM('',(#598),#3281,#392);
#228=OVER_RIDING_STYLED_ITEM('',(#599),#3282,#392);
#229=OVER_RIDING_STYLED_ITEM('',(#600),#3283,#392);
#230=OVER_RIDING_STYLED_ITEM('',(#601),#3284,#392);
#231=OVER_RIDING_STYLED_ITEM('',(#602),#3285,#392);
#232=OVER_RIDING_STYLED_ITEM('',(#603),#3286,#392);
#233=OVER_RIDING_STYLED_ITEM('',(#604),#3287,#392);
#234=OVER_RIDING_STYLED_ITEM('',(#605),#3288,#392);
#235=OVER_RIDING_STYLED_ITEM('',(#606),#3289,#392);
#236=OVER_RIDING_STYLED_ITEM('',(#607),#3290,#392);
#237=OVER_RIDING_STYLED_ITEM('',(#608),#3291,#392);
#238=OVER_RIDING_STYLED_ITEM('',(#609),#3292,#392);
#239=OVER_RIDING_STYLED_ITEM('',(#610),#3293,#392);
#240=OVER_RIDING_STYLED_ITEM('',(#611),#3294,#392);
#241=OVER_RIDING_STYLED_ITEM('',(#612),#3295,#392);
#242=OVER_RIDING_STYLED_ITEM('',(#613),#3296,#392);
#243=OVER_RIDING_STYLED_ITEM('',(#614),#3297,#392);
#244=OVER_RIDING_STYLED_ITEM('',(#615),#3298,#392);
#245=OVER_RIDING_STYLED_ITEM('',(#616),#3299,#392);
#246=OVER_RIDING_STYLED_ITEM('',(#617),#3300,#392);
#247=OVER_RIDING_STYLED_ITEM('',(#618),#3301,#392);
#248=OVER_RIDING_STYLED_ITEM('',(#619),#3302,#392);
#249=OVER_RIDING_STYLED_ITEM('',(#620),#3303,#392);
#250=OVER_RIDING_STYLED_ITEM('',(#621),#3304,#392);
#251=OVER_RIDING_STYLED_ITEM('',(#622),#3305,#392);
#252=OVER_RIDING_STYLED_ITEM('',(#623),#3306,#392);
#253=OVER_RIDING_STYLED_ITEM('',(#624),#3307,#392);
#254=OVER_RIDING_STYLED_ITEM('',(#625),#3308,#392);
#255=OVER_RIDING_STYLED_ITEM('',(#626),#3309,#392);
#256=OVER_RIDING_STYLED_ITEM('',(#627),#3310,#392);
#257=OVER_RIDING_STYLED_ITEM('',(#628),#3311,#392);
#258=OVER_RIDING_STYLED_ITEM('',(#629),#3312,#392);
#259=OVER_RIDING_STYLED_ITEM('',(#630),#3313,#392);
#260=OVER_RIDING_STYLED_ITEM('',(#631),#3314,#392);
#261=OVER_RIDING_STYLED_ITEM('',(#632),#3315,#392);
#262=OVER_RIDING_STYLED_ITEM('',(#633),#3316,#392);
#263=OVER_RIDING_STYLED_ITEM('',(#634),#3317,#392);
#264=OVER_RIDING_STYLED_ITEM('',(#635),#3318,#392);
#265=OVER_RIDING_STYLED_ITEM('',(#636),#3319,#392);
#266=OVER_RIDING_STYLED_ITEM('',(#637),#3320,#392);
#267=OVER_RIDING_STYLED_ITEM('',(#638),#3321,#392);
#268=OVER_RIDING_STYLED_ITEM('',(#639),#3322,#392);
#269=OVER_RIDING_STYLED_ITEM('',(#640),#3323,#392);
#270=OVER_RIDING_STYLED_ITEM('',(#641),#3324,#392);
#271=OVER_RIDING_STYLED_ITEM('',(#642),#3325,#392);
#272=OVER_RIDING_STYLED_ITEM('',(#643),#3326,#392);
#273=OVER_RIDING_STYLED_ITEM('',(#644),#3327,#392);
#274=OVER_RIDING_STYLED_ITEM('',(#645),#3328,#392);
#275=OVER_RIDING_STYLED_ITEM('',(#646),#3329,#392);
#276=OVER_RIDING_STYLED_ITEM('',(#647),#3330,#392);
#277=OVER_RIDING_STYLED_ITEM('',(#648),#3331,#392);
#278=OVER_RIDING_STYLED_ITEM('',(#649),#3332,#392);
#279=OVER_RIDING_STYLED_ITEM('',(#650),#3333,#392);
#280=OVER_RIDING_STYLED_ITEM('',(#651),#3334,#392);
#281=OVER_RIDING_STYLED_ITEM('',(#652),#3335,#392);
#282=OVER_RIDING_STYLED_ITEM('',(#653),#3336,#392);
#283=OVER_RIDING_STYLED_ITEM('',(#654),#3337,#392);
#284=OVER_RIDING_STYLED_ITEM('',(#655),#3338,#392);
#285=OVER_RIDING_STYLED_ITEM('',(#656),#3339,#392);
#286=OVER_RIDING_STYLED_ITEM('',(#657),#3340,#392);
#287=OVER_RIDING_STYLED_ITEM('',(#658),#3341,#392);
#288=OVER_RIDING_STYLED_ITEM('',(#659),#3342,#392);
#289=OVER_RIDING_STYLED_ITEM('',(#660),#3343,#392);
#290=OVER_RIDING_STYLED_ITEM('',(#661),#3344,#392);
#291=OVER_RIDING_STYLED_ITEM('',(#662),#3345,#392);
#292=OVER_RIDING_STYLED_ITEM('',(#663),#3346,#392);
#293=OVER_RIDING_STYLED_ITEM('',(#664),#3347,#392);
#294=OVER_RIDING_STYLED_ITEM('',(#665),#3348,#392);
#295=OVER_RIDING_STYLED_ITEM('',(#666),#3349,#392);
#296=OVER_RIDING_STYLED_ITEM('',(#667),#3350,#392);
#297=OVER_RIDING_STYLED_ITEM('',(#668),#3351,#392);
#298=OVER_RIDING_STYLED_ITEM('',(#669),#3352,#392);
#299=OVER_RIDING_STYLED_ITEM('',(#670),#3353,#392);
#300=OVER_RIDING_STYLED_ITEM('',(#671),#3354,#392);
#301=OVER_RIDING_STYLED_ITEM('',(#672),#3355,#392);
#302=OVER_RIDING_STYLED_ITEM('',(#673),#3356,#392);
#303=OVER_RIDING_STYLED_ITEM('',(#674),#3357,#392);
#304=OVER_RIDING_STYLED_ITEM('',(#675),#3358,#392);
#305=OVER_RIDING_STYLED_ITEM('',(#676),#3359,#392);
#306=OVER_RIDING_STYLED_ITEM('',(#677),#3360,#392);
#307=OVER_RIDING_STYLED_ITEM('',(#678),#3361,#392);
#308=OVER_RIDING_STYLED_ITEM('',(#679),#3362,#392);
#309=OVER_RIDING_STYLED_ITEM('',(#680),#3363,#392);
#310=OVER_RIDING_STYLED_ITEM('',(#681),#3364,#392);
#311=OVER_RIDING_STYLED_ITEM('',(#682),#3365,#392);
#312=OVER_RIDING_STYLED_ITEM('',(#683),#3366,#392);
#313=OVER_RIDING_STYLED_ITEM('',(#684),#3367,#392);
#314=OVER_RIDING_STYLED_ITEM('',(#685),#3368,#392);
#315=OVER_RIDING_STYLED_ITEM('',(#686),#3369,#392);
#316=OVER_RIDING_STYLED_ITEM('',(#687),#3370,#392);
#317=OVER_RIDING_STYLED_ITEM('',(#688),#3371,#392);
#318=OVER_RIDING_STYLED_ITEM('',(#689),#3372,#392);
#319=OVER_RIDING_STYLED_ITEM('',(#690),#3373,#392);
#320=OVER_RIDING_STYLED_ITEM('',(#691),#3374,#392);
#321=OVER_RIDING_STYLED_ITEM('',(#692),#3375,#392);
#322=OVER_RIDING_STYLED_ITEM('',(#693),#3376,#392);
#323=OVER_RIDING_STYLED_ITEM('',(#694),#3503,#392);
#324=OVER_RIDING_STYLED_ITEM('',(#695),#3504,#392);
#325=OVER_RIDING_STYLED_ITEM('',(#696),#3505,#392);
#326=OVER_RIDING_STYLED_ITEM('',(#697),#3506,#392);
#327=OVER_RIDING_STYLED_ITEM('',(#698),#3507,#392);
#328=OVER_RIDING_STYLED_ITEM('',(#699),#3508,#392);
#329=OVER_RIDING_STYLED_ITEM('',(#700),#3509,#392);
#330=OVER_RIDING_STYLED_ITEM('',(#701),#3510,#392);
#331=OVER_RIDING_STYLED_ITEM('',(#702),#3511,#392);
#332=OVER_RIDING_STYLED_ITEM('',(#703),#3512,#392);
#333=OVER_RIDING_STYLED_ITEM('',(#704),#3513,#392);
#334=OVER_RIDING_STYLED_ITEM('',(#705),#3514,#392);
#335=OVER_RIDING_STYLED_ITEM('',(#706),#3515,#392);
#336=OVER_RIDING_STYLED_ITEM('',(#707),#3516,#392);
#337=OVER_RIDING_STYLED_ITEM('',(#708),#3517,#392);
#338=OVER_RIDING_STYLED_ITEM('',(#709),#3518,#392);
#339=OVER_RIDING_STYLED_ITEM('',(#710),#3519,#392);
#340=OVER_RIDING_STYLED_ITEM('',(#711),#3520,#392);
#341=OVER_RIDING_STYLED_ITEM('',(#712),#3521,#392);
#342=OVER_RIDING_STYLED_ITEM('',(#713),#3522,#392);
#343=OVER_RIDING_STYLED_ITEM('',(#714),#3523,#392);
#344=OVER_RIDING_STYLED_ITEM('',(#715),#3524,#392);
#345=OVER_RIDING_STYLED_ITEM('',(#716),#3525,#392);
#346=OVER_RIDING_STYLED_ITEM('',(#717),#3526,#392);
#347=OVER_RIDING_STYLED_ITEM('',(#718),#3527,#392);
#348=OVER_RIDING_STYLED_ITEM('',(#719),#3528,#392);
#349=OVER_RIDING_STYLED_ITEM('',(#720),#3529,#392);
#350=OVER_RIDING_STYLED_ITEM('',(#721),#3530,#392);
#351=OVER_RIDING_STYLED_ITEM('',(#722),#3531,#392);
#352=OVER_RIDING_STYLED_ITEM('',(#723),#3532,#392);
#353=OVER_RIDING_STYLED_ITEM('',(#724),#3533,#392);
#354=OVER_RIDING_STYLED_ITEM('',(#725),#3534,#392);
#355=OVER_RIDING_STYLED_ITEM('',(#726),#3535,#392);
#356=OVER_RIDING_STYLED_ITEM('',(#727),#3536,#392);
#357=OVER_RIDING_STYLED_ITEM('',(#728),#3537,#392);
#358=OVER_RIDING_STYLED_ITEM('',(#729),#3538,#392);
#359=OVER_RIDING_STYLED_ITEM('',(#730),#3539,#392);
#360=OVER_RIDING_STYLED_ITEM('',(#731),#3540,#392);
#361=OVER_RIDING_STYLED_ITEM('',(#732),#3541,#392);
#362=OVER_RIDING_STYLED_ITEM('',(#733),#3542,#392);
#363=OVER_RIDING_STYLED_ITEM('',(#734),#3543,#392);
#364=OVER_RIDING_STYLED_ITEM('',(#735),#3544,#392);
#365=OVER_RIDING_STYLED_ITEM('',(#736),#3545,#392);
#366=OVER_RIDING_STYLED_ITEM('',(#737),#3546,#392);
#367=OVER_RIDING_STYLED_ITEM('',(#738),#3547,#392);
#368=OVER_RIDING_STYLED_ITEM('',(#739),#3548,#392);
#369=OVER_RIDING_STYLED_ITEM('',(#740),#3549,#392);
#370=OVER_RIDING_STYLED_ITEM('',(#741),#3550,#392);
#371=OVER_RIDING_STYLED_ITEM('',(#742),#3551,#392);
#372=OVER_RIDING_STYLED_ITEM('',(#743),#3552,#392);
#373=OVER_RIDING_STYLED_ITEM('',(#744),#3553,#392);
#374=OVER_RIDING_STYLED_ITEM('',(#745),#3554,#392);
#375=OVER_RIDING_STYLED_ITEM('',(#746),#3555,#392);
#376=OVER_RIDING_STYLED_ITEM('',(#747),#3556,#392);
#377=OVER_RIDING_STYLED_ITEM('',(#748),#3557,#392);
#378=OVER_RIDING_STYLED_ITEM('',(#749),#3558,#392);
#379=OVER_RIDING_STYLED_ITEM('',(#750),#3559,#392);
#380=OVER_RIDING_STYLED_ITEM('',(#751),#3560,#392);
#381=OVER_RIDING_STYLED_ITEM('',(#752),#3561,#392);
#382=OVER_RIDING_STYLED_ITEM('',(#753),#3562,#392);
#383=OVER_RIDING_STYLED_ITEM('',(#754),#3563,#392);
#384=OVER_RIDING_STYLED_ITEM('',(#755),#3564,#392);
#385=OVER_RIDING_STYLED_ITEM('',(#756),#3565,#392);
#386=OVER_RIDING_STYLED_ITEM('',(#757),#3566,#392);
#387=OVER_RIDING_STYLED_ITEM('',(#758),#3567,#392);
#388=OVER_RIDING_STYLED_ITEM('',(#759),#3568,#392);
#389=OVER_RIDING_STYLED_ITEM('',(#760),#3569,#392);
#390=OVER_RIDING_STYLED_ITEM('',(#761),#3570,#392);
#391=PRESENTATION_LAYER_ASSIGNMENT('1','Layer 1',(#2609));
#392=STYLED_ITEM('',(#393),#2609);
#393=PRESENTATION_STYLE_ASSIGNMENT((#762));
#394=PRESENTATION_STYLE_ASSIGNMENT((#763));
#395=PRESENTATION_STYLE_ASSIGNMENT((#764));
#396=PRESENTATION_STYLE_ASSIGNMENT((#765));
#397=PRESENTATION_STYLE_ASSIGNMENT((#766));
#398=PRESENTATION_STYLE_ASSIGNMENT((#767));
#399=PRESENTATION_STYLE_ASSIGNMENT((#768));
#400=PRESENTATION_STYLE_ASSIGNMENT((#769));
#401=PRESENTATION_STYLE_ASSIGNMENT((#770));
#402=PRESENTATION_STYLE_ASSIGNMENT((#771));
#403=PRESENTATION_STYLE_ASSIGNMENT((#772));
#404=PRESENTATION_STYLE_ASSIGNMENT((#773));
#405=PRESENTATION_STYLE_ASSIGNMENT((#774));
#406=PRESENTATION_STYLE_ASSIGNMENT((#775));
#407=PRESENTATION_STYLE_ASSIGNMENT((#776));
#408=PRESENTATION_STYLE_ASSIGNMENT((#777));
#409=PRESENTATION_STYLE_ASSIGNMENT((#778));
#410=PRESENTATION_STYLE_ASSIGNMENT((#779));
#411=PRESENTATION_STYLE_ASSIGNMENT((#780));
#412=PRESENTATION_STYLE_ASSIGNMENT((#781));
#413=PRESENTATION_STYLE_ASSIGNMENT((#782));
#414=PRESENTATION_STYLE_ASSIGNMENT((#783));
#415=PRESENTATION_STYLE_ASSIGNMENT((#784));
#416=PRESENTATION_STYLE_ASSIGNMENT((#785));
#417=PRESENTATION_STYLE_ASSIGNMENT((#786));
#418=PRESENTATION_STYLE_ASSIGNMENT((#787));
#419=PRESENTATION_STYLE_ASSIGNMENT((#788));
#420=PRESENTATION_STYLE_ASSIGNMENT((#789));
#421=PRESENTATION_STYLE_ASSIGNMENT((#790));
#422=PRESENTATION_STYLE_ASSIGNMENT((#791));
#423=PRESENTATION_STYLE_ASSIGNMENT((#792));
#424=PRESENTATION_STYLE_ASSIGNMENT((#793));
#425=PRESENTATION_STYLE_ASSIGNMENT((#794));
#426=PRESENTATION_STYLE_ASSIGNMENT((#795));
#427=PRESENTATION_STYLE_ASSIGNMENT((#796));
#428=PRESENTATION_STYLE_ASSIGNMENT((#797));
#429=PRESENTATION_STYLE_ASSIGNMENT((#798));
#430=PRESENTATION_STYLE_ASSIGNMENT((#799));
#431=PRESENTATION_STYLE_ASSIGNMENT((#800));
#432=PRESENTATION_STYLE_ASSIGNMENT((#801));
#433=PRESENTATION_STYLE_ASSIGNMENT((#802));
#434=PRESENTATION_STYLE_ASSIGNMENT((#803));
#435=PRESENTATION_STYLE_ASSIGNMENT((#804));
#436=PRESENTATION_STYLE_ASSIGNMENT((#805));
#437=PRESENTATION_STYLE_ASSIGNMENT((#806));
#438=PRESENTATION_STYLE_ASSIGNMENT((#807));
#439=PRESENTATION_STYLE_ASSIGNMENT((#808));
#440=PRESENTATION_STYLE_ASSIGNMENT((#809));
#441=PRESENTATION_STYLE_ASSIGNMENT((#810));
#442=PRESENTATION_STYLE_ASSIGNMENT((#811));
#443=PRESENTATION_STYLE_ASSIGNMENT((#812));
#444=PRESENTATION_STYLE_ASSIGNMENT((#813));
#445=PRESENTATION_STYLE_ASSIGNMENT((#814));
#446=PRESENTATION_STYLE_ASSIGNMENT((#815));
#447=PRESENTATION_STYLE_ASSIGNMENT((#816));
#448=PRESENTATION_STYLE_ASSIGNMENT((#817));
#449=PRESENTATION_STYLE_ASSIGNMENT((#818));
#450=PRESENTATION_STYLE_ASSIGNMENT((#819));
#451=PRESENTATION_STYLE_ASSIGNMENT((#820));
#452=PRESENTATION_STYLE_ASSIGNMENT((#821));
#453=PRESENTATION_STYLE_ASSIGNMENT((#822));
#454=PRESENTATION_STYLE_ASSIGNMENT((#823));
#455=PRESENTATION_STYLE_ASSIGNMENT((#824));
#456=PRESENTATION_STYLE_ASSIGNMENT((#825));
#457=PRESENTATION_STYLE_ASSIGNMENT((#826));
#458=PRESENTATION_STYLE_ASSIGNMENT((#827));
#459=PRESENTATION_STYLE_ASSIGNMENT((#828));
#460=PRESENTATION_STYLE_ASSIGNMENT((#829));
#461=PRESENTATION_STYLE_ASSIGNMENT((#830));
#462=PRESENTATION_STYLE_ASSIGNMENT((#831));
#463=PRESENTATION_STYLE_ASSIGNMENT((#832));
#464=PRESENTATION_STYLE_ASSIGNMENT((#833));
#465=PRESENTATION_STYLE_ASSIGNMENT((#834));
#466=PRESENTATION_STYLE_ASSIGNMENT((#835));
#467=PRESENTATION_STYLE_ASSIGNMENT((#836));
#468=PRESENTATION_STYLE_ASSIGNMENT((#837));
#469=PRESENTATION_STYLE_ASSIGNMENT((#838));
#470=PRESENTATION_STYLE_ASSIGNMENT((#839));
#471=PRESENTATION_STYLE_ASSIGNMENT((#840));
#472=PRESENTATION_STYLE_ASSIGNMENT((#841));
#473=PRESENTATION_STYLE_ASSIGNMENT((#842));
#474=PRESENTATION_STYLE_ASSIGNMENT((#843));
#475=PRESENTATION_STYLE_ASSIGNMENT((#844));
#476=PRESENTATION_STYLE_ASSIGNMENT((#845));
#477=PRESENTATION_STYLE_ASSIGNMENT((#846));
#478=PRESENTATION_STYLE_ASSIGNMENT((#847));
#479=PRESENTATION_STYLE_ASSIGNMENT((#848));
#480=PRESENTATION_STYLE_ASSIGNMENT((#849));
#481=PRESENTATION_STYLE_ASSIGNMENT((#850));
#482=PRESENTATION_STYLE_ASSIGNMENT((#851));
#483=PRESENTATION_STYLE_ASSIGNMENT((#852));
#484=PRESENTATION_STYLE_ASSIGNMENT((#853));
#485=PRESENTATION_STYLE_ASSIGNMENT((#854));
#486=PRESENTATION_STYLE_ASSIGNMENT((#855));
#487=PRESENTATION_STYLE_ASSIGNMENT((#856));
#488=PRESENTATION_STYLE_ASSIGNMENT((#857));
#489=PRESENTATION_STYLE_ASSIGNMENT((#858));
#490=PRESENTATION_STYLE_ASSIGNMENT((#859));
#491=PRESENTATION_STYLE_ASSIGNMENT((#860));
#492=PRESENTATION_STYLE_ASSIGNMENT((#861));
#493=PRESENTATION_STYLE_ASSIGNMENT((#862));
#494=PRESENTATION_STYLE_ASSIGNMENT((#863));
#495=PRESENTATION_STYLE_ASSIGNMENT((#864));
#496=PRESENTATION_STYLE_ASSIGNMENT((#865));
#497=PRESENTATION_STYLE_ASSIGNMENT((#866));
#498=PRESENTATION_STYLE_ASSIGNMENT((#867));
#499=PRESENTATION_STYLE_ASSIGNMENT((#868));
#500=PRESENTATION_STYLE_ASSIGNMENT((#869));
#501=PRESENTATION_STYLE_ASSIGNMENT((#870));
#502=PRESENTATION_STYLE_ASSIGNMENT((#871));
#503=PRESENTATION_STYLE_ASSIGNMENT((#872));
#504=PRESENTATION_STYLE_ASSIGNMENT((#873));
#505=PRESENTATION_STYLE_ASSIGNMENT((#874));
#506=PRESENTATION_STYLE_ASSIGNMENT((#875));
#507=PRESENTATION_STYLE_ASSIGNMENT((#876));
#508=PRESENTATION_STYLE_ASSIGNMENT((#877));
#509=PRESENTATION_STYLE_ASSIGNMENT((#878));
#510=PRESENTATION_STYLE_ASSIGNMENT((#879));
#511=PRESENTATION_STYLE_ASSIGNMENT((#880));
#512=PRESENTATION_STYLE_ASSIGNMENT((#881));
#513=PRESENTATION_STYLE_ASSIGNMENT((#882));
#514=PRESENTATION_STYLE_ASSIGNMENT((#883));
#515=PRESENTATION_STYLE_ASSIGNMENT((#884));
#516=PRESENTATION_STYLE_ASSIGNMENT((#885));
#517=PRESENTATION_STYLE_ASSIGNMENT((#886));
#518=PRESENTATION_STYLE_ASSIGNMENT((#887));
#519=PRESENTATION_STYLE_ASSIGNMENT((#888));
#520=PRESENTATION_STYLE_ASSIGNMENT((#889));
#521=PRESENTATION_STYLE_ASSIGNMENT((#890));
#522=PRESENTATION_STYLE_ASSIGNMENT((#891));
#523=PRESENTATION_STYLE_ASSIGNMENT((#892));
#524=PRESENTATION_STYLE_ASSIGNMENT((#893));
#525=PRESENTATION_STYLE_ASSIGNMENT((#894));
#526=PRESENTATION_STYLE_ASSIGNMENT((#895));
#527=PRESENTATION_STYLE_ASSIGNMENT((#896));
#528=PRESENTATION_STYLE_ASSIGNMENT((#897));
#529=PRESENTATION_STYLE_ASSIGNMENT((#898));
#530=PRESENTATION_STYLE_ASSIGNMENT((#899));
#531=PRESENTATION_STYLE_ASSIGNMENT((#900));
#532=PRESENTATION_STYLE_ASSIGNMENT((#901));
#533=PRESENTATION_STYLE_ASSIGNMENT((#902));
#534=PRESENTATION_STYLE_ASSIGNMENT((#903));
#535=PRESENTATION_STYLE_ASSIGNMENT((#904));
#536=PRESENTATION_STYLE_ASSIGNMENT((#905));
#537=PRESENTATION_STYLE_ASSIGNMENT((#906));
#538=PRESENTATION_STYLE_ASSIGNMENT((#907));
#539=PRESENTATION_STYLE_ASSIGNMENT((#908));
#540=PRESENTATION_STYLE_ASSIGNMENT((#909));
#541=PRESENTATION_STYLE_ASSIGNMENT((#910));
#542=PRESENTATION_STYLE_ASSIGNMENT((#911));
#543=PRESENTATION_STYLE_ASSIGNMENT((#912));
#544=PRESENTATION_STYLE_ASSIGNMENT((#913));
#545=PRESENTATION_STYLE_ASSIGNMENT((#914));
#546=PRESENTATION_STYLE_ASSIGNMENT((#915));
#547=PRESENTATION_STYLE_ASSIGNMENT((#916));
#548=PRESENTATION_STYLE_ASSIGNMENT((#917));
#549=PRESENTATION_STYLE_ASSIGNMENT((#918));
#550=PRESENTATION_STYLE_ASSIGNMENT((#919));
#551=PRESENTATION_STYLE_ASSIGNMENT((#920));
#552=PRESENTATION_STYLE_ASSIGNMENT((#921));
#553=PRESENTATION_STYLE_ASSIGNMENT((#922));
#554=PRESENTATION_STYLE_ASSIGNMENT((#923));
#555=PRESENTATION_STYLE_ASSIGNMENT((#924));
#556=PRESENTATION_STYLE_ASSIGNMENT((#925));
#557=PRESENTATION_STYLE_ASSIGNMENT((#926));
#558=PRESENTATION_STYLE_ASSIGNMENT((#927));
#559=PRESENTATION_STYLE_ASSIGNMENT((#928));
#560=PRESENTATION_STYLE_ASSIGNMENT((#929));
#561=PRESENTATION_STYLE_ASSIGNMENT((#930));
#562=PRESENTATION_STYLE_ASSIGNMENT((#931));
#563=PRESENTATION_STYLE_ASSIGNMENT((#932));
#564=PRESENTATION_STYLE_ASSIGNMENT((#933));
#565=PRESENTATION_STYLE_ASSIGNMENT((#934));
#566=PRESENTATION_STYLE_ASSIGNMENT((#935));
#567=PRESENTATION_STYLE_ASSIGNMENT((#936));
#568=PRESENTATION_STYLE_ASSIGNMENT((#937));
#569=PRESENTATION_STYLE_ASSIGNMENT((#938));
#570=PRESENTATION_STYLE_ASSIGNMENT((#939));
#571=PRESENTATION_STYLE_ASSIGNMENT((#940));
#572=PRESENTATION_STYLE_ASSIGNMENT((#941));
#573=PRESENTATION_STYLE_ASSIGNMENT((#942));
#574=PRESENTATION_STYLE_ASSIGNMENT((#943));
#575=PRESENTATION_STYLE_ASSIGNMENT((#944));
#576=PRESENTATION_STYLE_ASSIGNMENT((#945));
#577=PRESENTATION_STYLE_ASSIGNMENT((#946));
#578=PRESENTATION_STYLE_ASSIGNMENT((#947));
#579=PRESENTATION_STYLE_ASSIGNMENT((#948));
#580=PRESENTATION_STYLE_ASSIGNMENT((#949));
#581=PRESENTATION_STYLE_ASSIGNMENT((#950));
#582=PRESENTATION_STYLE_ASSIGNMENT((#951));
#583=PRESENTATION_STYLE_ASSIGNMENT((#952));
#584=PRESENTATION_STYLE_ASSIGNMENT((#953));
#585=PRESENTATION_STYLE_ASSIGNMENT((#954));
#586=PRESENTATION_STYLE_ASSIGNMENT((#955));
#587=PRESENTATION_STYLE_ASSIGNMENT((#956));
#588=PRESENTATION_STYLE_ASSIGNMENT((#957));
#589=PRESENTATION_STYLE_ASSIGNMENT((#958));
#590=PRESENTATION_STYLE_ASSIGNMENT((#959));
#591=PRESENTATION_STYLE_ASSIGNMENT((#960));
#592=PRESENTATION_STYLE_ASSIGNMENT((#961));
#593=PRESENTATION_STYLE_ASSIGNMENT((#962));
#594=PRESENTATION_STYLE_ASSIGNMENT((#963));
#595=PRESENTATION_STYLE_ASSIGNMENT((#964));
#596=PRESENTATION_STYLE_ASSIGNMENT((#965));
#597=PRESENTATION_STYLE_ASSIGNMENT((#966));
#598=PRESENTATION_STYLE_ASSIGNMENT((#967));
#599=PRESENTATION_STYLE_ASSIGNMENT((#968));
#600=PRESENTATION_STYLE_ASSIGNMENT((#969));
#601=PRESENTATION_STYLE_ASSIGNMENT((#970));
#602=PRESENTATION_STYLE_ASSIGNMENT((#971));
#603=PRESENTATION_STYLE_ASSIGNMENT((#972));
#604=PRESENTATION_STYLE_ASSIGNMENT((#973));
#605=PRESENTATION_STYLE_ASSIGNMENT((#974));
#606=PRESENTATION_STYLE_ASSIGNMENT((#975));
#607=PRESENTATION_STYLE_ASSIGNMENT((#976));
#608=PRESENTATION_STYLE_ASSIGNMENT((#977));
#609=PRESENTATION_STYLE_ASSIGNMENT((#978));
#610=PRESENTATION_STYLE_ASSIGNMENT((#979));
#611=PRESENTATION_STYLE_ASSIGNMENT((#980));
#612=PRESENTATION_STYLE_ASSIGNMENT((#981));
#613=PRESENTATION_STYLE_ASSIGNMENT((#982));
#614=PRESENTATION_STYLE_ASSIGNMENT((#983));
#615=PRESENTATION_STYLE_ASSIGNMENT((#984));
#616=PRESENTATION_STYLE_ASSIGNMENT((#985));
#617=PRESENTATION_STYLE_ASSIGNMENT((#986));
#618=PRESENTATION_STYLE_ASSIGNMENT((#987));
#619=PRESENTATION_STYLE_ASSIGNMENT((#988));
#620=PRESENTATION_STYLE_ASSIGNMENT((#989));
#621=PRESENTATION_STYLE_ASSIGNMENT((#990));
#622=PRESENTATION_STYLE_ASSIGNMENT((#991));
#623=PRESENTATION_STYLE_ASSIGNMENT((#992));
#624=PRESENTATION_STYLE_ASSIGNMENT((#993));
#625=PRESENTATION_STYLE_ASSIGNMENT((#994));
#626=PRESENTATION_STYLE_ASSIGNMENT((#995));
#627=PRESENTATION_STYLE_ASSIGNMENT((#996));
#628=PRESENTATION_STYLE_ASSIGNMENT((#997));
#629=PRESENTATION_STYLE_ASSIGNMENT((#998));
#630=PRESENTATION_STYLE_ASSIGNMENT((#999));
#631=PRESENTATION_STYLE_ASSIGNMENT((#1000));
#632=PRESENTATION_STYLE_ASSIGNMENT((#1001));
#633=PRESENTATION_STYLE_ASSIGNMENT((#1002));
#634=PRESENTATION_STYLE_ASSIGNMENT((#1003));
#635=PRESENTATION_STYLE_ASSIGNMENT((#1004));
#636=PRESENTATION_STYLE_ASSIGNMENT((#1005));
#637=PRESENTATION_STYLE_ASSIGNMENT((#1006));
#638=PRESENTATION_STYLE_ASSIGNMENT((#1007));
#639=PRESENTATION_STYLE_ASSIGNMENT((#1008));
#640=PRESENTATION_STYLE_ASSIGNMENT((#1009));
#641=PRESENTATION_STYLE_ASSIGNMENT((#1010));
#642=PRESENTATION_STYLE_ASSIGNMENT((#1011));
#643=PRESENTATION_STYLE_ASSIGNMENT((#1012));
#644=PRESENTATION_STYLE_ASSIGNMENT((#1013));
#645=PRESENTATION_STYLE_ASSIGNMENT((#1014));
#646=PRESENTATION_STYLE_ASSIGNMENT((#1015));
#647=PRESENTATION_STYLE_ASSIGNMENT((#1016));
#648=PRESENTATION_STYLE_ASSIGNMENT((#1017));
#649=PRESENTATION_STYLE_ASSIGNMENT((#1018));
#650=PRESENTATION_STYLE_ASSIGNMENT((#1019));
#651=PRESENTATION_STYLE_ASSIGNMENT((#1020));
#652=PRESENTATION_STYLE_ASSIGNMENT((#1021));
#653=PRESENTATION_STYLE_ASSIGNMENT((#1022));
#654=PRESENTATION_STYLE_ASSIGNMENT((#1023));
#655=PRESENTATION_STYLE_ASSIGNMENT((#1024));
#656=PRESENTATION_STYLE_ASSIGNMENT((#1025));
#657=PRESENTATION_STYLE_ASSIGNMENT((#1026));
#658=PRESENTATION_STYLE_ASSIGNMENT((#1027));
#659=PRESENTATION_STYLE_ASSIGNMENT((#1028));
#660=PRESENTATION_STYLE_ASSIGNMENT((#1029));
#661=PRESENTATION_STYLE_ASSIGNMENT((#1030));
#662=PRESENTATION_STYLE_ASSIGNMENT((#1031));
#663=PRESENTATION_STYLE_ASSIGNMENT((#1032));
#664=PRESENTATION_STYLE_ASSIGNMENT((#1033));
#665=PRESENTATION_STYLE_ASSIGNMENT((#1034));
#666=PRESENTATION_STYLE_ASSIGNMENT((#1035));
#667=PRESENTATION_STYLE_ASSIGNMENT((#1036));
#668=PRESENTATION_STYLE_ASSIGNMENT((#1037));
#669=PRESENTATION_STYLE_ASSIGNMENT((#1038));
#670=PRESENTATION_STYLE_ASSIGNMENT((#1039));
#671=PRESENTATION_STYLE_ASSIGNMENT((#1040));
#672=PRESENTATION_STYLE_ASSIGNMENT((#1041));
#673=PRESENTATION_STYLE_ASSIGNMENT((#1042));
#674=PRESENTATION_STYLE_ASSIGNMENT((#1043));
#675=PRESENTATION_STYLE_ASSIGNMENT((#1044));
#676=PRESENTATION_STYLE_ASSIGNMENT((#1045));
#677=PRESENTATION_STYLE_ASSIGNMENT((#1046));
#678=PRESENTATION_STYLE_ASSIGNMENT((#1047));
#679=PRESENTATION_STYLE_ASSIGNMENT((#1048));
#680=PRESENTATION_STYLE_ASSIGNMENT((#1049));
#681=PRESENTATION_STYLE_ASSIGNMENT((#1050));
#682=PRESENTATION_STYLE_ASSIGNMENT((#1051));
#683=PRESENTATION_STYLE_ASSIGNMENT((#1052));
#684=PRESENTATION_STYLE_ASSIGNMENT((#1053));
#685=PRESENTATION_STYLE_ASSIGNMENT((#1054));
#686=PRESENTATION_STYLE_ASSIGNMENT((#1055));
#687=PRESENTATION_STYLE_ASSIGNMENT((#1056));
#688=PRESENTATION_STYLE_ASSIGNMENT((#1057));
#689=PRESENTATION_STYLE_ASSIGNMENT((#1058));
#690=PRESENTATION_STYLE_ASSIGNMENT((#1059));
#691=PRESENTATION_STYLE_ASSIGNMENT((#1060));
#692=PRESENTATION_STYLE_ASSIGNMENT((#1061));
#693=PRESENTATION_STYLE_ASSIGNMENT((#1062));
#694=PRESENTATION_STYLE_ASSIGNMENT((#1063));
#695=PRESENTATION_STYLE_ASSIGNMENT((#1064));
#696=PRESENTATION_STYLE_ASSIGNMENT((#1065));
#697=PRESENTATION_STYLE_ASSIGNMENT((#1066));
#698=PRESENTATION_STYLE_ASSIGNMENT((#1067));
#699=PRESENTATION_STYLE_ASSIGNMENT((#1068));
#700=PRESENTATION_STYLE_ASSIGNMENT((#1069));
#701=PRESENTATION_STYLE_ASSIGNMENT((#1070));
#702=PRESENTATION_STYLE_ASSIGNMENT((#1071));
#703=PRESENTATION_STYLE_ASSIGNMENT((#1072));
#704=PRESENTATION_STYLE_ASSIGNMENT((#1073));
#705=PRESENTATION_STYLE_ASSIGNMENT((#1074));
#706=PRESENTATION_STYLE_ASSIGNMENT((#1075));
#707=PRESENTATION_STYLE_ASSIGNMENT((#1076));
#708=PRESENTATION_STYLE_ASSIGNMENT((#1077));
#709=PRESENTATION_STYLE_ASSIGNMENT((#1078));
#710=PRESENTATION_STYLE_ASSIGNMENT((#1079));
#711=PRESENTATION_STYLE_ASSIGNMENT((#1080));
#712=PRESENTATION_STYLE_ASSIGNMENT((#1081));
#713=PRESENTATION_STYLE_ASSIGNMENT((#1082));
#714=PRESENTATION_STYLE_ASSIGNMENT((#1083));
#715=PRESENTATION_STYLE_ASSIGNMENT((#1084));
#716=PRESENTATION_STYLE_ASSIGNMENT((#1085));
#717=PRESENTATION_STYLE_ASSIGNMENT((#1086));
#718=PRESENTATION_STYLE_ASSIGNMENT((#1087));
#719=PRESENTATION_STYLE_ASSIGNMENT((#1088));
#720=PRESENTATION_STYLE_ASSIGNMENT((#1089));
#721=PRESENTATION_STYLE_ASSIGNMENT((#1090));
#722=PRESENTATION_STYLE_ASSIGNMENT((#1091));
#723=PRESENTATION_STYLE_ASSIGNMENT((#1092));
#724=PRESENTATION_STYLE_ASSIGNMENT((#1093));
#725=PRESENTATION_STYLE_ASSIGNMENT((#1094));
#726=PRESENTATION_STYLE_ASSIGNMENT((#1095));
#727=PRESENTATION_STYLE_ASSIGNMENT((#1096));
#728=PRESENTATION_STYLE_ASSIGNMENT((#1097));
#729=PRESENTATION_STYLE_ASSIGNMENT((#1098));
#730=PRESENTATION_STYLE_ASSIGNMENT((#1099));
#731=PRESENTATION_STYLE_ASSIGNMENT((#1100));
#732=PRESENTATION_STYLE_ASSIGNMENT((#1101));
#733=PRESENTATION_STYLE_ASSIGNMENT((#1102));
#734=PRESENTATION_STYLE_ASSIGNMENT((#1103));
#735=PRESENTATION_STYLE_ASSIGNMENT((#1104));
#736=PRESENTATION_STYLE_ASSIGNMENT((#1105));
#737=PRESENTATION_STYLE_ASSIGNMENT((#1106));
#738=PRESENTATION_STYLE_ASSIGNMENT((#1107));
#739=PRESENTATION_STYLE_ASSIGNMENT((#1108));
#740=PRESENTATION_STYLE_ASSIGNMENT((#1109));
#741=PRESENTATION_STYLE_ASSIGNMENT((#1110));
#742=PRESENTATION_STYLE_ASSIGNMENT((#1111));
#743=PRESENTATION_STYLE_ASSIGNMENT((#1112));
#744=PRESENTATION_STYLE_ASSIGNMENT((#1113));
#745=PRESENTATION_STYLE_ASSIGNMENT((#1114));
#746=PRESENTATION_STYLE_ASSIGNMENT((#1115));
#747=PRESENTATION_STYLE_ASSIGNMENT((#1116));
#748=PRESENTATION_STYLE_ASSIGNMENT((#1117));
#749=PRESENTATION_STYLE_ASSIGNMENT((#1118));
#750=PRESENTATION_STYLE_ASSIGNMENT((#1119));
#751=PRESENTATION_STYLE_ASSIGNMENT((#1120));
#752=PRESENTATION_STYLE_ASSIGNMENT((#1121));
#753=PRESENTATION_STYLE_ASSIGNMENT((#1122));
#754=PRESENTATION_STYLE_ASSIGNMENT((#1123));
#755=PRESENTATION_STYLE_ASSIGNMENT((#1124));
#756=PRESENTATION_STYLE_ASSIGNMENT((#1125));
#757=PRESENTATION_STYLE_ASSIGNMENT((#1126));
#758=PRESENTATION_STYLE_ASSIGNMENT((#1127));
#759=PRESENTATION_STYLE_ASSIGNMENT((#1128));
#760=PRESENTATION_STYLE_ASSIGNMENT((#1129));
#761=PRESENTATION_STYLE_ASSIGNMENT((#1130));
#762=SURFACE_STYLE_USAGE(.BOTH.,#1131);
#763=SURFACE_STYLE_USAGE(.BOTH.,#1132);
#764=SURFACE_STYLE_USAGE(.BOTH.,#1133);
#765=SURFACE_STYLE_USAGE(.BOTH.,#1134);
#766=SURFACE_STYLE_USAGE(.BOTH.,#1135);
#767=SURFACE_STYLE_USAGE(.BOTH.,#1136);
#768=SURFACE_STYLE_USAGE(.BOTH.,#1137);
#769=SURFACE_STYLE_USAGE(.BOTH.,#1138);
#770=SURFACE_STYLE_USAGE(.BOTH.,#1139);
#771=SURFACE_STYLE_USAGE(.BOTH.,#1140);
#772=SURFACE_STYLE_USAGE(.BOTH.,#1141);
#773=SURFACE_STYLE_USAGE(.BOTH.,#1142);
#774=SURFACE_STYLE_USAGE(.BOTH.,#1143);
#775=SURFACE_STYLE_USAGE(.BOTH.,#1144);
#776=SURFACE_STYLE_USAGE(.BOTH.,#1145);
#777=SURFACE_STYLE_USAGE(.BOTH.,#1146);
#778=SURFACE_STYLE_USAGE(.BOTH.,#1147);
#779=SURFACE_STYLE_USAGE(.BOTH.,#1148);
#780=SURFACE_STYLE_USAGE(.BOTH.,#1149);
#781=SURFACE_STYLE_USAGE(.BOTH.,#1150);
#782=SURFACE_STYLE_USAGE(.BOTH.,#1151);
#783=SURFACE_STYLE_USAGE(.BOTH.,#1152);
#784=SURFACE_STYLE_USAGE(.BOTH.,#1153);
#785=SURFACE_STYLE_USAGE(.BOTH.,#1154);
#786=SURFACE_STYLE_USAGE(.BOTH.,#1155);
#787=SURFACE_STYLE_USAGE(.BOTH.,#1156);
#788=SURFACE_STYLE_USAGE(.BOTH.,#1157);
#789=SURFACE_STYLE_USAGE(.BOTH.,#1158);
#790=SURFACE_STYLE_USAGE(.BOTH.,#1159);
#791=SURFACE_STYLE_USAGE(.BOTH.,#1160);
#792=SURFACE_STYLE_USAGE(.BOTH.,#1161);
#793=SURFACE_STYLE_USAGE(.BOTH.,#1162);
#794=SURFACE_STYLE_USAGE(.BOTH.,#1163);
#795=SURFACE_STYLE_USAGE(.BOTH.,#1164);
#796=SURFACE_STYLE_USAGE(.BOTH.,#1165);
#797=SURFACE_STYLE_USAGE(.BOTH.,#1166);
#798=SURFACE_STYLE_USAGE(.BOTH.,#1167);
#799=SURFACE_STYLE_USAGE(.BOTH.,#1168);
#800=SURFACE_STYLE_USAGE(.BOTH.,#1169);
#801=SURFACE_STYLE_USAGE(.BOTH.,#1170);
#802=SURFACE_STYLE_USAGE(.BOTH.,#1171);
#803=SURFACE_STYLE_USAGE(.BOTH.,#1172);
#804=SURFACE_STYLE_USAGE(.BOTH.,#1173);
#805=SURFACE_STYLE_USAGE(.BOTH.,#1174);
#806=SURFACE_STYLE_USAGE(.BOTH.,#1175);
#807=SURFACE_STYLE_USAGE(.BOTH.,#1176);
#808=SURFACE_STYLE_USAGE(.BOTH.,#1177);
#809=SURFACE_STYLE_USAGE(.BOTH.,#1178);
#810=SURFACE_STYLE_USAGE(.BOTH.,#1179);
#811=SURFACE_STYLE_USAGE(.BOTH.,#1180);
#812=SURFACE_STYLE_USAGE(.BOTH.,#1181);
#813=SURFACE_STYLE_USAGE(.BOTH.,#1182);
#814=SURFACE_STYLE_USAGE(.BOTH.,#1183);
#815=SURFACE_STYLE_USAGE(.BOTH.,#1184);
#816=SURFACE_STYLE_USAGE(.BOTH.,#1185);
#817=SURFACE_STYLE_USAGE(.BOTH.,#1186);
#818=SURFACE_STYLE_USAGE(.BOTH.,#1187);
#819=SURFACE_STYLE_USAGE(.BOTH.,#1188);
#820=SURFACE_STYLE_USAGE(.BOTH.,#1189);
#821=SURFACE_STYLE_USAGE(.BOTH.,#1190);
#822=SURFACE_STYLE_USAGE(.BOTH.,#1191);
#823=SURFACE_STYLE_USAGE(.BOTH.,#1192);
#824=SURFACE_STYLE_USAGE(.BOTH.,#1193);
#825=SURFACE_STYLE_USAGE(.BOTH.,#1194);
#826=SURFACE_STYLE_USAGE(.BOTH.,#1195);
#827=SURFACE_STYLE_USAGE(.BOTH.,#1196);
#828=SURFACE_STYLE_USAGE(.BOTH.,#1197);
#829=SURFACE_STYLE_USAGE(.BOTH.,#1198);
#830=SURFACE_STYLE_USAGE(.BOTH.,#1199);
#831=SURFACE_STYLE_USAGE(.BOTH.,#1200);
#832=SURFACE_STYLE_USAGE(.BOTH.,#1201);
#833=SURFACE_STYLE_USAGE(.BOTH.,#1202);
#834=SURFACE_STYLE_USAGE(.BOTH.,#1203);
#835=SURFACE_STYLE_USAGE(.BOTH.,#1204);
#836=SURFACE_STYLE_USAGE(.BOTH.,#1205);
#837=SURFACE_STYLE_USAGE(.BOTH.,#1206);
#838=SURFACE_STYLE_USAGE(.BOTH.,#1207);
#839=SURFACE_STYLE_USAGE(.BOTH.,#1208);
#840=SURFACE_STYLE_USAGE(.BOTH.,#1209);
#841=SURFACE_STYLE_USAGE(.BOTH.,#1210);
#842=SURFACE_STYLE_USAGE(.BOTH.,#1211);
#843=SURFACE_STYLE_USAGE(.BOTH.,#1212);
#844=SURFACE_STYLE_USAGE(.BOTH.,#1213);
#845=SURFACE_STYLE_USAGE(.BOTH.,#1214);
#846=SURFACE_STYLE_USAGE(.BOTH.,#1215);
#847=SURFACE_STYLE_USAGE(.BOTH.,#1216);
#848=SURFACE_STYLE_USAGE(.BOTH.,#1217);
#849=SURFACE_STYLE_USAGE(.BOTH.,#1218);
#850=SURFACE_STYLE_USAGE(.BOTH.,#1219);
#851=SURFACE_STYLE_USAGE(.BOTH.,#1220);
#852=SURFACE_STYLE_USAGE(.BOTH.,#1221);
#853=SURFACE_STYLE_USAGE(.BOTH.,#1222);
#854=SURFACE_STYLE_USAGE(.BOTH.,#1223);
#855=SURFACE_STYLE_USAGE(.BOTH.,#1224);
#856=SURFACE_STYLE_USAGE(.BOTH.,#1225);
#857=SURFACE_STYLE_USAGE(.BOTH.,#1226);
#858=SURFACE_STYLE_USAGE(.BOTH.,#1227);
#859=SURFACE_STYLE_USAGE(.BOTH.,#1228);
#860=SURFACE_STYLE_USAGE(.BOTH.,#1229);
#861=SURFACE_STYLE_USAGE(.BOTH.,#1230);
#862=SURFACE_STYLE_USAGE(.BOTH.,#1231);
#863=SURFACE_STYLE_USAGE(.BOTH.,#1232);
#864=SURFACE_STYLE_USAGE(.BOTH.,#1233);
#865=SURFACE_STYLE_USAGE(.BOTH.,#1234);
#866=SURFACE_STYLE_USAGE(.BOTH.,#1235);
#867=SURFACE_STYLE_USAGE(.BOTH.,#1236);
#868=SURFACE_STYLE_USAGE(.BOTH.,#1237);
#869=SURFACE_STYLE_USAGE(.BOTH.,#1238);
#870=SURFACE_STYLE_USAGE(.BOTH.,#1239);
#871=SURFACE_STYLE_USAGE(.BOTH.,#1240);
#872=SURFACE_STYLE_USAGE(.BOTH.,#1241);
#873=SURFACE_STYLE_USAGE(.BOTH.,#1242);
#874=SURFACE_STYLE_USAGE(.BOTH.,#1243);
#875=SURFACE_STYLE_USAGE(.BOTH.,#1244);
#876=SURFACE_STYLE_USAGE(.BOTH.,#1245);
#877=SURFACE_STYLE_USAGE(.BOTH.,#1246);
#878=SURFACE_STYLE_USAGE(.BOTH.,#1247);
#879=SURFACE_STYLE_USAGE(.BOTH.,#1248);
#880=SURFACE_STYLE_USAGE(.BOTH.,#1249);
#881=SURFACE_STYLE_USAGE(.BOTH.,#1250);
#882=SURFACE_STYLE_USAGE(.BOTH.,#1251);
#883=SURFACE_STYLE_USAGE(.BOTH.,#1252);
#884=SURFACE_STYLE_USAGE(.BOTH.,#1253);
#885=SURFACE_STYLE_USAGE(.BOTH.,#1254);
#886=SURFACE_STYLE_USAGE(.BOTH.,#1255);
#887=SURFACE_STYLE_USAGE(.BOTH.,#1256);
#888=SURFACE_STYLE_USAGE(.BOTH.,#1257);
#889=SURFACE_STYLE_USAGE(.BOTH.,#1258);
#890=SURFACE_STYLE_USAGE(.BOTH.,#1259);
#891=SURFACE_STYLE_USAGE(.BOTH.,#1260);
#892=SURFACE_STYLE_USAGE(.BOTH.,#1261);
#893=SURFACE_STYLE_USAGE(.BOTH.,#1262);
#894=SURFACE_STYLE_USAGE(.BOTH.,#1263);
#895=SURFACE_STYLE_USAGE(.BOTH.,#1264);
#896=SURFACE_STYLE_USAGE(.BOTH.,#1265);
#897=SURFACE_STYLE_USAGE(.BOTH.,#1266);
#898=SURFACE_STYLE_USAGE(.BOTH.,#1267);
#899=SURFACE_STYLE_USAGE(.BOTH.,#1268);
#900=SURFACE_STYLE_USAGE(.BOTH.,#1269);
#901=SURFACE_STYLE_USAGE(.BOTH.,#1270);
#902=SURFACE_STYLE_USAGE(.BOTH.,#1271);
#903=SURFACE_STYLE_USAGE(.BOTH.,#1272);
#904=SURFACE_STYLE_USAGE(.BOTH.,#1273);
#905=SURFACE_STYLE_USAGE(.BOTH.,#1274);
#906=SURFACE_STYLE_USAGE(.BOTH.,#1275);
#907=SURFACE_STYLE_USAGE(.BOTH.,#1276);
#908=SURFACE_STYLE_USAGE(.BOTH.,#1277);
#909=SURFACE_STYLE_USAGE(.BOTH.,#1278);
#910=SURFACE_STYLE_USAGE(.BOTH.,#1279);
#911=SURFACE_STYLE_USAGE(.BOTH.,#1280);
#912=SURFACE_STYLE_USAGE(.BOTH.,#1281);
#913=SURFACE_STYLE_USAGE(.BOTH.,#1282);
#914=SURFACE_STYLE_USAGE(.BOTH.,#1283);
#915=SURFACE_STYLE_USAGE(.BOTH.,#1284);
#916=SURFACE_STYLE_USAGE(.BOTH.,#1285);
#917=SURFACE_STYLE_USAGE(.BOTH.,#1286);
#918=SURFACE_STYLE_USAGE(.BOTH.,#1287);
#919=SURFACE_STYLE_USAGE(.BOTH.,#1288);
#920=SURFACE_STYLE_USAGE(.BOTH.,#1289);
#921=SURFACE_STYLE_USAGE(.BOTH.,#1290);
#922=SURFACE_STYLE_USAGE(.BOTH.,#1291);
#923=SURFACE_STYLE_USAGE(.BOTH.,#1292);
#924=SURFACE_STYLE_USAGE(.BOTH.,#1293);
#925=SURFACE_STYLE_USAGE(.BOTH.,#1294);
#926=SURFACE_STYLE_USAGE(.BOTH.,#1295);
#927=SURFACE_STYLE_USAGE(.BOTH.,#1296);
#928=SURFACE_STYLE_USAGE(.BOTH.,#1297);
#929=SURFACE_STYLE_USAGE(.BOTH.,#1298);
#930=SURFACE_STYLE_USAGE(.BOTH.,#1299);
#931=SURFACE_STYLE_USAGE(.BOTH.,#1300);
#932=SURFACE_STYLE_USAGE(.BOTH.,#1301);
#933=SURFACE_STYLE_USAGE(.BOTH.,#1302);
#934=SURFACE_STYLE_USAGE(.BOTH.,#1303);
#935=SURFACE_STYLE_USAGE(.BOTH.,#1304);
#936=SURFACE_STYLE_USAGE(.BOTH.,#1305);
#937=SURFACE_STYLE_USAGE(.BOTH.,#1306);
#938=SURFACE_STYLE_USAGE(.BOTH.,#1307);
#939=SURFACE_STYLE_USAGE(.BOTH.,#1308);
#940=SURFACE_STYLE_USAGE(.BOTH.,#1309);
#941=SURFACE_STYLE_USAGE(.BOTH.,#1310);
#942=SURFACE_STYLE_USAGE(.BOTH.,#1311);
#943=SURFACE_STYLE_USAGE(.BOTH.,#1312);
#944=SURFACE_STYLE_USAGE(.BOTH.,#1313);
#945=SURFACE_STYLE_USAGE(.BOTH.,#1314);
#946=SURFACE_STYLE_USAGE(.BOTH.,#1315);
#947=SURFACE_STYLE_USAGE(.BOTH.,#1316);
#948=SURFACE_STYLE_USAGE(.BOTH.,#1317);
#949=SURFACE_STYLE_USAGE(.BOTH.,#1318);
#950=SURFACE_STYLE_USAGE(.BOTH.,#1319);
#951=SURFACE_STYLE_USAGE(.BOTH.,#1320);
#952=SURFACE_STYLE_USAGE(.BOTH.,#1321);
#953=SURFACE_STYLE_USAGE(.BOTH.,#1322);
#954=SURFACE_STYLE_USAGE(.BOTH.,#1323);
#955=SURFACE_STYLE_USAGE(.BOTH.,#1324);
#956=SURFACE_STYLE_USAGE(.BOTH.,#1325);
#957=SURFACE_STYLE_USAGE(.BOTH.,#1326);
#958=SURFACE_STYLE_USAGE(.BOTH.,#1327);
#959=SURFACE_STYLE_USAGE(.BOTH.,#1328);
#960=SURFACE_STYLE_USAGE(.BOTH.,#1329);
#961=SURFACE_STYLE_USAGE(.BOTH.,#1330);
#962=SURFACE_STYLE_USAGE(.BOTH.,#1331);
#963=SURFACE_STYLE_USAGE(.BOTH.,#1332);
#964=SURFACE_STYLE_USAGE(.BOTH.,#1333);
#965=SURFACE_STYLE_USAGE(.BOTH.,#1334);
#966=SURFACE_STYLE_USAGE(.BOTH.,#1335);
#967=SURFACE_STYLE_USAGE(.BOTH.,#1336);
#968=SURFACE_STYLE_USAGE(.BOTH.,#1337);
#969=SURFACE_STYLE_USAGE(.BOTH.,#1338);
#970=SURFACE_STYLE_USAGE(.BOTH.,#1339);
#971=SURFACE_STYLE_USAGE(.BOTH.,#1340);
#972=SURFACE_STYLE_USAGE(.BOTH.,#1341);
#973=SURFACE_STYLE_USAGE(.BOTH.,#1342);
#974=SURFACE_STYLE_USAGE(.BOTH.,#1343);
#975=SURFACE_STYLE_USAGE(.BOTH.,#1344);
#976=SURFACE_STYLE_USAGE(.BOTH.,#1345);
#977=SURFACE_STYLE_USAGE(.BOTH.,#1346);
#978=SURFACE_STYLE_USAGE(.BOTH.,#1347);
#979=SURFACE_STYLE_USAGE(.BOTH.,#1348);
#980=SURFACE_STYLE_USAGE(.BOTH.,#1349);
#981=SURFACE_STYLE_USAGE(.BOTH.,#1350);
#982=SURFACE_STYLE_USAGE(.BOTH.,#1351);
#983=SURFACE_STYLE_USAGE(.BOTH.,#1352);
#984=SURFACE_STYLE_USAGE(.BOTH.,#1353);
#985=SURFACE_STYLE_USAGE(.BOTH.,#1354);
#986=SURFACE_STYLE_USAGE(.BOTH.,#1355);
#987=SURFACE_STYLE_USAGE(.BOTH.,#1356);
#988=SURFACE_STYLE_USAGE(.BOTH.,#1357);
#989=SURFACE_STYLE_USAGE(.BOTH.,#1358);
#990=SURFACE_STYLE_USAGE(.BOTH.,#1359);
#991=SURFACE_STYLE_USAGE(.BOTH.,#1360);
#992=SURFACE_STYLE_USAGE(.BOTH.,#1361);
#993=SURFACE_STYLE_USAGE(.BOTH.,#1362);
#994=SURFACE_STYLE_USAGE(.BOTH.,#1363);
#995=SURFACE_STYLE_USAGE(.BOTH.,#1364);
#996=SURFACE_STYLE_USAGE(.BOTH.,#1365);
#997=SURFACE_STYLE_USAGE(.BOTH.,#1366);
#998=SURFACE_STYLE_USAGE(.BOTH.,#1367);
#999=SURFACE_STYLE_USAGE(.BOTH.,#1368);
#1000=SURFACE_STYLE_USAGE(.BOTH.,#1369);
#1001=SURFACE_STYLE_USAGE(.BOTH.,#1370);
#1002=SURFACE_STYLE_USAGE(.BOTH.,#1371);
#1003=SURFACE_STYLE_USAGE(.BOTH.,#1372);
#1004=SURFACE_STYLE_USAGE(.BOTH.,#1373);
#1005=SURFACE_STYLE_USAGE(.BOTH.,#1374);
#1006=SURFACE_STYLE_USAGE(.BOTH.,#1375);
#1007=SURFACE_STYLE_USAGE(.BOTH.,#1376);
#1008=SURFACE_STYLE_USAGE(.BOTH.,#1377);
#1009=SURFACE_STYLE_USAGE(.BOTH.,#1378);
#1010=SURFACE_STYLE_USAGE(.BOTH.,#1379);
#1011=SURFACE_STYLE_USAGE(.BOTH.,#1380);
#1012=SURFACE_STYLE_USAGE(.BOTH.,#1381);
#1013=SURFACE_STYLE_USAGE(.BOTH.,#1382);
#1014=SURFACE_STYLE_USAGE(.BOTH.,#1383);
#1015=SURFACE_STYLE_USAGE(.BOTH.,#1384);
#1016=SURFACE_STYLE_USAGE(.BOTH.,#1385);
#1017=SURFACE_STYLE_USAGE(.BOTH.,#1386);
#1018=SURFACE_STYLE_USAGE(.BOTH.,#1387);
#1019=SURFACE_STYLE_USAGE(.BOTH.,#1388);
#1020=SURFACE_STYLE_USAGE(.BOTH.,#1389);
#1021=SURFACE_STYLE_USAGE(.BOTH.,#1390);
#1022=SURFACE_STYLE_USAGE(.BOTH.,#1391);
#1023=SURFACE_STYLE_USAGE(.BOTH.,#1392);
#1024=SURFACE_STYLE_USAGE(.BOTH.,#1393);
#1025=SURFACE_STYLE_USAGE(.BOTH.,#1394);
#1026=SURFACE_STYLE_USAGE(.BOTH.,#1395);
#1027=SURFACE_STYLE_USAGE(.BOTH.,#1396);
#1028=SURFACE_STYLE_USAGE(.BOTH.,#1397);
#1029=SURFACE_STYLE_USAGE(.BOTH.,#1398);
#1030=SURFACE_STYLE_USAGE(.BOTH.,#1399);
#1031=SURFACE_STYLE_USAGE(.BOTH.,#1400);
#1032=SURFACE_STYLE_USAGE(.BOTH.,#1401);
#1033=SURFACE_STYLE_USAGE(.BOTH.,#1402);
#1034=SURFACE_STYLE_USAGE(.BOTH.,#1403);
#1035=SURFACE_STYLE_USAGE(.BOTH.,#1404);
#1036=SURFACE_STYLE_USAGE(.BOTH.,#1405);
#1037=SURFACE_STYLE_USAGE(.BOTH.,#1406);
#1038=SURFACE_STYLE_USAGE(.BOTH.,#1407);
#1039=SURFACE_STYLE_USAGE(.BOTH.,#1408);
#1040=SURFACE_STYLE_USAGE(.BOTH.,#1409);
#1041=SURFACE_STYLE_USAGE(.BOTH.,#1410);
#1042=SURFACE_STYLE_USAGE(.BOTH.,#1411);
#1043=SURFACE_STYLE_USAGE(.BOTH.,#1412);
#1044=SURFACE_STYLE_USAGE(.BOTH.,#1413);
#1045=SURFACE_STYLE_USAGE(.BOTH.,#1414);
#1046=SURFACE_STYLE_USAGE(.BOTH.,#1415);
#1047=SURFACE_STYLE_USAGE(.BOTH.,#1416);
#1048=SURFACE_STYLE_USAGE(.BOTH.,#1417);
#1049=SURFACE_STYLE_USAGE(.BOTH.,#1418);
#1050=SURFACE_STYLE_USAGE(.BOTH.,#1419);
#1051=SURFACE_STYLE_USAGE(.BOTH.,#1420);
#1052=SURFACE_STYLE_USAGE(.BOTH.,#1421);
#1053=SURFACE_STYLE_USAGE(.BOTH.,#1422);
#1054=SURFACE_STYLE_USAGE(.BOTH.,#1423);
#1055=SURFACE_STYLE_USAGE(.BOTH.,#1424);
#1056=SURFACE_STYLE_USAGE(.BOTH.,#1425);
#1057=SURFACE_STYLE_USAGE(.BOTH.,#1426);
#1058=SURFACE_STYLE_USAGE(.BOTH.,#1427);
#1059=SURFACE_STYLE_USAGE(.BOTH.,#1428);
#1060=SURFACE_STYLE_USAGE(.BOTH.,#1429);
#1061=SURFACE_STYLE_USAGE(.BOTH.,#1430);
#1062=SURFACE_STYLE_USAGE(.BOTH.,#1431);
#1063=SURFACE_STYLE_USAGE(.BOTH.,#1432);
#1064=SURFACE_STYLE_USAGE(.BOTH.,#1433);
#1065=SURFACE_STYLE_USAGE(.BOTH.,#1434);
#1066=SURFACE_STYLE_USAGE(.BOTH.,#1435);
#1067=SURFACE_STYLE_USAGE(.BOTH.,#1436);
#1068=SURFACE_STYLE_USAGE(.BOTH.,#1437);
#1069=SURFACE_STYLE_USAGE(.BOTH.,#1438);
#1070=SURFACE_STYLE_USAGE(.BOTH.,#1439);
#1071=SURFACE_STYLE_USAGE(.BOTH.,#1440);
#1072=SURFACE_STYLE_USAGE(.BOTH.,#1441);
#1073=SURFACE_STYLE_USAGE(.BOTH.,#1442);
#1074=SURFACE_STYLE_USAGE(.BOTH.,#1443);
#1075=SURFACE_STYLE_USAGE(.BOTH.,#1444);
#1076=SURFACE_STYLE_USAGE(.BOTH.,#1445);
#1077=SURFACE_STYLE_USAGE(.BOTH.,#1446);
#1078=SURFACE_STYLE_USAGE(.BOTH.,#1447);
#1079=SURFACE_STYLE_USAGE(.BOTH.,#1448);
#1080=SURFACE_STYLE_USAGE(.BOTH.,#1449);
#1081=SURFACE_STYLE_USAGE(.BOTH.,#1450);
#1082=SURFACE_STYLE_USAGE(.BOTH.,#1451);
#1083=SURFACE_STYLE_USAGE(.BOTH.,#1452);
#1084=SURFACE_STYLE_USAGE(.BOTH.,#1453);
#1085=SURFACE_STYLE_USAGE(.BOTH.,#1454);
#1086=SURFACE_STYLE_USAGE(.BOTH.,#1455);
#1087=SURFACE_STYLE_USAGE(.BOTH.,#1456);
#1088=SURFACE_STYLE_USAGE(.BOTH.,#1457);
#1089=SURFACE_STYLE_USAGE(.BOTH.,#1458);
#1090=SURFACE_STYLE_USAGE(.BOTH.,#1459);
#1091=SURFACE_STYLE_USAGE(.BOTH.,#1460);
#1092=SURFACE_STYLE_USAGE(.BOTH.,#1461);
#1093=SURFACE_STYLE_USAGE(.BOTH.,#1462);
#1094=SURFACE_STYLE_USAGE(.BOTH.,#1463);
#1095=SURFACE_STYLE_USAGE(.BOTH.,#1464);
#1096=SURFACE_STYLE_USAGE(.BOTH.,#1465);
#1097=SURFACE_STYLE_USAGE(.BOTH.,#1466);
#1098=SURFACE_STYLE_USAGE(.BOTH.,#1467);
#1099=SURFACE_STYLE_USAGE(.BOTH.,#1468);
#1100=SURFACE_STYLE_USAGE(.BOTH.,#1469);
#1101=SURFACE_STYLE_USAGE(.BOTH.,#1470);
#1102=SURFACE_STYLE_USAGE(.BOTH.,#1471);
#1103=SURFACE_STYLE_USAGE(.BOTH.,#1472);
#1104=SURFACE_STYLE_USAGE(.BOTH.,#1473);
#1105=SURFACE_STYLE_USAGE(.BOTH.,#1474);
#1106=SURFACE_STYLE_USAGE(.BOTH.,#1475);
#1107=SURFACE_STYLE_USAGE(.BOTH.,#1476);
#1108=SURFACE_STYLE_USAGE(.BOTH.,#1477);
#1109=SURFACE_STYLE_USAGE(.BOTH.,#1478);
#1110=SURFACE_STYLE_USAGE(.BOTH.,#1479);
#1111=SURFACE_STYLE_USAGE(.BOTH.,#1480);
#1112=SURFACE_STYLE_USAGE(.BOTH.,#1481);
#1113=SURFACE_STYLE_USAGE(.BOTH.,#1482);
#1114=SURFACE_STYLE_USAGE(.BOTH.,#1483);
#1115=SURFACE_STYLE_USAGE(.BOTH.,#1484);
#1116=SURFACE_STYLE_USAGE(.BOTH.,#1485);
#1117=SURFACE_STYLE_USAGE(.BOTH.,#1486);
#1118=SURFACE_STYLE_USAGE(.BOTH.,#1487);
#1119=SURFACE_STYLE_USAGE(.BOTH.,#1488);
#1120=SURFACE_STYLE_USAGE(.BOTH.,#1489);
#1121=SURFACE_STYLE_USAGE(.BOTH.,#1490);
#1122=SURFACE_STYLE_USAGE(.BOTH.,#1491);
#1123=SURFACE_STYLE_USAGE(.BOTH.,#1492);
#1124=SURFACE_STYLE_USAGE(.BOTH.,#1493);
#1125=SURFACE_STYLE_USAGE(.BOTH.,#1494);
#1126=SURFACE_STYLE_USAGE(.BOTH.,#1495);
#1127=SURFACE_STYLE_USAGE(.BOTH.,#1496);
#1128=SURFACE_STYLE_USAGE(.BOTH.,#1497);
#1129=SURFACE_STYLE_USAGE(.BOTH.,#1498);
#1130=SURFACE_STYLE_USAGE(.BOTH.,#1499);
#1131=SURFACE_SIDE_STYLE('',(#1500));
#1132=SURFACE_SIDE_STYLE('',(#1501));
#1133=SURFACE_SIDE_STYLE('',(#1502));
#1134=SURFACE_SIDE_STYLE('',(#1503));
#1135=SURFACE_SIDE_STYLE('',(#1504));
#1136=SURFACE_SIDE_STYLE('',(#1505));
#1137=SURFACE_SIDE_STYLE('',(#1506));
#1138=SURFACE_SIDE_STYLE('',(#1507));
#1139=SURFACE_SIDE_STYLE('',(#1508));
#1140=SURFACE_SIDE_STYLE('',(#1509));
#1141=SURFACE_SIDE_STYLE('',(#1510));
#1142=SURFACE_SIDE_STYLE('',(#1511));
#1143=SURFACE_SIDE_STYLE('',(#1512));
#1144=SURFACE_SIDE_STYLE('',(#1513));
#1145=SURFACE_SIDE_STYLE('',(#1514));
#1146=SURFACE_SIDE_STYLE('',(#1515));
#1147=SURFACE_SIDE_STYLE('',(#1516));
#1148=SURFACE_SIDE_STYLE('',(#1517));
#1149=SURFACE_SIDE_STYLE('',(#1518));
#1150=SURFACE_SIDE_STYLE('',(#1519));
#1151=SURFACE_SIDE_STYLE('',(#1520));
#1152=SURFACE_SIDE_STYLE('',(#1521));
#1153=SURFACE_SIDE_STYLE('',(#1522));
#1154=SURFACE_SIDE_STYLE('',(#1523));
#1155=SURFACE_SIDE_STYLE('',(#1524));
#1156=SURFACE_SIDE_STYLE('',(#1525));
#1157=SURFACE_SIDE_STYLE('',(#1526));
#1158=SURFACE_SIDE_STYLE('',(#1527));
#1159=SURFACE_SIDE_STYLE('',(#1528));
#1160=SURFACE_SIDE_STYLE('',(#1529));
#1161=SURFACE_SIDE_STYLE('',(#1530));
#1162=SURFACE_SIDE_STYLE('',(#1531));
#1163=SURFACE_SIDE_STYLE('',(#1532));
#1164=SURFACE_SIDE_STYLE('',(#1533));
#1165=SURFACE_SIDE_STYLE('',(#1534));
#1166=SURFACE_SIDE_STYLE('',(#1535));
#1167=SURFACE_SIDE_STYLE('',(#1536));
#1168=SURFACE_SIDE_STYLE('',(#1537));
#1169=SURFACE_SIDE_STYLE('',(#1538));
#1170=SURFACE_SIDE_STYLE('',(#1539));
#1171=SURFACE_SIDE_STYLE('',(#1540));
#1172=SURFACE_SIDE_STYLE('',(#1541));
#1173=SURFACE_SIDE_STYLE('',(#1542));
#1174=SURFACE_SIDE_STYLE('',(#1543));
#1175=SURFACE_SIDE_STYLE('',(#1544));
#1176=SURFACE_SIDE_STYLE('',(#1545));
#1177=SURFACE_SIDE_STYLE('',(#1546));
#1178=SURFACE_SIDE_STYLE('',(#1547));
#1179=SURFACE_SIDE_STYLE('',(#1548));
#1180=SURFACE_SIDE_STYLE('',(#1549));
#1181=SURFACE_SIDE_STYLE('',(#1550));
#1182=SURFACE_SIDE_STYLE('',(#1551));
#1183=SURFACE_SIDE_STYLE('',(#1552));
#1184=SURFACE_SIDE_STYLE('',(#1553));
#1185=SURFACE_SIDE_STYLE('',(#1554));
#1186=SURFACE_SIDE_STYLE('',(#1555));
#1187=SURFACE_SIDE_STYLE('',(#1556));
#1188=SURFACE_SIDE_STYLE('',(#1557));
#1189=SURFACE_SIDE_STYLE('',(#1558));
#1190=SURFACE_SIDE_STYLE('',(#1559));
#1191=SURFACE_SIDE_STYLE('',(#1560));
#1192=SURFACE_SIDE_STYLE('',(#1561));
#1193=SURFACE_SIDE_STYLE('',(#1562));
#1194=SURFACE_SIDE_STYLE('',(#1563));
#1195=SURFACE_SIDE_STYLE('',(#1564));
#1196=SURFACE_SIDE_STYLE('',(#1565));
#1197=SURFACE_SIDE_STYLE('',(#1566));
#1198=SURFACE_SIDE_STYLE('',(#1567));
#1199=SURFACE_SIDE_STYLE('',(#1568));
#1200=SURFACE_SIDE_STYLE('',(#1569));
#1201=SURFACE_SIDE_STYLE('',(#1570));
#1202=SURFACE_SIDE_STYLE('',(#1571));
#1203=SURFACE_SIDE_STYLE('',(#1572));
#1204=SURFACE_SIDE_STYLE('',(#1573));
#1205=SURFACE_SIDE_STYLE('',(#1574));
#1206=SURFACE_SIDE_STYLE('',(#1575));
#1207=SURFACE_SIDE_STYLE('',(#1576));
#1208=SURFACE_SIDE_STYLE('',(#1577));
#1209=SURFACE_SIDE_STYLE('',(#1578));
#1210=SURFACE_SIDE_STYLE('',(#1579));
#1211=SURFACE_SIDE_STYLE('',(#1580));
#1212=SURFACE_SIDE_STYLE('',(#1581));
#1213=SURFACE_SIDE_STYLE('',(#1582));
#1214=SURFACE_SIDE_STYLE('',(#1583));
#1215=SURFACE_SIDE_STYLE('',(#1584));
#1216=SURFACE_SIDE_STYLE('',(#1585));
#1217=SURFACE_SIDE_STYLE('',(#1586));
#1218=SURFACE_SIDE_STYLE('',(#1587));
#1219=SURFACE_SIDE_STYLE('',(#1588));
#1220=SURFACE_SIDE_STYLE('',(#1589));
#1221=SURFACE_SIDE_STYLE('',(#1590));
#1222=SURFACE_SIDE_STYLE('',(#1591));
#1223=SURFACE_SIDE_STYLE('',(#1592));
#1224=SURFACE_SIDE_STYLE('',(#1593));
#1225=SURFACE_SIDE_STYLE('',(#1594));
#1226=SURFACE_SIDE_STYLE('',(#1595));
#1227=SURFACE_SIDE_STYLE('',(#1596));
#1228=SURFACE_SIDE_STYLE('',(#1597));
#1229=SURFACE_SIDE_STYLE('',(#1598));
#1230=SURFACE_SIDE_STYLE('',(#1599));
#1231=SURFACE_SIDE_STYLE('',(#1600));
#1232=SURFACE_SIDE_STYLE('',(#1601));
#1233=SURFACE_SIDE_STYLE('',(#1602));
#1234=SURFACE_SIDE_STYLE('',(#1603));
#1235=SURFACE_SIDE_STYLE('',(#1604));
#1236=SURFACE_SIDE_STYLE('',(#1605));
#1237=SURFACE_SIDE_STYLE('',(#1606));
#1238=SURFACE_SIDE_STYLE('',(#1607));
#1239=SURFACE_SIDE_STYLE('',(#1608));
#1240=SURFACE_SIDE_STYLE('',(#1609));
#1241=SURFACE_SIDE_STYLE('',(#1610));
#1242=SURFACE_SIDE_STYLE('',(#1611));
#1243=SURFACE_SIDE_STYLE('',(#1612));
#1244=SURFACE_SIDE_STYLE('',(#1613));
#1245=SURFACE_SIDE_STYLE('',(#1614));
#1246=SURFACE_SIDE_STYLE('',(#1615));
#1247=SURFACE_SIDE_STYLE('',(#1616));
#1248=SURFACE_SIDE_STYLE('',(#1617));
#1249=SURFACE_SIDE_STYLE('',(#1618));
#1250=SURFACE_SIDE_STYLE('',(#1619));
#1251=SURFACE_SIDE_STYLE('',(#1620));
#1252=SURFACE_SIDE_STYLE('',(#1621));
#1253=SURFACE_SIDE_STYLE('',(#1622));
#1254=SURFACE_SIDE_STYLE('',(#1623));
#1255=SURFACE_SIDE_STYLE('',(#1624));
#1256=SURFACE_SIDE_STYLE('',(#1625));
#1257=SURFACE_SIDE_STYLE('',(#1626));
#1258=SURFACE_SIDE_STYLE('',(#1627));
#1259=SURFACE_SIDE_STYLE('',(#1628));
#1260=SURFACE_SIDE_STYLE('',(#1629));
#1261=SURFACE_SIDE_STYLE('',(#1630));
#1262=SURFACE_SIDE_STYLE('',(#1631));
#1263=SURFACE_SIDE_STYLE('',(#1632));
#1264=SURFACE_SIDE_STYLE('',(#1633));
#1265=SURFACE_SIDE_STYLE('',(#1634));
#1266=SURFACE_SIDE_STYLE('',(#1635));
#1267=SURFACE_SIDE_STYLE('',(#1636));
#1268=SURFACE_SIDE_STYLE('',(#1637));
#1269=SURFACE_SIDE_STYLE('',(#1638));
#1270=SURFACE_SIDE_STYLE('',(#1639));
#1271=SURFACE_SIDE_STYLE('',(#1640));
#1272=SURFACE_SIDE_STYLE('',(#1641));
#1273=SURFACE_SIDE_STYLE('',(#1642));
#1274=SURFACE_SIDE_STYLE('',(#1643));
#1275=SURFACE_SIDE_STYLE('',(#1644));
#1276=SURFACE_SIDE_STYLE('',(#1645));
#1277=SURFACE_SIDE_STYLE('',(#1646));
#1278=SURFACE_SIDE_STYLE('',(#1647));
#1279=SURFACE_SIDE_STYLE('',(#1648));
#1280=SURFACE_SIDE_STYLE('',(#1649));
#1281=SURFACE_SIDE_STYLE('',(#1650));
#1282=SURFACE_SIDE_STYLE('',(#1651));
#1283=SURFACE_SIDE_STYLE('',(#1652));
#1284=SURFACE_SIDE_STYLE('',(#1653));
#1285=SURFACE_SIDE_STYLE('',(#1654));
#1286=SURFACE_SIDE_STYLE('',(#1655));
#1287=SURFACE_SIDE_STYLE('',(#1656));
#1288=SURFACE_SIDE_STYLE('',(#1657));
#1289=SURFACE_SIDE_STYLE('',(#1658));
#1290=SURFACE_SIDE_STYLE('',(#1659));
#1291=SURFACE_SIDE_STYLE('',(#1660));
#1292=SURFACE_SIDE_STYLE('',(#1661));
#1293=SURFACE_SIDE_STYLE('',(#1662));
#1294=SURFACE_SIDE_STYLE('',(#1663));
#1295=SURFACE_SIDE_STYLE('',(#1664));
#1296=SURFACE_SIDE_STYLE('',(#1665));
#1297=SURFACE_SIDE_STYLE('',(#1666));
#1298=SURFACE_SIDE_STYLE('',(#1667));
#1299=SURFACE_SIDE_STYLE('',(#1668));
#1300=SURFACE_SIDE_STYLE('',(#1669));
#1301=SURFACE_SIDE_STYLE('',(#1670));
#1302=SURFACE_SIDE_STYLE('',(#1671));
#1303=SURFACE_SIDE_STYLE('',(#1672));
#1304=SURFACE_SIDE_STYLE('',(#1673));
#1305=SURFACE_SIDE_STYLE('',(#1674));
#1306=SURFACE_SIDE_STYLE('',(#1675));
#1307=SURFACE_SIDE_STYLE('',(#1676));
#1308=SURFACE_SIDE_STYLE('',(#1677));
#1309=SURFACE_SIDE_STYLE('',(#1678));
#1310=SURFACE_SIDE_STYLE('',(#1679));
#1311=SURFACE_SIDE_STYLE('',(#1680));
#1312=SURFACE_SIDE_STYLE('',(#1681));
#1313=SURFACE_SIDE_STYLE('',(#1682));
#1314=SURFACE_SIDE_STYLE('',(#1683));
#1315=SURFACE_SIDE_STYLE('',(#1684));
#1316=SURFACE_SIDE_STYLE('',(#1685));
#1317=SURFACE_SIDE_STYLE('',(#1686));
#1318=SURFACE_SIDE_STYLE('',(#1687));
#1319=SURFACE_SIDE_STYLE('',(#1688));
#1320=SURFACE_SIDE_STYLE('',(#1689));
#1321=SURFACE_SIDE_STYLE('',(#1690));
#1322=SURFACE_SIDE_STYLE('',(#1691));
#1323=SURFACE_SIDE_STYLE('',(#1692));
#1324=SURFACE_SIDE_STYLE('',(#1693));
#1325=SURFACE_SIDE_STYLE('',(#1694));
#1326=SURFACE_SIDE_STYLE('',(#1695));
#1327=SURFACE_SIDE_STYLE('',(#1696));
#1328=SURFACE_SIDE_STYLE('',(#1697));
#1329=SURFACE_SIDE_STYLE('',(#1698));
#1330=SURFACE_SIDE_STYLE('',(#1699));
#1331=SURFACE_SIDE_STYLE('',(#1700));
#1332=SURFACE_SIDE_STYLE('',(#1701));
#1333=SURFACE_SIDE_STYLE('',(#1702));
#1334=SURFACE_SIDE_STYLE('',(#1703));
#1335=SURFACE_SIDE_STYLE('',(#1704));
#1336=SURFACE_SIDE_STYLE('',(#1705));
#1337=SURFACE_SIDE_STYLE('',(#1706));
#1338=SURFACE_SIDE_STYLE('',(#1707));
#1339=SURFACE_SIDE_STYLE('',(#1708));
#1340=SURFACE_SIDE_STYLE('',(#1709));
#1341=SURFACE_SIDE_STYLE('',(#1710));
#1342=SURFACE_SIDE_STYLE('',(#1711));
#1343=SURFACE_SIDE_STYLE('',(#1712));
#1344=SURFACE_SIDE_STYLE('',(#1713));
#1345=SURFACE_SIDE_STYLE('',(#1714));
#1346=SURFACE_SIDE_STYLE('',(#1715));
#1347=SURFACE_SIDE_STYLE('',(#1716));
#1348=SURFACE_SIDE_STYLE('',(#1717));
#1349=SURFACE_SIDE_STYLE('',(#1718));
#1350=SURFACE_SIDE_STYLE('',(#1719));
#1351=SURFACE_SIDE_STYLE('',(#1720));
#1352=SURFACE_SIDE_STYLE('',(#1721));
#1353=SURFACE_SIDE_STYLE('',(#1722));
#1354=SURFACE_SIDE_STYLE('',(#1723));
#1355=SURFACE_SIDE_STYLE('',(#1724));
#1356=SURFACE_SIDE_STYLE('',(#1725));
#1357=SURFACE_SIDE_STYLE('',(#1726));
#1358=SURFACE_SIDE_STYLE('',(#1727));
#1359=SURFACE_SIDE_STYLE('',(#1728));
#1360=SURFACE_SIDE_STYLE('',(#1729));
#1361=SURFACE_SIDE_STYLE('',(#1730));
#1362=SURFACE_SIDE_STYLE('',(#1731));
#1363=SURFACE_SIDE_STYLE('',(#1732));
#1364=SURFACE_SIDE_STYLE('',(#1733));
#1365=SURFACE_SIDE_STYLE('',(#1734));
#1366=SURFACE_SIDE_STYLE('',(#1735));
#1367=SURFACE_SIDE_STYLE('',(#1736));
#1368=SURFACE_SIDE_STYLE('',(#1737));
#1369=SURFACE_SIDE_STYLE('',(#1738));
#1370=SURFACE_SIDE_STYLE('',(#1739));
#1371=SURFACE_SIDE_STYLE('',(#1740));
#1372=SURFACE_SIDE_STYLE('',(#1741));
#1373=SURFACE_SIDE_STYLE('',(#1742));
#1374=SURFACE_SIDE_STYLE('',(#1743));
#1375=SURFACE_SIDE_STYLE('',(#1744));
#1376=SURFACE_SIDE_STYLE('',(#1745));
#1377=SURFACE_SIDE_STYLE('',(#1746));
#1378=SURFACE_SIDE_STYLE('',(#1747));
#1379=SURFACE_SIDE_STYLE('',(#1748));
#1380=SURFACE_SIDE_STYLE('',(#1749));
#1381=SURFACE_SIDE_STYLE('',(#1750));
#1382=SURFACE_SIDE_STYLE('',(#1751));
#1383=SURFACE_SIDE_STYLE('',(#1752));
#1384=SURFACE_SIDE_STYLE('',(#1753));
#1385=SURFACE_SIDE_STYLE('',(#1754));
#1386=SURFACE_SIDE_STYLE('',(#1755));
#1387=SURFACE_SIDE_STYLE('',(#1756));
#1388=SURFACE_SIDE_STYLE('',(#1757));
#1389=SURFACE_SIDE_STYLE('',(#1758));
#1390=SURFACE_SIDE_STYLE('',(#1759));
#1391=SURFACE_SIDE_STYLE('',(#1760));
#1392=SURFACE_SIDE_STYLE('',(#1761));
#1393=SURFACE_SIDE_STYLE('',(#1762));
#1394=SURFACE_SIDE_STYLE('',(#1763));
#1395=SURFACE_SIDE_STYLE('',(#1764));
#1396=SURFACE_SIDE_STYLE('',(#1765));
#1397=SURFACE_SIDE_STYLE('',(#1766));
#1398=SURFACE_SIDE_STYLE('',(#1767));
#1399=SURFACE_SIDE_STYLE('',(#1768));
#1400=SURFACE_SIDE_STYLE('',(#1769));
#1401=SURFACE_SIDE_STYLE('',(#1770));
#1402=SURFACE_SIDE_STYLE('',(#1771));
#1403=SURFACE_SIDE_STYLE('',(#1772));
#1404=SURFACE_SIDE_STYLE('',(#1773));
#1405=SURFACE_SIDE_STYLE('',(#1774));
#1406=SURFACE_SIDE_STYLE('',(#1775));
#1407=SURFACE_SIDE_STYLE('',(#1776));
#1408=SURFACE_SIDE_STYLE('',(#1777));
#1409=SURFACE_SIDE_STYLE('',(#1778));
#1410=SURFACE_SIDE_STYLE('',(#1779));
#1411=SURFACE_SIDE_STYLE('',(#1780));
#1412=SURFACE_SIDE_STYLE('',(#1781));
#1413=SURFACE_SIDE_STYLE('',(#1782));
#1414=SURFACE_SIDE_STYLE('',(#1783));
#1415=SURFACE_SIDE_STYLE('',(#1784));
#1416=SURFACE_SIDE_STYLE('',(#1785));
#1417=SURFACE_SIDE_STYLE('',(#1786));
#1418=SURFACE_SIDE_STYLE('',(#1787));
#1419=SURFACE_SIDE_STYLE('',(#1788));
#1420=SURFACE_SIDE_STYLE('',(#1789));
#1421=SURFACE_SIDE_STYLE('',(#1790));
#1422=SURFACE_SIDE_STYLE('',(#1791));
#1423=SURFACE_SIDE_STYLE('',(#1792));
#1424=SURFACE_SIDE_STYLE('',(#1793));
#1425=SURFACE_SIDE_STYLE('',(#1794));
#1426=SURFACE_SIDE_STYLE('',(#1795));
#1427=SURFACE_SIDE_STYLE('',(#1796));
#1428=SURFACE_SIDE_STYLE('',(#1797));
#1429=SURFACE_SIDE_STYLE('',(#1798));
#1430=SURFACE_SIDE_STYLE('',(#1799));
#1431=SURFACE_SIDE_STYLE('',(#1800));
#1432=SURFACE_SIDE_STYLE('',(#1801));
#1433=SURFACE_SIDE_STYLE('',(#1802));
#1434=SURFACE_SIDE_STYLE('',(#1803));
#1435=SURFACE_SIDE_STYLE('',(#1804));
#1436=SURFACE_SIDE_STYLE('',(#1805));
#1437=SURFACE_SIDE_STYLE('',(#1806));
#1438=SURFACE_SIDE_STYLE('',(#1807));
#1439=SURFACE_SIDE_STYLE('',(#1808));
#1440=SURFACE_SIDE_STYLE('',(#1809));
#1441=SURFACE_SIDE_STYLE('',(#1810));
#1442=SURFACE_SIDE_STYLE('',(#1811));
#1443=SURFACE_SIDE_STYLE('',(#1812));
#1444=SURFACE_SIDE_STYLE('',(#1813));
#1445=SURFACE_SIDE_STYLE('',(#1814));
#1446=SURFACE_SIDE_STYLE('',(#1815));
#1447=SURFACE_SIDE_STYLE('',(#1816));
#1448=SURFACE_SIDE_STYLE('',(#1817));
#1449=SURFACE_SIDE_STYLE('',(#1818));
#1450=SURFACE_SIDE_STYLE('',(#1819));
#1451=SURFACE_SIDE_STYLE('',(#1820));
#1452=SURFACE_SIDE_STYLE('',(#1821));
#1453=SURFACE_SIDE_STYLE('',(#1822));
#1454=SURFACE_SIDE_STYLE('',(#1823));
#1455=SURFACE_SIDE_STYLE('',(#1824));
#1456=SURFACE_SIDE_STYLE('',(#1825));
#1457=SURFACE_SIDE_STYLE('',(#1826));
#1458=SURFACE_SIDE_STYLE('',(#1827));
#1459=SURFACE_SIDE_STYLE('',(#1828));
#1460=SURFACE_SIDE_STYLE('',(#1829));
#1461=SURFACE_SIDE_STYLE('',(#1830));
#1462=SURFACE_SIDE_STYLE('',(#1831));
#1463=SURFACE_SIDE_STYLE('',(#1832));
#1464=SURFACE_SIDE_STYLE('',(#1833));
#1465=SURFACE_SIDE_STYLE('',(#1834));
#1466=SURFACE_SIDE_STYLE('',(#1835));
#1467=SURFACE_SIDE_STYLE('',(#1836));
#1468=SURFACE_SIDE_STYLE('',(#1837));
#1469=SURFACE_SIDE_STYLE('',(#1838));
#1470=SURFACE_SIDE_STYLE('',(#1839));
#1471=SURFACE_SIDE_STYLE('',(#1840));
#1472=SURFACE_SIDE_STYLE('',(#1841));
#1473=SURFACE_SIDE_STYLE('',(#1842));
#1474=SURFACE_SIDE_STYLE('',(#1843));
#1475=SURFACE_SIDE_STYLE('',(#1844));
#1476=SURFACE_SIDE_STYLE('',(#1845));
#1477=SURFACE_SIDE_STYLE('',(#1846));
#1478=SURFACE_SIDE_STYLE('',(#1847));
#1479=SURFACE_SIDE_STYLE('',(#1848));
#1480=SURFACE_SIDE_STYLE('',(#1849));
#1481=SURFACE_SIDE_STYLE('',(#1850));
#1482=SURFACE_SIDE_STYLE('',(#1851));
#1483=SURFACE_SIDE_STYLE('',(#1852));
#1484=SURFACE_SIDE_STYLE('',(#1853));
#1485=SURFACE_SIDE_STYLE('',(#1854));
#1486=SURFACE_SIDE_STYLE('',(#1855));
#1487=SURFACE_SIDE_STYLE('',(#1856));
#1488=SURFACE_SIDE_STYLE('',(#1857));
#1489=SURFACE_SIDE_STYLE('',(#1858));
#1490=SURFACE_SIDE_STYLE('',(#1859));
#1491=SURFACE_SIDE_STYLE('',(#1860));
#1492=SURFACE_SIDE_STYLE('',(#1861));
#1493=SURFACE_SIDE_STYLE('',(#1862));
#1494=SURFACE_SIDE_STYLE('',(#1863));
#1495=SURFACE_SIDE_STYLE('',(#1864));
#1496=SURFACE_SIDE_STYLE('',(#1865));
#1497=SURFACE_SIDE_STYLE('',(#1866));
#1498=SURFACE_SIDE_STYLE('',(#1867));
#1499=SURFACE_SIDE_STYLE('',(#1868));
#1500=SURFACE_STYLE_FILL_AREA(#1869);
#1501=SURFACE_STYLE_FILL_AREA(#1870);
#1502=SURFACE_STYLE_FILL_AREA(#1871);
#1503=SURFACE_STYLE_FILL_AREA(#1872);
#1504=SURFACE_STYLE_FILL_AREA(#1873);
#1505=SURFACE_STYLE_FILL_AREA(#1874);
#1506=SURFACE_STYLE_FILL_AREA(#1875);
#1507=SURFACE_STYLE_FILL_AREA(#1876);
#1508=SURFACE_STYLE_FILL_AREA(#1877);
#1509=SURFACE_STYLE_FILL_AREA(#1878);
#1510=SURFACE_STYLE_FILL_AREA(#1879);
#1511=SURFACE_STYLE_FILL_AREA(#1880);
#1512=SURFACE_STYLE_FILL_AREA(#1881);
#1513=SURFACE_STYLE_FILL_AREA(#1882);
#1514=SURFACE_STYLE_FILL_AREA(#1883);
#1515=SURFACE_STYLE_FILL_AREA(#1884);
#1516=SURFACE_STYLE_FILL_AREA(#1885);
#1517=SURFACE_STYLE_FILL_AREA(#1886);
#1518=SURFACE_STYLE_FILL_AREA(#1887);
#1519=SURFACE_STYLE_FILL_AREA(#1888);
#1520=SURFACE_STYLE_FILL_AREA(#1889);
#1521=SURFACE_STYLE_FILL_AREA(#1890);
#1522=SURFACE_STYLE_FILL_AREA(#1891);
#1523=SURFACE_STYLE_FILL_AREA(#1892);
#1524=SURFACE_STYLE_FILL_AREA(#1893);
#1525=SURFACE_STYLE_FILL_AREA(#1894);
#1526=SURFACE_STYLE_FILL_AREA(#1895);
#1527=SURFACE_STYLE_FILL_AREA(#1896);
#1528=SURFACE_STYLE_FILL_AREA(#1897);
#1529=SURFACE_STYLE_FILL_AREA(#1898);
#1530=SURFACE_STYLE_FILL_AREA(#1899);
#1531=SURFACE_STYLE_FILL_AREA(#1900);
#1532=SURFACE_STYLE_FILL_AREA(#1901);
#1533=SURFACE_STYLE_FILL_AREA(#1902);
#1534=SURFACE_STYLE_FILL_AREA(#1903);
#1535=SURFACE_STYLE_FILL_AREA(#1904);
#1536=SURFACE_STYLE_FILL_AREA(#1905);
#1537=SURFACE_STYLE_FILL_AREA(#1906);
#1538=SURFACE_STYLE_FILL_AREA(#1907);
#1539=SURFACE_STYLE_FILL_AREA(#1908);
#1540=SURFACE_STYLE_FILL_AREA(#1909);
#1541=SURFACE_STYLE_FILL_AREA(#1910);
#1542=SURFACE_STYLE_FILL_AREA(#1911);
#1543=SURFACE_STYLE_FILL_AREA(#1912);
#1544=SURFACE_STYLE_FILL_AREA(#1913);
#1545=SURFACE_STYLE_FILL_AREA(#1914);
#1546=SURFACE_STYLE_FILL_AREA(#1915);
#1547=SURFACE_STYLE_FILL_AREA(#1916);
#1548=SURFACE_STYLE_FILL_AREA(#1917);
#1549=SURFACE_STYLE_FILL_AREA(#1918);
#1550=SURFACE_STYLE_FILL_AREA(#1919);
#1551=SURFACE_STYLE_FILL_AREA(#1920);
#1552=SURFACE_STYLE_FILL_AREA(#1921);
#1553=SURFACE_STYLE_FILL_AREA(#1922);
#1554=SURFACE_STYLE_FILL_AREA(#1923);
#1555=SURFACE_STYLE_FILL_AREA(#1924);
#1556=SURFACE_STYLE_FILL_AREA(#1925);
#1557=SURFACE_STYLE_FILL_AREA(#1926);
#1558=SURFACE_STYLE_FILL_AREA(#1927);
#1559=SURFACE_STYLE_FILL_AREA(#1928);
#1560=SURFACE_STYLE_FILL_AREA(#1929);
#1561=SURFACE_STYLE_FILL_AREA(#1930);
#1562=SURFACE_STYLE_FILL_AREA(#1931);
#1563=SURFACE_STYLE_FILL_AREA(#1932);
#1564=SURFACE_STYLE_FILL_AREA(#1933);
#1565=SURFACE_STYLE_FILL_AREA(#1934);
#1566=SURFACE_STYLE_FILL_AREA(#1935);
#1567=SURFACE_STYLE_FILL_AREA(#1936);
#1568=SURFACE_STYLE_FILL_AREA(#1937);
#1569=SURFACE_STYLE_FILL_AREA(#1938);
#1570=SURFACE_STYLE_FILL_AREA(#1939);
#1571=SURFACE_STYLE_FILL_AREA(#1940);
#1572=SURFACE_STYLE_FILL_AREA(#1941);
#1573=SURFACE_STYLE_FILL_AREA(#1942);
#1574=SURFACE_STYLE_FILL_AREA(#1943);
#1575=SURFACE_STYLE_FILL_AREA(#1944);
#1576=SURFACE_STYLE_FILL_AREA(#1945);
#1577=SURFACE_STYLE_FILL_AREA(#1946);
#1578=SURFACE_STYLE_FILL_AREA(#1947);
#1579=SURFACE_STYLE_FILL_AREA(#1948);
#1580=SURFACE_STYLE_FILL_AREA(#1949);
#1581=SURFACE_STYLE_FILL_AREA(#1950);
#1582=SURFACE_STYLE_FILL_AREA(#1951);
#1583=SURFACE_STYLE_FILL_AREA(#1952);
#1584=SURFACE_STYLE_FILL_AREA(#1953);
#1585=SURFACE_STYLE_FILL_AREA(#1954);
#1586=SURFACE_STYLE_FILL_AREA(#1955);
#1587=SURFACE_STYLE_FILL_AREA(#1956);
#1588=SURFACE_STYLE_FILL_AREA(#1957);
#1589=SURFACE_STYLE_FILL_AREA(#1958);
#1590=SURFACE_STYLE_FILL_AREA(#1959);
#1591=SURFACE_STYLE_FILL_AREA(#1960);
#1592=SURFACE_STYLE_FILL_AREA(#1961);
#1593=SURFACE_STYLE_FILL_AREA(#1962);
#1594=SURFACE_STYLE_FILL_AREA(#1963);
#1595=SURFACE_STYLE_FILL_AREA(#1964);
#1596=SURFACE_STYLE_FILL_AREA(#1965);
#1597=SURFACE_STYLE_FILL_AREA(#1966);
#1598=SURFACE_STYLE_FILL_AREA(#1967);
#1599=SURFACE_STYLE_FILL_AREA(#1968);
#1600=SURFACE_STYLE_FILL_AREA(#1969);
#1601=SURFACE_STYLE_FILL_AREA(#1970);
#1602=SURFACE_STYLE_FILL_AREA(#1971);
#1603=SURFACE_STYLE_FILL_AREA(#1972);
#1604=SURFACE_STYLE_FILL_AREA(#1973);
#1605=SURFACE_STYLE_FILL_AREA(#1974);
#1606=SURFACE_STYLE_FILL_AREA(#1975);
#1607=SURFACE_STYLE_FILL_AREA(#1976);
#1608=SURFACE_STYLE_FILL_AREA(#1977);
#1609=SURFACE_STYLE_FILL_AREA(#1978);
#1610=SURFACE_STYLE_FILL_AREA(#1979);
#1611=SURFACE_STYLE_FILL_AREA(#1980);
#1612=SURFACE_STYLE_FILL_AREA(#1981);
#1613=SURFACE_STYLE_FILL_AREA(#1982);
#1614=SURFACE_STYLE_FILL_AREA(#1983);
#1615=SURFACE_STYLE_FILL_AREA(#1984);
#1616=SURFACE_STYLE_FILL_AREA(#1985);
#1617=SURFACE_STYLE_FILL_AREA(#1986);
#1618=SURFACE_STYLE_FILL_AREA(#1987);
#1619=SURFACE_STYLE_FILL_AREA(#1988);
#1620=SURFACE_STYLE_FILL_AREA(#1989);
#1621=SURFACE_STYLE_FILL_AREA(#1990);
#1622=SURFACE_STYLE_FILL_AREA(#1991);
#1623=SURFACE_STYLE_FILL_AREA(#1992);
#1624=SURFACE_STYLE_FILL_AREA(#1993);
#1625=SURFACE_STYLE_FILL_AREA(#1994);
#1626=SURFACE_STYLE_FILL_AREA(#1995);
#1627=SURFACE_STYLE_FILL_AREA(#1996);
#1628=SURFACE_STYLE_FILL_AREA(#1997);
#1629=SURFACE_STYLE_FILL_AREA(#1998);
#1630=SURFACE_STYLE_FILL_AREA(#1999);
#1631=SURFACE_STYLE_FILL_AREA(#2000);
#1632=SURFACE_STYLE_FILL_AREA(#2001);
#1633=SURFACE_STYLE_FILL_AREA(#2002);
#1634=SURFACE_STYLE_FILL_AREA(#2003);
#1635=SURFACE_STYLE_FILL_AREA(#2004);
#1636=SURFACE_STYLE_FILL_AREA(#2005);
#1637=SURFACE_STYLE_FILL_AREA(#2006);
#1638=SURFACE_STYLE_FILL_AREA(#2007);
#1639=SURFACE_STYLE_FILL_AREA(#2008);
#1640=SURFACE_STYLE_FILL_AREA(#2009);
#1641=SURFACE_STYLE_FILL_AREA(#2010);
#1642=SURFACE_STYLE_FILL_AREA(#2011);
#1643=SURFACE_STYLE_FILL_AREA(#2012);
#1644=SURFACE_STYLE_FILL_AREA(#2013);
#1645=SURFACE_STYLE_FILL_AREA(#2014);
#1646=SURFACE_STYLE_FILL_AREA(#2015);
#1647=SURFACE_STYLE_FILL_AREA(#2016);
#1648=SURFACE_STYLE_FILL_AREA(#2017);
#1649=SURFACE_STYLE_FILL_AREA(#2018);
#1650=SURFACE_STYLE_FILL_AREA(#2019);
#1651=SURFACE_STYLE_FILL_AREA(#2020);
#1652=SURFACE_STYLE_FILL_AREA(#2021);
#1653=SURFACE_STYLE_FILL_AREA(#2022);
#1654=SURFACE_STYLE_FILL_AREA(#2023);
#1655=SURFACE_STYLE_FILL_AREA(#2024);
#1656=SURFACE_STYLE_FILL_AREA(#2025);
#1657=SURFACE_STYLE_FILL_AREA(#2026);
#1658=SURFACE_STYLE_FILL_AREA(#2027);
#1659=SURFACE_STYLE_FILL_AREA(#2028);
#1660=SURFACE_STYLE_FILL_AREA(#2029);
#1661=SURFACE_STYLE_FILL_AREA(#2030);
#1662=SURFACE_STYLE_FILL_AREA(#2031);
#1663=SURFACE_STYLE_FILL_AREA(#2032);
#1664=SURFACE_STYLE_FILL_AREA(#2033);
#1665=SURFACE_STYLE_FILL_AREA(#2034);
#1666=SURFACE_STYLE_FILL_AREA(#2035);
#1667=SURFACE_STYLE_FILL_AREA(#2036);
#1668=SURFACE_STYLE_FILL_AREA(#2037);
#1669=SURFACE_STYLE_FILL_AREA(#2038);
#1670=SURFACE_STYLE_FILL_AREA(#2039);
#1671=SURFACE_STYLE_FILL_AREA(#2040);
#1672=SURFACE_STYLE_FILL_AREA(#2041);
#1673=SURFACE_STYLE_FILL_AREA(#2042);
#1674=SURFACE_STYLE_FILL_AREA(#2043);
#1675=SURFACE_STYLE_FILL_AREA(#2044);
#1676=SURFACE_STYLE_FILL_AREA(#2045);
#1677=SURFACE_STYLE_FILL_AREA(#2046);
#1678=SURFACE_STYLE_FILL_AREA(#2047);
#1679=SURFACE_STYLE_FILL_AREA(#2048);
#1680=SURFACE_STYLE_FILL_AREA(#2049);
#1681=SURFACE_STYLE_FILL_AREA(#2050);
#1682=SURFACE_STYLE_FILL_AREA(#2051);
#1683=SURFACE_STYLE_FILL_AREA(#2052);
#1684=SURFACE_STYLE_FILL_AREA(#2053);
#1685=SURFACE_STYLE_FILL_AREA(#2054);
#1686=SURFACE_STYLE_FILL_AREA(#2055);
#1687=SURFACE_STYLE_FILL_AREA(#2056);
#1688=SURFACE_STYLE_FILL_AREA(#2057);
#1689=SURFACE_STYLE_FILL_AREA(#2058);
#1690=SURFACE_STYLE_FILL_AREA(#2059);
#1691=SURFACE_STYLE_FILL_AREA(#2060);
#1692=SURFACE_STYLE_FILL_AREA(#2061);
#1693=SURFACE_STYLE_FILL_AREA(#2062);
#1694=SURFACE_STYLE_FILL_AREA(#2063);
#1695=SURFACE_STYLE_FILL_AREA(#2064);
#1696=SURFACE_STYLE_FILL_AREA(#2065);
#1697=SURFACE_STYLE_FILL_AREA(#2066);
#1698=SURFACE_STYLE_FILL_AREA(#2067);
#1699=SURFACE_STYLE_FILL_AREA(#2068);
#1700=SURFACE_STYLE_FILL_AREA(#2069);
#1701=SURFACE_STYLE_FILL_AREA(#2070);
#1702=SURFACE_STYLE_FILL_AREA(#2071);
#1703=SURFACE_STYLE_FILL_AREA(#2072);
#1704=SURFACE_STYLE_FILL_AREA(#2073);
#1705=SURFACE_STYLE_FILL_AREA(#2074);
#1706=SURFACE_STYLE_FILL_AREA(#2075);
#1707=SURFACE_STYLE_FILL_AREA(#2076);
#1708=SURFACE_STYLE_FILL_AREA(#2077);
#1709=SURFACE_STYLE_FILL_AREA(#2078);
#1710=SURFACE_STYLE_FILL_AREA(#2079);
#1711=SURFACE_STYLE_FILL_AREA(#2080);
#1712=SURFACE_STYLE_FILL_AREA(#2081);
#1713=SURFACE_STYLE_FILL_AREA(#2082);
#1714=SURFACE_STYLE_FILL_AREA(#2083);
#1715=SURFACE_STYLE_FILL_AREA(#2084);
#1716=SURFACE_STYLE_FILL_AREA(#2085);
#1717=SURFACE_STYLE_FILL_AREA(#2086);
#1718=SURFACE_STYLE_FILL_AREA(#2087);
#1719=SURFACE_STYLE_FILL_AREA(#2088);
#1720=SURFACE_STYLE_FILL_AREA(#2089);
#1721=SURFACE_STYLE_FILL_AREA(#2090);
#1722=SURFACE_STYLE_FILL_AREA(#2091);
#1723=SURFACE_STYLE_FILL_AREA(#2092);
#1724=SURFACE_STYLE_FILL_AREA(#2093);
#1725=SURFACE_STYLE_FILL_AREA(#2094);
#1726=SURFACE_STYLE_FILL_AREA(#2095);
#1727=SURFACE_STYLE_FILL_AREA(#2096);
#1728=SURFACE_STYLE_FILL_AREA(#2097);
#1729=SURFACE_STYLE_FILL_AREA(#2098);
#1730=SURFACE_STYLE_FILL_AREA(#2099);
#1731=SURFACE_STYLE_FILL_AREA(#2100);
#1732=SURFACE_STYLE_FILL_AREA(#2101);
#1733=SURFACE_STYLE_FILL_AREA(#2102);
#1734=SURFACE_STYLE_FILL_AREA(#2103);
#1735=SURFACE_STYLE_FILL_AREA(#2104);
#1736=SURFACE_STYLE_FILL_AREA(#2105);
#1737=SURFACE_STYLE_FILL_AREA(#2106);
#1738=SURFACE_STYLE_FILL_AREA(#2107);
#1739=SURFACE_STYLE_FILL_AREA(#2108);
#1740=SURFACE_STYLE_FILL_AREA(#2109);
#1741=SURFACE_STYLE_FILL_AREA(#2110);
#1742=SURFACE_STYLE_FILL_AREA(#2111);
#1743=SURFACE_STYLE_FILL_AREA(#2112);
#1744=SURFACE_STYLE_FILL_AREA(#2113);
#1745=SURFACE_STYLE_FILL_AREA(#2114);
#1746=SURFACE_STYLE_FILL_AREA(#2115);
#1747=SURFACE_STYLE_FILL_AREA(#2116);
#1748=SURFACE_STYLE_FILL_AREA(#2117);
#1749=SURFACE_STYLE_FILL_AREA(#2118);
#1750=SURFACE_STYLE_FILL_AREA(#2119);
#1751=SURFACE_STYLE_FILL_AREA(#2120);
#1752=SURFACE_STYLE_FILL_AREA(#2121);
#1753=SURFACE_STYLE_FILL_AREA(#2122);
#1754=SURFACE_STYLE_FILL_AREA(#2123);
#1755=SURFACE_STYLE_FILL_AREA(#2124);
#1756=SURFACE_STYLE_FILL_AREA(#2125);
#1757=SURFACE_STYLE_FILL_AREA(#2126);
#1758=SURFACE_STYLE_FILL_AREA(#2127);
#1759=SURFACE_STYLE_FILL_AREA(#2128);
#1760=SURFACE_STYLE_FILL_AREA(#2129);
#1761=SURFACE_STYLE_FILL_AREA(#2130);
#1762=SURFACE_STYLE_FILL_AREA(#2131);
#1763=SURFACE_STYLE_FILL_AREA(#2132);
#1764=SURFACE_STYLE_FILL_AREA(#2133);
#1765=SURFACE_STYLE_FILL_AREA(#2134);
#1766=SURFACE_STYLE_FILL_AREA(#2135);
#1767=SURFACE_STYLE_FILL_AREA(#2136);
#1768=SURFACE_STYLE_FILL_AREA(#2137);
#1769=SURFACE_STYLE_FILL_AREA(#2138);
#1770=SURFACE_STYLE_FILL_AREA(#2139);
#1771=SURFACE_STYLE_FILL_AREA(#2140);
#1772=SURFACE_STYLE_FILL_AREA(#2141);
#1773=SURFACE_STYLE_FILL_AREA(#2142);
#1774=SURFACE_STYLE_FILL_AREA(#2143);
#1775=SURFACE_STYLE_FILL_AREA(#2144);
#1776=SURFACE_STYLE_FILL_AREA(#2145);
#1777=SURFACE_STYLE_FILL_AREA(#2146);
#1778=SURFACE_STYLE_FILL_AREA(#2147);
#1779=SURFACE_STYLE_FILL_AREA(#2148);
#1780=SURFACE_STYLE_FILL_AREA(#2149);
#1781=SURFACE_STYLE_FILL_AREA(#2150);
#1782=SURFACE_STYLE_FILL_AREA(#2151);
#1783=SURFACE_STYLE_FILL_AREA(#2152);
#1784=SURFACE_STYLE_FILL_AREA(#2153);
#1785=SURFACE_STYLE_FILL_AREA(#2154);
#1786=SURFACE_STYLE_FILL_AREA(#2155);
#1787=SURFACE_STYLE_FILL_AREA(#2156);
#1788=SURFACE_STYLE_FILL_AREA(#2157);
#1789=SURFACE_STYLE_FILL_AREA(#2158);
#1790=SURFACE_STYLE_FILL_AREA(#2159);
#1791=SURFACE_STYLE_FILL_AREA(#2160);
#1792=SURFACE_STYLE_FILL_AREA(#2161);
#1793=SURFACE_STYLE_FILL_AREA(#2162);
#1794=SURFACE_STYLE_FILL_AREA(#2163);
#1795=SURFACE_STYLE_FILL_AREA(#2164);
#1796=SURFACE_STYLE_FILL_AREA(#2165);
#1797=SURFACE_STYLE_FILL_AREA(#2166);
#1798=SURFACE_STYLE_FILL_AREA(#2167);
#1799=SURFACE_STYLE_FILL_AREA(#2168);
#1800=SURFACE_STYLE_FILL_AREA(#2169);
#1801=SURFACE_STYLE_FILL_AREA(#2170);
#1802=SURFACE_STYLE_FILL_AREA(#2171);
#1803=SURFACE_STYLE_FILL_AREA(#2172);
#1804=SURFACE_STYLE_FILL_AREA(#2173);
#1805=SURFACE_STYLE_FILL_AREA(#2174);
#1806=SURFACE_STYLE_FILL_AREA(#2175);
#1807=SURFACE_STYLE_FILL_AREA(#2176);
#1808=SURFACE_STYLE_FILL_AREA(#2177);
#1809=SURFACE_STYLE_FILL_AREA(#2178);
#1810=SURFACE_STYLE_FILL_AREA(#2179);
#1811=SURFACE_STYLE_FILL_AREA(#2180);
#1812=SURFACE_STYLE_FILL_AREA(#2181);
#1813=SURFACE_STYLE_FILL_AREA(#2182);
#1814=SURFACE_STYLE_FILL_AREA(#2183);
#1815=SURFACE_STYLE_FILL_AREA(#2184);
#1816=SURFACE_STYLE_FILL_AREA(#2185);
#1817=SURFACE_STYLE_FILL_AREA(#2186);
#1818=SURFACE_STYLE_FILL_AREA(#2187);
#1819=SURFACE_STYLE_FILL_AREA(#2188);
#1820=SURFACE_STYLE_FILL_AREA(#2189);
#1821=SURFACE_STYLE_FILL_AREA(#2190);
#1822=SURFACE_STYLE_FILL_AREA(#2191);
#1823=SURFACE_STYLE_FILL_AREA(#2192);
#1824=SURFACE_STYLE_FILL_AREA(#2193);
#1825=SURFACE_STYLE_FILL_AREA(#2194);
#1826=SURFACE_STYLE_FILL_AREA(#2195);
#1827=SURFACE_STYLE_FILL_AREA(#2196);
#1828=SURFACE_STYLE_FILL_AREA(#2197);
#1829=SURFACE_STYLE_FILL_AREA(#2198);
#1830=SURFACE_STYLE_FILL_AREA(#2199);
#1831=SURFACE_STYLE_FILL_AREA(#2200);
#1832=SURFACE_STYLE_FILL_AREA(#2201);
#1833=SURFACE_STYLE_FILL_AREA(#2202);
#1834=SURFACE_STYLE_FILL_AREA(#2203);
#1835=SURFACE_STYLE_FILL_AREA(#2204);
#1836=SURFACE_STYLE_FILL_AREA(#2205);
#1837=SURFACE_STYLE_FILL_AREA(#2206);
#1838=SURFACE_STYLE_FILL_AREA(#2207);
#1839=SURFACE_STYLE_FILL_AREA(#2208);
#1840=SURFACE_STYLE_FILL_AREA(#2209);
#1841=SURFACE_STYLE_FILL_AREA(#2210);
#1842=SURFACE_STYLE_FILL_AREA(#2211);
#1843=SURFACE_STYLE_FILL_AREA(#2212);
#1844=SURFACE_STYLE_FILL_AREA(#2213);
#1845=SURFACE_STYLE_FILL_AREA(#2214);
#1846=SURFACE_STYLE_FILL_AREA(#2215);
#1847=SURFACE_STYLE_FILL_AREA(#2216);
#1848=SURFACE_STYLE_FILL_AREA(#2217);
#1849=SURFACE_STYLE_FILL_AREA(#2218);
#1850=SURFACE_STYLE_FILL_AREA(#2219);
#1851=SURFACE_STYLE_FILL_AREA(#2220);
#1852=SURFACE_STYLE_FILL_AREA(#2221);
#1853=SURFACE_STYLE_FILL_AREA(#2222);
#1854=SURFACE_STYLE_FILL_AREA(#2223);
#1855=SURFACE_STYLE_FILL_AREA(#2224);
#1856=SURFACE_STYLE_FILL_AREA(#2225);
#1857=SURFACE_STYLE_FILL_AREA(#2226);
#1858=SURFACE_STYLE_FILL_AREA(#2227);
#1859=SURFACE_STYLE_FILL_AREA(#2228);
#1860=SURFACE_STYLE_FILL_AREA(#2229);
#1861=SURFACE_STYLE_FILL_AREA(#2230);
#1862=SURFACE_STYLE_FILL_AREA(#2231);
#1863=SURFACE_STYLE_FILL_AREA(#2232);
#1864=SURFACE_STYLE_FILL_AREA(#2233);
#1865=SURFACE_STYLE_FILL_AREA(#2234);
#1866=SURFACE_STYLE_FILL_AREA(#2235);
#1867=SURFACE_STYLE_FILL_AREA(#2236);
#1868=SURFACE_STYLE_FILL_AREA(#2237);
#1869=FILL_AREA_STYLE('',(#2238));
#1870=FILL_AREA_STYLE('',(#2239));
#1871=FILL_AREA_STYLE('',(#2240));
#1872=FILL_AREA_STYLE('',(#2241));
#1873=FILL_AREA_STYLE('',(#2242));
#1874=FILL_AREA_STYLE('',(#2243));
#1875=FILL_AREA_STYLE('',(#2244));
#1876=FILL_AREA_STYLE('',(#2245));
#1877=FILL_AREA_STYLE('',(#2246));
#1878=FILL_AREA_STYLE('',(#2247));
#1879=FILL_AREA_STYLE('',(#2248));
#1880=FILL_AREA_STYLE('',(#2249));
#1881=FILL_AREA_STYLE('',(#2250));
#1882=FILL_AREA_STYLE('',(#2251));
#1883=FILL_AREA_STYLE('',(#2252));
#1884=FILL_AREA_STYLE('',(#2253));
#1885=FILL_AREA_STYLE('',(#2254));
#1886=FILL_AREA_STYLE('',(#2255));
#1887=FILL_AREA_STYLE('',(#2256));
#1888=FILL_AREA_STYLE('',(#2257));
#1889=FILL_AREA_STYLE('',(#2258));
#1890=FILL_AREA_STYLE('',(#2259));
#1891=FILL_AREA_STYLE('',(#2260));
#1892=FILL_AREA_STYLE('',(#2261));
#1893=FILL_AREA_STYLE('',(#2262));
#1894=FILL_AREA_STYLE('',(#2263));
#1895=FILL_AREA_STYLE('',(#2264));
#1896=FILL_AREA_STYLE('',(#2265));
#1897=FILL_AREA_STYLE('',(#2266));
#1898=FILL_AREA_STYLE('',(#2267));
#1899=FILL_AREA_STYLE('',(#2268));
#1900=FILL_AREA_STYLE('',(#2269));
#1901=FILL_AREA_STYLE('',(#2270));
#1902=FILL_AREA_STYLE('',(#2271));
#1903=FILL_AREA_STYLE('',(#2272));
#1904=FILL_AREA_STYLE('',(#2273));
#1905=FILL_AREA_STYLE('',(#2274));
#1906=FILL_AREA_STYLE('',(#2275));
#1907=FILL_AREA_STYLE('',(#2276));
#1908=FILL_AREA_STYLE('',(#2277));
#1909=FILL_AREA_STYLE('',(#2278));
#1910=FILL_AREA_STYLE('',(#2279));
#1911=FILL_AREA_STYLE('',(#2280));
#1912=FILL_AREA_STYLE('',(#2281));
#1913=FILL_AREA_STYLE('',(#2282));
#1914=FILL_AREA_STYLE('',(#2283));
#1915=FILL_AREA_STYLE('',(#2284));
#1916=FILL_AREA_STYLE('',(#2285));
#1917=FILL_AREA_STYLE('',(#2286));
#1918=FILL_AREA_STYLE('',(#2287));
#1919=FILL_AREA_STYLE('',(#2288));
#1920=FILL_AREA_STYLE('',(#2289));
#1921=FILL_AREA_STYLE('',(#2290));
#1922=FILL_AREA_STYLE('',(#2291));
#1923=FILL_AREA_STYLE('',(#2292));
#1924=FILL_AREA_STYLE('',(#2293));
#1925=FILL_AREA_STYLE('',(#2294));
#1926=FILL_AREA_STYLE('',(#2295));
#1927=FILL_AREA_STYLE('',(#2296));
#1928=FILL_AREA_STYLE('',(#2297));
#1929=FILL_AREA_STYLE('',(#2298));
#1930=FILL_AREA_STYLE('',(#2299));
#1931=FILL_AREA_STYLE('',(#2300));
#1932=FILL_AREA_STYLE('',(#2301));
#1933=FILL_AREA_STYLE('',(#2302));
#1934=FILL_AREA_STYLE('',(#2303));
#1935=FILL_AREA_STYLE('',(#2304));
#1936=FILL_AREA_STYLE('',(#2305));
#1937=FILL_AREA_STYLE('',(#2306));
#1938=FILL_AREA_STYLE('',(#2307));
#1939=FILL_AREA_STYLE('',(#2308));
#1940=FILL_AREA_STYLE('',(#2309));
#1941=FILL_AREA_STYLE('',(#2310));
#1942=FILL_AREA_STYLE('',(#2311));
#1943=FILL_AREA_STYLE('',(#2312));
#1944=FILL_AREA_STYLE('',(#2313));
#1945=FILL_AREA_STYLE('',(#2314));
#1946=FILL_AREA_STYLE('',(#2315));
#1947=FILL_AREA_STYLE('',(#2316));
#1948=FILL_AREA_STYLE('',(#2317));
#1949=FILL_AREA_STYLE('',(#2318));
#1950=FILL_AREA_STYLE('',(#2319));
#1951=FILL_AREA_STYLE('',(#2320));
#1952=FILL_AREA_STYLE('',(#2321));
#1953=FILL_AREA_STYLE('',(#2322));
#1954=FILL_AREA_STYLE('',(#2323));
#1955=FILL_AREA_STYLE('',(#2324));
#1956=FILL_AREA_STYLE('',(#2325));
#1957=FILL_AREA_STYLE('',(#2326));
#1958=FILL_AREA_STYLE('',(#2327));
#1959=FILL_AREA_STYLE('',(#2328));
#1960=FILL_AREA_STYLE('',(#2329));
#1961=FILL_AREA_STYLE('',(#2330));
#1962=FILL_AREA_STYLE('',(#2331));
#1963=FILL_AREA_STYLE('',(#2332));
#1964=FILL_AREA_STYLE('',(#2333));
#1965=FILL_AREA_STYLE('',(#2334));
#1966=FILL_AREA_STYLE('',(#2335));
#1967=FILL_AREA_STYLE('',(#2336));
#1968=FILL_AREA_STYLE('',(#2337));
#1969=FILL_AREA_STYLE('',(#2338));
#1970=FILL_AREA_STYLE('',(#2339));
#1971=FILL_AREA_STYLE('',(#2340));
#1972=FILL_AREA_STYLE('',(#2341));
#1973=FILL_AREA_STYLE('',(#2342));
#1974=FILL_AREA_STYLE('',(#2343));
#1975=FILL_AREA_STYLE('',(#2344));
#1976=FILL_AREA_STYLE('',(#2345));
#1977=FILL_AREA_STYLE('',(#2346));
#1978=FILL_AREA_STYLE('',(#2347));
#1979=FILL_AREA_STYLE('',(#2348));
#1980=FILL_AREA_STYLE('',(#2349));
#1981=FILL_AREA_STYLE('',(#2350));
#1982=FILL_AREA_STYLE('',(#2351));
#1983=FILL_AREA_STYLE('',(#2352));
#1984=FILL_AREA_STYLE('',(#2353));
#1985=FILL_AREA_STYLE('',(#2354));
#1986=FILL_AREA_STYLE('',(#2355));
#1987=FILL_AREA_STYLE('',(#2356));
#1988=FILL_AREA_STYLE('',(#2357));
#1989=FILL_AREA_STYLE('',(#2358));
#1990=FILL_AREA_STYLE('',(#2359));
#1991=FILL_AREA_STYLE('',(#2360));
#1992=FILL_AREA_STYLE('',(#2361));
#1993=FILL_AREA_STYLE('',(#2362));
#1994=FILL_AREA_STYLE('',(#2363));
#1995=FILL_AREA_STYLE('',(#2364));
#1996=FILL_AREA_STYLE('',(#2365));
#1997=FILL_AREA_STYLE('',(#2366));
#1998=FILL_AREA_STYLE('',(#2367));
#1999=FILL_AREA_STYLE('',(#2368));
#2000=FILL_AREA_STYLE('',(#2369));
#2001=FILL_AREA_STYLE('',(#2370));
#2002=FILL_AREA_STYLE('',(#2371));
#2003=FILL_AREA_STYLE('',(#2372));
#2004=FILL_AREA_STYLE('',(#2373));
#2005=FILL_AREA_STYLE('',(#2374));
#2006=FILL_AREA_STYLE('',(#2375));
#2007=FILL_AREA_STYLE('',(#2376));
#2008=FILL_AREA_STYLE('',(#2377));
#2009=FILL_AREA_STYLE('',(#2378));
#2010=FILL_AREA_STYLE('',(#2379));
#2011=FILL_AREA_STYLE('',(#2380));
#2012=FILL_AREA_STYLE('',(#2381));
#2013=FILL_AREA_STYLE('',(#2382));
#2014=FILL_AREA_STYLE('',(#2383));
#2015=FILL_AREA_STYLE('',(#2384));
#2016=FILL_AREA_STYLE('',(#2385));
#2017=FILL_AREA_STYLE('',(#2386));
#2018=FILL_AREA_STYLE('',(#2387));
#2019=FILL_AREA_STYLE('',(#2388));
#2020=FILL_AREA_STYLE('',(#2389));
#2021=FILL_AREA_STYLE('',(#2390));
#2022=FILL_AREA_STYLE('',(#2391));
#2023=FILL_AREA_STYLE('',(#2392));
#2024=FILL_AREA_STYLE('',(#2393));
#2025=FILL_AREA_STYLE('',(#2394));
#2026=FILL_AREA_STYLE('',(#2395));
#2027=FILL_AREA_STYLE('',(#2396));
#2028=FILL_AREA_STYLE('',(#2397));
#2029=FILL_AREA_STYLE('',(#2398));
#2030=FILL_AREA_STYLE('',(#2399));
#2031=FILL_AREA_STYLE('',(#2400));
#2032=FILL_AREA_STYLE('',(#2401));
#2033=FILL_AREA_STYLE('',(#2402));
#2034=FILL_AREA_STYLE('',(#2403));
#2035=FILL_AREA_STYLE('',(#2404));
#2036=FILL_AREA_STYLE('',(#2405));
#2037=FILL_AREA_STYLE('',(#2406));
#2038=FILL_AREA_STYLE('',(#2407));
#2039=FILL_AREA_STYLE('',(#2408));
#2040=FILL_AREA_STYLE('',(#2409));
#2041=FILL_AREA_STYLE('',(#2410));
#2042=FILL_AREA_STYLE('',(#2411));
#2043=FILL_AREA_STYLE('',(#2412));
#2044=FILL_AREA_STYLE('',(#2413));
#2045=FILL_AREA_STYLE('',(#2414));
#2046=FILL_AREA_STYLE('',(#2415));
#2047=FILL_AREA_STYLE('',(#2416));
#2048=FILL_AREA_STYLE('',(#2417));
#2049=FILL_AREA_STYLE('',(#2418));
#2050=FILL_AREA_STYLE('',(#2419));
#2051=FILL_AREA_STYLE('',(#2420));
#2052=FILL_AREA_STYLE('',(#2421));
#2053=FILL_AREA_STYLE('',(#2422));
#2054=FILL_AREA_STYLE('',(#2423));
#2055=FILL_AREA_STYLE('',(#2424));
#2056=FILL_AREA_STYLE('',(#2425));
#2057=FILL_AREA_STYLE('',(#2426));
#2058=FILL_AREA_STYLE('',(#2427));
#2059=FILL_AREA_STYLE('',(#2428));
#2060=FILL_AREA_STYLE('',(#2429));
#2061=FILL_AREA_STYLE('',(#2430));
#2062=FILL_AREA_STYLE('',(#2431));
#2063=FILL_AREA_STYLE('',(#2432));
#2064=FILL_AREA_STYLE('',(#2433));
#2065=FILL_AREA_STYLE('',(#2434));
#2066=FILL_AREA_STYLE('',(#2435));
#2067=FILL_AREA_STYLE('',(#2436));
#2068=FILL_AREA_STYLE('',(#2437));
#2069=FILL_AREA_STYLE('',(#2438));
#2070=FILL_AREA_STYLE('',(#2439));
#2071=FILL_AREA_STYLE('',(#2440));
#2072=FILL_AREA_STYLE('',(#2441));
#2073=FILL_AREA_STYLE('',(#2442));
#2074=FILL_AREA_STYLE('',(#2443));
#2075=FILL_AREA_STYLE('',(#2444));
#2076=FILL_AREA_STYLE('',(#2445));
#2077=FILL_AREA_STYLE('',(#2446));
#2078=FILL_AREA_STYLE('',(#2447));
#2079=FILL_AREA_STYLE('',(#2448));
#2080=FILL_AREA_STYLE('',(#2449));
#2081=FILL_AREA_STYLE('',(#2450));
#2082=FILL_AREA_STYLE('',(#2451));
#2083=FILL_AREA_STYLE('',(#2452));
#2084=FILL_AREA_STYLE('',(#2453));
#2085=FILL_AREA_STYLE('',(#2454));
#2086=FILL_AREA_STYLE('',(#2455));
#2087=FILL_AREA_STYLE('',(#2456));
#2088=FILL_AREA_STYLE('',(#2457));
#2089=FILL_AREA_STYLE('',(#2458));
#2090=FILL_AREA_STYLE('',(#2459));
#2091=FILL_AREA_STYLE('',(#2460));
#2092=FILL_AREA_STYLE('',(#2461));
#2093=FILL_AREA_STYLE('',(#2462));
#2094=FILL_AREA_STYLE('',(#2463));
#2095=FILL_AREA_STYLE('',(#2464));
#2096=FILL_AREA_STYLE('',(#2465));
#2097=FILL_AREA_STYLE('',(#2466));
#2098=FILL_AREA_STYLE('',(#2467));
#2099=FILL_AREA_STYLE('',(#2468));
#2100=FILL_AREA_STYLE('',(#2469));
#2101=FILL_AREA_STYLE('',(#2470));
#2102=FILL_AREA_STYLE('',(#2471));
#2103=FILL_AREA_STYLE('',(#2472));
#2104=FILL_AREA_STYLE('',(#2473));
#2105=FILL_AREA_STYLE('',(#2474));
#2106=FILL_AREA_STYLE('',(#2475));
#2107=FILL_AREA_STYLE('',(#2476));
#2108=FILL_AREA_STYLE('',(#2477));
#2109=FILL_AREA_STYLE('',(#2478));
#2110=FILL_AREA_STYLE('',(#2479));
#2111=FILL_AREA_STYLE('',(#2480));
#2112=FILL_AREA_STYLE('',(#2481));
#2113=FILL_AREA_STYLE('',(#2482));
#2114=FILL_AREA_STYLE('',(#2483));
#2115=FILL_AREA_STYLE('',(#2484));
#2116=FILL_AREA_STYLE('',(#2485));
#2117=FILL_AREA_STYLE('',(#2486));
#2118=FILL_AREA_STYLE('',(#2487));
#2119=FILL_AREA_STYLE('',(#2488));
#2120=FILL_AREA_STYLE('',(#2489));
#2121=FILL_AREA_STYLE('',(#2490));
#2122=FILL_AREA_STYLE('',(#2491));
#2123=FILL_AREA_STYLE('',(#2492));
#2124=FILL_AREA_STYLE('',(#2493));
#2125=FILL_AREA_STYLE('',(#2494));
#2126=FILL_AREA_STYLE('',(#2495));
#2127=FILL_AREA_STYLE('',(#2496));
#2128=FILL_AREA_STYLE('',(#2497));
#2129=FILL_AREA_STYLE('',(#2498));
#2130=FILL_AREA_STYLE('',(#2499));
#2131=FILL_AREA_STYLE('',(#2500));
#2132=FILL_AREA_STYLE('',(#2501));
#2133=FILL_AREA_STYLE('',(#2502));
#2134=FILL_AREA_STYLE('',(#2503));
#2135=FILL_AREA_STYLE('',(#2504));
#2136=FILL_AREA_STYLE('',(#2505));
#2137=FILL_AREA_STYLE('',(#2506));
#2138=FILL_AREA_STYLE('',(#2507));
#2139=FILL_AREA_STYLE('',(#2508));
#2140=FILL_AREA_STYLE('',(#2509));
#2141=FILL_AREA_STYLE('',(#2510));
#2142=FILL_AREA_STYLE('',(#2511));
#2143=FILL_AREA_STYLE('',(#2512));
#2144=FILL_AREA_STYLE('',(#2513));
#2145=FILL_AREA_STYLE('',(#2514));
#2146=FILL_AREA_STYLE('',(#2515));
#2147=FILL_AREA_STYLE('',(#2516));
#2148=FILL_AREA_STYLE('',(#2517));
#2149=FILL_AREA_STYLE('',(#2518));
#2150=FILL_AREA_STYLE('',(#2519));
#2151=FILL_AREA_STYLE('',(#2520));
#2152=FILL_AREA_STYLE('',(#2521));
#2153=FILL_AREA_STYLE('',(#2522));
#2154=FILL_AREA_STYLE('',(#2523));
#2155=FILL_AREA_STYLE('',(#2524));
#2156=FILL_AREA_STYLE('',(#2525));
#2157=FILL_AREA_STYLE('',(#2526));
#2158=FILL_AREA_STYLE('',(#2527));
#2159=FILL_AREA_STYLE('',(#2528));
#2160=FILL_AREA_STYLE('',(#2529));
#2161=FILL_AREA_STYLE('',(#2530));
#2162=FILL_AREA_STYLE('',(#2531));
#2163=FILL_AREA_STYLE('',(#2532));
#2164=FILL_AREA_STYLE('',(#2533));
#2165=FILL_AREA_STYLE('',(#2534));
#2166=FILL_AREA_STYLE('',(#2535));
#2167=FILL_AREA_STYLE('',(#2536));
#2168=FILL_AREA_STYLE('',(#2537));
#2169=FILL_AREA_STYLE('',(#2538));
#2170=FILL_AREA_STYLE('',(#2539));
#2171=FILL_AREA_STYLE('',(#2540));
#2172=FILL_AREA_STYLE('',(#2541));
#2173=FILL_AREA_STYLE('',(#2542));
#2174=FILL_AREA_STYLE('',(#2543));
#2175=FILL_AREA_STYLE('',(#2544));
#2176=FILL_AREA_STYLE('',(#2545));
#2177=FILL_AREA_STYLE('',(#2546));
#2178=FILL_AREA_STYLE('',(#2547));
#2179=FILL_AREA_STYLE('',(#2548));
#2180=FILL_AREA_STYLE('',(#2549));
#2181=FILL_AREA_STYLE('',(#2550));
#2182=FILL_AREA_STYLE('',(#2551));
#2183=FILL_AREA_STYLE('',(#2552));
#2184=FILL_AREA_STYLE('',(#2553));
#2185=FILL_AREA_STYLE('',(#2554));
#2186=FILL_AREA_STYLE('',(#2555));
#2187=FILL_AREA_STYLE('',(#2556));
#2188=FILL_AREA_STYLE('',(#2557));
#2189=FILL_AREA_STYLE('',(#2558));
#2190=FILL_AREA_STYLE('',(#2559));
#2191=FILL_AREA_STYLE('',(#2560));
#2192=FILL_AREA_STYLE('',(#2561));
#2193=FILL_AREA_STYLE('',(#2562));
#2194=FILL_AREA_STYLE('',(#2563));
#2195=FILL_AREA_STYLE('',(#2564));
#2196=FILL_AREA_STYLE('',(#2565));
#2197=FILL_AREA_STYLE('',(#2566));
#2198=FILL_AREA_STYLE('',(#2567));
#2199=FILL_AREA_STYLE('',(#2568));
#2200=FILL_AREA_STYLE('',(#2569));
#2201=FILL_AREA_STYLE('',(#2570));
#2202=FILL_AREA_STYLE('',(#2571));
#2203=FILL_AREA_STYLE('',(#2572));
#2204=FILL_AREA_STYLE('',(#2573));
#2205=FILL_AREA_STYLE('',(#2574));
#2206=FILL_AREA_STYLE('',(#2575));
#2207=FILL_AREA_STYLE('',(#2576));
#2208=FILL_AREA_STYLE('',(#2577));
#2209=FILL_AREA_STYLE('',(#2578));
#2210=FILL_AREA_STYLE('',(#2579));
#2211=FILL_AREA_STYLE('',(#2580));
#2212=FILL_AREA_STYLE('',(#2581));
#2213=FILL_AREA_STYLE('',(#2582));
#2214=FILL_AREA_STYLE('',(#2583));
#2215=FILL_AREA_STYLE('',(#2584));
#2216=FILL_AREA_STYLE('',(#2585));
#2217=FILL_AREA_STYLE('',(#2586));
#2218=FILL_AREA_STYLE('',(#2587));
#2219=FILL_AREA_STYLE('',(#2588));
#2220=FILL_AREA_STYLE('',(#2589));
#2221=FILL_AREA_STYLE('',(#2590));
#2222=FILL_AREA_STYLE('',(#2591));
#2223=FILL_AREA_STYLE('',(#2592));
#2224=FILL_AREA_STYLE('',(#2593));
#2225=FILL_AREA_STYLE('',(#2594));
#2226=FILL_AREA_STYLE('',(#2595));
#2227=FILL_AREA_STYLE('',(#2596));
#2228=FILL_AREA_STYLE('',(#2597));
#2229=FILL_AREA_STYLE('',(#2598));
#2230=FILL_AREA_STYLE('',(#2599));
#2231=FILL_AREA_STYLE('',(#2600));
#2232=FILL_AREA_STYLE('',(#2601));
#2233=FILL_AREA_STYLE('',(#2602));
#2234=FILL_AREA_STYLE('',(#2603));
#2235=FILL_AREA_STYLE('',(#2604));
#2236=FILL_AREA_STYLE('',(#2605));
#2237=FILL_AREA_STYLE('',(#2606));
#2238=FILL_AREA_STYLE_COLOUR('',#2607);
#2239=FILL_AREA_STYLE_COLOUR('',#2608);
#2240=FILL_AREA_STYLE_COLOUR('',#2608);
#2241=FILL_AREA_STYLE_COLOUR('',#2608);
#2242=FILL_AREA_STYLE_COLOUR('',#2608);
#2243=FILL_AREA_STYLE_COLOUR('',#2608);
#2244=FILL_AREA_STYLE_COLOUR('',#2608);
#2245=FILL_AREA_STYLE_COLOUR('',#2608);
#2246=FILL_AREA_STYLE_COLOUR('',#2608);
#2247=FILL_AREA_STYLE_COLOUR('',#2608);
#2248=FILL_AREA_STYLE_COLOUR('',#2608);
#2249=FILL_AREA_STYLE_COLOUR('',#2608);
#2250=FILL_AREA_STYLE_COLOUR('',#2608);
#2251=FILL_AREA_STYLE_COLOUR('',#2608);
#2252=FILL_AREA_STYLE_COLOUR('',#2608);
#2253=FILL_AREA_STYLE_COLOUR('',#2608);
#2254=FILL_AREA_STYLE_COLOUR('',#2608);
#2255=FILL_AREA_STYLE_COLOUR('',#2608);
#2256=FILL_AREA_STYLE_COLOUR('',#2608);
#2257=FILL_AREA_STYLE_COLOUR('',#2608);
#2258=FILL_AREA_STYLE_COLOUR('',#2608);
#2259=FILL_AREA_STYLE_COLOUR('',#2608);
#2260=FILL_AREA_STYLE_COLOUR('',#2608);
#2261=FILL_AREA_STYLE_COLOUR('',#2608);
#2262=FILL_AREA_STYLE_COLOUR('',#2608);
#2263=FILL_AREA_STYLE_COLOUR('',#2608);
#2264=FILL_AREA_STYLE_COLOUR('',#2608);
#2265=FILL_AREA_STYLE_COLOUR('',#2608);
#2266=FILL_AREA_STYLE_COLOUR('',#2608);
#2267=FILL_AREA_STYLE_COLOUR('',#2608);
#2268=FILL_AREA_STYLE_COLOUR('',#2608);
#2269=FILL_AREA_STYLE_COLOUR('',#2608);
#2270=FILL_AREA_STYLE_COLOUR('',#2608);
#2271=FILL_AREA_STYLE_COLOUR('',#2608);
#2272=FILL_AREA_STYLE_COLOUR('',#2608);
#2273=FILL_AREA_STYLE_COLOUR('',#2608);
#2274=FILL_AREA_STYLE_COLOUR('',#2608);
#2275=FILL_AREA_STYLE_COLOUR('',#2608);
#2276=FILL_AREA_STYLE_COLOUR('',#2608);
#2277=FILL_AREA_STYLE_COLOUR('',#2608);
#2278=FILL_AREA_STYLE_COLOUR('',#2608);
#2279=FILL_AREA_STYLE_COLOUR('',#2608);
#2280=FILL_AREA_STYLE_COLOUR('',#2608);
#2281=FILL_AREA_STYLE_COLOUR('',#2608);
#2282=FILL_AREA_STYLE_COLOUR('',#2608);
#2283=FILL_AREA_STYLE_COLOUR('',#2608);
#2284=FILL_AREA_STYLE_COLOUR('',#2608);
#2285=FILL_AREA_STYLE_COLOUR('',#2608);
#2286=FILL_AREA_STYLE_COLOUR('',#2608);
#2287=FILL_AREA_STYLE_COLOUR('',#2608);
#2288=FILL_AREA_STYLE_COLOUR('',#2608);
#2289=FILL_AREA_STYLE_COLOUR('',#2608);
#2290=FILL_AREA_STYLE_COLOUR('',#2608);
#2291=FILL_AREA_STYLE_COLOUR('',#2608);
#2292=FILL_AREA_STYLE_COLOUR('',#2608);
#2293=FILL_AREA_STYLE_COLOUR('',#2608);
#2294=FILL_AREA_STYLE_COLOUR('',#2608);
#2295=FILL_AREA_STYLE_COLOUR('',#2608);
#2296=FILL_AREA_STYLE_COLOUR('',#2608);
#2297=FILL_AREA_STYLE_COLOUR('',#2608);
#2298=FILL_AREA_STYLE_COLOUR('',#2608);
#2299=FILL_AREA_STYLE_COLOUR('',#2608);
#2300=FILL_AREA_STYLE_COLOUR('',#2608);
#2301=FILL_AREA_STYLE_COLOUR('',#2608);
#2302=FILL_AREA_STYLE_COLOUR('',#2608);
#2303=FILL_AREA_STYLE_COLOUR('',#2608);
#2304=FILL_AREA_STYLE_COLOUR('',#2608);
#2305=FILL_AREA_STYLE_COLOUR('',#2608);
#2306=FILL_AREA_STYLE_COLOUR('',#2608);
#2307=FILL_AREA_STYLE_COLOUR('',#2608);
#2308=FILL_AREA_STYLE_COLOUR('',#2608);
#2309=FILL_AREA_STYLE_COLOUR('',#2608);
#2310=FILL_AREA_STYLE_COLOUR('',#2608);
#2311=FILL_AREA_STYLE_COLOUR('',#2608);
#2312=FILL_AREA_STYLE_COLOUR('',#2608);
#2313=FILL_AREA_STYLE_COLOUR('',#2608);
#2314=FILL_AREA_STYLE_COLOUR('',#2608);
#2315=FILL_AREA_STYLE_COLOUR('',#2608);
#2316=FILL_AREA_STYLE_COLOUR('',#2608);
#2317=FILL_AREA_STYLE_COLOUR('',#2608);
#2318=FILL_AREA_STYLE_COLOUR('',#2608);
#2319=FILL_AREA_STYLE_COLOUR('',#2608);
#2320=FILL_AREA_STYLE_COLOUR('',#2608);
#2321=FILL_AREA_STYLE_COLOUR('',#2608);
#2322=FILL_AREA_STYLE_COLOUR('',#2608);
#2323=FILL_AREA_STYLE_COLOUR('',#2608);
#2324=FILL_AREA_STYLE_COLOUR('',#2608);
#2325=FILL_AREA_STYLE_COLOUR('',#2608);
#2326=FILL_AREA_STYLE_COLOUR('',#2608);
#2327=FILL_AREA_STYLE_COLOUR('',#2608);
#2328=FILL_AREA_STYLE_COLOUR('',#2608);
#2329=FILL_AREA_STYLE_COLOUR('',#2608);
#2330=FILL_AREA_STYLE_COLOUR('',#2608);
#2331=FILL_AREA_STYLE_COLOUR('',#2608);
#2332=FILL_AREA_STYLE_COLOUR('',#2608);
#2333=FILL_AREA_STYLE_COLOUR('',#2608);
#2334=FILL_AREA_STYLE_COLOUR('',#2608);
#2335=FILL_AREA_STYLE_COLOUR('',#2608);
#2336=FILL_AREA_STYLE_COLOUR('',#2608);
#2337=FILL_AREA_STYLE_COLOUR('',#2608);
#2338=FILL_AREA_STYLE_COLOUR('',#2608);
#2339=FILL_AREA_STYLE_COLOUR('',#2608);
#2340=FILL_AREA_STYLE_COLOUR('',#2608);
#2341=FILL_AREA_STYLE_COLOUR('',#2608);
#2342=FILL_AREA_STYLE_COLOUR('',#2608);
#2343=FILL_AREA_STYLE_COLOUR('',#2608);
#2344=FILL_AREA_STYLE_COLOUR('',#2608);
#2345=FILL_AREA_STYLE_COLOUR('',#2608);
#2346=FILL_AREA_STYLE_COLOUR('',#2608);
#2347=FILL_AREA_STYLE_COLOUR('',#2608);
#2348=FILL_AREA_STYLE_COLOUR('',#2608);
#2349=FILL_AREA_STYLE_COLOUR('',#2608);
#2350=FILL_AREA_STYLE_COLOUR('',#2608);
#2351=FILL_AREA_STYLE_COLOUR('',#2608);
#2352=FILL_AREA_STYLE_COLOUR('',#2608);
#2353=FILL_AREA_STYLE_COLOUR('',#2608);
#2354=FILL_AREA_STYLE_COLOUR('',#2608);
#2355=FILL_AREA_STYLE_COLOUR('',#2608);
#2356=FILL_AREA_STYLE_COLOUR('',#2608);
#2357=FILL_AREA_STYLE_COLOUR('',#2608);
#2358=FILL_AREA_STYLE_COLOUR('',#2608);
#2359=FILL_AREA_STYLE_COLOUR('',#2608);
#2360=FILL_AREA_STYLE_COLOUR('',#2608);
#2361=FILL_AREA_STYLE_COLOUR('',#2608);
#2362=FILL_AREA_STYLE_COLOUR('',#2608);
#2363=FILL_AREA_STYLE_COLOUR('',#2608);
#2364=FILL_AREA_STYLE_COLOUR('',#2608);
#2365=FILL_AREA_STYLE_COLOUR('',#2608);
#2366=FILL_AREA_STYLE_COLOUR('',#2608);
#2367=FILL_AREA_STYLE_COLOUR('',#2608);
#2368=FILL_AREA_STYLE_COLOUR('',#2608);
#2369=FILL_AREA_STYLE_COLOUR('',#2608);
#2370=FILL_AREA_STYLE_COLOUR('',#2608);
#2371=FILL_AREA_STYLE_COLOUR('',#2608);
#2372=FILL_AREA_STYLE_COLOUR('',#2608);
#2373=FILL_AREA_STYLE_COLOUR('',#2608);
#2374=FILL_AREA_STYLE_COLOUR('',#2608);
#2375=FILL_AREA_STYLE_COLOUR('',#2608);
#2376=FILL_AREA_STYLE_COLOUR('',#2608);
#2377=FILL_AREA_STYLE_COLOUR('',#2608);
#2378=FILL_AREA_STYLE_COLOUR('',#2608);
#2379=FILL_AREA_STYLE_COLOUR('',#2608);
#2380=FILL_AREA_STYLE_COLOUR('',#2608);
#2381=FILL_AREA_STYLE_COLOUR('',#2608);
#2382=FILL_AREA_STYLE_COLOUR('',#2608);
#2383=FILL_AREA_STYLE_COLOUR('',#2608);
#2384=FILL_AREA_STYLE_COLOUR('',#2608);
#2385=FILL_AREA_STYLE_COLOUR('',#2608);
#2386=FILL_AREA_STYLE_COLOUR('',#2608);
#2387=FILL_AREA_STYLE_COLOUR('',#2608);
#2388=FILL_AREA_STYLE_COLOUR('',#2608);
#2389=FILL_AREA_STYLE_COLOUR('',#2608);
#2390=FILL_AREA_STYLE_COLOUR('',#2608);
#2391=FILL_AREA_STYLE_COLOUR('',#2608);
#2392=FILL_AREA_STYLE_COLOUR('',#2608);
#2393=FILL_AREA_STYLE_COLOUR('',#2608);
#2394=FILL_AREA_STYLE_COLOUR('',#2608);
#2395=FILL_AREA_STYLE_COLOUR('',#2608);
#2396=FILL_AREA_STYLE_COLOUR('',#2608);
#2397=FILL_AREA_STYLE_COLOUR('',#2608);
#2398=FILL_AREA_STYLE_COLOUR('',#2608);
#2399=FILL_AREA_STYLE_COLOUR('',#2608);
#2400=FILL_AREA_STYLE_COLOUR('',#2608);
#2401=FILL_AREA_STYLE_COLOUR('',#2608);
#2402=FILL_AREA_STYLE_COLOUR('',#2608);
#2403=FILL_AREA_STYLE_COLOUR('',#2608);
#2404=FILL_AREA_STYLE_COLOUR('',#2608);
#2405=FILL_AREA_STYLE_COLOUR('',#2608);
#2406=FILL_AREA_STYLE_COLOUR('',#2608);
#2407=FILL_AREA_STYLE_COLOUR('',#2608);
#2408=FILL_AREA_STYLE_COLOUR('',#2608);
#2409=FILL_AREA_STYLE_COLOUR('',#2608);
#2410=FILL_AREA_STYLE_COLOUR('',#2608);
#2411=FILL_AREA_STYLE_COLOUR('',#2608);
#2412=FILL_AREA_STYLE_COLOUR('',#2608);
#2413=FILL_AREA_STYLE_COLOUR('',#2608);
#2414=FILL_AREA_STYLE_COLOUR('',#2608);
#2415=FILL_AREA_STYLE_COLOUR('',#2608);
#2416=FILL_AREA_STYLE_COLOUR('',#2608);
#2417=FILL_AREA_STYLE_COLOUR('',#2608);
#2418=FILL_AREA_STYLE_COLOUR('',#2608);
#2419=FILL_AREA_STYLE_COLOUR('',#2608);
#2420=FILL_AREA_STYLE_COLOUR('',#2608);
#2421=FILL_AREA_STYLE_COLOUR('',#2608);
#2422=FILL_AREA_STYLE_COLOUR('',#2608);
#2423=FILL_AREA_STYLE_COLOUR('',#2608);
#2424=FILL_AREA_STYLE_COLOUR('',#2608);
#2425=FILL_AREA_STYLE_COLOUR('',#2608);
#2426=FILL_AREA_STYLE_COLOUR('',#2608);
#2427=FILL_AREA_STYLE_COLOUR('',#2608);
#2428=FILL_AREA_STYLE_COLOUR('',#2608);
#2429=FILL_AREA_STYLE_COLOUR('',#2608);
#2430=FILL_AREA_STYLE_COLOUR('',#2608);
#2431=FILL_AREA_STYLE_COLOUR('',#2608);
#2432=FILL_AREA_STYLE_COLOUR('',#2608);
#2433=FILL_AREA_STYLE_COLOUR('',#2608);
#2434=FILL_AREA_STYLE_COLOUR('',#2608);
#2435=FILL_AREA_STYLE_COLOUR('',#2608);
#2436=FILL_AREA_STYLE_COLOUR('',#2608);
#2437=FILL_AREA_STYLE_COLOUR('',#2608);
#2438=FILL_AREA_STYLE_COLOUR('',#2608);
#2439=FILL_AREA_STYLE_COLOUR('',#2608);
#2440=FILL_AREA_STYLE_COLOUR('',#2608);
#2441=FILL_AREA_STYLE_COLOUR('',#2608);
#2442=FILL_AREA_STYLE_COLOUR('',#2608);
#2443=FILL_AREA_STYLE_COLOUR('',#2608);
#2444=FILL_AREA_STYLE_COLOUR('',#2608);
#2445=FILL_AREA_STYLE_COLOUR('',#2608);
#2446=FILL_AREA_STYLE_COLOUR('',#2608);
#2447=FILL_AREA_STYLE_COLOUR('',#2608);
#2448=FILL_AREA_STYLE_COLOUR('',#2608);
#2449=FILL_AREA_STYLE_COLOUR('',#2608);
#2450=FILL_AREA_STYLE_COLOUR('',#2608);
#2451=FILL_AREA_STYLE_COLOUR('',#2608);
#2452=FILL_AREA_STYLE_COLOUR('',#2608);
#2453=FILL_AREA_STYLE_COLOUR('',#2608);
#2454=FILL_AREA_STYLE_COLOUR('',#2608);
#2455=FILL_AREA_STYLE_COLOUR('',#2608);
#2456=FILL_AREA_STYLE_COLOUR('',#2608);
#2457=FILL_AREA_STYLE_COLOUR('',#2608);
#2458=FILL_AREA_STYLE_COLOUR('',#2608);
#2459=FILL_AREA_STYLE_COLOUR('',#2608);
#2460=FILL_AREA_STYLE_COLOUR('',#2608);
#2461=FILL_AREA_STYLE_COLOUR('',#2608);
#2462=FILL_AREA_STYLE_COLOUR('',#2608);
#2463=FILL_AREA_STYLE_COLOUR('',#2608);
#2464=FILL_AREA_STYLE_COLOUR('',#2608);
#2465=FILL_AREA_STYLE_COLOUR('',#2608);
#2466=FILL_AREA_STYLE_COLOUR('',#2608);
#2467=FILL_AREA_STYLE_COLOUR('',#2608);
#2468=FILL_AREA_STYLE_COLOUR('',#2608);
#2469=FILL_AREA_STYLE_COLOUR('',#2608);
#2470=FILL_AREA_STYLE_COLOUR('',#2608);
#2471=FILL_AREA_STYLE_COLOUR('',#2608);
#2472=FILL_AREA_STYLE_COLOUR('',#2608);
#2473=FILL_AREA_STYLE_COLOUR('',#2608);
#2474=FILL_AREA_STYLE_COLOUR('',#2608);
#2475=FILL_AREA_STYLE_COLOUR('',#2608);
#2476=FILL_AREA_STYLE_COLOUR('',#2608);
#2477=FILL_AREA_STYLE_COLOUR('',#2608);
#2478=FILL_AREA_STYLE_COLOUR('',#2608);
#2479=FILL_AREA_STYLE_COLOUR('',#2608);
#2480=FILL_AREA_STYLE_COLOUR('',#2608);
#2481=FILL_AREA_STYLE_COLOUR('',#2608);
#2482=FILL_AREA_STYLE_COLOUR('',#2608);
#2483=FILL_AREA_STYLE_COLOUR('',#2608);
#2484=FILL_AREA_STYLE_COLOUR('',#2608);
#2485=FILL_AREA_STYLE_COLOUR('',#2608);
#2486=FILL_AREA_STYLE_COLOUR('',#2608);
#2487=FILL_AREA_STYLE_COLOUR('',#2608);
#2488=FILL_AREA_STYLE_COLOUR('',#2608);
#2489=FILL_AREA_STYLE_COLOUR('',#2608);
#2490=FILL_AREA_STYLE_COLOUR('',#2608);
#2491=FILL_AREA_STYLE_COLOUR('',#2608);
#2492=FILL_AREA_STYLE_COLOUR('',#2608);
#2493=FILL_AREA_STYLE_COLOUR('',#2608);
#2494=FILL_AREA_STYLE_COLOUR('',#2608);
#2495=FILL_AREA_STYLE_COLOUR('',#2608);
#2496=FILL_AREA_STYLE_COLOUR('',#2608);
#2497=FILL_AREA_STYLE_COLOUR('',#2608);
#2498=FILL_AREA_STYLE_COLOUR('',#2608);
#2499=FILL_AREA_STYLE_COLOUR('',#2608);
#2500=FILL_AREA_STYLE_COLOUR('',#2608);
#2501=FILL_AREA_STYLE_COLOUR('',#2608);
#2502=FILL_AREA_STYLE_COLOUR('',#2608);
#2503=FILL_AREA_STYLE_COLOUR('',#2608);
#2504=FILL_AREA_STYLE_COLOUR('',#2608);
#2505=FILL_AREA_STYLE_COLOUR('',#2608);
#2506=FILL_AREA_STYLE_COLOUR('',#2608);
#2507=FILL_AREA_STYLE_COLOUR('',#2608);
#2508=FILL_AREA_STYLE_COLOUR('',#2608);
#2509=FILL_AREA_STYLE_COLOUR('',#2608);
#2510=FILL_AREA_STYLE_COLOUR('',#2608);
#2511=FILL_AREA_STYLE_COLOUR('',#2608);
#2512=FILL_AREA_STYLE_COLOUR('',#2608);
#2513=FILL_AREA_STYLE_COLOUR('',#2608);
#2514=FILL_AREA_STYLE_COLOUR('',#2608);
#2515=FILL_AREA_STYLE_COLOUR('',#2608);
#2516=FILL_AREA_STYLE_COLOUR('',#2608);
#2517=FILL_AREA_STYLE_COLOUR('',#2608);
#2518=FILL_AREA_STYLE_COLOUR('',#2608);
#2519=FILL_AREA_STYLE_COLOUR('',#2608);
#2520=FILL_AREA_STYLE_COLOUR('',#2608);
#2521=FILL_AREA_STYLE_COLOUR('',#2608);
#2522=FILL_AREA_STYLE_COLOUR('',#2608);
#2523=FILL_AREA_STYLE_COLOUR('',#2608);
#2524=FILL_AREA_STYLE_COLOUR('',#2608);
#2525=FILL_AREA_STYLE_COLOUR('',#2608);
#2526=FILL_AREA_STYLE_COLOUR('',#2608);
#2527=FILL_AREA_STYLE_COLOUR('',#2608);
#2528=FILL_AREA_STYLE_COLOUR('',#2608);
#2529=FILL_AREA_STYLE_COLOUR('',#2608);
#2530=FILL_AREA_STYLE_COLOUR('',#2608);
#2531=FILL_AREA_STYLE_COLOUR('',#2608);
#2532=FILL_AREA_STYLE_COLOUR('',#2608);
#2533=FILL_AREA_STYLE_COLOUR('',#2608);
#2534=FILL_AREA_STYLE_COLOUR('',#2608);
#2535=FILL_AREA_STYLE_COLOUR('',#2608);
#2536=FILL_AREA_STYLE_COLOUR('',#2608);
#2537=FILL_AREA_STYLE_COLOUR('',#2608);
#2538=FILL_AREA_STYLE_COLOUR('',#2608);
#2539=FILL_AREA_STYLE_COLOUR('',#2608);
#2540=FILL_AREA_STYLE_COLOUR('',#2608);
#2541=FILL_AREA_STYLE_COLOUR('',#2608);
#2542=FILL_AREA_STYLE_COLOUR('',#2608);
#2543=FILL_AREA_STYLE_COLOUR('',#2608);
#2544=FILL_AREA_STYLE_COLOUR('',#2608);
#2545=FILL_AREA_STYLE_COLOUR('',#2608);
#2546=FILL_AREA_STYLE_COLOUR('',#2608);
#2547=FILL_AREA_STYLE_COLOUR('',#2608);
#2548=FILL_AREA_STYLE_COLOUR('',#2608);
#2549=FILL_AREA_STYLE_COLOUR('',#2608);
#2550=FILL_AREA_STYLE_COLOUR('',#2608);
#2551=FILL_AREA_STYLE_COLOUR('',#2608);
#2552=FILL_AREA_STYLE_COLOUR('',#2608);
#2553=FILL_AREA_STYLE_COLOUR('',#2608);
#2554=FILL_AREA_STYLE_COLOUR('',#2608);
#2555=FILL_AREA_STYLE_COLOUR('',#2608);
#2556=FILL_AREA_STYLE_COLOUR('',#2608);
#2557=FILL_AREA_STYLE_COLOUR('',#2608);
#2558=FILL_AREA_STYLE_COLOUR('',#2608);
#2559=FILL_AREA_STYLE_COLOUR('',#2608);
#2560=FILL_AREA_STYLE_COLOUR('',#2608);
#2561=FILL_AREA_STYLE_COLOUR('',#2608);
#2562=FILL_AREA_STYLE_COLOUR('',#2608);
#2563=FILL_AREA_STYLE_COLOUR('',#2608);
#2564=FILL_AREA_STYLE_COLOUR('',#2608);
#2565=FILL_AREA_STYLE_COLOUR('',#2608);
#2566=FILL_AREA_STYLE_COLOUR('',#2608);
#2567=FILL_AREA_STYLE_COLOUR('',#2608);
#2568=FILL_AREA_STYLE_COLOUR('',#2608);
#2569=FILL_AREA_STYLE_COLOUR('',#2608);
#2570=FILL_AREA_STYLE_COLOUR('',#2608);
#2571=FILL_AREA_STYLE_COLOUR('',#2608);
#2572=FILL_AREA_STYLE_COLOUR('',#2608);
#2573=FILL_AREA_STYLE_COLOUR('',#2608);
#2574=FILL_AREA_STYLE_COLOUR('',#2608);
#2575=FILL_AREA_STYLE_COLOUR('',#2608);
#2576=FILL_AREA_STYLE_COLOUR('',#2608);
#2577=FILL_AREA_STYLE_COLOUR('',#2608);
#2578=FILL_AREA_STYLE_COLOUR('',#2608);
#2579=FILL_AREA_STYLE_COLOUR('',#2608);
#2580=FILL_AREA_STYLE_COLOUR('',#2608);
#2581=FILL_AREA_STYLE_COLOUR('',#2608);
#2582=FILL_AREA_STYLE_COLOUR('',#2608);
#2583=FILL_AREA_STYLE_COLOUR('',#2608);
#2584=FILL_AREA_STYLE_COLOUR('',#2608);
#2585=FILL_AREA_STYLE_COLOUR('',#2608);
#2586=FILL_AREA_STYLE_COLOUR('',#2608);
#2587=FILL_AREA_STYLE_COLOUR('',#2608);
#2588=FILL_AREA_STYLE_COLOUR('',#2608);
#2589=FILL_AREA_STYLE_COLOUR('',#2608);
#2590=FILL_AREA_STYLE_COLOUR('',#2608);
#2591=FILL_AREA_STYLE_COLOUR('',#2608);
#2592=FILL_AREA_STYLE_COLOUR('',#2608);
#2593=FILL_AREA_STYLE_COLOUR('',#2608);
#2594=FILL_AREA_STYLE_COLOUR('',#2608);
#2595=FILL_AREA_STYLE_COLOUR('',#2608);
#2596=FILL_AREA_STYLE_COLOUR('',#2608);
#2597=FILL_AREA_STYLE_COLOUR('',#2608);
#2598=FILL_AREA_STYLE_COLOUR('',#2608);
#2599=FILL_AREA_STYLE_COLOUR('',#2608);
#2600=FILL_AREA_STYLE_COLOUR('',#2608);
#2601=FILL_AREA_STYLE_COLOUR('',#2608);
#2602=FILL_AREA_STYLE_COLOUR('',#2608);
#2603=FILL_AREA_STYLE_COLOUR('',#2608);
#2604=FILL_AREA_STYLE_COLOUR('',#2608);
#2605=FILL_AREA_STYLE_COLOUR('',#2608);
#2606=FILL_AREA_STYLE_COLOUR('',#2608);
#2607=COLOUR_RGB('LIGHT_BLUE',0.,0.65999847409781,1.);
#2608=COLOUR_RGB('GOLDEN_ORANGE',1.,0.65999847409781,0.);
#2609=MANIFOLD_SOLID_BREP('',#2610);
#2610=CLOSED_SHELL('',(#3077,#3078,#3079,#3080,#3081,#3082,#3083,#3084,
#3085,#3086,#3087,#3088,#3089,#3090,#3091,#3092,#3093,#3094,#3095,#3096,
#3097,#3098,#3099,#3100,#3101,#3102,#3103,#3104,#3105,#3106,#3107,#3108,
#3109,#3110,#3111,#3112,#3113,#3114,#3115,#3116,#3117,#3118,#3119,#3120,
#3121,#3122,#3123,#3124,#3125,#3126,#3127,#3128,#3129,#3130,#3131,#3132,
#3133,#3134,#3135,#3136,#3137,#3138,#3139,#3140,#3141,#3142,#3143,#3144,
#3145,#3146,#3147,#3148,#3149,#3150,#3151,#3152,#3153,#3154,#3155,#3156,
#3157,#3158,#3159,#3160,#3161,#3162,#3163,#3164,#3165,#3166,#3167,#3168,
#3169,#3170,#3171,#3172,#3173,#3174,#3175,#3176,#3177,#3178,#3179,#3180,
#3181,#3182,#3183,#3184,#3185,#3186,#3187,#3188,#3189,#3190,#3191,#3192,
#3193,#3194,#3195,#3196,#3197,#3198,#3199,#3200,#3201,#3202,#3203,#3204,
#3205,#3206,#3207,#3208,#3209,#3210,#3211,#3212,#3213,#3214,#3215,#3216,
#3217,#3218,#3219,#3220,#3221,#3222,#3223,#3224,#3225,#3226,#3227,#3228,
#3229,#3230,#3231,#3232,#3233,#3234,#3235,#3236,#3237,#3238,#3239,#3240,
#3241,#3242,#3243,#3244,#3245,#3246,#3247,#3248,#3249,#3250,#3251,#3252,
#3253,#3254,#3255,#3256,#3257,#3258,#3259,#3260,#3261,#3262,#3263,#3264,
#3265,#3266,#3267,#3268,#3269,#3270,#3271,#3272,#3273,#3274,#3275,#3276,
#3277,#3278,#3279,#3280,#3281,#3282,#3283,#3284,#3285,#3286,#3287,#3288,
#3289,#3290,#3291,#3292,#3293,#3294,#3295,#3296,#3297,#3298,#3299,#3300,
#3301,#3302,#3303,#3304,#3305,#3306,#3307,#3308,#3309,#3310,#3311,#3312,
#3313,#3314,#3315,#3316,#3317,#3318,#3319,#3320,#3321,#3322,#3323,#3324,
#3325,#3326,#3327,#3328,#3329,#3330,#3331,#3332,#3333,#3334,#3335,#3336,
#3337,#3338,#3339,#3340,#3341,#3342,#3343,#3344,#3345,#3346,#3347,#3348,
#3349,#3350,#3351,#3352,#3353,#3354,#3355,#3356,#3357,#3358,#3359,#3360,
#3361,#3362,#3363,#3364,#3365,#3366,#3367,#3368,#3369,#3370,#3371,#3372,
#3373,#3374,#3375,#3376,#3377,#3378,#3379,#3380,#3381,#3382,#3383,#3384,
#3385,#3386,#3387,#3388,#3389,#3390,#3391,#3392,#3393,#3394,#3395,#3396,
#3397,#3398,#3399,#3400,#3401,#3402,#3403,#3404,#3405,#3406,#3407,#3408,
#3409,#3410,#3411,#3412,#3413,#3414,#3415,#3416,#3417,#3418,#3419,#3420,
#3421,#3422,#3423,#3424,#3425,#3426,#3427,#3428,#3429,#3430,#3431,#3432,
#3433,#3434,#3435,#3436,#3437,#3438,#3439,#3440,#3441,#3442,#3443,#3444,
#3445,#3446,#3447,#3448,#3449,#3450,#3451,#3452,#3453,#3454,#3455,#3456,
#3457,#3458,#3459,#3460,#3461,#3462,#3463,#3464,#3465,#3466,#3467,#3468,
#3469,#3470,#3471,#3472,#3473,#3474,#3475,#3476,#3477,#3478,#3479,#3480,
#3481,#3482,#3483,#3484,#3485,#3486,#3487,#3488,#3489,#3490,#3491,#3492,
#3493,#3494,#3495,#3496,#3497,#3498,#3499,#3500,#3501,#3502,#3503,#3504,
#3505,#3506,#3507,#3508,#3509,#3510,#3511,#3512,#3513,#3514,#3515,#3516,
#3517,#3518,#3519,#3520,#3521,#3522,#3523,#3524,#3525,#3526,#3527,#3528,
#3529,#3530,#3531,#3532,#3533,#3534,#3535,#3536,#3537,#3538,#3539,#3540,
#3541,#3542,#3543,#3544,#3545,#3546,#3547,#3548,#3549,#3550,#3551,#3552,
#3553,#3554,#3555,#3556,#3557,#3558,#3559,#3560,#3561,#3562,#3563,#3564,
#3565,#3566,#3567,#3568,#3569,#3570,#3571,#3572));
#2611=CYLINDRICAL_SURFACE('',#11006,0.299999999999992);
#2612=CYLINDRICAL_SURFACE('',#11011,0.299999999999991);
#2613=CYLINDRICAL_SURFACE('',#11014,0.299999999999992);
#2614=CYLINDRICAL_SURFACE('',#11019,0.299999999999991);
#2615=CYLINDRICAL_SURFACE('',#11022,0.299999999999992);
#2616=CYLINDRICAL_SURFACE('',#11027,0.299999999999991);
#2617=CYLINDRICAL_SURFACE('',#11030,0.299999999999992);
#2618=CYLINDRICAL_SURFACE('',#11035,0.299999999999991);
#2619=CYLINDRICAL_SURFACE('',#11038,0.299999999999992);
#2620=CYLINDRICAL_SURFACE('',#11043,0.299999999999991);
#2621=CYLINDRICAL_SURFACE('',#11046,0.299999999999992);
#2622=CYLINDRICAL_SURFACE('',#11051,0.299999999999991);
#2623=CYLINDRICAL_SURFACE('',#11054,0.299999999999992);
#2624=CYLINDRICAL_SURFACE('',#11059,0.299999999999991);
#2625=CYLINDRICAL_SURFACE('',#11062,0.299999999999992);
#2626=CYLINDRICAL_SURFACE('',#11067,0.299999999999991);
#2627=CYLINDRICAL_SURFACE('',#11070,0.299999999999992);
#2628=CYLINDRICAL_SURFACE('',#11075,0.299999999999991);
#2629=CYLINDRICAL_SURFACE('',#11078,0.299999999999992);
#2630=CYLINDRICAL_SURFACE('',#11083,0.299999999999991);
#2631=CYLINDRICAL_SURFACE('',#11086,0.299999999999992);
#2632=CYLINDRICAL_SURFACE('',#11091,0.299999999999991);
#2633=CYLINDRICAL_SURFACE('',#11094,0.299999999999992);
#2634=CYLINDRICAL_SURFACE('',#11099,0.299999999999991);
#2635=CYLINDRICAL_SURFACE('',#11102,0.299999999999992);
#2636=CYLINDRICAL_SURFACE('',#11107,0.299999999999991);
#2637=CYLINDRICAL_SURFACE('',#11110,0.299999999999992);
#2638=CYLINDRICAL_SURFACE('',#11115,0.299999999999991);
#2639=CYLINDRICAL_SURFACE('',#11118,0.299999999999992);
#2640=CYLINDRICAL_SURFACE('',#11123,0.299999999999991);
#2641=CYLINDRICAL_SURFACE('',#11126,0.299999999999992);
#2642=CYLINDRICAL_SURFACE('',#11131,0.299999999999991);
#2643=CYLINDRICAL_SURFACE('',#11134,0.299999999999992);
#2644=CYLINDRICAL_SURFACE('',#11139,0.299999999999991);
#2645=CYLINDRICAL_SURFACE('',#11142,0.299999999999992);
#2646=CYLINDRICAL_SURFACE('',#11147,0.299999999999991);
#2647=CYLINDRICAL_SURFACE('',#11150,0.299999999999992);
#2648=CYLINDRICAL_SURFACE('',#11155,0.299999999999991);
#2649=CYLINDRICAL_SURFACE('',#11158,0.299999999999992);
#2650=CYLINDRICAL_SURFACE('',#11163,0.299999999999991);
#2651=CYLINDRICAL_SURFACE('',#11166,0.299999999999992);
#2652=CYLINDRICAL_SURFACE('',#11171,0.299999999999991);
#2653=CYLINDRICAL_SURFACE('',#11174,0.299999999999992);
#2654=CYLINDRICAL_SURFACE('',#11179,0.299999999999991);
#2655=CYLINDRICAL_SURFACE('',#11182,0.299999999999992);
#2656=CYLINDRICAL_SURFACE('',#11187,0.299999999999991);
#2657=CYLINDRICAL_SURFACE('',#11190,0.299999999999992);
#2658=CYLINDRICAL_SURFACE('',#11195,0.299999999999991);
#2659=CYLINDRICAL_SURFACE('',#11198,0.299999999999992);
#2660=CYLINDRICAL_SURFACE('',#11203,0.299999999999991);
#2661=CYLINDRICAL_SURFACE('',#11206,0.299999999999992);
#2662=CYLINDRICAL_SURFACE('',#11211,0.299999999999991);
#2663=CYLINDRICAL_SURFACE('',#11214,0.299999999999992);
#2664=CYLINDRICAL_SURFACE('',#11219,0.299999999999991);
#2665=CYLINDRICAL_SURFACE('',#11222,0.299999999999992);
#2666=CYLINDRICAL_SURFACE('',#11227,0.299999999999991);
#2667=CYLINDRICAL_SURFACE('',#11230,0.299999999999992);
#2668=CYLINDRICAL_SURFACE('',#11235,0.299999999999991);
#2669=CYLINDRICAL_SURFACE('',#11238,0.299999999999992);
#2670=CYLINDRICAL_SURFACE('',#11243,0.299999999999991);
#2671=CYLINDRICAL_SURFACE('',#11247,0.299999999999992);
#2672=CYLINDRICAL_SURFACE('',#11251,0.300000000000004);
#2673=CYLINDRICAL_SURFACE('',#11255,0.300000000000003);
#2674=CYLINDRICAL_SURFACE('',#11258,1.40000000000001);
#2675=CYLINDRICAL_SURFACE('',#11261,1.4);
#2676=CYLINDRICAL_SURFACE('',#11330,0.299999999999991);
#2677=FACE_BOUND('',#4729,.T.);
#2678=FACE_BOUND('',#4730,.T.);
#2679=FACE_BOUND('',#4733,.T.);
#2680=FACE_BOUND('',#4734,.T.);
#2681=FACE_BOUND('',#4735,.T.);
#2682=FACE_BOUND('',#4736,.T.);
#2683=FACE_BOUND('',#4739,.T.);
#2684=FACE_BOUND('',#4740,.T.);
#2685=FACE_BOUND('',#4741,.T.);
#2686=FACE_BOUND('',#4742,.T.);
#2687=FACE_BOUND('',#4745,.T.);
#2688=FACE_BOUND('',#4746,.T.);
#2689=FACE_BOUND('',#4747,.T.);
#2690=FACE_BOUND('',#4748,.T.);
#2691=FACE_BOUND('',#4751,.T.);
#2692=FACE_BOUND('',#4752,.T.);
#2693=FACE_BOUND('',#4753,.T.);
#2694=FACE_BOUND('',#4754,.T.);
#2695=FACE_BOUND('',#4757,.T.);
#2696=FACE_BOUND('',#4758,.T.);
#2697=FACE_BOUND('',#4759,.T.);
#2698=FACE_BOUND('',#4760,.T.);
#2699=FACE_BOUND('',#4763,.T.);
#2700=FACE_BOUND('',#4764,.T.);
#2701=FACE_BOUND('',#4765,.T.);
#2702=FACE_BOUND('',#4766,.T.);
#2703=FACE_BOUND('',#4769,.T.);
#2704=FACE_BOUND('',#4770,.T.);
#2705=FACE_BOUND('',#4771,.T.);
#2706=FACE_BOUND('',#4772,.T.);
#2707=FACE_BOUND('',#4775,.T.);
#2708=FACE_BOUND('',#4776,.T.);
#2709=FACE_BOUND('',#4777,.T.);
#2710=FACE_BOUND('',#4778,.T.);
#2711=FACE_BOUND('',#4781,.T.);
#2712=FACE_BOUND('',#4782,.T.);
#2713=FACE_BOUND('',#4783,.T.);
#2714=FACE_BOUND('',#4784,.T.);
#2715=FACE_BOUND('',#4787,.T.);
#2716=FACE_BOUND('',#4788,.T.);
#2717=FACE_BOUND('',#4789,.T.);
#2718=FACE_BOUND('',#4790,.T.);
#2719=FACE_BOUND('',#4793,.T.);
#2720=FACE_BOUND('',#4794,.T.);
#2721=FACE_BOUND('',#4795,.T.);
#2722=FACE_BOUND('',#4796,.T.);
#2723=FACE_BOUND('',#4799,.T.);
#2724=FACE_BOUND('',#4800,.T.);
#2725=FACE_BOUND('',#4801,.T.);
#2726=FACE_BOUND('',#4802,.T.);
#2727=FACE_BOUND('',#4805,.T.);
#2728=FACE_BOUND('',#4806,.T.);
#2729=FACE_BOUND('',#4807,.T.);
#2730=FACE_BOUND('',#4808,.T.);
#2731=FACE_BOUND('',#4811,.T.);
#2732=FACE_BOUND('',#4812,.T.);
#2733=FACE_BOUND('',#4813,.T.);
#2734=FACE_BOUND('',#4814,.T.);
#2735=FACE_BOUND('',#4817,.T.);
#2736=FACE_BOUND('',#4818,.T.);
#2737=FACE_BOUND('',#4819,.T.);
#2738=FACE_BOUND('',#4820,.T.);
#2739=FACE_BOUND('',#4823,.T.);
#2740=FACE_BOUND('',#4824,.T.);
#2741=FACE_BOUND('',#4825,.T.);
#2742=FACE_BOUND('',#4826,.T.);
#2743=FACE_BOUND('',#4829,.T.);
#2744=FACE_BOUND('',#4830,.T.);
#2745=FACE_BOUND('',#4831,.T.);
#2746=FACE_BOUND('',#4832,.T.);
#2747=FACE_BOUND('',#4835,.T.);
#2748=FACE_BOUND('',#4836,.T.);
#2749=FACE_BOUND('',#4837,.T.);
#2750=FACE_BOUND('',#4838,.T.);
#2751=FACE_BOUND('',#4841,.T.);
#2752=FACE_BOUND('',#4842,.T.);
#2753=FACE_BOUND('',#4843,.T.);
#2754=FACE_BOUND('',#4844,.T.);
#2755=FACE_BOUND('',#4847,.T.);
#2756=FACE_BOUND('',#4848,.T.);
#2757=FACE_BOUND('',#4849,.T.);
#2758=FACE_BOUND('',#4850,.T.);
#2759=FACE_BOUND('',#4853,.T.);
#2760=FACE_BOUND('',#4854,.T.);
#2761=FACE_BOUND('',#4855,.T.);
#2762=FACE_BOUND('',#4856,.T.);
#2763=FACE_BOUND('',#4859,.T.);
#2764=FACE_BOUND('',#4860,.T.);
#2765=FACE_BOUND('',#4861,.T.);
#2766=FACE_BOUND('',#4862,.T.);
#2767=FACE_BOUND('',#4865,.T.);
#2768=FACE_BOUND('',#4866,.T.);
#2769=FACE_BOUND('',#4867,.T.);
#2770=FACE_BOUND('',#4868,.T.);
#2771=FACE_BOUND('',#4871,.T.);
#2772=FACE_BOUND('',#4872,.T.);
#2773=FACE_BOUND('',#4873,.T.);
#2774=FACE_BOUND('',#4874,.T.);
#2775=FACE_BOUND('',#4877,.T.);
#2776=FACE_BOUND('',#4878,.T.);
#2777=FACE_BOUND('',#4879,.T.);
#2778=FACE_BOUND('',#4880,.T.);
#2779=FACE_BOUND('',#4883,.T.);
#2780=FACE_BOUND('',#4884,.T.);
#2781=FACE_BOUND('',#4885,.T.);
#2782=FACE_BOUND('',#4886,.T.);
#2783=FACE_BOUND('',#4889,.T.);
#2784=FACE_BOUND('',#4890,.T.);
#2785=FACE_BOUND('',#4891,.T.);
#2786=FACE_BOUND('',#4892,.T.);
#2787=FACE_BOUND('',#4895,.T.);
#2788=FACE_BOUND('',#4896,.T.);
#2789=FACE_BOUND('',#4897,.T.);
#2790=FACE_BOUND('',#4898,.T.);
#2791=FACE_BOUND('',#4901,.T.);
#2792=FACE_BOUND('',#4902,.T.);
#2793=FACE_BOUND('',#4903,.T.);
#2794=FACE_BOUND('',#4904,.T.);
#2795=FACE_BOUND('',#4907,.T.);
#2796=FACE_BOUND('',#4908,.T.);
#2797=FACE_BOUND('',#4910,.T.);
#2798=FACE_BOUND('',#4911,.T.);
#2799=FACE_BOUND('',#4913,.T.);
#2800=FACE_BOUND('',#4914,.T.);
#2801=FACE_BOUND('',#4916,.T.);
#2802=FACE_BOUND('',#4917,.T.);
#2803=FACE_BOUND('',#4918,.T.);
#2804=FACE_BOUND('',#4919,.T.);
#2805=FACE_BOUND('',#4920,.T.);
#2806=FACE_BOUND('',#4921,.T.);
#2807=FACE_BOUND('',#4955,.T.);
#2808=FACE_BOUND('',#4956,.T.);
#2809=FACE_BOUND('',#4957,.T.);
#2810=FACE_BOUND('',#4958,.T.);
#2811=FACE_BOUND('',#4959,.T.);
#2812=FACE_BOUND('',#4960,.T.);
#2813=FACE_BOUND('',#4961,.T.);
#2814=FACE_BOUND('',#4962,.T.);
#2815=FACE_BOUND('',#4963,.T.);
#2816=FACE_BOUND('',#4964,.T.);
#2817=FACE_BOUND('',#4965,.T.);
#2818=FACE_BOUND('',#4966,.T.);
#2819=FACE_BOUND('',#4967,.T.);
#2820=FACE_BOUND('',#4968,.T.);
#2821=FACE_BOUND('',#4969,.T.);
#2822=FACE_BOUND('',#4970,.T.);
#2823=FACE_BOUND('',#4971,.T.);
#2824=FACE_BOUND('',#4972,.T.);
#2825=FACE_BOUND('',#4973,.T.);
#2826=FACE_BOUND('',#4974,.T.);
#2827=FACE_BOUND('',#4975,.T.);
#2828=FACE_BOUND('',#4976,.T.);
#2829=FACE_BOUND('',#4977,.T.);
#2830=FACE_BOUND('',#4978,.T.);
#2831=FACE_BOUND('',#4979,.T.);
#2832=FACE_BOUND('',#4980,.T.);
#2833=FACE_BOUND('',#4981,.T.);
#2834=FACE_BOUND('',#4982,.T.);
#2835=FACE_BOUND('',#4983,.T.);
#2836=FACE_BOUND('',#4984,.T.);
#2837=FACE_BOUND('',#4985,.T.);
#2838=FACE_BOUND('',#4986,.T.);
#2839=FACE_BOUND('',#4987,.T.);
#2840=FACE_BOUND('',#4988,.T.);
#2841=FACE_BOUND('',#4989,.T.);
#2842=FACE_BOUND('',#4990,.T.);
#2843=FACE_BOUND('',#4991,.T.);
#2844=FACE_BOUND('',#4992,.T.);
#2845=FACE_BOUND('',#4993,.T.);
#2846=FACE_BOUND('',#4994,.T.);
#2847=FACE_BOUND('',#4995,.T.);
#2848=FACE_BOUND('',#4996,.T.);
#2849=FACE_BOUND('',#4997,.T.);
#2850=FACE_BOUND('',#4998,.T.);
#2851=FACE_BOUND('',#4999,.T.);
#2852=FACE_BOUND('',#5000,.T.);
#2853=FACE_BOUND('',#5001,.T.);
#2854=FACE_BOUND('',#5002,.T.);
#2855=FACE_BOUND('',#5003,.T.);
#2856=FACE_BOUND('',#5004,.T.);
#2857=FACE_BOUND('',#5005,.T.);
#2858=FACE_BOUND('',#5006,.T.);
#2859=FACE_BOUND('',#5007,.T.);
#2860=FACE_BOUND('',#5008,.T.);
#2861=FACE_BOUND('',#5009,.T.);
#2862=FACE_BOUND('',#5010,.T.);
#2863=FACE_BOUND('',#5011,.T.);
#2864=FACE_BOUND('',#5012,.T.);
#2865=FACE_BOUND('',#5013,.T.);
#2866=FACE_BOUND('',#5014,.T.);
#2867=FACE_BOUND('',#5015,.T.);
#2868=FACE_BOUND('',#5016,.T.);
#2869=FACE_BOUND('',#5017,.T.);
#2870=FACE_BOUND('',#5018,.T.);
#2871=FACE_BOUND('',#5019,.T.);
#2872=FACE_BOUND('',#5037,.T.);
#2873=FACE_BOUND('',#5038,.T.);
#2874=FACE_BOUND('',#5050,.T.);
#2875=FACE_BOUND('',#5051,.T.);
#2876=FACE_BOUND('',#5053,.T.);
#2877=FACE_BOUND('',#5054,.T.);
#2878=FACE_BOUND('',#5055,.T.);
#2879=FACE_BOUND('',#5056,.T.);
#2880=FACE_BOUND('',#5057,.T.);
#2881=FACE_BOUND('',#5058,.T.);
#2882=FACE_BOUND('',#5059,.T.);
#2883=FACE_BOUND('',#5060,.T.);
#2884=FACE_BOUND('',#5061,.T.);
#2885=FACE_BOUND('',#5062,.T.);
#2886=FACE_BOUND('',#5063,.T.);
#2887=FACE_BOUND('',#5064,.T.);
#2888=FACE_BOUND('',#5065,.T.);
#2889=FACE_BOUND('',#5066,.T.);
#2890=FACE_BOUND('',#5067,.T.);
#2891=FACE_BOUND('',#5068,.T.);
#2892=FACE_BOUND('',#5069,.T.);
#2893=FACE_BOUND('',#5070,.T.);
#2894=FACE_BOUND('',#5071,.T.);
#2895=FACE_BOUND('',#5072,.T.);
#2896=FACE_BOUND('',#5073,.T.);
#2897=FACE_BOUND('',#5074,.T.);
#2898=FACE_BOUND('',#5075,.T.);
#2899=FACE_BOUND('',#5076,.T.);
#2900=FACE_BOUND('',#5077,.T.);
#2901=FACE_BOUND('',#5078,.T.);
#2902=FACE_BOUND('',#5079,.T.);
#2903=FACE_BOUND('',#5080,.T.);
#2904=FACE_BOUND('',#5081,.T.);
#2905=FACE_BOUND('',#5082,.T.);
#2906=FACE_BOUND('',#5083,.T.);
#2907=FACE_BOUND('',#5084,.T.);
#2908=FACE_BOUND('',#5085,.T.);
#2909=FACE_BOUND('',#5086,.T.);
#2910=FACE_BOUND('',#5087,.T.);
#2911=FACE_BOUND('',#5088,.T.);
#2912=FACE_BOUND('',#5089,.T.);
#2913=FACE_BOUND('',#5090,.T.);
#2914=FACE_BOUND('',#5091,.T.);
#2915=FACE_BOUND('',#5092,.T.);
#2916=FACE_BOUND('',#5093,.T.);
#2917=FACE_BOUND('',#5094,.T.);
#2918=FACE_BOUND('',#5095,.T.);
#2919=FACE_BOUND('',#5096,.T.);
#2920=FACE_BOUND('',#5097,.T.);
#2921=FACE_BOUND('',#5098,.T.);
#2922=FACE_BOUND('',#5099,.T.);
#2923=FACE_BOUND('',#5100,.T.);
#2924=FACE_BOUND('',#5101,.T.);
#2925=FACE_BOUND('',#5102,.T.);
#2926=FACE_BOUND('',#5103,.T.);
#2927=FACE_BOUND('',#5104,.T.);
#2928=FACE_BOUND('',#5105,.T.);
#2929=FACE_BOUND('',#5106,.T.);
#2930=FACE_BOUND('',#5107,.T.);
#2931=FACE_BOUND('',#5108,.T.);
#2932=FACE_BOUND('',#5109,.T.);
#2933=FACE_BOUND('',#5110,.T.);
#2934=FACE_BOUND('',#5111,.T.);
#2935=FACE_BOUND('',#5112,.T.);
#2936=FACE_BOUND('',#5113,.T.);
#2937=FACE_BOUND('',#5114,.T.);
#2938=FACE_BOUND('',#5115,.T.);
#2939=FACE_BOUND('',#5116,.T.);
#2940=FACE_BOUND('',#5117,.T.);
#2941=FACE_BOUND('',#5118,.T.);
#2942=FACE_BOUND('',#5119,.T.);
#2943=FACE_BOUND('',#5120,.T.);
#2944=FACE_BOUND('',#5121,.T.);
#2945=CIRCLE('',#11004,0.300000000000034);
#2946=CIRCLE('',#11005,0.299999999999991);
#2947=CIRCLE('',#11008,0.299999999999991);
#2948=CIRCLE('',#11010,0.300000000000034);
#2949=CIRCLE('',#11012,0.300000000000034);
#2950=CIRCLE('',#11013,0.299999999999991);
#2951=CIRCLE('',#11016,0.299999999999991);
#2952=CIRCLE('',#11018,0.300000000000034);
#2953=CIRCLE('',#11020,0.300000000000034);
#2954=CIRCLE('',#11021,0.299999999999991);
#2955=CIRCLE('',#11024,0.299999999999991);
#2956=CIRCLE('',#11026,0.300000000000034);
#2957=CIRCLE('',#11028,0.300000000000034);
#2958=CIRCLE('',#11029,0.299999999999991);
#2959=CIRCLE('',#11032,0.299999999999991);
#2960=CIRCLE('',#11034,0.300000000000034);
#2961=CIRCLE('',#11036,0.300000000000034);
#2962=CIRCLE('',#11037,0.299999999999991);
#2963=CIRCLE('',#11040,0.299999999999991);
#2964=CIRCLE('',#11042,0.300000000000034);
#2965=CIRCLE('',#11044,0.300000000000034);
#2966=CIRCLE('',#11045,0.299999999999991);
#2967=CIRCLE('',#11048,0.299999999999991);
#2968=CIRCLE('',#11050,0.300000000000034);
#2969=CIRCLE('',#11052,0.300000000000034);
#2970=CIRCLE('',#11053,0.299999999999991);
#2971=CIRCLE('',#11056,0.299999999999991);
#2972=CIRCLE('',#11058,0.300000000000034);
#2973=CIRCLE('',#11060,0.300000000000034);
#2974=CIRCLE('',#11061,0.299999999999991);
#2975=CIRCLE('',#11064,0.299999999999991);
#2976=CIRCLE('',#11066,0.300000000000034);
#2977=CIRCLE('',#11068,0.300000000000034);
#2978=CIRCLE('',#11069,0.299999999999991);
#2979=CIRCLE('',#11072,0.299999999999991);
#2980=CIRCLE('',#11074,0.300000000000034);
#2981=CIRCLE('',#11076,0.300000000000034);
#2982=CIRCLE('',#11077,0.299999999999991);
#2983=CIRCLE('',#11080,0.299999999999991);
#2984=CIRCLE('',#11082,0.300000000000034);
#2985=CIRCLE('',#11084,0.300000000000034);
#2986=CIRCLE('',#11085,0.299999999999991);
#2987=CIRCLE('',#11088,0.299999999999991);
#2988=CIRCLE('',#11090,0.300000000000034);
#2989=CIRCLE('',#11092,0.300000000000034);
#2990=CIRCLE('',#11093,0.299999999999991);
#2991=CIRCLE('',#11096,0.299999999999991);
#2992=CIRCLE('',#11098,0.300000000000034);
#2993=CIRCLE('',#11100,0.300000000000034);
#2994=CIRCLE('',#11101,0.299999999999991);
#2995=CIRCLE('',#11104,0.299999999999991);
#2996=CIRCLE('',#11106,0.300000000000034);
#2997=CIRCLE('',#11108,0.300000000000034);
#2998=CIRCLE('',#11109,0.299999999999991);
#2999=CIRCLE('',#11112,0.299999999999991);
#3000=CIRCLE('',#11114,0.300000000000034);
#3001=CIRCLE('',#11116,0.300000000000034);
#3002=CIRCLE('',#11117,0.299999999999991);
#3003=CIRCLE('',#11120,0.299999999999991);
#3004=CIRCLE('',#11122,0.300000000000034);
#3005=CIRCLE('',#11124,0.300000000000034);
#3006=CIRCLE('',#11125,0.299999999999991);
#3007=CIRCLE('',#11128,0.299999999999991);
#3008=CIRCLE('',#11130,0.300000000000034);
#3009=CIRCLE('',#11132,0.300000000000034);
#3010=CIRCLE('',#11133,0.299999999999991);
#3011=CIRCLE('',#11136,0.299999999999991);
#3012=CIRCLE('',#11138,0.300000000000034);
#3013=CIRCLE('',#11140,0.300000000000034);
#3014=CIRCLE('',#11141,0.299999999999991);
#3015=CIRCLE('',#11144,0.299999999999991);
#3016=CIRCLE('',#11146,0.300000000000034);
#3017=CIRCLE('',#11148,0.300000000000034);
#3018=CIRCLE('',#11149,0.299999999999991);
#3019=CIRCLE('',#11152,0.299999999999991);
#3020=CIRCLE('',#11154,0.300000000000034);
#3021=CIRCLE('',#11156,0.300000000000034);
#3022=CIRCLE('',#11157,0.299999999999991);
#3023=CIRCLE('',#11160,0.299999999999991);
#3024=CIRCLE('',#11162,0.300000000000034);
#3025=CIRCLE('',#11164,0.300000000000034);
#3026=CIRCLE('',#11165,0.299999999999991);
#3027=CIRCLE('',#11168,0.299999999999991);
#3028=CIRCLE('',#11170,0.300000000000034);
#3029=CIRCLE('',#11172,0.300000000000034);
#3030=CIRCLE('',#11173,0.299999999999991);
#3031=CIRCLE('',#11176,0.299999999999991);
#3032=CIRCLE('',#11178,0.300000000000034);
#3033=CIRCLE('',#11180,0.300000000000034);
#3034=CIRCLE('',#11181,0.299999999999991);
#3035=CIRCLE('',#11184,0.299999999999991);
#3036=CIRCLE('',#11186,0.300000000000034);
#3037=CIRCLE('',#11188,0.300000000000034);
#3038=CIRCLE('',#11189,0.299999999999991);
#3039=CIRCLE('',#11192,0.299999999999991);
#3040=CIRCLE('',#11194,0.300000000000034);
#3041=CIRCLE('',#11196,0.300000000000034);
#3042=CIRCLE('',#11197,0.299999999999991);
#3043=CIRCLE('',#11200,0.299999999999991);
#3044=CIRCLE('',#11202,0.300000000000034);
#3045=CIRCLE('',#11204,0.300000000000034);
#3046=CIRCLE('',#11205,0.299999999999991);
#3047=CIRCLE('',#11208,0.299999999999991);
#3048=CIRCLE('',#11210,0.300000000000034);
#3049=CIRCLE('',#11212,0.300000000000034);
#3050=CIRCLE('',#11213,0.299999999999991);
#3051=CIRCLE('',#11216,0.299999999999991);
#3052=CIRCLE('',#11218,0.300000000000034);
#3053=CIRCLE('',#11220,0.300000000000034);
#3054=CIRCLE('',#11221,0.299999999999991);
#3055=CIRCLE('',#11224,0.299999999999991);
#3056=CIRCLE('',#11226,0.300000000000034);
#3057=CIRCLE('',#11228,0.300000000000034);
#3058=CIRCLE('',#11229,0.299999999999991);
#3059=CIRCLE('',#11232,0.299999999999991);
#3060=CIRCLE('',#11234,0.300000000000034);
#3061=CIRCLE('',#11236,0.300000000000034);
#3062=CIRCLE('',#11237,0.299999999999991);
#3063=CIRCLE('',#11240,0.299999999999991);
#3064=CIRCLE('',#11242,0.300000000000034);
#3065=CIRCLE('',#11244,0.299999999999991);
#3066=CIRCLE('',#11246,0.300000000000034);
#3067=CIRCLE('',#11248,0.299999999999999);
#3068=CIRCLE('',#11250,0.299999999999999);
#3069=CIRCLE('',#11252,0.299999999999999);
#3070=CIRCLE('',#11254,0.299999999999999);
#3071=CIRCLE('',#11256,1.40000000000001);
#3072=CIRCLE('',#11257,1.40000000000001);
#3073=CIRCLE('',#11259,1.40000000000002);
#3074=CIRCLE('',#11260,1.4);
#3075=CIRCLE('',#11327,0.300000000000034);
#3076=CIRCLE('',#11329,0.299999999999991);
#3077=ADVANCED_FACE('',(#4003),#3573,.F.);
#3078=ADVANCED_FACE('',(#4004),#3574,.F.);
#3079=ADVANCED_FACE('',(#4005),#3575,.F.);
#3080=ADVANCED_FACE('',(#4006),#3576,.F.);
#3081=ADVANCED_FACE('',(#4007),#3577,.F.);
#3082=ADVANCED_FACE('',(#4008),#3578,.F.);
#3083=ADVANCED_FACE('',(#4009),#3579,.F.);
#3084=ADVANCED_FACE('',(#4010),#3580,.F.);
#3085=ADVANCED_FACE('',(#4011),#3581,.F.);
#3086=ADVANCED_FACE('',(#4012),#3582,.F.);
#3087=ADVANCED_FACE('',(#4013),#3583,.F.);
#3088=ADVANCED_FACE('',(#4014),#3584,.F.);
#3089=ADVANCED_FACE('',(#4015),#3585,.F.);
#3090=ADVANCED_FACE('',(#4016),#3586,.F.);
#3091=ADVANCED_FACE('',(#4017),#3587,.F.);
#3092=ADVANCED_FACE('',(#4018),#3588,.F.);
#3093=ADVANCED_FACE('',(#4019),#3589,.F.);
#3094=ADVANCED_FACE('',(#4020),#3590,.F.);
#3095=ADVANCED_FACE('',(#4021),#3591,.F.);
#3096=ADVANCED_FACE('',(#4022),#3592,.F.);
#3097=ADVANCED_FACE('',(#4023),#3593,.F.);
#3098=ADVANCED_FACE('',(#4024),#3594,.F.);
#3099=ADVANCED_FACE('',(#4025),#3595,.F.);
#3100=ADVANCED_FACE('',(#4026),#3596,.F.);
#3101=ADVANCED_FACE('',(#4027),#3597,.F.);
#3102=ADVANCED_FACE('',(#4028),#3598,.F.);
#3103=ADVANCED_FACE('',(#4029),#3599,.F.);
#3104=ADVANCED_FACE('',(#4030),#3600,.F.);
#3105=ADVANCED_FACE('',(#4031),#3601,.F.);
#3106=ADVANCED_FACE('',(#4032),#3602,.F.);
#3107=ADVANCED_FACE('',(#4033),#3603,.F.);
#3108=ADVANCED_FACE('',(#4034),#3604,.F.);
#3109=ADVANCED_FACE('',(#4035),#3605,.F.);
#3110=ADVANCED_FACE('',(#4036),#3606,.F.);
#3111=ADVANCED_FACE('',(#4037),#3607,.F.);
#3112=ADVANCED_FACE('',(#4038),#3608,.F.);
#3113=ADVANCED_FACE('',(#4039),#3609,.F.);
#3114=ADVANCED_FACE('',(#4040),#3610,.F.);
#3115=ADVANCED_FACE('',(#4041),#3611,.F.);
#3116=ADVANCED_FACE('',(#4042),#3612,.F.);
#3117=ADVANCED_FACE('',(#4043),#3613,.F.);
#3118=ADVANCED_FACE('',(#4044),#3614,.F.);
#3119=ADVANCED_FACE('',(#4045),#3615,.F.);
#3120=ADVANCED_FACE('',(#4046),#3616,.F.);
#3121=ADVANCED_FACE('',(#4047),#3617,.F.);
#3122=ADVANCED_FACE('',(#4048),#3618,.F.);
#3123=ADVANCED_FACE('',(#4049),#3619,.F.);
#3124=ADVANCED_FACE('',(#4050),#3620,.F.);
#3125=ADVANCED_FACE('',(#4051),#3621,.F.);
#3126=ADVANCED_FACE('',(#4052),#3622,.F.);
#3127=ADVANCED_FACE('',(#4053),#3623,.F.);
#3128=ADVANCED_FACE('',(#4054),#3624,.F.);
#3129=ADVANCED_FACE('',(#4055),#3625,.F.);
#3130=ADVANCED_FACE('',(#4056),#3626,.F.);
#3131=ADVANCED_FACE('',(#4057),#3627,.F.);
#3132=ADVANCED_FACE('',(#4058),#3628,.F.);
#3133=ADVANCED_FACE('',(#4059),#3629,.F.);
#3134=ADVANCED_FACE('',(#4060),#3630,.F.);
#3135=ADVANCED_FACE('',(#4061),#3631,.F.);
#3136=ADVANCED_FACE('',(#4062),#3632,.F.);
#3137=ADVANCED_FACE('',(#4063),#3633,.F.);
#3138=ADVANCED_FACE('',(#4064),#3634,.F.);
#3139=ADVANCED_FACE('',(#4065),#3635,.F.);
#3140=ADVANCED_FACE('',(#4066),#3636,.F.);
#3141=ADVANCED_FACE('',(#4067),#3637,.F.);
#3142=ADVANCED_FACE('',(#4068),#3638,.F.);
#3143=ADVANCED_FACE('',(#4069),#3639,.F.);
#3144=ADVANCED_FACE('',(#4070),#3640,.F.);
#3145=ADVANCED_FACE('',(#4071),#3641,.F.);
#3146=ADVANCED_FACE('',(#4072),#3642,.F.);
#3147=ADVANCED_FACE('',(#4073),#3643,.F.);
#3148=ADVANCED_FACE('',(#4074),#3644,.F.);
#3149=ADVANCED_FACE('',(#4075),#3645,.F.);
#3150=ADVANCED_FACE('',(#4076),#3646,.F.);
#3151=ADVANCED_FACE('',(#4077),#3647,.F.);
#3152=ADVANCED_FACE('',(#4078),#3648,.F.);
#3153=ADVANCED_FACE('',(#4079),#3649,.F.);
#3154=ADVANCED_FACE('',(#4080),#3650,.F.);
#3155=ADVANCED_FACE('',(#4081),#3651,.F.);
#3156=ADVANCED_FACE('',(#4082),#3652,.F.);
#3157=ADVANCED_FACE('',(#4083),#3653,.F.);
#3158=ADVANCED_FACE('',(#4084),#3654,.F.);
#3159=ADVANCED_FACE('',(#4085),#3655,.F.);
#3160=ADVANCED_FACE('',(#4086),#3656,.F.);
#3161=ADVANCED_FACE('',(#4087),#3657,.F.);
#3162=ADVANCED_FACE('',(#4088),#3658,.F.);
#3163=ADVANCED_FACE('',(#4089),#3659,.F.);
#3164=ADVANCED_FACE('',(#4090),#3660,.F.);
#3165=ADVANCED_FACE('',(#4091),#3661,.F.);
#3166=ADVANCED_FACE('',(#4092),#3662,.F.);
#3167=ADVANCED_FACE('',(#4093),#3663,.F.);
#3168=ADVANCED_FACE('',(#4094),#3664,.F.);
#3169=ADVANCED_FACE('',(#4095),#3665,.F.);
#3170=ADVANCED_FACE('',(#4096),#3666,.F.);
#3171=ADVANCED_FACE('',(#4097),#3667,.F.);
#3172=ADVANCED_FACE('',(#4098),#3668,.F.);
#3173=ADVANCED_FACE('',(#4099),#3669,.F.);
#3174=ADVANCED_FACE('',(#4100),#3670,.F.);
#3175=ADVANCED_FACE('',(#4101),#3671,.F.);
#3176=ADVANCED_FACE('',(#4102),#3672,.F.);
#3177=ADVANCED_FACE('',(#4103),#3673,.F.);
#3178=ADVANCED_FACE('',(#4104),#3674,.F.);
#3179=ADVANCED_FACE('',(#4105),#3675,.F.);
#3180=ADVANCED_FACE('',(#4106),#3676,.F.);
#3181=ADVANCED_FACE('',(#4107),#3677,.F.);
#3182=ADVANCED_FACE('',(#4108),#3678,.F.);
#3183=ADVANCED_FACE('',(#4109),#3679,.F.);
#3184=ADVANCED_FACE('',(#4110),#3680,.F.);
#3185=ADVANCED_FACE('',(#4111),#3681,.F.);
#3186=ADVANCED_FACE('',(#4112),#3682,.F.);
#3187=ADVANCED_FACE('',(#4113),#3683,.F.);
#3188=ADVANCED_FACE('',(#4114),#3684,.F.);
#3189=ADVANCED_FACE('',(#4115),#3685,.F.);
#3190=ADVANCED_FACE('',(#4116),#3686,.F.);
#3191=ADVANCED_FACE('',(#4117),#3687,.F.);
#3192=ADVANCED_FACE('',(#4118),#3688,.F.);
#3193=ADVANCED_FACE('',(#4119),#3689,.F.);
#3194=ADVANCED_FACE('',(#4120),#3690,.F.);
#3195=ADVANCED_FACE('',(#4121),#3691,.F.);
#3196=ADVANCED_FACE('',(#4122),#3692,.F.);
#3197=ADVANCED_FACE('',(#4123),#3693,.F.);
#3198=ADVANCED_FACE('',(#4124),#3694,.F.);
#3199=ADVANCED_FACE('',(#4125),#3695,.F.);
#3200=ADVANCED_FACE('',(#4126),#3696,.F.);
#3201=ADVANCED_FACE('',(#4127),#3697,.F.);
#3202=ADVANCED_FACE('',(#4128),#3698,.F.);
#3203=ADVANCED_FACE('',(#4129),#3699,.F.);
#3204=ADVANCED_FACE('',(#4130),#3700,.F.);
#3205=ADVANCED_FACE('',(#4131),#3701,.F.);
#3206=ADVANCED_FACE('',(#4132),#3702,.F.);
#3207=ADVANCED_FACE('',(#4133),#3703,.F.);
#3208=ADVANCED_FACE('',(#4134),#3704,.F.);
#3209=ADVANCED_FACE('',(#4135),#3705,.F.);
#3210=ADVANCED_FACE('',(#4136),#3706,.F.);
#3211=ADVANCED_FACE('',(#4137),#3707,.F.);
#3212=ADVANCED_FACE('',(#4138),#3708,.F.);
#3213=ADVANCED_FACE('',(#4139),#3709,.F.);
#3214=ADVANCED_FACE('',(#4140),#3710,.F.);
#3215=ADVANCED_FACE('',(#4141),#3711,.F.);
#3216=ADVANCED_FACE('',(#4142),#3712,.F.);
#3217=ADVANCED_FACE('',(#4143),#3713,.F.);
#3218=ADVANCED_FACE('',(#4144),#3714,.F.);
#3219=ADVANCED_FACE('',(#4145),#3715,.F.);
#3220=ADVANCED_FACE('',(#4146),#3716,.F.);
#3221=ADVANCED_FACE('',(#4147),#3717,.F.);
#3222=ADVANCED_FACE('',(#4148),#3718,.F.);
#3223=ADVANCED_FACE('',(#4149),#3719,.F.);
#3224=ADVANCED_FACE('',(#4150),#3720,.F.);
#3225=ADVANCED_FACE('',(#4151),#3721,.F.);
#3226=ADVANCED_FACE('',(#4152),#3722,.F.);
#3227=ADVANCED_FACE('',(#4153),#3723,.F.);
#3228=ADVANCED_FACE('',(#4154),#3724,.F.);
#3229=ADVANCED_FACE('',(#4155),#3725,.F.);
#3230=ADVANCED_FACE('',(#4156),#3726,.F.);
#3231=ADVANCED_FACE('',(#4157),#3727,.F.);
#3232=ADVANCED_FACE('',(#4158),#3728,.F.);
#3233=ADVANCED_FACE('',(#4159),#3729,.F.);
#3234=ADVANCED_FACE('',(#4160),#3730,.F.);
#3235=ADVANCED_FACE('',(#4161),#3731,.F.);
#3236=ADVANCED_FACE('',(#4162),#3732,.F.);
#3237=ADVANCED_FACE('',(#4163),#3733,.F.);
#3238=ADVANCED_FACE('',(#4164),#3734,.F.);
#3239=ADVANCED_FACE('',(#4165),#3735,.F.);
#3240=ADVANCED_FACE('',(#4166),#3736,.F.);
#3241=ADVANCED_FACE('',(#4167),#3737,.F.);
#3242=ADVANCED_FACE('',(#4168),#3738,.F.);
#3243=ADVANCED_FACE('',(#4169),#3739,.F.);
#3244=ADVANCED_FACE('',(#4170),#3740,.F.);
#3245=ADVANCED_FACE('',(#4171),#3741,.F.);
#3246=ADVANCED_FACE('',(#4172),#3742,.F.);
#3247=ADVANCED_FACE('',(#4173),#3743,.F.);
#3248=ADVANCED_FACE('',(#4174),#3744,.F.);
#3249=ADVANCED_FACE('',(#4175),#3745,.F.);
#3250=ADVANCED_FACE('',(#4176),#3746,.F.);
#3251=ADVANCED_FACE('',(#4177),#3747,.F.);
#3252=ADVANCED_FACE('',(#4178),#3748,.F.);
#3253=ADVANCED_FACE('',(#4179),#3749,.F.);
#3254=ADVANCED_FACE('',(#4180),#3750,.F.);
#3255=ADVANCED_FACE('',(#4181),#3751,.F.);
#3256=ADVANCED_FACE('',(#4182),#3752,.F.);
#3257=ADVANCED_FACE('',(#4183),#3753,.F.);
#3258=ADVANCED_FACE('',(#4184),#3754,.F.);
#3259=ADVANCED_FACE('',(#4185),#3755,.F.);
#3260=ADVANCED_FACE('',(#4186),#3756,.F.);
#3261=ADVANCED_FACE('',(#4187),#3757,.F.);
#3262=ADVANCED_FACE('',(#4188),#3758,.F.);
#3263=ADVANCED_FACE('',(#4189),#3759,.F.);
#3264=ADVANCED_FACE('',(#4190),#3760,.F.);
#3265=ADVANCED_FACE('',(#4191),#3761,.F.);
#3266=ADVANCED_FACE('',(#4192),#3762,.F.);
#3267=ADVANCED_FACE('',(#4193),#3763,.F.);
#3268=ADVANCED_FACE('',(#4194),#3764,.F.);
#3269=ADVANCED_FACE('',(#4195),#3765,.F.);
#3270=ADVANCED_FACE('',(#4196),#3766,.F.);
#3271=ADVANCED_FACE('',(#4197),#3767,.F.);
#3272=ADVANCED_FACE('',(#4198),#3768,.F.);
#3273=ADVANCED_FACE('',(#4199),#3769,.F.);
#3274=ADVANCED_FACE('',(#4200),#3770,.F.);
#3275=ADVANCED_FACE('',(#4201),#3771,.F.);
#3276=ADVANCED_FACE('',(#4202),#3772,.F.);
#3277=ADVANCED_FACE('',(#4203),#3773,.F.);
#3278=ADVANCED_FACE('',(#4204),#3774,.F.);
#3279=ADVANCED_FACE('',(#4205),#3775,.F.);
#3280=ADVANCED_FACE('',(#4206),#3776,.F.);
#3281=ADVANCED_FACE('',(#4207),#3777,.F.);
#3282=ADVANCED_FACE('',(#4208),#3778,.F.);
#3283=ADVANCED_FACE('',(#4209),#3779,.F.);
#3284=ADVANCED_FACE('',(#4210),#3780,.F.);
#3285=ADVANCED_FACE('',(#4211),#3781,.F.);
#3286=ADVANCED_FACE('',(#4212),#3782,.F.);
#3287=ADVANCED_FACE('',(#4213),#3783,.F.);
#3288=ADVANCED_FACE('',(#4214),#3784,.F.);
#3289=ADVANCED_FACE('',(#4215),#3785,.F.);
#3290=ADVANCED_FACE('',(#4216),#3786,.F.);
#3291=ADVANCED_FACE('',(#4217),#3787,.F.);
#3292=ADVANCED_FACE('',(#4218),#3788,.F.);
#3293=ADVANCED_FACE('',(#4219),#3789,.F.);
#3294=ADVANCED_FACE('',(#4220),#3790,.F.);
#3295=ADVANCED_FACE('',(#4221),#3791,.F.);
#3296=ADVANCED_FACE('',(#4222),#3792,.F.);
#3297=ADVANCED_FACE('',(#4223),#3793,.F.);
#3298=ADVANCED_FACE('',(#4224),#3794,.F.);
#3299=ADVANCED_FACE('',(#4225),#3795,.F.);
#3300=ADVANCED_FACE('',(#4226),#3796,.F.);
#3301=ADVANCED_FACE('',(#4227),#3797,.F.);
#3302=ADVANCED_FACE('',(#4228),#3798,.F.);
#3303=ADVANCED_FACE('',(#4229),#3799,.F.);
#3304=ADVANCED_FACE('',(#4230),#3800,.F.);
#3305=ADVANCED_FACE('',(#4231),#3801,.F.);
#3306=ADVANCED_FACE('',(#4232),#3802,.F.);
#3307=ADVANCED_FACE('',(#4233),#3803,.F.);
#3308=ADVANCED_FACE('',(#4234),#3804,.F.);
#3309=ADVANCED_FACE('',(#4235),#3805,.F.);
#3310=ADVANCED_FACE('',(#4236),#3806,.F.);
#3311=ADVANCED_FACE('',(#4237),#3807,.F.);
#3312=ADVANCED_FACE('',(#4238),#3808,.F.);
#3313=ADVANCED_FACE('',(#4239),#3809,.F.);
#3314=ADVANCED_FACE('',(#4240),#3810,.F.);
#3315=ADVANCED_FACE('',(#4241),#3811,.F.);
#3316=ADVANCED_FACE('',(#4242),#3812,.F.);
#3317=ADVANCED_FACE('',(#4243),#3813,.F.);
#3318=ADVANCED_FACE('',(#4244),#3814,.F.);
#3319=ADVANCED_FACE('',(#4245),#3815,.F.);
#3320=ADVANCED_FACE('',(#4246),#3816,.F.);
#3321=ADVANCED_FACE('',(#4247),#3817,.F.);
#3322=ADVANCED_FACE('',(#4248),#3818,.F.);
#3323=ADVANCED_FACE('',(#4249),#3819,.F.);
#3324=ADVANCED_FACE('',(#4250),#3820,.F.);
#3325=ADVANCED_FACE('',(#4251),#3821,.F.);
#3326=ADVANCED_FACE('',(#4252),#3822,.F.);
#3327=ADVANCED_FACE('',(#4253),#3823,.F.);
#3328=ADVANCED_FACE('',(#4254),#3824,.F.);
#3329=ADVANCED_FACE('',(#4255),#3825,.F.);
#3330=ADVANCED_FACE('',(#4256),#3826,.F.);
#3331=ADVANCED_FACE('',(#4257),#3827,.F.);
#3332=ADVANCED_FACE('',(#4258),#3828,.F.);
#3333=ADVANCED_FACE('',(#4259),#3829,.F.);
#3334=ADVANCED_FACE('',(#4260),#3830,.F.);
#3335=ADVANCED_FACE('',(#4261),#3831,.F.);
#3336=ADVANCED_FACE('',(#4262),#3832,.F.);
#3337=ADVANCED_FACE('',(#4263),#3833,.F.);
#3338=ADVANCED_FACE('',(#4264),#3834,.F.);
#3339=ADVANCED_FACE('',(#4265),#3835,.F.);
#3340=ADVANCED_FACE('',(#4266),#3836,.F.);
#3341=ADVANCED_FACE('',(#4267),#3837,.F.);
#3342=ADVANCED_FACE('',(#4268),#3838,.F.);
#3343=ADVANCED_FACE('',(#4269),#3839,.F.);
#3344=ADVANCED_FACE('',(#4270),#3840,.F.);
#3345=ADVANCED_FACE('',(#4271),#3841,.F.);
#3346=ADVANCED_FACE('',(#4272),#3842,.F.);
#3347=ADVANCED_FACE('',(#4273),#3843,.F.);
#3348=ADVANCED_FACE('',(#4274),#3844,.F.);
#3349=ADVANCED_FACE('',(#4275),#3845,.F.);
#3350=ADVANCED_FACE('',(#4276),#3846,.F.);
#3351=ADVANCED_FACE('',(#4277),#3847,.F.);
#3352=ADVANCED_FACE('',(#4278),#3848,.F.);
#3353=ADVANCED_FACE('',(#4279),#3849,.F.);
#3354=ADVANCED_FACE('',(#4280),#3850,.F.);
#3355=ADVANCED_FACE('',(#4281),#3851,.F.);
#3356=ADVANCED_FACE('',(#4282),#3852,.F.);
#3357=ADVANCED_FACE('',(#4283),#3853,.F.);
#3358=ADVANCED_FACE('',(#4284),#3854,.F.);
#3359=ADVANCED_FACE('',(#4285),#3855,.F.);
#3360=ADVANCED_FACE('',(#4286),#3856,.F.);
#3361=ADVANCED_FACE('',(#4287),#3857,.F.);
#3362=ADVANCED_FACE('',(#4288),#3858,.F.);
#3363=ADVANCED_FACE('',(#4289),#3859,.F.);
#3364=ADVANCED_FACE('',(#4290),#3860,.F.);
#3365=ADVANCED_FACE('',(#4291),#3861,.F.);
#3366=ADVANCED_FACE('',(#4292),#3862,.F.);
#3367=ADVANCED_FACE('',(#4293),#3863,.F.);
#3368=ADVANCED_FACE('',(#4294),#3864,.F.);
#3369=ADVANCED_FACE('',(#4295),#3865,.F.);
#3370=ADVANCED_FACE('',(#4296),#3866,.F.);
#3371=ADVANCED_FACE('',(#4297),#3867,.F.);
#3372=ADVANCED_FACE('',(#4298),#3868,.F.);
#3373=ADVANCED_FACE('',(#4299),#3869,.F.);
#3374=ADVANCED_FACE('',(#4300),#3870,.F.);
#3375=ADVANCED_FACE('',(#4301),#3871,.F.);
#3376=ADVANCED_FACE('',(#4302),#3872,.F.);
#3377=ADVANCED_FACE('',(#2677,#2678),#2611,.T.);
#3378=ADVANCED_FACE('',(#4303),#3873,.T.);
#3379=ADVANCED_FACE('',(#4304),#3874,.T.);
#3380=ADVANCED_FACE('',(#2679,#2680),#2612,.T.);
#3381=ADVANCED_FACE('',(#2681,#2682),#2613,.T.);
#3382=ADVANCED_FACE('',(#4305),#3875,.T.);
#3383=ADVANCED_FACE('',(#4306),#3876,.T.);
#3384=ADVANCED_FACE('',(#2683,#2684),#2614,.T.);
#3385=ADVANCED_FACE('',(#2685,#2686),#2615,.T.);
#3386=ADVANCED_FACE('',(#4307),#3877,.T.);
#3387=ADVANCED_FACE('',(#4308),#3878,.T.);
#3388=ADVANCED_FACE('',(#2687,#2688),#2616,.T.);
#3389=ADVANCED_FACE('',(#2689,#2690),#2617,.T.);
#3390=ADVANCED_FACE('',(#4309),#3879,.T.);
#3391=ADVANCED_FACE('',(#4310),#3880,.T.);
#3392=ADVANCED_FACE('',(#2691,#2692),#2618,.T.);
#3393=ADVANCED_FACE('',(#2693,#2694),#2619,.T.);
#3394=ADVANCED_FACE('',(#4311),#3881,.T.);
#3395=ADVANCED_FACE('',(#4312),#3882,.T.);
#3396=ADVANCED_FACE('',(#2695,#2696),#2620,.T.);
#3397=ADVANCED_FACE('',(#2697,#2698),#2621,.T.);
#3398=ADVANCED_FACE('',(#4313),#3883,.T.);
#3399=ADVANCED_FACE('',(#4314),#3884,.T.);
#3400=ADVANCED_FACE('',(#2699,#2700),#2622,.T.);
#3401=ADVANCED_FACE('',(#2701,#2702),#2623,.T.);
#3402=ADVANCED_FACE('',(#4315),#3885,.T.);
#3403=ADVANCED_FACE('',(#4316),#3886,.T.);
#3404=ADVANCED_FACE('',(#2703,#2704),#2624,.T.);
#3405=ADVANCED_FACE('',(#2705,#2706),#2625,.T.);
#3406=ADVANCED_FACE('',(#4317),#3887,.T.);
#3407=ADVANCED_FACE('',(#4318),#3888,.T.);
#3408=ADVANCED_FACE('',(#2707,#2708),#2626,.T.);
#3409=ADVANCED_FACE('',(#2709,#2710),#2627,.T.);
#3410=ADVANCED_FACE('',(#4319),#3889,.T.);
#3411=ADVANCED_FACE('',(#4320),#3890,.T.);
#3412=ADVANCED_FACE('',(#2711,#2712),#2628,.T.);
#3413=ADVANCED_FACE('',(#2713,#2714),#2629,.T.);
#3414=ADVANCED_FACE('',(#4321),#3891,.T.);
#3415=ADVANCED_FACE('',(#4322),#3892,.T.);
#3416=ADVANCED_FACE('',(#2715,#2716),#2630,.T.);
#3417=ADVANCED_FACE('',(#2717,#2718),#2631,.T.);
#3418=ADVANCED_FACE('',(#4323),#3893,.T.);
#3419=ADVANCED_FACE('',(#4324),#3894,.T.);
#3420=ADVANCED_FACE('',(#2719,#2720),#2632,.T.);
#3421=ADVANCED_FACE('',(#2721,#2722),#2633,.T.);
#3422=ADVANCED_FACE('',(#4325),#3895,.T.);
#3423=ADVANCED_FACE('',(#4326),#3896,.T.);
#3424=ADVANCED_FACE('',(#2723,#2724),#2634,.T.);
#3425=ADVANCED_FACE('',(#2725,#2726),#2635,.T.);
#3426=ADVANCED_FACE('',(#4327),#3897,.T.);
#3427=ADVANCED_FACE('',(#4328),#3898,.T.);
#3428=ADVANCED_FACE('',(#2727,#2728),#2636,.T.);
#3429=ADVANCED_FACE('',(#2729,#2730),#2637,.T.);
#3430=ADVANCED_FACE('',(#4329),#3899,.T.);
#3431=ADVANCED_FACE('',(#4330),#3900,.T.);
#3432=ADVANCED_FACE('',(#2731,#2732),#2638,.T.);
#3433=ADVANCED_FACE('',(#2733,#2734),#2639,.T.);
#3434=ADVANCED_FACE('',(#4331),#3901,.T.);
#3435=ADVANCED_FACE('',(#4332),#3902,.T.);
#3436=ADVANCED_FACE('',(#2735,#2736),#2640,.T.);
#3437=ADVANCED_FACE('',(#2737,#2738),#2641,.T.);
#3438=ADVANCED_FACE('',(#4333),#3903,.T.);
#3439=ADVANCED_FACE('',(#4334),#3904,.T.);
#3440=ADVANCED_FACE('',(#2739,#2740),#2642,.T.);
#3441=ADVANCED_FACE('',(#2741,#2742),#2643,.T.);
#3442=ADVANCED_FACE('',(#4335),#3905,.T.);
#3443=ADVANCED_FACE('',(#4336),#3906,.T.);
#3444=ADVANCED_FACE('',(#2743,#2744),#2644,.T.);
#3445=ADVANCED_FACE('',(#2745,#2746),#2645,.T.);
#3446=ADVANCED_FACE('',(#4337),#3907,.T.);
#3447=ADVANCED_FACE('',(#4338),#3908,.T.);
#3448=ADVANCED_FACE('',(#2747,#2748),#2646,.T.);
#3449=ADVANCED_FACE('',(#2749,#2750),#2647,.T.);
#3450=ADVANCED_FACE('',(#4339),#3909,.T.);
#3451=ADVANCED_FACE('',(#4340),#3910,.T.);
#3452=ADVANCED_FACE('',(#2751,#2752),#2648,.T.);
#3453=ADVANCED_FACE('',(#2753,#2754),#2649,.T.);
#3454=ADVANCED_FACE('',(#4341),#3911,.T.);
#3455=ADVANCED_FACE('',(#4342),#3912,.T.);
#3456=ADVANCED_FACE('',(#2755,#2756),#2650,.T.);
#3457=ADVANCED_FACE('',(#2757,#2758),#2651,.T.);
#3458=ADVANCED_FACE('',(#4343),#3913,.T.);
#3459=ADVANCED_FACE('',(#4344),#3914,.T.);
#3460=ADVANCED_FACE('',(#2759,#2760),#2652,.T.);
#3461=ADVANCED_FACE('',(#2761,#2762),#2653,.T.);
#3462=ADVANCED_FACE('',(#4345),#3915,.T.);
#3463=ADVANCED_FACE('',(#4346),#3916,.T.);
#3464=ADVANCED_FACE('',(#2763,#2764),#2654,.T.);
#3465=ADVANCED_FACE('',(#2765,#2766),#2655,.T.);
#3466=ADVANCED_FACE('',(#4347),#3917,.T.);
#3467=ADVANCED_FACE('',(#4348),#3918,.T.);
#3468=ADVANCED_FACE('',(#2767,#2768),#2656,.T.);
#3469=ADVANCED_FACE('',(#2769,#2770),#2657,.T.);
#3470=ADVANCED_FACE('',(#4349),#3919,.T.);
#3471=ADVANCED_FACE('',(#4350),#3920,.T.);
#3472=ADVANCED_FACE('',(#2771,#2772),#2658,.T.);
#3473=ADVANCED_FACE('',(#2773,#2774),#2659,.T.);
#3474=ADVANCED_FACE('',(#4351),#3921,.T.);
#3475=ADVANCED_FACE('',(#4352),#3922,.T.);
#3476=ADVANCED_FACE('',(#2775,#2776),#2660,.T.);
#3477=ADVANCED_FACE('',(#2777,#2778),#2661,.T.);
#3478=ADVANCED_FACE('',(#4353),#3923,.T.);
#3479=ADVANCED_FACE('',(#4354),#3924,.T.);
#3480=ADVANCED_FACE('',(#2779,#2780),#2662,.T.);
#3481=ADVANCED_FACE('',(#2781,#2782),#2663,.T.);
#3482=ADVANCED_FACE('',(#4355),#3925,.T.);
#3483=ADVANCED_FACE('',(#4356),#3926,.T.);
#3484=ADVANCED_FACE('',(#2783,#2784),#2664,.T.);
#3485=ADVANCED_FACE('',(#2785,#2786),#2665,.T.);
#3486=ADVANCED_FACE('',(#4357),#3927,.T.);
#3487=ADVANCED_FACE('',(#4358),#3928,.T.);
#3488=ADVANCED_FACE('',(#2787,#2788),#2666,.T.);
#3489=ADVANCED_FACE('',(#2789,#2790),#2667,.T.);
#3490=ADVANCED_FACE('',(#4359),#3929,.T.);
#3491=ADVANCED_FACE('',(#4360),#3930,.T.);
#3492=ADVANCED_FACE('',(#2791,#2792),#2668,.T.);
#3493=ADVANCED_FACE('',(#2793,#2794),#2669,.T.);
#3494=ADVANCED_FACE('',(#4361),#3931,.T.);
#3495=ADVANCED_FACE('',(#4362),#3932,.T.);
#3496=ADVANCED_FACE('',(#2795,#2796),#2670,.T.);
#3497=ADVANCED_FACE('',(#4363),#3933,.T.);
#3498=ADVANCED_FACE('',(#2797,#2798),#2671,.T.);
#3499=ADVANCED_FACE('',(#4364),#3934,.T.);
#3500=ADVANCED_FACE('',(#2799,#2800),#2672,.T.);
#3501=ADVANCED_FACE('',(#4365),#3935,.T.);
#3502=ADVANCED_FACE('',(#2801,#2802),#2673,.T.);
#3503=ADVANCED_FACE('',(#2803,#2804),#2674,.F.);
#3504=ADVANCED_FACE('',(#2805,#2806),#2675,.F.);
#3505=ADVANCED_FACE('',(#4366),#3936,.F.);
#3506=ADVANCED_FACE('',(#4367),#3937,.F.);
#3507=ADVANCED_FACE('',(#4368),#3938,.F.);
#3508=ADVANCED_FACE('',(#4369),#3939,.F.);
#3509=ADVANCED_FACE('',(#4370),#3940,.F.);
#3510=ADVANCED_FACE('',(#4371),#3941,.F.);
#3511=ADVANCED_FACE('',(#4372),#3942,.F.);
#3512=ADVANCED_FACE('',(#4373),#3943,.F.);
#3513=ADVANCED_FACE('',(#4374),#3944,.T.);
#3514=ADVANCED_FACE('',(#4375),#3945,.F.);
#3515=ADVANCED_FACE('',(#4376),#3946,.T.);
#3516=ADVANCED_FACE('',(#4377),#3947,.F.);
#3517=ADVANCED_FACE('',(#4378),#3948,.F.);
#3518=ADVANCED_FACE('',(#4379),#3949,.F.);
#3519=ADVANCED_FACE('',(#4380),#3950,.F.);
#3520=ADVANCED_FACE('',(#4381),#3951,.F.);
#3521=ADVANCED_FACE('',(#4382),#3952,.F.);
#3522=ADVANCED_FACE('',(#4383),#3953,.F.);
#3523=ADVANCED_FACE('',(#4384),#3954,.F.);
#3524=ADVANCED_FACE('',(#4385),#3955,.F.);
#3525=ADVANCED_FACE('',(#4386),#3956,.F.);
#3526=ADVANCED_FACE('',(#4387),#3957,.F.);
#3527=ADVANCED_FACE('',(#4388),#3958,.F.);
#3528=ADVANCED_FACE('',(#4389),#3959,.F.);
#3529=ADVANCED_FACE('',(#4390),#3960,.F.);
#3530=ADVANCED_FACE('',(#4391),#3961,.F.);
#3531=ADVANCED_FACE('',(#4392),#3962,.F.);
#3532=ADVANCED_FACE('',(#4393),#3963,.F.);
#3533=ADVANCED_FACE('',(#4394),#3964,.F.);
#3534=ADVANCED_FACE('',(#4395),#3965,.F.);
#3535=ADVANCED_FACE('',(#4396),#3966,.F.);
#3536=ADVANCED_FACE('',(#4397),#3967,.F.);
#3537=ADVANCED_FACE('',(#4398),#3968,.F.);
#3538=ADVANCED_FACE('',(#2807,#2808,#2809,#2810,#2811,#2812,#2813,#2814,
#2815,#2816,#2817,#2818,#2819,#2820,#2821,#2822,#2823,#2824,#2825,#2826,
#2827,#2828,#2829,#2830,#2831,#2832,#2833,#2834,#2835,#2836,#2837,#2838,
#2839,#2840,#2841,#2842,#2843,#2844,#2845,#2846,#2847,#2848,#2849,#2850,
#2851,#2852,#2853,#2854,#2855,#2856,#2857,#2858,#2859,#2860,#2861,#2862,
#2863,#2864,#2865,#2866,#2867,#2868,#2869,#2870,#2871),#3969,.T.);
#3539=ADVANCED_FACE('',(#4399),#3970,.T.);
#3540=ADVANCED_FACE('',(#4400),#3971,.T.);
#3541=ADVANCED_FACE('',(#4401),#3972,.T.);
#3542=ADVANCED_FACE('',(#4402),#3973,.T.);
#3543=ADVANCED_FACE('',(#4403),#3974,.T.);
#3544=ADVANCED_FACE('',(#4404),#3975,.T.);
#3545=ADVANCED_FACE('',(#4405),#3976,.T.);
#3546=ADVANCED_FACE('',(#4406),#3977,.T.);
#3547=ADVANCED_FACE('',(#4407),#3978,.F.);
#3548=ADVANCED_FACE('',(#4408),#3979,.T.);
#3549=ADVANCED_FACE('',(#4409),#3980,.F.);
#3550=ADVANCED_FACE('',(#4410),#3981,.T.);
#3551=ADVANCED_FACE('',(#4411),#3982,.F.);
#3552=ADVANCED_FACE('',(#4412),#3983,.T.);
#3553=ADVANCED_FACE('',(#4413),#3984,.F.);
#3554=ADVANCED_FACE('',(#4414),#3985,.F.);
#3555=ADVANCED_FACE('',(#4415),#3986,.F.);
#3556=ADVANCED_FACE('',(#2872,#2873),#3987,.F.);
#3557=ADVANCED_FACE('',(#4416),#3988,.T.);
#3558=ADVANCED_FACE('',(#4417),#3989,.T.);
#3559=ADVANCED_FACE('',(#4418),#3990,.F.);
#3560=ADVANCED_FACE('',(#4419),#3991,.F.);
#3561=ADVANCED_FACE('',(#4420),#3992,.F.);
#3562=ADVANCED_FACE('',(#4421),#3993,.F.);
#3563=ADVANCED_FACE('',(#4422),#3994,.F.);
#3564=ADVANCED_FACE('',(#4423),#3995,.F.);
#3565=ADVANCED_FACE('',(#4424),#3996,.F.);
#3566=ADVANCED_FACE('',(#4425),#3997,.F.);
#3567=ADVANCED_FACE('',(#4426),#3998,.F.);
#3568=ADVANCED_FACE('',(#2874,#2875),#3999,.F.);
#3569=ADVANCED_FACE('',(#4427),#4000,.T.);
#3570=ADVANCED_FACE('',(#2876,#2877,#2878,#2879,#2880,#2881,#2882,#2883,
#2884,#2885,#2886,#2887,#2888,#2889,#2890,#2891,#2892,#2893,#2894,#2895,
#2896,#2897,#2898,#2899,#2900,#2901,#2902,#2903,#2904,#2905,#2906,#2907,
#2908,#2909,#2910,#2911,#2912,#2913,#2914,#2915,#2916,#2917,#2918,#2919,
#2920,#2921,#2922,#2923,#2924,#2925,#2926,#2927,#2928,#2929,#2930,#2931,
#2932,#2933,#2934,#2935,#2936,#2937,#2938,#2939,#2940,#2941,#2942),#4001,
 .T.);
#3571=ADVANCED_FACE('',(#2943,#2944),#2676,.T.);
#3572=ADVANCED_FACE('',(#4428),#4002,.T.);
#3573=PLANE('',#10704);
#3574=PLANE('',#10705);
#3575=PLANE('',#10706);
#3576=PLANE('',#10707);
#3577=PLANE('',#10708);
#3578=PLANE('',#10709);
#3579=PLANE('',#10710);
#3580=PLANE('',#10711);
#3581=PLANE('',#10712);
#3582=PLANE('',#10713);
#3583=PLANE('',#10714);
#3584=PLANE('',#10715);
#3585=PLANE('',#10716);
#3586=PLANE('',#10717);
#3587=PLANE('',#10718);
#3588=PLANE('',#10719);
#3589=PLANE('',#10720);
#3590=PLANE('',#10721);
#3591=PLANE('',#10722);
#3592=PLANE('',#10723);
#3593=PLANE('',#10724);
#3594=PLANE('',#10725);
#3595=PLANE('',#10726);
#3596=PLANE('',#10727);
#3597=PLANE('',#10728);
#3598=PLANE('',#10729);
#3599=PLANE('',#10730);
#3600=PLANE('',#10731);
#3601=PLANE('',#10732);
#3602=PLANE('',#10733);
#3603=PLANE('',#10734);
#3604=PLANE('',#10735);
#3605=PLANE('',#10736);
#3606=PLANE('',#10737);
#3607=PLANE('',#10738);
#3608=PLANE('',#10739);
#3609=PLANE('',#10740);
#3610=PLANE('',#10741);
#3611=PLANE('',#10742);
#3612=PLANE('',#10743);
#3613=PLANE('',#10744);
#3614=PLANE('',#10745);
#3615=PLANE('',#10746);
#3616=PLANE('',#10747);
#3617=PLANE('',#10748);
#3618=PLANE('',#10749);
#3619=PLANE('',#10750);
#3620=PLANE('',#10751);
#3621=PLANE('',#10752);
#3622=PLANE('',#10753);
#3623=PLANE('',#10754);
#3624=PLANE('',#10755);
#3625=PLANE('',#10756);
#3626=PLANE('',#10757);
#3627=PLANE('',#10758);
#3628=PLANE('',#10759);
#3629=PLANE('',#10760);
#3630=PLANE('',#10761);
#3631=PLANE('',#10762);
#3632=PLANE('',#10763);
#3633=PLANE('',#10764);
#3634=PLANE('',#10765);
#3635=PLANE('',#10766);
#3636=PLANE('',#10767);
#3637=PLANE('',#10768);
#3638=PLANE('',#10769);
#3639=PLANE('',#10770);
#3640=PLANE('',#10771);
#3641=PLANE('',#10772);
#3642=PLANE('',#10773);
#3643=PLANE('',#10774);
#3644=PLANE('',#10775);
#3645=PLANE('',#10776);
#3646=PLANE('',#10777);
#3647=PLANE('',#10778);
#3648=PLANE('',#10779);
#3649=PLANE('',#10780);
#3650=PLANE('',#10781);
#3651=PLANE('',#10782);
#3652=PLANE('',#10783);
#3653=PLANE('',#10784);
#3654=PLANE('',#10785);
#3655=PLANE('',#10786);
#3656=PLANE('',#10787);
#3657=PLANE('',#10788);
#3658=PLANE('',#10789);
#3659=PLANE('',#10790);
#3660=PLANE('',#10791);
#3661=PLANE('',#10792);
#3662=PLANE('',#10793);
#3663=PLANE('',#10794);
#3664=PLANE('',#10795);
#3665=PLANE('',#10796);
#3666=PLANE('',#10797);
#3667=PLANE('',#10798);
#3668=PLANE('',#10799);
#3669=PLANE('',#10800);
#3670=PLANE('',#10801);
#3671=PLANE('',#10802);
#3672=PLANE('',#10803);
#3673=PLANE('',#10804);
#3674=PLANE('',#10805);
#3675=PLANE('',#10806);
#3676=PLANE('',#10807);
#3677=PLANE('',#10808);
#3678=PLANE('',#10809);
#3679=PLANE('',#10810);
#3680=PLANE('',#10811);
#3681=PLANE('',#10812);
#3682=PLANE('',#10813);
#3683=PLANE('',#10814);
#3684=PLANE('',#10815);
#3685=PLANE('',#10816);
#3686=PLANE('',#10817);
#3687=PLANE('',#10818);
#3688=PLANE('',#10819);
#3689=PLANE('',#10820);
#3690=PLANE('',#10821);
#3691=PLANE('',#10822);
#3692=PLANE('',#10823);
#3693=PLANE('',#10824);
#3694=PLANE('',#10825);
#3695=PLANE('',#10826);
#3696=PLANE('',#10827);
#3697=PLANE('',#10828);
#3698=PLANE('',#10829);
#3699=PLANE('',#10830);
#3700=PLANE('',#10831);
#3701=PLANE('',#10832);
#3702=PLANE('',#10833);
#3703=PLANE('',#10834);
#3704=PLANE('',#10835);
#3705=PLANE('',#10836);
#3706=PLANE('',#10837);
#3707=PLANE('',#10838);
#3708=PLANE('',#10839);
#3709=PLANE('',#10840);
#3710=PLANE('',#10841);
#3711=PLANE('',#10842);
#3712=PLANE('',#10843);
#3713=PLANE('',#10844);
#3714=PLANE('',#10845);
#3715=PLANE('',#10846);
#3716=PLANE('',#10847);
#3717=PLANE('',#10848);
#3718=PLANE('',#10849);
#3719=PLANE('',#10850);
#3720=PLANE('',#10851);
#3721=PLANE('',#10852);
#3722=PLANE('',#10853);
#3723=PLANE('',#10854);
#3724=PLANE('',#10855);
#3725=PLANE('',#10856);
#3726=PLANE('',#10857);
#3727=PLANE('',#10858);
#3728=PLANE('',#10859);
#3729=PLANE('',#10860);
#3730=PLANE('',#10861);
#3731=PLANE('',#10862);
#3732=PLANE('',#10863);
#3733=PLANE('',#10864);
#3734=PLANE('',#10865);
#3735=PLANE('',#10866);
#3736=PLANE('',#10867);
#3737=PLANE('',#10868);
#3738=PLANE('',#10869);
#3739=PLANE('',#10870);
#3740=PLANE('',#10871);
#3741=PLANE('',#10872);
#3742=PLANE('',#10873);
#3743=PLANE('',#10874);
#3744=PLANE('',#10875);
#3745=PLANE('',#10876);
#3746=PLANE('',#10877);
#3747=PLANE('',#10878);
#3748=PLANE('',#10879);
#3749=PLANE('',#10880);
#3750=PLANE('',#10881);
#3751=PLANE('',#10882);
#3752=PLANE('',#10883);
#3753=PLANE('',#10884);
#3754=PLANE('',#10885);
#3755=PLANE('',#10886);
#3756=PLANE('',#10887);
#3757=PLANE('',#10888);
#3758=PLANE('',#10889);
#3759=PLANE('',#10890);
#3760=PLANE('',#10891);
#3761=PLANE('',#10892);
#3762=PLANE('',#10893);
#3763=PLANE('',#10894);
#3764=PLANE('',#10895);
#3765=PLANE('',#10896);
#3766=PLANE('',#10897);
#3767=PLANE('',#10898);
#3768=PLANE('',#10899);
#3769=PLANE('',#10900);
#3770=PLANE('',#10901);
#3771=PLANE('',#10902);
#3772=PLANE('',#10903);
#3773=PLANE('',#10904);
#3774=PLANE('',#10905);
#3775=PLANE('',#10906);
#3776=PLANE('',#10907);
#3777=PLANE('',#10908);
#3778=PLANE('',#10909);
#3779=PLANE('',#10910);
#3780=PLANE('',#10911);
#3781=PLANE('',#10912);
#3782=PLANE('',#10913);
#3783=PLANE('',#10914);
#3784=PLANE('',#10915);
#3785=PLANE('',#10916);
#3786=PLANE('',#10917);
#3787=PLANE('',#10918);
#3788=PLANE('',#10919);
#3789=PLANE('',#10920);
#3790=PLANE('',#10921);
#3791=PLANE('',#10922);
#3792=PLANE('',#10923);
#3793=PLANE('',#10924);
#3794=PLANE('',#10925);
#3795=PLANE('',#10926);
#3796=PLANE('',#10927);
#3797=PLANE('',#10928);
#3798=PLANE('',#10929);
#3799=PLANE('',#10930);
#3800=PLANE('',#10931);
#3801=PLANE('',#10932);
#3802=PLANE('',#10933);
#3803=PLANE('',#10934);
#3804=PLANE('',#10935);
#3805=PLANE('',#10936);
#3806=PLANE('',#10937);
#3807=PLANE('',#10938);
#3808=PLANE('',#10939);
#3809=PLANE('',#10940);
#3810=PLANE('',#10941);
#3811=PLANE('',#10942);
#3812=PLANE('',#10943);
#3813=PLANE('',#10944);
#3814=PLANE('',#10945);
#3815=PLANE('',#10946);
#3816=PLANE('',#10947);
#3817=PLANE('',#10948);
#3818=PLANE('',#10949);
#3819=PLANE('',#10950);
#3820=PLANE('',#10951);
#3821=PLANE('',#10952);
#3822=PLANE('',#10953);
#3823=PLANE('',#10954);
#3824=PLANE('',#10955);
#3825=PLANE('',#10956);
#3826=PLANE('',#10957);
#3827=PLANE('',#10958);
#3828=PLANE('',#10959);
#3829=PLANE('',#10960);
#3830=PLANE('',#10961);
#3831=PLANE('',#10962);
#3832=PLANE('',#10963);
#3833=PLANE('',#10964);
#3834=PLANE('',#10965);
#3835=PLANE('',#10966);
#3836=PLANE('',#10967);
#3837=PLANE('',#10968);
#3838=PLANE('',#10969);
#3839=PLANE('',#10970);
#3840=PLANE('',#10971);
#3841=PLANE('',#10972);
#3842=PLANE('',#10973);
#3843=PLANE('',#10974);
#3844=PLANE('',#10975);
#3845=PLANE('',#10976);
#3846=PLANE('',#10977);
#3847=PLANE('',#10978);
#3848=PLANE('',#10979);
#3849=PLANE('',#10980);
#3850=PLANE('',#10981);
#3851=PLANE('',#10982);
#3852=PLANE('',#10983);
#3853=PLANE('',#10984);
#3854=PLANE('',#10985);
#3855=PLANE('',#10986);
#3856=PLANE('',#10987);
#3857=PLANE('',#10988);
#3858=PLANE('',#10989);
#3859=PLANE('',#10990);
#3860=PLANE('',#10991);
#3861=PLANE('',#10992);
#3862=PLANE('',#10993);
#3863=PLANE('',#10994);
#3864=PLANE('',#10995);
#3865=PLANE('',#10996);
#3866=PLANE('',#10997);
#3867=PLANE('',#10998);
#3868=PLANE('',#10999);
#3869=PLANE('',#11000);
#3870=PLANE('',#11001);
#3871=PLANE('',#11002);
#3872=PLANE('',#11003);
#3873=PLANE('',#11007);
#3874=PLANE('',#11009);
#3875=PLANE('',#11015);
#3876=PLANE('',#11017);
#3877=PLANE('',#11023);
#3878=PLANE('',#11025);
#3879=PLANE('',#11031);
#3880=PLANE('',#11033);
#3881=PLANE('',#11039);
#3882=PLANE('',#11041);
#3883=PLANE('',#11047);
#3884=PLANE('',#11049);
#3885=PLANE('',#11055);
#3886=PLANE('',#11057);
#3887=PLANE('',#11063);
#3888=PLANE('',#11065);
#3889=PLANE('',#11071);
#3890=PLANE('',#11073);
#3891=PLANE('',#11079);
#3892=PLANE('',#11081);
#3893=PLANE('',#11087);
#3894=PLANE('',#11089);
#3895=PLANE('',#11095);
#3896=PLANE('',#11097);
#3897=PLANE('',#11103);
#3898=PLANE('',#11105);
#3899=PLANE('',#11111);
#3900=PLANE('',#11113);
#3901=PLANE('',#11119);
#3902=PLANE('',#11121);
#3903=PLANE('',#11127);
#3904=PLANE('',#11129);
#3905=PLANE('',#11135);
#3906=PLANE('',#11137);
#3907=PLANE('',#11143);
#3908=PLANE('',#11145);
#3909=PLANE('',#11151);
#3910=PLANE('',#11153);
#3911=PLANE('',#11159);
#3912=PLANE('',#11161);
#3913=PLANE('',#11167);
#3914=PLANE('',#11169);
#3915=PLANE('',#11175);
#3916=PLANE('',#11177);
#3917=PLANE('',#11183);
#3918=PLANE('',#11185);
#3919=PLANE('',#11191);
#3920=PLANE('',#11193);
#3921=PLANE('',#11199);
#3922=PLANE('',#11201);
#3923=PLANE('',#11207);
#3924=PLANE('',#11209);
#3925=PLANE('',#11215);
#3926=PLANE('',#11217);
#3927=PLANE('',#11223);
#3928=PLANE('',#11225);
#3929=PLANE('',#11231);
#3930=PLANE('',#11233);
#3931=PLANE('',#11239);
#3932=PLANE('',#11241);
#3933=PLANE('',#11245);
#3934=PLANE('',#11249);
#3935=PLANE('',#11253);
#3936=PLANE('',#11262);
#3937=PLANE('',#11263);
#3938=PLANE('',#11264);
#3939=PLANE('',#11265);
#3940=PLANE('',#11266);
#3941=PLANE('',#11267);
#3942=PLANE('',#11268);
#3943=PLANE('',#11269);
#3944=PLANE('',#11270);
#3945=PLANE('',#11271);
#3946=PLANE('',#11272);
#3947=PLANE('',#11273);
#3948=PLANE('',#11274);
#3949=PLANE('',#11275);
#3950=PLANE('',#11276);
#3951=PLANE('',#11277);
#3952=PLANE('',#11278);
#3953=PLANE('',#11279);
#3954=PLANE('',#11280);
#3955=PLANE('',#11281);
#3956=PLANE('',#11282);
#3957=PLANE('',#11283);
#3958=PLANE('',#11284);
#3959=PLANE('',#11285);
#3960=PLANE('',#11286);
#3961=PLANE('',#11287);
#3962=PLANE('',#11288);
#3963=PLANE('',#11289);
#3964=PLANE('',#11290);
#3965=PLANE('',#11291);
#3966=PLANE('',#11292);
#3967=PLANE('',#11293);
#3968=PLANE('',#11294);
#3969=PLANE('',#11295);
#3970=PLANE('',#11296);
#3971=PLANE('',#11297);
#3972=PLANE('',#11298);
#3973=PLANE('',#11299);
#3974=PLANE('',#11300);
#3975=PLANE('',#11301);
#3976=PLANE('',#11302);
#3977=PLANE('',#11303);
#3978=PLANE('',#11304);
#3979=PLANE('',#11305);
#3980=PLANE('',#11306);
#3981=PLANE('',#11307);
#3982=PLANE('',#11308);
#3983=PLANE('',#11309);
#3984=PLANE('',#11310);
#3985=PLANE('',#11311);
#3986=PLANE('',#11312);
#3987=PLANE('',#11313);
#3988=PLANE('',#11314);
#3989=PLANE('',#11315);
#3990=PLANE('',#11316);
#3991=PLANE('',#11317);
#3992=PLANE('',#11318);
#3993=PLANE('',#11319);
#3994=PLANE('',#11320);
#3995=PLANE('',#11321);
#3996=PLANE('',#11322);
#3997=PLANE('',#11323);
#3998=PLANE('',#11324);
#3999=PLANE('',#11325);
#4000=PLANE('',#11326);
#4001=PLANE('',#11328);
#4002=PLANE('',#11331);
#4003=FACE_OUTER_BOUND('',#4429,.T.);
#4004=FACE_OUTER_BOUND('',#4430,.T.);
#4005=FACE_OUTER_BOUND('',#4431,.T.);
#4006=FACE_OUTER_BOUND('',#4432,.T.);
#4007=FACE_OUTER_BOUND('',#4433,.T.);
#4008=FACE_OUTER_BOUND('',#4434,.T.);
#4009=FACE_OUTER_BOUND('',#4435,.T.);
#4010=FACE_OUTER_BOUND('',#4436,.T.);
#4011=FACE_OUTER_BOUND('',#4437,.T.);
#4012=FACE_OUTER_BOUND('',#4438,.T.);
#4013=FACE_OUTER_BOUND('',#4439,.T.);
#4014=FACE_OUTER_BOUND('',#4440,.T.);
#4015=FACE_OUTER_BOUND('',#4441,.T.);
#4016=FACE_OUTER_BOUND('',#4442,.T.);
#4017=FACE_OUTER_BOUND('',#4443,.T.);
#4018=FACE_OUTER_BOUND('',#4444,.T.);
#4019=FACE_OUTER_BOUND('',#4445,.T.);
#4020=FACE_OUTER_BOUND('',#4446,.T.);
#4021=FACE_OUTER_BOUND('',#4447,.T.);
#4022=FACE_OUTER_BOUND('',#4448,.T.);
#4023=FACE_OUTER_BOUND('',#4449,.T.);
#4024=FACE_OUTER_BOUND('',#4450,.T.);
#4025=FACE_OUTER_BOUND('',#4451,.T.);
#4026=FACE_OUTER_BOUND('',#4452,.T.);
#4027=FACE_OUTER_BOUND('',#4453,.T.);
#4028=FACE_OUTER_BOUND('',#4454,.T.);
#4029=FACE_OUTER_BOUND('',#4455,.T.);
#4030=FACE_OUTER_BOUND('',#4456,.T.);
#4031=FACE_OUTER_BOUND('',#4457,.T.);
#4032=FACE_OUTER_BOUND('',#4458,.T.);
#4033=FACE_OUTER_BOUND('',#4459,.T.);
#4034=FACE_OUTER_BOUND('',#4460,.T.);
#4035=FACE_OUTER_BOUND('',#4461,.T.);
#4036=FACE_OUTER_BOUND('',#4462,.T.);
#4037=FACE_OUTER_BOUND('',#4463,.T.);
#4038=FACE_OUTER_BOUND('',#4464,.T.);
#4039=FACE_OUTER_BOUND('',#4465,.T.);
#4040=FACE_OUTER_BOUND('',#4466,.T.);
#4041=FACE_OUTER_BOUND('',#4467,.T.);
#4042=FACE_OUTER_BOUND('',#4468,.T.);
#4043=FACE_OUTER_BOUND('',#4469,.T.);
#4044=FACE_OUTER_BOUND('',#4470,.T.);
#4045=FACE_OUTER_BOUND('',#4471,.T.);
#4046=FACE_OUTER_BOUND('',#4472,.T.);
#4047=FACE_OUTER_BOUND('',#4473,.T.);
#4048=FACE_OUTER_BOUND('',#4474,.T.);
#4049=FACE_OUTER_BOUND('',#4475,.T.);
#4050=FACE_OUTER_BOUND('',#4476,.T.);
#4051=FACE_OUTER_BOUND('',#4477,.T.);
#4052=FACE_OUTER_BOUND('',#4478,.T.);
#4053=FACE_OUTER_BOUND('',#4479,.T.);
#4054=FACE_OUTER_BOUND('',#4480,.T.);
#4055=FACE_OUTER_BOUND('',#4481,.T.);
#4056=FACE_OUTER_BOUND('',#4482,.T.);
#4057=FACE_OUTER_BOUND('',#4483,.T.);
#4058=FACE_OUTER_BOUND('',#4484,.T.);
#4059=FACE_OUTER_BOUND('',#4485,.T.);
#4060=FACE_OUTER_BOUND('',#4486,.T.);
#4061=FACE_OUTER_BOUND('',#4487,.T.);
#4062=FACE_OUTER_BOUND('',#4488,.T.);
#4063=FACE_OUTER_BOUND('',#4489,.T.);
#4064=FACE_OUTER_BOUND('',#4490,.T.);
#4065=FACE_OUTER_BOUND('',#4491,.T.);
#4066=FACE_OUTER_BOUND('',#4492,.T.);
#4067=FACE_OUTER_BOUND('',#4493,.T.);
#4068=FACE_OUTER_BOUND('',#4494,.T.);
#4069=FACE_OUTER_BOUND('',#4495,.T.);
#4070=FACE_OUTER_BOUND('',#4496,.T.);
#4071=FACE_OUTER_BOUND('',#4497,.T.);
#4072=FACE_OUTER_BOUND('',#4498,.T.);
#4073=FACE_OUTER_BOUND('',#4499,.T.);
#4074=FACE_OUTER_BOUND('',#4500,.T.);
#4075=FACE_OUTER_BOUND('',#4501,.T.);
#4076=FACE_OUTER_BOUND('',#4502,.T.);
#4077=FACE_OUTER_BOUND('',#4503,.T.);
#4078=FACE_OUTER_BOUND('',#4504,.T.);
#4079=FACE_OUTER_BOUND('',#4505,.T.);
#4080=FACE_OUTER_BOUND('',#4506,.T.);
#4081=FACE_OUTER_BOUND('',#4507,.T.);
#4082=FACE_OUTER_BOUND('',#4508,.T.);
#4083=FACE_OUTER_BOUND('',#4509,.T.);
#4084=FACE_OUTER_BOUND('',#4510,.T.);
#4085=FACE_OUTER_BOUND('',#4511,.T.);
#4086=FACE_OUTER_BOUND('',#4512,.T.);
#4087=FACE_OUTER_BOUND('',#4513,.T.);
#4088=FACE_OUTER_BOUND('',#4514,.T.);
#4089=FACE_OUTER_BOUND('',#4515,.T.);
#4090=FACE_OUTER_BOUND('',#4516,.T.);
#4091=FACE_OUTER_BOUND('',#4517,.T.);
#4092=FACE_OUTER_BOUND('',#4518,.T.);
#4093=FACE_OUTER_BOUND('',#4519,.T.);
#4094=FACE_OUTER_BOUND('',#4520,.T.);
#4095=FACE_OUTER_BOUND('',#4521,.T.);
#4096=FACE_OUTER_BOUND('',#4522,.T.);
#4097=FACE_OUTER_BOUND('',#4523,.T.);
#4098=FACE_OUTER_BOUND('',#4524,.T.);
#4099=FACE_OUTER_BOUND('',#4525,.T.);
#4100=FACE_OUTER_BOUND('',#4526,.T.);
#4101=FACE_OUTER_BOUND('',#4527,.T.);
#4102=FACE_OUTER_BOUND('',#4528,.T.);
#4103=FACE_OUTER_BOUND('',#4529,.T.);
#4104=FACE_OUTER_BOUND('',#4530,.T.);
#4105=FACE_OUTER_BOUND('',#4531,.T.);
#4106=FACE_OUTER_BOUND('',#4532,.T.);
#4107=FACE_OUTER_BOUND('',#4533,.T.);
#4108=FACE_OUTER_BOUND('',#4534,.T.);
#4109=FACE_OUTER_BOUND('',#4535,.T.);
#4110=FACE_OUTER_BOUND('',#4536,.T.);
#4111=FACE_OUTER_BOUND('',#4537,.T.);
#4112=FACE_OUTER_BOUND('',#4538,.T.);
#4113=FACE_OUTER_BOUND('',#4539,.T.);
#4114=FACE_OUTER_BOUND('',#4540,.T.);
#4115=FACE_OUTER_BOUND('',#4541,.T.);
#4116=FACE_OUTER_BOUND('',#4542,.T.);
#4117=FACE_OUTER_BOUND('',#4543,.T.);
#4118=FACE_OUTER_BOUND('',#4544,.T.);
#4119=FACE_OUTER_BOUND('',#4545,.T.);
#4120=FACE_OUTER_BOUND('',#4546,.T.);
#4121=FACE_OUTER_BOUND('',#4547,.T.);
#4122=FACE_OUTER_BOUND('',#4548,.T.);
#4123=FACE_OUTER_BOUND('',#4549,.T.);
#4124=FACE_OUTER_BOUND('',#4550,.T.);
#4125=FACE_OUTER_BOUND('',#4551,.T.);
#4126=FACE_OUTER_BOUND('',#4552,.T.);
#4127=FACE_OUTER_BOUND('',#4553,.T.);
#4128=FACE_OUTER_BOUND('',#4554,.T.);
#4129=FACE_OUTER_BOUND('',#4555,.T.);
#4130=FACE_OUTER_BOUND('',#4556,.T.);
#4131=FACE_OUTER_BOUND('',#4557,.T.);
#4132=FACE_OUTER_BOUND('',#4558,.T.);
#4133=FACE_OUTER_BOUND('',#4559,.T.);
#4134=FACE_OUTER_BOUND('',#4560,.T.);
#4135=FACE_OUTER_BOUND('',#4561,.T.);
#4136=FACE_OUTER_BOUND('',#4562,.T.);
#4137=FACE_OUTER_BOUND('',#4563,.T.);
#4138=FACE_OUTER_BOUND('',#4564,.T.);
#4139=FACE_OUTER_BOUND('',#4565,.T.);
#4140=FACE_OUTER_BOUND('',#4566,.T.);
#4141=FACE_OUTER_BOUND('',#4567,.T.);
#4142=FACE_OUTER_BOUND('',#4568,.T.);
#4143=FACE_OUTER_BOUND('',#4569,.T.);
#4144=FACE_OUTER_BOUND('',#4570,.T.);
#4145=FACE_OUTER_BOUND('',#4571,.T.);
#4146=FACE_OUTER_BOUND('',#4572,.T.);
#4147=FACE_OUTER_BOUND('',#4573,.T.);
#4148=FACE_OUTER_BOUND('',#4574,.T.);
#4149=FACE_OUTER_BOUND('',#4575,.T.);
#4150=FACE_OUTER_BOUND('',#4576,.T.);
#4151=FACE_OUTER_BOUND('',#4577,.T.);
#4152=FACE_OUTER_BOUND('',#4578,.T.);
#4153=FACE_OUTER_BOUND('',#4579,.T.);
#4154=FACE_OUTER_BOUND('',#4580,.T.);
#4155=FACE_OUTER_BOUND('',#4581,.T.);
#4156=FACE_OUTER_BOUND('',#4582,.T.);
#4157=FACE_OUTER_BOUND('',#4583,.T.);
#4158=FACE_OUTER_BOUND('',#4584,.T.);
#4159=FACE_OUTER_BOUND('',#4585,.T.);
#4160=FACE_OUTER_BOUND('',#4586,.T.);
#4161=FACE_OUTER_BOUND('',#4587,.T.);
#4162=FACE_OUTER_BOUND('',#4588,.T.);
#4163=FACE_OUTER_BOUND('',#4589,.T.);
#4164=FACE_OUTER_BOUND('',#4590,.T.);
#4165=FACE_OUTER_BOUND('',#4591,.T.);
#4166=FACE_OUTER_BOUND('',#4592,.T.);
#4167=FACE_OUTER_BOUND('',#4593,.T.);
#4168=FACE_OUTER_BOUND('',#4594,.T.);
#4169=FACE_OUTER_BOUND('',#4595,.T.);
#4170=FACE_OUTER_BOUND('',#4596,.T.);
#4171=FACE_OUTER_BOUND('',#4597,.T.);
#4172=FACE_OUTER_BOUND('',#4598,.T.);
#4173=FACE_OUTER_BOUND('',#4599,.T.);
#4174=FACE_OUTER_BOUND('',#4600,.T.);
#4175=FACE_OUTER_BOUND('',#4601,.T.);
#4176=FACE_OUTER_BOUND('',#4602,.T.);
#4177=FACE_OUTER_BOUND('',#4603,.T.);
#4178=FACE_OUTER_BOUND('',#4604,.T.);
#4179=FACE_OUTER_BOUND('',#4605,.T.);
#4180=FACE_OUTER_BOUND('',#4606,.T.);
#4181=FACE_OUTER_BOUND('',#4607,.T.);
#4182=FACE_OUTER_BOUND('',#4608,.T.);
#4183=FACE_OUTER_BOUND('',#4609,.T.);
#4184=FACE_OUTER_BOUND('',#4610,.T.);
#4185=FACE_OUTER_BOUND('',#4611,.T.);
#4186=FACE_OUTER_BOUND('',#4612,.T.);
#4187=FACE_OUTER_BOUND('',#4613,.T.);
#4188=FACE_OUTER_BOUND('',#4614,.T.);
#4189=FACE_OUTER_BOUND('',#4615,.T.);
#4190=FACE_OUTER_BOUND('',#4616,.T.);
#4191=FACE_OUTER_BOUND('',#4617,.T.);
#4192=FACE_OUTER_BOUND('',#4618,.T.);
#4193=FACE_OUTER_BOUND('',#4619,.T.);
#4194=FACE_OUTER_BOUND('',#4620,.T.);
#4195=FACE_OUTER_BOUND('',#4621,.T.);
#4196=FACE_OUTER_BOUND('',#4622,.T.);
#4197=FACE_OUTER_BOUND('',#4623,.T.);
#4198=FACE_OUTER_BOUND('',#4624,.T.);
#4199=FACE_OUTER_BOUND('',#4625,.T.);
#4200=FACE_OUTER_BOUND('',#4626,.T.);
#4201=FACE_OUTER_BOUND('',#4627,.T.);
#4202=FACE_OUTER_BOUND('',#4628,.T.);
#4203=FACE_OUTER_BOUND('',#4629,.T.);
#4204=FACE_OUTER_BOUND('',#4630,.T.);
#4205=FACE_OUTER_BOUND('',#4631,.T.);
#4206=FACE_OUTER_BOUND('',#4632,.T.);
#4207=FACE_OUTER_BOUND('',#4633,.T.);
#4208=FACE_OUTER_BOUND('',#4634,.T.);
#4209=FACE_OUTER_BOUND('',#4635,.T.);
#4210=FACE_OUTER_BOUND('',#4636,.T.);
#4211=FACE_OUTER_BOUND('',#4637,.T.);
#4212=FACE_OUTER_BOUND('',#4638,.T.);
#4213=FACE_OUTER_BOUND('',#4639,.T.);
#4214=FACE_OUTER_BOUND('',#4640,.T.);
#4215=FACE_OUTER_BOUND('',#4641,.T.);
#4216=FACE_OUTER_BOUND('',#4642,.T.);
#4217=FACE_OUTER_BOUND('',#4643,.T.);
#4218=FACE_OUTER_BOUND('',#4644,.T.);
#4219=FACE_OUTER_BOUND('',#4645,.T.);
#4220=FACE_OUTER_BOUND('',#4646,.T.);
#4221=FACE_OUTER_BOUND('',#4647,.T.);
#4222=FACE_OUTER_BOUND('',#4648,.T.);
#4223=FACE_OUTER_BOUND('',#4649,.T.);
#4224=FACE_OUTER_BOUND('',#4650,.T.);
#4225=FACE_OUTER_BOUND('',#4651,.T.);
#4226=FACE_OUTER_BOUND('',#4652,.T.);
#4227=FACE_OUTER_BOUND('',#4653,.T.);
#4228=FACE_OUTER_BOUND('',#4654,.T.);
#4229=FACE_OUTER_BOUND('',#4655,.T.);
#4230=FACE_OUTER_BOUND('',#4656,.T.);
#4231=FACE_OUTER_BOUND('',#4657,.T.);
#4232=FACE_OUTER_BOUND('',#4658,.T.);
#4233=FACE_OUTER_BOUND('',#4659,.T.);
#4234=FACE_OUTER_BOUND('',#4660,.T.);
#4235=FACE_OUTER_BOUND('',#4661,.T.);
#4236=FACE_OUTER_BOUND('',#4662,.T.);
#4237=FACE_OUTER_BOUND('',#4663,.T.);
#4238=FACE_OUTER_BOUND('',#4664,.T.);
#4239=FACE_OUTER_BOUND('',#4665,.T.);
#4240=FACE_OUTER_BOUND('',#4666,.T.);
#4241=FACE_OUTER_BOUND('',#4667,.T.);
#4242=FACE_OUTER_BOUND('',#4668,.T.);
#4243=FACE_OUTER_BOUND('',#4669,.T.);
#4244=FACE_OUTER_BOUND('',#4670,.T.);
#4245=FACE_OUTER_BOUND('',#4671,.T.);
#4246=FACE_OUTER_BOUND('',#4672,.T.);
#4247=FACE_OUTER_BOUND('',#4673,.T.);
#4248=FACE_OUTER_BOUND('',#4674,.T.);
#4249=FACE_OUTER_BOUND('',#4675,.T.);
#4250=FACE_OUTER_BOUND('',#4676,.T.);
#4251=FACE_OUTER_BOUND('',#4677,.T.);
#4252=FACE_OUTER_BOUND('',#4678,.T.);
#4253=FACE_OUTER_BOUND('',#4679,.T.);
#4254=FACE_OUTER_BOUND('',#4680,.T.);
#4255=FACE_OUTER_BOUND('',#4681,.T.);
#4256=FACE_OUTER_BOUND('',#4682,.T.);
#4257=FACE_OUTER_BOUND('',#4683,.T.);
#4258=FACE_OUTER_BOUND('',#4684,.T.);
#4259=FACE_OUTER_BOUND('',#4685,.T.);
#4260=FACE_OUTER_BOUND('',#4686,.T.);
#4261=FACE_OUTER_BOUND('',#4687,.T.);
#4262=FACE_OUTER_BOUND('',#4688,.T.);
#4263=FACE_OUTER_BOUND('',#4689,.T.);
#4264=FACE_OUTER_BOUND('',#4690,.T.);
#4265=FACE_OUTER_BOUND('',#4691,.T.);
#4266=FACE_OUTER_BOUND('',#4692,.T.);
#4267=FACE_OUTER_BOUND('',#4693,.T.);
#4268=FACE_OUTER_BOUND('',#4694,.T.);
#4269=FACE_OUTER_BOUND('',#4695,.T.);
#4270=FACE_OUTER_BOUND('',#4696,.T.);
#4271=FACE_OUTER_BOUND('',#4697,.T.);
#4272=FACE_OUTER_BOUND('',#4698,.T.);
#4273=FACE_OUTER_BOUND('',#4699,.T.);
#4274=FACE_OUTER_BOUND('',#4700,.T.);
#4275=FACE_OUTER_BOUND('',#4701,.T.);
#4276=FACE_OUTER_BOUND('',#4702,.T.);
#4277=FACE_OUTER_BOUND('',#4703,.T.);
#4278=FACE_OUTER_BOUND('',#4704,.T.);
#4279=FACE_OUTER_BOUND('',#4705,.T.);
#4280=FACE_OUTER_BOUND('',#4706,.T.);
#4281=FACE_OUTER_BOUND('',#4707,.T.);
#4282=FACE_OUTER_BOUND('',#4708,.T.);
#4283=FACE_OUTER_BOUND('',#4709,.T.);
#4284=FACE_OUTER_BOUND('',#4710,.T.);
#4285=FACE_OUTER_BOUND('',#4711,.T.);
#4286=FACE_OUTER_BOUND('',#4712,.T.);
#4287=FACE_OUTER_BOUND('',#4713,.T.);
#4288=FACE_OUTER_BOUND('',#4714,.T.);
#4289=FACE_OUTER_BOUND('',#4715,.T.);
#4290=FACE_OUTER_BOUND('',#4716,.T.);
#4291=FACE_OUTER_BOUND('',#4717,.T.);
#4292=FACE_OUTER_BOUND('',#4718,.T.);
#4293=FACE_OUTER_BOUND('',#4719,.T.);
#4294=FACE_OUTER_BOUND('',#4720,.T.);
#4295=FACE_OUTER_BOUND('',#4721,.T.);
#4296=FACE_OUTER_BOUND('',#4722,.T.);
#4297=FACE_OUTER_BOUND('',#4723,.T.);
#4298=FACE_OUTER_BOUND('',#4724,.T.);
#4299=FACE_OUTER_BOUND('',#4725,.T.);
#4300=FACE_OUTER_BOUND('',#4726,.T.);
#4301=FACE_OUTER_BOUND('',#4727,.T.);
#4302=FACE_OUTER_BOUND('',#4728,.T.);
#4303=FACE_OUTER_BOUND('',#4731,.T.);
#4304=FACE_OUTER_BOUND('',#4732,.T.);
#4305=FACE_OUTER_BOUND('',#4737,.T.);
#4306=FACE_OUTER_BOUND('',#4738,.T.);
#4307=FACE_OUTER_BOUND('',#4743,.T.);
#4308=FACE_OUTER_BOUND('',#4744,.T.);
#4309=FACE_OUTER_BOUND('',#4749,.T.);
#4310=FACE_OUTER_BOUND('',#4750,.T.);
#4311=FACE_OUTER_BOUND('',#4755,.T.);
#4312=FACE_OUTER_BOUND('',#4756,.T.);
#4313=FACE_OUTER_BOUND('',#4761,.T.);
#4314=FACE_OUTER_BOUND('',#4762,.T.);
#4315=FACE_OUTER_BOUND('',#4767,.T.);
#4316=FACE_OUTER_BOUND('',#4768,.T.);
#4317=FACE_OUTER_BOUND('',#4773,.T.);
#4318=FACE_OUTER_BOUND('',#4774,.T.);
#4319=FACE_OUTER_BOUND('',#4779,.T.);
#4320=FACE_OUTER_BOUND('',#4780,.T.);
#4321=FACE_OUTER_BOUND('',#4785,.T.);
#4322=FACE_OUTER_BOUND('',#4786,.T.);
#4323=FACE_OUTER_BOUND('',#4791,.T.);
#4324=FACE_OUTER_BOUND('',#4792,.T.);
#4325=FACE_OUTER_BOUND('',#4797,.T.);
#4326=FACE_OUTER_BOUND('',#4798,.T.);
#4327=FACE_OUTER_BOUND('',#4803,.T.);
#4328=FACE_OUTER_BOUND('',#4804,.T.);
#4329=FACE_OUTER_BOUND('',#4809,.T.);
#4330=FACE_OUTER_BOUND('',#4810,.T.);
#4331=FACE_OUTER_BOUND('',#4815,.T.);
#4332=FACE_OUTER_BOUND('',#4816,.T.);
#4333=FACE_OUTER_BOUND('',#4821,.T.);
#4334=FACE_OUTER_BOUND('',#4822,.T.);
#4335=FACE_OUTER_BOUND('',#4827,.T.);
#4336=FACE_OUTER_BOUND('',#4828,.T.);
#4337=FACE_OUTER_BOUND('',#4833,.T.);
#4338=FACE_OUTER_BOUND('',#4834,.T.);
#4339=FACE_OUTER_BOUND('',#4839,.T.);
#4340=FACE_OUTER_BOUND('',#4840,.T.);
#4341=FACE_OUTER_BOUND('',#4845,.T.);
#4342=FACE_OUTER_BOUND('',#4846,.T.);
#4343=FACE_OUTER_BOUND('',#4851,.T.);
#4344=FACE_OUTER_BOUND('',#4852,.T.);
#4345=FACE_OUTER_BOUND('',#4857,.T.);
#4346=FACE_OUTER_BOUND('',#4858,.T.);
#4347=FACE_OUTER_BOUND('',#4863,.T.);
#4348=FACE_OUTER_BOUND('',#4864,.T.);
#4349=FACE_OUTER_BOUND('',#4869,.T.);
#4350=FACE_OUTER_BOUND('',#4870,.T.);
#4351=FACE_OUTER_BOUND('',#4875,.T.);
#4352=FACE_OUTER_BOUND('',#4876,.T.);
#4353=FACE_OUTER_BOUND('',#4881,.T.);
#4354=FACE_OUTER_BOUND('',#4882,.T.);
#4355=FACE_OUTER_BOUND('',#4887,.T.);
#4356=FACE_OUTER_BOUND('',#4888,.T.);
#4357=FACE_OUTER_BOUND('',#4893,.T.);
#4358=FACE_OUTER_BOUND('',#4894,.T.);
#4359=FACE_OUTER_BOUND('',#4899,.T.);
#4360=FACE_OUTER_BOUND('',#4900,.T.);
#4361=FACE_OUTER_BOUND('',#4905,.T.);
#4362=FACE_OUTER_BOUND('',#4906,.T.);
#4363=FACE_OUTER_BOUND('',#4909,.T.);
#4364=FACE_OUTER_BOUND('',#4912,.T.);
#4365=FACE_OUTER_BOUND('',#4915,.T.);
#4366=FACE_OUTER_BOUND('',#4922,.T.);
#4367=FACE_OUTER_BOUND('',#4923,.T.);
#4368=FACE_OUTER_BOUND('',#4924,.T.);
#4369=FACE_OUTER_BOUND('',#4925,.T.);
#4370=FACE_OUTER_BOUND('',#4926,.T.);
#4371=FACE_OUTER_BOUND('',#4927,.T.);
#4372=FACE_OUTER_BOUND('',#4928,.T.);
#4373=FACE_OUTER_BOUND('',#4929,.T.);
#4374=FACE_OUTER_BOUND('',#4930,.T.);
#4375=FACE_OUTER_BOUND('',#4931,.T.);
#4376=FACE_OUTER_BOUND('',#4932,.T.);
#4377=FACE_OUTER_BOUND('',#4933,.T.);
#4378=FACE_OUTER_BOUND('',#4934,.T.);
#4379=FACE_OUTER_BOUND('',#4935,.T.);
#4380=FACE_OUTER_BOUND('',#4936,.T.);
#4381=FACE_OUTER_BOUND('',#4937,.T.);
#4382=FACE_OUTER_BOUND('',#4938,.T.);
#4383=FACE_OUTER_BOUND('',#4939,.T.);
#4384=FACE_OUTER_BOUND('',#4940,.T.);
#4385=FACE_OUTER_BOUND('',#4941,.T.);
#4386=FACE_OUTER_BOUND('',#4942,.T.);
#4387=FACE_OUTER_BOUND('',#4943,.T.);
#4388=FACE_OUTER_BOUND('',#4944,.T.);
#4389=FACE_OUTER_BOUND('',#4945,.T.);
#4390=FACE_OUTER_BOUND('',#4946,.T.);
#4391=FACE_OUTER_BOUND('',#4947,.T.);
#4392=FACE_OUTER_BOUND('',#4948,.T.);
#4393=FACE_OUTER_BOUND('',#4949,.T.);
#4394=FACE_OUTER_BOUND('',#4950,.T.);
#4395=FACE_OUTER_BOUND('',#4951,.T.);
#4396=FACE_OUTER_BOUND('',#4952,.T.);
#4397=FACE_OUTER_BOUND('',#4953,.T.);
#4398=FACE_OUTER_BOUND('',#4954,.T.);
#4399=FACE_OUTER_BOUND('',#5020,.T.);
#4400=FACE_OUTER_BOUND('',#5021,.T.);
#4401=FACE_OUTER_BOUND('',#5022,.T.);
#4402=FACE_OUTER_BOUND('',#5023,.T.);
#4403=FACE_OUTER_BOUND('',#5024,.T.);
#4404=FACE_OUTER_BOUND('',#5025,.T.);
#4405=FACE_OUTER_BOUND('',#5026,.T.);
#4406=FACE_OUTER_BOUND('',#5027,.T.);
#4407=FACE_OUTER_BOUND('',#5028,.T.);
#4408=FACE_OUTER_BOUND('',#5029,.T.);
#4409=FACE_OUTER_BOUND('',#5030,.T.);
#4410=FACE_OUTER_BOUND('',#5031,.T.);
#4411=FACE_OUTER_BOUND('',#5032,.T.);
#4412=FACE_OUTER_BOUND('',#5033,.T.);
#4413=FACE_OUTER_BOUND('',#5034,.T.);
#4414=FACE_OUTER_BOUND('',#5035,.T.);
#4415=FACE_OUTER_BOUND('',#5036,.T.);
#4416=FACE_OUTER_BOUND('',#5039,.T.);
#4417=FACE_OUTER_BOUND('',#5040,.T.);
#4418=FACE_OUTER_BOUND('',#5041,.T.);
#4419=FACE_OUTER_BOUND('',#5042,.T.);
#4420=FACE_OUTER_BOUND('',#5043,.T.);
#4421=FACE_OUTER_BOUND('',#5044,.T.);
#4422=FACE_OUTER_BOUND('',#5045,.T.);
#4423=FACE_OUTER_BOUND('',#5046,.T.);
#4424=FACE_OUTER_BOUND('',#5047,.T.);
#4425=FACE_OUTER_BOUND('',#5048,.T.);
#4426=FACE_OUTER_BOUND('',#5049,.T.);
#4427=FACE_OUTER_BOUND('',#5052,.T.);
#4428=FACE_OUTER_BOUND('',#5122,.T.);
#4429=EDGE_LOOP('',(#5123,#5124,#5125,#5126));
#4430=EDGE_LOOP('',(#5127,#5128,#5129,#5130));
#4431=EDGE_LOOP('',(#5131,#5132,#5133,#5134));
#4432=EDGE_LOOP('',(#5135,#5136,#5137,#5138));
#4433=EDGE_LOOP('',(#5139,#5140,#5141,#5142));
#4434=EDGE_LOOP('',(#5143,#5144,#5145,#5146));
#4435=EDGE_LOOP('',(#5147,#5148,#5149,#5150));
#4436=EDGE_LOOP('',(#5151,#5152,#5153,#5154));
#4437=EDGE_LOOP('',(#5155,#5156,#5157,#5158));
#4438=EDGE_LOOP('',(#5159,#5160,#5161,#5162));
#4439=EDGE_LOOP('',(#5163,#5164,#5165,#5166));
#4440=EDGE_LOOP('',(#5167,#5168,#5169,#5170));
#4441=EDGE_LOOP('',(#5171,#5172,#5173,#5174));
#4442=EDGE_LOOP('',(#5175,#5176,#5177,#5178));
#4443=EDGE_LOOP('',(#5179,#5180,#5181,#5182));
#4444=EDGE_LOOP('',(#5183,#5184,#5185,#5186));
#4445=EDGE_LOOP('',(#5187,#5188,#5189,#5190));
#4446=EDGE_LOOP('',(#5191,#5192,#5193,#5194));
#4447=EDGE_LOOP('',(#5195,#5196,#5197,#5198));
#4448=EDGE_LOOP('',(#5199,#5200,#5201,#5202));
#4449=EDGE_LOOP('',(#5203,#5204,#5205,#5206));
#4450=EDGE_LOOP('',(#5207,#5208,#5209,#5210));
#4451=EDGE_LOOP('',(#5211,#5212,#5213,#5214));
#4452=EDGE_LOOP('',(#5215,#5216,#5217,#5218));
#4453=EDGE_LOOP('',(#5219,#5220,#5221,#5222));
#4454=EDGE_LOOP('',(#5223,#5224,#5225,#5226));
#4455=EDGE_LOOP('',(#5227,#5228,#5229,#5230));
#4456=EDGE_LOOP('',(#5231,#5232,#5233,#5234));
#4457=EDGE_LOOP('',(#5235,#5236,#5237,#5238));
#4458=EDGE_LOOP('',(#5239,#5240,#5241,#5242));
#4459=EDGE_LOOP('',(#5243,#5244,#5245,#5246));
#4460=EDGE_LOOP('',(#5247,#5248,#5249,#5250));
#4461=EDGE_LOOP('',(#5251,#5252,#5253,#5254));
#4462=EDGE_LOOP('',(#5255,#5256,#5257,#5258));
#4463=EDGE_LOOP('',(#5259,#5260,#5261,#5262));
#4464=EDGE_LOOP('',(#5263,#5264,#5265,#5266));
#4465=EDGE_LOOP('',(#5267,#5268,#5269,#5270));
#4466=EDGE_LOOP('',(#5271,#5272,#5273,#5274));
#4467=EDGE_LOOP('',(#5275,#5276,#5277,#5278));
#4468=EDGE_LOOP('',(#5279,#5280,#5281,#5282));
#4469=EDGE_LOOP('',(#5283,#5284,#5285,#5286));
#4470=EDGE_LOOP('',(#5287,#5288,#5289,#5290));
#4471=EDGE_LOOP('',(#5291,#5292,#5293,#5294));
#4472=EDGE_LOOP('',(#5295,#5296,#5297,#5298));
#4473=EDGE_LOOP('',(#5299,#5300,#5301,#5302));
#4474=EDGE_LOOP('',(#5303,#5304,#5305,#5306));
#4475=EDGE_LOOP('',(#5307,#5308,#5309,#5310));
#4476=EDGE_LOOP('',(#5311,#5312,#5313,#5314));
#4477=EDGE_LOOP('',(#5315,#5316,#5317,#5318));
#4478=EDGE_LOOP('',(#5319,#5320,#5321,#5322));
#4479=EDGE_LOOP('',(#5323,#5324,#5325,#5326));
#4480=EDGE_LOOP('',(#5327,#5328,#5329,#5330));
#4481=EDGE_LOOP('',(#5331,#5332,#5333,#5334));
#4482=EDGE_LOOP('',(#5335,#5336,#5337,#5338));
#4483=EDGE_LOOP('',(#5339,#5340,#5341,#5342));
#4484=EDGE_LOOP('',(#5343,#5344,#5345,#5346));
#4485=EDGE_LOOP('',(#5347,#5348,#5349,#5350));
#4486=EDGE_LOOP('',(#5351,#5352,#5353,#5354));
#4487=EDGE_LOOP('',(#5355,#5356,#5357,#5358));
#4488=EDGE_LOOP('',(#5359,#5360,#5361,#5362));
#4489=EDGE_LOOP('',(#5363,#5364,#5365,#5366));
#4490=EDGE_LOOP('',(#5367,#5368,#5369,#5370));
#4491=EDGE_LOOP('',(#5371,#5372,#5373,#5374));
#4492=EDGE_LOOP('',(#5375,#5376,#5377,#5378));
#4493=EDGE_LOOP('',(#5379,#5380,#5381,#5382));
#4494=EDGE_LOOP('',(#5383,#5384,#5385,#5386));
#4495=EDGE_LOOP('',(#5387,#5388,#5389,#5390));
#4496=EDGE_LOOP('',(#5391,#5392,#5393,#5394));
#4497=EDGE_LOOP('',(#5395,#5396,#5397,#5398));
#4498=EDGE_LOOP('',(#5399,#5400,#5401,#5402));
#4499=EDGE_LOOP('',(#5403,#5404,#5405,#5406));
#4500=EDGE_LOOP('',(#5407,#5408,#5409,#5410));
#4501=EDGE_LOOP('',(#5411,#5412,#5413,#5414));
#4502=EDGE_LOOP('',(#5415,#5416,#5417,#5418));
#4503=EDGE_LOOP('',(#5419,#5420,#5421,#5422));
#4504=EDGE_LOOP('',(#5423,#5424,#5425,#5426));
#4505=EDGE_LOOP('',(#5427,#5428,#5429,#5430));
#4506=EDGE_LOOP('',(#5431,#5432,#5433,#5434));
#4507=EDGE_LOOP('',(#5435,#5436,#5437,#5438));
#4508=EDGE_LOOP('',(#5439,#5440,#5441,#5442));
#4509=EDGE_LOOP('',(#5443,#5444,#5445,#5446));
#4510=EDGE_LOOP('',(#5447,#5448,#5449,#5450));
#4511=EDGE_LOOP('',(#5451,#5452,#5453,#5454));
#4512=EDGE_LOOP('',(#5455,#5456,#5457,#5458));
#4513=EDGE_LOOP('',(#5459,#5460,#5461,#5462));
#4514=EDGE_LOOP('',(#5463,#5464,#5465,#5466));
#4515=EDGE_LOOP('',(#5467,#5468,#5469,#5470));
#4516=EDGE_LOOP('',(#5471,#5472,#5473,#5474));
#4517=EDGE_LOOP('',(#5475,#5476,#5477,#5478));
#4518=EDGE_LOOP('',(#5479,#5480,#5481,#5482));
#4519=EDGE_LOOP('',(#5483,#5484,#5485,#5486));
#4520=EDGE_LOOP('',(#5487,#5488,#5489,#5490));
#4521=EDGE_LOOP('',(#5491,#5492,#5493,#5494));
#4522=EDGE_LOOP('',(#5495,#5496,#5497,#5498));
#4523=EDGE_LOOP('',(#5499,#5500,#5501,#5502));
#4524=EDGE_LOOP('',(#5503,#5504,#5505,#5506));
#4525=EDGE_LOOP('',(#5507,#5508,#5509,#5510));
#4526=EDGE_LOOP('',(#5511,#5512,#5513,#5514));
#4527=EDGE_LOOP('',(#5515,#5516,#5517,#5518));
#4528=EDGE_LOOP('',(#5519,#5520,#5521,#5522));
#4529=EDGE_LOOP('',(#5523,#5524,#5525,#5526));
#4530=EDGE_LOOP('',(#5527,#5528,#5529,#5530));
#4531=EDGE_LOOP('',(#5531,#5532,#5533,#5534));
#4532=EDGE_LOOP('',(#5535,#5536,#5537,#5538));
#4533=EDGE_LOOP('',(#5539,#5540,#5541,#5542));
#4534=EDGE_LOOP('',(#5543,#5544,#5545,#5546));
#4535=EDGE_LOOP('',(#5547,#5548,#5549,#5550));
#4536=EDGE_LOOP('',(#5551,#5552,#5553,#5554));
#4537=EDGE_LOOP('',(#5555,#5556,#5557,#5558));
#4538=EDGE_LOOP('',(#5559,#5560,#5561,#5562));
#4539=EDGE_LOOP('',(#5563,#5564,#5565,#5566));
#4540=EDGE_LOOP('',(#5567,#5568,#5569,#5570));
#4541=EDGE_LOOP('',(#5571,#5572,#5573,#5574));
#4542=EDGE_LOOP('',(#5575,#5576,#5577,#5578));
#4543=EDGE_LOOP('',(#5579,#5580,#5581,#5582));
#4544=EDGE_LOOP('',(#5583,#5584,#5585,#5586));
#4545=EDGE_LOOP('',(#5587,#5588,#5589,#5590));
#4546=EDGE_LOOP('',(#5591,#5592,#5593,#5594));
#4547=EDGE_LOOP('',(#5595,#5596,#5597,#5598));
#4548=EDGE_LOOP('',(#5599,#5600,#5601,#5602));
#4549=EDGE_LOOP('',(#5603,#5604,#5605,#5606));
#4550=EDGE_LOOP('',(#5607,#5608,#5609,#5610));
#4551=EDGE_LOOP('',(#5611,#5612,#5613,#5614));
#4552=EDGE_LOOP('',(#5615,#5616,#5617,#5618));
#4553=EDGE_LOOP('',(#5619,#5620,#5621,#5622));
#4554=EDGE_LOOP('',(#5623,#5624,#5625,#5626));
#4555=EDGE_LOOP('',(#5627,#5628,#5629,#5630));
#4556=EDGE_LOOP('',(#5631,#5632,#5633,#5634));
#4557=EDGE_LOOP('',(#5635,#5636,#5637,#5638));
#4558=EDGE_LOOP('',(#5639,#5640,#5641,#5642));
#4559=EDGE_LOOP('',(#5643,#5644,#5645,#5646));
#4560=EDGE_LOOP('',(#5647,#5648,#5649,#5650));
#4561=EDGE_LOOP('',(#5651,#5652,#5653,#5654));
#4562=EDGE_LOOP('',(#5655,#5656,#5657,#5658));
#4563=EDGE_LOOP('',(#5659,#5660,#5661,#5662));
#4564=EDGE_LOOP('',(#5663,#5664,#5665,#5666));
#4565=EDGE_LOOP('',(#5667,#5668,#5669,#5670));
#4566=EDGE_LOOP('',(#5671,#5672,#5673,#5674));
#4567=EDGE_LOOP('',(#5675,#5676,#5677,#5678));
#4568=EDGE_LOOP('',(#5679,#5680,#5681,#5682));
#4569=EDGE_LOOP('',(#5683,#5684,#5685,#5686));
#4570=EDGE_LOOP('',(#5687,#5688,#5689,#5690));
#4571=EDGE_LOOP('',(#5691,#5692,#5693,#5694));
#4572=EDGE_LOOP('',(#5695,#5696,#5697,#5698));
#4573=EDGE_LOOP('',(#5699,#5700,#5701,#5702));
#4574=EDGE_LOOP('',(#5703,#5704,#5705,#5706));
#4575=EDGE_LOOP('',(#5707,#5708,#5709,#5710));
#4576=EDGE_LOOP('',(#5711,#5712,#5713,#5714));
#4577=EDGE_LOOP('',(#5715,#5716,#5717,#5718));
#4578=EDGE_LOOP('',(#5719,#5720,#5721,#5722));
#4579=EDGE_LOOP('',(#5723,#5724,#5725,#5726));
#4580=EDGE_LOOP('',(#5727,#5728,#5729,#5730));
#4581=EDGE_LOOP('',(#5731,#5732,#5733,#5734));
#4582=EDGE_LOOP('',(#5735,#5736,#5737,#5738));
#4583=EDGE_LOOP('',(#5739,#5740,#5741,#5742));
#4584=EDGE_LOOP('',(#5743,#5744,#5745,#5746));
#4585=EDGE_LOOP('',(#5747,#5748,#5749,#5750));
#4586=EDGE_LOOP('',(#5751,#5752,#5753,#5754));
#4587=EDGE_LOOP('',(#5755,#5756,#5757,#5758));
#4588=EDGE_LOOP('',(#5759,#5760,#5761,#5762));
#4589=EDGE_LOOP('',(#5763,#5764,#5765,#5766));
#4590=EDGE_LOOP('',(#5767,#5768,#5769,#5770));
#4591=EDGE_LOOP('',(#5771,#5772,#5773,#5774));
#4592=EDGE_LOOP('',(#5775,#5776,#5777,#5778));
#4593=EDGE_LOOP('',(#5779,#5780,#5781,#5782));
#4594=EDGE_LOOP('',(#5783,#5784,#5785,#5786));
#4595=EDGE_LOOP('',(#5787,#5788,#5789,#5790));
#4596=EDGE_LOOP('',(#5791,#5792,#5793,#5794));
#4597=EDGE_LOOP('',(#5795,#5796,#5797,#5798));
#4598=EDGE_LOOP('',(#5799,#5800,#5801,#5802));
#4599=EDGE_LOOP('',(#5803,#5804,#5805,#5806));
#4600=EDGE_LOOP('',(#5807,#5808,#5809,#5810));
#4601=EDGE_LOOP('',(#5811,#5812,#5813,#5814));
#4602=EDGE_LOOP('',(#5815,#5816,#5817,#5818));
#4603=EDGE_LOOP('',(#5819,#5820,#5821,#5822));
#4604=EDGE_LOOP('',(#5823,#5824,#5825,#5826));
#4605=EDGE_LOOP('',(#5827,#5828,#5829,#5830));
#4606=EDGE_LOOP('',(#5831,#5832,#5833,#5834));
#4607=EDGE_LOOP('',(#5835,#5836,#5837,#5838));
#4608=EDGE_LOOP('',(#5839,#5840,#5841,#5842));
#4609=EDGE_LOOP('',(#5843,#5844,#5845,#5846));
#4610=EDGE_LOOP('',(#5847,#5848,#5849,#5850));
#4611=EDGE_LOOP('',(#5851,#5852,#5853,#5854));
#4612=EDGE_LOOP('',(#5855,#5856,#5857,#5858));
#4613=EDGE_LOOP('',(#5859,#5860,#5861,#5862));
#4614=EDGE_LOOP('',(#5863,#5864,#5865,#5866));
#4615=EDGE_LOOP('',(#5867,#5868,#5869,#5870));
#4616=EDGE_LOOP('',(#5871,#5872,#5873,#5874));
#4617=EDGE_LOOP('',(#5875,#5876,#5877,#5878));
#4618=EDGE_LOOP('',(#5879,#5880,#5881,#5882));
#4619=EDGE_LOOP('',(#5883,#5884,#5885,#5886));
#4620=EDGE_LOOP('',(#5887,#5888,#5889,#5890));
#4621=EDGE_LOOP('',(#5891,#5892,#5893,#5894));
#4622=EDGE_LOOP('',(#5895,#5896,#5897,#5898));
#4623=EDGE_LOOP('',(#5899,#5900,#5901,#5902));
#4624=EDGE_LOOP('',(#5903,#5904,#5905,#5906));
#4625=EDGE_LOOP('',(#5907,#5908,#5909,#5910));
#4626=EDGE_LOOP('',(#5911,#5912,#5913,#5914));
#4627=EDGE_LOOP('',(#5915,#5916,#5917,#5918));
#4628=EDGE_LOOP('',(#5919,#5920,#5921,#5922));
#4629=EDGE_LOOP('',(#5923,#5924,#5925,#5926));
#4630=EDGE_LOOP('',(#5927,#5928,#5929,#5930));
#4631=EDGE_LOOP('',(#5931,#5932,#5933,#5934));
#4632=EDGE_LOOP('',(#5935,#5936,#5937,#5938));
#4633=EDGE_LOOP('',(#5939,#5940,#5941,#5942));
#4634=EDGE_LOOP('',(#5943,#5944,#5945,#5946));
#4635=EDGE_LOOP('',(#5947,#5948,#5949,#5950));
#4636=EDGE_LOOP('',(#5951,#5952,#5953,#5954));
#4637=EDGE_LOOP('',(#5955,#5956,#5957,#5958));
#4638=EDGE_LOOP('',(#5959,#5960,#5961,#5962));
#4639=EDGE_LOOP('',(#5963,#5964,#5965,#5966));
#4640=EDGE_LOOP('',(#5967,#5968,#5969,#5970));
#4641=EDGE_LOOP('',(#5971,#5972,#5973,#5974));
#4642=EDGE_LOOP('',(#5975,#5976,#5977,#5978));
#4643=EDGE_LOOP('',(#5979,#5980,#5981,#5982));
#4644=EDGE_LOOP('',(#5983,#5984,#5985,#5986));
#4645=EDGE_LOOP('',(#5987,#5988,#5989,#5990));
#4646=EDGE_LOOP('',(#5991,#5992,#5993,#5994));
#4647=EDGE_LOOP('',(#5995,#5996,#5997,#5998));
#4648=EDGE_LOOP('',(#5999,#6000,#6001,#6002));
#4649=EDGE_LOOP('',(#6003,#6004,#6005,#6006));
#4650=EDGE_LOOP('',(#6007,#6008,#6009,#6010));
#4651=EDGE_LOOP('',(#6011,#6012,#6013,#6014));
#4652=EDGE_LOOP('',(#6015,#6016,#6017,#6018));
#4653=EDGE_LOOP('',(#6019,#6020,#6021,#6022));
#4654=EDGE_LOOP('',(#6023,#6024,#6025,#6026));
#4655=EDGE_LOOP('',(#6027,#6028,#6029,#6030));
#4656=EDGE_LOOP('',(#6031,#6032,#6033,#6034));
#4657=EDGE_LOOP('',(#6035,#6036,#6037,#6038));
#4658=EDGE_LOOP('',(#6039,#6040,#6041,#6042));
#4659=EDGE_LOOP('',(#6043,#6044,#6045,#6046));
#4660=EDGE_LOOP('',(#6047,#6048,#6049,#6050));
#4661=EDGE_LOOP('',(#6051,#6052,#6053,#6054));
#4662=EDGE_LOOP('',(#6055,#6056,#6057,#6058));
#4663=EDGE_LOOP('',(#6059,#6060,#6061,#6062));
#4664=EDGE_LOOP('',(#6063,#6064,#6065,#6066));
#4665=EDGE_LOOP('',(#6067,#6068,#6069,#6070));
#4666=EDGE_LOOP('',(#6071,#6072,#6073,#6074));
#4667=EDGE_LOOP('',(#6075,#6076,#6077,#6078));
#4668=EDGE_LOOP('',(#6079,#6080,#6081,#6082));
#4669=EDGE_LOOP('',(#6083,#6084,#6085,#6086));
#4670=EDGE_LOOP('',(#6087,#6088,#6089,#6090));
#4671=EDGE_LOOP('',(#6091,#6092,#6093,#6094));
#4672=EDGE_LOOP('',(#6095,#6096,#6097,#6098));
#4673=EDGE_LOOP('',(#6099,#6100,#6101,#6102));
#4674=EDGE_LOOP('',(#6103,#6104,#6105,#6106));
#4675=EDGE_LOOP('',(#6107,#6108,#6109,#6110));
#4676=EDGE_LOOP('',(#6111,#6112,#6113,#6114));
#4677=EDGE_LOOP('',(#6115,#6116,#6117,#6118));
#4678=EDGE_LOOP('',(#6119,#6120,#6121,#6122));
#4679=EDGE_LOOP('',(#6123,#6124,#6125,#6126));
#4680=EDGE_LOOP('',(#6127,#6128,#6129,#6130));
#4681=EDGE_LOOP('',(#6131,#6132,#6133,#6134));
#4682=EDGE_LOOP('',(#6135,#6136,#6137,#6138));
#4683=EDGE_LOOP('',(#6139,#6140,#6141,#6142));
#4684=EDGE_LOOP('',(#6143,#6144,#6145,#6146));
#4685=EDGE_LOOP('',(#6147,#6148,#6149,#6150));
#4686=EDGE_LOOP('',(#6151,#6152,#6153,#6154));
#4687=EDGE_LOOP('',(#6155,#6156,#6157,#6158));
#4688=EDGE_LOOP('',(#6159,#6160,#6161,#6162));
#4689=EDGE_LOOP('',(#6163,#6164,#6165,#6166));
#4690=EDGE_LOOP('',(#6167,#6168,#6169,#6170));
#4691=EDGE_LOOP('',(#6171,#6172,#6173,#6174));
#4692=EDGE_LOOP('',(#6175,#6176,#6177,#6178));
#4693=EDGE_LOOP('',(#6179,#6180,#6181,#6182));
#4694=EDGE_LOOP('',(#6183,#6184,#6185,#6186));
#4695=EDGE_LOOP('',(#6187,#6188,#6189,#6190));
#4696=EDGE_LOOP('',(#6191,#6192,#6193,#6194));
#4697=EDGE_LOOP('',(#6195,#6196,#6197,#6198));
#4698=EDGE_LOOP('',(#6199,#6200,#6201,#6202));
#4699=EDGE_LOOP('',(#6203,#6204,#6205,#6206));
#4700=EDGE_LOOP('',(#6207,#6208,#6209,#6210));
#4701=EDGE_LOOP('',(#6211,#6212,#6213,#6214));
#4702=EDGE_LOOP('',(#6215,#6216,#6217,#6218));
#4703=EDGE_LOOP('',(#6219,#6220,#6221,#6222));
#4704=EDGE_LOOP('',(#6223,#6224,#6225,#6226));
#4705=EDGE_LOOP('',(#6227,#6228,#6229,#6230));
#4706=EDGE_LOOP('',(#6231,#6232,#6233,#6234));
#4707=EDGE_LOOP('',(#6235,#6236,#6237,#6238));
#4708=EDGE_LOOP('',(#6239,#6240,#6241,#6242));
#4709=EDGE_LOOP('',(#6243,#6244,#6245,#6246));
#4710=EDGE_LOOP('',(#6247,#6248,#6249,#6250));
#4711=EDGE_LOOP('',(#6251,#6252,#6253,#6254));
#4712=EDGE_LOOP('',(#6255,#6256,#6257,#6258));
#4713=EDGE_LOOP('',(#6259,#6260,#6261,#6262));
#4714=EDGE_LOOP('',(#6263,#6264,#6265,#6266));
#4715=EDGE_LOOP('',(#6267,#6268,#6269,#6270));
#4716=EDGE_LOOP('',(#6271,#6272,#6273,#6274));
#4717=EDGE_LOOP('',(#6275,#6276,#6277,#6278));
#4718=EDGE_LOOP('',(#6279,#6280,#6281,#6282));
#4719=EDGE_LOOP('',(#6283,#6284,#6285,#6286));
#4720=EDGE_LOOP('',(#6287,#6288,#6289,#6290));
#4721=EDGE_LOOP('',(#6291,#6292,#6293,#6294));
#4722=EDGE_LOOP('',(#6295,#6296,#6297,#6298));
#4723=EDGE_LOOP('',(#6299,#6300,#6301,#6302));
#4724=EDGE_LOOP('',(#6303,#6304,#6305,#6306));
#4725=EDGE_LOOP('',(#6307,#6308,#6309,#6310));
#4726=EDGE_LOOP('',(#6311,#6312,#6313,#6314));
#4727=EDGE_LOOP('',(#6315,#6316,#6317,#6318));
#4728=EDGE_LOOP('',(#6319,#6320,#6321,#6322));
#4729=EDGE_LOOP('',(#6323));
#4730=EDGE_LOOP('',(#6324));
#4731=EDGE_LOOP('',(#6325));
#4732=EDGE_LOOP('',(#6326));
#4733=EDGE_LOOP('',(#6327));
#4734=EDGE_LOOP('',(#6328));
#4735=EDGE_LOOP('',(#6329));
#4736=EDGE_LOOP('',(#6330));
#4737=EDGE_LOOP('',(#6331));
#4738=EDGE_LOOP('',(#6332));
#4739=EDGE_LOOP('',(#6333));
#4740=EDGE_LOOP('',(#6334));
#4741=EDGE_LOOP('',(#6335));
#4742=EDGE_LOOP('',(#6336));
#4743=EDGE_LOOP('',(#6337));
#4744=EDGE_LOOP('',(#6338));
#4745=EDGE_LOOP('',(#6339));
#4746=EDGE_LOOP('',(#6340));
#4747=EDGE_LOOP('',(#6341));
#4748=EDGE_LOOP('',(#6342));
#4749=EDGE_LOOP('',(#6343));
#4750=EDGE_LOOP('',(#6344));
#4751=EDGE_LOOP('',(#6345));
#4752=EDGE_LOOP('',(#6346));
#4753=EDGE_LOOP('',(#6347));
#4754=EDGE_LOOP('',(#6348));
#4755=EDGE_LOOP('',(#6349));
#4756=EDGE_LOOP('',(#6350));
#4757=EDGE_LOOP('',(#6351));
#4758=EDGE_LOOP('',(#6352));
#4759=EDGE_LOOP('',(#6353));
#4760=EDGE_LOOP('',(#6354));
#4761=EDGE_LOOP('',(#6355));
#4762=EDGE_LOOP('',(#6356));
#4763=EDGE_LOOP('',(#6357));
#4764=EDGE_LOOP('',(#6358));
#4765=EDGE_LOOP('',(#6359));
#4766=EDGE_LOOP('',(#6360));
#4767=EDGE_LOOP('',(#6361));
#4768=EDGE_LOOP('',(#6362));
#4769=EDGE_LOOP('',(#6363));
#4770=EDGE_LOOP('',(#6364));
#4771=EDGE_LOOP('',(#6365));
#4772=EDGE_LOOP('',(#6366));
#4773=EDGE_LOOP('',(#6367));
#4774=EDGE_LOOP('',(#6368));
#4775=EDGE_LOOP('',(#6369));
#4776=EDGE_LOOP('',(#6370));
#4777=EDGE_LOOP('',(#6371));
#4778=EDGE_LOOP('',(#6372));
#4779=EDGE_LOOP('',(#6373));
#4780=EDGE_LOOP('',(#6374));
#4781=EDGE_LOOP('',(#6375));
#4782=EDGE_LOOP('',(#6376));
#4783=EDGE_LOOP('',(#6377));
#4784=EDGE_LOOP('',(#6378));
#4785=EDGE_LOOP('',(#6379));
#4786=EDGE_LOOP('',(#6380));
#4787=EDGE_LOOP('',(#6381));
#4788=EDGE_LOOP('',(#6382));
#4789=EDGE_LOOP('',(#6383));
#4790=EDGE_LOOP('',(#6384));
#4791=EDGE_LOOP('',(#6385));
#4792=EDGE_LOOP('',(#6386));
#4793=EDGE_LOOP('',(#6387));
#4794=EDGE_LOOP('',(#6388));
#4795=EDGE_LOOP('',(#6389));
#4796=EDGE_LOOP('',(#6390));
#4797=EDGE_LOOP('',(#6391));
#4798=EDGE_LOOP('',(#6392));
#4799=EDGE_LOOP('',(#6393));
#4800=EDGE_LOOP('',(#6394));
#4801=EDGE_LOOP('',(#6395));
#4802=EDGE_LOOP('',(#6396));
#4803=EDGE_LOOP('',(#6397));
#4804=EDGE_LOOP('',(#6398));
#4805=EDGE_LOOP('',(#6399));
#4806=EDGE_LOOP('',(#6400));
#4807=EDGE_LOOP('',(#6401));
#4808=EDGE_LOOP('',(#6402));
#4809=EDGE_LOOP('',(#6403));
#4810=EDGE_LOOP('',(#6404));
#4811=EDGE_LOOP('',(#6405));
#4812=EDGE_LOOP('',(#6406));
#4813=EDGE_LOOP('',(#6407));
#4814=EDGE_LOOP('',(#6408));
#4815=EDGE_LOOP('',(#6409));
#4816=EDGE_LOOP('',(#6410));
#4817=EDGE_LOOP('',(#6411));
#4818=EDGE_LOOP('',(#6412));
#4819=EDGE_LOOP('',(#6413));
#4820=EDGE_LOOP('',(#6414));
#4821=EDGE_LOOP('',(#6415));
#4822=EDGE_LOOP('',(#6416));
#4823=EDGE_LOOP('',(#6417));
#4824=EDGE_LOOP('',(#6418));
#4825=EDGE_LOOP('',(#6419));
#4826=EDGE_LOOP('',(#6420));
#4827=EDGE_LOOP('',(#6421));
#4828=EDGE_LOOP('',(#6422));
#4829=EDGE_LOOP('',(#6423));
#4830=EDGE_LOOP('',(#6424));
#4831=EDGE_LOOP('',(#6425));
#4832=EDGE_LOOP('',(#6426));
#4833=EDGE_LOOP('',(#6427));
#4834=EDGE_LOOP('',(#6428));
#4835=EDGE_LOOP('',(#6429));
#4836=EDGE_LOOP('',(#6430));
#4837=EDGE_LOOP('',(#6431));
#4838=EDGE_LOOP('',(#6432));
#4839=EDGE_LOOP('',(#6433));
#4840=EDGE_LOOP('',(#6434));
#4841=EDGE_LOOP('',(#6435));
#4842=EDGE_LOOP('',(#6436));
#4843=EDGE_LOOP('',(#6437));
#4844=EDGE_LOOP('',(#6438));
#4845=EDGE_LOOP('',(#6439));
#4846=EDGE_LOOP('',(#6440));
#4847=EDGE_LOOP('',(#6441));
#4848=EDGE_LOOP('',(#6442));
#4849=EDGE_LOOP('',(#6443));
#4850=EDGE_LOOP('',(#6444));
#4851=EDGE_LOOP('',(#6445));
#4852=EDGE_LOOP('',(#6446));
#4853=EDGE_LOOP('',(#6447));
#4854=EDGE_LOOP('',(#6448));
#4855=EDGE_LOOP('',(#6449));
#4856=EDGE_LOOP('',(#6450));
#4857=EDGE_LOOP('',(#6451));
#4858=EDGE_LOOP('',(#6452));
#4859=EDGE_LOOP('',(#6453));
#4860=EDGE_LOOP('',(#6454));
#4861=EDGE_LOOP('',(#6455));
#4862=EDGE_LOOP('',(#6456));
#4863=EDGE_LOOP('',(#6457));
#4864=EDGE_LOOP('',(#6458));
#4865=EDGE_LOOP('',(#6459));
#4866=EDGE_LOOP('',(#6460));
#4867=EDGE_LOOP('',(#6461));
#4868=EDGE_LOOP('',(#6462));
#4869=EDGE_LOOP('',(#6463));
#4870=EDGE_LOOP('',(#6464));
#4871=EDGE_LOOP('',(#6465));
#4872=EDGE_LOOP('',(#6466));
#4873=EDGE_LOOP('',(#6467));
#4874=EDGE_LOOP('',(#6468));
#4875=EDGE_LOOP('',(#6469));
#4876=EDGE_LOOP('',(#6470));
#4877=EDGE_LOOP('',(#6471));
#4878=EDGE_LOOP('',(#6472));
#4879=EDGE_LOOP('',(#6473));
#4880=EDGE_LOOP('',(#6474));
#4881=EDGE_LOOP('',(#6475));
#4882=EDGE_LOOP('',(#6476));
#4883=EDGE_LOOP('',(#6477));
#4884=EDGE_LOOP('',(#6478));
#4885=EDGE_LOOP('',(#6479));
#4886=EDGE_LOOP('',(#6480));
#4887=EDGE_LOOP('',(#6481));
#4888=EDGE_LOOP('',(#6482));
#4889=EDGE_LOOP('',(#6483));
#4890=EDGE_LOOP('',(#6484));
#4891=EDGE_LOOP('',(#6485));
#4892=EDGE_LOOP('',(#6486));
#4893=EDGE_LOOP('',(#6487));
#4894=EDGE_LOOP('',(#6488));
#4895=EDGE_LOOP('',(#6489));
#4896=EDGE_LOOP('',(#6490));
#4897=EDGE_LOOP('',(#6491));
#4898=EDGE_LOOP('',(#6492));
#4899=EDGE_LOOP('',(#6493));
#4900=EDGE_LOOP('',(#6494));
#4901=EDGE_LOOP('',(#6495));
#4902=EDGE_LOOP('',(#6496));
#4903=EDGE_LOOP('',(#6497));
#4904=EDGE_LOOP('',(#6498));
#4905=EDGE_LOOP('',(#6499));
#4906=EDGE_LOOP('',(#6500));
#4907=EDGE_LOOP('',(#6501));
#4908=EDGE_LOOP('',(#6502));
#4909=EDGE_LOOP('',(#6503));
#4910=EDGE_LOOP('',(#6504));
#4911=EDGE_LOOP('',(#6505));
#4912=EDGE_LOOP('',(#6506));
#4913=EDGE_LOOP('',(#6507));
#4914=EDGE_LOOP('',(#6508));
#4915=EDGE_LOOP('',(#6509));
#4916=EDGE_LOOP('',(#6510));
#4917=EDGE_LOOP('',(#6511));
#4918=EDGE_LOOP('',(#6512));
#4919=EDGE_LOOP('',(#6513));
#4920=EDGE_LOOP('',(#6514));
#4921=EDGE_LOOP('',(#6515));
#4922=EDGE_LOOP('',(#6516,#6517,#6518,#6519));
#4923=EDGE_LOOP('',(#6520,#6521,#6522,#6523,#6524,#6525,#6526,#6527));
#4924=EDGE_LOOP('',(#6528,#6529,#6530,#6531));
#4925=EDGE_LOOP('',(#6532,#6533,#6534,#6535));
#4926=EDGE_LOOP('',(#6536,#6537,#6538,#6539));
#4927=EDGE_LOOP('',(#6540,#6541,#6542,#6543,#6544,#6545));
#4928=EDGE_LOOP('',(#6546,#6547,#6548,#6549,#6550,#6551,#6552));
#4929=EDGE_LOOP('',(#6553,#6554,#6555,#6556));
#4930=EDGE_LOOP('',(#6557,#6558,#6559,#6560));
#4931=EDGE_LOOP('',(#6561,#6562,#6563,#6564));
#4932=EDGE_LOOP('',(#6565,#6566,#6567,#6568,#6569,#6570,#6571,#6572));
#4933=EDGE_LOOP('',(#6573,#6574,#6575,#6576));
#4934=EDGE_LOOP('',(#6577,#6578,#6579,#6580));
#4935=EDGE_LOOP('',(#6581,#6582,#6583,#6584));
#4936=EDGE_LOOP('',(#6585,#6586,#6587,#6588));
#4937=EDGE_LOOP('',(#6589,#6590,#6591,#6592));
#4938=EDGE_LOOP('',(#6593,#6594,#6595,#6596));
#4939=EDGE_LOOP('',(#6597,#6598,#6599,#6600));
#4940=EDGE_LOOP('',(#6601,#6602,#6603,#6604));
#4941=EDGE_LOOP('',(#6605,#6606,#6607,#6608));
#4942=EDGE_LOOP('',(#6609,#6610,#6611,#6612));
#4943=EDGE_LOOP('',(#6613,#6614,#6615,#6616));
#4944=EDGE_LOOP('',(#6617,#6618,#6619,#6620));
#4945=EDGE_LOOP('',(#6621,#6622,#6623,#6624));
#4946=EDGE_LOOP('',(#6625,#6626,#6627,#6628));
#4947=EDGE_LOOP('',(#6629,#6630,#6631,#6632));
#4948=EDGE_LOOP('',(#6633,#6634,#6635,#6636));
#4949=EDGE_LOOP('',(#6637,#6638,#6639,#6640));
#4950=EDGE_LOOP('',(#6641,#6642,#6643,#6644));
#4951=EDGE_LOOP('',(#6645,#6646,#6647,#6648));
#4952=EDGE_LOOP('',(#6649,#6650,#6651,#6652));
#4953=EDGE_LOOP('',(#6653,#6654,#6655,#6656));
#4954=EDGE_LOOP('',(#6657,#6658,#6659,#6660));
#4955=EDGE_LOOP('',(#6661,#6662,#6663,#6664));
#4956=EDGE_LOOP('',(#6665,#6666,#6667,#6668));
#4957=EDGE_LOOP('',(#6669,#6670,#6671,#6672));
#4958=EDGE_LOOP('',(#6673,#6674,#6675,#6676));
#4959=EDGE_LOOP('',(#6677,#6678,#6679,#6680));
#4960=EDGE_LOOP('',(#6681,#6682,#6683,#6684));
#4961=EDGE_LOOP('',(#6685,#6686,#6687,#6688));
#4962=EDGE_LOOP('',(#6689,#6690,#6691,#6692));
#4963=EDGE_LOOP('',(#6693,#6694,#6695,#6696));
#4964=EDGE_LOOP('',(#6697,#6698,#6699,#6700));
#4965=EDGE_LOOP('',(#6701,#6702,#6703,#6704));
#4966=EDGE_LOOP('',(#6705,#6706,#6707,#6708));
#4967=EDGE_LOOP('',(#6709,#6710,#6711,#6712));
#4968=EDGE_LOOP('',(#6713,#6714,#6715,#6716));
#4969=EDGE_LOOP('',(#6717,#6718,#6719,#6720));
#4970=EDGE_LOOP('',(#6721,#6722,#6723,#6724));
#4971=EDGE_LOOP('',(#6725,#6726,#6727,#6728));
#4972=EDGE_LOOP('',(#6729,#6730,#6731,#6732));
#4973=EDGE_LOOP('',(#6733,#6734,#6735,#6736));
#4974=EDGE_LOOP('',(#6737,#6738,#6739,#6740));
#4975=EDGE_LOOP('',(#6741,#6742,#6743,#6744));
#4976=EDGE_LOOP('',(#6745,#6746,#6747,#6748));
#4977=EDGE_LOOP('',(#6749,#6750,#6751,#6752));
#4978=EDGE_LOOP('',(#6753,#6754,#6755,#6756));
#4979=EDGE_LOOP('',(#6757,#6758,#6759,#6760));
#4980=EDGE_LOOP('',(#6761,#6762,#6763,#6764));
#4981=EDGE_LOOP('',(#6765,#6766,#6767,#6768));
#4982=EDGE_LOOP('',(#6769,#6770,#6771,#6772));
#4983=EDGE_LOOP('',(#6773,#6774,#6775,#6776));
#4984=EDGE_LOOP('',(#6777,#6778,#6779,#6780));
#4985=EDGE_LOOP('',(#6781,#6782,#6783,#6784));
#4986=EDGE_LOOP('',(#6785,#6786,#6787,#6788));
#4987=EDGE_LOOP('',(#6789,#6790,#6791,#6792));
#4988=EDGE_LOOP('',(#6793,#6794,#6795,#6796));
#4989=EDGE_LOOP('',(#6797,#6798,#6799,#6800));
#4990=EDGE_LOOP('',(#6801,#6802,#6803,#6804));
#4991=EDGE_LOOP('',(#6805,#6806,#6807,#6808));
#4992=EDGE_LOOP('',(#6809,#6810,#6811,#6812));
#4993=EDGE_LOOP('',(#6813,#6814,#6815,#6816));
#4994=EDGE_LOOP('',(#6817,#6818,#6819,#6820));
#4995=EDGE_LOOP('',(#6821,#6822,#6823,#6824));
#4996=EDGE_LOOP('',(#6825,#6826,#6827,#6828));
#4997=EDGE_LOOP('',(#6829,#6830,#6831,#6832));
#4998=EDGE_LOOP('',(#6833,#6834,#6835,#6836));
#4999=EDGE_LOOP('',(#6837,#6838,#6839,#6840));
#5000=EDGE_LOOP('',(#6841,#6842,#6843,#6844));
#5001=EDGE_LOOP('',(#6845,#6846,#6847,#6848));
#5002=EDGE_LOOP('',(#6849,#6850,#6851,#6852));
#5003=EDGE_LOOP('',(#6853,#6854,#6855,#6856));
#5004=EDGE_LOOP('',(#6857,#6858,#6859,#6860));
#5005=EDGE_LOOP('',(#6861,#6862,#6863,#6864));
#5006=EDGE_LOOP('',(#6865,#6866,#6867,#6868));
#5007=EDGE_LOOP('',(#6869,#6870,#6871,#6872));
#5008=EDGE_LOOP('',(#6873,#6874,#6875,#6876));
#5009=EDGE_LOOP('',(#6877,#6878,#6879,#6880));
#5010=EDGE_LOOP('',(#6881,#6882,#6883,#6884));
#5011=EDGE_LOOP('',(#6885,#6886,#6887,#6888));
#5012=EDGE_LOOP('',(#6889,#6890,#6891,#6892));
#5013=EDGE_LOOP('',(#6893,#6894,#6895,#6896));
#5014=EDGE_LOOP('',(#6897,#6898,#6899,#6900));
#5015=EDGE_LOOP('',(#6901,#6902,#6903,#6904));
#5016=EDGE_LOOP('',(#6905,#6906,#6907,#6908));
#5017=EDGE_LOOP('',(#6909,#6910,#6911,#6912));
#5018=EDGE_LOOP('',(#6913,#6914,#6915,#6916));
#5019=EDGE_LOOP('',(#6917,#6918,#6919,#6920,#6921,#6922,#6923,#6924));
#5020=EDGE_LOOP('',(#6925,#6926,#6927,#6928));
#5021=EDGE_LOOP('',(#6929,#6930,#6931,#6932));
#5022=EDGE_LOOP('',(#6933,#6934,#6935,#6936));
#5023=EDGE_LOOP('',(#6937,#6938,#6939,#6940));
#5024=EDGE_LOOP('',(#6941,#6942,#6943,#6944));
#5025=EDGE_LOOP('',(#6945,#6946,#6947,#6948));
#5026=EDGE_LOOP('',(#6949,#6950,#6951,#6952));
#5027=EDGE_LOOP('',(#6953,#6954,#6955,#6956));
#5028=EDGE_LOOP('',(#6957,#6958,#6959,#6960));
#5029=EDGE_LOOP('',(#6961,#6962,#6963,#6964,#6965,#6966,#6967,#6968));
#5030=EDGE_LOOP('',(#6969,#6970,#6971,#6972));
#5031=EDGE_LOOP('',(#6973,#6974,#6975,#6976));
#5032=EDGE_LOOP('',(#6977,#6978,#6979,#6980));
#5033=EDGE_LOOP('',(#6981,#6982,#6983,#6984,#6985,#6986,#6987,#6988,#6989,
#6990,#6991,#6992));
#5034=EDGE_LOOP('',(#6993,#6994,#6995,#6996));
#5035=EDGE_LOOP('',(#6997,#6998,#6999,#7000,#7001,#7002,#7003,#7004));
#5036=EDGE_LOOP('',(#7005,#7006,#7007,#7008));
#5037=EDGE_LOOP('',(#7009));
#5038=EDGE_LOOP('',(#7010,#7011,#7012,#7013,#7014,#7015,#7016));
#5039=EDGE_LOOP('',(#7017,#7018,#7019,#7020,#7021,#7022));
#5040=EDGE_LOOP('',(#7023,#7024,#7025,#7026,#7027,#7028,#7029,#7030,#7031,
#7032,#7033,#7034));
#5041=EDGE_LOOP('',(#7035,#7036,#7037,#7038));
#5042=EDGE_LOOP('',(#7039,#7040,#7041,#7042));
#5043=EDGE_LOOP('',(#7043,#7044,#7045,#7046,#7047,#7048));
#5044=EDGE_LOOP('',(#7049,#7050,#7051,#7052,#7053,#7054,#7055));
#5045=EDGE_LOOP('',(#7056,#7057,#7058,#7059));
#5046=EDGE_LOOP('',(#7060,#7061,#7062,#7063,#7064,#7065,#7066,#7067));
#5047=EDGE_LOOP('',(#7068,#7069,#7070,#7071));
#5048=EDGE_LOOP('',(#7072,#7073,#7074,#7075,#7076,#7077,#7078,#7079));
#5049=EDGE_LOOP('',(#7080,#7081,#7082,#7083));
#5050=EDGE_LOOP('',(#7084));
#5051=EDGE_LOOP('',(#7085,#7086,#7087,#7088,#7089,#7090,#7091));
#5052=EDGE_LOOP('',(#7092,#7093,#7094,#7095,#7096,#7097));
#5053=EDGE_LOOP('',(#7098));
#5054=EDGE_LOOP('',(#7099));
#5055=EDGE_LOOP('',(#7100));
#5056=EDGE_LOOP('',(#7101));
#5057=EDGE_LOOP('',(#7102));
#5058=EDGE_LOOP('',(#7103));
#5059=EDGE_LOOP('',(#7104));
#5060=EDGE_LOOP('',(#7105));
#5061=EDGE_LOOP('',(#7106));
#5062=EDGE_LOOP('',(#7107));
#5063=EDGE_LOOP('',(#7108));
#5064=EDGE_LOOP('',(#7109));
#5065=EDGE_LOOP('',(#7110));
#5066=EDGE_LOOP('',(#7111));
#5067=EDGE_LOOP('',(#7112));
#5068=EDGE_LOOP('',(#7113));
#5069=EDGE_LOOP('',(#7114));
#5070=EDGE_LOOP('',(#7115));
#5071=EDGE_LOOP('',(#7116));
#5072=EDGE_LOOP('',(#7117));
#5073=EDGE_LOOP('',(#7118));
#5074=EDGE_LOOP('',(#7119));
#5075=EDGE_LOOP('',(#7120));
#5076=EDGE_LOOP('',(#7121));
#5077=EDGE_LOOP('',(#7122));
#5078=EDGE_LOOP('',(#7123));
#5079=EDGE_LOOP('',(#7124));
#5080=EDGE_LOOP('',(#7125));
#5081=EDGE_LOOP('',(#7126));
#5082=EDGE_LOOP('',(#7127));
#5083=EDGE_LOOP('',(#7128));
#5084=EDGE_LOOP('',(#7129));
#5085=EDGE_LOOP('',(#7130));
#5086=EDGE_LOOP('',(#7131));
#5087=EDGE_LOOP('',(#7132));
#5088=EDGE_LOOP('',(#7133));
#5089=EDGE_LOOP('',(#7134));
#5090=EDGE_LOOP('',(#7135));
#5091=EDGE_LOOP('',(#7136));
#5092=EDGE_LOOP('',(#7137));
#5093=EDGE_LOOP('',(#7138));
#5094=EDGE_LOOP('',(#7139));
#5095=EDGE_LOOP('',(#7140));
#5096=EDGE_LOOP('',(#7141));
#5097=EDGE_LOOP('',(#7142));
#5098=EDGE_LOOP('',(#7143));
#5099=EDGE_LOOP('',(#7144));
#5100=EDGE_LOOP('',(#7145));
#5101=EDGE_LOOP('',(#7146));
#5102=EDGE_LOOP('',(#7147));
#5103=EDGE_LOOP('',(#7148));
#5104=EDGE_LOOP('',(#7149));
#5105=EDGE_LOOP('',(#7150));
#5106=EDGE_LOOP('',(#7151));
#5107=EDGE_LOOP('',(#7152));
#5108=EDGE_LOOP('',(#7153));
#5109=EDGE_LOOP('',(#7154));
#5110=EDGE_LOOP('',(#7155));
#5111=EDGE_LOOP('',(#7156));
#5112=EDGE_LOOP('',(#7157));
#5113=EDGE_LOOP('',(#7158));
#5114=EDGE_LOOP('',(#7159));
#5115=EDGE_LOOP('',(#7160));
#5116=EDGE_LOOP('',(#7161));
#5117=EDGE_LOOP('',(#7162));
#5118=EDGE_LOOP('',(#7163));
#5119=EDGE_LOOP('',(#7164,#7165,#7166,#7167));
#5120=EDGE_LOOP('',(#7168));
#5121=EDGE_LOOP('',(#7169));
#5122=EDGE_LOOP('',(#7170));
#5123=ORIENTED_EDGE('',*,*,#7895,.T.);
#5124=ORIENTED_EDGE('',*,*,#7896,.F.);
#5125=ORIENTED_EDGE('',*,*,#7897,.T.);
#5126=ORIENTED_EDGE('',*,*,#7898,.F.);
#5127=ORIENTED_EDGE('',*,*,#7899,.F.);
#5128=ORIENTED_EDGE('',*,*,#7900,.T.);
#5129=ORIENTED_EDGE('',*,*,#7896,.T.);
#5130=ORIENTED_EDGE('',*,*,#7901,.T.);
#5131=ORIENTED_EDGE('',*,*,#7898,.T.);
#5132=ORIENTED_EDGE('',*,*,#7902,.T.);
#5133=ORIENTED_EDGE('',*,*,#7903,.F.);
#5134=ORIENTED_EDGE('',*,*,#7904,.T.);
#5135=ORIENTED_EDGE('',*,*,#7905,.F.);
#5136=ORIENTED_EDGE('',*,*,#7901,.F.);
#5137=ORIENTED_EDGE('',*,*,#7895,.F.);
#5138=ORIENTED_EDGE('',*,*,#7904,.F.);
#5139=ORIENTED_EDGE('',*,*,#7897,.F.);
#5140=ORIENTED_EDGE('',*,*,#7900,.F.);
#5141=ORIENTED_EDGE('',*,*,#7906,.F.);
#5142=ORIENTED_EDGE('',*,*,#7902,.F.);
#5143=ORIENTED_EDGE('',*,*,#7907,.F.);
#5144=ORIENTED_EDGE('',*,*,#7908,.F.);
#5145=ORIENTED_EDGE('',*,*,#7909,.F.);
#5146=ORIENTED_EDGE('',*,*,#7910,.F.);
#5147=ORIENTED_EDGE('',*,*,#7911,.F.);
#5148=ORIENTED_EDGE('',*,*,#7912,.T.);
#5149=ORIENTED_EDGE('',*,*,#7913,.T.);
#5150=ORIENTED_EDGE('',*,*,#7908,.T.);
#5151=ORIENTED_EDGE('',*,*,#7909,.T.);
#5152=ORIENTED_EDGE('',*,*,#7913,.F.);
#5153=ORIENTED_EDGE('',*,*,#7914,.T.);
#5154=ORIENTED_EDGE('',*,*,#7915,.F.);
#5155=ORIENTED_EDGE('',*,*,#7915,.T.);
#5156=ORIENTED_EDGE('',*,*,#7916,.T.);
#5157=ORIENTED_EDGE('',*,*,#7917,.F.);
#5158=ORIENTED_EDGE('',*,*,#7910,.T.);
#5159=ORIENTED_EDGE('',*,*,#7914,.F.);
#5160=ORIENTED_EDGE('',*,*,#7912,.F.);
#5161=ORIENTED_EDGE('',*,*,#7918,.F.);
#5162=ORIENTED_EDGE('',*,*,#7916,.F.);
#5163=ORIENTED_EDGE('',*,*,#7919,.T.);
#5164=ORIENTED_EDGE('',*,*,#7920,.F.);
#5165=ORIENTED_EDGE('',*,*,#7921,.T.);
#5166=ORIENTED_EDGE('',*,*,#7922,.F.);
#5167=ORIENTED_EDGE('',*,*,#7923,.F.);
#5168=ORIENTED_EDGE('',*,*,#7924,.T.);
#5169=ORIENTED_EDGE('',*,*,#7920,.T.);
#5170=ORIENTED_EDGE('',*,*,#7925,.T.);
#5171=ORIENTED_EDGE('',*,*,#7922,.T.);
#5172=ORIENTED_EDGE('',*,*,#7926,.T.);
#5173=ORIENTED_EDGE('',*,*,#7927,.F.);
#5174=ORIENTED_EDGE('',*,*,#7928,.T.);
#5175=ORIENTED_EDGE('',*,*,#7929,.F.);
#5176=ORIENTED_EDGE('',*,*,#7925,.F.);
#5177=ORIENTED_EDGE('',*,*,#7919,.F.);
#5178=ORIENTED_EDGE('',*,*,#7928,.F.);
#5179=ORIENTED_EDGE('',*,*,#7921,.F.);
#5180=ORIENTED_EDGE('',*,*,#7924,.F.);
#5181=ORIENTED_EDGE('',*,*,#7930,.F.);
#5182=ORIENTED_EDGE('',*,*,#7926,.F.);
#5183=ORIENTED_EDGE('',*,*,#7931,.F.);
#5184=ORIENTED_EDGE('',*,*,#7932,.F.);
#5185=ORIENTED_EDGE('',*,*,#7933,.F.);
#5186=ORIENTED_EDGE('',*,*,#7934,.F.);
#5187=ORIENTED_EDGE('',*,*,#7935,.F.);
#5188=ORIENTED_EDGE('',*,*,#7936,.T.);
#5189=ORIENTED_EDGE('',*,*,#7937,.T.);
#5190=ORIENTED_EDGE('',*,*,#7932,.T.);
#5191=ORIENTED_EDGE('',*,*,#7933,.T.);
#5192=ORIENTED_EDGE('',*,*,#7937,.F.);
#5193=ORIENTED_EDGE('',*,*,#7938,.T.);
#5194=ORIENTED_EDGE('',*,*,#7939,.F.);
#5195=ORIENTED_EDGE('',*,*,#7939,.T.);
#5196=ORIENTED_EDGE('',*,*,#7940,.T.);
#5197=ORIENTED_EDGE('',*,*,#7941,.F.);
#5198=ORIENTED_EDGE('',*,*,#7934,.T.);
#5199=ORIENTED_EDGE('',*,*,#7938,.F.);
#5200=ORIENTED_EDGE('',*,*,#7936,.F.);
#5201=ORIENTED_EDGE('',*,*,#7942,.F.);
#5202=ORIENTED_EDGE('',*,*,#7940,.F.);
#5203=ORIENTED_EDGE('',*,*,#7943,.T.);
#5204=ORIENTED_EDGE('',*,*,#7944,.F.);
#5205=ORIENTED_EDGE('',*,*,#7945,.T.);
#5206=ORIENTED_EDGE('',*,*,#7946,.F.);
#5207=ORIENTED_EDGE('',*,*,#7947,.F.);
#5208=ORIENTED_EDGE('',*,*,#7948,.T.);
#5209=ORIENTED_EDGE('',*,*,#7944,.T.);
#5210=ORIENTED_EDGE('',*,*,#7949,.T.);
#5211=ORIENTED_EDGE('',*,*,#7946,.T.);
#5212=ORIENTED_EDGE('',*,*,#7950,.T.);
#5213=ORIENTED_EDGE('',*,*,#7951,.F.);
#5214=ORIENTED_EDGE('',*,*,#7952,.T.);
#5215=ORIENTED_EDGE('',*,*,#7953,.F.);
#5216=ORIENTED_EDGE('',*,*,#7949,.F.);
#5217=ORIENTED_EDGE('',*,*,#7943,.F.);
#5218=ORIENTED_EDGE('',*,*,#7952,.F.);
#5219=ORIENTED_EDGE('',*,*,#7945,.F.);
#5220=ORIENTED_EDGE('',*,*,#7948,.F.);
#5221=ORIENTED_EDGE('',*,*,#7954,.F.);
#5222=ORIENTED_EDGE('',*,*,#7950,.F.);
#5223=ORIENTED_EDGE('',*,*,#7955,.F.);
#5224=ORIENTED_EDGE('',*,*,#7956,.F.);
#5225=ORIENTED_EDGE('',*,*,#7957,.F.);
#5226=ORIENTED_EDGE('',*,*,#7958,.F.);
#5227=ORIENTED_EDGE('',*,*,#7959,.F.);
#5228=ORIENTED_EDGE('',*,*,#7960,.T.);
#5229=ORIENTED_EDGE('',*,*,#7961,.T.);
#5230=ORIENTED_EDGE('',*,*,#7956,.T.);
#5231=ORIENTED_EDGE('',*,*,#7957,.T.);
#5232=ORIENTED_EDGE('',*,*,#7961,.F.);
#5233=ORIENTED_EDGE('',*,*,#7962,.T.);
#5234=ORIENTED_EDGE('',*,*,#7963,.F.);
#5235=ORIENTED_EDGE('',*,*,#7963,.T.);
#5236=ORIENTED_EDGE('',*,*,#7964,.T.);
#5237=ORIENTED_EDGE('',*,*,#7965,.F.);
#5238=ORIENTED_EDGE('',*,*,#7958,.T.);
#5239=ORIENTED_EDGE('',*,*,#7962,.F.);
#5240=ORIENTED_EDGE('',*,*,#7960,.F.);
#5241=ORIENTED_EDGE('',*,*,#7966,.F.);
#5242=ORIENTED_EDGE('',*,*,#7964,.F.);
#5243=ORIENTED_EDGE('',*,*,#7967,.T.);
#5244=ORIENTED_EDGE('',*,*,#7968,.F.);
#5245=ORIENTED_EDGE('',*,*,#7969,.T.);
#5246=ORIENTED_EDGE('',*,*,#7970,.F.);
#5247=ORIENTED_EDGE('',*,*,#7971,.F.);
#5248=ORIENTED_EDGE('',*,*,#7972,.T.);
#5249=ORIENTED_EDGE('',*,*,#7968,.T.);
#5250=ORIENTED_EDGE('',*,*,#7973,.T.);
#5251=ORIENTED_EDGE('',*,*,#7970,.T.);
#5252=ORIENTED_EDGE('',*,*,#7974,.T.);
#5253=ORIENTED_EDGE('',*,*,#7975,.F.);
#5254=ORIENTED_EDGE('',*,*,#7976,.T.);
#5255=ORIENTED_EDGE('',*,*,#7977,.F.);
#5256=ORIENTED_EDGE('',*,*,#7973,.F.);
#5257=ORIENTED_EDGE('',*,*,#7967,.F.);
#5258=ORIENTED_EDGE('',*,*,#7976,.F.);
#5259=ORIENTED_EDGE('',*,*,#7969,.F.);
#5260=ORIENTED_EDGE('',*,*,#7972,.F.);
#5261=ORIENTED_EDGE('',*,*,#7978,.F.);
#5262=ORIENTED_EDGE('',*,*,#7974,.F.);
#5263=ORIENTED_EDGE('',*,*,#7979,.F.);
#5264=ORIENTED_EDGE('',*,*,#7980,.F.);
#5265=ORIENTED_EDGE('',*,*,#7981,.F.);
#5266=ORIENTED_EDGE('',*,*,#7982,.F.);
#5267=ORIENTED_EDGE('',*,*,#7983,.F.);
#5268=ORIENTED_EDGE('',*,*,#7984,.T.);
#5269=ORIENTED_EDGE('',*,*,#7985,.T.);
#5270=ORIENTED_EDGE('',*,*,#7980,.T.);
#5271=ORIENTED_EDGE('',*,*,#7981,.T.);
#5272=ORIENTED_EDGE('',*,*,#7985,.F.);
#5273=ORIENTED_EDGE('',*,*,#7986,.T.);
#5274=ORIENTED_EDGE('',*,*,#7987,.F.);
#5275=ORIENTED_EDGE('',*,*,#7987,.T.);
#5276=ORIENTED_EDGE('',*,*,#7988,.T.);
#5277=ORIENTED_EDGE('',*,*,#7989,.F.);
#5278=ORIENTED_EDGE('',*,*,#7982,.T.);
#5279=ORIENTED_EDGE('',*,*,#7986,.F.);
#5280=ORIENTED_EDGE('',*,*,#7984,.F.);
#5281=ORIENTED_EDGE('',*,*,#7990,.F.);
#5282=ORIENTED_EDGE('',*,*,#7988,.F.);
#5283=ORIENTED_EDGE('',*,*,#7991,.T.);
#5284=ORIENTED_EDGE('',*,*,#7992,.F.);
#5285=ORIENTED_EDGE('',*,*,#7993,.T.);
#5286=ORIENTED_EDGE('',*,*,#7994,.F.);
#5287=ORIENTED_EDGE('',*,*,#7995,.F.);
#5288=ORIENTED_EDGE('',*,*,#7996,.T.);
#5289=ORIENTED_EDGE('',*,*,#7992,.T.);
#5290=ORIENTED_EDGE('',*,*,#7997,.T.);
#5291=ORIENTED_EDGE('',*,*,#7994,.T.);
#5292=ORIENTED_EDGE('',*,*,#7998,.T.);
#5293=ORIENTED_EDGE('',*,*,#7999,.F.);
#5294=ORIENTED_EDGE('',*,*,#8000,.T.);
#5295=ORIENTED_EDGE('',*,*,#8001,.F.);
#5296=ORIENTED_EDGE('',*,*,#7997,.F.);
#5297=ORIENTED_EDGE('',*,*,#7991,.F.);
#5298=ORIENTED_EDGE('',*,*,#8000,.F.);
#5299=ORIENTED_EDGE('',*,*,#7993,.F.);
#5300=ORIENTED_EDGE('',*,*,#7996,.F.);
#5301=ORIENTED_EDGE('',*,*,#8002,.F.);
#5302=ORIENTED_EDGE('',*,*,#7998,.F.);
#5303=ORIENTED_EDGE('',*,*,#8003,.F.);
#5304=ORIENTED_EDGE('',*,*,#8004,.F.);
#5305=ORIENTED_EDGE('',*,*,#8005,.F.);
#5306=ORIENTED_EDGE('',*,*,#8006,.F.);
#5307=ORIENTED_EDGE('',*,*,#8007,.F.);
#5308=ORIENTED_EDGE('',*,*,#8008,.T.);
#5309=ORIENTED_EDGE('',*,*,#8009,.T.);
#5310=ORIENTED_EDGE('',*,*,#8004,.T.);
#5311=ORIENTED_EDGE('',*,*,#8005,.T.);
#5312=ORIENTED_EDGE('',*,*,#8009,.F.);
#5313=ORIENTED_EDGE('',*,*,#8010,.T.);
#5314=ORIENTED_EDGE('',*,*,#8011,.F.);
#5315=ORIENTED_EDGE('',*,*,#8011,.T.);
#5316=ORIENTED_EDGE('',*,*,#8012,.T.);
#5317=ORIENTED_EDGE('',*,*,#8013,.F.);
#5318=ORIENTED_EDGE('',*,*,#8006,.T.);
#5319=ORIENTED_EDGE('',*,*,#8010,.F.);
#5320=ORIENTED_EDGE('',*,*,#8008,.F.);
#5321=ORIENTED_EDGE('',*,*,#8014,.F.);
#5322=ORIENTED_EDGE('',*,*,#8012,.F.);
#5323=ORIENTED_EDGE('',*,*,#8015,.T.);
#5324=ORIENTED_EDGE('',*,*,#8016,.F.);
#5325=ORIENTED_EDGE('',*,*,#8017,.T.);
#5326=ORIENTED_EDGE('',*,*,#8018,.F.);
#5327=ORIENTED_EDGE('',*,*,#8019,.F.);
#5328=ORIENTED_EDGE('',*,*,#8020,.T.);
#5329=ORIENTED_EDGE('',*,*,#8016,.T.);
#5330=ORIENTED_EDGE('',*,*,#8021,.T.);
#5331=ORIENTED_EDGE('',*,*,#8018,.T.);
#5332=ORIENTED_EDGE('',*,*,#8022,.T.);
#5333=ORIENTED_EDGE('',*,*,#8023,.F.);
#5334=ORIENTED_EDGE('',*,*,#8024,.T.);
#5335=ORIENTED_EDGE('',*,*,#8025,.F.);
#5336=ORIENTED_EDGE('',*,*,#8021,.F.);
#5337=ORIENTED_EDGE('',*,*,#8015,.F.);
#5338=ORIENTED_EDGE('',*,*,#8024,.F.);
#5339=ORIENTED_EDGE('',*,*,#8017,.F.);
#5340=ORIENTED_EDGE('',*,*,#8020,.F.);
#5341=ORIENTED_EDGE('',*,*,#8026,.F.);
#5342=ORIENTED_EDGE('',*,*,#8022,.F.);
#5343=ORIENTED_EDGE('',*,*,#8027,.F.);
#5344=ORIENTED_EDGE('',*,*,#8028,.F.);
#5345=ORIENTED_EDGE('',*,*,#8029,.F.);
#5346=ORIENTED_EDGE('',*,*,#8030,.F.);
#5347=ORIENTED_EDGE('',*,*,#8031,.F.);
#5348=ORIENTED_EDGE('',*,*,#8032,.T.);
#5349=ORIENTED_EDGE('',*,*,#8033,.T.);
#5350=ORIENTED_EDGE('',*,*,#8028,.T.);
#5351=ORIENTED_EDGE('',*,*,#8029,.T.);
#5352=ORIENTED_EDGE('',*,*,#8033,.F.);
#5353=ORIENTED_EDGE('',*,*,#8034,.T.);
#5354=ORIENTED_EDGE('',*,*,#8035,.F.);
#5355=ORIENTED_EDGE('',*,*,#8035,.T.);
#5356=ORIENTED_EDGE('',*,*,#8036,.T.);
#5357=ORIENTED_EDGE('',*,*,#8037,.F.);
#5358=ORIENTED_EDGE('',*,*,#8030,.T.);
#5359=ORIENTED_EDGE('',*,*,#8034,.F.);
#5360=ORIENTED_EDGE('',*,*,#8032,.F.);
#5361=ORIENTED_EDGE('',*,*,#8038,.F.);
#5362=ORIENTED_EDGE('',*,*,#8036,.F.);
#5363=ORIENTED_EDGE('',*,*,#8039,.T.);
#5364=ORIENTED_EDGE('',*,*,#8040,.F.);
#5365=ORIENTED_EDGE('',*,*,#8041,.T.);
#5366=ORIENTED_EDGE('',*,*,#8042,.F.);
#5367=ORIENTED_EDGE('',*,*,#8043,.F.);
#5368=ORIENTED_EDGE('',*,*,#8044,.T.);
#5369=ORIENTED_EDGE('',*,*,#8040,.T.);
#5370=ORIENTED_EDGE('',*,*,#8045,.T.);
#5371=ORIENTED_EDGE('',*,*,#8042,.T.);
#5372=ORIENTED_EDGE('',*,*,#8046,.T.);
#5373=ORIENTED_EDGE('',*,*,#8047,.F.);
#5374=ORIENTED_EDGE('',*,*,#8048,.T.);
#5375=ORIENTED_EDGE('',*,*,#8049,.F.);
#5376=ORIENTED_EDGE('',*,*,#8045,.F.);
#5377=ORIENTED_EDGE('',*,*,#8039,.F.);
#5378=ORIENTED_EDGE('',*,*,#8048,.F.);
#5379=ORIENTED_EDGE('',*,*,#8041,.F.);
#5380=ORIENTED_EDGE('',*,*,#8044,.F.);
#5381=ORIENTED_EDGE('',*,*,#8050,.F.);
#5382=ORIENTED_EDGE('',*,*,#8046,.F.);
#5383=ORIENTED_EDGE('',*,*,#8051,.F.);
#5384=ORIENTED_EDGE('',*,*,#8052,.F.);
#5385=ORIENTED_EDGE('',*,*,#8053,.F.);
#5386=ORIENTED_EDGE('',*,*,#8054,.F.);
#5387=ORIENTED_EDGE('',*,*,#8055,.F.);
#5388=ORIENTED_EDGE('',*,*,#8056,.T.);
#5389=ORIENTED_EDGE('',*,*,#8057,.T.);
#5390=ORIENTED_EDGE('',*,*,#8052,.T.);
#5391=ORIENTED_EDGE('',*,*,#8053,.T.);
#5392=ORIENTED_EDGE('',*,*,#8057,.F.);
#5393=ORIENTED_EDGE('',*,*,#8058,.T.);
#5394=ORIENTED_EDGE('',*,*,#8059,.F.);
#5395=ORIENTED_EDGE('',*,*,#8059,.T.);
#5396=ORIENTED_EDGE('',*,*,#8060,.T.);
#5397=ORIENTED_EDGE('',*,*,#8061,.F.);
#5398=ORIENTED_EDGE('',*,*,#8054,.T.);
#5399=ORIENTED_EDGE('',*,*,#8058,.F.);
#5400=ORIENTED_EDGE('',*,*,#8056,.F.);
#5401=ORIENTED_EDGE('',*,*,#8062,.F.);
#5402=ORIENTED_EDGE('',*,*,#8060,.F.);
#5403=ORIENTED_EDGE('',*,*,#8063,.T.);
#5404=ORIENTED_EDGE('',*,*,#8064,.F.);
#5405=ORIENTED_EDGE('',*,*,#8065,.T.);
#5406=ORIENTED_EDGE('',*,*,#8066,.F.);
#5407=ORIENTED_EDGE('',*,*,#8067,.F.);
#5408=ORIENTED_EDGE('',*,*,#8068,.T.);
#5409=ORIENTED_EDGE('',*,*,#8064,.T.);
#5410=ORIENTED_EDGE('',*,*,#8069,.T.);
#5411=ORIENTED_EDGE('',*,*,#8066,.T.);
#5412=ORIENTED_EDGE('',*,*,#8070,.T.);
#5413=ORIENTED_EDGE('',*,*,#8071,.F.);
#5414=ORIENTED_EDGE('',*,*,#8072,.T.);
#5415=ORIENTED_EDGE('',*,*,#8073,.F.);
#5416=ORIENTED_EDGE('',*,*,#8069,.F.);
#5417=ORIENTED_EDGE('',*,*,#8063,.F.);
#5418=ORIENTED_EDGE('',*,*,#8072,.F.);
#5419=ORIENTED_EDGE('',*,*,#8065,.F.);
#5420=ORIENTED_EDGE('',*,*,#8068,.F.);
#5421=ORIENTED_EDGE('',*,*,#8074,.F.);
#5422=ORIENTED_EDGE('',*,*,#8070,.F.);
#5423=ORIENTED_EDGE('',*,*,#8075,.F.);
#5424=ORIENTED_EDGE('',*,*,#8076,.F.);
#5425=ORIENTED_EDGE('',*,*,#8077,.F.);
#5426=ORIENTED_EDGE('',*,*,#8078,.F.);
#5427=ORIENTED_EDGE('',*,*,#8079,.F.);
#5428=ORIENTED_EDGE('',*,*,#8080,.T.);
#5429=ORIENTED_EDGE('',*,*,#8081,.T.);
#5430=ORIENTED_EDGE('',*,*,#8076,.T.);
#5431=ORIENTED_EDGE('',*,*,#8077,.T.);
#5432=ORIENTED_EDGE('',*,*,#8081,.F.);
#5433=ORIENTED_EDGE('',*,*,#8082,.T.);
#5434=ORIENTED_EDGE('',*,*,#8083,.F.);
#5435=ORIENTED_EDGE('',*,*,#8083,.T.);
#5436=ORIENTED_EDGE('',*,*,#8084,.T.);
#5437=ORIENTED_EDGE('',*,*,#8085,.F.);
#5438=ORIENTED_EDGE('',*,*,#8078,.T.);
#5439=ORIENTED_EDGE('',*,*,#8082,.F.);
#5440=ORIENTED_EDGE('',*,*,#8080,.F.);
#5441=ORIENTED_EDGE('',*,*,#8086,.F.);
#5442=ORIENTED_EDGE('',*,*,#8084,.F.);
#5443=ORIENTED_EDGE('',*,*,#8087,.T.);
#5444=ORIENTED_EDGE('',*,*,#8088,.F.);
#5445=ORIENTED_EDGE('',*,*,#8089,.T.);
#5446=ORIENTED_EDGE('',*,*,#8090,.F.);
#5447=ORIENTED_EDGE('',*,*,#8091,.F.);
#5448=ORIENTED_EDGE('',*,*,#8092,.T.);
#5449=ORIENTED_EDGE('',*,*,#8088,.T.);
#5450=ORIENTED_EDGE('',*,*,#8093,.T.);
#5451=ORIENTED_EDGE('',*,*,#8090,.T.);
#5452=ORIENTED_EDGE('',*,*,#8094,.T.);
#5453=ORIENTED_EDGE('',*,*,#8095,.F.);
#5454=ORIENTED_EDGE('',*,*,#8096,.T.);
#5455=ORIENTED_EDGE('',*,*,#8097,.F.);
#5456=ORIENTED_EDGE('',*,*,#8093,.F.);
#5457=ORIENTED_EDGE('',*,*,#8087,.F.);
#5458=ORIENTED_EDGE('',*,*,#8096,.F.);
#5459=ORIENTED_EDGE('',*,*,#8089,.F.);
#5460=ORIENTED_EDGE('',*,*,#8092,.F.);
#5461=ORIENTED_EDGE('',*,*,#8098,.F.);
#5462=ORIENTED_EDGE('',*,*,#8094,.F.);
#5463=ORIENTED_EDGE('',*,*,#8099,.F.);
#5464=ORIENTED_EDGE('',*,*,#8100,.F.);
#5465=ORIENTED_EDGE('',*,*,#8101,.F.);
#5466=ORIENTED_EDGE('',*,*,#8102,.F.);
#5467=ORIENTED_EDGE('',*,*,#8103,.F.);
#5468=ORIENTED_EDGE('',*,*,#8104,.T.);
#5469=ORIENTED_EDGE('',*,*,#8105,.T.);
#5470=ORIENTED_EDGE('',*,*,#8100,.T.);
#5471=ORIENTED_EDGE('',*,*,#8101,.T.);
#5472=ORIENTED_EDGE('',*,*,#8105,.F.);
#5473=ORIENTED_EDGE('',*,*,#8106,.T.);
#5474=ORIENTED_EDGE('',*,*,#8107,.F.);
#5475=ORIENTED_EDGE('',*,*,#8107,.T.);
#5476=ORIENTED_EDGE('',*,*,#8108,.T.);
#5477=ORIENTED_EDGE('',*,*,#8109,.F.);
#5478=ORIENTED_EDGE('',*,*,#8102,.T.);
#5479=ORIENTED_EDGE('',*,*,#8106,.F.);
#5480=ORIENTED_EDGE('',*,*,#8104,.F.);
#5481=ORIENTED_EDGE('',*,*,#8110,.F.);
#5482=ORIENTED_EDGE('',*,*,#8108,.F.);
#5483=ORIENTED_EDGE('',*,*,#8111,.T.);
#5484=ORIENTED_EDGE('',*,*,#8112,.F.);
#5485=ORIENTED_EDGE('',*,*,#8113,.T.);
#5486=ORIENTED_EDGE('',*,*,#8114,.F.);
#5487=ORIENTED_EDGE('',*,*,#8115,.F.);
#5488=ORIENTED_EDGE('',*,*,#8116,.T.);
#5489=ORIENTED_EDGE('',*,*,#8112,.T.);
#5490=ORIENTED_EDGE('',*,*,#8117,.T.);
#5491=ORIENTED_EDGE('',*,*,#8114,.T.);
#5492=ORIENTED_EDGE('',*,*,#8118,.T.);
#5493=ORIENTED_EDGE('',*,*,#8119,.F.);
#5494=ORIENTED_EDGE('',*,*,#8120,.T.);
#5495=ORIENTED_EDGE('',*,*,#8121,.F.);
#5496=ORIENTED_EDGE('',*,*,#8117,.F.);
#5497=ORIENTED_EDGE('',*,*,#8111,.F.);
#5498=ORIENTED_EDGE('',*,*,#8120,.F.);
#5499=ORIENTED_EDGE('',*,*,#8113,.F.);
#5500=ORIENTED_EDGE('',*,*,#8116,.F.);
#5501=ORIENTED_EDGE('',*,*,#8122,.F.);
#5502=ORIENTED_EDGE('',*,*,#8118,.F.);
#5503=ORIENTED_EDGE('',*,*,#8123,.F.);
#5504=ORIENTED_EDGE('',*,*,#8124,.F.);
#5505=ORIENTED_EDGE('',*,*,#8125,.F.);
#5506=ORIENTED_EDGE('',*,*,#8126,.F.);
#5507=ORIENTED_EDGE('',*,*,#8127,.F.);
#5508=ORIENTED_EDGE('',*,*,#8128,.T.);
#5509=ORIENTED_EDGE('',*,*,#8129,.T.);
#5510=ORIENTED_EDGE('',*,*,#8124,.T.);
#5511=ORIENTED_EDGE('',*,*,#8125,.T.);
#5512=ORIENTED_EDGE('',*,*,#8129,.F.);
#5513=ORIENTED_EDGE('',*,*,#8130,.T.);
#5514=ORIENTED_EDGE('',*,*,#8131,.F.);
#5515=ORIENTED_EDGE('',*,*,#8131,.T.);
#5516=ORIENTED_EDGE('',*,*,#8132,.T.);
#5517=ORIENTED_EDGE('',*,*,#8133,.F.);
#5518=ORIENTED_EDGE('',*,*,#8126,.T.);
#5519=ORIENTED_EDGE('',*,*,#8130,.F.);
#5520=ORIENTED_EDGE('',*,*,#8128,.F.);
#5521=ORIENTED_EDGE('',*,*,#8134,.F.);
#5522=ORIENTED_EDGE('',*,*,#8132,.F.);
#5523=ORIENTED_EDGE('',*,*,#8135,.T.);
#5524=ORIENTED_EDGE('',*,*,#8136,.F.);
#5525=ORIENTED_EDGE('',*,*,#8137,.T.);
#5526=ORIENTED_EDGE('',*,*,#8138,.F.);
#5527=ORIENTED_EDGE('',*,*,#8139,.F.);
#5528=ORIENTED_EDGE('',*,*,#8140,.T.);
#5529=ORIENTED_EDGE('',*,*,#8136,.T.);
#5530=ORIENTED_EDGE('',*,*,#8141,.T.);
#5531=ORIENTED_EDGE('',*,*,#8138,.T.);
#5532=ORIENTED_EDGE('',*,*,#8142,.T.);
#5533=ORIENTED_EDGE('',*,*,#8143,.F.);
#5534=ORIENTED_EDGE('',*,*,#8144,.T.);
#5535=ORIENTED_EDGE('',*,*,#8145,.F.);
#5536=ORIENTED_EDGE('',*,*,#8141,.F.);
#5537=ORIENTED_EDGE('',*,*,#8135,.F.);
#5538=ORIENTED_EDGE('',*,*,#8144,.F.);
#5539=ORIENTED_EDGE('',*,*,#8137,.F.);
#5540=ORIENTED_EDGE('',*,*,#8140,.F.);
#5541=ORIENTED_EDGE('',*,*,#8146,.F.);
#5542=ORIENTED_EDGE('',*,*,#8142,.F.);
#5543=ORIENTED_EDGE('',*,*,#8147,.F.);
#5544=ORIENTED_EDGE('',*,*,#8148,.F.);
#5545=ORIENTED_EDGE('',*,*,#8149,.F.);
#5546=ORIENTED_EDGE('',*,*,#8150,.F.);
#5547=ORIENTED_EDGE('',*,*,#8151,.F.);
#5548=ORIENTED_EDGE('',*,*,#8152,.T.);
#5549=ORIENTED_EDGE('',*,*,#8153,.T.);
#5550=ORIENTED_EDGE('',*,*,#8148,.T.);
#5551=ORIENTED_EDGE('',*,*,#8149,.T.);
#5552=ORIENTED_EDGE('',*,*,#8153,.F.);
#5553=ORIENTED_EDGE('',*,*,#8154,.T.);
#5554=ORIENTED_EDGE('',*,*,#8155,.F.);
#5555=ORIENTED_EDGE('',*,*,#8155,.T.);
#5556=ORIENTED_EDGE('',*,*,#8156,.T.);
#5557=ORIENTED_EDGE('',*,*,#8157,.F.);
#5558=ORIENTED_EDGE('',*,*,#8150,.T.);
#5559=ORIENTED_EDGE('',*,*,#8154,.F.);
#5560=ORIENTED_EDGE('',*,*,#8152,.F.);
#5561=ORIENTED_EDGE('',*,*,#8158,.F.);
#5562=ORIENTED_EDGE('',*,*,#8156,.F.);
#5563=ORIENTED_EDGE('',*,*,#8159,.T.);
#5564=ORIENTED_EDGE('',*,*,#8160,.F.);
#5565=ORIENTED_EDGE('',*,*,#8161,.T.);
#5566=ORIENTED_EDGE('',*,*,#8162,.F.);
#5567=ORIENTED_EDGE('',*,*,#8163,.F.);
#5568=ORIENTED_EDGE('',*,*,#8164,.T.);
#5569=ORIENTED_EDGE('',*,*,#8160,.T.);
#5570=ORIENTED_EDGE('',*,*,#8165,.T.);
#5571=ORIENTED_EDGE('',*,*,#8162,.T.);
#5572=ORIENTED_EDGE('',*,*,#8166,.T.);
#5573=ORIENTED_EDGE('',*,*,#8167,.F.);
#5574=ORIENTED_EDGE('',*,*,#8168,.T.);
#5575=ORIENTED_EDGE('',*,*,#8169,.F.);
#5576=ORIENTED_EDGE('',*,*,#8165,.F.);
#5577=ORIENTED_EDGE('',*,*,#8159,.F.);
#5578=ORIENTED_EDGE('',*,*,#8168,.F.);
#5579=ORIENTED_EDGE('',*,*,#8161,.F.);
#5580=ORIENTED_EDGE('',*,*,#8164,.F.);
#5581=ORIENTED_EDGE('',*,*,#8170,.F.);
#5582=ORIENTED_EDGE('',*,*,#8166,.F.);
#5583=ORIENTED_EDGE('',*,*,#8171,.F.);
#5584=ORIENTED_EDGE('',*,*,#8172,.F.);
#5585=ORIENTED_EDGE('',*,*,#8173,.F.);
#5586=ORIENTED_EDGE('',*,*,#8174,.F.);
#5587=ORIENTED_EDGE('',*,*,#8175,.F.);
#5588=ORIENTED_EDGE('',*,*,#8176,.T.);
#5589=ORIENTED_EDGE('',*,*,#8177,.T.);
#5590=ORIENTED_EDGE('',*,*,#8172,.T.);
#5591=ORIENTED_EDGE('',*,*,#8173,.T.);
#5592=ORIENTED_EDGE('',*,*,#8177,.F.);
#5593=ORIENTED_EDGE('',*,*,#8178,.T.);
#5594=ORIENTED_EDGE('',*,*,#8179,.F.);
#5595=ORIENTED_EDGE('',*,*,#8179,.T.);
#5596=ORIENTED_EDGE('',*,*,#8180,.T.);
#5597=ORIENTED_EDGE('',*,*,#8181,.F.);
#5598=ORIENTED_EDGE('',*,*,#8174,.T.);
#5599=ORIENTED_EDGE('',*,*,#8178,.F.);
#5600=ORIENTED_EDGE('',*,*,#8176,.F.);
#5601=ORIENTED_EDGE('',*,*,#8182,.F.);
#5602=ORIENTED_EDGE('',*,*,#8180,.F.);
#5603=ORIENTED_EDGE('',*,*,#8183,.T.);
#5604=ORIENTED_EDGE('',*,*,#8184,.F.);
#5605=ORIENTED_EDGE('',*,*,#8185,.T.);
#5606=ORIENTED_EDGE('',*,*,#8186,.F.);
#5607=ORIENTED_EDGE('',*,*,#8187,.F.);
#5608=ORIENTED_EDGE('',*,*,#8188,.T.);
#5609=ORIENTED_EDGE('',*,*,#8184,.T.);
#5610=ORIENTED_EDGE('',*,*,#8189,.T.);
#5611=ORIENTED_EDGE('',*,*,#8186,.T.);
#5612=ORIENTED_EDGE('',*,*,#8190,.T.);
#5613=ORIENTED_EDGE('',*,*,#8191,.F.);
#5614=ORIENTED_EDGE('',*,*,#8192,.T.);
#5615=ORIENTED_EDGE('',*,*,#8193,.F.);
#5616=ORIENTED_EDGE('',*,*,#8189,.F.);
#5617=ORIENTED_EDGE('',*,*,#8183,.F.);
#5618=ORIENTED_EDGE('',*,*,#8192,.F.);
#5619=ORIENTED_EDGE('',*,*,#8185,.F.);
#5620=ORIENTED_EDGE('',*,*,#8188,.F.);
#5621=ORIENTED_EDGE('',*,*,#8194,.F.);
#5622=ORIENTED_EDGE('',*,*,#8190,.F.);
#5623=ORIENTED_EDGE('',*,*,#8195,.F.);
#5624=ORIENTED_EDGE('',*,*,#8196,.F.);
#5625=ORIENTED_EDGE('',*,*,#8197,.F.);
#5626=ORIENTED_EDGE('',*,*,#8198,.F.);
#5627=ORIENTED_EDGE('',*,*,#8199,.F.);
#5628=ORIENTED_EDGE('',*,*,#8200,.T.);
#5629=ORIENTED_EDGE('',*,*,#8201,.T.);
#5630=ORIENTED_EDGE('',*,*,#8196,.T.);
#5631=ORIENTED_EDGE('',*,*,#8197,.T.);
#5632=ORIENTED_EDGE('',*,*,#8201,.F.);
#5633=ORIENTED_EDGE('',*,*,#8202,.T.);
#5634=ORIENTED_EDGE('',*,*,#8203,.F.);
#5635=ORIENTED_EDGE('',*,*,#8203,.T.);
#5636=ORIENTED_EDGE('',*,*,#8204,.T.);
#5637=ORIENTED_EDGE('',*,*,#8205,.F.);
#5638=ORIENTED_EDGE('',*,*,#8198,.T.);
#5639=ORIENTED_EDGE('',*,*,#8202,.F.);
#5640=ORIENTED_EDGE('',*,*,#8200,.F.);
#5641=ORIENTED_EDGE('',*,*,#8206,.F.);
#5642=ORIENTED_EDGE('',*,*,#8204,.F.);
#5643=ORIENTED_EDGE('',*,*,#8207,.T.);
#5644=ORIENTED_EDGE('',*,*,#8208,.F.);
#5645=ORIENTED_EDGE('',*,*,#8209,.T.);
#5646=ORIENTED_EDGE('',*,*,#8210,.F.);
#5647=ORIENTED_EDGE('',*,*,#8211,.F.);
#5648=ORIENTED_EDGE('',*,*,#8212,.T.);
#5649=ORIENTED_EDGE('',*,*,#8208,.T.);
#5650=ORIENTED_EDGE('',*,*,#8213,.T.);
#5651=ORIENTED_EDGE('',*,*,#8210,.T.);
#5652=ORIENTED_EDGE('',*,*,#8214,.T.);
#5653=ORIENTED_EDGE('',*,*,#8215,.F.);
#5654=ORIENTED_EDGE('',*,*,#8216,.T.);
#5655=ORIENTED_EDGE('',*,*,#8217,.F.);
#5656=ORIENTED_EDGE('',*,*,#8213,.F.);
#5657=ORIENTED_EDGE('',*,*,#8207,.F.);
#5658=ORIENTED_EDGE('',*,*,#8216,.F.);
#5659=ORIENTED_EDGE('',*,*,#8209,.F.);
#5660=ORIENTED_EDGE('',*,*,#8212,.F.);
#5661=ORIENTED_EDGE('',*,*,#8218,.F.);
#5662=ORIENTED_EDGE('',*,*,#8214,.F.);
#5663=ORIENTED_EDGE('',*,*,#8219,.F.);
#5664=ORIENTED_EDGE('',*,*,#8220,.F.);
#5665=ORIENTED_EDGE('',*,*,#8221,.F.);
#5666=ORIENTED_EDGE('',*,*,#8222,.F.);
#5667=ORIENTED_EDGE('',*,*,#8223,.F.);
#5668=ORIENTED_EDGE('',*,*,#8224,.T.);
#5669=ORIENTED_EDGE('',*,*,#8225,.T.);
#5670=ORIENTED_EDGE('',*,*,#8220,.T.);
#5671=ORIENTED_EDGE('',*,*,#8221,.T.);
#5672=ORIENTED_EDGE('',*,*,#8225,.F.);
#5673=ORIENTED_EDGE('',*,*,#8226,.T.);
#5674=ORIENTED_EDGE('',*,*,#8227,.F.);
#5675=ORIENTED_EDGE('',*,*,#8227,.T.);
#5676=ORIENTED_EDGE('',*,*,#8228,.T.);
#5677=ORIENTED_EDGE('',*,*,#8229,.F.);
#5678=ORIENTED_EDGE('',*,*,#8222,.T.);
#5679=ORIENTED_EDGE('',*,*,#8226,.F.);
#5680=ORIENTED_EDGE('',*,*,#8224,.F.);
#5681=ORIENTED_EDGE('',*,*,#8230,.F.);
#5682=ORIENTED_EDGE('',*,*,#8228,.F.);
#5683=ORIENTED_EDGE('',*,*,#8231,.T.);
#5684=ORIENTED_EDGE('',*,*,#8232,.F.);
#5685=ORIENTED_EDGE('',*,*,#8233,.T.);
#5686=ORIENTED_EDGE('',*,*,#8234,.F.);
#5687=ORIENTED_EDGE('',*,*,#8235,.F.);
#5688=ORIENTED_EDGE('',*,*,#8236,.T.);
#5689=ORIENTED_EDGE('',*,*,#8232,.T.);
#5690=ORIENTED_EDGE('',*,*,#8237,.T.);
#5691=ORIENTED_EDGE('',*,*,#8234,.T.);
#5692=ORIENTED_EDGE('',*,*,#8238,.T.);
#5693=ORIENTED_EDGE('',*,*,#8239,.F.);
#5694=ORIENTED_EDGE('',*,*,#8240,.T.);
#5695=ORIENTED_EDGE('',*,*,#8241,.F.);
#5696=ORIENTED_EDGE('',*,*,#8237,.F.);
#5697=ORIENTED_EDGE('',*,*,#8231,.F.);
#5698=ORIENTED_EDGE('',*,*,#8240,.F.);
#5699=ORIENTED_EDGE('',*,*,#8233,.F.);
#5700=ORIENTED_EDGE('',*,*,#8236,.F.);
#5701=ORIENTED_EDGE('',*,*,#8242,.F.);
#5702=ORIENTED_EDGE('',*,*,#8238,.F.);
#5703=ORIENTED_EDGE('',*,*,#8243,.F.);
#5704=ORIENTED_EDGE('',*,*,#8244,.F.);
#5705=ORIENTED_EDGE('',*,*,#8245,.F.);
#5706=ORIENTED_EDGE('',*,*,#8246,.F.);
#5707=ORIENTED_EDGE('',*,*,#8247,.F.);
#5708=ORIENTED_EDGE('',*,*,#8248,.T.);
#5709=ORIENTED_EDGE('',*,*,#8249,.T.);
#5710=ORIENTED_EDGE('',*,*,#8244,.T.);
#5711=ORIENTED_EDGE('',*,*,#8245,.T.);
#5712=ORIENTED_EDGE('',*,*,#8249,.F.);
#5713=ORIENTED_EDGE('',*,*,#8250,.T.);
#5714=ORIENTED_EDGE('',*,*,#8251,.F.);
#5715=ORIENTED_EDGE('',*,*,#8251,.T.);
#5716=ORIENTED_EDGE('',*,*,#8252,.T.);
#5717=ORIENTED_EDGE('',*,*,#8253,.F.);
#5718=ORIENTED_EDGE('',*,*,#8246,.T.);
#5719=ORIENTED_EDGE('',*,*,#8250,.F.);
#5720=ORIENTED_EDGE('',*,*,#8248,.F.);
#5721=ORIENTED_EDGE('',*,*,#8254,.F.);
#5722=ORIENTED_EDGE('',*,*,#8252,.F.);
#5723=ORIENTED_EDGE('',*,*,#8255,.T.);
#5724=ORIENTED_EDGE('',*,*,#8256,.F.);
#5725=ORIENTED_EDGE('',*,*,#8257,.T.);
#5726=ORIENTED_EDGE('',*,*,#8258,.F.);
#5727=ORIENTED_EDGE('',*,*,#8259,.F.);
#5728=ORIENTED_EDGE('',*,*,#8260,.T.);
#5729=ORIENTED_EDGE('',*,*,#8256,.T.);
#5730=ORIENTED_EDGE('',*,*,#8261,.T.);
#5731=ORIENTED_EDGE('',*,*,#8258,.T.);
#5732=ORIENTED_EDGE('',*,*,#8262,.T.);
#5733=ORIENTED_EDGE('',*,*,#8263,.F.);
#5734=ORIENTED_EDGE('',*,*,#8264,.T.);
#5735=ORIENTED_EDGE('',*,*,#8265,.F.);
#5736=ORIENTED_EDGE('',*,*,#8261,.F.);
#5737=ORIENTED_EDGE('',*,*,#8255,.F.);
#5738=ORIENTED_EDGE('',*,*,#8264,.F.);
#5739=ORIENTED_EDGE('',*,*,#8257,.F.);
#5740=ORIENTED_EDGE('',*,*,#8260,.F.);
#5741=ORIENTED_EDGE('',*,*,#8266,.F.);
#5742=ORIENTED_EDGE('',*,*,#8262,.F.);
#5743=ORIENTED_EDGE('',*,*,#8267,.F.);
#5744=ORIENTED_EDGE('',*,*,#8268,.F.);
#5745=ORIENTED_EDGE('',*,*,#8269,.F.);
#5746=ORIENTED_EDGE('',*,*,#8270,.F.);
#5747=ORIENTED_EDGE('',*,*,#8271,.F.);
#5748=ORIENTED_EDGE('',*,*,#8272,.T.);
#5749=ORIENTED_EDGE('',*,*,#8273,.T.);
#5750=ORIENTED_EDGE('',*,*,#8268,.T.);
#5751=ORIENTED_EDGE('',*,*,#8269,.T.);
#5752=ORIENTED_EDGE('',*,*,#8273,.F.);
#5753=ORIENTED_EDGE('',*,*,#8274,.T.);
#5754=ORIENTED_EDGE('',*,*,#8275,.F.);
#5755=ORIENTED_EDGE('',*,*,#8275,.T.);
#5756=ORIENTED_EDGE('',*,*,#8276,.T.);
#5757=ORIENTED_EDGE('',*,*,#8277,.F.);
#5758=ORIENTED_EDGE('',*,*,#8270,.T.);
#5759=ORIENTED_EDGE('',*,*,#8274,.F.);
#5760=ORIENTED_EDGE('',*,*,#8272,.F.);
#5761=ORIENTED_EDGE('',*,*,#8278,.F.);
#5762=ORIENTED_EDGE('',*,*,#8276,.F.);
#5763=ORIENTED_EDGE('',*,*,#8279,.T.);
#5764=ORIENTED_EDGE('',*,*,#8280,.F.);
#5765=ORIENTED_EDGE('',*,*,#8281,.T.);
#5766=ORIENTED_EDGE('',*,*,#8282,.F.);
#5767=ORIENTED_EDGE('',*,*,#8283,.F.);
#5768=ORIENTED_EDGE('',*,*,#8284,.T.);
#5769=ORIENTED_EDGE('',*,*,#8280,.T.);
#5770=ORIENTED_EDGE('',*,*,#8285,.T.);
#5771=ORIENTED_EDGE('',*,*,#8282,.T.);
#5772=ORIENTED_EDGE('',*,*,#8286,.T.);
#5773=ORIENTED_EDGE('',*,*,#8287,.F.);
#5774=ORIENTED_EDGE('',*,*,#8288,.T.);
#5775=ORIENTED_EDGE('',*,*,#8289,.F.);
#5776=ORIENTED_EDGE('',*,*,#8285,.F.);
#5777=ORIENTED_EDGE('',*,*,#8279,.F.);
#5778=ORIENTED_EDGE('',*,*,#8288,.F.);
#5779=ORIENTED_EDGE('',*,*,#8281,.F.);
#5780=ORIENTED_EDGE('',*,*,#8284,.F.);
#5781=ORIENTED_EDGE('',*,*,#8290,.F.);
#5782=ORIENTED_EDGE('',*,*,#8286,.F.);
#5783=ORIENTED_EDGE('',*,*,#8291,.F.);
#5784=ORIENTED_EDGE('',*,*,#8292,.F.);
#5785=ORIENTED_EDGE('',*,*,#8293,.F.);
#5786=ORIENTED_EDGE('',*,*,#8294,.F.);
#5787=ORIENTED_EDGE('',*,*,#8295,.F.);
#5788=ORIENTED_EDGE('',*,*,#8296,.T.);
#5789=ORIENTED_EDGE('',*,*,#8297,.T.);
#5790=ORIENTED_EDGE('',*,*,#8292,.T.);
#5791=ORIENTED_EDGE('',*,*,#8293,.T.);
#5792=ORIENTED_EDGE('',*,*,#8297,.F.);
#5793=ORIENTED_EDGE('',*,*,#8298,.T.);
#5794=ORIENTED_EDGE('',*,*,#8299,.F.);
#5795=ORIENTED_EDGE('',*,*,#8299,.T.);
#5796=ORIENTED_EDGE('',*,*,#8300,.T.);
#5797=ORIENTED_EDGE('',*,*,#8301,.F.);
#5798=ORIENTED_EDGE('',*,*,#8294,.T.);
#5799=ORIENTED_EDGE('',*,*,#8298,.F.);
#5800=ORIENTED_EDGE('',*,*,#8296,.F.);
#5801=ORIENTED_EDGE('',*,*,#8302,.F.);
#5802=ORIENTED_EDGE('',*,*,#8300,.F.);
#5803=ORIENTED_EDGE('',*,*,#8303,.T.);
#5804=ORIENTED_EDGE('',*,*,#8304,.F.);
#5805=ORIENTED_EDGE('',*,*,#8305,.T.);
#5806=ORIENTED_EDGE('',*,*,#8306,.F.);
#5807=ORIENTED_EDGE('',*,*,#8307,.F.);
#5808=ORIENTED_EDGE('',*,*,#8308,.T.);
#5809=ORIENTED_EDGE('',*,*,#8304,.T.);
#5810=ORIENTED_EDGE('',*,*,#8309,.T.);
#5811=ORIENTED_EDGE('',*,*,#8306,.T.);
#5812=ORIENTED_EDGE('',*,*,#8310,.T.);
#5813=ORIENTED_EDGE('',*,*,#8311,.F.);
#5814=ORIENTED_EDGE('',*,*,#8312,.T.);
#5815=ORIENTED_EDGE('',*,*,#8313,.F.);
#5816=ORIENTED_EDGE('',*,*,#8309,.F.);
#5817=ORIENTED_EDGE('',*,*,#8303,.F.);
#5818=ORIENTED_EDGE('',*,*,#8312,.F.);
#5819=ORIENTED_EDGE('',*,*,#8305,.F.);
#5820=ORIENTED_EDGE('',*,*,#8308,.F.);
#5821=ORIENTED_EDGE('',*,*,#8314,.F.);
#5822=ORIENTED_EDGE('',*,*,#8310,.F.);
#5823=ORIENTED_EDGE('',*,*,#8315,.F.);
#5824=ORIENTED_EDGE('',*,*,#8316,.F.);
#5825=ORIENTED_EDGE('',*,*,#8317,.F.);
#5826=ORIENTED_EDGE('',*,*,#8318,.F.);
#5827=ORIENTED_EDGE('',*,*,#8319,.F.);
#5828=ORIENTED_EDGE('',*,*,#8320,.T.);
#5829=ORIENTED_EDGE('',*,*,#8321,.T.);
#5830=ORIENTED_EDGE('',*,*,#8316,.T.);
#5831=ORIENTED_EDGE('',*,*,#8317,.T.);
#5832=ORIENTED_EDGE('',*,*,#8321,.F.);
#5833=ORIENTED_EDGE('',*,*,#8322,.T.);
#5834=ORIENTED_EDGE('',*,*,#8323,.F.);
#5835=ORIENTED_EDGE('',*,*,#8323,.T.);
#5836=ORIENTED_EDGE('',*,*,#8324,.T.);
#5837=ORIENTED_EDGE('',*,*,#8325,.F.);
#5838=ORIENTED_EDGE('',*,*,#8318,.T.);
#5839=ORIENTED_EDGE('',*,*,#8322,.F.);
#5840=ORIENTED_EDGE('',*,*,#8320,.F.);
#5841=ORIENTED_EDGE('',*,*,#8326,.F.);
#5842=ORIENTED_EDGE('',*,*,#8324,.F.);
#5843=ORIENTED_EDGE('',*,*,#8327,.T.);
#5844=ORIENTED_EDGE('',*,*,#8328,.F.);
#5845=ORIENTED_EDGE('',*,*,#8329,.T.);
#5846=ORIENTED_EDGE('',*,*,#8330,.F.);
#5847=ORIENTED_EDGE('',*,*,#8331,.F.);
#5848=ORIENTED_EDGE('',*,*,#8332,.T.);
#5849=ORIENTED_EDGE('',*,*,#8328,.T.);
#5850=ORIENTED_EDGE('',*,*,#8333,.T.);
#5851=ORIENTED_EDGE('',*,*,#8330,.T.);
#5852=ORIENTED_EDGE('',*,*,#8334,.T.);
#5853=ORIENTED_EDGE('',*,*,#8335,.F.);
#5854=ORIENTED_EDGE('',*,*,#8336,.T.);
#5855=ORIENTED_EDGE('',*,*,#8337,.F.);
#5856=ORIENTED_EDGE('',*,*,#8333,.F.);
#5857=ORIENTED_EDGE('',*,*,#8327,.F.);
#5858=ORIENTED_EDGE('',*,*,#8336,.F.);
#5859=ORIENTED_EDGE('',*,*,#8329,.F.);
#5860=ORIENTED_EDGE('',*,*,#8332,.F.);
#5861=ORIENTED_EDGE('',*,*,#8338,.F.);
#5862=ORIENTED_EDGE('',*,*,#8334,.F.);
#5863=ORIENTED_EDGE('',*,*,#8339,.F.);
#5864=ORIENTED_EDGE('',*,*,#8340,.F.);
#5865=ORIENTED_EDGE('',*,*,#8341,.F.);
#5866=ORIENTED_EDGE('',*,*,#8342,.F.);
#5867=ORIENTED_EDGE('',*,*,#8343,.F.);
#5868=ORIENTED_EDGE('',*,*,#8344,.T.);
#5869=ORIENTED_EDGE('',*,*,#8345,.T.);
#5870=ORIENTED_EDGE('',*,*,#8340,.T.);
#5871=ORIENTED_EDGE('',*,*,#8341,.T.);
#5872=ORIENTED_EDGE('',*,*,#8345,.F.);
#5873=ORIENTED_EDGE('',*,*,#8346,.T.);
#5874=ORIENTED_EDGE('',*,*,#8347,.F.);
#5875=ORIENTED_EDGE('',*,*,#8347,.T.);
#5876=ORIENTED_EDGE('',*,*,#8348,.T.);
#5877=ORIENTED_EDGE('',*,*,#8349,.F.);
#5878=ORIENTED_EDGE('',*,*,#8342,.T.);
#5879=ORIENTED_EDGE('',*,*,#8346,.F.);
#5880=ORIENTED_EDGE('',*,*,#8344,.F.);
#5881=ORIENTED_EDGE('',*,*,#8350,.F.);
#5882=ORIENTED_EDGE('',*,*,#8348,.F.);
#5883=ORIENTED_EDGE('',*,*,#8351,.T.);
#5884=ORIENTED_EDGE('',*,*,#8352,.F.);
#5885=ORIENTED_EDGE('',*,*,#8353,.T.);
#5886=ORIENTED_EDGE('',*,*,#8354,.F.);
#5887=ORIENTED_EDGE('',*,*,#8355,.F.);
#5888=ORIENTED_EDGE('',*,*,#8356,.T.);
#5889=ORIENTED_EDGE('',*,*,#8352,.T.);
#5890=ORIENTED_EDGE('',*,*,#8357,.T.);
#5891=ORIENTED_EDGE('',*,*,#8354,.T.);
#5892=ORIENTED_EDGE('',*,*,#8358,.T.);
#5893=ORIENTED_EDGE('',*,*,#8359,.F.);
#5894=ORIENTED_EDGE('',*,*,#8360,.T.);
#5895=ORIENTED_EDGE('',*,*,#8361,.F.);
#5896=ORIENTED_EDGE('',*,*,#8357,.F.);
#5897=ORIENTED_EDGE('',*,*,#8351,.F.);
#5898=ORIENTED_EDGE('',*,*,#8360,.F.);
#5899=ORIENTED_EDGE('',*,*,#8353,.F.);
#5900=ORIENTED_EDGE('',*,*,#8356,.F.);
#5901=ORIENTED_EDGE('',*,*,#8362,.F.);
#5902=ORIENTED_EDGE('',*,*,#8358,.F.);
#5903=ORIENTED_EDGE('',*,*,#8363,.F.);
#5904=ORIENTED_EDGE('',*,*,#8364,.F.);
#5905=ORIENTED_EDGE('',*,*,#8365,.F.);
#5906=ORIENTED_EDGE('',*,*,#8366,.F.);
#5907=ORIENTED_EDGE('',*,*,#8367,.F.);
#5908=ORIENTED_EDGE('',*,*,#8368,.T.);
#5909=ORIENTED_EDGE('',*,*,#8369,.T.);
#5910=ORIENTED_EDGE('',*,*,#8364,.T.);
#5911=ORIENTED_EDGE('',*,*,#8365,.T.);
#5912=ORIENTED_EDGE('',*,*,#8369,.F.);
#5913=ORIENTED_EDGE('',*,*,#8370,.T.);
#5914=ORIENTED_EDGE('',*,*,#8371,.F.);
#5915=ORIENTED_EDGE('',*,*,#8371,.T.);
#5916=ORIENTED_EDGE('',*,*,#8372,.T.);
#5917=ORIENTED_EDGE('',*,*,#8373,.F.);
#5918=ORIENTED_EDGE('',*,*,#8366,.T.);
#5919=ORIENTED_EDGE('',*,*,#8370,.F.);
#5920=ORIENTED_EDGE('',*,*,#8368,.F.);
#5921=ORIENTED_EDGE('',*,*,#8374,.F.);
#5922=ORIENTED_EDGE('',*,*,#8372,.F.);
#5923=ORIENTED_EDGE('',*,*,#8375,.T.);
#5924=ORIENTED_EDGE('',*,*,#8376,.F.);
#5925=ORIENTED_EDGE('',*,*,#8377,.T.);
#5926=ORIENTED_EDGE('',*,*,#8378,.F.);
#5927=ORIENTED_EDGE('',*,*,#8379,.F.);
#5928=ORIENTED_EDGE('',*,*,#8380,.T.);
#5929=ORIENTED_EDGE('',*,*,#8376,.T.);
#5930=ORIENTED_EDGE('',*,*,#8381,.T.);
#5931=ORIENTED_EDGE('',*,*,#8378,.T.);
#5932=ORIENTED_EDGE('',*,*,#8382,.T.);
#5933=ORIENTED_EDGE('',*,*,#8383,.F.);
#5934=ORIENTED_EDGE('',*,*,#8384,.T.);
#5935=ORIENTED_EDGE('',*,*,#8385,.F.);
#5936=ORIENTED_EDGE('',*,*,#8381,.F.);
#5937=ORIENTED_EDGE('',*,*,#8375,.F.);
#5938=ORIENTED_EDGE('',*,*,#8384,.F.);
#5939=ORIENTED_EDGE('',*,*,#8377,.F.);
#5940=ORIENTED_EDGE('',*,*,#8380,.F.);
#5941=ORIENTED_EDGE('',*,*,#8386,.F.);
#5942=ORIENTED_EDGE('',*,*,#8382,.F.);
#5943=ORIENTED_EDGE('',*,*,#8387,.F.);
#5944=ORIENTED_EDGE('',*,*,#8388,.F.);
#5945=ORIENTED_EDGE('',*,*,#8389,.F.);
#5946=ORIENTED_EDGE('',*,*,#8390,.F.);
#5947=ORIENTED_EDGE('',*,*,#8391,.F.);
#5948=ORIENTED_EDGE('',*,*,#8392,.T.);
#5949=ORIENTED_EDGE('',*,*,#8393,.T.);
#5950=ORIENTED_EDGE('',*,*,#8388,.T.);
#5951=ORIENTED_EDGE('',*,*,#8389,.T.);
#5952=ORIENTED_EDGE('',*,*,#8393,.F.);
#5953=ORIENTED_EDGE('',*,*,#8394,.T.);
#5954=ORIENTED_EDGE('',*,*,#8395,.F.);
#5955=ORIENTED_EDGE('',*,*,#8395,.T.);
#5956=ORIENTED_EDGE('',*,*,#8396,.T.);
#5957=ORIENTED_EDGE('',*,*,#8397,.F.);
#5958=ORIENTED_EDGE('',*,*,#8390,.T.);
#5959=ORIENTED_EDGE('',*,*,#8394,.F.);
#5960=ORIENTED_EDGE('',*,*,#8392,.F.);
#5961=ORIENTED_EDGE('',*,*,#8398,.F.);
#5962=ORIENTED_EDGE('',*,*,#8396,.F.);
#5963=ORIENTED_EDGE('',*,*,#8399,.T.);
#5964=ORIENTED_EDGE('',*,*,#8400,.F.);
#5965=ORIENTED_EDGE('',*,*,#8401,.T.);
#5966=ORIENTED_EDGE('',*,*,#8402,.F.);
#5967=ORIENTED_EDGE('',*,*,#8403,.F.);
#5968=ORIENTED_EDGE('',*,*,#8404,.T.);
#5969=ORIENTED_EDGE('',*,*,#8400,.T.);
#5970=ORIENTED_EDGE('',*,*,#8405,.T.);
#5971=ORIENTED_EDGE('',*,*,#8402,.T.);
#5972=ORIENTED_EDGE('',*,*,#8406,.T.);
#5973=ORIENTED_EDGE('',*,*,#8407,.F.);
#5974=ORIENTED_EDGE('',*,*,#8408,.T.);
#5975=ORIENTED_EDGE('',*,*,#8409,.F.);
#5976=ORIENTED_EDGE('',*,*,#8405,.F.);
#5977=ORIENTED_EDGE('',*,*,#8399,.F.);
#5978=ORIENTED_EDGE('',*,*,#8408,.F.);
#5979=ORIENTED_EDGE('',*,*,#8401,.F.);
#5980=ORIENTED_EDGE('',*,*,#8404,.F.);
#5981=ORIENTED_EDGE('',*,*,#8410,.F.);
#5982=ORIENTED_EDGE('',*,*,#8406,.F.);
#5983=ORIENTED_EDGE('',*,*,#8411,.F.);
#5984=ORIENTED_EDGE('',*,*,#8412,.F.);
#5985=ORIENTED_EDGE('',*,*,#8413,.F.);
#5986=ORIENTED_EDGE('',*,*,#8414,.F.);
#5987=ORIENTED_EDGE('',*,*,#8415,.F.);
#5988=ORIENTED_EDGE('',*,*,#8416,.T.);
#5989=ORIENTED_EDGE('',*,*,#8417,.T.);
#5990=ORIENTED_EDGE('',*,*,#8412,.T.);
#5991=ORIENTED_EDGE('',*,*,#8413,.T.);
#5992=ORIENTED_EDGE('',*,*,#8417,.F.);
#5993=ORIENTED_EDGE('',*,*,#8418,.T.);
#5994=ORIENTED_EDGE('',*,*,#8419,.F.);
#5995=ORIENTED_EDGE('',*,*,#8419,.T.);
#5996=ORIENTED_EDGE('',*,*,#8420,.T.);
#5997=ORIENTED_EDGE('',*,*,#8421,.F.);
#5998=ORIENTED_EDGE('',*,*,#8414,.T.);
#5999=ORIENTED_EDGE('',*,*,#8418,.F.);
#6000=ORIENTED_EDGE('',*,*,#8416,.F.);
#6001=ORIENTED_EDGE('',*,*,#8422,.F.);
#6002=ORIENTED_EDGE('',*,*,#8420,.F.);
#6003=ORIENTED_EDGE('',*,*,#8423,.T.);
#6004=ORIENTED_EDGE('',*,*,#8424,.F.);
#6005=ORIENTED_EDGE('',*,*,#8425,.T.);
#6006=ORIENTED_EDGE('',*,*,#8426,.F.);
#6007=ORIENTED_EDGE('',*,*,#8427,.F.);
#6008=ORIENTED_EDGE('',*,*,#8428,.T.);
#6009=ORIENTED_EDGE('',*,*,#8424,.T.);
#6010=ORIENTED_EDGE('',*,*,#8429,.T.);
#6011=ORIENTED_EDGE('',*,*,#8426,.T.);
#6012=ORIENTED_EDGE('',*,*,#8430,.T.);
#6013=ORIENTED_EDGE('',*,*,#8431,.F.);
#6014=ORIENTED_EDGE('',*,*,#8432,.T.);
#6015=ORIENTED_EDGE('',*,*,#8433,.F.);
#6016=ORIENTED_EDGE('',*,*,#8429,.F.);
#6017=ORIENTED_EDGE('',*,*,#8423,.F.);
#6018=ORIENTED_EDGE('',*,*,#8432,.F.);
#6019=ORIENTED_EDGE('',*,*,#8425,.F.);
#6020=ORIENTED_EDGE('',*,*,#8428,.F.);
#6021=ORIENTED_EDGE('',*,*,#8434,.F.);
#6022=ORIENTED_EDGE('',*,*,#8430,.F.);
#6023=ORIENTED_EDGE('',*,*,#8435,.F.);
#6024=ORIENTED_EDGE('',*,*,#8436,.F.);
#6025=ORIENTED_EDGE('',*,*,#8437,.F.);
#6026=ORIENTED_EDGE('',*,*,#8438,.F.);
#6027=ORIENTED_EDGE('',*,*,#8439,.F.);
#6028=ORIENTED_EDGE('',*,*,#8440,.T.);
#6029=ORIENTED_EDGE('',*,*,#8441,.T.);
#6030=ORIENTED_EDGE('',*,*,#8436,.T.);
#6031=ORIENTED_EDGE('',*,*,#8437,.T.);
#6032=ORIENTED_EDGE('',*,*,#8441,.F.);
#6033=ORIENTED_EDGE('',*,*,#8442,.T.);
#6034=ORIENTED_EDGE('',*,*,#8443,.F.);
#6035=ORIENTED_EDGE('',*,*,#8443,.T.);
#6036=ORIENTED_EDGE('',*,*,#8444,.T.);
#6037=ORIENTED_EDGE('',*,*,#8445,.F.);
#6038=ORIENTED_EDGE('',*,*,#8438,.T.);
#6039=ORIENTED_EDGE('',*,*,#8442,.F.);
#6040=ORIENTED_EDGE('',*,*,#8440,.F.);
#6041=ORIENTED_EDGE('',*,*,#8446,.F.);
#6042=ORIENTED_EDGE('',*,*,#8444,.F.);
#6043=ORIENTED_EDGE('',*,*,#8447,.T.);
#6044=ORIENTED_EDGE('',*,*,#8448,.F.);
#6045=ORIENTED_EDGE('',*,*,#8449,.T.);
#6046=ORIENTED_EDGE('',*,*,#8450,.F.);
#6047=ORIENTED_EDGE('',*,*,#8451,.F.);
#6048=ORIENTED_EDGE('',*,*,#8452,.T.);
#6049=ORIENTED_EDGE('',*,*,#8448,.T.);
#6050=ORIENTED_EDGE('',*,*,#8453,.T.);
#6051=ORIENTED_EDGE('',*,*,#8450,.T.);
#6052=ORIENTED_EDGE('',*,*,#8454,.T.);
#6053=ORIENTED_EDGE('',*,*,#8455,.F.);
#6054=ORIENTED_EDGE('',*,*,#8456,.T.);
#6055=ORIENTED_EDGE('',*,*,#8457,.F.);
#6056=ORIENTED_EDGE('',*,*,#8453,.F.);
#6057=ORIENTED_EDGE('',*,*,#8447,.F.);
#6058=ORIENTED_EDGE('',*,*,#8456,.F.);
#6059=ORIENTED_EDGE('',*,*,#8449,.F.);
#6060=ORIENTED_EDGE('',*,*,#8452,.F.);
#6061=ORIENTED_EDGE('',*,*,#8458,.F.);
#6062=ORIENTED_EDGE('',*,*,#8454,.F.);
#6063=ORIENTED_EDGE('',*,*,#8459,.F.);
#6064=ORIENTED_EDGE('',*,*,#8460,.F.);
#6065=ORIENTED_EDGE('',*,*,#8461,.F.);
#6066=ORIENTED_EDGE('',*,*,#8462,.F.);
#6067=ORIENTED_EDGE('',*,*,#8463,.F.);
#6068=ORIENTED_EDGE('',*,*,#8464,.T.);
#6069=ORIENTED_EDGE('',*,*,#8465,.T.);
#6070=ORIENTED_EDGE('',*,*,#8460,.T.);
#6071=ORIENTED_EDGE('',*,*,#8461,.T.);
#6072=ORIENTED_EDGE('',*,*,#8465,.F.);
#6073=ORIENTED_EDGE('',*,*,#8466,.T.);
#6074=ORIENTED_EDGE('',*,*,#8467,.F.);
#6075=ORIENTED_EDGE('',*,*,#8467,.T.);
#6076=ORIENTED_EDGE('',*,*,#8468,.T.);
#6077=ORIENTED_EDGE('',*,*,#8469,.F.);
#6078=ORIENTED_EDGE('',*,*,#8462,.T.);
#6079=ORIENTED_EDGE('',*,*,#8466,.F.);
#6080=ORIENTED_EDGE('',*,*,#8464,.F.);
#6081=ORIENTED_EDGE('',*,*,#8470,.F.);
#6082=ORIENTED_EDGE('',*,*,#8468,.F.);
#6083=ORIENTED_EDGE('',*,*,#8471,.T.);
#6084=ORIENTED_EDGE('',*,*,#8472,.F.);
#6085=ORIENTED_EDGE('',*,*,#8473,.T.);
#6086=ORIENTED_EDGE('',*,*,#8474,.F.);
#6087=ORIENTED_EDGE('',*,*,#8475,.F.);
#6088=ORIENTED_EDGE('',*,*,#8476,.T.);
#6089=ORIENTED_EDGE('',*,*,#8472,.T.);
#6090=ORIENTED_EDGE('',*,*,#8477,.T.);
#6091=ORIENTED_EDGE('',*,*,#8474,.T.);
#6092=ORIENTED_EDGE('',*,*,#8478,.T.);
#6093=ORIENTED_EDGE('',*,*,#8479,.F.);
#6094=ORIENTED_EDGE('',*,*,#8480,.T.);
#6095=ORIENTED_EDGE('',*,*,#8481,.F.);
#6096=ORIENTED_EDGE('',*,*,#8477,.F.);
#6097=ORIENTED_EDGE('',*,*,#8471,.F.);
#6098=ORIENTED_EDGE('',*,*,#8480,.F.);
#6099=ORIENTED_EDGE('',*,*,#8473,.F.);
#6100=ORIENTED_EDGE('',*,*,#8476,.F.);
#6101=ORIENTED_EDGE('',*,*,#8482,.F.);
#6102=ORIENTED_EDGE('',*,*,#8478,.F.);
#6103=ORIENTED_EDGE('',*,*,#8483,.F.);
#6104=ORIENTED_EDGE('',*,*,#8484,.F.);
#6105=ORIENTED_EDGE('',*,*,#8485,.F.);
#6106=ORIENTED_EDGE('',*,*,#8486,.F.);
#6107=ORIENTED_EDGE('',*,*,#8487,.F.);
#6108=ORIENTED_EDGE('',*,*,#8488,.T.);
#6109=ORIENTED_EDGE('',*,*,#8489,.T.);
#6110=ORIENTED_EDGE('',*,*,#8484,.T.);
#6111=ORIENTED_EDGE('',*,*,#8485,.T.);
#6112=ORIENTED_EDGE('',*,*,#8489,.F.);
#6113=ORIENTED_EDGE('',*,*,#8490,.T.);
#6114=ORIENTED_EDGE('',*,*,#8491,.F.);
#6115=ORIENTED_EDGE('',*,*,#8491,.T.);
#6116=ORIENTED_EDGE('',*,*,#8492,.T.);
#6117=ORIENTED_EDGE('',*,*,#8493,.F.);
#6118=ORIENTED_EDGE('',*,*,#8486,.T.);
#6119=ORIENTED_EDGE('',*,*,#8490,.F.);
#6120=ORIENTED_EDGE('',*,*,#8488,.F.);
#6121=ORIENTED_EDGE('',*,*,#8494,.F.);
#6122=ORIENTED_EDGE('',*,*,#8492,.F.);
#6123=ORIENTED_EDGE('',*,*,#8495,.T.);
#6124=ORIENTED_EDGE('',*,*,#8496,.F.);
#6125=ORIENTED_EDGE('',*,*,#8497,.T.);
#6126=ORIENTED_EDGE('',*,*,#8498,.F.);
#6127=ORIENTED_EDGE('',*,*,#8499,.F.);
#6128=ORIENTED_EDGE('',*,*,#8500,.T.);
#6129=ORIENTED_EDGE('',*,*,#8496,.T.);
#6130=ORIENTED_EDGE('',*,*,#8501,.T.);
#6131=ORIENTED_EDGE('',*,*,#8498,.T.);
#6132=ORIENTED_EDGE('',*,*,#8502,.T.);
#6133=ORIENTED_EDGE('',*,*,#8503,.F.);
#6134=ORIENTED_EDGE('',*,*,#8504,.T.);
#6135=ORIENTED_EDGE('',*,*,#8505,.F.);
#6136=ORIENTED_EDGE('',*,*,#8501,.F.);
#6137=ORIENTED_EDGE('',*,*,#8495,.F.);
#6138=ORIENTED_EDGE('',*,*,#8504,.F.);
#6139=ORIENTED_EDGE('',*,*,#8497,.F.);
#6140=ORIENTED_EDGE('',*,*,#8500,.F.);
#6141=ORIENTED_EDGE('',*,*,#8506,.F.);
#6142=ORIENTED_EDGE('',*,*,#8502,.F.);
#6143=ORIENTED_EDGE('',*,*,#8507,.F.);
#6144=ORIENTED_EDGE('',*,*,#8508,.F.);
#6145=ORIENTED_EDGE('',*,*,#8509,.F.);
#6146=ORIENTED_EDGE('',*,*,#8510,.F.);
#6147=ORIENTED_EDGE('',*,*,#8511,.F.);
#6148=ORIENTED_EDGE('',*,*,#8512,.T.);
#6149=ORIENTED_EDGE('',*,*,#8513,.T.);
#6150=ORIENTED_EDGE('',*,*,#8508,.T.);
#6151=ORIENTED_EDGE('',*,*,#8509,.T.);
#6152=ORIENTED_EDGE('',*,*,#8513,.F.);
#6153=ORIENTED_EDGE('',*,*,#8514,.T.);
#6154=ORIENTED_EDGE('',*,*,#8515,.F.);
#6155=ORIENTED_EDGE('',*,*,#8515,.T.);
#6156=ORIENTED_EDGE('',*,*,#8516,.T.);
#6157=ORIENTED_EDGE('',*,*,#8517,.F.);
#6158=ORIENTED_EDGE('',*,*,#8510,.T.);
#6159=ORIENTED_EDGE('',*,*,#8514,.F.);
#6160=ORIENTED_EDGE('',*,*,#8512,.F.);
#6161=ORIENTED_EDGE('',*,*,#8518,.F.);
#6162=ORIENTED_EDGE('',*,*,#8516,.F.);
#6163=ORIENTED_EDGE('',*,*,#8519,.T.);
#6164=ORIENTED_EDGE('',*,*,#8520,.F.);
#6165=ORIENTED_EDGE('',*,*,#8521,.T.);
#6166=ORIENTED_EDGE('',*,*,#8522,.F.);
#6167=ORIENTED_EDGE('',*,*,#8523,.F.);
#6168=ORIENTED_EDGE('',*,*,#8524,.T.);
#6169=ORIENTED_EDGE('',*,*,#8520,.T.);
#6170=ORIENTED_EDGE('',*,*,#8525,.T.);
#6171=ORIENTED_EDGE('',*,*,#8522,.T.);
#6172=ORIENTED_EDGE('',*,*,#8526,.T.);
#6173=ORIENTED_EDGE('',*,*,#8527,.F.);
#6174=ORIENTED_EDGE('',*,*,#8528,.T.);
#6175=ORIENTED_EDGE('',*,*,#8529,.F.);
#6176=ORIENTED_EDGE('',*,*,#8525,.F.);
#6177=ORIENTED_EDGE('',*,*,#8519,.F.);
#6178=ORIENTED_EDGE('',*,*,#8528,.F.);
#6179=ORIENTED_EDGE('',*,*,#8521,.F.);
#6180=ORIENTED_EDGE('',*,*,#8524,.F.);
#6181=ORIENTED_EDGE('',*,*,#8530,.F.);
#6182=ORIENTED_EDGE('',*,*,#8526,.F.);
#6183=ORIENTED_EDGE('',*,*,#8531,.F.);
#6184=ORIENTED_EDGE('',*,*,#8532,.F.);
#6185=ORIENTED_EDGE('',*,*,#8533,.F.);
#6186=ORIENTED_EDGE('',*,*,#8534,.F.);
#6187=ORIENTED_EDGE('',*,*,#8535,.F.);
#6188=ORIENTED_EDGE('',*,*,#8536,.T.);
#6189=ORIENTED_EDGE('',*,*,#8537,.T.);
#6190=ORIENTED_EDGE('',*,*,#8532,.T.);
#6191=ORIENTED_EDGE('',*,*,#8533,.T.);
#6192=ORIENTED_EDGE('',*,*,#8537,.F.);
#6193=ORIENTED_EDGE('',*,*,#8538,.T.);
#6194=ORIENTED_EDGE('',*,*,#8539,.F.);
#6195=ORIENTED_EDGE('',*,*,#8539,.T.);
#6196=ORIENTED_EDGE('',*,*,#8540,.T.);
#6197=ORIENTED_EDGE('',*,*,#8541,.F.);
#6198=ORIENTED_EDGE('',*,*,#8534,.T.);
#6199=ORIENTED_EDGE('',*,*,#8538,.F.);
#6200=ORIENTED_EDGE('',*,*,#8536,.F.);
#6201=ORIENTED_EDGE('',*,*,#8542,.F.);
#6202=ORIENTED_EDGE('',*,*,#8540,.F.);
#6203=ORIENTED_EDGE('',*,*,#8543,.T.);
#6204=ORIENTED_EDGE('',*,*,#8544,.F.);
#6205=ORIENTED_EDGE('',*,*,#8545,.T.);
#6206=ORIENTED_EDGE('',*,*,#8546,.F.);
#6207=ORIENTED_EDGE('',*,*,#8547,.F.);
#6208=ORIENTED_EDGE('',*,*,#8548,.T.);
#6209=ORIENTED_EDGE('',*,*,#8544,.T.);
#6210=ORIENTED_EDGE('',*,*,#8549,.T.);
#6211=ORIENTED_EDGE('',*,*,#8546,.T.);
#6212=ORIENTED_EDGE('',*,*,#8550,.T.);
#6213=ORIENTED_EDGE('',*,*,#8551,.F.);
#6214=ORIENTED_EDGE('',*,*,#8552,.T.);
#6215=ORIENTED_EDGE('',*,*,#8553,.F.);
#6216=ORIENTED_EDGE('',*,*,#8549,.F.);
#6217=ORIENTED_EDGE('',*,*,#8543,.F.);
#6218=ORIENTED_EDGE('',*,*,#8552,.F.);
#6219=ORIENTED_EDGE('',*,*,#8545,.F.);
#6220=ORIENTED_EDGE('',*,*,#8548,.F.);
#6221=ORIENTED_EDGE('',*,*,#8554,.F.);
#6222=ORIENTED_EDGE('',*,*,#8550,.F.);
#6223=ORIENTED_EDGE('',*,*,#8555,.F.);
#6224=ORIENTED_EDGE('',*,*,#8556,.F.);
#6225=ORIENTED_EDGE('',*,*,#8557,.F.);
#6226=ORIENTED_EDGE('',*,*,#8558,.F.);
#6227=ORIENTED_EDGE('',*,*,#8559,.F.);
#6228=ORIENTED_EDGE('',*,*,#8560,.T.);
#6229=ORIENTED_EDGE('',*,*,#8561,.T.);
#6230=ORIENTED_EDGE('',*,*,#8556,.T.);
#6231=ORIENTED_EDGE('',*,*,#8557,.T.);
#6232=ORIENTED_EDGE('',*,*,#8561,.F.);
#6233=ORIENTED_EDGE('',*,*,#8562,.T.);
#6234=ORIENTED_EDGE('',*,*,#8563,.F.);
#6235=ORIENTED_EDGE('',*,*,#8563,.T.);
#6236=ORIENTED_EDGE('',*,*,#8564,.T.);
#6237=ORIENTED_EDGE('',*,*,#8565,.F.);
#6238=ORIENTED_EDGE('',*,*,#8558,.T.);
#6239=ORIENTED_EDGE('',*,*,#8562,.F.);
#6240=ORIENTED_EDGE('',*,*,#8560,.F.);
#6241=ORIENTED_EDGE('',*,*,#8566,.F.);
#6242=ORIENTED_EDGE('',*,*,#8564,.F.);
#6243=ORIENTED_EDGE('',*,*,#8567,.T.);
#6244=ORIENTED_EDGE('',*,*,#8568,.F.);
#6245=ORIENTED_EDGE('',*,*,#8569,.T.);
#6246=ORIENTED_EDGE('',*,*,#8570,.F.);
#6247=ORIENTED_EDGE('',*,*,#8571,.F.);
#6248=ORIENTED_EDGE('',*,*,#8572,.T.);
#6249=ORIENTED_EDGE('',*,*,#8568,.T.);
#6250=ORIENTED_EDGE('',*,*,#8573,.T.);
#6251=ORIENTED_EDGE('',*,*,#8570,.T.);
#6252=ORIENTED_EDGE('',*,*,#8574,.T.);
#6253=ORIENTED_EDGE('',*,*,#8575,.F.);
#6254=ORIENTED_EDGE('',*,*,#8576,.T.);
#6255=ORIENTED_EDGE('',*,*,#8577,.F.);
#6256=ORIENTED_EDGE('',*,*,#8573,.F.);
#6257=ORIENTED_EDGE('',*,*,#8567,.F.);
#6258=ORIENTED_EDGE('',*,*,#8576,.F.);
#6259=ORIENTED_EDGE('',*,*,#8569,.F.);
#6260=ORIENTED_EDGE('',*,*,#8572,.F.);
#6261=ORIENTED_EDGE('',*,*,#8578,.F.);
#6262=ORIENTED_EDGE('',*,*,#8574,.F.);
#6263=ORIENTED_EDGE('',*,*,#8579,.F.);
#6264=ORIENTED_EDGE('',*,*,#8580,.F.);
#6265=ORIENTED_EDGE('',*,*,#8581,.F.);
#6266=ORIENTED_EDGE('',*,*,#8582,.F.);
#6267=ORIENTED_EDGE('',*,*,#8583,.F.);
#6268=ORIENTED_EDGE('',*,*,#8584,.T.);
#6269=ORIENTED_EDGE('',*,*,#8585,.T.);
#6270=ORIENTED_EDGE('',*,*,#8580,.T.);
#6271=ORIENTED_EDGE('',*,*,#8581,.T.);
#6272=ORIENTED_EDGE('',*,*,#8585,.F.);
#6273=ORIENTED_EDGE('',*,*,#8586,.T.);
#6274=ORIENTED_EDGE('',*,*,#8587,.F.);
#6275=ORIENTED_EDGE('',*,*,#8587,.T.);
#6276=ORIENTED_EDGE('',*,*,#8588,.T.);
#6277=ORIENTED_EDGE('',*,*,#8589,.F.);
#6278=ORIENTED_EDGE('',*,*,#8582,.T.);
#6279=ORIENTED_EDGE('',*,*,#8586,.F.);
#6280=ORIENTED_EDGE('',*,*,#8584,.F.);
#6281=ORIENTED_EDGE('',*,*,#8590,.F.);
#6282=ORIENTED_EDGE('',*,*,#8588,.F.);
#6283=ORIENTED_EDGE('',*,*,#8591,.T.);
#6284=ORIENTED_EDGE('',*,*,#8592,.F.);
#6285=ORIENTED_EDGE('',*,*,#8593,.T.);
#6286=ORIENTED_EDGE('',*,*,#8594,.F.);
#6287=ORIENTED_EDGE('',*,*,#8595,.F.);
#6288=ORIENTED_EDGE('',*,*,#8596,.T.);
#6289=ORIENTED_EDGE('',*,*,#8592,.T.);
#6290=ORIENTED_EDGE('',*,*,#8597,.T.);
#6291=ORIENTED_EDGE('',*,*,#8594,.T.);
#6292=ORIENTED_EDGE('',*,*,#8598,.T.);
#6293=ORIENTED_EDGE('',*,*,#8599,.F.);
#6294=ORIENTED_EDGE('',*,*,#8600,.T.);
#6295=ORIENTED_EDGE('',*,*,#8601,.F.);
#6296=ORIENTED_EDGE('',*,*,#8597,.F.);
#6297=ORIENTED_EDGE('',*,*,#8591,.F.);
#6298=ORIENTED_EDGE('',*,*,#8600,.F.);
#6299=ORIENTED_EDGE('',*,*,#8593,.F.);
#6300=ORIENTED_EDGE('',*,*,#8596,.F.);
#6301=ORIENTED_EDGE('',*,*,#8602,.F.);
#6302=ORIENTED_EDGE('',*,*,#8598,.F.);
#6303=ORIENTED_EDGE('',*,*,#8603,.F.);
#6304=ORIENTED_EDGE('',*,*,#8604,.F.);
#6305=ORIENTED_EDGE('',*,*,#8605,.F.);
#6306=ORIENTED_EDGE('',*,*,#8606,.F.);
#6307=ORIENTED_EDGE('',*,*,#8607,.F.);
#6308=ORIENTED_EDGE('',*,*,#8608,.T.);
#6309=ORIENTED_EDGE('',*,*,#8609,.T.);
#6310=ORIENTED_EDGE('',*,*,#8604,.T.);
#6311=ORIENTED_EDGE('',*,*,#8605,.T.);
#6312=ORIENTED_EDGE('',*,*,#8609,.F.);
#6313=ORIENTED_EDGE('',*,*,#8610,.T.);
#6314=ORIENTED_EDGE('',*,*,#8611,.F.);
#6315=ORIENTED_EDGE('',*,*,#8611,.T.);
#6316=ORIENTED_EDGE('',*,*,#8612,.T.);
#6317=ORIENTED_EDGE('',*,*,#8613,.F.);
#6318=ORIENTED_EDGE('',*,*,#8606,.T.);
#6319=ORIENTED_EDGE('',*,*,#8610,.F.);
#6320=ORIENTED_EDGE('',*,*,#8608,.F.);
#6321=ORIENTED_EDGE('',*,*,#8614,.F.);
#6322=ORIENTED_EDGE('',*,*,#8612,.F.);
#6323=ORIENTED_EDGE('',*,*,#8615,.F.);
#6324=ORIENTED_EDGE('',*,*,#8616,.T.);
#6325=ORIENTED_EDGE('',*,*,#8616,.F.);
#6326=ORIENTED_EDGE('',*,*,#8617,.F.);
#6327=ORIENTED_EDGE('',*,*,#8618,.F.);
#6328=ORIENTED_EDGE('',*,*,#8617,.T.);
#6329=ORIENTED_EDGE('',*,*,#8619,.F.);
#6330=ORIENTED_EDGE('',*,*,#8620,.T.);
#6331=ORIENTED_EDGE('',*,*,#8620,.F.);
#6332=ORIENTED_EDGE('',*,*,#8621,.F.);
#6333=ORIENTED_EDGE('',*,*,#8622,.F.);
#6334=ORIENTED_EDGE('',*,*,#8621,.T.);
#6335=ORIENTED_EDGE('',*,*,#8623,.F.);
#6336=ORIENTED_EDGE('',*,*,#8624,.T.);
#6337=ORIENTED_EDGE('',*,*,#8624,.F.);
#6338=ORIENTED_EDGE('',*,*,#8625,.F.);
#6339=ORIENTED_EDGE('',*,*,#8626,.F.);
#6340=ORIENTED_EDGE('',*,*,#8625,.T.);
#6341=ORIENTED_EDGE('',*,*,#8627,.F.);
#6342=ORIENTED_EDGE('',*,*,#8628,.T.);
#6343=ORIENTED_EDGE('',*,*,#8628,.F.);
#6344=ORIENTED_EDGE('',*,*,#8629,.F.);
#6345=ORIENTED_EDGE('',*,*,#8630,.F.);
#6346=ORIENTED_EDGE('',*,*,#8629,.T.);
#6347=ORIENTED_EDGE('',*,*,#8631,.F.);
#6348=ORIENTED_EDGE('',*,*,#8632,.T.);
#6349=ORIENTED_EDGE('',*,*,#8632,.F.);
#6350=ORIENTED_EDGE('',*,*,#8633,.F.);
#6351=ORIENTED_EDGE('',*,*,#8634,.F.);
#6352=ORIENTED_EDGE('',*,*,#8633,.T.);
#6353=ORIENTED_EDGE('',*,*,#8635,.F.);
#6354=ORIENTED_EDGE('',*,*,#8636,.T.);
#6355=ORIENTED_EDGE('',*,*,#8636,.F.);
#6356=ORIENTED_EDGE('',*,*,#8637,.F.);
#6357=ORIENTED_EDGE('',*,*,#8638,.F.);
#6358=ORIENTED_EDGE('',*,*,#8637,.T.);
#6359=ORIENTED_EDGE('',*,*,#8639,.F.);
#6360=ORIENTED_EDGE('',*,*,#8640,.T.);
#6361=ORIENTED_EDGE('',*,*,#8640,.F.);
#6362=ORIENTED_EDGE('',*,*,#8641,.F.);
#6363=ORIENTED_EDGE('',*,*,#8642,.F.);
#6364=ORIENTED_EDGE('',*,*,#8641,.T.);
#6365=ORIENTED_EDGE('',*,*,#8643,.F.);
#6366=ORIENTED_EDGE('',*,*,#8644,.T.);
#6367=ORIENTED_EDGE('',*,*,#8644,.F.);
#6368=ORIENTED_EDGE('',*,*,#8645,.F.);
#6369=ORIENTED_EDGE('',*,*,#8646,.F.);
#6370=ORIENTED_EDGE('',*,*,#8645,.T.);
#6371=ORIENTED_EDGE('',*,*,#8647,.F.);
#6372=ORIENTED_EDGE('',*,*,#8648,.T.);
#6373=ORIENTED_EDGE('',*,*,#8648,.F.);
#6374=ORIENTED_EDGE('',*,*,#8649,.F.);
#6375=ORIENTED_EDGE('',*,*,#8650,.F.);
#6376=ORIENTED_EDGE('',*,*,#8649,.T.);
#6377=ORIENTED_EDGE('',*,*,#8651,.F.);
#6378=ORIENTED_EDGE('',*,*,#8652,.T.);
#6379=ORIENTED_EDGE('',*,*,#8652,.F.);
#6380=ORIENTED_EDGE('',*,*,#8653,.F.);
#6381=ORIENTED_EDGE('',*,*,#8654,.F.);
#6382=ORIENTED_EDGE('',*,*,#8653,.T.);
#6383=ORIENTED_EDGE('',*,*,#8655,.F.);
#6384=ORIENTED_EDGE('',*,*,#8656,.T.);
#6385=ORIENTED_EDGE('',*,*,#8656,.F.);
#6386=ORIENTED_EDGE('',*,*,#8657,.F.);
#6387=ORIENTED_EDGE('',*,*,#8658,.F.);
#6388=ORIENTED_EDGE('',*,*,#8657,.T.);
#6389=ORIENTED_EDGE('',*,*,#8659,.F.);
#6390=ORIENTED_EDGE('',*,*,#8660,.T.);
#6391=ORIENTED_EDGE('',*,*,#8660,.F.);
#6392=ORIENTED_EDGE('',*,*,#8661,.F.);
#6393=ORIENTED_EDGE('',*,*,#8662,.F.);
#6394=ORIENTED_EDGE('',*,*,#8661,.T.);
#6395=ORIENTED_EDGE('',*,*,#8663,.F.);
#6396=ORIENTED_EDGE('',*,*,#8664,.T.);
#6397=ORIENTED_EDGE('',*,*,#8664,.F.);
#6398=ORIENTED_EDGE('',*,*,#8665,.F.);
#6399=ORIENTED_EDGE('',*,*,#8666,.F.);
#6400=ORIENTED_EDGE('',*,*,#8665,.T.);
#6401=ORIENTED_EDGE('',*,*,#8667,.F.);
#6402=ORIENTED_EDGE('',*,*,#8668,.T.);
#6403=ORIENTED_EDGE('',*,*,#8668,.F.);
#6404=ORIENTED_EDGE('',*,*,#8669,.F.);
#6405=ORIENTED_EDGE('',*,*,#8670,.F.);
#6406=ORIENTED_EDGE('',*,*,#8669,.T.);
#6407=ORIENTED_EDGE('',*,*,#8671,.F.);
#6408=ORIENTED_EDGE('',*,*,#8672,.T.);
#6409=ORIENTED_EDGE('',*,*,#8672,.F.);
#6410=ORIENTED_EDGE('',*,*,#8673,.F.);
#6411=ORIENTED_EDGE('',*,*,#8674,.F.);
#6412=ORIENTED_EDGE('',*,*,#8673,.T.);
#6413=ORIENTED_EDGE('',*,*,#8675,.F.);
#6414=ORIENTED_EDGE('',*,*,#8676,.T.);
#6415=ORIENTED_EDGE('',*,*,#8676,.F.);
#6416=ORIENTED_EDGE('',*,*,#8677,.F.);
#6417=ORIENTED_EDGE('',*,*,#8678,.F.);
#6418=ORIENTED_EDGE('',*,*,#8677,.T.);
#6419=ORIENTED_EDGE('',*,*,#8679,.F.);
#6420=ORIENTED_EDGE('',*,*,#8680,.T.);
#6421=ORIENTED_EDGE('',*,*,#8680,.F.);
#6422=ORIENTED_EDGE('',*,*,#8681,.F.);
#6423=ORIENTED_EDGE('',*,*,#8682,.F.);
#6424=ORIENTED_EDGE('',*,*,#8681,.T.);
#6425=ORIENTED_EDGE('',*,*,#8683,.F.);
#6426=ORIENTED_EDGE('',*,*,#8684,.T.);
#6427=ORIENTED_EDGE('',*,*,#8684,.F.);
#6428=ORIENTED_EDGE('',*,*,#8685,.F.);
#6429=ORIENTED_EDGE('',*,*,#8686,.F.);
#6430=ORIENTED_EDGE('',*,*,#8685,.T.);
#6431=ORIENTED_EDGE('',*,*,#8687,.F.);
#6432=ORIENTED_EDGE('',*,*,#8688,.T.);
#6433=ORIENTED_EDGE('',*,*,#8688,.F.);
#6434=ORIENTED_EDGE('',*,*,#8689,.F.);
#6435=ORIENTED_EDGE('',*,*,#8690,.F.);
#6436=ORIENTED_EDGE('',*,*,#8689,.T.);
#6437=ORIENTED_EDGE('',*,*,#8691,.F.);
#6438=ORIENTED_EDGE('',*,*,#8692,.T.);
#6439=ORIENTED_EDGE('',*,*,#8692,.F.);
#6440=ORIENTED_EDGE('',*,*,#8693,.F.);
#6441=ORIENTED_EDGE('',*,*,#8694,.F.);
#6442=ORIENTED_EDGE('',*,*,#8693,.T.);
#6443=ORIENTED_EDGE('',*,*,#8695,.F.);
#6444=ORIENTED_EDGE('',*,*,#8696,.T.);
#6445=ORIENTED_EDGE('',*,*,#8696,.F.);
#6446=ORIENTED_EDGE('',*,*,#8697,.F.);
#6447=ORIENTED_EDGE('',*,*,#8698,.F.);
#6448=ORIENTED_EDGE('',*,*,#8697,.T.);
#6449=ORIENTED_EDGE('',*,*,#8699,.F.);
#6450=ORIENTED_EDGE('',*,*,#8700,.T.);
#6451=ORIENTED_EDGE('',*,*,#8700,.F.);
#6452=ORIENTED_EDGE('',*,*,#8701,.F.);
#6453=ORIENTED_EDGE('',*,*,#8702,.F.);
#6454=ORIENTED_EDGE('',*,*,#8701,.T.);
#6455=ORIENTED_EDGE('',*,*,#8703,.F.);
#6456=ORIENTED_EDGE('',*,*,#8704,.T.);
#6457=ORIENTED_EDGE('',*,*,#8704,.F.);
#6458=ORIENTED_EDGE('',*,*,#8705,.F.);
#6459=ORIENTED_EDGE('',*,*,#8706,.F.);
#6460=ORIENTED_EDGE('',*,*,#8705,.T.);
#6461=ORIENTED_EDGE('',*,*,#8707,.F.);
#6462=ORIENTED_EDGE('',*,*,#8708,.T.);
#6463=ORIENTED_EDGE('',*,*,#8708,.F.);
#6464=ORIENTED_EDGE('',*,*,#8709,.F.);
#6465=ORIENTED_EDGE('',*,*,#8710,.F.);
#6466=ORIENTED_EDGE('',*,*,#8709,.T.);
#6467=ORIENTED_EDGE('',*,*,#8711,.F.);
#6468=ORIENTED_EDGE('',*,*,#8712,.T.);
#6469=ORIENTED_EDGE('',*,*,#8712,.F.);
#6470=ORIENTED_EDGE('',*,*,#8713,.F.);
#6471=ORIENTED_EDGE('',*,*,#8714,.F.);
#6472=ORIENTED_EDGE('',*,*,#8713,.T.);
#6473=ORIENTED_EDGE('',*,*,#8715,.F.);
#6474=ORIENTED_EDGE('',*,*,#8716,.T.);
#6475=ORIENTED_EDGE('',*,*,#8716,.F.);
#6476=ORIENTED_EDGE('',*,*,#8717,.F.);
#6477=ORIENTED_EDGE('',*,*,#8718,.F.);
#6478=ORIENTED_EDGE('',*,*,#8717,.T.);
#6479=ORIENTED_EDGE('',*,*,#8719,.F.);
#6480=ORIENTED_EDGE('',*,*,#8720,.T.);
#6481=ORIENTED_EDGE('',*,*,#8720,.F.);
#6482=ORIENTED_EDGE('',*,*,#8721,.F.);
#6483=ORIENTED_EDGE('',*,*,#8722,.F.);
#6484=ORIENTED_EDGE('',*,*,#8721,.T.);
#6485=ORIENTED_EDGE('',*,*,#8723,.F.);
#6486=ORIENTED_EDGE('',*,*,#8724,.T.);
#6487=ORIENTED_EDGE('',*,*,#8724,.F.);
#6488=ORIENTED_EDGE('',*,*,#8725,.F.);
#6489=ORIENTED_EDGE('',*,*,#8726,.F.);
#6490=ORIENTED_EDGE('',*,*,#8725,.T.);
#6491=ORIENTED_EDGE('',*,*,#8727,.F.);
#6492=ORIENTED_EDGE('',*,*,#8728,.T.);
#6493=ORIENTED_EDGE('',*,*,#8728,.F.);
#6494=ORIENTED_EDGE('',*,*,#8729,.F.);
#6495=ORIENTED_EDGE('',*,*,#8730,.F.);
#6496=ORIENTED_EDGE('',*,*,#8729,.T.);
#6497=ORIENTED_EDGE('',*,*,#8731,.F.);
#6498=ORIENTED_EDGE('',*,*,#8732,.T.);
#6499=ORIENTED_EDGE('',*,*,#8732,.F.);
#6500=ORIENTED_EDGE('',*,*,#8733,.F.);
#6501=ORIENTED_EDGE('',*,*,#8734,.F.);
#6502=ORIENTED_EDGE('',*,*,#8733,.T.);
#6503=ORIENTED_EDGE('',*,*,#8735,.F.);
#6504=ORIENTED_EDGE('',*,*,#8736,.F.);
#6505=ORIENTED_EDGE('',*,*,#8735,.T.);
#6506=ORIENTED_EDGE('',*,*,#8737,.F.);
#6507=ORIENTED_EDGE('',*,*,#8738,.F.);
#6508=ORIENTED_EDGE('',*,*,#8737,.T.);
#6509=ORIENTED_EDGE('',*,*,#8739,.F.);
#6510=ORIENTED_EDGE('',*,*,#8740,.F.);
#6511=ORIENTED_EDGE('',*,*,#8739,.T.);
#6512=ORIENTED_EDGE('',*,*,#8741,.T.);
#6513=ORIENTED_EDGE('',*,*,#8742,.F.);
#6514=ORIENTED_EDGE('',*,*,#8743,.T.);
#6515=ORIENTED_EDGE('',*,*,#8744,.F.);
#6516=ORIENTED_EDGE('',*,*,#8745,.F.);
#6517=ORIENTED_EDGE('',*,*,#8746,.F.);
#6518=ORIENTED_EDGE('',*,*,#8747,.T.);
#6519=ORIENTED_EDGE('',*,*,#8748,.F.);
#6520=ORIENTED_EDGE('',*,*,#8745,.T.);
#6521=ORIENTED_EDGE('',*,*,#8749,.F.);
#6522=ORIENTED_EDGE('',*,*,#8750,.F.);
#6523=ORIENTED_EDGE('',*,*,#8751,.F.);
#6524=ORIENTED_EDGE('',*,*,#8752,.F.);
#6525=ORIENTED_EDGE('',*,*,#8753,.F.);
#6526=ORIENTED_EDGE('',*,*,#8754,.F.);
#6527=ORIENTED_EDGE('',*,*,#8755,.F.);
#6528=ORIENTED_EDGE('',*,*,#8756,.F.);
#6529=ORIENTED_EDGE('',*,*,#8757,.F.);
#6530=ORIENTED_EDGE('',*,*,#8752,.T.);
#6531=ORIENTED_EDGE('',*,*,#8758,.T.);
#6532=ORIENTED_EDGE('',*,*,#8759,.T.);
#6533=ORIENTED_EDGE('',*,*,#8760,.F.);
#6534=ORIENTED_EDGE('',*,*,#8761,.F.);
#6535=ORIENTED_EDGE('',*,*,#8762,.F.);
#6536=ORIENTED_EDGE('',*,*,#8763,.F.);
#6537=ORIENTED_EDGE('',*,*,#8764,.F.);
#6538=ORIENTED_EDGE('',*,*,#8759,.F.);
#6539=ORIENTED_EDGE('',*,*,#8765,.F.);
#6540=ORIENTED_EDGE('',*,*,#8762,.T.);
#6541=ORIENTED_EDGE('',*,*,#8766,.F.);
#6542=ORIENTED_EDGE('',*,*,#8767,.F.);
#6543=ORIENTED_EDGE('',*,*,#8756,.T.);
#6544=ORIENTED_EDGE('',*,*,#8768,.T.);
#6545=ORIENTED_EDGE('',*,*,#8765,.T.);
#6546=ORIENTED_EDGE('',*,*,#8758,.F.);
#6547=ORIENTED_EDGE('',*,*,#8751,.T.);
#6548=ORIENTED_EDGE('',*,*,#8769,.F.);
#6549=ORIENTED_EDGE('',*,*,#8770,.T.);
#6550=ORIENTED_EDGE('',*,*,#8771,.F.);
#6551=ORIENTED_EDGE('',*,*,#8763,.T.);
#6552=ORIENTED_EDGE('',*,*,#8768,.F.);
#6553=ORIENTED_EDGE('',*,*,#8772,.F.);
#6554=ORIENTED_EDGE('',*,*,#8773,.F.);
#6555=ORIENTED_EDGE('',*,*,#8774,.F.);
#6556=ORIENTED_EDGE('',*,*,#8775,.F.);
#6557=ORIENTED_EDGE('',*,*,#8776,.T.);
#6558=ORIENTED_EDGE('',*,*,#8777,.F.);
#6559=ORIENTED_EDGE('',*,*,#8775,.T.);
#6560=ORIENTED_EDGE('',*,*,#8778,.T.);
#6561=ORIENTED_EDGE('',*,*,#8779,.F.);
#6562=ORIENTED_EDGE('',*,*,#8770,.F.);
#6563=ORIENTED_EDGE('',*,*,#8780,.F.);
#6564=ORIENTED_EDGE('',*,*,#8776,.F.);
#6565=ORIENTED_EDGE('',*,*,#8780,.T.);
#6566=ORIENTED_EDGE('',*,*,#8769,.T.);
#6567=ORIENTED_EDGE('',*,*,#8750,.T.);
#6568=ORIENTED_EDGE('',*,*,#8781,.F.);
#6569=ORIENTED_EDGE('',*,*,#8782,.T.);
#6570=ORIENTED_EDGE('',*,*,#8783,.T.);
#6571=ORIENTED_EDGE('',*,*,#8772,.T.);
#6572=ORIENTED_EDGE('',*,*,#8777,.T.);
#6573=ORIENTED_EDGE('',*,*,#8784,.F.);
#6574=ORIENTED_EDGE('',*,*,#8785,.F.);
#6575=ORIENTED_EDGE('',*,*,#8786,.T.);
#6576=ORIENTED_EDGE('',*,*,#8787,.F.);
#6577=ORIENTED_EDGE('',*,*,#8788,.F.);
#6578=ORIENTED_EDGE('',*,*,#8789,.F.);
#6579=ORIENTED_EDGE('',*,*,#8784,.T.);
#6580=ORIENTED_EDGE('',*,*,#8790,.F.);
#6581=ORIENTED_EDGE('',*,*,#8791,.F.);
#6582=ORIENTED_EDGE('',*,*,#8792,.F.);
#6583=ORIENTED_EDGE('',*,*,#8793,.F.);
#6584=ORIENTED_EDGE('',*,*,#8794,.F.);
#6585=ORIENTED_EDGE('',*,*,#8795,.T.);
#6586=ORIENTED_EDGE('',*,*,#8796,.F.);
#6587=ORIENTED_EDGE('',*,*,#8791,.T.);
#6588=ORIENTED_EDGE('',*,*,#8797,.F.);
#6589=ORIENTED_EDGE('',*,*,#8797,.T.);
#6590=ORIENTED_EDGE('',*,*,#8794,.T.);
#6591=ORIENTED_EDGE('',*,*,#8798,.F.);
#6592=ORIENTED_EDGE('',*,*,#8799,.T.);
#6593=ORIENTED_EDGE('',*,*,#8800,.F.);
#6594=ORIENTED_EDGE('',*,*,#8801,.F.);
#6595=ORIENTED_EDGE('',*,*,#8795,.F.);
#6596=ORIENTED_EDGE('',*,*,#8799,.F.);
#6597=ORIENTED_EDGE('',*,*,#8802,.F.);
#6598=ORIENTED_EDGE('',*,*,#8792,.T.);
#6599=ORIENTED_EDGE('',*,*,#8796,.T.);
#6600=ORIENTED_EDGE('',*,*,#8801,.T.);
#6601=ORIENTED_EDGE('',*,*,#8803,.F.);
#6602=ORIENTED_EDGE('',*,*,#8804,.F.);
#6603=ORIENTED_EDGE('',*,*,#8805,.F.);
#6604=ORIENTED_EDGE('',*,*,#8806,.F.);
#6605=ORIENTED_EDGE('',*,*,#8807,.T.);
#6606=ORIENTED_EDGE('',*,*,#8808,.F.);
#6607=ORIENTED_EDGE('',*,*,#8803,.T.);
#6608=ORIENTED_EDGE('',*,*,#8809,.F.);
#6609=ORIENTED_EDGE('',*,*,#8809,.T.);
#6610=ORIENTED_EDGE('',*,*,#8806,.T.);
#6611=ORIENTED_EDGE('',*,*,#8810,.F.);
#6612=ORIENTED_EDGE('',*,*,#8811,.T.);
#6613=ORIENTED_EDGE('',*,*,#8812,.F.);
#6614=ORIENTED_EDGE('',*,*,#8813,.F.);
#6615=ORIENTED_EDGE('',*,*,#8807,.F.);
#6616=ORIENTED_EDGE('',*,*,#8811,.F.);
#6617=ORIENTED_EDGE('',*,*,#8814,.F.);
#6618=ORIENTED_EDGE('',*,*,#8804,.T.);
#6619=ORIENTED_EDGE('',*,*,#8808,.T.);
#6620=ORIENTED_EDGE('',*,*,#8813,.T.);
#6621=ORIENTED_EDGE('',*,*,#8815,.F.);
#6622=ORIENTED_EDGE('',*,*,#8816,.F.);
#6623=ORIENTED_EDGE('',*,*,#8817,.F.);
#6624=ORIENTED_EDGE('',*,*,#8818,.F.);
#6625=ORIENTED_EDGE('',*,*,#8819,.T.);
#6626=ORIENTED_EDGE('',*,*,#8820,.F.);
#6627=ORIENTED_EDGE('',*,*,#8815,.T.);
#6628=ORIENTED_EDGE('',*,*,#8821,.F.);
#6629=ORIENTED_EDGE('',*,*,#8821,.T.);
#6630=ORIENTED_EDGE('',*,*,#8818,.T.);
#6631=ORIENTED_EDGE('',*,*,#8822,.F.);
#6632=ORIENTED_EDGE('',*,*,#8823,.T.);
#6633=ORIENTED_EDGE('',*,*,#8824,.F.);
#6634=ORIENTED_EDGE('',*,*,#8825,.F.);
#6635=ORIENTED_EDGE('',*,*,#8819,.F.);
#6636=ORIENTED_EDGE('',*,*,#8823,.F.);
#6637=ORIENTED_EDGE('',*,*,#8826,.F.);
#6638=ORIENTED_EDGE('',*,*,#8816,.T.);
#6639=ORIENTED_EDGE('',*,*,#8820,.T.);
#6640=ORIENTED_EDGE('',*,*,#8825,.T.);
#6641=ORIENTED_EDGE('',*,*,#8827,.F.);
#6642=ORIENTED_EDGE('',*,*,#8828,.F.);
#6643=ORIENTED_EDGE('',*,*,#8829,.F.);
#6644=ORIENTED_EDGE('',*,*,#8830,.F.);
#6645=ORIENTED_EDGE('',*,*,#8831,.T.);
#6646=ORIENTED_EDGE('',*,*,#8832,.F.);
#6647=ORIENTED_EDGE('',*,*,#8827,.T.);
#6648=ORIENTED_EDGE('',*,*,#8833,.F.);
#6649=ORIENTED_EDGE('',*,*,#8833,.T.);
#6650=ORIENTED_EDGE('',*,*,#8830,.T.);
#6651=ORIENTED_EDGE('',*,*,#8834,.F.);
#6652=ORIENTED_EDGE('',*,*,#8835,.T.);
#6653=ORIENTED_EDGE('',*,*,#8836,.F.);
#6654=ORIENTED_EDGE('',*,*,#8837,.F.);
#6655=ORIENTED_EDGE('',*,*,#8831,.F.);
#6656=ORIENTED_EDGE('',*,*,#8835,.F.);
#6657=ORIENTED_EDGE('',*,*,#8838,.F.);
#6658=ORIENTED_EDGE('',*,*,#8828,.T.);
#6659=ORIENTED_EDGE('',*,*,#8832,.T.);
#6660=ORIENTED_EDGE('',*,*,#8837,.T.);
#6661=ORIENTED_EDGE('',*,*,#7911,.T.);
#6662=ORIENTED_EDGE('',*,*,#7907,.T.);
#6663=ORIENTED_EDGE('',*,*,#7917,.T.);
#6664=ORIENTED_EDGE('',*,*,#7918,.T.);
#6665=ORIENTED_EDGE('',*,*,#7899,.T.);
#6666=ORIENTED_EDGE('',*,*,#7905,.T.);
#6667=ORIENTED_EDGE('',*,*,#7903,.T.);
#6668=ORIENTED_EDGE('',*,*,#7906,.T.);
#6669=ORIENTED_EDGE('',*,*,#7935,.T.);
#6670=ORIENTED_EDGE('',*,*,#7931,.T.);
#6671=ORIENTED_EDGE('',*,*,#7941,.T.);
#6672=ORIENTED_EDGE('',*,*,#7942,.T.);
#6673=ORIENTED_EDGE('',*,*,#7923,.T.);
#6674=ORIENTED_EDGE('',*,*,#7929,.T.);
#6675=ORIENTED_EDGE('',*,*,#7927,.T.);
#6676=ORIENTED_EDGE('',*,*,#7930,.T.);
#6677=ORIENTED_EDGE('',*,*,#7959,.T.);
#6678=ORIENTED_EDGE('',*,*,#7955,.T.);
#6679=ORIENTED_EDGE('',*,*,#7965,.T.);
#6680=ORIENTED_EDGE('',*,*,#7966,.T.);
#6681=ORIENTED_EDGE('',*,*,#7947,.T.);
#6682=ORIENTED_EDGE('',*,*,#7953,.T.);
#6683=ORIENTED_EDGE('',*,*,#7951,.T.);
#6684=ORIENTED_EDGE('',*,*,#7954,.T.);
#6685=ORIENTED_EDGE('',*,*,#7983,.T.);
#6686=ORIENTED_EDGE('',*,*,#7979,.T.);
#6687=ORIENTED_EDGE('',*,*,#7989,.T.);
#6688=ORIENTED_EDGE('',*,*,#7990,.T.);
#6689=ORIENTED_EDGE('',*,*,#7971,.T.);
#6690=ORIENTED_EDGE('',*,*,#7977,.T.);
#6691=ORIENTED_EDGE('',*,*,#7975,.T.);
#6692=ORIENTED_EDGE('',*,*,#7978,.T.);
#6693=ORIENTED_EDGE('',*,*,#8007,.T.);
#6694=ORIENTED_EDGE('',*,*,#8003,.T.);
#6695=ORIENTED_EDGE('',*,*,#8013,.T.);
#6696=ORIENTED_EDGE('',*,*,#8014,.T.);
#6697=ORIENTED_EDGE('',*,*,#7995,.T.);
#6698=ORIENTED_EDGE('',*,*,#8001,.T.);
#6699=ORIENTED_EDGE('',*,*,#7999,.T.);
#6700=ORIENTED_EDGE('',*,*,#8002,.T.);
#6701=ORIENTED_EDGE('',*,*,#8031,.T.);
#6702=ORIENTED_EDGE('',*,*,#8027,.T.);
#6703=ORIENTED_EDGE('',*,*,#8037,.T.);
#6704=ORIENTED_EDGE('',*,*,#8038,.T.);
#6705=ORIENTED_EDGE('',*,*,#8019,.T.);
#6706=ORIENTED_EDGE('',*,*,#8025,.T.);
#6707=ORIENTED_EDGE('',*,*,#8023,.T.);
#6708=ORIENTED_EDGE('',*,*,#8026,.T.);
#6709=ORIENTED_EDGE('',*,*,#8055,.T.);
#6710=ORIENTED_EDGE('',*,*,#8051,.T.);
#6711=ORIENTED_EDGE('',*,*,#8061,.T.);
#6712=ORIENTED_EDGE('',*,*,#8062,.T.);
#6713=ORIENTED_EDGE('',*,*,#8043,.T.);
#6714=ORIENTED_EDGE('',*,*,#8049,.T.);
#6715=ORIENTED_EDGE('',*,*,#8047,.T.);
#6716=ORIENTED_EDGE('',*,*,#8050,.T.);
#6717=ORIENTED_EDGE('',*,*,#8079,.T.);
#6718=ORIENTED_EDGE('',*,*,#8075,.T.);
#6719=ORIENTED_EDGE('',*,*,#8085,.T.);
#6720=ORIENTED_EDGE('',*,*,#8086,.T.);
#6721=ORIENTED_EDGE('',*,*,#8067,.T.);
#6722=ORIENTED_EDGE('',*,*,#8073,.T.);
#6723=ORIENTED_EDGE('',*,*,#8071,.T.);
#6724=ORIENTED_EDGE('',*,*,#8074,.T.);
#6725=ORIENTED_EDGE('',*,*,#8103,.T.);
#6726=ORIENTED_EDGE('',*,*,#8099,.T.);
#6727=ORIENTED_EDGE('',*,*,#8109,.T.);
#6728=ORIENTED_EDGE('',*,*,#8110,.T.);
#6729=ORIENTED_EDGE('',*,*,#8091,.T.);
#6730=ORIENTED_EDGE('',*,*,#8097,.T.);
#6731=ORIENTED_EDGE('',*,*,#8095,.T.);
#6732=ORIENTED_EDGE('',*,*,#8098,.T.);
#6733=ORIENTED_EDGE('',*,*,#8127,.T.);
#6734=ORIENTED_EDGE('',*,*,#8123,.T.);
#6735=ORIENTED_EDGE('',*,*,#8133,.T.);
#6736=ORIENTED_EDGE('',*,*,#8134,.T.);
#6737=ORIENTED_EDGE('',*,*,#8115,.T.);
#6738=ORIENTED_EDGE('',*,*,#8121,.T.);
#6739=ORIENTED_EDGE('',*,*,#8119,.T.);
#6740=ORIENTED_EDGE('',*,*,#8122,.T.);
#6741=ORIENTED_EDGE('',*,*,#8151,.T.);
#6742=ORIENTED_EDGE('',*,*,#8147,.T.);
#6743=ORIENTED_EDGE('',*,*,#8157,.T.);
#6744=ORIENTED_EDGE('',*,*,#8158,.T.);
#6745=ORIENTED_EDGE('',*,*,#8139,.T.);
#6746=ORIENTED_EDGE('',*,*,#8145,.T.);
#6747=ORIENTED_EDGE('',*,*,#8143,.T.);
#6748=ORIENTED_EDGE('',*,*,#8146,.T.);
#6749=ORIENTED_EDGE('',*,*,#8175,.T.);
#6750=ORIENTED_EDGE('',*,*,#8171,.T.);
#6751=ORIENTED_EDGE('',*,*,#8181,.T.);
#6752=ORIENTED_EDGE('',*,*,#8182,.T.);
#6753=ORIENTED_EDGE('',*,*,#8163,.T.);
#6754=ORIENTED_EDGE('',*,*,#8169,.T.);
#6755=ORIENTED_EDGE('',*,*,#8167,.T.);
#6756=ORIENTED_EDGE('',*,*,#8170,.T.);
#6757=ORIENTED_EDGE('',*,*,#8199,.T.);
#6758=ORIENTED_EDGE('',*,*,#8195,.T.);
#6759=ORIENTED_EDGE('',*,*,#8205,.T.);
#6760=ORIENTED_EDGE('',*,*,#8206,.T.);
#6761=ORIENTED_EDGE('',*,*,#8187,.T.);
#6762=ORIENTED_EDGE('',*,*,#8193,.T.);
#6763=ORIENTED_EDGE('',*,*,#8191,.T.);
#6764=ORIENTED_EDGE('',*,*,#8194,.T.);
#6765=ORIENTED_EDGE('',*,*,#8223,.T.);
#6766=ORIENTED_EDGE('',*,*,#8219,.T.);
#6767=ORIENTED_EDGE('',*,*,#8229,.T.);
#6768=ORIENTED_EDGE('',*,*,#8230,.T.);
#6769=ORIENTED_EDGE('',*,*,#8211,.T.);
#6770=ORIENTED_EDGE('',*,*,#8217,.T.);
#6771=ORIENTED_EDGE('',*,*,#8215,.T.);
#6772=ORIENTED_EDGE('',*,*,#8218,.T.);
#6773=ORIENTED_EDGE('',*,*,#8247,.T.);
#6774=ORIENTED_EDGE('',*,*,#8243,.T.);
#6775=ORIENTED_EDGE('',*,*,#8253,.T.);
#6776=ORIENTED_EDGE('',*,*,#8254,.T.);
#6777=ORIENTED_EDGE('',*,*,#8235,.T.);
#6778=ORIENTED_EDGE('',*,*,#8241,.T.);
#6779=ORIENTED_EDGE('',*,*,#8239,.T.);
#6780=ORIENTED_EDGE('',*,*,#8242,.T.);
#6781=ORIENTED_EDGE('',*,*,#8271,.T.);
#6782=ORIENTED_EDGE('',*,*,#8267,.T.);
#6783=ORIENTED_EDGE('',*,*,#8277,.T.);
#6784=ORIENTED_EDGE('',*,*,#8278,.T.);
#6785=ORIENTED_EDGE('',*,*,#8259,.T.);
#6786=ORIENTED_EDGE('',*,*,#8265,.T.);
#6787=ORIENTED_EDGE('',*,*,#8263,.T.);
#6788=ORIENTED_EDGE('',*,*,#8266,.T.);
#6789=ORIENTED_EDGE('',*,*,#8295,.T.);
#6790=ORIENTED_EDGE('',*,*,#8291,.T.);
#6791=ORIENTED_EDGE('',*,*,#8301,.T.);
#6792=ORIENTED_EDGE('',*,*,#8302,.T.);
#6793=ORIENTED_EDGE('',*,*,#8283,.T.);
#6794=ORIENTED_EDGE('',*,*,#8289,.T.);
#6795=ORIENTED_EDGE('',*,*,#8287,.T.);
#6796=ORIENTED_EDGE('',*,*,#8290,.T.);
#6797=ORIENTED_EDGE('',*,*,#8319,.T.);
#6798=ORIENTED_EDGE('',*,*,#8315,.T.);
#6799=ORIENTED_EDGE('',*,*,#8325,.T.);
#6800=ORIENTED_EDGE('',*,*,#8326,.T.);
#6801=ORIENTED_EDGE('',*,*,#8307,.T.);
#6802=ORIENTED_EDGE('',*,*,#8313,.T.);
#6803=ORIENTED_EDGE('',*,*,#8311,.T.);
#6804=ORIENTED_EDGE('',*,*,#8314,.T.);
#6805=ORIENTED_EDGE('',*,*,#8343,.T.);
#6806=ORIENTED_EDGE('',*,*,#8339,.T.);
#6807=ORIENTED_EDGE('',*,*,#8349,.T.);
#6808=ORIENTED_EDGE('',*,*,#8350,.T.);
#6809=ORIENTED_EDGE('',*,*,#8331,.T.);
#6810=ORIENTED_EDGE('',*,*,#8337,.T.);
#6811=ORIENTED_EDGE('',*,*,#8335,.T.);
#6812=ORIENTED_EDGE('',*,*,#8338,.T.);
#6813=ORIENTED_EDGE('',*,*,#8367,.T.);
#6814=ORIENTED_EDGE('',*,*,#8363,.T.);
#6815=ORIENTED_EDGE('',*,*,#8373,.T.);
#6816=ORIENTED_EDGE('',*,*,#8374,.T.);
#6817=ORIENTED_EDGE('',*,*,#8355,.T.);
#6818=ORIENTED_EDGE('',*,*,#8361,.T.);
#6819=ORIENTED_EDGE('',*,*,#8359,.T.);
#6820=ORIENTED_EDGE('',*,*,#8362,.T.);
#6821=ORIENTED_EDGE('',*,*,#8391,.T.);
#6822=ORIENTED_EDGE('',*,*,#8387,.T.);
#6823=ORIENTED_EDGE('',*,*,#8397,.T.);
#6824=ORIENTED_EDGE('',*,*,#8398,.T.);
#6825=ORIENTED_EDGE('',*,*,#8379,.T.);
#6826=ORIENTED_EDGE('',*,*,#8385,.T.);
#6827=ORIENTED_EDGE('',*,*,#8383,.T.);
#6828=ORIENTED_EDGE('',*,*,#8386,.T.);
#6829=ORIENTED_EDGE('',*,*,#8415,.T.);
#6830=ORIENTED_EDGE('',*,*,#8411,.T.);
#6831=ORIENTED_EDGE('',*,*,#8421,.T.);
#6832=ORIENTED_EDGE('',*,*,#8422,.T.);
#6833=ORIENTED_EDGE('',*,*,#8403,.T.);
#6834=ORIENTED_EDGE('',*,*,#8409,.T.);
#6835=ORIENTED_EDGE('',*,*,#8407,.T.);
#6836=ORIENTED_EDGE('',*,*,#8410,.T.);
#6837=ORIENTED_EDGE('',*,*,#8439,.T.);
#6838=ORIENTED_EDGE('',*,*,#8435,.T.);
#6839=ORIENTED_EDGE('',*,*,#8445,.T.);
#6840=ORIENTED_EDGE('',*,*,#8446,.T.);
#6841=ORIENTED_EDGE('',*,*,#8427,.T.);
#6842=ORIENTED_EDGE('',*,*,#8433,.T.);
#6843=ORIENTED_EDGE('',*,*,#8431,.T.);
#6844=ORIENTED_EDGE('',*,*,#8434,.T.);
#6845=ORIENTED_EDGE('',*,*,#8463,.T.);
#6846=ORIENTED_EDGE('',*,*,#8459,.T.);
#6847=ORIENTED_EDGE('',*,*,#8469,.T.);
#6848=ORIENTED_EDGE('',*,*,#8470,.T.);
#6849=ORIENTED_EDGE('',*,*,#8451,.T.);
#6850=ORIENTED_EDGE('',*,*,#8457,.T.);
#6851=ORIENTED_EDGE('',*,*,#8455,.T.);
#6852=ORIENTED_EDGE('',*,*,#8458,.T.);
#6853=ORIENTED_EDGE('',*,*,#8487,.T.);
#6854=ORIENTED_EDGE('',*,*,#8483,.T.);
#6855=ORIENTED_EDGE('',*,*,#8493,.T.);
#6856=ORIENTED_EDGE('',*,*,#8494,.T.);
#6857=ORIENTED_EDGE('',*,*,#8475,.T.);
#6858=ORIENTED_EDGE('',*,*,#8481,.T.);
#6859=ORIENTED_EDGE('',*,*,#8479,.T.);
#6860=ORIENTED_EDGE('',*,*,#8482,.T.);
#6861=ORIENTED_EDGE('',*,*,#8511,.T.);
#6862=ORIENTED_EDGE('',*,*,#8507,.T.);
#6863=ORIENTED_EDGE('',*,*,#8517,.T.);
#6864=ORIENTED_EDGE('',*,*,#8518,.T.);
#6865=ORIENTED_EDGE('',*,*,#8499,.T.);
#6866=ORIENTED_EDGE('',*,*,#8505,.T.);
#6867=ORIENTED_EDGE('',*,*,#8503,.T.);
#6868=ORIENTED_EDGE('',*,*,#8506,.T.);
#6869=ORIENTED_EDGE('',*,*,#8535,.T.);
#6870=ORIENTED_EDGE('',*,*,#8531,.T.);
#6871=ORIENTED_EDGE('',*,*,#8541,.T.);
#6872=ORIENTED_EDGE('',*,*,#8542,.T.);
#6873=ORIENTED_EDGE('',*,*,#8523,.T.);
#6874=ORIENTED_EDGE('',*,*,#8529,.T.);
#6875=ORIENTED_EDGE('',*,*,#8527,.T.);
#6876=ORIENTED_EDGE('',*,*,#8530,.T.);
#6877=ORIENTED_EDGE('',*,*,#8559,.T.);
#6878=ORIENTED_EDGE('',*,*,#8555,.T.);
#6879=ORIENTED_EDGE('',*,*,#8565,.T.);
#6880=ORIENTED_EDGE('',*,*,#8566,.T.);
#6881=ORIENTED_EDGE('',*,*,#8547,.T.);
#6882=ORIENTED_EDGE('',*,*,#8553,.T.);
#6883=ORIENTED_EDGE('',*,*,#8551,.T.);
#6884=ORIENTED_EDGE('',*,*,#8554,.T.);
#6885=ORIENTED_EDGE('',*,*,#8583,.T.);
#6886=ORIENTED_EDGE('',*,*,#8579,.T.);
#6887=ORIENTED_EDGE('',*,*,#8589,.T.);
#6888=ORIENTED_EDGE('',*,*,#8590,.T.);
#6889=ORIENTED_EDGE('',*,*,#8571,.T.);
#6890=ORIENTED_EDGE('',*,*,#8577,.T.);
#6891=ORIENTED_EDGE('',*,*,#8575,.T.);
#6892=ORIENTED_EDGE('',*,*,#8578,.T.);
#6893=ORIENTED_EDGE('',*,*,#8607,.T.);
#6894=ORIENTED_EDGE('',*,*,#8603,.T.);
#6895=ORIENTED_EDGE('',*,*,#8613,.T.);
#6896=ORIENTED_EDGE('',*,*,#8614,.T.);
#6897=ORIENTED_EDGE('',*,*,#8595,.T.);
#6898=ORIENTED_EDGE('',*,*,#8601,.T.);
#6899=ORIENTED_EDGE('',*,*,#8599,.T.);
#6900=ORIENTED_EDGE('',*,*,#8602,.T.);
#6901=ORIENTED_EDGE('',*,*,#8802,.T.);
#6902=ORIENTED_EDGE('',*,*,#8800,.T.);
#6903=ORIENTED_EDGE('',*,*,#8798,.T.);
#6904=ORIENTED_EDGE('',*,*,#8793,.T.);
#6905=ORIENTED_EDGE('',*,*,#8814,.T.);
#6906=ORIENTED_EDGE('',*,*,#8812,.T.);
#6907=ORIENTED_EDGE('',*,*,#8810,.T.);
#6908=ORIENTED_EDGE('',*,*,#8805,.T.);
#6909=ORIENTED_EDGE('',*,*,#8826,.T.);
#6910=ORIENTED_EDGE('',*,*,#8824,.T.);
#6911=ORIENTED_EDGE('',*,*,#8822,.T.);
#6912=ORIENTED_EDGE('',*,*,#8817,.T.);
#6913=ORIENTED_EDGE('',*,*,#8838,.T.);
#6914=ORIENTED_EDGE('',*,*,#8836,.T.);
#6915=ORIENTED_EDGE('',*,*,#8834,.T.);
#6916=ORIENTED_EDGE('',*,*,#8829,.T.);
#6917=ORIENTED_EDGE('',*,*,#8839,.T.);
#6918=ORIENTED_EDGE('',*,*,#8840,.T.);
#6919=ORIENTED_EDGE('',*,*,#8841,.T.);
#6920=ORIENTED_EDGE('',*,*,#8842,.T.);
#6921=ORIENTED_EDGE('',*,*,#8843,.T.);
#6922=ORIENTED_EDGE('',*,*,#8844,.T.);
#6923=ORIENTED_EDGE('',*,*,#8845,.F.);
#6924=ORIENTED_EDGE('',*,*,#8846,.T.);
#6925=ORIENTED_EDGE('',*,*,#8847,.T.);
#6926=ORIENTED_EDGE('',*,*,#8845,.T.);
#6927=ORIENTED_EDGE('',*,*,#8848,.T.);
#6928=ORIENTED_EDGE('',*,*,#8849,.F.);
#6929=ORIENTED_EDGE('',*,*,#8847,.F.);
#6930=ORIENTED_EDGE('',*,*,#8790,.T.);
#6931=ORIENTED_EDGE('',*,*,#8850,.F.);
#6932=ORIENTED_EDGE('',*,*,#8846,.F.);
#6933=ORIENTED_EDGE('',*,*,#8850,.T.);
#6934=ORIENTED_EDGE('',*,*,#8787,.T.);
#6935=ORIENTED_EDGE('',*,*,#8851,.T.);
#6936=ORIENTED_EDGE('',*,*,#8839,.F.);
#6937=ORIENTED_EDGE('',*,*,#8851,.F.);
#6938=ORIENTED_EDGE('',*,*,#8852,.T.);
#6939=ORIENTED_EDGE('',*,*,#8853,.F.);
#6940=ORIENTED_EDGE('',*,*,#8840,.F.);
#6941=ORIENTED_EDGE('',*,*,#8853,.T.);
#6942=ORIENTED_EDGE('',*,*,#8781,.T.);
#6943=ORIENTED_EDGE('',*,*,#8854,.T.);
#6944=ORIENTED_EDGE('',*,*,#8841,.F.);
#6945=ORIENTED_EDGE('',*,*,#8854,.F.);
#6946=ORIENTED_EDGE('',*,*,#8749,.T.);
#6947=ORIENTED_EDGE('',*,*,#8855,.T.);
#6948=ORIENTED_EDGE('',*,*,#8842,.F.);
#6949=ORIENTED_EDGE('',*,*,#8855,.F.);
#6950=ORIENTED_EDGE('',*,*,#8748,.T.);
#6951=ORIENTED_EDGE('',*,*,#8856,.F.);
#6952=ORIENTED_EDGE('',*,*,#8843,.F.);
#6953=ORIENTED_EDGE('',*,*,#8856,.T.);
#6954=ORIENTED_EDGE('',*,*,#8857,.T.);
#6955=ORIENTED_EDGE('',*,*,#8848,.F.);
#6956=ORIENTED_EDGE('',*,*,#8844,.F.);
#6957=ORIENTED_EDGE('',*,*,#8747,.F.);
#6958=ORIENTED_EDGE('',*,*,#8858,.F.);
#6959=ORIENTED_EDGE('',*,*,#8859,.F.);
#6960=ORIENTED_EDGE('',*,*,#8857,.F.);
#6961=ORIENTED_EDGE('',*,*,#8859,.T.);
#6962=ORIENTED_EDGE('',*,*,#8860,.T.);
#6963=ORIENTED_EDGE('',*,*,#8861,.T.);
#6964=ORIENTED_EDGE('',*,*,#8862,.T.);
#6965=ORIENTED_EDGE('',*,*,#8863,.T.);
#6966=ORIENTED_EDGE('',*,*,#8864,.T.);
#6967=ORIENTED_EDGE('',*,*,#8788,.T.);
#6968=ORIENTED_EDGE('',*,*,#8849,.T.);
#6969=ORIENTED_EDGE('',*,*,#8861,.F.);
#6970=ORIENTED_EDGE('',*,*,#8865,.F.);
#6971=ORIENTED_EDGE('',*,*,#8866,.F.);
#6972=ORIENTED_EDGE('',*,*,#8867,.F.);
#6973=ORIENTED_EDGE('',*,*,#8867,.T.);
#6974=ORIENTED_EDGE('',*,*,#8868,.F.);
#6975=ORIENTED_EDGE('',*,*,#8869,.T.);
#6976=ORIENTED_EDGE('',*,*,#8862,.F.);
#6977=ORIENTED_EDGE('',*,*,#8870,.F.);
#6978=ORIENTED_EDGE('',*,*,#8871,.F.);
#6979=ORIENTED_EDGE('',*,*,#8863,.F.);
#6980=ORIENTED_EDGE('',*,*,#8869,.F.);
#6981=ORIENTED_EDGE('',*,*,#8872,.T.);
#6982=ORIENTED_EDGE('',*,*,#8873,.T.);
#6983=ORIENTED_EDGE('',*,*,#8874,.T.);
#6984=ORIENTED_EDGE('',*,*,#8870,.T.);
#6985=ORIENTED_EDGE('',*,*,#8868,.T.);
#6986=ORIENTED_EDGE('',*,*,#8866,.T.);
#6987=ORIENTED_EDGE('',*,*,#8875,.T.);
#6988=ORIENTED_EDGE('',*,*,#8876,.T.);
#6989=ORIENTED_EDGE('',*,*,#8877,.T.);
#6990=ORIENTED_EDGE('',*,*,#8878,.T.);
#6991=ORIENTED_EDGE('',*,*,#8879,.F.);
#6992=ORIENTED_EDGE('',*,*,#8880,.T.);
#6993=ORIENTED_EDGE('',*,*,#8881,.T.);
#6994=ORIENTED_EDGE('',*,*,#8882,.F.);
#6995=ORIENTED_EDGE('',*,*,#8876,.F.);
#6996=ORIENTED_EDGE('',*,*,#8883,.T.);
#6997=ORIENTED_EDGE('',*,*,#8875,.F.);
#6998=ORIENTED_EDGE('',*,*,#8865,.T.);
#6999=ORIENTED_EDGE('',*,*,#8860,.F.);
#7000=ORIENTED_EDGE('',*,*,#8858,.T.);
#7001=ORIENTED_EDGE('',*,*,#8746,.T.);
#7002=ORIENTED_EDGE('',*,*,#8755,.T.);
#7003=ORIENTED_EDGE('',*,*,#8884,.F.);
#7004=ORIENTED_EDGE('',*,*,#8883,.F.);
#7005=ORIENTED_EDGE('',*,*,#8754,.T.);
#7006=ORIENTED_EDGE('',*,*,#8885,.F.);
#7007=ORIENTED_EDGE('',*,*,#8881,.F.);
#7008=ORIENTED_EDGE('',*,*,#8884,.T.);
#7009=ORIENTED_EDGE('',*,*,#8743,.F.);
#7010=ORIENTED_EDGE('',*,*,#8753,.T.);
#7011=ORIENTED_EDGE('',*,*,#8757,.T.);
#7012=ORIENTED_EDGE('',*,*,#8767,.T.);
#7013=ORIENTED_EDGE('',*,*,#8886,.F.);
#7014=ORIENTED_EDGE('',*,*,#8877,.F.);
#7015=ORIENTED_EDGE('',*,*,#8882,.T.);
#7016=ORIENTED_EDGE('',*,*,#8885,.T.);
#7017=ORIENTED_EDGE('',*,*,#8886,.T.);
#7018=ORIENTED_EDGE('',*,*,#8766,.T.);
#7019=ORIENTED_EDGE('',*,*,#8761,.T.);
#7020=ORIENTED_EDGE('',*,*,#8887,.F.);
#7021=ORIENTED_EDGE('',*,*,#8888,.F.);
#7022=ORIENTED_EDGE('',*,*,#8878,.F.);
#7023=ORIENTED_EDGE('',*,*,#8889,.T.);
#7024=ORIENTED_EDGE('',*,*,#8890,.T.);
#7025=ORIENTED_EDGE('',*,*,#8891,.T.);
#7026=ORIENTED_EDGE('',*,*,#8887,.T.);
#7027=ORIENTED_EDGE('',*,*,#8760,.T.);
#7028=ORIENTED_EDGE('',*,*,#8764,.T.);
#7029=ORIENTED_EDGE('',*,*,#8771,.T.);
#7030=ORIENTED_EDGE('',*,*,#8779,.T.);
#7031=ORIENTED_EDGE('',*,*,#8778,.F.);
#7032=ORIENTED_EDGE('',*,*,#8774,.T.);
#7033=ORIENTED_EDGE('',*,*,#8892,.T.);
#7034=ORIENTED_EDGE('',*,*,#8893,.T.);
#7035=ORIENTED_EDGE('',*,*,#8894,.F.);
#7036=ORIENTED_EDGE('',*,*,#8889,.F.);
#7037=ORIENTED_EDGE('',*,*,#8895,.T.);
#7038=ORIENTED_EDGE('',*,*,#8896,.F.);
#7039=ORIENTED_EDGE('',*,*,#8895,.F.);
#7040=ORIENTED_EDGE('',*,*,#8893,.F.);
#7041=ORIENTED_EDGE('',*,*,#8897,.F.);
#7042=ORIENTED_EDGE('',*,*,#8898,.F.);
#7043=ORIENTED_EDGE('',*,*,#8899,.T.);
#7044=ORIENTED_EDGE('',*,*,#8900,.F.);
#7045=ORIENTED_EDGE('',*,*,#8901,.F.);
#7046=ORIENTED_EDGE('',*,*,#8902,.F.);
#7047=ORIENTED_EDGE('',*,*,#8896,.T.);
#7048=ORIENTED_EDGE('',*,*,#8898,.T.);
#7049=ORIENTED_EDGE('',*,*,#8899,.F.);
#7050=ORIENTED_EDGE('',*,*,#8897,.T.);
#7051=ORIENTED_EDGE('',*,*,#8892,.F.);
#7052=ORIENTED_EDGE('',*,*,#8773,.T.);
#7053=ORIENTED_EDGE('',*,*,#8783,.F.);
#7054=ORIENTED_EDGE('',*,*,#8903,.T.);
#7055=ORIENTED_EDGE('',*,*,#8904,.F.);
#7056=ORIENTED_EDGE('',*,*,#8905,.T.);
#7057=ORIENTED_EDGE('',*,*,#8906,.F.);
#7058=ORIENTED_EDGE('',*,*,#8900,.T.);
#7059=ORIENTED_EDGE('',*,*,#8904,.T.);
#7060=ORIENTED_EDGE('',*,*,#8903,.F.);
#7061=ORIENTED_EDGE('',*,*,#8782,.F.);
#7062=ORIENTED_EDGE('',*,*,#8852,.F.);
#7063=ORIENTED_EDGE('',*,*,#8786,.F.);
#7064=ORIENTED_EDGE('',*,*,#8907,.F.);
#7065=ORIENTED_EDGE('',*,*,#8908,.F.);
#7066=ORIENTED_EDGE('',*,*,#8909,.F.);
#7067=ORIENTED_EDGE('',*,*,#8905,.F.);
#7068=ORIENTED_EDGE('',*,*,#8910,.T.);
#7069=ORIENTED_EDGE('',*,*,#8911,.F.);
#7070=ORIENTED_EDGE('',*,*,#8908,.T.);
#7071=ORIENTED_EDGE('',*,*,#8912,.T.);
#7072=ORIENTED_EDGE('',*,*,#8907,.T.);
#7073=ORIENTED_EDGE('',*,*,#8785,.T.);
#7074=ORIENTED_EDGE('',*,*,#8789,.T.);
#7075=ORIENTED_EDGE('',*,*,#8864,.F.);
#7076=ORIENTED_EDGE('',*,*,#8871,.T.);
#7077=ORIENTED_EDGE('',*,*,#8874,.F.);
#7078=ORIENTED_EDGE('',*,*,#8913,.F.);
#7079=ORIENTED_EDGE('',*,*,#8912,.F.);
#7080=ORIENTED_EDGE('',*,*,#8873,.F.);
#7081=ORIENTED_EDGE('',*,*,#8914,.F.);
#7082=ORIENTED_EDGE('',*,*,#8910,.F.);
#7083=ORIENTED_EDGE('',*,*,#8913,.T.);
#7084=ORIENTED_EDGE('',*,*,#8741,.F.);
#7085=ORIENTED_EDGE('',*,*,#8872,.F.);
#7086=ORIENTED_EDGE('',*,*,#8915,.F.);
#7087=ORIENTED_EDGE('',*,*,#8901,.T.);
#7088=ORIENTED_EDGE('',*,*,#8906,.T.);
#7089=ORIENTED_EDGE('',*,*,#8909,.T.);
#7090=ORIENTED_EDGE('',*,*,#8911,.T.);
#7091=ORIENTED_EDGE('',*,*,#8914,.T.);
#7092=ORIENTED_EDGE('',*,*,#8915,.T.);
#7093=ORIENTED_EDGE('',*,*,#8880,.F.);
#7094=ORIENTED_EDGE('',*,*,#8916,.F.);
#7095=ORIENTED_EDGE('',*,*,#8890,.F.);
#7096=ORIENTED_EDGE('',*,*,#8894,.T.);
#7097=ORIENTED_EDGE('',*,*,#8902,.T.);
#7098=ORIENTED_EDGE('',*,*,#8618,.T.);
#7099=ORIENTED_EDGE('',*,*,#8615,.T.);
#7100=ORIENTED_EDGE('',*,*,#8622,.T.);
#7101=ORIENTED_EDGE('',*,*,#8619,.T.);
#7102=ORIENTED_EDGE('',*,*,#8626,.T.);
#7103=ORIENTED_EDGE('',*,*,#8623,.T.);
#7104=ORIENTED_EDGE('',*,*,#8630,.T.);
#7105=ORIENTED_EDGE('',*,*,#8627,.T.);
#7106=ORIENTED_EDGE('',*,*,#8634,.T.);
#7107=ORIENTED_EDGE('',*,*,#8631,.T.);
#7108=ORIENTED_EDGE('',*,*,#8638,.T.);
#7109=ORIENTED_EDGE('',*,*,#8635,.T.);
#7110=ORIENTED_EDGE('',*,*,#8642,.T.);
#7111=ORIENTED_EDGE('',*,*,#8639,.T.);
#7112=ORIENTED_EDGE('',*,*,#8646,.T.);
#7113=ORIENTED_EDGE('',*,*,#8643,.T.);
#7114=ORIENTED_EDGE('',*,*,#8650,.T.);
#7115=ORIENTED_EDGE('',*,*,#8647,.T.);
#7116=ORIENTED_EDGE('',*,*,#8654,.T.);
#7117=ORIENTED_EDGE('',*,*,#8651,.T.);
#7118=ORIENTED_EDGE('',*,*,#8658,.T.);
#7119=ORIENTED_EDGE('',*,*,#8655,.T.);
#7120=ORIENTED_EDGE('',*,*,#8662,.T.);
#7121=ORIENTED_EDGE('',*,*,#8659,.T.);
#7122=ORIENTED_EDGE('',*,*,#8666,.T.);
#7123=ORIENTED_EDGE('',*,*,#8663,.T.);
#7124=ORIENTED_EDGE('',*,*,#8670,.T.);
#7125=ORIENTED_EDGE('',*,*,#8667,.T.);
#7126=ORIENTED_EDGE('',*,*,#8674,.T.);
#7127=ORIENTED_EDGE('',*,*,#8671,.T.);
#7128=ORIENTED_EDGE('',*,*,#8678,.T.);
#7129=ORIENTED_EDGE('',*,*,#8675,.T.);
#7130=ORIENTED_EDGE('',*,*,#8682,.T.);
#7131=ORIENTED_EDGE('',*,*,#8679,.T.);
#7132=ORIENTED_EDGE('',*,*,#8686,.T.);
#7133=ORIENTED_EDGE('',*,*,#8683,.T.);
#7134=ORIENTED_EDGE('',*,*,#8690,.T.);
#7135=ORIENTED_EDGE('',*,*,#8687,.T.);
#7136=ORIENTED_EDGE('',*,*,#8694,.T.);
#7137=ORIENTED_EDGE('',*,*,#8691,.T.);
#7138=ORIENTED_EDGE('',*,*,#8698,.T.);
#7139=ORIENTED_EDGE('',*,*,#8695,.T.);
#7140=ORIENTED_EDGE('',*,*,#8702,.T.);
#7141=ORIENTED_EDGE('',*,*,#8699,.T.);
#7142=ORIENTED_EDGE('',*,*,#8706,.T.);
#7143=ORIENTED_EDGE('',*,*,#8703,.T.);
#7144=ORIENTED_EDGE('',*,*,#8710,.T.);
#7145=ORIENTED_EDGE('',*,*,#8707,.T.);
#7146=ORIENTED_EDGE('',*,*,#8714,.T.);
#7147=ORIENTED_EDGE('',*,*,#8711,.T.);
#7148=ORIENTED_EDGE('',*,*,#8718,.T.);
#7149=ORIENTED_EDGE('',*,*,#8715,.T.);
#7150=ORIENTED_EDGE('',*,*,#8722,.T.);
#7151=ORIENTED_EDGE('',*,*,#8719,.T.);
#7152=ORIENTED_EDGE('',*,*,#8726,.T.);
#7153=ORIENTED_EDGE('',*,*,#8723,.T.);
#7154=ORIENTED_EDGE('',*,*,#8730,.T.);
#7155=ORIENTED_EDGE('',*,*,#8727,.T.);
#7156=ORIENTED_EDGE('',*,*,#8734,.T.);
#7157=ORIENTED_EDGE('',*,*,#8731,.T.);
#7158=ORIENTED_EDGE('',*,*,#8744,.T.);
#7159=ORIENTED_EDGE('',*,*,#8742,.T.);
#7160=ORIENTED_EDGE('',*,*,#8736,.T.);
#7161=ORIENTED_EDGE('',*,*,#8917,.T.);
#7162=ORIENTED_EDGE('',*,*,#8738,.T.);
#7163=ORIENTED_EDGE('',*,*,#8740,.T.);
#7164=ORIENTED_EDGE('',*,*,#8916,.T.);
#7165=ORIENTED_EDGE('',*,*,#8879,.T.);
#7166=ORIENTED_EDGE('',*,*,#8888,.T.);
#7167=ORIENTED_EDGE('',*,*,#8891,.F.);
#7168=ORIENTED_EDGE('',*,*,#8917,.F.);
#7169=ORIENTED_EDGE('',*,*,#8918,.T.);
#7170=ORIENTED_EDGE('',*,*,#8918,.F.);
#7171=VERTEX_POINT('',#13484);
#7172=VERTEX_POINT('',#13485);
#7173=VERTEX_POINT('',#13487);
#7174=VERTEX_POINT('',#13489);
#7175=VERTEX_POINT('',#13493);
#7176=VERTEX_POINT('',#13494);
#7177=VERTEX_POINT('',#13499);
#7178=VERTEX_POINT('',#13501);
#7179=VERTEX_POINT('',#13509);
#7180=VERTEX_POINT('',#13510);
#7181=VERTEX_POINT('',#13512);
#7182=VERTEX_POINT('',#13514);
#7183=VERTEX_POINT('',#13518);
#7184=VERTEX_POINT('',#13520);
#7185=VERTEX_POINT('',#13524);
#7186=VERTEX_POINT('',#13528);
#7187=VERTEX_POINT('',#13534);
#7188=VERTEX_POINT('',#13535);
#7189=VERTEX_POINT('',#13537);
#7190=VERTEX_POINT('',#13539);
#7191=VERTEX_POINT('',#13543);
#7192=VERTEX_POINT('',#13544);
#7193=VERTEX_POINT('',#13549);
#7194=VERTEX_POINT('',#13551);
#7195=VERTEX_POINT('',#13559);
#7196=VERTEX_POINT('',#13560);
#7197=VERTEX_POINT('',#13562);
#7198=VERTEX_POINT('',#13564);
#7199=VERTEX_POINT('',#13568);
#7200=VERTEX_POINT('',#13570);
#7201=VERTEX_POINT('',#13574);
#7202=VERTEX_POINT('',#13578);
#7203=VERTEX_POINT('',#13584);
#7204=VERTEX_POINT('',#13585);
#7205=VERTEX_POINT('',#13587);
#7206=VERTEX_POINT('',#13589);
#7207=VERTEX_POINT('',#13593);
#7208=VERTEX_POINT('',#13594);
#7209=VERTEX_POINT('',#13599);
#7210=VERTEX_POINT('',#13601);
#7211=VERTEX_POINT('',#13609);
#7212=VERTEX_POINT('',#13610);
#7213=VERTEX_POINT('',#13612);
#7214=VERTEX_POINT('',#13614);
#7215=VERTEX_POINT('',#13618);
#7216=VERTEX_POINT('',#13620);
#7217=VERTEX_POINT('',#13624);
#7218=VERTEX_POINT('',#13628);
#7219=VERTEX_POINT('',#13634);
#7220=VERTEX_POINT('',#13635);
#7221=VERTEX_POINT('',#13637);
#7222=VERTEX_POINT('',#13639);
#7223=VERTEX_POINT('',#13643);
#7224=VERTEX_POINT('',#13644);
#7225=VERTEX_POINT('',#13649);
#7226=VERTEX_POINT('',#13651);
#7227=VERTEX_POINT('',#13659);
#7228=VERTEX_POINT('',#13660);
#7229=VERTEX_POINT('',#13662);
#7230=VERTEX_POINT('',#13664);
#7231=VERTEX_POINT('',#13668);
#7232=VERTEX_POINT('',#13670);
#7233=VERTEX_POINT('',#13674);
#7234=VERTEX_POINT('',#13678);
#7235=VERTEX_POINT('',#13684);
#7236=VERTEX_POINT('',#13685);
#7237=VERTEX_POINT('',#13687);
#7238=VERTEX_POINT('',#13689);
#7239=VERTEX_POINT('',#13693);
#7240=VERTEX_POINT('',#13694);
#7241=VERTEX_POINT('',#13699);
#7242=VERTEX_POINT('',#13701);
#7243=VERTEX_POINT('',#13709);
#7244=VERTEX_POINT('',#13710);
#7245=VERTEX_POINT('',#13712);
#7246=VERTEX_POINT('',#13714);
#7247=VERTEX_POINT('',#13718);
#7248=VERTEX_POINT('',#13720);
#7249=VERTEX_POINT('',#13724);
#7250=VERTEX_POINT('',#13728);
#7251=VERTEX_POINT('',#13734);
#7252=VERTEX_POINT('',#13735);
#7253=VERTEX_POINT('',#13737);
#7254=VERTEX_POINT('',#13739);
#7255=VERTEX_POINT('',#13743);
#7256=VERTEX_POINT('',#13744);
#7257=VERTEX_POINT('',#13749);
#7258=VERTEX_POINT('',#13751);
#7259=VERTEX_POINT('',#13759);
#7260=VERTEX_POINT('',#13760);
#7261=VERTEX_POINT('',#13762);
#7262=VERTEX_POINT('',#13764);
#7263=VERTEX_POINT('',#13768);
#7264=VERTEX_POINT('',#13770);
#7265=VERTEX_POINT('',#13774);
#7266=VERTEX_POINT('',#13778);
#7267=VERTEX_POINT('',#13784);
#7268=VERTEX_POINT('',#13785);
#7269=VERTEX_POINT('',#13787);
#7270=VERTEX_POINT('',#13789);
#7271=VERTEX_POINT('',#13793);
#7272=VERTEX_POINT('',#13794);
#7273=VERTEX_POINT('',#13799);
#7274=VERTEX_POINT('',#13801);
#7275=VERTEX_POINT('',#13809);
#7276=VERTEX_POINT('',#13810);
#7277=VERTEX_POINT('',#13812);
#7278=VERTEX_POINT('',#13814);
#7279=VERTEX_POINT('',#13818);
#7280=VERTEX_POINT('',#13820);
#7281=VERTEX_POINT('',#13824);
#7282=VERTEX_POINT('',#13828);
#7283=VERTEX_POINT('',#13834);
#7284=VERTEX_POINT('',#13835);
#7285=VERTEX_POINT('',#13837);
#7286=VERTEX_POINT('',#13839);
#7287=VERTEX_POINT('',#13843);
#7288=VERTEX_POINT('',#13844);
#7289=VERTEX_POINT('',#13849);
#7290=VERTEX_POINT('',#13851);
#7291=VERTEX_POINT('',#13859);
#7292=VERTEX_POINT('',#13860);
#7293=VERTEX_POINT('',#13862);
#7294=VERTEX_POINT('',#13864);
#7295=VERTEX_POINT('',#13868);
#7296=VERTEX_POINT('',#13870);
#7297=VERTEX_POINT('',#13874);
#7298=VERTEX_POINT('',#13878);
#7299=VERTEX_POINT('',#13884);
#7300=VERTEX_POINT('',#13885);
#7301=VERTEX_POINT('',#13887);
#7302=VERTEX_POINT('',#13889);
#7303=VERTEX_POINT('',#13893);
#7304=VERTEX_POINT('',#13894);
#7305=VERTEX_POINT('',#13899);
#7306=VERTEX_POINT('',#13901);
#7307=VERTEX_POINT('',#13909);
#7308=VERTEX_POINT('',#13910);
#7309=VERTEX_POINT('',#13912);
#7310=VERTEX_POINT('',#13914);
#7311=VERTEX_POINT('',#13918);
#7312=VERTEX_POINT('',#13920);
#7313=VERTEX_POINT('',#13924);
#7314=VERTEX_POINT('',#13928);
#7315=VERTEX_POINT('',#13934);
#7316=VERTEX_POINT('',#13935);
#7317=VERTEX_POINT('',#13937);
#7318=VERTEX_POINT('',#13939);
#7319=VERTEX_POINT('',#13943);
#7320=VERTEX_POINT('',#13944);
#7321=VERTEX_POINT('',#13949);
#7322=VERTEX_POINT('',#13951);
#7323=VERTEX_POINT('',#13959);
#7324=VERTEX_POINT('',#13960);
#7325=VERTEX_POINT('',#13962);
#7326=VERTEX_POINT('',#13964);
#7327=VERTEX_POINT('',#13968);
#7328=VERTEX_POINT('',#13970);
#7329=VERTEX_POINT('',#13974);
#7330=VERTEX_POINT('',#13978);
#7331=VERTEX_POINT('',#13984);
#7332=VERTEX_POINT('',#13985);
#7333=VERTEX_POINT('',#13987);
#7334=VERTEX_POINT('',#13989);
#7335=VERTEX_POINT('',#13993);
#7336=VERTEX_POINT('',#13994);
#7337=VERTEX_POINT('',#13999);
#7338=VERTEX_POINT('',#14001);
#7339=VERTEX_POINT('',#14009);
#7340=VERTEX_POINT('',#14010);
#7341=VERTEX_POINT('',#14012);
#7342=VERTEX_POINT('',#14014);
#7343=VERTEX_POINT('',#14018);
#7344=VERTEX_POINT('',#14020);
#7345=VERTEX_POINT('',#14024);
#7346=VERTEX_POINT('',#14028);
#7347=VERTEX_POINT('',#14034);
#7348=VERTEX_POINT('',#14035);
#7349=VERTEX_POINT('',#14037);
#7350=VERTEX_POINT('',#14039);
#7351=VERTEX_POINT('',#14043);
#7352=VERTEX_POINT('',#14044);
#7353=VERTEX_POINT('',#14049);
#7354=VERTEX_POINT('',#14051);
#7355=VERTEX_POINT('',#14059);
#7356=VERTEX_POINT('',#14060);
#7357=VERTEX_POINT('',#14062);
#7358=VERTEX_POINT('',#14064);
#7359=VERTEX_POINT('',#14068);
#7360=VERTEX_POINT('',#14070);
#7361=VERTEX_POINT('',#14074);
#7362=VERTEX_POINT('',#14078);
#7363=VERTEX_POINT('',#14084);
#7364=VERTEX_POINT('',#14085);
#7365=VERTEX_POINT('',#14087);
#7366=VERTEX_POINT('',#14089);
#7367=VERTEX_POINT('',#14093);
#7368=VERTEX_POINT('',#14094);
#7369=VERTEX_POINT('',#14099);
#7370=VERTEX_POINT('',#14101);
#7371=VERTEX_POINT('',#14109);
#7372=VERTEX_POINT('',#14110);
#7373=VERTEX_POINT('',#14112);
#7374=VERTEX_POINT('',#14114);
#7375=VERTEX_POINT('',#14118);
#7376=VERTEX_POINT('',#14120);
#7377=VERTEX_POINT('',#14124);
#7378=VERTEX_POINT('',#14128);
#7379=VERTEX_POINT('',#14134);
#7380=VERTEX_POINT('',#14135);
#7381=VERTEX_POINT('',#14137);
#7382=VERTEX_POINT('',#14139);
#7383=VERTEX_POINT('',#14143);
#7384=VERTEX_POINT('',#14144);
#7385=VERTEX_POINT('',#14149);
#7386=VERTEX_POINT('',#14151);
#7387=VERTEX_POINT('',#14159);
#7388=VERTEX_POINT('',#14160);
#7389=VERTEX_POINT('',#14162);
#7390=VERTEX_POINT('',#14164);
#7391=VERTEX_POINT('',#14168);
#7392=VERTEX_POINT('',#14170);
#7393=VERTEX_POINT('',#14174);
#7394=VERTEX_POINT('',#14178);
#7395=VERTEX_POINT('',#14184);
#7396=VERTEX_POINT('',#14185);
#7397=VERTEX_POINT('',#14187);
#7398=VERTEX_POINT('',#14189);
#7399=VERTEX_POINT('',#14193);
#7400=VERTEX_POINT('',#14194);
#7401=VERTEX_POINT('',#14199);
#7402=VERTEX_POINT('',#14201);
#7403=VERTEX_POINT('',#14209);
#7404=VERTEX_POINT('',#14210);
#7405=VERTEX_POINT('',#14212);
#7406=VERTEX_POINT('',#14214);
#7407=VERTEX_POINT('',#14218);
#7408=VERTEX_POINT('',#14220);
#7409=VERTEX_POINT('',#14224);
#7410=VERTEX_POINT('',#14228);
#7411=VERTEX_POINT('',#14234);
#7412=VERTEX_POINT('',#14235);
#7413=VERTEX_POINT('',#14237);
#7414=VERTEX_POINT('',#14239);
#7415=VERTEX_POINT('',#14243);
#7416=VERTEX_POINT('',#14244);
#7417=VERTEX_POINT('',#14249);
#7418=VERTEX_POINT('',#14251);
#7419=VERTEX_POINT('',#14259);
#7420=VERTEX_POINT('',#14260);
#7421=VERTEX_POINT('',#14262);
#7422=VERTEX_POINT('',#14264);
#7423=VERTEX_POINT('',#14268);
#7424=VERTEX_POINT('',#14270);
#7425=VERTEX_POINT('',#14274);
#7426=VERTEX_POINT('',#14278);
#7427=VERTEX_POINT('',#14284);
#7428=VERTEX_POINT('',#14285);
#7429=VERTEX_POINT('',#14287);
#7430=VERTEX_POINT('',#14289);
#7431=VERTEX_POINT('',#14293);
#7432=VERTEX_POINT('',#14294);
#7433=VERTEX_POINT('',#14299);
#7434=VERTEX_POINT('',#14301);
#7435=VERTEX_POINT('',#14309);
#7436=VERTEX_POINT('',#14310);
#7437=VERTEX_POINT('',#14312);
#7438=VERTEX_POINT('',#14314);
#7439=VERTEX_POINT('',#14318);
#7440=VERTEX_POINT('',#14320);
#7441=VERTEX_POINT('',#14324);
#7442=VERTEX_POINT('',#14328);
#7443=VERTEX_POINT('',#14334);
#7444=VERTEX_POINT('',#14335);
#7445=VERTEX_POINT('',#14337);
#7446=VERTEX_POINT('',#14339);
#7447=VERTEX_POINT('',#14343);
#7448=VERTEX_POINT('',#14344);
#7449=VERTEX_POINT('',#14349);
#7450=VERTEX_POINT('',#14351);
#7451=VERTEX_POINT('',#14359);
#7452=VERTEX_POINT('',#14360);
#7453=VERTEX_POINT('',#14362);
#7454=VERTEX_POINT('',#14364);
#7455=VERTEX_POINT('',#14368);
#7456=VERTEX_POINT('',#14370);
#7457=VERTEX_POINT('',#14374);
#7458=VERTEX_POINT('',#14378);
#7459=VERTEX_POINT('',#14384);
#7460=VERTEX_POINT('',#14385);
#7461=VERTEX_POINT('',#14387);
#7462=VERTEX_POINT('',#14389);
#7463=VERTEX_POINT('',#14393);
#7464=VERTEX_POINT('',#14394);
#7465=VERTEX_POINT('',#14399);
#7466=VERTEX_POINT('',#14401);
#7467=VERTEX_POINT('',#14409);
#7468=VERTEX_POINT('',#14410);
#7469=VERTEX_POINT('',#14412);
#7470=VERTEX_POINT('',#14414);
#7471=VERTEX_POINT('',#14418);
#7472=VERTEX_POINT('',#14420);
#7473=VERTEX_POINT('',#14424);
#7474=VERTEX_POINT('',#14428);
#7475=VERTEX_POINT('',#14434);
#7476=VERTEX_POINT('',#14435);
#7477=VERTEX_POINT('',#14437);
#7478=VERTEX_POINT('',#14439);
#7479=VERTEX_POINT('',#14443);
#7480=VERTEX_POINT('',#14444);
#7481=VERTEX_POINT('',#14449);
#7482=VERTEX_POINT('',#14451);
#7483=VERTEX_POINT('',#14459);
#7484=VERTEX_POINT('',#14460);
#7485=VERTEX_POINT('',#14462);
#7486=VERTEX_POINT('',#14464);
#7487=VERTEX_POINT('',#14468);
#7488=VERTEX_POINT('',#14470);
#7489=VERTEX_POINT('',#14474);
#7490=VERTEX_POINT('',#14478);
#7491=VERTEX_POINT('',#14484);
#7492=VERTEX_POINT('',#14485);
#7493=VERTEX_POINT('',#14487);
#7494=VERTEX_POINT('',#14489);
#7495=VERTEX_POINT('',#14493);
#7496=VERTEX_POINT('',#14494);
#7497=VERTEX_POINT('',#14499);
#7498=VERTEX_POINT('',#14501);
#7499=VERTEX_POINT('',#14509);
#7500=VERTEX_POINT('',#14510);
#7501=VERTEX_POINT('',#14512);
#7502=VERTEX_POINT('',#14514);
#7503=VERTEX_POINT('',#14518);
#7504=VERTEX_POINT('',#14520);
#7505=VERTEX_POINT('',#14524);
#7506=VERTEX_POINT('',#14528);
#7507=VERTEX_POINT('',#14534);
#7508=VERTEX_POINT('',#14535);
#7509=VERTEX_POINT('',#14537);
#7510=VERTEX_POINT('',#14539);
#7511=VERTEX_POINT('',#14543);
#7512=VERTEX_POINT('',#14544);
#7513=VERTEX_POINT('',#14549);
#7514=VERTEX_POINT('',#14551);
#7515=VERTEX_POINT('',#14559);
#7516=VERTEX_POINT('',#14560);
#7517=VERTEX_POINT('',#14562);
#7518=VERTEX_POINT('',#14564);
#7519=VERTEX_POINT('',#14568);
#7520=VERTEX_POINT('',#14570);
#7521=VERTEX_POINT('',#14574);
#7522=VERTEX_POINT('',#14578);
#7523=VERTEX_POINT('',#14584);
#7524=VERTEX_POINT('',#14585);
#7525=VERTEX_POINT('',#14587);
#7526=VERTEX_POINT('',#14589);
#7527=VERTEX_POINT('',#14593);
#7528=VERTEX_POINT('',#14594);
#7529=VERTEX_POINT('',#14599);
#7530=VERTEX_POINT('',#14601);
#7531=VERTEX_POINT('',#14609);
#7532=VERTEX_POINT('',#14610);
#7533=VERTEX_POINT('',#14612);
#7534=VERTEX_POINT('',#14614);
#7535=VERTEX_POINT('',#14618);
#7536=VERTEX_POINT('',#14620);
#7537=VERTEX_POINT('',#14624);
#7538=VERTEX_POINT('',#14628);
#7539=VERTEX_POINT('',#14634);
#7540=VERTEX_POINT('',#14635);
#7541=VERTEX_POINT('',#14637);
#7542=VERTEX_POINT('',#14639);
#7543=VERTEX_POINT('',#14643);
#7544=VERTEX_POINT('',#14644);
#7545=VERTEX_POINT('',#14649);
#7546=VERTEX_POINT('',#14651);
#7547=VERTEX_POINT('',#14659);
#7548=VERTEX_POINT('',#14660);
#7549=VERTEX_POINT('',#14662);
#7550=VERTEX_POINT('',#14664);
#7551=VERTEX_POINT('',#14668);
#7552=VERTEX_POINT('',#14670);
#7553=VERTEX_POINT('',#14674);
#7554=VERTEX_POINT('',#14678);
#7555=VERTEX_POINT('',#14684);
#7556=VERTEX_POINT('',#14685);
#7557=VERTEX_POINT('',#14687);
#7558=VERTEX_POINT('',#14689);
#7559=VERTEX_POINT('',#14693);
#7560=VERTEX_POINT('',#14694);
#7561=VERTEX_POINT('',#14699);
#7562=VERTEX_POINT('',#14701);
#7563=VERTEX_POINT('',#14709);
#7564=VERTEX_POINT('',#14710);
#7565=VERTEX_POINT('',#14712);
#7566=VERTEX_POINT('',#14714);
#7567=VERTEX_POINT('',#14718);
#7568=VERTEX_POINT('',#14720);
#7569=VERTEX_POINT('',#14724);
#7570=VERTEX_POINT('',#14728);
#7571=VERTEX_POINT('',#14734);
#7572=VERTEX_POINT('',#14735);
#7573=VERTEX_POINT('',#14737);
#7574=VERTEX_POINT('',#14739);
#7575=VERTEX_POINT('',#14743);
#7576=VERTEX_POINT('',#14744);
#7577=VERTEX_POINT('',#14749);
#7578=VERTEX_POINT('',#14751);
#7579=VERTEX_POINT('',#14759);
#7580=VERTEX_POINT('',#14760);
#7581=VERTEX_POINT('',#14762);
#7582=VERTEX_POINT('',#14764);
#7583=VERTEX_POINT('',#14768);
#7584=VERTEX_POINT('',#14770);
#7585=VERTEX_POINT('',#14774);
#7586=VERTEX_POINT('',#14778);
#7587=VERTEX_POINT('',#14784);
#7588=VERTEX_POINT('',#14785);
#7589=VERTEX_POINT('',#14787);
#7590=VERTEX_POINT('',#14789);
#7591=VERTEX_POINT('',#14793);
#7592=VERTEX_POINT('',#14794);
#7593=VERTEX_POINT('',#14799);
#7594=VERTEX_POINT('',#14801);
#7595=VERTEX_POINT('',#14809);
#7596=VERTEX_POINT('',#14810);
#7597=VERTEX_POINT('',#14812);
#7598=VERTEX_POINT('',#14814);
#7599=VERTEX_POINT('',#14818);
#7600=VERTEX_POINT('',#14820);
#7601=VERTEX_POINT('',#14824);
#7602=VERTEX_POINT('',#14828);
#7603=VERTEX_POINT('',#14834);
#7604=VERTEX_POINT('',#14835);
#7605=VERTEX_POINT('',#14837);
#7606=VERTEX_POINT('',#14839);
#7607=VERTEX_POINT('',#14843);
#7608=VERTEX_POINT('',#14844);
#7609=VERTEX_POINT('',#14849);
#7610=VERTEX_POINT('',#14851);
#7611=VERTEX_POINT('',#14859);
#7612=VERTEX_POINT('',#14860);
#7613=VERTEX_POINT('',#14862);
#7614=VERTEX_POINT('',#14864);
#7615=VERTEX_POINT('',#14868);
#7616=VERTEX_POINT('',#14870);
#7617=VERTEX_POINT('',#14874);
#7618=VERTEX_POINT('',#14878);
#7619=VERTEX_POINT('',#14884);
#7620=VERTEX_POINT('',#14885);
#7621=VERTEX_POINT('',#14887);
#7622=VERTEX_POINT('',#14889);
#7623=VERTEX_POINT('',#14893);
#7624=VERTEX_POINT('',#14894);
#7625=VERTEX_POINT('',#14899);
#7626=VERTEX_POINT('',#14901);
#7627=VERTEX_POINT('',#14909);
#7628=VERTEX_POINT('',#14910);
#7629=VERTEX_POINT('',#14912);
#7630=VERTEX_POINT('',#14914);
#7631=VERTEX_POINT('',#14918);
#7632=VERTEX_POINT('',#14920);
#7633=VERTEX_POINT('',#14924);
#7634=VERTEX_POINT('',#14928);
#7635=VERTEX_POINT('',#14934);
#7636=VERTEX_POINT('',#14935);
#7637=VERTEX_POINT('',#14937);
#7638=VERTEX_POINT('',#14939);
#7639=VERTEX_POINT('',#14943);
#7640=VERTEX_POINT('',#14944);
#7641=VERTEX_POINT('',#14949);
#7642=VERTEX_POINT('',#14951);
#7643=VERTEX_POINT('',#14959);
#7644=VERTEX_POINT('',#14960);
#7645=VERTEX_POINT('',#14962);
#7646=VERTEX_POINT('',#14964);
#7647=VERTEX_POINT('',#14968);
#7648=VERTEX_POINT('',#14970);
#7649=VERTEX_POINT('',#14974);
#7650=VERTEX_POINT('',#14978);
#7651=VERTEX_POINT('',#14984);
#7652=VERTEX_POINT('',#14986);
#7653=VERTEX_POINT('',#14990);
#7654=VERTEX_POINT('',#14993);
#7655=VERTEX_POINT('',#14996);
#7656=VERTEX_POINT('',#14998);
#7657=VERTEX_POINT('',#15002);
#7658=VERTEX_POINT('',#15005);
#7659=VERTEX_POINT('',#15008);
#7660=VERTEX_POINT('',#15010);
#7661=VERTEX_POINT('',#15014);
#7662=VERTEX_POINT('',#15017);
#7663=VERTEX_POINT('',#15020);
#7664=VERTEX_POINT('',#15022);
#7665=VERTEX_POINT('',#15026);
#7666=VERTEX_POINT('',#15029);
#7667=VERTEX_POINT('',#15032);
#7668=VERTEX_POINT('',#15034);
#7669=VERTEX_POINT('',#15038);
#7670=VERTEX_POINT('',#15041);
#7671=VERTEX_POINT('',#15044);
#7672=VERTEX_POINT('',#15046);
#7673=VERTEX_POINT('',#15050);
#7674=VERTEX_POINT('',#15053);
#7675=VERTEX_POINT('',#15056);
#7676=VERTEX_POINT('',#15058);
#7677=VERTEX_POINT('',#15062);
#7678=VERTEX_POINT('',#15065);
#7679=VERTEX_POINT('',#15068);
#7680=VERTEX_POINT('',#15070);
#7681=VERTEX_POINT('',#15074);
#7682=VERTEX_POINT('',#15077);
#7683=VERTEX_POINT('',#15080);
#7684=VERTEX_POINT('',#15082);
#7685=VERTEX_POINT('',#15086);
#7686=VERTEX_POINT('',#15089);
#7687=VERTEX_POINT('',#15092);
#7688=VERTEX_POINT('',#15094);
#7689=VERTEX_POINT('',#15098);
#7690=VERTEX_POINT('',#15101);
#7691=VERTEX_POINT('',#15104);
#7692=VERTEX_POINT('',#15106);
#7693=VERTEX_POINT('',#15110);
#7694=VERTEX_POINT('',#15113);
#7695=VERTEX_POINT('',#15116);
#7696=VERTEX_POINT('',#15118);
#7697=VERTEX_POINT('',#15122);
#7698=VERTEX_POINT('',#15125);
#7699=VERTEX_POINT('',#15128);
#7700=VERTEX_POINT('',#15130);
#7701=VERTEX_POINT('',#15134);
#7702=VERTEX_POINT('',#15137);
#7703=VERTEX_POINT('',#15140);
#7704=VERTEX_POINT('',#15142);
#7705=VERTEX_POINT('',#15146);
#7706=VERTEX_POINT('',#15149);
#7707=VERTEX_POINT('',#15152);
#7708=VERTEX_POINT('',#15154);
#7709=VERTEX_POINT('',#15158);
#7710=VERTEX_POINT('',#15161);
#7711=VERTEX_POINT('',#15164);
#7712=VERTEX_POINT('',#15166);
#7713=VERTEX_POINT('',#15170);
#7714=VERTEX_POINT('',#15173);
#7715=VERTEX_POINT('',#15176);
#7716=VERTEX_POINT('',#15178);
#7717=VERTEX_POINT('',#15182);
#7718=VERTEX_POINT('',#15185);
#7719=VERTEX_POINT('',#15188);
#7720=VERTEX_POINT('',#15190);
#7721=VERTEX_POINT('',#15194);
#7722=VERTEX_POINT('',#15197);
#7723=VERTEX_POINT('',#15200);
#7724=VERTEX_POINT('',#15202);
#7725=VERTEX_POINT('',#15206);
#7726=VERTEX_POINT('',#15209);
#7727=VERTEX_POINT('',#15212);
#7728=VERTEX_POINT('',#15214);
#7729=VERTEX_POINT('',#15218);
#7730=VERTEX_POINT('',#15221);
#7731=VERTEX_POINT('',#15224);
#7732=VERTEX_POINT('',#15226);
#7733=VERTEX_POINT('',#15230);
#7734=VERTEX_POINT('',#15233);
#7735=VERTEX_POINT('',#15236);
#7736=VERTEX_POINT('',#15238);
#7737=VERTEX_POINT('',#15242);
#7738=VERTEX_POINT('',#15245);
#7739=VERTEX_POINT('',#15248);
#7740=VERTEX_POINT('',#15250);
#7741=VERTEX_POINT('',#15254);
#7742=VERTEX_POINT('',#15257);
#7743=VERTEX_POINT('',#15260);
#7744=VERTEX_POINT('',#15262);
#7745=VERTEX_POINT('',#15266);
#7746=VERTEX_POINT('',#15269);
#7747=VERTEX_POINT('',#15272);
#7748=VERTEX_POINT('',#15274);
#7749=VERTEX_POINT('',#15278);
#7750=VERTEX_POINT('',#15281);
#7751=VERTEX_POINT('',#15284);
#7752=VERTEX_POINT('',#15286);
#7753=VERTEX_POINT('',#15290);
#7754=VERTEX_POINT('',#15293);
#7755=VERTEX_POINT('',#15296);
#7756=VERTEX_POINT('',#15298);
#7757=VERTEX_POINT('',#15302);
#7758=VERTEX_POINT('',#15305);
#7759=VERTEX_POINT('',#15308);
#7760=VERTEX_POINT('',#15310);
#7761=VERTEX_POINT('',#15314);
#7762=VERTEX_POINT('',#15317);
#7763=VERTEX_POINT('',#15320);
#7764=VERTEX_POINT('',#15322);
#7765=VERTEX_POINT('',#15326);
#7766=VERTEX_POINT('',#15329);
#7767=VERTEX_POINT('',#15332);
#7768=VERTEX_POINT('',#15334);
#7769=VERTEX_POINT('',#15338);
#7770=VERTEX_POINT('',#15341);
#7771=VERTEX_POINT('',#15344);
#7772=VERTEX_POINT('',#15347);
#7773=VERTEX_POINT('',#15350);
#7774=VERTEX_POINT('',#15353);
#7775=VERTEX_POINT('',#15356);
#7776=VERTEX_POINT('',#15359);
#7777=VERTEX_POINT('',#15362);
#7778=VERTEX_POINT('',#15364);
#7779=VERTEX_POINT('',#15367);
#7780=VERTEX_POINT('',#15369);
#7781=VERTEX_POINT('',#15372);
#7782=VERTEX_POINT('',#15373);
#7783=VERTEX_POINT('',#15375);
#7784=VERTEX_POINT('',#15377);
#7785=VERTEX_POINT('',#15381);
#7786=VERTEX_POINT('',#15383);
#7787=VERTEX_POINT('',#15385);
#7788=VERTEX_POINT('',#15387);
#7789=VERTEX_POINT('',#15389);
#7790=VERTEX_POINT('',#15391);
#7791=VERTEX_POINT('',#15395);
#7792=VERTEX_POINT('',#15396);
#7793=VERTEX_POINT('',#15401);
#7794=VERTEX_POINT('',#15402);
#7795=VERTEX_POINT('',#15404);
#7796=VERTEX_POINT('',#15406);
#7797=VERTEX_POINT('',#15410);
#7798=VERTEX_POINT('',#15411);
#7799=VERTEX_POINT('',#15416);
#7800=VERTEX_POINT('',#15421);
#7801=VERTEX_POINT('',#15423);
#7802=VERTEX_POINT('',#15427);
#7803=VERTEX_POINT('',#15428);
#7804=VERTEX_POINT('',#15430);
#7805=VERTEX_POINT('',#15432);
#7806=VERTEX_POINT('',#15436);
#7807=VERTEX_POINT('',#15437);
#7808=VERTEX_POINT('',#15445);
#7809=VERTEX_POINT('',#15447);
#7810=VERTEX_POINT('',#15451);
#7811=VERTEX_POINT('',#15452);
#7812=VERTEX_POINT('',#15454);
#7813=VERTEX_POINT('',#15456);
#7814=VERTEX_POINT('',#15460);
#7815=VERTEX_POINT('',#15461);
#7816=VERTEX_POINT('',#15466);
#7817=VERTEX_POINT('',#15467);
#7818=VERTEX_POINT('',#15469);
#7819=VERTEX_POINT('',#15471);
#7820=VERTEX_POINT('',#15475);
#7821=VERTEX_POINT('',#15476);
#7822=VERTEX_POINT('',#15481);
#7823=VERTEX_POINT('',#15485);
#7824=VERTEX_POINT('',#15491);
#7825=VERTEX_POINT('',#15492);
#7826=VERTEX_POINT('',#15494);
#7827=VERTEX_POINT('',#15496);
#7828=VERTEX_POINT('',#15500);
#7829=VERTEX_POINT('',#15501);
#7830=VERTEX_POINT('',#15506);
#7831=VERTEX_POINT('',#15510);
#7832=VERTEX_POINT('',#15516);
#7833=VERTEX_POINT('',#15517);
#7834=VERTEX_POINT('',#15519);
#7835=VERTEX_POINT('',#15521);
#7836=VERTEX_POINT('',#15525);
#7837=VERTEX_POINT('',#15526);
#7838=VERTEX_POINT('',#15531);
#7839=VERTEX_POINT('',#15535);
#7840=VERTEX_POINT('',#15541);
#7841=VERTEX_POINT('',#15542);
#7842=VERTEX_POINT('',#15544);
#7843=VERTEX_POINT('',#15546);
#7844=VERTEX_POINT('',#15550);
#7845=VERTEX_POINT('',#15551);
#7846=VERTEX_POINT('',#15556);
#7847=VERTEX_POINT('',#15560);
#7848=VERTEX_POINT('',#15566);
#7849=VERTEX_POINT('',#15567);
#7850=VERTEX_POINT('',#15569);
#7851=VERTEX_POINT('',#15571);
#7852=VERTEX_POINT('',#15573);
#7853=VERTEX_POINT('',#15575);
#7854=VERTEX_POINT('',#15577);
#7855=VERTEX_POINT('',#15579);
#7856=VERTEX_POINT('',#15584);
#7857=VERTEX_POINT('',#15603);
#7858=VERTEX_POINT('',#15607);
#7859=VERTEX_POINT('',#15609);
#7860=VERTEX_POINT('',#15611);
#7861=VERTEX_POINT('',#15613);
#7862=VERTEX_POINT('',#15617);
#7863=VERTEX_POINT('',#15619);
#7864=VERTEX_POINT('',#15623);
#7865=VERTEX_POINT('',#15627);
#7866=VERTEX_POINT('',#15631);
#7867=VERTEX_POINT('',#15632);
#7868=VERTEX_POINT('',#15634);
#7869=VERTEX_POINT('',#15637);
#7870=VERTEX_POINT('',#15639);
#7871=VERTEX_POINT('',#15641);
#7872=VERTEX_POINT('',#15643);
#7873=VERTEX_POINT('',#15645);
#7874=VERTEX_POINT('',#15649);
#7875=VERTEX_POINT('',#15650);
#7876=VERTEX_POINT('',#15661);
#7877=VERTEX_POINT('',#15665);
#7878=VERTEX_POINT('',#15666);
#7879=VERTEX_POINT('',#15668);
#7880=VERTEX_POINT('',#15671);
#7881=VERTEX_POINT('',#15675);
#7882=VERTEX_POINT('',#15677);
#7883=VERTEX_POINT('',#15681);
#7884=VERTEX_POINT('',#15685);
#7885=VERTEX_POINT('',#15687);
#7886=VERTEX_POINT('',#15689);
#7887=VERTEX_POINT('',#15693);
#7888=VERTEX_POINT('',#15697);
#7889=VERTEX_POINT('',#15701);
#7890=VERTEX_POINT('',#15703);
#7891=VERTEX_POINT('',#15707);
#7892=VERTEX_POINT('',#15708);
#7893=VERTEX_POINT('',#15721);
#7894=VERTEX_POINT('',#15724);
#7895=EDGE_CURVE('',#7171,#7172,#8919,.T.);
#7896=EDGE_CURVE('',#7173,#7172,#8920,.T.);
#7897=EDGE_CURVE('',#7173,#7174,#8921,.T.);
#7898=EDGE_CURVE('',#7171,#7174,#8922,.T.);
#7899=EDGE_CURVE('',#7175,#7176,#8923,.T.);
#7900=EDGE_CURVE('',#7175,#7173,#8924,.T.);
#7901=EDGE_CURVE('',#7172,#7176,#8925,.T.);
#7902=EDGE_CURVE('',#7174,#7177,#8926,.T.);
#7903=EDGE_CURVE('',#7178,#7177,#8927,.T.);
#7904=EDGE_CURVE('',#7178,#7171,#8928,.T.);
#7905=EDGE_CURVE('',#7176,#7178,#8929,.T.);
#7906=EDGE_CURVE('',#7177,#7175,#8930,.T.);
#7907=EDGE_CURVE('',#7179,#7180,#8931,.T.);
#7908=EDGE_CURVE('',#7181,#7179,#8932,.T.);
#7909=EDGE_CURVE('',#7182,#7181,#8933,.T.);
#7910=EDGE_CURVE('',#7180,#7182,#8934,.T.);
#7911=EDGE_CURVE('',#7183,#7179,#8935,.T.);
#7912=EDGE_CURVE('',#7183,#7184,#8936,.T.);
#7913=EDGE_CURVE('',#7184,#7181,#8937,.T.);
#7914=EDGE_CURVE('',#7184,#7185,#8938,.T.);
#7915=EDGE_CURVE('',#7182,#7185,#8939,.T.);
#7916=EDGE_CURVE('',#7185,#7186,#8940,.T.);
#7917=EDGE_CURVE('',#7180,#7186,#8941,.T.);
#7918=EDGE_CURVE('',#7186,#7183,#8942,.T.);
#7919=EDGE_CURVE('',#7187,#7188,#8943,.T.);
#7920=EDGE_CURVE('',#7189,#7188,#8944,.T.);
#7921=EDGE_CURVE('',#7189,#7190,#8945,.T.);
#7922=EDGE_CURVE('',#7187,#7190,#8946,.T.);
#7923=EDGE_CURVE('',#7191,#7192,#8947,.T.);
#7924=EDGE_CURVE('',#7191,#7189,#8948,.T.);
#7925=EDGE_CURVE('',#7188,#7192,#8949,.T.);
#7926=EDGE_CURVE('',#7190,#7193,#8950,.T.);
#7927=EDGE_CURVE('',#7194,#7193,#8951,.T.);
#7928=EDGE_CURVE('',#7194,#7187,#8952,.T.);
#7929=EDGE_CURVE('',#7192,#7194,#8953,.T.);
#7930=EDGE_CURVE('',#7193,#7191,#8954,.T.);
#7931=EDGE_CURVE('',#7195,#7196,#8955,.T.);
#7932=EDGE_CURVE('',#7197,#7195,#8956,.T.);
#7933=EDGE_CURVE('',#7198,#7197,#8957,.T.);
#7934=EDGE_CURVE('',#7196,#7198,#8958,.T.);
#7935=EDGE_CURVE('',#7199,#7195,#8959,.T.);
#7936=EDGE_CURVE('',#7199,#7200,#8960,.T.);
#7937=EDGE_CURVE('',#7200,#7197,#8961,.T.);
#7938=EDGE_CURVE('',#7200,#7201,#8962,.T.);
#7939=EDGE_CURVE('',#7198,#7201,#8963,.T.);
#7940=EDGE_CURVE('',#7201,#7202,#8964,.T.);
#7941=EDGE_CURVE('',#7196,#7202,#8965,.T.);
#7942=EDGE_CURVE('',#7202,#7199,#8966,.T.);
#7943=EDGE_CURVE('',#7203,#7204,#8967,.T.);
#7944=EDGE_CURVE('',#7205,#7204,#8968,.T.);
#7945=EDGE_CURVE('',#7205,#7206,#8969,.T.);
#7946=EDGE_CURVE('',#7203,#7206,#8970,.T.);
#7947=EDGE_CURVE('',#7207,#7208,#8971,.T.);
#7948=EDGE_CURVE('',#7207,#7205,#8972,.T.);
#7949=EDGE_CURVE('',#7204,#7208,#8973,.T.);
#7950=EDGE_CURVE('',#7206,#7209,#8974,.T.);
#7951=EDGE_CURVE('',#7210,#7209,#8975,.T.);
#7952=EDGE_CURVE('',#7210,#7203,#8976,.T.);
#7953=EDGE_CURVE('',#7208,#7210,#8977,.T.);
#7954=EDGE_CURVE('',#7209,#7207,#8978,.T.);
#7955=EDGE_CURVE('',#7211,#7212,#8979,.T.);
#7956=EDGE_CURVE('',#7213,#7211,#8980,.T.);
#7957=EDGE_CURVE('',#7214,#7213,#8981,.T.);
#7958=EDGE_CURVE('',#7212,#7214,#8982,.T.);
#7959=EDGE_CURVE('',#7215,#7211,#8983,.T.);
#7960=EDGE_CURVE('',#7215,#7216,#8984,.T.);
#7961=EDGE_CURVE('',#7216,#7213,#8985,.T.);
#7962=EDGE_CURVE('',#7216,#7217,#8986,.T.);
#7963=EDGE_CURVE('',#7214,#7217,#8987,.T.);
#7964=EDGE_CURVE('',#7217,#7218,#8988,.T.);
#7965=EDGE_CURVE('',#7212,#7218,#8989,.T.);
#7966=EDGE_CURVE('',#7218,#7215,#8990,.T.);
#7967=EDGE_CURVE('',#7219,#7220,#8991,.T.);
#7968=EDGE_CURVE('',#7221,#7220,#8992,.T.);
#7969=EDGE_CURVE('',#7221,#7222,#8993,.T.);
#7970=EDGE_CURVE('',#7219,#7222,#8994,.T.);
#7971=EDGE_CURVE('',#7223,#7224,#8995,.T.);
#7972=EDGE_CURVE('',#7223,#7221,#8996,.T.);
#7973=EDGE_CURVE('',#7220,#7224,#8997,.T.);
#7974=EDGE_CURVE('',#7222,#7225,#8998,.T.);
#7975=EDGE_CURVE('',#7226,#7225,#8999,.T.);
#7976=EDGE_CURVE('',#7226,#7219,#9000,.T.);
#7977=EDGE_CURVE('',#7224,#7226,#9001,.T.);
#7978=EDGE_CURVE('',#7225,#7223,#9002,.T.);
#7979=EDGE_CURVE('',#7227,#7228,#9003,.T.);
#7980=EDGE_CURVE('',#7229,#7227,#9004,.T.);
#7981=EDGE_CURVE('',#7230,#7229,#9005,.T.);
#7982=EDGE_CURVE('',#7228,#7230,#9006,.T.);
#7983=EDGE_CURVE('',#7231,#7227,#9007,.T.);
#7984=EDGE_CURVE('',#7231,#7232,#9008,.T.);
#7985=EDGE_CURVE('',#7232,#7229,#9009,.T.);
#7986=EDGE_CURVE('',#7232,#7233,#9010,.T.);
#7987=EDGE_CURVE('',#7230,#7233,#9011,.T.);
#7988=EDGE_CURVE('',#7233,#7234,#9012,.T.);
#7989=EDGE_CURVE('',#7228,#7234,#9013,.T.);
#7990=EDGE_CURVE('',#7234,#7231,#9014,.T.);
#7991=EDGE_CURVE('',#7235,#7236,#9015,.T.);
#7992=EDGE_CURVE('',#7237,#7236,#9016,.T.);
#7993=EDGE_CURVE('',#7237,#7238,#9017,.T.);
#7994=EDGE_CURVE('',#7235,#7238,#9018,.T.);
#7995=EDGE_CURVE('',#7239,#7240,#9019,.T.);
#7996=EDGE_CURVE('',#7239,#7237,#9020,.T.);
#7997=EDGE_CURVE('',#7236,#7240,#9021,.T.);
#7998=EDGE_CURVE('',#7238,#7241,#9022,.T.);
#7999=EDGE_CURVE('',#7242,#7241,#9023,.T.);
#8000=EDGE_CURVE('',#7242,#7235,#9024,.T.);
#8001=EDGE_CURVE('',#7240,#7242,#9025,.T.);
#8002=EDGE_CURVE('',#7241,#7239,#9026,.T.);
#8003=EDGE_CURVE('',#7243,#7244,#9027,.T.);
#8004=EDGE_CURVE('',#7245,#7243,#9028,.T.);
#8005=EDGE_CURVE('',#7246,#7245,#9029,.T.);
#8006=EDGE_CURVE('',#7244,#7246,#9030,.T.);
#8007=EDGE_CURVE('',#7247,#7243,#9031,.T.);
#8008=EDGE_CURVE('',#7247,#7248,#9032,.T.);
#8009=EDGE_CURVE('',#7248,#7245,#9033,.T.);
#8010=EDGE_CURVE('',#7248,#7249,#9034,.T.);
#8011=EDGE_CURVE('',#7246,#7249,#9035,.T.);
#8012=EDGE_CURVE('',#7249,#7250,#9036,.T.);
#8013=EDGE_CURVE('',#7244,#7250,#9037,.T.);
#8014=EDGE_CURVE('',#7250,#7247,#9038,.T.);
#8015=EDGE_CURVE('',#7251,#7252,#9039,.T.);
#8016=EDGE_CURVE('',#7253,#7252,#9040,.T.);
#8017=EDGE_CURVE('',#7253,#7254,#9041,.T.);
#8018=EDGE_CURVE('',#7251,#7254,#9042,.T.);
#8019=EDGE_CURVE('',#7255,#7256,#9043,.T.);
#8020=EDGE_CURVE('',#7255,#7253,#9044,.T.);
#8021=EDGE_CURVE('',#7252,#7256,#9045,.T.);
#8022=EDGE_CURVE('',#7254,#7257,#9046,.T.);
#8023=EDGE_CURVE('',#7258,#7257,#9047,.T.);
#8024=EDGE_CURVE('',#7258,#7251,#9048,.T.);
#8025=EDGE_CURVE('',#7256,#7258,#9049,.T.);
#8026=EDGE_CURVE('',#7257,#7255,#9050,.T.);
#8027=EDGE_CURVE('',#7259,#7260,#9051,.T.);
#8028=EDGE_CURVE('',#7261,#7259,#9052,.T.);
#8029=EDGE_CURVE('',#7262,#7261,#9053,.T.);
#8030=EDGE_CURVE('',#7260,#7262,#9054,.T.);
#8031=EDGE_CURVE('',#7263,#7259,#9055,.T.);
#8032=EDGE_CURVE('',#7263,#7264,#9056,.T.);
#8033=EDGE_CURVE('',#7264,#7261,#9057,.T.);
#8034=EDGE_CURVE('',#7264,#7265,#9058,.T.);
#8035=EDGE_CURVE('',#7262,#7265,#9059,.T.);
#8036=EDGE_CURVE('',#7265,#7266,#9060,.T.);
#8037=EDGE_CURVE('',#7260,#7266,#9061,.T.);
#8038=EDGE_CURVE('',#7266,#7263,#9062,.T.);
#8039=EDGE_CURVE('',#7267,#7268,#9063,.T.);
#8040=EDGE_CURVE('',#7269,#7268,#9064,.T.);
#8041=EDGE_CURVE('',#7269,#7270,#9065,.T.);
#8042=EDGE_CURVE('',#7267,#7270,#9066,.T.);
#8043=EDGE_CURVE('',#7271,#7272,#9067,.T.);
#8044=EDGE_CURVE('',#7271,#7269,#9068,.T.);
#8045=EDGE_CURVE('',#7268,#7272,#9069,.T.);
#8046=EDGE_CURVE('',#7270,#7273,#9070,.T.);
#8047=EDGE_CURVE('',#7274,#7273,#9071,.T.);
#8048=EDGE_CURVE('',#7274,#7267,#9072,.T.);
#8049=EDGE_CURVE('',#7272,#7274,#9073,.T.);
#8050=EDGE_CURVE('',#7273,#7271,#9074,.T.);
#8051=EDGE_CURVE('',#7275,#7276,#9075,.T.);
#8052=EDGE_CURVE('',#7277,#7275,#9076,.T.);
#8053=EDGE_CURVE('',#7278,#7277,#9077,.T.);
#8054=EDGE_CURVE('',#7276,#7278,#9078,.T.);
#8055=EDGE_CURVE('',#7279,#7275,#9079,.T.);
#8056=EDGE_CURVE('',#7279,#7280,#9080,.T.);
#8057=EDGE_CURVE('',#7280,#7277,#9081,.T.);
#8058=EDGE_CURVE('',#7280,#7281,#9082,.T.);
#8059=EDGE_CURVE('',#7278,#7281,#9083,.T.);
#8060=EDGE_CURVE('',#7281,#7282,#9084,.T.);
#8061=EDGE_CURVE('',#7276,#7282,#9085,.T.);
#8062=EDGE_CURVE('',#7282,#7279,#9086,.T.);
#8063=EDGE_CURVE('',#7283,#7284,#9087,.T.);
#8064=EDGE_CURVE('',#7285,#7284,#9088,.T.);
#8065=EDGE_CURVE('',#7285,#7286,#9089,.T.);
#8066=EDGE_CURVE('',#7283,#7286,#9090,.T.);
#8067=EDGE_CURVE('',#7287,#7288,#9091,.T.);
#8068=EDGE_CURVE('',#7287,#7285,#9092,.T.);
#8069=EDGE_CURVE('',#7284,#7288,#9093,.T.);
#8070=EDGE_CURVE('',#7286,#7289,#9094,.T.);
#8071=EDGE_CURVE('',#7290,#7289,#9095,.T.);
#8072=EDGE_CURVE('',#7290,#7283,#9096,.T.);
#8073=EDGE_CURVE('',#7288,#7290,#9097,.T.);
#8074=EDGE_CURVE('',#7289,#7287,#9098,.T.);
#8075=EDGE_CURVE('',#7291,#7292,#9099,.T.);
#8076=EDGE_CURVE('',#7293,#7291,#9100,.T.);
#8077=EDGE_CURVE('',#7294,#7293,#9101,.T.);
#8078=EDGE_CURVE('',#7292,#7294,#9102,.T.);
#8079=EDGE_CURVE('',#7295,#7291,#9103,.T.);
#8080=EDGE_CURVE('',#7295,#7296,#9104,.T.);
#8081=EDGE_CURVE('',#7296,#7293,#9105,.T.);
#8082=EDGE_CURVE('',#7296,#7297,#9106,.T.);
#8083=EDGE_CURVE('',#7294,#7297,#9107,.T.);
#8084=EDGE_CURVE('',#7297,#7298,#9108,.T.);
#8085=EDGE_CURVE('',#7292,#7298,#9109,.T.);
#8086=EDGE_CURVE('',#7298,#7295,#9110,.T.);
#8087=EDGE_CURVE('',#7299,#7300,#9111,.T.);
#8088=EDGE_CURVE('',#7301,#7300,#9112,.T.);
#8089=EDGE_CURVE('',#7301,#7302,#9113,.T.);
#8090=EDGE_CURVE('',#7299,#7302,#9114,.T.);
#8091=EDGE_CURVE('',#7303,#7304,#9115,.T.);
#8092=EDGE_CURVE('',#7303,#7301,#9116,.T.);
#8093=EDGE_CURVE('',#7300,#7304,#9117,.T.);
#8094=EDGE_CURVE('',#7302,#7305,#9118,.T.);
#8095=EDGE_CURVE('',#7306,#7305,#9119,.T.);
#8096=EDGE_CURVE('',#7306,#7299,#9120,.T.);
#8097=EDGE_CURVE('',#7304,#7306,#9121,.T.);
#8098=EDGE_CURVE('',#7305,#7303,#9122,.T.);
#8099=EDGE_CURVE('',#7307,#7308,#9123,.T.);
#8100=EDGE_CURVE('',#7309,#7307,#9124,.T.);
#8101=EDGE_CURVE('',#7310,#7309,#9125,.T.);
#8102=EDGE_CURVE('',#7308,#7310,#9126,.T.);
#8103=EDGE_CURVE('',#7311,#7307,#9127,.T.);
#8104=EDGE_CURVE('',#7311,#7312,#9128,.T.);
#8105=EDGE_CURVE('',#7312,#7309,#9129,.T.);
#8106=EDGE_CURVE('',#7312,#7313,#9130,.T.);
#8107=EDGE_CURVE('',#7310,#7313,#9131,.T.);
#8108=EDGE_CURVE('',#7313,#7314,#9132,.T.);
#8109=EDGE_CURVE('',#7308,#7314,#9133,.T.);
#8110=EDGE_CURVE('',#7314,#7311,#9134,.T.);
#8111=EDGE_CURVE('',#7315,#7316,#9135,.T.);
#8112=EDGE_CURVE('',#7317,#7316,#9136,.T.);
#8113=EDGE_CURVE('',#7317,#7318,#9137,.T.);
#8114=EDGE_CURVE('',#7315,#7318,#9138,.T.);
#8115=EDGE_CURVE('',#7319,#7320,#9139,.T.);
#8116=EDGE_CURVE('',#7319,#7317,#9140,.T.);
#8117=EDGE_CURVE('',#7316,#7320,#9141,.T.);
#8118=EDGE_CURVE('',#7318,#7321,#9142,.T.);
#8119=EDGE_CURVE('',#7322,#7321,#9143,.T.);
#8120=EDGE_CURVE('',#7322,#7315,#9144,.T.);
#8121=EDGE_CURVE('',#7320,#7322,#9145,.T.);
#8122=EDGE_CURVE('',#7321,#7319,#9146,.T.);
#8123=EDGE_CURVE('',#7323,#7324,#9147,.T.);
#8124=EDGE_CURVE('',#7325,#7323,#9148,.T.);
#8125=EDGE_CURVE('',#7326,#7325,#9149,.T.);
#8126=EDGE_CURVE('',#7324,#7326,#9150,.T.);
#8127=EDGE_CURVE('',#7327,#7323,#9151,.T.);
#8128=EDGE_CURVE('',#7327,#7328,#9152,.T.);
#8129=EDGE_CURVE('',#7328,#7325,#9153,.T.);
#8130=EDGE_CURVE('',#7328,#7329,#9154,.T.);
#8131=EDGE_CURVE('',#7326,#7329,#9155,.T.);
#8132=EDGE_CURVE('',#7329,#7330,#9156,.T.);
#8133=EDGE_CURVE('',#7324,#7330,#9157,.T.);
#8134=EDGE_CURVE('',#7330,#7327,#9158,.T.);
#8135=EDGE_CURVE('',#7331,#7332,#9159,.T.);
#8136=EDGE_CURVE('',#7333,#7332,#9160,.T.);
#8137=EDGE_CURVE('',#7333,#7334,#9161,.T.);
#8138=EDGE_CURVE('',#7331,#7334,#9162,.T.);
#8139=EDGE_CURVE('',#7335,#7336,#9163,.T.);
#8140=EDGE_CURVE('',#7335,#7333,#9164,.T.);
#8141=EDGE_CURVE('',#7332,#7336,#9165,.T.);
#8142=EDGE_CURVE('',#7334,#7337,#9166,.T.);
#8143=EDGE_CURVE('',#7338,#7337,#9167,.T.);
#8144=EDGE_CURVE('',#7338,#7331,#9168,.T.);
#8145=EDGE_CURVE('',#7336,#7338,#9169,.T.);
#8146=EDGE_CURVE('',#7337,#7335,#9170,.T.);
#8147=EDGE_CURVE('',#7339,#7340,#9171,.T.);
#8148=EDGE_CURVE('',#7341,#7339,#9172,.T.);
#8149=EDGE_CURVE('',#7342,#7341,#9173,.T.);
#8150=EDGE_CURVE('',#7340,#7342,#9174,.T.);
#8151=EDGE_CURVE('',#7343,#7339,#9175,.T.);
#8152=EDGE_CURVE('',#7343,#7344,#9176,.T.);
#8153=EDGE_CURVE('',#7344,#7341,#9177,.T.);
#8154=EDGE_CURVE('',#7344,#7345,#9178,.T.);
#8155=EDGE_CURVE('',#7342,#7345,#9179,.T.);
#8156=EDGE_CURVE('',#7345,#7346,#9180,.T.);
#8157=EDGE_CURVE('',#7340,#7346,#9181,.T.);
#8158=EDGE_CURVE('',#7346,#7343,#9182,.T.);
#8159=EDGE_CURVE('',#7347,#7348,#9183,.T.);
#8160=EDGE_CURVE('',#7349,#7348,#9184,.T.);
#8161=EDGE_CURVE('',#7349,#7350,#9185,.T.);
#8162=EDGE_CURVE('',#7347,#7350,#9186,.T.);
#8163=EDGE_CURVE('',#7351,#7352,#9187,.T.);
#8164=EDGE_CURVE('',#7351,#7349,#9188,.T.);
#8165=EDGE_CURVE('',#7348,#7352,#9189,.T.);
#8166=EDGE_CURVE('',#7350,#7353,#9190,.T.);
#8167=EDGE_CURVE('',#7354,#7353,#9191,.T.);
#8168=EDGE_CURVE('',#7354,#7347,#9192,.T.);
#8169=EDGE_CURVE('',#7352,#7354,#9193,.T.);
#8170=EDGE_CURVE('',#7353,#7351,#9194,.T.);
#8171=EDGE_CURVE('',#7355,#7356,#9195,.T.);
#8172=EDGE_CURVE('',#7357,#7355,#9196,.T.);
#8173=EDGE_CURVE('',#7358,#7357,#9197,.T.);
#8174=EDGE_CURVE('',#7356,#7358,#9198,.T.);
#8175=EDGE_CURVE('',#7359,#7355,#9199,.T.);
#8176=EDGE_CURVE('',#7359,#7360,#9200,.T.);
#8177=EDGE_CURVE('',#7360,#7357,#9201,.T.);
#8178=EDGE_CURVE('',#7360,#7361,#9202,.T.);
#8179=EDGE_CURVE('',#7358,#7361,#9203,.T.);
#8180=EDGE_CURVE('',#7361,#7362,#9204,.T.);
#8181=EDGE_CURVE('',#7356,#7362,#9205,.T.);
#8182=EDGE_CURVE('',#7362,#7359,#9206,.T.);
#8183=EDGE_CURVE('',#7363,#7364,#9207,.T.);
#8184=EDGE_CURVE('',#7365,#7364,#9208,.T.);
#8185=EDGE_CURVE('',#7365,#7366,#9209,.T.);
#8186=EDGE_CURVE('',#7363,#7366,#9210,.T.);
#8187=EDGE_CURVE('',#7367,#7368,#9211,.T.);
#8188=EDGE_CURVE('',#7367,#7365,#9212,.T.);
#8189=EDGE_CURVE('',#7364,#7368,#9213,.T.);
#8190=EDGE_CURVE('',#7366,#7369,#9214,.T.);
#8191=EDGE_CURVE('',#7370,#7369,#9215,.T.);
#8192=EDGE_CURVE('',#7370,#7363,#9216,.T.);
#8193=EDGE_CURVE('',#7368,#7370,#9217,.T.);
#8194=EDGE_CURVE('',#7369,#7367,#9218,.T.);
#8195=EDGE_CURVE('',#7371,#7372,#9219,.T.);
#8196=EDGE_CURVE('',#7373,#7371,#9220,.T.);
#8197=EDGE_CURVE('',#7374,#7373,#9221,.T.);
#8198=EDGE_CURVE('',#7372,#7374,#9222,.T.);
#8199=EDGE_CURVE('',#7375,#7371,#9223,.T.);
#8200=EDGE_CURVE('',#7375,#7376,#9224,.T.);
#8201=EDGE_CURVE('',#7376,#7373,#9225,.T.);
#8202=EDGE_CURVE('',#7376,#7377,#9226,.T.);
#8203=EDGE_CURVE('',#7374,#7377,#9227,.T.);
#8204=EDGE_CURVE('',#7377,#7378,#9228,.T.);
#8205=EDGE_CURVE('',#7372,#7378,#9229,.T.);
#8206=EDGE_CURVE('',#7378,#7375,#9230,.T.);
#8207=EDGE_CURVE('',#7379,#7380,#9231,.T.);
#8208=EDGE_CURVE('',#7381,#7380,#9232,.T.);
#8209=EDGE_CURVE('',#7381,#7382,#9233,.T.);
#8210=EDGE_CURVE('',#7379,#7382,#9234,.T.);
#8211=EDGE_CURVE('',#7383,#7384,#9235,.T.);
#8212=EDGE_CURVE('',#7383,#7381,#9236,.T.);
#8213=EDGE_CURVE('',#7380,#7384,#9237,.T.);
#8214=EDGE_CURVE('',#7382,#7385,#9238,.T.);
#8215=EDGE_CURVE('',#7386,#7385,#9239,.T.);
#8216=EDGE_CURVE('',#7386,#7379,#9240,.T.);
#8217=EDGE_CURVE('',#7384,#7386,#9241,.T.);
#8218=EDGE_CURVE('',#7385,#7383,#9242,.T.);
#8219=EDGE_CURVE('',#7387,#7388,#9243,.T.);
#8220=EDGE_CURVE('',#7389,#7387,#9244,.T.);
#8221=EDGE_CURVE('',#7390,#7389,#9245,.T.);
#8222=EDGE_CURVE('',#7388,#7390,#9246,.T.);
#8223=EDGE_CURVE('',#7391,#7387,#9247,.T.);
#8224=EDGE_CURVE('',#7391,#7392,#9248,.T.);
#8225=EDGE_CURVE('',#7392,#7389,#9249,.T.);
#8226=EDGE_CURVE('',#7392,#7393,#9250,.T.);
#8227=EDGE_CURVE('',#7390,#7393,#9251,.T.);
#8228=EDGE_CURVE('',#7393,#7394,#9252,.T.);
#8229=EDGE_CURVE('',#7388,#7394,#9253,.T.);
#8230=EDGE_CURVE('',#7394,#7391,#9254,.T.);
#8231=EDGE_CURVE('',#7395,#7396,#9255,.T.);
#8232=EDGE_CURVE('',#7397,#7396,#9256,.T.);
#8233=EDGE_CURVE('',#7397,#7398,#9257,.T.);
#8234=EDGE_CURVE('',#7395,#7398,#9258,.T.);
#8235=EDGE_CURVE('',#7399,#7400,#9259,.T.);
#8236=EDGE_CURVE('',#7399,#7397,#9260,.T.);
#8237=EDGE_CURVE('',#7396,#7400,#9261,.T.);
#8238=EDGE_CURVE('',#7398,#7401,#9262,.T.);
#8239=EDGE_CURVE('',#7402,#7401,#9263,.T.);
#8240=EDGE_CURVE('',#7402,#7395,#9264,.T.);
#8241=EDGE_CURVE('',#7400,#7402,#9265,.T.);
#8242=EDGE_CURVE('',#7401,#7399,#9266,.T.);
#8243=EDGE_CURVE('',#7403,#7404,#9267,.T.);
#8244=EDGE_CURVE('',#7405,#7403,#9268,.T.);
#8245=EDGE_CURVE('',#7406,#7405,#9269,.T.);
#8246=EDGE_CURVE('',#7404,#7406,#9270,.T.);
#8247=EDGE_CURVE('',#7407,#7403,#9271,.T.);
#8248=EDGE_CURVE('',#7407,#7408,#9272,.T.);
#8249=EDGE_CURVE('',#7408,#7405,#9273,.T.);
#8250=EDGE_CURVE('',#7408,#7409,#9274,.T.);
#8251=EDGE_CURVE('',#7406,#7409,#9275,.T.);
#8252=EDGE_CURVE('',#7409,#7410,#9276,.T.);
#8253=EDGE_CURVE('',#7404,#7410,#9277,.T.);
#8254=EDGE_CURVE('',#7410,#7407,#9278,.T.);
#8255=EDGE_CURVE('',#7411,#7412,#9279,.T.);
#8256=EDGE_CURVE('',#7413,#7412,#9280,.T.);
#8257=EDGE_CURVE('',#7413,#7414,#9281,.T.);
#8258=EDGE_CURVE('',#7411,#7414,#9282,.T.);
#8259=EDGE_CURVE('',#7415,#7416,#9283,.T.);
#8260=EDGE_CURVE('',#7415,#7413,#9284,.T.);
#8261=EDGE_CURVE('',#7412,#7416,#9285,.T.);
#8262=EDGE_CURVE('',#7414,#7417,#9286,.T.);
#8263=EDGE_CURVE('',#7418,#7417,#9287,.T.);
#8264=EDGE_CURVE('',#7418,#7411,#9288,.T.);
#8265=EDGE_CURVE('',#7416,#7418,#9289,.T.);
#8266=EDGE_CURVE('',#7417,#7415,#9290,.T.);
#8267=EDGE_CURVE('',#7419,#7420,#9291,.T.);
#8268=EDGE_CURVE('',#7421,#7419,#9292,.T.);
#8269=EDGE_CURVE('',#7422,#7421,#9293,.T.);
#8270=EDGE_CURVE('',#7420,#7422,#9294,.T.);
#8271=EDGE_CURVE('',#7423,#7419,#9295,.T.);
#8272=EDGE_CURVE('',#7423,#7424,#9296,.T.);
#8273=EDGE_CURVE('',#7424,#7421,#9297,.T.);
#8274=EDGE_CURVE('',#7424,#7425,#9298,.T.);
#8275=EDGE_CURVE('',#7422,#7425,#9299,.T.);
#8276=EDGE_CURVE('',#7425,#7426,#9300,.T.);
#8277=EDGE_CURVE('',#7420,#7426,#9301,.T.);
#8278=EDGE_CURVE('',#7426,#7423,#9302,.T.);
#8279=EDGE_CURVE('',#7427,#7428,#9303,.T.);
#8280=EDGE_CURVE('',#7429,#7428,#9304,.T.);
#8281=EDGE_CURVE('',#7429,#7430,#9305,.T.);
#8282=EDGE_CURVE('',#7427,#7430,#9306,.T.);
#8283=EDGE_CURVE('',#7431,#7432,#9307,.T.);
#8284=EDGE_CURVE('',#7431,#7429,#9308,.T.);
#8285=EDGE_CURVE('',#7428,#7432,#9309,.T.);
#8286=EDGE_CURVE('',#7430,#7433,#9310,.T.);
#8287=EDGE_CURVE('',#7434,#7433,#9311,.T.);
#8288=EDGE_CURVE('',#7434,#7427,#9312,.T.);
#8289=EDGE_CURVE('',#7432,#7434,#9313,.T.);
#8290=EDGE_CURVE('',#7433,#7431,#9314,.T.);
#8291=EDGE_CURVE('',#7435,#7436,#9315,.T.);
#8292=EDGE_CURVE('',#7437,#7435,#9316,.T.);
#8293=EDGE_CURVE('',#7438,#7437,#9317,.T.);
#8294=EDGE_CURVE('',#7436,#7438,#9318,.T.);
#8295=EDGE_CURVE('',#7439,#7435,#9319,.T.);
#8296=EDGE_CURVE('',#7439,#7440,#9320,.T.);
#8297=EDGE_CURVE('',#7440,#7437,#9321,.T.);
#8298=EDGE_CURVE('',#7440,#7441,#9322,.T.);
#8299=EDGE_CURVE('',#7438,#7441,#9323,.T.);
#8300=EDGE_CURVE('',#7441,#7442,#9324,.T.);
#8301=EDGE_CURVE('',#7436,#7442,#9325,.T.);
#8302=EDGE_CURVE('',#7442,#7439,#9326,.T.);
#8303=EDGE_CURVE('',#7443,#7444,#9327,.T.);
#8304=EDGE_CURVE('',#7445,#7444,#9328,.T.);
#8305=EDGE_CURVE('',#7445,#7446,#9329,.T.);
#8306=EDGE_CURVE('',#7443,#7446,#9330,.T.);
#8307=EDGE_CURVE('',#7447,#7448,#9331,.T.);
#8308=EDGE_CURVE('',#7447,#7445,#9332,.T.);
#8309=EDGE_CURVE('',#7444,#7448,#9333,.T.);
#8310=EDGE_CURVE('',#7446,#7449,#9334,.T.);
#8311=EDGE_CURVE('',#7450,#7449,#9335,.T.);
#8312=EDGE_CURVE('',#7450,#7443,#9336,.T.);
#8313=EDGE_CURVE('',#7448,#7450,#9337,.T.);
#8314=EDGE_CURVE('',#7449,#7447,#9338,.T.);
#8315=EDGE_CURVE('',#7451,#7452,#9339,.T.);
#8316=EDGE_CURVE('',#7453,#7451,#9340,.T.);
#8317=EDGE_CURVE('',#7454,#7453,#9341,.T.);
#8318=EDGE_CURVE('',#7452,#7454,#9342,.T.);
#8319=EDGE_CURVE('',#7455,#7451,#9343,.T.);
#8320=EDGE_CURVE('',#7455,#7456,#9344,.T.);
#8321=EDGE_CURVE('',#7456,#7453,#9345,.T.);
#8322=EDGE_CURVE('',#7456,#7457,#9346,.T.);
#8323=EDGE_CURVE('',#7454,#7457,#9347,.T.);
#8324=EDGE_CURVE('',#7457,#7458,#9348,.T.);
#8325=EDGE_CURVE('',#7452,#7458,#9349,.T.);
#8326=EDGE_CURVE('',#7458,#7455,#9350,.T.);
#8327=EDGE_CURVE('',#7459,#7460,#9351,.T.);
#8328=EDGE_CURVE('',#7461,#7460,#9352,.T.);
#8329=EDGE_CURVE('',#7461,#7462,#9353,.T.);
#8330=EDGE_CURVE('',#7459,#7462,#9354,.T.);
#8331=EDGE_CURVE('',#7463,#7464,#9355,.T.);
#8332=EDGE_CURVE('',#7463,#7461,#9356,.T.);
#8333=EDGE_CURVE('',#7460,#7464,#9357,.T.);
#8334=EDGE_CURVE('',#7462,#7465,#9358,.T.);
#8335=EDGE_CURVE('',#7466,#7465,#9359,.T.);
#8336=EDGE_CURVE('',#7466,#7459,#9360,.T.);
#8337=EDGE_CURVE('',#7464,#7466,#9361,.T.);
#8338=EDGE_CURVE('',#7465,#7463,#9362,.T.);
#8339=EDGE_CURVE('',#7467,#7468,#9363,.T.);
#8340=EDGE_CURVE('',#7469,#7467,#9364,.T.);
#8341=EDGE_CURVE('',#7470,#7469,#9365,.T.);
#8342=EDGE_CURVE('',#7468,#7470,#9366,.T.);
#8343=EDGE_CURVE('',#7471,#7467,#9367,.T.);
#8344=EDGE_CURVE('',#7471,#7472,#9368,.T.);
#8345=EDGE_CURVE('',#7472,#7469,#9369,.T.);
#8346=EDGE_CURVE('',#7472,#7473,#9370,.T.);
#8347=EDGE_CURVE('',#7470,#7473,#9371,.T.);
#8348=EDGE_CURVE('',#7473,#7474,#9372,.T.);
#8349=EDGE_CURVE('',#7468,#7474,#9373,.T.);
#8350=EDGE_CURVE('',#7474,#7471,#9374,.T.);
#8351=EDGE_CURVE('',#7475,#7476,#9375,.T.);
#8352=EDGE_CURVE('',#7477,#7476,#9376,.T.);
#8353=EDGE_CURVE('',#7477,#7478,#9377,.T.);
#8354=EDGE_CURVE('',#7475,#7478,#9378,.T.);
#8355=EDGE_CURVE('',#7479,#7480,#9379,.T.);
#8356=EDGE_CURVE('',#7479,#7477,#9380,.T.);
#8357=EDGE_CURVE('',#7476,#7480,#9381,.T.);
#8358=EDGE_CURVE('',#7478,#7481,#9382,.T.);
#8359=EDGE_CURVE('',#7482,#7481,#9383,.T.);
#8360=EDGE_CURVE('',#7482,#7475,#9384,.T.);
#8361=EDGE_CURVE('',#7480,#7482,#9385,.T.);
#8362=EDGE_CURVE('',#7481,#7479,#9386,.T.);
#8363=EDGE_CURVE('',#7483,#7484,#9387,.T.);
#8364=EDGE_CURVE('',#7485,#7483,#9388,.T.);
#8365=EDGE_CURVE('',#7486,#7485,#9389,.T.);
#8366=EDGE_CURVE('',#7484,#7486,#9390,.T.);
#8367=EDGE_CURVE('',#7487,#7483,#9391,.T.);
#8368=EDGE_CURVE('',#7487,#7488,#9392,.T.);
#8369=EDGE_CURVE('',#7488,#7485,#9393,.T.);
#8370=EDGE_CURVE('',#7488,#7489,#9394,.T.);
#8371=EDGE_CURVE('',#7486,#7489,#9395,.T.);
#8372=EDGE_CURVE('',#7489,#7490,#9396,.T.);
#8373=EDGE_CURVE('',#7484,#7490,#9397,.T.);
#8374=EDGE_CURVE('',#7490,#7487,#9398,.T.);
#8375=EDGE_CURVE('',#7491,#7492,#9399,.T.);
#8376=EDGE_CURVE('',#7493,#7492,#9400,.T.);
#8377=EDGE_CURVE('',#7493,#7494,#9401,.T.);
#8378=EDGE_CURVE('',#7491,#7494,#9402,.T.);
#8379=EDGE_CURVE('',#7495,#7496,#9403,.T.);
#8380=EDGE_CURVE('',#7495,#7493,#9404,.T.);
#8381=EDGE_CURVE('',#7492,#7496,#9405,.T.);
#8382=EDGE_CURVE('',#7494,#7497,#9406,.T.);
#8383=EDGE_CURVE('',#7498,#7497,#9407,.T.);
#8384=EDGE_CURVE('',#7498,#7491,#9408,.T.);
#8385=EDGE_CURVE('',#7496,#7498,#9409,.T.);
#8386=EDGE_CURVE('',#7497,#7495,#9410,.T.);
#8387=EDGE_CURVE('',#7499,#7500,#9411,.T.);
#8388=EDGE_CURVE('',#7501,#7499,#9412,.T.);
#8389=EDGE_CURVE('',#7502,#7501,#9413,.T.);
#8390=EDGE_CURVE('',#7500,#7502,#9414,.T.);
#8391=EDGE_CURVE('',#7503,#7499,#9415,.T.);
#8392=EDGE_CURVE('',#7503,#7504,#9416,.T.);
#8393=EDGE_CURVE('',#7504,#7501,#9417,.T.);
#8394=EDGE_CURVE('',#7504,#7505,#9418,.T.);
#8395=EDGE_CURVE('',#7502,#7505,#9419,.T.);
#8396=EDGE_CURVE('',#7505,#7506,#9420,.T.);
#8397=EDGE_CURVE('',#7500,#7506,#9421,.T.);
#8398=EDGE_CURVE('',#7506,#7503,#9422,.T.);
#8399=EDGE_CURVE('',#7507,#7508,#9423,.T.);
#8400=EDGE_CURVE('',#7509,#7508,#9424,.T.);
#8401=EDGE_CURVE('',#7509,#7510,#9425,.T.);
#8402=EDGE_CURVE('',#7507,#7510,#9426,.T.);
#8403=EDGE_CURVE('',#7511,#7512,#9427,.T.);
#8404=EDGE_CURVE('',#7511,#7509,#9428,.T.);
#8405=EDGE_CURVE('',#7508,#7512,#9429,.T.);
#8406=EDGE_CURVE('',#7510,#7513,#9430,.T.);
#8407=EDGE_CURVE('',#7514,#7513,#9431,.T.);
#8408=EDGE_CURVE('',#7514,#7507,#9432,.T.);
#8409=EDGE_CURVE('',#7512,#7514,#9433,.T.);
#8410=EDGE_CURVE('',#7513,#7511,#9434,.T.);
#8411=EDGE_CURVE('',#7515,#7516,#9435,.T.);
#8412=EDGE_CURVE('',#7517,#7515,#9436,.T.);
#8413=EDGE_CURVE('',#7518,#7517,#9437,.T.);
#8414=EDGE_CURVE('',#7516,#7518,#9438,.T.);
#8415=EDGE_CURVE('',#7519,#7515,#9439,.T.);
#8416=EDGE_CURVE('',#7519,#7520,#9440,.T.);
#8417=EDGE_CURVE('',#7520,#7517,#9441,.T.);
#8418=EDGE_CURVE('',#7520,#7521,#9442,.T.);
#8419=EDGE_CURVE('',#7518,#7521,#9443,.T.);
#8420=EDGE_CURVE('',#7521,#7522,#9444,.T.);
#8421=EDGE_CURVE('',#7516,#7522,#9445,.T.);
#8422=EDGE_CURVE('',#7522,#7519,#9446,.T.);
#8423=EDGE_CURVE('',#7523,#7524,#9447,.T.);
#8424=EDGE_CURVE('',#7525,#7524,#9448,.T.);
#8425=EDGE_CURVE('',#7525,#7526,#9449,.T.);
#8426=EDGE_CURVE('',#7523,#7526,#9450,.T.);
#8427=EDGE_CURVE('',#7527,#7528,#9451,.T.);
#8428=EDGE_CURVE('',#7527,#7525,#9452,.T.);
#8429=EDGE_CURVE('',#7524,#7528,#9453,.T.);
#8430=EDGE_CURVE('',#7526,#7529,#9454,.T.);
#8431=EDGE_CURVE('',#7530,#7529,#9455,.T.);
#8432=EDGE_CURVE('',#7530,#7523,#9456,.T.);
#8433=EDGE_CURVE('',#7528,#7530,#9457,.T.);
#8434=EDGE_CURVE('',#7529,#7527,#9458,.T.);
#8435=EDGE_CURVE('',#7531,#7532,#9459,.T.);
#8436=EDGE_CURVE('',#7533,#7531,#9460,.T.);
#8437=EDGE_CURVE('',#7534,#7533,#9461,.T.);
#8438=EDGE_CURVE('',#7532,#7534,#9462,.T.);
#8439=EDGE_CURVE('',#7535,#7531,#9463,.T.);
#8440=EDGE_CURVE('',#7535,#7536,#9464,.T.);
#8441=EDGE_CURVE('',#7536,#7533,#9465,.T.);
#8442=EDGE_CURVE('',#7536,#7537,#9466,.T.);
#8443=EDGE_CURVE('',#7534,#7537,#9467,.T.);
#8444=EDGE_CURVE('',#7537,#7538,#9468,.T.);
#8445=EDGE_CURVE('',#7532,#7538,#9469,.T.);
#8446=EDGE_CURVE('',#7538,#7535,#9470,.T.);
#8447=EDGE_CURVE('',#7539,#7540,#9471,.T.);
#8448=EDGE_CURVE('',#7541,#7540,#9472,.T.);
#8449=EDGE_CURVE('',#7541,#7542,#9473,.T.);
#8450=EDGE_CURVE('',#7539,#7542,#9474,.T.);
#8451=EDGE_CURVE('',#7543,#7544,#9475,.T.);
#8452=EDGE_CURVE('',#7543,#7541,#9476,.T.);
#8453=EDGE_CURVE('',#7540,#7544,#9477,.T.);
#8454=EDGE_CURVE('',#7542,#7545,#9478,.T.);
#8455=EDGE_CURVE('',#7546,#7545,#9479,.T.);
#8456=EDGE_CURVE('',#7546,#7539,#9480,.T.);
#8457=EDGE_CURVE('',#7544,#7546,#9481,.T.);
#8458=EDGE_CURVE('',#7545,#7543,#9482,.T.);
#8459=EDGE_CURVE('',#7547,#7548,#9483,.T.);
#8460=EDGE_CURVE('',#7549,#7547,#9484,.T.);
#8461=EDGE_CURVE('',#7550,#7549,#9485,.T.);
#8462=EDGE_CURVE('',#7548,#7550,#9486,.T.);
#8463=EDGE_CURVE('',#7551,#7547,#9487,.T.);
#8464=EDGE_CURVE('',#7551,#7552,#9488,.T.);
#8465=EDGE_CURVE('',#7552,#7549,#9489,.T.);
#8466=EDGE_CURVE('',#7552,#7553,#9490,.T.);
#8467=EDGE_CURVE('',#7550,#7553,#9491,.T.);
#8468=EDGE_CURVE('',#7553,#7554,#9492,.T.);
#8469=EDGE_CURVE('',#7548,#7554,#9493,.T.);
#8470=EDGE_CURVE('',#7554,#7551,#9494,.T.);
#8471=EDGE_CURVE('',#7555,#7556,#9495,.T.);
#8472=EDGE_CURVE('',#7557,#7556,#9496,.T.);
#8473=EDGE_CURVE('',#7557,#7558,#9497,.T.);
#8474=EDGE_CURVE('',#7555,#7558,#9498,.T.);
#8475=EDGE_CURVE('',#7559,#7560,#9499,.T.);
#8476=EDGE_CURVE('',#7559,#7557,#9500,.T.);
#8477=EDGE_CURVE('',#7556,#7560,#9501,.T.);
#8478=EDGE_CURVE('',#7558,#7561,#9502,.T.);
#8479=EDGE_CURVE('',#7562,#7561,#9503,.T.);
#8480=EDGE_CURVE('',#7562,#7555,#9504,.T.);
#8481=EDGE_CURVE('',#7560,#7562,#9505,.T.);
#8482=EDGE_CURVE('',#7561,#7559,#9506,.T.);
#8483=EDGE_CURVE('',#7563,#7564,#9507,.T.);
#8484=EDGE_CURVE('',#7565,#7563,#9508,.T.);
#8485=EDGE_CURVE('',#7566,#7565,#9509,.T.);
#8486=EDGE_CURVE('',#7564,#7566,#9510,.T.);
#8487=EDGE_CURVE('',#7567,#7563,#9511,.T.);
#8488=EDGE_CURVE('',#7567,#7568,#9512,.T.);
#8489=EDGE_CURVE('',#7568,#7565,#9513,.T.);
#8490=EDGE_CURVE('',#7568,#7569,#9514,.T.);
#8491=EDGE_CURVE('',#7566,#7569,#9515,.T.);
#8492=EDGE_CURVE('',#7569,#7570,#9516,.T.);
#8493=EDGE_CURVE('',#7564,#7570,#9517,.T.);
#8494=EDGE_CURVE('',#7570,#7567,#9518,.T.);
#8495=EDGE_CURVE('',#7571,#7572,#9519,.T.);
#8496=EDGE_CURVE('',#7573,#7572,#9520,.T.);
#8497=EDGE_CURVE('',#7573,#7574,#9521,.T.);
#8498=EDGE_CURVE('',#7571,#7574,#9522,.T.);
#8499=EDGE_CURVE('',#7575,#7576,#9523,.T.);
#8500=EDGE_CURVE('',#7575,#7573,#9524,.T.);
#8501=EDGE_CURVE('',#7572,#7576,#9525,.T.);
#8502=EDGE_CURVE('',#7574,#7577,#9526,.T.);
#8503=EDGE_CURVE('',#7578,#7577,#9527,.T.);
#8504=EDGE_CURVE('',#7578,#7571,#9528,.T.);
#8505=EDGE_CURVE('',#7576,#7578,#9529,.T.);
#8506=EDGE_CURVE('',#7577,#7575,#9530,.T.);
#8507=EDGE_CURVE('',#7579,#7580,#9531,.T.);
#8508=EDGE_CURVE('',#7581,#7579,#9532,.T.);
#8509=EDGE_CURVE('',#7582,#7581,#9533,.T.);
#8510=EDGE_CURVE('',#7580,#7582,#9534,.T.);
#8511=EDGE_CURVE('',#7583,#7579,#9535,.T.);
#8512=EDGE_CURVE('',#7583,#7584,#9536,.T.);
#8513=EDGE_CURVE('',#7584,#7581,#9537,.T.);
#8514=EDGE_CURVE('',#7584,#7585,#9538,.T.);
#8515=EDGE_CURVE('',#7582,#7585,#9539,.T.);
#8516=EDGE_CURVE('',#7585,#7586,#9540,.T.);
#8517=EDGE_CURVE('',#7580,#7586,#9541,.T.);
#8518=EDGE_CURVE('',#7586,#7583,#9542,.T.);
#8519=EDGE_CURVE('',#7587,#7588,#9543,.T.);
#8520=EDGE_CURVE('',#7589,#7588,#9544,.T.);
#8521=EDGE_CURVE('',#7589,#7590,#9545,.T.);
#8522=EDGE_CURVE('',#7587,#7590,#9546,.T.);
#8523=EDGE_CURVE('',#7591,#7592,#9547,.T.);
#8524=EDGE_CURVE('',#7591,#7589,#9548,.T.);
#8525=EDGE_CURVE('',#7588,#7592,#9549,.T.);
#8526=EDGE_CURVE('',#7590,#7593,#9550,.T.);
#8527=EDGE_CURVE('',#7594,#7593,#9551,.T.);
#8528=EDGE_CURVE('',#7594,#7587,#9552,.T.);
#8529=EDGE_CURVE('',#7592,#7594,#9553,.T.);
#8530=EDGE_CURVE('',#7593,#7591,#9554,.T.);
#8531=EDGE_CURVE('',#7595,#7596,#9555,.T.);
#8532=EDGE_CURVE('',#7597,#7595,#9556,.T.);
#8533=EDGE_CURVE('',#7598,#7597,#9557,.T.);
#8534=EDGE_CURVE('',#7596,#7598,#9558,.T.);
#8535=EDGE_CURVE('',#7599,#7595,#9559,.T.);
#8536=EDGE_CURVE('',#7599,#7600,#9560,.T.);
#8537=EDGE_CURVE('',#7600,#7597,#9561,.T.);
#8538=EDGE_CURVE('',#7600,#7601,#9562,.T.);
#8539=EDGE_CURVE('',#7598,#7601,#9563,.T.);
#8540=EDGE_CURVE('',#7601,#7602,#9564,.T.);
#8541=EDGE_CURVE('',#7596,#7602,#9565,.T.);
#8542=EDGE_CURVE('',#7602,#7599,#9566,.T.);
#8543=EDGE_CURVE('',#7603,#7604,#9567,.T.);
#8544=EDGE_CURVE('',#7605,#7604,#9568,.T.);
#8545=EDGE_CURVE('',#7605,#7606,#9569,.T.);
#8546=EDGE_CURVE('',#7603,#7606,#9570,.T.);
#8547=EDGE_CURVE('',#7607,#7608,#9571,.T.);
#8548=EDGE_CURVE('',#7607,#7605,#9572,.T.);
#8549=EDGE_CURVE('',#7604,#7608,#9573,.T.);
#8550=EDGE_CURVE('',#7606,#7609,#9574,.T.);
#8551=EDGE_CURVE('',#7610,#7609,#9575,.T.);
#8552=EDGE_CURVE('',#7610,#7603,#9576,.T.);
#8553=EDGE_CURVE('',#7608,#7610,#9577,.T.);
#8554=EDGE_CURVE('',#7609,#7607,#9578,.T.);
#8555=EDGE_CURVE('',#7611,#7612,#9579,.T.);
#8556=EDGE_CURVE('',#7613,#7611,#9580,.T.);
#8557=EDGE_CURVE('',#7614,#7613,#9581,.T.);
#8558=EDGE_CURVE('',#7612,#7614,#9582,.T.);
#8559=EDGE_CURVE('',#7615,#7611,#9583,.T.);
#8560=EDGE_CURVE('',#7615,#7616,#9584,.T.);
#8561=EDGE_CURVE('',#7616,#7613,#9585,.T.);
#8562=EDGE_CURVE('',#7616,#7617,#9586,.T.);
#8563=EDGE_CURVE('',#7614,#7617,#9587,.T.);
#8564=EDGE_CURVE('',#7617,#7618,#9588,.T.);
#8565=EDGE_CURVE('',#7612,#7618,#9589,.T.);
#8566=EDGE_CURVE('',#7618,#7615,#9590,.T.);
#8567=EDGE_CURVE('',#7619,#7620,#9591,.T.);
#8568=EDGE_CURVE('',#7621,#7620,#9592,.T.);
#8569=EDGE_CURVE('',#7621,#7622,#9593,.T.);
#8570=EDGE_CURVE('',#7619,#7622,#9594,.T.);
#8571=EDGE_CURVE('',#7623,#7624,#9595,.T.);
#8572=EDGE_CURVE('',#7623,#7621,#9596,.T.);
#8573=EDGE_CURVE('',#7620,#7624,#9597,.T.);
#8574=EDGE_CURVE('',#7622,#7625,#9598,.T.);
#8575=EDGE_CURVE('',#7626,#7625,#9599,.T.);
#8576=EDGE_CURVE('',#7626,#7619,#9600,.T.);
#8577=EDGE_CURVE('',#7624,#7626,#9601,.T.);
#8578=EDGE_CURVE('',#7625,#7623,#9602,.T.);
#8579=EDGE_CURVE('',#7627,#7628,#9603,.T.);
#8580=EDGE_CURVE('',#7629,#7627,#9604,.T.);
#8581=EDGE_CURVE('',#7630,#7629,#9605,.T.);
#8582=EDGE_CURVE('',#7628,#7630,#9606,.T.);
#8583=EDGE_CURVE('',#7631,#7627,#9607,.T.);
#8584=EDGE_CURVE('',#7631,#7632,#9608,.T.);
#8585=EDGE_CURVE('',#7632,#7629,#9609,.T.);
#8586=EDGE_CURVE('',#7632,#7633,#9610,.T.);
#8587=EDGE_CURVE('',#7630,#7633,#9611,.T.);
#8588=EDGE_CURVE('',#7633,#7634,#9612,.T.);
#8589=EDGE_CURVE('',#7628,#7634,#9613,.T.);
#8590=EDGE_CURVE('',#7634,#7631,#9614,.T.);
#8591=EDGE_CURVE('',#7635,#7636,#9615,.T.);
#8592=EDGE_CURVE('',#7637,#7636,#9616,.T.);
#8593=EDGE_CURVE('',#7637,#7638,#9617,.T.);
#8594=EDGE_CURVE('',#7635,#7638,#9618,.T.);
#8595=EDGE_CURVE('',#7639,#7640,#9619,.T.);
#8596=EDGE_CURVE('',#7639,#7637,#9620,.T.);
#8597=EDGE_CURVE('',#7636,#7640,#9621,.T.);
#8598=EDGE_CURVE('',#7638,#7641,#9622,.T.);
#8599=EDGE_CURVE('',#7642,#7641,#9623,.T.);
#8600=EDGE_CURVE('',#7642,#7635,#9624,.T.);
#8601=EDGE_CURVE('',#7640,#7642,#9625,.T.);
#8602=EDGE_CURVE('',#7641,#7639,#9626,.T.);
#8603=EDGE_CURVE('',#7643,#7644,#9627,.T.);
#8604=EDGE_CURVE('',#7645,#7643,#9628,.T.);
#8605=EDGE_CURVE('',#7646,#7645,#9629,.T.);
#8606=EDGE_CURVE('',#7644,#7646,#9630,.T.);
#8607=EDGE_CURVE('',#7647,#7643,#9631,.T.);
#8608=EDGE_CURVE('',#7647,#7648,#9632,.T.);
#8609=EDGE_CURVE('',#7648,#7645,#9633,.T.);
#8610=EDGE_CURVE('',#7648,#7649,#9634,.T.);
#8611=EDGE_CURVE('',#7646,#7649,#9635,.T.);
#8612=EDGE_CURVE('',#7649,#7650,#9636,.T.);
#8613=EDGE_CURVE('',#7644,#7650,#9637,.T.);
#8614=EDGE_CURVE('',#7650,#7647,#9638,.T.);
#8615=EDGE_CURVE('',#7651,#7651,#2945,.T.);
#8616=EDGE_CURVE('',#7652,#7652,#2946,.T.);
#8617=EDGE_CURVE('',#7653,#7653,#2947,.T.);
#8618=EDGE_CURVE('',#7654,#7654,#2948,.T.);
#8619=EDGE_CURVE('',#7655,#7655,#2949,.T.);
#8620=EDGE_CURVE('',#7656,#7656,#2950,.T.);
#8621=EDGE_CURVE('',#7657,#7657,#2951,.T.);
#8622=EDGE_CURVE('',#7658,#7658,#2952,.T.);
#8623=EDGE_CURVE('',#7659,#7659,#2953,.T.);
#8624=EDGE_CURVE('',#7660,#7660,#2954,.T.);
#8625=EDGE_CURVE('',#7661,#7661,#2955,.T.);
#8626=EDGE_CURVE('',#7662,#7662,#2956,.T.);
#8627=EDGE_CURVE('',#7663,#7663,#2957,.T.);
#8628=EDGE_CURVE('',#7664,#7664,#2958,.T.);
#8629=EDGE_CURVE('',#7665,#7665,#2959,.T.);
#8630=EDGE_CURVE('',#7666,#7666,#2960,.T.);
#8631=EDGE_CURVE('',#7667,#7667,#2961,.T.);
#8632=EDGE_CURVE('',#7668,#7668,#2962,.T.);
#8633=EDGE_CURVE('',#7669,#7669,#2963,.T.);
#8634=EDGE_CURVE('',#7670,#7670,#2964,.T.);
#8635=EDGE_CURVE('',#7671,#7671,#2965,.T.);
#8636=EDGE_CURVE('',#7672,#7672,#2966,.T.);
#8637=EDGE_CURVE('',#7673,#7673,#2967,.T.);
#8638=EDGE_CURVE('',#7674,#7674,#2968,.T.);
#8639=EDGE_CURVE('',#7675,#7675,#2969,.T.);
#8640=EDGE_CURVE('',#7676,#7676,#2970,.T.);
#8641=EDGE_CURVE('',#7677,#7677,#2971,.T.);
#8642=EDGE_CURVE('',#7678,#7678,#2972,.T.);
#8643=EDGE_CURVE('',#7679,#7679,#2973,.T.);
#8644=EDGE_CURVE('',#7680,#7680,#2974,.T.);
#8645=EDGE_CURVE('',#7681,#7681,#2975,.T.);
#8646=EDGE_CURVE('',#7682,#7682,#2976,.T.);
#8647=EDGE_CURVE('',#7683,#7683,#2977,.T.);
#8648=EDGE_CURVE('',#7684,#7684,#2978,.T.);
#8649=EDGE_CURVE('',#7685,#7685,#2979,.T.);
#8650=EDGE_CURVE('',#7686,#7686,#2980,.T.);
#8651=EDGE_CURVE('',#7687,#7687,#2981,.T.);
#8652=EDGE_CURVE('',#7688,#7688,#2982,.T.);
#8653=EDGE_CURVE('',#7689,#7689,#2983,.T.);
#8654=EDGE_CURVE('',#7690,#7690,#2984,.T.);
#8655=EDGE_CURVE('',#7691,#7691,#2985,.T.);
#8656=EDGE_CURVE('',#7692,#7692,#2986,.T.);
#8657=EDGE_CURVE('',#7693,#7693,#2987,.T.);
#8658=EDGE_CURVE('',#7694,#7694,#2988,.T.);
#8659=EDGE_CURVE('',#7695,#7695,#2989,.T.);
#8660=EDGE_CURVE('',#7696,#7696,#2990,.T.);
#8661=EDGE_CURVE('',#7697,#7697,#2991,.T.);
#8662=EDGE_CURVE('',#7698,#7698,#2992,.T.);
#8663=EDGE_CURVE('',#7699,#7699,#2993,.T.);
#8664=EDGE_CURVE('',#7700,#7700,#2994,.T.);
#8665=EDGE_CURVE('',#7701,#7701,#2995,.T.);
#8666=EDGE_CURVE('',#7702,#7702,#2996,.T.);
#8667=EDGE_CURVE('',#7703,#7703,#2997,.T.);
#8668=EDGE_CURVE('',#7704,#7704,#2998,.T.);
#8669=EDGE_CURVE('',#7705,#7705,#2999,.T.);
#8670=EDGE_CURVE('',#7706,#7706,#3000,.T.);
#8671=EDGE_CURVE('',#7707,#7707,#3001,.T.);
#8672=EDGE_CURVE('',#7708,#7708,#3002,.T.);
#8673=EDGE_CURVE('',#7709,#7709,#3003,.T.);
#8674=EDGE_CURVE('',#7710,#7710,#3004,.T.);
#8675=EDGE_CURVE('',#7711,#7711,#3005,.T.);
#8676=EDGE_CURVE('',#7712,#7712,#3006,.T.);
#8677=EDGE_CURVE('',#7713,#7713,#3007,.T.);
#8678=EDGE_CURVE('',#7714,#7714,#3008,.T.);
#8679=EDGE_CURVE('',#7715,#7715,#3009,.T.);
#8680=EDGE_CURVE('',#7716,#7716,#3010,.T.);
#8681=EDGE_CURVE('',#7717,#7717,#3011,.T.);
#8682=EDGE_CURVE('',#7718,#7718,#3012,.T.);
#8683=EDGE_CURVE('',#7719,#7719,#3013,.T.);
#8684=EDGE_CURVE('',#7720,#7720,#3014,.T.);
#8685=EDGE_CURVE('',#7721,#7721,#3015,.T.);
#8686=EDGE_CURVE('',#7722,#7722,#3016,.T.);
#8687=EDGE_CURVE('',#7723,#7723,#3017,.T.);
#8688=EDGE_CURVE('',#7724,#7724,#3018,.T.);
#8689=EDGE_CURVE('',#7725,#7725,#3019,.T.);
#8690=EDGE_CURVE('',#7726,#7726,#3020,.T.);
#8691=EDGE_CURVE('',#7727,#7727,#3021,.T.);
#8692=EDGE_CURVE('',#7728,#7728,#3022,.T.);
#8693=EDGE_CURVE('',#7729,#7729,#3023,.T.);
#8694=EDGE_CURVE('',#7730,#7730,#3024,.T.);
#8695=EDGE_CURVE('',#7731,#7731,#3025,.T.);
#8696=EDGE_CURVE('',#7732,#7732,#3026,.T.);
#8697=EDGE_CURVE('',#7733,#7733,#3027,.T.);
#8698=EDGE_CURVE('',#7734,#7734,#3028,.T.);
#8699=EDGE_CURVE('',#7735,#7735,#3029,.T.);
#8700=EDGE_CURVE('',#7736,#7736,#3030,.T.);
#8701=EDGE_CURVE('',#7737,#7737,#3031,.T.);
#8702=EDGE_CURVE('',#7738,#7738,#3032,.T.);
#8703=EDGE_CURVE('',#7739,#7739,#3033,.T.);
#8704=EDGE_CURVE('',#7740,#7740,#3034,.T.);
#8705=EDGE_CURVE('',#7741,#7741,#3035,.T.);
#8706=EDGE_CURVE('',#7742,#7742,#3036,.T.);
#8707=EDGE_CURVE('',#7743,#7743,#3037,.T.);
#8708=EDGE_CURVE('',#7744,#7744,#3038,.T.);
#8709=EDGE_CURVE('',#7745,#7745,#3039,.T.);
#8710=EDGE_CURVE('',#7746,#7746,#3040,.T.);
#8711=EDGE_CURVE('',#7747,#7747,#3041,.T.);
#8712=EDGE_CURVE('',#7748,#7748,#3042,.T.);
#8713=EDGE_CURVE('',#7749,#7749,#3043,.T.);
#8714=EDGE_CURVE('',#7750,#7750,#3044,.T.);
#8715=EDGE_CURVE('',#7751,#7751,#3045,.T.);
#8716=EDGE_CURVE('',#7752,#7752,#3046,.T.);
#8717=EDGE_CURVE('',#7753,#7753,#3047,.T.);
#8718=EDGE_CURVE('',#7754,#7754,#3048,.T.);
#8719=EDGE_CURVE('',#7755,#7755,#3049,.T.);
#8720=EDGE_CURVE('',#7756,#7756,#3050,.T.);
#8721=EDGE_CURVE('',#7757,#7757,#3051,.T.);
#8722=EDGE_CURVE('',#7758,#7758,#3052,.T.);
#8723=EDGE_CURVE('',#7759,#7759,#3053,.T.);
#8724=EDGE_CURVE('',#7760,#7760,#3054,.T.);
#8725=EDGE_CURVE('',#7761,#7761,#3055,.T.);
#8726=EDGE_CURVE('',#7762,#7762,#3056,.T.);
#8727=EDGE_CURVE('',#7763,#7763,#3057,.T.);
#8728=EDGE_CURVE('',#7764,#7764,#3058,.T.);
#8729=EDGE_CURVE('',#7765,#7765,#3059,.T.);
#8730=EDGE_CURVE('',#7766,#7766,#3060,.T.);
#8731=EDGE_CURVE('',#7767,#7767,#3061,.T.);
#8732=EDGE_CURVE('',#7768,#7768,#3062,.T.);
#8733=EDGE_CURVE('',#7769,#7769,#3063,.T.);
#8734=EDGE_CURVE('',#7770,#7770,#3064,.T.);
#8735=EDGE_CURVE('',#7771,#7771,#3065,.T.);
#8736=EDGE_CURVE('',#7772,#7772,#3066,.T.);
#8737=EDGE_CURVE('',#7773,#7773,#3067,.T.);
#8738=EDGE_CURVE('',#7774,#7774,#3068,.T.);
#8739=EDGE_CURVE('',#7775,#7775,#3069,.T.);
#8740=EDGE_CURVE('',#7776,#7776,#3070,.T.);
#8741=EDGE_CURVE('',#7777,#7777,#3071,.T.);
#8742=EDGE_CURVE('',#7778,#7778,#3072,.T.);
#8743=EDGE_CURVE('',#7779,#7779,#3073,.T.);
#8744=EDGE_CURVE('',#7780,#7780,#3074,.T.);
#8745=EDGE_CURVE('',#7781,#7782,#9639,.T.);
#8746=EDGE_CURVE('',#7783,#7781,#9640,.T.);
#8747=EDGE_CURVE('',#7783,#7784,#9641,.T.);
#8748=EDGE_CURVE('',#7782,#7784,#9642,.T.);
#8749=EDGE_CURVE('',#7785,#7782,#9643,.T.);
#8750=EDGE_CURVE('',#7786,#7785,#9644,.T.);
#8751=EDGE_CURVE('',#7787,#7786,#9645,.T.);
#8752=EDGE_CURVE('',#7788,#7787,#9646,.T.);
#8753=EDGE_CURVE('',#7789,#7788,#9647,.T.);
#8754=EDGE_CURVE('',#7790,#7789,#9648,.T.);
#8755=EDGE_CURVE('',#7781,#7790,#9649,.T.);
#8756=EDGE_CURVE('',#7791,#7792,#9650,.T.);
#8757=EDGE_CURVE('',#7788,#7791,#9651,.T.);
#8758=EDGE_CURVE('',#7787,#7792,#9652,.T.);
#8759=EDGE_CURVE('',#7793,#7794,#9653,.T.);
#8760=EDGE_CURVE('',#7795,#7794,#9654,.T.);
#8761=EDGE_CURVE('',#7796,#7795,#9655,.T.);
#8762=EDGE_CURVE('',#7793,#7796,#9656,.T.);
#8763=EDGE_CURVE('',#7797,#7798,#9657,.T.);
#8764=EDGE_CURVE('',#7794,#7797,#9658,.T.);
#8765=EDGE_CURVE('',#7798,#7793,#9659,.T.);
#8766=EDGE_CURVE('',#7799,#7796,#9660,.T.);
#8767=EDGE_CURVE('',#7791,#7799,#9661,.T.);
#8768=EDGE_CURVE('',#7792,#7798,#9662,.T.);
#8769=EDGE_CURVE('',#7800,#7786,#9663,.T.);
#8770=EDGE_CURVE('',#7800,#7801,#9664,.T.);
#8771=EDGE_CURVE('',#7797,#7801,#9665,.T.);
#8772=EDGE_CURVE('',#7802,#7803,#9666,.T.);
#8773=EDGE_CURVE('',#7804,#7802,#9667,.T.);
#8774=EDGE_CURVE('',#7805,#7804,#9668,.T.);
#8775=EDGE_CURVE('',#7803,#7805,#9669,.T.);
#8776=EDGE_CURVE('',#7806,#7807,#9670,.T.);
#8777=EDGE_CURVE('',#7803,#7807,#9671,.T.);
#8778=EDGE_CURVE('',#7805,#7806,#9672,.T.);
#8779=EDGE_CURVE('',#7801,#7806,#9673,.T.);
#8780=EDGE_CURVE('',#7807,#7800,#9674,.T.);
#8781=EDGE_CURVE('',#7808,#7785,#9675,.T.);
#8782=EDGE_CURVE('',#7808,#7809,#9676,.T.);
#8783=EDGE_CURVE('',#7809,#7802,#9677,.T.);
#8784=EDGE_CURVE('',#7810,#7811,#9678,.T.);
#8785=EDGE_CURVE('',#7812,#7810,#9679,.T.);
#8786=EDGE_CURVE('',#7812,#7813,#9680,.T.);
#8787=EDGE_CURVE('',#7811,#7813,#9681,.T.);
#8788=EDGE_CURVE('',#7814,#7815,#9682,.T.);
#8789=EDGE_CURVE('',#7810,#7814,#9683,.T.);
#8790=EDGE_CURVE('',#7815,#7811,#9684,.T.);
#8791=EDGE_CURVE('',#7816,#7817,#9685,.T.);
#8792=EDGE_CURVE('',#7818,#7816,#9686,.T.);
#8793=EDGE_CURVE('',#7819,#7818,#9687,.T.);
#8794=EDGE_CURVE('',#7817,#7819,#9688,.T.);
#8795=EDGE_CURVE('',#7820,#7821,#9689,.T.);
#8796=EDGE_CURVE('',#7816,#7821,#9690,.T.);
#8797=EDGE_CURVE('',#7820,#7817,#9691,.T.);
#8798=EDGE_CURVE('',#7822,#7819,#9692,.T.);
#8799=EDGE_CURVE('',#7822,#7820,#9693,.T.);
#8800=EDGE_CURVE('',#7823,#7822,#9694,.T.);
#8801=EDGE_CURVE('',#7821,#7823,#9695,.T.);
#8802=EDGE_CURVE('',#7818,#7823,#9696,.T.);
#8803=EDGE_CURVE('',#7824,#7825,#9697,.T.);
#8804=EDGE_CURVE('',#7826,#7824,#9698,.T.);
#8805=EDGE_CURVE('',#7827,#7826,#9699,.T.);
#8806=EDGE_CURVE('',#7825,#7827,#9700,.T.);
#8807=EDGE_CURVE('',#7828,#7829,#9701,.T.);
#8808=EDGE_CURVE('',#7824,#7829,#9702,.T.);
#8809=EDGE_CURVE('',#7828,#7825,#9703,.T.);
#8810=EDGE_CURVE('',#7830,#7827,#9704,.T.);
#8811=EDGE_CURVE('',#7830,#7828,#9705,.T.);
#8812=EDGE_CURVE('',#7831,#7830,#9706,.T.);
#8813=EDGE_CURVE('',#7829,#7831,#9707,.T.);
#8814=EDGE_CURVE('',#7826,#7831,#9708,.T.);
#8815=EDGE_CURVE('',#7832,#7833,#9709,.T.);
#8816=EDGE_CURVE('',#7834,#7832,#9710,.T.);
#8817=EDGE_CURVE('',#7835,#7834,#9711,.T.);
#8818=EDGE_CURVE('',#7833,#7835,#9712,.T.);
#8819=EDGE_CURVE('',#7836,#7837,#9713,.T.);
#8820=EDGE_CURVE('',#7832,#7837,#9714,.T.);
#8821=EDGE_CURVE('',#7836,#7833,#9715,.T.);
#8822=EDGE_CURVE('',#7838,#7835,#9716,.T.);
#8823=EDGE_CURVE('',#7838,#7836,#9717,.T.);
#8824=EDGE_CURVE('',#7839,#7838,#9718,.T.);
#8825=EDGE_CURVE('',#7837,#7839,#9719,.T.);
#8826=EDGE_CURVE('',#7834,#7839,#9720,.T.);
#8827=EDGE_CURVE('',#7840,#7841,#9721,.T.);
#8828=EDGE_CURVE('',#7842,#7840,#9722,.T.);
#8829=EDGE_CURVE('',#7843,#7842,#9723,.T.);
#8830=EDGE_CURVE('',#7841,#7843,#9724,.T.);
#8831=EDGE_CURVE('',#7844,#7845,#9725,.T.);
#8832=EDGE_CURVE('',#7840,#7845,#9726,.T.);
#8833=EDGE_CURVE('',#7844,#7841,#9727,.T.);
#8834=EDGE_CURVE('',#7846,#7843,#9728,.T.);
#8835=EDGE_CURVE('',#7846,#7844,#9729,.T.);
#8836=EDGE_CURVE('',#7847,#7846,#9730,.T.);
#8837=EDGE_CURVE('',#7845,#7847,#9731,.T.);
#8838=EDGE_CURVE('',#7842,#7847,#9732,.T.);
#8839=EDGE_CURVE('',#7848,#7849,#9733,.T.);
#8840=EDGE_CURVE('',#7849,#7850,#9734,.T.);
#8841=EDGE_CURVE('',#7850,#7851,#9735,.T.);
#8842=EDGE_CURVE('',#7851,#7852,#9736,.T.);
#8843=EDGE_CURVE('',#7852,#7853,#9737,.T.);
#8844=EDGE_CURVE('',#7853,#7854,#9738,.T.);
#8845=EDGE_CURVE('',#7855,#7854,#9739,.T.);
#8846=EDGE_CURVE('',#7855,#7848,#9740,.T.);
#8847=EDGE_CURVE('',#7815,#7855,#9741,.T.);
#8848=EDGE_CURVE('',#7854,#7856,#9742,.T.);
#8849=EDGE_CURVE('',#7815,#7856,#9743,.T.);
#8850=EDGE_CURVE('',#7848,#7811,#9744,.T.);
#8851=EDGE_CURVE('',#7813,#7849,#9745,.T.);
#8852=EDGE_CURVE('',#7813,#7808,#9746,.T.);
#8853=EDGE_CURVE('',#7850,#7808,#9747,.T.);
#8854=EDGE_CURVE('',#7785,#7851,#9748,.T.);
#8855=EDGE_CURVE('',#7782,#7852,#9749,.T.);
#8856=EDGE_CURVE('',#7853,#7784,#9750,.T.);
#8857=EDGE_CURVE('',#7784,#7856,#9751,.T.);
#8858=EDGE_CURVE('',#7857,#7783,#9752,.T.);
#8859=EDGE_CURVE('',#7856,#7857,#9753,.T.);
#8860=EDGE_CURVE('',#7857,#7858,#9754,.T.);
#8861=EDGE_CURVE('',#7858,#7859,#9755,.T.);
#8862=EDGE_CURVE('',#7859,#7860,#9756,.T.);
#8863=EDGE_CURVE('',#7860,#7861,#9757,.T.);
#8864=EDGE_CURVE('',#7861,#7814,#9758,.T.);
#8865=EDGE_CURVE('',#7862,#7858,#9759,.T.);
#8866=EDGE_CURVE('',#7863,#7862,#9760,.T.);
#8867=EDGE_CURVE('',#7859,#7863,#9761,.T.);
#8868=EDGE_CURVE('',#7864,#7863,#9762,.T.);
#8869=EDGE_CURVE('',#7864,#7860,#9763,.T.);
#8870=EDGE_CURVE('',#7865,#7864,#9764,.T.);
#8871=EDGE_CURVE('',#7861,#7865,#9765,.T.);
#8872=EDGE_CURVE('',#7866,#7867,#9766,.T.);
#8873=EDGE_CURVE('',#7867,#7868,#9767,.T.);
#8874=EDGE_CURVE('',#7868,#7865,#9768,.T.);
#8875=EDGE_CURVE('',#7862,#7869,#9769,.T.);
#8876=EDGE_CURVE('',#7869,#7870,#9770,.T.);
#8877=EDGE_CURVE('',#7870,#7871,#9771,.T.);
#8878=EDGE_CURVE('',#7871,#7872,#9772,.T.);
#8879=EDGE_CURVE('',#7873,#7872,#9773,.T.);
#8880=EDGE_CURVE('',#7873,#7866,#9774,.T.);
#8881=EDGE_CURVE('',#7874,#7875,#9775,.T.);
#8882=EDGE_CURVE('',#7870,#7875,#9776,.T.);
#8883=EDGE_CURVE('',#7869,#7874,#9777,.T.);
#8884=EDGE_CURVE('',#7874,#7790,#9778,.T.);
#8885=EDGE_CURVE('',#7875,#7789,#9779,.T.);
#8886=EDGE_CURVE('',#7871,#7799,#9780,.T.);
#8887=EDGE_CURVE('',#7876,#7795,#9781,.T.);
#8888=EDGE_CURVE('',#7872,#7876,#9782,.T.);
#8889=EDGE_CURVE('',#7877,#7878,#9783,.T.);
#8890=EDGE_CURVE('',#7878,#7879,#9784,.T.);
#8891=EDGE_CURVE('',#7879,#7876,#9785,.T.);
#8892=EDGE_CURVE('',#7804,#7880,#9786,.T.);
#8893=EDGE_CURVE('',#7880,#7877,#9787,.T.);
#8894=EDGE_CURVE('',#7878,#7881,#9788,.T.);
#8895=EDGE_CURVE('',#7877,#7882,#9789,.T.);
#8896=EDGE_CURVE('',#7881,#7882,#9790,.T.);
#8897=EDGE_CURVE('',#7883,#7880,#9791,.T.);
#8898=EDGE_CURVE('',#7882,#7883,#9792,.T.);
#8899=EDGE_CURVE('',#7883,#7884,#9793,.T.);
#8900=EDGE_CURVE('',#7885,#7884,#9794,.T.);
#8901=EDGE_CURVE('',#7886,#7885,#9795,.T.);
#8902=EDGE_CURVE('',#7881,#7886,#9796,.T.);
#8903=EDGE_CURVE('',#7809,#7887,#9797,.T.);
#8904=EDGE_CURVE('',#7884,#7887,#9798,.T.);
#8905=EDGE_CURVE('',#7887,#7888,#9799,.T.);
#8906=EDGE_CURVE('',#7885,#7888,#9800,.T.);
#8907=EDGE_CURVE('',#7889,#7812,#9801,.T.);
#8908=EDGE_CURVE('',#7890,#7889,#9802,.T.);
#8909=EDGE_CURVE('',#7888,#7890,#9803,.T.);
#8910=EDGE_CURVE('',#7891,#7892,#9804,.T.);
#8911=EDGE_CURVE('',#7890,#7892,#9805,.T.);
#8912=EDGE_CURVE('',#7889,#7891,#9806,.T.);
#8913=EDGE_CURVE('',#7891,#7868,#9807,.T.);
#8914=EDGE_CURVE('',#7892,#7867,#9808,.T.);
#8915=EDGE_CURVE('',#7886,#7866,#9809,.T.);
#8916=EDGE_CURVE('',#7879,#7873,#9810,.T.);
#8917=EDGE_CURVE('',#7893,#7893,#3075,.T.);
#8918=EDGE_CURVE('',#7894,#7894,#3076,.T.);
#8919=LINE('',#13483,#9811);
#8920=LINE('',#13486,#9812);
#8921=LINE('',#13488,#9813);
#8922=LINE('',#13490,#9814);
#8923=LINE('',#13492,#9815);
#8924=LINE('',#13495,#9816);
#8925=LINE('',#13496,#9817);
#8926=LINE('',#13498,#9818);
#8927=LINE('',#13500,#9819);
#8928=LINE('',#13502,#9820);
#8929=LINE('',#13504,#9821);
#8930=LINE('',#13506,#9822);
#8931=LINE('',#13508,#9823);
#8932=LINE('',#13511,#9824);
#8933=LINE('',#13513,#9825);
#8934=LINE('',#13515,#9826);
#8935=LINE('',#13517,#9827);
#8936=LINE('',#13519,#9828);
#8937=LINE('',#13521,#9829);
#8938=LINE('',#13523,#9830);
#8939=LINE('',#13525,#9831);
#8940=LINE('',#13527,#9832);
#8941=LINE('',#13529,#9833);
#8942=LINE('',#13531,#9834);
#8943=LINE('',#13533,#9835);
#8944=LINE('',#13536,#9836);
#8945=LINE('',#13538,#9837);
#8946=LINE('',#13540,#9838);
#8947=LINE('',#13542,#9839);
#8948=LINE('',#13545,#9840);
#8949=LINE('',#13546,#9841);
#8950=LINE('',#13548,#9842);
#8951=LINE('',#13550,#9843);
#8952=LINE('',#13552,#9844);
#8953=LINE('',#13554,#9845);
#8954=LINE('',#13556,#9846);
#8955=LINE('',#13558,#9847);
#8956=LINE('',#13561,#9848);
#8957=LINE('',#13563,#9849);
#8958=LINE('',#13565,#9850);
#8959=LINE('',#13567,#9851);
#8960=LINE('',#13569,#9852);
#8961=LINE('',#13571,#9853);
#8962=LINE('',#13573,#9854);
#8963=LINE('',#13575,#9855);
#8964=LINE('',#13577,#9856);
#8965=LINE('',#13579,#9857);
#8966=LINE('',#13581,#9858);
#8967=LINE('',#13583,#9859);
#8968=LINE('',#13586,#9860);
#8969=LINE('',#13588,#9861);
#8970=LINE('',#13590,#9862);
#8971=LINE('',#13592,#9863);
#8972=LINE('',#13595,#9864);
#8973=LINE('',#13596,#9865);
#8974=LINE('',#13598,#9866);
#8975=LINE('',#13600,#9867);
#8976=LINE('',#13602,#9868);
#8977=LINE('',#13604,#9869);
#8978=LINE('',#13606,#9870);
#8979=LINE('',#13608,#9871);
#8980=LINE('',#13611,#9872);
#8981=LINE('',#13613,#9873);
#8982=LINE('',#13615,#9874);
#8983=LINE('',#13617,#9875);
#8984=LINE('',#13619,#9876);
#8985=LINE('',#13621,#9877);
#8986=LINE('',#13623,#9878);
#8987=LINE('',#13625,#9879);
#8988=LINE('',#13627,#9880);
#8989=LINE('',#13629,#9881);
#8990=LINE('',#13631,#9882);
#8991=LINE('',#13633,#9883);
#8992=LINE('',#13636,#9884);
#8993=LINE('',#13638,#9885);
#8994=LINE('',#13640,#9886);
#8995=LINE('',#13642,#9887);
#8996=LINE('',#13645,#9888);
#8997=LINE('',#13646,#9889);
#8998=LINE('',#13648,#9890);
#8999=LINE('',#13650,#9891);
#9000=LINE('',#13652,#9892);
#9001=LINE('',#13654,#9893);
#9002=LINE('',#13656,#9894);
#9003=LINE('',#13658,#9895);
#9004=LINE('',#13661,#9896);
#9005=LINE('',#13663,#9897);
#9006=LINE('',#13665,#9898);
#9007=LINE('',#13667,#9899);
#9008=LINE('',#13669,#9900);
#9009=LINE('',#13671,#9901);
#9010=LINE('',#13673,#9902);
#9011=LINE('',#13675,#9903);
#9012=LINE('',#13677,#9904);
#9013=LINE('',#13679,#9905);
#9014=LINE('',#13681,#9906);
#9015=LINE('',#13683,#9907);
#9016=LINE('',#13686,#9908);
#9017=LINE('',#13688,#9909);
#9018=LINE('',#13690,#9910);
#9019=LINE('',#13692,#9911);
#9020=LINE('',#13695,#9912);
#9021=LINE('',#13696,#9913);
#9022=LINE('',#13698,#9914);
#9023=LINE('',#13700,#9915);
#9024=LINE('',#13702,#9916);
#9025=LINE('',#13704,#9917);
#9026=LINE('',#13706,#9918);
#9027=LINE('',#13708,#9919);
#9028=LINE('',#13711,#9920);
#9029=LINE('',#13713,#9921);
#9030=LINE('',#13715,#9922);
#9031=LINE('',#13717,#9923);
#9032=LINE('',#13719,#9924);
#9033=LINE('',#13721,#9925);
#9034=LINE('',#13723,#9926);
#9035=LINE('',#13725,#9927);
#9036=LINE('',#13727,#9928);
#9037=LINE('',#13729,#9929);
#9038=LINE('',#13731,#9930);
#9039=LINE('',#13733,#9931);
#9040=LINE('',#13736,#9932);
#9041=LINE('',#13738,#9933);
#9042=LINE('',#13740,#9934);
#9043=LINE('',#13742,#9935);
#9044=LINE('',#13745,#9936);
#9045=LINE('',#13746,#9937);
#9046=LINE('',#13748,#9938);
#9047=LINE('',#13750,#9939);
#9048=LINE('',#13752,#9940);
#9049=LINE('',#13754,#9941);
#9050=LINE('',#13756,#9942);
#9051=LINE('',#13758,#9943);
#9052=LINE('',#13761,#9944);
#9053=LINE('',#13763,#9945);
#9054=LINE('',#13765,#9946);
#9055=LINE('',#13767,#9947);
#9056=LINE('',#13769,#9948);
#9057=LINE('',#13771,#9949);
#9058=LINE('',#13773,#9950);
#9059=LINE('',#13775,#9951);
#9060=LINE('',#13777,#9952);
#9061=LINE('',#13779,#9953);
#9062=LINE('',#13781,#9954);
#9063=LINE('',#13783,#9955);
#9064=LINE('',#13786,#9956);
#9065=LINE('',#13788,#9957);
#9066=LINE('',#13790,#9958);
#9067=LINE('',#13792,#9959);
#9068=LINE('',#13795,#9960);
#9069=LINE('',#13796,#9961);
#9070=LINE('',#13798,#9962);
#9071=LINE('',#13800,#9963);
#9072=LINE('',#13802,#9964);
#9073=LINE('',#13804,#9965);
#9074=LINE('',#13806,#9966);
#9075=LINE('',#13808,#9967);
#9076=LINE('',#13811,#9968);
#9077=LINE('',#13813,#9969);
#9078=LINE('',#13815,#9970);
#9079=LINE('',#13817,#9971);
#9080=LINE('',#13819,#9972);
#9081=LINE('',#13821,#9973);
#9082=LINE('',#13823,#9974);
#9083=LINE('',#13825,#9975);
#9084=LINE('',#13827,#9976);
#9085=LINE('',#13829,#9977);
#9086=LINE('',#13831,#9978);
#9087=LINE('',#13833,#9979);
#9088=LINE('',#13836,#9980);
#9089=LINE('',#13838,#9981);
#9090=LINE('',#13840,#9982);
#9091=LINE('',#13842,#9983);
#9092=LINE('',#13845,#9984);
#9093=LINE('',#13846,#9985);
#9094=LINE('',#13848,#9986);
#9095=LINE('',#13850,#9987);
#9096=LINE('',#13852,#9988);
#9097=LINE('',#13854,#9989);
#9098=LINE('',#13856,#9990);
#9099=LINE('',#13858,#9991);
#9100=LINE('',#13861,#9992);
#9101=LINE('',#13863,#9993);
#9102=LINE('',#13865,#9994);
#9103=LINE('',#13867,#9995);
#9104=LINE('',#13869,#9996);
#9105=LINE('',#13871,#9997);
#9106=LINE('',#13873,#9998);
#9107=LINE('',#13875,#9999);
#9108=LINE('',#13877,#10000);
#9109=LINE('',#13879,#10001);
#9110=LINE('',#13881,#10002);
#9111=LINE('',#13883,#10003);
#9112=LINE('',#13886,#10004);
#9113=LINE('',#13888,#10005);
#9114=LINE('',#13890,#10006);
#9115=LINE('',#13892,#10007);
#9116=LINE('',#13895,#10008);
#9117=LINE('',#13896,#10009);
#9118=LINE('',#13898,#10010);
#9119=LINE('',#13900,#10011);
#9120=LINE('',#13902,#10012);
#9121=LINE('',#13904,#10013);
#9122=LINE('',#13906,#10014);
#9123=LINE('',#13908,#10015);
#9124=LINE('',#13911,#10016);
#9125=LINE('',#13913,#10017);
#9126=LINE('',#13915,#10018);
#9127=LINE('',#13917,#10019);
#9128=LINE('',#13919,#10020);
#9129=LINE('',#13921,#10021);
#9130=LINE('',#13923,#10022);
#9131=LINE('',#13925,#10023);
#9132=LINE('',#13927,#10024);
#9133=LINE('',#13929,#10025);
#9134=LINE('',#13931,#10026);
#9135=LINE('',#13933,#10027);
#9136=LINE('',#13936,#10028);
#9137=LINE('',#13938,#10029);
#9138=LINE('',#13940,#10030);
#9139=LINE('',#13942,#10031);
#9140=LINE('',#13945,#10032);
#9141=LINE('',#13946,#10033);
#9142=LINE('',#13948,#10034);
#9143=LINE('',#13950,#10035);
#9144=LINE('',#13952,#10036);
#9145=LINE('',#13954,#10037);
#9146=LINE('',#13956,#10038);
#9147=LINE('',#13958,#10039);
#9148=LINE('',#13961,#10040);
#9149=LINE('',#13963,#10041);
#9150=LINE('',#13965,#10042);
#9151=LINE('',#13967,#10043);
#9152=LINE('',#13969,#10044);
#9153=LINE('',#13971,#10045);
#9154=LINE('',#13973,#10046);
#9155=LINE('',#13975,#10047);
#9156=LINE('',#13977,#10048);
#9157=LINE('',#13979,#10049);
#9158=LINE('',#13981,#10050);
#9159=LINE('',#13983,#10051);
#9160=LINE('',#13986,#10052);
#9161=LINE('',#13988,#10053);
#9162=LINE('',#13990,#10054);
#9163=LINE('',#13992,#10055);
#9164=LINE('',#13995,#10056);
#9165=LINE('',#13996,#10057);
#9166=LINE('',#13998,#10058);
#9167=LINE('',#14000,#10059);
#9168=LINE('',#14002,#10060);
#9169=LINE('',#14004,#10061);
#9170=LINE('',#14006,#10062);
#9171=LINE('',#14008,#10063);
#9172=LINE('',#14011,#10064);
#9173=LINE('',#14013,#10065);
#9174=LINE('',#14015,#10066);
#9175=LINE('',#14017,#10067);
#9176=LINE('',#14019,#10068);
#9177=LINE('',#14021,#10069);
#9178=LINE('',#14023,#10070);
#9179=LINE('',#14025,#10071);
#9180=LINE('',#14027,#10072);
#9181=LINE('',#14029,#10073);
#9182=LINE('',#14031,#10074);
#9183=LINE('',#14033,#10075);
#9184=LINE('',#14036,#10076);
#9185=LINE('',#14038,#10077);
#9186=LINE('',#14040,#10078);
#9187=LINE('',#14042,#10079);
#9188=LINE('',#14045,#10080);
#9189=LINE('',#14046,#10081);
#9190=LINE('',#14048,#10082);
#9191=LINE('',#14050,#10083);
#9192=LINE('',#14052,#10084);
#9193=LINE('',#14054,#10085);
#9194=LINE('',#14056,#10086);
#9195=LINE('',#14058,#10087);
#9196=LINE('',#14061,#10088);
#9197=LINE('',#14063,#10089);
#9198=LINE('',#14065,#10090);
#9199=LINE('',#14067,#10091);
#9200=LINE('',#14069,#10092);
#9201=LINE('',#14071,#10093);
#9202=LINE('',#14073,#10094);
#9203=LINE('',#14075,#10095);
#9204=LINE('',#14077,#10096);
#9205=LINE('',#14079,#10097);
#9206=LINE('',#14081,#10098);
#9207=LINE('',#14083,#10099);
#9208=LINE('',#14086,#10100);
#9209=LINE('',#14088,#10101);
#9210=LINE('',#14090,#10102);
#9211=LINE('',#14092,#10103);
#9212=LINE('',#14095,#10104);
#9213=LINE('',#14096,#10105);
#9214=LINE('',#14098,#10106);
#9215=LINE('',#14100,#10107);
#9216=LINE('',#14102,#10108);
#9217=LINE('',#14104,#10109);
#9218=LINE('',#14106,#10110);
#9219=LINE('',#14108,#10111);
#9220=LINE('',#14111,#10112);
#9221=LINE('',#14113,#10113);
#9222=LINE('',#14115,#10114);
#9223=LINE('',#14117,#10115);
#9224=LINE('',#14119,#10116);
#9225=LINE('',#14121,#10117);
#9226=LINE('',#14123,#10118);
#9227=LINE('',#14125,#10119);
#9228=LINE('',#14127,#10120);
#9229=LINE('',#14129,#10121);
#9230=LINE('',#14131,#10122);
#9231=LINE('',#14133,#10123);
#9232=LINE('',#14136,#10124);
#9233=LINE('',#14138,#10125);
#9234=LINE('',#14140,#10126);
#9235=LINE('',#14142,#10127);
#9236=LINE('',#14145,#10128);
#9237=LINE('',#14146,#10129);
#9238=LINE('',#14148,#10130);
#9239=LINE('',#14150,#10131);
#9240=LINE('',#14152,#10132);
#9241=LINE('',#14154,#10133);
#9242=LINE('',#14156,#10134);
#9243=LINE('',#14158,#10135);
#9244=LINE('',#14161,#10136);
#9245=LINE('',#14163,#10137);
#9246=LINE('',#14165,#10138);
#9247=LINE('',#14167,#10139);
#9248=LINE('',#14169,#10140);
#9249=LINE('',#14171,#10141);
#9250=LINE('',#14173,#10142);
#9251=LINE('',#14175,#10143);
#9252=LINE('',#14177,#10144);
#9253=LINE('',#14179,#10145);
#9254=LINE('',#14181,#10146);
#9255=LINE('',#14183,#10147);
#9256=LINE('',#14186,#10148);
#9257=LINE('',#14188,#10149);
#9258=LINE('',#14190,#10150);
#9259=LINE('',#14192,#10151);
#9260=LINE('',#14195,#10152);
#9261=LINE('',#14196,#10153);
#9262=LINE('',#14198,#10154);
#9263=LINE('',#14200,#10155);
#9264=LINE('',#14202,#10156);
#9265=LINE('',#14204,#10157);
#9266=LINE('',#14206,#10158);
#9267=LINE('',#14208,#10159);
#9268=LINE('',#14211,#10160);
#9269=LINE('',#14213,#10161);
#9270=LINE('',#14215,#10162);
#9271=LINE('',#14217,#10163);
#9272=LINE('',#14219,#10164);
#9273=LINE('',#14221,#10165);
#9274=LINE('',#14223,#10166);
#9275=LINE('',#14225,#10167);
#9276=LINE('',#14227,#10168);
#9277=LINE('',#14229,#10169);
#9278=LINE('',#14231,#10170);
#9279=LINE('',#14233,#10171);
#9280=LINE('',#14236,#10172);
#9281=LINE('',#14238,#10173);
#9282=LINE('',#14240,#10174);
#9283=LINE('',#14242,#10175);
#9284=LINE('',#14245,#10176);
#9285=LINE('',#14246,#10177);
#9286=LINE('',#14248,#10178);
#9287=LINE('',#14250,#10179);
#9288=LINE('',#14252,#10180);
#9289=LINE('',#14254,#10181);
#9290=LINE('',#14256,#10182);
#9291=LINE('',#14258,#10183);
#9292=LINE('',#14261,#10184);
#9293=LINE('',#14263,#10185);
#9294=LINE('',#14265,#10186);
#9295=LINE('',#14267,#10187);
#9296=LINE('',#14269,#10188);
#9297=LINE('',#14271,#10189);
#9298=LINE('',#14273,#10190);
#9299=LINE('',#14275,#10191);
#9300=LINE('',#14277,#10192);
#9301=LINE('',#14279,#10193);
#9302=LINE('',#14281,#10194);
#9303=LINE('',#14283,#10195);
#9304=LINE('',#14286,#10196);
#9305=LINE('',#14288,#10197);
#9306=LINE('',#14290,#10198);
#9307=LINE('',#14292,#10199);
#9308=LINE('',#14295,#10200);
#9309=LINE('',#14296,#10201);
#9310=LINE('',#14298,#10202);
#9311=LINE('',#14300,#10203);
#9312=LINE('',#14302,#10204);
#9313=LINE('',#14304,#10205);
#9314=LINE('',#14306,#10206);
#9315=LINE('',#14308,#10207);
#9316=LINE('',#14311,#10208);
#9317=LINE('',#14313,#10209);
#9318=LINE('',#14315,#10210);
#9319=LINE('',#14317,#10211);
#9320=LINE('',#14319,#10212);
#9321=LINE('',#14321,#10213);
#9322=LINE('',#14323,#10214);
#9323=LINE('',#14325,#10215);
#9324=LINE('',#14327,#10216);
#9325=LINE('',#14329,#10217);
#9326=LINE('',#14331,#10218);
#9327=LINE('',#14333,#10219);
#9328=LINE('',#14336,#10220);
#9329=LINE('',#14338,#10221);
#9330=LINE('',#14340,#10222);
#9331=LINE('',#14342,#10223);
#9332=LINE('',#14345,#10224);
#9333=LINE('',#14346,#10225);
#9334=LINE('',#14348,#10226);
#9335=LINE('',#14350,#10227);
#9336=LINE('',#14352,#10228);
#9337=LINE('',#14354,#10229);
#9338=LINE('',#14356,#10230);
#9339=LINE('',#14358,#10231);
#9340=LINE('',#14361,#10232);
#9341=LINE('',#14363,#10233);
#9342=LINE('',#14365,#10234);
#9343=LINE('',#14367,#10235);
#9344=LINE('',#14369,#10236);
#9345=LINE('',#14371,#10237);
#9346=LINE('',#14373,#10238);
#9347=LINE('',#14375,#10239);
#9348=LINE('',#14377,#10240);
#9349=LINE('',#14379,#10241);
#9350=LINE('',#14381,#10242);
#9351=LINE('',#14383,#10243);
#9352=LINE('',#14386,#10244);
#9353=LINE('',#14388,#10245);
#9354=LINE('',#14390,#10246);
#9355=LINE('',#14392,#10247);
#9356=LINE('',#14395,#10248);
#9357=LINE('',#14396,#10249);
#9358=LINE('',#14398,#10250);
#9359=LINE('',#14400,#10251);
#9360=LINE('',#14402,#10252);
#9361=LINE('',#14404,#10253);
#9362=LINE('',#14406,#10254);
#9363=LINE('',#14408,#10255);
#9364=LINE('',#14411,#10256);
#9365=LINE('',#14413,#10257);
#9366=LINE('',#14415,#10258);
#9367=LINE('',#14417,#10259);
#9368=LINE('',#14419,#10260);
#9369=LINE('',#14421,#10261);
#9370=LINE('',#14423,#10262);
#9371=LINE('',#14425,#10263);
#9372=LINE('',#14427,#10264);
#9373=LINE('',#14429,#10265);
#9374=LINE('',#14431,#10266);
#9375=LINE('',#14433,#10267);
#9376=LINE('',#14436,#10268);
#9377=LINE('',#14438,#10269);
#9378=LINE('',#14440,#10270);
#9379=LINE('',#14442,#10271);
#9380=LINE('',#14445,#10272);
#9381=LINE('',#14446,#10273);
#9382=LINE('',#14448,#10274);
#9383=LINE('',#14450,#10275);
#9384=LINE('',#14452,#10276);
#9385=LINE('',#14454,#10277);
#9386=LINE('',#14456,#10278);
#9387=LINE('',#14458,#10279);
#9388=LINE('',#14461,#10280);
#9389=LINE('',#14463,#10281);
#9390=LINE('',#14465,#10282);
#9391=LINE('',#14467,#10283);
#9392=LINE('',#14469,#10284);
#9393=LINE('',#14471,#10285);
#9394=LINE('',#14473,#10286);
#9395=LINE('',#14475,#10287);
#9396=LINE('',#14477,#10288);
#9397=LINE('',#14479,#10289);
#9398=LINE('',#14481,#10290);
#9399=LINE('',#14483,#10291);
#9400=LINE('',#14486,#10292);
#9401=LINE('',#14488,#10293);
#9402=LINE('',#14490,#10294);
#9403=LINE('',#14492,#10295);
#9404=LINE('',#14495,#10296);
#9405=LINE('',#14496,#10297);
#9406=LINE('',#14498,#10298);
#9407=LINE('',#14500,#10299);
#9408=LINE('',#14502,#10300);
#9409=LINE('',#14504,#10301);
#9410=LINE('',#14506,#10302);
#9411=LINE('',#14508,#10303);
#9412=LINE('',#14511,#10304);
#9413=LINE('',#14513,#10305);
#9414=LINE('',#14515,#10306);
#9415=LINE('',#14517,#10307);
#9416=LINE('',#14519,#10308);
#9417=LINE('',#14521,#10309);
#9418=LINE('',#14523,#10310);
#9419=LINE('',#14525,#10311);
#9420=LINE('',#14527,#10312);
#9421=LINE('',#14529,#10313);
#9422=LINE('',#14531,#10314);
#9423=LINE('',#14533,#10315);
#9424=LINE('',#14536,#10316);
#9425=LINE('',#14538,#10317);
#9426=LINE('',#14540,#10318);
#9427=LINE('',#14542,#10319);
#9428=LINE('',#14545,#10320);
#9429=LINE('',#14546,#10321);
#9430=LINE('',#14548,#10322);
#9431=LINE('',#14550,#10323);
#9432=LINE('',#14552,#10324);
#9433=LINE('',#14554,#10325);
#9434=LINE('',#14556,#10326);
#9435=LINE('',#14558,#10327);
#9436=LINE('',#14561,#10328);
#9437=LINE('',#14563,#10329);
#9438=LINE('',#14565,#10330);
#9439=LINE('',#14567,#10331);
#9440=LINE('',#14569,#10332);
#9441=LINE('',#14571,#10333);
#9442=LINE('',#14573,#10334);
#9443=LINE('',#14575,#10335);
#9444=LINE('',#14577,#10336);
#9445=LINE('',#14579,#10337);
#9446=LINE('',#14581,#10338);
#9447=LINE('',#14583,#10339);
#9448=LINE('',#14586,#10340);
#9449=LINE('',#14588,#10341);
#9450=LINE('',#14590,#10342);
#9451=LINE('',#14592,#10343);
#9452=LINE('',#14595,#10344);
#9453=LINE('',#14596,#10345);
#9454=LINE('',#14598,#10346);
#9455=LINE('',#14600,#10347);
#9456=LINE('',#14602,#10348);
#9457=LINE('',#14604,#10349);
#9458=LINE('',#14606,#10350);
#9459=LINE('',#14608,#10351);
#9460=LINE('',#14611,#10352);
#9461=LINE('',#14613,#10353);
#9462=LINE('',#14615,#10354);
#9463=LINE('',#14617,#10355);
#9464=LINE('',#14619,#10356);
#9465=LINE('',#14621,#10357);
#9466=LINE('',#14623,#10358);
#9467=LINE('',#14625,#10359);
#9468=LINE('',#14627,#10360);
#9469=LINE('',#14629,#10361);
#9470=LINE('',#14631,#10362);
#9471=LINE('',#14633,#10363);
#9472=LINE('',#14636,#10364);
#9473=LINE('',#14638,#10365);
#9474=LINE('',#14640,#10366);
#9475=LINE('',#14642,#10367);
#9476=LINE('',#14645,#10368);
#9477=LINE('',#14646,#10369);
#9478=LINE('',#14648,#10370);
#9479=LINE('',#14650,#10371);
#9480=LINE('',#14652,#10372);
#9481=LINE('',#14654,#10373);
#9482=LINE('',#14656,#10374);
#9483=LINE('',#14658,#10375);
#9484=LINE('',#14661,#10376);
#9485=LINE('',#14663,#10377);
#9486=LINE('',#14665,#10378);
#9487=LINE('',#14667,#10379);
#9488=LINE('',#14669,#10380);
#9489=LINE('',#14671,#10381);
#9490=LINE('',#14673,#10382);
#9491=LINE('',#14675,#10383);
#9492=LINE('',#14677,#10384);
#9493=LINE('',#14679,#10385);
#9494=LINE('',#14681,#10386);
#9495=LINE('',#14683,#10387);
#9496=LINE('',#14686,#10388);
#9497=LINE('',#14688,#10389);
#9498=LINE('',#14690,#10390);
#9499=LINE('',#14692,#10391);
#9500=LINE('',#14695,#10392);
#9501=LINE('',#14696,#10393);
#9502=LINE('',#14698,#10394);
#9503=LINE('',#14700,#10395);
#9504=LINE('',#14702,#10396);
#9505=LINE('',#14704,#10397);
#9506=LINE('',#14706,#10398);
#9507=LINE('',#14708,#10399);
#9508=LINE('',#14711,#10400);
#9509=LINE('',#14713,#10401);
#9510=LINE('',#14715,#10402);
#9511=LINE('',#14717,#10403);
#9512=LINE('',#14719,#10404);
#9513=LINE('',#14721,#10405);
#9514=LINE('',#14723,#10406);
#9515=LINE('',#14725,#10407);
#9516=LINE('',#14727,#10408);
#9517=LINE('',#14729,#10409);
#9518=LINE('',#14731,#10410);
#9519=LINE('',#14733,#10411);
#9520=LINE('',#14736,#10412);
#9521=LINE('',#14738,#10413);
#9522=LINE('',#14740,#10414);
#9523=LINE('',#14742,#10415);
#9524=LINE('',#14745,#10416);
#9525=LINE('',#14746,#10417);
#9526=LINE('',#14748,#10418);
#9527=LINE('',#14750,#10419);
#9528=LINE('',#14752,#10420);
#9529=LINE('',#14754,#10421);
#9530=LINE('',#14756,#10422);
#9531=LINE('',#14758,#10423);
#9532=LINE('',#14761,#10424);
#9533=LINE('',#14763,#10425);
#9534=LINE('',#14765,#10426);
#9535=LINE('',#14767,#10427);
#9536=LINE('',#14769,#10428);
#9537=LINE('',#14771,#10429);
#9538=LINE('',#14773,#10430);
#9539=LINE('',#14775,#10431);
#9540=LINE('',#14777,#10432);
#9541=LINE('',#14779,#10433);
#9542=LINE('',#14781,#10434);
#9543=LINE('',#14783,#10435);
#9544=LINE('',#14786,#10436);
#9545=LINE('',#14788,#10437);
#9546=LINE('',#14790,#10438);
#9547=LINE('',#14792,#10439);
#9548=LINE('',#14795,#10440);
#9549=LINE('',#14796,#10441);
#9550=LINE('',#14798,#10442);
#9551=LINE('',#14800,#10443);
#9552=LINE('',#14802,#10444);
#9553=LINE('',#14804,#10445);
#9554=LINE('',#14806,#10446);
#9555=LINE('',#14808,#10447);
#9556=LINE('',#14811,#10448);
#9557=LINE('',#14813,#10449);
#9558=LINE('',#14815,#10450);
#9559=LINE('',#14817,#10451);
#9560=LINE('',#14819,#10452);
#9561=LINE('',#14821,#10453);
#9562=LINE('',#14823,#10454);
#9563=LINE('',#14825,#10455);
#9564=LINE('',#14827,#10456);
#9565=LINE('',#14829,#10457);
#9566=LINE('',#14831,#10458);
#9567=LINE('',#14833,#10459);
#9568=LINE('',#14836,#10460);
#9569=LINE('',#14838,#10461);
#9570=LINE('',#14840,#10462);
#9571=LINE('',#14842,#10463);
#9572=LINE('',#14845,#10464);
#9573=LINE('',#14846,#10465);
#9574=LINE('',#14848,#10466);
#9575=LINE('',#14850,#10467);
#9576=LINE('',#14852,#10468);
#9577=LINE('',#14854,#10469);
#9578=LINE('',#14856,#10470);
#9579=LINE('',#14858,#10471);
#9580=LINE('',#14861,#10472);
#9581=LINE('',#14863,#10473);
#9582=LINE('',#14865,#10474);
#9583=LINE('',#14867,#10475);
#9584=LINE('',#14869,#10476);
#9585=LINE('',#14871,#10477);
#9586=LINE('',#14873,#10478);
#9587=LINE('',#14875,#10479);
#9588=LINE('',#14877,#10480);
#9589=LINE('',#14879,#10481);
#9590=LINE('',#14881,#10482);
#9591=LINE('',#14883,#10483);
#9592=LINE('',#14886,#10484);
#9593=LINE('',#14888,#10485);
#9594=LINE('',#14890,#10486);
#9595=LINE('',#14892,#10487);
#9596=LINE('',#14895,#10488);
#9597=LINE('',#14896,#10489);
#9598=LINE('',#14898,#10490);
#9599=LINE('',#14900,#10491);
#9600=LINE('',#14902,#10492);
#9601=LINE('',#14904,#10493);
#9602=LINE('',#14906,#10494);
#9603=LINE('',#14908,#10495);
#9604=LINE('',#14911,#10496);
#9605=LINE('',#14913,#10497);
#9606=LINE('',#14915,#10498);
#9607=LINE('',#14917,#10499);
#9608=LINE('',#14919,#10500);
#9609=LINE('',#14921,#10501);
#9610=LINE('',#14923,#10502);
#9611=LINE('',#14925,#10503);
#9612=LINE('',#14927,#10504);
#9613=LINE('',#14929,#10505);
#9614=LINE('',#14931,#10506);
#9615=LINE('',#14933,#10507);
#9616=LINE('',#14936,#10508);
#9617=LINE('',#14938,#10509);
#9618=LINE('',#14940,#10510);
#9619=LINE('',#14942,#10511);
#9620=LINE('',#14945,#10512);
#9621=LINE('',#14946,#10513);
#9622=LINE('',#14948,#10514);
#9623=LINE('',#14950,#10515);
#9624=LINE('',#14952,#10516);
#9625=LINE('',#14954,#10517);
#9626=LINE('',#14956,#10518);
#9627=LINE('',#14958,#10519);
#9628=LINE('',#14961,#10520);
#9629=LINE('',#14963,#10521);
#9630=LINE('',#14965,#10522);
#9631=LINE('',#14967,#10523);
#9632=LINE('',#14969,#10524);
#9633=LINE('',#14971,#10525);
#9634=LINE('',#14973,#10526);
#9635=LINE('',#14975,#10527);
#9636=LINE('',#14977,#10528);
#9637=LINE('',#14979,#10529);
#9638=LINE('',#14981,#10530);
#9639=LINE('',#15371,#10531);
#9640=LINE('',#15374,#10532);
#9641=LINE('',#15376,#10533);
#9642=LINE('',#15378,#10534);
#9643=LINE('',#15380,#10535);
#9644=LINE('',#15382,#10536);
#9645=LINE('',#15384,#10537);
#9646=LINE('',#15386,#10538);
#9647=LINE('',#15388,#10539);
#9648=LINE('',#15390,#10540);
#9649=LINE('',#15392,#10541);
#9650=LINE('',#15394,#10542);
#9651=LINE('',#15397,#10543);
#9652=LINE('',#15398,#10544);
#9653=LINE('',#15400,#10545);
#9654=LINE('',#15403,#10546);
#9655=LINE('',#15405,#10547);
#9656=LINE('',#15407,#10548);
#9657=LINE('',#15409,#10549);
#9658=LINE('',#15412,#10550);
#9659=LINE('',#15413,#10551);
#9660=LINE('',#15415,#10552);
#9661=LINE('',#15417,#10553);
#9662=LINE('',#15418,#10554);
#9663=LINE('',#15420,#10555);
#9664=LINE('',#15422,#10556);
#9665=LINE('',#15424,#10557);
#9666=LINE('',#15426,#10558);
#9667=LINE('',#15429,#10559);
#9668=LINE('',#15431,#10560);
#9669=LINE('',#15433,#10561);
#9670=LINE('',#15435,#10562);
#9671=LINE('',#15438,#10563);
#9672=LINE('',#15439,#10564);
#9673=LINE('',#15441,#10565);
#9674=LINE('',#15442,#10566);
#9675=LINE('',#15444,#10567);
#9676=LINE('',#15446,#10568);
#9677=LINE('',#15448,#10569);
#9678=LINE('',#15450,#10570);
#9679=LINE('',#15453,#10571);
#9680=LINE('',#15455,#10572);
#9681=LINE('',#15457,#10573);
#9682=LINE('',#15459,#10574);
#9683=LINE('',#15462,#10575);
#9684=LINE('',#15463,#10576);
#9685=LINE('',#15465,#10577);
#9686=LINE('',#15468,#10578);
#9687=LINE('',#15470,#10579);
#9688=LINE('',#15472,#10580);
#9689=LINE('',#15474,#10581);
#9690=LINE('',#15477,#10582);
#9691=LINE('',#15478,#10583);
#9692=LINE('',#15480,#10584);
#9693=LINE('',#15482,#10585);
#9694=LINE('',#15484,#10586);
#9695=LINE('',#15486,#10587);
#9696=LINE('',#15488,#10588);
#9697=LINE('',#15490,#10589);
#9698=LINE('',#15493,#10590);
#9699=LINE('',#15495,#10591);
#9700=LINE('',#15497,#10592);
#9701=LINE('',#15499,#10593);
#9702=LINE('',#15502,#10594);
#9703=LINE('',#15503,#10595);
#9704=LINE('',#15505,#10596);
#9705=LINE('',#15507,#10597);
#9706=LINE('',#15509,#10598);
#9707=LINE('',#15511,#10599);
#9708=LINE('',#15513,#10600);
#9709=LINE('',#15515,#10601);
#9710=LINE('',#15518,#10602);
#9711=LINE('',#15520,#10603);
#9712=LINE('',#15522,#10604);
#9713=LINE('',#15524,#10605);
#9714=LINE('',#15527,#10606);
#9715=LINE('',#15528,#10607);
#9716=LINE('',#15530,#10608);
#9717=LINE('',#15532,#10609);
#9718=LINE('',#15534,#10610);
#9719=LINE('',#15536,#10611);
#9720=LINE('',#15538,#10612);
#9721=LINE('',#15540,#10613);
#9722=LINE('',#15543,#10614);
#9723=LINE('',#15545,#10615);
#9724=LINE('',#15547,#10616);
#9725=LINE('',#15549,#10617);
#9726=LINE('',#15552,#10618);
#9727=LINE('',#15553,#10619);
#9728=LINE('',#15555,#10620);
#9729=LINE('',#15557,#10621);
#9730=LINE('',#15559,#10622);
#9731=LINE('',#15561,#10623);
#9732=LINE('',#15563,#10624);
#9733=LINE('',#15565,#10625);
#9734=LINE('',#15568,#10626);
#9735=LINE('',#15570,#10627);
#9736=LINE('',#15572,#10628);
#9737=LINE('',#15574,#10629);
#9738=LINE('',#15576,#10630);
#9739=LINE('',#15578,#10631);
#9740=LINE('',#15580,#10632);
#9741=LINE('',#15582,#10633);
#9742=LINE('',#15583,#10634);
#9743=LINE('',#15585,#10635);
#9744=LINE('',#15587,#10636);
#9745=LINE('',#15589,#10637);
#9746=LINE('',#15591,#10638);
#9747=LINE('',#15592,#10639);
#9748=LINE('',#15594,#10640);
#9749=LINE('',#15596,#10641);
#9750=LINE('',#15598,#10642);
#9751=LINE('',#15600,#10643);
#9752=LINE('',#15602,#10644);
#9753=LINE('',#15604,#10645);
#9754=LINE('',#15606,#10646);
#9755=LINE('',#15608,#10647);
#9756=LINE('',#15610,#10648);
#9757=LINE('',#15612,#10649);
#9758=LINE('',#15614,#10650);
#9759=LINE('',#15616,#10651);
#9760=LINE('',#15618,#10652);
#9761=LINE('',#15620,#10653);
#9762=LINE('',#15622,#10654);
#9763=LINE('',#15624,#10655);
#9764=LINE('',#15626,#10656);
#9765=LINE('',#15628,#10657);
#9766=LINE('',#15630,#10658);
#9767=LINE('',#15633,#10659);
#9768=LINE('',#15635,#10660);
#9769=LINE('',#15636,#10661);
#9770=LINE('',#15638,#10662);
#9771=LINE('',#15640,#10663);
#9772=LINE('',#15642,#10664);
#9773=LINE('',#15644,#10665);
#9774=LINE('',#15646,#10666);
#9775=LINE('',#15648,#10667);
#9776=LINE('',#15651,#10668);
#9777=LINE('',#15652,#10669);
#9778=LINE('',#15654,#10670);
#9779=LINE('',#15656,#10671);
#9780=LINE('',#15658,#10672);
#9781=LINE('',#15660,#10673);
#9782=LINE('',#15662,#10674);
#9783=LINE('',#15664,#10675);
#9784=LINE('',#15667,#10676);
#9785=LINE('',#15669,#10677);
#9786=LINE('',#15670,#10678);
#9787=LINE('',#15672,#10679);
#9788=LINE('',#15674,#10680);
#9789=LINE('',#15676,#10681);
#9790=LINE('',#15678,#10682);
#9791=LINE('',#15680,#10683);
#9792=LINE('',#15682,#10684);
#9793=LINE('',#15684,#10685);
#9794=LINE('',#15686,#10686);
#9795=LINE('',#15688,#10687);
#9796=LINE('',#15690,#10688);
#9797=LINE('',#15692,#10689);
#9798=LINE('',#15694,#10690);
#9799=LINE('',#15696,#10691);
#9800=LINE('',#15698,#10692);
#9801=LINE('',#15700,#10693);
#9802=LINE('',#15702,#10694);
#9803=LINE('',#15704,#10695);
#9804=LINE('',#15706,#10696);
#9805=LINE('',#15709,#10697);
#9806=LINE('',#15710,#10698);
#9807=LINE('',#15712,#10699);
#9808=LINE('',#15714,#10700);
#9809=LINE('',#15716,#10701);
#9810=LINE('',#15718,#10702);
#9811=VECTOR('',#11334,1.);
#9812=VECTOR('',#11335,1.);
#9813=VECTOR('',#11336,1.);
#9814=VECTOR('',#11337,1.);
#9815=VECTOR('',#11340,1.);
#9816=VECTOR('',#11341,1.);
#9817=VECTOR('',#11342,1.);
#9818=VECTOR('',#11345,1.);
#9819=VECTOR('',#11346,1.);
#9820=VECTOR('',#11347,1.);
#9821=VECTOR('',#11350,1.);
#9822=VECTOR('',#11353,1.);
#9823=VECTOR('',#11356,1.);
#9824=VECTOR('',#11357,1.);
#9825=VECTOR('',#11358,1.);
#9826=VECTOR('',#11359,1.);
#9827=VECTOR('',#11362,1.);
#9828=VECTOR('',#11363,1.);
#9829=VECTOR('',#11364,1.);
#9830=VECTOR('',#11367,1.);
#9831=VECTOR('',#11368,1.);
#9832=VECTOR('',#11371,1.);
#9833=VECTOR('',#11372,1.);
#9834=VECTOR('',#11375,1.);
#9835=VECTOR('',#11378,1.);
#9836=VECTOR('',#11379,1.);
#9837=VECTOR('',#11380,1.);
#9838=VECTOR('',#11381,1.);
#9839=VECTOR('',#11384,1.);
#9840=VECTOR('',#11385,1.);
#9841=VECTOR('',#11386,1.);
#9842=VECTOR('',#11389,1.);
#9843=VECTOR('',#11390,1.);
#9844=VECTOR('',#11391,1.);
#9845=VECTOR('',#11394,1.);
#9846=VECTOR('',#11397,1.);
#9847=VECTOR('',#11400,1.);
#9848=VECTOR('',#11401,1.);
#9849=VECTOR('',#11402,1.);
#9850=VECTOR('',#11403,1.);
#9851=VECTOR('',#11406,1.);
#9852=VECTOR('',#11407,1.);
#9853=VECTOR('',#11408,1.);
#9854=VECTOR('',#11411,1.);
#9855=VECTOR('',#11412,1.);
#9856=VECTOR('',#11415,1.);
#9857=VECTOR('',#11416,1.);
#9858=VECTOR('',#11419,1.);
#9859=VECTOR('',#11422,1.);
#9860=VECTOR('',#11423,1.);
#9861=VECTOR('',#11424,1.);
#9862=VECTOR('',#11425,1.);
#9863=VECTOR('',#11428,1.);
#9864=VECTOR('',#11429,1.);
#9865=VECTOR('',#11430,1.);
#9866=VECTOR('',#11433,1.);
#9867=VECTOR('',#11434,1.);
#9868=VECTOR('',#11435,1.);
#9869=VECTOR('',#11438,1.);
#9870=VECTOR('',#11441,1.);
#9871=VECTOR('',#11444,1.);
#9872=VECTOR('',#11445,1.);
#9873=VECTOR('',#11446,1.);
#9874=VECTOR('',#11447,1.);
#9875=VECTOR('',#11450,1.);
#9876=VECTOR('',#11451,1.);
#9877=VECTOR('',#11452,1.);
#9878=VECTOR('',#11455,1.);
#9879=VECTOR('',#11456,1.);
#9880=VECTOR('',#11459,1.);
#9881=VECTOR('',#11460,1.);
#9882=VECTOR('',#11463,1.);
#9883=VECTOR('',#11466,1.);
#9884=VECTOR('',#11467,1.);
#9885=VECTOR('',#11468,1.);
#9886=VECTOR('',#11469,1.);
#9887=VECTOR('',#11472,1.);
#9888=VECTOR('',#11473,1.);
#9889=VECTOR('',#11474,1.);
#9890=VECTOR('',#11477,1.);
#9891=VECTOR('',#11478,1.);
#9892=VECTOR('',#11479,1.);
#9893=VECTOR('',#11482,1.);
#9894=VECTOR('',#11485,1.);
#9895=VECTOR('',#11488,1.);
#9896=VECTOR('',#11489,1.);
#9897=VECTOR('',#11490,1.);
#9898=VECTOR('',#11491,1.);
#9899=VECTOR('',#11494,1.);
#9900=VECTOR('',#11495,1.);
#9901=VECTOR('',#11496,1.);
#9902=VECTOR('',#11499,1.);
#9903=VECTOR('',#11500,1.);
#9904=VECTOR('',#11503,1.);
#9905=VECTOR('',#11504,1.);
#9906=VECTOR('',#11507,1.);
#9907=VECTOR('',#11510,1.);
#9908=VECTOR('',#11511,1.);
#9909=VECTOR('',#11512,1.);
#9910=VECTOR('',#11513,1.);
#9911=VECTOR('',#11516,1.);
#9912=VECTOR('',#11517,1.);
#9913=VECTOR('',#11518,1.);
#9914=VECTOR('',#11521,1.);
#9915=VECTOR('',#11522,1.);
#9916=VECTOR('',#11523,1.);
#9917=VECTOR('',#11526,1.);
#9918=VECTOR('',#11529,1.);
#9919=VECTOR('',#11532,1.);
#9920=VECTOR('',#11533,1.);
#9921=VECTOR('',#11534,1.);
#9922=VECTOR('',#11535,1.);
#9923=VECTOR('',#11538,1.);
#9924=VECTOR('',#11539,1.);
#9925=VECTOR('',#11540,1.);
#9926=VECTOR('',#11543,1.);
#9927=VECTOR('',#11544,1.);
#9928=VECTOR('',#11547,1.);
#9929=VECTOR('',#11548,1.);
#9930=VECTOR('',#11551,1.);
#9931=VECTOR('',#11554,1.);
#9932=VECTOR('',#11555,1.);
#9933=VECTOR('',#11556,1.);
#9934=VECTOR('',#11557,1.);
#9935=VECTOR('',#11560,1.);
#9936=VECTOR('',#11561,1.);
#9937=VECTOR('',#11562,1.);
#9938=VECTOR('',#11565,1.);
#9939=VECTOR('',#11566,1.);
#9940=VECTOR('',#11567,1.);
#9941=VECTOR('',#11570,1.);
#9942=VECTOR('',#11573,1.);
#9943=VECTOR('',#11576,1.);
#9944=VECTOR('',#11577,1.);
#9945=VECTOR('',#11578,1.);
#9946=VECTOR('',#11579,1.);
#9947=VECTOR('',#11582,1.);
#9948=VECTOR('',#11583,1.);
#9949=VECTOR('',#11584,1.);
#9950=VECTOR('',#11587,1.);
#9951=VECTOR('',#11588,1.);
#9952=VECTOR('',#11591,1.);
#9953=VECTOR('',#11592,1.);
#9954=VECTOR('',#11595,1.);
#9955=VECTOR('',#11598,1.);
#9956=VECTOR('',#11599,1.);
#9957=VECTOR('',#11600,1.);
#9958=VECTOR('',#11601,1.);
#9959=VECTOR('',#11604,1.);
#9960=VECTOR('',#11605,1.);
#9961=VECTOR('',#11606,1.);
#9962=VECTOR('',#11609,1.);
#9963=VECTOR('',#11610,1.);
#9964=VECTOR('',#11611,1.);
#9965=VECTOR('',#11614,1.);
#9966=VECTOR('',#11617,1.);
#9967=VECTOR('',#11620,1.);
#9968=VECTOR('',#11621,1.);
#9969=VECTOR('',#11622,1.);
#9970=VECTOR('',#11623,1.);
#9971=VECTOR('',#11626,1.);
#9972=VECTOR('',#11627,1.);
#9973=VECTOR('',#11628,1.);
#9974=VECTOR('',#11631,1.);
#9975=VECTOR('',#11632,1.);
#9976=VECTOR('',#11635,1.);
#9977=VECTOR('',#11636,1.);
#9978=VECTOR('',#11639,1.);
#9979=VECTOR('',#11642,1.);
#9980=VECTOR('',#11643,1.);
#9981=VECTOR('',#11644,1.);
#9982=VECTOR('',#11645,1.);
#9983=VECTOR('',#11648,1.);
#9984=VECTOR('',#11649,1.);
#9985=VECTOR('',#11650,1.);
#9986=VECTOR('',#11653,1.);
#9987=VECTOR('',#11654,1.);
#9988=VECTOR('',#11655,1.);
#9989=VECTOR('',#11658,1.);
#9990=VECTOR('',#11661,1.);
#9991=VECTOR('',#11664,1.);
#9992=VECTOR('',#11665,1.);
#9993=VECTOR('',#11666,1.);
#9994=VECTOR('',#11667,1.);
#9995=VECTOR('',#11670,1.);
#9996=VECTOR('',#11671,1.);
#9997=VECTOR('',#11672,1.);
#9998=VECTOR('',#11675,1.);
#9999=VECTOR('',#11676,1.);
#10000=VECTOR('',#11679,1.);
#10001=VECTOR('',#11680,1.);
#10002=VECTOR('',#11683,1.);
#10003=VECTOR('',#11686,1.);
#10004=VECTOR('',#11687,1.);
#10005=VECTOR('',#11688,1.);
#10006=VECTOR('',#11689,1.);
#10007=VECTOR('',#11692,1.);
#10008=VECTOR('',#11693,1.);
#10009=VECTOR('',#11694,1.);
#10010=VECTOR('',#11697,1.);
#10011=VECTOR('',#11698,1.);
#10012=VECTOR('',#11699,1.);
#10013=VECTOR('',#11702,1.);
#10014=VECTOR('',#11705,1.);
#10015=VECTOR('',#11708,1.);
#10016=VECTOR('',#11709,1.);
#10017=VECTOR('',#11710,1.);
#10018=VECTOR('',#11711,1.);
#10019=VECTOR('',#11714,1.);
#10020=VECTOR('',#11715,1.);
#10021=VECTOR('',#11716,1.);
#10022=VECTOR('',#11719,1.);
#10023=VECTOR('',#11720,1.);
#10024=VECTOR('',#11723,1.);
#10025=VECTOR('',#11724,1.);
#10026=VECTOR('',#11727,1.);
#10027=VECTOR('',#11730,1.);
#10028=VECTOR('',#11731,1.);
#10029=VECTOR('',#11732,1.);
#10030=VECTOR('',#11733,1.);
#10031=VECTOR('',#11736,1.);
#10032=VECTOR('',#11737,1.);
#10033=VECTOR('',#11738,1.);
#10034=VECTOR('',#11741,1.);
#10035=VECTOR('',#11742,1.);
#10036=VECTOR('',#11743,1.);
#10037=VECTOR('',#11746,1.);
#10038=VECTOR('',#11749,1.);
#10039=VECTOR('',#11752,1.);
#10040=VECTOR('',#11753,1.);
#10041=VECTOR('',#11754,1.);
#10042=VECTOR('',#11755,1.);
#10043=VECTOR('',#11758,1.);
#10044=VECTOR('',#11759,1.);
#10045=VECTOR('',#11760,1.);
#10046=VECTOR('',#11763,1.);
#10047=VECTOR('',#11764,1.);
#10048=VECTOR('',#11767,1.);
#10049=VECTOR('',#11768,1.);
#10050=VECTOR('',#11771,1.);
#10051=VECTOR('',#11774,1.);
#10052=VECTOR('',#11775,1.);
#10053=VECTOR('',#11776,1.);
#10054=VECTOR('',#11777,1.);
#10055=VECTOR('',#11780,1.);
#10056=VECTOR('',#11781,1.);
#10057=VECTOR('',#11782,1.);
#10058=VECTOR('',#11785,1.);
#10059=VECTOR('',#11786,1.);
#10060=VECTOR('',#11787,1.);
#10061=VECTOR('',#11790,1.);
#10062=VECTOR('',#11793,1.);
#10063=VECTOR('',#11796,1.);
#10064=VECTOR('',#11797,1.);
#10065=VECTOR('',#11798,1.);
#10066=VECTOR('',#11799,1.);
#10067=VECTOR('',#11802,1.);
#10068=VECTOR('',#11803,1.);
#10069=VECTOR('',#11804,1.);
#10070=VECTOR('',#11807,1.);
#10071=VECTOR('',#11808,1.);
#10072=VECTOR('',#11811,1.);
#10073=VECTOR('',#11812,1.);
#10074=VECTOR('',#11815,1.);
#10075=VECTOR('',#11818,1.);
#10076=VECTOR('',#11819,1.);
#10077=VECTOR('',#11820,1.);
#10078=VECTOR('',#11821,1.);
#10079=VECTOR('',#11824,1.);
#10080=VECTOR('',#11825,1.);
#10081=VECTOR('',#11826,1.);
#10082=VECTOR('',#11829,1.);
#10083=VECTOR('',#11830,1.);
#10084=VECTOR('',#11831,1.);
#10085=VECTOR('',#11834,1.);
#10086=VECTOR('',#11837,1.);
#10087=VECTOR('',#11840,1.);
#10088=VECTOR('',#11841,1.);
#10089=VECTOR('',#11842,1.);
#10090=VECTOR('',#11843,1.);
#10091=VECTOR('',#11846,1.);
#10092=VECTOR('',#11847,1.);
#10093=VECTOR('',#11848,1.);
#10094=VECTOR('',#11851,1.);
#10095=VECTOR('',#11852,1.);
#10096=VECTOR('',#11855,1.);
#10097=VECTOR('',#11856,1.);
#10098=VECTOR('',#11859,1.);
#10099=VECTOR('',#11862,1.);
#10100=VECTOR('',#11863,1.);
#10101=VECTOR('',#11864,1.);
#10102=VECTOR('',#11865,1.);
#10103=VECTOR('',#11868,1.);
#10104=VECTOR('',#11869,1.);
#10105=VECTOR('',#11870,1.);
#10106=VECTOR('',#11873,1.);
#10107=VECTOR('',#11874,1.);
#10108=VECTOR('',#11875,1.);
#10109=VECTOR('',#11878,1.);
#10110=VECTOR('',#11881,1.);
#10111=VECTOR('',#11884,1.);
#10112=VECTOR('',#11885,1.);
#10113=VECTOR('',#11886,1.);
#10114=VECTOR('',#11887,1.);
#10115=VECTOR('',#11890,1.);
#10116=VECTOR('',#11891,1.);
#10117=VECTOR('',#11892,1.);
#10118=VECTOR('',#11895,1.);
#10119=VECTOR('',#11896,1.);
#10120=VECTOR('',#11899,1.);
#10121=VECTOR('',#11900,1.);
#10122=VECTOR('',#11903,1.);
#10123=VECTOR('',#11906,1.);
#10124=VECTOR('',#11907,1.);
#10125=VECTOR('',#11908,1.);
#10126=VECTOR('',#11909,1.);
#10127=VECTOR('',#11912,1.);
#10128=VECTOR('',#11913,1.);
#10129=VECTOR('',#11914,1.);
#10130=VECTOR('',#11917,1.);
#10131=VECTOR('',#11918,1.);
#10132=VECTOR('',#11919,1.);
#10133=VECTOR('',#11922,1.);
#10134=VECTOR('',#11925,1.);
#10135=VECTOR('',#11928,1.);
#10136=VECTOR('',#11929,1.);
#10137=VECTOR('',#11930,1.);
#10138=VECTOR('',#11931,1.);
#10139=VECTOR('',#11934,1.);
#10140=VECTOR('',#11935,1.);
#10141=VECTOR('',#11936,1.);
#10142=VECTOR('',#11939,1.);
#10143=VECTOR('',#11940,1.);
#10144=VECTOR('',#11943,1.);
#10145=VECTOR('',#11944,1.);
#10146=VECTOR('',#11947,1.);
#10147=VECTOR('',#11950,1.);
#10148=VECTOR('',#11951,1.);
#10149=VECTOR('',#11952,1.);
#10150=VECTOR('',#11953,1.);
#10151=VECTOR('',#11956,1.);
#10152=VECTOR('',#11957,1.);
#10153=VECTOR('',#11958,1.);
#10154=VECTOR('',#11961,1.);
#10155=VECTOR('',#11962,1.);
#10156=VECTOR('',#11963,1.);
#10157=VECTOR('',#11966,1.);
#10158=VECTOR('',#11969,1.);
#10159=VECTOR('',#11972,1.);
#10160=VECTOR('',#11973,1.);
#10161=VECTOR('',#11974,1.);
#10162=VECTOR('',#11975,1.);
#10163=VECTOR('',#11978,1.);
#10164=VECTOR('',#11979,1.);
#10165=VECTOR('',#11980,1.);
#10166=VECTOR('',#11983,1.);
#10167=VECTOR('',#11984,1.);
#10168=VECTOR('',#11987,1.);
#10169=VECTOR('',#11988,1.);
#10170=VECTOR('',#11991,1.);
#10171=VECTOR('',#11994,1.);
#10172=VECTOR('',#11995,1.);
#10173=VECTOR('',#11996,1.);
#10174=VECTOR('',#11997,1.);
#10175=VECTOR('',#12000,1.);
#10176=VECTOR('',#12001,1.);
#10177=VECTOR('',#12002,1.);
#10178=VECTOR('',#12005,1.);
#10179=VECTOR('',#12006,1.);
#10180=VECTOR('',#12007,1.);
#10181=VECTOR('',#12010,1.);
#10182=VECTOR('',#12013,1.);
#10183=VECTOR('',#12016,1.);
#10184=VECTOR('',#12017,1.);
#10185=VECTOR('',#12018,1.);
#10186=VECTOR('',#12019,1.);
#10187=VECTOR('',#12022,1.);
#10188=VECTOR('',#12023,1.);
#10189=VECTOR('',#12024,1.);
#10190=VECTOR('',#12027,1.);
#10191=VECTOR('',#12028,1.);
#10192=VECTOR('',#12031,1.);
#10193=VECTOR('',#12032,1.);
#10194=VECTOR('',#12035,1.);
#10195=VECTOR('',#12038,1.);
#10196=VECTOR('',#12039,1.);
#10197=VECTOR('',#12040,1.);
#10198=VECTOR('',#12041,1.);
#10199=VECTOR('',#12044,1.);
#10200=VECTOR('',#12045,1.);
#10201=VECTOR('',#12046,1.);
#10202=VECTOR('',#12049,1.);
#10203=VECTOR('',#12050,1.);
#10204=VECTOR('',#12051,1.);
#10205=VECTOR('',#12054,1.);
#10206=VECTOR('',#12057,1.);
#10207=VECTOR('',#12060,1.);
#10208=VECTOR('',#12061,1.);
#10209=VECTOR('',#12062,1.);
#10210=VECTOR('',#12063,1.);
#10211=VECTOR('',#12066,1.);
#10212=VECTOR('',#12067,1.);
#10213=VECTOR('',#12068,1.);
#10214=VECTOR('',#12071,1.);
#10215=VECTOR('',#12072,1.);
#10216=VECTOR('',#12075,1.);
#10217=VECTOR('',#12076,1.);
#10218=VECTOR('',#12079,1.);
#10219=VECTOR('',#12082,1.);
#10220=VECTOR('',#12083,1.);
#10221=VECTOR('',#12084,1.);
#10222=VECTOR('',#12085,1.);
#10223=VECTOR('',#12088,1.);
#10224=VECTOR('',#12089,1.);
#10225=VECTOR('',#12090,1.);
#10226=VECTOR('',#12093,1.);
#10227=VECTOR('',#12094,1.);
#10228=VECTOR('',#12095,1.);
#10229=VECTOR('',#12098,1.);
#10230=VECTOR('',#12101,1.);
#10231=VECTOR('',#12104,1.);
#10232=VECTOR('',#12105,1.);
#10233=VECTOR('',#12106,1.);
#10234=VECTOR('',#12107,1.);
#10235=VECTOR('',#12110,1.);
#10236=VECTOR('',#12111,1.);
#10237=VECTOR('',#12112,1.);
#10238=VECTOR('',#12115,1.);
#10239=VECTOR('',#12116,1.);
#10240=VECTOR('',#12119,1.);
#10241=VECTOR('',#12120,1.);
#10242=VECTOR('',#12123,1.);
#10243=VECTOR('',#12126,1.);
#10244=VECTOR('',#12127,1.);
#10245=VECTOR('',#12128,1.);
#10246=VECTOR('',#12129,1.);
#10247=VECTOR('',#12132,1.);
#10248=VECTOR('',#12133,1.);
#10249=VECTOR('',#12134,1.);
#10250=VECTOR('',#12137,1.);
#10251=VECTOR('',#12138,1.);
#10252=VECTOR('',#12139,1.);
#10253=VECTOR('',#12142,1.);
#10254=VECTOR('',#12145,1.);
#10255=VECTOR('',#12148,1.);
#10256=VECTOR('',#12149,1.);
#10257=VECTOR('',#12150,1.);
#10258=VECTOR('',#12151,1.);
#10259=VECTOR('',#12154,1.);
#10260=VECTOR('',#12155,1.);
#10261=VECTOR('',#12156,1.);
#10262=VECTOR('',#12159,1.);
#10263=VECTOR('',#12160,1.);
#10264=VECTOR('',#12163,1.);
#10265=VECTOR('',#12164,1.);
#10266=VECTOR('',#12167,1.);
#10267=VECTOR('',#12170,1.);
#10268=VECTOR('',#12171,1.);
#10269=VECTOR('',#12172,1.);
#10270=VECTOR('',#12173,1.);
#10271=VECTOR('',#12176,1.);
#10272=VECTOR('',#12177,1.);
#10273=VECTOR('',#12178,1.);
#10274=VECTOR('',#12181,1.);
#10275=VECTOR('',#12182,1.);
#10276=VECTOR('',#12183,1.);
#10277=VECTOR('',#12186,1.);
#10278=VECTOR('',#12189,1.);
#10279=VECTOR('',#12192,1.);
#10280=VECTOR('',#12193,1.);
#10281=VECTOR('',#12194,1.);
#10282=VECTOR('',#12195,1.);
#10283=VECTOR('',#12198,1.);
#10284=VECTOR('',#12199,1.);
#10285=VECTOR('',#12200,1.);
#10286=VECTOR('',#12203,1.);
#10287=VECTOR('',#12204,1.);
#10288=VECTOR('',#12207,1.);
#10289=VECTOR('',#12208,1.);
#10290=VECTOR('',#12211,1.);
#10291=VECTOR('',#12214,1.);
#10292=VECTOR('',#12215,1.);
#10293=VECTOR('',#12216,1.);
#10294=VECTOR('',#12217,1.);
#10295=VECTOR('',#12220,1.);
#10296=VECTOR('',#12221,1.);
#10297=VECTOR('',#12222,1.);
#10298=VECTOR('',#12225,1.);
#10299=VECTOR('',#12226,1.);
#10300=VECTOR('',#12227,1.);
#10301=VECTOR('',#12230,1.);
#10302=VECTOR('',#12233,1.);
#10303=VECTOR('',#12236,1.);
#10304=VECTOR('',#12237,1.);
#10305=VECTOR('',#12238,1.);
#10306=VECTOR('',#12239,1.);
#10307=VECTOR('',#12242,1.);
#10308=VECTOR('',#12243,1.);
#10309=VECTOR('',#12244,1.);
#10310=VECTOR('',#12247,1.);
#10311=VECTOR('',#12248,1.);
#10312=VECTOR('',#12251,1.);
#10313=VECTOR('',#12252,1.);
#10314=VECTOR('',#12255,1.);
#10315=VECTOR('',#12258,1.);
#10316=VECTOR('',#12259,1.);
#10317=VECTOR('',#12260,1.);
#10318=VECTOR('',#12261,1.);
#10319=VECTOR('',#12264,1.);
#10320=VECTOR('',#12265,1.);
#10321=VECTOR('',#12266,1.);
#10322=VECTOR('',#12269,1.);
#10323=VECTOR('',#12270,1.);
#10324=VECTOR('',#12271,1.);
#10325=VECTOR('',#12274,1.);
#10326=VECTOR('',#12277,1.);
#10327=VECTOR('',#12280,1.);
#10328=VECTOR('',#12281,1.);
#10329=VECTOR('',#12282,1.);
#10330=VECTOR('',#12283,1.);
#10331=VECTOR('',#12286,1.);
#10332=VECTOR('',#12287,1.);
#10333=VECTOR('',#12288,1.);
#10334=VECTOR('',#12291,1.);
#10335=VECTOR('',#12292,1.);
#10336=VECTOR('',#12295,1.);
#10337=VECTOR('',#12296,1.);
#10338=VECTOR('',#12299,1.);
#10339=VECTOR('',#12302,1.);
#10340=VECTOR('',#12303,1.);
#10341=VECTOR('',#12304,1.);
#10342=VECTOR('',#12305,1.);
#10343=VECTOR('',#12308,1.);
#10344=VECTOR('',#12309,1.);
#10345=VECTOR('',#12310,1.);
#10346=VECTOR('',#12313,1.);
#10347=VECTOR('',#12314,1.);
#10348=VECTOR('',#12315,1.);
#10349=VECTOR('',#12318,1.);
#10350=VECTOR('',#12321,1.);
#10351=VECTOR('',#12324,1.);
#10352=VECTOR('',#12325,1.);
#10353=VECTOR('',#12326,1.);
#10354=VECTOR('',#12327,1.);
#10355=VECTOR('',#12330,1.);
#10356=VECTOR('',#12331,1.);
#10357=VECTOR('',#12332,1.);
#10358=VECTOR('',#12335,1.);
#10359=VECTOR('',#12336,1.);
#10360=VECTOR('',#12339,1.);
#10361=VECTOR('',#12340,1.);
#10362=VECTOR('',#12343,1.);
#10363=VECTOR('',#12346,1.);
#10364=VECTOR('',#12347,1.);
#10365=VECTOR('',#12348,1.);
#10366=VECTOR('',#12349,1.);
#10367=VECTOR('',#12352,1.);
#10368=VECTOR('',#12353,1.);
#10369=VECTOR('',#12354,1.);
#10370=VECTOR('',#12357,1.);
#10371=VECTOR('',#12358,1.);
#10372=VECTOR('',#12359,1.);
#10373=VECTOR('',#12362,1.);
#10374=VECTOR('',#12365,1.);
#10375=VECTOR('',#12368,1.);
#10376=VECTOR('',#12369,1.);
#10377=VECTOR('',#12370,1.);
#10378=VECTOR('',#12371,1.);
#10379=VECTOR('',#12374,1.);
#10380=VECTOR('',#12375,1.);
#10381=VECTOR('',#12376,1.);
#10382=VECTOR('',#12379,1.);
#10383=VECTOR('',#12380,1.);
#10384=VECTOR('',#12383,1.);
#10385=VECTOR('',#12384,1.);
#10386=VECTOR('',#12387,1.);
#10387=VECTOR('',#12390,1.);
#10388=VECTOR('',#12391,1.);
#10389=VECTOR('',#12392,1.);
#10390=VECTOR('',#12393,1.);
#10391=VECTOR('',#12396,1.);
#10392=VECTOR('',#12397,1.);
#10393=VECTOR('',#12398,1.);
#10394=VECTOR('',#12401,1.);
#10395=VECTOR('',#12402,1.);
#10396=VECTOR('',#12403,1.);
#10397=VECTOR('',#12406,1.);
#10398=VECTOR('',#12409,1.);
#10399=VECTOR('',#12412,1.);
#10400=VECTOR('',#12413,1.);
#10401=VECTOR('',#12414,1.);
#10402=VECTOR('',#12415,1.);
#10403=VECTOR('',#12418,1.);
#10404=VECTOR('',#12419,1.);
#10405=VECTOR('',#12420,1.);
#10406=VECTOR('',#12423,1.);
#10407=VECTOR('',#12424,1.);
#10408=VECTOR('',#12427,1.);
#10409=VECTOR('',#12428,1.);
#10410=VECTOR('',#12431,1.);
#10411=VECTOR('',#12434,1.);
#10412=VECTOR('',#12435,1.);
#10413=VECTOR('',#12436,1.);
#10414=VECTOR('',#12437,1.);
#10415=VECTOR('',#12440,1.);
#10416=VECTOR('',#12441,1.);
#10417=VECTOR('',#12442,1.);
#10418=VECTOR('',#12445,1.);
#10419=VECTOR('',#12446,1.);
#10420=VECTOR('',#12447,1.);
#10421=VECTOR('',#12450,1.);
#10422=VECTOR('',#12453,1.);
#10423=VECTOR('',#12456,1.);
#10424=VECTOR('',#12457,1.);
#10425=VECTOR('',#12458,1.);
#10426=VECTOR('',#12459,1.);
#10427=VECTOR('',#12462,1.);
#10428=VECTOR('',#12463,1.);
#10429=VECTOR('',#12464,1.);
#10430=VECTOR('',#12467,1.);
#10431=VECTOR('',#12468,1.);
#10432=VECTOR('',#12471,1.);
#10433=VECTOR('',#12472,1.);
#10434=VECTOR('',#12475,1.);
#10435=VECTOR('',#12478,1.);
#10436=VECTOR('',#12479,1.);
#10437=VECTOR('',#12480,1.);
#10438=VECTOR('',#12481,1.);
#10439=VECTOR('',#12484,1.);
#10440=VECTOR('',#12485,1.);
#10441=VECTOR('',#12486,1.);
#10442=VECTOR('',#12489,1.);
#10443=VECTOR('',#12490,1.);
#10444=VECTOR('',#12491,1.);
#10445=VECTOR('',#12494,1.);
#10446=VECTOR('',#12497,1.);
#10447=VECTOR('',#12500,1.);
#10448=VECTOR('',#12501,1.);
#10449=VECTOR('',#12502,1.);
#10450=VECTOR('',#12503,1.);
#10451=VECTOR('',#12506,1.);
#10452=VECTOR('',#12507,1.);
#10453=VECTOR('',#12508,1.);
#10454=VECTOR('',#12511,1.);
#10455=VECTOR('',#12512,1.);
#10456=VECTOR('',#12515,1.);
#10457=VECTOR('',#12516,1.);
#10458=VECTOR('',#12519,1.);
#10459=VECTOR('',#12522,1.);
#10460=VECTOR('',#12523,1.);
#10461=VECTOR('',#12524,1.);
#10462=VECTOR('',#12525,1.);
#10463=VECTOR('',#12528,1.);
#10464=VECTOR('',#12529,1.);
#10465=VECTOR('',#12530,1.);
#10466=VECTOR('',#12533,1.);
#10467=VECTOR('',#12534,1.);
#10468=VECTOR('',#12535,1.);
#10469=VECTOR('',#12538,1.);
#10470=VECTOR('',#12541,1.);
#10471=VECTOR('',#12544,1.);
#10472=VECTOR('',#12545,1.);
#10473=VECTOR('',#12546,1.);
#10474=VECTOR('',#12547,1.);
#10475=VECTOR('',#12550,1.);
#10476=VECTOR('',#12551,1.);
#10477=VECTOR('',#12552,1.);
#10478=VECTOR('',#12555,1.);
#10479=VECTOR('',#12556,1.);
#10480=VECTOR('',#12559,1.);
#10481=VECTOR('',#12560,1.);
#10482=VECTOR('',#12563,1.);
#10483=VECTOR('',#12566,1.);
#10484=VECTOR('',#12567,1.);
#10485=VECTOR('',#12568,1.);
#10486=VECTOR('',#12569,1.);
#10487=VECTOR('',#12572,1.);
#10488=VECTOR('',#12573,1.);
#10489=VECTOR('',#12574,1.);
#10490=VECTOR('',#12577,1.);
#10491=VECTOR('',#12578,1.);
#10492=VECTOR('',#12579,1.);
#10493=VECTOR('',#12582,1.);
#10494=VECTOR('',#12585,1.);
#10495=VECTOR('',#12588,1.);
#10496=VECTOR('',#12589,1.);
#10497=VECTOR('',#12590,1.);
#10498=VECTOR('',#12591,1.);
#10499=VECTOR('',#12594,1.);
#10500=VECTOR('',#12595,1.);
#10501=VECTOR('',#12596,1.);
#10502=VECTOR('',#12599,1.);
#10503=VECTOR('',#12600,1.);
#10504=VECTOR('',#12603,1.);
#10505=VECTOR('',#12604,1.);
#10506=VECTOR('',#12607,1.);
#10507=VECTOR('',#12610,1.);
#10508=VECTOR('',#12611,1.);
#10509=VECTOR('',#12612,1.);
#10510=VECTOR('',#12613,1.);
#10511=VECTOR('',#12616,1.);
#10512=VECTOR('',#12617,1.);
#10513=VECTOR('',#12618,1.);
#10514=VECTOR('',#12621,1.);
#10515=VECTOR('',#12622,1.);
#10516=VECTOR('',#12623,1.);
#10517=VECTOR('',#12626,1.);
#10518=VECTOR('',#12629,1.);
#10519=VECTOR('',#12632,1.);
#10520=VECTOR('',#12633,1.);
#10521=VECTOR('',#12634,1.);
#10522=VECTOR('',#12635,1.);
#10523=VECTOR('',#12638,1.);
#10524=VECTOR('',#12639,1.);
#10525=VECTOR('',#12640,1.);
#10526=VECTOR('',#12643,1.);
#10527=VECTOR('',#12644,1.);
#10528=VECTOR('',#12647,1.);
#10529=VECTOR('',#12648,1.);
#10530=VECTOR('',#12651,1.);
#10531=VECTOR('',#13170,1.);
#10532=VECTOR('',#13171,1.);
#10533=VECTOR('',#13172,1.);
#10534=VECTOR('',#13173,1.);
#10535=VECTOR('',#13176,1.);
#10536=VECTOR('',#13177,1.);
#10537=VECTOR('',#13178,1.);
#10538=VECTOR('',#13179,1.);
#10539=VECTOR('',#13180,1.);
#10540=VECTOR('',#13181,1.);
#10541=VECTOR('',#13182,1.);
#10542=VECTOR('',#13185,1.);
#10543=VECTOR('',#13186,1.);
#10544=VECTOR('',#13187,1.);
#10545=VECTOR('',#13190,1.);
#10546=VECTOR('',#13191,1.);
#10547=VECTOR('',#13192,1.);
#10548=VECTOR('',#13193,1.);
#10549=VECTOR('',#13196,1.);
#10550=VECTOR('',#13197,1.);
#10551=VECTOR('',#13198,1.);
#10552=VECTOR('',#13201,1.);
#10553=VECTOR('',#13202,1.);
#10554=VECTOR('',#13203,1.);
#10555=VECTOR('',#13206,1.);
#10556=VECTOR('',#13207,1.);
#10557=VECTOR('',#13208,1.);
#10558=VECTOR('',#13211,1.);
#10559=VECTOR('',#13212,1.);
#10560=VECTOR('',#13213,1.);
#10561=VECTOR('',#13214,1.);
#10562=VECTOR('',#13217,1.);
#10563=VECTOR('',#13218,1.);
#10564=VECTOR('',#13219,1.);
#10565=VECTOR('',#13222,1.);
#10566=VECTOR('',#13223,1.);
#10567=VECTOR('',#13226,1.);
#10568=VECTOR('',#13227,1.);
#10569=VECTOR('',#13228,1.);
#10570=VECTOR('',#13231,1.);
#10571=VECTOR('',#13232,1.);
#10572=VECTOR('',#13233,1.);
#10573=VECTOR('',#13234,1.);
#10574=VECTOR('',#13237,1.);
#10575=VECTOR('',#13238,1.);
#10576=VECTOR('',#13239,1.);
#10577=VECTOR('',#13242,1.);
#10578=VECTOR('',#13243,1.);
#10579=VECTOR('',#13244,1.);
#10580=VECTOR('',#13245,1.);
#10581=VECTOR('',#13248,1.);
#10582=VECTOR('',#13249,1.);
#10583=VECTOR('',#13250,1.);
#10584=VECTOR('',#13253,1.);
#10585=VECTOR('',#13254,1.);
#10586=VECTOR('',#13257,1.);
#10587=VECTOR('',#13258,1.);
#10588=VECTOR('',#13261,1.);
#10589=VECTOR('',#13264,1.);
#10590=VECTOR('',#13265,1.);
#10591=VECTOR('',#13266,1.);
#10592=VECTOR('',#13267,1.);
#10593=VECTOR('',#13270,1.);
#10594=VECTOR('',#13271,1.);
#10595=VECTOR('',#13272,1.);
#10596=VECTOR('',#13275,1.);
#10597=VECTOR('',#13276,1.);
#10598=VECTOR('',#13279,1.);
#10599=VECTOR('',#13280,1.);
#10600=VECTOR('',#13283,1.);
#10601=VECTOR('',#13286,1.);
#10602=VECTOR('',#13287,1.);
#10603=VECTOR('',#13288,1.);
#10604=VECTOR('',#13289,1.);
#10605=VECTOR('',#13292,1.);
#10606=VECTOR('',#13293,1.);
#10607=VECTOR('',#13294,1.);
#10608=VECTOR('',#13297,1.);
#10609=VECTOR('',#13298,1.);
#10610=VECTOR('',#13301,1.);
#10611=VECTOR('',#13302,1.);
#10612=VECTOR('',#13305,1.);
#10613=VECTOR('',#13308,1.);
#10614=VECTOR('',#13309,1.);
#10615=VECTOR('',#13310,1.);
#10616=VECTOR('',#13311,1.);
#10617=VECTOR('',#13314,1.);
#10618=VECTOR('',#13315,1.);
#10619=VECTOR('',#13316,1.);
#10620=VECTOR('',#13319,1.);
#10621=VECTOR('',#13320,1.);
#10622=VECTOR('',#13323,1.);
#10623=VECTOR('',#13324,1.);
#10624=VECTOR('',#13327,1.);
#10625=VECTOR('',#13330,1.);
#10626=VECTOR('',#13331,1.);
#10627=VECTOR('',#13332,1.);
#10628=VECTOR('',#13333,1.);
#10629=VECTOR('',#13334,1.);
#10630=VECTOR('',#13335,1.);
#10631=VECTOR('',#13336,1.);
#10632=VECTOR('',#13337,1.);
#10633=VECTOR('',#13340,1.);
#10634=VECTOR('',#13341,1.);
#10635=VECTOR('',#13342,1.);
#10636=VECTOR('',#13345,1.);
#10637=VECTOR('',#13348,1.);
#10638=VECTOR('',#13351,1.);
#10639=VECTOR('',#13352,1.);
#10640=VECTOR('',#13355,1.);
#10641=VECTOR('',#13358,1.);
#10642=VECTOR('',#13361,1.);
#10643=VECTOR('',#13364,1.);
#10644=VECTOR('',#13367,1.);
#10645=VECTOR('',#13368,1.);
#10646=VECTOR('',#13371,1.);
#10647=VECTOR('',#13372,1.);
#10648=VECTOR('',#13373,1.);
#10649=VECTOR('',#13374,1.);
#10650=VECTOR('',#13375,1.);
#10651=VECTOR('',#13378,1.);
#10652=VECTOR('',#13379,1.);
#10653=VECTOR('',#13380,1.);
#10654=VECTOR('',#13383,1.);
#10655=VECTOR('',#13384,1.);
#10656=VECTOR('',#13387,1.);
#10657=VECTOR('',#13388,1.);
#10658=VECTOR('',#13391,1.);
#10659=VECTOR('',#13392,1.);
#10660=VECTOR('',#13393,1.);
#10661=VECTOR('',#13394,1.);
#10662=VECTOR('',#13395,1.);
#10663=VECTOR('',#13396,1.);
#10664=VECTOR('',#13397,1.);
#10665=VECTOR('',#13398,1.);
#10666=VECTOR('',#13399,1.);
#10667=VECTOR('',#13402,1.);
#10668=VECTOR('',#13403,1.);
#10669=VECTOR('',#13404,1.);
#10670=VECTOR('',#13407,1.);
#10671=VECTOR('',#13410,1.);
#10672=VECTOR('',#13413,1.);
#10673=VECTOR('',#13416,1.);
#10674=VECTOR('',#13417,1.);
#10675=VECTOR('',#13420,1.);
#10676=VECTOR('',#13421,1.);
#10677=VECTOR('',#13422,1.);
#10678=VECTOR('',#13423,1.);
#10679=VECTOR('',#13424,1.);
#10680=VECTOR('',#13427,1.);
#10681=VECTOR('',#13428,1.);
#10682=VECTOR('',#13429,1.);
#10683=VECTOR('',#13432,1.);
#10684=VECTOR('',#13433,1.);
#10685=VECTOR('',#13436,1.);
#10686=VECTOR('',#13437,1.);
#10687=VECTOR('',#13438,1.);
#10688=VECTOR('',#13439,1.);
#10689=VECTOR('',#13442,1.);
#10690=VECTOR('',#13443,1.);
#10691=VECTOR('',#13446,1.);
#10692=VECTOR('',#13447,1.);
#10693=VECTOR('',#13450,1.);
#10694=VECTOR('',#13451,1.);
#10695=VECTOR('',#13452,1.);
#10696=VECTOR('',#13455,1.);
#10697=VECTOR('',#13456,1.);
#10698=VECTOR('',#13457,1.);
#10699=VECTOR('',#13460,1.);
#10700=VECTOR('',#13463,1.);
#10701=VECTOR('',#13466,1.);
#10702=VECTOR('',#13469,1.);
#10703=AXIS2_PLACEMENT_3D('',#13482,#11332,#11333);
#10704=AXIS2_PLACEMENT_3D('',#13491,#11338,#11339);
#10705=AXIS2_PLACEMENT_3D('',#13497,#11343,#11344);
#10706=AXIS2_PLACEMENT_3D('',#13503,#11348,#11349);
#10707=AXIS2_PLACEMENT_3D('',#13505,#11351,#11352);
#10708=AXIS2_PLACEMENT_3D('',#13507,#11354,#11355);
#10709=AXIS2_PLACEMENT_3D('',#13516,#11360,#11361);
#10710=AXIS2_PLACEMENT_3D('',#13522,#11365,#11366);
#10711=AXIS2_PLACEMENT_3D('',#13526,#11369,#11370);
#10712=AXIS2_PLACEMENT_3D('',#13530,#11373,#11374);
#10713=AXIS2_PLACEMENT_3D('',#13532,#11376,#11377);
#10714=AXIS2_PLACEMENT_3D('',#13541,#11382,#11383);
#10715=AXIS2_PLACEMENT_3D('',#13547,#11387,#11388);
#10716=AXIS2_PLACEMENT_3D('',#13553,#11392,#11393);
#10717=AXIS2_PLACEMENT_3D('',#13555,#11395,#11396);
#10718=AXIS2_PLACEMENT_3D('',#13557,#11398,#11399);
#10719=AXIS2_PLACEMENT_3D('',#13566,#11404,#11405);
#10720=AXIS2_PLACEMENT_3D('',#13572,#11409,#11410);
#10721=AXIS2_PLACEMENT_3D('',#13576,#11413,#11414);
#10722=AXIS2_PLACEMENT_3D('',#13580,#11417,#11418);
#10723=AXIS2_PLACEMENT_3D('',#13582,#11420,#11421);
#10724=AXIS2_PLACEMENT_3D('',#13591,#11426,#11427);
#10725=AXIS2_PLACEMENT_3D('',#13597,#11431,#11432);
#10726=AXIS2_PLACEMENT_3D('',#13603,#11436,#11437);
#10727=AXIS2_PLACEMENT_3D('',#13605,#11439,#11440);
#10728=AXIS2_PLACEMENT_3D('',#13607,#11442,#11443);
#10729=AXIS2_PLACEMENT_3D('',#13616,#11448,#11449);
#10730=AXIS2_PLACEMENT_3D('',#13622,#11453,#11454);
#10731=AXIS2_PLACEMENT_3D('',#13626,#11457,#11458);
#10732=AXIS2_PLACEMENT_3D('',#13630,#11461,#11462);
#10733=AXIS2_PLACEMENT_3D('',#13632,#11464,#11465);
#10734=AXIS2_PLACEMENT_3D('',#13641,#11470,#11471);
#10735=AXIS2_PLACEMENT_3D('',#13647,#11475,#11476);
#10736=AXIS2_PLACEMENT_3D('',#13653,#11480,#11481);
#10737=AXIS2_PLACEMENT_3D('',#13655,#11483,#11484);
#10738=AXIS2_PLACEMENT_3D('',#13657,#11486,#11487);
#10739=AXIS2_PLACEMENT_3D('',#13666,#11492,#11493);
#10740=AXIS2_PLACEMENT_3D('',#13672,#11497,#11498);
#10741=AXIS2_PLACEMENT_3D('',#13676,#11501,#11502);
#10742=AXIS2_PLACEMENT_3D('',#13680,#11505,#11506);
#10743=AXIS2_PLACEMENT_3D('',#13682,#11508,#11509);
#10744=AXIS2_PLACEMENT_3D('',#13691,#11514,#11515);
#10745=AXIS2_PLACEMENT_3D('',#13697,#11519,#11520);
#10746=AXIS2_PLACEMENT_3D('',#13703,#11524,#11525);
#10747=AXIS2_PLACEMENT_3D('',#13705,#11527,#11528);
#10748=AXIS2_PLACEMENT_3D('',#13707,#11530,#11531);
#10749=AXIS2_PLACEMENT_3D('',#13716,#11536,#11537);
#10750=AXIS2_PLACEMENT_3D('',#13722,#11541,#11542);
#10751=AXIS2_PLACEMENT_3D('',#13726,#11545,#11546);
#10752=AXIS2_PLACEMENT_3D('',#13730,#11549,#11550);
#10753=AXIS2_PLACEMENT_3D('',#13732,#11552,#11553);
#10754=AXIS2_PLACEMENT_3D('',#13741,#11558,#11559);
#10755=AXIS2_PLACEMENT_3D('',#13747,#11563,#11564);
#10756=AXIS2_PLACEMENT_3D('',#13753,#11568,#11569);
#10757=AXIS2_PLACEMENT_3D('',#13755,#11571,#11572);
#10758=AXIS2_PLACEMENT_3D('',#13757,#11574,#11575);
#10759=AXIS2_PLACEMENT_3D('',#13766,#11580,#11581);
#10760=AXIS2_PLACEMENT_3D('',#13772,#11585,#11586);
#10761=AXIS2_PLACEMENT_3D('',#13776,#11589,#11590);
#10762=AXIS2_PLACEMENT_3D('',#13780,#11593,#11594);
#10763=AXIS2_PLACEMENT_3D('',#13782,#11596,#11597);
#10764=AXIS2_PLACEMENT_3D('',#13791,#11602,#11603);
#10765=AXIS2_PLACEMENT_3D('',#13797,#11607,#11608);
#10766=AXIS2_PLACEMENT_3D('',#13803,#11612,#11613);
#10767=AXIS2_PLACEMENT_3D('',#13805,#11615,#11616);
#10768=AXIS2_PLACEMENT_3D('',#13807,#11618,#11619);
#10769=AXIS2_PLACEMENT_3D('',#13816,#11624,#11625);
#10770=AXIS2_PLACEMENT_3D('',#13822,#11629,#11630);
#10771=AXIS2_PLACEMENT_3D('',#13826,#11633,#11634);
#10772=AXIS2_PLACEMENT_3D('',#13830,#11637,#11638);
#10773=AXIS2_PLACEMENT_3D('',#13832,#11640,#11641);
#10774=AXIS2_PLACEMENT_3D('',#13841,#11646,#11647);
#10775=AXIS2_PLACEMENT_3D('',#13847,#11651,#11652);
#10776=AXIS2_PLACEMENT_3D('',#13853,#11656,#11657);
#10777=AXIS2_PLACEMENT_3D('',#13855,#11659,#11660);
#10778=AXIS2_PLACEMENT_3D('',#13857,#11662,#11663);
#10779=AXIS2_PLACEMENT_3D('',#13866,#11668,#11669);
#10780=AXIS2_PLACEMENT_3D('',#13872,#11673,#11674);
#10781=AXIS2_PLACEMENT_3D('',#13876,#11677,#11678);
#10782=AXIS2_PLACEMENT_3D('',#13880,#11681,#11682);
#10783=AXIS2_PLACEMENT_3D('',#13882,#11684,#11685);
#10784=AXIS2_PLACEMENT_3D('',#13891,#11690,#11691);
#10785=AXIS2_PLACEMENT_3D('',#13897,#11695,#11696);
#10786=AXIS2_PLACEMENT_3D('',#13903,#11700,#11701);
#10787=AXIS2_PLACEMENT_3D('',#13905,#11703,#11704);
#10788=AXIS2_PLACEMENT_3D('',#13907,#11706,#11707);
#10789=AXIS2_PLACEMENT_3D('',#13916,#11712,#11713);
#10790=AXIS2_PLACEMENT_3D('',#13922,#11717,#11718);
#10791=AXIS2_PLACEMENT_3D('',#13926,#11721,#11722);
#10792=AXIS2_PLACEMENT_3D('',#13930,#11725,#11726);
#10793=AXIS2_PLACEMENT_3D('',#13932,#11728,#11729);
#10794=AXIS2_PLACEMENT_3D('',#13941,#11734,#11735);
#10795=AXIS2_PLACEMENT_3D('',#13947,#11739,#11740);
#10796=AXIS2_PLACEMENT_3D('',#13953,#11744,#11745);
#10797=AXIS2_PLACEMENT_3D('',#13955,#11747,#11748);
#10798=AXIS2_PLACEMENT_3D('',#13957,#11750,#11751);
#10799=AXIS2_PLACEMENT_3D('',#13966,#11756,#11757);
#10800=AXIS2_PLACEMENT_3D('',#13972,#11761,#11762);
#10801=AXIS2_PLACEMENT_3D('',#13976,#11765,#11766);
#10802=AXIS2_PLACEMENT_3D('',#13980,#11769,#11770);
#10803=AXIS2_PLACEMENT_3D('',#13982,#11772,#11773);
#10804=AXIS2_PLACEMENT_3D('',#13991,#11778,#11779);
#10805=AXIS2_PLACEMENT_3D('',#13997,#11783,#11784);
#10806=AXIS2_PLACEMENT_3D('',#14003,#11788,#11789);
#10807=AXIS2_PLACEMENT_3D('',#14005,#11791,#11792);
#10808=AXIS2_PLACEMENT_3D('',#14007,#11794,#11795);
#10809=AXIS2_PLACEMENT_3D('',#14016,#11800,#11801);
#10810=AXIS2_PLACEMENT_3D('',#14022,#11805,#11806);
#10811=AXIS2_PLACEMENT_3D('',#14026,#11809,#11810);
#10812=AXIS2_PLACEMENT_3D('',#14030,#11813,#11814);
#10813=AXIS2_PLACEMENT_3D('',#14032,#11816,#11817);
#10814=AXIS2_PLACEMENT_3D('',#14041,#11822,#11823);
#10815=AXIS2_PLACEMENT_3D('',#14047,#11827,#11828);
#10816=AXIS2_PLACEMENT_3D('',#14053,#11832,#11833);
#10817=AXIS2_PLACEMENT_3D('',#14055,#11835,#11836);
#10818=AXIS2_PLACEMENT_3D('',#14057,#11838,#11839);
#10819=AXIS2_PLACEMENT_3D('',#14066,#11844,#11845);
#10820=AXIS2_PLACEMENT_3D('',#14072,#11849,#11850);
#10821=AXIS2_PLACEMENT_3D('',#14076,#11853,#11854);
#10822=AXIS2_PLACEMENT_3D('',#14080,#11857,#11858);
#10823=AXIS2_PLACEMENT_3D('',#14082,#11860,#11861);
#10824=AXIS2_PLACEMENT_3D('',#14091,#11866,#11867);
#10825=AXIS2_PLACEMENT_3D('',#14097,#11871,#11872);
#10826=AXIS2_PLACEMENT_3D('',#14103,#11876,#11877);
#10827=AXIS2_PLACEMENT_3D('',#14105,#11879,#11880);
#10828=AXIS2_PLACEMENT_3D('',#14107,#11882,#11883);
#10829=AXIS2_PLACEMENT_3D('',#14116,#11888,#11889);
#10830=AXIS2_PLACEMENT_3D('',#14122,#11893,#11894);
#10831=AXIS2_PLACEMENT_3D('',#14126,#11897,#11898);
#10832=AXIS2_PLACEMENT_3D('',#14130,#11901,#11902);
#10833=AXIS2_PLACEMENT_3D('',#14132,#11904,#11905);
#10834=AXIS2_PLACEMENT_3D('',#14141,#11910,#11911);
#10835=AXIS2_PLACEMENT_3D('',#14147,#11915,#11916);
#10836=AXIS2_PLACEMENT_3D('',#14153,#11920,#11921);
#10837=AXIS2_PLACEMENT_3D('',#14155,#11923,#11924);
#10838=AXIS2_PLACEMENT_3D('',#14157,#11926,#11927);
#10839=AXIS2_PLACEMENT_3D('',#14166,#11932,#11933);
#10840=AXIS2_PLACEMENT_3D('',#14172,#11937,#11938);
#10841=AXIS2_PLACEMENT_3D('',#14176,#11941,#11942);
#10842=AXIS2_PLACEMENT_3D('',#14180,#11945,#11946);
#10843=AXIS2_PLACEMENT_3D('',#14182,#11948,#11949);
#10844=AXIS2_PLACEMENT_3D('',#14191,#11954,#11955);
#10845=AXIS2_PLACEMENT_3D('',#14197,#11959,#11960);
#10846=AXIS2_PLACEMENT_3D('',#14203,#11964,#11965);
#10847=AXIS2_PLACEMENT_3D('',#14205,#11967,#11968);
#10848=AXIS2_PLACEMENT_3D('',#14207,#11970,#11971);
#10849=AXIS2_PLACEMENT_3D('',#14216,#11976,#11977);
#10850=AXIS2_PLACEMENT_3D('',#14222,#11981,#11982);
#10851=AXIS2_PLACEMENT_3D('',#14226,#11985,#11986);
#10852=AXIS2_PLACEMENT_3D('',#14230,#11989,#11990);
#10853=AXIS2_PLACEMENT_3D('',#14232,#11992,#11993);
#10854=AXIS2_PLACEMENT_3D('',#14241,#11998,#11999);
#10855=AXIS2_PLACEMENT_3D('',#14247,#12003,#12004);
#10856=AXIS2_PLACEMENT_3D('',#14253,#12008,#12009);
#10857=AXIS2_PLACEMENT_3D('',#14255,#12011,#12012);
#10858=AXIS2_PLACEMENT_3D('',#14257,#12014,#12015);
#10859=AXIS2_PLACEMENT_3D('',#14266,#12020,#12021);
#10860=AXIS2_PLACEMENT_3D('',#14272,#12025,#12026);
#10861=AXIS2_PLACEMENT_3D('',#14276,#12029,#12030);
#10862=AXIS2_PLACEMENT_3D('',#14280,#12033,#12034);
#10863=AXIS2_PLACEMENT_3D('',#14282,#12036,#12037);
#10864=AXIS2_PLACEMENT_3D('',#14291,#12042,#12043);
#10865=AXIS2_PLACEMENT_3D('',#14297,#12047,#12048);
#10866=AXIS2_PLACEMENT_3D('',#14303,#12052,#12053);
#10867=AXIS2_PLACEMENT_3D('',#14305,#12055,#12056);
#10868=AXIS2_PLACEMENT_3D('',#14307,#12058,#12059);
#10869=AXIS2_PLACEMENT_3D('',#14316,#12064,#12065);
#10870=AXIS2_PLACEMENT_3D('',#14322,#12069,#12070);
#10871=AXIS2_PLACEMENT_3D('',#14326,#12073,#12074);
#10872=AXIS2_PLACEMENT_3D('',#14330,#12077,#12078);
#10873=AXIS2_PLACEMENT_3D('',#14332,#12080,#12081);
#10874=AXIS2_PLACEMENT_3D('',#14341,#12086,#12087);
#10875=AXIS2_PLACEMENT_3D('',#14347,#12091,#12092);
#10876=AXIS2_PLACEMENT_3D('',#14353,#12096,#12097);
#10877=AXIS2_PLACEMENT_3D('',#14355,#12099,#12100);
#10878=AXIS2_PLACEMENT_3D('',#14357,#12102,#12103);
#10879=AXIS2_PLACEMENT_3D('',#14366,#12108,#12109);
#10880=AXIS2_PLACEMENT_3D('',#14372,#12113,#12114);
#10881=AXIS2_PLACEMENT_3D('',#14376,#12117,#12118);
#10882=AXIS2_PLACEMENT_3D('',#14380,#12121,#12122);
#10883=AXIS2_PLACEMENT_3D('',#14382,#12124,#12125);
#10884=AXIS2_PLACEMENT_3D('',#14391,#12130,#12131);
#10885=AXIS2_PLACEMENT_3D('',#14397,#12135,#12136);
#10886=AXIS2_PLACEMENT_3D('',#14403,#12140,#12141);
#10887=AXIS2_PLACEMENT_3D('',#14405,#12143,#12144);
#10888=AXIS2_PLACEMENT_3D('',#14407,#12146,#12147);
#10889=AXIS2_PLACEMENT_3D('',#14416,#12152,#12153);
#10890=AXIS2_PLACEMENT_3D('',#14422,#12157,#12158);
#10891=AXIS2_PLACEMENT_3D('',#14426,#12161,#12162);
#10892=AXIS2_PLACEMENT_3D('',#14430,#12165,#12166);
#10893=AXIS2_PLACEMENT_3D('',#14432,#12168,#12169);
#10894=AXIS2_PLACEMENT_3D('',#14441,#12174,#12175);
#10895=AXIS2_PLACEMENT_3D('',#14447,#12179,#12180);
#10896=AXIS2_PLACEMENT_3D('',#14453,#12184,#12185);
#10897=AXIS2_PLACEMENT_3D('',#14455,#12187,#12188);
#10898=AXIS2_PLACEMENT_3D('',#14457,#12190,#12191);
#10899=AXIS2_PLACEMENT_3D('',#14466,#12196,#12197);
#10900=AXIS2_PLACEMENT_3D('',#14472,#12201,#12202);
#10901=AXIS2_PLACEMENT_3D('',#14476,#12205,#12206);
#10902=AXIS2_PLACEMENT_3D('',#14480,#12209,#12210);
#10903=AXIS2_PLACEMENT_3D('',#14482,#12212,#12213);
#10904=AXIS2_PLACEMENT_3D('',#14491,#12218,#12219);
#10905=AXIS2_PLACEMENT_3D('',#14497,#12223,#12224);
#10906=AXIS2_PLACEMENT_3D('',#14503,#12228,#12229);
#10907=AXIS2_PLACEMENT_3D('',#14505,#12231,#12232);
#10908=AXIS2_PLACEMENT_3D('',#14507,#12234,#12235);
#10909=AXIS2_PLACEMENT_3D('',#14516,#12240,#12241);
#10910=AXIS2_PLACEMENT_3D('',#14522,#12245,#12246);
#10911=AXIS2_PLACEMENT_3D('',#14526,#12249,#12250);
#10912=AXIS2_PLACEMENT_3D('',#14530,#12253,#12254);
#10913=AXIS2_PLACEMENT_3D('',#14532,#12256,#12257);
#10914=AXIS2_PLACEMENT_3D('',#14541,#12262,#12263);
#10915=AXIS2_PLACEMENT_3D('',#14547,#12267,#12268);
#10916=AXIS2_PLACEMENT_3D('',#14553,#12272,#12273);
#10917=AXIS2_PLACEMENT_3D('',#14555,#12275,#12276);
#10918=AXIS2_PLACEMENT_3D('',#14557,#12278,#12279);
#10919=AXIS2_PLACEMENT_3D('',#14566,#12284,#12285);
#10920=AXIS2_PLACEMENT_3D('',#14572,#12289,#12290);
#10921=AXIS2_PLACEMENT_3D('',#14576,#12293,#12294);
#10922=AXIS2_PLACEMENT_3D('',#14580,#12297,#12298);
#10923=AXIS2_PLACEMENT_3D('',#14582,#12300,#12301);
#10924=AXIS2_PLACEMENT_3D('',#14591,#12306,#12307);
#10925=AXIS2_PLACEMENT_3D('',#14597,#12311,#12312);
#10926=AXIS2_PLACEMENT_3D('',#14603,#12316,#12317);
#10927=AXIS2_PLACEMENT_3D('',#14605,#12319,#12320);
#10928=AXIS2_PLACEMENT_3D('',#14607,#12322,#12323);
#10929=AXIS2_PLACEMENT_3D('',#14616,#12328,#12329);
#10930=AXIS2_PLACEMENT_3D('',#14622,#12333,#12334);
#10931=AXIS2_PLACEMENT_3D('',#14626,#12337,#12338);
#10932=AXIS2_PLACEMENT_3D('',#14630,#12341,#12342);
#10933=AXIS2_PLACEMENT_3D('',#14632,#12344,#12345);
#10934=AXIS2_PLACEMENT_3D('',#14641,#12350,#12351);
#10935=AXIS2_PLACEMENT_3D('',#14647,#12355,#12356);
#10936=AXIS2_PLACEMENT_3D('',#14653,#12360,#12361);
#10937=AXIS2_PLACEMENT_3D('',#14655,#12363,#12364);
#10938=AXIS2_PLACEMENT_3D('',#14657,#12366,#12367);
#10939=AXIS2_PLACEMENT_3D('',#14666,#12372,#12373);
#10940=AXIS2_PLACEMENT_3D('',#14672,#12377,#12378);
#10941=AXIS2_PLACEMENT_3D('',#14676,#12381,#12382);
#10942=AXIS2_PLACEMENT_3D('',#14680,#12385,#12386);
#10943=AXIS2_PLACEMENT_3D('',#14682,#12388,#12389);
#10944=AXIS2_PLACEMENT_3D('',#14691,#12394,#12395);
#10945=AXIS2_PLACEMENT_3D('',#14697,#12399,#12400);
#10946=AXIS2_PLACEMENT_3D('',#14703,#12404,#12405);
#10947=AXIS2_PLACEMENT_3D('',#14705,#12407,#12408);
#10948=AXIS2_PLACEMENT_3D('',#14707,#12410,#12411);
#10949=AXIS2_PLACEMENT_3D('',#14716,#12416,#12417);
#10950=AXIS2_PLACEMENT_3D('',#14722,#12421,#12422);
#10951=AXIS2_PLACEMENT_3D('',#14726,#12425,#12426);
#10952=AXIS2_PLACEMENT_3D('',#14730,#12429,#12430);
#10953=AXIS2_PLACEMENT_3D('',#14732,#12432,#12433);
#10954=AXIS2_PLACEMENT_3D('',#14741,#12438,#12439);
#10955=AXIS2_PLACEMENT_3D('',#14747,#12443,#12444);
#10956=AXIS2_PLACEMENT_3D('',#14753,#12448,#12449);
#10957=AXIS2_PLACEMENT_3D('',#14755,#12451,#12452);
#10958=AXIS2_PLACEMENT_3D('',#14757,#12454,#12455);
#10959=AXIS2_PLACEMENT_3D('',#14766,#12460,#12461);
#10960=AXIS2_PLACEMENT_3D('',#14772,#12465,#12466);
#10961=AXIS2_PLACEMENT_3D('',#14776,#12469,#12470);
#10962=AXIS2_PLACEMENT_3D('',#14780,#12473,#12474);
#10963=AXIS2_PLACEMENT_3D('',#14782,#12476,#12477);
#10964=AXIS2_PLACEMENT_3D('',#14791,#12482,#12483);
#10965=AXIS2_PLACEMENT_3D('',#14797,#12487,#12488);
#10966=AXIS2_PLACEMENT_3D('',#14803,#12492,#12493);
#10967=AXIS2_PLACEMENT_3D('',#14805,#12495,#12496);
#10968=AXIS2_PLACEMENT_3D('',#14807,#12498,#12499);
#10969=AXIS2_PLACEMENT_3D('',#14816,#12504,#12505);
#10970=AXIS2_PLACEMENT_3D('',#14822,#12509,#12510);
#10971=AXIS2_PLACEMENT_3D('',#14826,#12513,#12514);
#10972=AXIS2_PLACEMENT_3D('',#14830,#12517,#12518);
#10973=AXIS2_PLACEMENT_3D('',#14832,#12520,#12521);
#10974=AXIS2_PLACEMENT_3D('',#14841,#12526,#12527);
#10975=AXIS2_PLACEMENT_3D('',#14847,#12531,#12532);
#10976=AXIS2_PLACEMENT_3D('',#14853,#12536,#12537);
#10977=AXIS2_PLACEMENT_3D('',#14855,#12539,#12540);
#10978=AXIS2_PLACEMENT_3D('',#14857,#12542,#12543);
#10979=AXIS2_PLACEMENT_3D('',#14866,#12548,#12549);
#10980=AXIS2_PLACEMENT_3D('',#14872,#12553,#12554);
#10981=AXIS2_PLACEMENT_3D('',#14876,#12557,#12558);
#10982=AXIS2_PLACEMENT_3D('',#14880,#12561,#12562);
#10983=AXIS2_PLACEMENT_3D('',#14882,#12564,#12565);
#10984=AXIS2_PLACEMENT_3D('',#14891,#12570,#12571);
#10985=AXIS2_PLACEMENT_3D('',#14897,#12575,#12576);
#10986=AXIS2_PLACEMENT_3D('',#14903,#12580,#12581);
#10987=AXIS2_PLACEMENT_3D('',#14905,#12583,#12584);
#10988=AXIS2_PLACEMENT_3D('',#14907,#12586,#12587);
#10989=AXIS2_PLACEMENT_3D('',#14916,#12592,#12593);
#10990=AXIS2_PLACEMENT_3D('',#14922,#12597,#12598);
#10991=AXIS2_PLACEMENT_3D('',#14926,#12601,#12602);
#10992=AXIS2_PLACEMENT_3D('',#14930,#12605,#12606);
#10993=AXIS2_PLACEMENT_3D('',#14932,#12608,#12609);
#10994=AXIS2_PLACEMENT_3D('',#14941,#12614,#12615);
#10995=AXIS2_PLACEMENT_3D('',#14947,#12619,#12620);
#10996=AXIS2_PLACEMENT_3D('',#14953,#12624,#12625);
#10997=AXIS2_PLACEMENT_3D('',#14955,#12627,#12628);
#10998=AXIS2_PLACEMENT_3D('',#14957,#12630,#12631);
#10999=AXIS2_PLACEMENT_3D('',#14966,#12636,#12637);
#11000=AXIS2_PLACEMENT_3D('',#14972,#12641,#12642);
#11001=AXIS2_PLACEMENT_3D('',#14976,#12645,#12646);
#11002=AXIS2_PLACEMENT_3D('',#14980,#12649,#12650);
#11003=AXIS2_PLACEMENT_3D('',#14982,#12652,#12653);
#11004=AXIS2_PLACEMENT_3D('',#14983,#12654,#12655);
#11005=AXIS2_PLACEMENT_3D('',#14985,#12656,#12657);
#11006=AXIS2_PLACEMENT_3D('',#14987,#12658,#12659);
#11007=AXIS2_PLACEMENT_3D('',#14988,#12660,#12661);
#11008=AXIS2_PLACEMENT_3D('',#14989,#12662,#12663);
#11009=AXIS2_PLACEMENT_3D('',#14991,#12664,#12665);
#11010=AXIS2_PLACEMENT_3D('',#14992,#12666,#12667);
#11011=AXIS2_PLACEMENT_3D('',#14994,#12668,#12669);
#11012=AXIS2_PLACEMENT_3D('',#14995,#12670,#12671);
#11013=AXIS2_PLACEMENT_3D('',#14997,#12672,#12673);
#11014=AXIS2_PLACEMENT_3D('',#14999,#12674,#12675);
#11015=AXIS2_PLACEMENT_3D('',#15000,#12676,#12677);
#11016=AXIS2_PLACEMENT_3D('',#15001,#12678,#12679);
#11017=AXIS2_PLACEMENT_3D('',#15003,#12680,#12681);
#11018=AXIS2_PLACEMENT_3D('',#15004,#12682,#12683);
#11019=AXIS2_PLACEMENT_3D('',#15006,#12684,#12685);
#11020=AXIS2_PLACEMENT_3D('',#15007,#12686,#12687);
#11021=AXIS2_PLACEMENT_3D('',#15009,#12688,#12689);
#11022=AXIS2_PLACEMENT_3D('',#15011,#12690,#12691);
#11023=AXIS2_PLACEMENT_3D('',#15012,#12692,#12693);
#11024=AXIS2_PLACEMENT_3D('',#15013,#12694,#12695);
#11025=AXIS2_PLACEMENT_3D('',#15015,#12696,#12697);
#11026=AXIS2_PLACEMENT_3D('',#15016,#12698,#12699);
#11027=AXIS2_PLACEMENT_3D('',#15018,#12700,#12701);
#11028=AXIS2_PLACEMENT_3D('',#15019,#12702,#12703);
#11029=AXIS2_PLACEMENT_3D('',#15021,#12704,#12705);
#11030=AXIS2_PLACEMENT_3D('',#15023,#12706,#12707);
#11031=AXIS2_PLACEMENT_3D('',#15024,#12708,#12709);
#11032=AXIS2_PLACEMENT_3D('',#15025,#12710,#12711);
#11033=AXIS2_PLACEMENT_3D('',#15027,#12712,#12713);
#11034=AXIS2_PLACEMENT_3D('',#15028,#12714,#12715);
#11035=AXIS2_PLACEMENT_3D('',#15030,#12716,#12717);
#11036=AXIS2_PLACEMENT_3D('',#15031,#12718,#12719);
#11037=AXIS2_PLACEMENT_3D('',#15033,#12720,#12721);
#11038=AXIS2_PLACEMENT_3D('',#15035,#12722,#12723);
#11039=AXIS2_PLACEMENT_3D('',#15036,#12724,#12725);
#11040=AXIS2_PLACEMENT_3D('',#15037,#12726,#12727);
#11041=AXIS2_PLACEMENT_3D('',#15039,#12728,#12729);
#11042=AXIS2_PLACEMENT_3D('',#15040,#12730,#12731);
#11043=AXIS2_PLACEMENT_3D('',#15042,#12732,#12733);
#11044=AXIS2_PLACEMENT_3D('',#15043,#12734,#12735);
#11045=AXIS2_PLACEMENT_3D('',#15045,#12736,#12737);
#11046=AXIS2_PLACEMENT_3D('',#15047,#12738,#12739);
#11047=AXIS2_PLACEMENT_3D('',#15048,#12740,#12741);
#11048=AXIS2_PLACEMENT_3D('',#15049,#12742,#12743);
#11049=AXIS2_PLACEMENT_3D('',#15051,#12744,#12745);
#11050=AXIS2_PLACEMENT_3D('',#15052,#12746,#12747);
#11051=AXIS2_PLACEMENT_3D('',#15054,#12748,#12749);
#11052=AXIS2_PLACEMENT_3D('',#15055,#12750,#12751);
#11053=AXIS2_PLACEMENT_3D('',#15057,#12752,#12753);
#11054=AXIS2_PLACEMENT_3D('',#15059,#12754,#12755);
#11055=AXIS2_PLACEMENT_3D('',#15060,#12756,#12757);
#11056=AXIS2_PLACEMENT_3D('',#15061,#12758,#12759);
#11057=AXIS2_PLACEMENT_3D('',#15063,#12760,#12761);
#11058=AXIS2_PLACEMENT_3D('',#15064,#12762,#12763);
#11059=AXIS2_PLACEMENT_3D('',#15066,#12764,#12765);
#11060=AXIS2_PLACEMENT_3D('',#15067,#12766,#12767);
#11061=AXIS2_PLACEMENT_3D('',#15069,#12768,#12769);
#11062=AXIS2_PLACEMENT_3D('',#15071,#12770,#12771);
#11063=AXIS2_PLACEMENT_3D('',#15072,#12772,#12773);
#11064=AXIS2_PLACEMENT_3D('',#15073,#12774,#12775);
#11065=AXIS2_PLACEMENT_3D('',#15075,#12776,#12777);
#11066=AXIS2_PLACEMENT_3D('',#15076,#12778,#12779);
#11067=AXIS2_PLACEMENT_3D('',#15078,#12780,#12781);
#11068=AXIS2_PLACEMENT_3D('',#15079,#12782,#12783);
#11069=AXIS2_PLACEMENT_3D('',#15081,#12784,#12785);
#11070=AXIS2_PLACEMENT_3D('',#15083,#12786,#12787);
#11071=AXIS2_PLACEMENT_3D('',#15084,#12788,#12789);
#11072=AXIS2_PLACEMENT_3D('',#15085,#12790,#12791);
#11073=AXIS2_PLACEMENT_3D('',#15087,#12792,#12793);
#11074=AXIS2_PLACEMENT_3D('',#15088,#12794,#12795);
#11075=AXIS2_PLACEMENT_3D('',#15090,#12796,#12797);
#11076=AXIS2_PLACEMENT_3D('',#15091,#12798,#12799);
#11077=AXIS2_PLACEMENT_3D('',#15093,#12800,#12801);
#11078=AXIS2_PLACEMENT_3D('',#15095,#12802,#12803);
#11079=AXIS2_PLACEMENT_3D('',#15096,#12804,#12805);
#11080=AXIS2_PLACEMENT_3D('',#15097,#12806,#12807);
#11081=AXIS2_PLACEMENT_3D('',#15099,#12808,#12809);
#11082=AXIS2_PLACEMENT_3D('',#15100,#12810,#12811);
#11083=AXIS2_PLACEMENT_3D('',#15102,#12812,#12813);
#11084=AXIS2_PLACEMENT_3D('',#15103,#12814,#12815);
#11085=AXIS2_PLACEMENT_3D('',#15105,#12816,#12817);
#11086=AXIS2_PLACEMENT_3D('',#15107,#12818,#12819);
#11087=AXIS2_PLACEMENT_3D('',#15108,#12820,#12821);
#11088=AXIS2_PLACEMENT_3D('',#15109,#12822,#12823);
#11089=AXIS2_PLACEMENT_3D('',#15111,#12824,#12825);
#11090=AXIS2_PLACEMENT_3D('',#15112,#12826,#12827);
#11091=AXIS2_PLACEMENT_3D('',#15114,#12828,#12829);
#11092=AXIS2_PLACEMENT_3D('',#15115,#12830,#12831);
#11093=AXIS2_PLACEMENT_3D('',#15117,#12832,#12833);
#11094=AXIS2_PLACEMENT_3D('',#15119,#12834,#12835);
#11095=AXIS2_PLACEMENT_3D('',#15120,#12836,#12837);
#11096=AXIS2_PLACEMENT_3D('',#15121,#12838,#12839);
#11097=AXIS2_PLACEMENT_3D('',#15123,#12840,#12841);
#11098=AXIS2_PLACEMENT_3D('',#15124,#12842,#12843);
#11099=AXIS2_PLACEMENT_3D('',#15126,#12844,#12845);
#11100=AXIS2_PLACEMENT_3D('',#15127,#12846,#12847);
#11101=AXIS2_PLACEMENT_3D('',#15129,#12848,#12849);
#11102=AXIS2_PLACEMENT_3D('',#15131,#12850,#12851);
#11103=AXIS2_PLACEMENT_3D('',#15132,#12852,#12853);
#11104=AXIS2_PLACEMENT_3D('',#15133,#12854,#12855);
#11105=AXIS2_PLACEMENT_3D('',#15135,#12856,#12857);
#11106=AXIS2_PLACEMENT_3D('',#15136,#12858,#12859);
#11107=AXIS2_PLACEMENT_3D('',#15138,#12860,#12861);
#11108=AXIS2_PLACEMENT_3D('',#15139,#12862,#12863);
#11109=AXIS2_PLACEMENT_3D('',#15141,#12864,#12865);
#11110=AXIS2_PLACEMENT_3D('',#15143,#12866,#12867);
#11111=AXIS2_PLACEMENT_3D('',#15144,#12868,#12869);
#11112=AXIS2_PLACEMENT_3D('',#15145,#12870,#12871);
#11113=AXIS2_PLACEMENT_3D('',#15147,#12872,#12873);
#11114=AXIS2_PLACEMENT_3D('',#15148,#12874,#12875);
#11115=AXIS2_PLACEMENT_3D('',#15150,#12876,#12877);
#11116=AXIS2_PLACEMENT_3D('',#15151,#12878,#12879);
#11117=AXIS2_PLACEMENT_3D('',#15153,#12880,#12881);
#11118=AXIS2_PLACEMENT_3D('',#15155,#12882,#12883);
#11119=AXIS2_PLACEMENT_3D('',#15156,#12884,#12885);
#11120=AXIS2_PLACEMENT_3D('',#15157,#12886,#12887);
#11121=AXIS2_PLACEMENT_3D('',#15159,#12888,#12889);
#11122=AXIS2_PLACEMENT_3D('',#15160,#12890,#12891);
#11123=AXIS2_PLACEMENT_3D('',#15162,#12892,#12893);
#11124=AXIS2_PLACEMENT_3D('',#15163,#12894,#12895);
#11125=AXIS2_PLACEMENT_3D('',#15165,#12896,#12897);
#11126=AXIS2_PLACEMENT_3D('',#15167,#12898,#12899);
#11127=AXIS2_PLACEMENT_3D('',#15168,#12900,#12901);
#11128=AXIS2_PLACEMENT_3D('',#15169,#12902,#12903);
#11129=AXIS2_PLACEMENT_3D('',#15171,#12904,#12905);
#11130=AXIS2_PLACEMENT_3D('',#15172,#12906,#12907);
#11131=AXIS2_PLACEMENT_3D('',#15174,#12908,#12909);
#11132=AXIS2_PLACEMENT_3D('',#15175,#12910,#12911);
#11133=AXIS2_PLACEMENT_3D('',#15177,#12912,#12913);
#11134=AXIS2_PLACEMENT_3D('',#15179,#12914,#12915);
#11135=AXIS2_PLACEMENT_3D('',#15180,#12916,#12917);
#11136=AXIS2_PLACEMENT_3D('',#15181,#12918,#12919);
#11137=AXIS2_PLACEMENT_3D('',#15183,#12920,#12921);
#11138=AXIS2_PLACEMENT_3D('',#15184,#12922,#12923);
#11139=AXIS2_PLACEMENT_3D('',#15186,#12924,#12925);
#11140=AXIS2_PLACEMENT_3D('',#15187,#12926,#12927);
#11141=AXIS2_PLACEMENT_3D('',#15189,#12928,#12929);
#11142=AXIS2_PLACEMENT_3D('',#15191,#12930,#12931);
#11143=AXIS2_PLACEMENT_3D('',#15192,#12932,#12933);
#11144=AXIS2_PLACEMENT_3D('',#15193,#12934,#12935);
#11145=AXIS2_PLACEMENT_3D('',#15195,#12936,#12937);
#11146=AXIS2_PLACEMENT_3D('',#15196,#12938,#12939);
#11147=AXIS2_PLACEMENT_3D('',#15198,#12940,#12941);
#11148=AXIS2_PLACEMENT_3D('',#15199,#12942,#12943);
#11149=AXIS2_PLACEMENT_3D('',#15201,#12944,#12945);
#11150=AXIS2_PLACEMENT_3D('',#15203,#12946,#12947);
#11151=AXIS2_PLACEMENT_3D('',#15204,#12948,#12949);
#11152=AXIS2_PLACEMENT_3D('',#15205,#12950,#12951);
#11153=AXIS2_PLACEMENT_3D('',#15207,#12952,#12953);
#11154=AXIS2_PLACEMENT_3D('',#15208,#12954,#12955);
#11155=AXIS2_PLACEMENT_3D('',#15210,#12956,#12957);
#11156=AXIS2_PLACEMENT_3D('',#15211,#12958,#12959);
#11157=AXIS2_PLACEMENT_3D('',#15213,#12960,#12961);
#11158=AXIS2_PLACEMENT_3D('',#15215,#12962,#12963);
#11159=AXIS2_PLACEMENT_3D('',#15216,#12964,#12965);
#11160=AXIS2_PLACEMENT_3D('',#15217,#12966,#12967);
#11161=AXIS2_PLACEMENT_3D('',#15219,#12968,#12969);
#11162=AXIS2_PLACEMENT_3D('',#15220,#12970,#12971);
#11163=AXIS2_PLACEMENT_3D('',#15222,#12972,#12973);
#11164=AXIS2_PLACEMENT_3D('',#15223,#12974,#12975);
#11165=AXIS2_PLACEMENT_3D('',#15225,#12976,#12977);
#11166=AXIS2_PLACEMENT_3D('',#15227,#12978,#12979);
#11167=AXIS2_PLACEMENT_3D('',#15228,#12980,#12981);
#11168=AXIS2_PLACEMENT_3D('',#15229,#12982,#12983);
#11169=AXIS2_PLACEMENT_3D('',#15231,#12984,#12985);
#11170=AXIS2_PLACEMENT_3D('',#15232,#12986,#12987);
#11171=AXIS2_PLACEMENT_3D('',#15234,#12988,#12989);
#11172=AXIS2_PLACEMENT_3D('',#15235,#12990,#12991);
#11173=AXIS2_PLACEMENT_3D('',#15237,#12992,#12993);
#11174=AXIS2_PLACEMENT_3D('',#15239,#12994,#12995);
#11175=AXIS2_PLACEMENT_3D('',#15240,#12996,#12997);
#11176=AXIS2_PLACEMENT_3D('',#15241,#12998,#12999);
#11177=AXIS2_PLACEMENT_3D('',#15243,#13000,#13001);
#11178=AXIS2_PLACEMENT_3D('',#15244,#13002,#13003);
#11179=AXIS2_PLACEMENT_3D('',#15246,#13004,#13005);
#11180=AXIS2_PLACEMENT_3D('',#15247,#13006,#13007);
#11181=AXIS2_PLACEMENT_3D('',#15249,#13008,#13009);
#11182=AXIS2_PLACEMENT_3D('',#15251,#13010,#13011);
#11183=AXIS2_PLACEMENT_3D('',#15252,#13012,#13013);
#11184=AXIS2_PLACEMENT_3D('',#15253,#13014,#13015);
#11185=AXIS2_PLACEMENT_3D('',#15255,#13016,#13017);
#11186=AXIS2_PLACEMENT_3D('',#15256,#13018,#13019);
#11187=AXIS2_PLACEMENT_3D('',#15258,#13020,#13021);
#11188=AXIS2_PLACEMENT_3D('',#15259,#13022,#13023);
#11189=AXIS2_PLACEMENT_3D('',#15261,#13024,#13025);
#11190=AXIS2_PLACEMENT_3D('',#15263,#13026,#13027);
#11191=AXIS2_PLACEMENT_3D('',#15264,#13028,#13029);
#11192=AXIS2_PLACEMENT_3D('',#15265,#13030,#13031);
#11193=AXIS2_PLACEMENT_3D('',#15267,#13032,#13033);
#11194=AXIS2_PLACEMENT_3D('',#15268,#13034,#13035);
#11195=AXIS2_PLACEMENT_3D('',#15270,#13036,#13037);
#11196=AXIS2_PLACEMENT_3D('',#15271,#13038,#13039);
#11197=AXIS2_PLACEMENT_3D('',#15273,#13040,#13041);
#11198=AXIS2_PLACEMENT_3D('',#15275,#13042,#13043);
#11199=AXIS2_PLACEMENT_3D('',#15276,#13044,#13045);
#11200=AXIS2_PLACEMENT_3D('',#15277,#13046,#13047);
#11201=AXIS2_PLACEMENT_3D('',#15279,#13048,#13049);
#11202=AXIS2_PLACEMENT_3D('',#15280,#13050,#13051);
#11203=AXIS2_PLACEMENT_3D('',#15282,#13052,#13053);
#11204=AXIS2_PLACEMENT_3D('',#15283,#13054,#13055);
#11205=AXIS2_PLACEMENT_3D('',#15285,#13056,#13057);
#11206=AXIS2_PLACEMENT_3D('',#15287,#13058,#13059);
#11207=AXIS2_PLACEMENT_3D('',#15288,#13060,#13061);
#11208=AXIS2_PLACEMENT_3D('',#15289,#13062,#13063);
#11209=AXIS2_PLACEMENT_3D('',#15291,#13064,#13065);
#11210=AXIS2_PLACEMENT_3D('',#15292,#13066,#13067);
#11211=AXIS2_PLACEMENT_3D('',#15294,#13068,#13069);
#11212=AXIS2_PLACEMENT_3D('',#15295,#13070,#13071);
#11213=AXIS2_PLACEMENT_3D('',#15297,#13072,#13073);
#11214=AXIS2_PLACEMENT_3D('',#15299,#13074,#13075);
#11215=AXIS2_PLACEMENT_3D('',#15300,#13076,#13077);
#11216=AXIS2_PLACEMENT_3D('',#15301,#13078,#13079);
#11217=AXIS2_PLACEMENT_3D('',#15303,#13080,#13081);
#11218=AXIS2_PLACEMENT_3D('',#15304,#13082,#13083);
#11219=AXIS2_PLACEMENT_3D('',#15306,#13084,#13085);
#11220=AXIS2_PLACEMENT_3D('',#15307,#13086,#13087);
#11221=AXIS2_PLACEMENT_3D('',#15309,#13088,#13089);
#11222=AXIS2_PLACEMENT_3D('',#15311,#13090,#13091);
#11223=AXIS2_PLACEMENT_3D('',#15312,#13092,#13093);
#11224=AXIS2_PLACEMENT_3D('',#15313,#13094,#13095);
#11225=AXIS2_PLACEMENT_3D('',#15315,#13096,#13097);
#11226=AXIS2_PLACEMENT_3D('',#15316,#13098,#13099);
#11227=AXIS2_PLACEMENT_3D('',#15318,#13100,#13101);
#11228=AXIS2_PLACEMENT_3D('',#15319,#13102,#13103);
#11229=AXIS2_PLACEMENT_3D('',#15321,#13104,#13105);
#11230=AXIS2_PLACEMENT_3D('',#15323,#13106,#13107);
#11231=AXIS2_PLACEMENT_3D('',#15324,#13108,#13109);
#11232=AXIS2_PLACEMENT_3D('',#15325,#13110,#13111);
#11233=AXIS2_PLACEMENT_3D('',#15327,#13112,#13113);
#11234=AXIS2_PLACEMENT_3D('',#15328,#13114,#13115);
#11235=AXIS2_PLACEMENT_3D('',#15330,#13116,#13117);
#11236=AXIS2_PLACEMENT_3D('',#15331,#13118,#13119);
#11237=AXIS2_PLACEMENT_3D('',#15333,#13120,#13121);
#11238=AXIS2_PLACEMENT_3D('',#15335,#13122,#13123);
#11239=AXIS2_PLACEMENT_3D('',#15336,#13124,#13125);
#11240=AXIS2_PLACEMENT_3D('',#15337,#13126,#13127);
#11241=AXIS2_PLACEMENT_3D('',#15339,#13128,#13129);
#11242=AXIS2_PLACEMENT_3D('',#15340,#13130,#13131);
#11243=AXIS2_PLACEMENT_3D('',#15342,#13132,#13133);
#11244=AXIS2_PLACEMENT_3D('',#15343,#13134,#13135);
#11245=AXIS2_PLACEMENT_3D('',#15345,#13136,#13137);
#11246=AXIS2_PLACEMENT_3D('',#15346,#13138,#13139);
#11247=AXIS2_PLACEMENT_3D('',#15348,#13140,#13141);
#11248=AXIS2_PLACEMENT_3D('',#15349,#13142,#13143);
#11249=AXIS2_PLACEMENT_3D('',#15351,#13144,#13145);
#11250=AXIS2_PLACEMENT_3D('',#15352,#13146,#13147);
#11251=AXIS2_PLACEMENT_3D('',#15354,#13148,#13149);
#11252=AXIS2_PLACEMENT_3D('',#15355,#13150,#13151);
#11253=AXIS2_PLACEMENT_3D('',#15357,#13152,#13153);
#11254=AXIS2_PLACEMENT_3D('',#15358,#13154,#13155);
#11255=AXIS2_PLACEMENT_3D('',#15360,#13156,#13157);
#11256=AXIS2_PLACEMENT_3D('',#15361,#13158,#13159);
#11257=AXIS2_PLACEMENT_3D('',#15363,#13160,#13161);
#11258=AXIS2_PLACEMENT_3D('',#15365,#13162,#13163);
#11259=AXIS2_PLACEMENT_3D('',#15366,#13164,#13165);
#11260=AXIS2_PLACEMENT_3D('',#15368,#13166,#13167);
#11261=AXIS2_PLACEMENT_3D('',#15370,#13168,#13169);
#11262=AXIS2_PLACEMENT_3D('',#15379,#13174,#13175);
#11263=AXIS2_PLACEMENT_3D('',#15393,#13183,#13184);
#11264=AXIS2_PLACEMENT_3D('',#15399,#13188,#13189);
#11265=AXIS2_PLACEMENT_3D('',#15408,#13194,#13195);
#11266=AXIS2_PLACEMENT_3D('',#15414,#13199,#13200);
#11267=AXIS2_PLACEMENT_3D('',#15419,#13204,#13205);
#11268=AXIS2_PLACEMENT_3D('',#15425,#13209,#13210);
#11269=AXIS2_PLACEMENT_3D('',#15434,#13215,#13216);
#11270=AXIS2_PLACEMENT_3D('',#15440,#13220,#13221);
#11271=AXIS2_PLACEMENT_3D('',#15443,#13224,#13225);
#11272=AXIS2_PLACEMENT_3D('',#15449,#13229,#13230);
#11273=AXIS2_PLACEMENT_3D('',#15458,#13235,#13236);
#11274=AXIS2_PLACEMENT_3D('',#15464,#13240,#13241);
#11275=AXIS2_PLACEMENT_3D('',#15473,#13246,#13247);
#11276=AXIS2_PLACEMENT_3D('',#15479,#13251,#13252);
#11277=AXIS2_PLACEMENT_3D('',#15483,#13255,#13256);
#11278=AXIS2_PLACEMENT_3D('',#15487,#13259,#13260);
#11279=AXIS2_PLACEMENT_3D('',#15489,#13262,#13263);
#11280=AXIS2_PLACEMENT_3D('',#15498,#13268,#13269);
#11281=AXIS2_PLACEMENT_3D('',#15504,#13273,#13274);
#11282=AXIS2_PLACEMENT_3D('',#15508,#13277,#13278);
#11283=AXIS2_PLACEMENT_3D('',#15512,#13281,#13282);
#11284=AXIS2_PLACEMENT_3D('',#15514,#13284,#13285);
#11285=AXIS2_PLACEMENT_3D('',#15523,#13290,#13291);
#11286=AXIS2_PLACEMENT_3D('',#15529,#13295,#13296);
#11287=AXIS2_PLACEMENT_3D('',#15533,#13299,#13300);
#11288=AXIS2_PLACEMENT_3D('',#15537,#13303,#13304);
#11289=AXIS2_PLACEMENT_3D('',#15539,#13306,#13307);
#11290=AXIS2_PLACEMENT_3D('',#15548,#13312,#13313);
#11291=AXIS2_PLACEMENT_3D('',#15554,#13317,#13318);
#11292=AXIS2_PLACEMENT_3D('',#15558,#13321,#13322);
#11293=AXIS2_PLACEMENT_3D('',#15562,#13325,#13326);
#11294=AXIS2_PLACEMENT_3D('',#15564,#13328,#13329);
#11295=AXIS2_PLACEMENT_3D('',#15581,#13338,#13339);
#11296=AXIS2_PLACEMENT_3D('',#15586,#13343,#13344);
#11297=AXIS2_PLACEMENT_3D('',#15588,#13346,#13347);
#11298=AXIS2_PLACEMENT_3D('',#15590,#13349,#13350);
#11299=AXIS2_PLACEMENT_3D('',#15593,#13353,#13354);
#11300=AXIS2_PLACEMENT_3D('',#15595,#13356,#13357);
#11301=AXIS2_PLACEMENT_3D('',#15597,#13359,#13360);
#11302=AXIS2_PLACEMENT_3D('',#15599,#13362,#13363);
#11303=AXIS2_PLACEMENT_3D('',#15601,#13365,#13366);
#11304=AXIS2_PLACEMENT_3D('',#15605,#13369,#13370);
#11305=AXIS2_PLACEMENT_3D('',#15615,#13376,#13377);
#11306=AXIS2_PLACEMENT_3D('',#15621,#13381,#13382);
#11307=AXIS2_PLACEMENT_3D('',#15625,#13385,#13386);
#11308=AXIS2_PLACEMENT_3D('',#15629,#13389,#13390);
#11309=AXIS2_PLACEMENT_3D('',#15647,#13400,#13401);
#11310=AXIS2_PLACEMENT_3D('',#15653,#13405,#13406);
#11311=AXIS2_PLACEMENT_3D('',#15655,#13408,#13409);
#11312=AXIS2_PLACEMENT_3D('',#15657,#13411,#13412);
#11313=AXIS2_PLACEMENT_3D('',#15659,#13414,#13415);
#11314=AXIS2_PLACEMENT_3D('',#15663,#13418,#13419);
#11315=AXIS2_PLACEMENT_3D('',#15673,#13425,#13426);
#11316=AXIS2_PLACEMENT_3D('',#15679,#13430,#13431);
#11317=AXIS2_PLACEMENT_3D('',#15683,#13434,#13435);
#11318=AXIS2_PLACEMENT_3D('',#15691,#13440,#13441);
#11319=AXIS2_PLACEMENT_3D('',#15695,#13444,#13445);
#11320=AXIS2_PLACEMENT_3D('',#15699,#13448,#13449);
#11321=AXIS2_PLACEMENT_3D('',#15705,#13453,#13454);
#11322=AXIS2_PLACEMENT_3D('',#15711,#13458,#13459);
#11323=AXIS2_PLACEMENT_3D('',#15713,#13461,#13462);
#11324=AXIS2_PLACEMENT_3D('',#15715,#13464,#13465);
#11325=AXIS2_PLACEMENT_3D('',#15717,#13467,#13468);
#11326=AXIS2_PLACEMENT_3D('',#15719,#13470,#13471);
#11327=AXIS2_PLACEMENT_3D('',#15720,#13472,#13473);
#11328=AXIS2_PLACEMENT_3D('',#15722,#13474,#13475);
#11329=AXIS2_PLACEMENT_3D('',#15723,#13476,#13477);
#11330=AXIS2_PLACEMENT_3D('',#15725,#13478,#13479);
#11331=AXIS2_PLACEMENT_3D('',#15726,#13480,#13481);
#11332=DIRECTION('',(0.,0.,1.));
#11333=DIRECTION('',(1.,0.,0.));
#11334=DIRECTION('',(0.,2.47817639425258E-15,1.));
#11335=DIRECTION('',(-1.,0.,0.));
#11336=DIRECTION('',(0.,2.47817639425258E-15,-1.));
#11337=DIRECTION('',(1.,-3.46944695195361E-15,0.));
#11338=DIRECTION('',(0.,-1.,-1.14578829324756E-15));
#11339=DIRECTION('',(1.,0.,0.));
#11340=DIRECTION('',(-1.,0.,0.));
#11341=DIRECTION('',(-0.463918010940538,-0.723166311172028,-0.511674276772652));
#11342=DIRECTION('',(-0.46391801094054,0.723166311172022,0.511674276772658));
#11343=DIRECTION('',(0.,-0.577589911755867,0.816327075281624));
#11344=DIRECTION('',(0.,-0.816327075281624,-0.577589911755867));
#11345=DIRECTION('',(0.463918010940537,0.723166311172027,-0.511674276772654));
#11346=DIRECTION('',(1.,-2.06514699521048E-15,0.));
#11347=DIRECTION('',(0.46391801094054,-0.723166311172024,0.511674276772656));
#11348=DIRECTION('',(-4.00934807918041E-16,-0.577589911755867,-0.816327075281624));
#11349=DIRECTION('',(0.,0.816327075281624,-0.577589911755867));
#11350=DIRECTION('',(0.,1.61369625672261E-15,-1.));
#11351=DIRECTION('',(-0.841694082265676,-0.539954694283642,0.));
#11352=DIRECTION('',(0.539954694283642,-0.841694082265676,0.));
#11353=DIRECTION('',(0.,0.,1.));
#11354=DIRECTION('',(0.841694082265676,-0.539954694283642,0.));
#11355=DIRECTION('',(0.539954694283642,0.841694082265676,0.));
#11356=DIRECTION('',(0.,1.61369625672261E-15,-1.));
#11357=DIRECTION('',(-0.46391801094054,0.723166311172022,0.511674276772658));
#11358=DIRECTION('',(0.,2.47817639425258E-15,1.));
#11359=DIRECTION('',(0.463918010940539,-0.723166311172025,0.511674276772656));
#11360=DIRECTION('',(-0.841694082265676,-0.539954694283642,0.));
#11361=DIRECTION('',(0.539954694283642,-0.841694082265676,0.));
#11362=DIRECTION('',(-1.,0.,0.));
#11363=DIRECTION('',(-0.463918010940539,-0.723166311172027,-0.511674276772652));
#11364=DIRECTION('',(-1.,0.,0.));
#11365=DIRECTION('',(0.,-0.577589911755867,0.816327075281624));
#11366=DIRECTION('',(0.,-0.816327075281624,-0.577589911755867));
#11367=DIRECTION('',(0.,2.47817639425258E-15,-1.));
#11368=DIRECTION('',(1.,-3.46944695195362E-15,0.));
#11369=DIRECTION('',(0.,-1.,-1.14578829324756E-15));
#11370=DIRECTION('',(1.,0.,0.));
#11371=DIRECTION('',(0.463918010940537,0.723166311172027,-0.511674276772654));
#11372=DIRECTION('',(1.,-2.06514699521048E-15,0.));
#11373=DIRECTION('',(-4.00934807918041E-16,-0.577589911755867,-0.816327075281624));
#11374=DIRECTION('',(0.,0.816327075281624,-0.577589911755867));
#11375=DIRECTION('',(0.,0.,1.));
#11376=DIRECTION('',(0.841694082265676,-0.539954694283642,0.));
#11377=DIRECTION('',(0.539954694283642,0.841694082265676,0.));
#11378=DIRECTION('',(0.,2.47817639425258E-15,1.));
#11379=DIRECTION('',(-1.,0.,0.));
#11380=DIRECTION('',(0.,2.47817639425258E-15,-1.));
#11381=DIRECTION('',(1.,-3.46944695195361E-15,0.));
#11382=DIRECTION('',(0.,-1.,-1.14578829324756E-15));
#11383=DIRECTION('',(1.,0.,0.));
#11384=DIRECTION('',(-1.,0.,0.));
#11385=DIRECTION('',(-0.463918010940538,-0.723166311172028,-0.511674276772652));
#11386=DIRECTION('',(-0.46391801094054,0.723166311172022,0.511674276772658));
#11387=DIRECTION('',(0.,-0.577589911755867,0.816327075281624));
#11388=DIRECTION('',(0.,-0.816327075281624,-0.577589911755867));
#11389=DIRECTION('',(0.463918010940537,0.723166311172027,-0.511674276772654));
#11390=DIRECTION('',(1.,-2.06514699521048E-15,0.));
#11391=DIRECTION('',(0.46391801094054,-0.723166311172024,0.511674276772656));
#11392=DIRECTION('',(-4.00934807918041E-16,-0.577589911755867,-0.816327075281624));
#11393=DIRECTION('',(0.,0.816327075281624,-0.577589911755867));
#11394=DIRECTION('',(0.,1.61369625672261E-15,-1.));
#11395=DIRECTION('',(-0.841694082265676,-0.539954694283642,0.));
#11396=DIRECTION('',(0.539954694283642,-0.841694082265676,0.));
#11397=DIRECTION('',(0.,0.,1.));
#11398=DIRECTION('',(0.841694082265676,-0.539954694283642,0.));
#11399=DIRECTION('',(0.539954694283642,0.841694082265676,0.));
#11400=DIRECTION('',(0.,1.61369625672261E-15,-1.));
#11401=DIRECTION('',(-0.46391801094054,0.723166311172022,0.511674276772658));
#11402=DIRECTION('',(0.,2.47817639425258E-15,1.));
#11403=DIRECTION('',(0.463918010940539,-0.723166311172025,0.511674276772656));
#11404=DIRECTION('',(-0.841694082265676,-0.539954694283642,0.));
#11405=DIRECTION('',(0.539954694283642,-0.841694082265676,0.));
#11406=DIRECTION('',(-1.,0.,0.));
#11407=DIRECTION('',(-0.463918010940539,-0.723166311172027,-0.511674276772652));
#11408=DIRECTION('',(-1.,0.,0.));
#11409=DIRECTION('',(0.,-0.577589911755867,0.816327075281624));
#11410=DIRECTION('',(0.,-0.816327075281624,-0.577589911755867));
#11411=DIRECTION('',(0.,2.47817639425258E-15,-1.));
#11412=DIRECTION('',(1.,-3.46944695195362E-15,0.));
#11413=DIRECTION('',(0.,-1.,-1.14578829324756E-15));
#11414=DIRECTION('',(1.,0.,0.));
#11415=DIRECTION('',(0.463918010940537,0.723166311172027,-0.511674276772654));
#11416=DIRECTION('',(1.,-2.06514699521048E-15,0.));
#11417=DIRECTION('',(-4.00934807918041E-16,-0.577589911755867,-0.816327075281624));
#11418=DIRECTION('',(0.,0.816327075281624,-0.577589911755867));
#11419=DIRECTION('',(0.,0.,1.));
#11420=DIRECTION('',(0.841694082265676,-0.539954694283642,0.));
#11421=DIRECTION('',(0.539954694283642,0.841694082265676,0.));
#11422=DIRECTION('',(0.,2.47817639425258E-15,1.));
#11423=DIRECTION('',(-1.,0.,0.));
#11424=DIRECTION('',(0.,2.47817639425258E-15,-1.));
#11425=DIRECTION('',(1.,-3.46944695195361E-15,0.));
#11426=DIRECTION('',(0.,-1.,-1.14578829324756E-15));
#11427=DIRECTION('',(1.,0.,0.));
#11428=DIRECTION('',(-1.,0.,0.));
#11429=DIRECTION('',(-0.463918010940538,-0.723166311172028,-0.511674276772652));
#11430=DIRECTION('',(-0.46391801094054,0.723166311172022,0.511674276772658));
#11431=DIRECTION('',(0.,-0.577589911755867,0.816327075281624));
#11432=DIRECTION('',(0.,-0.816327075281624,-0.577589911755867));
#11433=DIRECTION('',(0.463918010940537,0.723166311172027,-0.511674276772654));
#11434=DIRECTION('',(1.,-2.06514699521048E-15,0.));
#11435=DIRECTION('',(0.46391801094054,-0.723166311172024,0.511674276772656));
#11436=DIRECTION('',(-4.00934807918041E-16,-0.577589911755867,-0.816327075281624));
#11437=DIRECTION('',(0.,0.816327075281624,-0.577589911755867));
#11438=DIRECTION('',(0.,1.61369625672261E-15,-1.));
#11439=DIRECTION('',(-0.841694082265676,-0.539954694283642,0.));
#11440=DIRECTION('',(0.539954694283642,-0.841694082265676,0.));
#11441=DIRECTION('',(0.,0.,1.));
#11442=DIRECTION('',(0.841694082265676,-0.539954694283642,0.));
#11443=DIRECTION('',(0.539954694283642,0.841694082265676,0.));
#11444=DIRECTION('',(0.,1.61369625672261E-15,-1.));
#11445=DIRECTION('',(-0.46391801094054,0.723166311172022,0.511674276772658));
#11446=DIRECTION('',(0.,2.47817639425258E-15,1.));
#11447=DIRECTION('',(0.463918010940539,-0.723166311172025,0.511674276772656));
#11448=DIRECTION('',(-0.841694082265676,-0.539954694283642,0.));
#11449=DIRECTION('',(0.539954694283642,-0.841694082265676,0.));
#11450=DIRECTION('',(-1.,0.,0.));
#11451=DIRECTION('',(-0.463918010940539,-0.723166311172027,-0.511674276772652));
#11452=DIRECTION('',(-1.,0.,0.));
#11453=DIRECTION('',(0.,-0.577589911755867,0.816327075281624));
#11454=DIRECTION('',(0.,-0.816327075281624,-0.577589911755867));
#11455=DIRECTION('',(0.,2.47817639425258E-15,-1.));
#11456=DIRECTION('',(1.,-3.46944695195362E-15,0.));
#11457=DIRECTION('',(0.,-1.,-1.14578829324756E-15));
#11458=DIRECTION('',(1.,0.,0.));
#11459=DIRECTION('',(0.463918010940537,0.723166311172027,-0.511674276772654));
#11460=DIRECTION('',(1.,-2.06514699521048E-15,0.));
#11461=DIRECTION('',(-4.00934807918041E-16,-0.577589911755867,-0.816327075281624));
#11462=DIRECTION('',(0.,0.816327075281624,-0.577589911755867));
#11463=DIRECTION('',(0.,0.,1.));
#11464=DIRECTION('',(0.841694082265676,-0.539954694283642,0.));
#11465=DIRECTION('',(0.539954694283642,0.841694082265676,0.));
#11466=DIRECTION('',(0.,2.47817639425258E-15,1.));
#11467=DIRECTION('',(-1.,0.,0.));
#11468=DIRECTION('',(0.,2.47817639425258E-15,-1.));
#11469=DIRECTION('',(1.,-3.46944695195361E-15,0.));
#11470=DIRECTION('',(0.,-1.,-1.14578829324756E-15));
#11471=DIRECTION('',(1.,0.,0.));
#11472=DIRECTION('',(-1.,0.,0.));
#11473=DIRECTION('',(-0.463918010940538,-0.723166311172028,-0.511674276772652));
#11474=DIRECTION('',(-0.46391801094054,0.723166311172022,0.511674276772658));
#11475=DIRECTION('',(0.,-0.577589911755867,0.816327075281624));
#11476=DIRECTION('',(0.,-0.816327075281624,-0.577589911755867));
#11477=DIRECTION('',(0.463918010940537,0.723166311172027,-0.511674276772654));
#11478=DIRECTION('',(1.,-2.06514699521048E-15,0.));
#11479=DIRECTION('',(0.46391801094054,-0.723166311172024,0.511674276772656));
#11480=DIRECTION('',(-4.00934807918041E-16,-0.577589911755867,-0.816327075281624));
#11481=DIRECTION('',(0.,0.816327075281624,-0.577589911755867));
#11482=DIRECTION('',(0.,1.61369625672261E-15,-1.));
#11483=DIRECTION('',(-0.841694082265676,-0.539954694283642,0.));
#11484=DIRECTION('',(0.539954694283642,-0.841694082265676,0.));
#11485=DIRECTION('',(0.,0.,1.));
#11486=DIRECTION('',(0.841694082265676,-0.539954694283642,0.));
#11487=DIRECTION('',(0.539954694283642,0.841694082265676,0.));
#11488=DIRECTION('',(0.,1.61369625672261E-15,-1.));
#11489=DIRECTION('',(-0.46391801094054,0.723166311172022,0.511674276772658));
#11490=DIRECTION('',(0.,2.47817639425258E-15,1.));
#11491=DIRECTION('',(0.463918010940539,-0.723166311172025,0.511674276772656));
#11492=DIRECTION('',(-0.841694082265676,-0.539954694283642,0.));
#11493=DIRECTION('',(0.539954694283642,-0.841694082265676,0.));
#11494=DIRECTION('',(-1.,0.,0.));
#11495=DIRECTION('',(-0.463918010940539,-0.723166311172027,-0.511674276772652));
#11496=DIRECTION('',(-1.,0.,0.));
#11497=DIRECTION('',(0.,-0.577589911755867,0.816327075281624));
#11498=DIRECTION('',(0.,-0.816327075281624,-0.577589911755867));
#11499=DIRECTION('',(0.,2.47817639425258E-15,-1.));
#11500=DIRECTION('',(1.,-3.46944695195362E-15,0.));
#11501=DIRECTION('',(0.,-1.,-1.14578829324756E-15));
#11502=DIRECTION('',(1.,0.,0.));
#11503=DIRECTION('',(0.463918010940537,0.723166311172027,-0.511674276772654));
#11504=DIRECTION('',(1.,-2.06514699521048E-15,0.));
#11505=DIRECTION('',(-4.00934807918041E-16,-0.577589911755867,-0.816327075281624));
#11506=DIRECTION('',(0.,0.816327075281624,-0.577589911755867));
#11507=DIRECTION('',(0.,0.,1.));
#11508=DIRECTION('',(0.841694082265676,-0.539954694283642,0.));
#11509=DIRECTION('',(0.539954694283642,0.841694082265676,0.));
#11510=DIRECTION('',(0.,2.47817639425258E-15,1.));
#11511=DIRECTION('',(-1.,0.,0.));
#11512=DIRECTION('',(0.,2.47817639425258E-15,-1.));
#11513=DIRECTION('',(1.,-3.46944695195361E-15,0.));
#11514=DIRECTION('',(0.,-1.,-1.14578829324756E-15));
#11515=DIRECTION('',(1.,0.,0.));
#11516=DIRECTION('',(-1.,0.,0.));
#11517=DIRECTION('',(-0.463918010940538,-0.723166311172028,-0.511674276772652));
#11518=DIRECTION('',(-0.46391801094054,0.723166311172022,0.511674276772658));
#11519=DIRECTION('',(0.,-0.577589911755867,0.816327075281624));
#11520=DIRECTION('',(0.,-0.816327075281624,-0.577589911755867));
#11521=DIRECTION('',(0.463918010940537,0.723166311172027,-0.511674276772654));
#11522=DIRECTION('',(1.,-2.06514699521048E-15,0.));
#11523=DIRECTION('',(0.46391801094054,-0.723166311172024,0.511674276772656));
#11524=DIRECTION('',(-4.00934807918041E-16,-0.577589911755867,-0.816327075281624));
#11525=DIRECTION('',(0.,0.816327075281624,-0.577589911755867));
#11526=DIRECTION('',(0.,1.61369625672261E-15,-1.));
#11527=DIRECTION('',(-0.841694082265676,-0.539954694283642,0.));
#11528=DIRECTION('',(0.539954694283642,-0.841694082265676,0.));
#11529=DIRECTION('',(0.,0.,1.));
#11530=DIRECTION('',(0.841694082265676,-0.539954694283642,0.));
#11531=DIRECTION('',(0.539954694283642,0.841694082265676,0.));
#11532=DIRECTION('',(0.,1.61369625672261E-15,-1.));
#11533=DIRECTION('',(-0.46391801094054,0.723166311172022,0.511674276772658));
#11534=DIRECTION('',(0.,2.47817639425258E-15,1.));
#11535=DIRECTION('',(0.463918010940539,-0.723166311172025,0.511674276772656));
#11536=DIRECTION('',(-0.841694082265676,-0.539954694283642,0.));
#11537=DIRECTION('',(0.539954694283642,-0.841694082265676,0.));
#11538=DIRECTION('',(-1.,0.,0.));
#11539=DIRECTION('',(-0.463918010940539,-0.723166311172027,-0.511674276772652));
#11540=DIRECTION('',(-1.,0.,0.));
#11541=DIRECTION('',(0.,-0.577589911755867,0.816327075281624));
#11542=DIRECTION('',(0.,-0.816327075281624,-0.577589911755867));
#11543=DIRECTION('',(0.,2.47817639425258E-15,-1.));
#11544=DIRECTION('',(1.,-3.46944695195362E-15,0.));
#11545=DIRECTION('',(0.,-1.,-1.14578829324756E-15));
#11546=DIRECTION('',(1.,0.,0.));
#11547=DIRECTION('',(0.463918010940537,0.723166311172027,-0.511674276772654));
#11548=DIRECTION('',(1.,-2.06514699521048E-15,0.));
#11549=DIRECTION('',(-4.00934807918041E-16,-0.577589911755867,-0.816327075281624));
#11550=DIRECTION('',(0.,0.816327075281624,-0.577589911755867));
#11551=DIRECTION('',(0.,0.,1.));
#11552=DIRECTION('',(0.841694082265676,-0.539954694283642,0.));
#11553=DIRECTION('',(0.539954694283642,0.841694082265676,0.));
#11554=DIRECTION('',(0.,2.47817639425258E-15,1.));
#11555=DIRECTION('',(-1.,0.,0.));
#11556=DIRECTION('',(0.,2.47817639425258E-15,-1.));
#11557=DIRECTION('',(1.,-3.46944695195361E-15,0.));
#11558=DIRECTION('',(0.,-1.,-1.14578829324756E-15));
#11559=DIRECTION('',(1.,0.,0.));
#11560=DIRECTION('',(-1.,0.,0.));
#11561=DIRECTION('',(-0.463918010940538,-0.723166311172028,-0.511674276772652));
#11562=DIRECTION('',(-0.46391801094054,0.723166311172022,0.511674276772658));
#11563=DIRECTION('',(0.,-0.577589911755867,0.816327075281624));
#11564=DIRECTION('',(0.,-0.816327075281624,-0.577589911755867));
#11565=DIRECTION('',(0.463918010940537,0.723166311172027,-0.511674276772654));
#11566=DIRECTION('',(1.,-2.06514699521048E-15,0.));
#11567=DIRECTION('',(0.46391801094054,-0.723166311172024,0.511674276772656));
#11568=DIRECTION('',(-4.00934807918041E-16,-0.577589911755867,-0.816327075281624));
#11569=DIRECTION('',(0.,0.816327075281624,-0.577589911755867));
#11570=DIRECTION('',(0.,1.61369625672261E-15,-1.));
#11571=DIRECTION('',(-0.841694082265676,-0.539954694283642,0.));
#11572=DIRECTION('',(0.539954694283642,-0.841694082265676,0.));
#11573=DIRECTION('',(0.,0.,1.));
#11574=DIRECTION('',(0.841694082265676,-0.539954694283642,0.));
#11575=DIRECTION('',(0.539954694283642,0.841694082265676,0.));
#11576=DIRECTION('',(0.,1.61369625672261E-15,-1.));
#11577=DIRECTION('',(-0.46391801094054,0.723166311172022,0.511674276772658));
#11578=DIRECTION('',(0.,2.47817639425258E-15,1.));
#11579=DIRECTION('',(0.463918010940539,-0.723166311172025,0.511674276772656));
#11580=DIRECTION('',(-0.841694082265676,-0.539954694283642,0.));
#11581=DIRECTION('',(0.539954694283642,-0.841694082265676,0.));
#11582=DIRECTION('',(-1.,0.,0.));
#11583=DIRECTION('',(-0.463918010940539,-0.723166311172027,-0.511674276772652));
#11584=DIRECTION('',(-1.,0.,0.));
#11585=DIRECTION('',(0.,-0.577589911755867,0.816327075281624));
#11586=DIRECTION('',(0.,-0.816327075281624,-0.577589911755867));
#11587=DIRECTION('',(0.,2.47817639425258E-15,-1.));
#11588=DIRECTION('',(1.,-3.46944695195362E-15,0.));
#11589=DIRECTION('',(0.,-1.,-1.14578829324756E-15));
#11590=DIRECTION('',(1.,0.,0.));
#11591=DIRECTION('',(0.463918010940537,0.723166311172027,-0.511674276772654));
#11592=DIRECTION('',(1.,-2.06514699521048E-15,0.));
#11593=DIRECTION('',(-4.00934807918041E-16,-0.577589911755867,-0.816327075281624));
#11594=DIRECTION('',(0.,0.816327075281624,-0.577589911755867));
#11595=DIRECTION('',(0.,0.,1.));
#11596=DIRECTION('',(0.841694082265676,-0.539954694283642,0.));
#11597=DIRECTION('',(0.539954694283642,0.841694082265676,0.));
#11598=DIRECTION('',(0.,2.47817639425258E-15,1.));
#11599=DIRECTION('',(-1.,0.,0.));
#11600=DIRECTION('',(0.,2.47817639425258E-15,-1.));
#11601=DIRECTION('',(1.,-3.46944695195361E-15,0.));
#11602=DIRECTION('',(0.,-1.,-1.14578829324756E-15));
#11603=DIRECTION('',(1.,0.,0.));
#11604=DIRECTION('',(-1.,0.,0.));
#11605=DIRECTION('',(-0.463918010940538,-0.723166311172028,-0.511674276772652));
#11606=DIRECTION('',(-0.46391801094054,0.723166311172022,0.511674276772658));
#11607=DIRECTION('',(0.,-0.577589911755867,0.816327075281624));
#11608=DIRECTION('',(0.,-0.816327075281624,-0.577589911755867));
#11609=DIRECTION('',(0.463918010940537,0.723166311172027,-0.511674276772654));
#11610=DIRECTION('',(1.,-2.06514699521048E-15,0.));
#11611=DIRECTION('',(0.46391801094054,-0.723166311172024,0.511674276772656));
#11612=DIRECTION('',(-4.00934807918041E-16,-0.577589911755867,-0.816327075281624));
#11613=DIRECTION('',(0.,0.816327075281624,-0.577589911755867));
#11614=DIRECTION('',(0.,1.61369625672261E-15,-1.));
#11615=DIRECTION('',(-0.841694082265676,-0.539954694283642,0.));
#11616=DIRECTION('',(0.539954694283642,-0.841694082265676,0.));
#11617=DIRECTION('',(0.,0.,1.));
#11618=DIRECTION('',(0.841694082265676,-0.539954694283642,0.));
#11619=DIRECTION('',(0.539954694283642,0.841694082265676,0.));
#11620=DIRECTION('',(0.,1.61369625672261E-15,-1.));
#11621=DIRECTION('',(-0.46391801094054,0.723166311172022,0.511674276772658));
#11622=DIRECTION('',(0.,2.47817639425258E-15,1.));
#11623=DIRECTION('',(0.463918010940539,-0.723166311172025,0.511674276772656));
#11624=DIRECTION('',(-0.841694082265676,-0.539954694283642,0.));
#11625=DIRECTION('',(0.539954694283642,-0.841694082265676,0.));
#11626=DIRECTION('',(-1.,0.,0.));
#11627=DIRECTION('',(-0.463918010940539,-0.723166311172027,-0.511674276772652));
#11628=DIRECTION('',(-1.,0.,0.));
#11629=DIRECTION('',(0.,-0.577589911755867,0.816327075281624));
#11630=DIRECTION('',(0.,-0.816327075281624,-0.577589911755867));
#11631=DIRECTION('',(0.,2.47817639425258E-15,-1.));
#11632=DIRECTION('',(1.,-3.46944695195362E-15,0.));
#11633=DIRECTION('',(0.,-1.,-1.14578829324756E-15));
#11634=DIRECTION('',(1.,0.,0.));
#11635=DIRECTION('',(0.463918010940537,0.723166311172027,-0.511674276772654));
#11636=DIRECTION('',(1.,-2.06514699521048E-15,0.));
#11637=DIRECTION('',(-4.00934807918041E-16,-0.577589911755867,-0.816327075281624));
#11638=DIRECTION('',(0.,0.816327075281624,-0.577589911755867));
#11639=DIRECTION('',(0.,0.,1.));
#11640=DIRECTION('',(0.841694082265676,-0.539954694283642,0.));
#11641=DIRECTION('',(0.539954694283642,0.841694082265676,0.));
#11642=DIRECTION('',(0.,2.47817639425258E-15,1.));
#11643=DIRECTION('',(-1.,0.,0.));
#11644=DIRECTION('',(0.,2.47817639425258E-15,-1.));
#11645=DIRECTION('',(1.,-3.46944695195361E-15,0.));
#11646=DIRECTION('',(0.,-1.,-1.14578829324756E-15));
#11647=DIRECTION('',(1.,0.,0.));
#11648=DIRECTION('',(-1.,0.,0.));
#11649=DIRECTION('',(-0.463918010940538,-0.723166311172028,-0.511674276772652));
#11650=DIRECTION('',(-0.46391801094054,0.723166311172022,0.511674276772658));
#11651=DIRECTION('',(0.,-0.577589911755867,0.816327075281624));
#11652=DIRECTION('',(0.,-0.816327075281624,-0.577589911755867));
#11653=DIRECTION('',(0.463918010940537,0.723166311172027,-0.511674276772654));
#11654=DIRECTION('',(1.,-2.06514699521048E-15,0.));
#11655=DIRECTION('',(0.46391801094054,-0.723166311172024,0.511674276772656));
#11656=DIRECTION('',(-4.00934807918041E-16,-0.577589911755867,-0.816327075281624));
#11657=DIRECTION('',(0.,0.816327075281624,-0.577589911755867));
#11658=DIRECTION('',(0.,1.61369625672261E-15,-1.));
#11659=DIRECTION('',(-0.841694082265676,-0.539954694283642,0.));
#11660=DIRECTION('',(0.539954694283642,-0.841694082265676,0.));
#11661=DIRECTION('',(0.,0.,1.));
#11662=DIRECTION('',(0.841694082265676,-0.539954694283642,0.));
#11663=DIRECTION('',(0.539954694283642,0.841694082265676,0.));
#11664=DIRECTION('',(0.,1.61369625672261E-15,-1.));
#11665=DIRECTION('',(-0.46391801094054,0.723166311172022,0.511674276772658));
#11666=DIRECTION('',(0.,2.47817639425258E-15,1.));
#11667=DIRECTION('',(0.463918010940539,-0.723166311172025,0.511674276772656));
#11668=DIRECTION('',(-0.841694082265676,-0.539954694283642,0.));
#11669=DIRECTION('',(0.539954694283642,-0.841694082265676,0.));
#11670=DIRECTION('',(-1.,0.,0.));
#11671=DIRECTION('',(-0.463918010940539,-0.723166311172027,-0.511674276772652));
#11672=DIRECTION('',(-1.,0.,0.));
#11673=DIRECTION('',(0.,-0.577589911755867,0.816327075281624));
#11674=DIRECTION('',(0.,-0.816327075281624,-0.577589911755867));
#11675=DIRECTION('',(0.,2.47817639425258E-15,-1.));
#11676=DIRECTION('',(1.,-3.46944695195362E-15,0.));
#11677=DIRECTION('',(0.,-1.,-1.14578829324756E-15));
#11678=DIRECTION('',(1.,0.,0.));
#11679=DIRECTION('',(0.463918010940537,0.723166311172027,-0.511674276772654));
#11680=DIRECTION('',(1.,-2.06514699521048E-15,0.));
#11681=DIRECTION('',(-4.00934807918041E-16,-0.577589911755867,-0.816327075281624));
#11682=DIRECTION('',(0.,0.816327075281624,-0.577589911755867));
#11683=DIRECTION('',(0.,0.,1.));
#11684=DIRECTION('',(0.841694082265676,-0.539954694283642,0.));
#11685=DIRECTION('',(0.539954694283642,0.841694082265676,0.));
#11686=DIRECTION('',(0.,2.47817639425258E-15,1.));
#11687=DIRECTION('',(-1.,0.,0.));
#11688=DIRECTION('',(0.,2.47817639425258E-15,-1.));
#11689=DIRECTION('',(1.,-3.46944695195361E-15,0.));
#11690=DIRECTION('',(0.,-1.,-1.14578829324756E-15));
#11691=DIRECTION('',(1.,0.,0.));
#11692=DIRECTION('',(-1.,0.,0.));
#11693=DIRECTION('',(-0.463918010940538,-0.723166311172028,-0.511674276772652));
#11694=DIRECTION('',(-0.46391801094054,0.723166311172022,0.511674276772658));
#11695=DIRECTION('',(0.,-0.577589911755867,0.816327075281624));
#11696=DIRECTION('',(0.,-0.816327075281624,-0.577589911755867));
#11697=DIRECTION('',(0.463918010940537,0.723166311172027,-0.511674276772654));
#11698=DIRECTION('',(1.,-2.06514699521048E-15,0.));
#11699=DIRECTION('',(0.46391801094054,-0.723166311172024,0.511674276772656));
#11700=DIRECTION('',(-4.00934807918041E-16,-0.577589911755867,-0.816327075281624));
#11701=DIRECTION('',(0.,0.816327075281624,-0.577589911755867));
#11702=DIRECTION('',(0.,1.61369625672261E-15,-1.));
#11703=DIRECTION('',(-0.841694082265676,-0.539954694283642,0.));
#11704=DIRECTION('',(0.539954694283642,-0.841694082265676,0.));
#11705=DIRECTION('',(0.,0.,1.));
#11706=DIRECTION('',(0.841694082265676,-0.539954694283642,0.));
#11707=DIRECTION('',(0.539954694283642,0.841694082265676,0.));
#11708=DIRECTION('',(0.,1.61369625672261E-15,-1.));
#11709=DIRECTION('',(-0.46391801094054,0.723166311172022,0.511674276772658));
#11710=DIRECTION('',(0.,2.47817639425258E-15,1.));
#11711=DIRECTION('',(0.463918010940539,-0.723166311172025,0.511674276772656));
#11712=DIRECTION('',(-0.841694082265676,-0.539954694283642,0.));
#11713=DIRECTION('',(0.539954694283642,-0.841694082265676,0.));
#11714=DIRECTION('',(-1.,0.,0.));
#11715=DIRECTION('',(-0.463918010940539,-0.723166311172027,-0.511674276772652));
#11716=DIRECTION('',(-1.,0.,0.));
#11717=DIRECTION('',(0.,-0.577589911755867,0.816327075281624));
#11718=DIRECTION('',(0.,-0.816327075281624,-0.577589911755867));
#11719=DIRECTION('',(0.,2.47817639425258E-15,-1.));
#11720=DIRECTION('',(1.,-3.46944695195362E-15,0.));
#11721=DIRECTION('',(0.,-1.,-1.14578829324756E-15));
#11722=DIRECTION('',(1.,0.,0.));
#11723=DIRECTION('',(0.463918010940537,0.723166311172027,-0.511674276772654));
#11724=DIRECTION('',(1.,-2.06514699521048E-15,0.));
#11725=DIRECTION('',(-4.00934807918041E-16,-0.577589911755867,-0.816327075281624));
#11726=DIRECTION('',(0.,0.816327075281624,-0.577589911755867));
#11727=DIRECTION('',(0.,0.,1.));
#11728=DIRECTION('',(0.841694082265676,-0.539954694283642,0.));
#11729=DIRECTION('',(0.539954694283642,0.841694082265676,0.));
#11730=DIRECTION('',(0.,2.47817639425258E-15,1.));
#11731=DIRECTION('',(-1.,0.,0.));
#11732=DIRECTION('',(0.,2.47817639425258E-15,-1.));
#11733=DIRECTION('',(1.,-3.46944695195361E-15,0.));
#11734=DIRECTION('',(0.,-1.,-1.14578829324756E-15));
#11735=DIRECTION('',(1.,0.,0.));
#11736=DIRECTION('',(-1.,0.,0.));
#11737=DIRECTION('',(-0.463918010940538,-0.723166311172028,-0.511674276772652));
#11738=DIRECTION('',(-0.46391801094054,0.723166311172022,0.511674276772658));
#11739=DIRECTION('',(0.,-0.577589911755867,0.816327075281624));
#11740=DIRECTION('',(0.,-0.816327075281624,-0.577589911755867));
#11741=DIRECTION('',(0.463918010940537,0.723166311172027,-0.511674276772654));
#11742=DIRECTION('',(1.,-2.06514699521048E-15,0.));
#11743=DIRECTION('',(0.46391801094054,-0.723166311172024,0.511674276772656));
#11744=DIRECTION('',(-4.00934807918041E-16,-0.577589911755867,-0.816327075281624));
#11745=DIRECTION('',(0.,0.816327075281624,-0.577589911755867));
#11746=DIRECTION('',(0.,1.61369625672261E-15,-1.));
#11747=DIRECTION('',(-0.841694082265676,-0.539954694283642,0.));
#11748=DIRECTION('',(0.539954694283642,-0.841694082265676,0.));
#11749=DIRECTION('',(0.,0.,1.));
#11750=DIRECTION('',(0.841694082265676,-0.539954694283642,0.));
#11751=DIRECTION('',(0.539954694283642,0.841694082265676,0.));
#11752=DIRECTION('',(0.,1.61369625672261E-15,-1.));
#11753=DIRECTION('',(-0.46391801094054,0.723166311172022,0.511674276772658));
#11754=DIRECTION('',(0.,2.47817639425258E-15,1.));
#11755=DIRECTION('',(0.463918010940539,-0.723166311172025,0.511674276772656));
#11756=DIRECTION('',(-0.841694082265676,-0.539954694283642,0.));
#11757=DIRECTION('',(0.539954694283642,-0.841694082265676,0.));
#11758=DIRECTION('',(-1.,0.,0.));
#11759=DIRECTION('',(-0.463918010940539,-0.723166311172027,-0.511674276772652));
#11760=DIRECTION('',(-1.,0.,0.));
#11761=DIRECTION('',(0.,-0.577589911755867,0.816327075281624));
#11762=DIRECTION('',(0.,-0.816327075281624,-0.577589911755867));
#11763=DIRECTION('',(0.,2.47817639425258E-15,-1.));
#11764=DIRECTION('',(1.,-3.46944695195362E-15,0.));
#11765=DIRECTION('',(0.,-1.,-1.14578829324756E-15));
#11766=DIRECTION('',(1.,0.,0.));
#11767=DIRECTION('',(0.463918010940537,0.723166311172027,-0.511674276772654));
#11768=DIRECTION('',(1.,-2.06514699521048E-15,0.));
#11769=DIRECTION('',(-4.00934807918041E-16,-0.577589911755867,-0.816327075281624));
#11770=DIRECTION('',(0.,0.816327075281624,-0.577589911755867));
#11771=DIRECTION('',(0.,0.,1.));
#11772=DIRECTION('',(0.841694082265676,-0.539954694283642,0.));
#11773=DIRECTION('',(0.539954694283642,0.841694082265676,0.));
#11774=DIRECTION('',(0.,2.47817639425258E-15,1.));
#11775=DIRECTION('',(-1.,0.,0.));
#11776=DIRECTION('',(0.,2.47817639425258E-15,-1.));
#11777=DIRECTION('',(1.,-3.46944695195361E-15,0.));
#11778=DIRECTION('',(0.,-1.,-1.14578829324756E-15));
#11779=DIRECTION('',(1.,0.,0.));
#11780=DIRECTION('',(-1.,0.,0.));
#11781=DIRECTION('',(-0.463918010940538,-0.723166311172028,-0.511674276772652));
#11782=DIRECTION('',(-0.46391801094054,0.723166311172022,0.511674276772658));
#11783=DIRECTION('',(0.,-0.577589911755867,0.816327075281624));
#11784=DIRECTION('',(0.,-0.816327075281624,-0.577589911755867));
#11785=DIRECTION('',(0.463918010940537,0.723166311172027,-0.511674276772654));
#11786=DIRECTION('',(1.,-2.06514699521048E-15,0.));
#11787=DIRECTION('',(0.46391801094054,-0.723166311172024,0.511674276772656));
#11788=DIRECTION('',(-4.00934807918041E-16,-0.577589911755867,-0.816327075281624));
#11789=DIRECTION('',(0.,0.816327075281624,-0.577589911755867));
#11790=DIRECTION('',(0.,1.61369625672261E-15,-1.));
#11791=DIRECTION('',(-0.841694082265676,-0.539954694283642,0.));
#11792=DIRECTION('',(0.539954694283642,-0.841694082265676,0.));
#11793=DIRECTION('',(0.,0.,1.));
#11794=DIRECTION('',(0.841694082265676,-0.539954694283642,0.));
#11795=DIRECTION('',(0.539954694283642,0.841694082265676,0.));
#11796=DIRECTION('',(0.,1.61369625672261E-15,-1.));
#11797=DIRECTION('',(-0.46391801094054,0.723166311172022,0.511674276772658));
#11798=DIRECTION('',(0.,2.47817639425258E-15,1.));
#11799=DIRECTION('',(0.463918010940539,-0.723166311172025,0.511674276772656));
#11800=DIRECTION('',(-0.841694082265676,-0.539954694283642,0.));
#11801=DIRECTION('',(0.539954694283642,-0.841694082265676,0.));
#11802=DIRECTION('',(-1.,0.,0.));
#11803=DIRECTION('',(-0.463918010940539,-0.723166311172027,-0.511674276772652));
#11804=DIRECTION('',(-1.,0.,0.));
#11805=DIRECTION('',(0.,-0.577589911755867,0.816327075281624));
#11806=DIRECTION('',(0.,-0.816327075281624,-0.577589911755867));
#11807=DIRECTION('',(0.,2.47817639425258E-15,-1.));
#11808=DIRECTION('',(1.,-3.46944695195362E-15,0.));
#11809=DIRECTION('',(0.,-1.,-1.14578829324756E-15));
#11810=DIRECTION('',(1.,0.,0.));
#11811=DIRECTION('',(0.463918010940537,0.723166311172027,-0.511674276772654));
#11812=DIRECTION('',(1.,-2.06514699521048E-15,0.));
#11813=DIRECTION('',(-4.00934807918041E-16,-0.577589911755867,-0.816327075281624));
#11814=DIRECTION('',(0.,0.816327075281624,-0.577589911755867));
#11815=DIRECTION('',(0.,0.,1.));
#11816=DIRECTION('',(0.841694082265676,-0.539954694283642,0.));
#11817=DIRECTION('',(0.539954694283642,0.841694082265676,0.));
#11818=DIRECTION('',(0.,2.47817639425258E-15,1.));
#11819=DIRECTION('',(-1.,0.,0.));
#11820=DIRECTION('',(0.,2.47817639425258E-15,-1.));
#11821=DIRECTION('',(1.,-3.46944695195361E-15,0.));
#11822=DIRECTION('',(0.,-1.,-1.14578829324756E-15));
#11823=DIRECTION('',(1.,0.,0.));
#11824=DIRECTION('',(-1.,0.,0.));
#11825=DIRECTION('',(-0.463918010940538,-0.723166311172028,-0.511674276772652));
#11826=DIRECTION('',(-0.46391801094054,0.723166311172022,0.511674276772658));
#11827=DIRECTION('',(0.,-0.577589911755867,0.816327075281624));
#11828=DIRECTION('',(0.,-0.816327075281624,-0.577589911755867));
#11829=DIRECTION('',(0.463918010940537,0.723166311172027,-0.511674276772654));
#11830=DIRECTION('',(1.,-2.06514699521048E-15,0.));
#11831=DIRECTION('',(0.46391801094054,-0.723166311172024,0.511674276772656));
#11832=DIRECTION('',(-4.00934807918041E-16,-0.577589911755867,-0.816327075281624));
#11833=DIRECTION('',(0.,0.816327075281624,-0.577589911755867));
#11834=DIRECTION('',(0.,1.61369625672261E-15,-1.));
#11835=DIRECTION('',(-0.841694082265676,-0.539954694283642,0.));
#11836=DIRECTION('',(0.539954694283642,-0.841694082265676,0.));
#11837=DIRECTION('',(0.,0.,1.));
#11838=DIRECTION('',(0.841694082265676,-0.539954694283642,0.));
#11839=DIRECTION('',(0.539954694283642,0.841694082265676,0.));
#11840=DIRECTION('',(0.,1.61369625672261E-15,-1.));
#11841=DIRECTION('',(-0.46391801094054,0.723166311172022,0.511674276772658));
#11842=DIRECTION('',(0.,2.47817639425258E-15,1.));
#11843=DIRECTION('',(0.463918010940539,-0.723166311172025,0.511674276772656));
#11844=DIRECTION('',(-0.841694082265676,-0.539954694283642,0.));
#11845=DIRECTION('',(0.539954694283642,-0.841694082265676,0.));
#11846=DIRECTION('',(-1.,0.,0.));
#11847=DIRECTION('',(-0.463918010940539,-0.723166311172027,-0.511674276772652));
#11848=DIRECTION('',(-1.,0.,0.));
#11849=DIRECTION('',(0.,-0.577589911755867,0.816327075281624));
#11850=DIRECTION('',(0.,-0.816327075281624,-0.577589911755867));
#11851=DIRECTION('',(0.,2.47817639425258E-15,-1.));
#11852=DIRECTION('',(1.,-3.46944695195362E-15,0.));
#11853=DIRECTION('',(0.,-1.,-1.14578829324756E-15));
#11854=DIRECTION('',(1.,0.,0.));
#11855=DIRECTION('',(0.463918010940537,0.723166311172027,-0.511674276772654));
#11856=DIRECTION('',(1.,-2.06514699521048E-15,0.));
#11857=DIRECTION('',(-4.00934807918041E-16,-0.577589911755867,-0.816327075281624));
#11858=DIRECTION('',(0.,0.816327075281624,-0.577589911755867));
#11859=DIRECTION('',(0.,0.,1.));
#11860=DIRECTION('',(0.841694082265676,-0.539954694283642,0.));
#11861=DIRECTION('',(0.539954694283642,0.841694082265676,0.));
#11862=DIRECTION('',(0.,2.47817639425258E-15,1.));
#11863=DIRECTION('',(-1.,0.,0.));
#11864=DIRECTION('',(0.,2.47817639425258E-15,-1.));
#11865=DIRECTION('',(1.,-3.46944695195361E-15,0.));
#11866=DIRECTION('',(0.,-1.,-1.14578829324756E-15));
#11867=DIRECTION('',(1.,0.,0.));
#11868=DIRECTION('',(-1.,0.,0.));
#11869=DIRECTION('',(-0.463918010940538,-0.723166311172028,-0.511674276772652));
#11870=DIRECTION('',(-0.46391801094054,0.723166311172022,0.511674276772658));
#11871=DIRECTION('',(0.,-0.577589911755867,0.816327075281624));
#11872=DIRECTION('',(0.,-0.816327075281624,-0.577589911755867));
#11873=DIRECTION('',(0.463918010940537,0.723166311172027,-0.511674276772654));
#11874=DIRECTION('',(1.,-2.06514699521048E-15,0.));
#11875=DIRECTION('',(0.46391801094054,-0.723166311172024,0.511674276772656));
#11876=DIRECTION('',(-4.00934807918041E-16,-0.577589911755867,-0.816327075281624));
#11877=DIRECTION('',(0.,0.816327075281624,-0.577589911755867));
#11878=DIRECTION('',(0.,1.61369625672261E-15,-1.));
#11879=DIRECTION('',(-0.841694082265676,-0.539954694283642,0.));
#11880=DIRECTION('',(0.539954694283642,-0.841694082265676,0.));
#11881=DIRECTION('',(0.,0.,1.));
#11882=DIRECTION('',(0.841694082265676,-0.539954694283642,0.));
#11883=DIRECTION('',(0.539954694283642,0.841694082265676,0.));
#11884=DIRECTION('',(0.,1.61369625672261E-15,-1.));
#11885=DIRECTION('',(-0.46391801094054,0.723166311172022,0.511674276772658));
#11886=DIRECTION('',(0.,2.47817639425258E-15,1.));
#11887=DIRECTION('',(0.463918010940539,-0.723166311172025,0.511674276772656));
#11888=DIRECTION('',(-0.841694082265676,-0.539954694283642,0.));
#11889=DIRECTION('',(0.539954694283642,-0.841694082265676,0.));
#11890=DIRECTION('',(-1.,0.,0.));
#11891=DIRECTION('',(-0.463918010940539,-0.723166311172027,-0.511674276772652));
#11892=DIRECTION('',(-1.,0.,0.));
#11893=DIRECTION('',(0.,-0.577589911755867,0.816327075281624));
#11894=DIRECTION('',(0.,-0.816327075281624,-0.577589911755867));
#11895=DIRECTION('',(0.,2.47817639425258E-15,-1.));
#11896=DIRECTION('',(1.,-3.46944695195362E-15,0.));
#11897=DIRECTION('',(0.,-1.,-1.14578829324756E-15));
#11898=DIRECTION('',(1.,0.,0.));
#11899=DIRECTION('',(0.463918010940537,0.723166311172027,-0.511674276772654));
#11900=DIRECTION('',(1.,-2.06514699521048E-15,0.));
#11901=DIRECTION('',(-4.00934807918041E-16,-0.577589911755867,-0.816327075281624));
#11902=DIRECTION('',(0.,0.816327075281624,-0.577589911755867));
#11903=DIRECTION('',(0.,0.,1.));
#11904=DIRECTION('',(0.841694082265676,-0.539954694283642,0.));
#11905=DIRECTION('',(0.539954694283642,0.841694082265676,0.));
#11906=DIRECTION('',(0.,2.47817639425258E-15,1.));
#11907=DIRECTION('',(-1.,0.,0.));
#11908=DIRECTION('',(0.,2.47817639425258E-15,-1.));
#11909=DIRECTION('',(1.,-3.46944695195361E-15,0.));
#11910=DIRECTION('',(0.,-1.,-1.14578829324756E-15));
#11911=DIRECTION('',(1.,0.,0.));
#11912=DIRECTION('',(-1.,0.,0.));
#11913=DIRECTION('',(-0.463918010940538,-0.723166311172028,-0.511674276772652));
#11914=DIRECTION('',(-0.46391801094054,0.723166311172022,0.511674276772658));
#11915=DIRECTION('',(0.,-0.577589911755867,0.816327075281624));
#11916=DIRECTION('',(0.,-0.816327075281624,-0.577589911755867));
#11917=DIRECTION('',(0.463918010940537,0.723166311172027,-0.511674276772654));
#11918=DIRECTION('',(1.,-2.06514699521048E-15,0.));
#11919=DIRECTION('',(0.46391801094054,-0.723166311172024,0.511674276772656));
#11920=DIRECTION('',(-4.00934807918041E-16,-0.577589911755867,-0.816327075281624));
#11921=DIRECTION('',(0.,0.816327075281624,-0.577589911755867));
#11922=DIRECTION('',(0.,1.61369625672261E-15,-1.));
#11923=DIRECTION('',(-0.841694082265676,-0.539954694283642,0.));
#11924=DIRECTION('',(0.539954694283642,-0.841694082265676,0.));
#11925=DIRECTION('',(0.,0.,1.));
#11926=DIRECTION('',(0.841694082265676,-0.539954694283642,0.));
#11927=DIRECTION('',(0.539954694283642,0.841694082265676,0.));
#11928=DIRECTION('',(0.,1.61369625672261E-15,-1.));
#11929=DIRECTION('',(-0.46391801094054,0.723166311172022,0.511674276772658));
#11930=DIRECTION('',(0.,2.47817639425258E-15,1.));
#11931=DIRECTION('',(0.463918010940539,-0.723166311172025,0.511674276772656));
#11932=DIRECTION('',(-0.841694082265676,-0.539954694283642,0.));
#11933=DIRECTION('',(0.539954694283642,-0.841694082265676,0.));
#11934=DIRECTION('',(-1.,0.,0.));
#11935=DIRECTION('',(-0.463918010940539,-0.723166311172027,-0.511674276772652));
#11936=DIRECTION('',(-1.,0.,0.));
#11937=DIRECTION('',(0.,-0.577589911755867,0.816327075281624));
#11938=DIRECTION('',(0.,-0.816327075281624,-0.577589911755867));
#11939=DIRECTION('',(0.,2.47817639425258E-15,-1.));
#11940=DIRECTION('',(1.,-3.46944695195362E-15,0.));
#11941=DIRECTION('',(0.,-1.,-1.14578829324756E-15));
#11942=DIRECTION('',(1.,0.,0.));
#11943=DIRECTION('',(0.463918010940537,0.723166311172027,-0.511674276772654));
#11944=DIRECTION('',(1.,-2.06514699521048E-15,0.));
#11945=DIRECTION('',(-4.00934807918041E-16,-0.577589911755867,-0.816327075281624));
#11946=DIRECTION('',(0.,0.816327075281624,-0.577589911755867));
#11947=DIRECTION('',(0.,0.,1.));
#11948=DIRECTION('',(0.841694082265676,-0.539954694283642,0.));
#11949=DIRECTION('',(0.539954694283642,0.841694082265676,0.));
#11950=DIRECTION('',(0.,2.47817639425258E-15,1.));
#11951=DIRECTION('',(-1.,0.,0.));
#11952=DIRECTION('',(0.,2.47817639425258E-15,-1.));
#11953=DIRECTION('',(1.,-3.46944695195361E-15,0.));
#11954=DIRECTION('',(0.,-1.,-1.14578829324756E-15));
#11955=DIRECTION('',(1.,0.,0.));
#11956=DIRECTION('',(-1.,0.,0.));
#11957=DIRECTION('',(-0.463918010940538,-0.723166311172028,-0.511674276772652));
#11958=DIRECTION('',(-0.46391801094054,0.723166311172022,0.511674276772658));
#11959=DIRECTION('',(0.,-0.577589911755867,0.816327075281624));
#11960=DIRECTION('',(0.,-0.816327075281624,-0.577589911755867));
#11961=DIRECTION('',(0.463918010940537,0.723166311172027,-0.511674276772654));
#11962=DIRECTION('',(1.,-2.06514699521048E-15,0.));
#11963=DIRECTION('',(0.46391801094054,-0.723166311172024,0.511674276772656));
#11964=DIRECTION('',(-4.00934807918041E-16,-0.577589911755867,-0.816327075281624));
#11965=DIRECTION('',(0.,0.816327075281624,-0.577589911755867));
#11966=DIRECTION('',(0.,1.61369625672261E-15,-1.));
#11967=DIRECTION('',(-0.841694082265676,-0.539954694283642,0.));
#11968=DIRECTION('',(0.539954694283642,-0.841694082265676,0.));
#11969=DIRECTION('',(0.,0.,1.));
#11970=DIRECTION('',(0.841694082265676,-0.539954694283642,0.));
#11971=DIRECTION('',(0.539954694283642,0.841694082265676,0.));
#11972=DIRECTION('',(0.,1.61369625672261E-15,-1.));
#11973=DIRECTION('',(-0.46391801094054,0.723166311172022,0.511674276772658));
#11974=DIRECTION('',(0.,2.47817639425258E-15,1.));
#11975=DIRECTION('',(0.463918010940539,-0.723166311172025,0.511674276772656));
#11976=DIRECTION('',(-0.841694082265676,-0.539954694283642,0.));
#11977=DIRECTION('',(0.539954694283642,-0.841694082265676,0.));
#11978=DIRECTION('',(-1.,0.,0.));
#11979=DIRECTION('',(-0.463918010940539,-0.723166311172027,-0.511674276772652));
#11980=DIRECTION('',(-1.,0.,0.));
#11981=DIRECTION('',(0.,-0.577589911755867,0.816327075281624));
#11982=DIRECTION('',(0.,-0.816327075281624,-0.577589911755867));
#11983=DIRECTION('',(0.,2.47817639425258E-15,-1.));
#11984=DIRECTION('',(1.,-3.46944695195362E-15,0.));
#11985=DIRECTION('',(0.,-1.,-1.14578829324756E-15));
#11986=DIRECTION('',(1.,0.,0.));
#11987=DIRECTION('',(0.463918010940537,0.723166311172027,-0.511674276772654));
#11988=DIRECTION('',(1.,-2.06514699521048E-15,0.));
#11989=DIRECTION('',(-4.00934807918041E-16,-0.577589911755867,-0.816327075281624));
#11990=DIRECTION('',(0.,0.816327075281624,-0.577589911755867));
#11991=DIRECTION('',(0.,0.,1.));
#11992=DIRECTION('',(0.841694082265676,-0.539954694283642,0.));
#11993=DIRECTION('',(0.539954694283642,0.841694082265676,0.));
#11994=DIRECTION('',(0.,2.47817639425258E-15,1.));
#11995=DIRECTION('',(-1.,0.,0.));
#11996=DIRECTION('',(0.,2.47817639425258E-15,-1.));
#11997=DIRECTION('',(1.,-3.46944695195361E-15,0.));
#11998=DIRECTION('',(0.,-1.,-1.14578829324756E-15));
#11999=DIRECTION('',(1.,0.,0.));
#12000=DIRECTION('',(-1.,0.,0.));
#12001=DIRECTION('',(-0.463918010940538,-0.723166311172028,-0.511674276772652));
#12002=DIRECTION('',(-0.46391801094054,0.723166311172022,0.511674276772658));
#12003=DIRECTION('',(0.,-0.577589911755867,0.816327075281624));
#12004=DIRECTION('',(0.,-0.816327075281624,-0.577589911755867));
#12005=DIRECTION('',(0.463918010940537,0.723166311172027,-0.511674276772654));
#12006=DIRECTION('',(1.,-2.06514699521048E-15,0.));
#12007=DIRECTION('',(0.46391801094054,-0.723166311172024,0.511674276772656));
#12008=DIRECTION('',(-4.00934807918041E-16,-0.577589911755867,-0.816327075281624));
#12009=DIRECTION('',(0.,0.816327075281624,-0.577589911755867));
#12010=DIRECTION('',(0.,1.61369625672261E-15,-1.));
#12011=DIRECTION('',(-0.841694082265676,-0.539954694283642,0.));
#12012=DIRECTION('',(0.539954694283642,-0.841694082265676,0.));
#12013=DIRECTION('',(0.,0.,1.));
#12014=DIRECTION('',(0.841694082265676,-0.539954694283642,0.));
#12015=DIRECTION('',(0.539954694283642,0.841694082265676,0.));
#12016=DIRECTION('',(0.,1.61369625672261E-15,-1.));
#12017=DIRECTION('',(-0.46391801094054,0.723166311172022,0.511674276772658));
#12018=DIRECTION('',(0.,2.47817639425258E-15,1.));
#12019=DIRECTION('',(0.463918010940539,-0.723166311172025,0.511674276772656));
#12020=DIRECTION('',(-0.841694082265676,-0.539954694283642,0.));
#12021=DIRECTION('',(0.539954694283642,-0.841694082265676,0.));
#12022=DIRECTION('',(-1.,0.,0.));
#12023=DIRECTION('',(-0.463918010940539,-0.723166311172027,-0.511674276772652));
#12024=DIRECTION('',(-1.,0.,0.));
#12025=DIRECTION('',(0.,-0.577589911755867,0.816327075281624));
#12026=DIRECTION('',(0.,-0.816327075281624,-0.577589911755867));
#12027=DIRECTION('',(0.,2.47817639425258E-15,-1.));
#12028=DIRECTION('',(1.,-3.46944695195362E-15,0.));
#12029=DIRECTION('',(0.,-1.,-1.14578829324756E-15));
#12030=DIRECTION('',(1.,0.,0.));
#12031=DIRECTION('',(0.463918010940537,0.723166311172027,-0.511674276772654));
#12032=DIRECTION('',(1.,-2.06514699521048E-15,0.));
#12033=DIRECTION('',(-4.00934807918041E-16,-0.577589911755867,-0.816327075281624));
#12034=DIRECTION('',(0.,0.816327075281624,-0.577589911755867));
#12035=DIRECTION('',(0.,0.,1.));
#12036=DIRECTION('',(0.841694082265676,-0.539954694283642,0.));
#12037=DIRECTION('',(0.539954694283642,0.841694082265676,0.));
#12038=DIRECTION('',(0.,2.47817639425258E-15,1.));
#12039=DIRECTION('',(-1.,0.,0.));
#12040=DIRECTION('',(0.,2.47817639425258E-15,-1.));
#12041=DIRECTION('',(1.,-3.46944695195361E-15,0.));
#12042=DIRECTION('',(0.,-1.,-1.14578829324756E-15));
#12043=DIRECTION('',(1.,0.,0.));
#12044=DIRECTION('',(-1.,0.,0.));
#12045=DIRECTION('',(-0.463918010940538,-0.723166311172028,-0.511674276772652));
#12046=DIRECTION('',(-0.46391801094054,0.723166311172022,0.511674276772658));
#12047=DIRECTION('',(0.,-0.577589911755867,0.816327075281624));
#12048=DIRECTION('',(0.,-0.816327075281624,-0.577589911755867));
#12049=DIRECTION('',(0.463918010940537,0.723166311172027,-0.511674276772654));
#12050=DIRECTION('',(1.,-2.06514699521048E-15,0.));
#12051=DIRECTION('',(0.46391801094054,-0.723166311172024,0.511674276772656));
#12052=DIRECTION('',(-4.00934807918041E-16,-0.577589911755867,-0.816327075281624));
#12053=DIRECTION('',(0.,0.816327075281624,-0.577589911755867));
#12054=DIRECTION('',(0.,1.61369625672261E-15,-1.));
#12055=DIRECTION('',(-0.841694082265676,-0.539954694283642,0.));
#12056=DIRECTION('',(0.539954694283642,-0.841694082265676,0.));
#12057=DIRECTION('',(0.,0.,1.));
#12058=DIRECTION('',(0.841694082265676,-0.539954694283642,0.));
#12059=DIRECTION('',(0.539954694283642,0.841694082265676,0.));
#12060=DIRECTION('',(0.,1.61369625672261E-15,-1.));
#12061=DIRECTION('',(-0.46391801094054,0.723166311172022,0.511674276772658));
#12062=DIRECTION('',(0.,2.47817639425258E-15,1.));
#12063=DIRECTION('',(0.463918010940539,-0.723166311172025,0.511674276772656));
#12064=DIRECTION('',(-0.841694082265676,-0.539954694283642,0.));
#12065=DIRECTION('',(0.539954694283642,-0.841694082265676,0.));
#12066=DIRECTION('',(-1.,0.,0.));
#12067=DIRECTION('',(-0.463918010940539,-0.723166311172027,-0.511674276772652));
#12068=DIRECTION('',(-1.,0.,0.));
#12069=DIRECTION('',(0.,-0.577589911755867,0.816327075281624));
#12070=DIRECTION('',(0.,-0.816327075281624,-0.577589911755867));
#12071=DIRECTION('',(0.,2.47817639425258E-15,-1.));
#12072=DIRECTION('',(1.,-3.46944695195362E-15,0.));
#12073=DIRECTION('',(0.,-1.,-1.14578829324756E-15));
#12074=DIRECTION('',(1.,0.,0.));
#12075=DIRECTION('',(0.463918010940537,0.723166311172027,-0.511674276772654));
#12076=DIRECTION('',(1.,-2.06514699521048E-15,0.));
#12077=DIRECTION('',(-4.00934807918041E-16,-0.577589911755867,-0.816327075281624));
#12078=DIRECTION('',(0.,0.816327075281624,-0.577589911755867));
#12079=DIRECTION('',(0.,0.,1.));
#12080=DIRECTION('',(0.841694082265676,-0.539954694283642,0.));
#12081=DIRECTION('',(0.539954694283642,0.841694082265676,0.));
#12082=DIRECTION('',(0.,2.47817639425258E-15,1.));
#12083=DIRECTION('',(-1.,0.,0.));
#12084=DIRECTION('',(0.,2.47817639425258E-15,-1.));
#12085=DIRECTION('',(1.,-3.46944695195361E-15,0.));
#12086=DIRECTION('',(0.,-1.,-1.14578829324756E-15));
#12087=DIRECTION('',(1.,0.,0.));
#12088=DIRECTION('',(-1.,0.,0.));
#12089=DIRECTION('',(-0.463918010940538,-0.723166311172028,-0.511674276772652));
#12090=DIRECTION('',(-0.46391801094054,0.723166311172022,0.511674276772658));
#12091=DIRECTION('',(0.,-0.577589911755867,0.816327075281624));
#12092=DIRECTION('',(0.,-0.816327075281624,-0.577589911755867));
#12093=DIRECTION('',(0.463918010940537,0.723166311172027,-0.511674276772654));
#12094=DIRECTION('',(1.,-2.06514699521048E-15,0.));
#12095=DIRECTION('',(0.46391801094054,-0.723166311172024,0.511674276772656));
#12096=DIRECTION('',(-4.00934807918041E-16,-0.577589911755867,-0.816327075281624));
#12097=DIRECTION('',(0.,0.816327075281624,-0.577589911755867));
#12098=DIRECTION('',(0.,1.61369625672261E-15,-1.));
#12099=DIRECTION('',(-0.841694082265676,-0.539954694283642,0.));
#12100=DIRECTION('',(0.539954694283642,-0.841694082265676,0.));
#12101=DIRECTION('',(0.,0.,1.));
#12102=DIRECTION('',(0.841694082265676,-0.539954694283642,0.));
#12103=DIRECTION('',(0.539954694283642,0.841694082265676,0.));
#12104=DIRECTION('',(0.,1.61369625672261E-15,-1.));
#12105=DIRECTION('',(-0.46391801094054,0.723166311172022,0.511674276772658));
#12106=DIRECTION('',(0.,2.47817639425258E-15,1.));
#12107=DIRECTION('',(0.463918010940539,-0.723166311172025,0.511674276772656));
#12108=DIRECTION('',(-0.841694082265676,-0.539954694283642,0.));
#12109=DIRECTION('',(0.539954694283642,-0.841694082265676,0.));
#12110=DIRECTION('',(-1.,0.,0.));
#12111=DIRECTION('',(-0.463918010940539,-0.723166311172027,-0.511674276772652));
#12112=DIRECTION('',(-1.,0.,0.));
#12113=DIRECTION('',(0.,-0.577589911755867,0.816327075281624));
#12114=DIRECTION('',(0.,-0.816327075281624,-0.577589911755867));
#12115=DIRECTION('',(0.,2.47817639425258E-15,-1.));
#12116=DIRECTION('',(1.,-3.46944695195362E-15,0.));
#12117=DIRECTION('',(0.,-1.,-1.14578829324756E-15));
#12118=DIRECTION('',(1.,0.,0.));
#12119=DIRECTION('',(0.463918010940537,0.723166311172027,-0.511674276772654));
#12120=DIRECTION('',(1.,-2.06514699521048E-15,0.));
#12121=DIRECTION('',(-4.00934807918041E-16,-0.577589911755867,-0.816327075281624));
#12122=DIRECTION('',(0.,0.816327075281624,-0.577589911755867));
#12123=DIRECTION('',(0.,0.,1.));
#12124=DIRECTION('',(0.841694082265676,-0.539954694283642,0.));
#12125=DIRECTION('',(0.539954694283642,0.841694082265676,0.));
#12126=DIRECTION('',(0.,2.47817639425258E-15,1.));
#12127=DIRECTION('',(-1.,0.,0.));
#12128=DIRECTION('',(0.,2.47817639425258E-15,-1.));
#12129=DIRECTION('',(1.,-3.46944695195361E-15,0.));
#12130=DIRECTION('',(0.,-1.,-1.14578829324756E-15));
#12131=DIRECTION('',(1.,0.,0.));
#12132=DIRECTION('',(-1.,0.,0.));
#12133=DIRECTION('',(-0.463918010940538,-0.723166311172028,-0.511674276772652));
#12134=DIRECTION('',(-0.46391801094054,0.723166311172022,0.511674276772658));
#12135=DIRECTION('',(0.,-0.577589911755867,0.816327075281624));
#12136=DIRECTION('',(0.,-0.816327075281624,-0.577589911755867));
#12137=DIRECTION('',(0.463918010940537,0.723166311172027,-0.511674276772654));
#12138=DIRECTION('',(1.,-2.06514699521048E-15,0.));
#12139=DIRECTION('',(0.46391801094054,-0.723166311172024,0.511674276772656));
#12140=DIRECTION('',(-4.00934807918041E-16,-0.577589911755867,-0.816327075281624));
#12141=DIRECTION('',(0.,0.816327075281624,-0.577589911755867));
#12142=DIRECTION('',(0.,1.61369625672261E-15,-1.));
#12143=DIRECTION('',(-0.841694082265676,-0.539954694283642,0.));
#12144=DIRECTION('',(0.539954694283642,-0.841694082265676,0.));
#12145=DIRECTION('',(0.,0.,1.));
#12146=DIRECTION('',(0.841694082265676,-0.539954694283642,0.));
#12147=DIRECTION('',(0.539954694283642,0.841694082265676,0.));
#12148=DIRECTION('',(0.,1.61369625672261E-15,-1.));
#12149=DIRECTION('',(-0.46391801094054,0.723166311172022,0.511674276772658));
#12150=DIRECTION('',(0.,2.47817639425258E-15,1.));
#12151=DIRECTION('',(0.463918010940539,-0.723166311172025,0.511674276772656));
#12152=DIRECTION('',(-0.841694082265676,-0.539954694283642,0.));
#12153=DIRECTION('',(0.539954694283642,-0.841694082265676,0.));
#12154=DIRECTION('',(-1.,0.,0.));
#12155=DIRECTION('',(-0.463918010940539,-0.723166311172027,-0.511674276772652));
#12156=DIRECTION('',(-1.,0.,0.));
#12157=DIRECTION('',(0.,-0.577589911755867,0.816327075281624));
#12158=DIRECTION('',(0.,-0.816327075281624,-0.577589911755867));
#12159=DIRECTION('',(0.,2.47817639425258E-15,-1.));
#12160=DIRECTION('',(1.,-3.46944695195362E-15,0.));
#12161=DIRECTION('',(0.,-1.,-1.14578829324756E-15));
#12162=DIRECTION('',(1.,0.,0.));
#12163=DIRECTION('',(0.463918010940537,0.723166311172027,-0.511674276772654));
#12164=DIRECTION('',(1.,-2.06514699521048E-15,0.));
#12165=DIRECTION('',(-4.00934807918041E-16,-0.577589911755867,-0.816327075281624));
#12166=DIRECTION('',(0.,0.816327075281624,-0.577589911755867));
#12167=DIRECTION('',(0.,0.,1.));
#12168=DIRECTION('',(0.841694082265676,-0.539954694283642,0.));
#12169=DIRECTION('',(0.539954694283642,0.841694082265676,0.));
#12170=DIRECTION('',(0.,2.47817639425258E-15,1.));
#12171=DIRECTION('',(-1.,0.,0.));
#12172=DIRECTION('',(0.,2.47817639425258E-15,-1.));
#12173=DIRECTION('',(1.,-3.46944695195361E-15,0.));
#12174=DIRECTION('',(0.,-1.,-1.14578829324756E-15));
#12175=DIRECTION('',(1.,0.,0.));
#12176=DIRECTION('',(-1.,0.,0.));
#12177=DIRECTION('',(-0.463918010940538,-0.723166311172028,-0.511674276772652));
#12178=DIRECTION('',(-0.46391801094054,0.723166311172022,0.511674276772658));
#12179=DIRECTION('',(0.,-0.577589911755867,0.816327075281624));
#12180=DIRECTION('',(0.,-0.816327075281624,-0.577589911755867));
#12181=DIRECTION('',(0.463918010940537,0.723166311172027,-0.511674276772654));
#12182=DIRECTION('',(1.,-2.06514699521048E-15,0.));
#12183=DIRECTION('',(0.46391801094054,-0.723166311172024,0.511674276772656));
#12184=DIRECTION('',(-4.00934807918041E-16,-0.577589911755867,-0.816327075281624));
#12185=DIRECTION('',(0.,0.816327075281624,-0.577589911755867));
#12186=DIRECTION('',(0.,1.61369625672261E-15,-1.));
#12187=DIRECTION('',(-0.841694082265676,-0.539954694283642,0.));
#12188=DIRECTION('',(0.539954694283642,-0.841694082265676,0.));
#12189=DIRECTION('',(0.,0.,1.));
#12190=DIRECTION('',(0.841694082265676,-0.539954694283642,0.));
#12191=DIRECTION('',(0.539954694283642,0.841694082265676,0.));
#12192=DIRECTION('',(0.,1.61369625672261E-15,-1.));
#12193=DIRECTION('',(-0.46391801094054,0.723166311172022,0.511674276772658));
#12194=DIRECTION('',(0.,2.47817639425258E-15,1.));
#12195=DIRECTION('',(0.463918010940539,-0.723166311172025,0.511674276772656));
#12196=DIRECTION('',(-0.841694082265676,-0.539954694283642,0.));
#12197=DIRECTION('',(0.539954694283642,-0.841694082265676,0.));
#12198=DIRECTION('',(-1.,0.,0.));
#12199=DIRECTION('',(-0.463918010940539,-0.723166311172027,-0.511674276772652));
#12200=DIRECTION('',(-1.,0.,0.));
#12201=DIRECTION('',(0.,-0.577589911755867,0.816327075281624));
#12202=DIRECTION('',(0.,-0.816327075281624,-0.577589911755867));
#12203=DIRECTION('',(0.,2.47817639425258E-15,-1.));
#12204=DIRECTION('',(1.,-3.46944695195362E-15,0.));
#12205=DIRECTION('',(0.,-1.,-1.14578829324756E-15));
#12206=DIRECTION('',(1.,0.,0.));
#12207=DIRECTION('',(0.463918010940537,0.723166311172027,-0.511674276772654));
#12208=DIRECTION('',(1.,-2.06514699521048E-15,0.));
#12209=DIRECTION('',(-4.00934807918041E-16,-0.577589911755867,-0.816327075281624));
#12210=DIRECTION('',(0.,0.816327075281624,-0.577589911755867));
#12211=DIRECTION('',(0.,0.,1.));
#12212=DIRECTION('',(0.841694082265676,-0.539954694283642,0.));
#12213=DIRECTION('',(0.539954694283642,0.841694082265676,0.));
#12214=DIRECTION('',(0.,2.47817639425258E-15,1.));
#12215=DIRECTION('',(-1.,0.,0.));
#12216=DIRECTION('',(0.,2.47817639425258E-15,-1.));
#12217=DIRECTION('',(1.,-3.46944695195361E-15,0.));
#12218=DIRECTION('',(0.,-1.,-1.14578829324756E-15));
#12219=DIRECTION('',(1.,0.,0.));
#12220=DIRECTION('',(-1.,0.,0.));
#12221=DIRECTION('',(-0.463918010940538,-0.723166311172028,-0.511674276772652));
#12222=DIRECTION('',(-0.46391801094054,0.723166311172022,0.511674276772658));
#12223=DIRECTION('',(0.,-0.577589911755867,0.816327075281624));
#12224=DIRECTION('',(0.,-0.816327075281624,-0.577589911755867));
#12225=DIRECTION('',(0.463918010940537,0.723166311172027,-0.511674276772654));
#12226=DIRECTION('',(1.,-2.06514699521048E-15,0.));
#12227=DIRECTION('',(0.46391801094054,-0.723166311172024,0.511674276772656));
#12228=DIRECTION('',(-4.00934807918041E-16,-0.577589911755867,-0.816327075281624));
#12229=DIRECTION('',(0.,0.816327075281624,-0.577589911755867));
#12230=DIRECTION('',(0.,1.61369625672261E-15,-1.));
#12231=DIRECTION('',(-0.841694082265676,-0.539954694283642,0.));
#12232=DIRECTION('',(0.539954694283642,-0.841694082265676,0.));
#12233=DIRECTION('',(0.,0.,1.));
#12234=DIRECTION('',(0.841694082265676,-0.539954694283642,0.));
#12235=DIRECTION('',(0.539954694283642,0.841694082265676,0.));
#12236=DIRECTION('',(0.,1.61369625672261E-15,-1.));
#12237=DIRECTION('',(-0.46391801094054,0.723166311172022,0.511674276772658));
#12238=DIRECTION('',(0.,2.47817639425258E-15,1.));
#12239=DIRECTION('',(0.463918010940539,-0.723166311172025,0.511674276772656));
#12240=DIRECTION('',(-0.841694082265676,-0.539954694283642,0.));
#12241=DIRECTION('',(0.539954694283642,-0.841694082265676,0.));
#12242=DIRECTION('',(-1.,0.,0.));
#12243=DIRECTION('',(-0.463918010940539,-0.723166311172027,-0.511674276772652));
#12244=DIRECTION('',(-1.,0.,0.));
#12245=DIRECTION('',(0.,-0.577589911755867,0.816327075281624));
#12246=DIRECTION('',(0.,-0.816327075281624,-0.577589911755867));
#12247=DIRECTION('',(0.,2.47817639425258E-15,-1.));
#12248=DIRECTION('',(1.,-3.46944695195362E-15,0.));
#12249=DIRECTION('',(0.,-1.,-1.14578829324756E-15));
#12250=DIRECTION('',(1.,0.,0.));
#12251=DIRECTION('',(0.463918010940537,0.723166311172027,-0.511674276772654));
#12252=DIRECTION('',(1.,-2.06514699521048E-15,0.));
#12253=DIRECTION('',(-4.00934807918041E-16,-0.577589911755867,-0.816327075281624));
#12254=DIRECTION('',(0.,0.816327075281624,-0.577589911755867));
#12255=DIRECTION('',(0.,0.,1.));
#12256=DIRECTION('',(0.841694082265676,-0.539954694283642,0.));
#12257=DIRECTION('',(0.539954694283642,0.841694082265676,0.));
#12258=DIRECTION('',(0.,2.47817639425258E-15,1.));
#12259=DIRECTION('',(-1.,0.,0.));
#12260=DIRECTION('',(0.,2.47817639425258E-15,-1.));
#12261=DIRECTION('',(1.,-3.46944695195361E-15,0.));
#12262=DIRECTION('',(0.,-1.,-1.14578829324756E-15));
#12263=DIRECTION('',(1.,0.,0.));
#12264=DIRECTION('',(-1.,0.,0.));
#12265=DIRECTION('',(-0.463918010940538,-0.723166311172028,-0.511674276772652));
#12266=DIRECTION('',(-0.46391801094054,0.723166311172022,0.511674276772658));
#12267=DIRECTION('',(0.,-0.577589911755867,0.816327075281624));
#12268=DIRECTION('',(0.,-0.816327075281624,-0.577589911755867));
#12269=DIRECTION('',(0.463918010940537,0.723166311172027,-0.511674276772654));
#12270=DIRECTION('',(1.,-2.06514699521048E-15,0.));
#12271=DIRECTION('',(0.46391801094054,-0.723166311172024,0.511674276772656));
#12272=DIRECTION('',(-4.00934807918041E-16,-0.577589911755867,-0.816327075281624));
#12273=DIRECTION('',(0.,0.816327075281624,-0.577589911755867));
#12274=DIRECTION('',(0.,1.61369625672261E-15,-1.));
#12275=DIRECTION('',(-0.841694082265676,-0.539954694283642,0.));
#12276=DIRECTION('',(0.539954694283642,-0.841694082265676,0.));
#12277=DIRECTION('',(0.,0.,1.));
#12278=DIRECTION('',(0.841694082265676,-0.539954694283642,0.));
#12279=DIRECTION('',(0.539954694283642,0.841694082265676,0.));
#12280=DIRECTION('',(0.,1.61369625672261E-15,-1.));
#12281=DIRECTION('',(-0.46391801094054,0.723166311172022,0.511674276772658));
#12282=DIRECTION('',(0.,2.47817639425258E-15,1.));
#12283=DIRECTION('',(0.463918010940539,-0.723166311172025,0.511674276772656));
#12284=DIRECTION('',(-0.841694082265676,-0.539954694283642,0.));
#12285=DIRECTION('',(0.539954694283642,-0.841694082265676,0.));
#12286=DIRECTION('',(-1.,0.,0.));
#12287=DIRECTION('',(-0.463918010940539,-0.723166311172027,-0.511674276772652));
#12288=DIRECTION('',(-1.,0.,0.));
#12289=DIRECTION('',(0.,-0.577589911755867,0.816327075281624));
#12290=DIRECTION('',(0.,-0.816327075281624,-0.577589911755867));
#12291=DIRECTION('',(0.,2.47817639425258E-15,-1.));
#12292=DIRECTION('',(1.,-3.46944695195362E-15,0.));
#12293=DIRECTION('',(0.,-1.,-1.14578829324756E-15));
#12294=DIRECTION('',(1.,0.,0.));
#12295=DIRECTION('',(0.463918010940537,0.723166311172027,-0.511674276772654));
#12296=DIRECTION('',(1.,-2.06514699521048E-15,0.));
#12297=DIRECTION('',(-4.00934807918041E-16,-0.577589911755867,-0.816327075281624));
#12298=DIRECTION('',(0.,0.816327075281624,-0.577589911755867));
#12299=DIRECTION('',(0.,0.,1.));
#12300=DIRECTION('',(0.841694082265676,-0.539954694283642,0.));
#12301=DIRECTION('',(0.539954694283642,0.841694082265676,0.));
#12302=DIRECTION('',(0.,2.47817639425258E-15,1.));
#12303=DIRECTION('',(-1.,0.,0.));
#12304=DIRECTION('',(0.,2.47817639425258E-15,-1.));
#12305=DIRECTION('',(1.,-3.46944695195361E-15,0.));
#12306=DIRECTION('',(0.,-1.,-1.14578829324756E-15));
#12307=DIRECTION('',(1.,0.,0.));
#12308=DIRECTION('',(-1.,0.,0.));
#12309=DIRECTION('',(-0.463918010940538,-0.723166311172028,-0.511674276772652));
#12310=DIRECTION('',(-0.46391801094054,0.723166311172022,0.511674276772658));
#12311=DIRECTION('',(0.,-0.577589911755867,0.816327075281624));
#12312=DIRECTION('',(0.,-0.816327075281624,-0.577589911755867));
#12313=DIRECTION('',(0.463918010940537,0.723166311172027,-0.511674276772654));
#12314=DIRECTION('',(1.,-2.06514699521048E-15,0.));
#12315=DIRECTION('',(0.46391801094054,-0.723166311172024,0.511674276772656));
#12316=DIRECTION('',(-4.00934807918041E-16,-0.577589911755867,-0.816327075281624));
#12317=DIRECTION('',(0.,0.816327075281624,-0.577589911755867));
#12318=DIRECTION('',(0.,1.61369625672261E-15,-1.));
#12319=DIRECTION('',(-0.841694082265676,-0.539954694283642,0.));
#12320=DIRECTION('',(0.539954694283642,-0.841694082265676,0.));
#12321=DIRECTION('',(0.,0.,1.));
#12322=DIRECTION('',(0.841694082265676,-0.539954694283642,0.));
#12323=DIRECTION('',(0.539954694283642,0.841694082265676,0.));
#12324=DIRECTION('',(0.,1.61369625672261E-15,-1.));
#12325=DIRECTION('',(-0.46391801094054,0.723166311172022,0.511674276772658));
#12326=DIRECTION('',(0.,2.47817639425258E-15,1.));
#12327=DIRECTION('',(0.463918010940539,-0.723166311172025,0.511674276772656));
#12328=DIRECTION('',(-0.841694082265676,-0.539954694283642,0.));
#12329=DIRECTION('',(0.539954694283642,-0.841694082265676,0.));
#12330=DIRECTION('',(-1.,0.,0.));
#12331=DIRECTION('',(-0.463918010940539,-0.723166311172027,-0.511674276772652));
#12332=DIRECTION('',(-1.,0.,0.));
#12333=DIRECTION('',(0.,-0.577589911755867,0.816327075281624));
#12334=DIRECTION('',(0.,-0.816327075281624,-0.577589911755867));
#12335=DIRECTION('',(0.,2.47817639425258E-15,-1.));
#12336=DIRECTION('',(1.,-3.46944695195362E-15,0.));
#12337=DIRECTION('',(0.,-1.,-1.14578829324756E-15));
#12338=DIRECTION('',(1.,0.,0.));
#12339=DIRECTION('',(0.463918010940537,0.723166311172027,-0.511674276772654));
#12340=DIRECTION('',(1.,-2.06514699521048E-15,0.));
#12341=DIRECTION('',(-4.00934807918041E-16,-0.577589911755867,-0.816327075281624));
#12342=DIRECTION('',(0.,0.816327075281624,-0.577589911755867));
#12343=DIRECTION('',(0.,0.,1.));
#12344=DIRECTION('',(0.841694082265676,-0.539954694283642,0.));
#12345=DIRECTION('',(0.539954694283642,0.841694082265676,0.));
#12346=DIRECTION('',(0.,2.47817639425258E-15,1.));
#12347=DIRECTION('',(-1.,0.,0.));
#12348=DIRECTION('',(0.,2.47817639425258E-15,-1.));
#12349=DIRECTION('',(1.,-3.46944695195361E-15,0.));
#12350=DIRECTION('',(0.,-1.,-1.14578829324756E-15));
#12351=DIRECTION('',(1.,0.,0.));
#12352=DIRECTION('',(-1.,0.,0.));
#12353=DIRECTION('',(-0.463918010940538,-0.723166311172028,-0.511674276772652));
#12354=DIRECTION('',(-0.46391801094054,0.723166311172022,0.511674276772658));
#12355=DIRECTION('',(0.,-0.577589911755867,0.816327075281624));
#12356=DIRECTION('',(0.,-0.816327075281624,-0.577589911755867));
#12357=DIRECTION('',(0.463918010940537,0.723166311172027,-0.511674276772654));
#12358=DIRECTION('',(1.,-2.06514699521048E-15,0.));
#12359=DIRECTION('',(0.46391801094054,-0.723166311172024,0.511674276772656));
#12360=DIRECTION('',(-4.00934807918041E-16,-0.577589911755867,-0.816327075281624));
#12361=DIRECTION('',(0.,0.816327075281624,-0.577589911755867));
#12362=DIRECTION('',(0.,1.61369625672261E-15,-1.));
#12363=DIRECTION('',(-0.841694082265676,-0.539954694283642,0.));
#12364=DIRECTION('',(0.539954694283642,-0.841694082265676,0.));
#12365=DIRECTION('',(0.,0.,1.));
#12366=DIRECTION('',(0.841694082265676,-0.539954694283642,0.));
#12367=DIRECTION('',(0.539954694283642,0.841694082265676,0.));
#12368=DIRECTION('',(0.,1.61369625672261E-15,-1.));
#12369=DIRECTION('',(-0.46391801094054,0.723166311172022,0.511674276772658));
#12370=DIRECTION('',(0.,2.47817639425258E-15,1.));
#12371=DIRECTION('',(0.463918010940539,-0.723166311172025,0.511674276772656));
#12372=DIRECTION('',(-0.841694082265676,-0.539954694283642,0.));
#12373=DIRECTION('',(0.539954694283642,-0.841694082265676,0.));
#12374=DIRECTION('',(-1.,0.,0.));
#12375=DIRECTION('',(-0.463918010940539,-0.723166311172027,-0.511674276772652));
#12376=DIRECTION('',(-1.,0.,0.));
#12377=DIRECTION('',(0.,-0.577589911755867,0.816327075281624));
#12378=DIRECTION('',(0.,-0.816327075281624,-0.577589911755867));
#12379=DIRECTION('',(0.,2.47817639425258E-15,-1.));
#12380=DIRECTION('',(1.,-3.46944695195362E-15,0.));
#12381=DIRECTION('',(0.,-1.,-1.14578829324756E-15));
#12382=DIRECTION('',(1.,0.,0.));
#12383=DIRECTION('',(0.463918010940537,0.723166311172027,-0.511674276772654));
#12384=DIRECTION('',(1.,-2.06514699521048E-15,0.));
#12385=DIRECTION('',(-4.00934807918041E-16,-0.577589911755867,-0.816327075281624));
#12386=DIRECTION('',(0.,0.816327075281624,-0.577589911755867));
#12387=DIRECTION('',(0.,0.,1.));
#12388=DIRECTION('',(0.841694082265676,-0.539954694283642,0.));
#12389=DIRECTION('',(0.539954694283642,0.841694082265676,0.));
#12390=DIRECTION('',(0.,2.47817639425258E-15,1.));
#12391=DIRECTION('',(-1.,0.,0.));
#12392=DIRECTION('',(0.,2.47817639425258E-15,-1.));
#12393=DIRECTION('',(1.,-3.46944695195361E-15,0.));
#12394=DIRECTION('',(0.,-1.,-1.14578829324756E-15));
#12395=DIRECTION('',(1.,0.,0.));
#12396=DIRECTION('',(-1.,0.,0.));
#12397=DIRECTION('',(-0.463918010940538,-0.723166311172028,-0.511674276772652));
#12398=DIRECTION('',(-0.46391801094054,0.723166311172022,0.511674276772658));
#12399=DIRECTION('',(0.,-0.577589911755867,0.816327075281624));
#12400=DIRECTION('',(0.,-0.816327075281624,-0.577589911755867));
#12401=DIRECTION('',(0.463918010940537,0.723166311172027,-0.511674276772654));
#12402=DIRECTION('',(1.,-2.06514699521048E-15,0.));
#12403=DIRECTION('',(0.46391801094054,-0.723166311172024,0.511674276772656));
#12404=DIRECTION('',(-4.00934807918041E-16,-0.577589911755867,-0.816327075281624));
#12405=DIRECTION('',(0.,0.816327075281624,-0.577589911755867));
#12406=DIRECTION('',(0.,1.61369625672261E-15,-1.));
#12407=DIRECTION('',(-0.841694082265676,-0.539954694283642,0.));
#12408=DIRECTION('',(0.539954694283642,-0.841694082265676,0.));
#12409=DIRECTION('',(0.,0.,1.));
#12410=DIRECTION('',(0.841694082265676,-0.539954694283642,0.));
#12411=DIRECTION('',(0.539954694283642,0.841694082265676,0.));
#12412=DIRECTION('',(0.,1.61369625672261E-15,-1.));
#12413=DIRECTION('',(-0.46391801094054,0.723166311172022,0.511674276772658));
#12414=DIRECTION('',(0.,2.47817639425258E-15,1.));
#12415=DIRECTION('',(0.463918010940539,-0.723166311172025,0.511674276772656));
#12416=DIRECTION('',(-0.841694082265676,-0.539954694283642,0.));
#12417=DIRECTION('',(0.539954694283642,-0.841694082265676,0.));
#12418=DIRECTION('',(-1.,0.,0.));
#12419=DIRECTION('',(-0.463918010940539,-0.723166311172027,-0.511674276772652));
#12420=DIRECTION('',(-1.,0.,0.));
#12421=DIRECTION('',(0.,-0.577589911755867,0.816327075281624));
#12422=DIRECTION('',(0.,-0.816327075281624,-0.577589911755867));
#12423=DIRECTION('',(0.,2.47817639425258E-15,-1.));
#12424=DIRECTION('',(1.,-3.46944695195362E-15,0.));
#12425=DIRECTION('',(0.,-1.,-1.14578829324756E-15));
#12426=DIRECTION('',(1.,0.,0.));
#12427=DIRECTION('',(0.463918010940537,0.723166311172027,-0.511674276772654));
#12428=DIRECTION('',(1.,-2.06514699521048E-15,0.));
#12429=DIRECTION('',(-4.00934807918041E-16,-0.577589911755867,-0.816327075281624));
#12430=DIRECTION('',(0.,0.816327075281624,-0.577589911755867));
#12431=DIRECTION('',(0.,0.,1.));
#12432=DIRECTION('',(0.841694082265676,-0.539954694283642,0.));
#12433=DIRECTION('',(0.539954694283642,0.841694082265676,0.));
#12434=DIRECTION('',(0.,2.47817639425258E-15,1.));
#12435=DIRECTION('',(-1.,0.,0.));
#12436=DIRECTION('',(0.,2.47817639425258E-15,-1.));
#12437=DIRECTION('',(1.,-3.46944695195361E-15,0.));
#12438=DIRECTION('',(0.,-1.,-1.14578829324756E-15));
#12439=DIRECTION('',(1.,0.,0.));
#12440=DIRECTION('',(-1.,0.,0.));
#12441=DIRECTION('',(-0.463918010940538,-0.723166311172028,-0.511674276772652));
#12442=DIRECTION('',(-0.46391801094054,0.723166311172022,0.511674276772658));
#12443=DIRECTION('',(0.,-0.577589911755867,0.816327075281624));
#12444=DIRECTION('',(0.,-0.816327075281624,-0.577589911755867));
#12445=DIRECTION('',(0.463918010940537,0.723166311172027,-0.511674276772654));
#12446=DIRECTION('',(1.,-2.06514699521048E-15,0.));
#12447=DIRECTION('',(0.46391801094054,-0.723166311172024,0.511674276772656));
#12448=DIRECTION('',(-4.00934807918041E-16,-0.577589911755867,-0.816327075281624));
#12449=DIRECTION('',(0.,0.816327075281624,-0.577589911755867));
#12450=DIRECTION('',(0.,1.61369625672261E-15,-1.));
#12451=DIRECTION('',(-0.841694082265676,-0.539954694283642,0.));
#12452=DIRECTION('',(0.539954694283642,-0.841694082265676,0.));
#12453=DIRECTION('',(0.,0.,1.));
#12454=DIRECTION('',(0.841694082265676,-0.539954694283642,0.));
#12455=DIRECTION('',(0.539954694283642,0.841694082265676,0.));
#12456=DIRECTION('',(0.,1.61369625672261E-15,-1.));
#12457=DIRECTION('',(-0.46391801094054,0.723166311172022,0.511674276772658));
#12458=DIRECTION('',(0.,2.47817639425258E-15,1.));
#12459=DIRECTION('',(0.463918010940539,-0.723166311172025,0.511674276772656));
#12460=DIRECTION('',(-0.841694082265676,-0.539954694283642,0.));
#12461=DIRECTION('',(0.539954694283642,-0.841694082265676,0.));
#12462=DIRECTION('',(-1.,0.,0.));
#12463=DIRECTION('',(-0.463918010940539,-0.723166311172027,-0.511674276772652));
#12464=DIRECTION('',(-1.,0.,0.));
#12465=DIRECTION('',(0.,-0.577589911755867,0.816327075281624));
#12466=DIRECTION('',(0.,-0.816327075281624,-0.577589911755867));
#12467=DIRECTION('',(0.,2.47817639425258E-15,-1.));
#12468=DIRECTION('',(1.,-3.46944695195362E-15,0.));
#12469=DIRECTION('',(0.,-1.,-1.14578829324756E-15));
#12470=DIRECTION('',(1.,0.,0.));
#12471=DIRECTION('',(0.463918010940537,0.723166311172027,-0.511674276772654));
#12472=DIRECTION('',(1.,-2.06514699521048E-15,0.));
#12473=DIRECTION('',(-4.00934807918041E-16,-0.577589911755867,-0.816327075281624));
#12474=DIRECTION('',(0.,0.816327075281624,-0.577589911755867));
#12475=DIRECTION('',(0.,0.,1.));
#12476=DIRECTION('',(0.841694082265676,-0.539954694283642,0.));
#12477=DIRECTION('',(0.539954694283642,0.841694082265676,0.));
#12478=DIRECTION('',(0.,2.47817639425258E-15,1.));
#12479=DIRECTION('',(-1.,0.,0.));
#12480=DIRECTION('',(0.,2.47817639425258E-15,-1.));
#12481=DIRECTION('',(1.,-3.46944695195361E-15,0.));
#12482=DIRECTION('',(0.,-1.,-1.14578829324756E-15));
#12483=DIRECTION('',(1.,0.,0.));
#12484=DIRECTION('',(-1.,0.,0.));
#12485=DIRECTION('',(-0.463918010940538,-0.723166311172028,-0.511674276772652));
#12486=DIRECTION('',(-0.46391801094054,0.723166311172022,0.511674276772658));
#12487=DIRECTION('',(0.,-0.577589911755867,0.816327075281624));
#12488=DIRECTION('',(0.,-0.816327075281624,-0.577589911755867));
#12489=DIRECTION('',(0.463918010940537,0.723166311172027,-0.511674276772654));
#12490=DIRECTION('',(1.,-2.06514699521048E-15,0.));
#12491=DIRECTION('',(0.46391801094054,-0.723166311172024,0.511674276772656));
#12492=DIRECTION('',(-4.00934807918041E-16,-0.577589911755867,-0.816327075281624));
#12493=DIRECTION('',(0.,0.816327075281624,-0.577589911755867));
#12494=DIRECTION('',(0.,1.61369625672261E-15,-1.));
#12495=DIRECTION('',(-0.841694082265676,-0.539954694283642,0.));
#12496=DIRECTION('',(0.539954694283642,-0.841694082265676,0.));
#12497=DIRECTION('',(0.,0.,1.));
#12498=DIRECTION('',(0.841694082265676,-0.539954694283642,0.));
#12499=DIRECTION('',(0.539954694283642,0.841694082265676,0.));
#12500=DIRECTION('',(0.,1.61369625672261E-15,-1.));
#12501=DIRECTION('',(-0.46391801094054,0.723166311172022,0.511674276772658));
#12502=DIRECTION('',(0.,2.47817639425258E-15,1.));
#12503=DIRECTION('',(0.463918010940539,-0.723166311172025,0.511674276772656));
#12504=DIRECTION('',(-0.841694082265676,-0.539954694283642,0.));
#12505=DIRECTION('',(0.539954694283642,-0.841694082265676,0.));
#12506=DIRECTION('',(-1.,0.,0.));
#12507=DIRECTION('',(-0.463918010940539,-0.723166311172027,-0.511674276772652));
#12508=DIRECTION('',(-1.,0.,0.));
#12509=DIRECTION('',(0.,-0.577589911755867,0.816327075281624));
#12510=DIRECTION('',(0.,-0.816327075281624,-0.577589911755867));
#12511=DIRECTION('',(0.,2.47817639425258E-15,-1.));
#12512=DIRECTION('',(1.,-3.46944695195362E-15,0.));
#12513=DIRECTION('',(0.,-1.,-1.14578829324756E-15));
#12514=DIRECTION('',(1.,0.,0.));
#12515=DIRECTION('',(0.463918010940537,0.723166311172027,-0.511674276772654));
#12516=DIRECTION('',(1.,-2.06514699521048E-15,0.));
#12517=DIRECTION('',(-4.00934807918041E-16,-0.577589911755867,-0.816327075281624));
#12518=DIRECTION('',(0.,0.816327075281624,-0.577589911755867));
#12519=DIRECTION('',(0.,0.,1.));
#12520=DIRECTION('',(0.841694082265676,-0.539954694283642,0.));
#12521=DIRECTION('',(0.539954694283642,0.841694082265676,0.));
#12522=DIRECTION('',(0.,2.47817639425258E-15,1.));
#12523=DIRECTION('',(-1.,0.,0.));
#12524=DIRECTION('',(0.,2.47817639425258E-15,-1.));
#12525=DIRECTION('',(1.,-3.46944695195361E-15,0.));
#12526=DIRECTION('',(0.,-1.,-1.14578829324756E-15));
#12527=DIRECTION('',(1.,0.,0.));
#12528=DIRECTION('',(-1.,0.,0.));
#12529=DIRECTION('',(-0.463918010940538,-0.723166311172028,-0.511674276772652));
#12530=DIRECTION('',(-0.46391801094054,0.723166311172022,0.511674276772658));
#12531=DIRECTION('',(0.,-0.577589911755867,0.816327075281624));
#12532=DIRECTION('',(0.,-0.816327075281624,-0.577589911755867));
#12533=DIRECTION('',(0.463918010940537,0.723166311172027,-0.511674276772654));
#12534=DIRECTION('',(1.,-2.06514699521048E-15,0.));
#12535=DIRECTION('',(0.46391801094054,-0.723166311172024,0.511674276772656));
#12536=DIRECTION('',(-4.00934807918041E-16,-0.577589911755867,-0.816327075281624));
#12537=DIRECTION('',(0.,0.816327075281624,-0.577589911755867));
#12538=DIRECTION('',(0.,1.61369625672261E-15,-1.));
#12539=DIRECTION('',(-0.841694082265676,-0.539954694283642,0.));
#12540=DIRECTION('',(0.539954694283642,-0.841694082265676,0.));
#12541=DIRECTION('',(0.,0.,1.));
#12542=DIRECTION('',(0.841694082265676,-0.539954694283642,0.));
#12543=DIRECTION('',(0.539954694283642,0.841694082265676,0.));
#12544=DIRECTION('',(0.,1.61369625672261E-15,-1.));
#12545=DIRECTION('',(-0.46391801094054,0.723166311172022,0.511674276772658));
#12546=DIRECTION('',(0.,2.47817639425258E-15,1.));
#12547=DIRECTION('',(0.463918010940539,-0.723166311172025,0.511674276772656));
#12548=DIRECTION('',(-0.841694082265676,-0.539954694283642,0.));
#12549=DIRECTION('',(0.539954694283642,-0.841694082265676,0.));
#12550=DIRECTION('',(-1.,0.,0.));
#12551=DIRECTION('',(-0.463918010940539,-0.723166311172027,-0.511674276772652));
#12552=DIRECTION('',(-1.,0.,0.));
#12553=DIRECTION('',(0.,-0.577589911755867,0.816327075281624));
#12554=DIRECTION('',(0.,-0.816327075281624,-0.577589911755867));
#12555=DIRECTION('',(0.,2.47817639425258E-15,-1.));
#12556=DIRECTION('',(1.,-3.46944695195362E-15,0.));
#12557=DIRECTION('',(0.,-1.,-1.14578829324756E-15));
#12558=DIRECTION('',(1.,0.,0.));
#12559=DIRECTION('',(0.463918010940537,0.723166311172027,-0.511674276772654));
#12560=DIRECTION('',(1.,-2.06514699521048E-15,0.));
#12561=DIRECTION('',(-4.00934807918041E-16,-0.577589911755867,-0.816327075281624));
#12562=DIRECTION('',(0.,0.816327075281624,-0.577589911755867));
#12563=DIRECTION('',(0.,0.,1.));
#12564=DIRECTION('',(0.841694082265676,-0.539954694283642,0.));
#12565=DIRECTION('',(0.539954694283642,0.841694082265676,0.));
#12566=DIRECTION('',(0.,2.47817639425258E-15,1.));
#12567=DIRECTION('',(-1.,0.,0.));
#12568=DIRECTION('',(0.,2.47817639425258E-15,-1.));
#12569=DIRECTION('',(1.,-3.46944695195361E-15,0.));
#12570=DIRECTION('',(0.,-1.,-1.14578829324756E-15));
#12571=DIRECTION('',(1.,0.,0.));
#12572=DIRECTION('',(-1.,0.,0.));
#12573=DIRECTION('',(-0.463918010940538,-0.723166311172028,-0.511674276772652));
#12574=DIRECTION('',(-0.46391801094054,0.723166311172022,0.511674276772658));
#12575=DIRECTION('',(0.,-0.577589911755867,0.816327075281624));
#12576=DIRECTION('',(0.,-0.816327075281624,-0.577589911755867));
#12577=DIRECTION('',(0.463918010940537,0.723166311172027,-0.511674276772654));
#12578=DIRECTION('',(1.,-2.06514699521048E-15,0.));
#12579=DIRECTION('',(0.46391801094054,-0.723166311172024,0.511674276772656));
#12580=DIRECTION('',(-4.00934807918041E-16,-0.577589911755867,-0.816327075281624));
#12581=DIRECTION('',(0.,0.816327075281624,-0.577589911755867));
#12582=DIRECTION('',(0.,1.61369625672261E-15,-1.));
#12583=DIRECTION('',(-0.841694082265676,-0.539954694283642,0.));
#12584=DIRECTION('',(0.539954694283642,-0.841694082265676,0.));
#12585=DIRECTION('',(0.,0.,1.));
#12586=DIRECTION('',(0.841694082265676,-0.539954694283642,0.));
#12587=DIRECTION('',(0.539954694283642,0.841694082265676,0.));
#12588=DIRECTION('',(0.,1.61369625672261E-15,-1.));
#12589=DIRECTION('',(-0.46391801094054,0.723166311172022,0.511674276772658));
#12590=DIRECTION('',(0.,2.47817639425258E-15,1.));
#12591=DIRECTION('',(0.463918010940539,-0.723166311172025,0.511674276772656));
#12592=DIRECTION('',(-0.841694082265676,-0.539954694283642,0.));
#12593=DIRECTION('',(0.539954694283642,-0.841694082265676,0.));
#12594=DIRECTION('',(-1.,0.,0.));
#12595=DIRECTION('',(-0.463918010940539,-0.723166311172027,-0.511674276772652));
#12596=DIRECTION('',(-1.,0.,0.));
#12597=DIRECTION('',(0.,-0.577589911755867,0.816327075281624));
#12598=DIRECTION('',(0.,-0.816327075281624,-0.577589911755867));
#12599=DIRECTION('',(0.,2.47817639425258E-15,-1.));
#12600=DIRECTION('',(1.,-3.46944695195362E-15,0.));
#12601=DIRECTION('',(0.,-1.,-1.14578829324756E-15));
#12602=DIRECTION('',(1.,0.,0.));
#12603=DIRECTION('',(0.463918010940537,0.723166311172027,-0.511674276772654));
#12604=DIRECTION('',(1.,-2.06514699521048E-15,0.));
#12605=DIRECTION('',(-4.00934807918041E-16,-0.577589911755867,-0.816327075281624));
#12606=DIRECTION('',(0.,0.816327075281624,-0.577589911755867));
#12607=DIRECTION('',(0.,0.,1.));
#12608=DIRECTION('',(0.841694082265676,-0.539954694283642,0.));
#12609=DIRECTION('',(0.539954694283642,0.841694082265676,0.));
#12610=DIRECTION('',(0.,2.47817639425258E-15,1.));
#12611=DIRECTION('',(-1.,0.,0.));
#12612=DIRECTION('',(0.,2.47817639425258E-15,-1.));
#12613=DIRECTION('',(1.,-3.46944695195361E-15,0.));
#12614=DIRECTION('',(0.,-1.,-1.14578829324756E-15));
#12615=DIRECTION('',(1.,0.,0.));
#12616=DIRECTION('',(-1.,0.,0.));
#12617=DIRECTION('',(-0.463918010940538,-0.723166311172028,-0.511674276772652));
#12618=DIRECTION('',(-0.46391801094054,0.723166311172022,0.511674276772658));
#12619=DIRECTION('',(0.,-0.577589911755867,0.816327075281624));
#12620=DIRECTION('',(0.,-0.816327075281624,-0.577589911755867));
#12621=DIRECTION('',(0.463918010940537,0.723166311172027,-0.511674276772654));
#12622=DIRECTION('',(1.,-2.06514699521048E-15,0.));
#12623=DIRECTION('',(0.46391801094054,-0.723166311172024,0.511674276772656));
#12624=DIRECTION('',(-4.00934807918041E-16,-0.577589911755867,-0.816327075281624));
#12625=DIRECTION('',(0.,0.816327075281624,-0.577589911755867));
#12626=DIRECTION('',(0.,1.61369625672261E-15,-1.));
#12627=DIRECTION('',(-0.841694082265676,-0.539954694283642,0.));
#12628=DIRECTION('',(0.539954694283642,-0.841694082265676,0.));
#12629=DIRECTION('',(0.,0.,1.));
#12630=DIRECTION('',(0.841694082265676,-0.539954694283642,0.));
#12631=DIRECTION('',(0.539954694283642,0.841694082265676,0.));
#12632=DIRECTION('',(0.,1.61369625672261E-15,-1.));
#12633=DIRECTION('',(-0.46391801094054,0.723166311172022,0.511674276772658));
#12634=DIRECTION('',(0.,2.47817639425258E-15,1.));
#12635=DIRECTION('',(0.463918010940539,-0.723166311172025,0.511674276772656));
#12636=DIRECTION('',(-0.841694082265676,-0.539954694283642,0.));
#12637=DIRECTION('',(0.539954694283642,-0.841694082265676,0.));
#12638=DIRECTION('',(-1.,0.,0.));
#12639=DIRECTION('',(-0.463918010940539,-0.723166311172027,-0.511674276772652));
#12640=DIRECTION('',(-1.,0.,0.));
#12641=DIRECTION('',(0.,-0.577589911755867,0.816327075281624));
#12642=DIRECTION('',(0.,-0.816327075281624,-0.577589911755867));
#12643=DIRECTION('',(0.,2.47817639425258E-15,-1.));
#12644=DIRECTION('',(1.,-3.46944695195362E-15,0.));
#12645=DIRECTION('',(0.,-1.,-1.14578829324756E-15));
#12646=DIRECTION('',(1.,0.,0.));
#12647=DIRECTION('',(0.463918010940537,0.723166311172027,-0.511674276772654));
#12648=DIRECTION('',(1.,-2.06514699521048E-15,0.));
#12649=DIRECTION('',(-4.00934807918041E-16,-0.577589911755867,-0.816327075281624));
#12650=DIRECTION('',(0.,0.816327075281624,-0.577589911755867));
#12651=DIRECTION('',(0.,0.,1.));
#12652=DIRECTION('',(0.841694082265676,-0.539954694283642,0.));
#12653=DIRECTION('',(0.539954694283642,0.841694082265676,0.));
#12654=DIRECTION('',(-9.51076515746638E-32,1.,-4.94193854147673E-31));
#12655=DIRECTION('',(1.,0.,0.));
#12656=DIRECTION('',(1.07081696047952E-15,1.,1.11282562869421E-15));
#12657=DIRECTION('',(0.999999999999999,0.,0.));
#12658=DIRECTION('',(6.42490176287717E-16,1.,1.1128256286942E-15));
#12659=DIRECTION('',(1.,0.,5.78241158658951E-15));
#12660=DIRECTION('',(0.,-1.,0.));
#12661=DIRECTION('',(1.,0.,0.));
#12662=DIRECTION('',(1.07081696047951E-15,1.,1.1128256286942E-15));
#12663=DIRECTION('',(1.,0.,0.));
#12664=DIRECTION('',(0.,-1.,0.));
#12665=DIRECTION('',(1.,0.,0.));
#12666=DIRECTION('',(-9.51076515746637E-32,1.,-4.94193854147673E-31));
#12667=DIRECTION('',(1.,0.,0.));
#12668=DIRECTION('',(6.42490176287715E-16,1.,1.1128256286942E-15));
#12669=DIRECTION('',(0.999999999999999,0.,0.));
#12670=DIRECTION('',(-9.51076515746638E-32,1.,-4.94193854147673E-31));
#12671=DIRECTION('',(1.,0.,0.));
#12672=DIRECTION('',(1.07081696047952E-15,1.,1.11282562869421E-15));
#12673=DIRECTION('',(0.999999999999999,0.,0.));
#12674=DIRECTION('',(6.42490176287717E-16,1.,1.1128256286942E-15));
#12675=DIRECTION('',(1.,0.,5.78241158658951E-15));
#12676=DIRECTION('',(0.,-1.,0.));
#12677=DIRECTION('',(1.,0.,0.));
#12678=DIRECTION('',(1.07081696047951E-15,1.,1.1128256286942E-15));
#12679=DIRECTION('',(1.,0.,0.));
#12680=DIRECTION('',(0.,-1.,0.));
#12681=DIRECTION('',(1.,0.,0.));
#12682=DIRECTION('',(-9.51076515746637E-32,1.,-4.94193854147673E-31));
#12683=DIRECTION('',(1.,0.,0.));
#12684=DIRECTION('',(6.42490176287715E-16,1.,1.1128256286942E-15));
#12685=DIRECTION('',(0.999999999999999,0.,0.));
#12686=DIRECTION('',(-9.51076515746638E-32,1.,-4.94193854147673E-31));
#12687=DIRECTION('',(1.,0.,0.));
#12688=DIRECTION('',(1.07081696047952E-15,1.,1.11282562869421E-15));
#12689=DIRECTION('',(0.999999999999999,0.,0.));
#12690=DIRECTION('',(6.42490176287717E-16,1.,1.1128256286942E-15));
#12691=DIRECTION('',(1.,0.,0.));
#12692=DIRECTION('',(0.,-1.,0.));
#12693=DIRECTION('',(1.,0.,0.));
#12694=DIRECTION('',(1.07081696047951E-15,1.,1.1128256286942E-15));
#12695=DIRECTION('',(1.,0.,0.));
#12696=DIRECTION('',(0.,-1.,0.));
#12697=DIRECTION('',(1.,0.,0.));
#12698=DIRECTION('',(-9.51076515746637E-32,1.,-4.94193854147673E-31));
#12699=DIRECTION('',(1.,0.,0.));
#12700=DIRECTION('',(6.42490176287715E-16,1.,1.1128256286942E-15));
#12701=DIRECTION('',(0.999999999999999,0.,0.));
#12702=DIRECTION('',(-9.51076515746638E-32,1.,-4.94193854147673E-31));
#12703=DIRECTION('',(1.,0.,0.));
#12704=DIRECTION('',(1.07081696047952E-15,1.,1.11282562869421E-15));
#12705=DIRECTION('',(0.999999999999999,0.,0.));
#12706=DIRECTION('',(6.42490176287717E-16,1.,1.1128256286942E-15));
#12707=DIRECTION('',(1.,0.,0.));
#12708=DIRECTION('',(0.,-1.,0.));
#12709=DIRECTION('',(1.,0.,0.));
#12710=DIRECTION('',(1.07081696047951E-15,1.,1.1128256286942E-15));
#12711=DIRECTION('',(1.,0.,0.));
#12712=DIRECTION('',(0.,-1.,0.));
#12713=DIRECTION('',(1.,0.,0.));
#12714=DIRECTION('',(-9.51076515746637E-32,1.,-4.94193854147673E-31));
#12715=DIRECTION('',(1.,0.,0.));
#12716=DIRECTION('',(6.42490176287715E-16,1.,1.1128256286942E-15));
#12717=DIRECTION('',(0.999999999999999,0.,0.));
#12718=DIRECTION('',(-9.51076515746638E-32,1.,-4.94193854147673E-31));
#12719=DIRECTION('',(1.,0.,0.));
#12720=DIRECTION('',(1.07081696047952E-15,1.,1.11282562869421E-15));
#12721=DIRECTION('',(0.999999999999999,0.,0.));
#12722=DIRECTION('',(6.42490176287717E-16,1.,1.1128256286942E-15));
#12723=DIRECTION('',(1.,0.,0.));
#12724=DIRECTION('',(0.,-1.,0.));
#12725=DIRECTION('',(1.,0.,0.));
#12726=DIRECTION('',(1.07081696047951E-15,1.,1.1128256286942E-15));
#12727=DIRECTION('',(1.,0.,0.));
#12728=DIRECTION('',(0.,-1.,0.));
#12729=DIRECTION('',(1.,0.,0.));
#12730=DIRECTION('',(-9.51076515746637E-32,1.,-4.94193854147673E-31));
#12731=DIRECTION('',(1.,0.,0.));
#12732=DIRECTION('',(6.42490176287715E-16,1.,1.1128256286942E-15));
#12733=DIRECTION('',(0.999999999999999,0.,0.));
#12734=DIRECTION('',(-9.51076515746638E-32,1.,-4.94193854147673E-31));
#12735=DIRECTION('',(1.,0.,0.));
#12736=DIRECTION('',(1.07081696047952E-15,1.,1.11282562869421E-15));
#12737=DIRECTION('',(0.999999999999999,0.,0.));
#12738=DIRECTION('',(6.42490176287717E-16,1.,1.1128256286942E-15));
#12739=DIRECTION('',(1.,0.,0.));
#12740=DIRECTION('',(0.,-1.,0.));
#12741=DIRECTION('',(1.,0.,0.));
#12742=DIRECTION('',(1.07081696047951E-15,1.,1.1128256286942E-15));
#12743=DIRECTION('',(1.,0.,0.));
#12744=DIRECTION('',(0.,-1.,0.));
#12745=DIRECTION('',(1.,0.,0.));
#12746=DIRECTION('',(-9.51076515746637E-32,1.,-4.94193854147673E-31));
#12747=DIRECTION('',(1.,0.,0.));
#12748=DIRECTION('',(6.42490176287715E-16,1.,1.1128256286942E-15));
#12749=DIRECTION('',(0.999999999999999,0.,0.));
#12750=DIRECTION('',(-9.51076515746638E-32,1.,-4.94193854147673E-31));
#12751=DIRECTION('',(1.,0.,0.));
#12752=DIRECTION('',(1.07081696047952E-15,1.,1.11282562869421E-15));
#12753=DIRECTION('',(0.999999999999999,0.,0.));
#12754=DIRECTION('',(6.42490176287717E-16,1.,1.1128256286942E-15));
#12755=DIRECTION('',(1.,0.,0.));
#12756=DIRECTION('',(0.,-1.,0.));
#12757=DIRECTION('',(1.,0.,0.));
#12758=DIRECTION('',(1.07081696047951E-15,1.,1.1128256286942E-15));
#12759=DIRECTION('',(1.,0.,0.));
#12760=DIRECTION('',(0.,-1.,0.));
#12761=DIRECTION('',(1.,0.,0.));
#12762=DIRECTION('',(-9.51076515746637E-32,1.,-4.94193854147673E-31));
#12763=DIRECTION('',(1.,0.,0.));
#12764=DIRECTION('',(6.42490176287715E-16,1.,1.1128256286942E-15));
#12765=DIRECTION('',(0.999999999999999,0.,0.));
#12766=DIRECTION('',(-9.51076515746638E-32,1.,-4.94193854147673E-31));
#12767=DIRECTION('',(1.,0.,0.));
#12768=DIRECTION('',(1.07081696047952E-15,1.,1.11282562869421E-15));
#12769=DIRECTION('',(0.999999999999999,0.,0.));
#12770=DIRECTION('',(6.42490176287717E-16,1.,1.1128256286942E-15));
#12771=DIRECTION('',(1.,0.,0.));
#12772=DIRECTION('',(0.,-1.,0.));
#12773=DIRECTION('',(1.,0.,0.));
#12774=DIRECTION('',(1.07081696047951E-15,1.,1.1128256286942E-15));
#12775=DIRECTION('',(1.,0.,0.));
#12776=DIRECTION('',(0.,-1.,0.));
#12777=DIRECTION('',(1.,0.,0.));
#12778=DIRECTION('',(-9.51076515746637E-32,1.,-4.94193854147673E-31));
#12779=DIRECTION('',(1.,0.,0.));
#12780=DIRECTION('',(6.42490176287715E-16,1.,1.1128256286942E-15));
#12781=DIRECTION('',(0.999999999999999,0.,0.));
#12782=DIRECTION('',(-9.51076515746638E-32,1.,-4.94193854147673E-31));
#12783=DIRECTION('',(1.,0.,0.));
#12784=DIRECTION('',(1.07081696047952E-15,1.,1.11282562869421E-15));
#12785=DIRECTION('',(0.999999999999999,0.,0.));
#12786=DIRECTION('',(6.42490176287717E-16,1.,1.1128256286942E-15));
#12787=DIRECTION('',(1.,0.,0.));
#12788=DIRECTION('',(0.,-1.,0.));
#12789=DIRECTION('',(1.,0.,0.));
#12790=DIRECTION('',(1.07081696047951E-15,1.,1.1128256286942E-15));
#12791=DIRECTION('',(1.,0.,0.));
#12792=DIRECTION('',(0.,-1.,0.));
#12793=DIRECTION('',(1.,0.,0.));
#12794=DIRECTION('',(-9.51076515746637E-32,1.,-4.94193854147673E-31));
#12795=DIRECTION('',(1.,0.,0.));
#12796=DIRECTION('',(6.42490176287715E-16,1.,1.1128256286942E-15));
#12797=DIRECTION('',(0.999999999999999,0.,0.));
#12798=DIRECTION('',(-9.51076515746638E-32,1.,-4.94193854147673E-31));
#12799=DIRECTION('',(1.,0.,0.));
#12800=DIRECTION('',(1.07081696047952E-15,1.,1.11282562869421E-15));
#12801=DIRECTION('',(0.999999999999999,0.,0.));
#12802=DIRECTION('',(6.42490176287717E-16,1.,1.1128256286942E-15));
#12803=DIRECTION('',(1.,0.,0.));
#12804=DIRECTION('',(0.,-1.,0.));
#12805=DIRECTION('',(1.,0.,0.));
#12806=DIRECTION('',(1.07081696047951E-15,1.,1.1128256286942E-15));
#12807=DIRECTION('',(1.,0.,0.));
#12808=DIRECTION('',(0.,-1.,0.));
#12809=DIRECTION('',(1.,0.,0.));
#12810=DIRECTION('',(-9.51076515746637E-32,1.,-4.94193854147673E-31));
#12811=DIRECTION('',(1.,0.,0.));
#12812=DIRECTION('',(6.42490176287715E-16,1.,1.1128256286942E-15));
#12813=DIRECTION('',(0.999999999999999,0.,0.));
#12814=DIRECTION('',(-9.51076515746638E-32,1.,-4.94193854147673E-31));
#12815=DIRECTION('',(1.,0.,0.));
#12816=DIRECTION('',(1.07081696047952E-15,1.,1.11282562869421E-15));
#12817=DIRECTION('',(0.999999999999999,0.,0.));
#12818=DIRECTION('',(6.42490176287717E-16,1.,1.1128256286942E-15));
#12819=DIRECTION('',(1.,0.,0.));
#12820=DIRECTION('',(0.,-1.,0.));
#12821=DIRECTION('',(1.,0.,0.));
#12822=DIRECTION('',(1.07081696047951E-15,1.,1.1128256286942E-15));
#12823=DIRECTION('',(1.,0.,0.));
#12824=DIRECTION('',(0.,-1.,0.));
#12825=DIRECTION('',(1.,0.,0.));
#12826=DIRECTION('',(-9.51076515746637E-32,1.,-4.94193854147673E-31));
#12827=DIRECTION('',(1.,0.,0.));
#12828=DIRECTION('',(6.42490176287715E-16,1.,1.1128256286942E-15));
#12829=DIRECTION('',(0.999999999999999,0.,0.));
#12830=DIRECTION('',(-9.51076515746638E-32,1.,-4.94193854147673E-31));
#12831=DIRECTION('',(1.,0.,0.));
#12832=DIRECTION('',(1.07081696047952E-15,1.,1.11282562869421E-15));
#12833=DIRECTION('',(0.999999999999999,0.,0.));
#12834=DIRECTION('',(6.42490176287717E-16,1.,1.1128256286942E-15));
#12835=DIRECTION('',(1.,0.,0.));
#12836=DIRECTION('',(0.,-1.,0.));
#12837=DIRECTION('',(1.,0.,0.));
#12838=DIRECTION('',(1.07081696047951E-15,1.,1.1128256286942E-15));
#12839=DIRECTION('',(1.,0.,0.));
#12840=DIRECTION('',(0.,-1.,0.));
#12841=DIRECTION('',(1.,0.,0.));
#12842=DIRECTION('',(-9.51076515746637E-32,1.,-4.94193854147673E-31));
#12843=DIRECTION('',(1.,0.,0.));
#12844=DIRECTION('',(6.42490176287715E-16,1.,1.1128256286942E-15));
#12845=DIRECTION('',(0.999999999999999,0.,0.));
#12846=DIRECTION('',(-9.51076515746638E-32,1.,-4.94193854147673E-31));
#12847=DIRECTION('',(1.,0.,0.));
#12848=DIRECTION('',(1.07081696047952E-15,1.,1.11282562869421E-15));
#12849=DIRECTION('',(0.999999999999999,0.,0.));
#12850=DIRECTION('',(6.42490176287717E-16,1.,1.1128256286942E-15));
#12851=DIRECTION('',(1.,0.,0.));
#12852=DIRECTION('',(0.,-1.,0.));
#12853=DIRECTION('',(1.,0.,0.));
#12854=DIRECTION('',(1.07081696047951E-15,1.,1.1128256286942E-15));
#12855=DIRECTION('',(1.,0.,0.));
#12856=DIRECTION('',(0.,-1.,0.));
#12857=DIRECTION('',(1.,0.,0.));
#12858=DIRECTION('',(-9.51076515746637E-32,1.,-4.94193854147673E-31));
#12859=DIRECTION('',(1.,0.,0.));
#12860=DIRECTION('',(6.42490176287715E-16,1.,1.1128256286942E-15));
#12861=DIRECTION('',(0.999999999999999,0.,0.));
#12862=DIRECTION('',(-9.51076515746638E-32,1.,-4.94193854147673E-31));
#12863=DIRECTION('',(1.,0.,0.));
#12864=DIRECTION('',(1.07081696047952E-15,1.,1.11282562869421E-15));
#12865=DIRECTION('',(0.999999999999999,0.,0.));
#12866=DIRECTION('',(6.42490176287717E-16,1.,1.1128256286942E-15));
#12867=DIRECTION('',(1.,0.,0.));
#12868=DIRECTION('',(0.,-1.,0.));
#12869=DIRECTION('',(1.,0.,0.));
#12870=DIRECTION('',(1.07081696047951E-15,1.,1.1128256286942E-15));
#12871=DIRECTION('',(1.,0.,0.));
#12872=DIRECTION('',(0.,-1.,0.));
#12873=DIRECTION('',(1.,0.,0.));
#12874=DIRECTION('',(-9.51076515746637E-32,1.,-4.94193854147673E-31));
#12875=DIRECTION('',(1.,0.,0.));
#12876=DIRECTION('',(6.42490176287715E-16,1.,1.1128256286942E-15));
#12877=DIRECTION('',(0.999999999999999,0.,0.));
#12878=DIRECTION('',(-9.51076515746638E-32,1.,-4.94193854147673E-31));
#12879=DIRECTION('',(1.,0.,0.));
#12880=DIRECTION('',(1.07081696047952E-15,1.,1.11282562869421E-15));
#12881=DIRECTION('',(0.999999999999999,0.,0.));
#12882=DIRECTION('',(6.42490176287717E-16,1.,1.1128256286942E-15));
#12883=DIRECTION('',(1.,0.,0.));
#12884=DIRECTION('',(0.,-1.,0.));
#12885=DIRECTION('',(1.,0.,0.));
#12886=DIRECTION('',(1.07081696047951E-15,1.,1.1128256286942E-15));
#12887=DIRECTION('',(1.,0.,0.));
#12888=DIRECTION('',(0.,-1.,0.));
#12889=DIRECTION('',(1.,0.,0.));
#12890=DIRECTION('',(-9.51076515746637E-32,1.,-4.94193854147673E-31));
#12891=DIRECTION('',(1.,0.,0.));
#12892=DIRECTION('',(6.42490176287715E-16,1.,1.1128256286942E-15));
#12893=DIRECTION('',(0.999999999999999,0.,0.));
#12894=DIRECTION('',(-9.51076515746638E-32,1.,-4.94193854147673E-31));
#12895=DIRECTION('',(1.,0.,0.));
#12896=DIRECTION('',(1.07081696047952E-15,1.,1.11282562869421E-15));
#12897=DIRECTION('',(0.999999999999999,0.,0.));
#12898=DIRECTION('',(6.42490176287717E-16,1.,1.1128256286942E-15));
#12899=DIRECTION('',(1.,0.,0.));
#12900=DIRECTION('',(0.,-1.,0.));
#12901=DIRECTION('',(1.,0.,0.));
#12902=DIRECTION('',(1.07081696047951E-15,1.,1.1128256286942E-15));
#12903=DIRECTION('',(1.,0.,0.));
#12904=DIRECTION('',(0.,-1.,0.));
#12905=DIRECTION('',(1.,0.,0.));
#12906=DIRECTION('',(-9.51076515746637E-32,1.,-4.94193854147673E-31));
#12907=DIRECTION('',(1.,0.,0.));
#12908=DIRECTION('',(6.42490176287715E-16,1.,1.1128256286942E-15));
#12909=DIRECTION('',(0.999999999999999,0.,0.));
#12910=DIRECTION('',(-9.51076515746638E-32,1.,-4.94193854147673E-31));
#12911=DIRECTION('',(1.,0.,0.));
#12912=DIRECTION('',(1.07081696047952E-15,1.,1.11282562869421E-15));
#12913=DIRECTION('',(0.999999999999999,0.,0.));
#12914=DIRECTION('',(6.42490176287717E-16,1.,1.1128256286942E-15));
#12915=DIRECTION('',(1.,0.,0.));
#12916=DIRECTION('',(0.,-1.,0.));
#12917=DIRECTION('',(1.,0.,0.));
#12918=DIRECTION('',(1.07081696047951E-15,1.,1.1128256286942E-15));
#12919=DIRECTION('',(1.,0.,0.));
#12920=DIRECTION('',(0.,-1.,0.));
#12921=DIRECTION('',(1.,0.,0.));
#12922=DIRECTION('',(-9.51076515746637E-32,1.,-4.94193854147673E-31));
#12923=DIRECTION('',(1.,0.,0.));
#12924=DIRECTION('',(6.42490176287715E-16,1.,1.1128256286942E-15));
#12925=DIRECTION('',(0.999999999999999,0.,0.));
#12926=DIRECTION('',(-9.51076515746638E-32,1.,-4.94193854147673E-31));
#12927=DIRECTION('',(1.,0.,0.));
#12928=DIRECTION('',(1.07081696047952E-15,1.,1.11282562869421E-15));
#12929=DIRECTION('',(0.999999999999999,0.,0.));
#12930=DIRECTION('',(6.42490176287717E-16,1.,1.1128256286942E-15));
#12931=DIRECTION('',(1.,0.,0.));
#12932=DIRECTION('',(0.,-1.,0.));
#12933=DIRECTION('',(1.,0.,0.));
#12934=DIRECTION('',(1.07081696047951E-15,1.,1.1128256286942E-15));
#12935=DIRECTION('',(1.,0.,0.));
#12936=DIRECTION('',(0.,-1.,0.));
#12937=DIRECTION('',(1.,0.,0.));
#12938=DIRECTION('',(-9.51076515746637E-32,1.,-4.94193854147673E-31));
#12939=DIRECTION('',(1.,0.,0.));
#12940=DIRECTION('',(6.42490176287715E-16,1.,1.1128256286942E-15));
#12941=DIRECTION('',(0.999999999999999,0.,0.));
#12942=DIRECTION('',(-9.51076515746638E-32,1.,-4.94193854147673E-31));
#12943=DIRECTION('',(1.,0.,0.));
#12944=DIRECTION('',(1.07081696047952E-15,1.,1.11282562869421E-15));
#12945=DIRECTION('',(0.999999999999999,0.,0.));
#12946=DIRECTION('',(6.42490176287717E-16,1.,1.1128256286942E-15));
#12947=DIRECTION('',(1.,0.,0.));
#12948=DIRECTION('',(0.,-1.,0.));
#12949=DIRECTION('',(1.,0.,0.));
#12950=DIRECTION('',(1.07081696047951E-15,1.,1.1128256286942E-15));
#12951=DIRECTION('',(1.,0.,0.));
#12952=DIRECTION('',(0.,-1.,0.));
#12953=DIRECTION('',(1.,0.,0.));
#12954=DIRECTION('',(-9.51076515746637E-32,1.,-4.94193854147673E-31));
#12955=DIRECTION('',(1.,0.,0.));
#12956=DIRECTION('',(6.42490176287715E-16,1.,1.1128256286942E-15));
#12957=DIRECTION('',(0.999999999999999,0.,0.));
#12958=DIRECTION('',(-9.51076515746638E-32,1.,-4.94193854147673E-31));
#12959=DIRECTION('',(1.,0.,0.));
#12960=DIRECTION('',(1.07081696047952E-15,1.,1.11282562869421E-15));
#12961=DIRECTION('',(0.999999999999999,0.,0.));
#12962=DIRECTION('',(6.42490176287717E-16,1.,1.1128256286942E-15));
#12963=DIRECTION('',(1.,0.,0.));
#12964=DIRECTION('',(0.,-1.,0.));
#12965=DIRECTION('',(1.,0.,0.));
#12966=DIRECTION('',(1.07081696047951E-15,1.,1.1128256286942E-15));
#12967=DIRECTION('',(1.,0.,0.));
#12968=DIRECTION('',(0.,-1.,0.));
#12969=DIRECTION('',(1.,0.,0.));
#12970=DIRECTION('',(-9.51076515746637E-32,1.,-4.94193854147673E-31));
#12971=DIRECTION('',(1.,0.,0.));
#12972=DIRECTION('',(6.42490176287715E-16,1.,1.1128256286942E-15));
#12973=DIRECTION('',(0.999999999999999,0.,0.));
#12974=DIRECTION('',(-9.51076515746638E-32,1.,-4.94193854147673E-31));
#12975=DIRECTION('',(1.,0.,0.));
#12976=DIRECTION('',(1.07081696047952E-15,1.,1.11282562869421E-15));
#12977=DIRECTION('',(0.999999999999999,0.,0.));
#12978=DIRECTION('',(6.42490176287717E-16,1.,1.1128256286942E-15));
#12979=DIRECTION('',(1.,0.,0.));
#12980=DIRECTION('',(0.,-1.,0.));
#12981=DIRECTION('',(1.,0.,0.));
#12982=DIRECTION('',(1.07081696047951E-15,1.,1.1128256286942E-15));
#12983=DIRECTION('',(1.,0.,0.));
#12984=DIRECTION('',(0.,-1.,0.));
#12985=DIRECTION('',(1.,0.,0.));
#12986=DIRECTION('',(-9.51076515746637E-32,1.,-4.94193854147673E-31));
#12987=DIRECTION('',(1.,0.,0.));
#12988=DIRECTION('',(6.42490176287715E-16,1.,1.1128256286942E-15));
#12989=DIRECTION('',(0.999999999999999,0.,0.));
#12990=DIRECTION('',(-9.51076515746638E-32,1.,-4.94193854147673E-31));
#12991=DIRECTION('',(1.,0.,0.));
#12992=DIRECTION('',(1.07081696047952E-15,1.,1.11282562869421E-15));
#12993=DIRECTION('',(0.999999999999999,0.,0.));
#12994=DIRECTION('',(6.42490176287717E-16,1.,1.1128256286942E-15));
#12995=DIRECTION('',(1.,0.,0.));
#12996=DIRECTION('',(0.,-1.,0.));
#12997=DIRECTION('',(1.,0.,0.));
#12998=DIRECTION('',(1.07081696047951E-15,1.,1.1128256286942E-15));
#12999=DIRECTION('',(1.,0.,0.));
#13000=DIRECTION('',(0.,-1.,0.));
#13001=DIRECTION('',(1.,0.,0.));
#13002=DIRECTION('',(-9.51076515746637E-32,1.,-4.94193854147673E-31));
#13003=DIRECTION('',(1.,0.,0.));
#13004=DIRECTION('',(6.42490176287715E-16,1.,1.1128256286942E-15));
#13005=DIRECTION('',(0.999999999999999,0.,0.));
#13006=DIRECTION('',(-9.51076515746638E-32,1.,-4.94193854147673E-31));
#13007=DIRECTION('',(1.,0.,0.));
#13008=DIRECTION('',(1.07081696047952E-15,1.,1.11282562869421E-15));
#13009=DIRECTION('',(0.999999999999999,0.,0.));
#13010=DIRECTION('',(6.42490176287717E-16,1.,1.1128256286942E-15));
#13011=DIRECTION('',(1.,0.,0.));
#13012=DIRECTION('',(0.,-1.,0.));
#13013=DIRECTION('',(1.,0.,0.));
#13014=DIRECTION('',(1.07081696047951E-15,1.,1.1128256286942E-15));
#13015=DIRECTION('',(1.,0.,0.));
#13016=DIRECTION('',(0.,-1.,0.));
#13017=DIRECTION('',(1.,0.,0.));
#13018=DIRECTION('',(-9.51076515746637E-32,1.,-4.94193854147673E-31));
#13019=DIRECTION('',(1.,0.,0.));
#13020=DIRECTION('',(6.42490176287715E-16,1.,1.1128256286942E-15));
#13021=DIRECTION('',(0.999999999999999,0.,0.));
#13022=DIRECTION('',(-9.51076515746638E-32,1.,-4.94193854147673E-31));
#13023=DIRECTION('',(1.,0.,0.));
#13024=DIRECTION('',(1.07081696047952E-15,1.,1.11282562869421E-15));
#13025=DIRECTION('',(0.999999999999999,0.,0.));
#13026=DIRECTION('',(6.42490176287717E-16,1.,1.1128256286942E-15));
#13027=DIRECTION('',(1.,0.,0.));
#13028=DIRECTION('',(0.,-1.,0.));
#13029=DIRECTION('',(1.,0.,0.));
#13030=DIRECTION('',(1.07081696047951E-15,1.,1.1128256286942E-15));
#13031=DIRECTION('',(1.,0.,0.));
#13032=DIRECTION('',(0.,-1.,0.));
#13033=DIRECTION('',(1.,0.,0.));
#13034=DIRECTION('',(-9.51076515746637E-32,1.,-4.94193854147673E-31));
#13035=DIRECTION('',(1.,0.,0.));
#13036=DIRECTION('',(6.42490176287715E-16,1.,1.1128256286942E-15));
#13037=DIRECTION('',(0.999999999999999,0.,0.));
#13038=DIRECTION('',(-9.51076515746638E-32,1.,-4.94193854147673E-31));
#13039=DIRECTION('',(1.,0.,0.));
#13040=DIRECTION('',(1.07081696047952E-15,1.,1.11282562869421E-15));
#13041=DIRECTION('',(0.999999999999999,0.,0.));
#13042=DIRECTION('',(6.42490176287717E-16,1.,1.1128256286942E-15));
#13043=DIRECTION('',(1.,0.,0.));
#13044=DIRECTION('',(0.,-1.,0.));
#13045=DIRECTION('',(1.,0.,0.));
#13046=DIRECTION('',(1.07081696047951E-15,1.,1.1128256286942E-15));
#13047=DIRECTION('',(1.,0.,0.));
#13048=DIRECTION('',(0.,-1.,0.));
#13049=DIRECTION('',(1.,0.,0.));
#13050=DIRECTION('',(-9.51076515746637E-32,1.,-4.94193854147673E-31));
#13051=DIRECTION('',(1.,0.,0.));
#13052=DIRECTION('',(6.42490176287715E-16,1.,1.1128256286942E-15));
#13053=DIRECTION('',(0.999999999999999,0.,0.));
#13054=DIRECTION('',(-9.51076515746638E-32,1.,-4.94193854147673E-31));
#13055=DIRECTION('',(1.,0.,0.));
#13056=DIRECTION('',(1.07081696047952E-15,1.,1.11282562869421E-15));
#13057=DIRECTION('',(0.999999999999999,0.,0.));
#13058=DIRECTION('',(6.42490176287717E-16,1.,1.1128256286942E-15));
#13059=DIRECTION('',(1.,0.,0.));
#13060=DIRECTION('',(0.,-1.,0.));
#13061=DIRECTION('',(1.,0.,0.));
#13062=DIRECTION('',(1.07081696047951E-15,1.,1.1128256286942E-15));
#13063=DIRECTION('',(1.,0.,0.));
#13064=DIRECTION('',(0.,-1.,0.));
#13065=DIRECTION('',(1.,0.,0.));
#13066=DIRECTION('',(-9.51076515746637E-32,1.,-4.94193854147673E-31));
#13067=DIRECTION('',(1.,0.,0.));
#13068=DIRECTION('',(6.42490176287715E-16,1.,1.1128256286942E-15));
#13069=DIRECTION('',(0.999999999999999,0.,0.));
#13070=DIRECTION('',(-9.51076515746638E-32,1.,-4.94193854147673E-31));
#13071=DIRECTION('',(1.,0.,0.));
#13072=DIRECTION('',(1.07081696047952E-15,1.,1.11282562869421E-15));
#13073=DIRECTION('',(0.999999999999999,0.,0.));
#13074=DIRECTION('',(6.42490176287717E-16,1.,1.1128256286942E-15));
#13075=DIRECTION('',(1.,0.,0.));
#13076=DIRECTION('',(0.,-1.,0.));
#13077=DIRECTION('',(1.,0.,0.));
#13078=DIRECTION('',(1.07081696047951E-15,1.,1.1128256286942E-15));
#13079=DIRECTION('',(1.,0.,0.));
#13080=DIRECTION('',(0.,-1.,0.));
#13081=DIRECTION('',(1.,0.,0.));
#13082=DIRECTION('',(-9.51076515746637E-32,1.,-4.94193854147673E-31));
#13083=DIRECTION('',(1.,0.,0.));
#13084=DIRECTION('',(6.42490176287715E-16,1.,1.1128256286942E-15));
#13085=DIRECTION('',(0.999999999999999,0.,0.));
#13086=DIRECTION('',(-9.51076515746638E-32,1.,-4.94193854147673E-31));
#13087=DIRECTION('',(1.,0.,0.));
#13088=DIRECTION('',(1.07081696047952E-15,1.,1.11282562869421E-15));
#13089=DIRECTION('',(0.999999999999999,0.,0.));
#13090=DIRECTION('',(6.42490176287717E-16,1.,1.1128256286942E-15));
#13091=DIRECTION('',(1.,0.,0.));
#13092=DIRECTION('',(0.,-1.,0.));
#13093=DIRECTION('',(1.,0.,0.));
#13094=DIRECTION('',(1.07081696047951E-15,1.,1.1128256286942E-15));
#13095=DIRECTION('',(1.,0.,0.));
#13096=DIRECTION('',(0.,-1.,0.));
#13097=DIRECTION('',(1.,0.,0.));
#13098=DIRECTION('',(-9.51076515746637E-32,1.,-4.94193854147673E-31));
#13099=DIRECTION('',(1.,0.,0.));
#13100=DIRECTION('',(6.42490176287715E-16,1.,1.1128256286942E-15));
#13101=DIRECTION('',(0.999999999999999,0.,0.));
#13102=DIRECTION('',(-9.51076515746638E-32,1.,-4.94193854147673E-31));
#13103=DIRECTION('',(1.,0.,0.));
#13104=DIRECTION('',(1.07081696047952E-15,1.,1.11282562869421E-15));
#13105=DIRECTION('',(0.999999999999999,0.,0.));
#13106=DIRECTION('',(6.42490176287717E-16,1.,1.1128256286942E-15));
#13107=DIRECTION('',(1.,0.,0.));
#13108=DIRECTION('',(0.,-1.,0.));
#13109=DIRECTION('',(1.,0.,0.));
#13110=DIRECTION('',(1.07081696047951E-15,1.,1.1128256286942E-15));
#13111=DIRECTION('',(1.,0.,0.));
#13112=DIRECTION('',(0.,-1.,0.));
#13113=DIRECTION('',(1.,0.,0.));
#13114=DIRECTION('',(-9.51076515746637E-32,1.,-4.94193854147673E-31));
#13115=DIRECTION('',(1.,0.,0.));
#13116=DIRECTION('',(6.42490176287715E-16,1.,1.1128256286942E-15));
#13117=DIRECTION('',(0.999999999999999,0.,0.));
#13118=DIRECTION('',(-9.51076515746638E-32,1.,-4.94193854147673E-31));
#13119=DIRECTION('',(1.,0.,0.));
#13120=DIRECTION('',(1.07081696047952E-15,1.,1.11282562869421E-15));
#13121=DIRECTION('',(0.999999999999999,0.,0.));
#13122=DIRECTION('',(6.42490176287717E-16,1.,1.1128256286942E-15));
#13123=DIRECTION('',(1.,0.,0.));
#13124=DIRECTION('',(0.,-1.,0.));
#13125=DIRECTION('',(1.,0.,0.));
#13126=DIRECTION('',(1.07081696047951E-15,1.,1.1128256286942E-15));
#13127=DIRECTION('',(1.,0.,0.));
#13128=DIRECTION('',(0.,-1.,0.));
#13129=DIRECTION('',(1.,0.,0.));
#13130=DIRECTION('',(-9.51076515746637E-32,1.,-4.94193854147673E-31));
#13131=DIRECTION('',(1.,0.,0.));
#13132=DIRECTION('',(6.42490176287715E-16,1.,1.1128256286942E-15));
#13133=DIRECTION('',(0.999999999999999,0.,0.));
#13134=DIRECTION('',(1.07081696047952E-15,1.,1.11282562869421E-15));
#13135=DIRECTION('',(0.999999999999999,0.,0.));
#13136=DIRECTION('',(0.,-1.,0.));
#13137=DIRECTION('',(1.,0.,0.));
#13138=DIRECTION('',(-9.51076515746638E-32,1.,-4.94193854147673E-31));
#13139=DIRECTION('',(1.,0.,0.));
#13140=DIRECTION('',(6.42490176287717E-16,1.,1.1128256286942E-15));
#13141=DIRECTION('',(1.,0.,0.));
#13142=DIRECTION('',(1.07081696047949E-15,1.,1.11282562869419E-15));
#13143=DIRECTION('',(1.,0.,5.78241158658937E-15));
#13144=DIRECTION('',(0.,-1.,0.));
#13145=DIRECTION('',(1.,0.,0.));
#13146=DIRECTION('',(-9.51076515746693E-32,1.,-4.94193854147701E-31));
#13147=DIRECTION('',(1.,0.,5.78241158658937E-15));
#13148=DIRECTION('',(6.42490176287689E-16,1.,1.11282562869418E-15));
#13149=DIRECTION('',(0.999999999999999,0.,5.78241158658928E-15));
#13150=DIRECTION('',(1.07081696047948E-15,1.,1.11282562869419E-15));
#13151=DIRECTION('',(1.,0.,0.));
#13152=DIRECTION('',(0.,-1.,0.));
#13153=DIRECTION('',(1.,0.,0.));
#13154=DIRECTION('',(-9.51076515746693E-32,1.,-4.94193854147701E-31));
#13155=DIRECTION('',(1.,0.,5.78241158658937E-15));
#13156=DIRECTION('',(6.42490176287687E-16,1.,1.11282562869418E-15));
#13157=DIRECTION('',(1.,0.,0.));
#13158=DIRECTION('',(-1.54886024640786E-16,1.,-8.94234880200691E-17));
#13159=DIRECTION('',(0.,0.,-1.));
#13160=DIRECTION('',(-2.6371594344433E-16,1.,-2.78360003180535E-31));
#13161=DIRECTION('',(0.,0.,-1.));
#13162=DIRECTION('',(-2.3232903696118E-16,1.,5.66922197097099E-17));
#13163=DIRECTION('',(0.,5.66922197097099E-17,-1.));
#13164=DIRECTION('',(-1.54886024640786E-16,1.,-2.44309512660857E-16));
#13165=DIRECTION('',(0.,-3.09772049281569E-16,-0.999999999999997));
#13166=DIRECTION('',(-2.6371594344433E-16,1.,-1.6819367130412E-32));
#13167=DIRECTION('',(-9.91270557701035E-15,-2.75132849198177E-30,-1.));
#13168=DIRECTION('',(-1.54886024640786E-16,1.,-6.54625366207164E-17));
#13169=DIRECTION('',(0.,-6.54625366207164E-17,-1.));
#13170=DIRECTION('',(0.,1.,0.));
#13171=DIRECTION('',(0.,0.,1.));
#13172=DIRECTION('',(0.,1.,0.));
#13173=DIRECTION('',(0.,0.,-1.));
#13174=DIRECTION('',(-1.,0.,0.));
#13175=DIRECTION('',(0.,0.,1.));
#13176=DIRECTION('',(1.,-1.19636101791504E-15,-4.78544407166016E-15));
#13177=DIRECTION('',(0.,1.,0.));
#13178=DIRECTION('',(-1.,0.,0.));
#13179=DIRECTION('',(0.,1.,0.));
#13180=DIRECTION('',(-1.,-2.32640570717444E-16,3.72224913147911E-15));
#13181=DIRECTION('',(9.63735264431566E-16,-1.,1.54197642309051E-14));
#13182=DIRECTION('',(1.,1.4581591169177E-16,-9.33221834827325E-15));
#13183=DIRECTION('',(-1.45993787223524E-12,4.16333634234434E-14,-1.));
#13184=DIRECTION('',(-1.,0.,1.45994327738208E-12));
#13185=DIRECTION('',(-4.81867632215782E-16,1.,0.));
#13186=DIRECTION('',(-0.500000000000002,-1.92604435734744E-16,0.866025403784437));
#13187=DIRECTION('',(-0.500000000000771,0.,0.866025403783994));
#13188=DIRECTION('',(-0.866025403784437,-4.55032615578453E-15,-0.500000000000002));
#13189=DIRECTION('',(-0.500000000000002,-1.92554305833426E-16,0.866025403784437));
#13190=DIRECTION('',(-1.,0.,0.));
#13191=DIRECTION('',(0.,2.83220159343148E-15,-1.));
#13192=DIRECTION('',(-1.,0.,0.));
#13193=DIRECTION('',(1.06207559753681E-15,-2.83220159343148E-15,1.));
#13194=DIRECTION('',(3.31307004579237E-16,-1.,-2.83220159343148E-15));
#13195=DIRECTION('',(0.,2.83193607453214E-15,-1.));
#13196=DIRECTION('',(1.,0.,0.));
#13197=DIRECTION('',(0.,-1.,0.));
#13198=DIRECTION('',(0.,1.,0.));
#13199=DIRECTION('',(0.,0.,1.));
#13200=DIRECTION('',(1.,0.,0.));
#13201=DIRECTION('',(-3.94255335449275E-16,1.,0.));
#13202=DIRECTION('',(1.15648231731787E-15,0.,1.));
#13203=DIRECTION('',(1.57702134179715E-15,0.,1.));
#13204=DIRECTION('',(-1.,-4.5491000244147E-16,1.15648231731787E-15));
#13205=DIRECTION('',(1.15662687760754E-15,0.,1.));
#13206=DIRECTION('',(0.,0.,1.));
#13207=DIRECTION('',(-1.,0.,0.));
#13208=DIRECTION('',(5.33761069531325E-16,0.,-1.));
#13209=DIRECTION('',(0.,-1.,0.));
#13210=DIRECTION('',(0.,0.,-1.));
#13211=DIRECTION('',(0.,1.,0.));
#13212=DIRECTION('',(1.,0.,0.));
#13213=DIRECTION('',(0.,-1.,0.));
#13214=DIRECTION('',(-1.,0.,0.));
#13215=DIRECTION('',(0.,-8.65198741135564E-16,1.));
#13216=DIRECTION('',(1.,0.,0.));
#13217=DIRECTION('',(1.,0.,0.));
#13218=DIRECTION('',(0.,-1.12644381556914E-17,1.));
#13219=DIRECTION('',(9.37952894993601E-34,1.12644381556914E-17,1.));
#13220=DIRECTION('',(0.,1.,0.));
#13221=DIRECTION('',(-1.,0.,0.));
#13222=DIRECTION('',(0.,1.,0.));
#13223=DIRECTION('',(0.,-1.,-1.02798428206033E-14));
#13224=DIRECTION('',(0.,0.,-1.));
#13225=DIRECTION('',(-1.,0.,0.));
#13226=DIRECTION('',(0.,-2.04085114820801E-17,1.));
#13227=DIRECTION('',(0.,-1.,0.));
#13228=DIRECTION('',(0.,0.,1.));
#13229=DIRECTION('',(-1.,2.14163392095902E-16,0.));
#13230=DIRECTION('',(-2.14238349283136E-16,-1.,0.));
#13231=DIRECTION('',(0.,1.,0.));
#13232=DIRECTION('',(0.,0.,1.));
#13233=DIRECTION('',(0.,1.,0.));
#13234=DIRECTION('',(0.,0.,-1.));
#13235=DIRECTION('',(-1.,0.,0.));
#13236=DIRECTION('',(0.,0.,1.));
#13237=DIRECTION('',(-1.19636101791504E-16,1.,0.));
#13238=DIRECTION('',(1.,0.,0.));
#13239=DIRECTION('',(-1.,-1.11917643611405E-15,-2.79794109028512E-16));
#13240=DIRECTION('',(0.,0.,1.));
#13241=DIRECTION('',(1.,0.,0.));
#13242=DIRECTION('',(0.,2.47817639425261E-15,-1.));
#13243=DIRECTION('',(-0.463918010940533,-0.723166311172021,-0.511674276772666));
#13244=DIRECTION('',(0.,0.,1.));
#13245=DIRECTION('',(0.463918010940533,0.723166311172021,-0.511674276772666));
#13246=DIRECTION('',(0.841694082265676,-0.539954694283642,0.));
#13247=DIRECTION('',(0.539954694283642,0.841694082265676,0.));
#13248=DIRECTION('',(0.,2.47817639425261E-15,1.));
#13249=DIRECTION('',(-1.,0.,0.));
#13250=DIRECTION('',(1.,-3.46944695195361E-15,0.));
#13251=DIRECTION('',(0.,-1.,-1.14578829324757E-15));
#13252=DIRECTION('',(1.,0.,0.));
#13253=DIRECTION('',(1.,-2.06514699521048E-15,0.));
#13254=DIRECTION('',(0.463918010940536,-0.723166311172018,0.511674276772668));
#13255=DIRECTION('',(-6.41495692668865E-15,-0.577589911755867,-0.816327075281624));
#13256=DIRECTION('',(0.,0.816327075281624,-0.577589911755867));
#13257=DIRECTION('',(0.,1.6136962567226E-15,-1.));
#13258=DIRECTION('',(-0.463918010940536,0.723166311172016,0.51167427677267));
#13259=DIRECTION('',(-0.841694082265676,-0.539954694283642,0.));
#13260=DIRECTION('',(0.539954694283642,-0.841694082265676,0.));
#13261=DIRECTION('',(-1.,0.,0.));
#13262=DIRECTION('',(6.41495692668865E-15,-0.577589911755867,0.816327075281624));
#13263=DIRECTION('',(0.,-0.816327075281624,-0.577589911755867));
#13264=DIRECTION('',(0.,2.47817639425261E-15,-1.));
#13265=DIRECTION('',(-0.463918010940534,-0.72316631117202,-0.511674276772666));
#13266=DIRECTION('',(0.,0.,1.));
#13267=DIRECTION('',(0.463918010940533,0.723166311172021,-0.511674276772666));
#13268=DIRECTION('',(0.841694082265676,-0.539954694283642,0.));
#13269=DIRECTION('',(0.539954694283642,0.841694082265676,0.));
#13270=DIRECTION('',(0.,2.47817639425261E-15,1.));
#13271=DIRECTION('',(-1.,0.,0.));
#13272=DIRECTION('',(1.,-3.46944695195362E-15,0.));
#13273=DIRECTION('',(0.,-1.,-1.14578829324757E-15));
#13274=DIRECTION('',(1.,0.,0.));
#13275=DIRECTION('',(1.,-2.06514699521048E-15,0.));
#13276=DIRECTION('',(0.463918010940535,-0.723166311172019,0.511674276772668));
#13277=DIRECTION('',(-6.41495692668865E-15,-0.577589911755867,-0.816327075281624));
#13278=DIRECTION('',(0.,0.816327075281624,-0.577589911755867));
#13279=DIRECTION('',(0.,1.6136962567226E-15,-1.));
#13280=DIRECTION('',(-0.463918010940536,0.723166311172016,0.51167427677267));
#13281=DIRECTION('',(-0.841694082265676,-0.539954694283642,0.));
#13282=DIRECTION('',(0.539954694283642,-0.841694082265676,0.));
#13283=DIRECTION('',(-1.,0.,0.));
#13284=DIRECTION('',(6.41495692668865E-15,-0.577589911755867,0.816327075281624));
#13285=DIRECTION('',(0.,-0.816327075281624,-0.577589911755867));
#13286=DIRECTION('',(0.,2.47817639425258E-15,-1.));
#13287=DIRECTION('',(-0.463918010940538,-0.723166311172028,-0.511674276772652));
#13288=DIRECTION('',(0.,0.,1.));
#13289=DIRECTION('',(0.463918010940537,0.723166311172027,-0.511674276772654));
#13290=DIRECTION('',(0.841694082265676,-0.539954694283642,0.));
#13291=DIRECTION('',(0.539954694283642,0.841694082265676,0.));
#13292=DIRECTION('',(0.,2.47817639425258E-15,1.));
#13293=DIRECTION('',(-1.,0.,0.));
#13294=DIRECTION('',(1.,-3.46944695195361E-15,0.));
#13295=DIRECTION('',(0.,-1.,-1.14578829324756E-15));
#13296=DIRECTION('',(1.,0.,0.));
#13297=DIRECTION('',(1.,-2.06514699521048E-15,0.));
#13298=DIRECTION('',(0.46391801094054,-0.723166311172024,0.511674276772656));
#13299=DIRECTION('',(-4.00934807918041E-16,-0.577589911755867,-0.816327075281624));
#13300=DIRECTION('',(0.,0.816327075281624,-0.577589911755867));
#13301=DIRECTION('',(0.,1.61369625672261E-15,-1.));
#13302=DIRECTION('',(-0.46391801094054,0.723166311172022,0.511674276772658));
#13303=DIRECTION('',(-0.841694082265676,-0.539954694283642,0.));
#13304=DIRECTION('',(0.539954694283642,-0.841694082265676,0.));
#13305=DIRECTION('',(-1.,0.,0.));
#13306=DIRECTION('',(0.,-0.577589911755867,0.816327075281624));
#13307=DIRECTION('',(0.,-0.816327075281624,-0.577589911755867));
#13308=DIRECTION('',(0.,2.47817639425258E-15,-1.));
#13309=DIRECTION('',(-0.463918010940539,-0.723166311172027,-0.511674276772652));
#13310=DIRECTION('',(0.,0.,1.));
#13311=DIRECTION('',(0.463918010940537,0.723166311172027,-0.511674276772654));
#13312=DIRECTION('',(0.841694082265676,-0.539954694283642,0.));
#13313=DIRECTION('',(0.539954694283642,0.841694082265676,0.));
#13314=DIRECTION('',(0.,2.47817639425258E-15,1.));
#13315=DIRECTION('',(-1.,0.,0.));
#13316=DIRECTION('',(1.,-3.46944695195362E-15,0.));
#13317=DIRECTION('',(0.,-1.,-1.14578829324756E-15));
#13318=DIRECTION('',(1.,0.,0.));
#13319=DIRECTION('',(1.,-2.06514699521048E-15,0.));
#13320=DIRECTION('',(0.463918010940539,-0.723166311172025,0.511674276772656));
#13321=DIRECTION('',(-4.00934807918041E-16,-0.577589911755867,-0.816327075281624));
#13322=DIRECTION('',(0.,0.816327075281624,-0.577589911755867));
#13323=DIRECTION('',(0.,1.61369625672261E-15,-1.));
#13324=DIRECTION('',(-0.46391801094054,0.723166311172022,0.511674276772658));
#13325=DIRECTION('',(-0.841694082265676,-0.539954694283642,0.));
#13326=DIRECTION('',(0.539954694283642,-0.841694082265676,0.));
#13327=DIRECTION('',(-1.,0.,0.));
#13328=DIRECTION('',(0.,-0.577589911755867,0.816327075281624));
#13329=DIRECTION('',(0.,-0.816327075281624,-0.577589911755867));
#13330=DIRECTION('',(0.,0.,-1.));
#13331=DIRECTION('',(-1.,1.08420217248555E-15,-5.42101086242774E-16));
#13332=DIRECTION('',(2.59068619470849E-18,0.,1.));
#13333=DIRECTION('',(1.,0.,8.67361737988404E-15));
#13334=DIRECTION('',(-4.13029399042093E-16,-1.65211759616837E-15,-1.));
#13335=DIRECTION('',(1.,0.,0.));
#13336=DIRECTION('',(1.06294330635834E-17,0.,1.));
#13337=DIRECTION('',(-1.,-5.59588218057023E-16,5.59588218057023E-16));
#13338=DIRECTION('',(-3.07575084393051E-16,1.,0.));
#13339=DIRECTION('',(-1.,-3.07046055247895E-16,0.));
#13340=DIRECTION('',(-0.577350269189628,0.577350269189626,0.577350269189623));
#13341=DIRECTION('',(0.577350269189631,-0.577350269189629,0.577350269189617));
#13342=DIRECTION('',(0.,-2.0925494281988E-17,1.));
#13343=DIRECTION('',(0.707106781186547,0.707106781186547,0.));
#13344=DIRECTION('',(-0.707106781186547,0.707106781186547,0.));
#13345=DIRECTION('',(0.577350269189626,-0.577350269189625,-0.577350269189626));
#13346=DIRECTION('',(-1.63551297779558E-16,0.707106781186548,-0.707106781186547));
#13347=DIRECTION('',(-1.,-4.63171168085807E-16,-2.31585584042904E-16));
#13348=DIRECTION('',(-0.577350269189626,0.577350269189625,0.577350269189626));
#13349=DIRECTION('',(0.707106781186547,0.707106781186548,-1.26271222550395E-15));
#13350=DIRECTION('',(2.55004350968591E-16,-2.04003480774873E-15,-1.));
#13351=DIRECTION('',(-1.,1.7945415268726E-15,0.));
#13352=DIRECTION('',(-0.577350269189626,-0.577350269189624,-0.577350269189627));
#13353=DIRECTION('',(1.26893248277248E-15,0.707106781186548,-0.707106781186547));
#13354=DIRECTION('',(-1.,1.79370407416002E-15,0.));
#13355=DIRECTION('',(0.577350269189623,0.577350269189621,-0.577350269189633));
#13356=DIRECTION('',(-0.707106781186547,0.707106781186548,0.));
#13357=DIRECTION('',(-0.707106781186548,-0.707106781186547,0.));
#13358=DIRECTION('',(-0.577350269189626,0.577350269189627,-0.577350269189624));
#13359=DIRECTION('',(4.22977494257483E-15,0.707106781186547,0.707106781186547));
#13360=DIRECTION('',(1.,-1.196959198424E-15,-4.78783679369599E-15));
#13361=DIRECTION('',(0.577350269189621,-0.577350269189624,0.577350269189633));
#13362=DIRECTION('',(0.707106781186548,0.707106781186547,-1.62348714707649E-15));
#13363=DIRECTION('',(-2.55004350968591E-16,-2.04003480774873E-15,-1.));
#13364=DIRECTION('',(1.,0.,0.));
#13365=DIRECTION('',(0.,0.707106781186547,0.707106781186548));
#13366=DIRECTION('',(1.,0.,0.));
#13367=DIRECTION('',(-1.,0.,0.));
#13368=DIRECTION('',(1.19636101791504E-16,-1.,1.91417762866406E-15));
#13369=DIRECTION('',(0.,0.,-1.));
#13370=DIRECTION('',(-1.,-1.27068494615301E-16,0.));
#13371=DIRECTION('',(0.,0.,-1.));
#13372=DIRECTION('',(0.,1.,0.));
#13373=DIRECTION('',(0.,0.,-1.));
#13374=DIRECTION('',(6.42490176287706E-16,-1.,0.));
#13375=DIRECTION('',(0.,0.,-1.));
#13376=DIRECTION('',(1.,0.,0.));
#13377=DIRECTION('',(0.,1.,0.));
#13378=DIRECTION('',(-1.,0.,0.));
#13379=DIRECTION('',(0.,-1.,0.));
#13380=DIRECTION('',(1.,8.67361737988404E-16,1.38777878078145E-14));
#13381=DIRECTION('',(0.,0.,-1.));
#13382=DIRECTION('',(-1.,0.,0.));
#13383=DIRECTION('',(0.,-1.12644381556914E-17,1.));
#13384=DIRECTION('',(-1.,0.,0.));
#13385=DIRECTION('',(0.,1.,0.));
#13386=DIRECTION('',(-1.,0.,0.));
#13387=DIRECTION('',(0.,1.,0.));
#13388=DIRECTION('',(1.,0.,0.));
#13389=DIRECTION('',(0.,0.,1.));
#13390=DIRECTION('',(1.,0.,0.));
#13391=DIRECTION('',(0.,0.,1.));
#13392=DIRECTION('',(0.,1.,0.));
#13393=DIRECTION('',(0.,-8.76122967667713E-17,1.));
#13394=DIRECTION('',(-1.88892111828585E-13,0.,1.));
#13395=DIRECTION('',(1.92747052886314E-15,-1.,0.));
#13396=DIRECTION('',(0.,0.,1.));
#13397=DIRECTION('',(0.,-1.,0.));
#13398=DIRECTION('',(0.,0.,1.));
#13399=DIRECTION('',(0.,1.,0.));
#13400=DIRECTION('',(1.,0.,0.));
#13401=DIRECTION('',(0.,1.,0.));
#13402=DIRECTION('',(9.63735264431568E-16,-1.,0.));
#13403=DIRECTION('',(-1.,0.,0.));
#13404=DIRECTION('',(-1.,0.,0.));
#13405=DIRECTION('',(0.,0.,-1.));
#13406=DIRECTION('',(-1.,0.,0.));
#13407=DIRECTION('',(-0.499999999999997,0.,-0.86602540378444));
#13408=DIRECTION('',(0.,-1.,0.));
#13409=DIRECTION('',(0.,0.,-1.));
#13410=DIRECTION('',(-0.500000000000002,-3.95345947032765E-16,-0.866025403784437));
#13411=DIRECTION('',(0.866025403784437,4.10585438101022E-15,-0.500000000000002));
#13412=DIRECTION('',(-0.500000000000002,-3.95516952522712E-16,-0.866025403784437));
#13413=DIRECTION('',(-1.,-2.90087537788764E-16,0.));
#13414=DIRECTION('',(2.6371594344433E-16,-1.,0.));
#13415=DIRECTION('',(0.,0.,-1.));
#13416=DIRECTION('',(3.29512703274792E-17,1.,0.));
#13417=DIRECTION('',(-1.,0.,0.));
#13418=DIRECTION('',(0.,0.,1.));
#13419=DIRECTION('',(1.,0.,0.));
#13420=DIRECTION('',(0.,0.,-1.));
#13421=DIRECTION('',(-3.29512703274792E-17,-1.,0.));
#13422=DIRECTION('',(0.,0.,1.));
#13423=DIRECTION('',(0.,0.,-1.));
#13424=DIRECTION('',(0.,1.,0.));
#13425=DIRECTION('',(-1.,3.29512703274792E-17,0.));
#13426=DIRECTION('',(-3.29512703274792E-17,-1.,0.));
#13427=DIRECTION('',(1.,0.,0.));
#13428=DIRECTION('',(1.,0.,0.));
#13429=DIRECTION('',(-2.30116379466309E-15,0.,1.));
#13430=DIRECTION('',(0.,-1.,0.));
#13431=DIRECTION('',(0.,0.,-1.));
#13432=DIRECTION('',(-1.,0.,0.));
#13433=DIRECTION('',(0.,-1.,0.));
#13434=DIRECTION('',(0.,0.,-1.));
#13435=DIRECTION('',(-1.,0.,0.));
#13436=DIRECTION('',(-2.36553201263108E-15,0.,1.));
#13437=DIRECTION('',(-4.81867632215782E-16,1.,-4.81867632215782E-16));
#13438=DIRECTION('',(-2.31296463463574E-15,0.,1.));
#13439=DIRECTION('',(2.89120579329469E-16,-1.,0.));
#13440=DIRECTION('',(-1.,-3.88951452012738E-16,-2.31296463463574E-15));
#13441=DIRECTION('',(-2.31282007434608E-15,0.,1.));
#13442=DIRECTION('',(1.,0.,0.));
#13443=DIRECTION('',(0.499999999999233,0.,0.866025403784881));
#13444=DIRECTION('',(0.,-1.,0.));
#13445=DIRECTION('',(0.,0.,-1.));
#13446=DIRECTION('',(0.,-1.,0.));
#13447=DIRECTION('',(0.500000000000001,1.92604435736323E-16,0.866025403784438));
#13448=DIRECTION('',(-0.866025403784438,-4.44471774774308E-16,0.500000000000001));
#13449=DIRECTION('',(0.500000000000001,1.92554305833426E-16,0.866025403784438));
#13450=DIRECTION('',(-1.,-1.45815911691312E-16,-3.49958188059148E-15));
#13451=DIRECTION('',(-9.63735264431566E-16,1.,0.));
#13452=DIRECTION('',(1.,2.32640570716292E-16,3.72224913146067E-15));
#13453=DIRECTION('',(1.45436886039644E-12,-4.08623752118981E-14,1.));
#13454=DIRECTION('',(1.,0.,-1.45436874349203E-12));
#13455=DIRECTION('',(0.,-1.,0.));
#13456=DIRECTION('',(0.499999999999999,3.95345947039425E-16,-0.866025403784439));
#13457=DIRECTION('',(0.499999999999999,0.,-0.866025403784439));
#13458=DIRECTION('',(0.866025403784439,4.44471774774309E-16,0.499999999999999));
#13459=DIRECTION('',(0.499999999999999,3.95516952522712E-16,-0.866025403784439));
#13460=DIRECTION('',(1.,0.,0.));
#13461=DIRECTION('',(0.,-1.,0.));
#13462=DIRECTION('',(0.,0.,-1.));
#13463=DIRECTION('',(1.,0.,0.));
#13464=DIRECTION('',(0.,0.,1.));
#13465=DIRECTION('',(1.,0.,0.));
#13466=DIRECTION('',(1.,2.90087537788764E-16,0.));
#13467=DIRECTION('',(2.63715943444331E-16,-1.,0.));
#13468=DIRECTION('',(0.,0.,-1.));
#13469=DIRECTION('',(1.,0.,0.));
#13470=DIRECTION('',(0.,0.,-1.));
#13471=DIRECTION('',(1.,0.,0.));
#13472=DIRECTION('',(-9.51076515746637E-32,1.,-4.94193854147673E-31));
#13473=DIRECTION('',(1.,0.,0.));
#13474=DIRECTION('',(0.,-1.,0.));
#13475=DIRECTION('',(1.,0.,0.));
#13476=DIRECTION('',(1.07081696047951E-15,1.,1.1128256286942E-15));
#13477=DIRECTION('',(1.,0.,0.));
#13478=DIRECTION('',(6.42490176287715E-16,1.,1.1128256286942E-15));
#13479=DIRECTION('',(0.999999999999999,0.,0.));
#13480=DIRECTION('',(0.,-1.,0.));
#13481=DIRECTION('',(1.,0.,0.));
#13482=CARTESIAN_POINT('',(0.,0.,0.));
#13483=CARTESIAN_POINT('',(2.23,11.07,83.58));
#13484=CARTESIAN_POINT('',(2.23,11.07,83.58));
#13485=CARTESIAN_POINT('',(2.23,11.07,84.98));
#13486=CARTESIAN_POINT('',(3.23,11.07,84.98));
#13487=CARTESIAN_POINT('',(3.23,11.07,84.98));
#13488=CARTESIAN_POINT('',(3.23,11.07,84.98));
#13489=CARTESIAN_POINT('',(3.23,11.07,83.58));
#13490=CARTESIAN_POINT('',(2.23,11.07,83.58));
#13491=CARTESIAN_POINT('',(2.23,11.07,83.523));
#13492=CARTESIAN_POINT('',(3.57,11.6,85.355));
#13493=CARTESIAN_POINT('',(3.57,11.6,85.355));
#13494=CARTESIAN_POINT('',(1.89,11.6,85.355));
#13495=CARTESIAN_POINT('',(3.57,11.6,85.355));
#13496=CARTESIAN_POINT('',(2.23,11.07,84.98));
#13497=CARTESIAN_POINT('',(1.847,11.6,85.355));
#13498=CARTESIAN_POINT('',(3.23,11.07,83.58));
#13499=CARTESIAN_POINT('',(3.57,11.6,83.205));
#13500=CARTESIAN_POINT('',(1.89,11.6,83.205));
#13501=CARTESIAN_POINT('',(1.89,11.6,83.205));
#13502=CARTESIAN_POINT('',(1.89,11.6,83.205));
#13503=CARTESIAN_POINT('',(1.847,11.07,83.58));
#13504=CARTESIAN_POINT('',(1.89,11.6,85.355));
#13505=CARTESIAN_POINT('',(1.89,11.6,83.01));
#13506=CARTESIAN_POINT('',(3.57,11.6,83.205));
#13507=CARTESIAN_POINT('',(3.23,11.07,83.01));
#13508=CARTESIAN_POINT('',(4.43,11.6,85.355));
#13509=CARTESIAN_POINT('',(4.43,11.6,85.355));
#13510=CARTESIAN_POINT('',(4.43,11.6,83.205));
#13511=CARTESIAN_POINT('',(4.77,11.07,84.98));
#13512=CARTESIAN_POINT('',(4.77,11.07,84.98));
#13513=CARTESIAN_POINT('',(4.77,11.07,83.58));
#13514=CARTESIAN_POINT('',(4.77,11.07,83.58));
#13515=CARTESIAN_POINT('',(4.43,11.6,83.205));
#13516=CARTESIAN_POINT('',(4.43,11.6,83.01));
#13517=CARTESIAN_POINT('',(6.11,11.6,85.355));
#13518=CARTESIAN_POINT('',(6.11,11.6,85.355));
#13519=CARTESIAN_POINT('',(6.11,11.6,85.355));
#13520=CARTESIAN_POINT('',(5.77,11.07,84.98));
#13521=CARTESIAN_POINT('',(5.77,11.07,84.98));
#13522=CARTESIAN_POINT('',(4.387,11.6,85.355));
#13523=CARTESIAN_POINT('',(5.77,11.07,84.98));
#13524=CARTESIAN_POINT('',(5.77,11.07,83.58));
#13525=CARTESIAN_POINT('',(4.77,11.07,83.58));
#13526=CARTESIAN_POINT('',(4.77,11.07,83.523));
#13527=CARTESIAN_POINT('',(5.77,11.07,83.58));
#13528=CARTESIAN_POINT('',(6.11,11.6,83.205));
#13529=CARTESIAN_POINT('',(4.43,11.6,83.205));
#13530=CARTESIAN_POINT('',(4.387,11.07,83.58));
#13531=CARTESIAN_POINT('',(6.11,11.6,83.205));
#13532=CARTESIAN_POINT('',(5.77,11.07,83.01));
#13533=CARTESIAN_POINT('',(2.23,11.07,81.04));
#13534=CARTESIAN_POINT('',(2.23,11.07,81.04));
#13535=CARTESIAN_POINT('',(2.23,11.07,82.44));
#13536=CARTESIAN_POINT('',(3.23,11.07,82.44));
#13537=CARTESIAN_POINT('',(3.23,11.07,82.44));
#13538=CARTESIAN_POINT('',(3.23,11.07,82.44));
#13539=CARTESIAN_POINT('',(3.23,11.07,81.04));
#13540=CARTESIAN_POINT('',(2.23,11.07,81.04));
#13541=CARTESIAN_POINT('',(2.23,11.07,80.983));
#13542=CARTESIAN_POINT('',(3.57,11.6,82.815));
#13543=CARTESIAN_POINT('',(3.57,11.6,82.815));
#13544=CARTESIAN_POINT('',(1.89,11.6,82.815));
#13545=CARTESIAN_POINT('',(3.57,11.6,82.815));
#13546=CARTESIAN_POINT('',(2.23,11.07,82.44));
#13547=CARTESIAN_POINT('',(1.847,11.6,82.815));
#13548=CARTESIAN_POINT('',(3.23,11.07,81.04));
#13549=CARTESIAN_POINT('',(3.57,11.6,80.665));
#13550=CARTESIAN_POINT('',(1.89,11.6,80.665));
#13551=CARTESIAN_POINT('',(1.89,11.6,80.665));
#13552=CARTESIAN_POINT('',(1.89,11.6,80.665));
#13553=CARTESIAN_POINT('',(1.847,11.07,81.04));
#13554=CARTESIAN_POINT('',(1.89,11.6,82.815));
#13555=CARTESIAN_POINT('',(1.89,11.6,80.47));
#13556=CARTESIAN_POINT('',(3.57,11.6,80.665));
#13557=CARTESIAN_POINT('',(3.23,11.07,80.47));
#13558=CARTESIAN_POINT('',(4.43,11.6,82.815));
#13559=CARTESIAN_POINT('',(4.43,11.6,82.815));
#13560=CARTESIAN_POINT('',(4.43,11.6,80.665));
#13561=CARTESIAN_POINT('',(4.77,11.07,82.44));
#13562=CARTESIAN_POINT('',(4.77,11.07,82.44));
#13563=CARTESIAN_POINT('',(4.77,11.07,81.04));
#13564=CARTESIAN_POINT('',(4.77,11.07,81.04));
#13565=CARTESIAN_POINT('',(4.43,11.6,80.665));
#13566=CARTESIAN_POINT('',(4.43,11.6,80.47));
#13567=CARTESIAN_POINT('',(6.11,11.6,82.815));
#13568=CARTESIAN_POINT('',(6.11,11.6,82.815));
#13569=CARTESIAN_POINT('',(6.11,11.6,82.815));
#13570=CARTESIAN_POINT('',(5.77,11.07,82.44));
#13571=CARTESIAN_POINT('',(5.77,11.07,82.44));
#13572=CARTESIAN_POINT('',(4.387,11.6,82.815));
#13573=CARTESIAN_POINT('',(5.77,11.07,82.44));
#13574=CARTESIAN_POINT('',(5.77,11.07,81.04));
#13575=CARTESIAN_POINT('',(4.77,11.07,81.04));
#13576=CARTESIAN_POINT('',(4.77,11.07,80.983));
#13577=CARTESIAN_POINT('',(5.77,11.07,81.04));
#13578=CARTESIAN_POINT('',(6.11,11.6,80.665));
#13579=CARTESIAN_POINT('',(4.43,11.6,80.665));
#13580=CARTESIAN_POINT('',(4.387,11.07,81.04));
#13581=CARTESIAN_POINT('',(6.11,11.6,80.665));
#13582=CARTESIAN_POINT('',(5.77,11.07,80.47));
#13583=CARTESIAN_POINT('',(2.23,11.07,78.5));
#13584=CARTESIAN_POINT('',(2.23,11.07,78.5));
#13585=CARTESIAN_POINT('',(2.23,11.07,79.9));
#13586=CARTESIAN_POINT('',(3.23,11.07,79.9));
#13587=CARTESIAN_POINT('',(3.23,11.07,79.9));
#13588=CARTESIAN_POINT('',(3.23,11.07,79.9));
#13589=CARTESIAN_POINT('',(3.23,11.07,78.5));
#13590=CARTESIAN_POINT('',(2.23,11.07,78.5));
#13591=CARTESIAN_POINT('',(2.23,11.07,78.443));
#13592=CARTESIAN_POINT('',(3.57,11.6,80.275));
#13593=CARTESIAN_POINT('',(3.57,11.6,80.275));
#13594=CARTESIAN_POINT('',(1.89,11.6,80.275));
#13595=CARTESIAN_POINT('',(3.57,11.6,80.275));
#13596=CARTESIAN_POINT('',(2.23,11.07,79.9));
#13597=CARTESIAN_POINT('',(1.847,11.6,80.275));
#13598=CARTESIAN_POINT('',(3.23,11.07,78.5));
#13599=CARTESIAN_POINT('',(3.57,11.6,78.125));
#13600=CARTESIAN_POINT('',(1.89,11.6,78.125));
#13601=CARTESIAN_POINT('',(1.89,11.6,78.125));
#13602=CARTESIAN_POINT('',(1.89,11.6,78.125));
#13603=CARTESIAN_POINT('',(1.847,11.07,78.5));
#13604=CARTESIAN_POINT('',(1.89,11.6,80.275));
#13605=CARTESIAN_POINT('',(1.89,11.6,77.93));
#13606=CARTESIAN_POINT('',(3.57,11.6,78.125));
#13607=CARTESIAN_POINT('',(3.23,11.07,77.93));
#13608=CARTESIAN_POINT('',(4.43,11.6,80.275));
#13609=CARTESIAN_POINT('',(4.43,11.6,80.275));
#13610=CARTESIAN_POINT('',(4.43,11.6,78.125));
#13611=CARTESIAN_POINT('',(4.77,11.07,79.9));
#13612=CARTESIAN_POINT('',(4.77,11.07,79.9));
#13613=CARTESIAN_POINT('',(4.77,11.07,78.5));
#13614=CARTESIAN_POINT('',(4.77,11.07,78.5));
#13615=CARTESIAN_POINT('',(4.43,11.6,78.125));
#13616=CARTESIAN_POINT('',(4.43,11.6,77.93));
#13617=CARTESIAN_POINT('',(6.11,11.6,80.275));
#13618=CARTESIAN_POINT('',(6.11,11.6,80.275));
#13619=CARTESIAN_POINT('',(6.11,11.6,80.275));
#13620=CARTESIAN_POINT('',(5.77,11.07,79.9));
#13621=CARTESIAN_POINT('',(5.77,11.07,79.9));
#13622=CARTESIAN_POINT('',(4.387,11.6,80.275));
#13623=CARTESIAN_POINT('',(5.77,11.07,79.9));
#13624=CARTESIAN_POINT('',(5.77,11.07,78.5));
#13625=CARTESIAN_POINT('',(4.77,11.07,78.5));
#13626=CARTESIAN_POINT('',(4.77,11.07,78.443));
#13627=CARTESIAN_POINT('',(5.77,11.07,78.5));
#13628=CARTESIAN_POINT('',(6.11,11.6,78.125));
#13629=CARTESIAN_POINT('',(4.43,11.6,78.125));
#13630=CARTESIAN_POINT('',(4.387,11.07,78.5));
#13631=CARTESIAN_POINT('',(6.11,11.6,78.125));
#13632=CARTESIAN_POINT('',(5.77,11.07,77.93));
#13633=CARTESIAN_POINT('',(2.23,11.07,75.96));
#13634=CARTESIAN_POINT('',(2.23,11.07,75.96));
#13635=CARTESIAN_POINT('',(2.23,11.07,77.36));
#13636=CARTESIAN_POINT('',(3.23,11.07,77.36));
#13637=CARTESIAN_POINT('',(3.23,11.07,77.36));
#13638=CARTESIAN_POINT('',(3.23,11.07,77.36));
#13639=CARTESIAN_POINT('',(3.23,11.07,75.96));
#13640=CARTESIAN_POINT('',(2.23,11.07,75.96));
#13641=CARTESIAN_POINT('',(2.23,11.07,75.903));
#13642=CARTESIAN_POINT('',(3.57,11.6,77.735));
#13643=CARTESIAN_POINT('',(3.57,11.6,77.735));
#13644=CARTESIAN_POINT('',(1.89,11.6,77.735));
#13645=CARTESIAN_POINT('',(3.57,11.6,77.735));
#13646=CARTESIAN_POINT('',(2.23,11.07,77.36));
#13647=CARTESIAN_POINT('',(1.847,11.6,77.735));
#13648=CARTESIAN_POINT('',(3.23,11.07,75.96));
#13649=CARTESIAN_POINT('',(3.57,11.6,75.585));
#13650=CARTESIAN_POINT('',(1.89,11.6,75.585));
#13651=CARTESIAN_POINT('',(1.89,11.6,75.585));
#13652=CARTESIAN_POINT('',(1.89,11.6,75.585));
#13653=CARTESIAN_POINT('',(1.847,11.07,75.96));
#13654=CARTESIAN_POINT('',(1.89,11.6,77.735));
#13655=CARTESIAN_POINT('',(1.89,11.6,75.39));
#13656=CARTESIAN_POINT('',(3.57,11.6,75.585));
#13657=CARTESIAN_POINT('',(3.23,11.07,75.39));
#13658=CARTESIAN_POINT('',(4.43,11.6,77.735));
#13659=CARTESIAN_POINT('',(4.43,11.6,77.735));
#13660=CARTESIAN_POINT('',(4.43,11.6,75.585));
#13661=CARTESIAN_POINT('',(4.77,11.07,77.36));
#13662=CARTESIAN_POINT('',(4.77,11.07,77.36));
#13663=CARTESIAN_POINT('',(4.77,11.07,75.96));
#13664=CARTESIAN_POINT('',(4.77,11.07,75.96));
#13665=CARTESIAN_POINT('',(4.43,11.6,75.585));
#13666=CARTESIAN_POINT('',(4.43,11.6,75.39));
#13667=CARTESIAN_POINT('',(6.11,11.6,77.735));
#13668=CARTESIAN_POINT('',(6.11,11.6,77.735));
#13669=CARTESIAN_POINT('',(6.11,11.6,77.735));
#13670=CARTESIAN_POINT('',(5.77,11.07,77.36));
#13671=CARTESIAN_POINT('',(5.77,11.07,77.36));
#13672=CARTESIAN_POINT('',(4.387,11.6,77.735));
#13673=CARTESIAN_POINT('',(5.77,11.07,77.36));
#13674=CARTESIAN_POINT('',(5.77,11.07,75.96));
#13675=CARTESIAN_POINT('',(4.77,11.07,75.96));
#13676=CARTESIAN_POINT('',(4.77,11.07,75.903));
#13677=CARTESIAN_POINT('',(5.77,11.07,75.96));
#13678=CARTESIAN_POINT('',(6.11,11.6,75.585));
#13679=CARTESIAN_POINT('',(4.43,11.6,75.585));
#13680=CARTESIAN_POINT('',(4.387,11.07,75.96));
#13681=CARTESIAN_POINT('',(6.11,11.6,75.585));
#13682=CARTESIAN_POINT('',(5.77,11.07,75.39));
#13683=CARTESIAN_POINT('',(2.23,11.07,73.42));
#13684=CARTESIAN_POINT('',(2.23,11.07,73.42));
#13685=CARTESIAN_POINT('',(2.23,11.07,74.82));
#13686=CARTESIAN_POINT('',(3.23,11.07,74.82));
#13687=CARTESIAN_POINT('',(3.23,11.07,74.82));
#13688=CARTESIAN_POINT('',(3.23,11.07,74.82));
#13689=CARTESIAN_POINT('',(3.23,11.07,73.42));
#13690=CARTESIAN_POINT('',(2.23,11.07,73.42));
#13691=CARTESIAN_POINT('',(2.23,11.07,73.363));
#13692=CARTESIAN_POINT('',(3.57,11.6,75.195));
#13693=CARTESIAN_POINT('',(3.57,11.6,75.195));
#13694=CARTESIAN_POINT('',(1.89,11.6,75.195));
#13695=CARTESIAN_POINT('',(3.57,11.6,75.195));
#13696=CARTESIAN_POINT('',(2.23,11.07,74.82));
#13697=CARTESIAN_POINT('',(1.847,11.6,75.195));
#13698=CARTESIAN_POINT('',(3.23,11.07,73.42));
#13699=CARTESIAN_POINT('',(3.57,11.6,73.045));
#13700=CARTESIAN_POINT('',(1.89,11.6,73.045));
#13701=CARTESIAN_POINT('',(1.89,11.6,73.045));
#13702=CARTESIAN_POINT('',(1.89,11.6,73.045));
#13703=CARTESIAN_POINT('',(1.847,11.07,73.42));
#13704=CARTESIAN_POINT('',(1.89,11.6,75.195));
#13705=CARTESIAN_POINT('',(1.89,11.6,72.85));
#13706=CARTESIAN_POINT('',(3.57,11.6,73.045));
#13707=CARTESIAN_POINT('',(3.23,11.07,72.85));
#13708=CARTESIAN_POINT('',(4.43,11.6,75.195));
#13709=CARTESIAN_POINT('',(4.43,11.6,75.195));
#13710=CARTESIAN_POINT('',(4.43,11.6,73.045));
#13711=CARTESIAN_POINT('',(4.77,11.07,74.82));
#13712=CARTESIAN_POINT('',(4.77,11.07,74.82));
#13713=CARTESIAN_POINT('',(4.77,11.07,73.42));
#13714=CARTESIAN_POINT('',(4.77,11.07,73.42));
#13715=CARTESIAN_POINT('',(4.43,11.6,73.045));
#13716=CARTESIAN_POINT('',(4.43,11.6,72.85));
#13717=CARTESIAN_POINT('',(6.11,11.6,75.195));
#13718=CARTESIAN_POINT('',(6.11,11.6,75.195));
#13719=CARTESIAN_POINT('',(6.11,11.6,75.195));
#13720=CARTESIAN_POINT('',(5.77,11.07,74.82));
#13721=CARTESIAN_POINT('',(5.77,11.07,74.82));
#13722=CARTESIAN_POINT('',(4.387,11.6,75.195));
#13723=CARTESIAN_POINT('',(5.77,11.07,74.82));
#13724=CARTESIAN_POINT('',(5.77,11.07,73.42));
#13725=CARTESIAN_POINT('',(4.77,11.07,73.42));
#13726=CARTESIAN_POINT('',(4.77,11.07,73.363));
#13727=CARTESIAN_POINT('',(5.77,11.07,73.42));
#13728=CARTESIAN_POINT('',(6.11,11.6,73.045));
#13729=CARTESIAN_POINT('',(4.43,11.6,73.045));
#13730=CARTESIAN_POINT('',(4.387,11.07,73.42));
#13731=CARTESIAN_POINT('',(6.11,11.6,73.045));
#13732=CARTESIAN_POINT('',(5.77,11.07,72.85));
#13733=CARTESIAN_POINT('',(2.23,11.07,70.88));
#13734=CARTESIAN_POINT('',(2.23,11.07,70.88));
#13735=CARTESIAN_POINT('',(2.23,11.07,72.28));
#13736=CARTESIAN_POINT('',(3.23,11.07,72.28));
#13737=CARTESIAN_POINT('',(3.23,11.07,72.28));
#13738=CARTESIAN_POINT('',(3.23,11.07,72.28));
#13739=CARTESIAN_POINT('',(3.23,11.07,70.88));
#13740=CARTESIAN_POINT('',(2.23,11.07,70.88));
#13741=CARTESIAN_POINT('',(2.23,11.07,70.823));
#13742=CARTESIAN_POINT('',(3.57,11.6,72.655));
#13743=CARTESIAN_POINT('',(3.57,11.6,72.655));
#13744=CARTESIAN_POINT('',(1.89,11.6,72.655));
#13745=CARTESIAN_POINT('',(3.57,11.6,72.655));
#13746=CARTESIAN_POINT('',(2.23,11.07,72.28));
#13747=CARTESIAN_POINT('',(1.847,11.6,72.655));
#13748=CARTESIAN_POINT('',(3.23,11.07,70.88));
#13749=CARTESIAN_POINT('',(3.57,11.6,70.505));
#13750=CARTESIAN_POINT('',(1.89,11.6,70.505));
#13751=CARTESIAN_POINT('',(1.89,11.6,70.505));
#13752=CARTESIAN_POINT('',(1.89,11.6,70.505));
#13753=CARTESIAN_POINT('',(1.847,11.07,70.88));
#13754=CARTESIAN_POINT('',(1.89,11.6,72.655));
#13755=CARTESIAN_POINT('',(1.89,11.6,70.31));
#13756=CARTESIAN_POINT('',(3.57,11.6,70.505));
#13757=CARTESIAN_POINT('',(3.23,11.07,70.31));
#13758=CARTESIAN_POINT('',(4.43,11.6,72.655));
#13759=CARTESIAN_POINT('',(4.43,11.6,72.655));
#13760=CARTESIAN_POINT('',(4.43,11.6,70.505));
#13761=CARTESIAN_POINT('',(4.77,11.07,72.28));
#13762=CARTESIAN_POINT('',(4.77,11.07,72.28));
#13763=CARTESIAN_POINT('',(4.77,11.07,70.88));
#13764=CARTESIAN_POINT('',(4.77,11.07,70.88));
#13765=CARTESIAN_POINT('',(4.43,11.6,70.505));
#13766=CARTESIAN_POINT('',(4.43,11.6,70.31));
#13767=CARTESIAN_POINT('',(6.11,11.6,72.655));
#13768=CARTESIAN_POINT('',(6.11,11.6,72.655));
#13769=CARTESIAN_POINT('',(6.11,11.6,72.655));
#13770=CARTESIAN_POINT('',(5.77,11.07,72.28));
#13771=CARTESIAN_POINT('',(5.77,11.07,72.28));
#13772=CARTESIAN_POINT('',(4.387,11.6,72.655));
#13773=CARTESIAN_POINT('',(5.77,11.07,72.28));
#13774=CARTESIAN_POINT('',(5.77,11.07,70.88));
#13775=CARTESIAN_POINT('',(4.77,11.07,70.88));
#13776=CARTESIAN_POINT('',(4.77,11.07,70.823));
#13777=CARTESIAN_POINT('',(5.77,11.07,70.88));
#13778=CARTESIAN_POINT('',(6.11,11.6,70.505));
#13779=CARTESIAN_POINT('',(4.43,11.6,70.505));
#13780=CARTESIAN_POINT('',(4.387,11.07,70.88));
#13781=CARTESIAN_POINT('',(6.11,11.6,70.505));
#13782=CARTESIAN_POINT('',(5.77,11.07,70.31));
#13783=CARTESIAN_POINT('',(2.23,11.07,68.34));
#13784=CARTESIAN_POINT('',(2.23,11.07,68.34));
#13785=CARTESIAN_POINT('',(2.23,11.07,69.74));
#13786=CARTESIAN_POINT('',(3.23,11.07,69.74));
#13787=CARTESIAN_POINT('',(3.23,11.07,69.74));
#13788=CARTESIAN_POINT('',(3.23,11.07,69.74));
#13789=CARTESIAN_POINT('',(3.23,11.07,68.34));
#13790=CARTESIAN_POINT('',(2.23,11.07,68.34));
#13791=CARTESIAN_POINT('',(2.23,11.07,68.283));
#13792=CARTESIAN_POINT('',(3.57,11.6,70.115));
#13793=CARTESIAN_POINT('',(3.57,11.6,70.115));
#13794=CARTESIAN_POINT('',(1.89,11.6,70.115));
#13795=CARTESIAN_POINT('',(3.57,11.6,70.115));
#13796=CARTESIAN_POINT('',(2.23,11.07,69.74));
#13797=CARTESIAN_POINT('',(1.847,11.6,70.115));
#13798=CARTESIAN_POINT('',(3.23,11.07,68.34));
#13799=CARTESIAN_POINT('',(3.57,11.6,67.965));
#13800=CARTESIAN_POINT('',(1.89,11.6,67.965));
#13801=CARTESIAN_POINT('',(1.89,11.6,67.965));
#13802=CARTESIAN_POINT('',(1.89,11.6,67.965));
#13803=CARTESIAN_POINT('',(1.847,11.07,68.34));
#13804=CARTESIAN_POINT('',(1.89,11.6,70.115));
#13805=CARTESIAN_POINT('',(1.89,11.6,67.77));
#13806=CARTESIAN_POINT('',(3.57,11.6,67.965));
#13807=CARTESIAN_POINT('',(3.23,11.07,67.77));
#13808=CARTESIAN_POINT('',(4.43,11.6,70.115));
#13809=CARTESIAN_POINT('',(4.43,11.6,70.115));
#13810=CARTESIAN_POINT('',(4.43,11.6,67.965));
#13811=CARTESIAN_POINT('',(4.77,11.07,69.74));
#13812=CARTESIAN_POINT('',(4.77,11.07,69.74));
#13813=CARTESIAN_POINT('',(4.77,11.07,68.34));
#13814=CARTESIAN_POINT('',(4.77,11.07,68.34));
#13815=CARTESIAN_POINT('',(4.43,11.6,67.965));
#13816=CARTESIAN_POINT('',(4.43,11.6,67.77));
#13817=CARTESIAN_POINT('',(6.11,11.6,70.115));
#13818=CARTESIAN_POINT('',(6.11,11.6,70.115));
#13819=CARTESIAN_POINT('',(6.11,11.6,70.115));
#13820=CARTESIAN_POINT('',(5.77,11.07,69.74));
#13821=CARTESIAN_POINT('',(5.77,11.07,69.74));
#13822=CARTESIAN_POINT('',(4.387,11.6,70.115));
#13823=CARTESIAN_POINT('',(5.77,11.07,69.74));
#13824=CARTESIAN_POINT('',(5.77,11.07,68.34));
#13825=CARTESIAN_POINT('',(4.77,11.07,68.34));
#13826=CARTESIAN_POINT('',(4.77,11.07,68.283));
#13827=CARTESIAN_POINT('',(5.77,11.07,68.34));
#13828=CARTESIAN_POINT('',(6.11,11.6,67.965));
#13829=CARTESIAN_POINT('',(4.43,11.6,67.965));
#13830=CARTESIAN_POINT('',(4.387,11.07,68.34));
#13831=CARTESIAN_POINT('',(6.11,11.6,67.965));
#13832=CARTESIAN_POINT('',(5.77,11.07,67.77));
#13833=CARTESIAN_POINT('',(2.23,11.07,65.8));
#13834=CARTESIAN_POINT('',(2.23,11.07,65.8));
#13835=CARTESIAN_POINT('',(2.23,11.07,67.2));
#13836=CARTESIAN_POINT('',(3.23,11.07,67.2));
#13837=CARTESIAN_POINT('',(3.23,11.07,67.2));
#13838=CARTESIAN_POINT('',(3.23,11.07,67.2));
#13839=CARTESIAN_POINT('',(3.23,11.07,65.8));
#13840=CARTESIAN_POINT('',(2.23,11.07,65.8));
#13841=CARTESIAN_POINT('',(2.23,11.07,65.743));
#13842=CARTESIAN_POINT('',(3.57,11.6,67.575));
#13843=CARTESIAN_POINT('',(3.57,11.6,67.575));
#13844=CARTESIAN_POINT('',(1.89,11.6,67.575));
#13845=CARTESIAN_POINT('',(3.57,11.6,67.575));
#13846=CARTESIAN_POINT('',(2.23,11.07,67.2));
#13847=CARTESIAN_POINT('',(1.847,11.6,67.575));
#13848=CARTESIAN_POINT('',(3.23,11.07,65.8));
#13849=CARTESIAN_POINT('',(3.57,11.6,65.425));
#13850=CARTESIAN_POINT('',(1.89,11.6,65.425));
#13851=CARTESIAN_POINT('',(1.89,11.6,65.425));
#13852=CARTESIAN_POINT('',(1.89,11.6,65.425));
#13853=CARTESIAN_POINT('',(1.847,11.07,65.8));
#13854=CARTESIAN_POINT('',(1.89,11.6,67.575));
#13855=CARTESIAN_POINT('',(1.89,11.6,65.23));
#13856=CARTESIAN_POINT('',(3.57,11.6,65.425));
#13857=CARTESIAN_POINT('',(3.23,11.07,65.23));
#13858=CARTESIAN_POINT('',(4.43,11.6,67.575));
#13859=CARTESIAN_POINT('',(4.43,11.6,67.575));
#13860=CARTESIAN_POINT('',(4.43,11.6,65.425));
#13861=CARTESIAN_POINT('',(4.77,11.07,67.2));
#13862=CARTESIAN_POINT('',(4.77,11.07,67.2));
#13863=CARTESIAN_POINT('',(4.77,11.07,65.8));
#13864=CARTESIAN_POINT('',(4.77,11.07,65.8));
#13865=CARTESIAN_POINT('',(4.43,11.6,65.425));
#13866=CARTESIAN_POINT('',(4.43,11.6,65.23));
#13867=CARTESIAN_POINT('',(6.11,11.6,67.575));
#13868=CARTESIAN_POINT('',(6.11,11.6,67.575));
#13869=CARTESIAN_POINT('',(6.11,11.6,67.575));
#13870=CARTESIAN_POINT('',(5.77,11.07,67.2));
#13871=CARTESIAN_POINT('',(5.77,11.07,67.2));
#13872=CARTESIAN_POINT('',(4.387,11.6,67.575));
#13873=CARTESIAN_POINT('',(5.77,11.07,67.2));
#13874=CARTESIAN_POINT('',(5.77,11.07,65.8));
#13875=CARTESIAN_POINT('',(4.77,11.07,65.8));
#13876=CARTESIAN_POINT('',(4.77,11.07,65.743));
#13877=CARTESIAN_POINT('',(5.77,11.07,65.8));
#13878=CARTESIAN_POINT('',(6.11,11.6,65.425));
#13879=CARTESIAN_POINT('',(4.43,11.6,65.425));
#13880=CARTESIAN_POINT('',(4.387,11.07,65.8));
#13881=CARTESIAN_POINT('',(6.11,11.6,65.425));
#13882=CARTESIAN_POINT('',(5.77,11.07,65.23));
#13883=CARTESIAN_POINT('',(2.23,11.07,63.26));
#13884=CARTESIAN_POINT('',(2.23,11.07,63.26));
#13885=CARTESIAN_POINT('',(2.23,11.07,64.66));
#13886=CARTESIAN_POINT('',(3.23,11.07,64.66));
#13887=CARTESIAN_POINT('',(3.23,11.07,64.66));
#13888=CARTESIAN_POINT('',(3.23,11.07,64.66));
#13889=CARTESIAN_POINT('',(3.23,11.07,63.26));
#13890=CARTESIAN_POINT('',(2.23,11.07,63.26));
#13891=CARTESIAN_POINT('',(2.23,11.07,63.203));
#13892=CARTESIAN_POINT('',(3.57,11.6,65.035));
#13893=CARTESIAN_POINT('',(3.57,11.6,65.035));
#13894=CARTESIAN_POINT('',(1.89,11.6,65.035));
#13895=CARTESIAN_POINT('',(3.57,11.6,65.035));
#13896=CARTESIAN_POINT('',(2.23,11.07,64.66));
#13897=CARTESIAN_POINT('',(1.847,11.6,65.035));
#13898=CARTESIAN_POINT('',(3.23,11.07,63.26));
#13899=CARTESIAN_POINT('',(3.57,11.6,62.885));
#13900=CARTESIAN_POINT('',(1.89,11.6,62.885));
#13901=CARTESIAN_POINT('',(1.89,11.6,62.885));
#13902=CARTESIAN_POINT('',(1.89,11.6,62.885));
#13903=CARTESIAN_POINT('',(1.847,11.07,63.26));
#13904=CARTESIAN_POINT('',(1.89,11.6,65.035));
#13905=CARTESIAN_POINT('',(1.89,11.6,62.69));
#13906=CARTESIAN_POINT('',(3.57,11.6,62.885));
#13907=CARTESIAN_POINT('',(3.23,11.07,62.69));
#13908=CARTESIAN_POINT('',(4.43,11.6,65.035));
#13909=CARTESIAN_POINT('',(4.43,11.6,65.035));
#13910=CARTESIAN_POINT('',(4.43,11.6,62.885));
#13911=CARTESIAN_POINT('',(4.77,11.07,64.66));
#13912=CARTESIAN_POINT('',(4.77,11.07,64.66));
#13913=CARTESIAN_POINT('',(4.77,11.07,63.26));
#13914=CARTESIAN_POINT('',(4.77,11.07,63.26));
#13915=CARTESIAN_POINT('',(4.43,11.6,62.885));
#13916=CARTESIAN_POINT('',(4.43,11.6,62.69));
#13917=CARTESIAN_POINT('',(6.11,11.6,65.035));
#13918=CARTESIAN_POINT('',(6.11,11.6,65.035));
#13919=CARTESIAN_POINT('',(6.11,11.6,65.035));
#13920=CARTESIAN_POINT('',(5.77,11.07,64.66));
#13921=CARTESIAN_POINT('',(5.77,11.07,64.66));
#13922=CARTESIAN_POINT('',(4.387,11.6,65.035));
#13923=CARTESIAN_POINT('',(5.77,11.07,64.66));
#13924=CARTESIAN_POINT('',(5.77,11.07,63.26));
#13925=CARTESIAN_POINT('',(4.77,11.07,63.26));
#13926=CARTESIAN_POINT('',(4.77,11.07,63.203));
#13927=CARTESIAN_POINT('',(5.77,11.07,63.26));
#13928=CARTESIAN_POINT('',(6.11,11.6,62.885));
#13929=CARTESIAN_POINT('',(4.43,11.6,62.885));
#13930=CARTESIAN_POINT('',(4.387,11.07,63.26));
#13931=CARTESIAN_POINT('',(6.11,11.6,62.885));
#13932=CARTESIAN_POINT('',(5.77,11.07,62.69));
#13933=CARTESIAN_POINT('',(2.23,11.07,60.72));
#13934=CARTESIAN_POINT('',(2.23,11.07,60.72));
#13935=CARTESIAN_POINT('',(2.23,11.07,62.12));
#13936=CARTESIAN_POINT('',(3.23,11.07,62.12));
#13937=CARTESIAN_POINT('',(3.23,11.07,62.12));
#13938=CARTESIAN_POINT('',(3.23,11.07,62.12));
#13939=CARTESIAN_POINT('',(3.23,11.07,60.72));
#13940=CARTESIAN_POINT('',(2.23,11.07,60.72));
#13941=CARTESIAN_POINT('',(2.23,11.07,60.663));
#13942=CARTESIAN_POINT('',(3.57,11.6,62.495));
#13943=CARTESIAN_POINT('',(3.57,11.6,62.495));
#13944=CARTESIAN_POINT('',(1.89,11.6,62.495));
#13945=CARTESIAN_POINT('',(3.57,11.6,62.495));
#13946=CARTESIAN_POINT('',(2.23,11.07,62.12));
#13947=CARTESIAN_POINT('',(1.847,11.6,62.495));
#13948=CARTESIAN_POINT('',(3.23,11.07,60.72));
#13949=CARTESIAN_POINT('',(3.57,11.6,60.345));
#13950=CARTESIAN_POINT('',(1.89,11.6,60.345));
#13951=CARTESIAN_POINT('',(1.89,11.6,60.345));
#13952=CARTESIAN_POINT('',(1.89,11.6,60.345));
#13953=CARTESIAN_POINT('',(1.847,11.07,60.72));
#13954=CARTESIAN_POINT('',(1.89,11.6,62.495));
#13955=CARTESIAN_POINT('',(1.89,11.6,60.15));
#13956=CARTESIAN_POINT('',(3.57,11.6,60.345));
#13957=CARTESIAN_POINT('',(3.23,11.07,60.15));
#13958=CARTESIAN_POINT('',(4.43,11.6,62.495));
#13959=CARTESIAN_POINT('',(4.43,11.6,62.495));
#13960=CARTESIAN_POINT('',(4.43,11.6,60.345));
#13961=CARTESIAN_POINT('',(4.77,11.07,62.12));
#13962=CARTESIAN_POINT('',(4.77,11.07,62.12));
#13963=CARTESIAN_POINT('',(4.77,11.07,60.72));
#13964=CARTESIAN_POINT('',(4.77,11.07,60.72));
#13965=CARTESIAN_POINT('',(4.43,11.6,60.345));
#13966=CARTESIAN_POINT('',(4.43,11.6,60.15));
#13967=CARTESIAN_POINT('',(6.11,11.6,62.495));
#13968=CARTESIAN_POINT('',(6.11,11.6,62.495));
#13969=CARTESIAN_POINT('',(6.11,11.6,62.495));
#13970=CARTESIAN_POINT('',(5.77,11.07,62.12));
#13971=CARTESIAN_POINT('',(5.77,11.07,62.12));
#13972=CARTESIAN_POINT('',(4.387,11.6,62.495));
#13973=CARTESIAN_POINT('',(5.77,11.07,62.12));
#13974=CARTESIAN_POINT('',(5.77,11.07,60.72));
#13975=CARTESIAN_POINT('',(4.77,11.07,60.72));
#13976=CARTESIAN_POINT('',(4.77,11.07,60.663));
#13977=CARTESIAN_POINT('',(5.77,11.07,60.72));
#13978=CARTESIAN_POINT('',(6.11,11.6,60.345));
#13979=CARTESIAN_POINT('',(4.43,11.6,60.345));
#13980=CARTESIAN_POINT('',(4.387,11.07,60.72));
#13981=CARTESIAN_POINT('',(6.11,11.6,60.345));
#13982=CARTESIAN_POINT('',(5.77,11.07,60.15));
#13983=CARTESIAN_POINT('',(2.23,11.07,58.18));
#13984=CARTESIAN_POINT('',(2.23,11.07,58.18));
#13985=CARTESIAN_POINT('',(2.23,11.07,59.58));
#13986=CARTESIAN_POINT('',(3.23,11.07,59.58));
#13987=CARTESIAN_POINT('',(3.23,11.07,59.58));
#13988=CARTESIAN_POINT('',(3.23,11.07,59.58));
#13989=CARTESIAN_POINT('',(3.23,11.07,58.18));
#13990=CARTESIAN_POINT('',(2.23,11.07,58.18));
#13991=CARTESIAN_POINT('',(2.23,11.07,58.123));
#13992=CARTESIAN_POINT('',(3.57,11.6,59.955));
#13993=CARTESIAN_POINT('',(3.57,11.6,59.955));
#13994=CARTESIAN_POINT('',(1.89,11.6,59.955));
#13995=CARTESIAN_POINT('',(3.57,11.6,59.955));
#13996=CARTESIAN_POINT('',(2.23,11.07,59.58));
#13997=CARTESIAN_POINT('',(1.847,11.6,59.955));
#13998=CARTESIAN_POINT('',(3.23,11.07,58.18));
#13999=CARTESIAN_POINT('',(3.57,11.6,57.805));
#14000=CARTESIAN_POINT('',(1.89,11.6,57.805));
#14001=CARTESIAN_POINT('',(1.89,11.6,57.805));
#14002=CARTESIAN_POINT('',(1.89,11.6,57.805));
#14003=CARTESIAN_POINT('',(1.847,11.07,58.18));
#14004=CARTESIAN_POINT('',(1.89,11.6,59.955));
#14005=CARTESIAN_POINT('',(1.89,11.6,57.61));
#14006=CARTESIAN_POINT('',(3.57,11.6,57.805));
#14007=CARTESIAN_POINT('',(3.23,11.07,57.61));
#14008=CARTESIAN_POINT('',(4.43,11.6,59.955));
#14009=CARTESIAN_POINT('',(4.43,11.6,59.955));
#14010=CARTESIAN_POINT('',(4.43,11.6,57.805));
#14011=CARTESIAN_POINT('',(4.77,11.07,59.58));
#14012=CARTESIAN_POINT('',(4.77,11.07,59.58));
#14013=CARTESIAN_POINT('',(4.77,11.07,58.18));
#14014=CARTESIAN_POINT('',(4.77,11.07,58.18));
#14015=CARTESIAN_POINT('',(4.43,11.6,57.805));
#14016=CARTESIAN_POINT('',(4.43,11.6,57.61));
#14017=CARTESIAN_POINT('',(6.11,11.6,59.955));
#14018=CARTESIAN_POINT('',(6.11,11.6,59.955));
#14019=CARTESIAN_POINT('',(6.11,11.6,59.955));
#14020=CARTESIAN_POINT('',(5.77,11.07,59.58));
#14021=CARTESIAN_POINT('',(5.77,11.07,59.58));
#14022=CARTESIAN_POINT('',(4.387,11.6,59.955));
#14023=CARTESIAN_POINT('',(5.77,11.07,59.58));
#14024=CARTESIAN_POINT('',(5.77,11.07,58.18));
#14025=CARTESIAN_POINT('',(4.77,11.07,58.18));
#14026=CARTESIAN_POINT('',(4.77,11.07,58.123));
#14027=CARTESIAN_POINT('',(5.77,11.07,58.18));
#14028=CARTESIAN_POINT('',(6.11,11.6,57.805));
#14029=CARTESIAN_POINT('',(4.43,11.6,57.805));
#14030=CARTESIAN_POINT('',(4.387,11.07,58.18));
#14031=CARTESIAN_POINT('',(6.11,11.6,57.805));
#14032=CARTESIAN_POINT('',(5.77,11.07,57.61));
#14033=CARTESIAN_POINT('',(2.23,11.07,55.64));
#14034=CARTESIAN_POINT('',(2.23,11.07,55.64));
#14035=CARTESIAN_POINT('',(2.23,11.07,57.04));
#14036=CARTESIAN_POINT('',(3.23,11.07,57.04));
#14037=CARTESIAN_POINT('',(3.23,11.07,57.04));
#14038=CARTESIAN_POINT('',(3.23,11.07,57.04));
#14039=CARTESIAN_POINT('',(3.23,11.07,55.64));
#14040=CARTESIAN_POINT('',(2.23,11.07,55.64));
#14041=CARTESIAN_POINT('',(2.23,11.07,55.583));
#14042=CARTESIAN_POINT('',(3.57,11.6,57.415));
#14043=CARTESIAN_POINT('',(3.57,11.6,57.415));
#14044=CARTESIAN_POINT('',(1.89,11.6,57.415));
#14045=CARTESIAN_POINT('',(3.57,11.6,57.415));
#14046=CARTESIAN_POINT('',(2.23,11.07,57.04));
#14047=CARTESIAN_POINT('',(1.847,11.6,57.415));
#14048=CARTESIAN_POINT('',(3.23,11.07,55.64));
#14049=CARTESIAN_POINT('',(3.57,11.6,55.265));
#14050=CARTESIAN_POINT('',(1.89,11.6,55.265));
#14051=CARTESIAN_POINT('',(1.89,11.6,55.265));
#14052=CARTESIAN_POINT('',(1.89,11.6,55.265));
#14053=CARTESIAN_POINT('',(1.847,11.07,55.64));
#14054=CARTESIAN_POINT('',(1.89,11.6,57.415));
#14055=CARTESIAN_POINT('',(1.89,11.6,55.07));
#14056=CARTESIAN_POINT('',(3.57,11.6,55.265));
#14057=CARTESIAN_POINT('',(3.23,11.07,55.07));
#14058=CARTESIAN_POINT('',(4.43,11.6,57.415));
#14059=CARTESIAN_POINT('',(4.43,11.6,57.415));
#14060=CARTESIAN_POINT('',(4.43,11.6,55.265));
#14061=CARTESIAN_POINT('',(4.77,11.07,57.04));
#14062=CARTESIAN_POINT('',(4.77,11.07,57.04));
#14063=CARTESIAN_POINT('',(4.77,11.07,55.64));
#14064=CARTESIAN_POINT('',(4.77,11.07,55.64));
#14065=CARTESIAN_POINT('',(4.43,11.6,55.265));
#14066=CARTESIAN_POINT('',(4.43,11.6,55.07));
#14067=CARTESIAN_POINT('',(6.11,11.6,57.415));
#14068=CARTESIAN_POINT('',(6.11,11.6,57.415));
#14069=CARTESIAN_POINT('',(6.11,11.6,57.415));
#14070=CARTESIAN_POINT('',(5.77,11.07,57.04));
#14071=CARTESIAN_POINT('',(5.77,11.07,57.04));
#14072=CARTESIAN_POINT('',(4.387,11.6,57.415));
#14073=CARTESIAN_POINT('',(5.77,11.07,57.04));
#14074=CARTESIAN_POINT('',(5.77,11.07,55.64));
#14075=CARTESIAN_POINT('',(4.77,11.07,55.64));
#14076=CARTESIAN_POINT('',(4.77,11.07,55.583));
#14077=CARTESIAN_POINT('',(5.77,11.07,55.64));
#14078=CARTESIAN_POINT('',(6.11,11.6,55.265));
#14079=CARTESIAN_POINT('',(4.43,11.6,55.265));
#14080=CARTESIAN_POINT('',(4.387,11.07,55.64));
#14081=CARTESIAN_POINT('',(6.11,11.6,55.265));
#14082=CARTESIAN_POINT('',(5.77,11.07,55.07));
#14083=CARTESIAN_POINT('',(2.23,11.07,53.1));
#14084=CARTESIAN_POINT('',(2.23,11.07,53.1));
#14085=CARTESIAN_POINT('',(2.23,11.07,54.5));
#14086=CARTESIAN_POINT('',(3.23,11.07,54.5));
#14087=CARTESIAN_POINT('',(3.23,11.07,54.5));
#14088=CARTESIAN_POINT('',(3.23,11.07,54.5));
#14089=CARTESIAN_POINT('',(3.23,11.07,53.1));
#14090=CARTESIAN_POINT('',(2.23,11.07,53.1));
#14091=CARTESIAN_POINT('',(2.23,11.07,53.043));
#14092=CARTESIAN_POINT('',(3.57,11.6,54.875));
#14093=CARTESIAN_POINT('',(3.57,11.6,54.875));
#14094=CARTESIAN_POINT('',(1.89,11.6,54.875));
#14095=CARTESIAN_POINT('',(3.57,11.6,54.875));
#14096=CARTESIAN_POINT('',(2.23,11.07,54.5));
#14097=CARTESIAN_POINT('',(1.847,11.6,54.875));
#14098=CARTESIAN_POINT('',(3.23,11.07,53.1));
#14099=CARTESIAN_POINT('',(3.57,11.6,52.725));
#14100=CARTESIAN_POINT('',(1.89,11.6,52.725));
#14101=CARTESIAN_POINT('',(1.89,11.6,52.725));
#14102=CARTESIAN_POINT('',(1.89,11.6,52.725));
#14103=CARTESIAN_POINT('',(1.847,11.07,53.1));
#14104=CARTESIAN_POINT('',(1.89,11.6,54.875));
#14105=CARTESIAN_POINT('',(1.89,11.6,52.53));
#14106=CARTESIAN_POINT('',(3.57,11.6,52.725));
#14107=CARTESIAN_POINT('',(3.23,11.07,52.53));
#14108=CARTESIAN_POINT('',(4.43,11.6,54.875));
#14109=CARTESIAN_POINT('',(4.43,11.6,54.875));
#14110=CARTESIAN_POINT('',(4.43,11.6,52.725));
#14111=CARTESIAN_POINT('',(4.77,11.07,54.5));
#14112=CARTESIAN_POINT('',(4.77,11.07,54.5));
#14113=CARTESIAN_POINT('',(4.77,11.07,53.1));
#14114=CARTESIAN_POINT('',(4.77,11.07,53.1));
#14115=CARTESIAN_POINT('',(4.43,11.6,52.725));
#14116=CARTESIAN_POINT('',(4.43,11.6,52.53));
#14117=CARTESIAN_POINT('',(6.11,11.6,54.875));
#14118=CARTESIAN_POINT('',(6.11,11.6,54.875));
#14119=CARTESIAN_POINT('',(6.11,11.6,54.875));
#14120=CARTESIAN_POINT('',(5.77,11.07,54.5));
#14121=CARTESIAN_POINT('',(5.77,11.07,54.5));
#14122=CARTESIAN_POINT('',(4.387,11.6,54.875));
#14123=CARTESIAN_POINT('',(5.77,11.07,54.5));
#14124=CARTESIAN_POINT('',(5.77,11.07,53.1));
#14125=CARTESIAN_POINT('',(4.77,11.07,53.1));
#14126=CARTESIAN_POINT('',(4.77,11.07,53.043));
#14127=CARTESIAN_POINT('',(5.77,11.07,53.1));
#14128=CARTESIAN_POINT('',(6.11,11.6,52.725));
#14129=CARTESIAN_POINT('',(4.43,11.6,52.725));
#14130=CARTESIAN_POINT('',(4.387,11.07,53.1));
#14131=CARTESIAN_POINT('',(6.11,11.6,52.725));
#14132=CARTESIAN_POINT('',(5.77,11.07,52.53));
#14133=CARTESIAN_POINT('',(2.23,11.07,50.56));
#14134=CARTESIAN_POINT('',(2.23,11.07,50.56));
#14135=CARTESIAN_POINT('',(2.23,11.07,51.96));
#14136=CARTESIAN_POINT('',(3.23,11.07,51.96));
#14137=CARTESIAN_POINT('',(3.23,11.07,51.96));
#14138=CARTESIAN_POINT('',(3.23,11.07,51.96));
#14139=CARTESIAN_POINT('',(3.23,11.07,50.56));
#14140=CARTESIAN_POINT('',(2.23,11.07,50.56));
#14141=CARTESIAN_POINT('',(2.23,11.07,50.503));
#14142=CARTESIAN_POINT('',(3.57,11.6,52.335));
#14143=CARTESIAN_POINT('',(3.57,11.6,52.335));
#14144=CARTESIAN_POINT('',(1.89,11.6,52.335));
#14145=CARTESIAN_POINT('',(3.57,11.6,52.335));
#14146=CARTESIAN_POINT('',(2.23,11.07,51.96));
#14147=CARTESIAN_POINT('',(1.847,11.6,52.335));
#14148=CARTESIAN_POINT('',(3.23,11.07,50.56));
#14149=CARTESIAN_POINT('',(3.57,11.6,50.185));
#14150=CARTESIAN_POINT('',(1.89,11.6,50.185));
#14151=CARTESIAN_POINT('',(1.89,11.6,50.185));
#14152=CARTESIAN_POINT('',(1.89,11.6,50.185));
#14153=CARTESIAN_POINT('',(1.847,11.07,50.56));
#14154=CARTESIAN_POINT('',(1.89,11.6,52.335));
#14155=CARTESIAN_POINT('',(1.89,11.6,49.99));
#14156=CARTESIAN_POINT('',(3.57,11.6,50.185));
#14157=CARTESIAN_POINT('',(3.23,11.07,49.99));
#14158=CARTESIAN_POINT('',(4.43,11.6,52.335));
#14159=CARTESIAN_POINT('',(4.43,11.6,52.335));
#14160=CARTESIAN_POINT('',(4.43,11.6,50.185));
#14161=CARTESIAN_POINT('',(4.77,11.07,51.96));
#14162=CARTESIAN_POINT('',(4.77,11.07,51.96));
#14163=CARTESIAN_POINT('',(4.77,11.07,50.56));
#14164=CARTESIAN_POINT('',(4.77,11.07,50.56));
#14165=CARTESIAN_POINT('',(4.43,11.6,50.185));
#14166=CARTESIAN_POINT('',(4.43,11.6,49.99));
#14167=CARTESIAN_POINT('',(6.11,11.6,52.335));
#14168=CARTESIAN_POINT('',(6.11,11.6,52.335));
#14169=CARTESIAN_POINT('',(6.11,11.6,52.335));
#14170=CARTESIAN_POINT('',(5.77,11.07,51.96));
#14171=CARTESIAN_POINT('',(5.77,11.07,51.96));
#14172=CARTESIAN_POINT('',(4.387,11.6,52.335));
#14173=CARTESIAN_POINT('',(5.77,11.07,51.96));
#14174=CARTESIAN_POINT('',(5.77,11.07,50.56));
#14175=CARTESIAN_POINT('',(4.77,11.07,50.56));
#14176=CARTESIAN_POINT('',(4.77,11.07,50.503));
#14177=CARTESIAN_POINT('',(5.77,11.07,50.56));
#14178=CARTESIAN_POINT('',(6.11,11.6,50.185));
#14179=CARTESIAN_POINT('',(4.43,11.6,50.185));
#14180=CARTESIAN_POINT('',(4.387,11.07,50.56));
#14181=CARTESIAN_POINT('',(6.11,11.6,50.185));
#14182=CARTESIAN_POINT('',(5.77,11.07,49.99));
#14183=CARTESIAN_POINT('',(2.23,11.07,48.02));
#14184=CARTESIAN_POINT('',(2.23,11.07,48.02));
#14185=CARTESIAN_POINT('',(2.23,11.07,49.42));
#14186=CARTESIAN_POINT('',(3.23,11.07,49.42));
#14187=CARTESIAN_POINT('',(3.23,11.07,49.42));
#14188=CARTESIAN_POINT('',(3.23,11.07,49.42));
#14189=CARTESIAN_POINT('',(3.23,11.07,48.02));
#14190=CARTESIAN_POINT('',(2.23,11.07,48.02));
#14191=CARTESIAN_POINT('',(2.23,11.07,47.963));
#14192=CARTESIAN_POINT('',(3.57,11.6,49.795));
#14193=CARTESIAN_POINT('',(3.57,11.6,49.795));
#14194=CARTESIAN_POINT('',(1.89,11.6,49.795));
#14195=CARTESIAN_POINT('',(3.57,11.6,49.795));
#14196=CARTESIAN_POINT('',(2.23,11.07,49.42));
#14197=CARTESIAN_POINT('',(1.847,11.6,49.795));
#14198=CARTESIAN_POINT('',(3.23,11.07,48.02));
#14199=CARTESIAN_POINT('',(3.57,11.6,47.645));
#14200=CARTESIAN_POINT('',(1.89,11.6,47.645));
#14201=CARTESIAN_POINT('',(1.89,11.6,47.645));
#14202=CARTESIAN_POINT('',(1.89,11.6,47.645));
#14203=CARTESIAN_POINT('',(1.847,11.07,48.02));
#14204=CARTESIAN_POINT('',(1.89,11.6,49.795));
#14205=CARTESIAN_POINT('',(1.89,11.6,47.45));
#14206=CARTESIAN_POINT('',(3.57,11.6,47.645));
#14207=CARTESIAN_POINT('',(3.23,11.07,47.45));
#14208=CARTESIAN_POINT('',(4.43,11.6,49.795));
#14209=CARTESIAN_POINT('',(4.43,11.6,49.795));
#14210=CARTESIAN_POINT('',(4.43,11.6,47.645));
#14211=CARTESIAN_POINT('',(4.77,11.07,49.42));
#14212=CARTESIAN_POINT('',(4.77,11.07,49.42));
#14213=CARTESIAN_POINT('',(4.77,11.07,48.02));
#14214=CARTESIAN_POINT('',(4.77,11.07,48.02));
#14215=CARTESIAN_POINT('',(4.43,11.6,47.645));
#14216=CARTESIAN_POINT('',(4.43,11.6,47.45));
#14217=CARTESIAN_POINT('',(6.11,11.6,49.795));
#14218=CARTESIAN_POINT('',(6.11,11.6,49.795));
#14219=CARTESIAN_POINT('',(6.11,11.6,49.795));
#14220=CARTESIAN_POINT('',(5.77,11.07,49.42));
#14221=CARTESIAN_POINT('',(5.77,11.07,49.42));
#14222=CARTESIAN_POINT('',(4.387,11.6,49.795));
#14223=CARTESIAN_POINT('',(5.77,11.07,49.42));
#14224=CARTESIAN_POINT('',(5.77,11.07,48.02));
#14225=CARTESIAN_POINT('',(4.77,11.07,48.02));
#14226=CARTESIAN_POINT('',(4.77,11.07,47.963));
#14227=CARTESIAN_POINT('',(5.77,11.07,48.02));
#14228=CARTESIAN_POINT('',(6.11,11.6,47.645));
#14229=CARTESIAN_POINT('',(4.43,11.6,47.645));
#14230=CARTESIAN_POINT('',(4.387,11.07,48.02));
#14231=CARTESIAN_POINT('',(6.11,11.6,47.645));
#14232=CARTESIAN_POINT('',(5.77,11.07,47.45));
#14233=CARTESIAN_POINT('',(2.23,11.07,45.48));
#14234=CARTESIAN_POINT('',(2.23,11.07,45.48));
#14235=CARTESIAN_POINT('',(2.23,11.07,46.88));
#14236=CARTESIAN_POINT('',(3.23,11.07,46.88));
#14237=CARTESIAN_POINT('',(3.23,11.07,46.88));
#14238=CARTESIAN_POINT('',(3.23,11.07,46.88));
#14239=CARTESIAN_POINT('',(3.23,11.07,45.48));
#14240=CARTESIAN_POINT('',(2.23,11.07,45.48));
#14241=CARTESIAN_POINT('',(2.23,11.07,45.423));
#14242=CARTESIAN_POINT('',(3.57,11.6,47.255));
#14243=CARTESIAN_POINT('',(3.57,11.6,47.255));
#14244=CARTESIAN_POINT('',(1.89,11.6,47.255));
#14245=CARTESIAN_POINT('',(3.57,11.6,47.255));
#14246=CARTESIAN_POINT('',(2.23,11.07,46.88));
#14247=CARTESIAN_POINT('',(1.847,11.6,47.255));
#14248=CARTESIAN_POINT('',(3.23,11.07,45.48));
#14249=CARTESIAN_POINT('',(3.57,11.6,45.105));
#14250=CARTESIAN_POINT('',(1.89,11.6,45.105));
#14251=CARTESIAN_POINT('',(1.89,11.6,45.105));
#14252=CARTESIAN_POINT('',(1.89,11.6,45.105));
#14253=CARTESIAN_POINT('',(1.847,11.07,45.48));
#14254=CARTESIAN_POINT('',(1.89,11.6,47.255));
#14255=CARTESIAN_POINT('',(1.89,11.6,44.91));
#14256=CARTESIAN_POINT('',(3.57,11.6,45.105));
#14257=CARTESIAN_POINT('',(3.23,11.07,44.91));
#14258=CARTESIAN_POINT('',(4.43,11.6,47.255));
#14259=CARTESIAN_POINT('',(4.43,11.6,47.255));
#14260=CARTESIAN_POINT('',(4.43,11.6,45.105));
#14261=CARTESIAN_POINT('',(4.77,11.07,46.88));
#14262=CARTESIAN_POINT('',(4.77,11.07,46.88));
#14263=CARTESIAN_POINT('',(4.77,11.07,45.48));
#14264=CARTESIAN_POINT('',(4.77,11.07,45.48));
#14265=CARTESIAN_POINT('',(4.43,11.6,45.105));
#14266=CARTESIAN_POINT('',(4.43,11.6,44.91));
#14267=CARTESIAN_POINT('',(6.11,11.6,47.255));
#14268=CARTESIAN_POINT('',(6.11,11.6,47.255));
#14269=CARTESIAN_POINT('',(6.11,11.6,47.255));
#14270=CARTESIAN_POINT('',(5.77,11.07,46.88));
#14271=CARTESIAN_POINT('',(5.77,11.07,46.88));
#14272=CARTESIAN_POINT('',(4.387,11.6,47.255));
#14273=CARTESIAN_POINT('',(5.77,11.07,46.88));
#14274=CARTESIAN_POINT('',(5.77,11.07,45.48));
#14275=CARTESIAN_POINT('',(4.77,11.07,45.48));
#14276=CARTESIAN_POINT('',(4.77,11.07,45.423));
#14277=CARTESIAN_POINT('',(5.77,11.07,45.48));
#14278=CARTESIAN_POINT('',(6.11,11.6,45.105));
#14279=CARTESIAN_POINT('',(4.43,11.6,45.105));
#14280=CARTESIAN_POINT('',(4.387,11.07,45.48));
#14281=CARTESIAN_POINT('',(6.11,11.6,45.105));
#14282=CARTESIAN_POINT('',(5.77,11.07,44.91));
#14283=CARTESIAN_POINT('',(2.23,11.07,42.94));
#14284=CARTESIAN_POINT('',(2.23,11.07,42.94));
#14285=CARTESIAN_POINT('',(2.23,11.07,44.34));
#14286=CARTESIAN_POINT('',(3.23,11.07,44.34));
#14287=CARTESIAN_POINT('',(3.23,11.07,44.34));
#14288=CARTESIAN_POINT('',(3.23,11.07,44.34));
#14289=CARTESIAN_POINT('',(3.23,11.07,42.94));
#14290=CARTESIAN_POINT('',(2.23,11.07,42.94));
#14291=CARTESIAN_POINT('',(2.23,11.07,42.883));
#14292=CARTESIAN_POINT('',(3.57,11.6,44.715));
#14293=CARTESIAN_POINT('',(3.57,11.6,44.715));
#14294=CARTESIAN_POINT('',(1.89,11.6,44.715));
#14295=CARTESIAN_POINT('',(3.57,11.6,44.715));
#14296=CARTESIAN_POINT('',(2.23,11.07,44.34));
#14297=CARTESIAN_POINT('',(1.847,11.6,44.715));
#14298=CARTESIAN_POINT('',(3.23,11.07,42.94));
#14299=CARTESIAN_POINT('',(3.57,11.6,42.565));
#14300=CARTESIAN_POINT('',(1.89,11.6,42.565));
#14301=CARTESIAN_POINT('',(1.89,11.6,42.565));
#14302=CARTESIAN_POINT('',(1.89,11.6,42.565));
#14303=CARTESIAN_POINT('',(1.847,11.07,42.94));
#14304=CARTESIAN_POINT('',(1.89,11.6,44.715));
#14305=CARTESIAN_POINT('',(1.89,11.6,42.37));
#14306=CARTESIAN_POINT('',(3.57,11.6,42.565));
#14307=CARTESIAN_POINT('',(3.23,11.07,42.37));
#14308=CARTESIAN_POINT('',(4.43,11.6,44.715));
#14309=CARTESIAN_POINT('',(4.43,11.6,44.715));
#14310=CARTESIAN_POINT('',(4.43,11.6,42.565));
#14311=CARTESIAN_POINT('',(4.77,11.07,44.34));
#14312=CARTESIAN_POINT('',(4.77,11.07,44.34));
#14313=CARTESIAN_POINT('',(4.77,11.07,42.94));
#14314=CARTESIAN_POINT('',(4.77,11.07,42.94));
#14315=CARTESIAN_POINT('',(4.43,11.6,42.565));
#14316=CARTESIAN_POINT('',(4.43,11.6,42.37));
#14317=CARTESIAN_POINT('',(6.11,11.6,44.715));
#14318=CARTESIAN_POINT('',(6.11,11.6,44.715));
#14319=CARTESIAN_POINT('',(6.11,11.6,44.715));
#14320=CARTESIAN_POINT('',(5.77,11.07,44.34));
#14321=CARTESIAN_POINT('',(5.77,11.07,44.34));
#14322=CARTESIAN_POINT('',(4.387,11.6,44.715));
#14323=CARTESIAN_POINT('',(5.77,11.07,44.34));
#14324=CARTESIAN_POINT('',(5.77,11.07,42.94));
#14325=CARTESIAN_POINT('',(4.77,11.07,42.94));
#14326=CARTESIAN_POINT('',(4.77,11.07,42.883));
#14327=CARTESIAN_POINT('',(5.77,11.07,42.94));
#14328=CARTESIAN_POINT('',(6.11,11.6,42.565));
#14329=CARTESIAN_POINT('',(4.43,11.6,42.565));
#14330=CARTESIAN_POINT('',(4.387,11.07,42.94));
#14331=CARTESIAN_POINT('',(6.11,11.6,42.565));
#14332=CARTESIAN_POINT('',(5.77,11.07,42.37));
#14333=CARTESIAN_POINT('',(2.23,11.07,40.4));
#14334=CARTESIAN_POINT('',(2.23,11.07,40.4));
#14335=CARTESIAN_POINT('',(2.23,11.07,41.8));
#14336=CARTESIAN_POINT('',(3.23,11.07,41.8));
#14337=CARTESIAN_POINT('',(3.23,11.07,41.8));
#14338=CARTESIAN_POINT('',(3.23,11.07,41.8));
#14339=CARTESIAN_POINT('',(3.23,11.07,40.4));
#14340=CARTESIAN_POINT('',(2.23,11.07,40.4));
#14341=CARTESIAN_POINT('',(2.23,11.07,40.343));
#14342=CARTESIAN_POINT('',(3.57,11.6,42.175));
#14343=CARTESIAN_POINT('',(3.57,11.6,42.175));
#14344=CARTESIAN_POINT('',(1.89,11.6,42.175));
#14345=CARTESIAN_POINT('',(3.57,11.6,42.175));
#14346=CARTESIAN_POINT('',(2.23,11.07,41.8));
#14347=CARTESIAN_POINT('',(1.847,11.6,42.175));
#14348=CARTESIAN_POINT('',(3.23,11.07,40.4));
#14349=CARTESIAN_POINT('',(3.57,11.6,40.025));
#14350=CARTESIAN_POINT('',(1.89,11.6,40.025));
#14351=CARTESIAN_POINT('',(1.89,11.6,40.025));
#14352=CARTESIAN_POINT('',(1.89,11.6,40.025));
#14353=CARTESIAN_POINT('',(1.847,11.07,40.4));
#14354=CARTESIAN_POINT('',(1.89,11.6,42.175));
#14355=CARTESIAN_POINT('',(1.89,11.6,39.83));
#14356=CARTESIAN_POINT('',(3.57,11.6,40.025));
#14357=CARTESIAN_POINT('',(3.23,11.07,39.83));
#14358=CARTESIAN_POINT('',(4.43,11.6,42.175));
#14359=CARTESIAN_POINT('',(4.43,11.6,42.175));
#14360=CARTESIAN_POINT('',(4.43,11.6,40.025));
#14361=CARTESIAN_POINT('',(4.77,11.07,41.8));
#14362=CARTESIAN_POINT('',(4.77,11.07,41.8));
#14363=CARTESIAN_POINT('',(4.77,11.07,40.4));
#14364=CARTESIAN_POINT('',(4.77,11.07,40.4));
#14365=CARTESIAN_POINT('',(4.43,11.6,40.025));
#14366=CARTESIAN_POINT('',(4.43,11.6,39.83));
#14367=CARTESIAN_POINT('',(6.11,11.6,42.175));
#14368=CARTESIAN_POINT('',(6.11,11.6,42.175));
#14369=CARTESIAN_POINT('',(6.11,11.6,42.175));
#14370=CARTESIAN_POINT('',(5.77,11.07,41.8));
#14371=CARTESIAN_POINT('',(5.77,11.07,41.8));
#14372=CARTESIAN_POINT('',(4.387,11.6,42.175));
#14373=CARTESIAN_POINT('',(5.77,11.07,41.8));
#14374=CARTESIAN_POINT('',(5.77,11.07,40.4));
#14375=CARTESIAN_POINT('',(4.77,11.07,40.4));
#14376=CARTESIAN_POINT('',(4.77,11.07,40.343));
#14377=CARTESIAN_POINT('',(5.77,11.07,40.4));
#14378=CARTESIAN_POINT('',(6.11,11.6,40.025));
#14379=CARTESIAN_POINT('',(4.43,11.6,40.025));
#14380=CARTESIAN_POINT('',(4.387,11.07,40.4));
#14381=CARTESIAN_POINT('',(6.11,11.6,40.025));
#14382=CARTESIAN_POINT('',(5.77,11.07,39.83));
#14383=CARTESIAN_POINT('',(2.23,11.07,37.86));
#14384=CARTESIAN_POINT('',(2.23,11.07,37.86));
#14385=CARTESIAN_POINT('',(2.23,11.07,39.26));
#14386=CARTESIAN_POINT('',(3.23,11.07,39.26));
#14387=CARTESIAN_POINT('',(3.23,11.07,39.26));
#14388=CARTESIAN_POINT('',(3.23,11.07,39.26));
#14389=CARTESIAN_POINT('',(3.23,11.07,37.86));
#14390=CARTESIAN_POINT('',(2.23,11.07,37.86));
#14391=CARTESIAN_POINT('',(2.23,11.07,37.803));
#14392=CARTESIAN_POINT('',(3.57,11.6,39.635));
#14393=CARTESIAN_POINT('',(3.57,11.6,39.635));
#14394=CARTESIAN_POINT('',(1.89,11.6,39.635));
#14395=CARTESIAN_POINT('',(3.57,11.6,39.635));
#14396=CARTESIAN_POINT('',(2.23,11.07,39.26));
#14397=CARTESIAN_POINT('',(1.847,11.6,39.635));
#14398=CARTESIAN_POINT('',(3.23,11.07,37.86));
#14399=CARTESIAN_POINT('',(3.57,11.6,37.485));
#14400=CARTESIAN_POINT('',(1.89,11.6,37.485));
#14401=CARTESIAN_POINT('',(1.89,11.6,37.485));
#14402=CARTESIAN_POINT('',(1.89,11.6,37.485));
#14403=CARTESIAN_POINT('',(1.847,11.07,37.86));
#14404=CARTESIAN_POINT('',(1.89,11.6,39.635));
#14405=CARTESIAN_POINT('',(1.89,11.6,37.29));
#14406=CARTESIAN_POINT('',(3.57,11.6,37.485));
#14407=CARTESIAN_POINT('',(3.23,11.07,37.29));
#14408=CARTESIAN_POINT('',(4.43,11.6,39.635));
#14409=CARTESIAN_POINT('',(4.43,11.6,39.635));
#14410=CARTESIAN_POINT('',(4.43,11.6,37.485));
#14411=CARTESIAN_POINT('',(4.77,11.07,39.26));
#14412=CARTESIAN_POINT('',(4.77,11.07,39.26));
#14413=CARTESIAN_POINT('',(4.77,11.07,37.86));
#14414=CARTESIAN_POINT('',(4.77,11.07,37.86));
#14415=CARTESIAN_POINT('',(4.43,11.6,37.485));
#14416=CARTESIAN_POINT('',(4.43,11.6,37.29));
#14417=CARTESIAN_POINT('',(6.11,11.6,39.635));
#14418=CARTESIAN_POINT('',(6.11,11.6,39.635));
#14419=CARTESIAN_POINT('',(6.11,11.6,39.635));
#14420=CARTESIAN_POINT('',(5.77,11.07,39.26));
#14421=CARTESIAN_POINT('',(5.77,11.07,39.26));
#14422=CARTESIAN_POINT('',(4.387,11.6,39.635));
#14423=CARTESIAN_POINT('',(5.77,11.07,39.26));
#14424=CARTESIAN_POINT('',(5.77,11.07,37.86));
#14425=CARTESIAN_POINT('',(4.77,11.07,37.86));
#14426=CARTESIAN_POINT('',(4.77,11.07,37.803));
#14427=CARTESIAN_POINT('',(5.77,11.07,37.86));
#14428=CARTESIAN_POINT('',(6.11,11.6,37.485));
#14429=CARTESIAN_POINT('',(4.43,11.6,37.485));
#14430=CARTESIAN_POINT('',(4.387,11.07,37.86));
#14431=CARTESIAN_POINT('',(6.11,11.6,37.485));
#14432=CARTESIAN_POINT('',(5.77,11.07,37.29));
#14433=CARTESIAN_POINT('',(2.23,11.07,35.32));
#14434=CARTESIAN_POINT('',(2.23,11.07,35.32));
#14435=CARTESIAN_POINT('',(2.23,11.07,36.72));
#14436=CARTESIAN_POINT('',(3.23,11.07,36.72));
#14437=CARTESIAN_POINT('',(3.23,11.07,36.72));
#14438=CARTESIAN_POINT('',(3.23,11.07,36.72));
#14439=CARTESIAN_POINT('',(3.23,11.07,35.32));
#14440=CARTESIAN_POINT('',(2.23,11.07,35.32));
#14441=CARTESIAN_POINT('',(2.23,11.07,35.263));
#14442=CARTESIAN_POINT('',(3.57,11.6,37.095));
#14443=CARTESIAN_POINT('',(3.57,11.6,37.095));
#14444=CARTESIAN_POINT('',(1.89,11.6,37.095));
#14445=CARTESIAN_POINT('',(3.57,11.6,37.095));
#14446=CARTESIAN_POINT('',(2.23,11.07,36.72));
#14447=CARTESIAN_POINT('',(1.847,11.6,37.095));
#14448=CARTESIAN_POINT('',(3.23,11.07,35.32));
#14449=CARTESIAN_POINT('',(3.57,11.6,34.945));
#14450=CARTESIAN_POINT('',(1.89,11.6,34.945));
#14451=CARTESIAN_POINT('',(1.89,11.6,34.945));
#14452=CARTESIAN_POINT('',(1.89,11.6,34.945));
#14453=CARTESIAN_POINT('',(1.847,11.07,35.32));
#14454=CARTESIAN_POINT('',(1.89,11.6,37.095));
#14455=CARTESIAN_POINT('',(1.89,11.6,34.75));
#14456=CARTESIAN_POINT('',(3.57,11.6,34.945));
#14457=CARTESIAN_POINT('',(3.23,11.07,34.75));
#14458=CARTESIAN_POINT('',(4.43,11.6,37.095));
#14459=CARTESIAN_POINT('',(4.43,11.6,37.095));
#14460=CARTESIAN_POINT('',(4.43,11.6,34.945));
#14461=CARTESIAN_POINT('',(4.77,11.07,36.72));
#14462=CARTESIAN_POINT('',(4.77,11.07,36.72));
#14463=CARTESIAN_POINT('',(4.77,11.07,35.32));
#14464=CARTESIAN_POINT('',(4.77,11.07,35.32));
#14465=CARTESIAN_POINT('',(4.43,11.6,34.945));
#14466=CARTESIAN_POINT('',(4.43,11.6,34.75));
#14467=CARTESIAN_POINT('',(6.11,11.6,37.095));
#14468=CARTESIAN_POINT('',(6.11,11.6,37.095));
#14469=CARTESIAN_POINT('',(6.11,11.6,37.095));
#14470=CARTESIAN_POINT('',(5.77,11.07,36.72));
#14471=CARTESIAN_POINT('',(5.77,11.07,36.72));
#14472=CARTESIAN_POINT('',(4.387,11.6,37.095));
#14473=CARTESIAN_POINT('',(5.77,11.07,36.72));
#14474=CARTESIAN_POINT('',(5.77,11.07,35.32));
#14475=CARTESIAN_POINT('',(4.77,11.07,35.32));
#14476=CARTESIAN_POINT('',(4.77,11.07,35.263));
#14477=CARTESIAN_POINT('',(5.77,11.07,35.32));
#14478=CARTESIAN_POINT('',(6.11,11.6,34.945));
#14479=CARTESIAN_POINT('',(4.43,11.6,34.945));
#14480=CARTESIAN_POINT('',(4.387,11.07,35.32));
#14481=CARTESIAN_POINT('',(6.11,11.6,34.945));
#14482=CARTESIAN_POINT('',(5.77,11.07,34.75));
#14483=CARTESIAN_POINT('',(2.23,11.07,32.78));
#14484=CARTESIAN_POINT('',(2.23,11.07,32.78));
#14485=CARTESIAN_POINT('',(2.23,11.07,34.18));
#14486=CARTESIAN_POINT('',(3.23,11.07,34.18));
#14487=CARTESIAN_POINT('',(3.23,11.07,34.18));
#14488=CARTESIAN_POINT('',(3.23,11.07,34.18));
#14489=CARTESIAN_POINT('',(3.23,11.07,32.78));
#14490=CARTESIAN_POINT('',(2.23,11.07,32.78));
#14491=CARTESIAN_POINT('',(2.23,11.07,32.723));
#14492=CARTESIAN_POINT('',(3.57,11.6,34.555));
#14493=CARTESIAN_POINT('',(3.57,11.6,34.555));
#14494=CARTESIAN_POINT('',(1.89,11.6,34.555));
#14495=CARTESIAN_POINT('',(3.57,11.6,34.555));
#14496=CARTESIAN_POINT('',(2.23,11.07,34.18));
#14497=CARTESIAN_POINT('',(1.847,11.6,34.555));
#14498=CARTESIAN_POINT('',(3.23,11.07,32.78));
#14499=CARTESIAN_POINT('',(3.57,11.6,32.405));
#14500=CARTESIAN_POINT('',(1.89,11.6,32.405));
#14501=CARTESIAN_POINT('',(1.89,11.6,32.405));
#14502=CARTESIAN_POINT('',(1.89,11.6,32.405));
#14503=CARTESIAN_POINT('',(1.847,11.07,32.78));
#14504=CARTESIAN_POINT('',(1.89,11.6,34.555));
#14505=CARTESIAN_POINT('',(1.89,11.6,32.21));
#14506=CARTESIAN_POINT('',(3.57,11.6,32.405));
#14507=CARTESIAN_POINT('',(3.23,11.07,32.21));
#14508=CARTESIAN_POINT('',(4.43,11.6,34.555));
#14509=CARTESIAN_POINT('',(4.43,11.6,34.555));
#14510=CARTESIAN_POINT('',(4.43,11.6,32.405));
#14511=CARTESIAN_POINT('',(4.77,11.07,34.18));
#14512=CARTESIAN_POINT('',(4.77,11.07,34.18));
#14513=CARTESIAN_POINT('',(4.77,11.07,32.78));
#14514=CARTESIAN_POINT('',(4.77,11.07,32.78));
#14515=CARTESIAN_POINT('',(4.43,11.6,32.405));
#14516=CARTESIAN_POINT('',(4.43,11.6,32.21));
#14517=CARTESIAN_POINT('',(6.11,11.6,34.555));
#14518=CARTESIAN_POINT('',(6.11,11.6,34.555));
#14519=CARTESIAN_POINT('',(6.11,11.6,34.555));
#14520=CARTESIAN_POINT('',(5.77,11.07,34.18));
#14521=CARTESIAN_POINT('',(5.77,11.07,34.18));
#14522=CARTESIAN_POINT('',(4.387,11.6,34.555));
#14523=CARTESIAN_POINT('',(5.77,11.07,34.18));
#14524=CARTESIAN_POINT('',(5.77,11.07,32.78));
#14525=CARTESIAN_POINT('',(4.77,11.07,32.78));
#14526=CARTESIAN_POINT('',(4.77,11.07,32.723));
#14527=CARTESIAN_POINT('',(5.77,11.07,32.78));
#14528=CARTESIAN_POINT('',(6.11,11.6,32.405));
#14529=CARTESIAN_POINT('',(4.43,11.6,32.405));
#14530=CARTESIAN_POINT('',(4.387,11.07,32.78));
#14531=CARTESIAN_POINT('',(6.11,11.6,32.405));
#14532=CARTESIAN_POINT('',(5.77,11.07,32.21));
#14533=CARTESIAN_POINT('',(2.23,11.07,30.24));
#14534=CARTESIAN_POINT('',(2.23,11.07,30.24));
#14535=CARTESIAN_POINT('',(2.23,11.07,31.64));
#14536=CARTESIAN_POINT('',(3.23,11.07,31.64));
#14537=CARTESIAN_POINT('',(3.23,11.07,31.64));
#14538=CARTESIAN_POINT('',(3.23,11.07,31.64));
#14539=CARTESIAN_POINT('',(3.23,11.07,30.24));
#14540=CARTESIAN_POINT('',(2.23,11.07,30.24));
#14541=CARTESIAN_POINT('',(2.23,11.07,30.183));
#14542=CARTESIAN_POINT('',(3.57,11.6,32.015));
#14543=CARTESIAN_POINT('',(3.57,11.6,32.015));
#14544=CARTESIAN_POINT('',(1.89,11.6,32.015));
#14545=CARTESIAN_POINT('',(3.57,11.6,32.015));
#14546=CARTESIAN_POINT('',(2.23,11.07,31.64));
#14547=CARTESIAN_POINT('',(1.847,11.6,32.015));
#14548=CARTESIAN_POINT('',(3.23,11.07,30.24));
#14549=CARTESIAN_POINT('',(3.57,11.6,29.865));
#14550=CARTESIAN_POINT('',(1.89,11.6,29.865));
#14551=CARTESIAN_POINT('',(1.89,11.6,29.865));
#14552=CARTESIAN_POINT('',(1.89,11.6,29.865));
#14553=CARTESIAN_POINT('',(1.847,11.07,30.24));
#14554=CARTESIAN_POINT('',(1.89,11.6,32.015));
#14555=CARTESIAN_POINT('',(1.89,11.6,29.67));
#14556=CARTESIAN_POINT('',(3.57,11.6,29.865));
#14557=CARTESIAN_POINT('',(3.23,11.07,29.67));
#14558=CARTESIAN_POINT('',(4.43,11.6,32.015));
#14559=CARTESIAN_POINT('',(4.43,11.6,32.015));
#14560=CARTESIAN_POINT('',(4.43,11.6,29.865));
#14561=CARTESIAN_POINT('',(4.77,11.07,31.64));
#14562=CARTESIAN_POINT('',(4.77,11.07,31.64));
#14563=CARTESIAN_POINT('',(4.77,11.07,30.24));
#14564=CARTESIAN_POINT('',(4.77,11.07,30.24));
#14565=CARTESIAN_POINT('',(4.43,11.6,29.865));
#14566=CARTESIAN_POINT('',(4.43,11.6,29.67));
#14567=CARTESIAN_POINT('',(6.11,11.6,32.015));
#14568=CARTESIAN_POINT('',(6.11,11.6,32.015));
#14569=CARTESIAN_POINT('',(6.11,11.6,32.015));
#14570=CARTESIAN_POINT('',(5.77,11.07,31.64));
#14571=CARTESIAN_POINT('',(5.77,11.07,31.64));
#14572=CARTESIAN_POINT('',(4.387,11.6,32.015));
#14573=CARTESIAN_POINT('',(5.77,11.07,31.64));
#14574=CARTESIAN_POINT('',(5.77,11.07,30.24));
#14575=CARTESIAN_POINT('',(4.77,11.07,30.24));
#14576=CARTESIAN_POINT('',(4.77,11.07,30.183));
#14577=CARTESIAN_POINT('',(5.77,11.07,30.24));
#14578=CARTESIAN_POINT('',(6.11,11.6,29.865));
#14579=CARTESIAN_POINT('',(4.43,11.6,29.865));
#14580=CARTESIAN_POINT('',(4.387,11.07,30.24));
#14581=CARTESIAN_POINT('',(6.11,11.6,29.865));
#14582=CARTESIAN_POINT('',(5.77,11.07,29.67));
#14583=CARTESIAN_POINT('',(2.23,11.07,27.7));
#14584=CARTESIAN_POINT('',(2.23,11.07,27.7));
#14585=CARTESIAN_POINT('',(2.23,11.07,29.1));
#14586=CARTESIAN_POINT('',(3.23,11.07,29.1));
#14587=CARTESIAN_POINT('',(3.23,11.07,29.1));
#14588=CARTESIAN_POINT('',(3.23,11.07,29.1));
#14589=CARTESIAN_POINT('',(3.23,11.07,27.7));
#14590=CARTESIAN_POINT('',(2.23,11.07,27.7));
#14591=CARTESIAN_POINT('',(2.23,11.07,27.643));
#14592=CARTESIAN_POINT('',(3.57,11.6,29.475));
#14593=CARTESIAN_POINT('',(3.57,11.6,29.475));
#14594=CARTESIAN_POINT('',(1.89,11.6,29.475));
#14595=CARTESIAN_POINT('',(3.57,11.6,29.475));
#14596=CARTESIAN_POINT('',(2.23,11.07,29.1));
#14597=CARTESIAN_POINT('',(1.847,11.6,29.475));
#14598=CARTESIAN_POINT('',(3.23,11.07,27.7));
#14599=CARTESIAN_POINT('',(3.57,11.6,27.325));
#14600=CARTESIAN_POINT('',(1.89,11.6,27.325));
#14601=CARTESIAN_POINT('',(1.89,11.6,27.325));
#14602=CARTESIAN_POINT('',(1.89,11.6,27.325));
#14603=CARTESIAN_POINT('',(1.847,11.07,27.7));
#14604=CARTESIAN_POINT('',(1.89,11.6,29.475));
#14605=CARTESIAN_POINT('',(1.89,11.6,27.13));
#14606=CARTESIAN_POINT('',(3.57,11.6,27.325));
#14607=CARTESIAN_POINT('',(3.23,11.07,27.13));
#14608=CARTESIAN_POINT('',(4.43,11.6,29.475));
#14609=CARTESIAN_POINT('',(4.43,11.6,29.475));
#14610=CARTESIAN_POINT('',(4.43,11.6,27.325));
#14611=CARTESIAN_POINT('',(4.77,11.07,29.1));
#14612=CARTESIAN_POINT('',(4.77,11.07,29.1));
#14613=CARTESIAN_POINT('',(4.77,11.07,27.7));
#14614=CARTESIAN_POINT('',(4.77,11.07,27.7));
#14615=CARTESIAN_POINT('',(4.43,11.6,27.325));
#14616=CARTESIAN_POINT('',(4.43,11.6,27.13));
#14617=CARTESIAN_POINT('',(6.11,11.6,29.475));
#14618=CARTESIAN_POINT('',(6.11,11.6,29.475));
#14619=CARTESIAN_POINT('',(6.11,11.6,29.475));
#14620=CARTESIAN_POINT('',(5.77,11.07,29.1));
#14621=CARTESIAN_POINT('',(5.77,11.07,29.1));
#14622=CARTESIAN_POINT('',(4.387,11.6,29.475));
#14623=CARTESIAN_POINT('',(5.77,11.07,29.1));
#14624=CARTESIAN_POINT('',(5.77,11.07,27.7));
#14625=CARTESIAN_POINT('',(4.77,11.07,27.7));
#14626=CARTESIAN_POINT('',(4.77,11.07,27.643));
#14627=CARTESIAN_POINT('',(5.77,11.07,27.7));
#14628=CARTESIAN_POINT('',(6.11,11.6,27.325));
#14629=CARTESIAN_POINT('',(4.43,11.6,27.325));
#14630=CARTESIAN_POINT('',(4.387,11.07,27.7));
#14631=CARTESIAN_POINT('',(6.11,11.6,27.325));
#14632=CARTESIAN_POINT('',(5.77,11.07,27.13));
#14633=CARTESIAN_POINT('',(2.23,11.07,25.16));
#14634=CARTESIAN_POINT('',(2.23,11.07,25.16));
#14635=CARTESIAN_POINT('',(2.23,11.07,26.56));
#14636=CARTESIAN_POINT('',(3.23,11.07,26.56));
#14637=CARTESIAN_POINT('',(3.23,11.07,26.56));
#14638=CARTESIAN_POINT('',(3.23,11.07,26.56));
#14639=CARTESIAN_POINT('',(3.23,11.07,25.16));
#14640=CARTESIAN_POINT('',(2.23,11.07,25.16));
#14641=CARTESIAN_POINT('',(2.23,11.07,25.103));
#14642=CARTESIAN_POINT('',(3.57,11.6,26.935));
#14643=CARTESIAN_POINT('',(3.57,11.6,26.935));
#14644=CARTESIAN_POINT('',(1.89,11.6,26.935));
#14645=CARTESIAN_POINT('',(3.57,11.6,26.935));
#14646=CARTESIAN_POINT('',(2.23,11.07,26.56));
#14647=CARTESIAN_POINT('',(1.847,11.6,26.935));
#14648=CARTESIAN_POINT('',(3.23,11.07,25.16));
#14649=CARTESIAN_POINT('',(3.57,11.6,24.785));
#14650=CARTESIAN_POINT('',(1.89,11.6,24.785));
#14651=CARTESIAN_POINT('',(1.89,11.6,24.785));
#14652=CARTESIAN_POINT('',(1.89,11.6,24.785));
#14653=CARTESIAN_POINT('',(1.847,11.07,25.16));
#14654=CARTESIAN_POINT('',(1.89,11.6,26.935));
#14655=CARTESIAN_POINT('',(1.89,11.6,24.59));
#14656=CARTESIAN_POINT('',(3.57,11.6,24.785));
#14657=CARTESIAN_POINT('',(3.23,11.07,24.59));
#14658=CARTESIAN_POINT('',(4.43,11.6,26.935));
#14659=CARTESIAN_POINT('',(4.43,11.6,26.935));
#14660=CARTESIAN_POINT('',(4.43,11.6,24.785));
#14661=CARTESIAN_POINT('',(4.77,11.07,26.56));
#14662=CARTESIAN_POINT('',(4.77,11.07,26.56));
#14663=CARTESIAN_POINT('',(4.77,11.07,25.16));
#14664=CARTESIAN_POINT('',(4.77,11.07,25.16));
#14665=CARTESIAN_POINT('',(4.43,11.6,24.785));
#14666=CARTESIAN_POINT('',(4.43,11.6,24.59));
#14667=CARTESIAN_POINT('',(6.11,11.6,26.935));
#14668=CARTESIAN_POINT('',(6.11,11.6,26.935));
#14669=CARTESIAN_POINT('',(6.11,11.6,26.935));
#14670=CARTESIAN_POINT('',(5.77,11.07,26.56));
#14671=CARTESIAN_POINT('',(5.77,11.07,26.56));
#14672=CARTESIAN_POINT('',(4.387,11.6,26.935));
#14673=CARTESIAN_POINT('',(5.77,11.07,26.56));
#14674=CARTESIAN_POINT('',(5.77,11.07,25.16));
#14675=CARTESIAN_POINT('',(4.77,11.07,25.16));
#14676=CARTESIAN_POINT('',(4.77,11.07,25.103));
#14677=CARTESIAN_POINT('',(5.77,11.07,25.16));
#14678=CARTESIAN_POINT('',(6.11,11.6,24.785));
#14679=CARTESIAN_POINT('',(4.43,11.6,24.785));
#14680=CARTESIAN_POINT('',(4.387,11.07,25.16));
#14681=CARTESIAN_POINT('',(6.11,11.6,24.785));
#14682=CARTESIAN_POINT('',(5.77,11.07,24.59));
#14683=CARTESIAN_POINT('',(2.23,11.07,22.62));
#14684=CARTESIAN_POINT('',(2.23,11.07,22.62));
#14685=CARTESIAN_POINT('',(2.23,11.07,24.02));
#14686=CARTESIAN_POINT('',(3.23,11.07,24.02));
#14687=CARTESIAN_POINT('',(3.23,11.07,24.02));
#14688=CARTESIAN_POINT('',(3.23,11.07,24.02));
#14689=CARTESIAN_POINT('',(3.23,11.07,22.62));
#14690=CARTESIAN_POINT('',(2.23,11.07,22.62));
#14691=CARTESIAN_POINT('',(2.23,11.07,22.563));
#14692=CARTESIAN_POINT('',(3.57,11.6,24.395));
#14693=CARTESIAN_POINT('',(3.57,11.6,24.395));
#14694=CARTESIAN_POINT('',(1.89,11.6,24.395));
#14695=CARTESIAN_POINT('',(3.57,11.6,24.395));
#14696=CARTESIAN_POINT('',(2.23,11.07,24.02));
#14697=CARTESIAN_POINT('',(1.847,11.6,24.395));
#14698=CARTESIAN_POINT('',(3.23,11.07,22.62));
#14699=CARTESIAN_POINT('',(3.57,11.6,22.245));
#14700=CARTESIAN_POINT('',(1.89,11.6,22.245));
#14701=CARTESIAN_POINT('',(1.89,11.6,22.245));
#14702=CARTESIAN_POINT('',(1.89,11.6,22.245));
#14703=CARTESIAN_POINT('',(1.847,11.07,22.62));
#14704=CARTESIAN_POINT('',(1.89,11.6,24.395));
#14705=CARTESIAN_POINT('',(1.89,11.6,22.05));
#14706=CARTESIAN_POINT('',(3.57,11.6,22.245));
#14707=CARTESIAN_POINT('',(3.23,11.07,22.05));
#14708=CARTESIAN_POINT('',(4.43,11.6,24.395));
#14709=CARTESIAN_POINT('',(4.43,11.6,24.395));
#14710=CARTESIAN_POINT('',(4.43,11.6,22.245));
#14711=CARTESIAN_POINT('',(4.77,11.07,24.02));
#14712=CARTESIAN_POINT('',(4.77,11.07,24.02));
#14713=CARTESIAN_POINT('',(4.77,11.07,22.62));
#14714=CARTESIAN_POINT('',(4.77,11.07,22.62));
#14715=CARTESIAN_POINT('',(4.43,11.6,22.245));
#14716=CARTESIAN_POINT('',(4.43,11.6,22.05));
#14717=CARTESIAN_POINT('',(6.11,11.6,24.395));
#14718=CARTESIAN_POINT('',(6.11,11.6,24.395));
#14719=CARTESIAN_POINT('',(6.11,11.6,24.395));
#14720=CARTESIAN_POINT('',(5.77,11.07,24.02));
#14721=CARTESIAN_POINT('',(5.77,11.07,24.02));
#14722=CARTESIAN_POINT('',(4.387,11.6,24.395));
#14723=CARTESIAN_POINT('',(5.77,11.07,24.02));
#14724=CARTESIAN_POINT('',(5.77,11.07,22.62));
#14725=CARTESIAN_POINT('',(4.77,11.07,22.62));
#14726=CARTESIAN_POINT('',(4.77,11.07,22.563));
#14727=CARTESIAN_POINT('',(5.77,11.07,22.62));
#14728=CARTESIAN_POINT('',(6.11,11.6,22.245));
#14729=CARTESIAN_POINT('',(4.43,11.6,22.245));
#14730=CARTESIAN_POINT('',(4.387,11.07,22.62));
#14731=CARTESIAN_POINT('',(6.11,11.6,22.245));
#14732=CARTESIAN_POINT('',(5.77,11.07,22.05));
#14733=CARTESIAN_POINT('',(2.23,11.07,20.08));
#14734=CARTESIAN_POINT('',(2.23,11.07,20.08));
#14735=CARTESIAN_POINT('',(2.23,11.07,21.48));
#14736=CARTESIAN_POINT('',(3.23,11.07,21.48));
#14737=CARTESIAN_POINT('',(3.23,11.07,21.48));
#14738=CARTESIAN_POINT('',(3.23,11.07,21.48));
#14739=CARTESIAN_POINT('',(3.23,11.07,20.08));
#14740=CARTESIAN_POINT('',(2.23,11.07,20.08));
#14741=CARTESIAN_POINT('',(2.23,11.07,20.023));
#14742=CARTESIAN_POINT('',(3.57,11.6,21.855));
#14743=CARTESIAN_POINT('',(3.57,11.6,21.855));
#14744=CARTESIAN_POINT('',(1.89,11.6,21.855));
#14745=CARTESIAN_POINT('',(3.57,11.6,21.855));
#14746=CARTESIAN_POINT('',(2.23,11.07,21.48));
#14747=CARTESIAN_POINT('',(1.847,11.6,21.855));
#14748=CARTESIAN_POINT('',(3.23,11.07,20.08));
#14749=CARTESIAN_POINT('',(3.57,11.6,19.705));
#14750=CARTESIAN_POINT('',(1.89,11.6,19.705));
#14751=CARTESIAN_POINT('',(1.89,11.6,19.705));
#14752=CARTESIAN_POINT('',(1.89,11.6,19.705));
#14753=CARTESIAN_POINT('',(1.847,11.07,20.08));
#14754=CARTESIAN_POINT('',(1.89,11.6,21.855));
#14755=CARTESIAN_POINT('',(1.89,11.6,19.51));
#14756=CARTESIAN_POINT('',(3.57,11.6,19.705));
#14757=CARTESIAN_POINT('',(3.23,11.07,19.51));
#14758=CARTESIAN_POINT('',(4.43,11.6,21.855));
#14759=CARTESIAN_POINT('',(4.43,11.6,21.855));
#14760=CARTESIAN_POINT('',(4.43,11.6,19.705));
#14761=CARTESIAN_POINT('',(4.77,11.07,21.48));
#14762=CARTESIAN_POINT('',(4.77,11.07,21.48));
#14763=CARTESIAN_POINT('',(4.77,11.07,20.08));
#14764=CARTESIAN_POINT('',(4.77,11.07,20.08));
#14765=CARTESIAN_POINT('',(4.43,11.6,19.705));
#14766=CARTESIAN_POINT('',(4.43,11.6,19.51));
#14767=CARTESIAN_POINT('',(6.11,11.6,21.855));
#14768=CARTESIAN_POINT('',(6.11,11.6,21.855));
#14769=CARTESIAN_POINT('',(6.11,11.6,21.855));
#14770=CARTESIAN_POINT('',(5.77,11.07,21.48));
#14771=CARTESIAN_POINT('',(5.77,11.07,21.48));
#14772=CARTESIAN_POINT('',(4.387,11.6,21.855));
#14773=CARTESIAN_POINT('',(5.77,11.07,21.48));
#14774=CARTESIAN_POINT('',(5.77,11.07,20.08));
#14775=CARTESIAN_POINT('',(4.77,11.07,20.08));
#14776=CARTESIAN_POINT('',(4.77,11.07,20.023));
#14777=CARTESIAN_POINT('',(5.77,11.07,20.08));
#14778=CARTESIAN_POINT('',(6.11,11.6,19.705));
#14779=CARTESIAN_POINT('',(4.43,11.6,19.705));
#14780=CARTESIAN_POINT('',(4.387,11.07,20.08));
#14781=CARTESIAN_POINT('',(6.11,11.6,19.705));
#14782=CARTESIAN_POINT('',(5.77,11.07,19.51));
#14783=CARTESIAN_POINT('',(2.23,11.07,17.54));
#14784=CARTESIAN_POINT('',(2.23,11.07,17.54));
#14785=CARTESIAN_POINT('',(2.23,11.07,18.94));
#14786=CARTESIAN_POINT('',(3.23,11.07,18.94));
#14787=CARTESIAN_POINT('',(3.23,11.07,18.94));
#14788=CARTESIAN_POINT('',(3.23,11.07,18.94));
#14789=CARTESIAN_POINT('',(3.23,11.07,17.54));
#14790=CARTESIAN_POINT('',(2.23,11.07,17.54));
#14791=CARTESIAN_POINT('',(2.23,11.07,17.483));
#14792=CARTESIAN_POINT('',(3.57,11.6,19.315));
#14793=CARTESIAN_POINT('',(3.57,11.6,19.315));
#14794=CARTESIAN_POINT('',(1.89,11.6,19.315));
#14795=CARTESIAN_POINT('',(3.57,11.6,19.315));
#14796=CARTESIAN_POINT('',(2.23,11.07,18.94));
#14797=CARTESIAN_POINT('',(1.847,11.6,19.315));
#14798=CARTESIAN_POINT('',(3.23,11.07,17.54));
#14799=CARTESIAN_POINT('',(3.57,11.6,17.165));
#14800=CARTESIAN_POINT('',(1.89,11.6,17.165));
#14801=CARTESIAN_POINT('',(1.89,11.6,17.165));
#14802=CARTESIAN_POINT('',(1.89,11.6,17.165));
#14803=CARTESIAN_POINT('',(1.847,11.07,17.54));
#14804=CARTESIAN_POINT('',(1.89,11.6,19.315));
#14805=CARTESIAN_POINT('',(1.89,11.6,16.97));
#14806=CARTESIAN_POINT('',(3.57,11.6,17.165));
#14807=CARTESIAN_POINT('',(3.23,11.07,16.97));
#14808=CARTESIAN_POINT('',(4.43,11.6,19.315));
#14809=CARTESIAN_POINT('',(4.43,11.6,19.315));
#14810=CARTESIAN_POINT('',(4.43,11.6,17.165));
#14811=CARTESIAN_POINT('',(4.77,11.07,18.94));
#14812=CARTESIAN_POINT('',(4.77,11.07,18.94));
#14813=CARTESIAN_POINT('',(4.77,11.07,17.54));
#14814=CARTESIAN_POINT('',(4.77,11.07,17.54));
#14815=CARTESIAN_POINT('',(4.43,11.6,17.165));
#14816=CARTESIAN_POINT('',(4.43,11.6,16.97));
#14817=CARTESIAN_POINT('',(6.11,11.6,19.315));
#14818=CARTESIAN_POINT('',(6.11,11.6,19.315));
#14819=CARTESIAN_POINT('',(6.11,11.6,19.315));
#14820=CARTESIAN_POINT('',(5.77,11.07,18.94));
#14821=CARTESIAN_POINT('',(5.77,11.07,18.94));
#14822=CARTESIAN_POINT('',(4.387,11.6,19.315));
#14823=CARTESIAN_POINT('',(5.77,11.07,18.94));
#14824=CARTESIAN_POINT('',(5.77,11.07,17.54));
#14825=CARTESIAN_POINT('',(4.77,11.07,17.54));
#14826=CARTESIAN_POINT('',(4.77,11.07,17.483));
#14827=CARTESIAN_POINT('',(5.77,11.07,17.54));
#14828=CARTESIAN_POINT('',(6.11,11.6,17.165));
#14829=CARTESIAN_POINT('',(4.43,11.6,17.165));
#14830=CARTESIAN_POINT('',(4.387,11.07,17.54));
#14831=CARTESIAN_POINT('',(6.11,11.6,17.165));
#14832=CARTESIAN_POINT('',(5.77,11.07,16.97));
#14833=CARTESIAN_POINT('',(2.23,11.07,15.));
#14834=CARTESIAN_POINT('',(2.23,11.07,15.));
#14835=CARTESIAN_POINT('',(2.23,11.07,16.4));
#14836=CARTESIAN_POINT('',(3.23,11.07,16.4));
#14837=CARTESIAN_POINT('',(3.23,11.07,16.4));
#14838=CARTESIAN_POINT('',(3.23,11.07,16.4));
#14839=CARTESIAN_POINT('',(3.23,11.07,15.));
#14840=CARTESIAN_POINT('',(2.23,11.07,15.));
#14841=CARTESIAN_POINT('',(2.23,11.07,14.943));
#14842=CARTESIAN_POINT('',(3.57,11.6,16.775));
#14843=CARTESIAN_POINT('',(3.57,11.6,16.775));
#14844=CARTESIAN_POINT('',(1.89,11.6,16.775));
#14845=CARTESIAN_POINT('',(3.57,11.6,16.775));
#14846=CARTESIAN_POINT('',(2.23,11.07,16.4));
#14847=CARTESIAN_POINT('',(1.847,11.6,16.775));
#14848=CARTESIAN_POINT('',(3.23,11.07,15.));
#14849=CARTESIAN_POINT('',(3.57,11.6,14.625));
#14850=CARTESIAN_POINT('',(1.89,11.6,14.625));
#14851=CARTESIAN_POINT('',(1.89,11.6,14.625));
#14852=CARTESIAN_POINT('',(1.89,11.6,14.625));
#14853=CARTESIAN_POINT('',(1.847,11.07,15.));
#14854=CARTESIAN_POINT('',(1.89,11.6,16.775));
#14855=CARTESIAN_POINT('',(1.89,11.6,14.43));
#14856=CARTESIAN_POINT('',(3.57,11.6,14.625));
#14857=CARTESIAN_POINT('',(3.23,11.07,14.43));
#14858=CARTESIAN_POINT('',(4.43,11.6,16.775));
#14859=CARTESIAN_POINT('',(4.43,11.6,16.775));
#14860=CARTESIAN_POINT('',(4.43,11.6,14.625));
#14861=CARTESIAN_POINT('',(4.77,11.07,16.4));
#14862=CARTESIAN_POINT('',(4.77,11.07,16.4));
#14863=CARTESIAN_POINT('',(4.77,11.07,15.));
#14864=CARTESIAN_POINT('',(4.77,11.07,15.));
#14865=CARTESIAN_POINT('',(4.43,11.6,14.625));
#14866=CARTESIAN_POINT('',(4.43,11.6,14.43));
#14867=CARTESIAN_POINT('',(6.11,11.6,16.775));
#14868=CARTESIAN_POINT('',(6.11,11.6,16.775));
#14869=CARTESIAN_POINT('',(6.11,11.6,16.775));
#14870=CARTESIAN_POINT('',(5.77,11.07,16.4));
#14871=CARTESIAN_POINT('',(5.77,11.07,16.4));
#14872=CARTESIAN_POINT('',(4.387,11.6,16.775));
#14873=CARTESIAN_POINT('',(5.77,11.07,16.4));
#14874=CARTESIAN_POINT('',(5.77,11.07,15.));
#14875=CARTESIAN_POINT('',(4.77,11.07,15.));
#14876=CARTESIAN_POINT('',(4.77,11.07,14.943));
#14877=CARTESIAN_POINT('',(5.77,11.07,15.));
#14878=CARTESIAN_POINT('',(6.11,11.6,14.625));
#14879=CARTESIAN_POINT('',(4.43,11.6,14.625));
#14880=CARTESIAN_POINT('',(4.387,11.07,15.));
#14881=CARTESIAN_POINT('',(6.11,11.6,14.625));
#14882=CARTESIAN_POINT('',(5.77,11.07,14.43));
#14883=CARTESIAN_POINT('',(2.23,11.07,12.46));
#14884=CARTESIAN_POINT('',(2.23,11.07,12.46));
#14885=CARTESIAN_POINT('',(2.23,11.07,13.86));
#14886=CARTESIAN_POINT('',(3.23,11.07,13.86));
#14887=CARTESIAN_POINT('',(3.23,11.07,13.86));
#14888=CARTESIAN_POINT('',(3.23,11.07,13.86));
#14889=CARTESIAN_POINT('',(3.23,11.07,12.46));
#14890=CARTESIAN_POINT('',(2.23,11.07,12.46));
#14891=CARTESIAN_POINT('',(2.23,11.07,12.403));
#14892=CARTESIAN_POINT('',(3.57,11.6,14.235));
#14893=CARTESIAN_POINT('',(3.57,11.6,14.235));
#14894=CARTESIAN_POINT('',(1.89,11.6,14.235));
#14895=CARTESIAN_POINT('',(3.57,11.6,14.235));
#14896=CARTESIAN_POINT('',(2.23,11.07,13.86));
#14897=CARTESIAN_POINT('',(1.847,11.6,14.235));
#14898=CARTESIAN_POINT('',(3.23,11.07,12.46));
#14899=CARTESIAN_POINT('',(3.57,11.6,12.085));
#14900=CARTESIAN_POINT('',(1.89,11.6,12.085));
#14901=CARTESIAN_POINT('',(1.89,11.6,12.085));
#14902=CARTESIAN_POINT('',(1.89,11.6,12.085));
#14903=CARTESIAN_POINT('',(1.847,11.07,12.46));
#14904=CARTESIAN_POINT('',(1.89,11.6,14.235));
#14905=CARTESIAN_POINT('',(1.89,11.6,11.89));
#14906=CARTESIAN_POINT('',(3.57,11.6,12.085));
#14907=CARTESIAN_POINT('',(3.23,11.07,11.89));
#14908=CARTESIAN_POINT('',(4.43,11.6,14.235));
#14909=CARTESIAN_POINT('',(4.43,11.6,14.235));
#14910=CARTESIAN_POINT('',(4.43,11.6,12.085));
#14911=CARTESIAN_POINT('',(4.77,11.07,13.86));
#14912=CARTESIAN_POINT('',(4.77,11.07,13.86));
#14913=CARTESIAN_POINT('',(4.77,11.07,12.46));
#14914=CARTESIAN_POINT('',(4.77,11.07,12.46));
#14915=CARTESIAN_POINT('',(4.43,11.6,12.085));
#14916=CARTESIAN_POINT('',(4.43,11.6,11.89));
#14917=CARTESIAN_POINT('',(6.11,11.6,14.235));
#14918=CARTESIAN_POINT('',(6.11,11.6,14.235));
#14919=CARTESIAN_POINT('',(6.11,11.6,14.235));
#14920=CARTESIAN_POINT('',(5.77,11.07,13.86));
#14921=CARTESIAN_POINT('',(5.77,11.07,13.86));
#14922=CARTESIAN_POINT('',(4.387,11.6,14.235));
#14923=CARTESIAN_POINT('',(5.77,11.07,13.86));
#14924=CARTESIAN_POINT('',(5.77,11.07,12.46));
#14925=CARTESIAN_POINT('',(4.77,11.07,12.46));
#14926=CARTESIAN_POINT('',(4.77,11.07,12.403));
#14927=CARTESIAN_POINT('',(5.77,11.07,12.46));
#14928=CARTESIAN_POINT('',(6.11,11.6,12.085));
#14929=CARTESIAN_POINT('',(4.43,11.6,12.085));
#14930=CARTESIAN_POINT('',(4.387,11.07,12.46));
#14931=CARTESIAN_POINT('',(6.11,11.6,12.085));
#14932=CARTESIAN_POINT('',(5.77,11.07,11.89));
#14933=CARTESIAN_POINT('',(2.23,11.07,9.92));
#14934=CARTESIAN_POINT('',(2.23,11.07,9.92));
#14935=CARTESIAN_POINT('',(2.23,11.07,11.32));
#14936=CARTESIAN_POINT('',(3.23,11.07,11.32));
#14937=CARTESIAN_POINT('',(3.23,11.07,11.32));
#14938=CARTESIAN_POINT('',(3.23,11.07,11.32));
#14939=CARTESIAN_POINT('',(3.23,11.07,9.92));
#14940=CARTESIAN_POINT('',(2.23,11.07,9.92));
#14941=CARTESIAN_POINT('',(2.23,11.07,9.863));
#14942=CARTESIAN_POINT('',(3.57,11.6,11.695));
#14943=CARTESIAN_POINT('',(3.57,11.6,11.695));
#14944=CARTESIAN_POINT('',(1.89,11.6,11.695));
#14945=CARTESIAN_POINT('',(3.57,11.6,11.695));
#14946=CARTESIAN_POINT('',(2.23,11.07,11.32));
#14947=CARTESIAN_POINT('',(1.847,11.6,11.695));
#14948=CARTESIAN_POINT('',(3.23,11.07,9.92000000000001));
#14949=CARTESIAN_POINT('',(3.57,11.6,9.54500000000001));
#14950=CARTESIAN_POINT('',(1.89,11.6,9.54500000000001));
#14951=CARTESIAN_POINT('',(1.89,11.6,9.545));
#14952=CARTESIAN_POINT('',(1.89,11.6,9.545));
#14953=CARTESIAN_POINT('',(1.847,11.07,9.92));
#14954=CARTESIAN_POINT('',(1.89,11.6,11.695));
#14955=CARTESIAN_POINT('',(1.89,11.6,9.35));
#14956=CARTESIAN_POINT('',(3.57,11.6,9.54500000000001));
#14957=CARTESIAN_POINT('',(3.23,11.07,9.35));
#14958=CARTESIAN_POINT('',(4.43,11.6,11.695));
#14959=CARTESIAN_POINT('',(4.43,11.6,11.695));
#14960=CARTESIAN_POINT('',(4.43,11.6,9.545));
#14961=CARTESIAN_POINT('',(4.77,11.07,11.32));
#14962=CARTESIAN_POINT('',(4.77,11.07,11.32));
#14963=CARTESIAN_POINT('',(4.77,11.07,9.92));
#14964=CARTESIAN_POINT('',(4.77,11.07,9.92));
#14965=CARTESIAN_POINT('',(4.43,11.6,9.545));
#14966=CARTESIAN_POINT('',(4.43,11.6,9.35));
#14967=CARTESIAN_POINT('',(6.11,11.6,11.695));
#14968=CARTESIAN_POINT('',(6.11,11.6,11.695));
#14969=CARTESIAN_POINT('',(6.11,11.6,11.695));
#14970=CARTESIAN_POINT('',(5.77,11.07,11.32));
#14971=CARTESIAN_POINT('',(5.77,11.07,11.32));
#14972=CARTESIAN_POINT('',(4.387,11.6,11.695));
#14973=CARTESIAN_POINT('',(5.77,11.07,11.32));
#14974=CARTESIAN_POINT('',(5.77,11.07,9.92));
#14975=CARTESIAN_POINT('',(4.77,11.07,9.92));
#14976=CARTESIAN_POINT('',(4.77,11.07,9.863));
#14977=CARTESIAN_POINT('',(5.77,11.07,9.92000000000001));
#14978=CARTESIAN_POINT('',(6.11,11.6,9.54500000000001));
#14979=CARTESIAN_POINT('',(4.43,11.6,9.54500000000001));
#14980=CARTESIAN_POINT('',(4.387,11.07,9.92));
#14981=CARTESIAN_POINT('',(6.11,11.6,9.54500000000001));
#14982=CARTESIAN_POINT('',(5.77,11.07,9.35));
#14983=CARTESIAN_POINT('',(2.72999999999997,8.67361737988404E-16,10.62));
#14984=CARTESIAN_POINT('',(3.03,8.67361737988404E-16,10.62));
#14985=CARTESIAN_POINT('',(2.73000000000001,-4.5,10.62));
#14986=CARTESIAN_POINT('',(3.03,-4.5,10.62));
#14987=CARTESIAN_POINT('',(2.73000000000001,-4.5,10.62));
#14988=CARTESIAN_POINT('',(2.39999999999999,-4.5,10.2933847048584));
#14989=CARTESIAN_POINT('',(5.27000000000001,-4.5,10.62));
#14990=CARTESIAN_POINT('',(5.57,-4.5,10.62));
#14991=CARTESIAN_POINT('',(4.94,-4.5,10.2933847048584));
#14992=CARTESIAN_POINT('',(5.26999999999997,8.67361737988404E-16,10.62));
#14993=CARTESIAN_POINT('',(5.57,8.67361737988404E-16,10.62));
#14994=CARTESIAN_POINT('',(5.27000000000001,-4.5,10.62));
#14995=CARTESIAN_POINT('',(2.72999999999997,8.67361737988404E-16,13.16));
#14996=CARTESIAN_POINT('',(3.03,8.67361737988404E-16,13.16));
#14997=CARTESIAN_POINT('',(2.73000000000001,-4.5,13.16));
#14998=CARTESIAN_POINT('',(3.03,-4.5,13.16));
#14999=CARTESIAN_POINT('',(2.73000000000001,-4.5,13.16));
#15000=CARTESIAN_POINT('',(2.39999999999999,-4.5,12.8333847048584));
#15001=CARTESIAN_POINT('',(5.27000000000001,-4.5,13.16));
#15002=CARTESIAN_POINT('',(5.57,-4.5,13.16));
#15003=CARTESIAN_POINT('',(4.94,-4.5,12.8333847048584));
#15004=CARTESIAN_POINT('',(5.26999999999997,8.67361737988404E-16,13.16));
#15005=CARTESIAN_POINT('',(5.57,8.67361737988404E-16,13.16));
#15006=CARTESIAN_POINT('',(5.27000000000001,-4.5,13.16));
#15007=CARTESIAN_POINT('',(2.72999999999997,8.67361737988404E-16,15.7));
#15008=CARTESIAN_POINT('',(3.03,8.67361737988404E-16,15.7));
#15009=CARTESIAN_POINT('',(2.73000000000001,-4.5,15.7));
#15010=CARTESIAN_POINT('',(3.03,-4.5,15.7));
#15011=CARTESIAN_POINT('',(2.73000000000001,-4.5,15.7));
#15012=CARTESIAN_POINT('',(2.39999999999999,-4.5,15.3733847048584));
#15013=CARTESIAN_POINT('',(5.27000000000001,-4.5,15.7));
#15014=CARTESIAN_POINT('',(5.57,-4.5,15.7));
#15015=CARTESIAN_POINT('',(4.94,-4.5,15.3733847048584));
#15016=CARTESIAN_POINT('',(5.26999999999997,8.67361737988404E-16,15.7));
#15017=CARTESIAN_POINT('',(5.57,8.67361737988404E-16,15.7));
#15018=CARTESIAN_POINT('',(5.27000000000001,-4.5,15.7));
#15019=CARTESIAN_POINT('',(2.72999999999997,8.67361737988404E-16,18.24));
#15020=CARTESIAN_POINT('',(3.03,8.67361737988404E-16,18.24));
#15021=CARTESIAN_POINT('',(2.73000000000001,-4.5,18.24));
#15022=CARTESIAN_POINT('',(3.03,-4.5,18.24));
#15023=CARTESIAN_POINT('',(2.73000000000001,-4.5,18.24));
#15024=CARTESIAN_POINT('',(2.39999999999999,-4.5,17.9133847048584));
#15025=CARTESIAN_POINT('',(5.27000000000001,-4.5,18.24));
#15026=CARTESIAN_POINT('',(5.57,-4.5,18.24));
#15027=CARTESIAN_POINT('',(4.94,-4.5,17.9133847048584));
#15028=CARTESIAN_POINT('',(5.26999999999997,8.67361737988404E-16,18.24));
#15029=CARTESIAN_POINT('',(5.57,8.67361737988404E-16,18.24));
#15030=CARTESIAN_POINT('',(5.27000000000001,-4.5,18.24));
#15031=CARTESIAN_POINT('',(2.72999999999997,8.67361737988404E-16,20.78));
#15032=CARTESIAN_POINT('',(3.03,8.67361737988404E-16,20.78));
#15033=CARTESIAN_POINT('',(2.73000000000001,-4.5,20.78));
#15034=CARTESIAN_POINT('',(3.03,-4.5,20.78));
#15035=CARTESIAN_POINT('',(2.73000000000001,-4.5,20.78));
#15036=CARTESIAN_POINT('',(2.39999999999999,-4.5,20.4533847048584));
#15037=CARTESIAN_POINT('',(5.27000000000001,-4.5,20.78));
#15038=CARTESIAN_POINT('',(5.57,-4.5,20.78));
#15039=CARTESIAN_POINT('',(4.94,-4.5,20.4533847048584));
#15040=CARTESIAN_POINT('',(5.26999999999997,8.67361737988404E-16,20.78));
#15041=CARTESIAN_POINT('',(5.57,8.67361737988404E-16,20.78));
#15042=CARTESIAN_POINT('',(5.27000000000001,-4.5,20.78));
#15043=CARTESIAN_POINT('',(2.72999999999997,8.67361737988404E-16,23.32));
#15044=CARTESIAN_POINT('',(3.03,8.67361737988404E-16,23.32));
#15045=CARTESIAN_POINT('',(2.73000000000001,-4.5,23.32));
#15046=CARTESIAN_POINT('',(3.03,-4.5,23.32));
#15047=CARTESIAN_POINT('',(2.73000000000001,-4.5,23.32));
#15048=CARTESIAN_POINT('',(2.39999999999999,-4.5,22.9933847048584));
#15049=CARTESIAN_POINT('',(5.27000000000001,-4.5,23.32));
#15050=CARTESIAN_POINT('',(5.57,-4.5,23.32));
#15051=CARTESIAN_POINT('',(4.94,-4.5,22.9933847048584));
#15052=CARTESIAN_POINT('',(5.26999999999997,8.67361737988404E-16,23.32));
#15053=CARTESIAN_POINT('',(5.57,8.67361737988404E-16,23.32));
#15054=CARTESIAN_POINT('',(5.27000000000001,-4.5,23.32));
#15055=CARTESIAN_POINT('',(2.72999999999997,8.67361737988404E-16,25.86));
#15056=CARTESIAN_POINT('',(3.03,8.67361737988404E-16,25.86));
#15057=CARTESIAN_POINT('',(2.73000000000001,-4.5,25.86));
#15058=CARTESIAN_POINT('',(3.03,-4.5,25.86));
#15059=CARTESIAN_POINT('',(2.73000000000001,-4.5,25.86));
#15060=CARTESIAN_POINT('',(2.39999999999999,-4.5,25.5333847048584));
#15061=CARTESIAN_POINT('',(5.27000000000001,-4.5,25.86));
#15062=CARTESIAN_POINT('',(5.57,-4.5,25.86));
#15063=CARTESIAN_POINT('',(4.94,-4.5,25.5333847048584));
#15064=CARTESIAN_POINT('',(5.26999999999997,8.67361737988404E-16,25.86));
#15065=CARTESIAN_POINT('',(5.57,8.67361737988404E-16,25.86));
#15066=CARTESIAN_POINT('',(5.27000000000001,-4.5,25.86));
#15067=CARTESIAN_POINT('',(2.72999999999997,8.67361737988404E-16,28.4));
#15068=CARTESIAN_POINT('',(3.03,8.67361737988404E-16,28.4));
#15069=CARTESIAN_POINT('',(2.73000000000001,-4.5,28.4));
#15070=CARTESIAN_POINT('',(3.03,-4.5,28.4));
#15071=CARTESIAN_POINT('',(2.73000000000001,-4.5,28.4));
#15072=CARTESIAN_POINT('',(2.39999999999999,-4.5,28.0733847048584));
#15073=CARTESIAN_POINT('',(5.27000000000001,-4.5,28.4));
#15074=CARTESIAN_POINT('',(5.57,-4.5,28.4));
#15075=CARTESIAN_POINT('',(4.94,-4.5,28.0733847048584));
#15076=CARTESIAN_POINT('',(5.26999999999997,8.67361737988404E-16,28.4));
#15077=CARTESIAN_POINT('',(5.57,8.67361737988404E-16,28.4));
#15078=CARTESIAN_POINT('',(5.27000000000001,-4.5,28.4));
#15079=CARTESIAN_POINT('',(2.72999999999997,8.67361737988404E-16,30.94));
#15080=CARTESIAN_POINT('',(3.03,8.67361737988404E-16,30.94));
#15081=CARTESIAN_POINT('',(2.73000000000001,-4.5,30.94));
#15082=CARTESIAN_POINT('',(3.03,-4.5,30.94));
#15083=CARTESIAN_POINT('',(2.73000000000001,-4.5,30.94));
#15084=CARTESIAN_POINT('',(2.39999999999999,-4.5,30.6133847048584));
#15085=CARTESIAN_POINT('',(5.27000000000001,-4.5,30.94));
#15086=CARTESIAN_POINT('',(5.57,-4.5,30.94));
#15087=CARTESIAN_POINT('',(4.94,-4.5,30.6133847048584));
#15088=CARTESIAN_POINT('',(5.26999999999997,8.67361737988404E-16,30.94));
#15089=CARTESIAN_POINT('',(5.57,8.67361737988404E-16,30.94));
#15090=CARTESIAN_POINT('',(5.27000000000001,-4.5,30.94));
#15091=CARTESIAN_POINT('',(2.72999999999997,8.67361737988404E-16,33.48));
#15092=CARTESIAN_POINT('',(3.03,8.67361737988404E-16,33.48));
#15093=CARTESIAN_POINT('',(2.73000000000001,-4.5,33.48));
#15094=CARTESIAN_POINT('',(3.03,-4.5,33.48));
#15095=CARTESIAN_POINT('',(2.73000000000001,-4.5,33.48));
#15096=CARTESIAN_POINT('',(2.39999999999999,-4.5,33.1533847048584));
#15097=CARTESIAN_POINT('',(5.27000000000001,-4.5,33.48));
#15098=CARTESIAN_POINT('',(5.57,-4.5,33.48));
#15099=CARTESIAN_POINT('',(4.94,-4.5,33.1533847048584));
#15100=CARTESIAN_POINT('',(5.26999999999997,8.67361737988404E-16,33.48));
#15101=CARTESIAN_POINT('',(5.57,8.67361737988404E-16,33.48));
#15102=CARTESIAN_POINT('',(5.27000000000001,-4.5,33.48));
#15103=CARTESIAN_POINT('',(2.72999999999997,8.67361737988404E-16,36.02));
#15104=CARTESIAN_POINT('',(3.03,8.67361737988404E-16,36.02));
#15105=CARTESIAN_POINT('',(2.73000000000001,-4.5,36.02));
#15106=CARTESIAN_POINT('',(3.03,-4.5,36.02));
#15107=CARTESIAN_POINT('',(2.73000000000001,-4.5,36.02));
#15108=CARTESIAN_POINT('',(2.39999999999999,-4.5,35.6933847048584));
#15109=CARTESIAN_POINT('',(5.27000000000001,-4.5,36.02));
#15110=CARTESIAN_POINT('',(5.57,-4.5,36.02));
#15111=CARTESIAN_POINT('',(4.94,-4.5,35.6933847048584));
#15112=CARTESIAN_POINT('',(5.26999999999997,8.67361737988404E-16,36.02));
#15113=CARTESIAN_POINT('',(5.57,8.67361737988404E-16,36.02));
#15114=CARTESIAN_POINT('',(5.27000000000001,-4.5,36.02));
#15115=CARTESIAN_POINT('',(2.72999999999997,8.67361737988404E-16,38.56));
#15116=CARTESIAN_POINT('',(3.03,8.67361737988404E-16,38.56));
#15117=CARTESIAN_POINT('',(2.73000000000001,-4.5,38.56));
#15118=CARTESIAN_POINT('',(3.03,-4.5,38.56));
#15119=CARTESIAN_POINT('',(2.73000000000001,-4.5,38.56));
#15120=CARTESIAN_POINT('',(2.39999999999999,-4.5,38.2333847048584));
#15121=CARTESIAN_POINT('',(5.27000000000001,-4.5,38.56));
#15122=CARTESIAN_POINT('',(5.57,-4.5,38.56));
#15123=CARTESIAN_POINT('',(4.94,-4.5,38.2333847048584));
#15124=CARTESIAN_POINT('',(5.26999999999997,8.67361737988404E-16,38.56));
#15125=CARTESIAN_POINT('',(5.57,8.67361737988404E-16,38.56));
#15126=CARTESIAN_POINT('',(5.27000000000001,-4.5,38.56));
#15127=CARTESIAN_POINT('',(2.72999999999997,8.67361737988404E-16,41.1));
#15128=CARTESIAN_POINT('',(3.03,8.67361737988404E-16,41.1));
#15129=CARTESIAN_POINT('',(2.73000000000001,-4.5,41.1));
#15130=CARTESIAN_POINT('',(3.03,-4.5,41.1));
#15131=CARTESIAN_POINT('',(2.73000000000001,-4.5,41.1));
#15132=CARTESIAN_POINT('',(2.39999999999999,-4.5,40.7733847048584));
#15133=CARTESIAN_POINT('',(5.27000000000001,-4.5,41.1));
#15134=CARTESIAN_POINT('',(5.57,-4.5,41.1));
#15135=CARTESIAN_POINT('',(4.94,-4.5,40.7733847048584));
#15136=CARTESIAN_POINT('',(5.26999999999997,8.67361737988404E-16,41.1));
#15137=CARTESIAN_POINT('',(5.57,8.67361737988404E-16,41.1));
#15138=CARTESIAN_POINT('',(5.27000000000001,-4.5,41.1));
#15139=CARTESIAN_POINT('',(2.72999999999997,8.67361737988404E-16,43.64));
#15140=CARTESIAN_POINT('',(3.03,8.67361737988404E-16,43.64));
#15141=CARTESIAN_POINT('',(2.73000000000001,-4.5,43.64));
#15142=CARTESIAN_POINT('',(3.03,-4.5,43.64));
#15143=CARTESIAN_POINT('',(2.73000000000001,-4.5,43.64));
#15144=CARTESIAN_POINT('',(2.39999999999999,-4.5,43.3133847048584));
#15145=CARTESIAN_POINT('',(5.27000000000001,-4.5,43.64));
#15146=CARTESIAN_POINT('',(5.57,-4.5,43.64));
#15147=CARTESIAN_POINT('',(4.94,-4.5,43.3133847048584));
#15148=CARTESIAN_POINT('',(5.26999999999997,8.67361737988404E-16,43.64));
#15149=CARTESIAN_POINT('',(5.57,8.67361737988404E-16,43.64));
#15150=CARTESIAN_POINT('',(5.27000000000001,-4.5,43.64));
#15151=CARTESIAN_POINT('',(2.72999999999997,8.67361737988404E-16,46.18));
#15152=CARTESIAN_POINT('',(3.03,8.67361737988404E-16,46.18));
#15153=CARTESIAN_POINT('',(2.73000000000001,-4.5,46.18));
#15154=CARTESIAN_POINT('',(3.03,-4.5,46.18));
#15155=CARTESIAN_POINT('',(2.73000000000001,-4.5,46.18));
#15156=CARTESIAN_POINT('',(2.39999999999999,-4.5,45.8533847048584));
#15157=CARTESIAN_POINT('',(5.27000000000001,-4.5,46.18));
#15158=CARTESIAN_POINT('',(5.57,-4.5,46.18));
#15159=CARTESIAN_POINT('',(4.94,-4.5,45.8533847048584));
#15160=CARTESIAN_POINT('',(5.26999999999997,8.67361737988404E-16,46.18));
#15161=CARTESIAN_POINT('',(5.57,8.67361737988404E-16,46.18));
#15162=CARTESIAN_POINT('',(5.27000000000001,-4.5,46.18));
#15163=CARTESIAN_POINT('',(2.72999999999997,8.67361737988404E-16,48.72));
#15164=CARTESIAN_POINT('',(3.03,8.67361737988404E-16,48.72));
#15165=CARTESIAN_POINT('',(2.73000000000001,-4.5,48.72));
#15166=CARTESIAN_POINT('',(3.03,-4.5,48.72));
#15167=CARTESIAN_POINT('',(2.73000000000001,-4.5,48.72));
#15168=CARTESIAN_POINT('',(2.39999999999999,-4.5,48.3933847048584));
#15169=CARTESIAN_POINT('',(5.27000000000001,-4.5,48.72));
#15170=CARTESIAN_POINT('',(5.57,-4.5,48.72));
#15171=CARTESIAN_POINT('',(4.94,-4.5,48.3933847048584));
#15172=CARTESIAN_POINT('',(5.26999999999997,8.67361737988404E-16,48.72));
#15173=CARTESIAN_POINT('',(5.57,8.67361737988404E-16,48.72));
#15174=CARTESIAN_POINT('',(5.27000000000001,-4.5,48.72));
#15175=CARTESIAN_POINT('',(2.72999999999997,8.67361737988404E-16,51.26));
#15176=CARTESIAN_POINT('',(3.03,8.67361737988404E-16,51.26));
#15177=CARTESIAN_POINT('',(2.73000000000001,-4.5,51.26));
#15178=CARTESIAN_POINT('',(3.03,-4.5,51.26));
#15179=CARTESIAN_POINT('',(2.73000000000001,-4.5,51.26));
#15180=CARTESIAN_POINT('',(2.39999999999999,-4.5,50.9333847048584));
#15181=CARTESIAN_POINT('',(5.27000000000001,-4.5,51.26));
#15182=CARTESIAN_POINT('',(5.57,-4.5,51.26));
#15183=CARTESIAN_POINT('',(4.94,-4.5,50.9333847048584));
#15184=CARTESIAN_POINT('',(5.26999999999997,8.67361737988404E-16,51.26));
#15185=CARTESIAN_POINT('',(5.57,8.67361737988404E-16,51.26));
#15186=CARTESIAN_POINT('',(5.27000000000001,-4.5,51.26));
#15187=CARTESIAN_POINT('',(2.72999999999997,8.67361737988404E-16,53.8));
#15188=CARTESIAN_POINT('',(3.03,8.67361737988404E-16,53.8));
#15189=CARTESIAN_POINT('',(2.73000000000001,-4.5,53.8));
#15190=CARTESIAN_POINT('',(3.03,-4.5,53.8));
#15191=CARTESIAN_POINT('',(2.73000000000001,-4.5,53.8));
#15192=CARTESIAN_POINT('',(2.39999999999999,-4.5,53.4733847048584));
#15193=CARTESIAN_POINT('',(5.27000000000001,-4.5,53.8));
#15194=CARTESIAN_POINT('',(5.57,-4.5,53.8));
#15195=CARTESIAN_POINT('',(4.94,-4.5,53.4733847048584));
#15196=CARTESIAN_POINT('',(5.26999999999997,8.67361737988404E-16,53.8));
#15197=CARTESIAN_POINT('',(5.57,8.67361737988404E-16,53.8));
#15198=CARTESIAN_POINT('',(5.27000000000001,-4.5,53.8));
#15199=CARTESIAN_POINT('',(2.72999999999997,8.67361737988404E-16,56.34));
#15200=CARTESIAN_POINT('',(3.03,8.67361737988404E-16,56.34));
#15201=CARTESIAN_POINT('',(2.73000000000001,-4.5,56.34));
#15202=CARTESIAN_POINT('',(3.03,-4.5,56.34));
#15203=CARTESIAN_POINT('',(2.73000000000001,-4.5,56.34));
#15204=CARTESIAN_POINT('',(2.39999999999999,-4.5,56.0133847048584));
#15205=CARTESIAN_POINT('',(5.27000000000001,-4.5,56.34));
#15206=CARTESIAN_POINT('',(5.57,-4.5,56.34));
#15207=CARTESIAN_POINT('',(4.94,-4.5,56.0133847048584));
#15208=CARTESIAN_POINT('',(5.26999999999997,8.67361737988404E-16,56.34));
#15209=CARTESIAN_POINT('',(5.57,8.67361737988404E-16,56.34));
#15210=CARTESIAN_POINT('',(5.27000000000001,-4.5,56.34));
#15211=CARTESIAN_POINT('',(2.72999999999997,8.67361737988404E-16,58.88));
#15212=CARTESIAN_POINT('',(3.03,8.67361737988404E-16,58.88));
#15213=CARTESIAN_POINT('',(2.73000000000001,-4.5,58.88));
#15214=CARTESIAN_POINT('',(3.03,-4.5,58.88));
#15215=CARTESIAN_POINT('',(2.73000000000001,-4.5,58.88));
#15216=CARTESIAN_POINT('',(2.39999999999999,-4.5,58.5533847048584));
#15217=CARTESIAN_POINT('',(5.27000000000001,-4.5,58.88));
#15218=CARTESIAN_POINT('',(5.57,-4.5,58.88));
#15219=CARTESIAN_POINT('',(4.94,-4.5,58.5533847048584));
#15220=CARTESIAN_POINT('',(5.26999999999997,8.67361737988404E-16,58.88));
#15221=CARTESIAN_POINT('',(5.57,8.67361737988404E-16,58.88));
#15222=CARTESIAN_POINT('',(5.27000000000001,-4.5,58.88));
#15223=CARTESIAN_POINT('',(2.72999999999997,8.67361737988404E-16,61.42));
#15224=CARTESIAN_POINT('',(3.03,8.67361737988404E-16,61.42));
#15225=CARTESIAN_POINT('',(2.73000000000001,-4.5,61.42));
#15226=CARTESIAN_POINT('',(3.03,-4.5,61.42));
#15227=CARTESIAN_POINT('',(2.73000000000001,-4.5,61.42));
#15228=CARTESIAN_POINT('',(2.39999999999999,-4.5,61.0933847048584));
#15229=CARTESIAN_POINT('',(5.27000000000001,-4.5,61.42));
#15230=CARTESIAN_POINT('',(5.57,-4.5,61.42));
#15231=CARTESIAN_POINT('',(4.94,-4.5,61.0933847048584));
#15232=CARTESIAN_POINT('',(5.26999999999997,8.67361737988404E-16,61.42));
#15233=CARTESIAN_POINT('',(5.57,8.67361737988404E-16,61.42));
#15234=CARTESIAN_POINT('',(5.27000000000001,-4.5,61.42));
#15235=CARTESIAN_POINT('',(2.72999999999997,8.67361737988404E-16,63.96));
#15236=CARTESIAN_POINT('',(3.03,8.67361737988404E-16,63.96));
#15237=CARTESIAN_POINT('',(2.73000000000001,-4.5,63.96));
#15238=CARTESIAN_POINT('',(3.03,-4.5,63.96));
#15239=CARTESIAN_POINT('',(2.73000000000001,-4.5,63.96));
#15240=CARTESIAN_POINT('',(2.39999999999999,-4.5,63.6333847048584));
#15241=CARTESIAN_POINT('',(5.27000000000001,-4.5,63.96));
#15242=CARTESIAN_POINT('',(5.57,-4.5,63.96));
#15243=CARTESIAN_POINT('',(4.94,-4.5,63.6333847048584));
#15244=CARTESIAN_POINT('',(5.26999999999997,8.67361737988404E-16,63.96));
#15245=CARTESIAN_POINT('',(5.57,8.67361737988404E-16,63.96));
#15246=CARTESIAN_POINT('',(5.27000000000001,-4.5,63.96));
#15247=CARTESIAN_POINT('',(2.72999999999997,8.67361737988404E-16,66.5));
#15248=CARTESIAN_POINT('',(3.03,8.67361737988404E-16,66.5));
#15249=CARTESIAN_POINT('',(2.73000000000001,-4.5,66.5));
#15250=CARTESIAN_POINT('',(3.03,-4.5,66.5));
#15251=CARTESIAN_POINT('',(2.73000000000001,-4.5,66.5));
#15252=CARTESIAN_POINT('',(2.39999999999999,-4.5,66.1733847048584));
#15253=CARTESIAN_POINT('',(5.27000000000001,-4.5,66.5));
#15254=CARTESIAN_POINT('',(5.57,-4.5,66.5));
#15255=CARTESIAN_POINT('',(4.94,-4.5,66.1733847048584));
#15256=CARTESIAN_POINT('',(5.26999999999997,8.67361737988404E-16,66.5));
#15257=CARTESIAN_POINT('',(5.57,8.67361737988404E-16,66.5));
#15258=CARTESIAN_POINT('',(5.27000000000001,-4.5,66.5));
#15259=CARTESIAN_POINT('',(2.72999999999997,8.67361737988404E-16,69.04));
#15260=CARTESIAN_POINT('',(3.03,8.67361737988404E-16,69.04));
#15261=CARTESIAN_POINT('',(2.73000000000001,-4.5,69.04));
#15262=CARTESIAN_POINT('',(3.03,-4.5,69.04));
#15263=CARTESIAN_POINT('',(2.73000000000001,-4.5,69.04));
#15264=CARTESIAN_POINT('',(2.39999999999999,-4.5,68.7133847048584));
#15265=CARTESIAN_POINT('',(5.27000000000001,-4.5,69.04));
#15266=CARTESIAN_POINT('',(5.57,-4.5,69.04));
#15267=CARTESIAN_POINT('',(4.94,-4.5,68.7133847048584));
#15268=CARTESIAN_POINT('',(5.26999999999997,8.67361737988404E-16,69.04));
#15269=CARTESIAN_POINT('',(5.57,8.67361737988404E-16,69.04));
#15270=CARTESIAN_POINT('',(5.27000000000001,-4.5,69.04));
#15271=CARTESIAN_POINT('',(2.72999999999997,8.67361737988404E-16,71.58));
#15272=CARTESIAN_POINT('',(3.03,8.67361737988404E-16,71.58));
#15273=CARTESIAN_POINT('',(2.73000000000001,-4.5,71.58));
#15274=CARTESIAN_POINT('',(3.03,-4.5,71.58));
#15275=CARTESIAN_POINT('',(2.73000000000001,-4.5,71.58));
#15276=CARTESIAN_POINT('',(2.39999999999999,-4.5,71.2533847048584));
#15277=CARTESIAN_POINT('',(5.27000000000001,-4.5,71.58));
#15278=CARTESIAN_POINT('',(5.57,-4.5,71.58));
#15279=CARTESIAN_POINT('',(4.94,-4.5,71.2533847048584));
#15280=CARTESIAN_POINT('',(5.26999999999997,8.67361737988404E-16,71.58));
#15281=CARTESIAN_POINT('',(5.57,8.67361737988404E-16,71.58));
#15282=CARTESIAN_POINT('',(5.27000000000001,-4.5,71.58));
#15283=CARTESIAN_POINT('',(2.72999999999997,8.67361737988404E-16,74.12));
#15284=CARTESIAN_POINT('',(3.03,8.67361737988404E-16,74.12));
#15285=CARTESIAN_POINT('',(2.73000000000001,-4.5,74.12));
#15286=CARTESIAN_POINT('',(3.03,-4.5,74.12));
#15287=CARTESIAN_POINT('',(2.73000000000001,-4.5,74.12));
#15288=CARTESIAN_POINT('',(2.39999999999999,-4.5,73.7933847048584));
#15289=CARTESIAN_POINT('',(5.27000000000001,-4.5,74.12));
#15290=CARTESIAN_POINT('',(5.57,-4.5,74.12));
#15291=CARTESIAN_POINT('',(4.94,-4.5,73.7933847048584));
#15292=CARTESIAN_POINT('',(5.26999999999997,8.67361737988404E-16,74.12));
#15293=CARTESIAN_POINT('',(5.57,8.67361737988404E-16,74.12));
#15294=CARTESIAN_POINT('',(5.27000000000001,-4.5,74.12));
#15295=CARTESIAN_POINT('',(2.72999999999997,8.67361737988404E-16,76.66));
#15296=CARTESIAN_POINT('',(3.03,8.67361737988404E-16,76.66));
#15297=CARTESIAN_POINT('',(2.73000000000001,-4.5,76.66));
#15298=CARTESIAN_POINT('',(3.03,-4.5,76.66));
#15299=CARTESIAN_POINT('',(2.73000000000001,-4.5,76.66));
#15300=CARTESIAN_POINT('',(2.39999999999999,-4.5,76.3333847048584));
#15301=CARTESIAN_POINT('',(5.27000000000001,-4.5,76.66));
#15302=CARTESIAN_POINT('',(5.57,-4.5,76.66));
#15303=CARTESIAN_POINT('',(4.94,-4.5,76.3333847048584));
#15304=CARTESIAN_POINT('',(5.26999999999997,8.67361737988404E-16,76.66));
#15305=CARTESIAN_POINT('',(5.57,8.67361737988404E-16,76.66));
#15306=CARTESIAN_POINT('',(5.27000000000001,-4.5,76.66));
#15307=CARTESIAN_POINT('',(2.72999999999997,8.67361737988404E-16,79.2));
#15308=CARTESIAN_POINT('',(3.03,8.67361737988404E-16,79.2));
#15309=CARTESIAN_POINT('',(2.73000000000001,-4.5,79.2));
#15310=CARTESIAN_POINT('',(3.03,-4.5,79.2));
#15311=CARTESIAN_POINT('',(2.73000000000001,-4.5,79.2));
#15312=CARTESIAN_POINT('',(2.39999999999999,-4.5,78.8733847048584));
#15313=CARTESIAN_POINT('',(5.27000000000001,-4.5,79.2));
#15314=CARTESIAN_POINT('',(5.57,-4.5,79.2));
#15315=CARTESIAN_POINT('',(4.94,-4.5,78.8733847048584));
#15316=CARTESIAN_POINT('',(5.26999999999997,8.67361737988404E-16,79.2));
#15317=CARTESIAN_POINT('',(5.57,8.67361737988404E-16,79.2));
#15318=CARTESIAN_POINT('',(5.27000000000001,-4.5,79.2));
#15319=CARTESIAN_POINT('',(2.72999999999997,8.67361737988404E-16,81.74));
#15320=CARTESIAN_POINT('',(3.03,8.67361737988404E-16,81.74));
#15321=CARTESIAN_POINT('',(2.73000000000001,-4.5,81.74));
#15322=CARTESIAN_POINT('',(3.03,-4.5,81.74));
#15323=CARTESIAN_POINT('',(2.73000000000001,-4.5,81.74));
#15324=CARTESIAN_POINT('',(2.39999999999999,-4.5,81.4133847048584));
#15325=CARTESIAN_POINT('',(5.27000000000001,-4.5,81.74));
#15326=CARTESIAN_POINT('',(5.57,-4.5,81.74));
#15327=CARTESIAN_POINT('',(4.94,-4.5,81.4133847048584));
#15328=CARTESIAN_POINT('',(5.26999999999997,8.67361737988404E-16,81.74));
#15329=CARTESIAN_POINT('',(5.57,8.67361737988404E-16,81.74));
#15330=CARTESIAN_POINT('',(5.27000000000001,-4.5,81.74));
#15331=CARTESIAN_POINT('',(2.72999999999997,8.67361737988404E-16,84.28));
#15332=CARTESIAN_POINT('',(3.03,8.67361737988404E-16,84.28));
#15333=CARTESIAN_POINT('',(2.73000000000001,-4.5,84.28));
#15334=CARTESIAN_POINT('',(3.03,-4.5,84.28));
#15335=CARTESIAN_POINT('',(2.73000000000001,-4.5,84.28));
#15336=CARTESIAN_POINT('',(2.39999999999999,-4.5,83.9533847048584));
#15337=CARTESIAN_POINT('',(5.27000000000001,-4.5,84.28));
#15338=CARTESIAN_POINT('',(5.57,-4.5,84.28));
#15339=CARTESIAN_POINT('',(4.94,-4.5,83.9533847048584));
#15340=CARTESIAN_POINT('',(5.26999999999997,8.67361737988404E-16,84.28));
#15341=CARTESIAN_POINT('',(5.57,8.67361737988404E-16,84.28));
#15342=CARTESIAN_POINT('',(5.27000000000001,-4.5,84.28));
#15343=CARTESIAN_POINT('',(2.73000000000001,-4.5,86.82));
#15344=CARTESIAN_POINT('',(3.03,-4.5,86.82));
#15345=CARTESIAN_POINT('',(2.39999999999999,-4.5,86.4933847048584));
#15346=CARTESIAN_POINT('',(2.72999999999997,8.67361737988404E-16,86.82));
#15347=CARTESIAN_POINT('',(3.03,8.67361737988404E-16,86.82));
#15348=CARTESIAN_POINT('',(2.73000000000001,-4.5,86.82));
#15349=CARTESIAN_POINT('',(2.73,-4.5,8.08));
#15350=CARTESIAN_POINT('',(3.03,-4.5,8.08));
#15351=CARTESIAN_POINT('',(2.39999999999999,-4.5,7.75338470485844));
#15352=CARTESIAN_POINT('',(2.73,8.67361737988404E-16,8.08));
#15353=CARTESIAN_POINT('',(3.03,8.67361737988404E-16,8.08));
#15354=CARTESIAN_POINT('',(2.72999999999999,-4.5,8.08));
#15355=CARTESIAN_POINT('',(5.27,-4.5,8.08));
#15356=CARTESIAN_POINT('',(5.57,-4.5,8.08));
#15357=CARTESIAN_POINT('',(4.94,-4.5,7.75338470485844));
#15358=CARTESIAN_POINT('',(5.27,8.67361737988404E-16,8.08));
#15359=CARTESIAN_POINT('',(5.57,8.67361737988404E-16,8.08));
#15360=CARTESIAN_POINT('',(5.27,-4.5,8.08));
#15361=CARTESIAN_POINT('',(4.96999999999999,2.8,2.45000000000002));
#15362=CARTESIAN_POINT('',(4.96999999999999,2.8,1.05000000000002));
#15363=CARTESIAN_POINT('',(4.96999999999999,4.85831625307245E-15,2.45000000000002));
#15364=CARTESIAN_POINT('',(4.96999999999999,4.85831625307245E-15,1.05000000000002));
#15365=CARTESIAN_POINT('',(4.96999999999999,4.77048955893622E-15,2.45000000000002));
#15366=CARTESIAN_POINT('',(4.96999999999999,2.80000000000001,92.45));
#15367=CARTESIAN_POINT('',(4.96999999999999,2.8,91.05));
#15368=CARTESIAN_POINT('',(4.97,4.85831625307245E-15,92.45));
#15369=CARTESIAN_POINT('',(4.96999999999999,4.85831625307245E-15,91.05));
#15370=CARTESIAN_POINT('',(4.96999999999999,4.77048955893622E-15,92.45));
#15371=CARTESIAN_POINT('',(3.9,3.7,89.95));
#15372=CARTESIAN_POINT('',(3.9,3.7,89.95));
#15373=CARTESIAN_POINT('',(3.9,10.95,89.95));
#15374=CARTESIAN_POINT('',(3.9,3.7,88.9));
#15375=CARTESIAN_POINT('',(3.9,3.7,88.9));
#15376=CARTESIAN_POINT('',(3.9,3.7,88.9));
#15377=CARTESIAN_POINT('',(3.9,10.95,88.9));
#15378=CARTESIAN_POINT('',(3.9,10.95,89.95));
#15379=CARTESIAN_POINT('',(3.9,3.7,88.795));
#15380=CARTESIAN_POINT('',(1.,10.95,89.95));
#15381=CARTESIAN_POINT('',(1.,10.95,89.95));
#15382=CARTESIAN_POINT('',(1.,3.7,89.95));
#15383=CARTESIAN_POINT('',(1.,3.7,89.95));
#15384=CARTESIAN_POINT('',(3.14583302492208,3.7,89.95));
#15385=CARTESIAN_POINT('',(3.14583302492208,3.7,89.949999999996));
#15386=CARTESIAN_POINT('',(3.14583302492439,2.8,89.949999999992));
#15387=CARTESIAN_POINT('',(3.14583302492439,2.8,89.949999999992));
#15388=CARTESIAN_POINT('',(6.8741669750756,2.8,89.949999999992));
#15389=CARTESIAN_POINT('',(6.8741669750756,2.8,89.949999999992));
#15390=CARTESIAN_POINT('',(6.8741669750756,3.7,89.949999999992));
#15391=CARTESIAN_POINT('',(6.8741669750756,3.7,89.949999999992));
#15392=CARTESIAN_POINT('',(3.9,3.7,89.949999999992));
#15393=CARTESIAN_POINT('',(6.9741669750756,2.7,89.9499999999911));
#15394=CARTESIAN_POINT('',(2.02,2.8,91.9));
#15395=CARTESIAN_POINT('',(2.02,2.8,91.9));
#15396=CARTESIAN_POINT('',(2.02,3.7,91.9));
#15397=CARTESIAN_POINT('',(3.14583302492439,2.8,89.949999999992));
#15398=CARTESIAN_POINT('',(3.14583302492439,3.7,89.949999999996));
#15399=CARTESIAN_POINT('',(3.14583302492439,2.8,89.949999999992));
#15400=CARTESIAN_POINT('',(2.02,5.,92.45));
#15401=CARTESIAN_POINT('',(2.02,5.,92.45));
#15402=CARTESIAN_POINT('',(1.64756351637396E-16,5.,92.45));
#15403=CARTESIAN_POINT('',(0.,5.,94.9));
#15404=CARTESIAN_POINT('',(1.64756351637396E-16,5.,94.9));
#15405=CARTESIAN_POINT('',(2.02,5.,94.9));
#15406=CARTESIAN_POINT('',(2.02,5.,94.9));
#15407=CARTESIAN_POINT('',(2.02,5.,92.45));
#15408=CARTESIAN_POINT('',(0.,5.,94.9));
#15409=CARTESIAN_POINT('',(-3.46944695195361E-15,3.7,92.45));
#15410=CARTESIAN_POINT('',(-3.46944695195361E-15,3.7,92.45));
#15411=CARTESIAN_POINT('',(2.02,3.7,92.45));
#15412=CARTESIAN_POINT('',(-3.46944695195361E-15,5.,92.45));
#15413=CARTESIAN_POINT('',(2.02,3.7,92.45));
#15414=CARTESIAN_POINT('',(-3.46944695195361E-15,3.7,92.45));
#15415=CARTESIAN_POINT('',(2.02,2.8,94.9));
#15416=CARTESIAN_POINT('',(2.02,2.8,94.9));
#15417=CARTESIAN_POINT('',(2.02,2.8,91.9));
#15418=CARTESIAN_POINT('',(2.02,3.7,91.9));
#15419=CARTESIAN_POINT('',(2.02,2.8,91.9));
#15420=CARTESIAN_POINT('',(1.,3.7,85.95));
#15421=CARTESIAN_POINT('',(1.,3.7,85.95));
#15422=CARTESIAN_POINT('',(1.,3.7,85.95));
#15423=CARTESIAN_POINT('',(0.,3.7,85.95));
#15424=CARTESIAN_POINT('',(-3.46944695195361E-15,3.7,92.45));
#15425=CARTESIAN_POINT('',(-0.400000000000067,3.7,92.775));
#15426=CARTESIAN_POINT('',(1.,3.7,8.94999999998502));
#15427=CARTESIAN_POINT('',(1.,3.7,8.94999999998502));
#15428=CARTESIAN_POINT('',(1.,5.05,8.94999999998502));
#15429=CARTESIAN_POINT('',(0.,3.7,8.94999999998502));
#15430=CARTESIAN_POINT('',(0.,3.7,8.94999999998502));
#15431=CARTESIAN_POINT('',(0.,5.05,8.94999999998502));
#15432=CARTESIAN_POINT('',(0.,5.05,8.94999999998502));
#15433=CARTESIAN_POINT('',(1.,5.05,8.94999999998502));
#15434=CARTESIAN_POINT('',(0.,3.7,8.94999999998502));
#15435=CARTESIAN_POINT('',(2.22044604925032E-16,5.05,85.95));
#15436=CARTESIAN_POINT('',(0.,5.05,85.95));
#15437=CARTESIAN_POINT('',(1.,5.05,85.95));
#15438=CARTESIAN_POINT('',(1.,5.05,8.94999999998502));
#15439=CARTESIAN_POINT('',(2.16840434497101E-16,5.05,8.94999999998502));
#15440=CARTESIAN_POINT('',(1.,5.05,0.));
#15441=CARTESIAN_POINT('',(0.,3.7,85.95));
#15442=CARTESIAN_POINT('',(1.,5.05,85.95));
#15443=CARTESIAN_POINT('',(1.,3.7,85.95));
#15444=CARTESIAN_POINT('',(1.,10.95,4.94999999999998));
#15445=CARTESIAN_POINT('',(1.,10.95,4.94999999999998));
#15446=CARTESIAN_POINT('',(1.,10.95,4.94999999999998));
#15447=CARTESIAN_POINT('',(1.,3.7,4.94999999999998));
#15448=CARTESIAN_POINT('',(1.,3.7,4.94999999999998));
#15449=CARTESIAN_POINT('',(1.,11.7,-0.1));
#15450=CARTESIAN_POINT('',(3.89999999999994,3.7,5.99999999999999));
#15451=CARTESIAN_POINT('',(3.89999999999994,3.7,5.99999999999999));
#15452=CARTESIAN_POINT('',(3.89999999999994,10.95,5.99999999999999));
#15453=CARTESIAN_POINT('',(3.89999999999994,3.7,4.94999999999998));
#15454=CARTESIAN_POINT('',(3.89999999999994,3.7,4.94999999999998));
#15455=CARTESIAN_POINT('',(3.89999999999994,3.7,4.94999999999998));
#15456=CARTESIAN_POINT('',(3.89999999999994,10.95,4.94999999999998));
#15457=CARTESIAN_POINT('',(3.89999999999994,10.95,5.99999999999999));
#15458=CARTESIAN_POINT('',(3.89999999999994,3.7,4.94999999999998));
#15459=CARTESIAN_POINT('',(7.,3.7,5.99999999999999));
#15460=CARTESIAN_POINT('',(7.,3.7,5.99999999999999));
#15461=CARTESIAN_POINT('',(7.,10.95,5.99999999999999));
#15462=CARTESIAN_POINT('',(3.89999999999994,3.7,5.99999999999999));
#15463=CARTESIAN_POINT('',(7.,10.95,5.99999999999999));
#15464=CARTESIAN_POINT('',(3.58999999999993,3.7,5.99999999999999));
#15465=CARTESIAN_POINT('',(3.23,11.07,87.52));
#15466=CARTESIAN_POINT('',(3.23,11.07,87.52));
#15467=CARTESIAN_POINT('',(3.23,11.07,86.12));
#15468=CARTESIAN_POINT('',(3.57,11.6,87.895));
#15469=CARTESIAN_POINT('',(3.57,11.6,87.895));
#15470=CARTESIAN_POINT('',(3.57,11.6,85.745));
#15471=CARTESIAN_POINT('',(3.57,11.6,85.745));
#15472=CARTESIAN_POINT('',(3.23,11.07,86.12));
#15473=CARTESIAN_POINT('',(3.23,11.07,85.55));
#15474=CARTESIAN_POINT('',(2.23,11.07,86.12));
#15475=CARTESIAN_POINT('',(2.23,11.07,86.12));
#15476=CARTESIAN_POINT('',(2.23,11.07,87.52));
#15477=CARTESIAN_POINT('',(3.23,11.07,87.52));
#15478=CARTESIAN_POINT('',(2.23,11.07,86.12));
#15479=CARTESIAN_POINT('',(2.23,11.07,86.063));
#15480=CARTESIAN_POINT('',(1.89,11.6,85.745));
#15481=CARTESIAN_POINT('',(1.89,11.6,85.745));
#15482=CARTESIAN_POINT('',(1.89,11.6,85.745));
#15483=CARTESIAN_POINT('',(1.847,11.07,86.12));
#15484=CARTESIAN_POINT('',(1.89,11.6,87.895));
#15485=CARTESIAN_POINT('',(1.89,11.6,87.895));
#15486=CARTESIAN_POINT('',(2.23,11.07,87.52));
#15487=CARTESIAN_POINT('',(1.89,11.6,85.55));
#15488=CARTESIAN_POINT('',(3.57,11.6,87.895));
#15489=CARTESIAN_POINT('',(1.847,11.6,87.895));
#15490=CARTESIAN_POINT('',(5.77,11.07,87.52));
#15491=CARTESIAN_POINT('',(5.77,11.07,87.52));
#15492=CARTESIAN_POINT('',(5.77,11.07,86.12));
#15493=CARTESIAN_POINT('',(6.11,11.6,87.895));
#15494=CARTESIAN_POINT('',(6.11,11.6,87.895));
#15495=CARTESIAN_POINT('',(6.11,11.6,85.745));
#15496=CARTESIAN_POINT('',(6.11,11.6,85.745));
#15497=CARTESIAN_POINT('',(5.77,11.07,86.12));
#15498=CARTESIAN_POINT('',(5.77,11.07,85.55));
#15499=CARTESIAN_POINT('',(4.77,11.07,86.12));
#15500=CARTESIAN_POINT('',(4.77,11.07,86.12));
#15501=CARTESIAN_POINT('',(4.77,11.07,87.52));
#15502=CARTESIAN_POINT('',(5.77,11.07,87.52));
#15503=CARTESIAN_POINT('',(4.77,11.07,86.12));
#15504=CARTESIAN_POINT('',(4.77,11.07,86.063));
#15505=CARTESIAN_POINT('',(4.43,11.6,85.745));
#15506=CARTESIAN_POINT('',(4.43,11.6,85.745));
#15507=CARTESIAN_POINT('',(4.43,11.6,85.745));
#15508=CARTESIAN_POINT('',(4.387,11.07,86.12));
#15509=CARTESIAN_POINT('',(4.43,11.6,87.895));
#15510=CARTESIAN_POINT('',(4.43,11.6,87.895));
#15511=CARTESIAN_POINT('',(4.77,11.07,87.52));
#15512=CARTESIAN_POINT('',(4.43,11.6,85.55));
#15513=CARTESIAN_POINT('',(6.11,11.6,87.895));
#15514=CARTESIAN_POINT('',(4.387,11.6,87.895));
#15515=CARTESIAN_POINT('',(3.23,11.07,8.78));
#15516=CARTESIAN_POINT('',(3.23,11.07,8.78));
#15517=CARTESIAN_POINT('',(3.23,11.07,7.38));
#15518=CARTESIAN_POINT('',(3.57,11.6,9.155));
#15519=CARTESIAN_POINT('',(3.57,11.6,9.155));
#15520=CARTESIAN_POINT('',(3.57,11.6,7.005));
#15521=CARTESIAN_POINT('',(3.57,11.6,7.005));
#15522=CARTESIAN_POINT('',(3.23,11.07,7.38000000000001));
#15523=CARTESIAN_POINT('',(3.23,11.07,6.81));
#15524=CARTESIAN_POINT('',(2.23,11.07,7.38));
#15525=CARTESIAN_POINT('',(2.23,11.07,7.38));
#15526=CARTESIAN_POINT('',(2.23,11.07,8.78));
#15527=CARTESIAN_POINT('',(3.23,11.07,8.78));
#15528=CARTESIAN_POINT('',(2.23,11.07,7.38));
#15529=CARTESIAN_POINT('',(2.23,11.07,7.323));
#15530=CARTESIAN_POINT('',(1.89,11.6,7.005));
#15531=CARTESIAN_POINT('',(1.89,11.6,7.005));
#15532=CARTESIAN_POINT('',(1.89,11.6,7.005));
#15533=CARTESIAN_POINT('',(1.847,11.07,7.38));
#15534=CARTESIAN_POINT('',(1.89,11.6,9.155));
#15535=CARTESIAN_POINT('',(1.89,11.6,9.155));
#15536=CARTESIAN_POINT('',(2.23,11.07,8.78));
#15537=CARTESIAN_POINT('',(1.89,11.6,6.81));
#15538=CARTESIAN_POINT('',(3.57,11.6,9.155));
#15539=CARTESIAN_POINT('',(1.847,11.6,9.155));
#15540=CARTESIAN_POINT('',(5.77,11.07,8.78));
#15541=CARTESIAN_POINT('',(5.77,11.07,8.78));
#15542=CARTESIAN_POINT('',(5.77,11.07,7.38));
#15543=CARTESIAN_POINT('',(6.11,11.6,9.155));
#15544=CARTESIAN_POINT('',(6.11,11.6,9.155));
#15545=CARTESIAN_POINT('',(6.11,11.6,7.005));
#15546=CARTESIAN_POINT('',(6.11,11.6,7.005));
#15547=CARTESIAN_POINT('',(5.77,11.07,7.38000000000001));
#15548=CARTESIAN_POINT('',(5.77,11.07,6.81));
#15549=CARTESIAN_POINT('',(4.77,11.07,7.38));
#15550=CARTESIAN_POINT('',(4.77,11.07,7.38));
#15551=CARTESIAN_POINT('',(4.77,11.07,8.78));
#15552=CARTESIAN_POINT('',(5.77,11.07,8.78));
#15553=CARTESIAN_POINT('',(4.77,11.07,7.38));
#15554=CARTESIAN_POINT('',(4.77,11.07,7.323));
#15555=CARTESIAN_POINT('',(4.43,11.6,7.005));
#15556=CARTESIAN_POINT('',(4.43,11.6,7.005));
#15557=CARTESIAN_POINT('',(4.43,11.6,7.005));
#15558=CARTESIAN_POINT('',(4.387,11.07,7.38));
#15559=CARTESIAN_POINT('',(4.43,11.6,9.155));
#15560=CARTESIAN_POINT('',(4.43,11.6,9.155));
#15561=CARTESIAN_POINT('',(4.77,11.07,8.78));
#15562=CARTESIAN_POINT('',(4.43,11.6,6.81));
#15563=CARTESIAN_POINT('',(6.11,11.6,9.155));
#15564=CARTESIAN_POINT('',(4.387,11.6,9.155));
#15565=CARTESIAN_POINT('',(3.24999999999994,11.6,6.64999999999999));
#15566=CARTESIAN_POINT('',(3.24999999999994,11.6,6.64999999999999));
#15567=CARTESIAN_POINT('',(3.24999999999994,11.6,5.59999999999998));
#15568=CARTESIAN_POINT('',(3.24999999999994,11.6,5.59999999999998));
#15569=CARTESIAN_POINT('',(1.65,11.6,5.59999999999998));
#15570=CARTESIAN_POINT('',(1.65,11.6,5.59999999999998));
#15571=CARTESIAN_POINT('',(1.65,11.6,89.3));
#15572=CARTESIAN_POINT('',(1.65,11.6,89.3));
#15573=CARTESIAN_POINT('',(3.25,11.6,89.3));
#15574=CARTESIAN_POINT('',(3.25,11.6,89.3));
#15575=CARTESIAN_POINT('',(3.25,11.6,88.25));
#15576=CARTESIAN_POINT('',(3.25,11.6,88.25));
#15577=CARTESIAN_POINT('',(6.35,11.6,88.25));
#15578=CARTESIAN_POINT('',(6.35,11.6,6.64999999999999));
#15579=CARTESIAN_POINT('',(6.35,11.6,6.64999999999999));
#15580=CARTESIAN_POINT('',(6.35,11.6,6.64999999999999));
#15581=CARTESIAN_POINT('',(6.82,11.6,0.));
#15582=CARTESIAN_POINT('',(7.,10.95,5.99999999999999));
#15583=CARTESIAN_POINT('',(6.35,11.6,88.25));
#15584=CARTESIAN_POINT('',(7.,10.95,88.9));
#15585=CARTESIAN_POINT('',(7.,10.95,5.99999999999999));
#15586=CARTESIAN_POINT('',(7.,10.95,0.));
#15587=CARTESIAN_POINT('',(3.24999999999994,11.6,6.64999999999999));
#15588=CARTESIAN_POINT('',(7.,10.95,5.99999999999999));
#15589=CARTESIAN_POINT('',(3.89999999999994,10.95,4.94999999999998));
#15590=CARTESIAN_POINT('',(3.89999999999994,10.95,6.64999999999999));
#15591=CARTESIAN_POINT('',(3.89999999999994,10.95,4.94999999999998));
#15592=CARTESIAN_POINT('',(1.65,11.6,5.59999999999998));
#15593=CARTESIAN_POINT('',(3.89999999999994,10.95,4.94999999999998));
#15594=CARTESIAN_POINT('',(1.,10.95,89.95));
#15595=CARTESIAN_POINT('',(1.65,11.6,0.));
#15596=CARTESIAN_POINT('',(3.9,10.95,89.95));
#15597=CARTESIAN_POINT('',(1.,10.95,89.95));
#15598=CARTESIAN_POINT('',(3.25,11.6,88.25));
#15599=CARTESIAN_POINT('',(3.9,10.95,89.95));
#15600=CARTESIAN_POINT('',(3.9,10.95,88.9));
#15601=CARTESIAN_POINT('',(3.25,10.95,88.9));
#15602=CARTESIAN_POINT('',(7.,3.7,88.9));
#15603=CARTESIAN_POINT('',(7.,3.7,88.9));
#15604=CARTESIAN_POINT('',(7.,10.95,88.9));
#15605=CARTESIAN_POINT('',(7.,3.7,88.9));
#15606=CARTESIAN_POINT('',(7.,3.7,88.9));
#15607=CARTESIAN_POINT('',(7.,3.7,85.95));
#15608=CARTESIAN_POINT('',(7.,3.7,85.95));
#15609=CARTESIAN_POINT('',(7.,5.05,85.95));
#15610=CARTESIAN_POINT('',(7.,5.05,85.95));
#15611=CARTESIAN_POINT('',(7.,5.05,8.949999999985));
#15612=CARTESIAN_POINT('',(7.,5.05,8.949999999985));
#15613=CARTESIAN_POINT('',(7.,3.7,8.949999999985));
#15614=CARTESIAN_POINT('',(7.,3.7,8.949999999985));
#15615=CARTESIAN_POINT('',(7.,3.6,-0.1));
#15616=CARTESIAN_POINT('',(8.00000000000123,3.7,85.95));
#15617=CARTESIAN_POINT('',(8.00000000000123,3.7,85.95));
#15618=CARTESIAN_POINT('',(8.00000000000123,5.05,85.95));
#15619=CARTESIAN_POINT('',(8.,5.05,85.95));
#15620=CARTESIAN_POINT('',(7.,5.05,85.95));
#15621=CARTESIAN_POINT('',(8.00000000000123,3.7,85.95));
#15622=CARTESIAN_POINT('',(8.,5.05,8.949999999985));
#15623=CARTESIAN_POINT('',(8.,5.05,8.949999999985));
#15624=CARTESIAN_POINT('',(8.,5.05,8.949999999985));
#15625=CARTESIAN_POINT('',(8.,5.05,0.));
#15626=CARTESIAN_POINT('',(8.,3.7,8.949999999985));
#15627=CARTESIAN_POINT('',(8.,3.7,8.949999999985));
#15628=CARTESIAN_POINT('',(7.,3.7,8.949999999985));
#15629=CARTESIAN_POINT('',(7.,3.7,8.949999999985));
#15630=CARTESIAN_POINT('',(8.00000000000003,2.80000000000001,1.38777878078145E-14));
#15631=CARTESIAN_POINT('',(8.,2.80000000000001,0.));
#15632=CARTESIAN_POINT('',(8.00000000000003,2.80000000000001,4.00000000000002));
#15633=CARTESIAN_POINT('',(8.00000000000003,2.80000000000001,4.00000000000002));
#15634=CARTESIAN_POINT('',(8.,3.7,4.00000000000002));
#15635=CARTESIAN_POINT('',(8.,3.7,4.00000000000002));
#15636=CARTESIAN_POINT('',(8.00000000000123,3.7,85.95));
#15637=CARTESIAN_POINT('',(8.,3.7,90.9));
#15638=CARTESIAN_POINT('',(8.,3.7,90.9));
#15639=CARTESIAN_POINT('',(8.,2.80000000000001,90.9));
#15640=CARTESIAN_POINT('',(8.,2.80000000000001,90.9));
#15641=CARTESIAN_POINT('',(8.,2.80000000000001,94.9));
#15642=CARTESIAN_POINT('',(8.,2.80000000000001,94.9));
#15643=CARTESIAN_POINT('',(8.,0.,94.9));
#15644=CARTESIAN_POINT('',(8.,0.,0.));
#15645=CARTESIAN_POINT('',(8.,0.,0.));
#15646=CARTESIAN_POINT('',(8.,0.,0.));
#15647=CARTESIAN_POINT('',(8.,0.,0.));
#15648=CARTESIAN_POINT('',(7.42264973081037,3.7,90.9));
#15649=CARTESIAN_POINT('',(7.42264973081037,3.7,90.9));
#15650=CARTESIAN_POINT('',(7.42264973081037,2.80000000000001,90.9));
#15651=CARTESIAN_POINT('',(8.,2.80000000000001,90.9));
#15652=CARTESIAN_POINT('',(8.00000000000015,3.7,90.9));
#15653=CARTESIAN_POINT('',(8.,2.80000000000001,90.9));
#15654=CARTESIAN_POINT('',(7.42264973081037,3.7,90.9));
#15655=CARTESIAN_POINT('',(-0.400000000000067,3.7,92.775));
#15656=CARTESIAN_POINT('',(7.42264973081037,2.80000000000001,90.9));
#15657=CARTESIAN_POINT('',(7.42264973081037,2.80000000000001,90.9));
#15658=CARTESIAN_POINT('',(8.,2.80000000000001,94.9));
#15659=CARTESIAN_POINT('',(1.721,2.8,95.1475000000004));
#15660=CARTESIAN_POINT('',(0.,0.,94.9));
#15661=CARTESIAN_POINT('',(0.,0.,94.9));
#15662=CARTESIAN_POINT('',(8.,0.,94.9));
#15663=CARTESIAN_POINT('',(-0.4,-0.58,94.9));
#15664=CARTESIAN_POINT('',(0.,4.3,2.45000000000001));
#15665=CARTESIAN_POINT('',(1.41690462408161E-16,4.3,2.4499999999925));
#15666=CARTESIAN_POINT('',(1.41690462408161E-16,4.3,0.));
#15667=CARTESIAN_POINT('',(1.41690462408161E-16,4.3,0.));
#15668=CARTESIAN_POINT('',(0.,0.,0.));
#15669=CARTESIAN_POINT('',(0.,0.,0.));
#15670=CARTESIAN_POINT('',(0.,3.7,8.94999999998502));
#15671=CARTESIAN_POINT('',(0.,3.7,2.44999999998499));
#15672=CARTESIAN_POINT('',(0.,3.7,2.44999999998499));
#15673=CARTESIAN_POINT('',(1.6640391515377E-16,5.05,0.));
#15674=CARTESIAN_POINT('',(0.,4.3,0.));
#15675=CARTESIAN_POINT('',(2.02000000000004,4.3,2.00617702540337E-30));
#15676=CARTESIAN_POINT('',(0.,4.3,2.45000000000001));
#15677=CARTESIAN_POINT('',(2.02000000000004,4.3,2.44999999998499));
#15678=CARTESIAN_POINT('',(2.02000000000004,4.3,-6.93889390390723E-15));
#15679=CARTESIAN_POINT('',(0.,4.3,2.45000000000001));
#15680=CARTESIAN_POINT('',(2.02000000000004,3.7,2.44999999998499));
#15681=CARTESIAN_POINT('',(2.02000000000004,3.7,2.44999999998499));
#15682=CARTESIAN_POINT('',(2.02000000000004,4.3,2.44999999998499));
#15683=CARTESIAN_POINT('',(2.61800000000003,3.7,2.44999999998499));
#15684=CARTESIAN_POINT('',(2.02000000000004,3.7,2.44999999998499));
#15685=CARTESIAN_POINT('',(2.02000000000004,3.7,3.));
#15686=CARTESIAN_POINT('',(2.02000000000004,2.8,3.));
#15687=CARTESIAN_POINT('',(2.02000000000004,2.8,3.));
#15688=CARTESIAN_POINT('',(2.02000000000004,2.8,0.));
#15689=CARTESIAN_POINT('',(2.02000000000004,2.8,0.));
#15690=CARTESIAN_POINT('',(2.02000000000004,4.3,0.));
#15691=CARTESIAN_POINT('',(2.02000000000004,2.8,0.));
#15692=CARTESIAN_POINT('',(1.,3.7,4.94999999999998));
#15693=CARTESIAN_POINT('',(3.14583302491749,3.7,4.94999999999599));
#15694=CARTESIAN_POINT('',(2.02000000000004,3.7,3.));
#15695=CARTESIAN_POINT('',(-0.400000000000001,3.7,9.27499999998503));
#15696=CARTESIAN_POINT('',(3.14583302491519,3.7,4.949999999992));
#15697=CARTESIAN_POINT('',(3.14583302491519,2.8,4.949999999992));
#15698=CARTESIAN_POINT('',(2.02000000000004,2.8,3.));
#15699=CARTESIAN_POINT('',(2.02000000000004,2.8,3.));
#15700=CARTESIAN_POINT('',(6.87416697508488,3.7,4.94999999999202));
#15701=CARTESIAN_POINT('',(6.87416697508488,3.7,4.94999999999202));
#15702=CARTESIAN_POINT('',(6.87416697508488,2.8,4.94999999999202));
#15703=CARTESIAN_POINT('',(6.87416697508488,2.8,4.94999999999202));
#15704=CARTESIAN_POINT('',(3.14583302491519,2.8,4.949999999992));
#15705=CARTESIAN_POINT('',(0.900000000000001,2.7,4.94999999999992));
#15706=CARTESIAN_POINT('',(7.4226497308104,3.7,4.00000000000002));
#15707=CARTESIAN_POINT('',(7.4226497308104,3.7,4.00000000000002));
#15708=CARTESIAN_POINT('',(7.4226497308104,2.80000000000001,4.00000000000002));
#15709=CARTESIAN_POINT('',(6.87416697508488,2.8,4.94999999999202));
#15710=CARTESIAN_POINT('',(6.87416697508488,3.7,4.94999999999202));
#15711=CARTESIAN_POINT('',(6.87416697508488,2.8,4.94999999999202));
#15712=CARTESIAN_POINT('',(7.4226497308104,3.7,4.00000000000002));
#15713=CARTESIAN_POINT('',(-0.400000000000001,3.7,9.27499999998503));
#15714=CARTESIAN_POINT('',(7.4226497308104,2.80000000000001,4.00000000000002));
#15715=CARTESIAN_POINT('',(7.4226497308104,2.80000000000001,4.00000000000002));
#15716=CARTESIAN_POINT('',(2.02000000000004,2.8,0.));
#15717=CARTESIAN_POINT('',(1.72100000000003,2.8,5.1974999999916));
#15718=CARTESIAN_POINT('',(0.,0.,0.));
#15719=CARTESIAN_POINT('',(-0.4,5.088,0.));
#15720=CARTESIAN_POINT('',(5.26999999999997,8.67361737988404E-16,86.82));
#15721=CARTESIAN_POINT('',(5.57,8.67361737988404E-16,86.82));
#15722=CARTESIAN_POINT('',(0.,0.,0.));
#15723=CARTESIAN_POINT('',(5.27000000000001,-4.5,86.82));
#15724=CARTESIAN_POINT('',(5.57,-4.5,86.82));
#15725=CARTESIAN_POINT('',(5.27000000000001,-4.5,86.82));
#15726=CARTESIAN_POINT('',(4.94,-4.5,86.4933847048584));
#15727=MECHANICAL_DESIGN_GEOMETRIC_PRESENTATION_REPRESENTATION('',(#392,
#23,#24,#25,#26,#27,#28,#29,#30,#31,#32,#33,#34,#35,#36,#37,#38,#39,#40,
#41,#42,#43,#44,#45,#46,#47,#48,#49,#50,#51,#52,#53,#54,#55,#56,#57,#58,
#59,#60,#61,#62,#63,#64,#65,#66,#67,#68,#69,#70,#71,#72,#73,#74,#75,#76,
#77,#78,#79,#80,#81,#82,#83,#84,#85,#86,#87,#88,#89,#90,#91,#92,#93,#94,
#95,#96,#97,#98,#99,#100,#101,#102,#103,#104,#105,#106,#107,#108,#109,#110,
#111,#112,#113,#114,#115,#116,#117,#118,#119,#120,#121,#122,#123,#124,#125,
#126,#127,#128,#129,#130,#131,#132,#133,#134,#135,#136,#137,#138,#139,#140,
#141,#142,#143,#144,#145,#146,#147,#148,#149,#150,#151,#152,#153,#154,#155,
#156,#157,#158,#159,#160,#161,#162,#163,#164,#165,#166,#167,#168,#169,#170,
#171,#172,#173,#174,#175,#176,#177,#178,#179,#180,#181,#182,#183,#184,#185,
#186,#187,#188,#189,#190,#191,#192,#193,#194,#195,#196,#197,#198,#199,#200,
#201,#202,#203,#204,#205,#206,#207,#208,#209,#210,#211,#212,#213,#214,#215,
#216,#217,#218,#219,#220,#221,#222,#223,#224,#225,#226,#227,#228,#229,#230,
#231,#232,#233,#234,#235,#236,#237,#238,#239,#240,#241,#242,#243,#244,#245,
#246,#247,#248,#249,#250,#251,#252,#253,#254,#255,#256,#257,#258,#259,#260,
#261,#262,#263,#264,#265,#266,#267,#268,#269,#270,#271,#272,#273,#274,#275,
#276,#277,#278,#279,#280,#281,#282,#283,#284,#285,#286,#287,#288,#289,#290,
#291,#292,#293,#294,#295,#296,#297,#298,#299,#300,#301,#302,#303,#304,#305,
#306,#307,#308,#309,#310,#311,#312,#313,#314,#315,#316,#317,#318,#319,#320,
#321,#322,#323,#324,#325,#326,#327,#328,#329,#330,#331,#332,#333,#334,#335,
#336,#337,#338,#339,#340,#341,#342,#343,#344,#345,#346,#347,#348,#349,#350,
#351,#352,#353,#354,#355,#356,#357,#358,#359,#360,#361,#362,#363,#364,#365,
#366,#367,#368,#369,#370,#371,#372,#373,#374,#375,#376,#377,#378,#379,#380,
#381,#382,#383,#384,#385,#386,#387,#388,#389,#390),#15728);
#15728=(
GEOMETRIC_REPRESENTATION_CONTEXT(3)
GLOBAL_UNCERTAINTY_ASSIGNED_CONTEXT((#15729))
GLOBAL_UNIT_ASSIGNED_CONTEXT((#15735,#15731,#15730))
REPRESENTATION_CONTEXT('100072262ugm000_b','TOP_LEVEL_ASSEMBLY_PART')
);
#15729=UNCERTAINTY_MEASURE_WITH_UNIT(LENGTH_MEASURE(2.E-5),#15735,
'DISTANCE_ACCURACY_VALUE','Maximum Tolerance applied to model');
#15730=(
NAMED_UNIT(*)
SI_UNIT($,.STERADIAN.)
SOLID_ANGLE_UNIT()
);
#15731=(
CONVERSION_BASED_UNIT('DEGREE',#15733)
NAMED_UNIT(#15732)
PLANE_ANGLE_UNIT()
);
#15732=DIMENSIONAL_EXPONENTS(0.,0.,0.,0.,0.,0.,0.);
#15733=PLANE_ANGLE_MEASURE_WITH_UNIT(PLANE_ANGLE_MEASURE(0.0174532925),
#15734);
#15734=(
NAMED_UNIT(*)
PLANE_ANGLE_UNIT()
SI_UNIT($,.RADIAN.)
);
#15735=(
LENGTH_UNIT()
NAMED_UNIT(*)
SI_UNIT(.MILLI.,.METRE.)
);
ENDSEC;
END-ISO-10303-21;
