ISO-10303-21;
HEADER;
/* Generated by software containing ST-Developer
 * from STEP Tools, Inc. (www.steptools.com) 
 */
/* OPTION: using custom schema-name function */

FILE_DESCRIPTION(
/* description */ (''),
/* implementation_level */ '2;1');

FILE_NAME(
/* name */ '100072265ugm000_b.stp',
/* time_stamp */ '2022-04-26T16:24:40+02:00',
/* author */ (''),
/* organization */ (''),
/* preprocessor_version */ 'ST-DEVELOPER v16.7',
/* originating_system */ 'SIEMENS PLM Software NX 1911',
/* authorisation */ '');

FILE_SCHEMA (('AUTOMOTIVE_DESIGN { 1 0 10303 214 3 1 1 1 }'));
ENDSEC;

DATA;
#10=SHAPE_REPRESENTATION_RELATIONSHIP('None',
'relationship between 100072265ugm000_b-None and 100072265ugm000_b-Non
e',#22,#11);
#11=ADVANCED_BREP_SHAPE_REPRESENTATION('100072265ugm000_b-None',(#376),
#10489);
#12=SHAPE_DEFINITION_REPRESENTATION(#13,#22);
#13=PRODUCT_DEFINITION_SHAPE('','',#14);
#14=PRODUCT_DEFINITION(' ','',#16,#15);
#15=PRODUCT_DEFINITION_CONTEXT('part definition',#21,'design');
#16=PRODUCT_DEFINITION_FORMATION_WITH_SPECIFIED_SOURCE(' ',' ',#18,
 .NOT_KNOWN.);
#17=PRODUCT_RELATED_PRODUCT_CATEGORY('part','',(#18));
#18=PRODUCT('100072265ugm000_b','100072265ugm000_b',' ',(#19));
#19=PRODUCT_CONTEXT(' ',#21,'mechanical');
#20=APPLICATION_PROTOCOL_DEFINITION('international standard',
'automotive_design',2010,#21);
#21=APPLICATION_CONTEXT(
'core data for automotive mechanical design processes');
#22=SHAPE_REPRESENTATION('100072265ugm000_b-None',(#5612),#10489);
#23=OVER_RIDING_STYLED_ITEM('',(#75),#1833,#73);
#24=OVER_RIDING_STYLED_ITEM('',(#76),#1834,#73);
#25=OVER_RIDING_STYLED_ITEM('',(#77),#1835,#73);
#26=OVER_RIDING_STYLED_ITEM('',(#78),#1844,#73);
#27=OVER_RIDING_STYLED_ITEM('',(#79),#1845,#73);
#28=OVER_RIDING_STYLED_ITEM('',(#80),#1846,#73);
#29=OVER_RIDING_STYLED_ITEM('',(#81),#1847,#73);
#30=OVER_RIDING_STYLED_ITEM('',(#82),#1848,#73);
#31=OVER_RIDING_STYLED_ITEM('',(#83),#1849,#73);
#32=OVER_RIDING_STYLED_ITEM('',(#84),#1850,#73);
#33=OVER_RIDING_STYLED_ITEM('',(#85),#1851,#73);
#34=OVER_RIDING_STYLED_ITEM('',(#86),#1852,#73);
#35=OVER_RIDING_STYLED_ITEM('',(#87),#1853,#73);
#36=OVER_RIDING_STYLED_ITEM('',(#88),#1854,#73);
#37=OVER_RIDING_STYLED_ITEM('',(#89),#1855,#73);
#38=OVER_RIDING_STYLED_ITEM('',(#90),#1856,#73);
#39=OVER_RIDING_STYLED_ITEM('',(#91),#1857,#73);
#40=OVER_RIDING_STYLED_ITEM('',(#92),#1858,#73);
#41=OVER_RIDING_STYLED_ITEM('',(#93),#1859,#73);
#42=OVER_RIDING_STYLED_ITEM('',(#94),#1860,#73);
#43=OVER_RIDING_STYLED_ITEM('',(#95),#1861,#73);
#44=OVER_RIDING_STYLED_ITEM('',(#96),#1862,#73);
#45=OVER_RIDING_STYLED_ITEM('',(#97),#1863,#73);
#46=OVER_RIDING_STYLED_ITEM('',(#98),#1864,#73);
#47=OVER_RIDING_STYLED_ITEM('',(#99),#1865,#73);
#48=OVER_RIDING_STYLED_ITEM('',(#100),#1866,#73);
#49=OVER_RIDING_STYLED_ITEM('',(#101),#1867,#73);
#50=OVER_RIDING_STYLED_ITEM('',(#102),#1868,#73);
#51=OVER_RIDING_STYLED_ITEM('',(#103),#1869,#73);
#52=OVER_RIDING_STYLED_ITEM('',(#104),#1870,#73);
#53=OVER_RIDING_STYLED_ITEM('',(#105),#1871,#73);
#54=OVER_RIDING_STYLED_ITEM('',(#106),#1872,#73);
#55=OVER_RIDING_STYLED_ITEM('',(#107),#1873,#73);
#56=OVER_RIDING_STYLED_ITEM('',(#108),#1874,#73);
#57=OVER_RIDING_STYLED_ITEM('',(#109),#1875,#73);
#58=OVER_RIDING_STYLED_ITEM('',(#110),#1876,#73);
#59=OVER_RIDING_STYLED_ITEM('',(#111),#1877,#73);
#60=OVER_RIDING_STYLED_ITEM('',(#112),#1878,#73);
#61=OVER_RIDING_STYLED_ITEM('',(#113),#1879,#73);
#62=OVER_RIDING_STYLED_ITEM('',(#114),#1880,#73);
#63=OVER_RIDING_STYLED_ITEM('',(#115),#1881,#73);
#64=OVER_RIDING_STYLED_ITEM('',(#116),#1882,#73);
#65=OVER_RIDING_STYLED_ITEM('',(#117),#1883,#73);
#66=OVER_RIDING_STYLED_ITEM('',(#118),#1884,#73);
#67=OVER_RIDING_STYLED_ITEM('',(#119),#1885,#73);
#68=OVER_RIDING_STYLED_ITEM('',(#120),#1886,#73);
#69=OVER_RIDING_STYLED_ITEM('',(#121),#1887,#73);
#70=OVER_RIDING_STYLED_ITEM('',(#122),#1888,#73);
#71=OVER_RIDING_STYLED_ITEM('',(#123),#1889,#73);
#72=PRESENTATION_LAYER_ASSIGNMENT('1','Layer 1',(#376));
#73=STYLED_ITEM('',(#74),#376);
#74=PRESENTATION_STYLE_ASSIGNMENT((#124));
#75=PRESENTATION_STYLE_ASSIGNMENT((#125));
#76=PRESENTATION_STYLE_ASSIGNMENT((#126));
#77=PRESENTATION_STYLE_ASSIGNMENT((#127));
#78=PRESENTATION_STYLE_ASSIGNMENT((#128));
#79=PRESENTATION_STYLE_ASSIGNMENT((#129));
#80=PRESENTATION_STYLE_ASSIGNMENT((#130));
#81=PRESENTATION_STYLE_ASSIGNMENT((#131));
#82=PRESENTATION_STYLE_ASSIGNMENT((#132));
#83=PRESENTATION_STYLE_ASSIGNMENT((#133));
#84=PRESENTATION_STYLE_ASSIGNMENT((#134));
#85=PRESENTATION_STYLE_ASSIGNMENT((#135));
#86=PRESENTATION_STYLE_ASSIGNMENT((#136));
#87=PRESENTATION_STYLE_ASSIGNMENT((#137));
#88=PRESENTATION_STYLE_ASSIGNMENT((#138));
#89=PRESENTATION_STYLE_ASSIGNMENT((#139));
#90=PRESENTATION_STYLE_ASSIGNMENT((#140));
#91=PRESENTATION_STYLE_ASSIGNMENT((#141));
#92=PRESENTATION_STYLE_ASSIGNMENT((#142));
#93=PRESENTATION_STYLE_ASSIGNMENT((#143));
#94=PRESENTATION_STYLE_ASSIGNMENT((#144));
#95=PRESENTATION_STYLE_ASSIGNMENT((#145));
#96=PRESENTATION_STYLE_ASSIGNMENT((#146));
#97=PRESENTATION_STYLE_ASSIGNMENT((#147));
#98=PRESENTATION_STYLE_ASSIGNMENT((#148));
#99=PRESENTATION_STYLE_ASSIGNMENT((#149));
#100=PRESENTATION_STYLE_ASSIGNMENT((#150));
#101=PRESENTATION_STYLE_ASSIGNMENT((#151));
#102=PRESENTATION_STYLE_ASSIGNMENT((#152));
#103=PRESENTATION_STYLE_ASSIGNMENT((#153));
#104=PRESENTATION_STYLE_ASSIGNMENT((#154));
#105=PRESENTATION_STYLE_ASSIGNMENT((#155));
#106=PRESENTATION_STYLE_ASSIGNMENT((#156));
#107=PRESENTATION_STYLE_ASSIGNMENT((#157));
#108=PRESENTATION_STYLE_ASSIGNMENT((#158));
#109=PRESENTATION_STYLE_ASSIGNMENT((#159));
#110=PRESENTATION_STYLE_ASSIGNMENT((#160));
#111=PRESENTATION_STYLE_ASSIGNMENT((#161));
#112=PRESENTATION_STYLE_ASSIGNMENT((#162));
#113=PRESENTATION_STYLE_ASSIGNMENT((#163));
#114=PRESENTATION_STYLE_ASSIGNMENT((#164));
#115=PRESENTATION_STYLE_ASSIGNMENT((#165));
#116=PRESENTATION_STYLE_ASSIGNMENT((#166));
#117=PRESENTATION_STYLE_ASSIGNMENT((#167));
#118=PRESENTATION_STYLE_ASSIGNMENT((#168));
#119=PRESENTATION_STYLE_ASSIGNMENT((#169));
#120=PRESENTATION_STYLE_ASSIGNMENT((#170));
#121=PRESENTATION_STYLE_ASSIGNMENT((#171));
#122=PRESENTATION_STYLE_ASSIGNMENT((#172));
#123=PRESENTATION_STYLE_ASSIGNMENT((#173));
#124=SURFACE_STYLE_USAGE(.BOTH.,#174);
#125=SURFACE_STYLE_USAGE(.BOTH.,#175);
#126=SURFACE_STYLE_USAGE(.BOTH.,#176);
#127=SURFACE_STYLE_USAGE(.BOTH.,#177);
#128=SURFACE_STYLE_USAGE(.BOTH.,#178);
#129=SURFACE_STYLE_USAGE(.BOTH.,#179);
#130=SURFACE_STYLE_USAGE(.BOTH.,#180);
#131=SURFACE_STYLE_USAGE(.BOTH.,#181);
#132=SURFACE_STYLE_USAGE(.BOTH.,#182);
#133=SURFACE_STYLE_USAGE(.BOTH.,#183);
#134=SURFACE_STYLE_USAGE(.BOTH.,#184);
#135=SURFACE_STYLE_USAGE(.BOTH.,#185);
#136=SURFACE_STYLE_USAGE(.BOTH.,#186);
#137=SURFACE_STYLE_USAGE(.BOTH.,#187);
#138=SURFACE_STYLE_USAGE(.BOTH.,#188);
#139=SURFACE_STYLE_USAGE(.BOTH.,#189);
#140=SURFACE_STYLE_USAGE(.BOTH.,#190);
#141=SURFACE_STYLE_USAGE(.BOTH.,#191);
#142=SURFACE_STYLE_USAGE(.BOTH.,#192);
#143=SURFACE_STYLE_USAGE(.BOTH.,#193);
#144=SURFACE_STYLE_USAGE(.BOTH.,#194);
#145=SURFACE_STYLE_USAGE(.BOTH.,#195);
#146=SURFACE_STYLE_USAGE(.BOTH.,#196);
#147=SURFACE_STYLE_USAGE(.BOTH.,#197);
#148=SURFACE_STYLE_USAGE(.BOTH.,#198);
#149=SURFACE_STYLE_USAGE(.BOTH.,#199);
#150=SURFACE_STYLE_USAGE(.BOTH.,#200);
#151=SURFACE_STYLE_USAGE(.BOTH.,#201);
#152=SURFACE_STYLE_USAGE(.BOTH.,#202);
#153=SURFACE_STYLE_USAGE(.BOTH.,#203);
#154=SURFACE_STYLE_USAGE(.BOTH.,#204);
#155=SURFACE_STYLE_USAGE(.BOTH.,#205);
#156=SURFACE_STYLE_USAGE(.BOTH.,#206);
#157=SURFACE_STYLE_USAGE(.BOTH.,#207);
#158=SURFACE_STYLE_USAGE(.BOTH.,#208);
#159=SURFACE_STYLE_USAGE(.BOTH.,#209);
#160=SURFACE_STYLE_USAGE(.BOTH.,#210);
#161=SURFACE_STYLE_USAGE(.BOTH.,#211);
#162=SURFACE_STYLE_USAGE(.BOTH.,#212);
#163=SURFACE_STYLE_USAGE(.BOTH.,#213);
#164=SURFACE_STYLE_USAGE(.BOTH.,#214);
#165=SURFACE_STYLE_USAGE(.BOTH.,#215);
#166=SURFACE_STYLE_USAGE(.BOTH.,#216);
#167=SURFACE_STYLE_USAGE(.BOTH.,#217);
#168=SURFACE_STYLE_USAGE(.BOTH.,#218);
#169=SURFACE_STYLE_USAGE(.BOTH.,#219);
#170=SURFACE_STYLE_USAGE(.BOTH.,#220);
#171=SURFACE_STYLE_USAGE(.BOTH.,#221);
#172=SURFACE_STYLE_USAGE(.BOTH.,#222);
#173=SURFACE_STYLE_USAGE(.BOTH.,#223);
#174=SURFACE_SIDE_STYLE('',(#224));
#175=SURFACE_SIDE_STYLE('',(#225));
#176=SURFACE_SIDE_STYLE('',(#226));
#177=SURFACE_SIDE_STYLE('',(#227));
#178=SURFACE_SIDE_STYLE('',(#228));
#179=SURFACE_SIDE_STYLE('',(#229));
#180=SURFACE_SIDE_STYLE('',(#230));
#181=SURFACE_SIDE_STYLE('',(#231));
#182=SURFACE_SIDE_STYLE('',(#232));
#183=SURFACE_SIDE_STYLE('',(#233));
#184=SURFACE_SIDE_STYLE('',(#234));
#185=SURFACE_SIDE_STYLE('',(#235));
#186=SURFACE_SIDE_STYLE('',(#236));
#187=SURFACE_SIDE_STYLE('',(#237));
#188=SURFACE_SIDE_STYLE('',(#238));
#189=SURFACE_SIDE_STYLE('',(#239));
#190=SURFACE_SIDE_STYLE('',(#240));
#191=SURFACE_SIDE_STYLE('',(#241));
#192=SURFACE_SIDE_STYLE('',(#242));
#193=SURFACE_SIDE_STYLE('',(#243));
#194=SURFACE_SIDE_STYLE('',(#244));
#195=SURFACE_SIDE_STYLE('',(#245));
#196=SURFACE_SIDE_STYLE('',(#246));
#197=SURFACE_SIDE_STYLE('',(#247));
#198=SURFACE_SIDE_STYLE('',(#248));
#199=SURFACE_SIDE_STYLE('',(#249));
#200=SURFACE_SIDE_STYLE('',(#250));
#201=SURFACE_SIDE_STYLE('',(#251));
#202=SURFACE_SIDE_STYLE('',(#252));
#203=SURFACE_SIDE_STYLE('',(#253));
#204=SURFACE_SIDE_STYLE('',(#254));
#205=SURFACE_SIDE_STYLE('',(#255));
#206=SURFACE_SIDE_STYLE('',(#256));
#207=SURFACE_SIDE_STYLE('',(#257));
#208=SURFACE_SIDE_STYLE('',(#258));
#209=SURFACE_SIDE_STYLE('',(#259));
#210=SURFACE_SIDE_STYLE('',(#260));
#211=SURFACE_SIDE_STYLE('',(#261));
#212=SURFACE_SIDE_STYLE('',(#262));
#213=SURFACE_SIDE_STYLE('',(#263));
#214=SURFACE_SIDE_STYLE('',(#264));
#215=SURFACE_SIDE_STYLE('',(#265));
#216=SURFACE_SIDE_STYLE('',(#266));
#217=SURFACE_SIDE_STYLE('',(#267));
#218=SURFACE_SIDE_STYLE('',(#268));
#219=SURFACE_SIDE_STYLE('',(#269));
#220=SURFACE_SIDE_STYLE('',(#270));
#221=SURFACE_SIDE_STYLE('',(#271));
#222=SURFACE_SIDE_STYLE('',(#272));
#223=SURFACE_SIDE_STYLE('',(#273));
#224=SURFACE_STYLE_FILL_AREA(#274);
#225=SURFACE_STYLE_FILL_AREA(#275);
#226=SURFACE_STYLE_FILL_AREA(#276);
#227=SURFACE_STYLE_FILL_AREA(#277);
#228=SURFACE_STYLE_FILL_AREA(#278);
#229=SURFACE_STYLE_FILL_AREA(#279);
#230=SURFACE_STYLE_FILL_AREA(#280);
#231=SURFACE_STYLE_FILL_AREA(#281);
#232=SURFACE_STYLE_FILL_AREA(#282);
#233=SURFACE_STYLE_FILL_AREA(#283);
#234=SURFACE_STYLE_FILL_AREA(#284);
#235=SURFACE_STYLE_FILL_AREA(#285);
#236=SURFACE_STYLE_FILL_AREA(#286);
#237=SURFACE_STYLE_FILL_AREA(#287);
#238=SURFACE_STYLE_FILL_AREA(#288);
#239=SURFACE_STYLE_FILL_AREA(#289);
#240=SURFACE_STYLE_FILL_AREA(#290);
#241=SURFACE_STYLE_FILL_AREA(#291);
#242=SURFACE_STYLE_FILL_AREA(#292);
#243=SURFACE_STYLE_FILL_AREA(#293);
#244=SURFACE_STYLE_FILL_AREA(#294);
#245=SURFACE_STYLE_FILL_AREA(#295);
#246=SURFACE_STYLE_FILL_AREA(#296);
#247=SURFACE_STYLE_FILL_AREA(#297);
#248=SURFACE_STYLE_FILL_AREA(#298);
#249=SURFACE_STYLE_FILL_AREA(#299);
#250=SURFACE_STYLE_FILL_AREA(#300);
#251=SURFACE_STYLE_FILL_AREA(#301);
#252=SURFACE_STYLE_FILL_AREA(#302);
#253=SURFACE_STYLE_FILL_AREA(#303);
#254=SURFACE_STYLE_FILL_AREA(#304);
#255=SURFACE_STYLE_FILL_AREA(#305);
#256=SURFACE_STYLE_FILL_AREA(#306);
#257=SURFACE_STYLE_FILL_AREA(#307);
#258=SURFACE_STYLE_FILL_AREA(#308);
#259=SURFACE_STYLE_FILL_AREA(#309);
#260=SURFACE_STYLE_FILL_AREA(#310);
#261=SURFACE_STYLE_FILL_AREA(#311);
#262=SURFACE_STYLE_FILL_AREA(#312);
#263=SURFACE_STYLE_FILL_AREA(#313);
#264=SURFACE_STYLE_FILL_AREA(#314);
#265=SURFACE_STYLE_FILL_AREA(#315);
#266=SURFACE_STYLE_FILL_AREA(#316);
#267=SURFACE_STYLE_FILL_AREA(#317);
#268=SURFACE_STYLE_FILL_AREA(#318);
#269=SURFACE_STYLE_FILL_AREA(#319);
#270=SURFACE_STYLE_FILL_AREA(#320);
#271=SURFACE_STYLE_FILL_AREA(#321);
#272=SURFACE_STYLE_FILL_AREA(#322);
#273=SURFACE_STYLE_FILL_AREA(#323);
#274=FILL_AREA_STYLE('',(#324));
#275=FILL_AREA_STYLE('',(#325));
#276=FILL_AREA_STYLE('',(#326));
#277=FILL_AREA_STYLE('',(#327));
#278=FILL_AREA_STYLE('',(#328));
#279=FILL_AREA_STYLE('',(#329));
#280=FILL_AREA_STYLE('',(#330));
#281=FILL_AREA_STYLE('',(#331));
#282=FILL_AREA_STYLE('',(#332));
#283=FILL_AREA_STYLE('',(#333));
#284=FILL_AREA_STYLE('',(#334));
#285=FILL_AREA_STYLE('',(#335));
#286=FILL_AREA_STYLE('',(#336));
#287=FILL_AREA_STYLE('',(#337));
#288=FILL_AREA_STYLE('',(#338));
#289=FILL_AREA_STYLE('',(#339));
#290=FILL_AREA_STYLE('',(#340));
#291=FILL_AREA_STYLE('',(#341));
#292=FILL_AREA_STYLE('',(#342));
#293=FILL_AREA_STYLE('',(#343));
#294=FILL_AREA_STYLE('',(#344));
#295=FILL_AREA_STYLE('',(#345));
#296=FILL_AREA_STYLE('',(#346));
#297=FILL_AREA_STYLE('',(#347));
#298=FILL_AREA_STYLE('',(#348));
#299=FILL_AREA_STYLE('',(#349));
#300=FILL_AREA_STYLE('',(#350));
#301=FILL_AREA_STYLE('',(#351));
#302=FILL_AREA_STYLE('',(#352));
#303=FILL_AREA_STYLE('',(#353));
#304=FILL_AREA_STYLE('',(#354));
#305=FILL_AREA_STYLE('',(#355));
#306=FILL_AREA_STYLE('',(#356));
#307=FILL_AREA_STYLE('',(#357));
#308=FILL_AREA_STYLE('',(#358));
#309=FILL_AREA_STYLE('',(#359));
#310=FILL_AREA_STYLE('',(#360));
#311=FILL_AREA_STYLE('',(#361));
#312=FILL_AREA_STYLE('',(#362));
#313=FILL_AREA_STYLE('',(#363));
#314=FILL_AREA_STYLE('',(#364));
#315=FILL_AREA_STYLE('',(#365));
#316=FILL_AREA_STYLE('',(#366));
#317=FILL_AREA_STYLE('',(#367));
#318=FILL_AREA_STYLE('',(#368));
#319=FILL_AREA_STYLE('',(#369));
#320=FILL_AREA_STYLE('',(#370));
#321=FILL_AREA_STYLE('',(#371));
#322=FILL_AREA_STYLE('',(#372));
#323=FILL_AREA_STYLE('',(#373));
#324=FILL_AREA_STYLE_COLOUR('',#374);
#325=FILL_AREA_STYLE_COLOUR('',#375);
#326=FILL_AREA_STYLE_COLOUR('',#375);
#327=FILL_AREA_STYLE_COLOUR('',#375);
#328=FILL_AREA_STYLE_COLOUR('',#375);
#329=FILL_AREA_STYLE_COLOUR('',#375);
#330=FILL_AREA_STYLE_COLOUR('',#375);
#331=FILL_AREA_STYLE_COLOUR('',#375);
#332=FILL_AREA_STYLE_COLOUR('',#375);
#333=FILL_AREA_STYLE_COLOUR('',#375);
#334=FILL_AREA_STYLE_COLOUR('',#375);
#335=FILL_AREA_STYLE_COLOUR('',#375);
#336=FILL_AREA_STYLE_COLOUR('',#375);
#337=FILL_AREA_STYLE_COLOUR('',#375);
#338=FILL_AREA_STYLE_COLOUR('',#375);
#339=FILL_AREA_STYLE_COLOUR('',#375);
#340=FILL_AREA_STYLE_COLOUR('',#375);
#341=FILL_AREA_STYLE_COLOUR('',#375);
#342=FILL_AREA_STYLE_COLOUR('',#375);
#343=FILL_AREA_STYLE_COLOUR('',#375);
#344=FILL_AREA_STYLE_COLOUR('',#375);
#345=FILL_AREA_STYLE_COLOUR('',#375);
#346=FILL_AREA_STYLE_COLOUR('',#375);
#347=FILL_AREA_STYLE_COLOUR('',#375);
#348=FILL_AREA_STYLE_COLOUR('',#375);
#349=FILL_AREA_STYLE_COLOUR('',#375);
#350=FILL_AREA_STYLE_COLOUR('',#375);
#351=FILL_AREA_STYLE_COLOUR('',#375);
#352=FILL_AREA_STYLE_COLOUR('',#375);
#353=FILL_AREA_STYLE_COLOUR('',#375);
#354=FILL_AREA_STYLE_COLOUR('',#375);
#355=FILL_AREA_STYLE_COLOUR('',#375);
#356=FILL_AREA_STYLE_COLOUR('',#375);
#357=FILL_AREA_STYLE_COLOUR('',#375);
#358=FILL_AREA_STYLE_COLOUR('',#375);
#359=FILL_AREA_STYLE_COLOUR('',#375);
#360=FILL_AREA_STYLE_COLOUR('',#375);
#361=FILL_AREA_STYLE_COLOUR('',#375);
#362=FILL_AREA_STYLE_COLOUR('',#375);
#363=FILL_AREA_STYLE_COLOUR('',#375);
#364=FILL_AREA_STYLE_COLOUR('',#375);
#365=FILL_AREA_STYLE_COLOUR('',#375);
#366=FILL_AREA_STYLE_COLOUR('',#375);
#367=FILL_AREA_STYLE_COLOUR('',#375);
#368=FILL_AREA_STYLE_COLOUR('',#375);
#369=FILL_AREA_STYLE_COLOUR('',#375);
#370=FILL_AREA_STYLE_COLOUR('',#375);
#371=FILL_AREA_STYLE_COLOUR('',#375);
#372=FILL_AREA_STYLE_COLOUR('',#375);
#373=FILL_AREA_STYLE_COLOUR('',#375);
#374=COLOUR_RGB('LIGHT_BLUE',0.,0.65999847409781,1.);
#375=COLOUR_RGB('GOLDEN_ORANGE',1.,0.65999847409781,0.);
#376=MANIFOLD_SOLID_BREP('',#377);
#377=CLOSED_SHELL('',(#1459,#1460,#1461,#1462,#1463,#1464,#1465,#1466,#1467,
#1468,#1469,#1470,#1471,#1472,#1473,#1474,#1475,#1476,#1477,#1478,#1479,
#1480,#1481,#1482,#1483,#1484,#1485,#1486,#1487,#1488,#1489,#1490,#1491,
#1492,#1493,#1494,#1495,#1496,#1497,#1498,#1499,#1500,#1501,#1502,#1503,
#1504,#1505,#1506,#1507,#1508,#1509,#1510,#1511,#1512,#1513,#1514,#1515,
#1516,#1517,#1518,#1519,#1520,#1521,#1522,#1523,#1524,#1525,#1526,#1527,
#1528,#1529,#1530,#1531,#1532,#1533,#1534,#1535,#1536,#1537,#1538,#1539,
#1540,#1541,#1542,#1543,#1544,#1545,#1546,#1547,#1548,#1549,#1550,#1551,
#1552,#1553,#1554,#1555,#1556,#1557,#1558,#1559,#1560,#1561,#1562,#1563,
#1564,#1565,#1566,#1567,#1568,#1569,#1570,#1571,#1572,#1573,#1574,#1575,
#1576,#1577,#1578,#1579,#1580,#1581,#1582,#1583,#1584,#1585,#1586,#1587,
#1588,#1589,#1590,#1591,#1592,#1593,#1594,#1595,#1596,#1597,#1598,#1599,
#1600,#1601,#1602,#1603,#1604,#1605,#1606,#1607,#1608,#1609,#1610,#1611,
#1612,#1613,#1614,#1615,#1616,#1617,#1618,#1619,#1620,#1621,#1622,#1623,
#1624,#1625,#1626,#1627,#1628,#1629,#1630,#1631,#1632,#1633,#1634,#1635,
#1636,#1637,#1638,#1639,#1640,#1641,#1642,#1643,#1644,#1645,#1646,#1647,
#1648,#1649,#1650,#1651,#1652,#1653,#1654,#1655,#1656,#1657,#1658,#1659,
#1660,#1661,#1662,#1663,#1664,#1665,#1666,#1667,#1668,#1669,#1670,#1671,
#1672,#1673,#1674,#1675,#1676,#1677,#1678,#1679,#1680,#1681,#1682,#1683,
#1684,#1685,#1686,#1687,#1688,#1689,#1690,#1691,#1692,#1693,#1694,#1695,
#1696,#1697,#1698,#1699,#1700,#1701,#1702,#1703,#1704,#1705,#1706,#1707,
#1708,#1709,#1710,#1711,#1712,#1713,#1714,#1715,#1716,#1717,#1718,#1719,
#1720,#1721,#1722,#1723,#1724,#1725,#1726,#1727,#1728,#1729,#1730,#1731,
#1732,#1733,#1734,#1735,#1736,#1737,#1738,#1739,#1740,#1741,#1742,#1743,
#1744,#1745,#1746,#1747,#1748,#1749,#1750,#1751,#1752,#1753,#1754,#1755,
#1756,#1757,#1758,#1759,#1760,#1761,#1762,#1763,#1764,#1765,#1766,#1767,
#1768,#1769,#1770,#1771,#1772,#1773,#1774,#1775,#1776,#1777,#1778,#1779,
#1780,#1781,#1782,#1783,#1784,#1785,#1786,#1787,#1788,#1789,#1790,#1791,
#1792,#1793,#1794,#1795,#1796,#1797,#1798,#1799,#1800,#1801,#1802,#1803,
#1804,#1805,#1806,#1807,#1808,#1809,#1810,#1811,#1812,#1813,#1814,#1815,
#1816,#1817,#1818,#1819,#1820,#1821,#1822,#1823,#1824,#1825,#1826,#1827,
#1828,#1829,#1830,#1831,#1832,#1833,#1834,#1835,#1836,#1837,#1838,#1839,
#1840,#1841,#1842,#1843,#1844,#1845,#1846,#1847,#1848,#1849,#1850,#1851,
#1852,#1853,#1854,#1855,#1856,#1857,#1858,#1859,#1860,#1861,#1862,#1863,
#1864,#1865,#1866,#1867,#1868,#1869,#1870,#1871,#1872,#1873,#1874,#1875,
#1876,#1877,#1878,#1879,#1880,#1881,#1882,#1883,#1884,#1885,#1886,#1887,
#1888,#1889,#1890,#1891));
#378=LINE('',#10224,#494);
#379=LINE('',#10227,#495);
#380=LINE('',#10229,#496);
#381=LINE('',#10231,#497);
#382=LINE('',#10257,#498);
#383=LINE('',#10260,#499);
#384=LINE('',#10262,#500);
#385=LINE('',#10264,#501);
#386=LINE('',#10266,#502);
#387=LINE('',#10269,#503);
#388=LINE('',#10270,#504);
#389=LINE('',#10272,#505);
#390=LINE('',#10274,#506);
#391=LINE('',#10276,#507);
#392=LINE('',#10278,#508);
#393=LINE('',#10280,#509);
#394=LINE('',#10282,#510);
#395=LINE('',#10284,#511);
#396=LINE('',#10286,#512);
#397=LINE('',#10288,#513);
#398=LINE('',#10290,#514);
#399=LINE('',#10293,#515);
#400=LINE('',#10295,#516);
#401=LINE('',#10297,#517);
#402=LINE('',#10299,#518);
#403=LINE('',#10301,#519);
#404=LINE('',#10303,#520);
#405=LINE('',#10305,#521);
#406=LINE('',#10306,#522);
#407=LINE('',#10308,#523);
#408=LINE('',#10310,#524);
#409=LINE('',#10312,#525);
#410=LINE('',#10314,#526);
#411=LINE('',#10316,#527);
#412=LINE('',#10318,#528);
#413=LINE('',#10320,#529);
#414=LINE('',#10322,#530);
#415=LINE('',#10324,#531);
#416=LINE('',#10326,#532);
#417=LINE('',#10328,#533);
#418=LINE('',#10330,#534);
#419=LINE('',#10332,#535);
#420=LINE('',#10334,#536);
#421=LINE('',#10336,#537);
#422=LINE('',#10338,#538);
#423=LINE('',#10340,#539);
#424=LINE('',#10342,#540);
#425=LINE('',#10344,#541);
#426=LINE('',#10346,#542);
#427=LINE('',#10348,#543);
#428=LINE('',#10350,#544);
#429=LINE('',#10353,#545);
#430=LINE('',#10354,#546);
#431=LINE('',#10356,#547);
#432=LINE('',#10358,#548);
#433=LINE('',#10360,#549);
#434=LINE('',#10362,#550);
#435=LINE('',#10364,#551);
#436=LINE('',#10366,#552);
#437=LINE('',#10368,#553);
#438=LINE('',#10370,#554);
#439=LINE('',#10373,#555);
#440=LINE('',#10375,#556);
#441=LINE('',#10377,#557);
#442=LINE('',#10379,#558);
#443=LINE('',#10382,#559);
#444=LINE('',#10384,#560);
#445=LINE('',#10386,#561);
#446=LINE('',#10388,#562);
#447=LINE('',#10390,#563);
#448=LINE('',#10392,#564);
#449=LINE('',#10394,#565);
#450=LINE('',#10397,#566);
#451=LINE('',#10399,#567);
#452=LINE('',#10400,#568);
#453=LINE('',#10401,#569);
#454=LINE('',#10403,#570);
#455=LINE('',#10405,#571);
#456=LINE('',#10407,#572);
#457=LINE('',#10409,#573);
#458=LINE('',#10411,#574);
#459=LINE('',#10413,#575);
#460=LINE('',#10416,#576);
#461=LINE('',#10417,#577);
#462=LINE('',#10419,#578);
#463=LINE('',#10421,#579);
#464=LINE('',#10422,#580);
#465=LINE('',#10424,#581);
#466=LINE('',#10426,#582);
#467=LINE('',#10428,#583);
#468=LINE('',#10430,#584);
#469=LINE('',#10433,#585);
#470=LINE('',#10435,#586);
#471=LINE('',#10437,#587);
#472=LINE('',#10439,#588);
#473=LINE('',#10440,#589);
#474=LINE('',#10442,#590);
#475=LINE('',#10444,#591);
#476=LINE('',#10446,#592);
#477=LINE('',#10448,#593);
#478=LINE('',#10450,#594);
#479=LINE('',#10452,#595);
#480=LINE('',#10455,#596);
#481=LINE('',#10457,#597);
#482=LINE('',#10458,#598);
#483=LINE('',#10460,#599);
#484=LINE('',#10462,#600);
#485=LINE('',#10464,#601);
#486=LINE('',#10466,#602);
#487=LINE('',#10468,#603);
#488=LINE('',#10470,#604);
#489=LINE('',#10472,#605);
#490=LINE('',#10474,#606);
#491=LINE('',#10476,#607);
#492=LINE('',#10478,#608);
#493=LINE('',#10480,#609);
#494=VECTOR('',#7944,1.);
#495=VECTOR('',#7945,1.);
#496=VECTOR('',#7946,1.);
#497=VECTOR('',#7947,1.);
#498=VECTOR('',#7982,1.);
#499=VECTOR('',#7983,1.);
#500=VECTOR('',#7984,1.);
#501=VECTOR('',#7985,1.);
#502=VECTOR('',#7988,1.);
#503=VECTOR('',#7989,1.);
#504=VECTOR('',#7990,1.);
#505=VECTOR('',#7991,1.);
#506=VECTOR('',#7994,1.);
#507=VECTOR('',#7995,1.);
#508=VECTOR('',#7998,1.);
#509=VECTOR('',#7999,1.);
#510=VECTOR('',#8000,1.);
#511=VECTOR('',#8003,1.);
#512=VECTOR('',#8004,1.);
#513=VECTOR('',#8005,1.);
#514=VECTOR('',#8008,1.);
#515=VECTOR('',#8009,1.);
#516=VECTOR('',#8010,1.);
#517=VECTOR('',#8011,1.);
#518=VECTOR('',#8014,1.);
#519=VECTOR('',#8015,1.);
#520=VECTOR('',#8016,1.);
#521=VECTOR('',#8019,1.);
#522=VECTOR('',#8020,1.);
#523=VECTOR('',#8021,1.);
#524=VECTOR('',#8024,1.);
#525=VECTOR('',#8025,1.);
#526=VECTOR('',#8028,1.);
#527=VECTOR('',#8031,1.);
#528=VECTOR('',#8032,1.);
#529=VECTOR('',#8035,1.);
#530=VECTOR('',#8038,1.);
#531=VECTOR('',#8041,1.);
#532=VECTOR('',#8042,1.);
#533=VECTOR('',#8045,1.);
#534=VECTOR('',#8046,1.);
#535=VECTOR('',#8047,1.);
#536=VECTOR('',#8050,1.);
#537=VECTOR('',#8051,1.);
#538=VECTOR('',#8054,1.);
#539=VECTOR('',#8055,1.);
#540=VECTOR('',#8058,1.);
#541=VECTOR('',#8059,1.);
#542=VECTOR('',#8062,1.);
#543=VECTOR('',#8063,1.);
#544=VECTOR('',#8066,1.);
#545=VECTOR('',#8067,1.);
#546=VECTOR('',#8068,1.);
#547=VECTOR('',#8071,1.);
#548=VECTOR('',#8074,1.);
#549=VECTOR('',#8075,1.);
#550=VECTOR('',#8078,1.);
#551=VECTOR('',#8081,1.);
#552=VECTOR('',#8082,1.);
#553=VECTOR('',#8085,1.);
#554=VECTOR('',#8088,1.);
#555=VECTOR('',#8089,1.);
#556=VECTOR('',#8090,1.);
#557=VECTOR('',#8091,1.);
#558=VECTOR('',#8094,1.);
#559=VECTOR('',#8095,1.);
#560=VECTOR('',#8096,1.);
#561=VECTOR('',#8097,1.);
#562=VECTOR('',#8100,1.);
#563=VECTOR('',#8101,1.);
#564=VECTOR('',#8102,1.);
#565=VECTOR('',#8105,1.);
#566=VECTOR('',#8106,1.);
#567=VECTOR('',#8107,1.);
#568=VECTOR('',#8108,1.);
#569=VECTOR('',#8109,1.);
#570=VECTOR('',#8112,1.);
#571=VECTOR('',#8113,1.);
#572=VECTOR('',#8114,1.);
#573=VECTOR('',#8117,1.);
#574=VECTOR('',#8118,1.);
#575=VECTOR('',#8121,1.);
#576=VECTOR('',#8122,1.);
#577=VECTOR('',#8123,1.);
#578=VECTOR('',#8126,1.);
#579=VECTOR('',#8127,1.);
#580=VECTOR('',#8128,1.);
#581=VECTOR('',#8129,1.);
#582=VECTOR('',#8132,1.);
#583=VECTOR('',#8133,1.);
#584=VECTOR('',#8136,1.);
#585=VECTOR('',#8137,1.);
#586=VECTOR('',#8138,1.);
#587=VECTOR('',#8139,1.);
#588=VECTOR('',#8140,1.);
#589=VECTOR('',#8141,1.);
#590=VECTOR('',#8144,1.);
#591=VECTOR('',#8145,1.);
#592=VECTOR('',#8146,1.);
#593=VECTOR('',#8149,1.);
#594=VECTOR('',#8150,1.);
#595=VECTOR('',#8153,1.);
#596=VECTOR('',#8154,1.);
#597=VECTOR('',#8155,1.);
#598=VECTOR('',#8156,1.);
#599=VECTOR('',#8159,1.);
#600=VECTOR('',#8160,1.);
#601=VECTOR('',#8163,1.);
#602=VECTOR('',#8164,1.);
#603=VECTOR('',#8167,1.);
#604=VECTOR('',#8170,1.);
#605=VECTOR('',#8171,1.);
#606=VECTOR('',#8174,1.);
#607=VECTOR('',#8175,1.);
#608=VECTOR('',#8178,1.);
#609=VECTOR('',#8181,1.);
#610=SPHERICAL_SURFACE('',#5620,0.300000000000019);
#611=SPHERICAL_SURFACE('',#5625,0.300000000000019);
#612=SPHERICAL_SURFACE('',#5644,0.300000000000019);
#613=SPHERICAL_SURFACE('',#5649,0.300000000000019);
#614=SPHERICAL_SURFACE('',#5668,0.300000000000019);
#615=SPHERICAL_SURFACE('',#5673,0.300000000000019);
#616=SPHERICAL_SURFACE('',#5692,0.300000000000019);
#617=SPHERICAL_SURFACE('',#5697,0.300000000000019);
#618=SPHERICAL_SURFACE('',#5716,0.300000000000019);
#619=SPHERICAL_SURFACE('',#5721,0.300000000000019);
#620=SPHERICAL_SURFACE('',#5740,0.300000000000019);
#621=SPHERICAL_SURFACE('',#5745,0.300000000000019);
#622=SPHERICAL_SURFACE('',#5764,0.300000000000019);
#623=SPHERICAL_SURFACE('',#5769,0.300000000000019);
#624=SPHERICAL_SURFACE('',#5788,0.300000000000019);
#625=SPHERICAL_SURFACE('',#5793,0.300000000000019);
#626=SPHERICAL_SURFACE('',#5812,0.300000000000019);
#627=SPHERICAL_SURFACE('',#5817,0.300000000000019);
#628=SPHERICAL_SURFACE('',#5836,0.300000000000019);
#629=SPHERICAL_SURFACE('',#5841,0.300000000000019);
#630=SPHERICAL_SURFACE('',#5860,0.300000000000019);
#631=SPHERICAL_SURFACE('',#5865,0.300000000000019);
#632=SPHERICAL_SURFACE('',#5884,0.300000000000019);
#633=SPHERICAL_SURFACE('',#5889,0.300000000000019);
#634=SPHERICAL_SURFACE('',#5908,0.300000000000019);
#635=SPHERICAL_SURFACE('',#5913,0.300000000000019);
#636=SPHERICAL_SURFACE('',#5932,0.300000000000019);
#637=SPHERICAL_SURFACE('',#5937,0.300000000000019);
#638=SPHERICAL_SURFACE('',#5956,0.300000000000019);
#639=SPHERICAL_SURFACE('',#5961,0.300000000000019);
#640=SPHERICAL_SURFACE('',#5980,0.300000000000019);
#641=SPHERICAL_SURFACE('',#5985,0.300000000000019);
#642=SPHERICAL_SURFACE('',#6004,0.300000000000019);
#643=SPHERICAL_SURFACE('',#6009,0.300000000000019);
#644=SPHERICAL_SURFACE('',#6028,0.300000000000019);
#645=SPHERICAL_SURFACE('',#6033,0.300000000000019);
#646=SPHERICAL_SURFACE('',#6052,0.300000000000019);
#647=SPHERICAL_SURFACE('',#6057,0.300000000000019);
#648=SPHERICAL_SURFACE('',#6076,0.300000000000019);
#649=SPHERICAL_SURFACE('',#6081,0.300000000000019);
#650=SPHERICAL_SURFACE('',#6100,0.300000000000019);
#651=SPHERICAL_SURFACE('',#6105,0.300000000000019);
#652=SPHERICAL_SURFACE('',#6124,0.300000000000019);
#653=SPHERICAL_SURFACE('',#6129,0.300000000000019);
#654=SPHERICAL_SURFACE('',#6148,0.300000000000019);
#655=SPHERICAL_SURFACE('',#6153,0.300000000000019);
#656=SPHERICAL_SURFACE('',#6172,0.300000000000019);
#657=SPHERICAL_SURFACE('',#6177,0.300000000000019);
#658=SPHERICAL_SURFACE('',#6196,0.300000000000019);
#659=SPHERICAL_SURFACE('',#6201,0.300000000000019);
#660=SPHERICAL_SURFACE('',#6220,0.300000000000019);
#661=SPHERICAL_SURFACE('',#6225,0.300000000000019);
#662=SPHERICAL_SURFACE('',#6244,0.300000000000019);
#663=SPHERICAL_SURFACE('',#6249,0.300000000000019);
#664=SPHERICAL_SURFACE('',#6268,0.300000000000019);
#665=SPHERICAL_SURFACE('',#6273,0.300000000000019);
#666=SPHERICAL_SURFACE('',#6292,0.300000000000019);
#667=SPHERICAL_SURFACE('',#6297,0.300000000000019);
#668=SPHERICAL_SURFACE('',#6316,0.300000000000019);
#669=SPHERICAL_SURFACE('',#6321,0.300000000000019);
#670=SPHERICAL_SURFACE('',#6342,0.3);
#671=SPHERICAL_SURFACE('',#6350,0.3);
#672=SPHERICAL_SURFACE('',#6358,0.300000000000019);
#673=SPHERICAL_SURFACE('',#6433,0.300000000000019);
#674=CYLINDRICAL_SURFACE('',#5618,0.300000000000011);
#675=CYLINDRICAL_SURFACE('',#5622,0.300000000000009);
#676=CYLINDRICAL_SURFACE('',#5626,0.300000000000008);
#677=CYLINDRICAL_SURFACE('',#5628,0.300000000000009);
#678=CYLINDRICAL_SURFACE('',#5632,0.300000000000009);
#679=CYLINDRICAL_SURFACE('',#5636,0.300000000000009);
#680=CYLINDRICAL_SURFACE('',#5642,0.300000000000011);
#681=CYLINDRICAL_SURFACE('',#5646,0.300000000000009);
#682=CYLINDRICAL_SURFACE('',#5650,0.300000000000008);
#683=CYLINDRICAL_SURFACE('',#5652,0.300000000000009);
#684=CYLINDRICAL_SURFACE('',#5656,0.300000000000009);
#685=CYLINDRICAL_SURFACE('',#5660,0.300000000000009);
#686=CYLINDRICAL_SURFACE('',#5666,0.300000000000011);
#687=CYLINDRICAL_SURFACE('',#5670,0.300000000000009);
#688=CYLINDRICAL_SURFACE('',#5674,0.300000000000008);
#689=CYLINDRICAL_SURFACE('',#5676,0.300000000000009);
#690=CYLINDRICAL_SURFACE('',#5680,0.300000000000009);
#691=CYLINDRICAL_SURFACE('',#5684,0.300000000000009);
#692=CYLINDRICAL_SURFACE('',#5690,0.300000000000011);
#693=CYLINDRICAL_SURFACE('',#5694,0.300000000000009);
#694=CYLINDRICAL_SURFACE('',#5698,0.300000000000008);
#695=CYLINDRICAL_SURFACE('',#5700,0.300000000000009);
#696=CYLINDRICAL_SURFACE('',#5704,0.300000000000009);
#697=CYLINDRICAL_SURFACE('',#5708,0.300000000000009);
#698=CYLINDRICAL_SURFACE('',#5714,0.300000000000011);
#699=CYLINDRICAL_SURFACE('',#5718,0.300000000000009);
#700=CYLINDRICAL_SURFACE('',#5722,0.300000000000008);
#701=CYLINDRICAL_SURFACE('',#5724,0.300000000000009);
#702=CYLINDRICAL_SURFACE('',#5728,0.300000000000009);
#703=CYLINDRICAL_SURFACE('',#5732,0.300000000000009);
#704=CYLINDRICAL_SURFACE('',#5738,0.300000000000011);
#705=CYLINDRICAL_SURFACE('',#5742,0.300000000000009);
#706=CYLINDRICAL_SURFACE('',#5746,0.300000000000008);
#707=CYLINDRICAL_SURFACE('',#5748,0.300000000000009);
#708=CYLINDRICAL_SURFACE('',#5752,0.300000000000009);
#709=CYLINDRICAL_SURFACE('',#5756,0.300000000000009);
#710=CYLINDRICAL_SURFACE('',#5762,0.300000000000011);
#711=CYLINDRICAL_SURFACE('',#5766,0.300000000000009);
#712=CYLINDRICAL_SURFACE('',#5770,0.300000000000008);
#713=CYLINDRICAL_SURFACE('',#5772,0.300000000000009);
#714=CYLINDRICAL_SURFACE('',#5776,0.300000000000009);
#715=CYLINDRICAL_SURFACE('',#5780,0.300000000000009);
#716=CYLINDRICAL_SURFACE('',#5786,0.300000000000011);
#717=CYLINDRICAL_SURFACE('',#5790,0.300000000000009);
#718=CYLINDRICAL_SURFACE('',#5794,0.300000000000008);
#719=CYLINDRICAL_SURFACE('',#5796,0.300000000000009);
#720=CYLINDRICAL_SURFACE('',#5800,0.300000000000009);
#721=CYLINDRICAL_SURFACE('',#5804,0.300000000000009);
#722=CYLINDRICAL_SURFACE('',#5810,0.300000000000011);
#723=CYLINDRICAL_SURFACE('',#5814,0.300000000000009);
#724=CYLINDRICAL_SURFACE('',#5818,0.300000000000008);
#725=CYLINDRICAL_SURFACE('',#5820,0.300000000000009);
#726=CYLINDRICAL_SURFACE('',#5824,0.300000000000009);
#727=CYLINDRICAL_SURFACE('',#5828,0.300000000000009);
#728=CYLINDRICAL_SURFACE('',#5834,0.300000000000011);
#729=CYLINDRICAL_SURFACE('',#5838,0.300000000000009);
#730=CYLINDRICAL_SURFACE('',#5842,0.300000000000008);
#731=CYLINDRICAL_SURFACE('',#5844,0.300000000000009);
#732=CYLINDRICAL_SURFACE('',#5848,0.300000000000009);
#733=CYLINDRICAL_SURFACE('',#5852,0.300000000000009);
#734=CYLINDRICAL_SURFACE('',#5858,0.300000000000011);
#735=CYLINDRICAL_SURFACE('',#5862,0.300000000000009);
#736=CYLINDRICAL_SURFACE('',#5866,0.300000000000008);
#737=CYLINDRICAL_SURFACE('',#5868,0.300000000000009);
#738=CYLINDRICAL_SURFACE('',#5872,0.300000000000009);
#739=CYLINDRICAL_SURFACE('',#5876,0.300000000000009);
#740=CYLINDRICAL_SURFACE('',#5882,0.300000000000011);
#741=CYLINDRICAL_SURFACE('',#5886,0.300000000000009);
#742=CYLINDRICAL_SURFACE('',#5890,0.300000000000008);
#743=CYLINDRICAL_SURFACE('',#5892,0.300000000000009);
#744=CYLINDRICAL_SURFACE('',#5896,0.300000000000009);
#745=CYLINDRICAL_SURFACE('',#5900,0.300000000000009);
#746=CYLINDRICAL_SURFACE('',#5906,0.300000000000011);
#747=CYLINDRICAL_SURFACE('',#5910,0.300000000000009);
#748=CYLINDRICAL_SURFACE('',#5914,0.300000000000008);
#749=CYLINDRICAL_SURFACE('',#5916,0.300000000000009);
#750=CYLINDRICAL_SURFACE('',#5920,0.300000000000009);
#751=CYLINDRICAL_SURFACE('',#5924,0.300000000000009);
#752=CYLINDRICAL_SURFACE('',#5930,0.300000000000011);
#753=CYLINDRICAL_SURFACE('',#5934,0.300000000000009);
#754=CYLINDRICAL_SURFACE('',#5938,0.300000000000008);
#755=CYLINDRICAL_SURFACE('',#5940,0.300000000000009);
#756=CYLINDRICAL_SURFACE('',#5944,0.300000000000009);
#757=CYLINDRICAL_SURFACE('',#5948,0.300000000000009);
#758=CYLINDRICAL_SURFACE('',#5954,0.300000000000011);
#759=CYLINDRICAL_SURFACE('',#5958,0.300000000000009);
#760=CYLINDRICAL_SURFACE('',#5962,0.300000000000008);
#761=CYLINDRICAL_SURFACE('',#5964,0.300000000000009);
#762=CYLINDRICAL_SURFACE('',#5968,0.300000000000009);
#763=CYLINDRICAL_SURFACE('',#5972,0.300000000000009);
#764=CYLINDRICAL_SURFACE('',#5978,0.300000000000011);
#765=CYLINDRICAL_SURFACE('',#5982,0.300000000000009);
#766=CYLINDRICAL_SURFACE('',#5986,0.300000000000008);
#767=CYLINDRICAL_SURFACE('',#5988,0.300000000000009);
#768=CYLINDRICAL_SURFACE('',#5992,0.300000000000009);
#769=CYLINDRICAL_SURFACE('',#5996,0.300000000000009);
#770=CYLINDRICAL_SURFACE('',#6002,0.300000000000011);
#771=CYLINDRICAL_SURFACE('',#6006,0.300000000000009);
#772=CYLINDRICAL_SURFACE('',#6010,0.300000000000008);
#773=CYLINDRICAL_SURFACE('',#6012,0.300000000000009);
#774=CYLINDRICAL_SURFACE('',#6016,0.300000000000009);
#775=CYLINDRICAL_SURFACE('',#6020,0.300000000000009);
#776=CYLINDRICAL_SURFACE('',#6026,0.300000000000011);
#777=CYLINDRICAL_SURFACE('',#6030,0.300000000000009);
#778=CYLINDRICAL_SURFACE('',#6034,0.300000000000008);
#779=CYLINDRICAL_SURFACE('',#6036,0.300000000000009);
#780=CYLINDRICAL_SURFACE('',#6040,0.300000000000009);
#781=CYLINDRICAL_SURFACE('',#6044,0.300000000000009);
#782=CYLINDRICAL_SURFACE('',#6050,0.300000000000011);
#783=CYLINDRICAL_SURFACE('',#6054,0.300000000000009);
#784=CYLINDRICAL_SURFACE('',#6058,0.300000000000008);
#785=CYLINDRICAL_SURFACE('',#6060,0.300000000000009);
#786=CYLINDRICAL_SURFACE('',#6064,0.300000000000009);
#787=CYLINDRICAL_SURFACE('',#6068,0.300000000000009);
#788=CYLINDRICAL_SURFACE('',#6074,0.300000000000011);
#789=CYLINDRICAL_SURFACE('',#6078,0.300000000000009);
#790=CYLINDRICAL_SURFACE('',#6082,0.300000000000008);
#791=CYLINDRICAL_SURFACE('',#6084,0.300000000000009);
#792=CYLINDRICAL_SURFACE('',#6088,0.300000000000009);
#793=CYLINDRICAL_SURFACE('',#6092,0.300000000000009);
#794=CYLINDRICAL_SURFACE('',#6098,0.300000000000011);
#795=CYLINDRICAL_SURFACE('',#6102,0.300000000000009);
#796=CYLINDRICAL_SURFACE('',#6106,0.300000000000008);
#797=CYLINDRICAL_SURFACE('',#6108,0.300000000000009);
#798=CYLINDRICAL_SURFACE('',#6112,0.300000000000009);
#799=CYLINDRICAL_SURFACE('',#6116,0.300000000000009);
#800=CYLINDRICAL_SURFACE('',#6122,0.300000000000011);
#801=CYLINDRICAL_SURFACE('',#6126,0.300000000000009);
#802=CYLINDRICAL_SURFACE('',#6130,0.300000000000008);
#803=CYLINDRICAL_SURFACE('',#6132,0.300000000000009);
#804=CYLINDRICAL_SURFACE('',#6136,0.300000000000009);
#805=CYLINDRICAL_SURFACE('',#6140,0.300000000000009);
#806=CYLINDRICAL_SURFACE('',#6146,0.300000000000011);
#807=CYLINDRICAL_SURFACE('',#6150,0.300000000000009);
#808=CYLINDRICAL_SURFACE('',#6154,0.300000000000008);
#809=CYLINDRICAL_SURFACE('',#6156,0.300000000000009);
#810=CYLINDRICAL_SURFACE('',#6160,0.300000000000009);
#811=CYLINDRICAL_SURFACE('',#6164,0.300000000000009);
#812=CYLINDRICAL_SURFACE('',#6170,0.300000000000011);
#813=CYLINDRICAL_SURFACE('',#6174,0.300000000000009);
#814=CYLINDRICAL_SURFACE('',#6178,0.300000000000008);
#815=CYLINDRICAL_SURFACE('',#6180,0.300000000000009);
#816=CYLINDRICAL_SURFACE('',#6184,0.300000000000009);
#817=CYLINDRICAL_SURFACE('',#6188,0.300000000000009);
#818=CYLINDRICAL_SURFACE('',#6194,0.300000000000011);
#819=CYLINDRICAL_SURFACE('',#6198,0.300000000000009);
#820=CYLINDRICAL_SURFACE('',#6202,0.300000000000008);
#821=CYLINDRICAL_SURFACE('',#6204,0.300000000000009);
#822=CYLINDRICAL_SURFACE('',#6208,0.300000000000009);
#823=CYLINDRICAL_SURFACE('',#6212,0.300000000000009);
#824=CYLINDRICAL_SURFACE('',#6218,0.300000000000011);
#825=CYLINDRICAL_SURFACE('',#6222,0.300000000000009);
#826=CYLINDRICAL_SURFACE('',#6226,0.300000000000008);
#827=CYLINDRICAL_SURFACE('',#6228,0.300000000000009);
#828=CYLINDRICAL_SURFACE('',#6232,0.300000000000009);
#829=CYLINDRICAL_SURFACE('',#6236,0.300000000000009);
#830=CYLINDRICAL_SURFACE('',#6242,0.300000000000011);
#831=CYLINDRICAL_SURFACE('',#6246,0.300000000000009);
#832=CYLINDRICAL_SURFACE('',#6250,0.300000000000008);
#833=CYLINDRICAL_SURFACE('',#6252,0.300000000000009);
#834=CYLINDRICAL_SURFACE('',#6256,0.300000000000009);
#835=CYLINDRICAL_SURFACE('',#6260,0.300000000000009);
#836=CYLINDRICAL_SURFACE('',#6266,0.300000000000011);
#837=CYLINDRICAL_SURFACE('',#6270,0.300000000000009);
#838=CYLINDRICAL_SURFACE('',#6274,0.300000000000008);
#839=CYLINDRICAL_SURFACE('',#6276,0.300000000000009);
#840=CYLINDRICAL_SURFACE('',#6280,0.300000000000009);
#841=CYLINDRICAL_SURFACE('',#6284,0.300000000000009);
#842=CYLINDRICAL_SURFACE('',#6290,0.300000000000011);
#843=CYLINDRICAL_SURFACE('',#6294,0.300000000000009);
#844=CYLINDRICAL_SURFACE('',#6298,0.300000000000008);
#845=CYLINDRICAL_SURFACE('',#6300,0.300000000000009);
#846=CYLINDRICAL_SURFACE('',#6304,0.300000000000009);
#847=CYLINDRICAL_SURFACE('',#6308,0.300000000000009);
#848=CYLINDRICAL_SURFACE('',#6314,0.300000000000011);
#849=CYLINDRICAL_SURFACE('',#6318,0.300000000000009);
#850=CYLINDRICAL_SURFACE('',#6322,0.300000000000008);
#851=CYLINDRICAL_SURFACE('',#6324,0.300000000000009);
#852=CYLINDRICAL_SURFACE('',#6328,0.300000000000009);
#853=CYLINDRICAL_SURFACE('',#6332,0.300000000000009);
#854=CYLINDRICAL_SURFACE('',#6336,0.300000000000011);
#855=CYLINDRICAL_SURFACE('',#6340,0.3);
#856=CYLINDRICAL_SURFACE('',#6344,0.3);
#857=CYLINDRICAL_SURFACE('',#6348,0.300000000000003);
#858=CYLINDRICAL_SURFACE('',#6352,0.3);
#859=CYLINDRICAL_SURFACE('',#6356,0.300000000000008);
#860=CYLINDRICAL_SURFACE('',#6360,0.300000000000009);
#861=CYLINDRICAL_SURFACE('',#6363,1.25000000000003);
#862=CYLINDRICAL_SURFACE('',#6366,1.25);
#863=CYLINDRICAL_SURFACE('',#6371,0.3);
#864=CYLINDRICAL_SURFACE('',#6375,0.3);
#865=CYLINDRICAL_SURFACE('',#6379,0.300000000000009);
#866=CYLINDRICAL_SURFACE('',#6383,0.300000000000009);
#867=CYLINDRICAL_SURFACE('',#6432,0.300000000000009);
#868=B_SPLINE_CURVE_WITH_KNOTS('',3,(#8201,#8202,#8203,#8204,#8205,#8206,
#8207,#8208,#8209,#8210,#8211,#8212,#8213,#8214),.UNSPECIFIED.,.F.,.F.,
(4,2,2,2,2,2,4),(0.,0.249999999999999,0.499999999999998,0.749999999999996,
0.812499999999997,0.874999999999998,1.),.UNSPECIFIED.);
#869=B_SPLINE_CURVE_WITH_KNOTS('',3,(#8229,#8230,#8231,#8232,#8233,#8234,
#8235,#8236,#8237,#8238,#8239,#8240,#8241,#8242),.UNSPECIFIED.,.F.,.F.,
(4,2,2,2,2,2,4),(0.,0.249999999999999,0.499999999999998,0.749999999999998,
0.812499999999997,0.874999999999996,1.),.UNSPECIFIED.);
#870=B_SPLINE_CURVE_WITH_KNOTS('',3,(#8265,#8266,#8267,#8268,#8269,#8270,
#8271,#8272,#8273,#8274,#8275,#8276,#8277,#8278),.UNSPECIFIED.,.F.,.F.,
(4,2,2,2,2,2,4),(0.,0.249999999999998,0.499999999999996,0.749999999999994,
0.812499999999995,0.874999999999997,1.),.UNSPECIFIED.);
#871=B_SPLINE_CURVE_WITH_KNOTS('',3,(#8293,#8294,#8295,#8296,#8297,#8298,
#8299,#8300,#8301,#8302,#8303,#8304,#8305,#8306),.UNSPECIFIED.,.F.,.F.,
(4,2,2,2,2,2,4),(0.,0.249999999999999,0.499999999999999,0.749999999999998,
0.812499999999997,0.874999999999996,1.),.UNSPECIFIED.);
#872=B_SPLINE_CURVE_WITH_KNOTS('',3,(#8329,#8330,#8331,#8332,#8333,#8334,
#8335,#8336,#8337,#8338,#8339,#8340,#8341,#8342),.UNSPECIFIED.,.F.,.F.,
(4,2,2,2,2,2,4),(0.,0.249999999999998,0.499999999999996,0.749999999999994,
0.812499999999995,0.874999999999997,1.),.UNSPECIFIED.);
#873=B_SPLINE_CURVE_WITH_KNOTS('',3,(#8357,#8358,#8359,#8360,#8361,#8362,
#8363,#8364,#8365,#8366,#8367,#8368,#8369,#8370),.UNSPECIFIED.,.F.,.F.,
(4,2,2,2,2,2,4),(0.,0.249999999999999,0.499999999999999,0.749999999999998,
0.812499999999997,0.874999999999996,1.),.UNSPECIFIED.);
#874=B_SPLINE_CURVE_WITH_KNOTS('',3,(#8393,#8394,#8395,#8396,#8397,#8398,
#8399,#8400,#8401,#8402,#8403,#8404,#8405,#8406),.UNSPECIFIED.,.F.,.F.,
(4,2,2,2,2,2,4),(0.,0.249999999999998,0.499999999999996,0.749999999999994,
0.812499999999995,0.874999999999997,1.),.UNSPECIFIED.);
#875=B_SPLINE_CURVE_WITH_KNOTS('',3,(#8421,#8422,#8423,#8424,#8425,#8426,
#8427,#8428,#8429,#8430,#8431,#8432,#8433,#8434),.UNSPECIFIED.,.F.,.F.,
(4,2,2,2,2,2,4),(0.,0.249999999999999,0.499999999999999,0.749999999999998,
0.812499999999997,0.874999999999996,1.),.UNSPECIFIED.);
#876=B_SPLINE_CURVE_WITH_KNOTS('',3,(#8457,#8458,#8459,#8460,#8461,#8462,
#8463,#8464,#8465,#8466,#8467,#8468,#8469,#8470),.UNSPECIFIED.,.F.,.F.,
(4,2,2,2,2,2,4),(0.,0.249999999999996,0.499999999999992,0.749999999999988,
0.812499999999992,0.874999999999996,1.),.UNSPECIFIED.);
#877=B_SPLINE_CURVE_WITH_KNOTS('',3,(#8485,#8486,#8487,#8488,#8489,#8490,
#8491,#8492,#8493,#8494,#8495,#8496,#8497,#8498),.UNSPECIFIED.,.F.,.F.,
(4,2,2,2,2,2,4),(0.,0.250000000000001,0.500000000000002,0.750000000000003,
0.8125,0.874999999999998,1.),.UNSPECIFIED.);
#878=B_SPLINE_CURVE_WITH_KNOTS('',3,(#8521,#8522,#8523,#8524,#8525,#8526,
#8527,#8528,#8529,#8530,#8531,#8532,#8533,#8534),.UNSPECIFIED.,.F.,.F.,
(4,2,2,2,2,2,4),(0.,0.249999999999996,0.499999999999992,0.749999999999988,
0.812499999999992,0.874999999999996,1.),.UNSPECIFIED.);
#879=B_SPLINE_CURVE_WITH_KNOTS('',3,(#8549,#8550,#8551,#8552,#8553,#8554,
#8555,#8556,#8557,#8558,#8559,#8560,#8561,#8562),.UNSPECIFIED.,.F.,.F.,
(4,2,2,2,2,2,4),(0.,0.250000000000001,0.500000000000002,0.750000000000003,
0.8125,0.874999999999998,1.),.UNSPECIFIED.);
#880=B_SPLINE_CURVE_WITH_KNOTS('',3,(#8585,#8586,#8587,#8588,#8589,#8590,
#8591,#8592,#8593,#8594,#8595,#8596,#8597,#8598),.UNSPECIFIED.,.F.,.F.,
(4,2,2,2,2,2,4),(0.,0.249999999999996,0.499999999999992,0.749999999999988,
0.812499999999992,0.874999999999996,1.),.UNSPECIFIED.);
#881=B_SPLINE_CURVE_WITH_KNOTS('',3,(#8613,#8614,#8615,#8616,#8617,#8618,
#8619,#8620,#8621,#8622,#8623,#8624,#8625,#8626),.UNSPECIFIED.,.F.,.F.,
(4,2,2,2,2,2,4),(0.,0.250000000000001,0.500000000000002,0.750000000000003,
0.8125,0.874999999999998,1.),.UNSPECIFIED.);
#882=B_SPLINE_CURVE_WITH_KNOTS('',3,(#8649,#8650,#8651,#8652,#8653,#8654,
#8655,#8656,#8657,#8658,#8659,#8660,#8661,#8662),.UNSPECIFIED.,.F.,.F.,
(4,2,2,2,2,2,4),(0.,0.249999999999996,0.499999999999992,0.749999999999988,
0.812499999999992,0.874999999999996,1.),.UNSPECIFIED.);
#883=B_SPLINE_CURVE_WITH_KNOTS('',3,(#8677,#8678,#8679,#8680,#8681,#8682,
#8683,#8684,#8685,#8686,#8687,#8688,#8689,#8690),.UNSPECIFIED.,.F.,.F.,
(4,2,2,2,2,2,4),(0.,0.250000000000001,0.500000000000002,0.750000000000003,
0.8125,0.874999999999998,1.),.UNSPECIFIED.);
#884=B_SPLINE_CURVE_WITH_KNOTS('',3,(#8713,#8714,#8715,#8716,#8717,#8718,
#8719,#8720,#8721,#8722,#8723,#8724,#8725,#8726),.UNSPECIFIED.,.F.,.F.,
(4,2,2,2,2,2,4),(0.,0.249999999999996,0.499999999999992,0.749999999999988,
0.812499999999992,0.874999999999996,1.),.UNSPECIFIED.);
#885=B_SPLINE_CURVE_WITH_KNOTS('',3,(#8741,#8742,#8743,#8744,#8745,#8746,
#8747,#8748,#8749,#8750,#8751,#8752,#8753,#8754),.UNSPECIFIED.,.F.,.F.,
(4,2,2,2,2,2,4),(0.,0.250000000000001,0.500000000000002,0.750000000000003,
0.8125,0.874999999999998,1.),.UNSPECIFIED.);
#886=B_SPLINE_CURVE_WITH_KNOTS('',3,(#8777,#8778,#8779,#8780,#8781,#8782,
#8783,#8784,#8785,#8786,#8787,#8788,#8789,#8790),.UNSPECIFIED.,.F.,.F.,
(4,2,2,2,2,2,4),(0.,0.249999999999996,0.499999999999992,0.749999999999988,
0.812499999999992,0.874999999999996,1.),.UNSPECIFIED.);
#887=B_SPLINE_CURVE_WITH_KNOTS('',3,(#8805,#8806,#8807,#8808,#8809,#8810,
#8811,#8812,#8813,#8814,#8815,#8816,#8817,#8818),.UNSPECIFIED.,.F.,.F.,
(4,2,2,2,2,2,4),(0.,0.250000000000001,0.500000000000002,0.750000000000003,
0.8125,0.874999999999998,1.),.UNSPECIFIED.);
#888=B_SPLINE_CURVE_WITH_KNOTS('',3,(#8841,#8842,#8843,#8844,#8845,#8846,
#8847,#8848,#8849,#8850,#8851,#8852,#8853,#8854),.UNSPECIFIED.,.F.,.F.,
(4,2,2,2,2,2,4),(0.,0.249999999999999,0.499999999999999,0.749999999999998,
0.812499999999998,0.874999999999999,1.),.UNSPECIFIED.);
#889=B_SPLINE_CURVE_WITH_KNOTS('',3,(#8869,#8870,#8871,#8872,#8873,#8874,
#8875,#8876,#8877,#8878,#8879,#8880,#8881,#8882),.UNSPECIFIED.,.F.,.F.,
(4,2,2,2,2,2,4),(0.,0.249999999999996,0.499999999999993,0.749999999999989,
0.81249999999999,0.874999999999992,1.),.UNSPECIFIED.);
#890=B_SPLINE_CURVE_WITH_KNOTS('',3,(#8905,#8906,#8907,#8908,#8909,#8910,
#8911,#8912,#8913,#8914,#8915,#8916,#8917,#8918),.UNSPECIFIED.,.F.,.F.,
(4,2,2,2,2,2,4),(0.,0.249999999999999,0.499999999999999,0.749999999999998,
0.812499999999998,0.874999999999999,1.),.UNSPECIFIED.);
#891=B_SPLINE_CURVE_WITH_KNOTS('',3,(#8933,#8934,#8935,#8936,#8937,#8938,
#8939,#8940,#8941,#8942,#8943,#8944,#8945,#8946),.UNSPECIFIED.,.F.,.F.,
(4,2,2,2,2,2,4),(0.,0.249999999999996,0.499999999999993,0.749999999999989,
0.81249999999999,0.874999999999992,1.),.UNSPECIFIED.);
#892=B_SPLINE_CURVE_WITH_KNOTS('',3,(#8969,#8970,#8971,#8972,#8973,#8974,
#8975,#8976,#8977,#8978,#8979,#8980,#8981,#8982),.UNSPECIFIED.,.F.,.F.,
(4,2,2,2,2,2,4),(0.,0.249999999999999,0.499999999999999,0.749999999999998,
0.812499999999998,0.874999999999999,1.),.UNSPECIFIED.);
#893=B_SPLINE_CURVE_WITH_KNOTS('',3,(#8997,#8998,#8999,#9000,#9001,#9002,
#9003,#9004,#9005,#9006,#9007,#9008,#9009,#9010),.UNSPECIFIED.,.F.,.F.,
(4,2,2,2,2,2,4),(0.,0.249999999999996,0.499999999999993,0.749999999999989,
0.81249999999999,0.874999999999992,1.),.UNSPECIFIED.);
#894=B_SPLINE_CURVE_WITH_KNOTS('',3,(#9033,#9034,#9035,#9036,#9037,#9038,
#9039,#9040,#9041,#9042,#9043,#9044,#9045,#9046),.UNSPECIFIED.,.F.,.F.,
(4,2,2,2,2,2,4),(0.,0.249999999999999,0.499999999999999,0.749999999999998,
0.812499999999998,0.874999999999999,1.),.UNSPECIFIED.);
#895=B_SPLINE_CURVE_WITH_KNOTS('',3,(#9061,#9062,#9063,#9064,#9065,#9066,
#9067,#9068,#9069,#9070,#9071,#9072,#9073,#9074),.UNSPECIFIED.,.F.,.F.,
(4,2,2,2,2,2,4),(0.,0.249999999999996,0.499999999999993,0.749999999999989,
0.81249999999999,0.874999999999992,1.),.UNSPECIFIED.);
#896=B_SPLINE_CURVE_WITH_KNOTS('',3,(#9097,#9098,#9099,#9100,#9101,#9102,
#9103,#9104,#9105,#9106,#9107,#9108,#9109,#9110),.UNSPECIFIED.,.F.,.F.,
(4,2,2,2,2,2,4),(0.,0.249999999999999,0.499999999999999,0.749999999999998,
0.812499999999998,0.874999999999999,1.),.UNSPECIFIED.);
#897=B_SPLINE_CURVE_WITH_KNOTS('',3,(#9125,#9126,#9127,#9128,#9129,#9130,
#9131,#9132,#9133,#9134,#9135,#9136,#9137,#9138),.UNSPECIFIED.,.F.,.F.,
(4,2,2,2,2,2,4),(0.,0.249999999999996,0.499999999999993,0.749999999999989,
0.81249999999999,0.874999999999992,1.),.UNSPECIFIED.);
#898=B_SPLINE_CURVE_WITH_KNOTS('',3,(#9161,#9162,#9163,#9164,#9165,#9166,
#9167,#9168,#9169,#9170,#9171,#9172,#9173,#9174),.UNSPECIFIED.,.F.,.F.,
(4,2,2,2,2,2,4),(0.,0.249999999999999,0.499999999999999,0.749999999999998,
0.812499999999998,0.874999999999999,1.),.UNSPECIFIED.);
#899=B_SPLINE_CURVE_WITH_KNOTS('',3,(#9189,#9190,#9191,#9192,#9193,#9194,
#9195,#9196,#9197,#9198,#9199,#9200,#9201,#9202),.UNSPECIFIED.,.F.,.F.,
(4,2,2,2,2,2,4),(0.,0.249999999999996,0.499999999999993,0.749999999999989,
0.81249999999999,0.874999999999992,1.),.UNSPECIFIED.);
#900=B_SPLINE_CURVE_WITH_KNOTS('',3,(#9225,#9226,#9227,#9228,#9229,#9230,
#9231,#9232,#9233,#9234,#9235,#9236,#9237,#9238),.UNSPECIFIED.,.F.,.F.,
(4,2,2,2,2,2,4),(0.,0.249999999999999,0.499999999999999,0.749999999999998,
0.812499999999998,0.874999999999999,1.),.UNSPECIFIED.);
#901=B_SPLINE_CURVE_WITH_KNOTS('',3,(#9253,#9254,#9255,#9256,#9257,#9258,
#9259,#9260,#9261,#9262,#9263,#9264,#9265,#9266),.UNSPECIFIED.,.F.,.F.,
(4,2,2,2,2,2,4),(0.,0.249999999999996,0.499999999999993,0.749999999999989,
0.81249999999999,0.874999999999992,1.),.UNSPECIFIED.);
#902=B_SPLINE_CURVE_WITH_KNOTS('',3,(#9289,#9290,#9291,#9292,#9293,#9294,
#9295,#9296,#9297,#9298,#9299,#9300,#9301,#9302),.UNSPECIFIED.,.F.,.F.,
(4,2,2,2,2,2,4),(0.,0.249999999999999,0.499999999999999,0.749999999999998,
0.812499999999998,0.874999999999999,1.),.UNSPECIFIED.);
#903=B_SPLINE_CURVE_WITH_KNOTS('',3,(#9317,#9318,#9319,#9320,#9321,#9322,
#9323,#9324,#9325,#9326,#9327,#9328,#9329,#9330),.UNSPECIFIED.,.F.,.F.,
(4,2,2,2,2,2,4),(0.,0.249999999999996,0.499999999999993,0.749999999999989,
0.81249999999999,0.874999999999992,1.),.UNSPECIFIED.);
#904=B_SPLINE_CURVE_WITH_KNOTS('',3,(#9353,#9354,#9355,#9356,#9357,#9358,
#9359,#9360,#9361,#9362,#9363,#9364,#9365,#9366),.UNSPECIFIED.,.F.,.F.,
(4,2,2,2,2,2,4),(0.,0.249999999999999,0.499999999999999,0.749999999999998,
0.812499999999998,0.874999999999999,1.),.UNSPECIFIED.);
#905=B_SPLINE_CURVE_WITH_KNOTS('',3,(#9381,#9382,#9383,#9384,#9385,#9386,
#9387,#9388,#9389,#9390,#9391,#9392,#9393,#9394),.UNSPECIFIED.,.F.,.F.,
(4,2,2,2,2,2,4),(0.,0.249999999999996,0.499999999999993,0.749999999999989,
0.81249999999999,0.874999999999992,1.),.UNSPECIFIED.);
#906=B_SPLINE_CURVE_WITH_KNOTS('',3,(#9417,#9418,#9419,#9420,#9421,#9422,
#9423,#9424,#9425,#9426,#9427,#9428,#9429,#9430),.UNSPECIFIED.,.F.,.F.,
(4,2,2,2,2,2,4),(0.,0.249999999999999,0.499999999999999,0.749999999999998,
0.812499999999998,0.874999999999999,1.),.UNSPECIFIED.);
#907=B_SPLINE_CURVE_WITH_KNOTS('',3,(#9445,#9446,#9447,#9448,#9449,#9450,
#9451,#9452,#9453,#9454,#9455,#9456,#9457,#9458),.UNSPECIFIED.,.F.,.F.,
(4,2,2,2,2,2,4),(0.,0.249999999999996,0.499999999999993,0.749999999999989,
0.81249999999999,0.874999999999992,1.),.UNSPECIFIED.);
#908=B_SPLINE_CURVE_WITH_KNOTS('',3,(#9481,#9482,#9483,#9484,#9485,#9486,
#9487,#9488,#9489,#9490,#9491,#9492,#9493,#9494),.UNSPECIFIED.,.F.,.F.,
(4,2,2,2,2,2,4),(0.,0.249999999999999,0.499999999999999,0.749999999999998,
0.812499999999998,0.874999999999999,1.),.UNSPECIFIED.);
#909=B_SPLINE_CURVE_WITH_KNOTS('',3,(#9509,#9510,#9511,#9512,#9513,#9514,
#9515,#9516,#9517,#9518,#9519,#9520,#9521,#9522),.UNSPECIFIED.,.F.,.F.,
(4,2,2,2,2,2,4),(0.,0.249999999999996,0.499999999999993,0.749999999999989,
0.81249999999999,0.874999999999992,1.),.UNSPECIFIED.);
#910=B_SPLINE_CURVE_WITH_KNOTS('',3,(#9545,#9546,#9547,#9548,#9549,#9550,
#9551,#9552,#9553,#9554,#9555,#9556,#9557,#9558),.UNSPECIFIED.,.F.,.F.,
(4,2,2,2,2,2,4),(0.,0.249999999999999,0.499999999999999,0.749999999999998,
0.812499999999998,0.874999999999999,1.),.UNSPECIFIED.);
#911=B_SPLINE_CURVE_WITH_KNOTS('',3,(#9573,#9574,#9575,#9576,#9577,#9578,
#9579,#9580,#9581,#9582,#9583,#9584,#9585,#9586),.UNSPECIFIED.,.F.,.F.,
(4,2,2,2,2,2,4),(0.,0.249999999999996,0.499999999999993,0.749999999999989,
0.81249999999999,0.874999999999992,1.),.UNSPECIFIED.);
#912=B_SPLINE_CURVE_WITH_KNOTS('',3,(#9609,#9610,#9611,#9612,#9613,#9614,
#9615,#9616,#9617,#9618,#9619,#9620,#9621,#9622),.UNSPECIFIED.,.F.,.F.,
(4,2,2,2,2,2,4),(0.,0.249999999999996,0.499999999999992,0.749999999999988,
0.812499999999987,0.874999999999987,1.),.UNSPECIFIED.);
#913=B_SPLINE_CURVE_WITH_KNOTS('',3,(#9637,#9638,#9639,#9640,#9641,#9642,
#9643,#9644,#9645,#9646,#9647,#9648,#9649,#9650),.UNSPECIFIED.,.F.,.F.,
(4,2,2,2,2,2,4),(0.,0.250000000000013,0.500000000000027,0.75000000000004,
0.812500000000032,0.875000000000025,1.),.UNSPECIFIED.);
#914=B_SPLINE_CURVE_WITH_KNOTS('',3,(#9673,#9674,#9675,#9676,#9677,#9678,
#9679,#9680,#9681,#9682,#9683,#9684,#9685,#9686),.UNSPECIFIED.,.F.,.F.,
(4,2,2,2,2,2,4),(0.,0.250000000000003,0.500000000000005,0.750000000000008,
0.81250000000001,0.875000000000011,1.),.UNSPECIFIED.);
#915=B_SPLINE_CURVE_WITH_KNOTS('',3,(#9701,#9702,#9703,#9704,#9705,#9706,
#9707,#9708,#9709,#9710,#9711,#9712,#9713,#9714),.UNSPECIFIED.,.F.,.F.,
(4,2,2,2,2,2,4),(0.,0.249999999999985,0.499999999999969,0.749999999999954,
0.812499999999961,0.874999999999968,1.),.UNSPECIFIED.);
#916=B_SPLINE_CURVE_WITH_KNOTS('',3,(#9737,#9738,#9739,#9740,#9741,#9742,
#9743,#9744,#9745,#9746,#9747,#9748,#9749,#9750),.UNSPECIFIED.,.F.,.F.,
(4,2,2,2,2,2,4),(0.,0.249999999999996,0.499999999999992,0.749999999999988,
0.812499999999987,0.874999999999987,1.),.UNSPECIFIED.);
#917=B_SPLINE_CURVE_WITH_KNOTS('',3,(#9765,#9766,#9767,#9768,#9769,#9770,
#9771,#9772,#9773,#9774,#9775,#9776,#9777,#9778),.UNSPECIFIED.,.F.,.F.,
(4,2,2,2,2,2,4),(0.,0.250000000000013,0.500000000000027,0.75000000000004,
0.812500000000032,0.875000000000025,1.),.UNSPECIFIED.);
#918=B_SPLINE_CURVE_WITH_KNOTS('',3,(#9801,#9802,#9803,#9804,#9805,#9806,
#9807,#9808,#9809,#9810,#9811,#9812,#9813,#9814),.UNSPECIFIED.,.F.,.F.,
(4,2,2,2,2,2,4),(0.,0.250000000000003,0.500000000000005,0.750000000000008,
0.81250000000001,0.875000000000011,1.),.UNSPECIFIED.);
#919=B_SPLINE_CURVE_WITH_KNOTS('',3,(#9829,#9830,#9831,#9832,#9833,#9834,
#9835,#9836,#9837,#9838,#9839,#9840,#9841,#9842),.UNSPECIFIED.,.F.,.F.,
(4,2,2,2,2,2,4),(0.,0.249999999999985,0.499999999999969,0.749999999999954,
0.812499999999961,0.874999999999968,1.),.UNSPECIFIED.);
#920=B_SPLINE_CURVE_WITH_KNOTS('',3,(#9865,#9866,#9867,#9868,#9869,#9870,
#9871,#9872,#9873,#9874,#9875,#9876,#9877,#9878),.UNSPECIFIED.,.F.,.F.,
(4,2,2,2,2,2,4),(0.,0.249999999999996,0.499999999999992,0.749999999999988,
0.812499999999987,0.874999999999987,1.),.UNSPECIFIED.);
#921=B_SPLINE_CURVE_WITH_KNOTS('',3,(#9893,#9894,#9895,#9896,#9897,#9898,
#9899,#9900,#9901,#9902,#9903,#9904,#9905,#9906),.UNSPECIFIED.,.F.,.F.,
(4,2,2,2,2,2,4),(0.,0.250000000000013,0.500000000000027,0.75000000000004,
0.812500000000032,0.875000000000025,1.),.UNSPECIFIED.);
#922=B_SPLINE_CURVE_WITH_KNOTS('',3,(#9929,#9930,#9931,#9932,#9933,#9934,
#9935,#9936,#9937,#9938,#9939,#9940,#9941,#9942),.UNSPECIFIED.,.F.,.F.,
(4,2,2,2,2,2,4),(0.,0.250000000000003,0.500000000000005,0.750000000000008,
0.81250000000001,0.875000000000011,1.),.UNSPECIFIED.);
#923=B_SPLINE_CURVE_WITH_KNOTS('',3,(#9957,#9958,#9959,#9960,#9961,#9962,
#9963,#9964,#9965,#9966,#9967,#9968,#9969,#9970),.UNSPECIFIED.,.F.,.F.,
(4,2,2,2,2,2,4),(0.,0.249999999999985,0.499999999999969,0.749999999999954,
0.812499999999961,0.874999999999968,1.),.UNSPECIFIED.);
#924=B_SPLINE_CURVE_WITH_KNOTS('',3,(#9993,#9994,#9995,#9996,#9997,#9998,
#9999,#10000,#10001,#10002,#10003,#10004,#10005,#10006),.UNSPECIFIED.,.F.,
 .F.,(4,2,2,2,2,2,4),(0.,0.249999999999996,0.499999999999992,0.749999999999988,
0.812499999999987,0.874999999999987,1.),.UNSPECIFIED.);
#925=B_SPLINE_CURVE_WITH_KNOTS('',3,(#10021,#10022,#10023,#10024,#10025,
#10026,#10027,#10028,#10029,#10030,#10031,#10032,#10033,#10034),
 .UNSPECIFIED.,.F.,.F.,(4,2,2,2,2,2,4),(0.,0.250000000000013,0.500000000000027,
0.75000000000004,0.812500000000032,0.875000000000025,1.),.UNSPECIFIED.);
#926=B_SPLINE_CURVE_WITH_KNOTS('',3,(#10057,#10058,#10059,#10060,#10061,
#10062,#10063,#10064,#10065,#10066,#10067,#10068,#10069,#10070),
 .UNSPECIFIED.,.F.,.F.,(4,2,2,2,2,2,4),(0.,0.250000000000003,0.500000000000005,
0.750000000000008,0.81250000000001,0.875000000000011,1.),.UNSPECIFIED.);
#927=B_SPLINE_CURVE_WITH_KNOTS('',3,(#10085,#10086,#10087,#10088,#10089,
#10090,#10091,#10092,#10093,#10094,#10095,#10096,#10097,#10098),
 .UNSPECIFIED.,.F.,.F.,(4,2,2,2,2,2,4),(0.,0.249999999999985,0.499999999999969,
0.749999999999954,0.812499999999961,0.874999999999968,1.),.UNSPECIFIED.);
#928=B_SPLINE_CURVE_WITH_KNOTS('',3,(#10118,#10119,#10120,#10121,#10122,
#10123,#10124,#10125,#10126,#10127,#10128,#10129,#10130,#10131),
 .UNSPECIFIED.,.F.,.F.,(4,2,2,2,2,2,4),(0.,0.249999999999996,0.499999999999992,
0.749999999999988,0.812499999999987,0.874999999999987,1.),.UNSPECIFIED.);
#929=B_SPLINE_CURVE_WITH_KNOTS('',3,(#10139,#10140,#10141,#10142,#10143,
#10144,#10145,#10146,#10147,#10148,#10149,#10150,#10151,#10152),
 .UNSPECIFIED.,.F.,.F.,(4,2,2,2,2,2,4),(0.,0.250000000000002,0.500000000000004,
0.750000000000005,0.812500000000004,0.875000000000003,1.),.UNSPECIFIED.);
#930=B_SPLINE_CURVE_WITH_KNOTS('',3,(#10165,#10166,#10167,#10168,#10169,
#10170,#10171,#10172,#10173,#10174,#10175,#10176,#10177,#10178),
 .UNSPECIFIED.,.F.,.F.,(4,2,2,2,2,2,4),(0.,0.25,0.499999999999999,0.749999999999999,
0.8125,0.875000000000002,1.),.UNSPECIFIED.);
#931=B_SPLINE_CURVE_WITH_KNOTS('',3,(#10191,#10192,#10193,#10194,#10195,
#10196,#10197,#10198,#10199,#10200,#10201,#10202,#10203,#10204),
 .UNSPECIFIED.,.F.,.F.,(4,2,2,2,2,2,4),(0.,0.250000000000013,0.500000000000027,
0.75000000000004,0.812500000000032,0.875000000000025,1.),.UNSPECIFIED.);
#932=FACE_BOUND('',#2302,.T.);
#933=FACE_BOUND('',#2303,.T.);
#934=FACE_BOUND('',#2305,.T.);
#935=FACE_BOUND('',#2306,.T.);
#936=FACE_BOUND('',#2308,.T.);
#937=FACE_BOUND('',#2309,.T.);
#938=FACE_BOUND('',#2310,.T.);
#939=FACE_BOUND('',#2311,.T.);
#940=FACE_BOUND('',#2313,.T.);
#941=FACE_BOUND('',#2314,.T.);
#942=FACE_BOUND('',#2316,.T.);
#943=FACE_BOUND('',#2317,.T.);
#944=FACE_BOUND('',#2320,.T.);
#945=FACE_BOUND('',#2321,.T.);
#946=FACE_BOUND('',#2323,.T.);
#947=FACE_BOUND('',#2324,.T.);
#948=FACE_BOUND('',#2326,.T.);
#949=FACE_BOUND('',#2327,.T.);
#950=FACE_BOUND('',#2328,.T.);
#951=FACE_BOUND('',#2329,.T.);
#952=FACE_BOUND('',#2331,.T.);
#953=FACE_BOUND('',#2332,.T.);
#954=FACE_BOUND('',#2334,.T.);
#955=FACE_BOUND('',#2335,.T.);
#956=FACE_BOUND('',#2338,.T.);
#957=FACE_BOUND('',#2339,.T.);
#958=FACE_BOUND('',#2341,.T.);
#959=FACE_BOUND('',#2342,.T.);
#960=FACE_BOUND('',#2344,.T.);
#961=FACE_BOUND('',#2345,.T.);
#962=FACE_BOUND('',#2346,.T.);
#963=FACE_BOUND('',#2347,.T.);
#964=FACE_BOUND('',#2349,.T.);
#965=FACE_BOUND('',#2350,.T.);
#966=FACE_BOUND('',#2352,.T.);
#967=FACE_BOUND('',#2353,.T.);
#968=FACE_BOUND('',#2356,.T.);
#969=FACE_BOUND('',#2357,.T.);
#970=FACE_BOUND('',#2359,.T.);
#971=FACE_BOUND('',#2360,.T.);
#972=FACE_BOUND('',#2362,.T.);
#973=FACE_BOUND('',#2363,.T.);
#974=FACE_BOUND('',#2364,.T.);
#975=FACE_BOUND('',#2365,.T.);
#976=FACE_BOUND('',#2367,.T.);
#977=FACE_BOUND('',#2368,.T.);
#978=FACE_BOUND('',#2370,.T.);
#979=FACE_BOUND('',#2371,.T.);
#980=FACE_BOUND('',#2374,.T.);
#981=FACE_BOUND('',#2375,.T.);
#982=FACE_BOUND('',#2377,.T.);
#983=FACE_BOUND('',#2378,.T.);
#984=FACE_BOUND('',#2380,.T.);
#985=FACE_BOUND('',#2381,.T.);
#986=FACE_BOUND('',#2382,.T.);
#987=FACE_BOUND('',#2383,.T.);
#988=FACE_BOUND('',#2385,.T.);
#989=FACE_BOUND('',#2386,.T.);
#990=FACE_BOUND('',#2388,.T.);
#991=FACE_BOUND('',#2389,.T.);
#992=FACE_BOUND('',#2392,.T.);
#993=FACE_BOUND('',#2393,.T.);
#994=FACE_BOUND('',#2395,.T.);
#995=FACE_BOUND('',#2396,.T.);
#996=FACE_BOUND('',#2398,.T.);
#997=FACE_BOUND('',#2399,.T.);
#998=FACE_BOUND('',#2400,.T.);
#999=FACE_BOUND('',#2401,.T.);
#1000=FACE_BOUND('',#2403,.T.);
#1001=FACE_BOUND('',#2404,.T.);
#1002=FACE_BOUND('',#2406,.T.);
#1003=FACE_BOUND('',#2407,.T.);
#1004=FACE_BOUND('',#2410,.T.);
#1005=FACE_BOUND('',#2411,.T.);
#1006=FACE_BOUND('',#2413,.T.);
#1007=FACE_BOUND('',#2414,.T.);
#1008=FACE_BOUND('',#2416,.T.);
#1009=FACE_BOUND('',#2417,.T.);
#1010=FACE_BOUND('',#2418,.T.);
#1011=FACE_BOUND('',#2419,.T.);
#1012=FACE_BOUND('',#2421,.T.);
#1013=FACE_BOUND('',#2422,.T.);
#1014=FACE_BOUND('',#2424,.T.);
#1015=FACE_BOUND('',#2425,.T.);
#1016=FACE_BOUND('',#2428,.T.);
#1017=FACE_BOUND('',#2429,.T.);
#1018=FACE_BOUND('',#2431,.T.);
#1019=FACE_BOUND('',#2432,.T.);
#1020=FACE_BOUND('',#2434,.T.);
#1021=FACE_BOUND('',#2435,.T.);
#1022=FACE_BOUND('',#2436,.T.);
#1023=FACE_BOUND('',#2437,.T.);
#1024=FACE_BOUND('',#2439,.T.);
#1025=FACE_BOUND('',#2440,.T.);
#1026=FACE_BOUND('',#2442,.T.);
#1027=FACE_BOUND('',#2443,.T.);
#1028=FACE_BOUND('',#2446,.T.);
#1029=FACE_BOUND('',#2447,.T.);
#1030=FACE_BOUND('',#2449,.T.);
#1031=FACE_BOUND('',#2450,.T.);
#1032=FACE_BOUND('',#2452,.T.);
#1033=FACE_BOUND('',#2453,.T.);
#1034=FACE_BOUND('',#2454,.T.);
#1035=FACE_BOUND('',#2455,.T.);
#1036=FACE_BOUND('',#2457,.T.);
#1037=FACE_BOUND('',#2458,.T.);
#1038=FACE_BOUND('',#2460,.T.);
#1039=FACE_BOUND('',#2461,.T.);
#1040=FACE_BOUND('',#2464,.T.);
#1041=FACE_BOUND('',#2465,.T.);
#1042=FACE_BOUND('',#2467,.T.);
#1043=FACE_BOUND('',#2468,.T.);
#1044=FACE_BOUND('',#2470,.T.);
#1045=FACE_BOUND('',#2471,.T.);
#1046=FACE_BOUND('',#2472,.T.);
#1047=FACE_BOUND('',#2473,.T.);
#1048=FACE_BOUND('',#2475,.T.);
#1049=FACE_BOUND('',#2476,.T.);
#1050=FACE_BOUND('',#2478,.T.);
#1051=FACE_BOUND('',#2479,.T.);
#1052=FACE_BOUND('',#2482,.T.);
#1053=FACE_BOUND('',#2483,.T.);
#1054=FACE_BOUND('',#2485,.T.);
#1055=FACE_BOUND('',#2486,.T.);
#1056=FACE_BOUND('',#2488,.T.);
#1057=FACE_BOUND('',#2489,.T.);
#1058=FACE_BOUND('',#2490,.T.);
#1059=FACE_BOUND('',#2491,.T.);
#1060=FACE_BOUND('',#2493,.T.);
#1061=FACE_BOUND('',#2494,.T.);
#1062=FACE_BOUND('',#2496,.T.);
#1063=FACE_BOUND('',#2497,.T.);
#1064=FACE_BOUND('',#2500,.T.);
#1065=FACE_BOUND('',#2501,.T.);
#1066=FACE_BOUND('',#2503,.T.);
#1067=FACE_BOUND('',#2504,.T.);
#1068=FACE_BOUND('',#2506,.T.);
#1069=FACE_BOUND('',#2507,.T.);
#1070=FACE_BOUND('',#2508,.T.);
#1071=FACE_BOUND('',#2509,.T.);
#1072=FACE_BOUND('',#2511,.T.);
#1073=FACE_BOUND('',#2512,.T.);
#1074=FACE_BOUND('',#2514,.T.);
#1075=FACE_BOUND('',#2515,.T.);
#1076=FACE_BOUND('',#2518,.T.);
#1077=FACE_BOUND('',#2519,.T.);
#1078=FACE_BOUND('',#2521,.T.);
#1079=FACE_BOUND('',#2522,.T.);
#1080=FACE_BOUND('',#2524,.T.);
#1081=FACE_BOUND('',#2525,.T.);
#1082=FACE_BOUND('',#2526,.T.);
#1083=FACE_BOUND('',#2527,.T.);
#1084=FACE_BOUND('',#2529,.T.);
#1085=FACE_BOUND('',#2530,.T.);
#1086=FACE_BOUND('',#2532,.T.);
#1087=FACE_BOUND('',#2533,.T.);
#1088=FACE_BOUND('',#2536,.T.);
#1089=FACE_BOUND('',#2537,.T.);
#1090=FACE_BOUND('',#2539,.T.);
#1091=FACE_BOUND('',#2540,.T.);
#1092=FACE_BOUND('',#2542,.T.);
#1093=FACE_BOUND('',#2543,.T.);
#1094=FACE_BOUND('',#2544,.T.);
#1095=FACE_BOUND('',#2545,.T.);
#1096=FACE_BOUND('',#2547,.T.);
#1097=FACE_BOUND('',#2548,.T.);
#1098=FACE_BOUND('',#2550,.T.);
#1099=FACE_BOUND('',#2551,.T.);
#1100=FACE_BOUND('',#2554,.T.);
#1101=FACE_BOUND('',#2555,.T.);
#1102=FACE_BOUND('',#2557,.T.);
#1103=FACE_BOUND('',#2558,.T.);
#1104=FACE_BOUND('',#2560,.T.);
#1105=FACE_BOUND('',#2561,.T.);
#1106=FACE_BOUND('',#2562,.T.);
#1107=FACE_BOUND('',#2563,.T.);
#1108=FACE_BOUND('',#2565,.T.);
#1109=FACE_BOUND('',#2566,.T.);
#1110=FACE_BOUND('',#2568,.T.);
#1111=FACE_BOUND('',#2569,.T.);
#1112=FACE_BOUND('',#2572,.T.);
#1113=FACE_BOUND('',#2573,.T.);
#1114=FACE_BOUND('',#2575,.T.);
#1115=FACE_BOUND('',#2576,.T.);
#1116=FACE_BOUND('',#2578,.T.);
#1117=FACE_BOUND('',#2579,.T.);
#1118=FACE_BOUND('',#2580,.T.);
#1119=FACE_BOUND('',#2581,.T.);
#1120=FACE_BOUND('',#2583,.T.);
#1121=FACE_BOUND('',#2584,.T.);
#1122=FACE_BOUND('',#2586,.T.);
#1123=FACE_BOUND('',#2587,.T.);
#1124=FACE_BOUND('',#2590,.T.);
#1125=FACE_BOUND('',#2591,.T.);
#1126=FACE_BOUND('',#2593,.T.);
#1127=FACE_BOUND('',#2594,.T.);
#1128=FACE_BOUND('',#2596,.T.);
#1129=FACE_BOUND('',#2597,.T.);
#1130=FACE_BOUND('',#2598,.T.);
#1131=FACE_BOUND('',#2599,.T.);
#1132=FACE_BOUND('',#2601,.T.);
#1133=FACE_BOUND('',#2602,.T.);
#1134=FACE_BOUND('',#2604,.T.);
#1135=FACE_BOUND('',#2605,.T.);
#1136=FACE_BOUND('',#2608,.T.);
#1137=FACE_BOUND('',#2609,.T.);
#1138=FACE_BOUND('',#2611,.T.);
#1139=FACE_BOUND('',#2612,.T.);
#1140=FACE_BOUND('',#2614,.T.);
#1141=FACE_BOUND('',#2615,.T.);
#1142=FACE_BOUND('',#2616,.T.);
#1143=FACE_BOUND('',#2617,.T.);
#1144=FACE_BOUND('',#2619,.T.);
#1145=FACE_BOUND('',#2620,.T.);
#1146=FACE_BOUND('',#2622,.T.);
#1147=FACE_BOUND('',#2623,.T.);
#1148=FACE_BOUND('',#2626,.T.);
#1149=FACE_BOUND('',#2627,.T.);
#1150=FACE_BOUND('',#2629,.T.);
#1151=FACE_BOUND('',#2630,.T.);
#1152=FACE_BOUND('',#2632,.T.);
#1153=FACE_BOUND('',#2633,.T.);
#1154=FACE_BOUND('',#2634,.T.);
#1155=FACE_BOUND('',#2635,.T.);
#1156=FACE_BOUND('',#2637,.T.);
#1157=FACE_BOUND('',#2638,.T.);
#1158=FACE_BOUND('',#2640,.T.);
#1159=FACE_BOUND('',#2641,.T.);
#1160=FACE_BOUND('',#2644,.T.);
#1161=FACE_BOUND('',#2645,.T.);
#1162=FACE_BOUND('',#2647,.T.);
#1163=FACE_BOUND('',#2648,.T.);
#1164=FACE_BOUND('',#2650,.T.);
#1165=FACE_BOUND('',#2651,.T.);
#1166=FACE_BOUND('',#2652,.T.);
#1167=FACE_BOUND('',#2653,.T.);
#1168=FACE_BOUND('',#2655,.T.);
#1169=FACE_BOUND('',#2656,.T.);
#1170=FACE_BOUND('',#2658,.T.);
#1171=FACE_BOUND('',#2659,.T.);
#1172=FACE_BOUND('',#2662,.T.);
#1173=FACE_BOUND('',#2663,.T.);
#1174=FACE_BOUND('',#2665,.T.);
#1175=FACE_BOUND('',#2666,.T.);
#1176=FACE_BOUND('',#2668,.T.);
#1177=FACE_BOUND('',#2669,.T.);
#1178=FACE_BOUND('',#2670,.T.);
#1179=FACE_BOUND('',#2671,.T.);
#1180=FACE_BOUND('',#2673,.T.);
#1181=FACE_BOUND('',#2674,.T.);
#1182=FACE_BOUND('',#2676,.T.);
#1183=FACE_BOUND('',#2677,.T.);
#1184=FACE_BOUND('',#2680,.T.);
#1185=FACE_BOUND('',#2681,.T.);
#1186=FACE_BOUND('',#2683,.T.);
#1187=FACE_BOUND('',#2684,.T.);
#1188=FACE_BOUND('',#2686,.T.);
#1189=FACE_BOUND('',#2687,.T.);
#1190=FACE_BOUND('',#2688,.T.);
#1191=FACE_BOUND('',#2689,.T.);
#1192=FACE_BOUND('',#2691,.T.);
#1193=FACE_BOUND('',#2692,.T.);
#1194=FACE_BOUND('',#2694,.T.);
#1195=FACE_BOUND('',#2695,.T.);
#1196=FACE_BOUND('',#2698,.T.);
#1197=FACE_BOUND('',#2699,.T.);
#1198=FACE_BOUND('',#2701,.T.);
#1199=FACE_BOUND('',#2702,.T.);
#1200=FACE_BOUND('',#2704,.T.);
#1201=FACE_BOUND('',#2705,.T.);
#1202=FACE_BOUND('',#2706,.T.);
#1203=FACE_BOUND('',#2707,.T.);
#1204=FACE_BOUND('',#2709,.T.);
#1205=FACE_BOUND('',#2710,.T.);
#1206=FACE_BOUND('',#2712,.T.);
#1207=FACE_BOUND('',#2713,.T.);
#1208=FACE_BOUND('',#2716,.T.);
#1209=FACE_BOUND('',#2717,.T.);
#1210=FACE_BOUND('',#2719,.T.);
#1211=FACE_BOUND('',#2720,.T.);
#1212=FACE_BOUND('',#2722,.T.);
#1213=FACE_BOUND('',#2723,.T.);
#1214=FACE_BOUND('',#2724,.T.);
#1215=FACE_BOUND('',#2725,.T.);
#1216=FACE_BOUND('',#2727,.T.);
#1217=FACE_BOUND('',#2728,.T.);
#1218=FACE_BOUND('',#2730,.T.);
#1219=FACE_BOUND('',#2731,.T.);
#1220=FACE_BOUND('',#2734,.T.);
#1221=FACE_BOUND('',#2735,.T.);
#1222=FACE_BOUND('',#2737,.T.);
#1223=FACE_BOUND('',#2738,.T.);
#1224=FACE_BOUND('',#2740,.T.);
#1225=FACE_BOUND('',#2741,.T.);
#1226=FACE_BOUND('',#2742,.T.);
#1227=FACE_BOUND('',#2743,.T.);
#1228=FACE_BOUND('',#2745,.T.);
#1229=FACE_BOUND('',#2746,.T.);
#1230=FACE_BOUND('',#2748,.T.);
#1231=FACE_BOUND('',#2749,.T.);
#1232=FACE_BOUND('',#2752,.T.);
#1233=FACE_BOUND('',#2753,.T.);
#1234=FACE_BOUND('',#2755,.T.);
#1235=FACE_BOUND('',#2756,.T.);
#1236=FACE_BOUND('',#2758,.T.);
#1237=FACE_BOUND('',#2759,.T.);
#1238=FACE_BOUND('',#2760,.T.);
#1239=FACE_BOUND('',#2761,.T.);
#1240=FACE_BOUND('',#2763,.T.);
#1241=FACE_BOUND('',#2764,.T.);
#1242=FACE_BOUND('',#2766,.T.);
#1243=FACE_BOUND('',#2767,.T.);
#1244=FACE_BOUND('',#2770,.T.);
#1245=FACE_BOUND('',#2771,.T.);
#1246=FACE_BOUND('',#2773,.T.);
#1247=FACE_BOUND('',#2774,.T.);
#1248=FACE_BOUND('',#2776,.T.);
#1249=FACE_BOUND('',#2777,.T.);
#1250=FACE_BOUND('',#2778,.T.);
#1251=FACE_BOUND('',#2779,.T.);
#1252=FACE_BOUND('',#2781,.T.);
#1253=FACE_BOUND('',#2782,.T.);
#1254=FACE_BOUND('',#2784,.T.);
#1255=FACE_BOUND('',#2785,.T.);
#1256=FACE_BOUND('',#2788,.T.);
#1257=FACE_BOUND('',#2789,.T.);
#1258=FACE_BOUND('',#2791,.T.);
#1259=FACE_BOUND('',#2792,.T.);
#1260=FACE_BOUND('',#2794,.T.);
#1261=FACE_BOUND('',#2795,.T.);
#1262=FACE_BOUND('',#2796,.T.);
#1263=FACE_BOUND('',#2797,.T.);
#1264=FACE_BOUND('',#2799,.T.);
#1265=FACE_BOUND('',#2800,.T.);
#1266=FACE_BOUND('',#2802,.T.);
#1267=FACE_BOUND('',#2803,.T.);
#1268=FACE_BOUND('',#2806,.T.);
#1269=FACE_BOUND('',#2807,.T.);
#1270=FACE_BOUND('',#2809,.T.);
#1271=FACE_BOUND('',#2810,.T.);
#1272=FACE_BOUND('',#2812,.T.);
#1273=FACE_BOUND('',#2813,.T.);
#1274=FACE_BOUND('',#2814,.T.);
#1275=FACE_BOUND('',#2815,.T.);
#1276=FACE_BOUND('',#2817,.T.);
#1277=FACE_BOUND('',#2818,.T.);
#1278=FACE_BOUND('',#2820,.T.);
#1279=FACE_BOUND('',#2821,.T.);
#1280=FACE_BOUND('',#2824,.T.);
#1281=FACE_BOUND('',#2825,.T.);
#1282=FACE_BOUND('',#2827,.T.);
#1283=FACE_BOUND('',#2828,.T.);
#1284=FACE_BOUND('',#2830,.T.);
#1285=FACE_BOUND('',#2831,.T.);
#1286=FACE_BOUND('',#2832,.T.);
#1287=FACE_BOUND('',#2833,.T.);
#1288=FACE_BOUND('',#2835,.T.);
#1289=FACE_BOUND('',#2836,.T.);
#1290=FACE_BOUND('',#2838,.T.);
#1291=FACE_BOUND('',#2839,.T.);
#1292=FACE_BOUND('',#2841,.T.);
#1293=FACE_BOUND('',#2842,.T.);
#1294=FACE_BOUND('',#2844,.T.);
#1295=FACE_BOUND('',#2845,.T.);
#1296=FACE_BOUND('',#2847,.T.);
#1297=FACE_BOUND('',#2848,.T.);
#1298=FACE_BOUND('',#2850,.T.);
#1299=FACE_BOUND('',#2851,.T.);
#1300=FACE_BOUND('',#2853,.T.);
#1301=FACE_BOUND('',#2854,.T.);
#1302=FACE_BOUND('',#2856,.T.);
#1303=FACE_BOUND('',#2857,.T.);
#1304=FACE_BOUND('',#2859,.T.);
#1305=FACE_BOUND('',#2860,.T.);
#1306=FACE_BOUND('',#2861,.T.);
#1307=FACE_BOUND('',#2862,.T.);
#1308=FACE_BOUND('',#2863,.T.);
#1309=FACE_BOUND('',#2864,.T.);
#1310=FACE_BOUND('',#2867,.T.);
#1311=FACE_BOUND('',#2868,.T.);
#1312=FACE_BOUND('',#2870,.T.);
#1313=FACE_BOUND('',#2871,.T.);
#1314=FACE_BOUND('',#2873,.T.);
#1315=FACE_BOUND('',#2874,.T.);
#1316=FACE_BOUND('',#2876,.T.);
#1317=FACE_BOUND('',#2877,.T.);
#1318=FACE_BOUND('',#2888,.T.);
#1319=FACE_BOUND('',#2889,.T.);
#1320=FACE_BOUND('',#2890,.T.);
#1321=FACE_BOUND('',#2891,.T.);
#1322=FACE_BOUND('',#2892,.T.);
#1323=FACE_BOUND('',#2893,.T.);
#1324=FACE_BOUND('',#2894,.T.);
#1325=FACE_BOUND('',#2895,.T.);
#1326=FACE_BOUND('',#2896,.T.);
#1327=FACE_BOUND('',#2897,.T.);
#1328=FACE_BOUND('',#2898,.T.);
#1329=FACE_BOUND('',#2899,.T.);
#1330=FACE_BOUND('',#2900,.T.);
#1331=FACE_BOUND('',#2901,.T.);
#1332=FACE_BOUND('',#2902,.T.);
#1333=FACE_BOUND('',#2903,.T.);
#1334=FACE_BOUND('',#2904,.T.);
#1335=FACE_BOUND('',#2905,.T.);
#1336=FACE_BOUND('',#2906,.T.);
#1337=FACE_BOUND('',#2907,.T.);
#1338=FACE_BOUND('',#2908,.T.);
#1339=FACE_BOUND('',#2909,.T.);
#1340=FACE_BOUND('',#2910,.T.);
#1341=FACE_BOUND('',#2911,.T.);
#1342=FACE_BOUND('',#2912,.T.);
#1343=FACE_BOUND('',#2913,.T.);
#1344=FACE_BOUND('',#2914,.T.);
#1345=FACE_BOUND('',#2915,.T.);
#1346=FACE_BOUND('',#2916,.T.);
#1347=FACE_BOUND('',#2917,.T.);
#1348=FACE_BOUND('',#2918,.T.);
#1349=FACE_BOUND('',#2919,.T.);
#1350=FACE_BOUND('',#2920,.T.);
#1351=FACE_BOUND('',#2921,.T.);
#1352=FACE_BOUND('',#2922,.T.);
#1353=FACE_BOUND('',#2923,.T.);
#1354=FACE_BOUND('',#2924,.T.);
#1355=FACE_BOUND('',#2925,.T.);
#1356=FACE_BOUND('',#2926,.T.);
#1357=FACE_BOUND('',#2927,.T.);
#1358=FACE_BOUND('',#2928,.T.);
#1359=FACE_BOUND('',#2929,.T.);
#1360=FACE_BOUND('',#2930,.T.);
#1361=FACE_BOUND('',#2931,.T.);
#1362=FACE_BOUND('',#2932,.T.);
#1363=FACE_BOUND('',#2933,.T.);
#1364=FACE_BOUND('',#2934,.T.);
#1365=FACE_BOUND('',#2935,.T.);
#1366=FACE_BOUND('',#2936,.T.);
#1367=FACE_BOUND('',#2937,.T.);
#1368=FACE_BOUND('',#2938,.T.);
#1369=FACE_BOUND('',#2939,.T.);
#1370=FACE_BOUND('',#2940,.T.);
#1371=FACE_BOUND('',#2941,.T.);
#1372=FACE_BOUND('',#2942,.T.);
#1373=FACE_BOUND('',#2943,.T.);
#1374=FACE_BOUND('',#2944,.T.);
#1375=FACE_BOUND('',#2945,.T.);
#1376=FACE_BOUND('',#2946,.T.);
#1377=FACE_BOUND('',#2947,.T.);
#1378=FACE_BOUND('',#2948,.T.);
#1379=FACE_BOUND('',#2949,.T.);
#1380=FACE_BOUND('',#2950,.T.);
#1381=FACE_BOUND('',#2951,.T.);
#1382=FACE_BOUND('',#2952,.T.);
#1383=FACE_BOUND('',#2967,.T.);
#1384=FACE_BOUND('',#2968,.T.);
#1385=FACE_BOUND('',#2975,.T.);
#1386=FACE_BOUND('',#2976,.T.);
#1387=FACE_BOUND('',#2978,.T.);
#1388=FACE_BOUND('',#2979,.T.);
#1389=FACE_BOUND('',#2980,.T.);
#1390=FACE_BOUND('',#2990,.T.);
#1391=FACE_BOUND('',#2991,.T.);
#1392=FACE_BOUND('',#2992,.T.);
#1393=FACE_BOUND('',#2993,.T.);
#1394=FACE_BOUND('',#2994,.T.);
#1395=FACE_BOUND('',#2995,.T.);
#1396=FACE_BOUND('',#2996,.T.);
#1397=FACE_BOUND('',#2997,.T.);
#1398=FACE_BOUND('',#2998,.T.);
#1399=FACE_BOUND('',#2999,.T.);
#1400=FACE_BOUND('',#3000,.T.);
#1401=FACE_BOUND('',#3001,.T.);
#1402=FACE_BOUND('',#3002,.T.);
#1403=FACE_BOUND('',#3003,.T.);
#1404=FACE_BOUND('',#3004,.T.);
#1405=FACE_BOUND('',#3005,.T.);
#1406=FACE_BOUND('',#3006,.T.);
#1407=FACE_BOUND('',#3007,.T.);
#1408=FACE_BOUND('',#3008,.T.);
#1409=FACE_BOUND('',#3009,.T.);
#1410=FACE_BOUND('',#3010,.T.);
#1411=FACE_BOUND('',#3011,.T.);
#1412=FACE_BOUND('',#3012,.T.);
#1413=FACE_BOUND('',#3013,.T.);
#1414=FACE_BOUND('',#3014,.T.);
#1415=FACE_BOUND('',#3015,.T.);
#1416=FACE_BOUND('',#3016,.T.);
#1417=FACE_BOUND('',#3017,.T.);
#1418=FACE_BOUND('',#3018,.T.);
#1419=FACE_BOUND('',#3019,.T.);
#1420=FACE_BOUND('',#3020,.T.);
#1421=FACE_BOUND('',#3021,.T.);
#1422=FACE_BOUND('',#3022,.T.);
#1423=FACE_BOUND('',#3023,.T.);
#1424=FACE_BOUND('',#3024,.T.);
#1425=FACE_BOUND('',#3025,.T.);
#1426=FACE_BOUND('',#3026,.T.);
#1427=FACE_BOUND('',#3027,.T.);
#1428=FACE_BOUND('',#3028,.T.);
#1429=FACE_BOUND('',#3029,.T.);
#1430=FACE_BOUND('',#3030,.T.);
#1431=FACE_BOUND('',#3031,.T.);
#1432=FACE_BOUND('',#3032,.T.);
#1433=FACE_BOUND('',#3033,.T.);
#1434=FACE_BOUND('',#3034,.T.);
#1435=FACE_BOUND('',#3035,.T.);
#1436=FACE_BOUND('',#3036,.T.);
#1437=FACE_BOUND('',#3037,.T.);
#1438=FACE_BOUND('',#3038,.T.);
#1439=FACE_BOUND('',#3039,.T.);
#1440=FACE_BOUND('',#3040,.T.);
#1441=FACE_BOUND('',#3041,.T.);
#1442=FACE_BOUND('',#3042,.T.);
#1443=FACE_BOUND('',#3043,.T.);
#1444=FACE_BOUND('',#3044,.T.);
#1445=FACE_BOUND('',#3045,.T.);
#1446=FACE_BOUND('',#3046,.T.);
#1447=FACE_BOUND('',#3047,.T.);
#1448=FACE_BOUND('',#3048,.T.);
#1449=FACE_BOUND('',#3049,.T.);
#1450=FACE_BOUND('',#3050,.T.);
#1451=FACE_BOUND('',#3051,.T.);
#1452=FACE_BOUND('',#3052,.T.);
#1453=FACE_BOUND('',#3053,.T.);
#1454=FACE_BOUND('',#3054,.T.);
#1455=FACE_BOUND('',#3055,.T.);
#1456=FACE_BOUND('',#3056,.T.);
#1457=FACE_BOUND('',#3057,.T.);
#1458=FACE_BOUND('',#3058,.T.);
#1459=ADVANCED_FACE('',(#2067),#1892,.T.);
#1460=ADVANCED_FACE('',(#2068),#1893,.T.);
#1461=ADVANCED_FACE('',(#932,#933),#674,.T.);
#1462=ADVANCED_FACE('',(#2069),#610,.T.);
#1463=ADVANCED_FACE('',(#934,#935),#675,.T.);
#1464=ADVANCED_FACE('',(#2070),#611,.T.);
#1465=ADVANCED_FACE('',(#936,#937),#676,.T.);
#1466=ADVANCED_FACE('',(#938,#939),#677,.T.);
#1467=ADVANCED_FACE('',(#2071),#1894,.T.);
#1468=ADVANCED_FACE('',(#940,#941),#678,.T.);
#1469=ADVANCED_FACE('',(#2072),#1895,.T.);
#1470=ADVANCED_FACE('',(#942,#943),#679,.T.);
#1471=ADVANCED_FACE('',(#2073),#1896,.T.);
#1472=ADVANCED_FACE('',(#2074),#1897,.T.);
#1473=ADVANCED_FACE('',(#944,#945),#680,.T.);
#1474=ADVANCED_FACE('',(#2075),#612,.T.);
#1475=ADVANCED_FACE('',(#946,#947),#681,.T.);
#1476=ADVANCED_FACE('',(#2076),#613,.T.);
#1477=ADVANCED_FACE('',(#948,#949),#682,.T.);
#1478=ADVANCED_FACE('',(#950,#951),#683,.T.);
#1479=ADVANCED_FACE('',(#2077),#1898,.T.);
#1480=ADVANCED_FACE('',(#952,#953),#684,.T.);
#1481=ADVANCED_FACE('',(#2078),#1899,.T.);
#1482=ADVANCED_FACE('',(#954,#955),#685,.T.);
#1483=ADVANCED_FACE('',(#2079),#1900,.T.);
#1484=ADVANCED_FACE('',(#2080),#1901,.T.);
#1485=ADVANCED_FACE('',(#956,#957),#686,.T.);
#1486=ADVANCED_FACE('',(#2081),#614,.T.);
#1487=ADVANCED_FACE('',(#958,#959),#687,.T.);
#1488=ADVANCED_FACE('',(#2082),#615,.T.);
#1489=ADVANCED_FACE('',(#960,#961),#688,.T.);
#1490=ADVANCED_FACE('',(#962,#963),#689,.T.);
#1491=ADVANCED_FACE('',(#2083),#1902,.T.);
#1492=ADVANCED_FACE('',(#964,#965),#690,.T.);
#1493=ADVANCED_FACE('',(#2084),#1903,.T.);
#1494=ADVANCED_FACE('',(#966,#967),#691,.T.);
#1495=ADVANCED_FACE('',(#2085),#1904,.T.);
#1496=ADVANCED_FACE('',(#2086),#1905,.T.);
#1497=ADVANCED_FACE('',(#968,#969),#692,.T.);
#1498=ADVANCED_FACE('',(#2087),#616,.T.);
#1499=ADVANCED_FACE('',(#970,#971),#693,.T.);
#1500=ADVANCED_FACE('',(#2088),#617,.T.);
#1501=ADVANCED_FACE('',(#972,#973),#694,.T.);
#1502=ADVANCED_FACE('',(#974,#975),#695,.T.);
#1503=ADVANCED_FACE('',(#2089),#1906,.T.);
#1504=ADVANCED_FACE('',(#976,#977),#696,.T.);
#1505=ADVANCED_FACE('',(#2090),#1907,.T.);
#1506=ADVANCED_FACE('',(#978,#979),#697,.T.);
#1507=ADVANCED_FACE('',(#2091),#1908,.T.);
#1508=ADVANCED_FACE('',(#2092),#1909,.T.);
#1509=ADVANCED_FACE('',(#980,#981),#698,.T.);
#1510=ADVANCED_FACE('',(#2093),#618,.T.);
#1511=ADVANCED_FACE('',(#982,#983),#699,.T.);
#1512=ADVANCED_FACE('',(#2094),#619,.T.);
#1513=ADVANCED_FACE('',(#984,#985),#700,.T.);
#1514=ADVANCED_FACE('',(#986,#987),#701,.T.);
#1515=ADVANCED_FACE('',(#2095),#1910,.T.);
#1516=ADVANCED_FACE('',(#988,#989),#702,.T.);
#1517=ADVANCED_FACE('',(#2096),#1911,.T.);
#1518=ADVANCED_FACE('',(#990,#991),#703,.T.);
#1519=ADVANCED_FACE('',(#2097),#1912,.T.);
#1520=ADVANCED_FACE('',(#2098),#1913,.T.);
#1521=ADVANCED_FACE('',(#992,#993),#704,.T.);
#1522=ADVANCED_FACE('',(#2099),#620,.T.);
#1523=ADVANCED_FACE('',(#994,#995),#705,.T.);
#1524=ADVANCED_FACE('',(#2100),#621,.T.);
#1525=ADVANCED_FACE('',(#996,#997),#706,.T.);
#1526=ADVANCED_FACE('',(#998,#999),#707,.T.);
#1527=ADVANCED_FACE('',(#2101),#1914,.T.);
#1528=ADVANCED_FACE('',(#1000,#1001),#708,.T.);
#1529=ADVANCED_FACE('',(#2102),#1915,.T.);
#1530=ADVANCED_FACE('',(#1002,#1003),#709,.T.);
#1531=ADVANCED_FACE('',(#2103),#1916,.T.);
#1532=ADVANCED_FACE('',(#2104),#1917,.T.);
#1533=ADVANCED_FACE('',(#1004,#1005),#710,.T.);
#1534=ADVANCED_FACE('',(#2105),#622,.T.);
#1535=ADVANCED_FACE('',(#1006,#1007),#711,.T.);
#1536=ADVANCED_FACE('',(#2106),#623,.T.);
#1537=ADVANCED_FACE('',(#1008,#1009),#712,.T.);
#1538=ADVANCED_FACE('',(#1010,#1011),#713,.T.);
#1539=ADVANCED_FACE('',(#2107),#1918,.T.);
#1540=ADVANCED_FACE('',(#1012,#1013),#714,.T.);
#1541=ADVANCED_FACE('',(#2108),#1919,.T.);
#1542=ADVANCED_FACE('',(#1014,#1015),#715,.T.);
#1543=ADVANCED_FACE('',(#2109),#1920,.T.);
#1544=ADVANCED_FACE('',(#2110),#1921,.T.);
#1545=ADVANCED_FACE('',(#1016,#1017),#716,.T.);
#1546=ADVANCED_FACE('',(#2111),#624,.T.);
#1547=ADVANCED_FACE('',(#1018,#1019),#717,.T.);
#1548=ADVANCED_FACE('',(#2112),#625,.T.);
#1549=ADVANCED_FACE('',(#1020,#1021),#718,.T.);
#1550=ADVANCED_FACE('',(#1022,#1023),#719,.T.);
#1551=ADVANCED_FACE('',(#2113),#1922,.T.);
#1552=ADVANCED_FACE('',(#1024,#1025),#720,.T.);
#1553=ADVANCED_FACE('',(#2114),#1923,.T.);
#1554=ADVANCED_FACE('',(#1026,#1027),#721,.T.);
#1555=ADVANCED_FACE('',(#2115),#1924,.T.);
#1556=ADVANCED_FACE('',(#2116),#1925,.T.);
#1557=ADVANCED_FACE('',(#1028,#1029),#722,.T.);
#1558=ADVANCED_FACE('',(#2117),#626,.T.);
#1559=ADVANCED_FACE('',(#1030,#1031),#723,.T.);
#1560=ADVANCED_FACE('',(#2118),#627,.T.);
#1561=ADVANCED_FACE('',(#1032,#1033),#724,.T.);
#1562=ADVANCED_FACE('',(#1034,#1035),#725,.T.);
#1563=ADVANCED_FACE('',(#2119),#1926,.T.);
#1564=ADVANCED_FACE('',(#1036,#1037),#726,.T.);
#1565=ADVANCED_FACE('',(#2120),#1927,.T.);
#1566=ADVANCED_FACE('',(#1038,#1039),#727,.T.);
#1567=ADVANCED_FACE('',(#2121),#1928,.T.);
#1568=ADVANCED_FACE('',(#2122),#1929,.T.);
#1569=ADVANCED_FACE('',(#1040,#1041),#728,.T.);
#1570=ADVANCED_FACE('',(#2123),#628,.T.);
#1571=ADVANCED_FACE('',(#1042,#1043),#729,.T.);
#1572=ADVANCED_FACE('',(#2124),#629,.T.);
#1573=ADVANCED_FACE('',(#1044,#1045),#730,.T.);
#1574=ADVANCED_FACE('',(#1046,#1047),#731,.T.);
#1575=ADVANCED_FACE('',(#2125),#1930,.T.);
#1576=ADVANCED_FACE('',(#1048,#1049),#732,.T.);
#1577=ADVANCED_FACE('',(#2126),#1931,.T.);
#1578=ADVANCED_FACE('',(#1050,#1051),#733,.T.);
#1579=ADVANCED_FACE('',(#2127),#1932,.T.);
#1580=ADVANCED_FACE('',(#2128),#1933,.T.);
#1581=ADVANCED_FACE('',(#1052,#1053),#734,.T.);
#1582=ADVANCED_FACE('',(#2129),#630,.T.);
#1583=ADVANCED_FACE('',(#1054,#1055),#735,.T.);
#1584=ADVANCED_FACE('',(#2130),#631,.T.);
#1585=ADVANCED_FACE('',(#1056,#1057),#736,.T.);
#1586=ADVANCED_FACE('',(#1058,#1059),#737,.T.);
#1587=ADVANCED_FACE('',(#2131),#1934,.T.);
#1588=ADVANCED_FACE('',(#1060,#1061),#738,.T.);
#1589=ADVANCED_FACE('',(#2132),#1935,.T.);
#1590=ADVANCED_FACE('',(#1062,#1063),#739,.T.);
#1591=ADVANCED_FACE('',(#2133),#1936,.T.);
#1592=ADVANCED_FACE('',(#2134),#1937,.T.);
#1593=ADVANCED_FACE('',(#1064,#1065),#740,.T.);
#1594=ADVANCED_FACE('',(#2135),#632,.T.);
#1595=ADVANCED_FACE('',(#1066,#1067),#741,.T.);
#1596=ADVANCED_FACE('',(#2136),#633,.T.);
#1597=ADVANCED_FACE('',(#1068,#1069),#742,.T.);
#1598=ADVANCED_FACE('',(#1070,#1071),#743,.T.);
#1599=ADVANCED_FACE('',(#2137),#1938,.T.);
#1600=ADVANCED_FACE('',(#1072,#1073),#744,.T.);
#1601=ADVANCED_FACE('',(#2138),#1939,.T.);
#1602=ADVANCED_FACE('',(#1074,#1075),#745,.T.);
#1603=ADVANCED_FACE('',(#2139),#1940,.T.);
#1604=ADVANCED_FACE('',(#2140),#1941,.T.);
#1605=ADVANCED_FACE('',(#1076,#1077),#746,.T.);
#1606=ADVANCED_FACE('',(#2141),#634,.T.);
#1607=ADVANCED_FACE('',(#1078,#1079),#747,.T.);
#1608=ADVANCED_FACE('',(#2142),#635,.T.);
#1609=ADVANCED_FACE('',(#1080,#1081),#748,.T.);
#1610=ADVANCED_FACE('',(#1082,#1083),#749,.T.);
#1611=ADVANCED_FACE('',(#2143),#1942,.T.);
#1612=ADVANCED_FACE('',(#1084,#1085),#750,.T.);
#1613=ADVANCED_FACE('',(#2144),#1943,.T.);
#1614=ADVANCED_FACE('',(#1086,#1087),#751,.T.);
#1615=ADVANCED_FACE('',(#2145),#1944,.T.);
#1616=ADVANCED_FACE('',(#2146),#1945,.T.);
#1617=ADVANCED_FACE('',(#1088,#1089),#752,.T.);
#1618=ADVANCED_FACE('',(#2147),#636,.T.);
#1619=ADVANCED_FACE('',(#1090,#1091),#753,.T.);
#1620=ADVANCED_FACE('',(#2148),#637,.T.);
#1621=ADVANCED_FACE('',(#1092,#1093),#754,.T.);
#1622=ADVANCED_FACE('',(#1094,#1095),#755,.T.);
#1623=ADVANCED_FACE('',(#2149),#1946,.T.);
#1624=ADVANCED_FACE('',(#1096,#1097),#756,.T.);
#1625=ADVANCED_FACE('',(#2150),#1947,.T.);
#1626=ADVANCED_FACE('',(#1098,#1099),#757,.T.);
#1627=ADVANCED_FACE('',(#2151),#1948,.T.);
#1628=ADVANCED_FACE('',(#2152),#1949,.T.);
#1629=ADVANCED_FACE('',(#1100,#1101),#758,.T.);
#1630=ADVANCED_FACE('',(#2153),#638,.T.);
#1631=ADVANCED_FACE('',(#1102,#1103),#759,.T.);
#1632=ADVANCED_FACE('',(#2154),#639,.T.);
#1633=ADVANCED_FACE('',(#1104,#1105),#760,.T.);
#1634=ADVANCED_FACE('',(#1106,#1107),#761,.T.);
#1635=ADVANCED_FACE('',(#2155),#1950,.T.);
#1636=ADVANCED_FACE('',(#1108,#1109),#762,.T.);
#1637=ADVANCED_FACE('',(#2156),#1951,.T.);
#1638=ADVANCED_FACE('',(#1110,#1111),#763,.T.);
#1639=ADVANCED_FACE('',(#2157),#1952,.T.);
#1640=ADVANCED_FACE('',(#2158),#1953,.T.);
#1641=ADVANCED_FACE('',(#1112,#1113),#764,.T.);
#1642=ADVANCED_FACE('',(#2159),#640,.T.);
#1643=ADVANCED_FACE('',(#1114,#1115),#765,.T.);
#1644=ADVANCED_FACE('',(#2160),#641,.T.);
#1645=ADVANCED_FACE('',(#1116,#1117),#766,.T.);
#1646=ADVANCED_FACE('',(#1118,#1119),#767,.T.);
#1647=ADVANCED_FACE('',(#2161),#1954,.T.);
#1648=ADVANCED_FACE('',(#1120,#1121),#768,.T.);
#1649=ADVANCED_FACE('',(#2162),#1955,.T.);
#1650=ADVANCED_FACE('',(#1122,#1123),#769,.T.);
#1651=ADVANCED_FACE('',(#2163),#1956,.T.);
#1652=ADVANCED_FACE('',(#2164),#1957,.T.);
#1653=ADVANCED_FACE('',(#1124,#1125),#770,.T.);
#1654=ADVANCED_FACE('',(#2165),#642,.T.);
#1655=ADVANCED_FACE('',(#1126,#1127),#771,.T.);
#1656=ADVANCED_FACE('',(#2166),#643,.T.);
#1657=ADVANCED_FACE('',(#1128,#1129),#772,.T.);
#1658=ADVANCED_FACE('',(#1130,#1131),#773,.T.);
#1659=ADVANCED_FACE('',(#2167),#1958,.T.);
#1660=ADVANCED_FACE('',(#1132,#1133),#774,.T.);
#1661=ADVANCED_FACE('',(#2168),#1959,.T.);
#1662=ADVANCED_FACE('',(#1134,#1135),#775,.T.);
#1663=ADVANCED_FACE('',(#2169),#1960,.T.);
#1664=ADVANCED_FACE('',(#2170),#1961,.T.);
#1665=ADVANCED_FACE('',(#1136,#1137),#776,.T.);
#1666=ADVANCED_FACE('',(#2171),#644,.T.);
#1667=ADVANCED_FACE('',(#1138,#1139),#777,.T.);
#1668=ADVANCED_FACE('',(#2172),#645,.T.);
#1669=ADVANCED_FACE('',(#1140,#1141),#778,.T.);
#1670=ADVANCED_FACE('',(#1142,#1143),#779,.T.);
#1671=ADVANCED_FACE('',(#2173),#1962,.T.);
#1672=ADVANCED_FACE('',(#1144,#1145),#780,.T.);
#1673=ADVANCED_FACE('',(#2174),#1963,.T.);
#1674=ADVANCED_FACE('',(#1146,#1147),#781,.T.);
#1675=ADVANCED_FACE('',(#2175),#1964,.T.);
#1676=ADVANCED_FACE('',(#2176),#1965,.T.);
#1677=ADVANCED_FACE('',(#1148,#1149),#782,.T.);
#1678=ADVANCED_FACE('',(#2177),#646,.T.);
#1679=ADVANCED_FACE('',(#1150,#1151),#783,.T.);
#1680=ADVANCED_FACE('',(#2178),#647,.T.);
#1681=ADVANCED_FACE('',(#1152,#1153),#784,.T.);
#1682=ADVANCED_FACE('',(#1154,#1155),#785,.T.);
#1683=ADVANCED_FACE('',(#2179),#1966,.T.);
#1684=ADVANCED_FACE('',(#1156,#1157),#786,.T.);
#1685=ADVANCED_FACE('',(#2180),#1967,.T.);
#1686=ADVANCED_FACE('',(#1158,#1159),#787,.T.);
#1687=ADVANCED_FACE('',(#2181),#1968,.T.);
#1688=ADVANCED_FACE('',(#2182),#1969,.T.);
#1689=ADVANCED_FACE('',(#1160,#1161),#788,.T.);
#1690=ADVANCED_FACE('',(#2183),#648,.T.);
#1691=ADVANCED_FACE('',(#1162,#1163),#789,.T.);
#1692=ADVANCED_FACE('',(#2184),#649,.T.);
#1693=ADVANCED_FACE('',(#1164,#1165),#790,.T.);
#1694=ADVANCED_FACE('',(#1166,#1167),#791,.T.);
#1695=ADVANCED_FACE('',(#2185),#1970,.T.);
#1696=ADVANCED_FACE('',(#1168,#1169),#792,.T.);
#1697=ADVANCED_FACE('',(#2186),#1971,.T.);
#1698=ADVANCED_FACE('',(#1170,#1171),#793,.T.);
#1699=ADVANCED_FACE('',(#2187),#1972,.T.);
#1700=ADVANCED_FACE('',(#2188),#1973,.T.);
#1701=ADVANCED_FACE('',(#1172,#1173),#794,.T.);
#1702=ADVANCED_FACE('',(#2189),#650,.T.);
#1703=ADVANCED_FACE('',(#1174,#1175),#795,.T.);
#1704=ADVANCED_FACE('',(#2190),#651,.T.);
#1705=ADVANCED_FACE('',(#1176,#1177),#796,.T.);
#1706=ADVANCED_FACE('',(#1178,#1179),#797,.T.);
#1707=ADVANCED_FACE('',(#2191),#1974,.T.);
#1708=ADVANCED_FACE('',(#1180,#1181),#798,.T.);
#1709=ADVANCED_FACE('',(#2192),#1975,.T.);
#1710=ADVANCED_FACE('',(#1182,#1183),#799,.T.);
#1711=ADVANCED_FACE('',(#2193),#1976,.T.);
#1712=ADVANCED_FACE('',(#2194),#1977,.T.);
#1713=ADVANCED_FACE('',(#1184,#1185),#800,.T.);
#1714=ADVANCED_FACE('',(#2195),#652,.T.);
#1715=ADVANCED_FACE('',(#1186,#1187),#801,.T.);
#1716=ADVANCED_FACE('',(#2196),#653,.T.);
#1717=ADVANCED_FACE('',(#1188,#1189),#802,.T.);
#1718=ADVANCED_FACE('',(#1190,#1191),#803,.T.);
#1719=ADVANCED_FACE('',(#2197),#1978,.T.);
#1720=ADVANCED_FACE('',(#1192,#1193),#804,.T.);
#1721=ADVANCED_FACE('',(#2198),#1979,.T.);
#1722=ADVANCED_FACE('',(#1194,#1195),#805,.T.);
#1723=ADVANCED_FACE('',(#2199),#1980,.T.);
#1724=ADVANCED_FACE('',(#2200),#1981,.T.);
#1725=ADVANCED_FACE('',(#1196,#1197),#806,.T.);
#1726=ADVANCED_FACE('',(#2201),#654,.T.);
#1727=ADVANCED_FACE('',(#1198,#1199),#807,.T.);
#1728=ADVANCED_FACE('',(#2202),#655,.T.);
#1729=ADVANCED_FACE('',(#1200,#1201),#808,.T.);
#1730=ADVANCED_FACE('',(#1202,#1203),#809,.T.);
#1731=ADVANCED_FACE('',(#2203),#1982,.T.);
#1732=ADVANCED_FACE('',(#1204,#1205),#810,.T.);
#1733=ADVANCED_FACE('',(#2204),#1983,.T.);
#1734=ADVANCED_FACE('',(#1206,#1207),#811,.T.);
#1735=ADVANCED_FACE('',(#2205),#1984,.T.);
#1736=ADVANCED_FACE('',(#2206),#1985,.T.);
#1737=ADVANCED_FACE('',(#1208,#1209),#812,.T.);
#1738=ADVANCED_FACE('',(#2207),#656,.T.);
#1739=ADVANCED_FACE('',(#1210,#1211),#813,.T.);
#1740=ADVANCED_FACE('',(#2208),#657,.T.);
#1741=ADVANCED_FACE('',(#1212,#1213),#814,.T.);
#1742=ADVANCED_FACE('',(#1214,#1215),#815,.T.);
#1743=ADVANCED_FACE('',(#2209),#1986,.T.);
#1744=ADVANCED_FACE('',(#1216,#1217),#816,.T.);
#1745=ADVANCED_FACE('',(#2210),#1987,.T.);
#1746=ADVANCED_FACE('',(#1218,#1219),#817,.T.);
#1747=ADVANCED_FACE('',(#2211),#1988,.T.);
#1748=ADVANCED_FACE('',(#2212),#1989,.T.);
#1749=ADVANCED_FACE('',(#1220,#1221),#818,.T.);
#1750=ADVANCED_FACE('',(#2213),#658,.T.);
#1751=ADVANCED_FACE('',(#1222,#1223),#819,.T.);
#1752=ADVANCED_FACE('',(#2214),#659,.T.);
#1753=ADVANCED_FACE('',(#1224,#1225),#820,.T.);
#1754=ADVANCED_FACE('',(#1226,#1227),#821,.T.);
#1755=ADVANCED_FACE('',(#2215),#1990,.T.);
#1756=ADVANCED_FACE('',(#1228,#1229),#822,.T.);
#1757=ADVANCED_FACE('',(#2216),#1991,.T.);
#1758=ADVANCED_FACE('',(#1230,#1231),#823,.T.);
#1759=ADVANCED_FACE('',(#2217),#1992,.T.);
#1760=ADVANCED_FACE('',(#2218),#1993,.T.);
#1761=ADVANCED_FACE('',(#1232,#1233),#824,.T.);
#1762=ADVANCED_FACE('',(#2219),#660,.T.);
#1763=ADVANCED_FACE('',(#1234,#1235),#825,.T.);
#1764=ADVANCED_FACE('',(#2220),#661,.T.);
#1765=ADVANCED_FACE('',(#1236,#1237),#826,.T.);
#1766=ADVANCED_FACE('',(#1238,#1239),#827,.T.);
#1767=ADVANCED_FACE('',(#2221),#1994,.T.);
#1768=ADVANCED_FACE('',(#1240,#1241),#828,.T.);
#1769=ADVANCED_FACE('',(#2222),#1995,.T.);
#1770=ADVANCED_FACE('',(#1242,#1243),#829,.T.);
#1771=ADVANCED_FACE('',(#2223),#1996,.T.);
#1772=ADVANCED_FACE('',(#2224),#1997,.T.);
#1773=ADVANCED_FACE('',(#1244,#1245),#830,.T.);
#1774=ADVANCED_FACE('',(#2225),#662,.T.);
#1775=ADVANCED_FACE('',(#1246,#1247),#831,.T.);
#1776=ADVANCED_FACE('',(#2226),#663,.T.);
#1777=ADVANCED_FACE('',(#1248,#1249),#832,.T.);
#1778=ADVANCED_FACE('',(#1250,#1251),#833,.T.);
#1779=ADVANCED_FACE('',(#2227),#1998,.T.);
#1780=ADVANCED_FACE('',(#1252,#1253),#834,.T.);
#1781=ADVANCED_FACE('',(#2228),#1999,.T.);
#1782=ADVANCED_FACE('',(#1254,#1255),#835,.T.);
#1783=ADVANCED_FACE('',(#2229),#2000,.T.);
#1784=ADVANCED_FACE('',(#2230),#2001,.T.);
#1785=ADVANCED_FACE('',(#1256,#1257),#836,.T.);
#1786=ADVANCED_FACE('',(#2231),#664,.T.);
#1787=ADVANCED_FACE('',(#1258,#1259),#837,.T.);
#1788=ADVANCED_FACE('',(#2232),#665,.T.);
#1789=ADVANCED_FACE('',(#1260,#1261),#838,.T.);
#1790=ADVANCED_FACE('',(#1262,#1263),#839,.T.);
#1791=ADVANCED_FACE('',(#2233),#2002,.T.);
#1792=ADVANCED_FACE('',(#1264,#1265),#840,.T.);
#1793=ADVANCED_FACE('',(#2234),#2003,.T.);
#1794=ADVANCED_FACE('',(#1266,#1267),#841,.T.);
#1795=ADVANCED_FACE('',(#2235),#2004,.T.);
#1796=ADVANCED_FACE('',(#2236),#2005,.T.);
#1797=ADVANCED_FACE('',(#1268,#1269),#842,.T.);
#1798=ADVANCED_FACE('',(#2237),#666,.T.);
#1799=ADVANCED_FACE('',(#1270,#1271),#843,.T.);
#1800=ADVANCED_FACE('',(#2238),#667,.T.);
#1801=ADVANCED_FACE('',(#1272,#1273),#844,.T.);
#1802=ADVANCED_FACE('',(#1274,#1275),#845,.T.);
#1803=ADVANCED_FACE('',(#2239),#2006,.T.);
#1804=ADVANCED_FACE('',(#1276,#1277),#846,.T.);
#1805=ADVANCED_FACE('',(#2240),#2007,.T.);
#1806=ADVANCED_FACE('',(#1278,#1279),#847,.T.);
#1807=ADVANCED_FACE('',(#2241),#2008,.T.);
#1808=ADVANCED_FACE('',(#2242),#2009,.T.);
#1809=ADVANCED_FACE('',(#1280,#1281),#848,.T.);
#1810=ADVANCED_FACE('',(#2243),#668,.T.);
#1811=ADVANCED_FACE('',(#1282,#1283),#849,.T.);
#1812=ADVANCED_FACE('',(#2244),#669,.T.);
#1813=ADVANCED_FACE('',(#1284,#1285),#850,.T.);
#1814=ADVANCED_FACE('',(#1286,#1287),#851,.T.);
#1815=ADVANCED_FACE('',(#2245),#2010,.T.);
#1816=ADVANCED_FACE('',(#1288,#1289),#852,.T.);
#1817=ADVANCED_FACE('',(#2246),#2011,.T.);
#1818=ADVANCED_FACE('',(#1290,#1291),#853,.T.);
#1819=ADVANCED_FACE('',(#2247),#2012,.T.);
#1820=ADVANCED_FACE('',(#1292,#1293),#854,.T.);
#1821=ADVANCED_FACE('',(#2248),#2013,.T.);
#1822=ADVANCED_FACE('',(#1294,#1295),#855,.T.);
#1823=ADVANCED_FACE('',(#2249),#670,.T.);
#1824=ADVANCED_FACE('',(#1296,#1297),#856,.T.);
#1825=ADVANCED_FACE('',(#2250),#2014,.T.);
#1826=ADVANCED_FACE('',(#1298,#1299),#857,.T.);
#1827=ADVANCED_FACE('',(#2251),#671,.T.);
#1828=ADVANCED_FACE('',(#1300,#1301),#858,.T.);
#1829=ADVANCED_FACE('',(#2252),#2015,.T.);
#1830=ADVANCED_FACE('',(#1302,#1303),#859,.T.);
#1831=ADVANCED_FACE('',(#2253),#672,.T.);
#1832=ADVANCED_FACE('',(#1304,#1305),#860,.T.);
#1833=ADVANCED_FACE('',(#1306,#1307),#861,.F.);
#1834=ADVANCED_FACE('',(#1308,#1309),#862,.F.);
#1835=ADVANCED_FACE('',(#2254),#2016,.T.);
#1836=ADVANCED_FACE('',(#2255),#2017,.T.);
#1837=ADVANCED_FACE('',(#1310,#1311),#863,.T.);
#1838=ADVANCED_FACE('',(#2256),#2018,.T.);
#1839=ADVANCED_FACE('',(#1312,#1313),#864,.T.);
#1840=ADVANCED_FACE('',(#2257),#2019,.T.);
#1841=ADVANCED_FACE('',(#1314,#1315),#865,.T.);
#1842=ADVANCED_FACE('',(#2258),#2020,.T.);
#1843=ADVANCED_FACE('',(#1316,#1317),#866,.T.);
#1844=ADVANCED_FACE('',(#2259),#2021,.T.);
#1845=ADVANCED_FACE('',(#2260),#2022,.F.);
#1846=ADVANCED_FACE('',(#2261),#2023,.F.);
#1847=ADVANCED_FACE('',(#2262),#2024,.F.);
#1848=ADVANCED_FACE('',(#2263),#2025,.F.);
#1849=ADVANCED_FACE('',(#2264),#2026,.T.);
#1850=ADVANCED_FACE('',(#2265),#2027,.T.);
#1851=ADVANCED_FACE('',(#2266),#2028,.T.);
#1852=ADVANCED_FACE('',(#2267),#2029,.T.);
#1853=ADVANCED_FACE('',(#2268),#2030,.T.);
#1854=ADVANCED_FACE('',(#1318,#1319,#1320,#1321,#1322,#1323,#1324,#1325,
#1326,#1327,#1328,#1329,#1330,#1331,#1332,#1333,#1334,#1335,#1336,#1337,
#1338,#1339,#1340,#1341,#1342,#1343,#1344,#1345,#1346,#1347,#1348,#1349,
#1350,#1351,#1352,#1353,#1354,#1355,#1356,#1357,#1358,#1359,#1360,#1361,
#1362,#1363,#1364,#1365,#1366,#1367,#1368,#1369,#1370,#1371,#1372,#1373,
#1374,#1375,#1376,#1377,#1378,#1379,#1380,#1381,#1382),#2031,.F.);
#1855=ADVANCED_FACE('',(#2269),#2032,.T.);
#1856=ADVANCED_FACE('',(#2270),#2033,.T.);
#1857=ADVANCED_FACE('',(#2271),#2034,.F.);
#1858=ADVANCED_FACE('',(#2272),#2035,.T.);
#1859=ADVANCED_FACE('',(#2273),#2036,.T.);
#1860=ADVANCED_FACE('',(#2274),#2037,.T.);
#1861=ADVANCED_FACE('',(#2275),#2038,.T.);
#1862=ADVANCED_FACE('',(#2276),#2039,.T.);
#1863=ADVANCED_FACE('',(#2277),#2040,.T.);
#1864=ADVANCED_FACE('',(#2278),#2041,.F.);
#1865=ADVANCED_FACE('',(#2279),#2042,.F.);
#1866=ADVANCED_FACE('',(#2280),#2043,.F.);
#1867=ADVANCED_FACE('',(#2281),#2044,.T.);
#1868=ADVANCED_FACE('',(#2282),#2045,.T.);
#1869=ADVANCED_FACE('',(#1383,#1384),#2046,.T.);
#1870=ADVANCED_FACE('',(#2283),#2047,.F.);
#1871=ADVANCED_FACE('',(#2284),#2048,.F.);
#1872=ADVANCED_FACE('',(#2285),#2049,.T.);
#1873=ADVANCED_FACE('',(#2286),#2050,.F.);
#1874=ADVANCED_FACE('',(#2287),#2051,.F.);
#1875=ADVANCED_FACE('',(#2288),#2052,.T.);
#1876=ADVANCED_FACE('',(#1385,#1386),#2053,.T.);
#1877=ADVANCED_FACE('',(#2289),#2054,.T.);
#1878=ADVANCED_FACE('',(#1387,#1388,#1389),#2055,.T.);
#1879=ADVANCED_FACE('',(#2290),#2056,.T.);
#1880=ADVANCED_FACE('',(#2291),#2057,.T.);
#1881=ADVANCED_FACE('',(#2292),#2058,.T.);
#1882=ADVANCED_FACE('',(#2293),#2059,.T.);
#1883=ADVANCED_FACE('',(#2294),#2060,.T.);
#1884=ADVANCED_FACE('',(#2295),#2061,.T.);
#1885=ADVANCED_FACE('',(#2296),#2062,.T.);
#1886=ADVANCED_FACE('',(#2297),#2063,.T.);
#1887=ADVANCED_FACE('',(#2298),#2064,.T.);
#1888=ADVANCED_FACE('',(#1390,#1391),#2065,.T.);
#1889=ADVANCED_FACE('',(#1392,#1393,#1394,#1395,#1396,#1397,#1398,#1399,
#1400,#1401,#1402,#1403,#1404,#1405,#1406,#1407,#1408,#1409,#1410,#1411,
#1412,#1413,#1414,#1415,#1416,#1417,#1418,#1419,#1420,#1421,#1422,#1423,
#1424,#1425,#1426,#1427,#1428,#1429,#1430,#1431,#1432,#1433,#1434,#1435,
#1436,#1437,#1438,#1439,#1440,#1441,#1442,#1443,#1444,#1445,#1446,#1447,
#1448,#1449,#1450,#1451,#1452,#1453,#1454,#1455,#1456),#2066,.T.);
#1890=ADVANCED_FACE('',(#1457,#1458),#867,.T.);
#1891=ADVANCED_FACE('',(#2299),#673,.T.);
#1892=PLANE('',#5614);
#1893=PLANE('',#5616);
#1894=PLANE('',#5630);
#1895=PLANE('',#5634);
#1896=PLANE('',#5638);
#1897=PLANE('',#5640);
#1898=PLANE('',#5654);
#1899=PLANE('',#5658);
#1900=PLANE('',#5662);
#1901=PLANE('',#5664);
#1902=PLANE('',#5678);
#1903=PLANE('',#5682);
#1904=PLANE('',#5686);
#1905=PLANE('',#5688);
#1906=PLANE('',#5702);
#1907=PLANE('',#5706);
#1908=PLANE('',#5710);
#1909=PLANE('',#5712);
#1910=PLANE('',#5726);
#1911=PLANE('',#5730);
#1912=PLANE('',#5734);
#1913=PLANE('',#5736);
#1914=PLANE('',#5750);
#1915=PLANE('',#5754);
#1916=PLANE('',#5758);
#1917=PLANE('',#5760);
#1918=PLANE('',#5774);
#1919=PLANE('',#5778);
#1920=PLANE('',#5782);
#1921=PLANE('',#5784);
#1922=PLANE('',#5798);
#1923=PLANE('',#5802);
#1924=PLANE('',#5806);
#1925=PLANE('',#5808);
#1926=PLANE('',#5822);
#1927=PLANE('',#5826);
#1928=PLANE('',#5830);
#1929=PLANE('',#5832);
#1930=PLANE('',#5846);
#1931=PLANE('',#5850);
#1932=PLANE('',#5854);
#1933=PLANE('',#5856);
#1934=PLANE('',#5870);
#1935=PLANE('',#5874);
#1936=PLANE('',#5878);
#1937=PLANE('',#5880);
#1938=PLANE('',#5894);
#1939=PLANE('',#5898);
#1940=PLANE('',#5902);
#1941=PLANE('',#5904);
#1942=PLANE('',#5918);
#1943=PLANE('',#5922);
#1944=PLANE('',#5926);
#1945=PLANE('',#5928);
#1946=PLANE('',#5942);
#1947=PLANE('',#5946);
#1948=PLANE('',#5950);
#1949=PLANE('',#5952);
#1950=PLANE('',#5966);
#1951=PLANE('',#5970);
#1952=PLANE('',#5974);
#1953=PLANE('',#5976);
#1954=PLANE('',#5990);
#1955=PLANE('',#5994);
#1956=PLANE('',#5998);
#1957=PLANE('',#6000);
#1958=PLANE('',#6014);
#1959=PLANE('',#6018);
#1960=PLANE('',#6022);
#1961=PLANE('',#6024);
#1962=PLANE('',#6038);
#1963=PLANE('',#6042);
#1964=PLANE('',#6046);
#1965=PLANE('',#6048);
#1966=PLANE('',#6062);
#1967=PLANE('',#6066);
#1968=PLANE('',#6070);
#1969=PLANE('',#6072);
#1970=PLANE('',#6086);
#1971=PLANE('',#6090);
#1972=PLANE('',#6094);
#1973=PLANE('',#6096);
#1974=PLANE('',#6110);
#1975=PLANE('',#6114);
#1976=PLANE('',#6118);
#1977=PLANE('',#6120);
#1978=PLANE('',#6134);
#1979=PLANE('',#6138);
#1980=PLANE('',#6142);
#1981=PLANE('',#6144);
#1982=PLANE('',#6158);
#1983=PLANE('',#6162);
#1984=PLANE('',#6166);
#1985=PLANE('',#6168);
#1986=PLANE('',#6182);
#1987=PLANE('',#6186);
#1988=PLANE('',#6190);
#1989=PLANE('',#6192);
#1990=PLANE('',#6206);
#1991=PLANE('',#6210);
#1992=PLANE('',#6214);
#1993=PLANE('',#6216);
#1994=PLANE('',#6230);
#1995=PLANE('',#6234);
#1996=PLANE('',#6238);
#1997=PLANE('',#6240);
#1998=PLANE('',#6254);
#1999=PLANE('',#6258);
#2000=PLANE('',#6262);
#2001=PLANE('',#6264);
#2002=PLANE('',#6278);
#2003=PLANE('',#6282);
#2004=PLANE('',#6286);
#2005=PLANE('',#6288);
#2006=PLANE('',#6302);
#2007=PLANE('',#6306);
#2008=PLANE('',#6310);
#2009=PLANE('',#6312);
#2010=PLANE('',#6326);
#2011=PLANE('',#6330);
#2012=PLANE('',#6334);
#2013=PLANE('',#6338);
#2014=PLANE('',#6346);
#2015=PLANE('',#6354);
#2016=PLANE('',#6367);
#2017=PLANE('',#6369);
#2018=PLANE('',#6373);
#2019=PLANE('',#6377);
#2020=PLANE('',#6381);
#2021=PLANE('',#6384);
#2022=PLANE('',#6385);
#2023=PLANE('',#6386);
#2024=PLANE('',#6387);
#2025=PLANE('',#6388);
#2026=PLANE('',#6389);
#2027=PLANE('',#6390);
#2028=PLANE('',#6391);
#2029=PLANE('',#6392);
#2030=PLANE('',#6393);
#2031=PLANE('',#6394);
#2032=PLANE('',#6395);
#2033=PLANE('',#6396);
#2034=PLANE('',#6397);
#2035=PLANE('',#6398);
#2036=PLANE('',#6399);
#2037=PLANE('',#6400);
#2038=PLANE('',#6401);
#2039=PLANE('',#6402);
#2040=PLANE('',#6403);
#2041=PLANE('',#6404);
#2042=PLANE('',#6405);
#2043=PLANE('',#6406);
#2044=PLANE('',#6407);
#2045=PLANE('',#6408);
#2046=PLANE('',#6409);
#2047=PLANE('',#6410);
#2048=PLANE('',#6411);
#2049=PLANE('',#6412);
#2050=PLANE('',#6413);
#2051=PLANE('',#6414);
#2052=PLANE('',#6415);
#2053=PLANE('',#6416);
#2054=PLANE('',#6417);
#2055=PLANE('',#6418);
#2056=PLANE('',#6419);
#2057=PLANE('',#6420);
#2058=PLANE('',#6421);
#2059=PLANE('',#6422);
#2060=PLANE('',#6423);
#2061=PLANE('',#6424);
#2062=PLANE('',#6425);
#2063=PLANE('',#6426);
#2064=PLANE('',#6427);
#2065=PLANE('',#6428);
#2066=PLANE('',#6430);
#2067=FACE_OUTER_BOUND('',#2300,.T.);
#2068=FACE_OUTER_BOUND('',#2301,.T.);
#2069=FACE_OUTER_BOUND('',#2304,.T.);
#2070=FACE_OUTER_BOUND('',#2307,.T.);
#2071=FACE_OUTER_BOUND('',#2312,.T.);
#2072=FACE_OUTER_BOUND('',#2315,.T.);
#2073=FACE_OUTER_BOUND('',#2318,.T.);
#2074=FACE_OUTER_BOUND('',#2319,.T.);
#2075=FACE_OUTER_BOUND('',#2322,.T.);
#2076=FACE_OUTER_BOUND('',#2325,.T.);
#2077=FACE_OUTER_BOUND('',#2330,.T.);
#2078=FACE_OUTER_BOUND('',#2333,.T.);
#2079=FACE_OUTER_BOUND('',#2336,.T.);
#2080=FACE_OUTER_BOUND('',#2337,.T.);
#2081=FACE_OUTER_BOUND('',#2340,.T.);
#2082=FACE_OUTER_BOUND('',#2343,.T.);
#2083=FACE_OUTER_BOUND('',#2348,.T.);
#2084=FACE_OUTER_BOUND('',#2351,.T.);
#2085=FACE_OUTER_BOUND('',#2354,.T.);
#2086=FACE_OUTER_BOUND('',#2355,.T.);
#2087=FACE_OUTER_BOUND('',#2358,.T.);
#2088=FACE_OUTER_BOUND('',#2361,.T.);
#2089=FACE_OUTER_BOUND('',#2366,.T.);
#2090=FACE_OUTER_BOUND('',#2369,.T.);
#2091=FACE_OUTER_BOUND('',#2372,.T.);
#2092=FACE_OUTER_BOUND('',#2373,.T.);
#2093=FACE_OUTER_BOUND('',#2376,.T.);
#2094=FACE_OUTER_BOUND('',#2379,.T.);
#2095=FACE_OUTER_BOUND('',#2384,.T.);
#2096=FACE_OUTER_BOUND('',#2387,.T.);
#2097=FACE_OUTER_BOUND('',#2390,.T.);
#2098=FACE_OUTER_BOUND('',#2391,.T.);
#2099=FACE_OUTER_BOUND('',#2394,.T.);
#2100=FACE_OUTER_BOUND('',#2397,.T.);
#2101=FACE_OUTER_BOUND('',#2402,.T.);
#2102=FACE_OUTER_BOUND('',#2405,.T.);
#2103=FACE_OUTER_BOUND('',#2408,.T.);
#2104=FACE_OUTER_BOUND('',#2409,.T.);
#2105=FACE_OUTER_BOUND('',#2412,.T.);
#2106=FACE_OUTER_BOUND('',#2415,.T.);
#2107=FACE_OUTER_BOUND('',#2420,.T.);
#2108=FACE_OUTER_BOUND('',#2423,.T.);
#2109=FACE_OUTER_BOUND('',#2426,.T.);
#2110=FACE_OUTER_BOUND('',#2427,.T.);
#2111=FACE_OUTER_BOUND('',#2430,.T.);
#2112=FACE_OUTER_BOUND('',#2433,.T.);
#2113=FACE_OUTER_BOUND('',#2438,.T.);
#2114=FACE_OUTER_BOUND('',#2441,.T.);
#2115=FACE_OUTER_BOUND('',#2444,.T.);
#2116=FACE_OUTER_BOUND('',#2445,.T.);
#2117=FACE_OUTER_BOUND('',#2448,.T.);
#2118=FACE_OUTER_BOUND('',#2451,.T.);
#2119=FACE_OUTER_BOUND('',#2456,.T.);
#2120=FACE_OUTER_BOUND('',#2459,.T.);
#2121=FACE_OUTER_BOUND('',#2462,.T.);
#2122=FACE_OUTER_BOUND('',#2463,.T.);
#2123=FACE_OUTER_BOUND('',#2466,.T.);
#2124=FACE_OUTER_BOUND('',#2469,.T.);
#2125=FACE_OUTER_BOUND('',#2474,.T.);
#2126=FACE_OUTER_BOUND('',#2477,.T.);
#2127=FACE_OUTER_BOUND('',#2480,.T.);
#2128=FACE_OUTER_BOUND('',#2481,.T.);
#2129=FACE_OUTER_BOUND('',#2484,.T.);
#2130=FACE_OUTER_BOUND('',#2487,.T.);
#2131=FACE_OUTER_BOUND('',#2492,.T.);
#2132=FACE_OUTER_BOUND('',#2495,.T.);
#2133=FACE_OUTER_BOUND('',#2498,.T.);
#2134=FACE_OUTER_BOUND('',#2499,.T.);
#2135=FACE_OUTER_BOUND('',#2502,.T.);
#2136=FACE_OUTER_BOUND('',#2505,.T.);
#2137=FACE_OUTER_BOUND('',#2510,.T.);
#2138=FACE_OUTER_BOUND('',#2513,.T.);
#2139=FACE_OUTER_BOUND('',#2516,.T.);
#2140=FACE_OUTER_BOUND('',#2517,.T.);
#2141=FACE_OUTER_BOUND('',#2520,.T.);
#2142=FACE_OUTER_BOUND('',#2523,.T.);
#2143=FACE_OUTER_BOUND('',#2528,.T.);
#2144=FACE_OUTER_BOUND('',#2531,.T.);
#2145=FACE_OUTER_BOUND('',#2534,.T.);
#2146=FACE_OUTER_BOUND('',#2535,.T.);
#2147=FACE_OUTER_BOUND('',#2538,.T.);
#2148=FACE_OUTER_BOUND('',#2541,.T.);
#2149=FACE_OUTER_BOUND('',#2546,.T.);
#2150=FACE_OUTER_BOUND('',#2549,.T.);
#2151=FACE_OUTER_BOUND('',#2552,.T.);
#2152=FACE_OUTER_BOUND('',#2553,.T.);
#2153=FACE_OUTER_BOUND('',#2556,.T.);
#2154=FACE_OUTER_BOUND('',#2559,.T.);
#2155=FACE_OUTER_BOUND('',#2564,.T.);
#2156=FACE_OUTER_BOUND('',#2567,.T.);
#2157=FACE_OUTER_BOUND('',#2570,.T.);
#2158=FACE_OUTER_BOUND('',#2571,.T.);
#2159=FACE_OUTER_BOUND('',#2574,.T.);
#2160=FACE_OUTER_BOUND('',#2577,.T.);
#2161=FACE_OUTER_BOUND('',#2582,.T.);
#2162=FACE_OUTER_BOUND('',#2585,.T.);
#2163=FACE_OUTER_BOUND('',#2588,.T.);
#2164=FACE_OUTER_BOUND('',#2589,.T.);
#2165=FACE_OUTER_BOUND('',#2592,.T.);
#2166=FACE_OUTER_BOUND('',#2595,.T.);
#2167=FACE_OUTER_BOUND('',#2600,.T.);
#2168=FACE_OUTER_BOUND('',#2603,.T.);
#2169=FACE_OUTER_BOUND('',#2606,.T.);
#2170=FACE_OUTER_BOUND('',#2607,.T.);
#2171=FACE_OUTER_BOUND('',#2610,.T.);
#2172=FACE_OUTER_BOUND('',#2613,.T.);
#2173=FACE_OUTER_BOUND('',#2618,.T.);
#2174=FACE_OUTER_BOUND('',#2621,.T.);
#2175=FACE_OUTER_BOUND('',#2624,.T.);
#2176=FACE_OUTER_BOUND('',#2625,.T.);
#2177=FACE_OUTER_BOUND('',#2628,.T.);
#2178=FACE_OUTER_BOUND('',#2631,.T.);
#2179=FACE_OUTER_BOUND('',#2636,.T.);
#2180=FACE_OUTER_BOUND('',#2639,.T.);
#2181=FACE_OUTER_BOUND('',#2642,.T.);
#2182=FACE_OUTER_BOUND('',#2643,.T.);
#2183=FACE_OUTER_BOUND('',#2646,.T.);
#2184=FACE_OUTER_BOUND('',#2649,.T.);
#2185=FACE_OUTER_BOUND('',#2654,.T.);
#2186=FACE_OUTER_BOUND('',#2657,.T.);
#2187=FACE_OUTER_BOUND('',#2660,.T.);
#2188=FACE_OUTER_BOUND('',#2661,.T.);
#2189=FACE_OUTER_BOUND('',#2664,.T.);
#2190=FACE_OUTER_BOUND('',#2667,.T.);
#2191=FACE_OUTER_BOUND('',#2672,.T.);
#2192=FACE_OUTER_BOUND('',#2675,.T.);
#2193=FACE_OUTER_BOUND('',#2678,.T.);
#2194=FACE_OUTER_BOUND('',#2679,.T.);
#2195=FACE_OUTER_BOUND('',#2682,.T.);
#2196=FACE_OUTER_BOUND('',#2685,.T.);
#2197=FACE_OUTER_BOUND('',#2690,.T.);
#2198=FACE_OUTER_BOUND('',#2693,.T.);
#2199=FACE_OUTER_BOUND('',#2696,.T.);
#2200=FACE_OUTER_BOUND('',#2697,.T.);
#2201=FACE_OUTER_BOUND('',#2700,.T.);
#2202=FACE_OUTER_BOUND('',#2703,.T.);
#2203=FACE_OUTER_BOUND('',#2708,.T.);
#2204=FACE_OUTER_BOUND('',#2711,.T.);
#2205=FACE_OUTER_BOUND('',#2714,.T.);
#2206=FACE_OUTER_BOUND('',#2715,.T.);
#2207=FACE_OUTER_BOUND('',#2718,.T.);
#2208=FACE_OUTER_BOUND('',#2721,.T.);
#2209=FACE_OUTER_BOUND('',#2726,.T.);
#2210=FACE_OUTER_BOUND('',#2729,.T.);
#2211=FACE_OUTER_BOUND('',#2732,.T.);
#2212=FACE_OUTER_BOUND('',#2733,.T.);
#2213=FACE_OUTER_BOUND('',#2736,.T.);
#2214=FACE_OUTER_BOUND('',#2739,.T.);
#2215=FACE_OUTER_BOUND('',#2744,.T.);
#2216=FACE_OUTER_BOUND('',#2747,.T.);
#2217=FACE_OUTER_BOUND('',#2750,.T.);
#2218=FACE_OUTER_BOUND('',#2751,.T.);
#2219=FACE_OUTER_BOUND('',#2754,.T.);
#2220=FACE_OUTER_BOUND('',#2757,.T.);
#2221=FACE_OUTER_BOUND('',#2762,.T.);
#2222=FACE_OUTER_BOUND('',#2765,.T.);
#2223=FACE_OUTER_BOUND('',#2768,.T.);
#2224=FACE_OUTER_BOUND('',#2769,.T.);
#2225=FACE_OUTER_BOUND('',#2772,.T.);
#2226=FACE_OUTER_BOUND('',#2775,.T.);
#2227=FACE_OUTER_BOUND('',#2780,.T.);
#2228=FACE_OUTER_BOUND('',#2783,.T.);
#2229=FACE_OUTER_BOUND('',#2786,.T.);
#2230=FACE_OUTER_BOUND('',#2787,.T.);
#2231=FACE_OUTER_BOUND('',#2790,.T.);
#2232=FACE_OUTER_BOUND('',#2793,.T.);
#2233=FACE_OUTER_BOUND('',#2798,.T.);
#2234=FACE_OUTER_BOUND('',#2801,.T.);
#2235=FACE_OUTER_BOUND('',#2804,.T.);
#2236=FACE_OUTER_BOUND('',#2805,.T.);
#2237=FACE_OUTER_BOUND('',#2808,.T.);
#2238=FACE_OUTER_BOUND('',#2811,.T.);
#2239=FACE_OUTER_BOUND('',#2816,.T.);
#2240=FACE_OUTER_BOUND('',#2819,.T.);
#2241=FACE_OUTER_BOUND('',#2822,.T.);
#2242=FACE_OUTER_BOUND('',#2823,.T.);
#2243=FACE_OUTER_BOUND('',#2826,.T.);
#2244=FACE_OUTER_BOUND('',#2829,.T.);
#2245=FACE_OUTER_BOUND('',#2834,.T.);
#2246=FACE_OUTER_BOUND('',#2837,.T.);
#2247=FACE_OUTER_BOUND('',#2840,.T.);
#2248=FACE_OUTER_BOUND('',#2843,.T.);
#2249=FACE_OUTER_BOUND('',#2846,.T.);
#2250=FACE_OUTER_BOUND('',#2849,.T.);
#2251=FACE_OUTER_BOUND('',#2852,.T.);
#2252=FACE_OUTER_BOUND('',#2855,.T.);
#2253=FACE_OUTER_BOUND('',#2858,.T.);
#2254=FACE_OUTER_BOUND('',#2865,.T.);
#2255=FACE_OUTER_BOUND('',#2866,.T.);
#2256=FACE_OUTER_BOUND('',#2869,.T.);
#2257=FACE_OUTER_BOUND('',#2872,.T.);
#2258=FACE_OUTER_BOUND('',#2875,.T.);
#2259=FACE_OUTER_BOUND('',#2878,.T.);
#2260=FACE_OUTER_BOUND('',#2879,.T.);
#2261=FACE_OUTER_BOUND('',#2880,.T.);
#2262=FACE_OUTER_BOUND('',#2881,.T.);
#2263=FACE_OUTER_BOUND('',#2882,.T.);
#2264=FACE_OUTER_BOUND('',#2883,.T.);
#2265=FACE_OUTER_BOUND('',#2884,.T.);
#2266=FACE_OUTER_BOUND('',#2885,.T.);
#2267=FACE_OUTER_BOUND('',#2886,.T.);
#2268=FACE_OUTER_BOUND('',#2887,.T.);
#2269=FACE_OUTER_BOUND('',#2953,.T.);
#2270=FACE_OUTER_BOUND('',#2954,.T.);
#2271=FACE_OUTER_BOUND('',#2955,.T.);
#2272=FACE_OUTER_BOUND('',#2956,.T.);
#2273=FACE_OUTER_BOUND('',#2957,.T.);
#2274=FACE_OUTER_BOUND('',#2958,.T.);
#2275=FACE_OUTER_BOUND('',#2959,.T.);
#2276=FACE_OUTER_BOUND('',#2960,.T.);
#2277=FACE_OUTER_BOUND('',#2961,.T.);
#2278=FACE_OUTER_BOUND('',#2962,.T.);
#2279=FACE_OUTER_BOUND('',#2963,.T.);
#2280=FACE_OUTER_BOUND('',#2964,.T.);
#2281=FACE_OUTER_BOUND('',#2965,.T.);
#2282=FACE_OUTER_BOUND('',#2966,.T.);
#2283=FACE_OUTER_BOUND('',#2969,.T.);
#2284=FACE_OUTER_BOUND('',#2970,.T.);
#2285=FACE_OUTER_BOUND('',#2971,.T.);
#2286=FACE_OUTER_BOUND('',#2972,.T.);
#2287=FACE_OUTER_BOUND('',#2973,.T.);
#2288=FACE_OUTER_BOUND('',#2974,.T.);
#2289=FACE_OUTER_BOUND('',#2977,.T.);
#2290=FACE_OUTER_BOUND('',#2981,.T.);
#2291=FACE_OUTER_BOUND('',#2982,.T.);
#2292=FACE_OUTER_BOUND('',#2983,.T.);
#2293=FACE_OUTER_BOUND('',#2984,.T.);
#2294=FACE_OUTER_BOUND('',#2985,.T.);
#2295=FACE_OUTER_BOUND('',#2986,.T.);
#2296=FACE_OUTER_BOUND('',#2987,.T.);
#2297=FACE_OUTER_BOUND('',#2988,.T.);
#2298=FACE_OUTER_BOUND('',#2989,.T.);
#2299=FACE_OUTER_BOUND('',#3059,.T.);
#2300=EDGE_LOOP('',(#3060));
#2301=EDGE_LOOP('',(#3061));
#2302=EDGE_LOOP('',(#3062));
#2303=EDGE_LOOP('',(#3063,#3064));
#2304=EDGE_LOOP('',(#3065,#3066));
#2305=EDGE_LOOP('',(#3067,#3068));
#2306=EDGE_LOOP('',(#3069));
#2307=EDGE_LOOP('',(#3070,#3071));
#2308=EDGE_LOOP('',(#3072));
#2309=EDGE_LOOP('',(#3073,#3074));
#2310=EDGE_LOOP('',(#3075,#3076));
#2311=EDGE_LOOP('',(#3077));
#2312=EDGE_LOOP('',(#3078));
#2313=EDGE_LOOP('',(#3079));
#2314=EDGE_LOOP('',(#3080));
#2315=EDGE_LOOP('',(#3081));
#2316=EDGE_LOOP('',(#3082));
#2317=EDGE_LOOP('',(#3083));
#2318=EDGE_LOOP('',(#3084));
#2319=EDGE_LOOP('',(#3085));
#2320=EDGE_LOOP('',(#3086));
#2321=EDGE_LOOP('',(#3087,#3088));
#2322=EDGE_LOOP('',(#3089,#3090));
#2323=EDGE_LOOP('',(#3091,#3092));
#2324=EDGE_LOOP('',(#3093));
#2325=EDGE_LOOP('',(#3094,#3095));
#2326=EDGE_LOOP('',(#3096));
#2327=EDGE_LOOP('',(#3097,#3098));
#2328=EDGE_LOOP('',(#3099,#3100));
#2329=EDGE_LOOP('',(#3101));
#2330=EDGE_LOOP('',(#3102));
#2331=EDGE_LOOP('',(#3103));
#2332=EDGE_LOOP('',(#3104));
#2333=EDGE_LOOP('',(#3105));
#2334=EDGE_LOOP('',(#3106));
#2335=EDGE_LOOP('',(#3107));
#2336=EDGE_LOOP('',(#3108));
#2337=EDGE_LOOP('',(#3109));
#2338=EDGE_LOOP('',(#3110));
#2339=EDGE_LOOP('',(#3111,#3112));
#2340=EDGE_LOOP('',(#3113,#3114));
#2341=EDGE_LOOP('',(#3115,#3116));
#2342=EDGE_LOOP('',(#3117));
#2343=EDGE_LOOP('',(#3118,#3119));
#2344=EDGE_LOOP('',(#3120));
#2345=EDGE_LOOP('',(#3121,#3122));
#2346=EDGE_LOOP('',(#3123,#3124));
#2347=EDGE_LOOP('',(#3125));
#2348=EDGE_LOOP('',(#3126));
#2349=EDGE_LOOP('',(#3127));
#2350=EDGE_LOOP('',(#3128));
#2351=EDGE_LOOP('',(#3129));
#2352=EDGE_LOOP('',(#3130));
#2353=EDGE_LOOP('',(#3131));
#2354=EDGE_LOOP('',(#3132));
#2355=EDGE_LOOP('',(#3133));
#2356=EDGE_LOOP('',(#3134));
#2357=EDGE_LOOP('',(#3135,#3136));
#2358=EDGE_LOOP('',(#3137,#3138));
#2359=EDGE_LOOP('',(#3139,#3140));
#2360=EDGE_LOOP('',(#3141));
#2361=EDGE_LOOP('',(#3142,#3143));
#2362=EDGE_LOOP('',(#3144));
#2363=EDGE_LOOP('',(#3145,#3146));
#2364=EDGE_LOOP('',(#3147,#3148));
#2365=EDGE_LOOP('',(#3149));
#2366=EDGE_LOOP('',(#3150));
#2367=EDGE_LOOP('',(#3151));
#2368=EDGE_LOOP('',(#3152));
#2369=EDGE_LOOP('',(#3153));
#2370=EDGE_LOOP('',(#3154));
#2371=EDGE_LOOP('',(#3155));
#2372=EDGE_LOOP('',(#3156));
#2373=EDGE_LOOP('',(#3157));
#2374=EDGE_LOOP('',(#3158));
#2375=EDGE_LOOP('',(#3159,#3160));
#2376=EDGE_LOOP('',(#3161,#3162));
#2377=EDGE_LOOP('',(#3163,#3164));
#2378=EDGE_LOOP('',(#3165));
#2379=EDGE_LOOP('',(#3166,#3167));
#2380=EDGE_LOOP('',(#3168));
#2381=EDGE_LOOP('',(#3169,#3170));
#2382=EDGE_LOOP('',(#3171,#3172));
#2383=EDGE_LOOP('',(#3173));
#2384=EDGE_LOOP('',(#3174));
#2385=EDGE_LOOP('',(#3175));
#2386=EDGE_LOOP('',(#3176));
#2387=EDGE_LOOP('',(#3177));
#2388=EDGE_LOOP('',(#3178));
#2389=EDGE_LOOP('',(#3179));
#2390=EDGE_LOOP('',(#3180));
#2391=EDGE_LOOP('',(#3181));
#2392=EDGE_LOOP('',(#3182));
#2393=EDGE_LOOP('',(#3183,#3184));
#2394=EDGE_LOOP('',(#3185,#3186));
#2395=EDGE_LOOP('',(#3187,#3188));
#2396=EDGE_LOOP('',(#3189));
#2397=EDGE_LOOP('',(#3190,#3191));
#2398=EDGE_LOOP('',(#3192));
#2399=EDGE_LOOP('',(#3193,#3194));
#2400=EDGE_LOOP('',(#3195,#3196));
#2401=EDGE_LOOP('',(#3197));
#2402=EDGE_LOOP('',(#3198));
#2403=EDGE_LOOP('',(#3199));
#2404=EDGE_LOOP('',(#3200));
#2405=EDGE_LOOP('',(#3201));
#2406=EDGE_LOOP('',(#3202));
#2407=EDGE_LOOP('',(#3203));
#2408=EDGE_LOOP('',(#3204));
#2409=EDGE_LOOP('',(#3205));
#2410=EDGE_LOOP('',(#3206));
#2411=EDGE_LOOP('',(#3207,#3208));
#2412=EDGE_LOOP('',(#3209,#3210));
#2413=EDGE_LOOP('',(#3211,#3212));
#2414=EDGE_LOOP('',(#3213));
#2415=EDGE_LOOP('',(#3214,#3215));
#2416=EDGE_LOOP('',(#3216));
#2417=EDGE_LOOP('',(#3217,#3218));
#2418=EDGE_LOOP('',(#3219,#3220));
#2419=EDGE_LOOP('',(#3221));
#2420=EDGE_LOOP('',(#3222));
#2421=EDGE_LOOP('',(#3223));
#2422=EDGE_LOOP('',(#3224));
#2423=EDGE_LOOP('',(#3225));
#2424=EDGE_LOOP('',(#3226));
#2425=EDGE_LOOP('',(#3227));
#2426=EDGE_LOOP('',(#3228));
#2427=EDGE_LOOP('',(#3229));
#2428=EDGE_LOOP('',(#3230));
#2429=EDGE_LOOP('',(#3231,#3232));
#2430=EDGE_LOOP('',(#3233,#3234));
#2431=EDGE_LOOP('',(#3235,#3236));
#2432=EDGE_LOOP('',(#3237));
#2433=EDGE_LOOP('',(#3238,#3239));
#2434=EDGE_LOOP('',(#3240));
#2435=EDGE_LOOP('',(#3241,#3242));
#2436=EDGE_LOOP('',(#3243,#3244));
#2437=EDGE_LOOP('',(#3245));
#2438=EDGE_LOOP('',(#3246));
#2439=EDGE_LOOP('',(#3247));
#2440=EDGE_LOOP('',(#3248));
#2441=EDGE_LOOP('',(#3249));
#2442=EDGE_LOOP('',(#3250));
#2443=EDGE_LOOP('',(#3251));
#2444=EDGE_LOOP('',(#3252));
#2445=EDGE_LOOP('',(#3253));
#2446=EDGE_LOOP('',(#3254));
#2447=EDGE_LOOP('',(#3255,#3256));
#2448=EDGE_LOOP('',(#3257,#3258));
#2449=EDGE_LOOP('',(#3259,#3260));
#2450=EDGE_LOOP('',(#3261));
#2451=EDGE_LOOP('',(#3262,#3263));
#2452=EDGE_LOOP('',(#3264));
#2453=EDGE_LOOP('',(#3265,#3266));
#2454=EDGE_LOOP('',(#3267,#3268));
#2455=EDGE_LOOP('',(#3269));
#2456=EDGE_LOOP('',(#3270));
#2457=EDGE_LOOP('',(#3271));
#2458=EDGE_LOOP('',(#3272));
#2459=EDGE_LOOP('',(#3273));
#2460=EDGE_LOOP('',(#3274));
#2461=EDGE_LOOP('',(#3275));
#2462=EDGE_LOOP('',(#3276));
#2463=EDGE_LOOP('',(#3277));
#2464=EDGE_LOOP('',(#3278));
#2465=EDGE_LOOP('',(#3279,#3280));
#2466=EDGE_LOOP('',(#3281,#3282));
#2467=EDGE_LOOP('',(#3283,#3284));
#2468=EDGE_LOOP('',(#3285));
#2469=EDGE_LOOP('',(#3286,#3287));
#2470=EDGE_LOOP('',(#3288));
#2471=EDGE_LOOP('',(#3289,#3290));
#2472=EDGE_LOOP('',(#3291,#3292));
#2473=EDGE_LOOP('',(#3293));
#2474=EDGE_LOOP('',(#3294));
#2475=EDGE_LOOP('',(#3295));
#2476=EDGE_LOOP('',(#3296));
#2477=EDGE_LOOP('',(#3297));
#2478=EDGE_LOOP('',(#3298));
#2479=EDGE_LOOP('',(#3299));
#2480=EDGE_LOOP('',(#3300));
#2481=EDGE_LOOP('',(#3301));
#2482=EDGE_LOOP('',(#3302));
#2483=EDGE_LOOP('',(#3303,#3304));
#2484=EDGE_LOOP('',(#3305,#3306));
#2485=EDGE_LOOP('',(#3307,#3308));
#2486=EDGE_LOOP('',(#3309));
#2487=EDGE_LOOP('',(#3310,#3311));
#2488=EDGE_LOOP('',(#3312));
#2489=EDGE_LOOP('',(#3313,#3314));
#2490=EDGE_LOOP('',(#3315,#3316));
#2491=EDGE_LOOP('',(#3317));
#2492=EDGE_LOOP('',(#3318));
#2493=EDGE_LOOP('',(#3319));
#2494=EDGE_LOOP('',(#3320));
#2495=EDGE_LOOP('',(#3321));
#2496=EDGE_LOOP('',(#3322));
#2497=EDGE_LOOP('',(#3323));
#2498=EDGE_LOOP('',(#3324));
#2499=EDGE_LOOP('',(#3325));
#2500=EDGE_LOOP('',(#3326));
#2501=EDGE_LOOP('',(#3327,#3328));
#2502=EDGE_LOOP('',(#3329,#3330));
#2503=EDGE_LOOP('',(#3331,#3332));
#2504=EDGE_LOOP('',(#3333));
#2505=EDGE_LOOP('',(#3334,#3335));
#2506=EDGE_LOOP('',(#3336));
#2507=EDGE_LOOP('',(#3337,#3338));
#2508=EDGE_LOOP('',(#3339,#3340));
#2509=EDGE_LOOP('',(#3341));
#2510=EDGE_LOOP('',(#3342));
#2511=EDGE_LOOP('',(#3343));
#2512=EDGE_LOOP('',(#3344));
#2513=EDGE_LOOP('',(#3345));
#2514=EDGE_LOOP('',(#3346));
#2515=EDGE_LOOP('',(#3347));
#2516=EDGE_LOOP('',(#3348));
#2517=EDGE_LOOP('',(#3349));
#2518=EDGE_LOOP('',(#3350));
#2519=EDGE_LOOP('',(#3351,#3352));
#2520=EDGE_LOOP('',(#3353,#3354));
#2521=EDGE_LOOP('',(#3355,#3356));
#2522=EDGE_LOOP('',(#3357));
#2523=EDGE_LOOP('',(#3358,#3359));
#2524=EDGE_LOOP('',(#3360));
#2525=EDGE_LOOP('',(#3361,#3362));
#2526=EDGE_LOOP('',(#3363,#3364));
#2527=EDGE_LOOP('',(#3365));
#2528=EDGE_LOOP('',(#3366));
#2529=EDGE_LOOP('',(#3367));
#2530=EDGE_LOOP('',(#3368));
#2531=EDGE_LOOP('',(#3369));
#2532=EDGE_LOOP('',(#3370));
#2533=EDGE_LOOP('',(#3371));
#2534=EDGE_LOOP('',(#3372));
#2535=EDGE_LOOP('',(#3373));
#2536=EDGE_LOOP('',(#3374));
#2537=EDGE_LOOP('',(#3375,#3376));
#2538=EDGE_LOOP('',(#3377,#3378));
#2539=EDGE_LOOP('',(#3379,#3380));
#2540=EDGE_LOOP('',(#3381));
#2541=EDGE_LOOP('',(#3382,#3383));
#2542=EDGE_LOOP('',(#3384));
#2543=EDGE_LOOP('',(#3385,#3386));
#2544=EDGE_LOOP('',(#3387,#3388));
#2545=EDGE_LOOP('',(#3389));
#2546=EDGE_LOOP('',(#3390));
#2547=EDGE_LOOP('',(#3391));
#2548=EDGE_LOOP('',(#3392));
#2549=EDGE_LOOP('',(#3393));
#2550=EDGE_LOOP('',(#3394));
#2551=EDGE_LOOP('',(#3395));
#2552=EDGE_LOOP('',(#3396));
#2553=EDGE_LOOP('',(#3397));
#2554=EDGE_LOOP('',(#3398));
#2555=EDGE_LOOP('',(#3399,#3400));
#2556=EDGE_LOOP('',(#3401,#3402));
#2557=EDGE_LOOP('',(#3403,#3404));
#2558=EDGE_LOOP('',(#3405));
#2559=EDGE_LOOP('',(#3406,#3407));
#2560=EDGE_LOOP('',(#3408));
#2561=EDGE_LOOP('',(#3409,#3410));
#2562=EDGE_LOOP('',(#3411,#3412));
#2563=EDGE_LOOP('',(#3413));
#2564=EDGE_LOOP('',(#3414));
#2565=EDGE_LOOP('',(#3415));
#2566=EDGE_LOOP('',(#3416));
#2567=EDGE_LOOP('',(#3417));
#2568=EDGE_LOOP('',(#3418));
#2569=EDGE_LOOP('',(#3419));
#2570=EDGE_LOOP('',(#3420));
#2571=EDGE_LOOP('',(#3421));
#2572=EDGE_LOOP('',(#3422));
#2573=EDGE_LOOP('',(#3423,#3424));
#2574=EDGE_LOOP('',(#3425,#3426));
#2575=EDGE_LOOP('',(#3427,#3428));
#2576=EDGE_LOOP('',(#3429));
#2577=EDGE_LOOP('',(#3430,#3431));
#2578=EDGE_LOOP('',(#3432));
#2579=EDGE_LOOP('',(#3433,#3434));
#2580=EDGE_LOOP('',(#3435,#3436));
#2581=EDGE_LOOP('',(#3437));
#2582=EDGE_LOOP('',(#3438));
#2583=EDGE_LOOP('',(#3439));
#2584=EDGE_LOOP('',(#3440));
#2585=EDGE_LOOP('',(#3441));
#2586=EDGE_LOOP('',(#3442));
#2587=EDGE_LOOP('',(#3443));
#2588=EDGE_LOOP('',(#3444));
#2589=EDGE_LOOP('',(#3445));
#2590=EDGE_LOOP('',(#3446));
#2591=EDGE_LOOP('',(#3447,#3448));
#2592=EDGE_LOOP('',(#3449,#3450));
#2593=EDGE_LOOP('',(#3451,#3452));
#2594=EDGE_LOOP('',(#3453));
#2595=EDGE_LOOP('',(#3454,#3455));
#2596=EDGE_LOOP('',(#3456));
#2597=EDGE_LOOP('',(#3457,#3458));
#2598=EDGE_LOOP('',(#3459,#3460));
#2599=EDGE_LOOP('',(#3461));
#2600=EDGE_LOOP('',(#3462));
#2601=EDGE_LOOP('',(#3463));
#2602=EDGE_LOOP('',(#3464));
#2603=EDGE_LOOP('',(#3465));
#2604=EDGE_LOOP('',(#3466));
#2605=EDGE_LOOP('',(#3467));
#2606=EDGE_LOOP('',(#3468));
#2607=EDGE_LOOP('',(#3469));
#2608=EDGE_LOOP('',(#3470));
#2609=EDGE_LOOP('',(#3471,#3472));
#2610=EDGE_LOOP('',(#3473,#3474));
#2611=EDGE_LOOP('',(#3475,#3476));
#2612=EDGE_LOOP('',(#3477));
#2613=EDGE_LOOP('',(#3478,#3479));
#2614=EDGE_LOOP('',(#3480));
#2615=EDGE_LOOP('',(#3481,#3482));
#2616=EDGE_LOOP('',(#3483,#3484));
#2617=EDGE_LOOP('',(#3485));
#2618=EDGE_LOOP('',(#3486));
#2619=EDGE_LOOP('',(#3487));
#2620=EDGE_LOOP('',(#3488));
#2621=EDGE_LOOP('',(#3489));
#2622=EDGE_LOOP('',(#3490));
#2623=EDGE_LOOP('',(#3491));
#2624=EDGE_LOOP('',(#3492));
#2625=EDGE_LOOP('',(#3493));
#2626=EDGE_LOOP('',(#3494));
#2627=EDGE_LOOP('',(#3495,#3496));
#2628=EDGE_LOOP('',(#3497,#3498));
#2629=EDGE_LOOP('',(#3499,#3500));
#2630=EDGE_LOOP('',(#3501));
#2631=EDGE_LOOP('',(#3502,#3503));
#2632=EDGE_LOOP('',(#3504));
#2633=EDGE_LOOP('',(#3505,#3506));
#2634=EDGE_LOOP('',(#3507,#3508));
#2635=EDGE_LOOP('',(#3509));
#2636=EDGE_LOOP('',(#3510));
#2637=EDGE_LOOP('',(#3511));
#2638=EDGE_LOOP('',(#3512));
#2639=EDGE_LOOP('',(#3513));
#2640=EDGE_LOOP('',(#3514));
#2641=EDGE_LOOP('',(#3515));
#2642=EDGE_LOOP('',(#3516));
#2643=EDGE_LOOP('',(#3517));
#2644=EDGE_LOOP('',(#3518));
#2645=EDGE_LOOP('',(#3519,#3520));
#2646=EDGE_LOOP('',(#3521,#3522));
#2647=EDGE_LOOP('',(#3523,#3524));
#2648=EDGE_LOOP('',(#3525));
#2649=EDGE_LOOP('',(#3526,#3527));
#2650=EDGE_LOOP('',(#3528));
#2651=EDGE_LOOP('',(#3529,#3530));
#2652=EDGE_LOOP('',(#3531,#3532));
#2653=EDGE_LOOP('',(#3533));
#2654=EDGE_LOOP('',(#3534));
#2655=EDGE_LOOP('',(#3535));
#2656=EDGE_LOOP('',(#3536));
#2657=EDGE_LOOP('',(#3537));
#2658=EDGE_LOOP('',(#3538));
#2659=EDGE_LOOP('',(#3539));
#2660=EDGE_LOOP('',(#3540));
#2661=EDGE_LOOP('',(#3541));
#2662=EDGE_LOOP('',(#3542));
#2663=EDGE_LOOP('',(#3543,#3544));
#2664=EDGE_LOOP('',(#3545,#3546));
#2665=EDGE_LOOP('',(#3547,#3548));
#2666=EDGE_LOOP('',(#3549));
#2667=EDGE_LOOP('',(#3550,#3551));
#2668=EDGE_LOOP('',(#3552));
#2669=EDGE_LOOP('',(#3553,#3554));
#2670=EDGE_LOOP('',(#3555,#3556));
#2671=EDGE_LOOP('',(#3557));
#2672=EDGE_LOOP('',(#3558));
#2673=EDGE_LOOP('',(#3559));
#2674=EDGE_LOOP('',(#3560));
#2675=EDGE_LOOP('',(#3561));
#2676=EDGE_LOOP('',(#3562));
#2677=EDGE_LOOP('',(#3563));
#2678=EDGE_LOOP('',(#3564));
#2679=EDGE_LOOP('',(#3565));
#2680=EDGE_LOOP('',(#3566));
#2681=EDGE_LOOP('',(#3567,#3568));
#2682=EDGE_LOOP('',(#3569,#3570));
#2683=EDGE_LOOP('',(#3571,#3572));
#2684=EDGE_LOOP('',(#3573));
#2685=EDGE_LOOP('',(#3574,#3575));
#2686=EDGE_LOOP('',(#3576));
#2687=EDGE_LOOP('',(#3577,#3578));
#2688=EDGE_LOOP('',(#3579,#3580));
#2689=EDGE_LOOP('',(#3581));
#2690=EDGE_LOOP('',(#3582));
#2691=EDGE_LOOP('',(#3583));
#2692=EDGE_LOOP('',(#3584));
#2693=EDGE_LOOP('',(#3585));
#2694=EDGE_LOOP('',(#3586));
#2695=EDGE_LOOP('',(#3587));
#2696=EDGE_LOOP('',(#3588));
#2697=EDGE_LOOP('',(#3589));
#2698=EDGE_LOOP('',(#3590));
#2699=EDGE_LOOP('',(#3591,#3592));
#2700=EDGE_LOOP('',(#3593,#3594));
#2701=EDGE_LOOP('',(#3595,#3596));
#2702=EDGE_LOOP('',(#3597));
#2703=EDGE_LOOP('',(#3598,#3599));
#2704=EDGE_LOOP('',(#3600));
#2705=EDGE_LOOP('',(#3601,#3602));
#2706=EDGE_LOOP('',(#3603,#3604));
#2707=EDGE_LOOP('',(#3605));
#2708=EDGE_LOOP('',(#3606));
#2709=EDGE_LOOP('',(#3607));
#2710=EDGE_LOOP('',(#3608));
#2711=EDGE_LOOP('',(#3609));
#2712=EDGE_LOOP('',(#3610));
#2713=EDGE_LOOP('',(#3611));
#2714=EDGE_LOOP('',(#3612));
#2715=EDGE_LOOP('',(#3613));
#2716=EDGE_LOOP('',(#3614));
#2717=EDGE_LOOP('',(#3615,#3616));
#2718=EDGE_LOOP('',(#3617,#3618));
#2719=EDGE_LOOP('',(#3619,#3620));
#2720=EDGE_LOOP('',(#3621));
#2721=EDGE_LOOP('',(#3622,#3623));
#2722=EDGE_LOOP('',(#3624));
#2723=EDGE_LOOP('',(#3625,#3626));
#2724=EDGE_LOOP('',(#3627,#3628));
#2725=EDGE_LOOP('',(#3629));
#2726=EDGE_LOOP('',(#3630));
#2727=EDGE_LOOP('',(#3631));
#2728=EDGE_LOOP('',(#3632));
#2729=EDGE_LOOP('',(#3633));
#2730=EDGE_LOOP('',(#3634));
#2731=EDGE_LOOP('',(#3635));
#2732=EDGE_LOOP('',(#3636));
#2733=EDGE_LOOP('',(#3637));
#2734=EDGE_LOOP('',(#3638));
#2735=EDGE_LOOP('',(#3639,#3640));
#2736=EDGE_LOOP('',(#3641,#3642));
#2737=EDGE_LOOP('',(#3643,#3644));
#2738=EDGE_LOOP('',(#3645));
#2739=EDGE_LOOP('',(#3646,#3647));
#2740=EDGE_LOOP('',(#3648));
#2741=EDGE_LOOP('',(#3649,#3650));
#2742=EDGE_LOOP('',(#3651,#3652));
#2743=EDGE_LOOP('',(#3653));
#2744=EDGE_LOOP('',(#3654));
#2745=EDGE_LOOP('',(#3655));
#2746=EDGE_LOOP('',(#3656));
#2747=EDGE_LOOP('',(#3657));
#2748=EDGE_LOOP('',(#3658));
#2749=EDGE_LOOP('',(#3659));
#2750=EDGE_LOOP('',(#3660));
#2751=EDGE_LOOP('',(#3661));
#2752=EDGE_LOOP('',(#3662));
#2753=EDGE_LOOP('',(#3663,#3664));
#2754=EDGE_LOOP('',(#3665,#3666));
#2755=EDGE_LOOP('',(#3667,#3668));
#2756=EDGE_LOOP('',(#3669));
#2757=EDGE_LOOP('',(#3670,#3671));
#2758=EDGE_LOOP('',(#3672));
#2759=EDGE_LOOP('',(#3673,#3674));
#2760=EDGE_LOOP('',(#3675,#3676));
#2761=EDGE_LOOP('',(#3677));
#2762=EDGE_LOOP('',(#3678));
#2763=EDGE_LOOP('',(#3679));
#2764=EDGE_LOOP('',(#3680));
#2765=EDGE_LOOP('',(#3681));
#2766=EDGE_LOOP('',(#3682));
#2767=EDGE_LOOP('',(#3683));
#2768=EDGE_LOOP('',(#3684));
#2769=EDGE_LOOP('',(#3685));
#2770=EDGE_LOOP('',(#3686));
#2771=EDGE_LOOP('',(#3687,#3688));
#2772=EDGE_LOOP('',(#3689,#3690));
#2773=EDGE_LOOP('',(#3691,#3692));
#2774=EDGE_LOOP('',(#3693));
#2775=EDGE_LOOP('',(#3694,#3695));
#2776=EDGE_LOOP('',(#3696));
#2777=EDGE_LOOP('',(#3697,#3698));
#2778=EDGE_LOOP('',(#3699,#3700));
#2779=EDGE_LOOP('',(#3701));
#2780=EDGE_LOOP('',(#3702));
#2781=EDGE_LOOP('',(#3703));
#2782=EDGE_LOOP('',(#3704));
#2783=EDGE_LOOP('',(#3705));
#2784=EDGE_LOOP('',(#3706));
#2785=EDGE_LOOP('',(#3707));
#2786=EDGE_LOOP('',(#3708));
#2787=EDGE_LOOP('',(#3709));
#2788=EDGE_LOOP('',(#3710));
#2789=EDGE_LOOP('',(#3711,#3712));
#2790=EDGE_LOOP('',(#3713,#3714));
#2791=EDGE_LOOP('',(#3715,#3716));
#2792=EDGE_LOOP('',(#3717));
#2793=EDGE_LOOP('',(#3718,#3719));
#2794=EDGE_LOOP('',(#3720));
#2795=EDGE_LOOP('',(#3721,#3722));
#2796=EDGE_LOOP('',(#3723,#3724));
#2797=EDGE_LOOP('',(#3725));
#2798=EDGE_LOOP('',(#3726));
#2799=EDGE_LOOP('',(#3727));
#2800=EDGE_LOOP('',(#3728));
#2801=EDGE_LOOP('',(#3729));
#2802=EDGE_LOOP('',(#3730));
#2803=EDGE_LOOP('',(#3731));
#2804=EDGE_LOOP('',(#3732));
#2805=EDGE_LOOP('',(#3733));
#2806=EDGE_LOOP('',(#3734));
#2807=EDGE_LOOP('',(#3735,#3736));
#2808=EDGE_LOOP('',(#3737,#3738));
#2809=EDGE_LOOP('',(#3739,#3740));
#2810=EDGE_LOOP('',(#3741));
#2811=EDGE_LOOP('',(#3742,#3743));
#2812=EDGE_LOOP('',(#3744));
#2813=EDGE_LOOP('',(#3745,#3746));
#2814=EDGE_LOOP('',(#3747,#3748));
#2815=EDGE_LOOP('',(#3749));
#2816=EDGE_LOOP('',(#3750));
#2817=EDGE_LOOP('',(#3751));
#2818=EDGE_LOOP('',(#3752));
#2819=EDGE_LOOP('',(#3753));
#2820=EDGE_LOOP('',(#3754));
#2821=EDGE_LOOP('',(#3755));
#2822=EDGE_LOOP('',(#3756));
#2823=EDGE_LOOP('',(#3757));
#2824=EDGE_LOOP('',(#3758));
#2825=EDGE_LOOP('',(#3759,#3760));
#2826=EDGE_LOOP('',(#3761,#3762));
#2827=EDGE_LOOP('',(#3763,#3764));
#2828=EDGE_LOOP('',(#3765));
#2829=EDGE_LOOP('',(#3766,#3767));
#2830=EDGE_LOOP('',(#3768));
#2831=EDGE_LOOP('',(#3769,#3770));
#2832=EDGE_LOOP('',(#3771,#3772));
#2833=EDGE_LOOP('',(#3773));
#2834=EDGE_LOOP('',(#3774));
#2835=EDGE_LOOP('',(#3775));
#2836=EDGE_LOOP('',(#3776));
#2837=EDGE_LOOP('',(#3777));
#2838=EDGE_LOOP('',(#3778));
#2839=EDGE_LOOP('',(#3779));
#2840=EDGE_LOOP('',(#3780));
#2841=EDGE_LOOP('',(#3781));
#2842=EDGE_LOOP('',(#3782,#3783));
#2843=EDGE_LOOP('',(#3784));
#2844=EDGE_LOOP('',(#3785));
#2845=EDGE_LOOP('',(#3786,#3787));
#2846=EDGE_LOOP('',(#3788,#3789));
#2847=EDGE_LOOP('',(#3790,#3791));
#2848=EDGE_LOOP('',(#3792));
#2849=EDGE_LOOP('',(#3793));
#2850=EDGE_LOOP('',(#3794));
#2851=EDGE_LOOP('',(#3795,#3796));
#2852=EDGE_LOOP('',(#3797,#3798));
#2853=EDGE_LOOP('',(#3799,#3800));
#2854=EDGE_LOOP('',(#3801));
#2855=EDGE_LOOP('',(#3802));
#2856=EDGE_LOOP('',(#3803));
#2857=EDGE_LOOP('',(#3804,#3805));
#2858=EDGE_LOOP('',(#3806,#3807));
#2859=EDGE_LOOP('',(#3808,#3809));
#2860=EDGE_LOOP('',(#3810));
#2861=EDGE_LOOP('',(#3811));
#2862=EDGE_LOOP('',(#3812));
#2863=EDGE_LOOP('',(#3813));
#2864=EDGE_LOOP('',(#3814));
#2865=EDGE_LOOP('',(#3815,#3816,#3817,#3818));
#2866=EDGE_LOOP('',(#3819));
#2867=EDGE_LOOP('',(#3820));
#2868=EDGE_LOOP('',(#3821));
#2869=EDGE_LOOP('',(#3822));
#2870=EDGE_LOOP('',(#3823));
#2871=EDGE_LOOP('',(#3824));
#2872=EDGE_LOOP('',(#3825));
#2873=EDGE_LOOP('',(#3826));
#2874=EDGE_LOOP('',(#3827));
#2875=EDGE_LOOP('',(#3828));
#2876=EDGE_LOOP('',(#3829));
#2877=EDGE_LOOP('',(#3830));
#2878=EDGE_LOOP('',(#3831,#3832,#3833,#3834));
#2879=EDGE_LOOP('',(#3835,#3836,#3837,#3838));
#2880=EDGE_LOOP('',(#3839,#3840,#3841,#3842));
#2881=EDGE_LOOP('',(#3843,#3844,#3845,#3846));
#2882=EDGE_LOOP('',(#3847,#3848,#3849,#3850));
#2883=EDGE_LOOP('',(#3851,#3852,#3853,#3854));
#2884=EDGE_LOOP('',(#3855,#3856,#3857,#3858));
#2885=EDGE_LOOP('',(#3859,#3860,#3861,#3862));
#2886=EDGE_LOOP('',(#3863,#3864,#3865,#3866));
#2887=EDGE_LOOP('',(#3867,#3868,#3869,#3870));
#2888=EDGE_LOOP('',(#3871));
#2889=EDGE_LOOP('',(#3872));
#2890=EDGE_LOOP('',(#3873));
#2891=EDGE_LOOP('',(#3874));
#2892=EDGE_LOOP('',(#3875));
#2893=EDGE_LOOP('',(#3876));
#2894=EDGE_LOOP('',(#3877));
#2895=EDGE_LOOP('',(#3878));
#2896=EDGE_LOOP('',(#3879));
#2897=EDGE_LOOP('',(#3880));
#2898=EDGE_LOOP('',(#3881));
#2899=EDGE_LOOP('',(#3882));
#2900=EDGE_LOOP('',(#3883));
#2901=EDGE_LOOP('',(#3884));
#2902=EDGE_LOOP('',(#3885));
#2903=EDGE_LOOP('',(#3886));
#2904=EDGE_LOOP('',(#3887));
#2905=EDGE_LOOP('',(#3888));
#2906=EDGE_LOOP('',(#3889));
#2907=EDGE_LOOP('',(#3890));
#2908=EDGE_LOOP('',(#3891));
#2909=EDGE_LOOP('',(#3892));
#2910=EDGE_LOOP('',(#3893));
#2911=EDGE_LOOP('',(#3894));
#2912=EDGE_LOOP('',(#3895));
#2913=EDGE_LOOP('',(#3896));
#2914=EDGE_LOOP('',(#3897));
#2915=EDGE_LOOP('',(#3898));
#2916=EDGE_LOOP('',(#3899));
#2917=EDGE_LOOP('',(#3900));
#2918=EDGE_LOOP('',(#3901));
#2919=EDGE_LOOP('',(#3902));
#2920=EDGE_LOOP('',(#3903));
#2921=EDGE_LOOP('',(#3904));
#2922=EDGE_LOOP('',(#3905));
#2923=EDGE_LOOP('',(#3906));
#2924=EDGE_LOOP('',(#3907));
#2925=EDGE_LOOP('',(#3908));
#2926=EDGE_LOOP('',(#3909));
#2927=EDGE_LOOP('',(#3910));
#2928=EDGE_LOOP('',(#3911));
#2929=EDGE_LOOP('',(#3912));
#2930=EDGE_LOOP('',(#3913));
#2931=EDGE_LOOP('',(#3914));
#2932=EDGE_LOOP('',(#3915));
#2933=EDGE_LOOP('',(#3916));
#2934=EDGE_LOOP('',(#3917));
#2935=EDGE_LOOP('',(#3918));
#2936=EDGE_LOOP('',(#3919));
#2937=EDGE_LOOP('',(#3920));
#2938=EDGE_LOOP('',(#3921));
#2939=EDGE_LOOP('',(#3922));
#2940=EDGE_LOOP('',(#3923));
#2941=EDGE_LOOP('',(#3924));
#2942=EDGE_LOOP('',(#3925));
#2943=EDGE_LOOP('',(#3926));
#2944=EDGE_LOOP('',(#3927));
#2945=EDGE_LOOP('',(#3928));
#2946=EDGE_LOOP('',(#3929));
#2947=EDGE_LOOP('',(#3930));
#2948=EDGE_LOOP('',(#3931));
#2949=EDGE_LOOP('',(#3932));
#2950=EDGE_LOOP('',(#3933));
#2951=EDGE_LOOP('',(#3934));
#2952=EDGE_LOOP('',(#3935,#3936,#3937,#3938,#3939,#3940,#3941,#3942));
#2953=EDGE_LOOP('',(#3943,#3944,#3945,#3946));
#2954=EDGE_LOOP('',(#3947,#3948,#3949,#3950));
#2955=EDGE_LOOP('',(#3951,#3952,#3953,#3954));
#2956=EDGE_LOOP('',(#3955,#3956,#3957,#3958));
#2957=EDGE_LOOP('',(#3959,#3960,#3961,#3962));
#2958=EDGE_LOOP('',(#3963,#3964,#3965,#3966));
#2959=EDGE_LOOP('',(#3967,#3968,#3969,#3970));
#2960=EDGE_LOOP('',(#3971,#3972,#3973,#3974));
#2961=EDGE_LOOP('',(#3975,#3976,#3977,#3978));
#2962=EDGE_LOOP('',(#3979,#3980,#3981,#3982));
#2963=EDGE_LOOP('',(#3983,#3984,#3985,#3986));
#2964=EDGE_LOOP('',(#3987,#3988,#3989,#3990));
#2965=EDGE_LOOP('',(#3991,#3992,#3993,#3994));
#2966=EDGE_LOOP('',(#3995,#3996,#3997,#3998));
#2967=EDGE_LOOP('',(#3999,#4000,#4001,#4002,#4003,#4004,#4005,#4006));
#2968=EDGE_LOOP('',(#4007,#4008,#4009,#4010));
#2969=EDGE_LOOP('',(#4011,#4012,#4013,#4014));
#2970=EDGE_LOOP('',(#4015,#4016,#4017,#4018));
#2971=EDGE_LOOP('',(#4019,#4020,#4021,#4022,#4023,#4024,#4025,#4026));
#2972=EDGE_LOOP('',(#4027,#4028,#4029,#4030));
#2973=EDGE_LOOP('',(#4031,#4032,#4033,#4034));
#2974=EDGE_LOOP('',(#4035,#4036,#4037,#4038,#4039,#4040));
#2975=EDGE_LOOP('',(#4041));
#2976=EDGE_LOOP('',(#4042,#4043,#4044,#4045,#4046,#4047,#4048,#4049));
#2977=EDGE_LOOP('',(#4050,#4051,#4052,#4053));
#2978=EDGE_LOOP('',(#4054));
#2979=EDGE_LOOP('',(#4055));
#2980=EDGE_LOOP('',(#4056,#4057,#4058,#4059,#4060,#4061,#4062,#4063));
#2981=EDGE_LOOP('',(#4064,#4065,#4066,#4067));
#2982=EDGE_LOOP('',(#4068,#4069,#4070,#4071));
#2983=EDGE_LOOP('',(#4072,#4073,#4074,#4075,#4076,#4077));
#2984=EDGE_LOOP('',(#4078,#4079,#4080,#4081));
#2985=EDGE_LOOP('',(#4082,#4083,#4084,#4085,#4086,#4087));
#2986=EDGE_LOOP('',(#4088,#4089,#4090,#4091));
#2987=EDGE_LOOP('',(#4092,#4093,#4094,#4095,#4096,#4097,#4098,#4099));
#2988=EDGE_LOOP('',(#4100,#4101,#4102,#4103));
#2989=EDGE_LOOP('',(#4104,#4105,#4106,#4107,#4108,#4109));
#2990=EDGE_LOOP('',(#4110));
#2991=EDGE_LOOP('',(#4111,#4112,#4113,#4114,#4115,#4116,#4117,#4118));
#2992=EDGE_LOOP('',(#4119));
#2993=EDGE_LOOP('',(#4120));
#2994=EDGE_LOOP('',(#4121));
#2995=EDGE_LOOP('',(#4122));
#2996=EDGE_LOOP('',(#4123));
#2997=EDGE_LOOP('',(#4124));
#2998=EDGE_LOOP('',(#4125));
#2999=EDGE_LOOP('',(#4126));
#3000=EDGE_LOOP('',(#4127));
#3001=EDGE_LOOP('',(#4128));
#3002=EDGE_LOOP('',(#4129));
#3003=EDGE_LOOP('',(#4130));
#3004=EDGE_LOOP('',(#4131));
#3005=EDGE_LOOP('',(#4132));
#3006=EDGE_LOOP('',(#4133));
#3007=EDGE_LOOP('',(#4134));
#3008=EDGE_LOOP('',(#4135));
#3009=EDGE_LOOP('',(#4136));
#3010=EDGE_LOOP('',(#4137));
#3011=EDGE_LOOP('',(#4138));
#3012=EDGE_LOOP('',(#4139));
#3013=EDGE_LOOP('',(#4140));
#3014=EDGE_LOOP('',(#4141));
#3015=EDGE_LOOP('',(#4142));
#3016=EDGE_LOOP('',(#4143));
#3017=EDGE_LOOP('',(#4144));
#3018=EDGE_LOOP('',(#4145));
#3019=EDGE_LOOP('',(#4146));
#3020=EDGE_LOOP('',(#4147));
#3021=EDGE_LOOP('',(#4148));
#3022=EDGE_LOOP('',(#4149));
#3023=EDGE_LOOP('',(#4150));
#3024=EDGE_LOOP('',(#4151));
#3025=EDGE_LOOP('',(#4152));
#3026=EDGE_LOOP('',(#4153));
#3027=EDGE_LOOP('',(#4154));
#3028=EDGE_LOOP('',(#4155));
#3029=EDGE_LOOP('',(#4156));
#3030=EDGE_LOOP('',(#4157));
#3031=EDGE_LOOP('',(#4158));
#3032=EDGE_LOOP('',(#4159));
#3033=EDGE_LOOP('',(#4160));
#3034=EDGE_LOOP('',(#4161));
#3035=EDGE_LOOP('',(#4162));
#3036=EDGE_LOOP('',(#4163));
#3037=EDGE_LOOP('',(#4164));
#3038=EDGE_LOOP('',(#4165));
#3039=EDGE_LOOP('',(#4166));
#3040=EDGE_LOOP('',(#4167));
#3041=EDGE_LOOP('',(#4168));
#3042=EDGE_LOOP('',(#4169));
#3043=EDGE_LOOP('',(#4170));
#3044=EDGE_LOOP('',(#4171));
#3045=EDGE_LOOP('',(#4172));
#3046=EDGE_LOOP('',(#4173));
#3047=EDGE_LOOP('',(#4174));
#3048=EDGE_LOOP('',(#4175));
#3049=EDGE_LOOP('',(#4176));
#3050=EDGE_LOOP('',(#4177));
#3051=EDGE_LOOP('',(#4178));
#3052=EDGE_LOOP('',(#4179));
#3053=EDGE_LOOP('',(#4180));
#3054=EDGE_LOOP('',(#4181));
#3055=EDGE_LOOP('',(#4182));
#3056=EDGE_LOOP('',(#4183,#4184,#4185,#4186,#4187,#4188,#4189,#4190));
#3057=EDGE_LOOP('',(#4191,#4192));
#3058=EDGE_LOOP('',(#4193));
#3059=EDGE_LOOP('',(#4194,#4195));
#3060=ORIENTED_EDGE('',*,*,#4656,.F.);
#3061=ORIENTED_EDGE('',*,*,#4657,.F.);
#3062=ORIENTED_EDGE('',*,*,#4656,.T.);
#3063=ORIENTED_EDGE('',*,*,#4658,.F.);
#3064=ORIENTED_EDGE('',*,*,#4659,.T.);
#3065=ORIENTED_EDGE('',*,*,#4660,.F.);
#3066=ORIENTED_EDGE('',*,*,#4659,.F.);
#3067=ORIENTED_EDGE('',*,*,#4660,.T.);
#3068=ORIENTED_EDGE('',*,*,#4658,.T.);
#3069=ORIENTED_EDGE('',*,*,#4661,.F.);
#3070=ORIENTED_EDGE('',*,*,#4662,.F.);
#3071=ORIENTED_EDGE('',*,*,#4663,.F.);
#3072=ORIENTED_EDGE('',*,*,#4657,.T.);
#3073=ORIENTED_EDGE('',*,*,#4664,.F.);
#3074=ORIENTED_EDGE('',*,*,#4663,.T.);
#3075=ORIENTED_EDGE('',*,*,#4662,.T.);
#3076=ORIENTED_EDGE('',*,*,#4664,.T.);
#3077=ORIENTED_EDGE('',*,*,#4665,.F.);
#3078=ORIENTED_EDGE('',*,*,#4666,.F.);
#3079=ORIENTED_EDGE('',*,*,#4666,.T.);
#3080=ORIENTED_EDGE('',*,*,#4667,.T.);
#3081=ORIENTED_EDGE('',*,*,#4668,.F.);
#3082=ORIENTED_EDGE('',*,*,#4668,.T.);
#3083=ORIENTED_EDGE('',*,*,#4669,.T.);
#3084=ORIENTED_EDGE('',*,*,#4670,.F.);
#3085=ORIENTED_EDGE('',*,*,#4671,.F.);
#3086=ORIENTED_EDGE('',*,*,#4670,.T.);
#3087=ORIENTED_EDGE('',*,*,#4672,.F.);
#3088=ORIENTED_EDGE('',*,*,#4673,.T.);
#3089=ORIENTED_EDGE('',*,*,#4674,.F.);
#3090=ORIENTED_EDGE('',*,*,#4673,.F.);
#3091=ORIENTED_EDGE('',*,*,#4674,.T.);
#3092=ORIENTED_EDGE('',*,*,#4672,.T.);
#3093=ORIENTED_EDGE('',*,*,#4675,.F.);
#3094=ORIENTED_EDGE('',*,*,#4676,.F.);
#3095=ORIENTED_EDGE('',*,*,#4677,.F.);
#3096=ORIENTED_EDGE('',*,*,#4671,.T.);
#3097=ORIENTED_EDGE('',*,*,#4678,.F.);
#3098=ORIENTED_EDGE('',*,*,#4677,.T.);
#3099=ORIENTED_EDGE('',*,*,#4676,.T.);
#3100=ORIENTED_EDGE('',*,*,#4678,.T.);
#3101=ORIENTED_EDGE('',*,*,#4679,.F.);
#3102=ORIENTED_EDGE('',*,*,#4680,.F.);
#3103=ORIENTED_EDGE('',*,*,#4680,.T.);
#3104=ORIENTED_EDGE('',*,*,#4681,.T.);
#3105=ORIENTED_EDGE('',*,*,#4682,.F.);
#3106=ORIENTED_EDGE('',*,*,#4682,.T.);
#3107=ORIENTED_EDGE('',*,*,#4683,.T.);
#3108=ORIENTED_EDGE('',*,*,#4684,.F.);
#3109=ORIENTED_EDGE('',*,*,#4685,.F.);
#3110=ORIENTED_EDGE('',*,*,#4684,.T.);
#3111=ORIENTED_EDGE('',*,*,#4686,.F.);
#3112=ORIENTED_EDGE('',*,*,#4687,.T.);
#3113=ORIENTED_EDGE('',*,*,#4688,.F.);
#3114=ORIENTED_EDGE('',*,*,#4687,.F.);
#3115=ORIENTED_EDGE('',*,*,#4688,.T.);
#3116=ORIENTED_EDGE('',*,*,#4686,.T.);
#3117=ORIENTED_EDGE('',*,*,#4689,.F.);
#3118=ORIENTED_EDGE('',*,*,#4690,.F.);
#3119=ORIENTED_EDGE('',*,*,#4691,.F.);
#3120=ORIENTED_EDGE('',*,*,#4685,.T.);
#3121=ORIENTED_EDGE('',*,*,#4692,.F.);
#3122=ORIENTED_EDGE('',*,*,#4691,.T.);
#3123=ORIENTED_EDGE('',*,*,#4690,.T.);
#3124=ORIENTED_EDGE('',*,*,#4692,.T.);
#3125=ORIENTED_EDGE('',*,*,#4693,.F.);
#3126=ORIENTED_EDGE('',*,*,#4694,.F.);
#3127=ORIENTED_EDGE('',*,*,#4694,.T.);
#3128=ORIENTED_EDGE('',*,*,#4695,.T.);
#3129=ORIENTED_EDGE('',*,*,#4696,.F.);
#3130=ORIENTED_EDGE('',*,*,#4696,.T.);
#3131=ORIENTED_EDGE('',*,*,#4697,.T.);
#3132=ORIENTED_EDGE('',*,*,#4698,.F.);
#3133=ORIENTED_EDGE('',*,*,#4699,.F.);
#3134=ORIENTED_EDGE('',*,*,#4698,.T.);
#3135=ORIENTED_EDGE('',*,*,#4700,.F.);
#3136=ORIENTED_EDGE('',*,*,#4701,.T.);
#3137=ORIENTED_EDGE('',*,*,#4702,.F.);
#3138=ORIENTED_EDGE('',*,*,#4701,.F.);
#3139=ORIENTED_EDGE('',*,*,#4702,.T.);
#3140=ORIENTED_EDGE('',*,*,#4700,.T.);
#3141=ORIENTED_EDGE('',*,*,#4703,.F.);
#3142=ORIENTED_EDGE('',*,*,#4704,.F.);
#3143=ORIENTED_EDGE('',*,*,#4705,.F.);
#3144=ORIENTED_EDGE('',*,*,#4699,.T.);
#3145=ORIENTED_EDGE('',*,*,#4706,.F.);
#3146=ORIENTED_EDGE('',*,*,#4705,.T.);
#3147=ORIENTED_EDGE('',*,*,#4704,.T.);
#3148=ORIENTED_EDGE('',*,*,#4706,.T.);
#3149=ORIENTED_EDGE('',*,*,#4707,.F.);
#3150=ORIENTED_EDGE('',*,*,#4708,.F.);
#3151=ORIENTED_EDGE('',*,*,#4708,.T.);
#3152=ORIENTED_EDGE('',*,*,#4709,.T.);
#3153=ORIENTED_EDGE('',*,*,#4710,.F.);
#3154=ORIENTED_EDGE('',*,*,#4710,.T.);
#3155=ORIENTED_EDGE('',*,*,#4711,.T.);
#3156=ORIENTED_EDGE('',*,*,#4712,.F.);
#3157=ORIENTED_EDGE('',*,*,#4713,.F.);
#3158=ORIENTED_EDGE('',*,*,#4712,.T.);
#3159=ORIENTED_EDGE('',*,*,#4714,.F.);
#3160=ORIENTED_EDGE('',*,*,#4715,.T.);
#3161=ORIENTED_EDGE('',*,*,#4716,.F.);
#3162=ORIENTED_EDGE('',*,*,#4715,.F.);
#3163=ORIENTED_EDGE('',*,*,#4716,.T.);
#3164=ORIENTED_EDGE('',*,*,#4714,.T.);
#3165=ORIENTED_EDGE('',*,*,#4717,.F.);
#3166=ORIENTED_EDGE('',*,*,#4718,.F.);
#3167=ORIENTED_EDGE('',*,*,#4719,.F.);
#3168=ORIENTED_EDGE('',*,*,#4713,.T.);
#3169=ORIENTED_EDGE('',*,*,#4720,.F.);
#3170=ORIENTED_EDGE('',*,*,#4719,.T.);
#3171=ORIENTED_EDGE('',*,*,#4718,.T.);
#3172=ORIENTED_EDGE('',*,*,#4720,.T.);
#3173=ORIENTED_EDGE('',*,*,#4721,.F.);
#3174=ORIENTED_EDGE('',*,*,#4722,.F.);
#3175=ORIENTED_EDGE('',*,*,#4722,.T.);
#3176=ORIENTED_EDGE('',*,*,#4723,.T.);
#3177=ORIENTED_EDGE('',*,*,#4724,.F.);
#3178=ORIENTED_EDGE('',*,*,#4724,.T.);
#3179=ORIENTED_EDGE('',*,*,#4725,.T.);
#3180=ORIENTED_EDGE('',*,*,#4726,.F.);
#3181=ORIENTED_EDGE('',*,*,#4727,.F.);
#3182=ORIENTED_EDGE('',*,*,#4726,.T.);
#3183=ORIENTED_EDGE('',*,*,#4728,.F.);
#3184=ORIENTED_EDGE('',*,*,#4729,.T.);
#3185=ORIENTED_EDGE('',*,*,#4730,.F.);
#3186=ORIENTED_EDGE('',*,*,#4729,.F.);
#3187=ORIENTED_EDGE('',*,*,#4730,.T.);
#3188=ORIENTED_EDGE('',*,*,#4728,.T.);
#3189=ORIENTED_EDGE('',*,*,#4731,.F.);
#3190=ORIENTED_EDGE('',*,*,#4732,.F.);
#3191=ORIENTED_EDGE('',*,*,#4733,.F.);
#3192=ORIENTED_EDGE('',*,*,#4727,.T.);
#3193=ORIENTED_EDGE('',*,*,#4734,.F.);
#3194=ORIENTED_EDGE('',*,*,#4733,.T.);
#3195=ORIENTED_EDGE('',*,*,#4732,.T.);
#3196=ORIENTED_EDGE('',*,*,#4734,.T.);
#3197=ORIENTED_EDGE('',*,*,#4735,.F.);
#3198=ORIENTED_EDGE('',*,*,#4736,.F.);
#3199=ORIENTED_EDGE('',*,*,#4736,.T.);
#3200=ORIENTED_EDGE('',*,*,#4737,.T.);
#3201=ORIENTED_EDGE('',*,*,#4738,.F.);
#3202=ORIENTED_EDGE('',*,*,#4738,.T.);
#3203=ORIENTED_EDGE('',*,*,#4739,.T.);
#3204=ORIENTED_EDGE('',*,*,#4740,.F.);
#3205=ORIENTED_EDGE('',*,*,#4741,.F.);
#3206=ORIENTED_EDGE('',*,*,#4740,.T.);
#3207=ORIENTED_EDGE('',*,*,#4742,.F.);
#3208=ORIENTED_EDGE('',*,*,#4743,.T.);
#3209=ORIENTED_EDGE('',*,*,#4744,.F.);
#3210=ORIENTED_EDGE('',*,*,#4743,.F.);
#3211=ORIENTED_EDGE('',*,*,#4744,.T.);
#3212=ORIENTED_EDGE('',*,*,#4742,.T.);
#3213=ORIENTED_EDGE('',*,*,#4745,.F.);
#3214=ORIENTED_EDGE('',*,*,#4746,.F.);
#3215=ORIENTED_EDGE('',*,*,#4747,.F.);
#3216=ORIENTED_EDGE('',*,*,#4741,.T.);
#3217=ORIENTED_EDGE('',*,*,#4748,.F.);
#3218=ORIENTED_EDGE('',*,*,#4747,.T.);
#3219=ORIENTED_EDGE('',*,*,#4746,.T.);
#3220=ORIENTED_EDGE('',*,*,#4748,.T.);
#3221=ORIENTED_EDGE('',*,*,#4749,.F.);
#3222=ORIENTED_EDGE('',*,*,#4750,.F.);
#3223=ORIENTED_EDGE('',*,*,#4750,.T.);
#3224=ORIENTED_EDGE('',*,*,#4751,.T.);
#3225=ORIENTED_EDGE('',*,*,#4752,.F.);
#3226=ORIENTED_EDGE('',*,*,#4752,.T.);
#3227=ORIENTED_EDGE('',*,*,#4753,.T.);
#3228=ORIENTED_EDGE('',*,*,#4754,.F.);
#3229=ORIENTED_EDGE('',*,*,#4755,.F.);
#3230=ORIENTED_EDGE('',*,*,#4754,.T.);
#3231=ORIENTED_EDGE('',*,*,#4756,.F.);
#3232=ORIENTED_EDGE('',*,*,#4757,.T.);
#3233=ORIENTED_EDGE('',*,*,#4758,.F.);
#3234=ORIENTED_EDGE('',*,*,#4757,.F.);
#3235=ORIENTED_EDGE('',*,*,#4758,.T.);
#3236=ORIENTED_EDGE('',*,*,#4756,.T.);
#3237=ORIENTED_EDGE('',*,*,#4759,.F.);
#3238=ORIENTED_EDGE('',*,*,#4760,.F.);
#3239=ORIENTED_EDGE('',*,*,#4761,.F.);
#3240=ORIENTED_EDGE('',*,*,#4755,.T.);
#3241=ORIENTED_EDGE('',*,*,#4762,.F.);
#3242=ORIENTED_EDGE('',*,*,#4761,.T.);
#3243=ORIENTED_EDGE('',*,*,#4760,.T.);
#3244=ORIENTED_EDGE('',*,*,#4762,.T.);
#3245=ORIENTED_EDGE('',*,*,#4763,.F.);
#3246=ORIENTED_EDGE('',*,*,#4764,.F.);
#3247=ORIENTED_EDGE('',*,*,#4764,.T.);
#3248=ORIENTED_EDGE('',*,*,#4765,.T.);
#3249=ORIENTED_EDGE('',*,*,#4766,.F.);
#3250=ORIENTED_EDGE('',*,*,#4766,.T.);
#3251=ORIENTED_EDGE('',*,*,#4767,.T.);
#3252=ORIENTED_EDGE('',*,*,#4768,.F.);
#3253=ORIENTED_EDGE('',*,*,#4769,.F.);
#3254=ORIENTED_EDGE('',*,*,#4768,.T.);
#3255=ORIENTED_EDGE('',*,*,#4770,.F.);
#3256=ORIENTED_EDGE('',*,*,#4771,.T.);
#3257=ORIENTED_EDGE('',*,*,#4772,.F.);
#3258=ORIENTED_EDGE('',*,*,#4771,.F.);
#3259=ORIENTED_EDGE('',*,*,#4772,.T.);
#3260=ORIENTED_EDGE('',*,*,#4770,.T.);
#3261=ORIENTED_EDGE('',*,*,#4773,.F.);
#3262=ORIENTED_EDGE('',*,*,#4774,.F.);
#3263=ORIENTED_EDGE('',*,*,#4775,.F.);
#3264=ORIENTED_EDGE('',*,*,#4769,.T.);
#3265=ORIENTED_EDGE('',*,*,#4776,.F.);
#3266=ORIENTED_EDGE('',*,*,#4775,.T.);
#3267=ORIENTED_EDGE('',*,*,#4774,.T.);
#3268=ORIENTED_EDGE('',*,*,#4776,.T.);
#3269=ORIENTED_EDGE('',*,*,#4777,.F.);
#3270=ORIENTED_EDGE('',*,*,#4778,.F.);
#3271=ORIENTED_EDGE('',*,*,#4778,.T.);
#3272=ORIENTED_EDGE('',*,*,#4779,.T.);
#3273=ORIENTED_EDGE('',*,*,#4780,.F.);
#3274=ORIENTED_EDGE('',*,*,#4780,.T.);
#3275=ORIENTED_EDGE('',*,*,#4781,.T.);
#3276=ORIENTED_EDGE('',*,*,#4782,.F.);
#3277=ORIENTED_EDGE('',*,*,#4783,.F.);
#3278=ORIENTED_EDGE('',*,*,#4782,.T.);
#3279=ORIENTED_EDGE('',*,*,#4784,.F.);
#3280=ORIENTED_EDGE('',*,*,#4785,.T.);
#3281=ORIENTED_EDGE('',*,*,#4786,.F.);
#3282=ORIENTED_EDGE('',*,*,#4785,.F.);
#3283=ORIENTED_EDGE('',*,*,#4786,.T.);
#3284=ORIENTED_EDGE('',*,*,#4784,.T.);
#3285=ORIENTED_EDGE('',*,*,#4787,.F.);
#3286=ORIENTED_EDGE('',*,*,#4788,.F.);
#3287=ORIENTED_EDGE('',*,*,#4789,.F.);
#3288=ORIENTED_EDGE('',*,*,#4783,.T.);
#3289=ORIENTED_EDGE('',*,*,#4790,.F.);
#3290=ORIENTED_EDGE('',*,*,#4789,.T.);
#3291=ORIENTED_EDGE('',*,*,#4788,.T.);
#3292=ORIENTED_EDGE('',*,*,#4790,.T.);
#3293=ORIENTED_EDGE('',*,*,#4791,.F.);
#3294=ORIENTED_EDGE('',*,*,#4792,.F.);
#3295=ORIENTED_EDGE('',*,*,#4792,.T.);
#3296=ORIENTED_EDGE('',*,*,#4793,.T.);
#3297=ORIENTED_EDGE('',*,*,#4794,.F.);
#3298=ORIENTED_EDGE('',*,*,#4794,.T.);
#3299=ORIENTED_EDGE('',*,*,#4795,.T.);
#3300=ORIENTED_EDGE('',*,*,#4796,.F.);
#3301=ORIENTED_EDGE('',*,*,#4797,.F.);
#3302=ORIENTED_EDGE('',*,*,#4796,.T.);
#3303=ORIENTED_EDGE('',*,*,#4798,.F.);
#3304=ORIENTED_EDGE('',*,*,#4799,.T.);
#3305=ORIENTED_EDGE('',*,*,#4800,.F.);
#3306=ORIENTED_EDGE('',*,*,#4799,.F.);
#3307=ORIENTED_EDGE('',*,*,#4800,.T.);
#3308=ORIENTED_EDGE('',*,*,#4798,.T.);
#3309=ORIENTED_EDGE('',*,*,#4801,.F.);
#3310=ORIENTED_EDGE('',*,*,#4802,.F.);
#3311=ORIENTED_EDGE('',*,*,#4803,.F.);
#3312=ORIENTED_EDGE('',*,*,#4797,.T.);
#3313=ORIENTED_EDGE('',*,*,#4804,.F.);
#3314=ORIENTED_EDGE('',*,*,#4803,.T.);
#3315=ORIENTED_EDGE('',*,*,#4802,.T.);
#3316=ORIENTED_EDGE('',*,*,#4804,.T.);
#3317=ORIENTED_EDGE('',*,*,#4805,.F.);
#3318=ORIENTED_EDGE('',*,*,#4806,.F.);
#3319=ORIENTED_EDGE('',*,*,#4806,.T.);
#3320=ORIENTED_EDGE('',*,*,#4807,.T.);
#3321=ORIENTED_EDGE('',*,*,#4808,.F.);
#3322=ORIENTED_EDGE('',*,*,#4808,.T.);
#3323=ORIENTED_EDGE('',*,*,#4809,.T.);
#3324=ORIENTED_EDGE('',*,*,#4810,.F.);
#3325=ORIENTED_EDGE('',*,*,#4811,.F.);
#3326=ORIENTED_EDGE('',*,*,#4810,.T.);
#3327=ORIENTED_EDGE('',*,*,#4812,.F.);
#3328=ORIENTED_EDGE('',*,*,#4813,.T.);
#3329=ORIENTED_EDGE('',*,*,#4814,.F.);
#3330=ORIENTED_EDGE('',*,*,#4813,.F.);
#3331=ORIENTED_EDGE('',*,*,#4814,.T.);
#3332=ORIENTED_EDGE('',*,*,#4812,.T.);
#3333=ORIENTED_EDGE('',*,*,#4815,.F.);
#3334=ORIENTED_EDGE('',*,*,#4816,.F.);
#3335=ORIENTED_EDGE('',*,*,#4817,.F.);
#3336=ORIENTED_EDGE('',*,*,#4811,.T.);
#3337=ORIENTED_EDGE('',*,*,#4818,.F.);
#3338=ORIENTED_EDGE('',*,*,#4817,.T.);
#3339=ORIENTED_EDGE('',*,*,#4816,.T.);
#3340=ORIENTED_EDGE('',*,*,#4818,.T.);
#3341=ORIENTED_EDGE('',*,*,#4819,.F.);
#3342=ORIENTED_EDGE('',*,*,#4820,.F.);
#3343=ORIENTED_EDGE('',*,*,#4820,.T.);
#3344=ORIENTED_EDGE('',*,*,#4821,.T.);
#3345=ORIENTED_EDGE('',*,*,#4822,.F.);
#3346=ORIENTED_EDGE('',*,*,#4822,.T.);
#3347=ORIENTED_EDGE('',*,*,#4823,.T.);
#3348=ORIENTED_EDGE('',*,*,#4824,.F.);
#3349=ORIENTED_EDGE('',*,*,#4825,.F.);
#3350=ORIENTED_EDGE('',*,*,#4824,.T.);
#3351=ORIENTED_EDGE('',*,*,#4826,.F.);
#3352=ORIENTED_EDGE('',*,*,#4827,.T.);
#3353=ORIENTED_EDGE('',*,*,#4828,.F.);
#3354=ORIENTED_EDGE('',*,*,#4827,.F.);
#3355=ORIENTED_EDGE('',*,*,#4828,.T.);
#3356=ORIENTED_EDGE('',*,*,#4826,.T.);
#3357=ORIENTED_EDGE('',*,*,#4829,.F.);
#3358=ORIENTED_EDGE('',*,*,#4830,.F.);
#3359=ORIENTED_EDGE('',*,*,#4831,.F.);
#3360=ORIENTED_EDGE('',*,*,#4825,.T.);
#3361=ORIENTED_EDGE('',*,*,#4832,.F.);
#3362=ORIENTED_EDGE('',*,*,#4831,.T.);
#3363=ORIENTED_EDGE('',*,*,#4830,.T.);
#3364=ORIENTED_EDGE('',*,*,#4832,.T.);
#3365=ORIENTED_EDGE('',*,*,#4833,.F.);
#3366=ORIENTED_EDGE('',*,*,#4834,.F.);
#3367=ORIENTED_EDGE('',*,*,#4834,.T.);
#3368=ORIENTED_EDGE('',*,*,#4835,.T.);
#3369=ORIENTED_EDGE('',*,*,#4836,.F.);
#3370=ORIENTED_EDGE('',*,*,#4836,.T.);
#3371=ORIENTED_EDGE('',*,*,#4837,.T.);
#3372=ORIENTED_EDGE('',*,*,#4838,.F.);
#3373=ORIENTED_EDGE('',*,*,#4839,.F.);
#3374=ORIENTED_EDGE('',*,*,#4838,.T.);
#3375=ORIENTED_EDGE('',*,*,#4840,.F.);
#3376=ORIENTED_EDGE('',*,*,#4841,.T.);
#3377=ORIENTED_EDGE('',*,*,#4842,.F.);
#3378=ORIENTED_EDGE('',*,*,#4841,.F.);
#3379=ORIENTED_EDGE('',*,*,#4842,.T.);
#3380=ORIENTED_EDGE('',*,*,#4840,.T.);
#3381=ORIENTED_EDGE('',*,*,#4843,.F.);
#3382=ORIENTED_EDGE('',*,*,#4844,.F.);
#3383=ORIENTED_EDGE('',*,*,#4845,.F.);
#3384=ORIENTED_EDGE('',*,*,#4839,.T.);
#3385=ORIENTED_EDGE('',*,*,#4846,.F.);
#3386=ORIENTED_EDGE('',*,*,#4845,.T.);
#3387=ORIENTED_EDGE('',*,*,#4844,.T.);
#3388=ORIENTED_EDGE('',*,*,#4846,.T.);
#3389=ORIENTED_EDGE('',*,*,#4847,.F.);
#3390=ORIENTED_EDGE('',*,*,#4848,.F.);
#3391=ORIENTED_EDGE('',*,*,#4848,.T.);
#3392=ORIENTED_EDGE('',*,*,#4849,.T.);
#3393=ORIENTED_EDGE('',*,*,#4850,.F.);
#3394=ORIENTED_EDGE('',*,*,#4850,.T.);
#3395=ORIENTED_EDGE('',*,*,#4851,.T.);
#3396=ORIENTED_EDGE('',*,*,#4852,.F.);
#3397=ORIENTED_EDGE('',*,*,#4853,.F.);
#3398=ORIENTED_EDGE('',*,*,#4852,.T.);
#3399=ORIENTED_EDGE('',*,*,#4854,.F.);
#3400=ORIENTED_EDGE('',*,*,#4855,.T.);
#3401=ORIENTED_EDGE('',*,*,#4856,.F.);
#3402=ORIENTED_EDGE('',*,*,#4855,.F.);
#3403=ORIENTED_EDGE('',*,*,#4856,.T.);
#3404=ORIENTED_EDGE('',*,*,#4854,.T.);
#3405=ORIENTED_EDGE('',*,*,#4857,.F.);
#3406=ORIENTED_EDGE('',*,*,#4858,.F.);
#3407=ORIENTED_EDGE('',*,*,#4859,.F.);
#3408=ORIENTED_EDGE('',*,*,#4853,.T.);
#3409=ORIENTED_EDGE('',*,*,#4860,.F.);
#3410=ORIENTED_EDGE('',*,*,#4859,.T.);
#3411=ORIENTED_EDGE('',*,*,#4858,.T.);
#3412=ORIENTED_EDGE('',*,*,#4860,.T.);
#3413=ORIENTED_EDGE('',*,*,#4861,.F.);
#3414=ORIENTED_EDGE('',*,*,#4862,.F.);
#3415=ORIENTED_EDGE('',*,*,#4862,.T.);
#3416=ORIENTED_EDGE('',*,*,#4863,.T.);
#3417=ORIENTED_EDGE('',*,*,#4864,.F.);
#3418=ORIENTED_EDGE('',*,*,#4864,.T.);
#3419=ORIENTED_EDGE('',*,*,#4865,.T.);
#3420=ORIENTED_EDGE('',*,*,#4866,.F.);
#3421=ORIENTED_EDGE('',*,*,#4867,.F.);
#3422=ORIENTED_EDGE('',*,*,#4866,.T.);
#3423=ORIENTED_EDGE('',*,*,#4868,.F.);
#3424=ORIENTED_EDGE('',*,*,#4869,.T.);
#3425=ORIENTED_EDGE('',*,*,#4870,.F.);
#3426=ORIENTED_EDGE('',*,*,#4869,.F.);
#3427=ORIENTED_EDGE('',*,*,#4870,.T.);
#3428=ORIENTED_EDGE('',*,*,#4868,.T.);
#3429=ORIENTED_EDGE('',*,*,#4871,.F.);
#3430=ORIENTED_EDGE('',*,*,#4872,.F.);
#3431=ORIENTED_EDGE('',*,*,#4873,.F.);
#3432=ORIENTED_EDGE('',*,*,#4867,.T.);
#3433=ORIENTED_EDGE('',*,*,#4874,.F.);
#3434=ORIENTED_EDGE('',*,*,#4873,.T.);
#3435=ORIENTED_EDGE('',*,*,#4872,.T.);
#3436=ORIENTED_EDGE('',*,*,#4874,.T.);
#3437=ORIENTED_EDGE('',*,*,#4875,.F.);
#3438=ORIENTED_EDGE('',*,*,#4876,.F.);
#3439=ORIENTED_EDGE('',*,*,#4876,.T.);
#3440=ORIENTED_EDGE('',*,*,#4877,.T.);
#3441=ORIENTED_EDGE('',*,*,#4878,.F.);
#3442=ORIENTED_EDGE('',*,*,#4878,.T.);
#3443=ORIENTED_EDGE('',*,*,#4879,.T.);
#3444=ORIENTED_EDGE('',*,*,#4880,.F.);
#3445=ORIENTED_EDGE('',*,*,#4881,.F.);
#3446=ORIENTED_EDGE('',*,*,#4880,.T.);
#3447=ORIENTED_EDGE('',*,*,#4882,.F.);
#3448=ORIENTED_EDGE('',*,*,#4883,.T.);
#3449=ORIENTED_EDGE('',*,*,#4884,.F.);
#3450=ORIENTED_EDGE('',*,*,#4883,.F.);
#3451=ORIENTED_EDGE('',*,*,#4884,.T.);
#3452=ORIENTED_EDGE('',*,*,#4882,.T.);
#3453=ORIENTED_EDGE('',*,*,#4885,.F.);
#3454=ORIENTED_EDGE('',*,*,#4886,.F.);
#3455=ORIENTED_EDGE('',*,*,#4887,.F.);
#3456=ORIENTED_EDGE('',*,*,#4881,.T.);
#3457=ORIENTED_EDGE('',*,*,#4888,.F.);
#3458=ORIENTED_EDGE('',*,*,#4887,.T.);
#3459=ORIENTED_EDGE('',*,*,#4886,.T.);
#3460=ORIENTED_EDGE('',*,*,#4888,.T.);
#3461=ORIENTED_EDGE('',*,*,#4889,.F.);
#3462=ORIENTED_EDGE('',*,*,#4890,.F.);
#3463=ORIENTED_EDGE('',*,*,#4890,.T.);
#3464=ORIENTED_EDGE('',*,*,#4891,.T.);
#3465=ORIENTED_EDGE('',*,*,#4892,.F.);
#3466=ORIENTED_EDGE('',*,*,#4892,.T.);
#3467=ORIENTED_EDGE('',*,*,#4893,.T.);
#3468=ORIENTED_EDGE('',*,*,#4894,.F.);
#3469=ORIENTED_EDGE('',*,*,#4895,.F.);
#3470=ORIENTED_EDGE('',*,*,#4894,.T.);
#3471=ORIENTED_EDGE('',*,*,#4896,.F.);
#3472=ORIENTED_EDGE('',*,*,#4897,.T.);
#3473=ORIENTED_EDGE('',*,*,#4898,.F.);
#3474=ORIENTED_EDGE('',*,*,#4897,.F.);
#3475=ORIENTED_EDGE('',*,*,#4898,.T.);
#3476=ORIENTED_EDGE('',*,*,#4896,.T.);
#3477=ORIENTED_EDGE('',*,*,#4899,.F.);
#3478=ORIENTED_EDGE('',*,*,#4900,.F.);
#3479=ORIENTED_EDGE('',*,*,#4901,.F.);
#3480=ORIENTED_EDGE('',*,*,#4895,.T.);
#3481=ORIENTED_EDGE('',*,*,#4902,.F.);
#3482=ORIENTED_EDGE('',*,*,#4901,.T.);
#3483=ORIENTED_EDGE('',*,*,#4900,.T.);
#3484=ORIENTED_EDGE('',*,*,#4902,.T.);
#3485=ORIENTED_EDGE('',*,*,#4903,.F.);
#3486=ORIENTED_EDGE('',*,*,#4904,.F.);
#3487=ORIENTED_EDGE('',*,*,#4904,.T.);
#3488=ORIENTED_EDGE('',*,*,#4905,.T.);
#3489=ORIENTED_EDGE('',*,*,#4906,.F.);
#3490=ORIENTED_EDGE('',*,*,#4906,.T.);
#3491=ORIENTED_EDGE('',*,*,#4907,.T.);
#3492=ORIENTED_EDGE('',*,*,#4908,.F.);
#3493=ORIENTED_EDGE('',*,*,#4909,.F.);
#3494=ORIENTED_EDGE('',*,*,#4908,.T.);
#3495=ORIENTED_EDGE('',*,*,#4910,.F.);
#3496=ORIENTED_EDGE('',*,*,#4911,.T.);
#3497=ORIENTED_EDGE('',*,*,#4912,.F.);
#3498=ORIENTED_EDGE('',*,*,#4911,.F.);
#3499=ORIENTED_EDGE('',*,*,#4912,.T.);
#3500=ORIENTED_EDGE('',*,*,#4910,.T.);
#3501=ORIENTED_EDGE('',*,*,#4913,.F.);
#3502=ORIENTED_EDGE('',*,*,#4914,.F.);
#3503=ORIENTED_EDGE('',*,*,#4915,.F.);
#3504=ORIENTED_EDGE('',*,*,#4909,.T.);
#3505=ORIENTED_EDGE('',*,*,#4916,.F.);
#3506=ORIENTED_EDGE('',*,*,#4915,.T.);
#3507=ORIENTED_EDGE('',*,*,#4914,.T.);
#3508=ORIENTED_EDGE('',*,*,#4916,.T.);
#3509=ORIENTED_EDGE('',*,*,#4917,.F.);
#3510=ORIENTED_EDGE('',*,*,#4918,.F.);
#3511=ORIENTED_EDGE('',*,*,#4918,.T.);
#3512=ORIENTED_EDGE('',*,*,#4919,.T.);
#3513=ORIENTED_EDGE('',*,*,#4920,.F.);
#3514=ORIENTED_EDGE('',*,*,#4920,.T.);
#3515=ORIENTED_EDGE('',*,*,#4921,.T.);
#3516=ORIENTED_EDGE('',*,*,#4922,.F.);
#3517=ORIENTED_EDGE('',*,*,#4923,.F.);
#3518=ORIENTED_EDGE('',*,*,#4922,.T.);
#3519=ORIENTED_EDGE('',*,*,#4924,.F.);
#3520=ORIENTED_EDGE('',*,*,#4925,.T.);
#3521=ORIENTED_EDGE('',*,*,#4926,.F.);
#3522=ORIENTED_EDGE('',*,*,#4925,.F.);
#3523=ORIENTED_EDGE('',*,*,#4926,.T.);
#3524=ORIENTED_EDGE('',*,*,#4924,.T.);
#3525=ORIENTED_EDGE('',*,*,#4927,.F.);
#3526=ORIENTED_EDGE('',*,*,#4928,.F.);
#3527=ORIENTED_EDGE('',*,*,#4929,.F.);
#3528=ORIENTED_EDGE('',*,*,#4923,.T.);
#3529=ORIENTED_EDGE('',*,*,#4930,.F.);
#3530=ORIENTED_EDGE('',*,*,#4929,.T.);
#3531=ORIENTED_EDGE('',*,*,#4928,.T.);
#3532=ORIENTED_EDGE('',*,*,#4930,.T.);
#3533=ORIENTED_EDGE('',*,*,#4931,.F.);
#3534=ORIENTED_EDGE('',*,*,#4932,.F.);
#3535=ORIENTED_EDGE('',*,*,#4932,.T.);
#3536=ORIENTED_EDGE('',*,*,#4933,.T.);
#3537=ORIENTED_EDGE('',*,*,#4934,.F.);
#3538=ORIENTED_EDGE('',*,*,#4934,.T.);
#3539=ORIENTED_EDGE('',*,*,#4935,.T.);
#3540=ORIENTED_EDGE('',*,*,#4936,.F.);
#3541=ORIENTED_EDGE('',*,*,#4937,.F.);
#3542=ORIENTED_EDGE('',*,*,#4936,.T.);
#3543=ORIENTED_EDGE('',*,*,#4938,.F.);
#3544=ORIENTED_EDGE('',*,*,#4939,.T.);
#3545=ORIENTED_EDGE('',*,*,#4940,.F.);
#3546=ORIENTED_EDGE('',*,*,#4939,.F.);
#3547=ORIENTED_EDGE('',*,*,#4940,.T.);
#3548=ORIENTED_EDGE('',*,*,#4938,.T.);
#3549=ORIENTED_EDGE('',*,*,#4941,.F.);
#3550=ORIENTED_EDGE('',*,*,#4942,.F.);
#3551=ORIENTED_EDGE('',*,*,#4943,.F.);
#3552=ORIENTED_EDGE('',*,*,#4937,.T.);
#3553=ORIENTED_EDGE('',*,*,#4944,.F.);
#3554=ORIENTED_EDGE('',*,*,#4943,.T.);
#3555=ORIENTED_EDGE('',*,*,#4942,.T.);
#3556=ORIENTED_EDGE('',*,*,#4944,.T.);
#3557=ORIENTED_EDGE('',*,*,#4945,.F.);
#3558=ORIENTED_EDGE('',*,*,#4946,.F.);
#3559=ORIENTED_EDGE('',*,*,#4946,.T.);
#3560=ORIENTED_EDGE('',*,*,#4947,.T.);
#3561=ORIENTED_EDGE('',*,*,#4948,.F.);
#3562=ORIENTED_EDGE('',*,*,#4948,.T.);
#3563=ORIENTED_EDGE('',*,*,#4949,.T.);
#3564=ORIENTED_EDGE('',*,*,#4950,.F.);
#3565=ORIENTED_EDGE('',*,*,#4951,.F.);
#3566=ORIENTED_EDGE('',*,*,#4950,.T.);
#3567=ORIENTED_EDGE('',*,*,#4952,.F.);
#3568=ORIENTED_EDGE('',*,*,#4953,.T.);
#3569=ORIENTED_EDGE('',*,*,#4954,.F.);
#3570=ORIENTED_EDGE('',*,*,#4953,.F.);
#3571=ORIENTED_EDGE('',*,*,#4954,.T.);
#3572=ORIENTED_EDGE('',*,*,#4952,.T.);
#3573=ORIENTED_EDGE('',*,*,#4955,.F.);
#3574=ORIENTED_EDGE('',*,*,#4956,.F.);
#3575=ORIENTED_EDGE('',*,*,#4957,.F.);
#3576=ORIENTED_EDGE('',*,*,#4951,.T.);
#3577=ORIENTED_EDGE('',*,*,#4958,.F.);
#3578=ORIENTED_EDGE('',*,*,#4957,.T.);
#3579=ORIENTED_EDGE('',*,*,#4956,.T.);
#3580=ORIENTED_EDGE('',*,*,#4958,.T.);
#3581=ORIENTED_EDGE('',*,*,#4959,.F.);
#3582=ORIENTED_EDGE('',*,*,#4960,.F.);
#3583=ORIENTED_EDGE('',*,*,#4960,.T.);
#3584=ORIENTED_EDGE('',*,*,#4961,.T.);
#3585=ORIENTED_EDGE('',*,*,#4962,.F.);
#3586=ORIENTED_EDGE('',*,*,#4962,.T.);
#3587=ORIENTED_EDGE('',*,*,#4963,.T.);
#3588=ORIENTED_EDGE('',*,*,#4964,.F.);
#3589=ORIENTED_EDGE('',*,*,#4965,.F.);
#3590=ORIENTED_EDGE('',*,*,#4964,.T.);
#3591=ORIENTED_EDGE('',*,*,#4966,.F.);
#3592=ORIENTED_EDGE('',*,*,#4967,.T.);
#3593=ORIENTED_EDGE('',*,*,#4968,.F.);
#3594=ORIENTED_EDGE('',*,*,#4967,.F.);
#3595=ORIENTED_EDGE('',*,*,#4968,.T.);
#3596=ORIENTED_EDGE('',*,*,#4966,.T.);
#3597=ORIENTED_EDGE('',*,*,#4969,.F.);
#3598=ORIENTED_EDGE('',*,*,#4970,.F.);
#3599=ORIENTED_EDGE('',*,*,#4971,.F.);
#3600=ORIENTED_EDGE('',*,*,#4965,.T.);
#3601=ORIENTED_EDGE('',*,*,#4972,.F.);
#3602=ORIENTED_EDGE('',*,*,#4971,.T.);
#3603=ORIENTED_EDGE('',*,*,#4970,.T.);
#3604=ORIENTED_EDGE('',*,*,#4972,.T.);
#3605=ORIENTED_EDGE('',*,*,#4973,.F.);
#3606=ORIENTED_EDGE('',*,*,#4974,.F.);
#3607=ORIENTED_EDGE('',*,*,#4974,.T.);
#3608=ORIENTED_EDGE('',*,*,#4975,.T.);
#3609=ORIENTED_EDGE('',*,*,#4976,.F.);
#3610=ORIENTED_EDGE('',*,*,#4976,.T.);
#3611=ORIENTED_EDGE('',*,*,#4977,.T.);
#3612=ORIENTED_EDGE('',*,*,#4978,.F.);
#3613=ORIENTED_EDGE('',*,*,#4979,.F.);
#3614=ORIENTED_EDGE('',*,*,#4978,.T.);
#3615=ORIENTED_EDGE('',*,*,#4980,.F.);
#3616=ORIENTED_EDGE('',*,*,#4981,.T.);
#3617=ORIENTED_EDGE('',*,*,#4982,.F.);
#3618=ORIENTED_EDGE('',*,*,#4981,.F.);
#3619=ORIENTED_EDGE('',*,*,#4982,.T.);
#3620=ORIENTED_EDGE('',*,*,#4980,.T.);
#3621=ORIENTED_EDGE('',*,*,#4983,.F.);
#3622=ORIENTED_EDGE('',*,*,#4984,.F.);
#3623=ORIENTED_EDGE('',*,*,#4985,.F.);
#3624=ORIENTED_EDGE('',*,*,#4979,.T.);
#3625=ORIENTED_EDGE('',*,*,#4986,.F.);
#3626=ORIENTED_EDGE('',*,*,#4985,.T.);
#3627=ORIENTED_EDGE('',*,*,#4984,.T.);
#3628=ORIENTED_EDGE('',*,*,#4986,.T.);
#3629=ORIENTED_EDGE('',*,*,#4987,.F.);
#3630=ORIENTED_EDGE('',*,*,#4988,.F.);
#3631=ORIENTED_EDGE('',*,*,#4988,.T.);
#3632=ORIENTED_EDGE('',*,*,#4989,.T.);
#3633=ORIENTED_EDGE('',*,*,#4990,.F.);
#3634=ORIENTED_EDGE('',*,*,#4990,.T.);
#3635=ORIENTED_EDGE('',*,*,#4991,.T.);
#3636=ORIENTED_EDGE('',*,*,#4992,.F.);
#3637=ORIENTED_EDGE('',*,*,#4993,.F.);
#3638=ORIENTED_EDGE('',*,*,#4992,.T.);
#3639=ORIENTED_EDGE('',*,*,#4994,.F.);
#3640=ORIENTED_EDGE('',*,*,#4995,.T.);
#3641=ORIENTED_EDGE('',*,*,#4996,.F.);
#3642=ORIENTED_EDGE('',*,*,#4995,.F.);
#3643=ORIENTED_EDGE('',*,*,#4996,.T.);
#3644=ORIENTED_EDGE('',*,*,#4994,.T.);
#3645=ORIENTED_EDGE('',*,*,#4997,.F.);
#3646=ORIENTED_EDGE('',*,*,#4998,.F.);
#3647=ORIENTED_EDGE('',*,*,#4999,.F.);
#3648=ORIENTED_EDGE('',*,*,#4993,.T.);
#3649=ORIENTED_EDGE('',*,*,#5000,.F.);
#3650=ORIENTED_EDGE('',*,*,#4999,.T.);
#3651=ORIENTED_EDGE('',*,*,#4998,.T.);
#3652=ORIENTED_EDGE('',*,*,#5000,.T.);
#3653=ORIENTED_EDGE('',*,*,#5001,.F.);
#3654=ORIENTED_EDGE('',*,*,#5002,.F.);
#3655=ORIENTED_EDGE('',*,*,#5002,.T.);
#3656=ORIENTED_EDGE('',*,*,#5003,.T.);
#3657=ORIENTED_EDGE('',*,*,#5004,.F.);
#3658=ORIENTED_EDGE('',*,*,#5004,.T.);
#3659=ORIENTED_EDGE('',*,*,#5005,.T.);
#3660=ORIENTED_EDGE('',*,*,#5006,.F.);
#3661=ORIENTED_EDGE('',*,*,#5007,.F.);
#3662=ORIENTED_EDGE('',*,*,#5006,.T.);
#3663=ORIENTED_EDGE('',*,*,#5008,.F.);
#3664=ORIENTED_EDGE('',*,*,#5009,.T.);
#3665=ORIENTED_EDGE('',*,*,#5010,.F.);
#3666=ORIENTED_EDGE('',*,*,#5009,.F.);
#3667=ORIENTED_EDGE('',*,*,#5010,.T.);
#3668=ORIENTED_EDGE('',*,*,#5008,.T.);
#3669=ORIENTED_EDGE('',*,*,#5011,.F.);
#3670=ORIENTED_EDGE('',*,*,#5012,.F.);
#3671=ORIENTED_EDGE('',*,*,#5013,.F.);
#3672=ORIENTED_EDGE('',*,*,#5007,.T.);
#3673=ORIENTED_EDGE('',*,*,#5014,.F.);
#3674=ORIENTED_EDGE('',*,*,#5013,.T.);
#3675=ORIENTED_EDGE('',*,*,#5012,.T.);
#3676=ORIENTED_EDGE('',*,*,#5014,.T.);
#3677=ORIENTED_EDGE('',*,*,#5015,.F.);
#3678=ORIENTED_EDGE('',*,*,#5016,.F.);
#3679=ORIENTED_EDGE('',*,*,#5016,.T.);
#3680=ORIENTED_EDGE('',*,*,#5017,.T.);
#3681=ORIENTED_EDGE('',*,*,#5018,.F.);
#3682=ORIENTED_EDGE('',*,*,#5018,.T.);
#3683=ORIENTED_EDGE('',*,*,#5019,.T.);
#3684=ORIENTED_EDGE('',*,*,#5020,.F.);
#3685=ORIENTED_EDGE('',*,*,#5021,.F.);
#3686=ORIENTED_EDGE('',*,*,#5020,.T.);
#3687=ORIENTED_EDGE('',*,*,#5022,.F.);
#3688=ORIENTED_EDGE('',*,*,#5023,.T.);
#3689=ORIENTED_EDGE('',*,*,#5024,.F.);
#3690=ORIENTED_EDGE('',*,*,#5023,.F.);
#3691=ORIENTED_EDGE('',*,*,#5024,.T.);
#3692=ORIENTED_EDGE('',*,*,#5022,.T.);
#3693=ORIENTED_EDGE('',*,*,#5025,.F.);
#3694=ORIENTED_EDGE('',*,*,#5026,.F.);
#3695=ORIENTED_EDGE('',*,*,#5027,.F.);
#3696=ORIENTED_EDGE('',*,*,#5021,.T.);
#3697=ORIENTED_EDGE('',*,*,#5028,.F.);
#3698=ORIENTED_EDGE('',*,*,#5027,.T.);
#3699=ORIENTED_EDGE('',*,*,#5026,.T.);
#3700=ORIENTED_EDGE('',*,*,#5028,.T.);
#3701=ORIENTED_EDGE('',*,*,#5029,.F.);
#3702=ORIENTED_EDGE('',*,*,#5030,.F.);
#3703=ORIENTED_EDGE('',*,*,#5030,.T.);
#3704=ORIENTED_EDGE('',*,*,#5031,.T.);
#3705=ORIENTED_EDGE('',*,*,#5032,.F.);
#3706=ORIENTED_EDGE('',*,*,#5032,.T.);
#3707=ORIENTED_EDGE('',*,*,#5033,.T.);
#3708=ORIENTED_EDGE('',*,*,#5034,.F.);
#3709=ORIENTED_EDGE('',*,*,#5035,.F.);
#3710=ORIENTED_EDGE('',*,*,#5034,.T.);
#3711=ORIENTED_EDGE('',*,*,#5036,.F.);
#3712=ORIENTED_EDGE('',*,*,#5037,.T.);
#3713=ORIENTED_EDGE('',*,*,#5038,.F.);
#3714=ORIENTED_EDGE('',*,*,#5037,.F.);
#3715=ORIENTED_EDGE('',*,*,#5038,.T.);
#3716=ORIENTED_EDGE('',*,*,#5036,.T.);
#3717=ORIENTED_EDGE('',*,*,#5039,.F.);
#3718=ORIENTED_EDGE('',*,*,#5040,.F.);
#3719=ORIENTED_EDGE('',*,*,#5041,.F.);
#3720=ORIENTED_EDGE('',*,*,#5035,.T.);
#3721=ORIENTED_EDGE('',*,*,#5042,.F.);
#3722=ORIENTED_EDGE('',*,*,#5041,.T.);
#3723=ORIENTED_EDGE('',*,*,#5040,.T.);
#3724=ORIENTED_EDGE('',*,*,#5042,.T.);
#3725=ORIENTED_EDGE('',*,*,#5043,.F.);
#3726=ORIENTED_EDGE('',*,*,#5044,.F.);
#3727=ORIENTED_EDGE('',*,*,#5044,.T.);
#3728=ORIENTED_EDGE('',*,*,#5045,.T.);
#3729=ORIENTED_EDGE('',*,*,#5046,.F.);
#3730=ORIENTED_EDGE('',*,*,#5046,.T.);
#3731=ORIENTED_EDGE('',*,*,#5047,.T.);
#3732=ORIENTED_EDGE('',*,*,#5048,.F.);
#3733=ORIENTED_EDGE('',*,*,#5049,.F.);
#3734=ORIENTED_EDGE('',*,*,#5048,.T.);
#3735=ORIENTED_EDGE('',*,*,#5050,.F.);
#3736=ORIENTED_EDGE('',*,*,#5051,.T.);
#3737=ORIENTED_EDGE('',*,*,#5052,.F.);
#3738=ORIENTED_EDGE('',*,*,#5051,.F.);
#3739=ORIENTED_EDGE('',*,*,#5052,.T.);
#3740=ORIENTED_EDGE('',*,*,#5050,.T.);
#3741=ORIENTED_EDGE('',*,*,#5053,.F.);
#3742=ORIENTED_EDGE('',*,*,#5054,.F.);
#3743=ORIENTED_EDGE('',*,*,#5055,.F.);
#3744=ORIENTED_EDGE('',*,*,#5049,.T.);
#3745=ORIENTED_EDGE('',*,*,#5056,.F.);
#3746=ORIENTED_EDGE('',*,*,#5055,.T.);
#3747=ORIENTED_EDGE('',*,*,#5054,.T.);
#3748=ORIENTED_EDGE('',*,*,#5056,.T.);
#3749=ORIENTED_EDGE('',*,*,#5057,.F.);
#3750=ORIENTED_EDGE('',*,*,#5058,.F.);
#3751=ORIENTED_EDGE('',*,*,#5058,.T.);
#3752=ORIENTED_EDGE('',*,*,#5059,.T.);
#3753=ORIENTED_EDGE('',*,*,#5060,.F.);
#3754=ORIENTED_EDGE('',*,*,#5060,.T.);
#3755=ORIENTED_EDGE('',*,*,#5061,.T.);
#3756=ORIENTED_EDGE('',*,*,#5062,.F.);
#3757=ORIENTED_EDGE('',*,*,#5063,.F.);
#3758=ORIENTED_EDGE('',*,*,#5062,.T.);
#3759=ORIENTED_EDGE('',*,*,#5064,.F.);
#3760=ORIENTED_EDGE('',*,*,#5065,.T.);
#3761=ORIENTED_EDGE('',*,*,#5066,.F.);
#3762=ORIENTED_EDGE('',*,*,#5065,.F.);
#3763=ORIENTED_EDGE('',*,*,#5066,.T.);
#3764=ORIENTED_EDGE('',*,*,#5064,.T.);
#3765=ORIENTED_EDGE('',*,*,#5067,.F.);
#3766=ORIENTED_EDGE('',*,*,#5068,.F.);
#3767=ORIENTED_EDGE('',*,*,#5069,.F.);
#3768=ORIENTED_EDGE('',*,*,#5063,.T.);
#3769=ORIENTED_EDGE('',*,*,#5070,.F.);
#3770=ORIENTED_EDGE('',*,*,#5069,.T.);
#3771=ORIENTED_EDGE('',*,*,#5068,.T.);
#3772=ORIENTED_EDGE('',*,*,#5070,.T.);
#3773=ORIENTED_EDGE('',*,*,#5071,.F.);
#3774=ORIENTED_EDGE('',*,*,#5072,.F.);
#3775=ORIENTED_EDGE('',*,*,#5072,.T.);
#3776=ORIENTED_EDGE('',*,*,#5073,.T.);
#3777=ORIENTED_EDGE('',*,*,#5074,.F.);
#3778=ORIENTED_EDGE('',*,*,#5074,.T.);
#3779=ORIENTED_EDGE('',*,*,#5075,.T.);
#3780=ORIENTED_EDGE('',*,*,#5076,.F.);
#3781=ORIENTED_EDGE('',*,*,#5076,.T.);
#3782=ORIENTED_EDGE('',*,*,#5077,.F.);
#3783=ORIENTED_EDGE('',*,*,#5078,.T.);
#3784=ORIENTED_EDGE('',*,*,#5079,.F.);
#3785=ORIENTED_EDGE('',*,*,#5079,.T.);
#3786=ORIENTED_EDGE('',*,*,#5080,.F.);
#3787=ORIENTED_EDGE('',*,*,#5081,.T.);
#3788=ORIENTED_EDGE('',*,*,#5082,.F.);
#3789=ORIENTED_EDGE('',*,*,#5081,.F.);
#3790=ORIENTED_EDGE('',*,*,#5082,.T.);
#3791=ORIENTED_EDGE('',*,*,#5080,.T.);
#3792=ORIENTED_EDGE('',*,*,#5083,.F.);
#3793=ORIENTED_EDGE('',*,*,#5084,.F.);
#3794=ORIENTED_EDGE('',*,*,#5084,.T.);
#3795=ORIENTED_EDGE('',*,*,#5085,.F.);
#3796=ORIENTED_EDGE('',*,*,#5086,.T.);
#3797=ORIENTED_EDGE('',*,*,#5087,.F.);
#3798=ORIENTED_EDGE('',*,*,#5086,.F.);
#3799=ORIENTED_EDGE('',*,*,#5087,.T.);
#3800=ORIENTED_EDGE('',*,*,#5085,.T.);
#3801=ORIENTED_EDGE('',*,*,#5088,.F.);
#3802=ORIENTED_EDGE('',*,*,#5089,.F.);
#3803=ORIENTED_EDGE('',*,*,#5089,.T.);
#3804=ORIENTED_EDGE('',*,*,#5090,.F.);
#3805=ORIENTED_EDGE('',*,*,#5091,.T.);
#3806=ORIENTED_EDGE('',*,*,#5092,.F.);
#3807=ORIENTED_EDGE('',*,*,#5091,.F.);
#3808=ORIENTED_EDGE('',*,*,#5092,.T.);
#3809=ORIENTED_EDGE('',*,*,#5090,.T.);
#3810=ORIENTED_EDGE('',*,*,#5093,.F.);
#3811=ORIENTED_EDGE('',*,*,#5094,.F.);
#3812=ORIENTED_EDGE('',*,*,#5095,.F.);
#3813=ORIENTED_EDGE('',*,*,#5096,.F.);
#3814=ORIENTED_EDGE('',*,*,#5097,.F.);
#3815=ORIENTED_EDGE('',*,*,#5098,.F.);
#3816=ORIENTED_EDGE('',*,*,#5099,.T.);
#3817=ORIENTED_EDGE('',*,*,#5100,.F.);
#3818=ORIENTED_EDGE('',*,*,#5101,.F.);
#3819=ORIENTED_EDGE('',*,*,#5102,.F.);
#3820=ORIENTED_EDGE('',*,*,#5102,.T.);
#3821=ORIENTED_EDGE('',*,*,#5103,.T.);
#3822=ORIENTED_EDGE('',*,*,#5104,.F.);
#3823=ORIENTED_EDGE('',*,*,#5104,.T.);
#3824=ORIENTED_EDGE('',*,*,#5105,.T.);
#3825=ORIENTED_EDGE('',*,*,#5106,.F.);
#3826=ORIENTED_EDGE('',*,*,#5106,.T.);
#3827=ORIENTED_EDGE('',*,*,#5107,.T.);
#3828=ORIENTED_EDGE('',*,*,#5108,.F.);
#3829=ORIENTED_EDGE('',*,*,#5108,.T.);
#3830=ORIENTED_EDGE('',*,*,#5109,.T.);
#3831=ORIENTED_EDGE('',*,*,#5110,.F.);
#3832=ORIENTED_EDGE('',*,*,#5111,.T.);
#3833=ORIENTED_EDGE('',*,*,#5112,.T.);
#3834=ORIENTED_EDGE('',*,*,#5113,.T.);
#3835=ORIENTED_EDGE('',*,*,#5114,.F.);
#3836=ORIENTED_EDGE('',*,*,#5115,.F.);
#3837=ORIENTED_EDGE('',*,*,#5116,.F.);
#3838=ORIENTED_EDGE('',*,*,#5117,.F.);
#3839=ORIENTED_EDGE('',*,*,#5116,.T.);
#3840=ORIENTED_EDGE('',*,*,#5111,.F.);
#3841=ORIENTED_EDGE('',*,*,#5118,.T.);
#3842=ORIENTED_EDGE('',*,*,#5119,.F.);
#3843=ORIENTED_EDGE('',*,*,#5118,.F.);
#3844=ORIENTED_EDGE('',*,*,#5120,.F.);
#3845=ORIENTED_EDGE('',*,*,#5121,.T.);
#3846=ORIENTED_EDGE('',*,*,#5122,.F.);
#3847=ORIENTED_EDGE('',*,*,#5121,.F.);
#3848=ORIENTED_EDGE('',*,*,#5123,.F.);
#3849=ORIENTED_EDGE('',*,*,#5124,.T.);
#3850=ORIENTED_EDGE('',*,*,#5125,.F.);
#3851=ORIENTED_EDGE('',*,*,#5126,.F.);
#3852=ORIENTED_EDGE('',*,*,#5127,.T.);
#3853=ORIENTED_EDGE('',*,*,#5128,.T.);
#3854=ORIENTED_EDGE('',*,*,#5129,.T.);
#3855=ORIENTED_EDGE('',*,*,#5128,.F.);
#3856=ORIENTED_EDGE('',*,*,#5130,.T.);
#3857=ORIENTED_EDGE('',*,*,#5131,.T.);
#3858=ORIENTED_EDGE('',*,*,#5132,.T.);
#3859=ORIENTED_EDGE('',*,*,#5131,.F.);
#3860=ORIENTED_EDGE('',*,*,#5133,.T.);
#3861=ORIENTED_EDGE('',*,*,#5134,.T.);
#3862=ORIENTED_EDGE('',*,*,#5135,.T.);
#3863=ORIENTED_EDGE('',*,*,#5134,.F.);
#3864=ORIENTED_EDGE('',*,*,#5123,.T.);
#3865=ORIENTED_EDGE('',*,*,#5136,.F.);
#3866=ORIENTED_EDGE('',*,*,#5137,.T.);
#3867=ORIENTED_EDGE('',*,*,#5136,.T.);
#3868=ORIENTED_EDGE('',*,*,#5120,.T.);
#3869=ORIENTED_EDGE('',*,*,#5110,.T.);
#3870=ORIENTED_EDGE('',*,*,#5138,.T.);
#3871=ORIENTED_EDGE('',*,*,#4667,.F.);
#3872=ORIENTED_EDGE('',*,*,#4669,.F.);
#3873=ORIENTED_EDGE('',*,*,#4681,.F.);
#3874=ORIENTED_EDGE('',*,*,#4683,.F.);
#3875=ORIENTED_EDGE('',*,*,#4695,.F.);
#3876=ORIENTED_EDGE('',*,*,#4697,.F.);
#3877=ORIENTED_EDGE('',*,*,#4709,.F.);
#3878=ORIENTED_EDGE('',*,*,#4711,.F.);
#3879=ORIENTED_EDGE('',*,*,#4723,.F.);
#3880=ORIENTED_EDGE('',*,*,#4725,.F.);
#3881=ORIENTED_EDGE('',*,*,#4737,.F.);
#3882=ORIENTED_EDGE('',*,*,#4739,.F.);
#3883=ORIENTED_EDGE('',*,*,#4751,.F.);
#3884=ORIENTED_EDGE('',*,*,#4753,.F.);
#3885=ORIENTED_EDGE('',*,*,#4765,.F.);
#3886=ORIENTED_EDGE('',*,*,#4767,.F.);
#3887=ORIENTED_EDGE('',*,*,#4779,.F.);
#3888=ORIENTED_EDGE('',*,*,#4781,.F.);
#3889=ORIENTED_EDGE('',*,*,#4793,.F.);
#3890=ORIENTED_EDGE('',*,*,#4795,.F.);
#3891=ORIENTED_EDGE('',*,*,#4807,.F.);
#3892=ORIENTED_EDGE('',*,*,#4809,.F.);
#3893=ORIENTED_EDGE('',*,*,#4821,.F.);
#3894=ORIENTED_EDGE('',*,*,#4823,.F.);
#3895=ORIENTED_EDGE('',*,*,#4835,.F.);
#3896=ORIENTED_EDGE('',*,*,#4837,.F.);
#3897=ORIENTED_EDGE('',*,*,#4849,.F.);
#3898=ORIENTED_EDGE('',*,*,#4851,.F.);
#3899=ORIENTED_EDGE('',*,*,#4863,.F.);
#3900=ORIENTED_EDGE('',*,*,#4865,.F.);
#3901=ORIENTED_EDGE('',*,*,#4877,.F.);
#3902=ORIENTED_EDGE('',*,*,#4879,.F.);
#3903=ORIENTED_EDGE('',*,*,#4891,.F.);
#3904=ORIENTED_EDGE('',*,*,#4893,.F.);
#3905=ORIENTED_EDGE('',*,*,#4905,.F.);
#3906=ORIENTED_EDGE('',*,*,#4907,.F.);
#3907=ORIENTED_EDGE('',*,*,#4919,.F.);
#3908=ORIENTED_EDGE('',*,*,#4921,.F.);
#3909=ORIENTED_EDGE('',*,*,#4933,.F.);
#3910=ORIENTED_EDGE('',*,*,#4935,.F.);
#3911=ORIENTED_EDGE('',*,*,#4947,.F.);
#3912=ORIENTED_EDGE('',*,*,#4949,.F.);
#3913=ORIENTED_EDGE('',*,*,#4961,.F.);
#3914=ORIENTED_EDGE('',*,*,#4963,.F.);
#3915=ORIENTED_EDGE('',*,*,#4975,.F.);
#3916=ORIENTED_EDGE('',*,*,#4977,.F.);
#3917=ORIENTED_EDGE('',*,*,#4989,.F.);
#3918=ORIENTED_EDGE('',*,*,#4991,.F.);
#3919=ORIENTED_EDGE('',*,*,#5003,.F.);
#3920=ORIENTED_EDGE('',*,*,#5005,.F.);
#3921=ORIENTED_EDGE('',*,*,#5017,.F.);
#3922=ORIENTED_EDGE('',*,*,#5019,.F.);
#3923=ORIENTED_EDGE('',*,*,#5031,.F.);
#3924=ORIENTED_EDGE('',*,*,#5033,.F.);
#3925=ORIENTED_EDGE('',*,*,#5045,.F.);
#3926=ORIENTED_EDGE('',*,*,#5047,.F.);
#3927=ORIENTED_EDGE('',*,*,#5059,.F.);
#3928=ORIENTED_EDGE('',*,*,#5061,.F.);
#3929=ORIENTED_EDGE('',*,*,#5073,.F.);
#3930=ORIENTED_EDGE('',*,*,#5075,.F.);
#3931=ORIENTED_EDGE('',*,*,#5103,.F.);
#3932=ORIENTED_EDGE('',*,*,#5105,.F.);
#3933=ORIENTED_EDGE('',*,*,#5107,.F.);
#3934=ORIENTED_EDGE('',*,*,#5109,.F.);
#3935=ORIENTED_EDGE('',*,*,#5113,.F.);
#3936=ORIENTED_EDGE('',*,*,#5139,.F.);
#3937=ORIENTED_EDGE('',*,*,#5140,.F.);
#3938=ORIENTED_EDGE('',*,*,#5129,.F.);
#3939=ORIENTED_EDGE('',*,*,#5132,.F.);
#3940=ORIENTED_EDGE('',*,*,#5135,.F.);
#3941=ORIENTED_EDGE('',*,*,#5137,.F.);
#3942=ORIENTED_EDGE('',*,*,#5138,.F.);
#3943=ORIENTED_EDGE('',*,*,#5141,.T.);
#3944=ORIENTED_EDGE('',*,*,#5139,.T.);
#3945=ORIENTED_EDGE('',*,*,#5112,.F.);
#3946=ORIENTED_EDGE('',*,*,#5115,.T.);
#3947=ORIENTED_EDGE('',*,*,#5141,.F.);
#3948=ORIENTED_EDGE('',*,*,#5142,.T.);
#3949=ORIENTED_EDGE('',*,*,#5126,.T.);
#3950=ORIENTED_EDGE('',*,*,#5140,.T.);
#3951=ORIENTED_EDGE('',*,*,#5143,.F.);
#3952=ORIENTED_EDGE('',*,*,#5142,.F.);
#3953=ORIENTED_EDGE('',*,*,#5114,.T.);
#3954=ORIENTED_EDGE('',*,*,#5144,.F.);
#3955=ORIENTED_EDGE('',*,*,#5145,.T.);
#3956=ORIENTED_EDGE('',*,*,#5144,.T.);
#3957=ORIENTED_EDGE('',*,*,#5146,.T.);
#3958=ORIENTED_EDGE('',*,*,#5147,.F.);
#3959=ORIENTED_EDGE('',*,*,#5146,.F.);
#3960=ORIENTED_EDGE('',*,*,#5117,.T.);
#3961=ORIENTED_EDGE('',*,*,#5148,.F.);
#3962=ORIENTED_EDGE('',*,*,#5149,.F.);
#3963=ORIENTED_EDGE('',*,*,#5150,.T.);
#3964=ORIENTED_EDGE('',*,*,#5151,.F.);
#3965=ORIENTED_EDGE('',*,*,#5148,.T.);
#3966=ORIENTED_EDGE('',*,*,#5119,.T.);
#3967=ORIENTED_EDGE('',*,*,#5150,.F.);
#3968=ORIENTED_EDGE('',*,*,#5122,.T.);
#3969=ORIENTED_EDGE('',*,*,#5152,.T.);
#3970=ORIENTED_EDGE('',*,*,#5153,.F.);
#3971=ORIENTED_EDGE('',*,*,#5154,.T.);
#3972=ORIENTED_EDGE('',*,*,#5155,.F.);
#3973=ORIENTED_EDGE('',*,*,#5152,.F.);
#3974=ORIENTED_EDGE('',*,*,#5125,.T.);
#3975=ORIENTED_EDGE('',*,*,#5156,.T.);
#3976=ORIENTED_EDGE('',*,*,#5157,.F.);
#3977=ORIENTED_EDGE('',*,*,#5154,.F.);
#3978=ORIENTED_EDGE('',*,*,#5158,.T.);
#3979=ORIENTED_EDGE('',*,*,#5124,.F.);
#3980=ORIENTED_EDGE('',*,*,#5133,.F.);
#3981=ORIENTED_EDGE('',*,*,#5159,.T.);
#3982=ORIENTED_EDGE('',*,*,#5158,.F.);
#3983=ORIENTED_EDGE('',*,*,#5159,.F.);
#3984=ORIENTED_EDGE('',*,*,#5130,.F.);
#3985=ORIENTED_EDGE('',*,*,#5160,.T.);
#3986=ORIENTED_EDGE('',*,*,#5161,.F.);
#3987=ORIENTED_EDGE('',*,*,#5160,.F.);
#3988=ORIENTED_EDGE('',*,*,#5127,.F.);
#3989=ORIENTED_EDGE('',*,*,#5143,.T.);
#3990=ORIENTED_EDGE('',*,*,#5162,.F.);
#3991=ORIENTED_EDGE('',*,*,#5163,.F.);
#3992=ORIENTED_EDGE('',*,*,#5162,.T.);
#3993=ORIENTED_EDGE('',*,*,#5145,.F.);
#3994=ORIENTED_EDGE('',*,*,#5164,.F.);
#3995=ORIENTED_EDGE('',*,*,#5163,.T.);
#3996=ORIENTED_EDGE('',*,*,#5165,.F.);
#3997=ORIENTED_EDGE('',*,*,#5156,.F.);
#3998=ORIENTED_EDGE('',*,*,#5161,.T.);
#3999=ORIENTED_EDGE('',*,*,#5165,.T.);
#4000=ORIENTED_EDGE('',*,*,#5164,.T.);
#4001=ORIENTED_EDGE('',*,*,#5147,.T.);
#4002=ORIENTED_EDGE('',*,*,#5149,.T.);
#4003=ORIENTED_EDGE('',*,*,#5151,.T.);
#4004=ORIENTED_EDGE('',*,*,#5153,.T.);
#4005=ORIENTED_EDGE('',*,*,#5155,.T.);
#4006=ORIENTED_EDGE('',*,*,#5157,.T.);
#4007=ORIENTED_EDGE('',*,*,#5166,.T.);
#4008=ORIENTED_EDGE('',*,*,#5167,.T.);
#4009=ORIENTED_EDGE('',*,*,#5168,.T.);
#4010=ORIENTED_EDGE('',*,*,#5169,.F.);
#4011=ORIENTED_EDGE('',*,*,#5170,.F.);
#4012=ORIENTED_EDGE('',*,*,#5171,.F.);
#4013=ORIENTED_EDGE('',*,*,#5172,.F.);
#4014=ORIENTED_EDGE('',*,*,#5173,.F.);
#4015=ORIENTED_EDGE('',*,*,#5172,.T.);
#4016=ORIENTED_EDGE('',*,*,#5174,.F.);
#4017=ORIENTED_EDGE('',*,*,#5175,.F.);
#4018=ORIENTED_EDGE('',*,*,#5176,.F.);
#4019=ORIENTED_EDGE('',*,*,#5177,.T.);
#4020=ORIENTED_EDGE('',*,*,#5178,.T.);
#4021=ORIENTED_EDGE('',*,*,#5179,.F.);
#4022=ORIENTED_EDGE('',*,*,#5174,.T.);
#4023=ORIENTED_EDGE('',*,*,#5171,.T.);
#4024=ORIENTED_EDGE('',*,*,#5180,.T.);
#4025=ORIENTED_EDGE('',*,*,#5167,.F.);
#4026=ORIENTED_EDGE('',*,*,#5181,.T.);
#4027=ORIENTED_EDGE('',*,*,#5182,.F.);
#4028=ORIENTED_EDGE('',*,*,#5178,.F.);
#4029=ORIENTED_EDGE('',*,*,#5183,.F.);
#4030=ORIENTED_EDGE('',*,*,#5184,.F.);
#4031=ORIENTED_EDGE('',*,*,#5183,.T.);
#4032=ORIENTED_EDGE('',*,*,#5177,.F.);
#4033=ORIENTED_EDGE('',*,*,#5185,.F.);
#4034=ORIENTED_EDGE('',*,*,#5186,.F.);
#4035=ORIENTED_EDGE('',*,*,#5187,.T.);
#4036=ORIENTED_EDGE('',*,*,#5188,.T.);
#4037=ORIENTED_EDGE('',*,*,#5185,.T.);
#4038=ORIENTED_EDGE('',*,*,#5181,.F.);
#4039=ORIENTED_EDGE('',*,*,#5166,.F.);
#4040=ORIENTED_EDGE('',*,*,#5189,.F.);
#4041=ORIENTED_EDGE('',*,*,#5097,.T.);
#4042=ORIENTED_EDGE('',*,*,#5188,.F.);
#4043=ORIENTED_EDGE('',*,*,#5190,.T.);
#4044=ORIENTED_EDGE('',*,*,#5191,.T.);
#4045=ORIENTED_EDGE('',*,*,#5098,.T.);
#4046=ORIENTED_EDGE('',*,*,#5192,.F.);
#4047=ORIENTED_EDGE('',*,*,#5193,.F.);
#4048=ORIENTED_EDGE('',*,*,#5184,.T.);
#4049=ORIENTED_EDGE('',*,*,#5186,.T.);
#4050=ORIENTED_EDGE('',*,*,#5194,.F.);
#4051=ORIENTED_EDGE('',*,*,#5192,.T.);
#4052=ORIENTED_EDGE('',*,*,#5101,.T.);
#4053=ORIENTED_EDGE('',*,*,#5195,.F.);
#4054=ORIENTED_EDGE('',*,*,#5094,.T.);
#4055=ORIENTED_EDGE('',*,*,#5096,.T.);
#4056=ORIENTED_EDGE('',*,*,#5196,.T.);
#4057=ORIENTED_EDGE('',*,*,#5197,.T.);
#4058=ORIENTED_EDGE('',*,*,#5198,.T.);
#4059=ORIENTED_EDGE('',*,*,#5199,.T.);
#4060=ORIENTED_EDGE('',*,*,#5200,.F.);
#4061=ORIENTED_EDGE('',*,*,#5195,.T.);
#4062=ORIENTED_EDGE('',*,*,#5100,.T.);
#4063=ORIENTED_EDGE('',*,*,#5201,.T.);
#4064=ORIENTED_EDGE('',*,*,#5202,.F.);
#4065=ORIENTED_EDGE('',*,*,#5199,.F.);
#4066=ORIENTED_EDGE('',*,*,#5203,.T.);
#4067=ORIENTED_EDGE('',*,*,#5204,.T.);
#4068=ORIENTED_EDGE('',*,*,#5205,.F.);
#4069=ORIENTED_EDGE('',*,*,#5203,.F.);
#4070=ORIENTED_EDGE('',*,*,#5198,.F.);
#4071=ORIENTED_EDGE('',*,*,#5206,.F.);
#4072=ORIENTED_EDGE('',*,*,#5207,.F.);
#4073=ORIENTED_EDGE('',*,*,#5208,.F.);
#4074=ORIENTED_EDGE('',*,*,#5209,.F.);
#4075=ORIENTED_EDGE('',*,*,#5206,.T.);
#4076=ORIENTED_EDGE('',*,*,#5197,.F.);
#4077=ORIENTED_EDGE('',*,*,#5210,.F.);
#4078=ORIENTED_EDGE('',*,*,#5211,.T.);
#4079=ORIENTED_EDGE('',*,*,#5210,.T.);
#4080=ORIENTED_EDGE('',*,*,#5196,.F.);
#4081=ORIENTED_EDGE('',*,*,#5212,.T.);
#4082=ORIENTED_EDGE('',*,*,#5213,.F.);
#4083=ORIENTED_EDGE('',*,*,#5212,.F.);
#4084=ORIENTED_EDGE('',*,*,#5201,.F.);
#4085=ORIENTED_EDGE('',*,*,#5099,.F.);
#4086=ORIENTED_EDGE('',*,*,#5191,.F.);
#4087=ORIENTED_EDGE('',*,*,#5214,.T.);
#4088=ORIENTED_EDGE('',*,*,#5215,.F.);
#4089=ORIENTED_EDGE('',*,*,#5214,.F.);
#4090=ORIENTED_EDGE('',*,*,#5190,.F.);
#4091=ORIENTED_EDGE('',*,*,#5187,.F.);
#4092=ORIENTED_EDGE('',*,*,#5215,.T.);
#4093=ORIENTED_EDGE('',*,*,#5189,.T.);
#4094=ORIENTED_EDGE('',*,*,#5169,.T.);
#4095=ORIENTED_EDGE('',*,*,#5216,.T.);
#4096=ORIENTED_EDGE('',*,*,#5217,.T.);
#4097=ORIENTED_EDGE('',*,*,#5207,.T.);
#4098=ORIENTED_EDGE('',*,*,#5211,.F.);
#4099=ORIENTED_EDGE('',*,*,#5213,.T.);
#4100=ORIENTED_EDGE('',*,*,#5217,.F.);
#4101=ORIENTED_EDGE('',*,*,#5218,.F.);
#4102=ORIENTED_EDGE('',*,*,#5219,.F.);
#4103=ORIENTED_EDGE('',*,*,#5208,.T.);
#4104=ORIENTED_EDGE('',*,*,#5218,.T.);
#4105=ORIENTED_EDGE('',*,*,#5216,.F.);
#4106=ORIENTED_EDGE('',*,*,#5168,.F.);
#4107=ORIENTED_EDGE('',*,*,#5180,.F.);
#4108=ORIENTED_EDGE('',*,*,#5170,.T.);
#4109=ORIENTED_EDGE('',*,*,#5220,.T.);
#4110=ORIENTED_EDGE('',*,*,#5095,.T.);
#4111=ORIENTED_EDGE('',*,*,#5220,.F.);
#4112=ORIENTED_EDGE('',*,*,#5173,.T.);
#4113=ORIENTED_EDGE('',*,*,#5176,.T.);
#4114=ORIENTED_EDGE('',*,*,#5221,.F.);
#4115=ORIENTED_EDGE('',*,*,#5204,.F.);
#4116=ORIENTED_EDGE('',*,*,#5205,.T.);
#4117=ORIENTED_EDGE('',*,*,#5209,.T.);
#4118=ORIENTED_EDGE('',*,*,#5219,.T.);
#4119=ORIENTED_EDGE('',*,*,#4661,.T.);
#4120=ORIENTED_EDGE('',*,*,#4665,.T.);
#4121=ORIENTED_EDGE('',*,*,#4675,.T.);
#4122=ORIENTED_EDGE('',*,*,#4679,.T.);
#4123=ORIENTED_EDGE('',*,*,#4689,.T.);
#4124=ORIENTED_EDGE('',*,*,#4693,.T.);
#4125=ORIENTED_EDGE('',*,*,#4703,.T.);
#4126=ORIENTED_EDGE('',*,*,#4707,.T.);
#4127=ORIENTED_EDGE('',*,*,#4717,.T.);
#4128=ORIENTED_EDGE('',*,*,#4721,.T.);
#4129=ORIENTED_EDGE('',*,*,#4731,.T.);
#4130=ORIENTED_EDGE('',*,*,#4735,.T.);
#4131=ORIENTED_EDGE('',*,*,#4745,.T.);
#4132=ORIENTED_EDGE('',*,*,#4749,.T.);
#4133=ORIENTED_EDGE('',*,*,#4759,.T.);
#4134=ORIENTED_EDGE('',*,*,#4763,.T.);
#4135=ORIENTED_EDGE('',*,*,#4773,.T.);
#4136=ORIENTED_EDGE('',*,*,#4777,.T.);
#4137=ORIENTED_EDGE('',*,*,#4787,.T.);
#4138=ORIENTED_EDGE('',*,*,#4791,.T.);
#4139=ORIENTED_EDGE('',*,*,#4801,.T.);
#4140=ORIENTED_EDGE('',*,*,#4805,.T.);
#4141=ORIENTED_EDGE('',*,*,#4815,.T.);
#4142=ORIENTED_EDGE('',*,*,#4819,.T.);
#4143=ORIENTED_EDGE('',*,*,#4829,.T.);
#4144=ORIENTED_EDGE('',*,*,#4833,.T.);
#4145=ORIENTED_EDGE('',*,*,#4843,.T.);
#4146=ORIENTED_EDGE('',*,*,#4847,.T.);
#4147=ORIENTED_EDGE('',*,*,#4857,.T.);
#4148=ORIENTED_EDGE('',*,*,#4861,.T.);
#4149=ORIENTED_EDGE('',*,*,#4871,.T.);
#4150=ORIENTED_EDGE('',*,*,#4875,.T.);
#4151=ORIENTED_EDGE('',*,*,#4885,.T.);
#4152=ORIENTED_EDGE('',*,*,#4889,.T.);
#4153=ORIENTED_EDGE('',*,*,#4899,.T.);
#4154=ORIENTED_EDGE('',*,*,#4903,.T.);
#4155=ORIENTED_EDGE('',*,*,#4913,.T.);
#4156=ORIENTED_EDGE('',*,*,#4917,.T.);
#4157=ORIENTED_EDGE('',*,*,#4927,.T.);
#4158=ORIENTED_EDGE('',*,*,#4931,.T.);
#4159=ORIENTED_EDGE('',*,*,#4941,.T.);
#4160=ORIENTED_EDGE('',*,*,#4945,.T.);
#4161=ORIENTED_EDGE('',*,*,#4955,.T.);
#4162=ORIENTED_EDGE('',*,*,#4959,.T.);
#4163=ORIENTED_EDGE('',*,*,#4969,.T.);
#4164=ORIENTED_EDGE('',*,*,#4973,.T.);
#4165=ORIENTED_EDGE('',*,*,#4983,.T.);
#4166=ORIENTED_EDGE('',*,*,#4987,.T.);
#4167=ORIENTED_EDGE('',*,*,#4997,.T.);
#4168=ORIENTED_EDGE('',*,*,#5001,.T.);
#4169=ORIENTED_EDGE('',*,*,#5011,.T.);
#4170=ORIENTED_EDGE('',*,*,#5015,.T.);
#4171=ORIENTED_EDGE('',*,*,#5025,.T.);
#4172=ORIENTED_EDGE('',*,*,#5029,.T.);
#4173=ORIENTED_EDGE('',*,*,#5039,.T.);
#4174=ORIENTED_EDGE('',*,*,#5043,.T.);
#4175=ORIENTED_EDGE('',*,*,#5053,.T.);
#4176=ORIENTED_EDGE('',*,*,#5057,.T.);
#4177=ORIENTED_EDGE('',*,*,#5067,.T.);
#4178=ORIENTED_EDGE('',*,*,#5071,.T.);
#4179=ORIENTED_EDGE('',*,*,#5083,.T.);
#4180=ORIENTED_EDGE('',*,*,#5088,.T.);
#4181=ORIENTED_EDGE('',*,*,#5093,.T.);
#4182=ORIENTED_EDGE('',*,*,#5222,.T.);
#4183=ORIENTED_EDGE('',*,*,#5221,.T.);
#4184=ORIENTED_EDGE('',*,*,#5175,.T.);
#4185=ORIENTED_EDGE('',*,*,#5179,.T.);
#4186=ORIENTED_EDGE('',*,*,#5182,.T.);
#4187=ORIENTED_EDGE('',*,*,#5193,.T.);
#4188=ORIENTED_EDGE('',*,*,#5194,.T.);
#4189=ORIENTED_EDGE('',*,*,#5200,.T.);
#4190=ORIENTED_EDGE('',*,*,#5202,.T.);
#4191=ORIENTED_EDGE('',*,*,#5223,.T.);
#4192=ORIENTED_EDGE('',*,*,#5077,.T.);
#4193=ORIENTED_EDGE('',*,*,#5222,.F.);
#4194=ORIENTED_EDGE('',*,*,#5223,.F.);
#4195=ORIENTED_EDGE('',*,*,#5078,.F.);
#4196=VERTEX_POINT('',#8196);
#4197=VERTEX_POINT('',#8199);
#4198=VERTEX_POINT('',#8215);
#4199=VERTEX_POINT('',#8216);
#4200=VERTEX_POINT('',#8222);
#4201=VERTEX_POINT('',#8225);
#4202=VERTEX_POINT('',#8226);
#4203=VERTEX_POINT('',#8245);
#4204=VERTEX_POINT('',#8248);
#4205=VERTEX_POINT('',#8251);
#4206=VERTEX_POINT('',#8254);
#4207=VERTEX_POINT('',#8257);
#4208=VERTEX_POINT('',#8260);
#4209=VERTEX_POINT('',#8263);
#4210=VERTEX_POINT('',#8279);
#4211=VERTEX_POINT('',#8280);
#4212=VERTEX_POINT('',#8286);
#4213=VERTEX_POINT('',#8289);
#4214=VERTEX_POINT('',#8290);
#4215=VERTEX_POINT('',#8309);
#4216=VERTEX_POINT('',#8312);
#4217=VERTEX_POINT('',#8315);
#4218=VERTEX_POINT('',#8318);
#4219=VERTEX_POINT('',#8321);
#4220=VERTEX_POINT('',#8324);
#4221=VERTEX_POINT('',#8327);
#4222=VERTEX_POINT('',#8343);
#4223=VERTEX_POINT('',#8344);
#4224=VERTEX_POINT('',#8350);
#4225=VERTEX_POINT('',#8353);
#4226=VERTEX_POINT('',#8354);
#4227=VERTEX_POINT('',#8373);
#4228=VERTEX_POINT('',#8376);
#4229=VERTEX_POINT('',#8379);
#4230=VERTEX_POINT('',#8382);
#4231=VERTEX_POINT('',#8385);
#4232=VERTEX_POINT('',#8388);
#4233=VERTEX_POINT('',#8391);
#4234=VERTEX_POINT('',#8407);
#4235=VERTEX_POINT('',#8408);
#4236=VERTEX_POINT('',#8414);
#4237=VERTEX_POINT('',#8417);
#4238=VERTEX_POINT('',#8418);
#4239=VERTEX_POINT('',#8437);
#4240=VERTEX_POINT('',#8440);
#4241=VERTEX_POINT('',#8443);
#4242=VERTEX_POINT('',#8446);
#4243=VERTEX_POINT('',#8449);
#4244=VERTEX_POINT('',#8452);
#4245=VERTEX_POINT('',#8455);
#4246=VERTEX_POINT('',#8471);
#4247=VERTEX_POINT('',#8472);
#4248=VERTEX_POINT('',#8478);
#4249=VERTEX_POINT('',#8481);
#4250=VERTEX_POINT('',#8482);
#4251=VERTEX_POINT('',#8501);
#4252=VERTEX_POINT('',#8504);
#4253=VERTEX_POINT('',#8507);
#4254=VERTEX_POINT('',#8510);
#4255=VERTEX_POINT('',#8513);
#4256=VERTEX_POINT('',#8516);
#4257=VERTEX_POINT('',#8519);
#4258=VERTEX_POINT('',#8535);
#4259=VERTEX_POINT('',#8536);
#4260=VERTEX_POINT('',#8542);
#4261=VERTEX_POINT('',#8545);
#4262=VERTEX_POINT('',#8546);
#4263=VERTEX_POINT('',#8565);
#4264=VERTEX_POINT('',#8568);
#4265=VERTEX_POINT('',#8571);
#4266=VERTEX_POINT('',#8574);
#4267=VERTEX_POINT('',#8577);
#4268=VERTEX_POINT('',#8580);
#4269=VERTEX_POINT('',#8583);
#4270=VERTEX_POINT('',#8599);
#4271=VERTEX_POINT('',#8600);
#4272=VERTEX_POINT('',#8606);
#4273=VERTEX_POINT('',#8609);
#4274=VERTEX_POINT('',#8610);
#4275=VERTEX_POINT('',#8629);
#4276=VERTEX_POINT('',#8632);
#4277=VERTEX_POINT('',#8635);
#4278=VERTEX_POINT('',#8638);
#4279=VERTEX_POINT('',#8641);
#4280=VERTEX_POINT('',#8644);
#4281=VERTEX_POINT('',#8647);
#4282=VERTEX_POINT('',#8663);
#4283=VERTEX_POINT('',#8664);
#4284=VERTEX_POINT('',#8670);
#4285=VERTEX_POINT('',#8673);
#4286=VERTEX_POINT('',#8674);
#4287=VERTEX_POINT('',#8693);
#4288=VERTEX_POINT('',#8696);
#4289=VERTEX_POINT('',#8699);
#4290=VERTEX_POINT('',#8702);
#4291=VERTEX_POINT('',#8705);
#4292=VERTEX_POINT('',#8708);
#4293=VERTEX_POINT('',#8711);
#4294=VERTEX_POINT('',#8727);
#4295=VERTEX_POINT('',#8728);
#4296=VERTEX_POINT('',#8734);
#4297=VERTEX_POINT('',#8737);
#4298=VERTEX_POINT('',#8738);
#4299=VERTEX_POINT('',#8757);
#4300=VERTEX_POINT('',#8760);
#4301=VERTEX_POINT('',#8763);
#4302=VERTEX_POINT('',#8766);
#4303=VERTEX_POINT('',#8769);
#4304=VERTEX_POINT('',#8772);
#4305=VERTEX_POINT('',#8775);
#4306=VERTEX_POINT('',#8791);
#4307=VERTEX_POINT('',#8792);
#4308=VERTEX_POINT('',#8798);
#4309=VERTEX_POINT('',#8801);
#4310=VERTEX_POINT('',#8802);
#4311=VERTEX_POINT('',#8821);
#4312=VERTEX_POINT('',#8824);
#4313=VERTEX_POINT('',#8827);
#4314=VERTEX_POINT('',#8830);
#4315=VERTEX_POINT('',#8833);
#4316=VERTEX_POINT('',#8836);
#4317=VERTEX_POINT('',#8839);
#4318=VERTEX_POINT('',#8855);
#4319=VERTEX_POINT('',#8856);
#4320=VERTEX_POINT('',#8862);
#4321=VERTEX_POINT('',#8865);
#4322=VERTEX_POINT('',#8866);
#4323=VERTEX_POINT('',#8885);
#4324=VERTEX_POINT('',#8888);
#4325=VERTEX_POINT('',#8891);
#4326=VERTEX_POINT('',#8894);
#4327=VERTEX_POINT('',#8897);
#4328=VERTEX_POINT('',#8900);
#4329=VERTEX_POINT('',#8903);
#4330=VERTEX_POINT('',#8919);
#4331=VERTEX_POINT('',#8920);
#4332=VERTEX_POINT('',#8926);
#4333=VERTEX_POINT('',#8929);
#4334=VERTEX_POINT('',#8930);
#4335=VERTEX_POINT('',#8949);
#4336=VERTEX_POINT('',#8952);
#4337=VERTEX_POINT('',#8955);
#4338=VERTEX_POINT('',#8958);
#4339=VERTEX_POINT('',#8961);
#4340=VERTEX_POINT('',#8964);
#4341=VERTEX_POINT('',#8967);
#4342=VERTEX_POINT('',#8983);
#4343=VERTEX_POINT('',#8984);
#4344=VERTEX_POINT('',#8990);
#4345=VERTEX_POINT('',#8993);
#4346=VERTEX_POINT('',#8994);
#4347=VERTEX_POINT('',#9013);
#4348=VERTEX_POINT('',#9016);
#4349=VERTEX_POINT('',#9019);
#4350=VERTEX_POINT('',#9022);
#4351=VERTEX_POINT('',#9025);
#4352=VERTEX_POINT('',#9028);
#4353=VERTEX_POINT('',#9031);
#4354=VERTEX_POINT('',#9047);
#4355=VERTEX_POINT('',#9048);
#4356=VERTEX_POINT('',#9054);
#4357=VERTEX_POINT('',#9057);
#4358=VERTEX_POINT('',#9058);
#4359=VERTEX_POINT('',#9077);
#4360=VERTEX_POINT('',#9080);
#4361=VERTEX_POINT('',#9083);
#4362=VERTEX_POINT('',#9086);
#4363=VERTEX_POINT('',#9089);
#4364=VERTEX_POINT('',#9092);
#4365=VERTEX_POINT('',#9095);
#4366=VERTEX_POINT('',#9111);
#4367=VERTEX_POINT('',#9112);
#4368=VERTEX_POINT('',#9118);
#4369=VERTEX_POINT('',#9121);
#4370=VERTEX_POINT('',#9122);
#4371=VERTEX_POINT('',#9141);
#4372=VERTEX_POINT('',#9144);
#4373=VERTEX_POINT('',#9147);
#4374=VERTEX_POINT('',#9150);
#4375=VERTEX_POINT('',#9153);
#4376=VERTEX_POINT('',#9156);
#4377=VERTEX_POINT('',#9159);
#4378=VERTEX_POINT('',#9175);
#4379=VERTEX_POINT('',#9176);
#4380=VERTEX_POINT('',#9182);
#4381=VERTEX_POINT('',#9185);
#4382=VERTEX_POINT('',#9186);
#4383=VERTEX_POINT('',#9205);
#4384=VERTEX_POINT('',#9208);
#4385=VERTEX_POINT('',#9211);
#4386=VERTEX_POINT('',#9214);
#4387=VERTEX_POINT('',#9217);
#4388=VERTEX_POINT('',#9220);
#4389=VERTEX_POINT('',#9223);
#4390=VERTEX_POINT('',#9239);
#4391=VERTEX_POINT('',#9240);
#4392=VERTEX_POINT('',#9246);
#4393=VERTEX_POINT('',#9249);
#4394=VERTEX_POINT('',#9250);
#4395=VERTEX_POINT('',#9269);
#4396=VERTEX_POINT('',#9272);
#4397=VERTEX_POINT('',#9275);
#4398=VERTEX_POINT('',#9278);
#4399=VERTEX_POINT('',#9281);
#4400=VERTEX_POINT('',#9284);
#4401=VERTEX_POINT('',#9287);
#4402=VERTEX_POINT('',#9303);
#4403=VERTEX_POINT('',#9304);
#4404=VERTEX_POINT('',#9310);
#4405=VERTEX_POINT('',#9313);
#4406=VERTEX_POINT('',#9314);
#4407=VERTEX_POINT('',#9333);
#4408=VERTEX_POINT('',#9336);
#4409=VERTEX_POINT('',#9339);
#4410=VERTEX_POINT('',#9342);
#4411=VERTEX_POINT('',#9345);
#4412=VERTEX_POINT('',#9348);
#4413=VERTEX_POINT('',#9351);
#4414=VERTEX_POINT('',#9367);
#4415=VERTEX_POINT('',#9368);
#4416=VERTEX_POINT('',#9374);
#4417=VERTEX_POINT('',#9377);
#4418=VERTEX_POINT('',#9378);
#4419=VERTEX_POINT('',#9397);
#4420=VERTEX_POINT('',#9400);
#4421=VERTEX_POINT('',#9403);
#4422=VERTEX_POINT('',#9406);
#4423=VERTEX_POINT('',#9409);
#4424=VERTEX_POINT('',#9412);
#4425=VERTEX_POINT('',#9415);
#4426=VERTEX_POINT('',#9431);
#4427=VERTEX_POINT('',#9432);
#4428=VERTEX_POINT('',#9438);
#4429=VERTEX_POINT('',#9441);
#4430=VERTEX_POINT('',#9442);
#4431=VERTEX_POINT('',#9461);
#4432=VERTEX_POINT('',#9464);
#4433=VERTEX_POINT('',#9467);
#4434=VERTEX_POINT('',#9470);
#4435=VERTEX_POINT('',#9473);
#4436=VERTEX_POINT('',#9476);
#4437=VERTEX_POINT('',#9479);
#4438=VERTEX_POINT('',#9495);
#4439=VERTEX_POINT('',#9496);
#4440=VERTEX_POINT('',#9502);
#4441=VERTEX_POINT('',#9505);
#4442=VERTEX_POINT('',#9506);
#4443=VERTEX_POINT('',#9525);
#4444=VERTEX_POINT('',#9528);
#4445=VERTEX_POINT('',#9531);
#4446=VERTEX_POINT('',#9534);
#4447=VERTEX_POINT('',#9537);
#4448=VERTEX_POINT('',#9540);
#4449=VERTEX_POINT('',#9543);
#4450=VERTEX_POINT('',#9559);
#4451=VERTEX_POINT('',#9560);
#4452=VERTEX_POINT('',#9566);
#4453=VERTEX_POINT('',#9569);
#4454=VERTEX_POINT('',#9570);
#4455=VERTEX_POINT('',#9589);
#4456=VERTEX_POINT('',#9592);
#4457=VERTEX_POINT('',#9595);
#4458=VERTEX_POINT('',#9598);
#4459=VERTEX_POINT('',#9601);
#4460=VERTEX_POINT('',#9604);
#4461=VERTEX_POINT('',#9607);
#4462=VERTEX_POINT('',#9623);
#4463=VERTEX_POINT('',#9624);
#4464=VERTEX_POINT('',#9630);
#4465=VERTEX_POINT('',#9633);
#4466=VERTEX_POINT('',#9634);
#4467=VERTEX_POINT('',#9653);
#4468=VERTEX_POINT('',#9656);
#4469=VERTEX_POINT('',#9659);
#4470=VERTEX_POINT('',#9662);
#4471=VERTEX_POINT('',#9665);
#4472=VERTEX_POINT('',#9668);
#4473=VERTEX_POINT('',#9671);
#4474=VERTEX_POINT('',#9687);
#4475=VERTEX_POINT('',#9688);
#4476=VERTEX_POINT('',#9694);
#4477=VERTEX_POINT('',#9697);
#4478=VERTEX_POINT('',#9698);
#4479=VERTEX_POINT('',#9717);
#4480=VERTEX_POINT('',#9720);
#4481=VERTEX_POINT('',#9723);
#4482=VERTEX_POINT('',#9726);
#4483=VERTEX_POINT('',#9729);
#4484=VERTEX_POINT('',#9732);
#4485=VERTEX_POINT('',#9735);
#4486=VERTEX_POINT('',#9751);
#4487=VERTEX_POINT('',#9752);
#4488=VERTEX_POINT('',#9758);
#4489=VERTEX_POINT('',#9761);
#4490=VERTEX_POINT('',#9762);
#4491=VERTEX_POINT('',#9781);
#4492=VERTEX_POINT('',#9784);
#4493=VERTEX_POINT('',#9787);
#4494=VERTEX_POINT('',#9790);
#4495=VERTEX_POINT('',#9793);
#4496=VERTEX_POINT('',#9796);
#4497=VERTEX_POINT('',#9799);
#4498=VERTEX_POINT('',#9815);
#4499=VERTEX_POINT('',#9816);
#4500=VERTEX_POINT('',#9822);
#4501=VERTEX_POINT('',#9825);
#4502=VERTEX_POINT('',#9826);
#4503=VERTEX_POINT('',#9845);
#4504=VERTEX_POINT('',#9848);
#4505=VERTEX_POINT('',#9851);
#4506=VERTEX_POINT('',#9854);
#4507=VERTEX_POINT('',#9857);
#4508=VERTEX_POINT('',#9860);
#4509=VERTEX_POINT('',#9863);
#4510=VERTEX_POINT('',#9879);
#4511=VERTEX_POINT('',#9880);
#4512=VERTEX_POINT('',#9886);
#4513=VERTEX_POINT('',#9889);
#4514=VERTEX_POINT('',#9890);
#4515=VERTEX_POINT('',#9909);
#4516=VERTEX_POINT('',#9912);
#4517=VERTEX_POINT('',#9915);
#4518=VERTEX_POINT('',#9918);
#4519=VERTEX_POINT('',#9921);
#4520=VERTEX_POINT('',#9924);
#4521=VERTEX_POINT('',#9927);
#4522=VERTEX_POINT('',#9943);
#4523=VERTEX_POINT('',#9944);
#4524=VERTEX_POINT('',#9950);
#4525=VERTEX_POINT('',#9953);
#4526=VERTEX_POINT('',#9954);
#4527=VERTEX_POINT('',#9973);
#4528=VERTEX_POINT('',#9976);
#4529=VERTEX_POINT('',#9979);
#4530=VERTEX_POINT('',#9982);
#4531=VERTEX_POINT('',#9985);
#4532=VERTEX_POINT('',#9988);
#4533=VERTEX_POINT('',#9991);
#4534=VERTEX_POINT('',#10007);
#4535=VERTEX_POINT('',#10008);
#4536=VERTEX_POINT('',#10014);
#4537=VERTEX_POINT('',#10017);
#4538=VERTEX_POINT('',#10018);
#4539=VERTEX_POINT('',#10037);
#4540=VERTEX_POINT('',#10040);
#4541=VERTEX_POINT('',#10043);
#4542=VERTEX_POINT('',#10046);
#4543=VERTEX_POINT('',#10049);
#4544=VERTEX_POINT('',#10052);
#4545=VERTEX_POINT('',#10055);
#4546=VERTEX_POINT('',#10071);
#4547=VERTEX_POINT('',#10072);
#4548=VERTEX_POINT('',#10078);
#4549=VERTEX_POINT('',#10081);
#4550=VERTEX_POINT('',#10082);
#4551=VERTEX_POINT('',#10101);
#4552=VERTEX_POINT('',#10104);
#4553=VERTEX_POINT('',#10107);
#4554=VERTEX_POINT('',#10110);
#4555=VERTEX_POINT('',#10113);
#4556=VERTEX_POINT('',#10116);
#4557=VERTEX_POINT('',#10132);
#4558=VERTEX_POINT('',#10133);
#4559=VERTEX_POINT('',#10137);
#4560=VERTEX_POINT('',#10153);
#4561=VERTEX_POINT('',#10154);
#4562=VERTEX_POINT('',#10160);
#4563=VERTEX_POINT('',#10163);
#4564=VERTEX_POINT('',#10179);
#4565=VERTEX_POINT('',#10180);
#4566=VERTEX_POINT('',#10186);
#4567=VERTEX_POINT('',#10189);
#4568=VERTEX_POINT('',#10205);
#4569=VERTEX_POINT('',#10206);
#4570=VERTEX_POINT('',#10212);
#4571=VERTEX_POINT('',#10215);
#4572=VERTEX_POINT('',#10217);
#4573=VERTEX_POINT('',#10220);
#4574=VERTEX_POINT('',#10222);
#4575=VERTEX_POINT('',#10225);
#4576=VERTEX_POINT('',#10226);
#4577=VERTEX_POINT('',#10228);
#4578=VERTEX_POINT('',#10230);
#4579=VERTEX_POINT('',#10234);
#4580=VERTEX_POINT('',#10237);
#4581=VERTEX_POINT('',#10240);
#4582=VERTEX_POINT('',#10243);
#4583=VERTEX_POINT('',#10246);
#4584=VERTEX_POINT('',#10249);
#4585=VERTEX_POINT('',#10252);
#4586=VERTEX_POINT('',#10255);
#4587=VERTEX_POINT('',#10258);
#4588=VERTEX_POINT('',#10259);
#4589=VERTEX_POINT('',#10261);
#4590=VERTEX_POINT('',#10263);
#4591=VERTEX_POINT('',#10267);
#4592=VERTEX_POINT('',#10268);
#4593=VERTEX_POINT('',#10271);
#4594=VERTEX_POINT('',#10275);
#4595=VERTEX_POINT('',#10279);
#4596=VERTEX_POINT('',#10281);
#4597=VERTEX_POINT('',#10285);
#4598=VERTEX_POINT('',#10287);
#4599=VERTEX_POINT('',#10291);
#4600=VERTEX_POINT('',#10292);
#4601=VERTEX_POINT('',#10294);
#4602=VERTEX_POINT('',#10296);
#4603=VERTEX_POINT('',#10300);
#4604=VERTEX_POINT('',#10302);
#4605=VERTEX_POINT('',#10307);
#4606=VERTEX_POINT('',#10311);
#4607=VERTEX_POINT('',#10317);
#4608=VERTEX_POINT('',#10325);
#4609=VERTEX_POINT('',#10329);
#4610=VERTEX_POINT('',#10331);
#4611=VERTEX_POINT('',#10335);
#4612=VERTEX_POINT('',#10339);
#4613=VERTEX_POINT('',#10343);
#4614=VERTEX_POINT('',#10347);
#4615=VERTEX_POINT('',#10351);
#4616=VERTEX_POINT('',#10352);
#4617=VERTEX_POINT('',#10359);
#4618=VERTEX_POINT('',#10365);
#4619=VERTEX_POINT('',#10371);
#4620=VERTEX_POINT('',#10372);
#4621=VERTEX_POINT('',#10374);
#4622=VERTEX_POINT('',#10376);
#4623=VERTEX_POINT('',#10380);
#4624=VERTEX_POINT('',#10381);
#4625=VERTEX_POINT('',#10383);
#4626=VERTEX_POINT('',#10385);
#4627=VERTEX_POINT('',#10389);
#4628=VERTEX_POINT('',#10391);
#4629=VERTEX_POINT('',#10395);
#4630=VERTEX_POINT('',#10396);
#4631=VERTEX_POINT('',#10398);
#4632=VERTEX_POINT('',#10404);
#4633=VERTEX_POINT('',#10406);
#4634=VERTEX_POINT('',#10410);
#4635=VERTEX_POINT('',#10414);
#4636=VERTEX_POINT('',#10415);
#4637=VERTEX_POINT('',#10420);
#4638=VERTEX_POINT('',#10423);
#4639=VERTEX_POINT('',#10427);
#4640=VERTEX_POINT('',#10431);
#4641=VERTEX_POINT('',#10432);
#4642=VERTEX_POINT('',#10434);
#4643=VERTEX_POINT('',#10436);
#4644=VERTEX_POINT('',#10438);
#4645=VERTEX_POINT('',#10443);
#4646=VERTEX_POINT('',#10445);
#4647=VERTEX_POINT('',#10449);
#4648=VERTEX_POINT('',#10453);
#4649=VERTEX_POINT('',#10454);
#4650=VERTEX_POINT('',#10456);
#4651=VERTEX_POINT('',#10461);
#4652=VERTEX_POINT('',#10465);
#4653=VERTEX_POINT('',#10471);
#4654=VERTEX_POINT('',#10475);
#4655=VERTEX_POINT('',#10483);
#4656=EDGE_CURVE('',#4196,#4196,#5224,.T.);
#4657=EDGE_CURVE('',#4197,#4197,#5225,.T.);
#4658=EDGE_CURVE('',#4198,#4199,#868,.T.);
#4659=EDGE_CURVE('',#4198,#4199,#5226,.T.);
#4660=EDGE_CURVE('',#4199,#4198,#5227,.T.);
#4661=EDGE_CURVE('',#4200,#4200,#5228,.T.);
#4662=EDGE_CURVE('',#4201,#4202,#5229,.T.);
#4663=EDGE_CURVE('',#4202,#4201,#5230,.T.);
#4664=EDGE_CURVE('',#4202,#4201,#869,.T.);
#4665=EDGE_CURVE('',#4203,#4203,#5231,.T.);
#4666=EDGE_CURVE('',#4204,#4204,#5232,.T.);
#4667=EDGE_CURVE('',#4205,#4205,#5233,.T.);
#4668=EDGE_CURVE('',#4206,#4206,#5234,.T.);
#4669=EDGE_CURVE('',#4207,#4207,#5235,.T.);
#4670=EDGE_CURVE('',#4208,#4208,#5236,.T.);
#4671=EDGE_CURVE('',#4209,#4209,#5237,.T.);
#4672=EDGE_CURVE('',#4210,#4211,#870,.T.);
#4673=EDGE_CURVE('',#4210,#4211,#5238,.T.);
#4674=EDGE_CURVE('',#4211,#4210,#5239,.T.);
#4675=EDGE_CURVE('',#4212,#4212,#5240,.T.);
#4676=EDGE_CURVE('',#4213,#4214,#5241,.T.);
#4677=EDGE_CURVE('',#4214,#4213,#5242,.T.);
#4678=EDGE_CURVE('',#4214,#4213,#871,.T.);
#4679=EDGE_CURVE('',#4215,#4215,#5243,.T.);
#4680=EDGE_CURVE('',#4216,#4216,#5244,.T.);
#4681=EDGE_CURVE('',#4217,#4217,#5245,.T.);
#4682=EDGE_CURVE('',#4218,#4218,#5246,.T.);
#4683=EDGE_CURVE('',#4219,#4219,#5247,.T.);
#4684=EDGE_CURVE('',#4220,#4220,#5248,.T.);
#4685=EDGE_CURVE('',#4221,#4221,#5249,.T.);
#4686=EDGE_CURVE('',#4222,#4223,#872,.T.);
#4687=EDGE_CURVE('',#4222,#4223,#5250,.T.);
#4688=EDGE_CURVE('',#4223,#4222,#5251,.T.);
#4689=EDGE_CURVE('',#4224,#4224,#5252,.T.);
#4690=EDGE_CURVE('',#4225,#4226,#5253,.T.);
#4691=EDGE_CURVE('',#4226,#4225,#5254,.T.);
#4692=EDGE_CURVE('',#4226,#4225,#873,.T.);
#4693=EDGE_CURVE('',#4227,#4227,#5255,.T.);
#4694=EDGE_CURVE('',#4228,#4228,#5256,.T.);
#4695=EDGE_CURVE('',#4229,#4229,#5257,.T.);
#4696=EDGE_CURVE('',#4230,#4230,#5258,.T.);
#4697=EDGE_CURVE('',#4231,#4231,#5259,.T.);
#4698=EDGE_CURVE('',#4232,#4232,#5260,.T.);
#4699=EDGE_CURVE('',#4233,#4233,#5261,.T.);
#4700=EDGE_CURVE('',#4234,#4235,#874,.T.);
#4701=EDGE_CURVE('',#4234,#4235,#5262,.T.);
#4702=EDGE_CURVE('',#4235,#4234,#5263,.T.);
#4703=EDGE_CURVE('',#4236,#4236,#5264,.T.);
#4704=EDGE_CURVE('',#4237,#4238,#5265,.T.);
#4705=EDGE_CURVE('',#4238,#4237,#5266,.T.);
#4706=EDGE_CURVE('',#4238,#4237,#875,.T.);
#4707=EDGE_CURVE('',#4239,#4239,#5267,.T.);
#4708=EDGE_CURVE('',#4240,#4240,#5268,.T.);
#4709=EDGE_CURVE('',#4241,#4241,#5269,.T.);
#4710=EDGE_CURVE('',#4242,#4242,#5270,.T.);
#4711=EDGE_CURVE('',#4243,#4243,#5271,.T.);
#4712=EDGE_CURVE('',#4244,#4244,#5272,.T.);
#4713=EDGE_CURVE('',#4245,#4245,#5273,.T.);
#4714=EDGE_CURVE('',#4246,#4247,#876,.T.);
#4715=EDGE_CURVE('',#4246,#4247,#5274,.T.);
#4716=EDGE_CURVE('',#4247,#4246,#5275,.T.);
#4717=EDGE_CURVE('',#4248,#4248,#5276,.T.);
#4718=EDGE_CURVE('',#4249,#4250,#5277,.T.);
#4719=EDGE_CURVE('',#4250,#4249,#5278,.T.);
#4720=EDGE_CURVE('',#4250,#4249,#877,.T.);
#4721=EDGE_CURVE('',#4251,#4251,#5279,.T.);
#4722=EDGE_CURVE('',#4252,#4252,#5280,.T.);
#4723=EDGE_CURVE('',#4253,#4253,#5281,.T.);
#4724=EDGE_CURVE('',#4254,#4254,#5282,.T.);
#4725=EDGE_CURVE('',#4255,#4255,#5283,.T.);
#4726=EDGE_CURVE('',#4256,#4256,#5284,.T.);
#4727=EDGE_CURVE('',#4257,#4257,#5285,.T.);
#4728=EDGE_CURVE('',#4258,#4259,#878,.T.);
#4729=EDGE_CURVE('',#4258,#4259,#5286,.T.);
#4730=EDGE_CURVE('',#4259,#4258,#5287,.T.);
#4731=EDGE_CURVE('',#4260,#4260,#5288,.T.);
#4732=EDGE_CURVE('',#4261,#4262,#5289,.T.);
#4733=EDGE_CURVE('',#4262,#4261,#5290,.T.);
#4734=EDGE_CURVE('',#4262,#4261,#879,.T.);
#4735=EDGE_CURVE('',#4263,#4263,#5291,.T.);
#4736=EDGE_CURVE('',#4264,#4264,#5292,.T.);
#4737=EDGE_CURVE('',#4265,#4265,#5293,.T.);
#4738=EDGE_CURVE('',#4266,#4266,#5294,.T.);
#4739=EDGE_CURVE('',#4267,#4267,#5295,.T.);
#4740=EDGE_CURVE('',#4268,#4268,#5296,.T.);
#4741=EDGE_CURVE('',#4269,#4269,#5297,.T.);
#4742=EDGE_CURVE('',#4270,#4271,#880,.T.);
#4743=EDGE_CURVE('',#4270,#4271,#5298,.T.);
#4744=EDGE_CURVE('',#4271,#4270,#5299,.T.);
#4745=EDGE_CURVE('',#4272,#4272,#5300,.T.);
#4746=EDGE_CURVE('',#4273,#4274,#5301,.T.);
#4747=EDGE_CURVE('',#4274,#4273,#5302,.T.);
#4748=EDGE_CURVE('',#4274,#4273,#881,.T.);
#4749=EDGE_CURVE('',#4275,#4275,#5303,.T.);
#4750=EDGE_CURVE('',#4276,#4276,#5304,.T.);
#4751=EDGE_CURVE('',#4277,#4277,#5305,.T.);
#4752=EDGE_CURVE('',#4278,#4278,#5306,.T.);
#4753=EDGE_CURVE('',#4279,#4279,#5307,.T.);
#4754=EDGE_CURVE('',#4280,#4280,#5308,.T.);
#4755=EDGE_CURVE('',#4281,#4281,#5309,.T.);
#4756=EDGE_CURVE('',#4282,#4283,#882,.T.);
#4757=EDGE_CURVE('',#4282,#4283,#5310,.T.);
#4758=EDGE_CURVE('',#4283,#4282,#5311,.T.);
#4759=EDGE_CURVE('',#4284,#4284,#5312,.T.);
#4760=EDGE_CURVE('',#4285,#4286,#5313,.T.);
#4761=EDGE_CURVE('',#4286,#4285,#5314,.T.);
#4762=EDGE_CURVE('',#4286,#4285,#883,.T.);
#4763=EDGE_CURVE('',#4287,#4287,#5315,.T.);
#4764=EDGE_CURVE('',#4288,#4288,#5316,.T.);
#4765=EDGE_CURVE('',#4289,#4289,#5317,.T.);
#4766=EDGE_CURVE('',#4290,#4290,#5318,.T.);
#4767=EDGE_CURVE('',#4291,#4291,#5319,.T.);
#4768=EDGE_CURVE('',#4292,#4292,#5320,.T.);
#4769=EDGE_CURVE('',#4293,#4293,#5321,.T.);
#4770=EDGE_CURVE('',#4294,#4295,#884,.T.);
#4771=EDGE_CURVE('',#4294,#4295,#5322,.T.);
#4772=EDGE_CURVE('',#4295,#4294,#5323,.T.);
#4773=EDGE_CURVE('',#4296,#4296,#5324,.T.);
#4774=EDGE_CURVE('',#4297,#4298,#5325,.T.);
#4775=EDGE_CURVE('',#4298,#4297,#5326,.T.);
#4776=EDGE_CURVE('',#4298,#4297,#885,.T.);
#4777=EDGE_CURVE('',#4299,#4299,#5327,.T.);
#4778=EDGE_CURVE('',#4300,#4300,#5328,.T.);
#4779=EDGE_CURVE('',#4301,#4301,#5329,.T.);
#4780=EDGE_CURVE('',#4302,#4302,#5330,.T.);
#4781=EDGE_CURVE('',#4303,#4303,#5331,.T.);
#4782=EDGE_CURVE('',#4304,#4304,#5332,.T.);
#4783=EDGE_CURVE('',#4305,#4305,#5333,.T.);
#4784=EDGE_CURVE('',#4306,#4307,#886,.T.);
#4785=EDGE_CURVE('',#4306,#4307,#5334,.T.);
#4786=EDGE_CURVE('',#4307,#4306,#5335,.T.);
#4787=EDGE_CURVE('',#4308,#4308,#5336,.T.);
#4788=EDGE_CURVE('',#4309,#4310,#5337,.T.);
#4789=EDGE_CURVE('',#4310,#4309,#5338,.T.);
#4790=EDGE_CURVE('',#4310,#4309,#887,.T.);
#4791=EDGE_CURVE('',#4311,#4311,#5339,.T.);
#4792=EDGE_CURVE('',#4312,#4312,#5340,.T.);
#4793=EDGE_CURVE('',#4313,#4313,#5341,.T.);
#4794=EDGE_CURVE('',#4314,#4314,#5342,.T.);
#4795=EDGE_CURVE('',#4315,#4315,#5343,.T.);
#4796=EDGE_CURVE('',#4316,#4316,#5344,.T.);
#4797=EDGE_CURVE('',#4317,#4317,#5345,.T.);
#4798=EDGE_CURVE('',#4318,#4319,#888,.T.);
#4799=EDGE_CURVE('',#4318,#4319,#5346,.T.);
#4800=EDGE_CURVE('',#4319,#4318,#5347,.T.);
#4801=EDGE_CURVE('',#4320,#4320,#5348,.T.);
#4802=EDGE_CURVE('',#4321,#4322,#5349,.T.);
#4803=EDGE_CURVE('',#4322,#4321,#5350,.T.);
#4804=EDGE_CURVE('',#4322,#4321,#889,.T.);
#4805=EDGE_CURVE('',#4323,#4323,#5351,.T.);
#4806=EDGE_CURVE('',#4324,#4324,#5352,.T.);
#4807=EDGE_CURVE('',#4325,#4325,#5353,.T.);
#4808=EDGE_CURVE('',#4326,#4326,#5354,.T.);
#4809=EDGE_CURVE('',#4327,#4327,#5355,.T.);
#4810=EDGE_CURVE('',#4328,#4328,#5356,.T.);
#4811=EDGE_CURVE('',#4329,#4329,#5357,.T.);
#4812=EDGE_CURVE('',#4330,#4331,#890,.T.);
#4813=EDGE_CURVE('',#4330,#4331,#5358,.T.);
#4814=EDGE_CURVE('',#4331,#4330,#5359,.T.);
#4815=EDGE_CURVE('',#4332,#4332,#5360,.T.);
#4816=EDGE_CURVE('',#4333,#4334,#5361,.T.);
#4817=EDGE_CURVE('',#4334,#4333,#5362,.T.);
#4818=EDGE_CURVE('',#4334,#4333,#891,.T.);
#4819=EDGE_CURVE('',#4335,#4335,#5363,.T.);
#4820=EDGE_CURVE('',#4336,#4336,#5364,.T.);
#4821=EDGE_CURVE('',#4337,#4337,#5365,.T.);
#4822=EDGE_CURVE('',#4338,#4338,#5366,.T.);
#4823=EDGE_CURVE('',#4339,#4339,#5367,.T.);
#4824=EDGE_CURVE('',#4340,#4340,#5368,.T.);
#4825=EDGE_CURVE('',#4341,#4341,#5369,.T.);
#4826=EDGE_CURVE('',#4342,#4343,#892,.T.);
#4827=EDGE_CURVE('',#4342,#4343,#5370,.T.);
#4828=EDGE_CURVE('',#4343,#4342,#5371,.T.);
#4829=EDGE_CURVE('',#4344,#4344,#5372,.T.);
#4830=EDGE_CURVE('',#4345,#4346,#5373,.T.);
#4831=EDGE_CURVE('',#4346,#4345,#5374,.T.);
#4832=EDGE_CURVE('',#4346,#4345,#893,.T.);
#4833=EDGE_CURVE('',#4347,#4347,#5375,.T.);
#4834=EDGE_CURVE('',#4348,#4348,#5376,.T.);
#4835=EDGE_CURVE('',#4349,#4349,#5377,.T.);
#4836=EDGE_CURVE('',#4350,#4350,#5378,.T.);
#4837=EDGE_CURVE('',#4351,#4351,#5379,.T.);
#4838=EDGE_CURVE('',#4352,#4352,#5380,.T.);
#4839=EDGE_CURVE('',#4353,#4353,#5381,.T.);
#4840=EDGE_CURVE('',#4354,#4355,#894,.T.);
#4841=EDGE_CURVE('',#4354,#4355,#5382,.T.);
#4842=EDGE_CURVE('',#4355,#4354,#5383,.T.);
#4843=EDGE_CURVE('',#4356,#4356,#5384,.T.);
#4844=EDGE_CURVE('',#4357,#4358,#5385,.T.);
#4845=EDGE_CURVE('',#4358,#4357,#5386,.T.);
#4846=EDGE_CURVE('',#4358,#4357,#895,.T.);
#4847=EDGE_CURVE('',#4359,#4359,#5387,.T.);
#4848=EDGE_CURVE('',#4360,#4360,#5388,.T.);
#4849=EDGE_CURVE('',#4361,#4361,#5389,.T.);
#4850=EDGE_CURVE('',#4362,#4362,#5390,.T.);
#4851=EDGE_CURVE('',#4363,#4363,#5391,.T.);
#4852=EDGE_CURVE('',#4364,#4364,#5392,.T.);
#4853=EDGE_CURVE('',#4365,#4365,#5393,.T.);
#4854=EDGE_CURVE('',#4366,#4367,#896,.T.);
#4855=EDGE_CURVE('',#4366,#4367,#5394,.T.);
#4856=EDGE_CURVE('',#4367,#4366,#5395,.T.);
#4857=EDGE_CURVE('',#4368,#4368,#5396,.T.);
#4858=EDGE_CURVE('',#4369,#4370,#5397,.T.);
#4859=EDGE_CURVE('',#4370,#4369,#5398,.T.);
#4860=EDGE_CURVE('',#4370,#4369,#897,.T.);
#4861=EDGE_CURVE('',#4371,#4371,#5399,.T.);
#4862=EDGE_CURVE('',#4372,#4372,#5400,.T.);
#4863=EDGE_CURVE('',#4373,#4373,#5401,.T.);
#4864=EDGE_CURVE('',#4374,#4374,#5402,.T.);
#4865=EDGE_CURVE('',#4375,#4375,#5403,.T.);
#4866=EDGE_CURVE('',#4376,#4376,#5404,.T.);
#4867=EDGE_CURVE('',#4377,#4377,#5405,.T.);
#4868=EDGE_CURVE('',#4378,#4379,#898,.T.);
#4869=EDGE_CURVE('',#4378,#4379,#5406,.T.);
#4870=EDGE_CURVE('',#4379,#4378,#5407,.T.);
#4871=EDGE_CURVE('',#4380,#4380,#5408,.T.);
#4872=EDGE_CURVE('',#4381,#4382,#5409,.T.);
#4873=EDGE_CURVE('',#4382,#4381,#5410,.T.);
#4874=EDGE_CURVE('',#4382,#4381,#899,.T.);
#4875=EDGE_CURVE('',#4383,#4383,#5411,.T.);
#4876=EDGE_CURVE('',#4384,#4384,#5412,.T.);
#4877=EDGE_CURVE('',#4385,#4385,#5413,.T.);
#4878=EDGE_CURVE('',#4386,#4386,#5414,.T.);
#4879=EDGE_CURVE('',#4387,#4387,#5415,.T.);
#4880=EDGE_CURVE('',#4388,#4388,#5416,.T.);
#4881=EDGE_CURVE('',#4389,#4389,#5417,.T.);
#4882=EDGE_CURVE('',#4390,#4391,#900,.T.);
#4883=EDGE_CURVE('',#4390,#4391,#5418,.T.);
#4884=EDGE_CURVE('',#4391,#4390,#5419,.T.);
#4885=EDGE_CURVE('',#4392,#4392,#5420,.T.);
#4886=EDGE_CURVE('',#4393,#4394,#5421,.T.);
#4887=EDGE_CURVE('',#4394,#4393,#5422,.T.);
#4888=EDGE_CURVE('',#4394,#4393,#901,.T.);
#4889=EDGE_CURVE('',#4395,#4395,#5423,.T.);
#4890=EDGE_CURVE('',#4396,#4396,#5424,.T.);
#4891=EDGE_CURVE('',#4397,#4397,#5425,.T.);
#4892=EDGE_CURVE('',#4398,#4398,#5426,.T.);
#4893=EDGE_CURVE('',#4399,#4399,#5427,.T.);
#4894=EDGE_CURVE('',#4400,#4400,#5428,.T.);
#4895=EDGE_CURVE('',#4401,#4401,#5429,.T.);
#4896=EDGE_CURVE('',#4402,#4403,#902,.T.);
#4897=EDGE_CURVE('',#4402,#4403,#5430,.T.);
#4898=EDGE_CURVE('',#4403,#4402,#5431,.T.);
#4899=EDGE_CURVE('',#4404,#4404,#5432,.T.);
#4900=EDGE_CURVE('',#4405,#4406,#5433,.T.);
#4901=EDGE_CURVE('',#4406,#4405,#5434,.T.);
#4902=EDGE_CURVE('',#4406,#4405,#903,.T.);
#4903=EDGE_CURVE('',#4407,#4407,#5435,.T.);
#4904=EDGE_CURVE('',#4408,#4408,#5436,.T.);
#4905=EDGE_CURVE('',#4409,#4409,#5437,.T.);
#4906=EDGE_CURVE('',#4410,#4410,#5438,.T.);
#4907=EDGE_CURVE('',#4411,#4411,#5439,.T.);
#4908=EDGE_CURVE('',#4412,#4412,#5440,.T.);
#4909=EDGE_CURVE('',#4413,#4413,#5441,.T.);
#4910=EDGE_CURVE('',#4414,#4415,#904,.T.);
#4911=EDGE_CURVE('',#4414,#4415,#5442,.T.);
#4912=EDGE_CURVE('',#4415,#4414,#5443,.T.);
#4913=EDGE_CURVE('',#4416,#4416,#5444,.T.);
#4914=EDGE_CURVE('',#4417,#4418,#5445,.T.);
#4915=EDGE_CURVE('',#4418,#4417,#5446,.T.);
#4916=EDGE_CURVE('',#4418,#4417,#905,.T.);
#4917=EDGE_CURVE('',#4419,#4419,#5447,.T.);
#4918=EDGE_CURVE('',#4420,#4420,#5448,.T.);
#4919=EDGE_CURVE('',#4421,#4421,#5449,.T.);
#4920=EDGE_CURVE('',#4422,#4422,#5450,.T.);
#4921=EDGE_CURVE('',#4423,#4423,#5451,.T.);
#4922=EDGE_CURVE('',#4424,#4424,#5452,.T.);
#4923=EDGE_CURVE('',#4425,#4425,#5453,.T.);
#4924=EDGE_CURVE('',#4426,#4427,#906,.T.);
#4925=EDGE_CURVE('',#4426,#4427,#5454,.T.);
#4926=EDGE_CURVE('',#4427,#4426,#5455,.T.);
#4927=EDGE_CURVE('',#4428,#4428,#5456,.T.);
#4928=EDGE_CURVE('',#4429,#4430,#5457,.T.);
#4929=EDGE_CURVE('',#4430,#4429,#5458,.T.);
#4930=EDGE_CURVE('',#4430,#4429,#907,.T.);
#4931=EDGE_CURVE('',#4431,#4431,#5459,.T.);
#4932=EDGE_CURVE('',#4432,#4432,#5460,.T.);
#4933=EDGE_CURVE('',#4433,#4433,#5461,.T.);
#4934=EDGE_CURVE('',#4434,#4434,#5462,.T.);
#4935=EDGE_CURVE('',#4435,#4435,#5463,.T.);
#4936=EDGE_CURVE('',#4436,#4436,#5464,.T.);
#4937=EDGE_CURVE('',#4437,#4437,#5465,.T.);
#4938=EDGE_CURVE('',#4438,#4439,#908,.T.);
#4939=EDGE_CURVE('',#4438,#4439,#5466,.T.);
#4940=EDGE_CURVE('',#4439,#4438,#5467,.T.);
#4941=EDGE_CURVE('',#4440,#4440,#5468,.T.);
#4942=EDGE_CURVE('',#4441,#4442,#5469,.T.);
#4943=EDGE_CURVE('',#4442,#4441,#5470,.T.);
#4944=EDGE_CURVE('',#4442,#4441,#909,.T.);
#4945=EDGE_CURVE('',#4443,#4443,#5471,.T.);
#4946=EDGE_CURVE('',#4444,#4444,#5472,.T.);
#4947=EDGE_CURVE('',#4445,#4445,#5473,.T.);
#4948=EDGE_CURVE('',#4446,#4446,#5474,.T.);
#4949=EDGE_CURVE('',#4447,#4447,#5475,.T.);
#4950=EDGE_CURVE('',#4448,#4448,#5476,.T.);
#4951=EDGE_CURVE('',#4449,#4449,#5477,.T.);
#4952=EDGE_CURVE('',#4450,#4451,#910,.T.);
#4953=EDGE_CURVE('',#4450,#4451,#5478,.T.);
#4954=EDGE_CURVE('',#4451,#4450,#5479,.T.);
#4955=EDGE_CURVE('',#4452,#4452,#5480,.T.);
#4956=EDGE_CURVE('',#4453,#4454,#5481,.T.);
#4957=EDGE_CURVE('',#4454,#4453,#5482,.T.);
#4958=EDGE_CURVE('',#4454,#4453,#911,.T.);
#4959=EDGE_CURVE('',#4455,#4455,#5483,.T.);
#4960=EDGE_CURVE('',#4456,#4456,#5484,.T.);
#4961=EDGE_CURVE('',#4457,#4457,#5485,.T.);
#4962=EDGE_CURVE('',#4458,#4458,#5486,.T.);
#4963=EDGE_CURVE('',#4459,#4459,#5487,.T.);
#4964=EDGE_CURVE('',#4460,#4460,#5488,.T.);
#4965=EDGE_CURVE('',#4461,#4461,#5489,.T.);
#4966=EDGE_CURVE('',#4462,#4463,#912,.T.);
#4967=EDGE_CURVE('',#4462,#4463,#5490,.T.);
#4968=EDGE_CURVE('',#4463,#4462,#5491,.T.);
#4969=EDGE_CURVE('',#4464,#4464,#5492,.T.);
#4970=EDGE_CURVE('',#4465,#4466,#5493,.T.);
#4971=EDGE_CURVE('',#4466,#4465,#5494,.T.);
#4972=EDGE_CURVE('',#4466,#4465,#913,.T.);
#4973=EDGE_CURVE('',#4467,#4467,#5495,.T.);
#4974=EDGE_CURVE('',#4468,#4468,#5496,.T.);
#4975=EDGE_CURVE('',#4469,#4469,#5497,.T.);
#4976=EDGE_CURVE('',#4470,#4470,#5498,.T.);
#4977=EDGE_CURVE('',#4471,#4471,#5499,.T.);
#4978=EDGE_CURVE('',#4472,#4472,#5500,.T.);
#4979=EDGE_CURVE('',#4473,#4473,#5501,.T.);
#4980=EDGE_CURVE('',#4474,#4475,#914,.T.);
#4981=EDGE_CURVE('',#4474,#4475,#5502,.T.);
#4982=EDGE_CURVE('',#4475,#4474,#5503,.T.);
#4983=EDGE_CURVE('',#4476,#4476,#5504,.T.);
#4984=EDGE_CURVE('',#4477,#4478,#5505,.T.);
#4985=EDGE_CURVE('',#4478,#4477,#5506,.T.);
#4986=EDGE_CURVE('',#4478,#4477,#915,.T.);
#4987=EDGE_CURVE('',#4479,#4479,#5507,.T.);
#4988=EDGE_CURVE('',#4480,#4480,#5508,.T.);
#4989=EDGE_CURVE('',#4481,#4481,#5509,.T.);
#4990=EDGE_CURVE('',#4482,#4482,#5510,.T.);
#4991=EDGE_CURVE('',#4483,#4483,#5511,.T.);
#4992=EDGE_CURVE('',#4484,#4484,#5512,.T.);
#4993=EDGE_CURVE('',#4485,#4485,#5513,.T.);
#4994=EDGE_CURVE('',#4486,#4487,#916,.T.);
#4995=EDGE_CURVE('',#4486,#4487,#5514,.T.);
#4996=EDGE_CURVE('',#4487,#4486,#5515,.T.);
#4997=EDGE_CURVE('',#4488,#4488,#5516,.T.);
#4998=EDGE_CURVE('',#4489,#4490,#5517,.T.);
#4999=EDGE_CURVE('',#4490,#4489,#5518,.T.);
#5000=EDGE_CURVE('',#4490,#4489,#917,.T.);
#5001=EDGE_CURVE('',#4491,#4491,#5519,.T.);
#5002=EDGE_CURVE('',#4492,#4492,#5520,.T.);
#5003=EDGE_CURVE('',#4493,#4493,#5521,.T.);
#5004=EDGE_CURVE('',#4494,#4494,#5522,.T.);
#5005=EDGE_CURVE('',#4495,#4495,#5523,.T.);
#5006=EDGE_CURVE('',#4496,#4496,#5524,.T.);
#5007=EDGE_CURVE('',#4497,#4497,#5525,.T.);
#5008=EDGE_CURVE('',#4498,#4499,#918,.T.);
#5009=EDGE_CURVE('',#4498,#4499,#5526,.T.);
#5010=EDGE_CURVE('',#4499,#4498,#5527,.T.);
#5011=EDGE_CURVE('',#4500,#4500,#5528,.T.);
#5012=EDGE_CURVE('',#4501,#4502,#5529,.T.);
#5013=EDGE_CURVE('',#4502,#4501,#5530,.T.);
#5014=EDGE_CURVE('',#4502,#4501,#919,.T.);
#5015=EDGE_CURVE('',#4503,#4503,#5531,.T.);
#5016=EDGE_CURVE('',#4504,#4504,#5532,.T.);
#5017=EDGE_CURVE('',#4505,#4505,#5533,.T.);
#5018=EDGE_CURVE('',#4506,#4506,#5534,.T.);
#5019=EDGE_CURVE('',#4507,#4507,#5535,.T.);
#5020=EDGE_CURVE('',#4508,#4508,#5536,.T.);
#5021=EDGE_CURVE('',#4509,#4509,#5537,.T.);
#5022=EDGE_CURVE('',#4510,#4511,#920,.T.);
#5023=EDGE_CURVE('',#4510,#4511,#5538,.T.);
#5024=EDGE_CURVE('',#4511,#4510,#5539,.T.);
#5025=EDGE_CURVE('',#4512,#4512,#5540,.T.);
#5026=EDGE_CURVE('',#4513,#4514,#5541,.T.);
#5027=EDGE_CURVE('',#4514,#4513,#5542,.T.);
#5028=EDGE_CURVE('',#4514,#4513,#921,.T.);
#5029=EDGE_CURVE('',#4515,#4515,#5543,.T.);
#5030=EDGE_CURVE('',#4516,#4516,#5544,.T.);
#5031=EDGE_CURVE('',#4517,#4517,#5545,.T.);
#5032=EDGE_CURVE('',#4518,#4518,#5546,.T.);
#5033=EDGE_CURVE('',#4519,#4519,#5547,.T.);
#5034=EDGE_CURVE('',#4520,#4520,#5548,.T.);
#5035=EDGE_CURVE('',#4521,#4521,#5549,.T.);
#5036=EDGE_CURVE('',#4522,#4523,#922,.T.);
#5037=EDGE_CURVE('',#4522,#4523,#5550,.T.);
#5038=EDGE_CURVE('',#4523,#4522,#5551,.T.);
#5039=EDGE_CURVE('',#4524,#4524,#5552,.T.);
#5040=EDGE_CURVE('',#4525,#4526,#5553,.T.);
#5041=EDGE_CURVE('',#4526,#4525,#5554,.T.);
#5042=EDGE_CURVE('',#4526,#4525,#923,.T.);
#5043=EDGE_CURVE('',#4527,#4527,#5555,.T.);
#5044=EDGE_CURVE('',#4528,#4528,#5556,.T.);
#5045=EDGE_CURVE('',#4529,#4529,#5557,.T.);
#5046=EDGE_CURVE('',#4530,#4530,#5558,.T.);
#5047=EDGE_CURVE('',#4531,#4531,#5559,.T.);
#5048=EDGE_CURVE('',#4532,#4532,#5560,.T.);
#5049=EDGE_CURVE('',#4533,#4533,#5561,.T.);
#5050=EDGE_CURVE('',#4534,#4535,#924,.T.);
#5051=EDGE_CURVE('',#4534,#4535,#5562,.T.);
#5052=EDGE_CURVE('',#4535,#4534,#5563,.T.);
#5053=EDGE_CURVE('',#4536,#4536,#5564,.T.);
#5054=EDGE_CURVE('',#4537,#4538,#5565,.T.);
#5055=EDGE_CURVE('',#4538,#4537,#5566,.T.);
#5056=EDGE_CURVE('',#4538,#4537,#925,.T.);
#5057=EDGE_CURVE('',#4539,#4539,#5567,.T.);
#5058=EDGE_CURVE('',#4540,#4540,#5568,.T.);
#5059=EDGE_CURVE('',#4541,#4541,#5569,.T.);
#5060=EDGE_CURVE('',#4542,#4542,#5570,.T.);
#5061=EDGE_CURVE('',#4543,#4543,#5571,.T.);
#5062=EDGE_CURVE('',#4544,#4544,#5572,.T.);
#5063=EDGE_CURVE('',#4545,#4545,#5573,.T.);
#5064=EDGE_CURVE('',#4546,#4547,#926,.T.);
#5065=EDGE_CURVE('',#4546,#4547,#5574,.T.);
#5066=EDGE_CURVE('',#4547,#4546,#5575,.T.);
#5067=EDGE_CURVE('',#4548,#4548,#5576,.T.);
#5068=EDGE_CURVE('',#4549,#4550,#5577,.T.);
#5069=EDGE_CURVE('',#4550,#4549,#5578,.T.);
#5070=EDGE_CURVE('',#4550,#4549,#927,.T.);
#5071=EDGE_CURVE('',#4551,#4551,#5579,.T.);
#5072=EDGE_CURVE('',#4552,#4552,#5580,.T.);
#5073=EDGE_CURVE('',#4553,#4553,#5581,.T.);
#5074=EDGE_CURVE('',#4554,#4554,#5582,.T.);
#5075=EDGE_CURVE('',#4555,#4555,#5583,.T.);
#5076=EDGE_CURVE('',#4556,#4556,#5584,.T.);
#5077=EDGE_CURVE('',#4557,#4558,#928,.T.);
#5078=EDGE_CURVE('',#4557,#4558,#5585,.T.);
#5079=EDGE_CURVE('',#4559,#4559,#5586,.T.);
#5080=EDGE_CURVE('',#4560,#4561,#929,.T.);
#5081=EDGE_CURVE('',#4560,#4561,#5587,.T.);
#5082=EDGE_CURVE('',#4561,#4560,#5588,.T.);
#5083=EDGE_CURVE('',#4562,#4562,#5589,.T.);
#5084=EDGE_CURVE('',#4563,#4563,#5590,.T.);
#5085=EDGE_CURVE('',#4564,#4565,#930,.T.);
#5086=EDGE_CURVE('',#4564,#4565,#5591,.T.);
#5087=EDGE_CURVE('',#4565,#4564,#5592,.T.);
#5088=EDGE_CURVE('',#4566,#4566,#5593,.T.);
#5089=EDGE_CURVE('',#4567,#4567,#5594,.T.);
#5090=EDGE_CURVE('',#4568,#4569,#931,.T.);
#5091=EDGE_CURVE('',#4568,#4569,#5595,.T.);
#5092=EDGE_CURVE('',#4569,#4568,#5596,.T.);
#5093=EDGE_CURVE('',#4570,#4570,#5597,.T.);
#5094=EDGE_CURVE('',#4571,#4571,#5598,.T.);
#5095=EDGE_CURVE('',#4572,#4572,#5599,.T.);
#5096=EDGE_CURVE('',#4573,#4573,#5600,.T.);
#5097=EDGE_CURVE('',#4574,#4574,#5601,.T.);
#5098=EDGE_CURVE('',#4575,#4576,#378,.T.);
#5099=EDGE_CURVE('',#4575,#4577,#379,.T.);
#5100=EDGE_CURVE('',#4578,#4577,#380,.T.);
#5101=EDGE_CURVE('',#4576,#4578,#381,.T.);
#5102=EDGE_CURVE('',#4579,#4579,#5602,.T.);
#5103=EDGE_CURVE('',#4580,#4580,#5603,.T.);
#5104=EDGE_CURVE('',#4581,#4581,#5604,.T.);
#5105=EDGE_CURVE('',#4582,#4582,#5605,.T.);
#5106=EDGE_CURVE('',#4583,#4583,#5606,.T.);
#5107=EDGE_CURVE('',#4584,#4584,#5607,.T.);
#5108=EDGE_CURVE('',#4585,#4585,#5608,.T.);
#5109=EDGE_CURVE('',#4586,#4586,#5609,.T.);
#5110=EDGE_CURVE('',#4587,#4588,#382,.T.);
#5111=EDGE_CURVE('',#4587,#4589,#383,.T.);
#5112=EDGE_CURVE('',#4589,#4590,#384,.T.);
#5113=EDGE_CURVE('',#4590,#4588,#385,.T.);
#5114=EDGE_CURVE('',#4591,#4592,#386,.T.);
#5115=EDGE_CURVE('',#4589,#4591,#387,.T.);
#5116=EDGE_CURVE('',#4593,#4589,#388,.T.);
#5117=EDGE_CURVE('',#4592,#4593,#389,.T.);
#5118=EDGE_CURVE('',#4587,#4594,#390,.T.);
#5119=EDGE_CURVE('',#4593,#4594,#391,.T.);
#5120=EDGE_CURVE('',#4595,#4587,#392,.T.);
#5121=EDGE_CURVE('',#4595,#4596,#393,.T.);
#5122=EDGE_CURVE('',#4594,#4596,#394,.T.);
#5123=EDGE_CURVE('',#4597,#4595,#395,.T.);
#5124=EDGE_CURVE('',#4597,#4598,#396,.T.);
#5125=EDGE_CURVE('',#4596,#4598,#397,.T.);
#5126=EDGE_CURVE('',#4599,#4600,#398,.T.);
#5127=EDGE_CURVE('',#4599,#4601,#399,.T.);
#5128=EDGE_CURVE('',#4601,#4602,#400,.T.);
#5129=EDGE_CURVE('',#4602,#4600,#401,.T.);
#5130=EDGE_CURVE('',#4601,#4603,#402,.T.);
#5131=EDGE_CURVE('',#4603,#4604,#403,.T.);
#5132=EDGE_CURVE('',#4604,#4602,#404,.T.);
#5133=EDGE_CURVE('',#4603,#4597,#405,.T.);
#5134=EDGE_CURVE('',#4597,#4605,#406,.T.);
#5135=EDGE_CURVE('',#4605,#4604,#407,.T.);
#5136=EDGE_CURVE('',#4606,#4595,#408,.T.);
#5137=EDGE_CURVE('',#4606,#4605,#409,.T.);
#5138=EDGE_CURVE('',#4588,#4606,#410,.T.);
#5139=EDGE_CURVE('',#4607,#4590,#411,.T.);
#5140=EDGE_CURVE('',#4600,#4607,#412,.T.);
#5141=EDGE_CURVE('',#4591,#4607,#413,.T.);
#5142=EDGE_CURVE('',#4591,#4599,#414,.T.);
#5143=EDGE_CURVE('',#4599,#4608,#415,.T.);
#5144=EDGE_CURVE('',#4608,#4592,#416,.T.);
#5145=EDGE_CURVE('',#4609,#4608,#417,.T.);
#5146=EDGE_CURVE('',#4592,#4610,#418,.T.);
#5147=EDGE_CURVE('',#4609,#4610,#419,.T.);
#5148=EDGE_CURVE('',#4611,#4593,#420,.T.);
#5149=EDGE_CURVE('',#4610,#4611,#421,.T.);
#5150=EDGE_CURVE('',#4594,#4612,#422,.T.);
#5151=EDGE_CURVE('',#4611,#4612,#423,.T.);
#5152=EDGE_CURVE('',#4596,#4613,#424,.T.);
#5153=EDGE_CURVE('',#4612,#4613,#425,.T.);
#5154=EDGE_CURVE('',#4598,#4614,#426,.T.);
#5155=EDGE_CURVE('',#4613,#4614,#427,.T.);
#5156=EDGE_CURVE('',#4615,#4616,#428,.T.);
#5157=EDGE_CURVE('',#4614,#4616,#429,.T.);
#5158=EDGE_CURVE('',#4598,#4615,#430,.T.);
#5159=EDGE_CURVE('',#4603,#4615,#431,.T.);
#5160=EDGE_CURVE('',#4601,#4617,#432,.T.);
#5161=EDGE_CURVE('',#4615,#4617,#433,.T.);
#5162=EDGE_CURVE('',#4617,#4608,#434,.T.);
#5163=EDGE_CURVE('',#4617,#4618,#435,.T.);
#5164=EDGE_CURVE('',#4618,#4609,#436,.T.);
#5165=EDGE_CURVE('',#4616,#4618,#437,.T.);
#5166=EDGE_CURVE('',#4619,#4620,#438,.T.);
#5167=EDGE_CURVE('',#4620,#4621,#439,.T.);
#5168=EDGE_CURVE('',#4621,#4622,#440,.T.);
#5169=EDGE_CURVE('',#4619,#4622,#441,.T.);
#5170=EDGE_CURVE('',#4623,#4624,#442,.T.);
#5171=EDGE_CURVE('',#4625,#4623,#443,.T.);
#5172=EDGE_CURVE('',#4626,#4625,#444,.T.);
#5173=EDGE_CURVE('',#4624,#4626,#445,.T.);
#5174=EDGE_CURVE('',#4627,#4625,#446,.T.);
#5175=EDGE_CURVE('',#4628,#4627,#447,.T.);
#5176=EDGE_CURVE('',#4626,#4628,#448,.T.);
#5177=EDGE_CURVE('',#4629,#4630,#449,.T.);
#5178=EDGE_CURVE('',#4630,#4631,#450,.T.);
#5179=EDGE_CURVE('',#4627,#4631,#451,.T.);
#5180=EDGE_CURVE('',#4623,#4621,#452,.T.);
#5181=EDGE_CURVE('',#4620,#4629,#453,.T.);
#5182=EDGE_CURVE('',#4631,#4632,#454,.T.);
#5183=EDGE_CURVE('',#4633,#4630,#455,.T.);
#5184=EDGE_CURVE('',#4632,#4633,#456,.T.);
#5185=EDGE_CURVE('',#4634,#4629,#457,.T.);
#5186=EDGE_CURVE('',#4633,#4634,#458,.T.);
#5187=EDGE_CURVE('',#4635,#4636,#459,.T.);
#5188=EDGE_CURVE('',#4636,#4634,#460,.T.);
#5189=EDGE_CURVE('',#4635,#4619,#461,.T.);
#5190=EDGE_CURVE('',#4636,#4637,#462,.T.);
#5191=EDGE_CURVE('',#4637,#4575,#463,.T.);
#5192=EDGE_CURVE('',#4638,#4576,#464,.T.);
#5193=EDGE_CURVE('',#4632,#4638,#465,.T.);
#5194=EDGE_CURVE('',#4638,#4639,#466,.T.);
#5195=EDGE_CURVE('',#4639,#4578,#467,.T.);
#5196=EDGE_CURVE('',#4640,#4641,#468,.T.);
#5197=EDGE_CURVE('',#4641,#4642,#469,.T.);
#5198=EDGE_CURVE('',#4642,#4643,#470,.T.);
#5199=EDGE_CURVE('',#4643,#4644,#471,.T.);
#5200=EDGE_CURVE('',#4639,#4644,#472,.T.);
#5201=EDGE_CURVE('',#4577,#4640,#473,.T.);
#5202=EDGE_CURVE('',#4644,#4645,#474,.T.);
#5203=EDGE_CURVE('',#4643,#4646,#475,.T.);
#5204=EDGE_CURVE('',#4646,#4645,#476,.T.);
#5205=EDGE_CURVE('',#4646,#4647,#477,.T.);
#5206=EDGE_CURVE('',#4647,#4642,#478,.T.);
#5207=EDGE_CURVE('',#4648,#4649,#479,.T.);
#5208=EDGE_CURVE('',#4650,#4648,#480,.T.);
#5209=EDGE_CURVE('',#4647,#4650,#481,.T.);
#5210=EDGE_CURVE('',#4649,#4641,#482,.T.);
#5211=EDGE_CURVE('',#4651,#4649,#483,.T.);
#5212=EDGE_CURVE('',#4640,#4651,#484,.T.);
#5213=EDGE_CURVE('',#4651,#4652,#485,.T.);
#5214=EDGE_CURVE('',#4637,#4652,#486,.T.);
#5215=EDGE_CURVE('',#4652,#4635,#487,.T.);
#5216=EDGE_CURVE('',#4622,#4653,#488,.T.);
#5217=EDGE_CURVE('',#4653,#4648,#489,.T.);
#5218=EDGE_CURVE('',#4654,#4653,#490,.T.);
#5219=EDGE_CURVE('',#4650,#4654,#491,.T.);
#5220=EDGE_CURVE('',#4624,#4654,#492,.T.);
#5221=EDGE_CURVE('',#4645,#4628,#493,.T.);
#5222=EDGE_CURVE('',#4655,#4655,#5610,.T.);
#5223=EDGE_CURVE('',#4558,#4557,#5611,.T.);
#5224=CIRCLE('',#5613,0.3);
#5225=CIRCLE('',#5615,0.300000000000005);
#5226=CIRCLE('',#5617,0.299999999999998);
#5227=CIRCLE('',#5619,0.299999999999998);
#5228=CIRCLE('',#5621,0.3);
#5229=CIRCLE('',#5623,0.3);
#5230=CIRCLE('',#5624,0.299999999999995);
#5231=CIRCLE('',#5627,0.3);
#5232=CIRCLE('',#5629,0.299999999999999);
#5233=CIRCLE('',#5631,0.3);
#5234=CIRCLE('',#5633,0.299999999999999);
#5235=CIRCLE('',#5635,0.299999999999999);
#5236=CIRCLE('',#5637,0.3);
#5237=CIRCLE('',#5639,0.300000000000005);
#5238=CIRCLE('',#5641,0.299999999999998);
#5239=CIRCLE('',#5643,0.299999999999998);
#5240=CIRCLE('',#5645,0.3);
#5241=CIRCLE('',#5647,0.3);
#5242=CIRCLE('',#5648,0.299999999999995);
#5243=CIRCLE('',#5651,0.3);
#5244=CIRCLE('',#5653,0.299999999999999);
#5245=CIRCLE('',#5655,0.3);
#5246=CIRCLE('',#5657,0.299999999999999);
#5247=CIRCLE('',#5659,0.299999999999999);
#5248=CIRCLE('',#5661,0.3);
#5249=CIRCLE('',#5663,0.300000000000005);
#5250=CIRCLE('',#5665,0.299999999999998);
#5251=CIRCLE('',#5667,0.299999999999998);
#5252=CIRCLE('',#5669,0.3);
#5253=CIRCLE('',#5671,0.3);
#5254=CIRCLE('',#5672,0.299999999999995);
#5255=CIRCLE('',#5675,0.3);
#5256=CIRCLE('',#5677,0.299999999999999);
#5257=CIRCLE('',#5679,0.3);
#5258=CIRCLE('',#5681,0.299999999999999);
#5259=CIRCLE('',#5683,0.299999999999999);
#5260=CIRCLE('',#5685,0.3);
#5261=CIRCLE('',#5687,0.300000000000005);
#5262=CIRCLE('',#5689,0.299999999999998);
#5263=CIRCLE('',#5691,0.299999999999998);
#5264=CIRCLE('',#5693,0.3);
#5265=CIRCLE('',#5695,0.3);
#5266=CIRCLE('',#5696,0.299999999999995);
#5267=CIRCLE('',#5699,0.3);
#5268=CIRCLE('',#5701,0.299999999999999);
#5269=CIRCLE('',#5703,0.3);
#5270=CIRCLE('',#5705,0.299999999999999);
#5271=CIRCLE('',#5707,0.299999999999999);
#5272=CIRCLE('',#5709,0.3);
#5273=CIRCLE('',#5711,0.300000000000005);
#5274=CIRCLE('',#5713,0.299999999999998);
#5275=CIRCLE('',#5715,0.299999999999998);
#5276=CIRCLE('',#5717,0.3);
#5277=CIRCLE('',#5719,0.3);
#5278=CIRCLE('',#5720,0.299999999999995);
#5279=CIRCLE('',#5723,0.3);
#5280=CIRCLE('',#5725,0.299999999999999);
#5281=CIRCLE('',#5727,0.3);
#5282=CIRCLE('',#5729,0.299999999999999);
#5283=CIRCLE('',#5731,0.299999999999999);
#5284=CIRCLE('',#5733,0.3);
#5285=CIRCLE('',#5735,0.300000000000005);
#5286=CIRCLE('',#5737,0.299999999999998);
#5287=CIRCLE('',#5739,0.299999999999998);
#5288=CIRCLE('',#5741,0.3);
#5289=CIRCLE('',#5743,0.3);
#5290=CIRCLE('',#5744,0.299999999999995);
#5291=CIRCLE('',#5747,0.3);
#5292=CIRCLE('',#5749,0.299999999999999);
#5293=CIRCLE('',#5751,0.3);
#5294=CIRCLE('',#5753,0.299999999999999);
#5295=CIRCLE('',#5755,0.299999999999999);
#5296=CIRCLE('',#5757,0.3);
#5297=CIRCLE('',#5759,0.300000000000005);
#5298=CIRCLE('',#5761,0.299999999999998);
#5299=CIRCLE('',#5763,0.299999999999998);
#5300=CIRCLE('',#5765,0.3);
#5301=CIRCLE('',#5767,0.3);
#5302=CIRCLE('',#5768,0.299999999999995);
#5303=CIRCLE('',#5771,0.3);
#5304=CIRCLE('',#5773,0.299999999999999);
#5305=CIRCLE('',#5775,0.3);
#5306=CIRCLE('',#5777,0.299999999999999);
#5307=CIRCLE('',#5779,0.299999999999999);
#5308=CIRCLE('',#5781,0.3);
#5309=CIRCLE('',#5783,0.300000000000005);
#5310=CIRCLE('',#5785,0.299999999999998);
#5311=CIRCLE('',#5787,0.299999999999998);
#5312=CIRCLE('',#5789,0.3);
#5313=CIRCLE('',#5791,0.3);
#5314=CIRCLE('',#5792,0.299999999999995);
#5315=CIRCLE('',#5795,0.3);
#5316=CIRCLE('',#5797,0.299999999999999);
#5317=CIRCLE('',#5799,0.3);
#5318=CIRCLE('',#5801,0.299999999999999);
#5319=CIRCLE('',#5803,0.299999999999999);
#5320=CIRCLE('',#5805,0.3);
#5321=CIRCLE('',#5807,0.300000000000005);
#5322=CIRCLE('',#5809,0.299999999999998);
#5323=CIRCLE('',#5811,0.299999999999998);
#5324=CIRCLE('',#5813,0.3);
#5325=CIRCLE('',#5815,0.3);
#5326=CIRCLE('',#5816,0.299999999999995);
#5327=CIRCLE('',#5819,0.3);
#5328=CIRCLE('',#5821,0.299999999999999);
#5329=CIRCLE('',#5823,0.3);
#5330=CIRCLE('',#5825,0.299999999999999);
#5331=CIRCLE('',#5827,0.299999999999999);
#5332=CIRCLE('',#5829,0.3);
#5333=CIRCLE('',#5831,0.300000000000005);
#5334=CIRCLE('',#5833,0.299999999999998);
#5335=CIRCLE('',#5835,0.299999999999998);
#5336=CIRCLE('',#5837,0.3);
#5337=CIRCLE('',#5839,0.3);
#5338=CIRCLE('',#5840,0.299999999999995);
#5339=CIRCLE('',#5843,0.3);
#5340=CIRCLE('',#5845,0.299999999999999);
#5341=CIRCLE('',#5847,0.3);
#5342=CIRCLE('',#5849,0.299999999999999);
#5343=CIRCLE('',#5851,0.299999999999999);
#5344=CIRCLE('',#5853,0.3);
#5345=CIRCLE('',#5855,0.300000000000005);
#5346=CIRCLE('',#5857,0.299999999999998);
#5347=CIRCLE('',#5859,0.299999999999998);
#5348=CIRCLE('',#5861,0.3);
#5349=CIRCLE('',#5863,0.3);
#5350=CIRCLE('',#5864,0.299999999999995);
#5351=CIRCLE('',#5867,0.3);
#5352=CIRCLE('',#5869,0.299999999999999);
#5353=CIRCLE('',#5871,0.3);
#5354=CIRCLE('',#5873,0.299999999999999);
#5355=CIRCLE('',#5875,0.299999999999999);
#5356=CIRCLE('',#5877,0.3);
#5357=CIRCLE('',#5879,0.300000000000005);
#5358=CIRCLE('',#5881,0.299999999999998);
#5359=CIRCLE('',#5883,0.299999999999998);
#5360=CIRCLE('',#5885,0.3);
#5361=CIRCLE('',#5887,0.3);
#5362=CIRCLE('',#5888,0.299999999999995);
#5363=CIRCLE('',#5891,0.3);
#5364=CIRCLE('',#5893,0.299999999999999);
#5365=CIRCLE('',#5895,0.3);
#5366=CIRCLE('',#5897,0.299999999999999);
#5367=CIRCLE('',#5899,0.299999999999999);
#5368=CIRCLE('',#5901,0.3);
#5369=CIRCLE('',#5903,0.300000000000005);
#5370=CIRCLE('',#5905,0.299999999999998);
#5371=CIRCLE('',#5907,0.299999999999998);
#5372=CIRCLE('',#5909,0.3);
#5373=CIRCLE('',#5911,0.3);
#5374=CIRCLE('',#5912,0.299999999999995);
#5375=CIRCLE('',#5915,0.3);
#5376=CIRCLE('',#5917,0.299999999999999);
#5377=CIRCLE('',#5919,0.3);
#5378=CIRCLE('',#5921,0.299999999999999);
#5379=CIRCLE('',#5923,0.299999999999999);
#5380=CIRCLE('',#5925,0.3);
#5381=CIRCLE('',#5927,0.300000000000005);
#5382=CIRCLE('',#5929,0.299999999999998);
#5383=CIRCLE('',#5931,0.299999999999998);
#5384=CIRCLE('',#5933,0.3);
#5385=CIRCLE('',#5935,0.3);
#5386=CIRCLE('',#5936,0.299999999999995);
#5387=CIRCLE('',#5939,0.3);
#5388=CIRCLE('',#5941,0.299999999999999);
#5389=CIRCLE('',#5943,0.3);
#5390=CIRCLE('',#5945,0.299999999999999);
#5391=CIRCLE('',#5947,0.299999999999999);
#5392=CIRCLE('',#5949,0.3);
#5393=CIRCLE('',#5951,0.300000000000005);
#5394=CIRCLE('',#5953,0.299999999999998);
#5395=CIRCLE('',#5955,0.299999999999998);
#5396=CIRCLE('',#5957,0.3);
#5397=CIRCLE('',#5959,0.3);
#5398=CIRCLE('',#5960,0.299999999999995);
#5399=CIRCLE('',#5963,0.3);
#5400=CIRCLE('',#5965,0.299999999999999);
#5401=CIRCLE('',#5967,0.3);
#5402=CIRCLE('',#5969,0.299999999999999);
#5403=CIRCLE('',#5971,0.299999999999999);
#5404=CIRCLE('',#5973,0.3);
#5405=CIRCLE('',#5975,0.300000000000005);
#5406=CIRCLE('',#5977,0.299999999999998);
#5407=CIRCLE('',#5979,0.299999999999998);
#5408=CIRCLE('',#5981,0.3);
#5409=CIRCLE('',#5983,0.3);
#5410=CIRCLE('',#5984,0.299999999999995);
#5411=CIRCLE('',#5987,0.3);
#5412=CIRCLE('',#5989,0.299999999999999);
#5413=CIRCLE('',#5991,0.3);
#5414=CIRCLE('',#5993,0.299999999999999);
#5415=CIRCLE('',#5995,0.299999999999999);
#5416=CIRCLE('',#5997,0.3);
#5417=CIRCLE('',#5999,0.300000000000005);
#5418=CIRCLE('',#6001,0.299999999999998);
#5419=CIRCLE('',#6003,0.299999999999998);
#5420=CIRCLE('',#6005,0.3);
#5421=CIRCLE('',#6007,0.3);
#5422=CIRCLE('',#6008,0.299999999999995);
#5423=CIRCLE('',#6011,0.3);
#5424=CIRCLE('',#6013,0.299999999999999);
#5425=CIRCLE('',#6015,0.3);
#5426=CIRCLE('',#6017,0.299999999999999);
#5427=CIRCLE('',#6019,0.299999999999999);
#5428=CIRCLE('',#6021,0.3);
#5429=CIRCLE('',#6023,0.300000000000005);
#5430=CIRCLE('',#6025,0.299999999999998);
#5431=CIRCLE('',#6027,0.299999999999998);
#5432=CIRCLE('',#6029,0.3);
#5433=CIRCLE('',#6031,0.3);
#5434=CIRCLE('',#6032,0.299999999999995);
#5435=CIRCLE('',#6035,0.3);
#5436=CIRCLE('',#6037,0.299999999999999);
#5437=CIRCLE('',#6039,0.3);
#5438=CIRCLE('',#6041,0.299999999999999);
#5439=CIRCLE('',#6043,0.299999999999999);
#5440=CIRCLE('',#6045,0.3);
#5441=CIRCLE('',#6047,0.300000000000005);
#5442=CIRCLE('',#6049,0.299999999999998);
#5443=CIRCLE('',#6051,0.299999999999998);
#5444=CIRCLE('',#6053,0.3);
#5445=CIRCLE('',#6055,0.3);
#5446=CIRCLE('',#6056,0.299999999999995);
#5447=CIRCLE('',#6059,0.3);
#5448=CIRCLE('',#6061,0.299999999999999);
#5449=CIRCLE('',#6063,0.3);
#5450=CIRCLE('',#6065,0.299999999999999);
#5451=CIRCLE('',#6067,0.299999999999999);
#5452=CIRCLE('',#6069,0.3);
#5453=CIRCLE('',#6071,0.300000000000005);
#5454=CIRCLE('',#6073,0.299999999999998);
#5455=CIRCLE('',#6075,0.299999999999998);
#5456=CIRCLE('',#6077,0.3);
#5457=CIRCLE('',#6079,0.3);
#5458=CIRCLE('',#6080,0.299999999999995);
#5459=CIRCLE('',#6083,0.3);
#5460=CIRCLE('',#6085,0.299999999999999);
#5461=CIRCLE('',#6087,0.3);
#5462=CIRCLE('',#6089,0.299999999999999);
#5463=CIRCLE('',#6091,0.299999999999999);
#5464=CIRCLE('',#6093,0.3);
#5465=CIRCLE('',#6095,0.300000000000005);
#5466=CIRCLE('',#6097,0.299999999999998);
#5467=CIRCLE('',#6099,0.299999999999998);
#5468=CIRCLE('',#6101,0.3);
#5469=CIRCLE('',#6103,0.3);
#5470=CIRCLE('',#6104,0.299999999999995);
#5471=CIRCLE('',#6107,0.3);
#5472=CIRCLE('',#6109,0.299999999999999);
#5473=CIRCLE('',#6111,0.3);
#5474=CIRCLE('',#6113,0.299999999999999);
#5475=CIRCLE('',#6115,0.299999999999999);
#5476=CIRCLE('',#6117,0.3);
#5477=CIRCLE('',#6119,0.300000000000005);
#5478=CIRCLE('',#6121,0.299999999999998);
#5479=CIRCLE('',#6123,0.299999999999998);
#5480=CIRCLE('',#6125,0.3);
#5481=CIRCLE('',#6127,0.3);
#5482=CIRCLE('',#6128,0.299999999999995);
#5483=CIRCLE('',#6131,0.3);
#5484=CIRCLE('',#6133,0.299999999999999);
#5485=CIRCLE('',#6135,0.3);
#5486=CIRCLE('',#6137,0.299999999999999);
#5487=CIRCLE('',#6139,0.299999999999999);
#5488=CIRCLE('',#6141,0.3);
#5489=CIRCLE('',#6143,0.300000000000005);
#5490=CIRCLE('',#6145,0.299999999999998);
#5491=CIRCLE('',#6147,0.299999999999998);
#5492=CIRCLE('',#6149,0.3);
#5493=CIRCLE('',#6151,0.3);
#5494=CIRCLE('',#6152,0.299999999999995);
#5495=CIRCLE('',#6155,0.3);
#5496=CIRCLE('',#6157,0.299999999999999);
#5497=CIRCLE('',#6159,0.3);
#5498=CIRCLE('',#6161,0.299999999999999);
#5499=CIRCLE('',#6163,0.299999999999999);
#5500=CIRCLE('',#6165,0.3);
#5501=CIRCLE('',#6167,0.300000000000005);
#5502=CIRCLE('',#6169,0.299999999999998);
#5503=CIRCLE('',#6171,0.299999999999998);
#5504=CIRCLE('',#6173,0.3);
#5505=CIRCLE('',#6175,0.3);
#5506=CIRCLE('',#6176,0.299999999999995);
#5507=CIRCLE('',#6179,0.3);
#5508=CIRCLE('',#6181,0.299999999999999);
#5509=CIRCLE('',#6183,0.3);
#5510=CIRCLE('',#6185,0.299999999999999);
#5511=CIRCLE('',#6187,0.299999999999999);
#5512=CIRCLE('',#6189,0.3);
#5513=CIRCLE('',#6191,0.300000000000005);
#5514=CIRCLE('',#6193,0.299999999999998);
#5515=CIRCLE('',#6195,0.299999999999998);
#5516=CIRCLE('',#6197,0.3);
#5517=CIRCLE('',#6199,0.3);
#5518=CIRCLE('',#6200,0.299999999999995);
#5519=CIRCLE('',#6203,0.3);
#5520=CIRCLE('',#6205,0.299999999999999);
#5521=CIRCLE('',#6207,0.3);
#5522=CIRCLE('',#6209,0.299999999999999);
#5523=CIRCLE('',#6211,0.299999999999999);
#5524=CIRCLE('',#6213,0.3);
#5525=CIRCLE('',#6215,0.300000000000005);
#5526=CIRCLE('',#6217,0.299999999999998);
#5527=CIRCLE('',#6219,0.299999999999998);
#5528=CIRCLE('',#6221,0.3);
#5529=CIRCLE('',#6223,0.3);
#5530=CIRCLE('',#6224,0.299999999999995);
#5531=CIRCLE('',#6227,0.3);
#5532=CIRCLE('',#6229,0.299999999999999);
#5533=CIRCLE('',#6231,0.3);
#5534=CIRCLE('',#6233,0.299999999999999);
#5535=CIRCLE('',#6235,0.299999999999999);
#5536=CIRCLE('',#6237,0.3);
#5537=CIRCLE('',#6239,0.300000000000005);
#5538=CIRCLE('',#6241,0.299999999999998);
#5539=CIRCLE('',#6243,0.299999999999998);
#5540=CIRCLE('',#6245,0.3);
#5541=CIRCLE('',#6247,0.3);
#5542=CIRCLE('',#6248,0.299999999999995);
#5543=CIRCLE('',#6251,0.3);
#5544=CIRCLE('',#6253,0.299999999999999);
#5545=CIRCLE('',#6255,0.3);
#5546=CIRCLE('',#6257,0.299999999999999);
#5547=CIRCLE('',#6259,0.299999999999999);
#5548=CIRCLE('',#6261,0.3);
#5549=CIRCLE('',#6263,0.300000000000005);
#5550=CIRCLE('',#6265,0.299999999999998);
#5551=CIRCLE('',#6267,0.299999999999998);
#5552=CIRCLE('',#6269,0.3);
#5553=CIRCLE('',#6271,0.3);
#5554=CIRCLE('',#6272,0.299999999999995);
#5555=CIRCLE('',#6275,0.3);
#5556=CIRCLE('',#6277,0.299999999999999);
#5557=CIRCLE('',#6279,0.3);
#5558=CIRCLE('',#6281,0.299999999999999);
#5559=CIRCLE('',#6283,0.299999999999999);
#5560=CIRCLE('',#6285,0.3);
#5561=CIRCLE('',#6287,0.300000000000005);
#5562=CIRCLE('',#6289,0.299999999999998);
#5563=CIRCLE('',#6291,0.299999999999998);
#5564=CIRCLE('',#6293,0.3);
#5565=CIRCLE('',#6295,0.3);
#5566=CIRCLE('',#6296,0.299999999999995);
#5567=CIRCLE('',#6299,0.3);
#5568=CIRCLE('',#6301,0.299999999999999);
#5569=CIRCLE('',#6303,0.3);
#5570=CIRCLE('',#6305,0.299999999999999);
#5571=CIRCLE('',#6307,0.299999999999999);
#5572=CIRCLE('',#6309,0.3);
#5573=CIRCLE('',#6311,0.300000000000005);
#5574=CIRCLE('',#6313,0.299999999999998);
#5575=CIRCLE('',#6315,0.299999999999998);
#5576=CIRCLE('',#6317,0.3);
#5577=CIRCLE('',#6319,0.3);
#5578=CIRCLE('',#6320,0.299999999999995);
#5579=CIRCLE('',#6323,0.3);
#5580=CIRCLE('',#6325,0.299999999999999);
#5581=CIRCLE('',#6327,0.3);
#5582=CIRCLE('',#6329,0.299999999999999);
#5583=CIRCLE('',#6331,0.299999999999999);
#5584=CIRCLE('',#6333,0.3);
#5585=CIRCLE('',#6335,0.299999999999998);
#5586=CIRCLE('',#6337,0.300000000000005);
#5587=CIRCLE('',#6339,0.300000000000002);
#5588=CIRCLE('',#6341,0.299999999999993);
#5589=CIRCLE('',#6343,0.3);
#5590=CIRCLE('',#6345,0.299999999999999);
#5591=CIRCLE('',#6347,0.300000000000005);
#5592=CIRCLE('',#6349,0.29999999999999);
#5593=CIRCLE('',#6351,0.3);
#5594=CIRCLE('',#6353,0.300000000000005);
#5595=CIRCLE('',#6355,0.299999999999995);
#5596=CIRCLE('',#6357,0.3);
#5597=CIRCLE('',#6359,0.3);
#5598=CIRCLE('',#6361,1.25000000000002);
#5599=CIRCLE('',#6362,1.25000000000001);
#5600=CIRCLE('',#6364,1.25);
#5601=CIRCLE('',#6365,1.25);
#5602=CIRCLE('',#6368,0.299999999999993);
#5603=CIRCLE('',#6370,0.299999999999999);
#5604=CIRCLE('',#6372,0.299999999999993);
#5605=CIRCLE('',#6374,0.3);
#5606=CIRCLE('',#6376,0.299999999999999);
#5607=CIRCLE('',#6378,0.299999999999999);
#5608=CIRCLE('',#6380,0.299999999999999);
#5609=CIRCLE('',#6382,0.3);
#5610=CIRCLE('',#6429,0.3);
#5611=CIRCLE('',#6431,0.299999999999998);
#5612=AXIS2_PLACEMENT_3D('',#8194,#6434,#6435);
#5613=AXIS2_PLACEMENT_3D('',#8195,#6436,#6437);
#5614=AXIS2_PLACEMENT_3D('',#8197,#6438,#6439);
#5615=AXIS2_PLACEMENT_3D('',#8198,#6440,#6441);
#5616=AXIS2_PLACEMENT_3D('',#8200,#6442,#6443);
#5617=AXIS2_PLACEMENT_3D('',#8217,#6444,#6445);
#5618=AXIS2_PLACEMENT_3D('',#8218,#6446,#6447);
#5619=AXIS2_PLACEMENT_3D('',#8219,#6448,#6449);
#5620=AXIS2_PLACEMENT_3D('',#8220,#6450,#6451);
#5621=AXIS2_PLACEMENT_3D('',#8221,#6452,#6453);
#5622=AXIS2_PLACEMENT_3D('',#8223,#6454,#6455);
#5623=AXIS2_PLACEMENT_3D('',#8224,#6456,#6457);
#5624=AXIS2_PLACEMENT_3D('',#8227,#6458,#6459);
#5625=AXIS2_PLACEMENT_3D('',#8228,#6460,#6461);
#5626=AXIS2_PLACEMENT_3D('',#8243,#6462,#6463);
#5627=AXIS2_PLACEMENT_3D('',#8244,#6464,#6465);
#5628=AXIS2_PLACEMENT_3D('',#8246,#6466,#6467);
#5629=AXIS2_PLACEMENT_3D('',#8247,#6468,#6469);
#5630=AXIS2_PLACEMENT_3D('',#8249,#6470,#6471);
#5631=AXIS2_PLACEMENT_3D('',#8250,#6472,#6473);
#5632=AXIS2_PLACEMENT_3D('',#8252,#6474,#6475);
#5633=AXIS2_PLACEMENT_3D('',#8253,#6476,#6477);
#5634=AXIS2_PLACEMENT_3D('',#8255,#6478,#6479);
#5635=AXIS2_PLACEMENT_3D('',#8256,#6480,#6481);
#5636=AXIS2_PLACEMENT_3D('',#8258,#6482,#6483);
#5637=AXIS2_PLACEMENT_3D('',#8259,#6484,#6485);
#5638=AXIS2_PLACEMENT_3D('',#8261,#6486,#6487);
#5639=AXIS2_PLACEMENT_3D('',#8262,#6488,#6489);
#5640=AXIS2_PLACEMENT_3D('',#8264,#6490,#6491);
#5641=AXIS2_PLACEMENT_3D('',#8281,#6492,#6493);
#5642=AXIS2_PLACEMENT_3D('',#8282,#6494,#6495);
#5643=AXIS2_PLACEMENT_3D('',#8283,#6496,#6497);
#5644=AXIS2_PLACEMENT_3D('',#8284,#6498,#6499);
#5645=AXIS2_PLACEMENT_3D('',#8285,#6500,#6501);
#5646=AXIS2_PLACEMENT_3D('',#8287,#6502,#6503);
#5647=AXIS2_PLACEMENT_3D('',#8288,#6504,#6505);
#5648=AXIS2_PLACEMENT_3D('',#8291,#6506,#6507);
#5649=AXIS2_PLACEMENT_3D('',#8292,#6508,#6509);
#5650=AXIS2_PLACEMENT_3D('',#8307,#6510,#6511);
#5651=AXIS2_PLACEMENT_3D('',#8308,#6512,#6513);
#5652=AXIS2_PLACEMENT_3D('',#8310,#6514,#6515);
#5653=AXIS2_PLACEMENT_3D('',#8311,#6516,#6517);
#5654=AXIS2_PLACEMENT_3D('',#8313,#6518,#6519);
#5655=AXIS2_PLACEMENT_3D('',#8314,#6520,#6521);
#5656=AXIS2_PLACEMENT_3D('',#8316,#6522,#6523);
#5657=AXIS2_PLACEMENT_3D('',#8317,#6524,#6525);
#5658=AXIS2_PLACEMENT_3D('',#8319,#6526,#6527);
#5659=AXIS2_PLACEMENT_3D('',#8320,#6528,#6529);
#5660=AXIS2_PLACEMENT_3D('',#8322,#6530,#6531);
#5661=AXIS2_PLACEMENT_3D('',#8323,#6532,#6533);
#5662=AXIS2_PLACEMENT_3D('',#8325,#6534,#6535);
#5663=AXIS2_PLACEMENT_3D('',#8326,#6536,#6537);
#5664=AXIS2_PLACEMENT_3D('',#8328,#6538,#6539);
#5665=AXIS2_PLACEMENT_3D('',#8345,#6540,#6541);
#5666=AXIS2_PLACEMENT_3D('',#8346,#6542,#6543);
#5667=AXIS2_PLACEMENT_3D('',#8347,#6544,#6545);
#5668=AXIS2_PLACEMENT_3D('',#8348,#6546,#6547);
#5669=AXIS2_PLACEMENT_3D('',#8349,#6548,#6549);
#5670=AXIS2_PLACEMENT_3D('',#8351,#6550,#6551);
#5671=AXIS2_PLACEMENT_3D('',#8352,#6552,#6553);
#5672=AXIS2_PLACEMENT_3D('',#8355,#6554,#6555);
#5673=AXIS2_PLACEMENT_3D('',#8356,#6556,#6557);
#5674=AXIS2_PLACEMENT_3D('',#8371,#6558,#6559);
#5675=AXIS2_PLACEMENT_3D('',#8372,#6560,#6561);
#5676=AXIS2_PLACEMENT_3D('',#8374,#6562,#6563);
#5677=AXIS2_PLACEMENT_3D('',#8375,#6564,#6565);
#5678=AXIS2_PLACEMENT_3D('',#8377,#6566,#6567);
#5679=AXIS2_PLACEMENT_3D('',#8378,#6568,#6569);
#5680=AXIS2_PLACEMENT_3D('',#8380,#6570,#6571);
#5681=AXIS2_PLACEMENT_3D('',#8381,#6572,#6573);
#5682=AXIS2_PLACEMENT_3D('',#8383,#6574,#6575);
#5683=AXIS2_PLACEMENT_3D('',#8384,#6576,#6577);
#5684=AXIS2_PLACEMENT_3D('',#8386,#6578,#6579);
#5685=AXIS2_PLACEMENT_3D('',#8387,#6580,#6581);
#5686=AXIS2_PLACEMENT_3D('',#8389,#6582,#6583);
#5687=AXIS2_PLACEMENT_3D('',#8390,#6584,#6585);
#5688=AXIS2_PLACEMENT_3D('',#8392,#6586,#6587);
#5689=AXIS2_PLACEMENT_3D('',#8409,#6588,#6589);
#5690=AXIS2_PLACEMENT_3D('',#8410,#6590,#6591);
#5691=AXIS2_PLACEMENT_3D('',#8411,#6592,#6593);
#5692=AXIS2_PLACEMENT_3D('',#8412,#6594,#6595);
#5693=AXIS2_PLACEMENT_3D('',#8413,#6596,#6597);
#5694=AXIS2_PLACEMENT_3D('',#8415,#6598,#6599);
#5695=AXIS2_PLACEMENT_3D('',#8416,#6600,#6601);
#5696=AXIS2_PLACEMENT_3D('',#8419,#6602,#6603);
#5697=AXIS2_PLACEMENT_3D('',#8420,#6604,#6605);
#5698=AXIS2_PLACEMENT_3D('',#8435,#6606,#6607);
#5699=AXIS2_PLACEMENT_3D('',#8436,#6608,#6609);
#5700=AXIS2_PLACEMENT_3D('',#8438,#6610,#6611);
#5701=AXIS2_PLACEMENT_3D('',#8439,#6612,#6613);
#5702=AXIS2_PLACEMENT_3D('',#8441,#6614,#6615);
#5703=AXIS2_PLACEMENT_3D('',#8442,#6616,#6617);
#5704=AXIS2_PLACEMENT_3D('',#8444,#6618,#6619);
#5705=AXIS2_PLACEMENT_3D('',#8445,#6620,#6621);
#5706=AXIS2_PLACEMENT_3D('',#8447,#6622,#6623);
#5707=AXIS2_PLACEMENT_3D('',#8448,#6624,#6625);
#5708=AXIS2_PLACEMENT_3D('',#8450,#6626,#6627);
#5709=AXIS2_PLACEMENT_3D('',#8451,#6628,#6629);
#5710=AXIS2_PLACEMENT_3D('',#8453,#6630,#6631);
#5711=AXIS2_PLACEMENT_3D('',#8454,#6632,#6633);
#5712=AXIS2_PLACEMENT_3D('',#8456,#6634,#6635);
#5713=AXIS2_PLACEMENT_3D('',#8473,#6636,#6637);
#5714=AXIS2_PLACEMENT_3D('',#8474,#6638,#6639);
#5715=AXIS2_PLACEMENT_3D('',#8475,#6640,#6641);
#5716=AXIS2_PLACEMENT_3D('',#8476,#6642,#6643);
#5717=AXIS2_PLACEMENT_3D('',#8477,#6644,#6645);
#5718=AXIS2_PLACEMENT_3D('',#8479,#6646,#6647);
#5719=AXIS2_PLACEMENT_3D('',#8480,#6648,#6649);
#5720=AXIS2_PLACEMENT_3D('',#8483,#6650,#6651);
#5721=AXIS2_PLACEMENT_3D('',#8484,#6652,#6653);
#5722=AXIS2_PLACEMENT_3D('',#8499,#6654,#6655);
#5723=AXIS2_PLACEMENT_3D('',#8500,#6656,#6657);
#5724=AXIS2_PLACEMENT_3D('',#8502,#6658,#6659);
#5725=AXIS2_PLACEMENT_3D('',#8503,#6660,#6661);
#5726=AXIS2_PLACEMENT_3D('',#8505,#6662,#6663);
#5727=AXIS2_PLACEMENT_3D('',#8506,#6664,#6665);
#5728=AXIS2_PLACEMENT_3D('',#8508,#6666,#6667);
#5729=AXIS2_PLACEMENT_3D('',#8509,#6668,#6669);
#5730=AXIS2_PLACEMENT_3D('',#8511,#6670,#6671);
#5731=AXIS2_PLACEMENT_3D('',#8512,#6672,#6673);
#5732=AXIS2_PLACEMENT_3D('',#8514,#6674,#6675);
#5733=AXIS2_PLACEMENT_3D('',#8515,#6676,#6677);
#5734=AXIS2_PLACEMENT_3D('',#8517,#6678,#6679);
#5735=AXIS2_PLACEMENT_3D('',#8518,#6680,#6681);
#5736=AXIS2_PLACEMENT_3D('',#8520,#6682,#6683);
#5737=AXIS2_PLACEMENT_3D('',#8537,#6684,#6685);
#5738=AXIS2_PLACEMENT_3D('',#8538,#6686,#6687);
#5739=AXIS2_PLACEMENT_3D('',#8539,#6688,#6689);
#5740=AXIS2_PLACEMENT_3D('',#8540,#6690,#6691);
#5741=AXIS2_PLACEMENT_3D('',#8541,#6692,#6693);
#5742=AXIS2_PLACEMENT_3D('',#8543,#6694,#6695);
#5743=AXIS2_PLACEMENT_3D('',#8544,#6696,#6697);
#5744=AXIS2_PLACEMENT_3D('',#8547,#6698,#6699);
#5745=AXIS2_PLACEMENT_3D('',#8548,#6700,#6701);
#5746=AXIS2_PLACEMENT_3D('',#8563,#6702,#6703);
#5747=AXIS2_PLACEMENT_3D('',#8564,#6704,#6705);
#5748=AXIS2_PLACEMENT_3D('',#8566,#6706,#6707);
#5749=AXIS2_PLACEMENT_3D('',#8567,#6708,#6709);
#5750=AXIS2_PLACEMENT_3D('',#8569,#6710,#6711);
#5751=AXIS2_PLACEMENT_3D('',#8570,#6712,#6713);
#5752=AXIS2_PLACEMENT_3D('',#8572,#6714,#6715);
#5753=AXIS2_PLACEMENT_3D('',#8573,#6716,#6717);
#5754=AXIS2_PLACEMENT_3D('',#8575,#6718,#6719);
#5755=AXIS2_PLACEMENT_3D('',#8576,#6720,#6721);
#5756=AXIS2_PLACEMENT_3D('',#8578,#6722,#6723);
#5757=AXIS2_PLACEMENT_3D('',#8579,#6724,#6725);
#5758=AXIS2_PLACEMENT_3D('',#8581,#6726,#6727);
#5759=AXIS2_PLACEMENT_3D('',#8582,#6728,#6729);
#5760=AXIS2_PLACEMENT_3D('',#8584,#6730,#6731);
#5761=AXIS2_PLACEMENT_3D('',#8601,#6732,#6733);
#5762=AXIS2_PLACEMENT_3D('',#8602,#6734,#6735);
#5763=AXIS2_PLACEMENT_3D('',#8603,#6736,#6737);
#5764=AXIS2_PLACEMENT_3D('',#8604,#6738,#6739);
#5765=AXIS2_PLACEMENT_3D('',#8605,#6740,#6741);
#5766=AXIS2_PLACEMENT_3D('',#8607,#6742,#6743);
#5767=AXIS2_PLACEMENT_3D('',#8608,#6744,#6745);
#5768=AXIS2_PLACEMENT_3D('',#8611,#6746,#6747);
#5769=AXIS2_PLACEMENT_3D('',#8612,#6748,#6749);
#5770=AXIS2_PLACEMENT_3D('',#8627,#6750,#6751);
#5771=AXIS2_PLACEMENT_3D('',#8628,#6752,#6753);
#5772=AXIS2_PLACEMENT_3D('',#8630,#6754,#6755);
#5773=AXIS2_PLACEMENT_3D('',#8631,#6756,#6757);
#5774=AXIS2_PLACEMENT_3D('',#8633,#6758,#6759);
#5775=AXIS2_PLACEMENT_3D('',#8634,#6760,#6761);
#5776=AXIS2_PLACEMENT_3D('',#8636,#6762,#6763);
#5777=AXIS2_PLACEMENT_3D('',#8637,#6764,#6765);
#5778=AXIS2_PLACEMENT_3D('',#8639,#6766,#6767);
#5779=AXIS2_PLACEMENT_3D('',#8640,#6768,#6769);
#5780=AXIS2_PLACEMENT_3D('',#8642,#6770,#6771);
#5781=AXIS2_PLACEMENT_3D('',#8643,#6772,#6773);
#5782=AXIS2_PLACEMENT_3D('',#8645,#6774,#6775);
#5783=AXIS2_PLACEMENT_3D('',#8646,#6776,#6777);
#5784=AXIS2_PLACEMENT_3D('',#8648,#6778,#6779);
#5785=AXIS2_PLACEMENT_3D('',#8665,#6780,#6781);
#5786=AXIS2_PLACEMENT_3D('',#8666,#6782,#6783);
#5787=AXIS2_PLACEMENT_3D('',#8667,#6784,#6785);
#5788=AXIS2_PLACEMENT_3D('',#8668,#6786,#6787);
#5789=AXIS2_PLACEMENT_3D('',#8669,#6788,#6789);
#5790=AXIS2_PLACEMENT_3D('',#8671,#6790,#6791);
#5791=AXIS2_PLACEMENT_3D('',#8672,#6792,#6793);
#5792=AXIS2_PLACEMENT_3D('',#8675,#6794,#6795);
#5793=AXIS2_PLACEMENT_3D('',#8676,#6796,#6797);
#5794=AXIS2_PLACEMENT_3D('',#8691,#6798,#6799);
#5795=AXIS2_PLACEMENT_3D('',#8692,#6800,#6801);
#5796=AXIS2_PLACEMENT_3D('',#8694,#6802,#6803);
#5797=AXIS2_PLACEMENT_3D('',#8695,#6804,#6805);
#5798=AXIS2_PLACEMENT_3D('',#8697,#6806,#6807);
#5799=AXIS2_PLACEMENT_3D('',#8698,#6808,#6809);
#5800=AXIS2_PLACEMENT_3D('',#8700,#6810,#6811);
#5801=AXIS2_PLACEMENT_3D('',#8701,#6812,#6813);
#5802=AXIS2_PLACEMENT_3D('',#8703,#6814,#6815);
#5803=AXIS2_PLACEMENT_3D('',#8704,#6816,#6817);
#5804=AXIS2_PLACEMENT_3D('',#8706,#6818,#6819);
#5805=AXIS2_PLACEMENT_3D('',#8707,#6820,#6821);
#5806=AXIS2_PLACEMENT_3D('',#8709,#6822,#6823);
#5807=AXIS2_PLACEMENT_3D('',#8710,#6824,#6825);
#5808=AXIS2_PLACEMENT_3D('',#8712,#6826,#6827);
#5809=AXIS2_PLACEMENT_3D('',#8729,#6828,#6829);
#5810=AXIS2_PLACEMENT_3D('',#8730,#6830,#6831);
#5811=AXIS2_PLACEMENT_3D('',#8731,#6832,#6833);
#5812=AXIS2_PLACEMENT_3D('',#8732,#6834,#6835);
#5813=AXIS2_PLACEMENT_3D('',#8733,#6836,#6837);
#5814=AXIS2_PLACEMENT_3D('',#8735,#6838,#6839);
#5815=AXIS2_PLACEMENT_3D('',#8736,#6840,#6841);
#5816=AXIS2_PLACEMENT_3D('',#8739,#6842,#6843);
#5817=AXIS2_PLACEMENT_3D('',#8740,#6844,#6845);
#5818=AXIS2_PLACEMENT_3D('',#8755,#6846,#6847);
#5819=AXIS2_PLACEMENT_3D('',#8756,#6848,#6849);
#5820=AXIS2_PLACEMENT_3D('',#8758,#6850,#6851);
#5821=AXIS2_PLACEMENT_3D('',#8759,#6852,#6853);
#5822=AXIS2_PLACEMENT_3D('',#8761,#6854,#6855);
#5823=AXIS2_PLACEMENT_3D('',#8762,#6856,#6857);
#5824=AXIS2_PLACEMENT_3D('',#8764,#6858,#6859);
#5825=AXIS2_PLACEMENT_3D('',#8765,#6860,#6861);
#5826=AXIS2_PLACEMENT_3D('',#8767,#6862,#6863);
#5827=AXIS2_PLACEMENT_3D('',#8768,#6864,#6865);
#5828=AXIS2_PLACEMENT_3D('',#8770,#6866,#6867);
#5829=AXIS2_PLACEMENT_3D('',#8771,#6868,#6869);
#5830=AXIS2_PLACEMENT_3D('',#8773,#6870,#6871);
#5831=AXIS2_PLACEMENT_3D('',#8774,#6872,#6873);
#5832=AXIS2_PLACEMENT_3D('',#8776,#6874,#6875);
#5833=AXIS2_PLACEMENT_3D('',#8793,#6876,#6877);
#5834=AXIS2_PLACEMENT_3D('',#8794,#6878,#6879);
#5835=AXIS2_PLACEMENT_3D('',#8795,#6880,#6881);
#5836=AXIS2_PLACEMENT_3D('',#8796,#6882,#6883);
#5837=AXIS2_PLACEMENT_3D('',#8797,#6884,#6885);
#5838=AXIS2_PLACEMENT_3D('',#8799,#6886,#6887);
#5839=AXIS2_PLACEMENT_3D('',#8800,#6888,#6889);
#5840=AXIS2_PLACEMENT_3D('',#8803,#6890,#6891);
#5841=AXIS2_PLACEMENT_3D('',#8804,#6892,#6893);
#5842=AXIS2_PLACEMENT_3D('',#8819,#6894,#6895);
#5843=AXIS2_PLACEMENT_3D('',#8820,#6896,#6897);
#5844=AXIS2_PLACEMENT_3D('',#8822,#6898,#6899);
#5845=AXIS2_PLACEMENT_3D('',#8823,#6900,#6901);
#5846=AXIS2_PLACEMENT_3D('',#8825,#6902,#6903);
#5847=AXIS2_PLACEMENT_3D('',#8826,#6904,#6905);
#5848=AXIS2_PLACEMENT_3D('',#8828,#6906,#6907);
#5849=AXIS2_PLACEMENT_3D('',#8829,#6908,#6909);
#5850=AXIS2_PLACEMENT_3D('',#8831,#6910,#6911);
#5851=AXIS2_PLACEMENT_3D('',#8832,#6912,#6913);
#5852=AXIS2_PLACEMENT_3D('',#8834,#6914,#6915);
#5853=AXIS2_PLACEMENT_3D('',#8835,#6916,#6917);
#5854=AXIS2_PLACEMENT_3D('',#8837,#6918,#6919);
#5855=AXIS2_PLACEMENT_3D('',#8838,#6920,#6921);
#5856=AXIS2_PLACEMENT_3D('',#8840,#6922,#6923);
#5857=AXIS2_PLACEMENT_3D('',#8857,#6924,#6925);
#5858=AXIS2_PLACEMENT_3D('',#8858,#6926,#6927);
#5859=AXIS2_PLACEMENT_3D('',#8859,#6928,#6929);
#5860=AXIS2_PLACEMENT_3D('',#8860,#6930,#6931);
#5861=AXIS2_PLACEMENT_3D('',#8861,#6932,#6933);
#5862=AXIS2_PLACEMENT_3D('',#8863,#6934,#6935);
#5863=AXIS2_PLACEMENT_3D('',#8864,#6936,#6937);
#5864=AXIS2_PLACEMENT_3D('',#8867,#6938,#6939);
#5865=AXIS2_PLACEMENT_3D('',#8868,#6940,#6941);
#5866=AXIS2_PLACEMENT_3D('',#8883,#6942,#6943);
#5867=AXIS2_PLACEMENT_3D('',#8884,#6944,#6945);
#5868=AXIS2_PLACEMENT_3D('',#8886,#6946,#6947);
#5869=AXIS2_PLACEMENT_3D('',#8887,#6948,#6949);
#5870=AXIS2_PLACEMENT_3D('',#8889,#6950,#6951);
#5871=AXIS2_PLACEMENT_3D('',#8890,#6952,#6953);
#5872=AXIS2_PLACEMENT_3D('',#8892,#6954,#6955);
#5873=AXIS2_PLACEMENT_3D('',#8893,#6956,#6957);
#5874=AXIS2_PLACEMENT_3D('',#8895,#6958,#6959);
#5875=AXIS2_PLACEMENT_3D('',#8896,#6960,#6961);
#5876=AXIS2_PLACEMENT_3D('',#8898,#6962,#6963);
#5877=AXIS2_PLACEMENT_3D('',#8899,#6964,#6965);
#5878=AXIS2_PLACEMENT_3D('',#8901,#6966,#6967);
#5879=AXIS2_PLACEMENT_3D('',#8902,#6968,#6969);
#5880=AXIS2_PLACEMENT_3D('',#8904,#6970,#6971);
#5881=AXIS2_PLACEMENT_3D('',#8921,#6972,#6973);
#5882=AXIS2_PLACEMENT_3D('',#8922,#6974,#6975);
#5883=AXIS2_PLACEMENT_3D('',#8923,#6976,#6977);
#5884=AXIS2_PLACEMENT_3D('',#8924,#6978,#6979);
#5885=AXIS2_PLACEMENT_3D('',#8925,#6980,#6981);
#5886=AXIS2_PLACEMENT_3D('',#8927,#6982,#6983);
#5887=AXIS2_PLACEMENT_3D('',#8928,#6984,#6985);
#5888=AXIS2_PLACEMENT_3D('',#8931,#6986,#6987);
#5889=AXIS2_PLACEMENT_3D('',#8932,#6988,#6989);
#5890=AXIS2_PLACEMENT_3D('',#8947,#6990,#6991);
#5891=AXIS2_PLACEMENT_3D('',#8948,#6992,#6993);
#5892=AXIS2_PLACEMENT_3D('',#8950,#6994,#6995);
#5893=AXIS2_PLACEMENT_3D('',#8951,#6996,#6997);
#5894=AXIS2_PLACEMENT_3D('',#8953,#6998,#6999);
#5895=AXIS2_PLACEMENT_3D('',#8954,#7000,#7001);
#5896=AXIS2_PLACEMENT_3D('',#8956,#7002,#7003);
#5897=AXIS2_PLACEMENT_3D('',#8957,#7004,#7005);
#5898=AXIS2_PLACEMENT_3D('',#8959,#7006,#7007);
#5899=AXIS2_PLACEMENT_3D('',#8960,#7008,#7009);
#5900=AXIS2_PLACEMENT_3D('',#8962,#7010,#7011);
#5901=AXIS2_PLACEMENT_3D('',#8963,#7012,#7013);
#5902=AXIS2_PLACEMENT_3D('',#8965,#7014,#7015);
#5903=AXIS2_PLACEMENT_3D('',#8966,#7016,#7017);
#5904=AXIS2_PLACEMENT_3D('',#8968,#7018,#7019);
#5905=AXIS2_PLACEMENT_3D('',#8985,#7020,#7021);
#5906=AXIS2_PLACEMENT_3D('',#8986,#7022,#7023);
#5907=AXIS2_PLACEMENT_3D('',#8987,#7024,#7025);
#5908=AXIS2_PLACEMENT_3D('',#8988,#7026,#7027);
#5909=AXIS2_PLACEMENT_3D('',#8989,#7028,#7029);
#5910=AXIS2_PLACEMENT_3D('',#8991,#7030,#7031);
#5911=AXIS2_PLACEMENT_3D('',#8992,#7032,#7033);
#5912=AXIS2_PLACEMENT_3D('',#8995,#7034,#7035);
#5913=AXIS2_PLACEMENT_3D('',#8996,#7036,#7037);
#5914=AXIS2_PLACEMENT_3D('',#9011,#7038,#7039);
#5915=AXIS2_PLACEMENT_3D('',#9012,#7040,#7041);
#5916=AXIS2_PLACEMENT_3D('',#9014,#7042,#7043);
#5917=AXIS2_PLACEMENT_3D('',#9015,#7044,#7045);
#5918=AXIS2_PLACEMENT_3D('',#9017,#7046,#7047);
#5919=AXIS2_PLACEMENT_3D('',#9018,#7048,#7049);
#5920=AXIS2_PLACEMENT_3D('',#9020,#7050,#7051);
#5921=AXIS2_PLACEMENT_3D('',#9021,#7052,#7053);
#5922=AXIS2_PLACEMENT_3D('',#9023,#7054,#7055);
#5923=AXIS2_PLACEMENT_3D('',#9024,#7056,#7057);
#5924=AXIS2_PLACEMENT_3D('',#9026,#7058,#7059);
#5925=AXIS2_PLACEMENT_3D('',#9027,#7060,#7061);
#5926=AXIS2_PLACEMENT_3D('',#9029,#7062,#7063);
#5927=AXIS2_PLACEMENT_3D('',#9030,#7064,#7065);
#5928=AXIS2_PLACEMENT_3D('',#9032,#7066,#7067);
#5929=AXIS2_PLACEMENT_3D('',#9049,#7068,#7069);
#5930=AXIS2_PLACEMENT_3D('',#9050,#7070,#7071);
#5931=AXIS2_PLACEMENT_3D('',#9051,#7072,#7073);
#5932=AXIS2_PLACEMENT_3D('',#9052,#7074,#7075);
#5933=AXIS2_PLACEMENT_3D('',#9053,#7076,#7077);
#5934=AXIS2_PLACEMENT_3D('',#9055,#7078,#7079);
#5935=AXIS2_PLACEMENT_3D('',#9056,#7080,#7081);
#5936=AXIS2_PLACEMENT_3D('',#9059,#7082,#7083);
#5937=AXIS2_PLACEMENT_3D('',#9060,#7084,#7085);
#5938=AXIS2_PLACEMENT_3D('',#9075,#7086,#7087);
#5939=AXIS2_PLACEMENT_3D('',#9076,#7088,#7089);
#5940=AXIS2_PLACEMENT_3D('',#9078,#7090,#7091);
#5941=AXIS2_PLACEMENT_3D('',#9079,#7092,#7093);
#5942=AXIS2_PLACEMENT_3D('',#9081,#7094,#7095);
#5943=AXIS2_PLACEMENT_3D('',#9082,#7096,#7097);
#5944=AXIS2_PLACEMENT_3D('',#9084,#7098,#7099);
#5945=AXIS2_PLACEMENT_3D('',#9085,#7100,#7101);
#5946=AXIS2_PLACEMENT_3D('',#9087,#7102,#7103);
#5947=AXIS2_PLACEMENT_3D('',#9088,#7104,#7105);
#5948=AXIS2_PLACEMENT_3D('',#9090,#7106,#7107);
#5949=AXIS2_PLACEMENT_3D('',#9091,#7108,#7109);
#5950=AXIS2_PLACEMENT_3D('',#9093,#7110,#7111);
#5951=AXIS2_PLACEMENT_3D('',#9094,#7112,#7113);
#5952=AXIS2_PLACEMENT_3D('',#9096,#7114,#7115);
#5953=AXIS2_PLACEMENT_3D('',#9113,#7116,#7117);
#5954=AXIS2_PLACEMENT_3D('',#9114,#7118,#7119);
#5955=AXIS2_PLACEMENT_3D('',#9115,#7120,#7121);
#5956=AXIS2_PLACEMENT_3D('',#9116,#7122,#7123);
#5957=AXIS2_PLACEMENT_3D('',#9117,#7124,#7125);
#5958=AXIS2_PLACEMENT_3D('',#9119,#7126,#7127);
#5959=AXIS2_PLACEMENT_3D('',#9120,#7128,#7129);
#5960=AXIS2_PLACEMENT_3D('',#9123,#7130,#7131);
#5961=AXIS2_PLACEMENT_3D('',#9124,#7132,#7133);
#5962=AXIS2_PLACEMENT_3D('',#9139,#7134,#7135);
#5963=AXIS2_PLACEMENT_3D('',#9140,#7136,#7137);
#5964=AXIS2_PLACEMENT_3D('',#9142,#7138,#7139);
#5965=AXIS2_PLACEMENT_3D('',#9143,#7140,#7141);
#5966=AXIS2_PLACEMENT_3D('',#9145,#7142,#7143);
#5967=AXIS2_PLACEMENT_3D('',#9146,#7144,#7145);
#5968=AXIS2_PLACEMENT_3D('',#9148,#7146,#7147);
#5969=AXIS2_PLACEMENT_3D('',#9149,#7148,#7149);
#5970=AXIS2_PLACEMENT_3D('',#9151,#7150,#7151);
#5971=AXIS2_PLACEMENT_3D('',#9152,#7152,#7153);
#5972=AXIS2_PLACEMENT_3D('',#9154,#7154,#7155);
#5973=AXIS2_PLACEMENT_3D('',#9155,#7156,#7157);
#5974=AXIS2_PLACEMENT_3D('',#9157,#7158,#7159);
#5975=AXIS2_PLACEMENT_3D('',#9158,#7160,#7161);
#5976=AXIS2_PLACEMENT_3D('',#9160,#7162,#7163);
#5977=AXIS2_PLACEMENT_3D('',#9177,#7164,#7165);
#5978=AXIS2_PLACEMENT_3D('',#9178,#7166,#7167);
#5979=AXIS2_PLACEMENT_3D('',#9179,#7168,#7169);
#5980=AXIS2_PLACEMENT_3D('',#9180,#7170,#7171);
#5981=AXIS2_PLACEMENT_3D('',#9181,#7172,#7173);
#5982=AXIS2_PLACEMENT_3D('',#9183,#7174,#7175);
#5983=AXIS2_PLACEMENT_3D('',#9184,#7176,#7177);
#5984=AXIS2_PLACEMENT_3D('',#9187,#7178,#7179);
#5985=AXIS2_PLACEMENT_3D('',#9188,#7180,#7181);
#5986=AXIS2_PLACEMENT_3D('',#9203,#7182,#7183);
#5987=AXIS2_PLACEMENT_3D('',#9204,#7184,#7185);
#5988=AXIS2_PLACEMENT_3D('',#9206,#7186,#7187);
#5989=AXIS2_PLACEMENT_3D('',#9207,#7188,#7189);
#5990=AXIS2_PLACEMENT_3D('',#9209,#7190,#7191);
#5991=AXIS2_PLACEMENT_3D('',#9210,#7192,#7193);
#5992=AXIS2_PLACEMENT_3D('',#9212,#7194,#7195);
#5993=AXIS2_PLACEMENT_3D('',#9213,#7196,#7197);
#5994=AXIS2_PLACEMENT_3D('',#9215,#7198,#7199);
#5995=AXIS2_PLACEMENT_3D('',#9216,#7200,#7201);
#5996=AXIS2_PLACEMENT_3D('',#9218,#7202,#7203);
#5997=AXIS2_PLACEMENT_3D('',#9219,#7204,#7205);
#5998=AXIS2_PLACEMENT_3D('',#9221,#7206,#7207);
#5999=AXIS2_PLACEMENT_3D('',#9222,#7208,#7209);
#6000=AXIS2_PLACEMENT_3D('',#9224,#7210,#7211);
#6001=AXIS2_PLACEMENT_3D('',#9241,#7212,#7213);
#6002=AXIS2_PLACEMENT_3D('',#9242,#7214,#7215);
#6003=AXIS2_PLACEMENT_3D('',#9243,#7216,#7217);
#6004=AXIS2_PLACEMENT_3D('',#9244,#7218,#7219);
#6005=AXIS2_PLACEMENT_3D('',#9245,#7220,#7221);
#6006=AXIS2_PLACEMENT_3D('',#9247,#7222,#7223);
#6007=AXIS2_PLACEMENT_3D('',#9248,#7224,#7225);
#6008=AXIS2_PLACEMENT_3D('',#9251,#7226,#7227);
#6009=AXIS2_PLACEMENT_3D('',#9252,#7228,#7229);
#6010=AXIS2_PLACEMENT_3D('',#9267,#7230,#7231);
#6011=AXIS2_PLACEMENT_3D('',#9268,#7232,#7233);
#6012=AXIS2_PLACEMENT_3D('',#9270,#7234,#7235);
#6013=AXIS2_PLACEMENT_3D('',#9271,#7236,#7237);
#6014=AXIS2_PLACEMENT_3D('',#9273,#7238,#7239);
#6015=AXIS2_PLACEMENT_3D('',#9274,#7240,#7241);
#6016=AXIS2_PLACEMENT_3D('',#9276,#7242,#7243);
#6017=AXIS2_PLACEMENT_3D('',#9277,#7244,#7245);
#6018=AXIS2_PLACEMENT_3D('',#9279,#7246,#7247);
#6019=AXIS2_PLACEMENT_3D('',#9280,#7248,#7249);
#6020=AXIS2_PLACEMENT_3D('',#9282,#7250,#7251);
#6021=AXIS2_PLACEMENT_3D('',#9283,#7252,#7253);
#6022=AXIS2_PLACEMENT_3D('',#9285,#7254,#7255);
#6023=AXIS2_PLACEMENT_3D('',#9286,#7256,#7257);
#6024=AXIS2_PLACEMENT_3D('',#9288,#7258,#7259);
#6025=AXIS2_PLACEMENT_3D('',#9305,#7260,#7261);
#6026=AXIS2_PLACEMENT_3D('',#9306,#7262,#7263);
#6027=AXIS2_PLACEMENT_3D('',#9307,#7264,#7265);
#6028=AXIS2_PLACEMENT_3D('',#9308,#7266,#7267);
#6029=AXIS2_PLACEMENT_3D('',#9309,#7268,#7269);
#6030=AXIS2_PLACEMENT_3D('',#9311,#7270,#7271);
#6031=AXIS2_PLACEMENT_3D('',#9312,#7272,#7273);
#6032=AXIS2_PLACEMENT_3D('',#9315,#7274,#7275);
#6033=AXIS2_PLACEMENT_3D('',#9316,#7276,#7277);
#6034=AXIS2_PLACEMENT_3D('',#9331,#7278,#7279);
#6035=AXIS2_PLACEMENT_3D('',#9332,#7280,#7281);
#6036=AXIS2_PLACEMENT_3D('',#9334,#7282,#7283);
#6037=AXIS2_PLACEMENT_3D('',#9335,#7284,#7285);
#6038=AXIS2_PLACEMENT_3D('',#9337,#7286,#7287);
#6039=AXIS2_PLACEMENT_3D('',#9338,#7288,#7289);
#6040=AXIS2_PLACEMENT_3D('',#9340,#7290,#7291);
#6041=AXIS2_PLACEMENT_3D('',#9341,#7292,#7293);
#6042=AXIS2_PLACEMENT_3D('',#9343,#7294,#7295);
#6043=AXIS2_PLACEMENT_3D('',#9344,#7296,#7297);
#6044=AXIS2_PLACEMENT_3D('',#9346,#7298,#7299);
#6045=AXIS2_PLACEMENT_3D('',#9347,#7300,#7301);
#6046=AXIS2_PLACEMENT_3D('',#9349,#7302,#7303);
#6047=AXIS2_PLACEMENT_3D('',#9350,#7304,#7305);
#6048=AXIS2_PLACEMENT_3D('',#9352,#7306,#7307);
#6049=AXIS2_PLACEMENT_3D('',#9369,#7308,#7309);
#6050=AXIS2_PLACEMENT_3D('',#9370,#7310,#7311);
#6051=AXIS2_PLACEMENT_3D('',#9371,#7312,#7313);
#6052=AXIS2_PLACEMENT_3D('',#9372,#7314,#7315);
#6053=AXIS2_PLACEMENT_3D('',#9373,#7316,#7317);
#6054=AXIS2_PLACEMENT_3D('',#9375,#7318,#7319);
#6055=AXIS2_PLACEMENT_3D('',#9376,#7320,#7321);
#6056=AXIS2_PLACEMENT_3D('',#9379,#7322,#7323);
#6057=AXIS2_PLACEMENT_3D('',#9380,#7324,#7325);
#6058=AXIS2_PLACEMENT_3D('',#9395,#7326,#7327);
#6059=AXIS2_PLACEMENT_3D('',#9396,#7328,#7329);
#6060=AXIS2_PLACEMENT_3D('',#9398,#7330,#7331);
#6061=AXIS2_PLACEMENT_3D('',#9399,#7332,#7333);
#6062=AXIS2_PLACEMENT_3D('',#9401,#7334,#7335);
#6063=AXIS2_PLACEMENT_3D('',#9402,#7336,#7337);
#6064=AXIS2_PLACEMENT_3D('',#9404,#7338,#7339);
#6065=AXIS2_PLACEMENT_3D('',#9405,#7340,#7341);
#6066=AXIS2_PLACEMENT_3D('',#9407,#7342,#7343);
#6067=AXIS2_PLACEMENT_3D('',#9408,#7344,#7345);
#6068=AXIS2_PLACEMENT_3D('',#9410,#7346,#7347);
#6069=AXIS2_PLACEMENT_3D('',#9411,#7348,#7349);
#6070=AXIS2_PLACEMENT_3D('',#9413,#7350,#7351);
#6071=AXIS2_PLACEMENT_3D('',#9414,#7352,#7353);
#6072=AXIS2_PLACEMENT_3D('',#9416,#7354,#7355);
#6073=AXIS2_PLACEMENT_3D('',#9433,#7356,#7357);
#6074=AXIS2_PLACEMENT_3D('',#9434,#7358,#7359);
#6075=AXIS2_PLACEMENT_3D('',#9435,#7360,#7361);
#6076=AXIS2_PLACEMENT_3D('',#9436,#7362,#7363);
#6077=AXIS2_PLACEMENT_3D('',#9437,#7364,#7365);
#6078=AXIS2_PLACEMENT_3D('',#9439,#7366,#7367);
#6079=AXIS2_PLACEMENT_3D('',#9440,#7368,#7369);
#6080=AXIS2_PLACEMENT_3D('',#9443,#7370,#7371);
#6081=AXIS2_PLACEMENT_3D('',#9444,#7372,#7373);
#6082=AXIS2_PLACEMENT_3D('',#9459,#7374,#7375);
#6083=AXIS2_PLACEMENT_3D('',#9460,#7376,#7377);
#6084=AXIS2_PLACEMENT_3D('',#9462,#7378,#7379);
#6085=AXIS2_PLACEMENT_3D('',#9463,#7380,#7381);
#6086=AXIS2_PLACEMENT_3D('',#9465,#7382,#7383);
#6087=AXIS2_PLACEMENT_3D('',#9466,#7384,#7385);
#6088=AXIS2_PLACEMENT_3D('',#9468,#7386,#7387);
#6089=AXIS2_PLACEMENT_3D('',#9469,#7388,#7389);
#6090=AXIS2_PLACEMENT_3D('',#9471,#7390,#7391);
#6091=AXIS2_PLACEMENT_3D('',#9472,#7392,#7393);
#6092=AXIS2_PLACEMENT_3D('',#9474,#7394,#7395);
#6093=AXIS2_PLACEMENT_3D('',#9475,#7396,#7397);
#6094=AXIS2_PLACEMENT_3D('',#9477,#7398,#7399);
#6095=AXIS2_PLACEMENT_3D('',#9478,#7400,#7401);
#6096=AXIS2_PLACEMENT_3D('',#9480,#7402,#7403);
#6097=AXIS2_PLACEMENT_3D('',#9497,#7404,#7405);
#6098=AXIS2_PLACEMENT_3D('',#9498,#7406,#7407);
#6099=AXIS2_PLACEMENT_3D('',#9499,#7408,#7409);
#6100=AXIS2_PLACEMENT_3D('',#9500,#7410,#7411);
#6101=AXIS2_PLACEMENT_3D('',#9501,#7412,#7413);
#6102=AXIS2_PLACEMENT_3D('',#9503,#7414,#7415);
#6103=AXIS2_PLACEMENT_3D('',#9504,#7416,#7417);
#6104=AXIS2_PLACEMENT_3D('',#9507,#7418,#7419);
#6105=AXIS2_PLACEMENT_3D('',#9508,#7420,#7421);
#6106=AXIS2_PLACEMENT_3D('',#9523,#7422,#7423);
#6107=AXIS2_PLACEMENT_3D('',#9524,#7424,#7425);
#6108=AXIS2_PLACEMENT_3D('',#9526,#7426,#7427);
#6109=AXIS2_PLACEMENT_3D('',#9527,#7428,#7429);
#6110=AXIS2_PLACEMENT_3D('',#9529,#7430,#7431);
#6111=AXIS2_PLACEMENT_3D('',#9530,#7432,#7433);
#6112=AXIS2_PLACEMENT_3D('',#9532,#7434,#7435);
#6113=AXIS2_PLACEMENT_3D('',#9533,#7436,#7437);
#6114=AXIS2_PLACEMENT_3D('',#9535,#7438,#7439);
#6115=AXIS2_PLACEMENT_3D('',#9536,#7440,#7441);
#6116=AXIS2_PLACEMENT_3D('',#9538,#7442,#7443);
#6117=AXIS2_PLACEMENT_3D('',#9539,#7444,#7445);
#6118=AXIS2_PLACEMENT_3D('',#9541,#7446,#7447);
#6119=AXIS2_PLACEMENT_3D('',#9542,#7448,#7449);
#6120=AXIS2_PLACEMENT_3D('',#9544,#7450,#7451);
#6121=AXIS2_PLACEMENT_3D('',#9561,#7452,#7453);
#6122=AXIS2_PLACEMENT_3D('',#9562,#7454,#7455);
#6123=AXIS2_PLACEMENT_3D('',#9563,#7456,#7457);
#6124=AXIS2_PLACEMENT_3D('',#9564,#7458,#7459);
#6125=AXIS2_PLACEMENT_3D('',#9565,#7460,#7461);
#6126=AXIS2_PLACEMENT_3D('',#9567,#7462,#7463);
#6127=AXIS2_PLACEMENT_3D('',#9568,#7464,#7465);
#6128=AXIS2_PLACEMENT_3D('',#9571,#7466,#7467);
#6129=AXIS2_PLACEMENT_3D('',#9572,#7468,#7469);
#6130=AXIS2_PLACEMENT_3D('',#9587,#7470,#7471);
#6131=AXIS2_PLACEMENT_3D('',#9588,#7472,#7473);
#6132=AXIS2_PLACEMENT_3D('',#9590,#7474,#7475);
#6133=AXIS2_PLACEMENT_3D('',#9591,#7476,#7477);
#6134=AXIS2_PLACEMENT_3D('',#9593,#7478,#7479);
#6135=AXIS2_PLACEMENT_3D('',#9594,#7480,#7481);
#6136=AXIS2_PLACEMENT_3D('',#9596,#7482,#7483);
#6137=AXIS2_PLACEMENT_3D('',#9597,#7484,#7485);
#6138=AXIS2_PLACEMENT_3D('',#9599,#7486,#7487);
#6139=AXIS2_PLACEMENT_3D('',#9600,#7488,#7489);
#6140=AXIS2_PLACEMENT_3D('',#9602,#7490,#7491);
#6141=AXIS2_PLACEMENT_3D('',#9603,#7492,#7493);
#6142=AXIS2_PLACEMENT_3D('',#9605,#7494,#7495);
#6143=AXIS2_PLACEMENT_3D('',#9606,#7496,#7497);
#6144=AXIS2_PLACEMENT_3D('',#9608,#7498,#7499);
#6145=AXIS2_PLACEMENT_3D('',#9625,#7500,#7501);
#6146=AXIS2_PLACEMENT_3D('',#9626,#7502,#7503);
#6147=AXIS2_PLACEMENT_3D('',#9627,#7504,#7505);
#6148=AXIS2_PLACEMENT_3D('',#9628,#7506,#7507);
#6149=AXIS2_PLACEMENT_3D('',#9629,#7508,#7509);
#6150=AXIS2_PLACEMENT_3D('',#9631,#7510,#7511);
#6151=AXIS2_PLACEMENT_3D('',#9632,#7512,#7513);
#6152=AXIS2_PLACEMENT_3D('',#9635,#7514,#7515);
#6153=AXIS2_PLACEMENT_3D('',#9636,#7516,#7517);
#6154=AXIS2_PLACEMENT_3D('',#9651,#7518,#7519);
#6155=AXIS2_PLACEMENT_3D('',#9652,#7520,#7521);
#6156=AXIS2_PLACEMENT_3D('',#9654,#7522,#7523);
#6157=AXIS2_PLACEMENT_3D('',#9655,#7524,#7525);
#6158=AXIS2_PLACEMENT_3D('',#9657,#7526,#7527);
#6159=AXIS2_PLACEMENT_3D('',#9658,#7528,#7529);
#6160=AXIS2_PLACEMENT_3D('',#9660,#7530,#7531);
#6161=AXIS2_PLACEMENT_3D('',#9661,#7532,#7533);
#6162=AXIS2_PLACEMENT_3D('',#9663,#7534,#7535);
#6163=AXIS2_PLACEMENT_3D('',#9664,#7536,#7537);
#6164=AXIS2_PLACEMENT_3D('',#9666,#7538,#7539);
#6165=AXIS2_PLACEMENT_3D('',#9667,#7540,#7541);
#6166=AXIS2_PLACEMENT_3D('',#9669,#7542,#7543);
#6167=AXIS2_PLACEMENT_3D('',#9670,#7544,#7545);
#6168=AXIS2_PLACEMENT_3D('',#9672,#7546,#7547);
#6169=AXIS2_PLACEMENT_3D('',#9689,#7548,#7549);
#6170=AXIS2_PLACEMENT_3D('',#9690,#7550,#7551);
#6171=AXIS2_PLACEMENT_3D('',#9691,#7552,#7553);
#6172=AXIS2_PLACEMENT_3D('',#9692,#7554,#7555);
#6173=AXIS2_PLACEMENT_3D('',#9693,#7556,#7557);
#6174=AXIS2_PLACEMENT_3D('',#9695,#7558,#7559);
#6175=AXIS2_PLACEMENT_3D('',#9696,#7560,#7561);
#6176=AXIS2_PLACEMENT_3D('',#9699,#7562,#7563);
#6177=AXIS2_PLACEMENT_3D('',#9700,#7564,#7565);
#6178=AXIS2_PLACEMENT_3D('',#9715,#7566,#7567);
#6179=AXIS2_PLACEMENT_3D('',#9716,#7568,#7569);
#6180=AXIS2_PLACEMENT_3D('',#9718,#7570,#7571);
#6181=AXIS2_PLACEMENT_3D('',#9719,#7572,#7573);
#6182=AXIS2_PLACEMENT_3D('',#9721,#7574,#7575);
#6183=AXIS2_PLACEMENT_3D('',#9722,#7576,#7577);
#6184=AXIS2_PLACEMENT_3D('',#9724,#7578,#7579);
#6185=AXIS2_PLACEMENT_3D('',#9725,#7580,#7581);
#6186=AXIS2_PLACEMENT_3D('',#9727,#7582,#7583);
#6187=AXIS2_PLACEMENT_3D('',#9728,#7584,#7585);
#6188=AXIS2_PLACEMENT_3D('',#9730,#7586,#7587);
#6189=AXIS2_PLACEMENT_3D('',#9731,#7588,#7589);
#6190=AXIS2_PLACEMENT_3D('',#9733,#7590,#7591);
#6191=AXIS2_PLACEMENT_3D('',#9734,#7592,#7593);
#6192=AXIS2_PLACEMENT_3D('',#9736,#7594,#7595);
#6193=AXIS2_PLACEMENT_3D('',#9753,#7596,#7597);
#6194=AXIS2_PLACEMENT_3D('',#9754,#7598,#7599);
#6195=AXIS2_PLACEMENT_3D('',#9755,#7600,#7601);
#6196=AXIS2_PLACEMENT_3D('',#9756,#7602,#7603);
#6197=AXIS2_PLACEMENT_3D('',#9757,#7604,#7605);
#6198=AXIS2_PLACEMENT_3D('',#9759,#7606,#7607);
#6199=AXIS2_PLACEMENT_3D('',#9760,#7608,#7609);
#6200=AXIS2_PLACEMENT_3D('',#9763,#7610,#7611);
#6201=AXIS2_PLACEMENT_3D('',#9764,#7612,#7613);
#6202=AXIS2_PLACEMENT_3D('',#9779,#7614,#7615);
#6203=AXIS2_PLACEMENT_3D('',#9780,#7616,#7617);
#6204=AXIS2_PLACEMENT_3D('',#9782,#7618,#7619);
#6205=AXIS2_PLACEMENT_3D('',#9783,#7620,#7621);
#6206=AXIS2_PLACEMENT_3D('',#9785,#7622,#7623);
#6207=AXIS2_PLACEMENT_3D('',#9786,#7624,#7625);
#6208=AXIS2_PLACEMENT_3D('',#9788,#7626,#7627);
#6209=AXIS2_PLACEMENT_3D('',#9789,#7628,#7629);
#6210=AXIS2_PLACEMENT_3D('',#9791,#7630,#7631);
#6211=AXIS2_PLACEMENT_3D('',#9792,#7632,#7633);
#6212=AXIS2_PLACEMENT_3D('',#9794,#7634,#7635);
#6213=AXIS2_PLACEMENT_3D('',#9795,#7636,#7637);
#6214=AXIS2_PLACEMENT_3D('',#9797,#7638,#7639);
#6215=AXIS2_PLACEMENT_3D('',#9798,#7640,#7641);
#6216=AXIS2_PLACEMENT_3D('',#9800,#7642,#7643);
#6217=AXIS2_PLACEMENT_3D('',#9817,#7644,#7645);
#6218=AXIS2_PLACEMENT_3D('',#9818,#7646,#7647);
#6219=AXIS2_PLACEMENT_3D('',#9819,#7648,#7649);
#6220=AXIS2_PLACEMENT_3D('',#9820,#7650,#7651);
#6221=AXIS2_PLACEMENT_3D('',#9821,#7652,#7653);
#6222=AXIS2_PLACEMENT_3D('',#9823,#7654,#7655);
#6223=AXIS2_PLACEMENT_3D('',#9824,#7656,#7657);
#6224=AXIS2_PLACEMENT_3D('',#9827,#7658,#7659);
#6225=AXIS2_PLACEMENT_3D('',#9828,#7660,#7661);
#6226=AXIS2_PLACEMENT_3D('',#9843,#7662,#7663);
#6227=AXIS2_PLACEMENT_3D('',#9844,#7664,#7665);
#6228=AXIS2_PLACEMENT_3D('',#9846,#7666,#7667);
#6229=AXIS2_PLACEMENT_3D('',#9847,#7668,#7669);
#6230=AXIS2_PLACEMENT_3D('',#9849,#7670,#7671);
#6231=AXIS2_PLACEMENT_3D('',#9850,#7672,#7673);
#6232=AXIS2_PLACEMENT_3D('',#9852,#7674,#7675);
#6233=AXIS2_PLACEMENT_3D('',#9853,#7676,#7677);
#6234=AXIS2_PLACEMENT_3D('',#9855,#7678,#7679);
#6235=AXIS2_PLACEMENT_3D('',#9856,#7680,#7681);
#6236=AXIS2_PLACEMENT_3D('',#9858,#7682,#7683);
#6237=AXIS2_PLACEMENT_3D('',#9859,#7684,#7685);
#6238=AXIS2_PLACEMENT_3D('',#9861,#7686,#7687);
#6239=AXIS2_PLACEMENT_3D('',#9862,#7688,#7689);
#6240=AXIS2_PLACEMENT_3D('',#9864,#7690,#7691);
#6241=AXIS2_PLACEMENT_3D('',#9881,#7692,#7693);
#6242=AXIS2_PLACEMENT_3D('',#9882,#7694,#7695);
#6243=AXIS2_PLACEMENT_3D('',#9883,#7696,#7697);
#6244=AXIS2_PLACEMENT_3D('',#9884,#7698,#7699);
#6245=AXIS2_PLACEMENT_3D('',#9885,#7700,#7701);
#6246=AXIS2_PLACEMENT_3D('',#9887,#7702,#7703);
#6247=AXIS2_PLACEMENT_3D('',#9888,#7704,#7705);
#6248=AXIS2_PLACEMENT_3D('',#9891,#7706,#7707);
#6249=AXIS2_PLACEMENT_3D('',#9892,#7708,#7709);
#6250=AXIS2_PLACEMENT_3D('',#9907,#7710,#7711);
#6251=AXIS2_PLACEMENT_3D('',#9908,#7712,#7713);
#6252=AXIS2_PLACEMENT_3D('',#9910,#7714,#7715);
#6253=AXIS2_PLACEMENT_3D('',#9911,#7716,#7717);
#6254=AXIS2_PLACEMENT_3D('',#9913,#7718,#7719);
#6255=AXIS2_PLACEMENT_3D('',#9914,#7720,#7721);
#6256=AXIS2_PLACEMENT_3D('',#9916,#7722,#7723);
#6257=AXIS2_PLACEMENT_3D('',#9917,#7724,#7725);
#6258=AXIS2_PLACEMENT_3D('',#9919,#7726,#7727);
#6259=AXIS2_PLACEMENT_3D('',#9920,#7728,#7729);
#6260=AXIS2_PLACEMENT_3D('',#9922,#7730,#7731);
#6261=AXIS2_PLACEMENT_3D('',#9923,#7732,#7733);
#6262=AXIS2_PLACEMENT_3D('',#9925,#7734,#7735);
#6263=AXIS2_PLACEMENT_3D('',#9926,#7736,#7737);
#6264=AXIS2_PLACEMENT_3D('',#9928,#7738,#7739);
#6265=AXIS2_PLACEMENT_3D('',#9945,#7740,#7741);
#6266=AXIS2_PLACEMENT_3D('',#9946,#7742,#7743);
#6267=AXIS2_PLACEMENT_3D('',#9947,#7744,#7745);
#6268=AXIS2_PLACEMENT_3D('',#9948,#7746,#7747);
#6269=AXIS2_PLACEMENT_3D('',#9949,#7748,#7749);
#6270=AXIS2_PLACEMENT_3D('',#9951,#7750,#7751);
#6271=AXIS2_PLACEMENT_3D('',#9952,#7752,#7753);
#6272=AXIS2_PLACEMENT_3D('',#9955,#7754,#7755);
#6273=AXIS2_PLACEMENT_3D('',#9956,#7756,#7757);
#6274=AXIS2_PLACEMENT_3D('',#9971,#7758,#7759);
#6275=AXIS2_PLACEMENT_3D('',#9972,#7760,#7761);
#6276=AXIS2_PLACEMENT_3D('',#9974,#7762,#7763);
#6277=AXIS2_PLACEMENT_3D('',#9975,#7764,#7765);
#6278=AXIS2_PLACEMENT_3D('',#9977,#7766,#7767);
#6279=AXIS2_PLACEMENT_3D('',#9978,#7768,#7769);
#6280=AXIS2_PLACEMENT_3D('',#9980,#7770,#7771);
#6281=AXIS2_PLACEMENT_3D('',#9981,#7772,#7773);
#6282=AXIS2_PLACEMENT_3D('',#9983,#7774,#7775);
#6283=AXIS2_PLACEMENT_3D('',#9984,#7776,#7777);
#6284=AXIS2_PLACEMENT_3D('',#9986,#7778,#7779);
#6285=AXIS2_PLACEMENT_3D('',#9987,#7780,#7781);
#6286=AXIS2_PLACEMENT_3D('',#9989,#7782,#7783);
#6287=AXIS2_PLACEMENT_3D('',#9990,#7784,#7785);
#6288=AXIS2_PLACEMENT_3D('',#9992,#7786,#7787);
#6289=AXIS2_PLACEMENT_3D('',#10009,#7788,#7789);
#6290=AXIS2_PLACEMENT_3D('',#10010,#7790,#7791);
#6291=AXIS2_PLACEMENT_3D('',#10011,#7792,#7793);
#6292=AXIS2_PLACEMENT_3D('',#10012,#7794,#7795);
#6293=AXIS2_PLACEMENT_3D('',#10013,#7796,#7797);
#6294=AXIS2_PLACEMENT_3D('',#10015,#7798,#7799);
#6295=AXIS2_PLACEMENT_3D('',#10016,#7800,#7801);
#6296=AXIS2_PLACEMENT_3D('',#10019,#7802,#7803);
#6297=AXIS2_PLACEMENT_3D('',#10020,#7804,#7805);
#6298=AXIS2_PLACEMENT_3D('',#10035,#7806,#7807);
#6299=AXIS2_PLACEMENT_3D('',#10036,#7808,#7809);
#6300=AXIS2_PLACEMENT_3D('',#10038,#7810,#7811);
#6301=AXIS2_PLACEMENT_3D('',#10039,#7812,#7813);
#6302=AXIS2_PLACEMENT_3D('',#10041,#7814,#7815);
#6303=AXIS2_PLACEMENT_3D('',#10042,#7816,#7817);
#6304=AXIS2_PLACEMENT_3D('',#10044,#7818,#7819);
#6305=AXIS2_PLACEMENT_3D('',#10045,#7820,#7821);
#6306=AXIS2_PLACEMENT_3D('',#10047,#7822,#7823);
#6307=AXIS2_PLACEMENT_3D('',#10048,#7824,#7825);
#6308=AXIS2_PLACEMENT_3D('',#10050,#7826,#7827);
#6309=AXIS2_PLACEMENT_3D('',#10051,#7828,#7829);
#6310=AXIS2_PLACEMENT_3D('',#10053,#7830,#7831);
#6311=AXIS2_PLACEMENT_3D('',#10054,#7832,#7833);
#6312=AXIS2_PLACEMENT_3D('',#10056,#7834,#7835);
#6313=AXIS2_PLACEMENT_3D('',#10073,#7836,#7837);
#6314=AXIS2_PLACEMENT_3D('',#10074,#7838,#7839);
#6315=AXIS2_PLACEMENT_3D('',#10075,#7840,#7841);
#6316=AXIS2_PLACEMENT_3D('',#10076,#7842,#7843);
#6317=AXIS2_PLACEMENT_3D('',#10077,#7844,#7845);
#6318=AXIS2_PLACEMENT_3D('',#10079,#7846,#7847);
#6319=AXIS2_PLACEMENT_3D('',#10080,#7848,#7849);
#6320=AXIS2_PLACEMENT_3D('',#10083,#7850,#7851);
#6321=AXIS2_PLACEMENT_3D('',#10084,#7852,#7853);
#6322=AXIS2_PLACEMENT_3D('',#10099,#7854,#7855);
#6323=AXIS2_PLACEMENT_3D('',#10100,#7856,#7857);
#6324=AXIS2_PLACEMENT_3D('',#10102,#7858,#7859);
#6325=AXIS2_PLACEMENT_3D('',#10103,#7860,#7861);
#6326=AXIS2_PLACEMENT_3D('',#10105,#7862,#7863);
#6327=AXIS2_PLACEMENT_3D('',#10106,#7864,#7865);
#6328=AXIS2_PLACEMENT_3D('',#10108,#7866,#7867);
#6329=AXIS2_PLACEMENT_3D('',#10109,#7868,#7869);
#6330=AXIS2_PLACEMENT_3D('',#10111,#7870,#7871);
#6331=AXIS2_PLACEMENT_3D('',#10112,#7872,#7873);
#6332=AXIS2_PLACEMENT_3D('',#10114,#7874,#7875);
#6333=AXIS2_PLACEMENT_3D('',#10115,#7876,#7877);
#6334=AXIS2_PLACEMENT_3D('',#10117,#7878,#7879);
#6335=AXIS2_PLACEMENT_3D('',#10134,#7880,#7881);
#6336=AXIS2_PLACEMENT_3D('',#10135,#7882,#7883);
#6337=AXIS2_PLACEMENT_3D('',#10136,#7884,#7885);
#6338=AXIS2_PLACEMENT_3D('',#10138,#7886,#7887);
#6339=AXIS2_PLACEMENT_3D('',#10155,#7888,#7889);
#6340=AXIS2_PLACEMENT_3D('',#10156,#7890,#7891);
#6341=AXIS2_PLACEMENT_3D('',#10157,#7892,#7893);
#6342=AXIS2_PLACEMENT_3D('',#10158,#7894,#7895);
#6343=AXIS2_PLACEMENT_3D('',#10159,#7896,#7897);
#6344=AXIS2_PLACEMENT_3D('',#10161,#7898,#7899);
#6345=AXIS2_PLACEMENT_3D('',#10162,#7900,#7901);
#6346=AXIS2_PLACEMENT_3D('',#10164,#7902,#7903);
#6347=AXIS2_PLACEMENT_3D('',#10181,#7904,#7905);
#6348=AXIS2_PLACEMENT_3D('',#10182,#7906,#7907);
#6349=AXIS2_PLACEMENT_3D('',#10183,#7908,#7909);
#6350=AXIS2_PLACEMENT_3D('',#10184,#7910,#7911);
#6351=AXIS2_PLACEMENT_3D('',#10185,#7912,#7913);
#6352=AXIS2_PLACEMENT_3D('',#10187,#7914,#7915);
#6353=AXIS2_PLACEMENT_3D('',#10188,#7916,#7917);
#6354=AXIS2_PLACEMENT_3D('',#10190,#7918,#7919);
#6355=AXIS2_PLACEMENT_3D('',#10207,#7920,#7921);
#6356=AXIS2_PLACEMENT_3D('',#10208,#7922,#7923);
#6357=AXIS2_PLACEMENT_3D('',#10209,#7924,#7925);
#6358=AXIS2_PLACEMENT_3D('',#10210,#7926,#7927);
#6359=AXIS2_PLACEMENT_3D('',#10211,#7928,#7929);
#6360=AXIS2_PLACEMENT_3D('',#10213,#7930,#7931);
#6361=AXIS2_PLACEMENT_3D('',#10214,#7932,#7933);
#6362=AXIS2_PLACEMENT_3D('',#10216,#7934,#7935);
#6363=AXIS2_PLACEMENT_3D('',#10218,#7936,#7937);
#6364=AXIS2_PLACEMENT_3D('',#10219,#7938,#7939);
#6365=AXIS2_PLACEMENT_3D('',#10221,#7940,#7941);
#6366=AXIS2_PLACEMENT_3D('',#10223,#7942,#7943);
#6367=AXIS2_PLACEMENT_3D('',#10232,#7948,#7949);
#6368=AXIS2_PLACEMENT_3D('',#10233,#7950,#7951);
#6369=AXIS2_PLACEMENT_3D('',#10235,#7952,#7953);
#6370=AXIS2_PLACEMENT_3D('',#10236,#7954,#7955);
#6371=AXIS2_PLACEMENT_3D('',#10238,#7956,#7957);
#6372=AXIS2_PLACEMENT_3D('',#10239,#7958,#7959);
#6373=AXIS2_PLACEMENT_3D('',#10241,#7960,#7961);
#6374=AXIS2_PLACEMENT_3D('',#10242,#7962,#7963);
#6375=AXIS2_PLACEMENT_3D('',#10244,#7964,#7965);
#6376=AXIS2_PLACEMENT_3D('',#10245,#7966,#7967);
#6377=AXIS2_PLACEMENT_3D('',#10247,#7968,#7969);
#6378=AXIS2_PLACEMENT_3D('',#10248,#7970,#7971);
#6379=AXIS2_PLACEMENT_3D('',#10250,#7972,#7973);
#6380=AXIS2_PLACEMENT_3D('',#10251,#7974,#7975);
#6381=AXIS2_PLACEMENT_3D('',#10253,#7976,#7977);
#6382=AXIS2_PLACEMENT_3D('',#10254,#7978,#7979);
#6383=AXIS2_PLACEMENT_3D('',#10256,#7980,#7981);
#6384=AXIS2_PLACEMENT_3D('',#10265,#7986,#7987);
#6385=AXIS2_PLACEMENT_3D('',#10273,#7992,#7993);
#6386=AXIS2_PLACEMENT_3D('',#10277,#7996,#7997);
#6387=AXIS2_PLACEMENT_3D('',#10283,#8001,#8002);
#6388=AXIS2_PLACEMENT_3D('',#10289,#8006,#8007);
#6389=AXIS2_PLACEMENT_3D('',#10298,#8012,#8013);
#6390=AXIS2_PLACEMENT_3D('',#10304,#8017,#8018);
#6391=AXIS2_PLACEMENT_3D('',#10309,#8022,#8023);
#6392=AXIS2_PLACEMENT_3D('',#10313,#8026,#8027);
#6393=AXIS2_PLACEMENT_3D('',#10315,#8029,#8030);
#6394=AXIS2_PLACEMENT_3D('',#10319,#8033,#8034);
#6395=AXIS2_PLACEMENT_3D('',#10321,#8036,#8037);
#6396=AXIS2_PLACEMENT_3D('',#10323,#8039,#8040);
#6397=AXIS2_PLACEMENT_3D('',#10327,#8043,#8044);
#6398=AXIS2_PLACEMENT_3D('',#10333,#8048,#8049);
#6399=AXIS2_PLACEMENT_3D('',#10337,#8052,#8053);
#6400=AXIS2_PLACEMENT_3D('',#10341,#8056,#8057);
#6401=AXIS2_PLACEMENT_3D('',#10345,#8060,#8061);
#6402=AXIS2_PLACEMENT_3D('',#10349,#8064,#8065);
#6403=AXIS2_PLACEMENT_3D('',#10355,#8069,#8070);
#6404=AXIS2_PLACEMENT_3D('',#10357,#8072,#8073);
#6405=AXIS2_PLACEMENT_3D('',#10361,#8076,#8077);
#6406=AXIS2_PLACEMENT_3D('',#10363,#8079,#8080);
#6407=AXIS2_PLACEMENT_3D('',#10367,#8083,#8084);
#6408=AXIS2_PLACEMENT_3D('',#10369,#8086,#8087);
#6409=AXIS2_PLACEMENT_3D('',#10378,#8092,#8093);
#6410=AXIS2_PLACEMENT_3D('',#10387,#8098,#8099);
#6411=AXIS2_PLACEMENT_3D('',#10393,#8103,#8104);
#6412=AXIS2_PLACEMENT_3D('',#10402,#8110,#8111);
#6413=AXIS2_PLACEMENT_3D('',#10408,#8115,#8116);
#6414=AXIS2_PLACEMENT_3D('',#10412,#8119,#8120);
#6415=AXIS2_PLACEMENT_3D('',#10418,#8124,#8125);
#6416=AXIS2_PLACEMENT_3D('',#10425,#8130,#8131);
#6417=AXIS2_PLACEMENT_3D('',#10429,#8134,#8135);
#6418=AXIS2_PLACEMENT_3D('',#10441,#8142,#8143);
#6419=AXIS2_PLACEMENT_3D('',#10447,#8147,#8148);
#6420=AXIS2_PLACEMENT_3D('',#10451,#8151,#8152);
#6421=AXIS2_PLACEMENT_3D('',#10459,#8157,#8158);
#6422=AXIS2_PLACEMENT_3D('',#10463,#8161,#8162);
#6423=AXIS2_PLACEMENT_3D('',#10467,#8165,#8166);
#6424=AXIS2_PLACEMENT_3D('',#10469,#8168,#8169);
#6425=AXIS2_PLACEMENT_3D('',#10473,#8172,#8173);
#6426=AXIS2_PLACEMENT_3D('',#10477,#8176,#8177);
#6427=AXIS2_PLACEMENT_3D('',#10479,#8179,#8180);
#6428=AXIS2_PLACEMENT_3D('',#10481,#8182,#8183);
#6429=AXIS2_PLACEMENT_3D('',#10482,#8184,#8185);
#6430=AXIS2_PLACEMENT_3D('',#10484,#8186,#8187);
#6431=AXIS2_PLACEMENT_3D('',#10485,#8188,#8189);
#6432=AXIS2_PLACEMENT_3D('',#10486,#8190,#8191);
#6433=AXIS2_PLACEMENT_3D('',#10487,#8192,#8193);
#6434=DIRECTION('',(0.,0.,1.));
#6435=DIRECTION('',(1.,0.,0.));
#6436=DIRECTION('',(1.,-2.22565125738838E-15,1.28498035257544E-15));
#6437=DIRECTION('',(0.,-1.73472347597681E-14,-1.));
#6438=DIRECTION('',(-1.,0.,0.));
#6439=DIRECTION('',(0.,0.,-1.));
#6440=DIRECTION('',(1.,-2.22565125738836E-15,1.28498035257546E-15));
#6441=DIRECTION('',(0.,-1.73472347597678E-14,-1.));
#6442=DIRECTION('',(-1.,0.,0.));
#6443=DIRECTION('',(0.,0.,-1.));
#6444=DIRECTION('',(-1.,4.08878244448916E-15,-1.31238005485344E-14));
#6445=DIRECTION('',(-1.30104260698262E-14,-1.73472347597682E-14,0.999999999999999));
#6446=DIRECTION('',(-1.,-1.1128256286942E-15,6.42490176287741E-16));
#6447=DIRECTION('',(-7.22801448323643E-16,1.73472347597674E-14,-1.));
#6448=DIRECTION('',(-4.088782444489E-15,-1.,1.69362914210031E-15));
#6449=DIRECTION('',(1.66244333114445E-14,0.,-1.));
#6450=DIRECTION('',(0.,0.,0.999999999999999));
#6451=DIRECTION('',(1.,5.78241158658899E-15,0.));
#6452=DIRECTION('',(-4.45130251477657E-15,-1.,2.56996070515081E-15));
#6453=DIRECTION('',(-3.54172709678598E-14,0.,-1.));
#6454=DIRECTION('',(-2.22565125738842E-15,-1.,-1.2849803525755E-15));
#6455=DIRECTION('',(-1.80700362080912E-14,0.,-1.));
#6456=DIRECTION('',(-4.08878244448903E-15,-1.,4.5848349353949E-15));
#6457=DIRECTION('',(1.66244333114444E-14,-5.78241158658937E-15,-1.));
#6458=DIRECTION('',(-1.,5.36652695839195E-15,-1.18717399933044E-14));
#6459=DIRECTION('',(-1.15648231731789E-14,-1.73472347597684E-14,0.999999999999999));
#6460=DIRECTION('',(0.,0.,0.999999999999999));
#6461=DIRECTION('',(1.,5.78241158658898E-15,0.));
#6462=DIRECTION('',(-1.,-1.11282562869419E-15,-2.14163392095909E-16));
#6463=DIRECTION('',(0.,1.73472347597676E-14,-1.));
#6464=DIRECTION('',(-4.45130251477657E-15,-1.,2.56996070515081E-15));
#6465=DIRECTION('',(-3.54172709678598E-14,0.,-1.));
#6466=DIRECTION('',(-2.22565125738842E-15,-1.,-1.2849803525755E-15));
#6467=DIRECTION('',(-1.80700362080912E-14,0.,-1.));
#6468=DIRECTION('',(-5.56412814347087E-16,1.,-3.21245088143866E-16));
#6469=DIRECTION('',(3.54172709678599E-14,0.,-0.999999999999999));
#6470=DIRECTION('',(0.,-1.,0.));
#6471=DIRECTION('',(0.,0.,-1.));
#6472=DIRECTION('',(-2.22565125738835E-15,-1.,-4.28326784191734E-16));
#6473=DIRECTION('',(-3.54172709678598E-14,0.,-1.));
#6474=DIRECTION('',(-2.22565125738842E-15,-1.,-1.2849803525755E-15));
#6475=DIRECTION('',(-1.80700362080912E-14,0.,-1.));
#6476=DIRECTION('',(2.78206407173542E-15,1.,2.03455222491113E-15));
#6477=DIRECTION('',(3.54172709678599E-14,2.16840434497101E-15,-0.999999999999999));
#6478=DIRECTION('',(0.,-1.,0.));
#6479=DIRECTION('',(0.,0.,-1.));
#6480=DIRECTION('',(2.22565125738829E-15,-1.,-1.2849803525754E-15));
#6481=DIRECTION('',(-3.54172709678599E-14,0.,-0.999999999999999));
#6482=DIRECTION('',(-2.22565125738842E-15,-1.,-1.2849803525755E-15));
#6483=DIRECTION('',(-1.80700362080912E-14,0.,-1.));
#6484=DIRECTION('',(1.,-2.22565125738838E-15,1.28498035257544E-15));
#6485=DIRECTION('',(0.,-1.73472347597681E-14,-1.));
#6486=DIRECTION('',(-1.,0.,0.));
#6487=DIRECTION('',(0.,0.,-1.));
#6488=DIRECTION('',(1.,-2.22565125738836E-15,1.28498035257546E-15));
#6489=DIRECTION('',(0.,-1.73472347597678E-14,-1.));
#6490=DIRECTION('',(-1.,0.,0.));
#6491=DIRECTION('',(0.,0.,-1.));
#6492=DIRECTION('',(-1.,4.08878244448916E-15,-1.31238005485344E-14));
#6493=DIRECTION('',(-1.30104260698262E-14,-1.73472347597682E-14,1.));
#6494=DIRECTION('',(-1.,-1.1128256286942E-15,6.42490176287741E-16));
#6495=DIRECTION('',(-7.22801448323643E-16,1.73472347597674E-14,-0.999999999999997));
#6496=DIRECTION('',(-4.088782444489E-15,-1.,1.69362914210031E-15));
#6497=DIRECTION('',(1.66244333114445E-14,0.,-1.));
#6498=DIRECTION('',(0.,0.,0.999999999999999));
#6499=DIRECTION('',(1.,5.78241158658899E-15,0.));
#6500=DIRECTION('',(-4.45130251477657E-15,-1.,2.56996070515081E-15));
#6501=DIRECTION('',(-3.54172709678598E-14,0.,-1.));
#6502=DIRECTION('',(-2.22565125738842E-15,-1.,-1.2849803525755E-15));
#6503=DIRECTION('',(-1.80700362080912E-14,0.,-0.999999999999998));
#6504=DIRECTION('',(-4.08878244448903E-15,-1.,4.5848349353949E-15));
#6505=DIRECTION('',(1.66244333114444E-14,-5.78241158658937E-15,-1.));
#6506=DIRECTION('',(-1.,5.36652695839195E-15,-1.18717399933044E-14));
#6507=DIRECTION('',(-1.15648231731789E-14,-1.73472347597684E-14,0.999999999999999));
#6508=DIRECTION('',(0.,0.,0.999999999999999));
#6509=DIRECTION('',(1.,5.78241158658898E-15,0.));
#6510=DIRECTION('',(-1.,-1.11282562869419E-15,-2.14163392095909E-16));
#6511=DIRECTION('',(0.,1.73472347597676E-14,-1.));
#6512=DIRECTION('',(-4.45130251477657E-15,-1.,2.56996070515081E-15));
#6513=DIRECTION('',(-3.54172709678598E-14,0.,-1.));
#6514=DIRECTION('',(-2.22565125738842E-15,-1.,-1.2849803525755E-15));
#6515=DIRECTION('',(-1.80700362080912E-14,0.,-0.999999999999998));
#6516=DIRECTION('',(-5.56412814347087E-16,1.,-3.21245088143866E-16));
#6517=DIRECTION('',(3.54172709678599E-14,0.,-1.));
#6518=DIRECTION('',(0.,-1.,0.));
#6519=DIRECTION('',(0.,0.,-1.));
#6520=DIRECTION('',(-2.22565125738835E-15,-1.,-4.28326784191734E-16));
#6521=DIRECTION('',(-3.54172709678598E-14,0.,-1.));
#6522=DIRECTION('',(-2.22565125738842E-15,-1.,-1.2849803525755E-15));
#6523=DIRECTION('',(-1.80700362080912E-14,0.,-0.999999999999998));
#6524=DIRECTION('',(2.78206407173542E-15,1.,2.03455222491113E-15));
#6525=DIRECTION('',(3.54172709678599E-14,2.16840434497101E-15,-1.));
#6526=DIRECTION('',(0.,-1.,0.));
#6527=DIRECTION('',(0.,0.,-1.));
#6528=DIRECTION('',(2.22565125738829E-15,-1.,-1.2849803525754E-15));
#6529=DIRECTION('',(-3.54172709678599E-14,0.,-1.));
#6530=DIRECTION('',(-2.22565125738842E-15,-1.,-1.2849803525755E-15));
#6531=DIRECTION('',(-1.80700362080912E-14,0.,-0.999999999999998));
#6532=DIRECTION('',(1.,-2.22565125738838E-15,1.28498035257544E-15));
#6533=DIRECTION('',(0.,-1.73472347597681E-14,-1.));
#6534=DIRECTION('',(-1.,0.,0.));
#6535=DIRECTION('',(0.,0.,-1.));
#6536=DIRECTION('',(1.,-2.22565125738836E-15,1.28498035257546E-15));
#6537=DIRECTION('',(0.,-1.73472347597678E-14,-1.));
#6538=DIRECTION('',(-1.,0.,0.));
#6539=DIRECTION('',(0.,0.,-1.));
#6540=DIRECTION('',(-1.,4.08878244448916E-15,-1.31238005485344E-14));
#6541=DIRECTION('',(-1.30104260698262E-14,-1.73472347597682E-14,1.));
#6542=DIRECTION('',(-1.,-1.1128256286942E-15,6.42490176287741E-16));
#6543=DIRECTION('',(-7.22801448323643E-16,1.73472347597674E-14,-0.999999999999997));
#6544=DIRECTION('',(-4.088782444489E-15,-1.,1.69362914210031E-15));
#6545=DIRECTION('',(1.66244333114445E-14,0.,-1.));
#6546=DIRECTION('',(0.,0.,0.999999999999999));
#6547=DIRECTION('',(1.,5.78241158658899E-15,0.));
#6548=DIRECTION('',(-4.45130251477657E-15,-1.,2.56996070515081E-15));
#6549=DIRECTION('',(-3.54172709678598E-14,0.,-1.));
#6550=DIRECTION('',(-2.22565125738842E-15,-1.,-1.2849803525755E-15));
#6551=DIRECTION('',(-1.80700362080912E-14,0.,-0.999999999999998));
#6552=DIRECTION('',(-4.08878244448903E-15,-1.,4.5848349353949E-15));
#6553=DIRECTION('',(1.66244333114444E-14,-5.78241158658937E-15,-1.));
#6554=DIRECTION('',(-1.,5.36652695839195E-15,-1.18717399933044E-14));
#6555=DIRECTION('',(-1.15648231731789E-14,-1.73472347597684E-14,0.999999999999999));
#6556=DIRECTION('',(0.,0.,0.999999999999999));
#6557=DIRECTION('',(1.,5.78241158658898E-15,0.));
#6558=DIRECTION('',(-1.,-1.11282562869419E-15,-2.14163392095909E-16));
#6559=DIRECTION('',(0.,1.73472347597676E-14,-1.));
#6560=DIRECTION('',(-4.45130251477657E-15,-1.,2.56996070515081E-15));
#6561=DIRECTION('',(-3.54172709678598E-14,0.,-1.));
#6562=DIRECTION('',(-2.22565125738842E-15,-1.,-1.2849803525755E-15));
#6563=DIRECTION('',(-1.80700362080912E-14,0.,-0.999999999999998));
#6564=DIRECTION('',(-5.56412814347087E-16,1.,-3.21245088143866E-16));
#6565=DIRECTION('',(3.54172709678599E-14,0.,-1.));
#6566=DIRECTION('',(0.,-1.,0.));
#6567=DIRECTION('',(0.,0.,-1.));
#6568=DIRECTION('',(-2.22565125738835E-15,-1.,-4.28326784191734E-16));
#6569=DIRECTION('',(-3.54172709678598E-14,0.,-1.));
#6570=DIRECTION('',(-2.22565125738842E-15,-1.,-1.2849803525755E-15));
#6571=DIRECTION('',(-1.80700362080912E-14,0.,-0.999999999999998));
#6572=DIRECTION('',(2.78206407173542E-15,1.,2.03455222491113E-15));
#6573=DIRECTION('',(3.54172709678599E-14,2.16840434497101E-15,-1.));
#6574=DIRECTION('',(0.,-1.,0.));
#6575=DIRECTION('',(0.,0.,-1.));
#6576=DIRECTION('',(2.22565125738829E-15,-1.,-1.2849803525754E-15));
#6577=DIRECTION('',(-3.54172709678599E-14,0.,-1.));
#6578=DIRECTION('',(-2.22565125738842E-15,-1.,-1.2849803525755E-15));
#6579=DIRECTION('',(-1.80700362080912E-14,0.,-0.999999999999998));
#6580=DIRECTION('',(1.,-2.22565125738838E-15,1.28498035257544E-15));
#6581=DIRECTION('',(0.,-1.73472347597681E-14,-1.));
#6582=DIRECTION('',(-1.,0.,0.));
#6583=DIRECTION('',(0.,0.,-1.));
#6584=DIRECTION('',(1.,-2.22565125738836E-15,1.28498035257546E-15));
#6585=DIRECTION('',(0.,-1.73472347597678E-14,-1.));
#6586=DIRECTION('',(-1.,0.,0.));
#6587=DIRECTION('',(0.,0.,-1.));
#6588=DIRECTION('',(-1.,4.08878244448916E-15,-1.31238005485344E-14));
#6589=DIRECTION('',(-1.30104260698262E-14,-1.73472347597682E-14,1.));
#6590=DIRECTION('',(-1.,-1.1128256286942E-15,6.42490176287741E-16));
#6591=DIRECTION('',(-7.22801448323643E-16,1.73472347597674E-14,-0.999999999999997));
#6592=DIRECTION('',(-4.088782444489E-15,-1.,1.69362914210031E-15));
#6593=DIRECTION('',(1.66244333114445E-14,0.,-1.));
#6594=DIRECTION('',(0.,0.,0.999999999999999));
#6595=DIRECTION('',(1.,5.78241158658899E-15,0.));
#6596=DIRECTION('',(-4.45130251477657E-15,-1.,2.56996070515081E-15));
#6597=DIRECTION('',(-3.54172709678598E-14,0.,-1.));
#6598=DIRECTION('',(-2.22565125738842E-15,-1.,-1.2849803525755E-15));
#6599=DIRECTION('',(-1.80700362080912E-14,0.,-0.999999999999998));
#6600=DIRECTION('',(-4.08878244448903E-15,-1.,4.5848349353949E-15));
#6601=DIRECTION('',(1.66244333114444E-14,-5.78241158658937E-15,-1.));
#6602=DIRECTION('',(-1.,5.36652695839195E-15,-1.18717399933044E-14));
#6603=DIRECTION('',(-1.15648231731789E-14,-1.73472347597684E-14,0.999999999999999));
#6604=DIRECTION('',(0.,0.,0.999999999999999));
#6605=DIRECTION('',(1.,5.78241158658898E-15,0.));
#6606=DIRECTION('',(-1.,-1.11282562869419E-15,-2.14163392095909E-16));
#6607=DIRECTION('',(0.,1.73472347597676E-14,-1.));
#6608=DIRECTION('',(-4.45130251477657E-15,-1.,2.56996070515081E-15));
#6609=DIRECTION('',(-3.54172709678598E-14,0.,-1.));
#6610=DIRECTION('',(-2.22565125738842E-15,-1.,-1.2849803525755E-15));
#6611=DIRECTION('',(-1.80700362080912E-14,0.,-0.999999999999998));
#6612=DIRECTION('',(-5.56412814347087E-16,1.,-3.21245088143866E-16));
#6613=DIRECTION('',(3.54172709678599E-14,0.,-1.));
#6614=DIRECTION('',(0.,-1.,0.));
#6615=DIRECTION('',(0.,0.,-1.));
#6616=DIRECTION('',(-2.22565125738835E-15,-1.,-4.28326784191734E-16));
#6617=DIRECTION('',(-3.54172709678598E-14,0.,-1.));
#6618=DIRECTION('',(-2.22565125738842E-15,-1.,-1.2849803525755E-15));
#6619=DIRECTION('',(-1.80700362080912E-14,0.,-0.999999999999998));
#6620=DIRECTION('',(2.78206407173542E-15,1.,2.03455222491113E-15));
#6621=DIRECTION('',(3.54172709678599E-14,2.16840434497101E-15,-1.));
#6622=DIRECTION('',(0.,-1.,0.));
#6623=DIRECTION('',(0.,0.,-1.));
#6624=DIRECTION('',(2.22565125738829E-15,-1.,-1.2849803525754E-15));
#6625=DIRECTION('',(-3.54172709678599E-14,0.,-1.));
#6626=DIRECTION('',(-2.22565125738842E-15,-1.,-1.2849803525755E-15));
#6627=DIRECTION('',(-1.80700362080912E-14,0.,-0.999999999999998));
#6628=DIRECTION('',(1.,-2.22565125738838E-15,1.28498035257544E-15));
#6629=DIRECTION('',(0.,-1.73472347597681E-14,-0.999999999999995));
#6630=DIRECTION('',(-1.,0.,0.));
#6631=DIRECTION('',(0.,0.,-1.));
#6632=DIRECTION('',(1.,-2.22565125738836E-15,1.28498035257546E-15));
#6633=DIRECTION('',(0.,-1.73472347597678E-14,-1.));
#6634=DIRECTION('',(-1.,0.,0.));
#6635=DIRECTION('',(0.,0.,-1.));
#6636=DIRECTION('',(-1.,4.08878244448916E-15,-1.31238005485344E-14));
#6637=DIRECTION('',(-1.30104260698262E-14,-1.73472347597682E-14,1.));
#6638=DIRECTION('',(-1.,-1.1128256286942E-15,6.42490176287741E-16));
#6639=DIRECTION('',(-7.22801448323643E-16,1.73472347597674E-14,-1.));
#6640=DIRECTION('',(-4.088782444489E-15,-1.,1.69362914210031E-15));
#6641=DIRECTION('',(1.66244333114445E-14,0.,-1.));
#6642=DIRECTION('',(0.,0.,0.999999999999999));
#6643=DIRECTION('',(1.,5.78241158658899E-15,0.));
#6644=DIRECTION('',(-4.45130251477657E-15,-1.,2.56996070515081E-15));
#6645=DIRECTION('',(-3.54172709678598E-14,0.,-1.00000000000001));
#6646=DIRECTION('',(-2.22565125738842E-15,-1.,-1.2849803525755E-15));
#6647=DIRECTION('',(-1.80700362080912E-14,0.,-0.999999999999998));
#6648=DIRECTION('',(-4.08878244448903E-15,-1.,4.5848349353949E-15));
#6649=DIRECTION('',(1.66244333114444E-14,-5.78241158658937E-15,-0.999999999999995));
#6650=DIRECTION('',(-1.,5.36652695839195E-15,-1.18717399933044E-14));
#6651=DIRECTION('',(-1.15648231731789E-14,-1.73472347597684E-14,0.999999999999999));
#6652=DIRECTION('',(0.,0.,0.999999999999999));
#6653=DIRECTION('',(1.,5.78241158658898E-15,0.));
#6654=DIRECTION('',(-1.,-1.11282562869419E-15,-2.14163392095909E-16));
#6655=DIRECTION('',(0.,1.73472347597676E-14,-1.));
#6656=DIRECTION('',(-4.45130251477657E-15,-1.,2.56996070515081E-15));
#6657=DIRECTION('',(-3.54172709678598E-14,0.,-1.00000000000001));
#6658=DIRECTION('',(-2.22565125738842E-15,-1.,-1.2849803525755E-15));
#6659=DIRECTION('',(-1.80700362080912E-14,0.,-0.999999999999998));
#6660=DIRECTION('',(-5.56412814347087E-16,1.,-3.21245088143866E-16));
#6661=DIRECTION('',(3.54172709678599E-14,0.,-0.999999999999996));
#6662=DIRECTION('',(0.,-1.,0.));
#6663=DIRECTION('',(0.,0.,-1.));
#6664=DIRECTION('',(-2.22565125738835E-15,-1.,-4.28326784191734E-16));
#6665=DIRECTION('',(-3.54172709678598E-14,0.,-0.999999999999995));
#6666=DIRECTION('',(-2.22565125738842E-15,-1.,-1.2849803525755E-15));
#6667=DIRECTION('',(-1.80700362080912E-14,0.,-0.999999999999998));
#6668=DIRECTION('',(2.78206407173542E-15,1.,2.03455222491113E-15));
#6669=DIRECTION('',(3.54172709678599E-14,2.16840434497101E-15,-0.999999999999996));
#6670=DIRECTION('',(0.,-1.,0.));
#6671=DIRECTION('',(0.,0.,-1.));
#6672=DIRECTION('',(2.22565125738829E-15,-1.,-1.2849803525754E-15));
#6673=DIRECTION('',(-3.54172709678599E-14,0.,-0.999999999999996));
#6674=DIRECTION('',(-2.22565125738842E-15,-1.,-1.2849803525755E-15));
#6675=DIRECTION('',(-1.80700362080912E-14,0.,-0.999999999999998));
#6676=DIRECTION('',(1.,-2.22565125738838E-15,1.28498035257544E-15));
#6677=DIRECTION('',(0.,-1.73472347597681E-14,-0.999999999999995));
#6678=DIRECTION('',(-1.,0.,0.));
#6679=DIRECTION('',(0.,0.,-1.));
#6680=DIRECTION('',(1.,-2.22565125738836E-15,1.28498035257546E-15));
#6681=DIRECTION('',(0.,-1.73472347597678E-14,-1.));
#6682=DIRECTION('',(-1.,0.,0.));
#6683=DIRECTION('',(0.,0.,-1.));
#6684=DIRECTION('',(-1.,4.08878244448916E-15,-1.31238005485344E-14));
#6685=DIRECTION('',(-1.30104260698262E-14,-1.73472347597682E-14,1.));
#6686=DIRECTION('',(-1.,-1.1128256286942E-15,6.42490176287741E-16));
#6687=DIRECTION('',(-7.22801448323643E-16,1.73472347597674E-14,-1.));
#6688=DIRECTION('',(-4.088782444489E-15,-1.,1.69362914210031E-15));
#6689=DIRECTION('',(1.66244333114445E-14,0.,-1.));
#6690=DIRECTION('',(0.,0.,0.999999999999999));
#6691=DIRECTION('',(1.,5.78241158658899E-15,0.));
#6692=DIRECTION('',(-4.45130251477657E-15,-1.,2.56996070515081E-15));
#6693=DIRECTION('',(-3.54172709678598E-14,0.,-1.00000000000001));
#6694=DIRECTION('',(-2.22565125738842E-15,-1.,-1.2849803525755E-15));
#6695=DIRECTION('',(-1.80700362080912E-14,0.,-0.999999999999998));
#6696=DIRECTION('',(-4.08878244448903E-15,-1.,4.5848349353949E-15));
#6697=DIRECTION('',(1.66244333114444E-14,-5.78241158658937E-15,-0.999999999999995));
#6698=DIRECTION('',(-1.,5.36652695839195E-15,-1.18717399933044E-14));
#6699=DIRECTION('',(-1.15648231731789E-14,-1.73472347597684E-14,0.999999999999999));
#6700=DIRECTION('',(0.,0.,0.999999999999999));
#6701=DIRECTION('',(1.,5.78241158658898E-15,0.));
#6702=DIRECTION('',(-1.,-1.11282562869419E-15,-2.14163392095909E-16));
#6703=DIRECTION('',(0.,1.73472347597676E-14,-1.));
#6704=DIRECTION('',(-4.45130251477657E-15,-1.,2.56996070515081E-15));
#6705=DIRECTION('',(-3.54172709678598E-14,0.,-1.00000000000001));
#6706=DIRECTION('',(-2.22565125738842E-15,-1.,-1.2849803525755E-15));
#6707=DIRECTION('',(-1.80700362080912E-14,0.,-0.999999999999998));
#6708=DIRECTION('',(-5.56412814347087E-16,1.,-3.21245088143866E-16));
#6709=DIRECTION('',(3.54172709678599E-14,0.,-0.999999999999996));
#6710=DIRECTION('',(0.,-1.,0.));
#6711=DIRECTION('',(0.,0.,-1.));
#6712=DIRECTION('',(-2.22565125738835E-15,-1.,-4.28326784191734E-16));
#6713=DIRECTION('',(-3.54172709678598E-14,0.,-0.999999999999995));
#6714=DIRECTION('',(-2.22565125738842E-15,-1.,-1.2849803525755E-15));
#6715=DIRECTION('',(-1.80700362080912E-14,0.,-0.999999999999998));
#6716=DIRECTION('',(2.78206407173542E-15,1.,2.03455222491113E-15));
#6717=DIRECTION('',(3.54172709678599E-14,2.16840434497101E-15,-0.999999999999996));
#6718=DIRECTION('',(0.,-1.,0.));
#6719=DIRECTION('',(0.,0.,-1.));
#6720=DIRECTION('',(2.22565125738829E-15,-1.,-1.2849803525754E-15));
#6721=DIRECTION('',(-3.54172709678599E-14,0.,-0.999999999999996));
#6722=DIRECTION('',(-2.22565125738842E-15,-1.,-1.2849803525755E-15));
#6723=DIRECTION('',(-1.80700362080912E-14,0.,-0.999999999999998));
#6724=DIRECTION('',(1.,-2.22565125738838E-15,1.28498035257544E-15));
#6725=DIRECTION('',(0.,-1.73472347597681E-14,-0.999999999999995));
#6726=DIRECTION('',(-1.,0.,0.));
#6727=DIRECTION('',(0.,0.,-1.));
#6728=DIRECTION('',(1.,-2.22565125738836E-15,1.28498035257546E-15));
#6729=DIRECTION('',(0.,-1.73472347597678E-14,-1.));
#6730=DIRECTION('',(-1.,0.,0.));
#6731=DIRECTION('',(0.,0.,-1.));
#6732=DIRECTION('',(-1.,4.08878244448916E-15,-1.31238005485344E-14));
#6733=DIRECTION('',(-1.30104260698262E-14,-1.73472347597682E-14,1.));
#6734=DIRECTION('',(-1.,-1.1128256286942E-15,6.42490176287741E-16));
#6735=DIRECTION('',(-7.22801448323643E-16,1.73472347597674E-14,-1.));
#6736=DIRECTION('',(-4.088782444489E-15,-1.,1.69362914210031E-15));
#6737=DIRECTION('',(1.66244333114445E-14,0.,-1.));
#6738=DIRECTION('',(0.,0.,0.999999999999999));
#6739=DIRECTION('',(1.,5.78241158658899E-15,0.));
#6740=DIRECTION('',(-4.45130251477657E-15,-1.,2.56996070515081E-15));
#6741=DIRECTION('',(-3.54172709678598E-14,0.,-1.00000000000001));
#6742=DIRECTION('',(-2.22565125738842E-15,-1.,-1.2849803525755E-15));
#6743=DIRECTION('',(-1.80700362080912E-14,0.,-0.999999999999998));
#6744=DIRECTION('',(-4.08878244448903E-15,-1.,4.5848349353949E-15));
#6745=DIRECTION('',(1.66244333114444E-14,-5.78241158658937E-15,-0.999999999999995));
#6746=DIRECTION('',(-1.,5.36652695839195E-15,-1.18717399933044E-14));
#6747=DIRECTION('',(-1.15648231731789E-14,-1.73472347597684E-14,0.999999999999999));
#6748=DIRECTION('',(0.,0.,0.999999999999999));
#6749=DIRECTION('',(1.,5.78241158658898E-15,0.));
#6750=DIRECTION('',(-1.,-1.11282562869419E-15,-2.14163392095909E-16));
#6751=DIRECTION('',(0.,1.73472347597676E-14,-1.));
#6752=DIRECTION('',(-4.45130251477657E-15,-1.,2.56996070515081E-15));
#6753=DIRECTION('',(-3.54172709678598E-14,0.,-1.00000000000001));
#6754=DIRECTION('',(-2.22565125738842E-15,-1.,-1.2849803525755E-15));
#6755=DIRECTION('',(-1.80700362080912E-14,0.,-0.999999999999998));
#6756=DIRECTION('',(-5.56412814347087E-16,1.,-3.21245088143866E-16));
#6757=DIRECTION('',(3.54172709678599E-14,0.,-0.999999999999996));
#6758=DIRECTION('',(0.,-1.,0.));
#6759=DIRECTION('',(0.,0.,-1.));
#6760=DIRECTION('',(-2.22565125738835E-15,-1.,-4.28326784191734E-16));
#6761=DIRECTION('',(-3.54172709678598E-14,0.,-0.999999999999995));
#6762=DIRECTION('',(-2.22565125738842E-15,-1.,-1.2849803525755E-15));
#6763=DIRECTION('',(-1.80700362080912E-14,0.,-0.999999999999998));
#6764=DIRECTION('',(2.78206407173542E-15,1.,2.03455222491113E-15));
#6765=DIRECTION('',(3.54172709678599E-14,2.16840434497101E-15,-0.999999999999996));
#6766=DIRECTION('',(0.,-1.,0.));
#6767=DIRECTION('',(0.,0.,-1.));
#6768=DIRECTION('',(2.22565125738829E-15,-1.,-1.2849803525754E-15));
#6769=DIRECTION('',(-3.54172709678599E-14,0.,-0.999999999999996));
#6770=DIRECTION('',(-2.22565125738842E-15,-1.,-1.2849803525755E-15));
#6771=DIRECTION('',(-1.80700362080912E-14,0.,-0.999999999999998));
#6772=DIRECTION('',(1.,-2.22565125738838E-15,1.28498035257544E-15));
#6773=DIRECTION('',(0.,-1.73472347597681E-14,-0.999999999999995));
#6774=DIRECTION('',(-1.,0.,0.));
#6775=DIRECTION('',(0.,0.,-1.));
#6776=DIRECTION('',(1.,-2.22565125738836E-15,1.28498035257546E-15));
#6777=DIRECTION('',(0.,-1.73472347597678E-14,-1.));
#6778=DIRECTION('',(-1.,0.,0.));
#6779=DIRECTION('',(0.,0.,-1.));
#6780=DIRECTION('',(-1.,4.08878244448916E-15,-1.31238005485344E-14));
#6781=DIRECTION('',(-1.30104260698262E-14,-1.73472347597682E-14,1.));
#6782=DIRECTION('',(-1.,-1.1128256286942E-15,6.42490176287741E-16));
#6783=DIRECTION('',(-7.22801448323643E-16,1.73472347597674E-14,-1.));
#6784=DIRECTION('',(-4.088782444489E-15,-1.,1.69362914210031E-15));
#6785=DIRECTION('',(1.66244333114445E-14,0.,-1.));
#6786=DIRECTION('',(0.,0.,0.999999999999999));
#6787=DIRECTION('',(1.,5.78241158658899E-15,0.));
#6788=DIRECTION('',(-4.45130251477657E-15,-1.,2.56996070515081E-15));
#6789=DIRECTION('',(-3.54172709678598E-14,0.,-1.00000000000001));
#6790=DIRECTION('',(-2.22565125738842E-15,-1.,-1.2849803525755E-15));
#6791=DIRECTION('',(-1.80700362080912E-14,0.,-0.999999999999998));
#6792=DIRECTION('',(-4.08878244448903E-15,-1.,4.5848349353949E-15));
#6793=DIRECTION('',(1.66244333114444E-14,-5.78241158658937E-15,-0.999999999999995));
#6794=DIRECTION('',(-1.,5.36652695839195E-15,-1.18717399933044E-14));
#6795=DIRECTION('',(-1.15648231731789E-14,-1.73472347597684E-14,0.999999999999999));
#6796=DIRECTION('',(0.,0.,0.999999999999999));
#6797=DIRECTION('',(1.,5.78241158658898E-15,0.));
#6798=DIRECTION('',(-1.,-1.11282562869419E-15,-2.14163392095909E-16));
#6799=DIRECTION('',(0.,1.73472347597676E-14,-1.));
#6800=DIRECTION('',(-4.45130251477657E-15,-1.,2.56996070515081E-15));
#6801=DIRECTION('',(-3.54172709678598E-14,0.,-1.00000000000001));
#6802=DIRECTION('',(-2.22565125738842E-15,-1.,-1.2849803525755E-15));
#6803=DIRECTION('',(-1.80700362080912E-14,0.,-0.999999999999998));
#6804=DIRECTION('',(-5.56412814347087E-16,1.,-3.21245088143866E-16));
#6805=DIRECTION('',(3.54172709678599E-14,0.,-0.999999999999996));
#6806=DIRECTION('',(0.,-1.,0.));
#6807=DIRECTION('',(0.,0.,-1.));
#6808=DIRECTION('',(-2.22565125738835E-15,-1.,-4.28326784191734E-16));
#6809=DIRECTION('',(-3.54172709678598E-14,0.,-0.999999999999995));
#6810=DIRECTION('',(-2.22565125738842E-15,-1.,-1.2849803525755E-15));
#6811=DIRECTION('',(-1.80700362080912E-14,0.,-0.999999999999998));
#6812=DIRECTION('',(2.78206407173542E-15,1.,2.03455222491113E-15));
#6813=DIRECTION('',(3.54172709678599E-14,2.16840434497101E-15,-0.999999999999996));
#6814=DIRECTION('',(0.,-1.,0.));
#6815=DIRECTION('',(0.,0.,-1.));
#6816=DIRECTION('',(2.22565125738829E-15,-1.,-1.2849803525754E-15));
#6817=DIRECTION('',(-3.54172709678599E-14,0.,-0.999999999999996));
#6818=DIRECTION('',(-2.22565125738842E-15,-1.,-1.2849803525755E-15));
#6819=DIRECTION('',(-1.80700362080912E-14,0.,-0.999999999999998));
#6820=DIRECTION('',(1.,-2.22565125738838E-15,1.28498035257544E-15));
#6821=DIRECTION('',(0.,-1.73472347597681E-14,-0.999999999999995));
#6822=DIRECTION('',(-1.,0.,0.));
#6823=DIRECTION('',(0.,0.,-1.));
#6824=DIRECTION('',(1.,-2.22565125738836E-15,1.28498035257546E-15));
#6825=DIRECTION('',(0.,-1.73472347597678E-14,-1.));
#6826=DIRECTION('',(-1.,0.,0.));
#6827=DIRECTION('',(0.,0.,-1.));
#6828=DIRECTION('',(-1.,4.08878244448916E-15,-1.31238005485344E-14));
#6829=DIRECTION('',(-1.30104260698262E-14,-1.73472347597682E-14,1.));
#6830=DIRECTION('',(-1.,-1.1128256286942E-15,6.42490176287741E-16));
#6831=DIRECTION('',(-7.22801448323643E-16,1.73472347597674E-14,-1.));
#6832=DIRECTION('',(-4.088782444489E-15,-1.,1.69362914210031E-15));
#6833=DIRECTION('',(1.66244333114445E-14,0.,-1.));
#6834=DIRECTION('',(0.,0.,0.999999999999999));
#6835=DIRECTION('',(1.,5.78241158658899E-15,0.));
#6836=DIRECTION('',(-4.45130251477657E-15,-1.,2.56996070515081E-15));
#6837=DIRECTION('',(-3.54172709678598E-14,0.,-1.00000000000001));
#6838=DIRECTION('',(-2.22565125738842E-15,-1.,-1.2849803525755E-15));
#6839=DIRECTION('',(-1.80700362080912E-14,0.,-0.999999999999998));
#6840=DIRECTION('',(-4.08878244448903E-15,-1.,4.5848349353949E-15));
#6841=DIRECTION('',(1.66244333114444E-14,-5.78241158658937E-15,-0.999999999999995));
#6842=DIRECTION('',(-1.,5.36652695839195E-15,-1.18717399933044E-14));
#6843=DIRECTION('',(-1.15648231731789E-14,-1.73472347597684E-14,0.999999999999999));
#6844=DIRECTION('',(0.,0.,0.999999999999999));
#6845=DIRECTION('',(1.,5.78241158658898E-15,0.));
#6846=DIRECTION('',(-1.,-1.11282562869419E-15,-2.14163392095909E-16));
#6847=DIRECTION('',(0.,1.73472347597676E-14,-1.));
#6848=DIRECTION('',(-4.45130251477657E-15,-1.,2.56996070515081E-15));
#6849=DIRECTION('',(-3.54172709678598E-14,0.,-1.00000000000001));
#6850=DIRECTION('',(-2.22565125738842E-15,-1.,-1.2849803525755E-15));
#6851=DIRECTION('',(-1.80700362080912E-14,0.,-0.999999999999998));
#6852=DIRECTION('',(-5.56412814347087E-16,1.,-3.21245088143866E-16));
#6853=DIRECTION('',(3.54172709678599E-14,0.,-0.999999999999996));
#6854=DIRECTION('',(0.,-1.,0.));
#6855=DIRECTION('',(0.,0.,-1.));
#6856=DIRECTION('',(-2.22565125738835E-15,-1.,-4.28326784191734E-16));
#6857=DIRECTION('',(-3.54172709678598E-14,0.,-0.999999999999995));
#6858=DIRECTION('',(-2.22565125738842E-15,-1.,-1.2849803525755E-15));
#6859=DIRECTION('',(-1.80700362080912E-14,0.,-0.999999999999998));
#6860=DIRECTION('',(2.78206407173542E-15,1.,2.03455222491113E-15));
#6861=DIRECTION('',(3.54172709678599E-14,2.16840434497101E-15,-0.999999999999996));
#6862=DIRECTION('',(0.,-1.,0.));
#6863=DIRECTION('',(0.,0.,-1.));
#6864=DIRECTION('',(2.22565125738829E-15,-1.,-1.2849803525754E-15));
#6865=DIRECTION('',(-3.54172709678599E-14,0.,-0.999999999999996));
#6866=DIRECTION('',(-2.22565125738842E-15,-1.,-1.2849803525755E-15));
#6867=DIRECTION('',(-1.80700362080912E-14,0.,-0.999999999999998));
#6868=DIRECTION('',(1.,-2.22565125738838E-15,1.28498035257544E-15));
#6869=DIRECTION('',(0.,-1.73472347597681E-14,-0.999999999999995));
#6870=DIRECTION('',(-1.,0.,0.));
#6871=DIRECTION('',(0.,0.,-1.));
#6872=DIRECTION('',(1.,-2.22565125738836E-15,1.28498035257546E-15));
#6873=DIRECTION('',(0.,-1.73472347597678E-14,-1.));
#6874=DIRECTION('',(-1.,0.,0.));
#6875=DIRECTION('',(0.,0.,-1.));
#6876=DIRECTION('',(-1.,4.08878244448916E-15,-1.31238005485344E-14));
#6877=DIRECTION('',(-1.30104260698262E-14,-1.73472347597682E-14,1.));
#6878=DIRECTION('',(-1.,-1.1128256286942E-15,6.42490176287741E-16));
#6879=DIRECTION('',(-7.22801448323643E-16,1.73472347597674E-14,-1.));
#6880=DIRECTION('',(-4.088782444489E-15,-1.,1.69362914210031E-15));
#6881=DIRECTION('',(1.66244333114445E-14,0.,-1.));
#6882=DIRECTION('',(0.,0.,0.999999999999999));
#6883=DIRECTION('',(1.,5.78241158658899E-15,0.));
#6884=DIRECTION('',(-4.45130251477657E-15,-1.,2.56996070515081E-15));
#6885=DIRECTION('',(-3.54172709678598E-14,0.,-1.00000000000001));
#6886=DIRECTION('',(-2.22565125738842E-15,-1.,-1.2849803525755E-15));
#6887=DIRECTION('',(-1.80700362080912E-14,0.,-0.999999999999998));
#6888=DIRECTION('',(-4.08878244448903E-15,-1.,4.5848349353949E-15));
#6889=DIRECTION('',(1.66244333114444E-14,-5.78241158658937E-15,-0.999999999999995));
#6890=DIRECTION('',(-1.,5.36652695839195E-15,-1.18717399933044E-14));
#6891=DIRECTION('',(-1.15648231731789E-14,-1.73472347597684E-14,0.999999999999999));
#6892=DIRECTION('',(0.,0.,0.999999999999999));
#6893=DIRECTION('',(1.,5.78241158658898E-15,0.));
#6894=DIRECTION('',(-1.,-1.11282562869419E-15,-2.14163392095909E-16));
#6895=DIRECTION('',(0.,1.73472347597676E-14,-1.));
#6896=DIRECTION('',(-4.45130251477657E-15,-1.,2.56996070515081E-15));
#6897=DIRECTION('',(-3.54172709678598E-14,0.,-1.00000000000001));
#6898=DIRECTION('',(-2.22565125738842E-15,-1.,-1.2849803525755E-15));
#6899=DIRECTION('',(-1.80700362080912E-14,0.,-0.999999999999998));
#6900=DIRECTION('',(-5.56412814347087E-16,1.,-3.21245088143866E-16));
#6901=DIRECTION('',(3.54172709678599E-14,0.,-0.999999999999996));
#6902=DIRECTION('',(0.,-1.,0.));
#6903=DIRECTION('',(0.,0.,-1.));
#6904=DIRECTION('',(-2.22565125738835E-15,-1.,-4.28326784191734E-16));
#6905=DIRECTION('',(-3.54172709678598E-14,0.,-0.999999999999995));
#6906=DIRECTION('',(-2.22565125738842E-15,-1.,-1.2849803525755E-15));
#6907=DIRECTION('',(-1.80700362080912E-14,0.,-0.999999999999998));
#6908=DIRECTION('',(2.78206407173542E-15,1.,2.03455222491113E-15));
#6909=DIRECTION('',(3.54172709678599E-14,2.16840434497101E-15,-0.999999999999996));
#6910=DIRECTION('',(0.,-1.,0.));
#6911=DIRECTION('',(0.,0.,-1.));
#6912=DIRECTION('',(2.22565125738829E-15,-1.,-1.2849803525754E-15));
#6913=DIRECTION('',(-3.54172709678599E-14,0.,-0.999999999999996));
#6914=DIRECTION('',(-2.22565125738842E-15,-1.,-1.2849803525755E-15));
#6915=DIRECTION('',(-1.80700362080912E-14,0.,-0.999999999999998));
#6916=DIRECTION('',(1.,-2.22565125738838E-15,1.28498035257544E-15));
#6917=DIRECTION('',(0.,-1.73472347597681E-14,-1.00000000000001));
#6918=DIRECTION('',(-1.,0.,0.));
#6919=DIRECTION('',(0.,0.,-1.));
#6920=DIRECTION('',(1.,-2.22565125738836E-15,1.28498035257546E-15));
#6921=DIRECTION('',(0.,-1.73472347597678E-14,-0.999999999999989));
#6922=DIRECTION('',(-1.,0.,0.));
#6923=DIRECTION('',(0.,0.,-1.));
#6924=DIRECTION('',(-1.,4.08878244448916E-15,-1.31238005485344E-14));
#6925=DIRECTION('',(-1.30104260698262E-14,-1.73472347597682E-14,0.99999999999999));
#6926=DIRECTION('',(-1.,-1.1128256286942E-15,6.42490176287741E-16));
#6927=DIRECTION('',(-7.22801448323643E-16,1.73472347597674E-14,-0.999999999999992));
#6928=DIRECTION('',(-4.088782444489E-15,-1.,1.69362914210031E-15));
#6929=DIRECTION('',(1.66244333114445E-14,0.,-0.99999999999999));
#6930=DIRECTION('',(0.,0.,1.00000000000001));
#6931=DIRECTION('',(1.,5.78241158658899E-15,0.));
#6932=DIRECTION('',(-4.45130251477657E-15,-1.,2.56996070515081E-15));
#6933=DIRECTION('',(-3.54172709678598E-14,0.,-1.00000000000001));
#6934=DIRECTION('',(-2.22565125738842E-15,-1.,-1.2849803525755E-15));
#6935=DIRECTION('',(-1.80700362080912E-14,0.,-0.999999999999998));
#6936=DIRECTION('',(-4.08878244448903E-15,-1.,4.5848349353949E-15));
#6937=DIRECTION('',(1.66244333114444E-14,-5.78241158658937E-15,-1.00000000000001));
#6938=DIRECTION('',(-1.,5.36652695839195E-15,-1.18717399933044E-14));
#6939=DIRECTION('',(-1.15648231731789E-14,-1.73472347597684E-14,0.999999999999999));
#6940=DIRECTION('',(0.,0.,1.00000000000001));
#6941=DIRECTION('',(1.,5.78241158658898E-15,0.));
#6942=DIRECTION('',(-1.,-1.11282562869419E-15,-2.14163392095909E-16));
#6943=DIRECTION('',(0.,1.73472347597676E-14,-1.));
#6944=DIRECTION('',(-4.45130251477657E-15,-1.,2.56996070515081E-15));
#6945=DIRECTION('',(-3.54172709678598E-14,0.,-1.00000000000001));
#6946=DIRECTION('',(-2.22565125738842E-15,-1.,-1.2849803525755E-15));
#6947=DIRECTION('',(-1.80700362080912E-14,0.,-0.999999999999998));
#6948=DIRECTION('',(-5.56412814347087E-16,1.,-3.21245088143866E-16));
#6949=DIRECTION('',(3.54172709678599E-14,0.,-1.00000000000001));
#6950=DIRECTION('',(0.,-1.,0.));
#6951=DIRECTION('',(0.,0.,-1.));
#6952=DIRECTION('',(-2.22565125738835E-15,-1.,-4.28326784191734E-16));
#6953=DIRECTION('',(-3.54172709678598E-14,0.,-1.00000000000001));
#6954=DIRECTION('',(-2.22565125738842E-15,-1.,-1.2849803525755E-15));
#6955=DIRECTION('',(-1.80700362080912E-14,0.,-0.999999999999998));
#6956=DIRECTION('',(2.78206407173542E-15,1.,2.03455222491113E-15));
#6957=DIRECTION('',(3.54172709678599E-14,2.16840434497101E-15,-1.00000000000001));
#6958=DIRECTION('',(0.,-1.,0.));
#6959=DIRECTION('',(0.,0.,-1.));
#6960=DIRECTION('',(2.22565125738829E-15,-1.,-1.2849803525754E-15));
#6961=DIRECTION('',(-3.54172709678599E-14,0.,-1.00000000000001));
#6962=DIRECTION('',(-2.22565125738842E-15,-1.,-1.2849803525755E-15));
#6963=DIRECTION('',(-1.80700362080912E-14,0.,-0.999999999999998));
#6964=DIRECTION('',(1.,-2.22565125738838E-15,1.28498035257544E-15));
#6965=DIRECTION('',(0.,-1.73472347597681E-14,-1.00000000000001));
#6966=DIRECTION('',(-1.,0.,0.));
#6967=DIRECTION('',(0.,0.,-1.));
#6968=DIRECTION('',(1.,-2.22565125738836E-15,1.28498035257546E-15));
#6969=DIRECTION('',(0.,-1.73472347597678E-14,-0.999999999999989));
#6970=DIRECTION('',(-1.,0.,0.));
#6971=DIRECTION('',(0.,0.,-1.));
#6972=DIRECTION('',(-1.,4.08878244448916E-15,-1.31238005485344E-14));
#6973=DIRECTION('',(-1.30104260698262E-14,-1.73472347597682E-14,0.99999999999999));
#6974=DIRECTION('',(-1.,-1.1128256286942E-15,6.42490176287741E-16));
#6975=DIRECTION('',(-7.22801448323643E-16,1.73472347597674E-14,-0.999999999999992));
#6976=DIRECTION('',(-4.088782444489E-15,-1.,1.69362914210031E-15));
#6977=DIRECTION('',(1.66244333114445E-14,0.,-0.99999999999999));
#6978=DIRECTION('',(0.,0.,1.00000000000001));
#6979=DIRECTION('',(1.,5.78241158658899E-15,0.));
#6980=DIRECTION('',(-4.45130251477657E-15,-1.,2.56996070515081E-15));
#6981=DIRECTION('',(-3.54172709678598E-14,0.,-1.00000000000001));
#6982=DIRECTION('',(-2.22565125738842E-15,-1.,-1.2849803525755E-15));
#6983=DIRECTION('',(-1.80700362080912E-14,0.,-0.999999999999998));
#6984=DIRECTION('',(-4.08878244448903E-15,-1.,4.5848349353949E-15));
#6985=DIRECTION('',(1.66244333114444E-14,-5.78241158658937E-15,-1.00000000000001));
#6986=DIRECTION('',(-1.,5.36652695839195E-15,-1.18717399933044E-14));
#6987=DIRECTION('',(-1.15648231731789E-14,-1.73472347597684E-14,0.999999999999999));
#6988=DIRECTION('',(0.,0.,1.00000000000001));
#6989=DIRECTION('',(1.,5.78241158658898E-15,0.));
#6990=DIRECTION('',(-1.,-1.11282562869419E-15,-2.14163392095909E-16));
#6991=DIRECTION('',(0.,1.73472347597676E-14,-1.));
#6992=DIRECTION('',(-4.45130251477657E-15,-1.,2.56996070515081E-15));
#6993=DIRECTION('',(-3.54172709678598E-14,0.,-1.00000000000001));
#6994=DIRECTION('',(-2.22565125738842E-15,-1.,-1.2849803525755E-15));
#6995=DIRECTION('',(-1.80700362080912E-14,0.,-0.999999999999998));
#6996=DIRECTION('',(-5.56412814347087E-16,1.,-3.21245088143866E-16));
#6997=DIRECTION('',(3.54172709678599E-14,0.,-1.00000000000001));
#6998=DIRECTION('',(0.,-1.,0.));
#6999=DIRECTION('',(0.,0.,-1.));
#7000=DIRECTION('',(-2.22565125738835E-15,-1.,-4.28326784191734E-16));
#7001=DIRECTION('',(-3.54172709678598E-14,0.,-1.00000000000001));
#7002=DIRECTION('',(-2.22565125738842E-15,-1.,-1.2849803525755E-15));
#7003=DIRECTION('',(-1.80700362080912E-14,0.,-0.999999999999998));
#7004=DIRECTION('',(2.78206407173542E-15,1.,2.03455222491113E-15));
#7005=DIRECTION('',(3.54172709678599E-14,2.16840434497101E-15,-1.00000000000001));
#7006=DIRECTION('',(0.,-1.,0.));
#7007=DIRECTION('',(0.,0.,-1.));
#7008=DIRECTION('',(2.22565125738829E-15,-1.,-1.2849803525754E-15));
#7009=DIRECTION('',(-3.54172709678599E-14,0.,-1.00000000000001));
#7010=DIRECTION('',(-2.22565125738842E-15,-1.,-1.2849803525755E-15));
#7011=DIRECTION('',(-1.80700362080912E-14,0.,-0.999999999999998));
#7012=DIRECTION('',(1.,-2.22565125738838E-15,1.28498035257544E-15));
#7013=DIRECTION('',(0.,-1.73472347597681E-14,-1.00000000000001));
#7014=DIRECTION('',(-1.,0.,0.));
#7015=DIRECTION('',(0.,0.,-1.));
#7016=DIRECTION('',(1.,-2.22565125738836E-15,1.28498035257546E-15));
#7017=DIRECTION('',(0.,-1.73472347597678E-14,-0.999999999999989));
#7018=DIRECTION('',(-1.,0.,0.));
#7019=DIRECTION('',(0.,0.,-1.));
#7020=DIRECTION('',(-1.,4.08878244448916E-15,-1.31238005485344E-14));
#7021=DIRECTION('',(-1.30104260698262E-14,-1.73472347597682E-14,0.99999999999999));
#7022=DIRECTION('',(-1.,-1.1128256286942E-15,6.42490176287741E-16));
#7023=DIRECTION('',(-7.22801448323643E-16,1.73472347597674E-14,-0.999999999999992));
#7024=DIRECTION('',(-4.088782444489E-15,-1.,1.69362914210031E-15));
#7025=DIRECTION('',(1.66244333114445E-14,0.,-0.99999999999999));
#7026=DIRECTION('',(0.,0.,1.00000000000001));
#7027=DIRECTION('',(1.,5.78241158658899E-15,0.));
#7028=DIRECTION('',(-4.45130251477657E-15,-1.,2.56996070515081E-15));
#7029=DIRECTION('',(-3.54172709678598E-14,0.,-1.00000000000001));
#7030=DIRECTION('',(-2.22565125738842E-15,-1.,-1.2849803525755E-15));
#7031=DIRECTION('',(-1.80700362080912E-14,0.,-0.999999999999998));
#7032=DIRECTION('',(-4.08878244448903E-15,-1.,4.5848349353949E-15));
#7033=DIRECTION('',(1.66244333114444E-14,-5.78241158658937E-15,-1.00000000000001));
#7034=DIRECTION('',(-1.,5.36652695839195E-15,-1.18717399933044E-14));
#7035=DIRECTION('',(-1.15648231731789E-14,-1.73472347597684E-14,0.999999999999999));
#7036=DIRECTION('',(0.,0.,1.00000000000001));
#7037=DIRECTION('',(1.,5.78241158658898E-15,0.));
#7038=DIRECTION('',(-1.,-1.11282562869419E-15,-2.14163392095909E-16));
#7039=DIRECTION('',(0.,1.73472347597676E-14,-1.));
#7040=DIRECTION('',(-4.45130251477657E-15,-1.,2.56996070515081E-15));
#7041=DIRECTION('',(-3.54172709678598E-14,0.,-1.00000000000001));
#7042=DIRECTION('',(-2.22565125738842E-15,-1.,-1.2849803525755E-15));
#7043=DIRECTION('',(-1.80700362080912E-14,0.,-0.999999999999998));
#7044=DIRECTION('',(-5.56412814347087E-16,1.,-3.21245088143866E-16));
#7045=DIRECTION('',(3.54172709678599E-14,0.,-1.00000000000001));
#7046=DIRECTION('',(0.,-1.,0.));
#7047=DIRECTION('',(0.,0.,-1.));
#7048=DIRECTION('',(-2.22565125738835E-15,-1.,-4.28326784191734E-16));
#7049=DIRECTION('',(-3.54172709678598E-14,0.,-1.00000000000001));
#7050=DIRECTION('',(-2.22565125738842E-15,-1.,-1.2849803525755E-15));
#7051=DIRECTION('',(-1.80700362080912E-14,0.,-0.999999999999998));
#7052=DIRECTION('',(2.78206407173542E-15,1.,2.03455222491113E-15));
#7053=DIRECTION('',(3.54172709678599E-14,2.16840434497101E-15,-1.00000000000001));
#7054=DIRECTION('',(0.,-1.,0.));
#7055=DIRECTION('',(0.,0.,-1.));
#7056=DIRECTION('',(2.22565125738829E-15,-1.,-1.2849803525754E-15));
#7057=DIRECTION('',(-3.54172709678599E-14,0.,-1.00000000000001));
#7058=DIRECTION('',(-2.22565125738842E-15,-1.,-1.2849803525755E-15));
#7059=DIRECTION('',(-1.80700362080912E-14,0.,-0.999999999999998));
#7060=DIRECTION('',(1.,-2.22565125738838E-15,1.28498035257544E-15));
#7061=DIRECTION('',(0.,-1.73472347597681E-14,-1.00000000000001));
#7062=DIRECTION('',(-1.,0.,0.));
#7063=DIRECTION('',(0.,0.,-1.));
#7064=DIRECTION('',(1.,-2.22565125738836E-15,1.28498035257546E-15));
#7065=DIRECTION('',(0.,-1.73472347597678E-14,-0.999999999999989));
#7066=DIRECTION('',(-1.,0.,0.));
#7067=DIRECTION('',(0.,0.,-1.));
#7068=DIRECTION('',(-1.,4.08878244448916E-15,-1.31238005485344E-14));
#7069=DIRECTION('',(-1.30104260698262E-14,-1.73472347597682E-14,0.99999999999999));
#7070=DIRECTION('',(-1.,-1.1128256286942E-15,6.42490176287741E-16));
#7071=DIRECTION('',(-7.22801448323643E-16,1.73472347597674E-14,-0.999999999999992));
#7072=DIRECTION('',(-4.088782444489E-15,-1.,1.69362914210031E-15));
#7073=DIRECTION('',(1.66244333114445E-14,0.,-0.99999999999999));
#7074=DIRECTION('',(0.,0.,1.00000000000001));
#7075=DIRECTION('',(1.,5.78241158658899E-15,0.));
#7076=DIRECTION('',(-4.45130251477657E-15,-1.,2.56996070515081E-15));
#7077=DIRECTION('',(-3.54172709678598E-14,0.,-1.00000000000001));
#7078=DIRECTION('',(-2.22565125738842E-15,-1.,-1.2849803525755E-15));
#7079=DIRECTION('',(-1.80700362080912E-14,0.,-0.999999999999998));
#7080=DIRECTION('',(-4.08878244448903E-15,-1.,4.5848349353949E-15));
#7081=DIRECTION('',(1.66244333114444E-14,-5.78241158658937E-15,-1.00000000000001));
#7082=DIRECTION('',(-1.,5.36652695839195E-15,-1.18717399933044E-14));
#7083=DIRECTION('',(-1.15648231731789E-14,-1.73472347597684E-14,0.999999999999999));
#7084=DIRECTION('',(0.,0.,1.00000000000001));
#7085=DIRECTION('',(1.,5.78241158658898E-15,0.));
#7086=DIRECTION('',(-1.,-1.11282562869419E-15,-2.14163392095909E-16));
#7087=DIRECTION('',(0.,1.73472347597676E-14,-1.));
#7088=DIRECTION('',(-4.45130251477657E-15,-1.,2.56996070515081E-15));
#7089=DIRECTION('',(-3.54172709678598E-14,0.,-1.00000000000001));
#7090=DIRECTION('',(-2.22565125738842E-15,-1.,-1.2849803525755E-15));
#7091=DIRECTION('',(-1.80700362080912E-14,0.,-0.999999999999998));
#7092=DIRECTION('',(-5.56412814347087E-16,1.,-3.21245088143866E-16));
#7093=DIRECTION('',(3.54172709678599E-14,0.,-1.00000000000001));
#7094=DIRECTION('',(0.,-1.,0.));
#7095=DIRECTION('',(0.,0.,-1.));
#7096=DIRECTION('',(-2.22565125738835E-15,-1.,-4.28326784191734E-16));
#7097=DIRECTION('',(-3.54172709678598E-14,0.,-1.00000000000001));
#7098=DIRECTION('',(-2.22565125738842E-15,-1.,-1.2849803525755E-15));
#7099=DIRECTION('',(-1.80700362080912E-14,0.,-0.999999999999998));
#7100=DIRECTION('',(2.78206407173542E-15,1.,2.03455222491113E-15));
#7101=DIRECTION('',(3.54172709678599E-14,2.16840434497101E-15,-1.00000000000001));
#7102=DIRECTION('',(0.,-1.,0.));
#7103=DIRECTION('',(0.,0.,-1.));
#7104=DIRECTION('',(2.22565125738829E-15,-1.,-1.2849803525754E-15));
#7105=DIRECTION('',(-3.54172709678599E-14,0.,-1.00000000000001));
#7106=DIRECTION('',(-2.22565125738842E-15,-1.,-1.2849803525755E-15));
#7107=DIRECTION('',(-1.80700362080912E-14,0.,-0.999999999999998));
#7108=DIRECTION('',(1.,-2.22565125738838E-15,1.28498035257544E-15));
#7109=DIRECTION('',(0.,-1.73472347597681E-14,-1.00000000000001));
#7110=DIRECTION('',(-1.,0.,0.));
#7111=DIRECTION('',(0.,0.,-1.));
#7112=DIRECTION('',(1.,-2.22565125738836E-15,1.28498035257546E-15));
#7113=DIRECTION('',(0.,-1.73472347597678E-14,-0.999999999999989));
#7114=DIRECTION('',(-1.,0.,0.));
#7115=DIRECTION('',(0.,0.,-1.));
#7116=DIRECTION('',(-1.,4.08878244448916E-15,-1.31238005485344E-14));
#7117=DIRECTION('',(-1.30104260698262E-14,-1.73472347597682E-14,0.99999999999999));
#7118=DIRECTION('',(-1.,-1.1128256286942E-15,6.42490176287741E-16));
#7119=DIRECTION('',(-7.22801448323643E-16,1.73472347597674E-14,-0.999999999999992));
#7120=DIRECTION('',(-4.088782444489E-15,-1.,1.69362914210031E-15));
#7121=DIRECTION('',(1.66244333114445E-14,0.,-0.99999999999999));
#7122=DIRECTION('',(0.,0.,1.00000000000001));
#7123=DIRECTION('',(1.,5.78241158658899E-15,0.));
#7124=DIRECTION('',(-4.45130251477657E-15,-1.,2.56996070515081E-15));
#7125=DIRECTION('',(-3.54172709678598E-14,0.,-1.00000000000001));
#7126=DIRECTION('',(-2.22565125738842E-15,-1.,-1.2849803525755E-15));
#7127=DIRECTION('',(-1.80700362080912E-14,0.,-0.999999999999998));
#7128=DIRECTION('',(-4.08878244448903E-15,-1.,4.5848349353949E-15));
#7129=DIRECTION('',(1.66244333114444E-14,-5.78241158658937E-15,-1.00000000000001));
#7130=DIRECTION('',(-1.,5.36652695839195E-15,-1.18717399933044E-14));
#7131=DIRECTION('',(-1.15648231731789E-14,-1.73472347597684E-14,0.999999999999999));
#7132=DIRECTION('',(0.,0.,1.00000000000001));
#7133=DIRECTION('',(1.,5.78241158658898E-15,0.));
#7134=DIRECTION('',(-1.,-1.11282562869419E-15,-2.14163392095909E-16));
#7135=DIRECTION('',(0.,1.73472347597676E-14,-1.));
#7136=DIRECTION('',(-4.45130251477657E-15,-1.,2.56996070515081E-15));
#7137=DIRECTION('',(-3.54172709678598E-14,0.,-1.00000000000001));
#7138=DIRECTION('',(-2.22565125738842E-15,-1.,-1.2849803525755E-15));
#7139=DIRECTION('',(-1.80700362080912E-14,0.,-0.999999999999998));
#7140=DIRECTION('',(-5.56412814347087E-16,1.,-3.21245088143866E-16));
#7141=DIRECTION('',(3.54172709678599E-14,0.,-1.00000000000001));
#7142=DIRECTION('',(0.,-1.,0.));
#7143=DIRECTION('',(0.,0.,-1.));
#7144=DIRECTION('',(-2.22565125738835E-15,-1.,-4.28326784191734E-16));
#7145=DIRECTION('',(-3.54172709678598E-14,0.,-1.00000000000001));
#7146=DIRECTION('',(-2.22565125738842E-15,-1.,-1.2849803525755E-15));
#7147=DIRECTION('',(-1.80700362080912E-14,0.,-0.999999999999998));
#7148=DIRECTION('',(2.78206407173542E-15,1.,2.03455222491113E-15));
#7149=DIRECTION('',(3.54172709678599E-14,2.16840434497101E-15,-1.00000000000001));
#7150=DIRECTION('',(0.,-1.,0.));
#7151=DIRECTION('',(0.,0.,-1.));
#7152=DIRECTION('',(2.22565125738829E-15,-1.,-1.2849803525754E-15));
#7153=DIRECTION('',(-3.54172709678599E-14,0.,-1.00000000000001));
#7154=DIRECTION('',(-2.22565125738842E-15,-1.,-1.2849803525755E-15));
#7155=DIRECTION('',(-1.80700362080912E-14,0.,-0.999999999999998));
#7156=DIRECTION('',(1.,-2.22565125738838E-15,1.28498035257544E-15));
#7157=DIRECTION('',(0.,-1.73472347597681E-14,-1.00000000000001));
#7158=DIRECTION('',(-1.,0.,0.));
#7159=DIRECTION('',(0.,0.,-1.));
#7160=DIRECTION('',(1.,-2.22565125738836E-15,1.28498035257546E-15));
#7161=DIRECTION('',(0.,-1.73472347597678E-14,-0.999999999999989));
#7162=DIRECTION('',(-1.,0.,0.));
#7163=DIRECTION('',(0.,0.,-1.));
#7164=DIRECTION('',(-1.,4.08878244448916E-15,-1.31238005485344E-14));
#7165=DIRECTION('',(-1.30104260698262E-14,-1.73472347597682E-14,0.99999999999999));
#7166=DIRECTION('',(-1.,-1.1128256286942E-15,6.42490176287741E-16));
#7167=DIRECTION('',(-7.22801448323643E-16,1.73472347597674E-14,-0.999999999999992));
#7168=DIRECTION('',(-4.088782444489E-15,-1.,1.69362914210031E-15));
#7169=DIRECTION('',(1.66244333114445E-14,0.,-0.99999999999999));
#7170=DIRECTION('',(0.,0.,1.00000000000001));
#7171=DIRECTION('',(1.,5.78241158658899E-15,0.));
#7172=DIRECTION('',(-4.45130251477657E-15,-1.,2.56996070515081E-15));
#7173=DIRECTION('',(-3.54172709678598E-14,0.,-1.00000000000001));
#7174=DIRECTION('',(-2.22565125738842E-15,-1.,-1.2849803525755E-15));
#7175=DIRECTION('',(-1.80700362080912E-14,0.,-0.999999999999998));
#7176=DIRECTION('',(-4.08878244448903E-15,-1.,4.5848349353949E-15));
#7177=DIRECTION('',(1.66244333114444E-14,-5.78241158658937E-15,-1.00000000000001));
#7178=DIRECTION('',(-1.,5.36652695839195E-15,-1.18717399933044E-14));
#7179=DIRECTION('',(-1.15648231731789E-14,-1.73472347597684E-14,0.999999999999999));
#7180=DIRECTION('',(0.,0.,1.00000000000001));
#7181=DIRECTION('',(1.,5.78241158658898E-15,0.));
#7182=DIRECTION('',(-1.,-1.11282562869419E-15,-2.14163392095909E-16));
#7183=DIRECTION('',(0.,1.73472347597676E-14,-1.));
#7184=DIRECTION('',(-4.45130251477657E-15,-1.,2.56996070515081E-15));
#7185=DIRECTION('',(-3.54172709678598E-14,0.,-1.00000000000001));
#7186=DIRECTION('',(-2.22565125738842E-15,-1.,-1.2849803525755E-15));
#7187=DIRECTION('',(-1.80700362080912E-14,0.,-0.999999999999998));
#7188=DIRECTION('',(-5.56412814347087E-16,1.,-3.21245088143866E-16));
#7189=DIRECTION('',(3.54172709678599E-14,0.,-1.00000000000001));
#7190=DIRECTION('',(0.,-1.,0.));
#7191=DIRECTION('',(0.,0.,-1.));
#7192=DIRECTION('',(-2.22565125738835E-15,-1.,-4.28326784191734E-16));
#7193=DIRECTION('',(-3.54172709678598E-14,0.,-1.00000000000001));
#7194=DIRECTION('',(-2.22565125738842E-15,-1.,-1.2849803525755E-15));
#7195=DIRECTION('',(-1.80700362080912E-14,0.,-0.999999999999998));
#7196=DIRECTION('',(2.78206407173542E-15,1.,2.03455222491113E-15));
#7197=DIRECTION('',(3.54172709678599E-14,2.16840434497101E-15,-1.00000000000001));
#7198=DIRECTION('',(0.,-1.,0.));
#7199=DIRECTION('',(0.,0.,-1.));
#7200=DIRECTION('',(2.22565125738829E-15,-1.,-1.2849803525754E-15));
#7201=DIRECTION('',(-3.54172709678599E-14,0.,-1.00000000000001));
#7202=DIRECTION('',(-2.22565125738842E-15,-1.,-1.2849803525755E-15));
#7203=DIRECTION('',(-1.80700362080912E-14,0.,-0.999999999999998));
#7204=DIRECTION('',(1.,-2.22565125738838E-15,1.28498035257544E-15));
#7205=DIRECTION('',(0.,-1.73472347597681E-14,-1.00000000000001));
#7206=DIRECTION('',(-1.,0.,0.));
#7207=DIRECTION('',(0.,0.,-1.));
#7208=DIRECTION('',(1.,-2.22565125738836E-15,1.28498035257546E-15));
#7209=DIRECTION('',(0.,-1.73472347597678E-14,-0.999999999999989));
#7210=DIRECTION('',(-1.,0.,0.));
#7211=DIRECTION('',(0.,0.,-1.));
#7212=DIRECTION('',(-1.,4.08878244448916E-15,-1.31238005485344E-14));
#7213=DIRECTION('',(-1.30104260698262E-14,-1.73472347597682E-14,0.99999999999999));
#7214=DIRECTION('',(-1.,-1.1128256286942E-15,6.42490176287741E-16));
#7215=DIRECTION('',(-7.22801448323643E-16,1.73472347597674E-14,-0.999999999999992));
#7216=DIRECTION('',(-4.088782444489E-15,-1.,1.69362914210031E-15));
#7217=DIRECTION('',(1.66244333114445E-14,0.,-0.99999999999999));
#7218=DIRECTION('',(0.,0.,1.00000000000001));
#7219=DIRECTION('',(1.,5.78241158658899E-15,0.));
#7220=DIRECTION('',(-4.45130251477657E-15,-1.,2.56996070515081E-15));
#7221=DIRECTION('',(-3.54172709678598E-14,0.,-1.00000000000001));
#7222=DIRECTION('',(-2.22565125738842E-15,-1.,-1.2849803525755E-15));
#7223=DIRECTION('',(-1.80700362080912E-14,0.,-0.999999999999998));
#7224=DIRECTION('',(-4.08878244448903E-15,-1.,4.5848349353949E-15));
#7225=DIRECTION('',(1.66244333114444E-14,-5.78241158658937E-15,-1.00000000000001));
#7226=DIRECTION('',(-1.,5.36652695839195E-15,-1.18717399933044E-14));
#7227=DIRECTION('',(-1.15648231731789E-14,-1.73472347597684E-14,0.999999999999999));
#7228=DIRECTION('',(0.,0.,1.00000000000001));
#7229=DIRECTION('',(1.,5.78241158658898E-15,0.));
#7230=DIRECTION('',(-1.,-1.11282562869419E-15,-2.14163392095909E-16));
#7231=DIRECTION('',(0.,1.73472347597676E-14,-1.));
#7232=DIRECTION('',(-4.45130251477657E-15,-1.,2.56996070515081E-15));
#7233=DIRECTION('',(-3.54172709678598E-14,0.,-1.00000000000001));
#7234=DIRECTION('',(-2.22565125738842E-15,-1.,-1.2849803525755E-15));
#7235=DIRECTION('',(-1.80700362080912E-14,0.,-0.999999999999998));
#7236=DIRECTION('',(-5.56412814347087E-16,1.,-3.21245088143866E-16));
#7237=DIRECTION('',(3.54172709678599E-14,0.,-1.00000000000001));
#7238=DIRECTION('',(0.,-1.,0.));
#7239=DIRECTION('',(0.,0.,-1.));
#7240=DIRECTION('',(-2.22565125738835E-15,-1.,-4.28326784191734E-16));
#7241=DIRECTION('',(-3.54172709678598E-14,0.,-1.00000000000001));
#7242=DIRECTION('',(-2.22565125738842E-15,-1.,-1.2849803525755E-15));
#7243=DIRECTION('',(-1.80700362080912E-14,0.,-0.999999999999998));
#7244=DIRECTION('',(2.78206407173542E-15,1.,2.03455222491113E-15));
#7245=DIRECTION('',(3.54172709678599E-14,2.16840434497101E-15,-1.00000000000001));
#7246=DIRECTION('',(0.,-1.,0.));
#7247=DIRECTION('',(0.,0.,-1.));
#7248=DIRECTION('',(2.22565125738829E-15,-1.,-1.2849803525754E-15));
#7249=DIRECTION('',(-3.54172709678599E-14,0.,-1.00000000000001));
#7250=DIRECTION('',(-2.22565125738842E-15,-1.,-1.2849803525755E-15));
#7251=DIRECTION('',(-1.80700362080912E-14,0.,-0.999999999999998));
#7252=DIRECTION('',(1.,-2.22565125738838E-15,1.28498035257544E-15));
#7253=DIRECTION('',(0.,-1.73472347597681E-14,-1.00000000000001));
#7254=DIRECTION('',(-1.,0.,0.));
#7255=DIRECTION('',(0.,0.,-1.));
#7256=DIRECTION('',(1.,-2.22565125738836E-15,1.28498035257546E-15));
#7257=DIRECTION('',(0.,-1.73472347597678E-14,-0.999999999999989));
#7258=DIRECTION('',(-1.,0.,0.));
#7259=DIRECTION('',(0.,0.,-1.));
#7260=DIRECTION('',(-1.,4.08878244448916E-15,-1.31238005485344E-14));
#7261=DIRECTION('',(-1.30104260698262E-14,-1.73472347597682E-14,0.99999999999999));
#7262=DIRECTION('',(-1.,-1.1128256286942E-15,6.42490176287741E-16));
#7263=DIRECTION('',(-7.22801448323643E-16,1.73472347597674E-14,-0.999999999999992));
#7264=DIRECTION('',(-4.088782444489E-15,-1.,1.69362914210031E-15));
#7265=DIRECTION('',(1.66244333114445E-14,0.,-0.99999999999999));
#7266=DIRECTION('',(0.,0.,1.00000000000001));
#7267=DIRECTION('',(1.,5.78241158658899E-15,0.));
#7268=DIRECTION('',(-4.45130251477657E-15,-1.,2.56996070515081E-15));
#7269=DIRECTION('',(-3.54172709678598E-14,0.,-1.00000000000001));
#7270=DIRECTION('',(-2.22565125738842E-15,-1.,-1.2849803525755E-15));
#7271=DIRECTION('',(-1.80700362080912E-14,0.,-0.999999999999998));
#7272=DIRECTION('',(-4.08878244448903E-15,-1.,4.5848349353949E-15));
#7273=DIRECTION('',(1.66244333114444E-14,-5.78241158658937E-15,-1.00000000000001));
#7274=DIRECTION('',(-1.,5.36652695839195E-15,-1.18717399933044E-14));
#7275=DIRECTION('',(-1.15648231731789E-14,-1.73472347597684E-14,0.999999999999999));
#7276=DIRECTION('',(0.,0.,1.00000000000001));
#7277=DIRECTION('',(1.,5.78241158658898E-15,0.));
#7278=DIRECTION('',(-1.,-1.11282562869419E-15,-2.14163392095909E-16));
#7279=DIRECTION('',(0.,1.73472347597676E-14,-1.));
#7280=DIRECTION('',(-4.45130251477657E-15,-1.,2.56996070515081E-15));
#7281=DIRECTION('',(-3.54172709678598E-14,0.,-1.00000000000001));
#7282=DIRECTION('',(-2.22565125738842E-15,-1.,-1.2849803525755E-15));
#7283=DIRECTION('',(-1.80700362080912E-14,0.,-0.999999999999998));
#7284=DIRECTION('',(-5.56412814347087E-16,1.,-3.21245088143866E-16));
#7285=DIRECTION('',(3.54172709678599E-14,0.,-1.00000000000001));
#7286=DIRECTION('',(0.,-1.,0.));
#7287=DIRECTION('',(0.,0.,-1.));
#7288=DIRECTION('',(-2.22565125738835E-15,-1.,-4.28326784191734E-16));
#7289=DIRECTION('',(-3.54172709678598E-14,0.,-1.00000000000001));
#7290=DIRECTION('',(-2.22565125738842E-15,-1.,-1.2849803525755E-15));
#7291=DIRECTION('',(-1.80700362080912E-14,0.,-0.999999999999998));
#7292=DIRECTION('',(2.78206407173542E-15,1.,2.03455222491113E-15));
#7293=DIRECTION('',(3.54172709678599E-14,2.16840434497101E-15,-1.00000000000001));
#7294=DIRECTION('',(0.,-1.,0.));
#7295=DIRECTION('',(0.,0.,-1.));
#7296=DIRECTION('',(2.22565125738829E-15,-1.,-1.2849803525754E-15));
#7297=DIRECTION('',(-3.54172709678599E-14,0.,-1.00000000000001));
#7298=DIRECTION('',(-2.22565125738842E-15,-1.,-1.2849803525755E-15));
#7299=DIRECTION('',(-1.80700362080912E-14,0.,-0.999999999999998));
#7300=DIRECTION('',(1.,-2.22565125738838E-15,1.28498035257544E-15));
#7301=DIRECTION('',(0.,-1.73472347597681E-14,-1.00000000000001));
#7302=DIRECTION('',(-1.,0.,0.));
#7303=DIRECTION('',(0.,0.,-1.));
#7304=DIRECTION('',(1.,-2.22565125738836E-15,1.28498035257546E-15));
#7305=DIRECTION('',(0.,-1.73472347597678E-14,-0.999999999999989));
#7306=DIRECTION('',(-1.,0.,0.));
#7307=DIRECTION('',(0.,0.,-1.));
#7308=DIRECTION('',(-1.,4.08878244448916E-15,-1.31238005485344E-14));
#7309=DIRECTION('',(-1.30104260698262E-14,-1.73472347597682E-14,0.99999999999999));
#7310=DIRECTION('',(-1.,-1.1128256286942E-15,6.42490176287741E-16));
#7311=DIRECTION('',(-7.22801448323643E-16,1.73472347597674E-14,-0.999999999999992));
#7312=DIRECTION('',(-4.088782444489E-15,-1.,1.69362914210031E-15));
#7313=DIRECTION('',(1.66244333114445E-14,0.,-0.99999999999999));
#7314=DIRECTION('',(0.,0.,1.00000000000001));
#7315=DIRECTION('',(1.,5.78241158658899E-15,0.));
#7316=DIRECTION('',(-4.45130251477657E-15,-1.,2.56996070515081E-15));
#7317=DIRECTION('',(-3.54172709678598E-14,0.,-1.00000000000001));
#7318=DIRECTION('',(-2.22565125738842E-15,-1.,-1.2849803525755E-15));
#7319=DIRECTION('',(-1.80700362080912E-14,0.,-0.999999999999998));
#7320=DIRECTION('',(-4.08878244448903E-15,-1.,4.5848349353949E-15));
#7321=DIRECTION('',(1.66244333114444E-14,-5.78241158658937E-15,-1.00000000000001));
#7322=DIRECTION('',(-1.,5.36652695839195E-15,-1.18717399933044E-14));
#7323=DIRECTION('',(-1.15648231731789E-14,-1.73472347597684E-14,0.999999999999999));
#7324=DIRECTION('',(0.,0.,1.00000000000001));
#7325=DIRECTION('',(1.,5.78241158658898E-15,0.));
#7326=DIRECTION('',(-1.,-1.11282562869419E-15,-2.14163392095909E-16));
#7327=DIRECTION('',(0.,1.73472347597676E-14,-1.));
#7328=DIRECTION('',(-4.45130251477657E-15,-1.,2.56996070515081E-15));
#7329=DIRECTION('',(-3.54172709678598E-14,0.,-1.00000000000001));
#7330=DIRECTION('',(-2.22565125738842E-15,-1.,-1.2849803525755E-15));
#7331=DIRECTION('',(-1.80700362080912E-14,0.,-0.999999999999998));
#7332=DIRECTION('',(-5.56412814347087E-16,1.,-3.21245088143866E-16));
#7333=DIRECTION('',(3.54172709678599E-14,0.,-1.00000000000001));
#7334=DIRECTION('',(0.,-1.,0.));
#7335=DIRECTION('',(0.,0.,-1.));
#7336=DIRECTION('',(-2.22565125738835E-15,-1.,-4.28326784191734E-16));
#7337=DIRECTION('',(-3.54172709678598E-14,0.,-1.00000000000001));
#7338=DIRECTION('',(-2.22565125738842E-15,-1.,-1.2849803525755E-15));
#7339=DIRECTION('',(-1.80700362080912E-14,0.,-0.999999999999998));
#7340=DIRECTION('',(2.78206407173542E-15,1.,2.03455222491113E-15));
#7341=DIRECTION('',(3.54172709678599E-14,2.16840434497101E-15,-1.00000000000001));
#7342=DIRECTION('',(0.,-1.,0.));
#7343=DIRECTION('',(0.,0.,-1.));
#7344=DIRECTION('',(2.22565125738829E-15,-1.,-1.2849803525754E-15));
#7345=DIRECTION('',(-3.54172709678599E-14,0.,-1.00000000000001));
#7346=DIRECTION('',(-2.22565125738842E-15,-1.,-1.2849803525755E-15));
#7347=DIRECTION('',(-1.80700362080912E-14,0.,-0.999999999999998));
#7348=DIRECTION('',(1.,-2.22565125738838E-15,1.28498035257544E-15));
#7349=DIRECTION('',(0.,-1.73472347597681E-14,-1.00000000000001));
#7350=DIRECTION('',(-1.,0.,0.));
#7351=DIRECTION('',(0.,0.,-1.));
#7352=DIRECTION('',(1.,-2.22565125738836E-15,1.28498035257546E-15));
#7353=DIRECTION('',(0.,-1.73472347597678E-14,-0.999999999999989));
#7354=DIRECTION('',(-1.,0.,0.));
#7355=DIRECTION('',(0.,0.,-1.));
#7356=DIRECTION('',(-1.,4.08878244448916E-15,-1.31238005485344E-14));
#7357=DIRECTION('',(-1.30104260698262E-14,-1.73472347597682E-14,0.99999999999999));
#7358=DIRECTION('',(-1.,-1.1128256286942E-15,6.42490176287741E-16));
#7359=DIRECTION('',(-7.22801448323643E-16,1.73472347597674E-14,-0.999999999999992));
#7360=DIRECTION('',(-4.088782444489E-15,-1.,1.69362914210031E-15));
#7361=DIRECTION('',(1.66244333114445E-14,0.,-0.99999999999999));
#7362=DIRECTION('',(0.,0.,1.00000000000001));
#7363=DIRECTION('',(1.,5.78241158658899E-15,0.));
#7364=DIRECTION('',(-4.45130251477657E-15,-1.,2.56996070515081E-15));
#7365=DIRECTION('',(-3.54172709678598E-14,0.,-1.00000000000001));
#7366=DIRECTION('',(-2.22565125738842E-15,-1.,-1.2849803525755E-15));
#7367=DIRECTION('',(-1.80700362080912E-14,0.,-0.999999999999998));
#7368=DIRECTION('',(-4.08878244448903E-15,-1.,4.5848349353949E-15));
#7369=DIRECTION('',(1.66244333114444E-14,-5.78241158658937E-15,-1.00000000000001));
#7370=DIRECTION('',(-1.,5.36652695839195E-15,-1.18717399933044E-14));
#7371=DIRECTION('',(-1.15648231731789E-14,-1.73472347597684E-14,0.999999999999999));
#7372=DIRECTION('',(0.,0.,1.00000000000001));
#7373=DIRECTION('',(1.,5.78241158658898E-15,0.));
#7374=DIRECTION('',(-1.,-1.11282562869419E-15,-2.14163392095909E-16));
#7375=DIRECTION('',(0.,1.73472347597676E-14,-1.));
#7376=DIRECTION('',(-4.45130251477657E-15,-1.,2.56996070515081E-15));
#7377=DIRECTION('',(-3.54172709678598E-14,0.,-1.00000000000001));
#7378=DIRECTION('',(-2.22565125738842E-15,-1.,-1.2849803525755E-15));
#7379=DIRECTION('',(-1.80700362080912E-14,0.,-0.999999999999998));
#7380=DIRECTION('',(-5.56412814347087E-16,1.,-3.21245088143866E-16));
#7381=DIRECTION('',(3.54172709678599E-14,0.,-1.00000000000001));
#7382=DIRECTION('',(0.,-1.,0.));
#7383=DIRECTION('',(0.,0.,-1.));
#7384=DIRECTION('',(-2.22565125738835E-15,-1.,-4.28326784191734E-16));
#7385=DIRECTION('',(-3.54172709678598E-14,0.,-1.00000000000001));
#7386=DIRECTION('',(-2.22565125738842E-15,-1.,-1.2849803525755E-15));
#7387=DIRECTION('',(-1.80700362080912E-14,0.,-0.999999999999998));
#7388=DIRECTION('',(2.78206407173542E-15,1.,2.03455222491113E-15));
#7389=DIRECTION('',(3.54172709678599E-14,2.16840434497101E-15,-1.00000000000001));
#7390=DIRECTION('',(0.,-1.,0.));
#7391=DIRECTION('',(0.,0.,-1.));
#7392=DIRECTION('',(2.22565125738829E-15,-1.,-1.2849803525754E-15));
#7393=DIRECTION('',(-3.54172709678599E-14,0.,-1.00000000000001));
#7394=DIRECTION('',(-2.22565125738842E-15,-1.,-1.2849803525755E-15));
#7395=DIRECTION('',(-1.80700362080912E-14,0.,-0.999999999999998));
#7396=DIRECTION('',(1.,-2.22565125738838E-15,1.28498035257544E-15));
#7397=DIRECTION('',(0.,-1.73472347597681E-14,-1.00000000000001));
#7398=DIRECTION('',(-1.,0.,0.));
#7399=DIRECTION('',(0.,0.,-1.));
#7400=DIRECTION('',(1.,-2.22565125738836E-15,1.28498035257546E-15));
#7401=DIRECTION('',(0.,-1.73472347597678E-14,-0.999999999999989));
#7402=DIRECTION('',(-1.,0.,0.));
#7403=DIRECTION('',(0.,0.,-1.));
#7404=DIRECTION('',(-1.,4.08878244448916E-15,-1.31238005485344E-14));
#7405=DIRECTION('',(-1.30104260698262E-14,-1.73472347597682E-14,0.99999999999999));
#7406=DIRECTION('',(-1.,-1.1128256286942E-15,6.42490176287741E-16));
#7407=DIRECTION('',(-7.22801448323643E-16,1.73472347597674E-14,-0.999999999999992));
#7408=DIRECTION('',(-4.088782444489E-15,-1.,1.69362914210031E-15));
#7409=DIRECTION('',(1.66244333114445E-14,0.,-0.99999999999999));
#7410=DIRECTION('',(0.,0.,1.00000000000001));
#7411=DIRECTION('',(1.,5.78241158658899E-15,0.));
#7412=DIRECTION('',(-4.45130251477657E-15,-1.,2.56996070515081E-15));
#7413=DIRECTION('',(-3.54172709678598E-14,0.,-1.00000000000001));
#7414=DIRECTION('',(-2.22565125738842E-15,-1.,-1.2849803525755E-15));
#7415=DIRECTION('',(-1.80700362080912E-14,0.,-0.999999999999998));
#7416=DIRECTION('',(-4.08878244448903E-15,-1.,4.5848349353949E-15));
#7417=DIRECTION('',(1.66244333114444E-14,-5.78241158658937E-15,-1.00000000000001));
#7418=DIRECTION('',(-1.,5.36652695839195E-15,-1.18717399933044E-14));
#7419=DIRECTION('',(-1.15648231731789E-14,-1.73472347597684E-14,0.999999999999999));
#7420=DIRECTION('',(0.,0.,1.00000000000001));
#7421=DIRECTION('',(1.,5.78241158658898E-15,0.));
#7422=DIRECTION('',(-1.,-1.11282562869419E-15,-2.14163392095909E-16));
#7423=DIRECTION('',(0.,1.73472347597676E-14,-1.));
#7424=DIRECTION('',(-4.45130251477657E-15,-1.,2.56996070515081E-15));
#7425=DIRECTION('',(-3.54172709678598E-14,0.,-1.00000000000001));
#7426=DIRECTION('',(-2.22565125738842E-15,-1.,-1.2849803525755E-15));
#7427=DIRECTION('',(-1.80700362080912E-14,0.,-0.999999999999998));
#7428=DIRECTION('',(-5.56412814347087E-16,1.,-3.21245088143866E-16));
#7429=DIRECTION('',(3.54172709678599E-14,0.,-1.00000000000001));
#7430=DIRECTION('',(0.,-1.,0.));
#7431=DIRECTION('',(0.,0.,-1.));
#7432=DIRECTION('',(-2.22565125738835E-15,-1.,-4.28326784191734E-16));
#7433=DIRECTION('',(-3.54172709678598E-14,0.,-1.00000000000001));
#7434=DIRECTION('',(-2.22565125738842E-15,-1.,-1.2849803525755E-15));
#7435=DIRECTION('',(-1.80700362080912E-14,0.,-0.999999999999998));
#7436=DIRECTION('',(2.78206407173542E-15,1.,2.03455222491113E-15));
#7437=DIRECTION('',(3.54172709678599E-14,2.16840434497101E-15,-1.00000000000001));
#7438=DIRECTION('',(0.,-1.,0.));
#7439=DIRECTION('',(0.,0.,-1.));
#7440=DIRECTION('',(2.22565125738829E-15,-1.,-1.2849803525754E-15));
#7441=DIRECTION('',(-3.54172709678599E-14,0.,-1.00000000000001));
#7442=DIRECTION('',(-2.22565125738842E-15,-1.,-1.2849803525755E-15));
#7443=DIRECTION('',(-1.80700362080912E-14,0.,-0.999999999999998));
#7444=DIRECTION('',(1.,-2.22565125738838E-15,1.28498035257544E-15));
#7445=DIRECTION('',(0.,-1.73472347597681E-14,-1.00000000000001));
#7446=DIRECTION('',(-1.,0.,0.));
#7447=DIRECTION('',(0.,0.,-1.));
#7448=DIRECTION('',(1.,-2.22565125738836E-15,1.28498035257546E-15));
#7449=DIRECTION('',(0.,-1.73472347597678E-14,-0.999999999999989));
#7450=DIRECTION('',(-1.,0.,0.));
#7451=DIRECTION('',(0.,0.,-1.));
#7452=DIRECTION('',(-1.,4.08878244448916E-15,-1.31238005485344E-14));
#7453=DIRECTION('',(-1.30104260698262E-14,-1.73472347597682E-14,0.99999999999999));
#7454=DIRECTION('',(-1.,-1.1128256286942E-15,6.42490176287741E-16));
#7455=DIRECTION('',(-7.22801448323643E-16,1.73472347597674E-14,-0.999999999999992));
#7456=DIRECTION('',(-4.088782444489E-15,-1.,1.69362914210031E-15));
#7457=DIRECTION('',(1.66244333114445E-14,0.,-0.99999999999999));
#7458=DIRECTION('',(0.,0.,1.00000000000001));
#7459=DIRECTION('',(1.,5.78241158658899E-15,0.));
#7460=DIRECTION('',(-4.45130251477657E-15,-1.,2.56996070515081E-15));
#7461=DIRECTION('',(-3.54172709678598E-14,0.,-1.00000000000001));
#7462=DIRECTION('',(-2.22565125738842E-15,-1.,-1.2849803525755E-15));
#7463=DIRECTION('',(-1.80700362080912E-14,0.,-0.999999999999998));
#7464=DIRECTION('',(-4.08878244448903E-15,-1.,4.5848349353949E-15));
#7465=DIRECTION('',(1.66244333114444E-14,-5.78241158658937E-15,-1.00000000000001));
#7466=DIRECTION('',(-1.,5.36652695839195E-15,-1.18717399933044E-14));
#7467=DIRECTION('',(-1.15648231731789E-14,-1.73472347597684E-14,0.999999999999999));
#7468=DIRECTION('',(0.,0.,1.00000000000001));
#7469=DIRECTION('',(1.,5.78241158658898E-15,0.));
#7470=DIRECTION('',(-1.,-1.11282562869419E-15,-2.14163392095909E-16));
#7471=DIRECTION('',(0.,1.73472347597676E-14,-1.));
#7472=DIRECTION('',(-4.45130251477657E-15,-1.,2.56996070515081E-15));
#7473=DIRECTION('',(-3.54172709678598E-14,0.,-1.00000000000001));
#7474=DIRECTION('',(-2.22565125738842E-15,-1.,-1.2849803525755E-15));
#7475=DIRECTION('',(-1.80700362080912E-14,0.,-0.999999999999998));
#7476=DIRECTION('',(-5.56412814347087E-16,1.,-3.21245088143866E-16));
#7477=DIRECTION('',(3.54172709678599E-14,0.,-1.00000000000001));
#7478=DIRECTION('',(0.,-1.,0.));
#7479=DIRECTION('',(0.,0.,-1.));
#7480=DIRECTION('',(-2.22565125738835E-15,-1.,-4.28326784191734E-16));
#7481=DIRECTION('',(-3.54172709678598E-14,0.,-1.00000000000001));
#7482=DIRECTION('',(-2.22565125738842E-15,-1.,-1.2849803525755E-15));
#7483=DIRECTION('',(-1.80700362080912E-14,0.,-0.999999999999998));
#7484=DIRECTION('',(2.78206407173542E-15,1.,2.03455222491113E-15));
#7485=DIRECTION('',(3.54172709678599E-14,2.16840434497101E-15,-1.00000000000001));
#7486=DIRECTION('',(0.,-1.,0.));
#7487=DIRECTION('',(0.,0.,-1.));
#7488=DIRECTION('',(2.22565125738829E-15,-1.,-1.2849803525754E-15));
#7489=DIRECTION('',(-3.54172709678599E-14,0.,-1.00000000000001));
#7490=DIRECTION('',(-2.22565125738842E-15,-1.,-1.2849803525755E-15));
#7491=DIRECTION('',(-1.80700362080912E-14,0.,-0.999999999999998));
#7492=DIRECTION('',(1.,-2.22565125738838E-15,1.28498035257544E-15));
#7493=DIRECTION('',(0.,-1.73472347597681E-14,-1.00000000000001));
#7494=DIRECTION('',(-1.,0.,0.));
#7495=DIRECTION('',(0.,0.,-1.));
#7496=DIRECTION('',(1.,-2.22565125738836E-15,1.28498035257546E-15));
#7497=DIRECTION('',(0.,-1.73472347597678E-14,-1.00000000000001));
#7498=DIRECTION('',(-1.,0.,0.));
#7499=DIRECTION('',(0.,0.,-1.));
#7500=DIRECTION('',(-1.,4.08878244448916E-15,-1.31238005485344E-14));
#7501=DIRECTION('',(-1.30104260698262E-14,-1.73472347597682E-14,0.99999999999999));
#7502=DIRECTION('',(-1.,-1.1128256286942E-15,6.42490176287741E-16));
#7503=DIRECTION('',(-7.22801448323643E-16,1.73472347597674E-14,-0.999999999999992));
#7504=DIRECTION('',(-4.088782444489E-15,-1.,1.69362914210031E-15));
#7505=DIRECTION('',(1.66244333114445E-14,0.,-0.99999999999999));
#7506=DIRECTION('',(0.,0.,1.00000000000001));
#7507=DIRECTION('',(1.,5.78241158658899E-15,0.));
#7508=DIRECTION('',(-4.45130251477657E-15,-1.,2.56996070515081E-15));
#7509=DIRECTION('',(-3.54172709678598E-14,0.,-1.00000000000001));
#7510=DIRECTION('',(-2.22565125738842E-15,-1.,-1.2849803525755E-15));
#7511=DIRECTION('',(-1.80700362080912E-14,0.,-0.999999999999998));
#7512=DIRECTION('',(-4.08878244448903E-15,-1.,4.5848349353949E-15));
#7513=DIRECTION('',(1.66244333114444E-14,-5.78241158658937E-15,-1.00000000000001));
#7514=DIRECTION('',(-1.,5.36652695839195E-15,-1.18717399933044E-14));
#7515=DIRECTION('',(-1.15648231731789E-14,-1.73472347597684E-14,0.999999999999999));
#7516=DIRECTION('',(0.,0.,1.00000000000001));
#7517=DIRECTION('',(1.,5.78241158658898E-15,0.));
#7518=DIRECTION('',(-1.,-1.11282562869419E-15,-2.14163392095909E-16));
#7519=DIRECTION('',(0.,1.73472347597676E-14,-1.));
#7520=DIRECTION('',(-4.45130251477657E-15,-1.,2.56996070515081E-15));
#7521=DIRECTION('',(-3.54172709678598E-14,0.,-1.00000000000001));
#7522=DIRECTION('',(-2.22565125738842E-15,-1.,-1.2849803525755E-15));
#7523=DIRECTION('',(-1.80700362080912E-14,0.,-0.999999999999998));
#7524=DIRECTION('',(-5.56412814347087E-16,1.,-3.21245088143866E-16));
#7525=DIRECTION('',(3.54172709678599E-14,0.,-1.00000000000001));
#7526=DIRECTION('',(0.,-1.,0.));
#7527=DIRECTION('',(0.,0.,-1.));
#7528=DIRECTION('',(-2.22565125738835E-15,-1.,-4.28326784191734E-16));
#7529=DIRECTION('',(-3.54172709678598E-14,0.,-1.00000000000001));
#7530=DIRECTION('',(-2.22565125738842E-15,-1.,-1.2849803525755E-15));
#7531=DIRECTION('',(-1.80700362080912E-14,0.,-0.999999999999998));
#7532=DIRECTION('',(2.78206407173542E-15,1.,2.03455222491113E-15));
#7533=DIRECTION('',(3.54172709678599E-14,2.16840434497101E-15,-1.00000000000001));
#7534=DIRECTION('',(0.,-1.,0.));
#7535=DIRECTION('',(0.,0.,-1.));
#7536=DIRECTION('',(2.22565125738829E-15,-1.,-1.2849803525754E-15));
#7537=DIRECTION('',(-3.54172709678599E-14,0.,-1.00000000000001));
#7538=DIRECTION('',(-2.22565125738842E-15,-1.,-1.2849803525755E-15));
#7539=DIRECTION('',(-1.80700362080912E-14,0.,-0.999999999999998));
#7540=DIRECTION('',(1.,-2.22565125738838E-15,1.28498035257544E-15));
#7541=DIRECTION('',(0.,-1.73472347597681E-14,-0.999999999999984));
#7542=DIRECTION('',(-1.,0.,0.));
#7543=DIRECTION('',(0.,0.,-1.));
#7544=DIRECTION('',(1.,-2.22565125738836E-15,1.28498035257546E-15));
#7545=DIRECTION('',(0.,-1.73472347597678E-14,-1.00000000000001));
#7546=DIRECTION('',(-1.,0.,0.));
#7547=DIRECTION('',(0.,0.,-1.));
#7548=DIRECTION('',(-1.,4.08878244448916E-15,-1.31238005485344E-14));
#7549=DIRECTION('',(-1.30104260698262E-14,-1.73472347597682E-14,0.99999999999999));
#7550=DIRECTION('',(-1.,-1.1128256286942E-15,6.42490176287741E-16));
#7551=DIRECTION('',(-7.22801448323643E-16,1.73472347597674E-14,-0.999999999999992));
#7552=DIRECTION('',(-4.088782444489E-15,-1.,1.69362914210031E-15));
#7553=DIRECTION('',(1.66244333114445E-14,0.,-0.99999999999999));
#7554=DIRECTION('',(0.,0.,1.00000000000001));
#7555=DIRECTION('',(1.,5.78241158658899E-15,0.));
#7556=DIRECTION('',(-4.45130251477657E-15,-1.,2.56996070515081E-15));
#7557=DIRECTION('',(-3.54172709678598E-14,0.,-0.999999999999982));
#7558=DIRECTION('',(-2.22565125738842E-15,-1.,-1.2849803525755E-15));
#7559=DIRECTION('',(-1.80700362080912E-14,0.,-0.999999999999998));
#7560=DIRECTION('',(-4.08878244448903E-15,-1.,4.5848349353949E-15));
#7561=DIRECTION('',(1.66244333114444E-14,-5.78241158658937E-15,-0.999999999999984));
#7562=DIRECTION('',(-1.,5.36652695839195E-15,-1.18717399933044E-14));
#7563=DIRECTION('',(-1.15648231731789E-14,-1.73472347597684E-14,0.999999999999999));
#7564=DIRECTION('',(0.,0.,1.00000000000001));
#7565=DIRECTION('',(1.,5.78241158658898E-15,0.));
#7566=DIRECTION('',(-1.,-1.11282562869419E-15,-2.14163392095909E-16));
#7567=DIRECTION('',(0.,1.73472347597676E-14,-1.));
#7568=DIRECTION('',(-4.45130251477657E-15,-1.,2.56996070515081E-15));
#7569=DIRECTION('',(-3.54172709678598E-14,0.,-0.999999999999982));
#7570=DIRECTION('',(-2.22565125738842E-15,-1.,-1.2849803525755E-15));
#7571=DIRECTION('',(-1.80700362080912E-14,0.,-0.999999999999998));
#7572=DIRECTION('',(-5.56412814347087E-16,1.,-3.21245088143866E-16));
#7573=DIRECTION('',(3.54172709678599E-14,0.,-0.999999999999984));
#7574=DIRECTION('',(0.,-1.,0.));
#7575=DIRECTION('',(0.,0.,-1.));
#7576=DIRECTION('',(-2.22565125738835E-15,-1.,-4.28326784191734E-16));
#7577=DIRECTION('',(-3.54172709678598E-14,0.,-0.999999999999983));
#7578=DIRECTION('',(-2.22565125738842E-15,-1.,-1.2849803525755E-15));
#7579=DIRECTION('',(-1.80700362080912E-14,0.,-0.999999999999998));
#7580=DIRECTION('',(2.78206407173542E-15,1.,2.03455222491113E-15));
#7581=DIRECTION('',(3.54172709678599E-14,2.16840434497101E-15,-0.999999999999984));
#7582=DIRECTION('',(0.,-1.,0.));
#7583=DIRECTION('',(0.,0.,-1.));
#7584=DIRECTION('',(2.22565125738829E-15,-1.,-1.2849803525754E-15));
#7585=DIRECTION('',(-3.54172709678599E-14,0.,-0.999999999999984));
#7586=DIRECTION('',(-2.22565125738842E-15,-1.,-1.2849803525755E-15));
#7587=DIRECTION('',(-1.80700362080912E-14,0.,-0.999999999999998));
#7588=DIRECTION('',(1.,-2.22565125738838E-15,1.28498035257544E-15));
#7589=DIRECTION('',(0.,-1.73472347597681E-14,-0.999999999999984));
#7590=DIRECTION('',(-1.,0.,0.));
#7591=DIRECTION('',(0.,0.,-1.));
#7592=DIRECTION('',(1.,-2.22565125738836E-15,1.28498035257546E-15));
#7593=DIRECTION('',(0.,-1.73472347597678E-14,-1.00000000000001));
#7594=DIRECTION('',(-1.,0.,0.));
#7595=DIRECTION('',(0.,0.,-1.));
#7596=DIRECTION('',(-1.,4.08878244448916E-15,-1.31238005485344E-14));
#7597=DIRECTION('',(-1.30104260698262E-14,-1.73472347597682E-14,0.99999999999999));
#7598=DIRECTION('',(-1.,-1.1128256286942E-15,6.42490176287741E-16));
#7599=DIRECTION('',(-7.22801448323643E-16,1.73472347597674E-14,-0.999999999999992));
#7600=DIRECTION('',(-4.088782444489E-15,-1.,1.69362914210031E-15));
#7601=DIRECTION('',(1.66244333114445E-14,0.,-0.99999999999999));
#7602=DIRECTION('',(0.,0.,1.00000000000001));
#7603=DIRECTION('',(1.,5.78241158658899E-15,0.));
#7604=DIRECTION('',(-4.45130251477657E-15,-1.,2.56996070515081E-15));
#7605=DIRECTION('',(-3.54172709678598E-14,0.,-0.999999999999982));
#7606=DIRECTION('',(-2.22565125738842E-15,-1.,-1.2849803525755E-15));
#7607=DIRECTION('',(-1.80700362080912E-14,0.,-0.999999999999998));
#7608=DIRECTION('',(-4.08878244448903E-15,-1.,4.5848349353949E-15));
#7609=DIRECTION('',(1.66244333114444E-14,-5.78241158658937E-15,-0.999999999999984));
#7610=DIRECTION('',(-1.,5.36652695839195E-15,-1.18717399933044E-14));
#7611=DIRECTION('',(-1.15648231731789E-14,-1.73472347597684E-14,0.999999999999999));
#7612=DIRECTION('',(0.,0.,1.00000000000001));
#7613=DIRECTION('',(1.,5.78241158658898E-15,0.));
#7614=DIRECTION('',(-1.,-1.11282562869419E-15,-2.14163392095909E-16));
#7615=DIRECTION('',(0.,1.73472347597676E-14,-1.));
#7616=DIRECTION('',(-4.45130251477657E-15,-1.,2.56996070515081E-15));
#7617=DIRECTION('',(-3.54172709678598E-14,0.,-0.999999999999982));
#7618=DIRECTION('',(-2.22565125738842E-15,-1.,-1.2849803525755E-15));
#7619=DIRECTION('',(-1.80700362080912E-14,0.,-0.999999999999998));
#7620=DIRECTION('',(-5.56412814347087E-16,1.,-3.21245088143866E-16));
#7621=DIRECTION('',(3.54172709678599E-14,0.,-0.999999999999984));
#7622=DIRECTION('',(0.,-1.,0.));
#7623=DIRECTION('',(0.,0.,-1.));
#7624=DIRECTION('',(-2.22565125738835E-15,-1.,-4.28326784191734E-16));
#7625=DIRECTION('',(-3.54172709678598E-14,0.,-0.999999999999983));
#7626=DIRECTION('',(-2.22565125738842E-15,-1.,-1.2849803525755E-15));
#7627=DIRECTION('',(-1.80700362080912E-14,0.,-0.999999999999998));
#7628=DIRECTION('',(2.78206407173542E-15,1.,2.03455222491113E-15));
#7629=DIRECTION('',(3.54172709678599E-14,2.16840434497101E-15,-0.999999999999984));
#7630=DIRECTION('',(0.,-1.,0.));
#7631=DIRECTION('',(0.,0.,-1.));
#7632=DIRECTION('',(2.22565125738829E-15,-1.,-1.2849803525754E-15));
#7633=DIRECTION('',(-3.54172709678599E-14,0.,-0.999999999999984));
#7634=DIRECTION('',(-2.22565125738842E-15,-1.,-1.2849803525755E-15));
#7635=DIRECTION('',(-1.80700362080912E-14,0.,-0.999999999999998));
#7636=DIRECTION('',(1.,-2.22565125738838E-15,1.28498035257544E-15));
#7637=DIRECTION('',(0.,-1.73472347597681E-14,-0.999999999999984));
#7638=DIRECTION('',(-1.,0.,0.));
#7639=DIRECTION('',(0.,0.,-1.));
#7640=DIRECTION('',(1.,-2.22565125738836E-15,1.28498035257546E-15));
#7641=DIRECTION('',(0.,-1.73472347597678E-14,-1.00000000000001));
#7642=DIRECTION('',(-1.,0.,0.));
#7643=DIRECTION('',(0.,0.,-1.));
#7644=DIRECTION('',(-1.,4.08878244448916E-15,-1.31238005485344E-14));
#7645=DIRECTION('',(-1.30104260698262E-14,-1.73472347597682E-14,0.99999999999999));
#7646=DIRECTION('',(-1.,-1.1128256286942E-15,6.42490176287741E-16));
#7647=DIRECTION('',(-7.22801448323643E-16,1.73472347597674E-14,-0.999999999999992));
#7648=DIRECTION('',(-4.088782444489E-15,-1.,1.69362914210031E-15));
#7649=DIRECTION('',(1.66244333114445E-14,0.,-0.99999999999999));
#7650=DIRECTION('',(0.,0.,1.00000000000001));
#7651=DIRECTION('',(1.,5.78241158658899E-15,0.));
#7652=DIRECTION('',(-4.45130251477657E-15,-1.,2.56996070515081E-15));
#7653=DIRECTION('',(-3.54172709678598E-14,0.,-0.999999999999982));
#7654=DIRECTION('',(-2.22565125738842E-15,-1.,-1.2849803525755E-15));
#7655=DIRECTION('',(-1.80700362080912E-14,0.,-0.999999999999998));
#7656=DIRECTION('',(-4.08878244448903E-15,-1.,4.5848349353949E-15));
#7657=DIRECTION('',(1.66244333114444E-14,-5.78241158658937E-15,-0.999999999999984));
#7658=DIRECTION('',(-1.,5.36652695839195E-15,-1.18717399933044E-14));
#7659=DIRECTION('',(-1.15648231731789E-14,-1.73472347597684E-14,0.999999999999999));
#7660=DIRECTION('',(0.,0.,1.00000000000001));
#7661=DIRECTION('',(1.,5.78241158658898E-15,0.));
#7662=DIRECTION('',(-1.,-1.11282562869419E-15,-2.14163392095909E-16));
#7663=DIRECTION('',(0.,1.73472347597676E-14,-1.));
#7664=DIRECTION('',(-4.45130251477657E-15,-1.,2.56996070515081E-15));
#7665=DIRECTION('',(-3.54172709678598E-14,0.,-0.999999999999982));
#7666=DIRECTION('',(-2.22565125738842E-15,-1.,-1.2849803525755E-15));
#7667=DIRECTION('',(-1.80700362080912E-14,0.,-0.999999999999998));
#7668=DIRECTION('',(-5.56412814347087E-16,1.,-3.21245088143866E-16));
#7669=DIRECTION('',(3.54172709678599E-14,0.,-0.999999999999984));
#7670=DIRECTION('',(0.,-1.,0.));
#7671=DIRECTION('',(0.,0.,-1.));
#7672=DIRECTION('',(-2.22565125738835E-15,-1.,-4.28326784191734E-16));
#7673=DIRECTION('',(-3.54172709678598E-14,0.,-0.999999999999983));
#7674=DIRECTION('',(-2.22565125738842E-15,-1.,-1.2849803525755E-15));
#7675=DIRECTION('',(-1.80700362080912E-14,0.,-0.999999999999998));
#7676=DIRECTION('',(2.78206407173542E-15,1.,2.03455222491113E-15));
#7677=DIRECTION('',(3.54172709678599E-14,2.16840434497101E-15,-0.999999999999984));
#7678=DIRECTION('',(0.,-1.,0.));
#7679=DIRECTION('',(0.,0.,-1.));
#7680=DIRECTION('',(2.22565125738829E-15,-1.,-1.2849803525754E-15));
#7681=DIRECTION('',(-3.54172709678599E-14,0.,-0.999999999999984));
#7682=DIRECTION('',(-2.22565125738842E-15,-1.,-1.2849803525755E-15));
#7683=DIRECTION('',(-1.80700362080912E-14,0.,-0.999999999999998));
#7684=DIRECTION('',(1.,-2.22565125738838E-15,1.28498035257544E-15));
#7685=DIRECTION('',(0.,-1.73472347597681E-14,-0.999999999999984));
#7686=DIRECTION('',(-1.,0.,0.));
#7687=DIRECTION('',(0.,0.,-1.));
#7688=DIRECTION('',(1.,-2.22565125738836E-15,1.28498035257546E-15));
#7689=DIRECTION('',(0.,-1.73472347597678E-14,-1.00000000000001));
#7690=DIRECTION('',(-1.,0.,0.));
#7691=DIRECTION('',(0.,0.,-1.));
#7692=DIRECTION('',(-1.,4.08878244448916E-15,-1.31238005485344E-14));
#7693=DIRECTION('',(-1.30104260698262E-14,-1.73472347597682E-14,0.99999999999999));
#7694=DIRECTION('',(-1.,-1.1128256286942E-15,6.42490176287741E-16));
#7695=DIRECTION('',(-7.22801448323643E-16,1.73472347597674E-14,-0.999999999999992));
#7696=DIRECTION('',(-4.088782444489E-15,-1.,1.69362914210031E-15));
#7697=DIRECTION('',(1.66244333114445E-14,0.,-0.99999999999999));
#7698=DIRECTION('',(0.,0.,1.00000000000001));
#7699=DIRECTION('',(1.,5.78241158658899E-15,0.));
#7700=DIRECTION('',(-4.45130251477657E-15,-1.,2.56996070515081E-15));
#7701=DIRECTION('',(-3.54172709678598E-14,0.,-0.999999999999982));
#7702=DIRECTION('',(-2.22565125738842E-15,-1.,-1.2849803525755E-15));
#7703=DIRECTION('',(-1.80700362080912E-14,0.,-0.999999999999998));
#7704=DIRECTION('',(-4.08878244448903E-15,-1.,4.5848349353949E-15));
#7705=DIRECTION('',(1.66244333114444E-14,-5.78241158658937E-15,-0.999999999999984));
#7706=DIRECTION('',(-1.,5.36652695839195E-15,-1.18717399933044E-14));
#7707=DIRECTION('',(-1.15648231731789E-14,-1.73472347597684E-14,0.999999999999999));
#7708=DIRECTION('',(0.,0.,1.00000000000001));
#7709=DIRECTION('',(1.,5.78241158658898E-15,0.));
#7710=DIRECTION('',(-1.,-1.11282562869419E-15,-2.14163392095909E-16));
#7711=DIRECTION('',(0.,1.73472347597676E-14,-1.));
#7712=DIRECTION('',(-4.45130251477657E-15,-1.,2.56996070515081E-15));
#7713=DIRECTION('',(-3.54172709678598E-14,0.,-0.999999999999982));
#7714=DIRECTION('',(-2.22565125738842E-15,-1.,-1.2849803525755E-15));
#7715=DIRECTION('',(-1.80700362080912E-14,0.,-0.999999999999998));
#7716=DIRECTION('',(-5.56412814347087E-16,1.,-3.21245088143866E-16));
#7717=DIRECTION('',(3.54172709678599E-14,0.,-0.999999999999984));
#7718=DIRECTION('',(0.,-1.,0.));
#7719=DIRECTION('',(0.,0.,-1.));
#7720=DIRECTION('',(-2.22565125738835E-15,-1.,-4.28326784191734E-16));
#7721=DIRECTION('',(-3.54172709678598E-14,0.,-0.999999999999983));
#7722=DIRECTION('',(-2.22565125738842E-15,-1.,-1.2849803525755E-15));
#7723=DIRECTION('',(-1.80700362080912E-14,0.,-0.999999999999998));
#7724=DIRECTION('',(2.78206407173542E-15,1.,2.03455222491113E-15));
#7725=DIRECTION('',(3.54172709678599E-14,2.16840434497101E-15,-0.999999999999984));
#7726=DIRECTION('',(0.,-1.,0.));
#7727=DIRECTION('',(0.,0.,-1.));
#7728=DIRECTION('',(2.22565125738829E-15,-1.,-1.2849803525754E-15));
#7729=DIRECTION('',(-3.54172709678599E-14,0.,-0.999999999999984));
#7730=DIRECTION('',(-2.22565125738842E-15,-1.,-1.2849803525755E-15));
#7731=DIRECTION('',(-1.80700362080912E-14,0.,-0.999999999999998));
#7732=DIRECTION('',(1.,-2.22565125738838E-15,1.28498035257544E-15));
#7733=DIRECTION('',(0.,-1.73472347597681E-14,-0.999999999999984));
#7734=DIRECTION('',(-1.,0.,0.));
#7735=DIRECTION('',(0.,0.,-1.));
#7736=DIRECTION('',(1.,-2.22565125738836E-15,1.28498035257546E-15));
#7737=DIRECTION('',(0.,-1.73472347597678E-14,-1.00000000000001));
#7738=DIRECTION('',(-1.,0.,0.));
#7739=DIRECTION('',(0.,0.,-1.));
#7740=DIRECTION('',(-1.,4.08878244448916E-15,-1.31238005485344E-14));
#7741=DIRECTION('',(-1.30104260698262E-14,-1.73472347597682E-14,0.99999999999999));
#7742=DIRECTION('',(-1.,-1.1128256286942E-15,6.42490176287741E-16));
#7743=DIRECTION('',(-7.22801448323643E-16,1.73472347597674E-14,-0.999999999999992));
#7744=DIRECTION('',(-4.088782444489E-15,-1.,1.69362914210031E-15));
#7745=DIRECTION('',(1.66244333114445E-14,0.,-0.99999999999999));
#7746=DIRECTION('',(0.,0.,1.00000000000001));
#7747=DIRECTION('',(1.,5.78241158658899E-15,0.));
#7748=DIRECTION('',(-4.45130251477657E-15,-1.,2.56996070515081E-15));
#7749=DIRECTION('',(-3.54172709678598E-14,0.,-0.999999999999982));
#7750=DIRECTION('',(-2.22565125738842E-15,-1.,-1.2849803525755E-15));
#7751=DIRECTION('',(-1.80700362080912E-14,0.,-0.999999999999998));
#7752=DIRECTION('',(-4.08878244448903E-15,-1.,4.5848349353949E-15));
#7753=DIRECTION('',(1.66244333114444E-14,-5.78241158658937E-15,-0.999999999999984));
#7754=DIRECTION('',(-1.,5.36652695839195E-15,-1.18717399933044E-14));
#7755=DIRECTION('',(-1.15648231731789E-14,-1.73472347597684E-14,0.999999999999999));
#7756=DIRECTION('',(0.,0.,1.00000000000001));
#7757=DIRECTION('',(1.,5.78241158658898E-15,0.));
#7758=DIRECTION('',(-1.,-1.11282562869419E-15,-2.14163392095909E-16));
#7759=DIRECTION('',(0.,1.73472347597676E-14,-1.));
#7760=DIRECTION('',(-4.45130251477657E-15,-1.,2.56996070515081E-15));
#7761=DIRECTION('',(-3.54172709678598E-14,0.,-0.999999999999982));
#7762=DIRECTION('',(-2.22565125738842E-15,-1.,-1.2849803525755E-15));
#7763=DIRECTION('',(-1.80700362080912E-14,0.,-0.999999999999998));
#7764=DIRECTION('',(-5.56412814347087E-16,1.,-3.21245088143866E-16));
#7765=DIRECTION('',(3.54172709678599E-14,0.,-0.999999999999984));
#7766=DIRECTION('',(0.,-1.,0.));
#7767=DIRECTION('',(0.,0.,-1.));
#7768=DIRECTION('',(-2.22565125738835E-15,-1.,-4.28326784191734E-16));
#7769=DIRECTION('',(-3.54172709678598E-14,0.,-0.999999999999983));
#7770=DIRECTION('',(-2.22565125738842E-15,-1.,-1.2849803525755E-15));
#7771=DIRECTION('',(-1.80700362080912E-14,0.,-0.999999999999998));
#7772=DIRECTION('',(2.78206407173542E-15,1.,2.03455222491113E-15));
#7773=DIRECTION('',(3.54172709678599E-14,2.16840434497101E-15,-0.999999999999984));
#7774=DIRECTION('',(0.,-1.,0.));
#7775=DIRECTION('',(0.,0.,-1.));
#7776=DIRECTION('',(2.22565125738829E-15,-1.,-1.2849803525754E-15));
#7777=DIRECTION('',(-3.54172709678599E-14,0.,-0.999999999999984));
#7778=DIRECTION('',(-2.22565125738842E-15,-1.,-1.2849803525755E-15));
#7779=DIRECTION('',(-1.80700362080912E-14,0.,-0.999999999999998));
#7780=DIRECTION('',(1.,-2.22565125738838E-15,1.28498035257544E-15));
#7781=DIRECTION('',(0.,-1.73472347597681E-14,-0.999999999999984));
#7782=DIRECTION('',(-1.,0.,0.));
#7783=DIRECTION('',(0.,0.,-1.));
#7784=DIRECTION('',(1.,-2.22565125738836E-15,1.28498035257546E-15));
#7785=DIRECTION('',(0.,-1.73472347597678E-14,-1.00000000000001));
#7786=DIRECTION('',(-1.,0.,0.));
#7787=DIRECTION('',(0.,0.,-1.));
#7788=DIRECTION('',(-1.,4.08878244448916E-15,-1.31238005485344E-14));
#7789=DIRECTION('',(-1.30104260698262E-14,-1.73472347597682E-14,0.99999999999999));
#7790=DIRECTION('',(-1.,-1.1128256286942E-15,6.42490176287741E-16));
#7791=DIRECTION('',(-7.22801448323643E-16,1.73472347597674E-14,-0.999999999999992));
#7792=DIRECTION('',(-4.088782444489E-15,-1.,1.69362914210031E-15));
#7793=DIRECTION('',(1.66244333114445E-14,0.,-0.99999999999999));
#7794=DIRECTION('',(0.,0.,1.00000000000001));
#7795=DIRECTION('',(1.,5.78241158658899E-15,0.));
#7796=DIRECTION('',(-4.45130251477657E-15,-1.,2.56996070515081E-15));
#7797=DIRECTION('',(-3.54172709678598E-14,0.,-0.999999999999982));
#7798=DIRECTION('',(-2.22565125738842E-15,-1.,-1.2849803525755E-15));
#7799=DIRECTION('',(-1.80700362080912E-14,0.,-0.999999999999998));
#7800=DIRECTION('',(-4.08878244448903E-15,-1.,4.5848349353949E-15));
#7801=DIRECTION('',(1.66244333114444E-14,-5.78241158658937E-15,-0.999999999999984));
#7802=DIRECTION('',(-1.,5.36652695839195E-15,-1.18717399933044E-14));
#7803=DIRECTION('',(-1.15648231731789E-14,-1.73472347597684E-14,0.999999999999999));
#7804=DIRECTION('',(0.,0.,1.00000000000001));
#7805=DIRECTION('',(1.,5.78241158658898E-15,0.));
#7806=DIRECTION('',(-1.,-1.11282562869419E-15,-2.14163392095909E-16));
#7807=DIRECTION('',(0.,1.73472347597676E-14,-1.));
#7808=DIRECTION('',(-4.45130251477657E-15,-1.,2.56996070515081E-15));
#7809=DIRECTION('',(-3.54172709678598E-14,0.,-0.999999999999982));
#7810=DIRECTION('',(-2.22565125738842E-15,-1.,-1.2849803525755E-15));
#7811=DIRECTION('',(-1.80700362080912E-14,0.,-0.999999999999998));
#7812=DIRECTION('',(-5.56412814347087E-16,1.,-3.21245088143866E-16));
#7813=DIRECTION('',(3.54172709678599E-14,0.,-0.999999999999984));
#7814=DIRECTION('',(0.,-1.,0.));
#7815=DIRECTION('',(0.,0.,-1.));
#7816=DIRECTION('',(-2.22565125738835E-15,-1.,-4.28326784191734E-16));
#7817=DIRECTION('',(-3.54172709678598E-14,0.,-0.999999999999983));
#7818=DIRECTION('',(-2.22565125738842E-15,-1.,-1.2849803525755E-15));
#7819=DIRECTION('',(-1.80700362080912E-14,0.,-0.999999999999998));
#7820=DIRECTION('',(2.78206407173542E-15,1.,2.03455222491113E-15));
#7821=DIRECTION('',(3.54172709678599E-14,2.16840434497101E-15,-0.999999999999984));
#7822=DIRECTION('',(0.,-1.,0.));
#7823=DIRECTION('',(0.,0.,-1.));
#7824=DIRECTION('',(2.22565125738829E-15,-1.,-1.2849803525754E-15));
#7825=DIRECTION('',(-3.54172709678599E-14,0.,-0.999999999999984));
#7826=DIRECTION('',(-2.22565125738842E-15,-1.,-1.2849803525755E-15));
#7827=DIRECTION('',(-1.80700362080912E-14,0.,-0.999999999999998));
#7828=DIRECTION('',(1.,-2.22565125738838E-15,1.28498035257544E-15));
#7829=DIRECTION('',(0.,-1.73472347597681E-14,-0.999999999999984));
#7830=DIRECTION('',(-1.,0.,0.));
#7831=DIRECTION('',(0.,0.,-1.));
#7832=DIRECTION('',(1.,-2.22565125738836E-15,1.28498035257546E-15));
#7833=DIRECTION('',(0.,-1.73472347597678E-14,-1.00000000000001));
#7834=DIRECTION('',(-1.,0.,0.));
#7835=DIRECTION('',(0.,0.,-1.));
#7836=DIRECTION('',(-1.,4.08878244448916E-15,-1.31238005485344E-14));
#7837=DIRECTION('',(-1.30104260698262E-14,-1.73472347597682E-14,0.99999999999999));
#7838=DIRECTION('',(-1.,-1.1128256286942E-15,6.42490176287741E-16));
#7839=DIRECTION('',(-7.22801448323643E-16,1.73472347597674E-14,-0.999999999999992));
#7840=DIRECTION('',(-4.088782444489E-15,-1.,1.69362914210031E-15));
#7841=DIRECTION('',(1.66244333114445E-14,0.,-0.99999999999999));
#7842=DIRECTION('',(0.,0.,1.00000000000001));
#7843=DIRECTION('',(1.,5.78241158658899E-15,0.));
#7844=DIRECTION('',(-4.45130251477657E-15,-1.,2.56996070515081E-15));
#7845=DIRECTION('',(-3.54172709678598E-14,0.,-0.999999999999982));
#7846=DIRECTION('',(-2.22565125738842E-15,-1.,-1.2849803525755E-15));
#7847=DIRECTION('',(-1.80700362080912E-14,0.,-0.999999999999998));
#7848=DIRECTION('',(-4.08878244448903E-15,-1.,4.5848349353949E-15));
#7849=DIRECTION('',(1.66244333114444E-14,-5.78241158658937E-15,-0.999999999999984));
#7850=DIRECTION('',(-1.,5.36652695839195E-15,-1.18717399933044E-14));
#7851=DIRECTION('',(-1.15648231731789E-14,-1.73472347597684E-14,0.999999999999999));
#7852=DIRECTION('',(0.,0.,1.00000000000001));
#7853=DIRECTION('',(1.,5.78241158658898E-15,0.));
#7854=DIRECTION('',(-1.,-1.11282562869419E-15,-2.14163392095909E-16));
#7855=DIRECTION('',(0.,1.73472347597676E-14,-1.));
#7856=DIRECTION('',(-4.45130251477657E-15,-1.,2.56996070515081E-15));
#7857=DIRECTION('',(-3.54172709678598E-14,0.,-0.999999999999982));
#7858=DIRECTION('',(-2.22565125738842E-15,-1.,-1.2849803525755E-15));
#7859=DIRECTION('',(-1.80700362080912E-14,0.,-0.999999999999998));
#7860=DIRECTION('',(-5.56412814347087E-16,1.,-3.21245088143866E-16));
#7861=DIRECTION('',(3.54172709678599E-14,0.,-0.999999999999984));
#7862=DIRECTION('',(0.,-1.,0.));
#7863=DIRECTION('',(0.,0.,-1.));
#7864=DIRECTION('',(-2.22565125738835E-15,-1.,-4.28326784191734E-16));
#7865=DIRECTION('',(-3.54172709678598E-14,0.,-0.999999999999983));
#7866=DIRECTION('',(-2.22565125738842E-15,-1.,-1.2849803525755E-15));
#7867=DIRECTION('',(-1.80700362080912E-14,0.,-0.999999999999998));
#7868=DIRECTION('',(2.78206407173542E-15,1.,2.03455222491113E-15));
#7869=DIRECTION('',(3.54172709678599E-14,2.16840434497101E-15,-0.999999999999984));
#7870=DIRECTION('',(0.,-1.,0.));
#7871=DIRECTION('',(0.,0.,-1.));
#7872=DIRECTION('',(2.22565125738829E-15,-1.,-1.2849803525754E-15));
#7873=DIRECTION('',(-3.54172709678599E-14,0.,-0.999999999999984));
#7874=DIRECTION('',(-2.22565125738842E-15,-1.,-1.2849803525755E-15));
#7875=DIRECTION('',(-1.80700362080912E-14,0.,-0.999999999999998));
#7876=DIRECTION('',(1.,-2.22565125738838E-15,1.28498035257544E-15));
#7877=DIRECTION('',(0.,-1.73472347597681E-14,-0.999999999999984));
#7878=DIRECTION('',(-1.,0.,0.));
#7879=DIRECTION('',(0.,0.,-1.));
#7880=DIRECTION('',(-1.,4.08878244448916E-15,-1.31238005485344E-14));
#7881=DIRECTION('',(-1.30104260698262E-14,-1.73472347597682E-14,0.99999999999999));
#7882=DIRECTION('',(-1.,-1.1128256286942E-15,6.42490176287741E-16));
#7883=DIRECTION('',(-7.22801448323643E-16,1.73472347597674E-14,-0.999999999999992));
#7884=DIRECTION('',(1.,-2.22565125738838E-15,1.28498035257546E-15));
#7885=DIRECTION('',(0.,0.,-1.));
#7886=DIRECTION('',(-1.,0.,0.));
#7887=DIRECTION('',(0.,0.,-1.));
#7888=DIRECTION('',(-1.,5.36652695839155E-15,-1.18717399933047E-14));
#7889=DIRECTION('',(-1.15648231731786E-14,1.73472347597679E-14,1.));
#7890=DIRECTION('',(-1.,-1.1128256286942E-15,-2.14163392095903E-16));
#7891=DIRECTION('',(0.,-1.15648231731787E-14,-1.));
#7892=DIRECTION('',(-4.08878244448888E-15,-1.,4.58483493539481E-15));
#7893=DIRECTION('',(-1.66244333114448E-14,-5.7824115865895E-15,-1.));
#7894=DIRECTION('',(-1.15648231731787E-14,0.,0.999999999999999));
#7895=DIRECTION('',(1.,5.78241158658935E-15,1.15648231731787E-14));
#7896=DIRECTION('',(-4.45130251477683E-15,-1.,2.56996070515073E-15));
#7897=DIRECTION('',(2.09612420013864E-14,0.,-1.));
#7898=DIRECTION('',(-2.22565125738837E-15,-1.,-1.28498035257546E-15));
#7899=DIRECTION('',(2.02384405530627E-14,0.,-0.999999999999999));
#7900=DIRECTION('',(1.,-2.2256512573884E-15,1.28498035257543E-15));
#7901=DIRECTION('',(0.,0.,-0.999999999999999));
#7902=DIRECTION('',(-1.,0.,0.));
#7903=DIRECTION('',(0.,0.,-1.));
#7904=DIRECTION('',(-1.,3.06658683336646E-15,-1.42700092823835E-14));
#7905=DIRECTION('',(-1.44560289664732E-14,1.73472347597678E-14,1.));
#7906=DIRECTION('',(-1.,-1.11282562869418E-15,6.42490176287722E-16));
#7907=DIRECTION('',(-7.22801448323663E-16,-1.15648231731786E-14,-1.));
#7908=DIRECTION('',(-4.08878244448894E-15,-1.,1.69362914210028E-15));
#7909=DIRECTION('',(-1.66244333114449E-14,0.,-1.));
#7910=DIRECTION('',(-1.15648231731787E-14,0.,0.999999999999999));
#7911=DIRECTION('',(1.,5.78241158658935E-15,1.15648231731787E-14));
#7912=DIRECTION('',(-4.45130251477682E-15,-1.,2.56996070515074E-15));
#7913=DIRECTION('',(2.09612420013864E-14,0.,-0.999999999999999));
#7914=DIRECTION('',(-2.22565125738837E-15,-1.,-1.28498035257546E-15));
#7915=DIRECTION('',(2.02384405530627E-14,0.,-1.));
#7916=DIRECTION('',(1.,-2.22565125738836E-15,1.28498035257546E-15));
#7917=DIRECTION('',(0.,-1.73472347597678E-14,-1.00000000000001));
#7918=DIRECTION('',(-1.,0.,0.));
#7919=DIRECTION('',(0.,0.,-1.));
#7920=DIRECTION('',(-1.,5.36652695839195E-15,-1.18717399933044E-14));
#7921=DIRECTION('',(-1.15648231731789E-14,-1.73472347597684E-14,0.999999999999999));
#7922=DIRECTION('',(-1.,-1.11282562869419E-15,-2.14163392095909E-16));
#7923=DIRECTION('',(0.,1.73472347597676E-14,-1.));
#7924=DIRECTION('',(-4.08878244448903E-15,-1.,4.5848349353949E-15));
#7925=DIRECTION('',(1.66244333114444E-14,-5.78241158658937E-15,-0.999999999999984));
#7926=DIRECTION('',(0.,0.,1.00000000000001));
#7927=DIRECTION('',(1.,5.78241158658898E-15,0.));
#7928=DIRECTION('',(-4.45130251477657E-15,-1.,2.56996070515081E-15));
#7929=DIRECTION('',(-3.54172709678598E-14,0.,-0.999999999999982));
#7930=DIRECTION('',(-2.22565125738842E-15,-1.,-1.2849803525755E-15));
#7931=DIRECTION('',(-1.80700362080912E-14,0.,-0.999999999999998));
#7932=DIRECTION('',(1.,-7.22801448323667E-16,1.76375794652433E-16));
#7933=DIRECTION('',(-3.46944695195356E-16,9.71445146546996E-15,0.999999999999995));
#7934=DIRECTION('',(-1.,5.78241158658936E-16,-3.88953759715416E-16));
#7935=DIRECTION('',(-3.46944695195358E-16,-4.16333634234429E-15,1.));
#7936=DIRECTION('',(1.,-2.89120579329467E-16,1.04126698817249E-16));
#7937=DIRECTION('',(0.,0.,1.));
#7938=DIRECTION('',(1.,-7.22801448323671E-16,4.17309610760321E-16));
#7939=DIRECTION('',(-3.46944695195362E-16,0.,1.));
#7940=DIRECTION('',(-1.,5.78241158658936E-16,-1.48019943607521E-16));
#7941=DIRECTION('',(0.,0.,1.));
#7942=DIRECTION('',(1.,-3.25260651745651E-16,8.32612182792315E-17));
#7943=DIRECTION('',(0.,0.,1.));
#7944=DIRECTION('',(0.,0.,1.));
#7945=DIRECTION('',(-1.,5.78241158658936E-16,0.));
#7946=DIRECTION('',(0.,0.,-1.));
#7947=DIRECTION('',(-1.,5.78241158658936E-16,0.));
#7948=DIRECTION('',(5.78241158658936E-16,1.,0.));
#7949=DIRECTION('',(0.,0.,-1.));
#7950=DIRECTION('',(2.78206407173549E-15,1.,2.03455222491109E-15));
#7951=DIRECTION('',(7.22801448323686E-16,2.16840434497106E-15,-1.));
#7952=DIRECTION('',(0.,-1.,0.));
#7953=DIRECTION('',(0.,0.,-1.));
#7954=DIRECTION('',(2.22565125738841E-15,-1.,-1.28498035257536E-15));
#7955=DIRECTION('',(2.09612420013865E-14,0.,-1.));
#7956=DIRECTION('',(-2.22565125738837E-15,-1.,-1.28498035257546E-15));
#7957=DIRECTION('',(2.02384405530627E-14,0.,-0.999999999999999));
#7958=DIRECTION('',(-5.56412814347099E-16,1.,-3.21245088143858E-16));
#7959=DIRECTION('',(7.22801448323687E-16,0.,-1.));
#7960=DIRECTION('',(0.,-1.,0.));
#7961=DIRECTION('',(0.,0.,-1.));
#7962=DIRECTION('',(-2.22565125738838E-15,-1.,-4.28326784191851E-16));
#7963=DIRECTION('',(2.09612420013864E-14,0.,-1.));
#7964=DIRECTION('',(-2.22565125738837E-15,-1.,-1.28498035257546E-15));
#7965=DIRECTION('',(2.02384405530627E-14,0.,-1.));
#7966=DIRECTION('',(2.78206407173542E-15,1.,2.03455222491113E-15));
#7967=DIRECTION('',(3.54172709678599E-14,2.16840434497101E-15,-0.999999999999984));
#7968=DIRECTION('',(0.,-1.,0.));
#7969=DIRECTION('',(0.,0.,-1.));
#7970=DIRECTION('',(2.22565125738829E-15,-1.,-1.2849803525754E-15));
#7971=DIRECTION('',(-3.54172709678599E-14,0.,-0.999999999999984));
#7972=DIRECTION('',(-2.22565125738842E-15,-1.,-1.2849803525755E-15));
#7973=DIRECTION('',(-1.80700362080912E-14,0.,-0.999999999999998));
#7974=DIRECTION('',(-5.56412814347087E-16,1.,-3.21245088143866E-16));
#7975=DIRECTION('',(3.54172709678599E-14,0.,-0.999999999999984));
#7976=DIRECTION('',(0.,-1.,0.));
#7977=DIRECTION('',(0.,0.,-1.));
#7978=DIRECTION('',(-2.22565125738835E-15,-1.,-4.28326784191734E-16));
#7979=DIRECTION('',(-3.54172709678598E-14,0.,-0.999999999999983));
#7980=DIRECTION('',(-2.22565125738842E-15,-1.,-1.2849803525755E-15));
#7981=DIRECTION('',(-1.80700362080912E-14,0.,-0.999999999999998));
#7982=DIRECTION('',(-0.577350269189625,0.577350269189624,0.577350269189628));
#7983=DIRECTION('',(-4.68562763619185E-17,0.,1.));
#7984=DIRECTION('',(-0.577350269189626,0.577350269189626,-0.577350269189626));
#7985=DIRECTION('',(4.74256114331448E-17,-1.05390247629211E-17,-1.));
#7986=DIRECTION('',(-0.707106781186548,-0.707106781186547,-3.31323907566636E-17));
#7987=DIRECTION('',(-4.68375338513738E-17,0.,1.));
#7988=DIRECTION('',(2.06514699521049E-17,-1.,2.64338815386942E-15));
#7989=DIRECTION('',(-1.,0.,5.78241158661937E-15));
#7990=DIRECTION('',(0.,1.,0.));
#7991=DIRECTION('',(1.,4.51750905204639E-17,0.));
#7992=DIRECTION('',(0.,0.,1.));
#7993=DIRECTION('',(-1.,0.,0.));
#7994=DIRECTION('',(8.26058798084194E-17,-1.,8.26058798084194E-17));
#7995=DIRECTION('',(4.68562763619185E-17,1.30156323227551E-18,-1.));
#7996=DIRECTION('',(1.,0.,4.25000239110372E-17));
#7997=DIRECTION('',(-4.25007251614318E-17,0.,1.));
#7998=DIRECTION('',(1.,0.,-5.78241158661938E-15));
#7999=DIRECTION('',(0.,-1.,0.));
#8000=DIRECTION('',(-1.,0.,5.96311194870123E-15));
#8001=DIRECTION('',(-5.72217813259209E-15,-6.91124913807876E-17,-1.));
#8002=DIRECTION('',(1.,3.00974523081976E-16,-5.7219853855095E-15));
#8003=DIRECTION('',(-2.28253088944319E-16,-9.13012355777277E-16,1.));
#8004=DIRECTION('',(-2.06514699521049E-17,-1.,0.));
#8005=DIRECTION('',(3.42379633416479E-16,2.28253088944319E-16,-1.));
#8006=DIRECTION('',(1.,0.,9.51054537267998E-17));
#8007=DIRECTION('',(-9.50845305269787E-17,-7.6067624421583E-16,1.));
#8008=DIRECTION('',(-0.57735026918962,0.577350269189621,-0.577350269189637));
#8009=DIRECTION('',(-1.,2.28253088943568E-16,3.65204942309709E-15));
#8010=DIRECTION('',(0.577350269189625,0.577350269189626,-0.577350269189626));
#8011=DIRECTION('',(1.,-3.09772049280193E-16,-4.9563527884831E-15));
#8012=DIRECTION('',(-2.74378821931914E-15,-0.707106781186547,-0.707106781186547));
#8013=DIRECTION('',(-1.,2.2811613709095E-16,3.6498581934552E-15));
#8014=DIRECTION('',(1.62884833425052E-16,-1.01803020890658E-17,-1.));
#8015=DIRECTION('',(0.577350269189627,0.577350269189629,0.57735026918962));
#8016=DIRECTION('',(-1.75120540924024E-16,-1.03012082896485E-17,1.));
#8017=DIRECTION('',(0.707106781186548,-0.707106781186547,1.22375530909002E-16));
#8018=DIRECTION('',(1.6306400674182E-16,-1.04083408558608E-17,-1.));
#8019=DIRECTION('',(1.,-2.28253088943569E-16,5.70632722358921E-17));
#8020=DIRECTION('',(-0.577350269189626,0.577350269189626,0.577350269189625));
#8021=DIRECTION('',(-1.,6.19544098560389E-16,3.09772049280195E-16));
#8022=DIRECTION('',(-2.01749133773467E-16,-0.707106781186547,0.707106781186547));
#8023=DIRECTION('',(1.,-2.2811613709095E-16,5.70290342727375E-17));
#8024=DIRECTION('',(0.577350269189625,-0.577350269189625,-0.577350269189628));
#8025=DIRECTION('',(0.,0.,-1.));
#8026=DIRECTION('',(-0.707106781186548,-0.707106781186547,-5.28721867821856E-17));
#8027=DIRECTION('',(-7.48099499014998E-17,0.,1.));
#8028=DIRECTION('',(-1.,0.,5.60171122453752E-15));
#8029=DIRECTION('',(4.12403056902817E-15,-0.707106781186547,0.707106781186548));
#8030=DIRECTION('',(1.,0.,-5.83214032623403E-15));
#8031=DIRECTION('',(1.,3.61400724163711E-16,-5.78241158661937E-15));
#8032=DIRECTION('',(2.28253088944325E-16,0.,-1.));
#8033=DIRECTION('',(1.27179140467508E-16,1.,2.11863611354229E-32));
#8034=DIRECTION('',(-1.66533453693773E-16,0.,1.));
#8035=DIRECTION('',(-0.577350269189636,0.577350269189629,-0.577350269189613));
#8036=DIRECTION('',(-3.3838199540744E-15,-0.707106781186547,-0.707106781186547));
#8037=DIRECTION('',(-1.,0.,4.78783679369599E-15));
#8038=DIRECTION('',(1.14126544472156E-16,9.13012355777247E-16,1.));
#8039=DIRECTION('',(-0.707106781186547,-0.707106781186548,-3.70105307475299E-16));
#8040=DIRECTION('',(7.48099499014998E-17,-5.98479599211998E-16,1.));
#8041=DIRECTION('',(0.,-1.,2.64338815386942E-15));
#8042=DIRECTION('',(0.,0.,-1.));
#8043=DIRECTION('',(1.,0.,0.));
#8044=DIRECTION('',(0.,7.6067624421583E-16,1.));
#8045=DIRECTION('',(-0.57735026918963,0.577350269189631,-0.577350269189616));
#8046=DIRECTION('',(0.577350269189622,-0.577350269189622,0.577350269189633));
#8047=DIRECTION('',(-2.28253088944329E-16,0.,-1.));
#8048=DIRECTION('',(-0.707106781186547,-0.707106781186547,0.));
#8049=DIRECTION('',(0.,0.,-1.));
#8050=DIRECTION('',(-0.57735026918963,0.577350269189631,-0.577350269189616));
#8051=DIRECTION('',(1.,0.,-5.78241158661938E-15));
#8052=DIRECTION('',(-3.21740257928318E-15,-0.707106781186546,-0.707106781186549));
#8053=DIRECTION('',(1.,0.,-4.55191440096314E-15));
#8054=DIRECTION('',(0.577350269189624,-0.577350269189624,-0.577350269189629));
#8055=DIRECTION('',(4.61362626589576E-17,0.,-1.));
#8056=DIRECTION('',(-0.707106781186548,-0.707106781186547,-2.89984570531134E-17));
#8057=DIRECTION('',(4.11996825544492E-17,0.,-1.));
#8058=DIRECTION('',(0.577350269189625,-0.577350269189625,-0.577350269189628));
#8059=DIRECTION('',(-1.,0.,6.05346212974216E-15));
#8060=DIRECTION('',(4.14743301235721E-15,-0.707106781186548,0.707106781186547));
#8061=DIRECTION('',(-1.,-3.55618312575245E-17,5.82997192188905E-15));
#8062=DIRECTION('',(0.577350269189626,-0.577350269189626,-0.577350269189626));
#8063=DIRECTION('',(2.2825308894432E-16,0.,-1.));
#8064=DIRECTION('',(-0.707106781186548,-0.707106781186547,-1.43746257814067E-16));
#8065=DIRECTION('',(6.7762635780344E-17,1.35525271560688E-16,-1.));
#8066=DIRECTION('',(-0.577350269189626,-0.577350269189626,-0.577350269189626));
#8067=DIRECTION('',(-1.,0.,-4.25177322542297E-17));
#8068=DIRECTION('',(-1.,0.,-1.14126544471784E-16));
#8069=DIRECTION('',(-7.51614419940994E-17,-0.707106781186548,0.707106781186547));
#8070=DIRECTION('',(-1.,6.37510877421477E-17,-4.25007251614318E-17));
#8071=DIRECTION('',(0.,-1.,0.));
#8072=DIRECTION('',(4.75527268632434E-17,0.,-1.));
#8073=DIRECTION('',(1.,-1.8995222061946E-16,4.74880551548651E-17));
#8074=DIRECTION('',(0.,-1.,2.64338815386942E-15));
#8075=DIRECTION('',(-1.67974984469585E-16,0.,1.));
#8076=DIRECTION('',(-1.,0.,-1.61592096651838E-16));
#8077=DIRECTION('',(1.61762964134837E-16,0.,-1.));
#8078=DIRECTION('',(1.,2.8531636117946E-17,-3.65204942309709E-15));
#8079=DIRECTION('',(3.04337451924757E-15,0.,1.));
#8080=DIRECTION('',(-1.,1.8995222061946E-16,3.03923552991137E-15));
#8081=DIRECTION('',(-0.577350269189623,-0.577350269189622,0.577350269189633));
#8082=DIRECTION('',(1.,0.,-5.44226972854138E-15));
#8083=DIRECTION('',(-1.96922978024538E-15,-0.707106781186554,-0.707106781186541));
#8084=DIRECTION('',(1.,-6.37510877421477E-17,-2.72004641033163E-15));
#8085=DIRECTION('',(-1.60436853269531E-16,0.,1.));
#8086=DIRECTION('',(0.707106781186547,-0.707106781186548,1.12559690126467E-16));
#8087=DIRECTION('',(-1.60461921527855E-16,-1.30104260698261E-18,1.));
#8088=DIRECTION('',(1.,0.,0.));
#8089=DIRECTION('',(0.,0.,1.));
#8090=DIRECTION('',(-1.,0.,0.));
#8091=DIRECTION('',(0.,0.,1.));
#8092=DIRECTION('',(0.,-1.,0.));
#8093=DIRECTION('',(1.,0.,0.));
#8094=DIRECTION('',(-1.,0.,0.));
#8095=DIRECTION('',(0.,-0.500000000000005,0.866025403784436));
#8096=DIRECTION('',(1.,0.,0.));
#8097=DIRECTION('',(0.,0.500000000000005,-0.866025403784436));
#8098=DIRECTION('',(-2.73446414040256E-16,-0.866025403784436,-0.500000000000005));
#8099=DIRECTION('',(0.,0.500000000000005,-0.866025403784436));
#8100=DIRECTION('',(0.,-1.,0.));
#8101=DIRECTION('',(1.,0.,0.));
#8102=DIRECTION('',(4.8006123311251E-16,1.,0.));
#8103=DIRECTION('',(0.,0.,-1.));
#8104=DIRECTION('',(0.,1.,0.));
#8105=DIRECTION('',(0.,0.499999999999999,0.866025403784439));
#8106=DIRECTION('',(0.,1.,0.));
#8107=DIRECTION('',(0.,-2.08500417785674E-17,-1.));
#8108=DIRECTION('',(0.,-1.,0.));
#8109=DIRECTION('',(0.,1.,0.));
#8110=DIRECTION('',(1.,0.,0.));
#8111=DIRECTION('',(0.,1.,0.));
#8112=DIRECTION('',(-1.,0.,0.));
#8113=DIRECTION('',(1.,0.,0.));
#8114=DIRECTION('',(-4.80061233112508E-16,-1.,0.));
#8115=DIRECTION('',(0.,0.,1.));
#8116=DIRECTION('',(0.,-1.,0.));
#8117=DIRECTION('',(1.,0.,0.));
#8118=DIRECTION('',(0.,-0.499999999999999,-0.866025403784439));
#8119=DIRECTION('',(0.,-0.866025403784439,0.499999999999999));
#8120=DIRECTION('',(0.,-0.499999999999999,-0.866025403784439));
#8121=DIRECTION('',(1.,2.22953808102592E-11,0.));
#8122=DIRECTION('',(5.00031020377927E-16,1.,0.));
#8123=DIRECTION('',(-1.75224593539064E-16,-1.,0.));
#8124=DIRECTION('',(0.,0.,-1.));
#8125=DIRECTION('',(1.,0.,0.));
#8126=DIRECTION('',(0.,0.,-1.));
#8127=DIRECTION('',(3.23240399250337E-16,1.,0.));
#8128=DIRECTION('',(3.61400724161834E-16,1.,0.));
#8129=DIRECTION('',(0.,0.,1.));
#8130=DIRECTION('',(1.,-3.4283072647763E-16,0.));
#8131=DIRECTION('',(0.,0.,1.));
#8132=DIRECTION('',(-1.,0.,0.));
#8133=DIRECTION('',(5.4210108624275E-16,1.,0.));
#8134=DIRECTION('',(0.,0.,1.));
#8135=DIRECTION('',(3.36536354339501E-16,1.,0.));
#8136=DIRECTION('',(0.,1.91742307610628E-12,1.));
#8137=DIRECTION('',(2.91550164030019E-16,1.,0.));
#8138=DIRECTION('',(0.,0.,-1.));
#8139=DIRECTION('',(-5.42101086242752E-16,-1.,0.));
#8140=DIRECTION('',(-5.23137357049701E-18,0.,1.));
#8141=DIRECTION('',(-2.91550164021188E-16,-1.,0.));
#8142=DIRECTION('',(-1.,1.2921108904222E-16,0.));
#8143=DIRECTION('',(-1.29236898960272E-16,-1.,6.46184494801361E-17));
#8144=DIRECTION('',(1.,0.,2.31296463463574E-15));
#8145=DIRECTION('',(1.,-5.78241158658936E-16,0.));
#8146=DIRECTION('',(-1.80700362080917E-16,-1.,0.));
#8147=DIRECTION('',(0.,0.,-1.));
#8148=DIRECTION('',(-5.04804531509251E-16,-1.,0.));
#8149=DIRECTION('',(0.,0.,1.));
#8150=DIRECTION('',(-1.,5.78241158658936E-16,0.));
#8151=DIRECTION('',(5.78241158658936E-16,1.,0.));
#8152=DIRECTION('',(0.,0.,-1.));
#8153=DIRECTION('',(-1.91728247035343E-12,1.,-1.91645641155534E-12));
#8154=DIRECTION('',(-1.,3.95118893419655E-13,0.));
#8155=DIRECTION('',(-3.23240399250336E-16,-1.,0.));
#8156=DIRECTION('',(1.,1.91754463272646E-12,0.));
#8157=DIRECTION('',(-2.7861378318064E-13,8.78759764389397E-29,1.));
#8158=DIRECTION('',(3.15285991758785E-16,1.,0.));
#8159=DIRECTION('',(0.,1.91742307610628E-12,1.));
#8160=DIRECTION('',(-1.,-1.91754463272646E-12,0.));
#8161=DIRECTION('',(0.,1.,-1.46411029678913E-12));
#8162=DIRECTION('',(-1.,0.,0.));
#8163=DIRECTION('',(1.91728247035341E-12,-1.,1.91645641155533E-12));
#8164=DIRECTION('',(-1.,-2.31077832516807E-11,-9.04679778865839E-16));
#8165=DIRECTION('',(2.80322055980996E-13,-2.62836890293958E-16,-1.));
#8166=DIRECTION('',(-3.15285991758785E-16,-1.,2.62810606610486E-16));
#8167=DIRECTION('',(0.,1.91726976175652E-12,1.));
#8168=DIRECTION('',(2.40039881237241E-11,-1.,9.58623277376746E-13));
#8169=DIRECTION('',(0.,9.58622937974329E-13,1.));
#8170=DIRECTION('',(1.75224593533125E-16,1.,0.));
#8171=DIRECTION('',(0.,1.91726976175652E-12,1.));
#8172=DIRECTION('',(-1.,-1.2783414330102E-12,0.));
#8173=DIRECTION('',(1.27834114821423E-12,-1.,0.));
#8174=DIRECTION('',(-1.,-4.17283548001868E-13,0.));
#8175=DIRECTION('',(0.,0.,-1.));
#8176=DIRECTION('',(-1.45919560494999E-13,-1.,9.58874686576163E-13));
#8177=DIRECTION('',(0.,9.58874472878346E-13,1.));
#8178=DIRECTION('',(-5.00031020377924E-16,-1.,5.33366421736452E-15));
#8179=DIRECTION('',(0.,0.,1.));
#8180=DIRECTION('',(1.,0.,0.));
#8181=DIRECTION('',(2.89120579329446E-15,1.15648231731778E-14,1.));
#8182=DIRECTION('',(1.,-3.42830726477629E-16,0.));
#8183=DIRECTION('',(0.,0.,1.));
#8184=DIRECTION('',(-4.45130251477657E-15,-1.,2.56996070515081E-15));
#8185=DIRECTION('',(-3.54172709678598E-14,0.,-0.999999999999982));
#8186=DIRECTION('',(0.,1.,0.));
#8187=DIRECTION('',(-1.,0.,0.));
#8188=DIRECTION('',(-4.088782444489E-15,-1.,1.69362914210031E-15));
#8189=DIRECTION('',(1.66244333114445E-14,0.,-0.99999999999999));
#8190=DIRECTION('',(-2.22565125738842E-15,-1.,-1.2849803525755E-15));
#8191=DIRECTION('',(-1.80700362080912E-14,0.,-0.999999999999998));
#8192=DIRECTION('',(0.,0.,1.00000000000001));
#8193=DIRECTION('',(1.,5.78241158658899E-15,0.));
#8194=CARTESIAN_POINT('',(0.,0.,0.));
#8195=CARTESIAN_POINT('',(-5.58000000000002,15.18,6.92));
#8196=CARTESIAN_POINT('',(-5.58000000000002,15.18,6.62));
#8197=CARTESIAN_POINT('',(-5.58000000000002,15.5066152951416,7.24999999999999));
#8198=CARTESIAN_POINT('',(-5.58000000000002,12.64,6.92000000000001));
#8199=CARTESIAN_POINT('',(-5.58000000000002,12.64,6.62));
#8200=CARTESIAN_POINT('',(-5.58000000000002,12.9666152951416,7.24999999999999));
#8201=CARTESIAN_POINT('',(1.26999999999998,15.18,7.22000000000003));
#8202=CARTESIAN_POINT('',(1.17974814083561,15.0897481415177,7.22000000000003));
#8203=CARTESIAN_POINT('',(1.13800622875423,15.0480132814036,7.20271283979369));
#8204=CARTESIAN_POINT('',(1.00856004956459,14.9184119199385,7.09028816091619));
#8205=CARTESIAN_POINT('',(0.970958774332566,14.880945033043,7.01248353593786));
#8206=CARTESIAN_POINT('',(0.969074597189041,14.8790124196087,6.83384455321162));
#8207=CARTESIAN_POINT('',(1.02402371081823,14.9340353556772,6.73610617718236));
#8208=CARTESIAN_POINT('',(1.0861714814333,14.9961687988168,6.68235077252714));
#8209=CARTESIAN_POINT('',(1.10022404906045,15.0102611566,6.67198132597745));
#8210=CARTESIAN_POINT('',(1.13173753104168,15.0417772104773,6.65312807217902));
#8211=CARTESIAN_POINT('',(1.1573729282905,15.0673721297269,6.64170196837477));
#8212=CARTESIAN_POINT('',(1.19012301245688,15.1001265560084,6.62989954564944));
#8213=CARTESIAN_POINT('',(1.22402979873477,15.1340297987348,6.62000000000002));
#8214=CARTESIAN_POINT('',(1.27,15.18,6.62000000000001));
#8215=CARTESIAN_POINT('',(1.26999999730414,15.1800000026958,7.21999999999999));
#8216=CARTESIAN_POINT('',(1.26999999999998,15.18,6.61999999999999));
#8217=CARTESIAN_POINT('',(1.26999999999999,15.18,6.92));
#8218=CARTESIAN_POINT('',(1.26999999999998,15.18,6.92000000000001));
#8219=CARTESIAN_POINT('',(1.26999999999998,15.18,6.91999999999998));
#8220=CARTESIAN_POINT('',(1.26999999999997,15.18,6.92));
#8221=CARTESIAN_POINT('',(1.27,10.6,6.92));
#8222=CARTESIAN_POINT('',(1.26999999999999,10.6,6.62));
#8223=CARTESIAN_POINT('',(1.27,15.18,6.92000000000002));
#8224=CARTESIAN_POINT('',(-1.27000000000002,12.64,6.91999999999998));
#8225=CARTESIAN_POINT('',(-1.27000000000002,12.64,6.61999999999999));
#8226=CARTESIAN_POINT('',(-1.27000000269584,12.6400000026958,7.21999999999999));
#8227=CARTESIAN_POINT('',(-1.27000000000001,12.64,6.92));
#8228=CARTESIAN_POINT('',(-1.27000000000003,12.64,6.92));
#8229=CARTESIAN_POINT('',(-1.27000000000002,12.64,7.22000000000003));
#8230=CARTESIAN_POINT('',(-1.36025185912868,12.5497481415491,7.22000000000002));
#8231=CARTESIAN_POINT('',(-1.40199377151664,12.5080132811661,7.2027128396742));
#8232=CARTESIAN_POINT('',(-1.53143995062641,12.3784119197484,7.09028816063454));
#8233=CARTESIAN_POINT('',(-1.56904122575603,12.3409450329484,7.01248353557592));
#8234=CARTESIAN_POINT('',(-1.57092540272837,12.3390124196972,6.83384455300415));
#8235=CARTESIAN_POINT('',(-1.51597628905533,12.3940353557956,6.73610617703718));
#8236=CARTESIAN_POINT('',(-1.45382851848146,12.456168798904,6.68235077246236));
#8237=CARTESIAN_POINT('',(-1.43977595086236,12.4702611566809,6.67198132592542));
#8238=CARTESIAN_POINT('',(-1.40826246889492,12.501777210545,6.65312807214693));
#8239=CARTESIAN_POINT('',(-1.38262707162058,12.5273721298177,6.64170196834036));
#8240=CARTESIAN_POINT('',(-1.349876987559,12.5601265559887,6.62989954565988));
#8241=CARTESIAN_POINT('',(-1.31597020130284,12.5940297986972,6.62000000000002));
#8242=CARTESIAN_POINT('',(-1.27,12.64,6.62000000000001));
#8243=CARTESIAN_POINT('',(-1.27000000000002,12.64,6.92000000000001));
#8244=CARTESIAN_POINT('',(-1.27,10.6,6.92));
#8245=CARTESIAN_POINT('',(-1.27000000000001,10.6,6.62));
#8246=CARTESIAN_POINT('',(-1.27,12.64,6.92000000000002));
#8247=CARTESIAN_POINT('',(1.26999999999997,1.6,6.92));
#8248=CARTESIAN_POINT('',(1.26999999999998,1.6,6.62));
#8249=CARTESIAN_POINT('',(0.943384704858418,1.60000000000001,7.24999999999999));
#8250=CARTESIAN_POINT('',(1.26999999999999,6.4,6.92));
#8251=CARTESIAN_POINT('',(1.26999999999998,6.4,6.62));
#8252=CARTESIAN_POINT('',(1.27,15.18,6.92000000000002));
#8253=CARTESIAN_POINT('',(-1.27000000000003,1.60000000000001,6.92));
#8254=CARTESIAN_POINT('',(-1.27000000000002,1.60000000000001,6.62));
#8255=CARTESIAN_POINT('',(-1.59661529514158,1.60000000000001,7.24999999999999));
#8256=CARTESIAN_POINT('',(-1.27000000000001,6.4,6.92));
#8257=CARTESIAN_POINT('',(-1.27000000000002,6.4,6.62));
#8258=CARTESIAN_POINT('',(-1.27,12.64,6.92000000000002));
#8259=CARTESIAN_POINT('',(-5.58000000000002,15.18,9.46));
#8260=CARTESIAN_POINT('',(-5.58000000000002,15.18,9.16));
#8261=CARTESIAN_POINT('',(-5.58000000000002,15.5066152951416,9.78999999999999));
#8262=CARTESIAN_POINT('',(-5.58000000000002,12.64,9.46000000000001));
#8263=CARTESIAN_POINT('',(-5.58000000000002,12.64,9.16000000000001));
#8264=CARTESIAN_POINT('',(-5.58000000000002,12.9666152951416,9.78999999999999));
#8265=CARTESIAN_POINT('',(1.26999999999998,15.18,9.76000000000003));
#8266=CARTESIAN_POINT('',(1.17974814083561,15.0897481415177,9.76000000000003));
#8267=CARTESIAN_POINT('',(1.13800622875423,15.0480132814036,9.74271283979369));
#8268=CARTESIAN_POINT('',(1.00856004956459,14.9184119199385,9.63028816091619));
#8269=CARTESIAN_POINT('',(0.970958774332565,14.880945033043,9.55248353593787));
#8270=CARTESIAN_POINT('',(0.969074597189041,14.8790124196087,9.37384455321162));
#8271=CARTESIAN_POINT('',(1.02402371081823,14.9340353556772,9.27610617718236));
#8272=CARTESIAN_POINT('',(1.0861714814333,14.9961687988168,9.22235077252714));
#8273=CARTESIAN_POINT('',(1.10022404906045,15.0102611566,9.21198132597745));
#8274=CARTESIAN_POINT('',(1.13173753104168,15.0417772104773,9.19312807217903));
#8275=CARTESIAN_POINT('',(1.1573729282905,15.0673721297269,9.18170196837477));
#8276=CARTESIAN_POINT('',(1.19012301245688,15.1001265560084,9.16989954564944));
#8277=CARTESIAN_POINT('',(1.22402979873477,15.1340297987348,9.16000000000002));
#8278=CARTESIAN_POINT('',(1.27,15.18,9.16000000000002));
#8279=CARTESIAN_POINT('',(1.26999999730414,15.1800000026958,9.75999999999999));
#8280=CARTESIAN_POINT('',(1.26999999999998,15.18,9.15999999999999));
#8281=CARTESIAN_POINT('',(1.26999999999999,15.18,9.46));
#8282=CARTESIAN_POINT('',(1.26999999999998,15.18,9.46000000000001));
#8283=CARTESIAN_POINT('',(1.26999999999998,15.18,9.45999999999998));
#8284=CARTESIAN_POINT('',(1.26999999999997,15.18,9.46));
#8285=CARTESIAN_POINT('',(1.27,10.6,9.46));
#8286=CARTESIAN_POINT('',(1.26999999999999,10.6,9.16));
#8287=CARTESIAN_POINT('',(1.27,15.18,9.46000000000002));
#8288=CARTESIAN_POINT('',(-1.27000000000002,12.64,9.45999999999998));
#8289=CARTESIAN_POINT('',(-1.27000000000002,12.64,9.15999999999999));
#8290=CARTESIAN_POINT('',(-1.27000000269584,12.6400000026958,9.75999999999999));
#8291=CARTESIAN_POINT('',(-1.27000000000001,12.64,9.46));
#8292=CARTESIAN_POINT('',(-1.27000000000003,12.64,9.46));
#8293=CARTESIAN_POINT('',(-1.27000000000002,12.64,9.76000000000003));
#8294=CARTESIAN_POINT('',(-1.36025185912868,12.5497481415491,9.76000000000003));
#8295=CARTESIAN_POINT('',(-1.40199377151664,12.5080132811661,9.74271283967421));
#8296=CARTESIAN_POINT('',(-1.53143995062641,12.3784119197484,9.63028816063454));
#8297=CARTESIAN_POINT('',(-1.56904122575603,12.3409450329484,9.55248353557593));
#8298=CARTESIAN_POINT('',(-1.57092540272837,12.3390124196972,9.37384455300415));
#8299=CARTESIAN_POINT('',(-1.51597628905533,12.3940353557956,9.27610617703718));
#8300=CARTESIAN_POINT('',(-1.45382851848146,12.456168798904,9.22235077246236));
#8301=CARTESIAN_POINT('',(-1.43977595086236,12.4702611566809,9.21198132592542));
#8302=CARTESIAN_POINT('',(-1.40826246889492,12.501777210545,9.19312807214693));
#8303=CARTESIAN_POINT('',(-1.38262707162058,12.5273721298177,9.18170196834036));
#8304=CARTESIAN_POINT('',(-1.349876987559,12.5601265559887,9.16989954565988));
#8305=CARTESIAN_POINT('',(-1.31597020130284,12.5940297986972,9.16000000000001));
#8306=CARTESIAN_POINT('',(-1.27,12.64,9.16000000000002));
#8307=CARTESIAN_POINT('',(-1.27000000000002,12.64,9.46000000000001));
#8308=CARTESIAN_POINT('',(-1.27,10.6,9.46));
#8309=CARTESIAN_POINT('',(-1.27000000000001,10.6,9.16));
#8310=CARTESIAN_POINT('',(-1.27,12.64,9.46000000000002));
#8311=CARTESIAN_POINT('',(1.26999999999997,1.6,9.46));
#8312=CARTESIAN_POINT('',(1.26999999999998,1.6,9.16));
#8313=CARTESIAN_POINT('',(0.943384704858418,1.60000000000001,9.78999999999999));
#8314=CARTESIAN_POINT('',(1.26999999999999,6.4,9.46));
#8315=CARTESIAN_POINT('',(1.26999999999998,6.4,9.16));
#8316=CARTESIAN_POINT('',(1.27,15.18,9.46000000000002));
#8317=CARTESIAN_POINT('',(-1.27000000000003,1.60000000000001,9.46));
#8318=CARTESIAN_POINT('',(-1.27000000000002,1.60000000000001,9.16));
#8319=CARTESIAN_POINT('',(-1.59661529514158,1.60000000000001,9.78999999999999));
#8320=CARTESIAN_POINT('',(-1.27000000000001,6.4,9.46));
#8321=CARTESIAN_POINT('',(-1.27000000000002,6.4,9.16));
#8322=CARTESIAN_POINT('',(-1.27,12.64,9.46000000000002));
#8323=CARTESIAN_POINT('',(-5.58000000000002,15.18,12.));
#8324=CARTESIAN_POINT('',(-5.58000000000002,15.18,11.7));
#8325=CARTESIAN_POINT('',(-5.58000000000002,15.5066152951416,12.33));
#8326=CARTESIAN_POINT('',(-5.58000000000002,12.64,12.));
#8327=CARTESIAN_POINT('',(-5.58000000000002,12.64,11.7));
#8328=CARTESIAN_POINT('',(-5.58000000000002,12.9666152951416,12.33));
#8329=CARTESIAN_POINT('',(1.26999999999998,15.18,12.3));
#8330=CARTESIAN_POINT('',(1.17974814083561,15.0897481415177,12.3));
#8331=CARTESIAN_POINT('',(1.13800622875423,15.0480132814036,12.2827128397937));
#8332=CARTESIAN_POINT('',(1.00856004956459,14.9184119199385,12.1702881609162));
#8333=CARTESIAN_POINT('',(0.970958774332565,14.880945033043,12.0924835359379));
#8334=CARTESIAN_POINT('',(0.969074597189041,14.8790124196087,11.9138445532116));
#8335=CARTESIAN_POINT('',(1.02402371081823,14.9340353556772,11.8161061771824));
#8336=CARTESIAN_POINT('',(1.0861714814333,14.9961687988168,11.7623507725271));
#8337=CARTESIAN_POINT('',(1.10022404906045,15.0102611566,11.7519813259774));
#8338=CARTESIAN_POINT('',(1.13173753104168,15.0417772104773,11.733128072179));
#8339=CARTESIAN_POINT('',(1.1573729282905,15.0673721297269,11.7217019683748));
#8340=CARTESIAN_POINT('',(1.19012301245688,15.1001265560084,11.7098995456494));
#8341=CARTESIAN_POINT('',(1.22402979873477,15.1340297987348,11.7));
#8342=CARTESIAN_POINT('',(1.27,15.18,11.7));
#8343=CARTESIAN_POINT('',(1.26999999730414,15.1800000026958,12.3));
#8344=CARTESIAN_POINT('',(1.26999999999998,15.18,11.7));
#8345=CARTESIAN_POINT('',(1.26999999999999,15.18,12.));
#8346=CARTESIAN_POINT('',(1.26999999999998,15.18,12.));
#8347=CARTESIAN_POINT('',(1.26999999999998,15.18,12.));
#8348=CARTESIAN_POINT('',(1.26999999999997,15.18,12.));
#8349=CARTESIAN_POINT('',(1.27,10.6,12.));
#8350=CARTESIAN_POINT('',(1.26999999999999,10.6,11.7));
#8351=CARTESIAN_POINT('',(1.27,15.18,12.));
#8352=CARTESIAN_POINT('',(-1.27000000000002,12.64,12.));
#8353=CARTESIAN_POINT('',(-1.27000000000002,12.64,11.7));
#8354=CARTESIAN_POINT('',(-1.27000000269584,12.6400000026958,12.3));
#8355=CARTESIAN_POINT('',(-1.27000000000001,12.64,12.));
#8356=CARTESIAN_POINT('',(-1.27000000000003,12.64,12.));
#8357=CARTESIAN_POINT('',(-1.27000000000002,12.64,12.3));
#8358=CARTESIAN_POINT('',(-1.36025185912868,12.5497481415491,12.3));
#8359=CARTESIAN_POINT('',(-1.40199377151664,12.5080132811661,12.2827128396742));
#8360=CARTESIAN_POINT('',(-1.53143995062641,12.3784119197484,12.1702881606345));
#8361=CARTESIAN_POINT('',(-1.56904122575603,12.3409450329484,12.0924835355759));
#8362=CARTESIAN_POINT('',(-1.57092540272837,12.3390124196972,11.9138445530042));
#8363=CARTESIAN_POINT('',(-1.51597628905533,12.3940353557956,11.8161061770372));
#8364=CARTESIAN_POINT('',(-1.45382851848146,12.456168798904,11.7623507724624));
#8365=CARTESIAN_POINT('',(-1.43977595086236,12.4702611566809,11.7519813259254));
#8366=CARTESIAN_POINT('',(-1.40826246889492,12.501777210545,11.7331280721469));
#8367=CARTESIAN_POINT('',(-1.38262707162058,12.5273721298177,11.7217019683404));
#8368=CARTESIAN_POINT('',(-1.349876987559,12.5601265559887,11.7098995456599));
#8369=CARTESIAN_POINT('',(-1.31597020130284,12.5940297986972,11.7));
#8370=CARTESIAN_POINT('',(-1.27,12.64,11.7));
#8371=CARTESIAN_POINT('',(-1.27000000000002,12.64,12.));
#8372=CARTESIAN_POINT('',(-1.27,10.6,12.));
#8373=CARTESIAN_POINT('',(-1.27000000000001,10.6,11.7));
#8374=CARTESIAN_POINT('',(-1.27,12.64,12.));
#8375=CARTESIAN_POINT('',(1.26999999999997,1.6,12.));
#8376=CARTESIAN_POINT('',(1.26999999999998,1.6,11.7));
#8377=CARTESIAN_POINT('',(0.943384704858418,1.60000000000001,12.33));
#8378=CARTESIAN_POINT('',(1.26999999999999,6.4,12.));
#8379=CARTESIAN_POINT('',(1.26999999999998,6.4,11.7));
#8380=CARTESIAN_POINT('',(1.27,15.18,12.));
#8381=CARTESIAN_POINT('',(-1.27000000000003,1.60000000000001,12.));
#8382=CARTESIAN_POINT('',(-1.27000000000002,1.60000000000001,11.7));
#8383=CARTESIAN_POINT('',(-1.59661529514158,1.60000000000001,12.33));
#8384=CARTESIAN_POINT('',(-1.27000000000001,6.4,12.));
#8385=CARTESIAN_POINT('',(-1.27000000000002,6.4,11.7));
#8386=CARTESIAN_POINT('',(-1.27,12.64,12.));
#8387=CARTESIAN_POINT('',(-5.58000000000002,15.18,14.54));
#8388=CARTESIAN_POINT('',(-5.58000000000002,15.18,14.24));
#8389=CARTESIAN_POINT('',(-5.58000000000002,15.5066152951416,14.87));
#8390=CARTESIAN_POINT('',(-5.58000000000002,12.64,14.54));
#8391=CARTESIAN_POINT('',(-5.58000000000002,12.64,14.24));
#8392=CARTESIAN_POINT('',(-5.58000000000002,12.9666152951416,14.87));
#8393=CARTESIAN_POINT('',(1.26999999999998,15.18,14.84));
#8394=CARTESIAN_POINT('',(1.17974814083561,15.0897481415177,14.84));
#8395=CARTESIAN_POINT('',(1.13800622875423,15.0480132814036,14.8227128397937));
#8396=CARTESIAN_POINT('',(1.00856004956459,14.9184119199385,14.7102881609162));
#8397=CARTESIAN_POINT('',(0.970958774332565,14.880945033043,14.6324835359379));
#8398=CARTESIAN_POINT('',(0.969074597189041,14.8790124196087,14.4538445532116));
#8399=CARTESIAN_POINT('',(1.02402371081823,14.9340353556772,14.3561061771824));
#8400=CARTESIAN_POINT('',(1.0861714814333,14.9961687988168,14.3023507725271));
#8401=CARTESIAN_POINT('',(1.10022404906045,15.0102611566,14.2919813259774));
#8402=CARTESIAN_POINT('',(1.13173753104168,15.0417772104773,14.273128072179));
#8403=CARTESIAN_POINT('',(1.1573729282905,15.0673721297269,14.2617019683748));
#8404=CARTESIAN_POINT('',(1.19012301245688,15.1001265560084,14.2498995456494));
#8405=CARTESIAN_POINT('',(1.22402979873477,15.1340297987348,14.24));
#8406=CARTESIAN_POINT('',(1.27,15.18,14.24));
#8407=CARTESIAN_POINT('',(1.26999999730414,15.1800000026958,14.84));
#8408=CARTESIAN_POINT('',(1.26999999999998,15.18,14.24));
#8409=CARTESIAN_POINT('',(1.26999999999999,15.18,14.54));
#8410=CARTESIAN_POINT('',(1.26999999999998,15.18,14.54));
#8411=CARTESIAN_POINT('',(1.26999999999998,15.18,14.54));
#8412=CARTESIAN_POINT('',(1.26999999999997,15.18,14.54));
#8413=CARTESIAN_POINT('',(1.27,10.6,14.54));
#8414=CARTESIAN_POINT('',(1.26999999999999,10.6,14.24));
#8415=CARTESIAN_POINT('',(1.27,15.18,14.54));
#8416=CARTESIAN_POINT('',(-1.27000000000002,12.64,14.54));
#8417=CARTESIAN_POINT('',(-1.27000000000002,12.64,14.24));
#8418=CARTESIAN_POINT('',(-1.27000000269584,12.6400000026958,14.84));
#8419=CARTESIAN_POINT('',(-1.27000000000001,12.64,14.54));
#8420=CARTESIAN_POINT('',(-1.27000000000003,12.64,14.54));
#8421=CARTESIAN_POINT('',(-1.27000000000002,12.64,14.84));
#8422=CARTESIAN_POINT('',(-1.36025185912868,12.5497481415491,14.84));
#8423=CARTESIAN_POINT('',(-1.40199377151664,12.5080132811661,14.8227128396742));
#8424=CARTESIAN_POINT('',(-1.53143995062641,12.3784119197484,14.7102881606345));
#8425=CARTESIAN_POINT('',(-1.56904122575603,12.3409450329484,14.6324835355759));
#8426=CARTESIAN_POINT('',(-1.57092540272837,12.3390124196972,14.4538445530042));
#8427=CARTESIAN_POINT('',(-1.51597628905533,12.3940353557956,14.3561061770372));
#8428=CARTESIAN_POINT('',(-1.45382851848146,12.456168798904,14.3023507724624));
#8429=CARTESIAN_POINT('',(-1.43977595086236,12.4702611566809,14.2919813259254));
#8430=CARTESIAN_POINT('',(-1.40826246889492,12.501777210545,14.2731280721469));
#8431=CARTESIAN_POINT('',(-1.38262707162058,12.5273721298177,14.2617019683404));
#8432=CARTESIAN_POINT('',(-1.349876987559,12.5601265559887,14.2498995456599));
#8433=CARTESIAN_POINT('',(-1.31597020130284,12.5940297986972,14.24));
#8434=CARTESIAN_POINT('',(-1.27,12.64,14.24));
#8435=CARTESIAN_POINT('',(-1.27000000000002,12.64,14.54));
#8436=CARTESIAN_POINT('',(-1.27,10.6,14.54));
#8437=CARTESIAN_POINT('',(-1.27000000000001,10.6,14.24));
#8438=CARTESIAN_POINT('',(-1.27,12.64,14.54));
#8439=CARTESIAN_POINT('',(1.26999999999997,1.6,14.54));
#8440=CARTESIAN_POINT('',(1.26999999999998,1.6,14.24));
#8441=CARTESIAN_POINT('',(0.943384704858418,1.60000000000001,14.87));
#8442=CARTESIAN_POINT('',(1.26999999999999,6.4,14.54));
#8443=CARTESIAN_POINT('',(1.26999999999998,6.4,14.24));
#8444=CARTESIAN_POINT('',(1.27,15.18,14.54));
#8445=CARTESIAN_POINT('',(-1.27000000000003,1.60000000000001,14.54));
#8446=CARTESIAN_POINT('',(-1.27000000000002,1.60000000000001,14.24));
#8447=CARTESIAN_POINT('',(-1.59661529514158,1.60000000000001,14.87));
#8448=CARTESIAN_POINT('',(-1.27000000000001,6.4,14.54));
#8449=CARTESIAN_POINT('',(-1.27000000000002,6.4,14.24));
#8450=CARTESIAN_POINT('',(-1.27,12.64,14.54));
#8451=CARTESIAN_POINT('',(-5.58000000000002,15.18,17.08));
#8452=CARTESIAN_POINT('',(-5.58000000000002,15.18,16.78));
#8453=CARTESIAN_POINT('',(-5.58000000000002,15.5066152951416,17.41));
#8454=CARTESIAN_POINT('',(-5.58000000000002,12.64,17.08));
#8455=CARTESIAN_POINT('',(-5.58000000000002,12.64,16.78));
#8456=CARTESIAN_POINT('',(-5.58000000000002,12.9666152951416,17.41));
#8457=CARTESIAN_POINT('',(1.26999999999998,15.18,17.38));
#8458=CARTESIAN_POINT('',(1.17974814083561,15.0897481415177,17.38));
#8459=CARTESIAN_POINT('',(1.13800622875423,15.0480132814036,17.3627128397937));
#8460=CARTESIAN_POINT('',(1.00856004956459,14.9184119199385,17.2502881609162));
#8461=CARTESIAN_POINT('',(0.970958774332565,14.880945033043,17.1724835359379));
#8462=CARTESIAN_POINT('',(0.969074597189041,14.8790124196087,16.9938445532116));
#8463=CARTESIAN_POINT('',(1.02402371081823,14.9340353556772,16.8961061771824));
#8464=CARTESIAN_POINT('',(1.0861714814333,14.9961687988168,16.8423507725271));
#8465=CARTESIAN_POINT('',(1.10022404906045,15.0102611566,16.8319813259774));
#8466=CARTESIAN_POINT('',(1.13173753104168,15.0417772104773,16.813128072179));
#8467=CARTESIAN_POINT('',(1.1573729282905,15.0673721297269,16.8017019683748));
#8468=CARTESIAN_POINT('',(1.19012301245688,15.1001265560084,16.7898995456494));
#8469=CARTESIAN_POINT('',(1.22402979873477,15.1340297987348,16.78));
#8470=CARTESIAN_POINT('',(1.27,15.18,16.78));
#8471=CARTESIAN_POINT('',(1.26999999730414,15.1800000026958,17.38));
#8472=CARTESIAN_POINT('',(1.26999999999998,15.18,16.78));
#8473=CARTESIAN_POINT('',(1.26999999999999,15.18,17.08));
#8474=CARTESIAN_POINT('',(1.26999999999998,15.18,17.08));
#8475=CARTESIAN_POINT('',(1.26999999999998,15.18,17.08));
#8476=CARTESIAN_POINT('',(1.26999999999997,15.18,17.08));
#8477=CARTESIAN_POINT('',(1.27,10.6,17.08));
#8478=CARTESIAN_POINT('',(1.26999999999999,10.6,16.78));
#8479=CARTESIAN_POINT('',(1.27,15.18,17.08));
#8480=CARTESIAN_POINT('',(-1.27000000000002,12.64,17.08));
#8481=CARTESIAN_POINT('',(-1.27000000000002,12.64,16.78));
#8482=CARTESIAN_POINT('',(-1.27000000269584,12.6400000026958,17.38));
#8483=CARTESIAN_POINT('',(-1.27000000000001,12.64,17.08));
#8484=CARTESIAN_POINT('',(-1.27000000000003,12.64,17.08));
#8485=CARTESIAN_POINT('',(-1.27000000000002,12.64,17.38));
#8486=CARTESIAN_POINT('',(-1.36025185912868,12.5497481415491,17.38));
#8487=CARTESIAN_POINT('',(-1.40199377151664,12.5080132811661,17.3627128396742));
#8488=CARTESIAN_POINT('',(-1.53143995062641,12.3784119197484,17.2502881606345));
#8489=CARTESIAN_POINT('',(-1.56904122575603,12.3409450329484,17.1724835355759));
#8490=CARTESIAN_POINT('',(-1.57092540272837,12.3390124196972,16.9938445530042));
#8491=CARTESIAN_POINT('',(-1.51597628905533,12.3940353557956,16.8961061770372));
#8492=CARTESIAN_POINT('',(-1.45382851848146,12.456168798904,16.8423507724624));
#8493=CARTESIAN_POINT('',(-1.43977595086236,12.4702611566809,16.8319813259254));
#8494=CARTESIAN_POINT('',(-1.40826246889492,12.501777210545,16.8131280721469));
#8495=CARTESIAN_POINT('',(-1.38262707162058,12.5273721298177,16.8017019683404));
#8496=CARTESIAN_POINT('',(-1.349876987559,12.5601265559887,16.7898995456599));
#8497=CARTESIAN_POINT('',(-1.31597020130284,12.5940297986972,16.78));
#8498=CARTESIAN_POINT('',(-1.27,12.64,16.78));
#8499=CARTESIAN_POINT('',(-1.27000000000002,12.64,17.08));
#8500=CARTESIAN_POINT('',(-1.27,10.6,17.08));
#8501=CARTESIAN_POINT('',(-1.27000000000001,10.6,16.78));
#8502=CARTESIAN_POINT('',(-1.27,12.64,17.08));
#8503=CARTESIAN_POINT('',(1.26999999999997,1.6,17.08));
#8504=CARTESIAN_POINT('',(1.26999999999998,1.6,16.78));
#8505=CARTESIAN_POINT('',(0.943384704858418,1.60000000000001,17.41));
#8506=CARTESIAN_POINT('',(1.26999999999999,6.4,17.08));
#8507=CARTESIAN_POINT('',(1.26999999999998,6.4,16.78));
#8508=CARTESIAN_POINT('',(1.27,15.18,17.08));
#8509=CARTESIAN_POINT('',(-1.27000000000003,1.60000000000001,17.08));
#8510=CARTESIAN_POINT('',(-1.27000000000002,1.60000000000001,16.78));
#8511=CARTESIAN_POINT('',(-1.59661529514158,1.60000000000001,17.41));
#8512=CARTESIAN_POINT('',(-1.27000000000001,6.4,17.08));
#8513=CARTESIAN_POINT('',(-1.27000000000002,6.4,16.78));
#8514=CARTESIAN_POINT('',(-1.27,12.64,17.08));
#8515=CARTESIAN_POINT('',(-5.58000000000002,15.18,19.62));
#8516=CARTESIAN_POINT('',(-5.58000000000002,15.18,19.32));
#8517=CARTESIAN_POINT('',(-5.58000000000002,15.5066152951416,19.95));
#8518=CARTESIAN_POINT('',(-5.58000000000002,12.64,19.62));
#8519=CARTESIAN_POINT('',(-5.58000000000002,12.64,19.32));
#8520=CARTESIAN_POINT('',(-5.58000000000002,12.9666152951416,19.95));
#8521=CARTESIAN_POINT('',(1.26999999999998,15.18,19.92));
#8522=CARTESIAN_POINT('',(1.17974814083561,15.0897481415177,19.92));
#8523=CARTESIAN_POINT('',(1.13800622875423,15.0480132814036,19.9027128397937));
#8524=CARTESIAN_POINT('',(1.00856004956459,14.9184119199385,19.7902881609162));
#8525=CARTESIAN_POINT('',(0.970958774332565,14.880945033043,19.7124835359379));
#8526=CARTESIAN_POINT('',(0.969074597189041,14.8790124196087,19.5338445532116));
#8527=CARTESIAN_POINT('',(1.02402371081823,14.9340353556772,19.4361061771824));
#8528=CARTESIAN_POINT('',(1.0861714814333,14.9961687988168,19.3823507725271));
#8529=CARTESIAN_POINT('',(1.10022404906045,15.0102611566,19.3719813259775));
#8530=CARTESIAN_POINT('',(1.13173753104168,15.0417772104773,19.353128072179));
#8531=CARTESIAN_POINT('',(1.1573729282905,15.0673721297269,19.3417019683748));
#8532=CARTESIAN_POINT('',(1.19012301245688,15.1001265560084,19.3298995456494));
#8533=CARTESIAN_POINT('',(1.22402979873477,15.1340297987348,19.32));
#8534=CARTESIAN_POINT('',(1.27,15.18,19.32));
#8535=CARTESIAN_POINT('',(1.26999999730414,15.1800000026958,19.92));
#8536=CARTESIAN_POINT('',(1.26999999999998,15.18,19.32));
#8537=CARTESIAN_POINT('',(1.26999999999999,15.18,19.62));
#8538=CARTESIAN_POINT('',(1.26999999999998,15.18,19.62));
#8539=CARTESIAN_POINT('',(1.26999999999998,15.18,19.62));
#8540=CARTESIAN_POINT('',(1.26999999999997,15.18,19.62));
#8541=CARTESIAN_POINT('',(1.27,10.6,19.62));
#8542=CARTESIAN_POINT('',(1.26999999999999,10.6,19.32));
#8543=CARTESIAN_POINT('',(1.27,15.18,19.62));
#8544=CARTESIAN_POINT('',(-1.27000000000002,12.64,19.62));
#8545=CARTESIAN_POINT('',(-1.27000000000002,12.64,19.32));
#8546=CARTESIAN_POINT('',(-1.27000000269584,12.6400000026958,19.92));
#8547=CARTESIAN_POINT('',(-1.27000000000001,12.64,19.62));
#8548=CARTESIAN_POINT('',(-1.27000000000003,12.64,19.62));
#8549=CARTESIAN_POINT('',(-1.27000000000002,12.64,19.92));
#8550=CARTESIAN_POINT('',(-1.36025185912868,12.5497481415491,19.92));
#8551=CARTESIAN_POINT('',(-1.40199377151664,12.5080132811661,19.9027128396742));
#8552=CARTESIAN_POINT('',(-1.53143995062641,12.3784119197484,19.7902881606345));
#8553=CARTESIAN_POINT('',(-1.56904122575603,12.3409450329484,19.7124835355759));
#8554=CARTESIAN_POINT('',(-1.57092540272837,12.3390124196972,19.5338445530042));
#8555=CARTESIAN_POINT('',(-1.51597628905533,12.3940353557956,19.4361061770372));
#8556=CARTESIAN_POINT('',(-1.45382851848146,12.456168798904,19.3823507724624));
#8557=CARTESIAN_POINT('',(-1.43977595086236,12.4702611566809,19.3719813259254));
#8558=CARTESIAN_POINT('',(-1.40826246889492,12.501777210545,19.3531280721469));
#8559=CARTESIAN_POINT('',(-1.38262707162058,12.5273721298177,19.3417019683404));
#8560=CARTESIAN_POINT('',(-1.349876987559,12.5601265559887,19.3298995456599));
#8561=CARTESIAN_POINT('',(-1.31597020130284,12.5940297986972,19.32));
#8562=CARTESIAN_POINT('',(-1.27,12.64,19.32));
#8563=CARTESIAN_POINT('',(-1.27000000000002,12.64,19.62));
#8564=CARTESIAN_POINT('',(-1.27,10.6,19.62));
#8565=CARTESIAN_POINT('',(-1.27000000000001,10.6,19.32));
#8566=CARTESIAN_POINT('',(-1.27,12.64,19.62));
#8567=CARTESIAN_POINT('',(1.26999999999997,1.6,19.62));
#8568=CARTESIAN_POINT('',(1.26999999999998,1.6,19.32));
#8569=CARTESIAN_POINT('',(0.943384704858418,1.60000000000001,19.95));
#8570=CARTESIAN_POINT('',(1.26999999999999,6.4,19.62));
#8571=CARTESIAN_POINT('',(1.26999999999998,6.4,19.32));
#8572=CARTESIAN_POINT('',(1.27,15.18,19.62));
#8573=CARTESIAN_POINT('',(-1.27000000000003,1.60000000000001,19.62));
#8574=CARTESIAN_POINT('',(-1.27000000000002,1.60000000000001,19.32));
#8575=CARTESIAN_POINT('',(-1.59661529514158,1.60000000000001,19.95));
#8576=CARTESIAN_POINT('',(-1.27000000000001,6.4,19.62));
#8577=CARTESIAN_POINT('',(-1.27000000000002,6.4,19.32));
#8578=CARTESIAN_POINT('',(-1.27,12.64,19.62));
#8579=CARTESIAN_POINT('',(-5.58000000000002,15.18,22.16));
#8580=CARTESIAN_POINT('',(-5.58000000000002,15.18,21.86));
#8581=CARTESIAN_POINT('',(-5.58000000000002,15.5066152951416,22.49));
#8582=CARTESIAN_POINT('',(-5.58000000000002,12.64,22.16));
#8583=CARTESIAN_POINT('',(-5.58000000000002,12.64,21.86));
#8584=CARTESIAN_POINT('',(-5.58000000000002,12.9666152951416,22.49));
#8585=CARTESIAN_POINT('',(1.26999999999998,15.18,22.46));
#8586=CARTESIAN_POINT('',(1.17974814083561,15.0897481415177,22.46));
#8587=CARTESIAN_POINT('',(1.13800622875423,15.0480132814036,22.4427128397937));
#8588=CARTESIAN_POINT('',(1.00856004956459,14.9184119199385,22.3302881609162));
#8589=CARTESIAN_POINT('',(0.970958774332565,14.880945033043,22.2524835359379));
#8590=CARTESIAN_POINT('',(0.969074597189041,14.8790124196087,22.0738445532116));
#8591=CARTESIAN_POINT('',(1.02402371081823,14.9340353556772,21.9761061771824));
#8592=CARTESIAN_POINT('',(1.0861714814333,14.9961687988168,21.9223507725271));
#8593=CARTESIAN_POINT('',(1.10022404906045,15.0102611566,21.9119813259774));
#8594=CARTESIAN_POINT('',(1.13173753104168,15.0417772104773,21.893128072179));
#8595=CARTESIAN_POINT('',(1.1573729282905,15.0673721297269,21.8817019683748));
#8596=CARTESIAN_POINT('',(1.19012301245688,15.1001265560084,21.8698995456494));
#8597=CARTESIAN_POINT('',(1.22402979873477,15.1340297987348,21.86));
#8598=CARTESIAN_POINT('',(1.27,15.18,21.86));
#8599=CARTESIAN_POINT('',(1.26999999730414,15.1800000026958,22.46));
#8600=CARTESIAN_POINT('',(1.26999999999998,15.18,21.86));
#8601=CARTESIAN_POINT('',(1.26999999999999,15.18,22.16));
#8602=CARTESIAN_POINT('',(1.26999999999998,15.18,22.16));
#8603=CARTESIAN_POINT('',(1.26999999999998,15.18,22.16));
#8604=CARTESIAN_POINT('',(1.26999999999997,15.18,22.16));
#8605=CARTESIAN_POINT('',(1.27,10.6,22.16));
#8606=CARTESIAN_POINT('',(1.26999999999999,10.6,21.86));
#8607=CARTESIAN_POINT('',(1.27,15.18,22.16));
#8608=CARTESIAN_POINT('',(-1.27000000000002,12.64,22.16));
#8609=CARTESIAN_POINT('',(-1.27000000000002,12.64,21.86));
#8610=CARTESIAN_POINT('',(-1.27000000269584,12.6400000026958,22.46));
#8611=CARTESIAN_POINT('',(-1.27000000000001,12.64,22.16));
#8612=CARTESIAN_POINT('',(-1.27000000000003,12.64,22.16));
#8613=CARTESIAN_POINT('',(-1.27000000000002,12.64,22.46));
#8614=CARTESIAN_POINT('',(-1.36025185912868,12.5497481415491,22.46));
#8615=CARTESIAN_POINT('',(-1.40199377151664,12.5080132811661,22.4427128396742));
#8616=CARTESIAN_POINT('',(-1.53143995062641,12.3784119197484,22.3302881606345));
#8617=CARTESIAN_POINT('',(-1.56904122575603,12.3409450329484,22.2524835355759));
#8618=CARTESIAN_POINT('',(-1.57092540272837,12.3390124196972,22.0738445530042));
#8619=CARTESIAN_POINT('',(-1.51597628905533,12.3940353557956,21.9761061770372));
#8620=CARTESIAN_POINT('',(-1.45382851848146,12.456168798904,21.9223507724624));
#8621=CARTESIAN_POINT('',(-1.43977595086236,12.4702611566809,21.9119813259254));
#8622=CARTESIAN_POINT('',(-1.40826246889492,12.501777210545,21.8931280721469));
#8623=CARTESIAN_POINT('',(-1.38262707162058,12.5273721298177,21.8817019683404));
#8624=CARTESIAN_POINT('',(-1.349876987559,12.5601265559887,21.8698995456599));
#8625=CARTESIAN_POINT('',(-1.31597020130284,12.5940297986972,21.86));
#8626=CARTESIAN_POINT('',(-1.27,12.64,21.86));
#8627=CARTESIAN_POINT('',(-1.27000000000002,12.64,22.16));
#8628=CARTESIAN_POINT('',(-1.27,10.6,22.16));
#8629=CARTESIAN_POINT('',(-1.27000000000001,10.6,21.86));
#8630=CARTESIAN_POINT('',(-1.27,12.64,22.16));
#8631=CARTESIAN_POINT('',(1.26999999999997,1.6,22.16));
#8632=CARTESIAN_POINT('',(1.26999999999998,1.6,21.86));
#8633=CARTESIAN_POINT('',(0.943384704858418,1.60000000000001,22.49));
#8634=CARTESIAN_POINT('',(1.26999999999999,6.4,22.16));
#8635=CARTESIAN_POINT('',(1.26999999999998,6.4,21.86));
#8636=CARTESIAN_POINT('',(1.27,15.18,22.16));
#8637=CARTESIAN_POINT('',(-1.27000000000003,1.60000000000001,22.16));
#8638=CARTESIAN_POINT('',(-1.27000000000002,1.60000000000001,21.86));
#8639=CARTESIAN_POINT('',(-1.59661529514158,1.60000000000001,22.49));
#8640=CARTESIAN_POINT('',(-1.27000000000001,6.4,22.16));
#8641=CARTESIAN_POINT('',(-1.27000000000002,6.4,21.86));
#8642=CARTESIAN_POINT('',(-1.27,12.64,22.16));
#8643=CARTESIAN_POINT('',(-5.58000000000002,15.18,24.7));
#8644=CARTESIAN_POINT('',(-5.58000000000002,15.18,24.4));
#8645=CARTESIAN_POINT('',(-5.58000000000002,15.5066152951416,25.03));
#8646=CARTESIAN_POINT('',(-5.58000000000002,12.64,24.7));
#8647=CARTESIAN_POINT('',(-5.58000000000002,12.64,24.4));
#8648=CARTESIAN_POINT('',(-5.58000000000002,12.9666152951416,25.03));
#8649=CARTESIAN_POINT('',(1.26999999999998,15.18,25.));
#8650=CARTESIAN_POINT('',(1.17974814083561,15.0897481415177,25.));
#8651=CARTESIAN_POINT('',(1.13800622875423,15.0480132814036,24.9827128397937));
#8652=CARTESIAN_POINT('',(1.00856004956459,14.9184119199385,24.8702881609162));
#8653=CARTESIAN_POINT('',(0.970958774332565,14.880945033043,24.7924835359379));
#8654=CARTESIAN_POINT('',(0.969074597189041,14.8790124196087,24.6138445532116));
#8655=CARTESIAN_POINT('',(1.02402371081823,14.9340353556772,24.5161061771824));
#8656=CARTESIAN_POINT('',(1.0861714814333,14.9961687988168,24.4623507725271));
#8657=CARTESIAN_POINT('',(1.10022404906045,15.0102611566,24.4519813259774));
#8658=CARTESIAN_POINT('',(1.13173753104168,15.0417772104773,24.433128072179));
#8659=CARTESIAN_POINT('',(1.1573729282905,15.0673721297269,24.4217019683748));
#8660=CARTESIAN_POINT('',(1.19012301245688,15.1001265560084,24.4098995456494));
#8661=CARTESIAN_POINT('',(1.22402979873477,15.1340297987348,24.4));
#8662=CARTESIAN_POINT('',(1.27,15.18,24.4));
#8663=CARTESIAN_POINT('',(1.26999999730414,15.1800000026958,25.));
#8664=CARTESIAN_POINT('',(1.26999999999998,15.18,24.4));
#8665=CARTESIAN_POINT('',(1.26999999999999,15.18,24.7));
#8666=CARTESIAN_POINT('',(1.26999999999998,15.18,24.7));
#8667=CARTESIAN_POINT('',(1.26999999999998,15.18,24.7));
#8668=CARTESIAN_POINT('',(1.26999999999997,15.18,24.7));
#8669=CARTESIAN_POINT('',(1.27,10.6,24.7));
#8670=CARTESIAN_POINT('',(1.26999999999999,10.6,24.4));
#8671=CARTESIAN_POINT('',(1.27,15.18,24.7));
#8672=CARTESIAN_POINT('',(-1.27000000000002,12.64,24.7));
#8673=CARTESIAN_POINT('',(-1.27000000000002,12.64,24.4));
#8674=CARTESIAN_POINT('',(-1.27000000269584,12.6400000026958,25.));
#8675=CARTESIAN_POINT('',(-1.27000000000001,12.64,24.7));
#8676=CARTESIAN_POINT('',(-1.27000000000003,12.64,24.7));
#8677=CARTESIAN_POINT('',(-1.27000000000002,12.64,25.));
#8678=CARTESIAN_POINT('',(-1.36025185912868,12.5497481415491,25.));
#8679=CARTESIAN_POINT('',(-1.40199377151664,12.5080132811661,24.9827128396742));
#8680=CARTESIAN_POINT('',(-1.53143995062641,12.3784119197484,24.8702881606345));
#8681=CARTESIAN_POINT('',(-1.56904122575603,12.3409450329484,24.7924835355759));
#8682=CARTESIAN_POINT('',(-1.57092540272837,12.3390124196972,24.6138445530042));
#8683=CARTESIAN_POINT('',(-1.51597628905533,12.3940353557956,24.5161061770372));
#8684=CARTESIAN_POINT('',(-1.45382851848146,12.456168798904,24.4623507724624));
#8685=CARTESIAN_POINT('',(-1.43977595086236,12.4702611566809,24.4519813259254));
#8686=CARTESIAN_POINT('',(-1.40826246889492,12.501777210545,24.4331280721469));
#8687=CARTESIAN_POINT('',(-1.38262707162058,12.5273721298177,24.4217019683404));
#8688=CARTESIAN_POINT('',(-1.349876987559,12.5601265559887,24.4098995456599));
#8689=CARTESIAN_POINT('',(-1.31597020130284,12.5940297986972,24.4));
#8690=CARTESIAN_POINT('',(-1.27,12.64,24.4));
#8691=CARTESIAN_POINT('',(-1.27000000000002,12.64,24.7));
#8692=CARTESIAN_POINT('',(-1.27,10.6,24.7));
#8693=CARTESIAN_POINT('',(-1.27000000000001,10.6,24.4));
#8694=CARTESIAN_POINT('',(-1.27,12.64,24.7));
#8695=CARTESIAN_POINT('',(1.26999999999997,1.6,24.7));
#8696=CARTESIAN_POINT('',(1.26999999999998,1.6,24.4));
#8697=CARTESIAN_POINT('',(0.943384704858418,1.60000000000001,25.03));
#8698=CARTESIAN_POINT('',(1.26999999999999,6.4,24.7));
#8699=CARTESIAN_POINT('',(1.26999999999998,6.4,24.4));
#8700=CARTESIAN_POINT('',(1.27,15.18,24.7));
#8701=CARTESIAN_POINT('',(-1.27000000000003,1.60000000000001,24.7));
#8702=CARTESIAN_POINT('',(-1.27000000000002,1.60000000000001,24.4));
#8703=CARTESIAN_POINT('',(-1.59661529514158,1.60000000000001,25.03));
#8704=CARTESIAN_POINT('',(-1.27000000000001,6.4,24.7));
#8705=CARTESIAN_POINT('',(-1.27000000000002,6.4,24.4));
#8706=CARTESIAN_POINT('',(-1.27,12.64,24.7));
#8707=CARTESIAN_POINT('',(-5.58000000000002,15.18,27.24));
#8708=CARTESIAN_POINT('',(-5.58000000000002,15.18,26.94));
#8709=CARTESIAN_POINT('',(-5.58000000000002,15.5066152951416,27.57));
#8710=CARTESIAN_POINT('',(-5.58000000000002,12.64,27.24));
#8711=CARTESIAN_POINT('',(-5.58000000000002,12.64,26.94));
#8712=CARTESIAN_POINT('',(-5.58000000000002,12.9666152951416,27.57));
#8713=CARTESIAN_POINT('',(1.26999999999998,15.18,27.54));
#8714=CARTESIAN_POINT('',(1.17974814083561,15.0897481415177,27.54));
#8715=CARTESIAN_POINT('',(1.13800622875423,15.0480132814036,27.5227128397937));
#8716=CARTESIAN_POINT('',(1.00856004956459,14.9184119199385,27.4102881609162));
#8717=CARTESIAN_POINT('',(0.970958774332565,14.880945033043,27.3324835359379));
#8718=CARTESIAN_POINT('',(0.969074597189041,14.8790124196087,27.1538445532116));
#8719=CARTESIAN_POINT('',(1.02402371081823,14.9340353556772,27.0561061771824));
#8720=CARTESIAN_POINT('',(1.0861714814333,14.9961687988168,27.0023507725271));
#8721=CARTESIAN_POINT('',(1.10022404906045,15.0102611566,26.9919813259774));
#8722=CARTESIAN_POINT('',(1.13173753104168,15.0417772104773,26.973128072179));
#8723=CARTESIAN_POINT('',(1.1573729282905,15.0673721297269,26.9617019683748));
#8724=CARTESIAN_POINT('',(1.19012301245688,15.1001265560084,26.9498995456494));
#8725=CARTESIAN_POINT('',(1.22402979873477,15.1340297987348,26.94));
#8726=CARTESIAN_POINT('',(1.27,15.18,26.94));
#8727=CARTESIAN_POINT('',(1.26999999730414,15.1800000026958,27.54));
#8728=CARTESIAN_POINT('',(1.26999999999998,15.18,26.94));
#8729=CARTESIAN_POINT('',(1.26999999999999,15.18,27.24));
#8730=CARTESIAN_POINT('',(1.26999999999998,15.18,27.24));
#8731=CARTESIAN_POINT('',(1.26999999999998,15.18,27.24));
#8732=CARTESIAN_POINT('',(1.26999999999997,15.18,27.24));
#8733=CARTESIAN_POINT('',(1.27,10.6,27.24));
#8734=CARTESIAN_POINT('',(1.26999999999999,10.6,26.94));
#8735=CARTESIAN_POINT('',(1.27,15.18,27.24));
#8736=CARTESIAN_POINT('',(-1.27000000000002,12.64,27.24));
#8737=CARTESIAN_POINT('',(-1.27000000000002,12.64,26.94));
#8738=CARTESIAN_POINT('',(-1.27000000269584,12.6400000026958,27.54));
#8739=CARTESIAN_POINT('',(-1.27000000000001,12.64,27.24));
#8740=CARTESIAN_POINT('',(-1.27000000000003,12.64,27.24));
#8741=CARTESIAN_POINT('',(-1.27000000000002,12.64,27.54));
#8742=CARTESIAN_POINT('',(-1.36025185912868,12.5497481415491,27.54));
#8743=CARTESIAN_POINT('',(-1.40199377151664,12.5080132811661,27.5227128396742));
#8744=CARTESIAN_POINT('',(-1.53143995062641,12.3784119197484,27.4102881606345));
#8745=CARTESIAN_POINT('',(-1.56904122575603,12.3409450329484,27.3324835355759));
#8746=CARTESIAN_POINT('',(-1.57092540272837,12.3390124196972,27.1538445530042));
#8747=CARTESIAN_POINT('',(-1.51597628905533,12.3940353557956,27.0561061770372));
#8748=CARTESIAN_POINT('',(-1.45382851848146,12.456168798904,27.0023507724624));
#8749=CARTESIAN_POINT('',(-1.43977595086236,12.4702611566809,26.9919813259254));
#8750=CARTESIAN_POINT('',(-1.40826246889492,12.501777210545,26.9731280721469));
#8751=CARTESIAN_POINT('',(-1.38262707162058,12.5273721298177,26.9617019683404));
#8752=CARTESIAN_POINT('',(-1.349876987559,12.5601265559887,26.9498995456599));
#8753=CARTESIAN_POINT('',(-1.31597020130284,12.5940297986972,26.94));
#8754=CARTESIAN_POINT('',(-1.27,12.64,26.94));
#8755=CARTESIAN_POINT('',(-1.27000000000002,12.64,27.24));
#8756=CARTESIAN_POINT('',(-1.27,10.6,27.24));
#8757=CARTESIAN_POINT('',(-1.27000000000001,10.6,26.94));
#8758=CARTESIAN_POINT('',(-1.27,12.64,27.24));
#8759=CARTESIAN_POINT('',(1.26999999999997,1.6,27.24));
#8760=CARTESIAN_POINT('',(1.26999999999998,1.6,26.94));
#8761=CARTESIAN_POINT('',(0.943384704858418,1.60000000000001,27.57));
#8762=CARTESIAN_POINT('',(1.26999999999999,6.4,27.24));
#8763=CARTESIAN_POINT('',(1.26999999999998,6.4,26.94));
#8764=CARTESIAN_POINT('',(1.27,15.18,27.24));
#8765=CARTESIAN_POINT('',(-1.27000000000003,1.60000000000001,27.24));
#8766=CARTESIAN_POINT('',(-1.27000000000002,1.60000000000001,26.94));
#8767=CARTESIAN_POINT('',(-1.59661529514158,1.60000000000001,27.57));
#8768=CARTESIAN_POINT('',(-1.27000000000001,6.4,27.24));
#8769=CARTESIAN_POINT('',(-1.27000000000002,6.4,26.94));
#8770=CARTESIAN_POINT('',(-1.27,12.64,27.24));
#8771=CARTESIAN_POINT('',(-5.58000000000002,15.18,29.78));
#8772=CARTESIAN_POINT('',(-5.58000000000002,15.18,29.48));
#8773=CARTESIAN_POINT('',(-5.58000000000002,15.5066152951416,30.11));
#8774=CARTESIAN_POINT('',(-5.58000000000002,12.64,29.78));
#8775=CARTESIAN_POINT('',(-5.58000000000002,12.64,29.48));
#8776=CARTESIAN_POINT('',(-5.58000000000002,12.9666152951416,30.11));
#8777=CARTESIAN_POINT('',(1.26999999999998,15.18,30.08));
#8778=CARTESIAN_POINT('',(1.17974814083561,15.0897481415177,30.08));
#8779=CARTESIAN_POINT('',(1.13800622875423,15.0480132814036,30.0627128397937));
#8780=CARTESIAN_POINT('',(1.00856004956459,14.9184119199385,29.9502881609162));
#8781=CARTESIAN_POINT('',(0.970958774332565,14.880945033043,29.8724835359379));
#8782=CARTESIAN_POINT('',(0.969074597189041,14.8790124196087,29.6938445532116));
#8783=CARTESIAN_POINT('',(1.02402371081823,14.9340353556772,29.5961061771824));
#8784=CARTESIAN_POINT('',(1.0861714814333,14.9961687988168,29.5423507725271));
#8785=CARTESIAN_POINT('',(1.10022404906045,15.0102611566,29.5319813259774));
#8786=CARTESIAN_POINT('',(1.13173753104168,15.0417772104773,29.513128072179));
#8787=CARTESIAN_POINT('',(1.1573729282905,15.0673721297269,29.5017019683748));
#8788=CARTESIAN_POINT('',(1.19012301245688,15.1001265560084,29.4898995456495));
#8789=CARTESIAN_POINT('',(1.22402979873477,15.1340297987348,29.48));
#8790=CARTESIAN_POINT('',(1.27,15.18,29.48));
#8791=CARTESIAN_POINT('',(1.26999999730414,15.1800000026958,30.08));
#8792=CARTESIAN_POINT('',(1.26999999999998,15.18,29.48));
#8793=CARTESIAN_POINT('',(1.26999999999999,15.18,29.78));
#8794=CARTESIAN_POINT('',(1.26999999999998,15.18,29.78));
#8795=CARTESIAN_POINT('',(1.26999999999998,15.18,29.78));
#8796=CARTESIAN_POINT('',(1.26999999999997,15.18,29.78));
#8797=CARTESIAN_POINT('',(1.27,10.6,29.78));
#8798=CARTESIAN_POINT('',(1.26999999999999,10.6,29.48));
#8799=CARTESIAN_POINT('',(1.27,15.18,29.78));
#8800=CARTESIAN_POINT('',(-1.27000000000002,12.64,29.78));
#8801=CARTESIAN_POINT('',(-1.27000000000002,12.64,29.48));
#8802=CARTESIAN_POINT('',(-1.27000000269584,12.6400000026958,30.08));
#8803=CARTESIAN_POINT('',(-1.27000000000001,12.64,29.78));
#8804=CARTESIAN_POINT('',(-1.27000000000003,12.64,29.78));
#8805=CARTESIAN_POINT('',(-1.27000000000002,12.64,30.08));
#8806=CARTESIAN_POINT('',(-1.36025185912868,12.5497481415491,30.08));
#8807=CARTESIAN_POINT('',(-1.40199377151664,12.5080132811661,30.0627128396742));
#8808=CARTESIAN_POINT('',(-1.53143995062641,12.3784119197484,29.9502881606345));
#8809=CARTESIAN_POINT('',(-1.56904122575603,12.3409450329484,29.8724835355759));
#8810=CARTESIAN_POINT('',(-1.57092540272837,12.3390124196972,29.6938445530042));
#8811=CARTESIAN_POINT('',(-1.51597628905533,12.3940353557956,29.5961061770372));
#8812=CARTESIAN_POINT('',(-1.45382851848146,12.456168798904,29.5423507724624));
#8813=CARTESIAN_POINT('',(-1.43977595086236,12.4702611566809,29.5319813259254));
#8814=CARTESIAN_POINT('',(-1.40826246889492,12.501777210545,29.5131280721469));
#8815=CARTESIAN_POINT('',(-1.38262707162058,12.5273721298177,29.5017019683404));
#8816=CARTESIAN_POINT('',(-1.349876987559,12.5601265559887,29.4898995456599));
#8817=CARTESIAN_POINT('',(-1.31597020130284,12.5940297986972,29.48));
#8818=CARTESIAN_POINT('',(-1.27,12.64,29.48));
#8819=CARTESIAN_POINT('',(-1.27000000000002,12.64,29.78));
#8820=CARTESIAN_POINT('',(-1.27,10.6,29.78));
#8821=CARTESIAN_POINT('',(-1.27000000000001,10.6,29.48));
#8822=CARTESIAN_POINT('',(-1.27,12.64,29.78));
#8823=CARTESIAN_POINT('',(1.26999999999997,1.6,29.78));
#8824=CARTESIAN_POINT('',(1.26999999999998,1.6,29.48));
#8825=CARTESIAN_POINT('',(0.943384704858418,1.60000000000001,30.11));
#8826=CARTESIAN_POINT('',(1.26999999999999,6.4,29.78));
#8827=CARTESIAN_POINT('',(1.26999999999998,6.4,29.48));
#8828=CARTESIAN_POINT('',(1.27,15.18,29.78));
#8829=CARTESIAN_POINT('',(-1.27000000000003,1.60000000000001,29.78));
#8830=CARTESIAN_POINT('',(-1.27000000000002,1.60000000000001,29.48));
#8831=CARTESIAN_POINT('',(-1.59661529514158,1.60000000000001,30.11));
#8832=CARTESIAN_POINT('',(-1.27000000000001,6.4,29.78));
#8833=CARTESIAN_POINT('',(-1.27000000000002,6.4,29.48));
#8834=CARTESIAN_POINT('',(-1.27,12.64,29.78));
#8835=CARTESIAN_POINT('',(-5.58000000000002,15.18,32.32));
#8836=CARTESIAN_POINT('',(-5.58000000000002,15.18,32.02));
#8837=CARTESIAN_POINT('',(-5.58000000000002,15.5066152951416,32.65));
#8838=CARTESIAN_POINT('',(-5.58000000000002,12.64,32.32));
#8839=CARTESIAN_POINT('',(-5.58000000000002,12.64,32.02));
#8840=CARTESIAN_POINT('',(-5.58000000000002,12.9666152951416,32.65));
#8841=CARTESIAN_POINT('',(1.26999999999998,15.18,32.62));
#8842=CARTESIAN_POINT('',(1.17974814083561,15.0897481415177,32.62));
#8843=CARTESIAN_POINT('',(1.13800622875423,15.0480132814036,32.6027128397937));
#8844=CARTESIAN_POINT('',(1.00856004956459,14.9184119199385,32.4902881609162));
#8845=CARTESIAN_POINT('',(0.970958774332566,14.880945033043,32.4124835359379));
#8846=CARTESIAN_POINT('',(0.969074597189041,14.8790124196087,32.2338445532116));
#8847=CARTESIAN_POINT('',(1.02402371081823,14.9340353556772,32.1361061771823));
#8848=CARTESIAN_POINT('',(1.0861714814333,14.9961687988168,32.0823507725271));
#8849=CARTESIAN_POINT('',(1.10022404906045,15.0102611566,32.0719813259775));
#8850=CARTESIAN_POINT('',(1.13173753104168,15.0417772104773,32.053128072179));
#8851=CARTESIAN_POINT('',(1.1573729282905,15.0673721297269,32.0417019683748));
#8852=CARTESIAN_POINT('',(1.19012301245688,15.1001265560083,32.0298995456494));
#8853=CARTESIAN_POINT('',(1.22402979873477,15.1340297987348,32.02));
#8854=CARTESIAN_POINT('',(1.27,15.18,32.02));
#8855=CARTESIAN_POINT('',(1.26999999730414,15.1800000026958,32.62));
#8856=CARTESIAN_POINT('',(1.26999999999998,15.18,32.02));
#8857=CARTESIAN_POINT('',(1.26999999999999,15.18,32.32));
#8858=CARTESIAN_POINT('',(1.26999999999998,15.18,32.32));
#8859=CARTESIAN_POINT('',(1.26999999999998,15.18,32.32));
#8860=CARTESIAN_POINT('',(1.26999999999997,15.18,32.32));
#8861=CARTESIAN_POINT('',(1.27,10.6,32.32));
#8862=CARTESIAN_POINT('',(1.26999999999999,10.6,32.02));
#8863=CARTESIAN_POINT('',(1.27,15.18,32.32));
#8864=CARTESIAN_POINT('',(-1.27000000000002,12.64,32.32));
#8865=CARTESIAN_POINT('',(-1.27000000000002,12.64,32.02));
#8866=CARTESIAN_POINT('',(-1.27000000269584,12.6400000026958,32.62));
#8867=CARTESIAN_POINT('',(-1.27000000000001,12.64,32.32));
#8868=CARTESIAN_POINT('',(-1.27000000000003,12.64,32.32));
#8869=CARTESIAN_POINT('',(-1.27000000000002,12.64,32.62));
#8870=CARTESIAN_POINT('',(-1.36025185912868,12.5497481415491,32.62));
#8871=CARTESIAN_POINT('',(-1.40199377151664,12.5080132811661,32.6027128396742));
#8872=CARTESIAN_POINT('',(-1.53143995062641,12.3784119197484,32.4902881606345));
#8873=CARTESIAN_POINT('',(-1.56904122575603,12.3409450329484,32.4124835355759));
#8874=CARTESIAN_POINT('',(-1.57092540272837,12.3390124196972,32.2338445530042));
#8875=CARTESIAN_POINT('',(-1.51597628905533,12.3940353557956,32.1361061770372));
#8876=CARTESIAN_POINT('',(-1.45382851848146,12.456168798904,32.0823507724624));
#8877=CARTESIAN_POINT('',(-1.43977595086236,12.4702611566809,32.0719813259254));
#8878=CARTESIAN_POINT('',(-1.40826246889492,12.501777210545,32.0531280721469));
#8879=CARTESIAN_POINT('',(-1.38262707162058,12.5273721298177,32.0417019683404));
#8880=CARTESIAN_POINT('',(-1.349876987559,12.5601265559887,32.0298995456599));
#8881=CARTESIAN_POINT('',(-1.31597020130284,12.5940297986972,32.02));
#8882=CARTESIAN_POINT('',(-1.27,12.64,32.02));
#8883=CARTESIAN_POINT('',(-1.27000000000002,12.64,32.32));
#8884=CARTESIAN_POINT('',(-1.27,10.6,32.32));
#8885=CARTESIAN_POINT('',(-1.27000000000001,10.6,32.02));
#8886=CARTESIAN_POINT('',(-1.27,12.64,32.32));
#8887=CARTESIAN_POINT('',(1.26999999999997,1.6,32.32));
#8888=CARTESIAN_POINT('',(1.26999999999998,1.6,32.02));
#8889=CARTESIAN_POINT('',(0.943384704858418,1.60000000000001,32.65));
#8890=CARTESIAN_POINT('',(1.26999999999999,6.4,32.32));
#8891=CARTESIAN_POINT('',(1.26999999999998,6.4,32.02));
#8892=CARTESIAN_POINT('',(1.27,15.18,32.32));
#8893=CARTESIAN_POINT('',(-1.27000000000003,1.60000000000001,32.32));
#8894=CARTESIAN_POINT('',(-1.27000000000002,1.60000000000001,32.02));
#8895=CARTESIAN_POINT('',(-1.59661529514158,1.60000000000001,32.65));
#8896=CARTESIAN_POINT('',(-1.27000000000001,6.4,32.32));
#8897=CARTESIAN_POINT('',(-1.27000000000002,6.4,32.02));
#8898=CARTESIAN_POINT('',(-1.27,12.64,32.32));
#8899=CARTESIAN_POINT('',(-5.58000000000002,15.18,34.86));
#8900=CARTESIAN_POINT('',(-5.58000000000002,15.18,34.56));
#8901=CARTESIAN_POINT('',(-5.58000000000002,15.5066152951416,35.19));
#8902=CARTESIAN_POINT('',(-5.58000000000002,12.64,34.86));
#8903=CARTESIAN_POINT('',(-5.58000000000002,12.64,34.56));
#8904=CARTESIAN_POINT('',(-5.58000000000002,12.9666152951416,35.19));
#8905=CARTESIAN_POINT('',(1.26999999999998,15.18,35.16));
#8906=CARTESIAN_POINT('',(1.17974814083561,15.0897481415177,35.16));
#8907=CARTESIAN_POINT('',(1.13800622875423,15.0480132814036,35.1427128397937));
#8908=CARTESIAN_POINT('',(1.00856004956459,14.9184119199385,35.0302881609162));
#8909=CARTESIAN_POINT('',(0.970958774332566,14.880945033043,34.9524835359379));
#8910=CARTESIAN_POINT('',(0.969074597189041,14.8790124196087,34.7738445532116));
#8911=CARTESIAN_POINT('',(1.02402371081823,14.9340353556772,34.6761061771824));
#8912=CARTESIAN_POINT('',(1.0861714814333,14.9961687988168,34.6223507725271));
#8913=CARTESIAN_POINT('',(1.10022404906045,15.0102611566,34.6119813259775));
#8914=CARTESIAN_POINT('',(1.13173753104168,15.0417772104773,34.593128072179));
#8915=CARTESIAN_POINT('',(1.1573729282905,15.0673721297269,34.5817019683748));
#8916=CARTESIAN_POINT('',(1.19012301245688,15.1001265560083,34.5698995456494));
#8917=CARTESIAN_POINT('',(1.22402979873477,15.1340297987348,34.56));
#8918=CARTESIAN_POINT('',(1.27,15.18,34.56));
#8919=CARTESIAN_POINT('',(1.26999999730414,15.1800000026958,35.16));
#8920=CARTESIAN_POINT('',(1.26999999999998,15.18,34.56));
#8921=CARTESIAN_POINT('',(1.26999999999999,15.18,34.86));
#8922=CARTESIAN_POINT('',(1.26999999999998,15.18,34.86));
#8923=CARTESIAN_POINT('',(1.26999999999998,15.18,34.86));
#8924=CARTESIAN_POINT('',(1.26999999999997,15.18,34.86));
#8925=CARTESIAN_POINT('',(1.27,10.6,34.86));
#8926=CARTESIAN_POINT('',(1.26999999999999,10.6,34.56));
#8927=CARTESIAN_POINT('',(1.27,15.18,34.86));
#8928=CARTESIAN_POINT('',(-1.27000000000002,12.64,34.86));
#8929=CARTESIAN_POINT('',(-1.27000000000002,12.64,34.56));
#8930=CARTESIAN_POINT('',(-1.27000000269584,12.6400000026958,35.16));
#8931=CARTESIAN_POINT('',(-1.27000000000001,12.64,34.86));
#8932=CARTESIAN_POINT('',(-1.27000000000003,12.64,34.86));
#8933=CARTESIAN_POINT('',(-1.27000000000002,12.64,35.16));
#8934=CARTESIAN_POINT('',(-1.36025185912868,12.5497481415491,35.16));
#8935=CARTESIAN_POINT('',(-1.40199377151664,12.5080132811661,35.1427128396742));
#8936=CARTESIAN_POINT('',(-1.53143995062641,12.3784119197484,35.0302881606345));
#8937=CARTESIAN_POINT('',(-1.56904122575603,12.3409450329484,34.9524835355759));
#8938=CARTESIAN_POINT('',(-1.57092540272837,12.3390124196972,34.7738445530041));
#8939=CARTESIAN_POINT('',(-1.51597628905533,12.3940353557956,34.6761061770372));
#8940=CARTESIAN_POINT('',(-1.45382851848146,12.456168798904,34.6223507724624));
#8941=CARTESIAN_POINT('',(-1.43977595086236,12.4702611566809,34.6119813259254));
#8942=CARTESIAN_POINT('',(-1.40826246889492,12.501777210545,34.5931280721469));
#8943=CARTESIAN_POINT('',(-1.38262707162058,12.5273721298177,34.5817019683404));
#8944=CARTESIAN_POINT('',(-1.349876987559,12.5601265559887,34.5698995456599));
#8945=CARTESIAN_POINT('',(-1.31597020130284,12.5940297986972,34.56));
#8946=CARTESIAN_POINT('',(-1.27,12.64,34.56));
#8947=CARTESIAN_POINT('',(-1.27000000000002,12.64,34.86));
#8948=CARTESIAN_POINT('',(-1.27,10.6,34.86));
#8949=CARTESIAN_POINT('',(-1.27000000000001,10.6,34.56));
#8950=CARTESIAN_POINT('',(-1.27,12.64,34.86));
#8951=CARTESIAN_POINT('',(1.26999999999997,1.6,34.86));
#8952=CARTESIAN_POINT('',(1.26999999999998,1.6,34.56));
#8953=CARTESIAN_POINT('',(0.943384704858418,1.60000000000001,35.19));
#8954=CARTESIAN_POINT('',(1.26999999999999,6.4,34.86));
#8955=CARTESIAN_POINT('',(1.26999999999998,6.4,34.56));
#8956=CARTESIAN_POINT('',(1.27,15.18,34.86));
#8957=CARTESIAN_POINT('',(-1.27000000000003,1.60000000000001,34.86));
#8958=CARTESIAN_POINT('',(-1.27000000000002,1.60000000000001,34.56));
#8959=CARTESIAN_POINT('',(-1.59661529514158,1.60000000000001,35.19));
#8960=CARTESIAN_POINT('',(-1.27000000000001,6.4,34.86));
#8961=CARTESIAN_POINT('',(-1.27000000000002,6.4,34.56));
#8962=CARTESIAN_POINT('',(-1.27,12.64,34.86));
#8963=CARTESIAN_POINT('',(-5.58000000000002,15.18,37.4));
#8964=CARTESIAN_POINT('',(-5.58000000000002,15.18,37.1));
#8965=CARTESIAN_POINT('',(-5.58000000000002,15.5066152951416,37.73));
#8966=CARTESIAN_POINT('',(-5.58000000000002,12.64,37.4));
#8967=CARTESIAN_POINT('',(-5.58000000000002,12.64,37.1));
#8968=CARTESIAN_POINT('',(-5.58000000000002,12.9666152951416,37.73));
#8969=CARTESIAN_POINT('',(1.26999999999998,15.18,37.7));
#8970=CARTESIAN_POINT('',(1.17974814083561,15.0897481415177,37.7));
#8971=CARTESIAN_POINT('',(1.13800622875423,15.0480132814036,37.6827128397937));
#8972=CARTESIAN_POINT('',(1.00856004956459,14.9184119199385,37.5702881609162));
#8973=CARTESIAN_POINT('',(0.970958774332566,14.880945033043,37.4924835359379));
#8974=CARTESIAN_POINT('',(0.969074597189041,14.8790124196087,37.3138445532116));
#8975=CARTESIAN_POINT('',(1.02402371081823,14.9340353556772,37.2161061771824));
#8976=CARTESIAN_POINT('',(1.0861714814333,14.9961687988168,37.1623507725271));
#8977=CARTESIAN_POINT('',(1.10022404906045,15.0102611566,37.1519813259775));
#8978=CARTESIAN_POINT('',(1.13173753104168,15.0417772104773,37.133128072179));
#8979=CARTESIAN_POINT('',(1.1573729282905,15.0673721297269,37.1217019683748));
#8980=CARTESIAN_POINT('',(1.19012301245688,15.1001265560083,37.1098995456494));
#8981=CARTESIAN_POINT('',(1.22402979873477,15.1340297987348,37.1));
#8982=CARTESIAN_POINT('',(1.27,15.18,37.1));
#8983=CARTESIAN_POINT('',(1.26999999730414,15.1800000026958,37.7));
#8984=CARTESIAN_POINT('',(1.26999999999998,15.18,37.1));
#8985=CARTESIAN_POINT('',(1.26999999999999,15.18,37.4));
#8986=CARTESIAN_POINT('',(1.26999999999998,15.18,37.4));
#8987=CARTESIAN_POINT('',(1.26999999999998,15.18,37.4));
#8988=CARTESIAN_POINT('',(1.26999999999997,15.18,37.4));
#8989=CARTESIAN_POINT('',(1.27,10.6,37.4));
#8990=CARTESIAN_POINT('',(1.26999999999999,10.6,37.1));
#8991=CARTESIAN_POINT('',(1.27,15.18,37.4));
#8992=CARTESIAN_POINT('',(-1.27000000000002,12.64,37.4));
#8993=CARTESIAN_POINT('',(-1.27000000000002,12.64,37.1));
#8994=CARTESIAN_POINT('',(-1.27000000269584,12.6400000026958,37.7));
#8995=CARTESIAN_POINT('',(-1.27000000000001,12.64,37.4));
#8996=CARTESIAN_POINT('',(-1.27000000000003,12.64,37.4));
#8997=CARTESIAN_POINT('',(-1.27000000000002,12.64,37.7));
#8998=CARTESIAN_POINT('',(-1.36025185912868,12.5497481415491,37.7));
#8999=CARTESIAN_POINT('',(-1.40199377151664,12.5080132811661,37.6827128396742));
#9000=CARTESIAN_POINT('',(-1.53143995062641,12.3784119197484,37.5702881606345));
#9001=CARTESIAN_POINT('',(-1.56904122575603,12.3409450329484,37.4924835355759));
#9002=CARTESIAN_POINT('',(-1.57092540272837,12.3390124196972,37.3138445530042));
#9003=CARTESIAN_POINT('',(-1.51597628905533,12.3940353557956,37.2161061770372));
#9004=CARTESIAN_POINT('',(-1.45382851848146,12.456168798904,37.1623507724624));
#9005=CARTESIAN_POINT('',(-1.43977595086236,12.4702611566809,37.1519813259254));
#9006=CARTESIAN_POINT('',(-1.40826246889492,12.501777210545,37.1331280721469));
#9007=CARTESIAN_POINT('',(-1.38262707162058,12.5273721298177,37.1217019683404));
#9008=CARTESIAN_POINT('',(-1.349876987559,12.5601265559887,37.1098995456599));
#9009=CARTESIAN_POINT('',(-1.31597020130284,12.5940297986972,37.1));
#9010=CARTESIAN_POINT('',(-1.27,12.64,37.1));
#9011=CARTESIAN_POINT('',(-1.27000000000002,12.64,37.4));
#9012=CARTESIAN_POINT('',(-1.27,10.6,37.4));
#9013=CARTESIAN_POINT('',(-1.27000000000001,10.6,37.1));
#9014=CARTESIAN_POINT('',(-1.27,12.64,37.4));
#9015=CARTESIAN_POINT('',(1.26999999999997,1.6,37.4));
#9016=CARTESIAN_POINT('',(1.26999999999998,1.6,37.1));
#9017=CARTESIAN_POINT('',(0.943384704858418,1.60000000000001,37.73));
#9018=CARTESIAN_POINT('',(1.26999999999999,6.4,37.4));
#9019=CARTESIAN_POINT('',(1.26999999999998,6.4,37.1));
#9020=CARTESIAN_POINT('',(1.27,15.18,37.4));
#9021=CARTESIAN_POINT('',(-1.27000000000003,1.60000000000001,37.4));
#9022=CARTESIAN_POINT('',(-1.27000000000002,1.60000000000001,37.1));
#9023=CARTESIAN_POINT('',(-1.59661529514158,1.60000000000001,37.73));
#9024=CARTESIAN_POINT('',(-1.27000000000001,6.4,37.4));
#9025=CARTESIAN_POINT('',(-1.27000000000002,6.4,37.1));
#9026=CARTESIAN_POINT('',(-1.27,12.64,37.4));
#9027=CARTESIAN_POINT('',(-5.58000000000002,15.18,39.94));
#9028=CARTESIAN_POINT('',(-5.58000000000002,15.18,39.64));
#9029=CARTESIAN_POINT('',(-5.58000000000002,15.5066152951416,40.27));
#9030=CARTESIAN_POINT('',(-5.58000000000002,12.64,39.94));
#9031=CARTESIAN_POINT('',(-5.58000000000002,12.64,39.64));
#9032=CARTESIAN_POINT('',(-5.58000000000002,12.9666152951416,40.27));
#9033=CARTESIAN_POINT('',(1.26999999999998,15.18,40.24));
#9034=CARTESIAN_POINT('',(1.17974814083561,15.0897481415177,40.24));
#9035=CARTESIAN_POINT('',(1.13800622875423,15.0480132814036,40.2227128397937));
#9036=CARTESIAN_POINT('',(1.00856004956459,14.9184119199385,40.1102881609162));
#9037=CARTESIAN_POINT('',(0.970958774332566,14.880945033043,40.0324835359379));
#9038=CARTESIAN_POINT('',(0.969074597189041,14.8790124196087,39.8538445532116));
#9039=CARTESIAN_POINT('',(1.02402371081823,14.9340353556772,39.7561061771824));
#9040=CARTESIAN_POINT('',(1.0861714814333,14.9961687988168,39.7023507725272));
#9041=CARTESIAN_POINT('',(1.10022404906045,15.0102611566,39.6919813259775));
#9042=CARTESIAN_POINT('',(1.13173753104168,15.0417772104773,39.673128072179));
#9043=CARTESIAN_POINT('',(1.1573729282905,15.0673721297269,39.6617019683748));
#9044=CARTESIAN_POINT('',(1.19012301245688,15.1001265560083,39.6498995456494));
#9045=CARTESIAN_POINT('',(1.22402979873477,15.1340297987348,39.64));
#9046=CARTESIAN_POINT('',(1.27,15.18,39.64));
#9047=CARTESIAN_POINT('',(1.26999999730414,15.1800000026958,40.24));
#9048=CARTESIAN_POINT('',(1.26999999999998,15.18,39.64));
#9049=CARTESIAN_POINT('',(1.26999999999999,15.18,39.94));
#9050=CARTESIAN_POINT('',(1.26999999999998,15.18,39.94));
#9051=CARTESIAN_POINT('',(1.26999999999998,15.18,39.94));
#9052=CARTESIAN_POINT('',(1.26999999999997,15.18,39.94));
#9053=CARTESIAN_POINT('',(1.27,10.6,39.94));
#9054=CARTESIAN_POINT('',(1.26999999999999,10.6,39.64));
#9055=CARTESIAN_POINT('',(1.27,15.18,39.94));
#9056=CARTESIAN_POINT('',(-1.27000000000002,12.64,39.94));
#9057=CARTESIAN_POINT('',(-1.27000000000002,12.64,39.64));
#9058=CARTESIAN_POINT('',(-1.27000000269584,12.6400000026958,40.24));
#9059=CARTESIAN_POINT('',(-1.27000000000001,12.64,39.94));
#9060=CARTESIAN_POINT('',(-1.27000000000003,12.64,39.94));
#9061=CARTESIAN_POINT('',(-1.27000000000002,12.64,40.24));
#9062=CARTESIAN_POINT('',(-1.36025185912868,12.5497481415491,40.24));
#9063=CARTESIAN_POINT('',(-1.40199377151664,12.5080132811661,40.2227128396742));
#9064=CARTESIAN_POINT('',(-1.53143995062641,12.3784119197484,40.1102881606345));
#9065=CARTESIAN_POINT('',(-1.56904122575603,12.3409450329484,40.0324835355759));
#9066=CARTESIAN_POINT('',(-1.57092540272837,12.3390124196972,39.8538445530042));
#9067=CARTESIAN_POINT('',(-1.51597628905533,12.3940353557956,39.7561061770372));
#9068=CARTESIAN_POINT('',(-1.45382851848146,12.456168798904,39.7023507724624));
#9069=CARTESIAN_POINT('',(-1.43977595086236,12.4702611566809,39.6919813259254));
#9070=CARTESIAN_POINT('',(-1.40826246889492,12.501777210545,39.6731280721469));
#9071=CARTESIAN_POINT('',(-1.38262707162058,12.5273721298177,39.6617019683404));
#9072=CARTESIAN_POINT('',(-1.349876987559,12.5601265559887,39.6498995456599));
#9073=CARTESIAN_POINT('',(-1.31597020130284,12.5940297986972,39.64));
#9074=CARTESIAN_POINT('',(-1.27,12.64,39.64));
#9075=CARTESIAN_POINT('',(-1.27000000000002,12.64,39.94));
#9076=CARTESIAN_POINT('',(-1.27,10.6,39.94));
#9077=CARTESIAN_POINT('',(-1.27000000000001,10.6,39.64));
#9078=CARTESIAN_POINT('',(-1.27,12.64,39.94));
#9079=CARTESIAN_POINT('',(1.26999999999997,1.6,39.94));
#9080=CARTESIAN_POINT('',(1.26999999999998,1.6,39.64));
#9081=CARTESIAN_POINT('',(0.943384704858418,1.60000000000001,40.27));
#9082=CARTESIAN_POINT('',(1.26999999999999,6.4,39.94));
#9083=CARTESIAN_POINT('',(1.26999999999998,6.4,39.64));
#9084=CARTESIAN_POINT('',(1.27,15.18,39.94));
#9085=CARTESIAN_POINT('',(-1.27000000000003,1.60000000000001,39.94));
#9086=CARTESIAN_POINT('',(-1.27000000000002,1.60000000000001,39.64));
#9087=CARTESIAN_POINT('',(-1.59661529514158,1.60000000000001,40.27));
#9088=CARTESIAN_POINT('',(-1.27000000000001,6.4,39.94));
#9089=CARTESIAN_POINT('',(-1.27000000000002,6.4,39.64));
#9090=CARTESIAN_POINT('',(-1.27,12.64,39.94));
#9091=CARTESIAN_POINT('',(-5.58000000000002,15.18,42.48));
#9092=CARTESIAN_POINT('',(-5.58000000000002,15.18,42.18));
#9093=CARTESIAN_POINT('',(-5.58000000000002,15.5066152951416,42.81));
#9094=CARTESIAN_POINT('',(-5.58000000000002,12.64,42.48));
#9095=CARTESIAN_POINT('',(-5.58000000000002,12.64,42.18));
#9096=CARTESIAN_POINT('',(-5.58000000000002,12.9666152951416,42.81));
#9097=CARTESIAN_POINT('',(1.26999999999998,15.18,42.78));
#9098=CARTESIAN_POINT('',(1.17974814083561,15.0897481415177,42.78));
#9099=CARTESIAN_POINT('',(1.13800622875423,15.0480132814036,42.7627128397937));
#9100=CARTESIAN_POINT('',(1.00856004956459,14.9184119199385,42.6502881609162));
#9101=CARTESIAN_POINT('',(0.970958774332566,14.880945033043,42.5724835359379));
#9102=CARTESIAN_POINT('',(0.969074597189041,14.8790124196087,42.3938445532116));
#9103=CARTESIAN_POINT('',(1.02402371081823,14.9340353556772,42.2961061771824));
#9104=CARTESIAN_POINT('',(1.0861714814333,14.9961687988168,42.2423507725271));
#9105=CARTESIAN_POINT('',(1.10022404906045,15.0102611566,42.2319813259775));
#9106=CARTESIAN_POINT('',(1.13173753104168,15.0417772104773,42.213128072179));
#9107=CARTESIAN_POINT('',(1.1573729282905,15.0673721297269,42.2017019683748));
#9108=CARTESIAN_POINT('',(1.19012301245688,15.1001265560083,42.1898995456494));
#9109=CARTESIAN_POINT('',(1.22402979873477,15.1340297987348,42.18));
#9110=CARTESIAN_POINT('',(1.27,15.18,42.18));
#9111=CARTESIAN_POINT('',(1.26999999730414,15.1800000026958,42.78));
#9112=CARTESIAN_POINT('',(1.26999999999998,15.18,42.18));
#9113=CARTESIAN_POINT('',(1.26999999999999,15.18,42.48));
#9114=CARTESIAN_POINT('',(1.26999999999998,15.18,42.48));
#9115=CARTESIAN_POINT('',(1.26999999999998,15.18,42.48));
#9116=CARTESIAN_POINT('',(1.26999999999997,15.18,42.48));
#9117=CARTESIAN_POINT('',(1.27,10.6,42.48));
#9118=CARTESIAN_POINT('',(1.26999999999999,10.6,42.18));
#9119=CARTESIAN_POINT('',(1.27,15.18,42.48));
#9120=CARTESIAN_POINT('',(-1.27000000000002,12.64,42.48));
#9121=CARTESIAN_POINT('',(-1.27000000000002,12.64,42.18));
#9122=CARTESIAN_POINT('',(-1.27000000269584,12.6400000026958,42.78));
#9123=CARTESIAN_POINT('',(-1.27000000000001,12.64,42.48));
#9124=CARTESIAN_POINT('',(-1.27000000000003,12.64,42.48));
#9125=CARTESIAN_POINT('',(-1.27000000000002,12.64,42.78));
#9126=CARTESIAN_POINT('',(-1.36025185912868,12.5497481415491,42.78));
#9127=CARTESIAN_POINT('',(-1.40199377151664,12.5080132811661,42.7627128396742));
#9128=CARTESIAN_POINT('',(-1.53143995062641,12.3784119197484,42.6502881606346));
#9129=CARTESIAN_POINT('',(-1.56904122575603,12.3409450329484,42.5724835355759));
#9130=CARTESIAN_POINT('',(-1.57092540272837,12.3390124196972,42.3938445530042));
#9131=CARTESIAN_POINT('',(-1.51597628905533,12.3940353557956,42.2961061770372));
#9132=CARTESIAN_POINT('',(-1.45382851848146,12.456168798904,42.2423507724624));
#9133=CARTESIAN_POINT('',(-1.43977595086236,12.4702611566809,42.2319813259254));
#9134=CARTESIAN_POINT('',(-1.40826246889492,12.501777210545,42.2131280721469));
#9135=CARTESIAN_POINT('',(-1.38262707162058,12.5273721298177,42.2017019683404));
#9136=CARTESIAN_POINT('',(-1.349876987559,12.5601265559887,42.1898995456599));
#9137=CARTESIAN_POINT('',(-1.31597020130284,12.5940297986972,42.18));
#9138=CARTESIAN_POINT('',(-1.27,12.64,42.18));
#9139=CARTESIAN_POINT('',(-1.27000000000002,12.64,42.48));
#9140=CARTESIAN_POINT('',(-1.27,10.6,42.48));
#9141=CARTESIAN_POINT('',(-1.27000000000001,10.6,42.18));
#9142=CARTESIAN_POINT('',(-1.27,12.64,42.48));
#9143=CARTESIAN_POINT('',(1.26999999999997,1.6,42.48));
#9144=CARTESIAN_POINT('',(1.26999999999998,1.6,42.18));
#9145=CARTESIAN_POINT('',(0.943384704858418,1.60000000000001,42.81));
#9146=CARTESIAN_POINT('',(1.26999999999999,6.4,42.48));
#9147=CARTESIAN_POINT('',(1.26999999999998,6.4,42.18));
#9148=CARTESIAN_POINT('',(1.27,15.18,42.48));
#9149=CARTESIAN_POINT('',(-1.27000000000003,1.60000000000001,42.48));
#9150=CARTESIAN_POINT('',(-1.27000000000002,1.60000000000001,42.18));
#9151=CARTESIAN_POINT('',(-1.59661529514158,1.60000000000001,42.81));
#9152=CARTESIAN_POINT('',(-1.27000000000001,6.4,42.48));
#9153=CARTESIAN_POINT('',(-1.27000000000002,6.4,42.18));
#9154=CARTESIAN_POINT('',(-1.27,12.64,42.48));
#9155=CARTESIAN_POINT('',(-5.58000000000002,15.18,45.02));
#9156=CARTESIAN_POINT('',(-5.58000000000002,15.18,44.72));
#9157=CARTESIAN_POINT('',(-5.58000000000002,15.5066152951416,45.35));
#9158=CARTESIAN_POINT('',(-5.58000000000002,12.64,45.02));
#9159=CARTESIAN_POINT('',(-5.58000000000002,12.64,44.72));
#9160=CARTESIAN_POINT('',(-5.58000000000002,12.9666152951416,45.35));
#9161=CARTESIAN_POINT('',(1.26999999999998,15.18,45.32));
#9162=CARTESIAN_POINT('',(1.17974814083561,15.0897481415177,45.32));
#9163=CARTESIAN_POINT('',(1.13800622875423,15.0480132814036,45.3027128397937));
#9164=CARTESIAN_POINT('',(1.00856004956459,14.9184119199385,45.1902881609162));
#9165=CARTESIAN_POINT('',(0.970958774332566,14.880945033043,45.1124835359379));
#9166=CARTESIAN_POINT('',(0.969074597189041,14.8790124196087,44.9338445532116));
#9167=CARTESIAN_POINT('',(1.02402371081823,14.9340353556772,44.8361061771824));
#9168=CARTESIAN_POINT('',(1.0861714814333,14.9961687988168,44.7823507725272));
#9169=CARTESIAN_POINT('',(1.10022404906045,15.0102611566,44.7719813259774));
#9170=CARTESIAN_POINT('',(1.13173753104168,15.0417772104773,44.753128072179));
#9171=CARTESIAN_POINT('',(1.1573729282905,15.0673721297269,44.7417019683748));
#9172=CARTESIAN_POINT('',(1.19012301245688,15.1001265560083,44.7298995456494));
#9173=CARTESIAN_POINT('',(1.22402979873477,15.1340297987348,44.72));
#9174=CARTESIAN_POINT('',(1.27,15.18,44.72));
#9175=CARTESIAN_POINT('',(1.26999999730414,15.1800000026958,45.32));
#9176=CARTESIAN_POINT('',(1.26999999999998,15.18,44.72));
#9177=CARTESIAN_POINT('',(1.26999999999999,15.18,45.02));
#9178=CARTESIAN_POINT('',(1.26999999999998,15.18,45.02));
#9179=CARTESIAN_POINT('',(1.26999999999998,15.18,45.02));
#9180=CARTESIAN_POINT('',(1.26999999999997,15.18,45.02));
#9181=CARTESIAN_POINT('',(1.27,10.6,45.02));
#9182=CARTESIAN_POINT('',(1.26999999999999,10.6,44.72));
#9183=CARTESIAN_POINT('',(1.27,15.18,45.02));
#9184=CARTESIAN_POINT('',(-1.27000000000002,12.64,45.02));
#9185=CARTESIAN_POINT('',(-1.27000000000002,12.64,44.72));
#9186=CARTESIAN_POINT('',(-1.27000000269584,12.6400000026958,45.32));
#9187=CARTESIAN_POINT('',(-1.27000000000001,12.64,45.02));
#9188=CARTESIAN_POINT('',(-1.27000000000003,12.64,45.02));
#9189=CARTESIAN_POINT('',(-1.27000000000002,12.64,45.32));
#9190=CARTESIAN_POINT('',(-1.36025185912868,12.5497481415491,45.32));
#9191=CARTESIAN_POINT('',(-1.40199377151664,12.5080132811661,45.3027128396742));
#9192=CARTESIAN_POINT('',(-1.53143995062641,12.3784119197484,45.1902881606345));
#9193=CARTESIAN_POINT('',(-1.56904122575603,12.3409450329484,45.1124835355759));
#9194=CARTESIAN_POINT('',(-1.57092540272837,12.3390124196972,44.9338445530041));
#9195=CARTESIAN_POINT('',(-1.51597628905533,12.3940353557956,44.8361061770372));
#9196=CARTESIAN_POINT('',(-1.45382851848146,12.456168798904,44.7823507724624));
#9197=CARTESIAN_POINT('',(-1.43977595086236,12.4702611566809,44.7719813259254));
#9198=CARTESIAN_POINT('',(-1.40826246889492,12.501777210545,44.7531280721469));
#9199=CARTESIAN_POINT('',(-1.38262707162058,12.5273721298177,44.7417019683404));
#9200=CARTESIAN_POINT('',(-1.349876987559,12.5601265559887,44.7298995456599));
#9201=CARTESIAN_POINT('',(-1.31597020130284,12.5940297986972,44.72));
#9202=CARTESIAN_POINT('',(-1.27,12.64,44.72));
#9203=CARTESIAN_POINT('',(-1.27000000000002,12.64,45.02));
#9204=CARTESIAN_POINT('',(-1.27,10.6,45.02));
#9205=CARTESIAN_POINT('',(-1.27000000000001,10.6,44.72));
#9206=CARTESIAN_POINT('',(-1.27,12.64,45.02));
#9207=CARTESIAN_POINT('',(1.26999999999997,1.6,45.02));
#9208=CARTESIAN_POINT('',(1.26999999999998,1.6,44.72));
#9209=CARTESIAN_POINT('',(0.943384704858418,1.60000000000001,45.35));
#9210=CARTESIAN_POINT('',(1.26999999999999,6.4,45.02));
#9211=CARTESIAN_POINT('',(1.26999999999998,6.4,44.72));
#9212=CARTESIAN_POINT('',(1.27,15.18,45.02));
#9213=CARTESIAN_POINT('',(-1.27000000000003,1.60000000000001,45.02));
#9214=CARTESIAN_POINT('',(-1.27000000000002,1.60000000000001,44.72));
#9215=CARTESIAN_POINT('',(-1.59661529514158,1.60000000000001,45.35));
#9216=CARTESIAN_POINT('',(-1.27000000000001,6.4,45.02));
#9217=CARTESIAN_POINT('',(-1.27000000000002,6.4,44.72));
#9218=CARTESIAN_POINT('',(-1.27,12.64,45.02));
#9219=CARTESIAN_POINT('',(-5.58000000000002,15.18,47.56));
#9220=CARTESIAN_POINT('',(-5.58000000000002,15.18,47.26));
#9221=CARTESIAN_POINT('',(-5.58000000000002,15.5066152951416,47.89));
#9222=CARTESIAN_POINT('',(-5.58000000000002,12.64,47.56));
#9223=CARTESIAN_POINT('',(-5.58000000000002,12.64,47.26));
#9224=CARTESIAN_POINT('',(-5.58000000000002,12.9666152951416,47.89));
#9225=CARTESIAN_POINT('',(1.26999999999998,15.18,47.86));
#9226=CARTESIAN_POINT('',(1.17974814083561,15.0897481415177,47.86));
#9227=CARTESIAN_POINT('',(1.13800622875423,15.0480132814036,47.8427128397937));
#9228=CARTESIAN_POINT('',(1.00856004956459,14.9184119199385,47.7302881609162));
#9229=CARTESIAN_POINT('',(0.970958774332566,14.880945033043,47.6524835359379));
#9230=CARTESIAN_POINT('',(0.969074597189041,14.8790124196087,47.4738445532116));
#9231=CARTESIAN_POINT('',(1.02402371081823,14.9340353556772,47.3761061771824));
#9232=CARTESIAN_POINT('',(1.0861714814333,14.9961687988168,47.3223507725272));
#9233=CARTESIAN_POINT('',(1.10022404906045,15.0102611566,47.3119813259775));
#9234=CARTESIAN_POINT('',(1.13173753104168,15.0417772104773,47.293128072179));
#9235=CARTESIAN_POINT('',(1.1573729282905,15.0673721297269,47.2817019683748));
#9236=CARTESIAN_POINT('',(1.19012301245688,15.1001265560083,47.2698995456495));
#9237=CARTESIAN_POINT('',(1.22402979873477,15.1340297987348,47.26));
#9238=CARTESIAN_POINT('',(1.27,15.18,47.26));
#9239=CARTESIAN_POINT('',(1.26999999730414,15.1800000026958,47.86));
#9240=CARTESIAN_POINT('',(1.26999999999998,15.18,47.26));
#9241=CARTESIAN_POINT('',(1.26999999999999,15.18,47.56));
#9242=CARTESIAN_POINT('',(1.26999999999998,15.18,47.56));
#9243=CARTESIAN_POINT('',(1.26999999999998,15.18,47.56));
#9244=CARTESIAN_POINT('',(1.26999999999997,15.18,47.56));
#9245=CARTESIAN_POINT('',(1.27,10.6,47.56));
#9246=CARTESIAN_POINT('',(1.26999999999999,10.6,47.26));
#9247=CARTESIAN_POINT('',(1.27,15.18,47.56));
#9248=CARTESIAN_POINT('',(-1.27000000000002,12.64,47.56));
#9249=CARTESIAN_POINT('',(-1.27000000000002,12.64,47.26));
#9250=CARTESIAN_POINT('',(-1.27000000269584,12.6400000026958,47.86));
#9251=CARTESIAN_POINT('',(-1.27000000000001,12.64,47.56));
#9252=CARTESIAN_POINT('',(-1.27000000000003,12.64,47.56));
#9253=CARTESIAN_POINT('',(-1.27000000000002,12.64,47.86));
#9254=CARTESIAN_POINT('',(-1.36025185912868,12.5497481415491,47.86));
#9255=CARTESIAN_POINT('',(-1.40199377151664,12.5080132811661,47.8427128396742));
#9256=CARTESIAN_POINT('',(-1.53143995062641,12.3784119197484,47.7302881606345));
#9257=CARTESIAN_POINT('',(-1.56904122575603,12.3409450329484,47.6524835355759));
#9258=CARTESIAN_POINT('',(-1.57092540272837,12.3390124196972,47.4738445530041));
#9259=CARTESIAN_POINT('',(-1.51597628905533,12.3940353557956,47.3761061770372));
#9260=CARTESIAN_POINT('',(-1.45382851848146,12.456168798904,47.3223507724624));
#9261=CARTESIAN_POINT('',(-1.43977595086236,12.4702611566809,47.3119813259254));
#9262=CARTESIAN_POINT('',(-1.40826246889492,12.501777210545,47.2931280721469));
#9263=CARTESIAN_POINT('',(-1.38262707162058,12.5273721298177,47.2817019683404));
#9264=CARTESIAN_POINT('',(-1.349876987559,12.5601265559887,47.2698995456599));
#9265=CARTESIAN_POINT('',(-1.31597020130284,12.5940297986972,47.26));
#9266=CARTESIAN_POINT('',(-1.27,12.64,47.26));
#9267=CARTESIAN_POINT('',(-1.27000000000002,12.64,47.56));
#9268=CARTESIAN_POINT('',(-1.27,10.6,47.56));
#9269=CARTESIAN_POINT('',(-1.27000000000001,10.6,47.26));
#9270=CARTESIAN_POINT('',(-1.27,12.64,47.56));
#9271=CARTESIAN_POINT('',(1.26999999999997,1.6,47.56));
#9272=CARTESIAN_POINT('',(1.26999999999998,1.6,47.26));
#9273=CARTESIAN_POINT('',(0.943384704858418,1.60000000000001,47.89));
#9274=CARTESIAN_POINT('',(1.26999999999999,6.4,47.56));
#9275=CARTESIAN_POINT('',(1.26999999999998,6.4,47.26));
#9276=CARTESIAN_POINT('',(1.27,15.18,47.56));
#9277=CARTESIAN_POINT('',(-1.27000000000003,1.60000000000001,47.56));
#9278=CARTESIAN_POINT('',(-1.27000000000002,1.60000000000001,47.26));
#9279=CARTESIAN_POINT('',(-1.59661529514158,1.60000000000001,47.89));
#9280=CARTESIAN_POINT('',(-1.27000000000001,6.4,47.56));
#9281=CARTESIAN_POINT('',(-1.27000000000002,6.4,47.26));
#9282=CARTESIAN_POINT('',(-1.27,12.64,47.56));
#9283=CARTESIAN_POINT('',(-5.58000000000002,15.18,50.1));
#9284=CARTESIAN_POINT('',(-5.58000000000002,15.18,49.8));
#9285=CARTESIAN_POINT('',(-5.58000000000002,15.5066152951416,50.43));
#9286=CARTESIAN_POINT('',(-5.58000000000002,12.64,50.1));
#9287=CARTESIAN_POINT('',(-5.58000000000002,12.64,49.8));
#9288=CARTESIAN_POINT('',(-5.58000000000002,12.9666152951416,50.43));
#9289=CARTESIAN_POINT('',(1.26999999999998,15.18,50.4));
#9290=CARTESIAN_POINT('',(1.17974814083561,15.0897481415177,50.4));
#9291=CARTESIAN_POINT('',(1.13800622875423,15.0480132814036,50.3827128397937));
#9292=CARTESIAN_POINT('',(1.00856004956459,14.9184119199385,50.2702881609162));
#9293=CARTESIAN_POINT('',(0.970958774332566,14.880945033043,50.1924835359379));
#9294=CARTESIAN_POINT('',(0.969074597189041,14.8790124196087,50.0138445532116));
#9295=CARTESIAN_POINT('',(1.02402371081823,14.9340353556772,49.9161061771824));
#9296=CARTESIAN_POINT('',(1.0861714814333,14.9961687988168,49.8623507725271));
#9297=CARTESIAN_POINT('',(1.10022404906045,15.0102611566,49.8519813259774));
#9298=CARTESIAN_POINT('',(1.13173753104168,15.0417772104773,49.833128072179));
#9299=CARTESIAN_POINT('',(1.1573729282905,15.0673721297269,49.8217019683748));
#9300=CARTESIAN_POINT('',(1.19012301245688,15.1001265560083,49.8098995456494));
#9301=CARTESIAN_POINT('',(1.22402979873477,15.1340297987348,49.8));
#9302=CARTESIAN_POINT('',(1.27,15.18,49.8));
#9303=CARTESIAN_POINT('',(1.26999999730414,15.1800000026958,50.4));
#9304=CARTESIAN_POINT('',(1.26999999999998,15.18,49.8));
#9305=CARTESIAN_POINT('',(1.26999999999999,15.18,50.1));
#9306=CARTESIAN_POINT('',(1.26999999999998,15.18,50.1));
#9307=CARTESIAN_POINT('',(1.26999999999998,15.18,50.1));
#9308=CARTESIAN_POINT('',(1.26999999999997,15.18,50.1));
#9309=CARTESIAN_POINT('',(1.27,10.6,50.1));
#9310=CARTESIAN_POINT('',(1.26999999999999,10.6,49.8));
#9311=CARTESIAN_POINT('',(1.27,15.18,50.1));
#9312=CARTESIAN_POINT('',(-1.27000000000002,12.64,50.1));
#9313=CARTESIAN_POINT('',(-1.27000000000002,12.64,49.8));
#9314=CARTESIAN_POINT('',(-1.27000000269584,12.6400000026958,50.4));
#9315=CARTESIAN_POINT('',(-1.27000000000001,12.64,50.1));
#9316=CARTESIAN_POINT('',(-1.27000000000003,12.64,50.1));
#9317=CARTESIAN_POINT('',(-1.27000000000002,12.64,50.4));
#9318=CARTESIAN_POINT('',(-1.36025185912868,12.5497481415491,50.4));
#9319=CARTESIAN_POINT('',(-1.40199377151664,12.5080132811661,50.3827128396742));
#9320=CARTESIAN_POINT('',(-1.53143995062641,12.3784119197484,50.2702881606345));
#9321=CARTESIAN_POINT('',(-1.56904122575603,12.3409450329484,50.1924835355759));
#9322=CARTESIAN_POINT('',(-1.57092540272837,12.3390124196972,50.0138445530042));
#9323=CARTESIAN_POINT('',(-1.51597628905533,12.3940353557956,49.9161061770372));
#9324=CARTESIAN_POINT('',(-1.45382851848146,12.456168798904,49.8623507724624));
#9325=CARTESIAN_POINT('',(-1.43977595086236,12.4702611566809,49.8519813259254));
#9326=CARTESIAN_POINT('',(-1.40826246889492,12.501777210545,49.833128072147));
#9327=CARTESIAN_POINT('',(-1.38262707162058,12.5273721298177,49.8217019683404));
#9328=CARTESIAN_POINT('',(-1.349876987559,12.5601265559887,49.8098995456599));
#9329=CARTESIAN_POINT('',(-1.31597020130284,12.5940297986972,49.8));
#9330=CARTESIAN_POINT('',(-1.27,12.64,49.8));
#9331=CARTESIAN_POINT('',(-1.27000000000002,12.64,50.1));
#9332=CARTESIAN_POINT('',(-1.27,10.6,50.1));
#9333=CARTESIAN_POINT('',(-1.27000000000001,10.6,49.8));
#9334=CARTESIAN_POINT('',(-1.27,12.64,50.1));
#9335=CARTESIAN_POINT('',(1.26999999999997,1.6,50.1));
#9336=CARTESIAN_POINT('',(1.26999999999998,1.6,49.8));
#9337=CARTESIAN_POINT('',(0.943384704858418,1.60000000000001,50.43));
#9338=CARTESIAN_POINT('',(1.26999999999999,6.4,50.1));
#9339=CARTESIAN_POINT('',(1.26999999999998,6.4,49.8));
#9340=CARTESIAN_POINT('',(1.27,15.18,50.1));
#9341=CARTESIAN_POINT('',(-1.27000000000003,1.60000000000001,50.1));
#9342=CARTESIAN_POINT('',(-1.27000000000002,1.60000000000001,49.8));
#9343=CARTESIAN_POINT('',(-1.59661529514158,1.60000000000001,50.43));
#9344=CARTESIAN_POINT('',(-1.27000000000001,6.4,50.1));
#9345=CARTESIAN_POINT('',(-1.27000000000002,6.4,49.8));
#9346=CARTESIAN_POINT('',(-1.27,12.64,50.1));
#9347=CARTESIAN_POINT('',(-5.58000000000002,15.18,52.64));
#9348=CARTESIAN_POINT('',(-5.58000000000002,15.18,52.34));
#9349=CARTESIAN_POINT('',(-5.58000000000002,15.5066152951416,52.97));
#9350=CARTESIAN_POINT('',(-5.58000000000002,12.64,52.64));
#9351=CARTESIAN_POINT('',(-5.58000000000002,12.64,52.34));
#9352=CARTESIAN_POINT('',(-5.58000000000002,12.9666152951416,52.97));
#9353=CARTESIAN_POINT('',(1.26999999999998,15.18,52.94));
#9354=CARTESIAN_POINT('',(1.17974814083561,15.0897481415177,52.94));
#9355=CARTESIAN_POINT('',(1.13800622875423,15.0480132814036,52.9227128397937));
#9356=CARTESIAN_POINT('',(1.00856004956459,14.9184119199385,52.8102881609162));
#9357=CARTESIAN_POINT('',(0.970958774332566,14.880945033043,52.7324835359379));
#9358=CARTESIAN_POINT('',(0.969074597189041,14.8790124196087,52.5538445532116));
#9359=CARTESIAN_POINT('',(1.02402371081823,14.9340353556772,52.4561061771824));
#9360=CARTESIAN_POINT('',(1.0861714814333,14.9961687988168,52.4023507725271));
#9361=CARTESIAN_POINT('',(1.10022404906045,15.0102611566,52.3919813259774));
#9362=CARTESIAN_POINT('',(1.13173753104168,15.0417772104773,52.373128072179));
#9363=CARTESIAN_POINT('',(1.1573729282905,15.0673721297269,52.3617019683748));
#9364=CARTESIAN_POINT('',(1.19012301245688,15.1001265560083,52.3498995456494));
#9365=CARTESIAN_POINT('',(1.22402979873477,15.1340297987348,52.34));
#9366=CARTESIAN_POINT('',(1.27,15.18,52.34));
#9367=CARTESIAN_POINT('',(1.26999999730414,15.1800000026958,52.94));
#9368=CARTESIAN_POINT('',(1.26999999999998,15.18,52.34));
#9369=CARTESIAN_POINT('',(1.26999999999999,15.18,52.64));
#9370=CARTESIAN_POINT('',(1.26999999999998,15.18,52.64));
#9371=CARTESIAN_POINT('',(1.26999999999998,15.18,52.64));
#9372=CARTESIAN_POINT('',(1.26999999999997,15.18,52.64));
#9373=CARTESIAN_POINT('',(1.27,10.6,52.64));
#9374=CARTESIAN_POINT('',(1.26999999999999,10.6,52.34));
#9375=CARTESIAN_POINT('',(1.27,15.18,52.64));
#9376=CARTESIAN_POINT('',(-1.27000000000002,12.64,52.64));
#9377=CARTESIAN_POINT('',(-1.27000000000002,12.64,52.34));
#9378=CARTESIAN_POINT('',(-1.27000000269584,12.6400000026958,52.94));
#9379=CARTESIAN_POINT('',(-1.27000000000001,12.64,52.64));
#9380=CARTESIAN_POINT('',(-1.27000000000003,12.64,52.64));
#9381=CARTESIAN_POINT('',(-1.27000000000002,12.64,52.94));
#9382=CARTESIAN_POINT('',(-1.36025185912868,12.5497481415491,52.94));
#9383=CARTESIAN_POINT('',(-1.40199377151664,12.5080132811661,52.9227128396742));
#9384=CARTESIAN_POINT('',(-1.53143995062641,12.3784119197484,52.8102881606345));
#9385=CARTESIAN_POINT('',(-1.56904122575603,12.3409450329484,52.7324835355759));
#9386=CARTESIAN_POINT('',(-1.57092540272837,12.3390124196972,52.5538445530041));
#9387=CARTESIAN_POINT('',(-1.51597628905533,12.3940353557956,52.4561061770372));
#9388=CARTESIAN_POINT('',(-1.45382851848146,12.456168798904,52.4023507724623));
#9389=CARTESIAN_POINT('',(-1.43977595086236,12.4702611566809,52.3919813259254));
#9390=CARTESIAN_POINT('',(-1.40826246889492,12.501777210545,52.3731280721469));
#9391=CARTESIAN_POINT('',(-1.38262707162058,12.5273721298177,52.3617019683404));
#9392=CARTESIAN_POINT('',(-1.349876987559,12.5601265559887,52.3498995456599));
#9393=CARTESIAN_POINT('',(-1.31597020130284,12.5940297986972,52.34));
#9394=CARTESIAN_POINT('',(-1.27,12.64,52.34));
#9395=CARTESIAN_POINT('',(-1.27000000000002,12.64,52.64));
#9396=CARTESIAN_POINT('',(-1.27,10.6,52.64));
#9397=CARTESIAN_POINT('',(-1.27000000000001,10.6,52.34));
#9398=CARTESIAN_POINT('',(-1.27,12.64,52.64));
#9399=CARTESIAN_POINT('',(1.26999999999997,1.6,52.64));
#9400=CARTESIAN_POINT('',(1.26999999999998,1.6,52.34));
#9401=CARTESIAN_POINT('',(0.943384704858418,1.60000000000001,52.97));
#9402=CARTESIAN_POINT('',(1.26999999999999,6.4,52.64));
#9403=CARTESIAN_POINT('',(1.26999999999998,6.4,52.34));
#9404=CARTESIAN_POINT('',(1.27,15.18,52.64));
#9405=CARTESIAN_POINT('',(-1.27000000000003,1.60000000000001,52.64));
#9406=CARTESIAN_POINT('',(-1.27000000000002,1.60000000000001,52.34));
#9407=CARTESIAN_POINT('',(-1.59661529514158,1.60000000000001,52.97));
#9408=CARTESIAN_POINT('',(-1.27000000000001,6.4,52.64));
#9409=CARTESIAN_POINT('',(-1.27000000000002,6.4,52.34));
#9410=CARTESIAN_POINT('',(-1.27,12.64,52.64));
#9411=CARTESIAN_POINT('',(-5.58000000000002,15.18,55.18));
#9412=CARTESIAN_POINT('',(-5.58000000000002,15.18,54.88));
#9413=CARTESIAN_POINT('',(-5.58000000000002,15.5066152951416,55.51));
#9414=CARTESIAN_POINT('',(-5.58000000000002,12.64,55.18));
#9415=CARTESIAN_POINT('',(-5.58000000000002,12.64,54.88));
#9416=CARTESIAN_POINT('',(-5.58000000000002,12.9666152951416,55.51));
#9417=CARTESIAN_POINT('',(1.26999999999998,15.18,55.48));
#9418=CARTESIAN_POINT('',(1.17974814083561,15.0897481415177,55.48));
#9419=CARTESIAN_POINT('',(1.13800622875423,15.0480132814036,55.4627128397937));
#9420=CARTESIAN_POINT('',(1.00856004956459,14.9184119199385,55.3502881609162));
#9421=CARTESIAN_POINT('',(0.970958774332566,14.880945033043,55.2724835359378));
#9422=CARTESIAN_POINT('',(0.969074597189041,14.8790124196087,55.0938445532116));
#9423=CARTESIAN_POINT('',(1.02402371081823,14.9340353556772,54.9961061771824));
#9424=CARTESIAN_POINT('',(1.0861714814333,14.9961687988168,54.9423507725272));
#9425=CARTESIAN_POINT('',(1.10022404906045,15.0102611566,54.9319813259775));
#9426=CARTESIAN_POINT('',(1.13173753104168,15.0417772104773,54.913128072179));
#9427=CARTESIAN_POINT('',(1.1573729282905,15.0673721297269,54.9017019683748));
#9428=CARTESIAN_POINT('',(1.19012301245688,15.1001265560083,54.8898995456494));
#9429=CARTESIAN_POINT('',(1.22402979873477,15.1340297987348,54.88));
#9430=CARTESIAN_POINT('',(1.27,15.18,54.88));
#9431=CARTESIAN_POINT('',(1.26999999730414,15.1800000026958,55.48));
#9432=CARTESIAN_POINT('',(1.26999999999998,15.18,54.88));
#9433=CARTESIAN_POINT('',(1.26999999999999,15.18,55.18));
#9434=CARTESIAN_POINT('',(1.26999999999998,15.18,55.18));
#9435=CARTESIAN_POINT('',(1.26999999999998,15.18,55.18));
#9436=CARTESIAN_POINT('',(1.26999999999997,15.18,55.18));
#9437=CARTESIAN_POINT('',(1.27,10.6,55.18));
#9438=CARTESIAN_POINT('',(1.26999999999999,10.6,54.88));
#9439=CARTESIAN_POINT('',(1.27,15.18,55.18));
#9440=CARTESIAN_POINT('',(-1.27000000000002,12.64,55.18));
#9441=CARTESIAN_POINT('',(-1.27000000000002,12.64,54.88));
#9442=CARTESIAN_POINT('',(-1.27000000269584,12.6400000026958,55.48));
#9443=CARTESIAN_POINT('',(-1.27000000000001,12.64,55.18));
#9444=CARTESIAN_POINT('',(-1.27000000000003,12.64,55.18));
#9445=CARTESIAN_POINT('',(-1.27000000000002,12.64,55.48));
#9446=CARTESIAN_POINT('',(-1.36025185912868,12.5497481415491,55.48));
#9447=CARTESIAN_POINT('',(-1.40199377151664,12.5080132811661,55.4627128396742));
#9448=CARTESIAN_POINT('',(-1.53143995062641,12.3784119197484,55.3502881606345));
#9449=CARTESIAN_POINT('',(-1.56904122575603,12.3409450329484,55.2724835355759));
#9450=CARTESIAN_POINT('',(-1.57092540272837,12.3390124196972,55.0938445530041));
#9451=CARTESIAN_POINT('',(-1.51597628905533,12.3940353557956,54.9961061770372));
#9452=CARTESIAN_POINT('',(-1.45382851848146,12.456168798904,54.9423507724623));
#9453=CARTESIAN_POINT('',(-1.43977595086236,12.4702611566809,54.9319813259254));
#9454=CARTESIAN_POINT('',(-1.40826246889492,12.501777210545,54.9131280721469));
#9455=CARTESIAN_POINT('',(-1.38262707162058,12.5273721298177,54.9017019683404));
#9456=CARTESIAN_POINT('',(-1.349876987559,12.5601265559887,54.8898995456599));
#9457=CARTESIAN_POINT('',(-1.31597020130284,12.5940297986972,54.88));
#9458=CARTESIAN_POINT('',(-1.27,12.64,54.88));
#9459=CARTESIAN_POINT('',(-1.27000000000002,12.64,55.18));
#9460=CARTESIAN_POINT('',(-1.27,10.6,55.18));
#9461=CARTESIAN_POINT('',(-1.27000000000001,10.6,54.88));
#9462=CARTESIAN_POINT('',(-1.27,12.64,55.18));
#9463=CARTESIAN_POINT('',(1.26999999999997,1.6,55.18));
#9464=CARTESIAN_POINT('',(1.26999999999998,1.6,54.88));
#9465=CARTESIAN_POINT('',(0.943384704858418,1.60000000000001,55.51));
#9466=CARTESIAN_POINT('',(1.26999999999999,6.4,55.18));
#9467=CARTESIAN_POINT('',(1.26999999999998,6.4,54.88));
#9468=CARTESIAN_POINT('',(1.27,15.18,55.18));
#9469=CARTESIAN_POINT('',(-1.27000000000003,1.60000000000001,55.18));
#9470=CARTESIAN_POINT('',(-1.27000000000002,1.60000000000001,54.88));
#9471=CARTESIAN_POINT('',(-1.59661529514158,1.60000000000001,55.51));
#9472=CARTESIAN_POINT('',(-1.27000000000001,6.4,55.18));
#9473=CARTESIAN_POINT('',(-1.27000000000002,6.4,54.88));
#9474=CARTESIAN_POINT('',(-1.27,12.64,55.18));
#9475=CARTESIAN_POINT('',(-5.58000000000002,15.18,57.72));
#9476=CARTESIAN_POINT('',(-5.58000000000002,15.18,57.42));
#9477=CARTESIAN_POINT('',(-5.58000000000002,15.5066152951416,58.05));
#9478=CARTESIAN_POINT('',(-5.58000000000002,12.64,57.72));
#9479=CARTESIAN_POINT('',(-5.58000000000002,12.64,57.42));
#9480=CARTESIAN_POINT('',(-5.58000000000002,12.9666152951416,58.05));
#9481=CARTESIAN_POINT('',(1.26999999999998,15.18,58.02));
#9482=CARTESIAN_POINT('',(1.17974814083561,15.0897481415177,58.02));
#9483=CARTESIAN_POINT('',(1.13800622875423,15.0480132814036,58.0027128397937));
#9484=CARTESIAN_POINT('',(1.00856004956459,14.9184119199385,57.8902881609162));
#9485=CARTESIAN_POINT('',(0.970958774332566,14.880945033043,57.8124835359379));
#9486=CARTESIAN_POINT('',(0.969074597189041,14.8790124196087,57.6338445532116));
#9487=CARTESIAN_POINT('',(1.02402371081823,14.9340353556772,57.5361061771824));
#9488=CARTESIAN_POINT('',(1.0861714814333,14.9961687988168,57.4823507725272));
#9489=CARTESIAN_POINT('',(1.10022404906045,15.0102611566,57.4719813259775));
#9490=CARTESIAN_POINT('',(1.13173753104168,15.0417772104773,57.453128072179));
#9491=CARTESIAN_POINT('',(1.1573729282905,15.0673721297269,57.4417019683748));
#9492=CARTESIAN_POINT('',(1.19012301245688,15.1001265560083,57.4298995456494));
#9493=CARTESIAN_POINT('',(1.22402979873477,15.1340297987348,57.42));
#9494=CARTESIAN_POINT('',(1.27,15.18,57.42));
#9495=CARTESIAN_POINT('',(1.26999999730414,15.1800000026958,58.02));
#9496=CARTESIAN_POINT('',(1.26999999999998,15.18,57.42));
#9497=CARTESIAN_POINT('',(1.26999999999999,15.18,57.72));
#9498=CARTESIAN_POINT('',(1.26999999999998,15.18,57.72));
#9499=CARTESIAN_POINT('',(1.26999999999998,15.18,57.72));
#9500=CARTESIAN_POINT('',(1.26999999999997,15.18,57.72));
#9501=CARTESIAN_POINT('',(1.27,10.6,57.72));
#9502=CARTESIAN_POINT('',(1.26999999999999,10.6,57.42));
#9503=CARTESIAN_POINT('',(1.27,15.18,57.72));
#9504=CARTESIAN_POINT('',(-1.27000000000002,12.64,57.72));
#9505=CARTESIAN_POINT('',(-1.27000000000002,12.64,57.42));
#9506=CARTESIAN_POINT('',(-1.27000000269584,12.6400000026958,58.02));
#9507=CARTESIAN_POINT('',(-1.27000000000001,12.64,57.72));
#9508=CARTESIAN_POINT('',(-1.27000000000003,12.64,57.72));
#9509=CARTESIAN_POINT('',(-1.27000000000002,12.64,58.02));
#9510=CARTESIAN_POINT('',(-1.36025185912868,12.5497481415491,58.02));
#9511=CARTESIAN_POINT('',(-1.40199377151664,12.5080132811661,58.0027128396742));
#9512=CARTESIAN_POINT('',(-1.53143995062641,12.3784119197484,57.8902881606345));
#9513=CARTESIAN_POINT('',(-1.56904122575603,12.3409450329484,57.8124835355759));
#9514=CARTESIAN_POINT('',(-1.57092540272837,12.3390124196972,57.6338445530042));
#9515=CARTESIAN_POINT('',(-1.51597628905533,12.3940353557956,57.5361061770372));
#9516=CARTESIAN_POINT('',(-1.45382851848146,12.456168798904,57.4823507724624));
#9517=CARTESIAN_POINT('',(-1.43977595086236,12.4702611566809,57.4719813259254));
#9518=CARTESIAN_POINT('',(-1.40826246889492,12.501777210545,57.4531280721469));
#9519=CARTESIAN_POINT('',(-1.38262707162058,12.5273721298177,57.4417019683404));
#9520=CARTESIAN_POINT('',(-1.349876987559,12.5601265559887,57.4298995456599));
#9521=CARTESIAN_POINT('',(-1.31597020130284,12.5940297986972,57.42));
#9522=CARTESIAN_POINT('',(-1.27,12.64,57.42));
#9523=CARTESIAN_POINT('',(-1.27000000000002,12.64,57.72));
#9524=CARTESIAN_POINT('',(-1.27,10.6,57.72));
#9525=CARTESIAN_POINT('',(-1.27000000000001,10.6,57.42));
#9526=CARTESIAN_POINT('',(-1.27,12.64,57.72));
#9527=CARTESIAN_POINT('',(1.26999999999997,1.6,57.72));
#9528=CARTESIAN_POINT('',(1.26999999999998,1.6,57.42));
#9529=CARTESIAN_POINT('',(0.943384704858418,1.60000000000001,58.05));
#9530=CARTESIAN_POINT('',(1.26999999999999,6.4,57.72));
#9531=CARTESIAN_POINT('',(1.26999999999998,6.4,57.42));
#9532=CARTESIAN_POINT('',(1.27,15.18,57.72));
#9533=CARTESIAN_POINT('',(-1.27000000000003,1.60000000000001,57.72));
#9534=CARTESIAN_POINT('',(-1.27000000000002,1.60000000000001,57.42));
#9535=CARTESIAN_POINT('',(-1.59661529514158,1.60000000000001,58.05));
#9536=CARTESIAN_POINT('',(-1.27000000000001,6.4,57.72));
#9537=CARTESIAN_POINT('',(-1.27000000000002,6.4,57.42));
#9538=CARTESIAN_POINT('',(-1.27,12.64,57.72));
#9539=CARTESIAN_POINT('',(-5.58000000000002,15.18,60.26));
#9540=CARTESIAN_POINT('',(-5.58000000000002,15.18,59.96));
#9541=CARTESIAN_POINT('',(-5.58000000000002,15.5066152951416,60.59));
#9542=CARTESIAN_POINT('',(-5.58000000000002,12.64,60.26));
#9543=CARTESIAN_POINT('',(-5.58000000000002,12.64,59.96));
#9544=CARTESIAN_POINT('',(-5.58000000000002,12.9666152951416,60.59));
#9545=CARTESIAN_POINT('',(1.26999999999998,15.18,60.56));
#9546=CARTESIAN_POINT('',(1.17974814083561,15.0897481415177,60.56));
#9547=CARTESIAN_POINT('',(1.13800622875423,15.0480132814036,60.5427128397937));
#9548=CARTESIAN_POINT('',(1.00856004956459,14.9184119199385,60.4302881609162));
#9549=CARTESIAN_POINT('',(0.970958774332566,14.880945033043,60.3524835359379));
#9550=CARTESIAN_POINT('',(0.969074597189041,14.8790124196087,60.1738445532116));
#9551=CARTESIAN_POINT('',(1.02402371081823,14.9340353556772,60.0761061771824));
#9552=CARTESIAN_POINT('',(1.0861714814333,14.9961687988168,60.0223507725271));
#9553=CARTESIAN_POINT('',(1.10022404906045,15.0102611566,60.0119813259775));
#9554=CARTESIAN_POINT('',(1.13173753104168,15.0417772104773,59.993128072179));
#9555=CARTESIAN_POINT('',(1.1573729282905,15.0673721297269,59.9817019683748));
#9556=CARTESIAN_POINT('',(1.19012301245688,15.1001265560083,59.9698995456494));
#9557=CARTESIAN_POINT('',(1.22402979873477,15.1340297987348,59.96));
#9558=CARTESIAN_POINT('',(1.27,15.18,59.96));
#9559=CARTESIAN_POINT('',(1.26999999730414,15.1800000026958,60.56));
#9560=CARTESIAN_POINT('',(1.26999999999998,15.18,59.96));
#9561=CARTESIAN_POINT('',(1.26999999999999,15.18,60.26));
#9562=CARTESIAN_POINT('',(1.26999999999998,15.18,60.26));
#9563=CARTESIAN_POINT('',(1.26999999999998,15.18,60.26));
#9564=CARTESIAN_POINT('',(1.26999999999997,15.18,60.26));
#9565=CARTESIAN_POINT('',(1.27,10.6,60.26));
#9566=CARTESIAN_POINT('',(1.26999999999999,10.6,59.96));
#9567=CARTESIAN_POINT('',(1.27,15.18,60.26));
#9568=CARTESIAN_POINT('',(-1.27000000000002,12.64,60.26));
#9569=CARTESIAN_POINT('',(-1.27000000000002,12.64,59.96));
#9570=CARTESIAN_POINT('',(-1.27000000269584,12.6400000026958,60.56));
#9571=CARTESIAN_POINT('',(-1.27000000000001,12.64,60.26));
#9572=CARTESIAN_POINT('',(-1.27000000000003,12.64,60.26));
#9573=CARTESIAN_POINT('',(-1.27000000000002,12.64,60.56));
#9574=CARTESIAN_POINT('',(-1.36025185912868,12.5497481415491,60.56));
#9575=CARTESIAN_POINT('',(-1.40199377151664,12.5080132811661,60.5427128396742));
#9576=CARTESIAN_POINT('',(-1.53143995062641,12.3784119197484,60.4302881606345));
#9577=CARTESIAN_POINT('',(-1.56904122575603,12.3409450329484,60.3524835355759));
#9578=CARTESIAN_POINT('',(-1.57092540272837,12.3390124196972,60.1738445530041));
#9579=CARTESIAN_POINT('',(-1.51597628905533,12.3940353557956,60.0761061770372));
#9580=CARTESIAN_POINT('',(-1.45382851848146,12.456168798904,60.0223507724623));
#9581=CARTESIAN_POINT('',(-1.43977595086236,12.4702611566809,60.0119813259254));
#9582=CARTESIAN_POINT('',(-1.40826246889492,12.501777210545,59.9931280721469));
#9583=CARTESIAN_POINT('',(-1.38262707162058,12.5273721298177,59.9817019683404));
#9584=CARTESIAN_POINT('',(-1.349876987559,12.5601265559887,59.9698995456599));
#9585=CARTESIAN_POINT('',(-1.31597020130284,12.5940297986972,59.96));
#9586=CARTESIAN_POINT('',(-1.27,12.64,59.96));
#9587=CARTESIAN_POINT('',(-1.27000000000002,12.64,60.26));
#9588=CARTESIAN_POINT('',(-1.27,10.6,60.26));
#9589=CARTESIAN_POINT('',(-1.27000000000001,10.6,59.96));
#9590=CARTESIAN_POINT('',(-1.27,12.64,60.26));
#9591=CARTESIAN_POINT('',(1.26999999999997,1.6,60.26));
#9592=CARTESIAN_POINT('',(1.26999999999998,1.6,59.96));
#9593=CARTESIAN_POINT('',(0.943384704858418,1.60000000000001,60.59));
#9594=CARTESIAN_POINT('',(1.26999999999999,6.4,60.26));
#9595=CARTESIAN_POINT('',(1.26999999999998,6.4,59.96));
#9596=CARTESIAN_POINT('',(1.27,15.18,60.26));
#9597=CARTESIAN_POINT('',(-1.27000000000003,1.60000000000001,60.26));
#9598=CARTESIAN_POINT('',(-1.27000000000002,1.60000000000001,59.96));
#9599=CARTESIAN_POINT('',(-1.59661529514158,1.60000000000001,60.59));
#9600=CARTESIAN_POINT('',(-1.27000000000001,6.4,60.26));
#9601=CARTESIAN_POINT('',(-1.27000000000002,6.4,59.96));
#9602=CARTESIAN_POINT('',(-1.27,12.64,60.26));
#9603=CARTESIAN_POINT('',(-5.58000000000002,15.18,62.8));
#9604=CARTESIAN_POINT('',(-5.58000000000002,15.18,62.5));
#9605=CARTESIAN_POINT('',(-5.58000000000002,15.5066152951416,63.13));
#9606=CARTESIAN_POINT('',(-5.58000000000002,12.64,62.8));
#9607=CARTESIAN_POINT('',(-5.58000000000002,12.64,62.5));
#9608=CARTESIAN_POINT('',(-5.58000000000002,12.9666152951416,63.13));
#9609=CARTESIAN_POINT('',(1.26999999999998,15.18,63.1));
#9610=CARTESIAN_POINT('',(1.17974814083561,15.0897481415177,63.1));
#9611=CARTESIAN_POINT('',(1.13800622875423,15.0480132814036,63.0827128397937));
#9612=CARTESIAN_POINT('',(1.00856004956459,14.9184119199385,62.9702881609162));
#9613=CARTESIAN_POINT('',(0.970958774332566,14.880945033043,62.8924835359378));
#9614=CARTESIAN_POINT('',(0.969074597189041,14.8790124196087,62.7138445532116));
#9615=CARTESIAN_POINT('',(1.02402371081823,14.9340353556772,62.6161061771823));
#9616=CARTESIAN_POINT('',(1.0861714814333,14.9961687988168,62.5623507725271));
#9617=CARTESIAN_POINT('',(1.10022404906045,15.0102611566,62.5519813259774));
#9618=CARTESIAN_POINT('',(1.13173753104168,15.0417772104773,62.533128072179));
#9619=CARTESIAN_POINT('',(1.1573729282905,15.0673721297269,62.5217019683748));
#9620=CARTESIAN_POINT('',(1.19012301245688,15.1001265560084,62.5098995456494));
#9621=CARTESIAN_POINT('',(1.22402979873477,15.1340297987348,62.5));
#9622=CARTESIAN_POINT('',(1.27,15.18,62.5));
#9623=CARTESIAN_POINT('',(1.26999999730414,15.1800000026958,63.1));
#9624=CARTESIAN_POINT('',(1.26999999999998,15.18,62.5));
#9625=CARTESIAN_POINT('',(1.26999999999999,15.18,62.8));
#9626=CARTESIAN_POINT('',(1.26999999999998,15.18,62.8));
#9627=CARTESIAN_POINT('',(1.26999999999998,15.18,62.8));
#9628=CARTESIAN_POINT('',(1.26999999999997,15.18,62.8));
#9629=CARTESIAN_POINT('',(1.27,10.6,62.8));
#9630=CARTESIAN_POINT('',(1.26999999999999,10.6,62.5));
#9631=CARTESIAN_POINT('',(1.27,15.18,62.8));
#9632=CARTESIAN_POINT('',(-1.27000000000002,12.64,62.8));
#9633=CARTESIAN_POINT('',(-1.27000000000002,12.64,62.5));
#9634=CARTESIAN_POINT('',(-1.27000000269584,12.6400000026958,63.1));
#9635=CARTESIAN_POINT('',(-1.27000000000001,12.64,62.8));
#9636=CARTESIAN_POINT('',(-1.27000000000003,12.64,62.8));
#9637=CARTESIAN_POINT('',(-1.27000000000002,12.64,63.1));
#9638=CARTESIAN_POINT('',(-1.36025185912868,12.5497481415491,63.1));
#9639=CARTESIAN_POINT('',(-1.40199377151664,12.5080132811661,63.0827128396742));
#9640=CARTESIAN_POINT('',(-1.53143995062641,12.3784119197484,62.9702881606345));
#9641=CARTESIAN_POINT('',(-1.56904122575603,12.3409450329484,62.8924835355759));
#9642=CARTESIAN_POINT('',(-1.57092540272837,12.3390124196972,62.7138445530042));
#9643=CARTESIAN_POINT('',(-1.51597628905533,12.3940353557956,62.6161061770372));
#9644=CARTESIAN_POINT('',(-1.45382851848146,12.456168798904,62.5623507724624));
#9645=CARTESIAN_POINT('',(-1.43977595086236,12.4702611566809,62.5519813259254));
#9646=CARTESIAN_POINT('',(-1.40826246889492,12.501777210545,62.533128072147));
#9647=CARTESIAN_POINT('',(-1.38262707162058,12.5273721298177,62.5217019683404));
#9648=CARTESIAN_POINT('',(-1.349876987559,12.5601265559887,62.5098995456599));
#9649=CARTESIAN_POINT('',(-1.31597020130284,12.5940297986972,62.5));
#9650=CARTESIAN_POINT('',(-1.27,12.64,62.5));
#9651=CARTESIAN_POINT('',(-1.27000000000002,12.64,62.8));
#9652=CARTESIAN_POINT('',(-1.27,10.6,62.8));
#9653=CARTESIAN_POINT('',(-1.27000000000001,10.6,62.5));
#9654=CARTESIAN_POINT('',(-1.27,12.64,62.8));
#9655=CARTESIAN_POINT('',(1.26999999999997,1.6,62.8));
#9656=CARTESIAN_POINT('',(1.26999999999998,1.6,62.5));
#9657=CARTESIAN_POINT('',(0.943384704858418,1.60000000000001,63.13));
#9658=CARTESIAN_POINT('',(1.26999999999999,6.4,62.8));
#9659=CARTESIAN_POINT('',(1.26999999999998,6.4,62.5));
#9660=CARTESIAN_POINT('',(1.27,15.18,62.8));
#9661=CARTESIAN_POINT('',(-1.27000000000003,1.60000000000001,62.8));
#9662=CARTESIAN_POINT('',(-1.27000000000002,1.60000000000001,62.5));
#9663=CARTESIAN_POINT('',(-1.59661529514158,1.60000000000001,63.13));
#9664=CARTESIAN_POINT('',(-1.27000000000001,6.4,62.8));
#9665=CARTESIAN_POINT('',(-1.27000000000002,6.4,62.5));
#9666=CARTESIAN_POINT('',(-1.27,12.64,62.8));
#9667=CARTESIAN_POINT('',(-5.58000000000002,15.18,65.34));
#9668=CARTESIAN_POINT('',(-5.58000000000002,15.18,65.04));
#9669=CARTESIAN_POINT('',(-5.58000000000002,15.5066152951416,65.67));
#9670=CARTESIAN_POINT('',(-5.58000000000002,12.64,65.34));
#9671=CARTESIAN_POINT('',(-5.58000000000002,12.64,65.04));
#9672=CARTESIAN_POINT('',(-5.58000000000002,12.9666152951416,65.67));
#9673=CARTESIAN_POINT('',(1.26999999999998,15.18,65.64));
#9674=CARTESIAN_POINT('',(1.17974814083561,15.0897481415177,65.64));
#9675=CARTESIAN_POINT('',(1.13800622875423,15.0480132814036,65.6227128397937));
#9676=CARTESIAN_POINT('',(1.00856004956459,14.9184119199385,65.5102881609162));
#9677=CARTESIAN_POINT('',(0.970958774332566,14.880945033043,65.4324835359379));
#9678=CARTESIAN_POINT('',(0.969074597189041,14.8790124196087,65.2538445532116));
#9679=CARTESIAN_POINT('',(1.02402371081823,14.9340353556772,65.1561061771824));
#9680=CARTESIAN_POINT('',(1.0861714814333,14.9961687988168,65.1023507725272));
#9681=CARTESIAN_POINT('',(1.10022404906045,15.0102611566,65.0919813259774));
#9682=CARTESIAN_POINT('',(1.13173753104168,15.0417772104773,65.073128072179));
#9683=CARTESIAN_POINT('',(1.1573729282905,15.0673721297269,65.0617019683748));
#9684=CARTESIAN_POINT('',(1.19012301245688,15.1001265560083,65.0498995456495));
#9685=CARTESIAN_POINT('',(1.22402979873477,15.1340297987348,65.04));
#9686=CARTESIAN_POINT('',(1.27,15.18,65.04));
#9687=CARTESIAN_POINT('',(1.26999999730414,15.1800000026958,65.64));
#9688=CARTESIAN_POINT('',(1.26999999999998,15.18,65.04));
#9689=CARTESIAN_POINT('',(1.26999999999999,15.18,65.34));
#9690=CARTESIAN_POINT('',(1.26999999999998,15.18,65.34));
#9691=CARTESIAN_POINT('',(1.26999999999998,15.18,65.34));
#9692=CARTESIAN_POINT('',(1.26999999999997,15.18,65.34));
#9693=CARTESIAN_POINT('',(1.27,10.6,65.34));
#9694=CARTESIAN_POINT('',(1.26999999999999,10.6,65.04));
#9695=CARTESIAN_POINT('',(1.27,15.18,65.34));
#9696=CARTESIAN_POINT('',(-1.27000000000002,12.64,65.34));
#9697=CARTESIAN_POINT('',(-1.27000000000002,12.64,65.04));
#9698=CARTESIAN_POINT('',(-1.27000000269584,12.6400000026958,65.64));
#9699=CARTESIAN_POINT('',(-1.27000000000001,12.64,65.34));
#9700=CARTESIAN_POINT('',(-1.27000000000003,12.64,65.34));
#9701=CARTESIAN_POINT('',(-1.27000000000002,12.64,65.64));
#9702=CARTESIAN_POINT('',(-1.36025185912868,12.5497481415491,65.64));
#9703=CARTESIAN_POINT('',(-1.40199377151664,12.5080132811661,65.6227128396742));
#9704=CARTESIAN_POINT('',(-1.53143995062641,12.3784119197484,65.5102881606345));
#9705=CARTESIAN_POINT('',(-1.56904122575603,12.3409450329484,65.4324835355759));
#9706=CARTESIAN_POINT('',(-1.57092540272837,12.3390124196972,65.2538445530042));
#9707=CARTESIAN_POINT('',(-1.51597628905533,12.3940353557956,65.1561061770372));
#9708=CARTESIAN_POINT('',(-1.45382851848146,12.456168798904,65.1023507724623));
#9709=CARTESIAN_POINT('',(-1.43977595086236,12.4702611566809,65.0919813259254));
#9710=CARTESIAN_POINT('',(-1.40826246889492,12.501777210545,65.0731280721469));
#9711=CARTESIAN_POINT('',(-1.38262707162058,12.5273721298177,65.0617019683404));
#9712=CARTESIAN_POINT('',(-1.349876987559,12.5601265559887,65.0498995456598));
#9713=CARTESIAN_POINT('',(-1.31597020130284,12.5940297986972,65.04));
#9714=CARTESIAN_POINT('',(-1.27,12.64,65.04));
#9715=CARTESIAN_POINT('',(-1.27000000000002,12.64,65.34));
#9716=CARTESIAN_POINT('',(-1.27,10.6,65.34));
#9717=CARTESIAN_POINT('',(-1.27000000000001,10.6,65.04));
#9718=CARTESIAN_POINT('',(-1.27,12.64,65.34));
#9719=CARTESIAN_POINT('',(1.26999999999997,1.6,65.34));
#9720=CARTESIAN_POINT('',(1.26999999999998,1.6,65.04));
#9721=CARTESIAN_POINT('',(0.943384704858418,1.60000000000001,65.67));
#9722=CARTESIAN_POINT('',(1.26999999999999,6.4,65.34));
#9723=CARTESIAN_POINT('',(1.26999999999998,6.4,65.04));
#9724=CARTESIAN_POINT('',(1.27,15.18,65.34));
#9725=CARTESIAN_POINT('',(-1.27000000000003,1.60000000000001,65.34));
#9726=CARTESIAN_POINT('',(-1.27000000000002,1.60000000000001,65.04));
#9727=CARTESIAN_POINT('',(-1.59661529514158,1.60000000000001,65.67));
#9728=CARTESIAN_POINT('',(-1.27000000000001,6.4,65.34));
#9729=CARTESIAN_POINT('',(-1.27000000000002,6.4,65.04));
#9730=CARTESIAN_POINT('',(-1.27,12.64,65.34));
#9731=CARTESIAN_POINT('',(-5.58000000000002,15.18,67.88));
#9732=CARTESIAN_POINT('',(-5.58000000000002,15.18,67.58));
#9733=CARTESIAN_POINT('',(-5.58000000000002,15.5066152951416,68.21));
#9734=CARTESIAN_POINT('',(-5.58000000000002,12.64,67.88));
#9735=CARTESIAN_POINT('',(-5.58000000000002,12.64,67.58));
#9736=CARTESIAN_POINT('',(-5.58000000000002,12.9666152951416,68.21));
#9737=CARTESIAN_POINT('',(1.26999999999998,15.18,68.18));
#9738=CARTESIAN_POINT('',(1.17974814083561,15.0897481415177,68.18));
#9739=CARTESIAN_POINT('',(1.13800622875423,15.0480132814036,68.1627128397937));
#9740=CARTESIAN_POINT('',(1.00856004956459,14.9184119199385,68.0502881609162));
#9741=CARTESIAN_POINT('',(0.970958774332566,14.880945033043,67.9724835359379));
#9742=CARTESIAN_POINT('',(0.969074597189041,14.8790124196087,67.7938445532116));
#9743=CARTESIAN_POINT('',(1.02402371081823,14.9340353556772,67.6961061771824));
#9744=CARTESIAN_POINT('',(1.0861714814333,14.9961687988168,67.6423507725271));
#9745=CARTESIAN_POINT('',(1.10022404906045,15.0102611566,67.6319813259774));
#9746=CARTESIAN_POINT('',(1.13173753104168,15.0417772104773,67.613128072179));
#9747=CARTESIAN_POINT('',(1.1573729282905,15.0673721297269,67.6017019683748));
#9748=CARTESIAN_POINT('',(1.19012301245688,15.1001265560084,67.5898995456494));
#9749=CARTESIAN_POINT('',(1.22402979873477,15.1340297987348,67.58));
#9750=CARTESIAN_POINT('',(1.27,15.18,67.58));
#9751=CARTESIAN_POINT('',(1.26999999730414,15.1800000026958,68.18));
#9752=CARTESIAN_POINT('',(1.26999999999998,15.18,67.58));
#9753=CARTESIAN_POINT('',(1.26999999999999,15.18,67.88));
#9754=CARTESIAN_POINT('',(1.26999999999998,15.18,67.88));
#9755=CARTESIAN_POINT('',(1.26999999999998,15.18,67.88));
#9756=CARTESIAN_POINT('',(1.26999999999997,15.18,67.88));
#9757=CARTESIAN_POINT('',(1.27,10.6,67.88));
#9758=CARTESIAN_POINT('',(1.26999999999999,10.6,67.58));
#9759=CARTESIAN_POINT('',(1.27,15.18,67.88));
#9760=CARTESIAN_POINT('',(-1.27000000000002,12.64,67.88));
#9761=CARTESIAN_POINT('',(-1.27000000000002,12.64,67.58));
#9762=CARTESIAN_POINT('',(-1.27000000269584,12.6400000026958,68.18));
#9763=CARTESIAN_POINT('',(-1.27000000000001,12.64,67.88));
#9764=CARTESIAN_POINT('',(-1.27000000000003,12.64,67.88));
#9765=CARTESIAN_POINT('',(-1.27000000000002,12.64,68.18));
#9766=CARTESIAN_POINT('',(-1.36025185912868,12.5497481415491,68.18));
#9767=CARTESIAN_POINT('',(-1.40199377151664,12.5080132811661,68.1627128396742));
#9768=CARTESIAN_POINT('',(-1.53143995062641,12.3784119197484,68.0502881606345));
#9769=CARTESIAN_POINT('',(-1.56904122575603,12.3409450329484,67.9724835355759));
#9770=CARTESIAN_POINT('',(-1.57092540272837,12.3390124196972,67.7938445530042));
#9771=CARTESIAN_POINT('',(-1.51597628905533,12.3940353557956,67.6961061770372));
#9772=CARTESIAN_POINT('',(-1.45382851848146,12.456168798904,67.6423507724624));
#9773=CARTESIAN_POINT('',(-1.43977595086236,12.4702611566809,67.6319813259254));
#9774=CARTESIAN_POINT('',(-1.40826246889492,12.501777210545,67.6131280721469));
#9775=CARTESIAN_POINT('',(-1.38262707162058,12.5273721298177,67.6017019683404));
#9776=CARTESIAN_POINT('',(-1.349876987559,12.5601265559887,67.5898995456599));
#9777=CARTESIAN_POINT('',(-1.31597020130284,12.5940297986972,67.58));
#9778=CARTESIAN_POINT('',(-1.27,12.64,67.58));
#9779=CARTESIAN_POINT('',(-1.27000000000002,12.64,67.88));
#9780=CARTESIAN_POINT('',(-1.27,10.6,67.88));
#9781=CARTESIAN_POINT('',(-1.27000000000001,10.6,67.58));
#9782=CARTESIAN_POINT('',(-1.27,12.64,67.88));
#9783=CARTESIAN_POINT('',(1.26999999999997,1.6,67.88));
#9784=CARTESIAN_POINT('',(1.26999999999998,1.6,67.58));
#9785=CARTESIAN_POINT('',(0.943384704858418,1.60000000000001,68.21));
#9786=CARTESIAN_POINT('',(1.26999999999999,6.4,67.88));
#9787=CARTESIAN_POINT('',(1.26999999999998,6.4,67.58));
#9788=CARTESIAN_POINT('',(1.27,15.18,67.88));
#9789=CARTESIAN_POINT('',(-1.27000000000003,1.60000000000001,67.88));
#9790=CARTESIAN_POINT('',(-1.27000000000002,1.60000000000001,67.58));
#9791=CARTESIAN_POINT('',(-1.59661529514158,1.60000000000001,68.21));
#9792=CARTESIAN_POINT('',(-1.27000000000001,6.4,67.88));
#9793=CARTESIAN_POINT('',(-1.27000000000002,6.4,67.58));
#9794=CARTESIAN_POINT('',(-1.27,12.64,67.88));
#9795=CARTESIAN_POINT('',(-5.58000000000002,15.18,70.42));
#9796=CARTESIAN_POINT('',(-5.58000000000002,15.18,70.12));
#9797=CARTESIAN_POINT('',(-5.58000000000002,15.5066152951416,70.75));
#9798=CARTESIAN_POINT('',(-5.58000000000002,12.64,70.42));
#9799=CARTESIAN_POINT('',(-5.58000000000002,12.64,70.12));
#9800=CARTESIAN_POINT('',(-5.58000000000002,12.9666152951416,70.75));
#9801=CARTESIAN_POINT('',(1.26999999999998,15.18,70.72));
#9802=CARTESIAN_POINT('',(1.17974814083561,15.0897481415177,70.72));
#9803=CARTESIAN_POINT('',(1.13800622875423,15.0480132814036,70.7027128397937));
#9804=CARTESIAN_POINT('',(1.00856004956459,14.9184119199385,70.5902881609162));
#9805=CARTESIAN_POINT('',(0.970958774332566,14.880945033043,70.5124835359379));
#9806=CARTESIAN_POINT('',(0.969074597189041,14.8790124196087,70.3338445532116));
#9807=CARTESIAN_POINT('',(1.02402371081823,14.9340353556772,70.2361061771824));
#9808=CARTESIAN_POINT('',(1.0861714814333,14.9961687988168,70.1823507725271));
#9809=CARTESIAN_POINT('',(1.10022404906045,15.0102611566,70.1719813259774));
#9810=CARTESIAN_POINT('',(1.13173753104168,15.0417772104773,70.153128072179));
#9811=CARTESIAN_POINT('',(1.1573729282905,15.0673721297269,70.1417019683748));
#9812=CARTESIAN_POINT('',(1.19012301245688,15.1001265560083,70.1298995456494));
#9813=CARTESIAN_POINT('',(1.22402979873477,15.1340297987348,70.12));
#9814=CARTESIAN_POINT('',(1.27,15.18,70.12));
#9815=CARTESIAN_POINT('',(1.26999999730414,15.1800000026958,70.72));
#9816=CARTESIAN_POINT('',(1.26999999999998,15.18,70.12));
#9817=CARTESIAN_POINT('',(1.26999999999999,15.18,70.42));
#9818=CARTESIAN_POINT('',(1.26999999999998,15.18,70.42));
#9819=CARTESIAN_POINT('',(1.26999999999998,15.18,70.42));
#9820=CARTESIAN_POINT('',(1.26999999999997,15.18,70.42));
#9821=CARTESIAN_POINT('',(1.27,10.6,70.42));
#9822=CARTESIAN_POINT('',(1.26999999999999,10.6,70.12));
#9823=CARTESIAN_POINT('',(1.27,15.18,70.42));
#9824=CARTESIAN_POINT('',(-1.27000000000002,12.64,70.42));
#9825=CARTESIAN_POINT('',(-1.27000000000002,12.64,70.12));
#9826=CARTESIAN_POINT('',(-1.27000000269584,12.6400000026958,70.72));
#9827=CARTESIAN_POINT('',(-1.27000000000001,12.64,70.42));
#9828=CARTESIAN_POINT('',(-1.27000000000003,12.64,70.42));
#9829=CARTESIAN_POINT('',(-1.27000000000002,12.64,70.72));
#9830=CARTESIAN_POINT('',(-1.36025185912868,12.5497481415491,70.72));
#9831=CARTESIAN_POINT('',(-1.40199377151664,12.5080132811661,70.7027128396742));
#9832=CARTESIAN_POINT('',(-1.53143995062641,12.3784119197484,70.5902881606346));
#9833=CARTESIAN_POINT('',(-1.56904122575603,12.3409450329484,70.5124835355759));
#9834=CARTESIAN_POINT('',(-1.57092540272837,12.3390124196972,70.3338445530042));
#9835=CARTESIAN_POINT('',(-1.51597628905533,12.3940353557956,70.2361061770372));
#9836=CARTESIAN_POINT('',(-1.45382851848146,12.456168798904,70.1823507724623));
#9837=CARTESIAN_POINT('',(-1.43977595086236,12.4702611566809,70.1719813259254));
#9838=CARTESIAN_POINT('',(-1.40826246889492,12.501777210545,70.1531280721469));
#9839=CARTESIAN_POINT('',(-1.38262707162058,12.5273721298177,70.1417019683403));
#9840=CARTESIAN_POINT('',(-1.349876987559,12.5601265559887,70.1298995456598));
#9841=CARTESIAN_POINT('',(-1.31597020130284,12.5940297986972,70.12));
#9842=CARTESIAN_POINT('',(-1.27,12.64,70.12));
#9843=CARTESIAN_POINT('',(-1.27000000000002,12.64,70.42));
#9844=CARTESIAN_POINT('',(-1.27,10.6,70.42));
#9845=CARTESIAN_POINT('',(-1.27000000000001,10.6,70.12));
#9846=CARTESIAN_POINT('',(-1.27,12.64,70.42));
#9847=CARTESIAN_POINT('',(1.26999999999997,1.6,70.42));
#9848=CARTESIAN_POINT('',(1.26999999999998,1.6,70.12));
#9849=CARTESIAN_POINT('',(0.943384704858418,1.60000000000001,70.75));
#9850=CARTESIAN_POINT('',(1.26999999999999,6.4,70.42));
#9851=CARTESIAN_POINT('',(1.26999999999998,6.4,70.12));
#9852=CARTESIAN_POINT('',(1.27,15.18,70.42));
#9853=CARTESIAN_POINT('',(-1.27000000000003,1.60000000000001,70.42));
#9854=CARTESIAN_POINT('',(-1.27000000000002,1.60000000000001,70.12));
#9855=CARTESIAN_POINT('',(-1.59661529514158,1.60000000000001,70.75));
#9856=CARTESIAN_POINT('',(-1.27000000000001,6.4,70.42));
#9857=CARTESIAN_POINT('',(-1.27000000000002,6.4,70.12));
#9858=CARTESIAN_POINT('',(-1.27,12.64,70.42));
#9859=CARTESIAN_POINT('',(-5.58000000000002,15.18,72.96));
#9860=CARTESIAN_POINT('',(-5.58000000000002,15.18,72.66));
#9861=CARTESIAN_POINT('',(-5.58000000000002,15.5066152951416,73.29));
#9862=CARTESIAN_POINT('',(-5.58000000000002,12.64,72.96));
#9863=CARTESIAN_POINT('',(-5.58000000000002,12.64,72.66));
#9864=CARTESIAN_POINT('',(-5.58000000000002,12.9666152951416,73.29));
#9865=CARTESIAN_POINT('',(1.26999999999998,15.18,73.26));
#9866=CARTESIAN_POINT('',(1.17974814083561,15.0897481415177,73.26));
#9867=CARTESIAN_POINT('',(1.13800622875423,15.0480132814036,73.2427128397937));
#9868=CARTESIAN_POINT('',(1.00856004956459,14.9184119199385,73.1302881609162));
#9869=CARTESIAN_POINT('',(0.970958774332566,14.880945033043,73.0524835359379));
#9870=CARTESIAN_POINT('',(0.969074597189041,14.8790124196087,72.8738445532116));
#9871=CARTESIAN_POINT('',(1.02402371081823,14.9340353556772,72.7761061771823));
#9872=CARTESIAN_POINT('',(1.0861714814333,14.9961687988168,72.7223507725272));
#9873=CARTESIAN_POINT('',(1.10022404906045,15.0102611566,72.7119813259774));
#9874=CARTESIAN_POINT('',(1.13173753104168,15.0417772104773,72.693128072179));
#9875=CARTESIAN_POINT('',(1.1573729282905,15.0673721297269,72.6817019683748));
#9876=CARTESIAN_POINT('',(1.19012301245688,15.1001265560084,72.6698995456495));
#9877=CARTESIAN_POINT('',(1.22402979873477,15.1340297987348,72.66));
#9878=CARTESIAN_POINT('',(1.27,15.18,72.66));
#9879=CARTESIAN_POINT('',(1.26999999730414,15.1800000026958,73.26));
#9880=CARTESIAN_POINT('',(1.26999999999998,15.18,72.66));
#9881=CARTESIAN_POINT('',(1.26999999999999,15.18,72.96));
#9882=CARTESIAN_POINT('',(1.26999999999998,15.18,72.96));
#9883=CARTESIAN_POINT('',(1.26999999999998,15.18,72.96));
#9884=CARTESIAN_POINT('',(1.26999999999997,15.18,72.96));
#9885=CARTESIAN_POINT('',(1.27,10.6,72.96));
#9886=CARTESIAN_POINT('',(1.26999999999999,10.6,72.66));
#9887=CARTESIAN_POINT('',(1.27,15.18,72.96));
#9888=CARTESIAN_POINT('',(-1.27000000000002,12.64,72.96));
#9889=CARTESIAN_POINT('',(-1.27000000000002,12.64,72.66));
#9890=CARTESIAN_POINT('',(-1.27000000269584,12.6400000026958,73.26));
#9891=CARTESIAN_POINT('',(-1.27000000000001,12.64,72.96));
#9892=CARTESIAN_POINT('',(-1.27000000000003,12.64,72.96));
#9893=CARTESIAN_POINT('',(-1.27000000000002,12.64,73.26));
#9894=CARTESIAN_POINT('',(-1.36025185912868,12.5497481415491,73.26));
#9895=CARTESIAN_POINT('',(-1.40199377151664,12.5080132811661,73.2427128396742));
#9896=CARTESIAN_POINT('',(-1.53143995062641,12.3784119197484,73.1302881606345));
#9897=CARTESIAN_POINT('',(-1.56904122575603,12.3409450329484,73.0524835355759));
#9898=CARTESIAN_POINT('',(-1.57092540272837,12.3390124196972,72.8738445530042));
#9899=CARTESIAN_POINT('',(-1.51597628905533,12.3940353557956,72.7761061770372));
#9900=CARTESIAN_POINT('',(-1.45382851848146,12.456168798904,72.7223507724624));
#9901=CARTESIAN_POINT('',(-1.43977595086236,12.4702611566809,72.7119813259254));
#9902=CARTESIAN_POINT('',(-1.40826246889492,12.501777210545,72.6931280721469));
#9903=CARTESIAN_POINT('',(-1.38262707162058,12.5273721298177,72.6817019683404));
#9904=CARTESIAN_POINT('',(-1.349876987559,12.5601265559887,72.6698995456598));
#9905=CARTESIAN_POINT('',(-1.31597020130284,12.5940297986972,72.66));
#9906=CARTESIAN_POINT('',(-1.27,12.64,72.66));
#9907=CARTESIAN_POINT('',(-1.27000000000002,12.64,72.96));
#9908=CARTESIAN_POINT('',(-1.27,10.6,72.96));
#9909=CARTESIAN_POINT('',(-1.27000000000001,10.6,72.66));
#9910=CARTESIAN_POINT('',(-1.27,12.64,72.96));
#9911=CARTESIAN_POINT('',(1.26999999999997,1.6,72.96));
#9912=CARTESIAN_POINT('',(1.26999999999998,1.6,72.66));
#9913=CARTESIAN_POINT('',(0.943384704858418,1.60000000000001,73.29));
#9914=CARTESIAN_POINT('',(1.26999999999999,6.4,72.96));
#9915=CARTESIAN_POINT('',(1.26999999999998,6.4,72.66));
#9916=CARTESIAN_POINT('',(1.27,15.18,72.96));
#9917=CARTESIAN_POINT('',(-1.27000000000003,1.60000000000001,72.96));
#9918=CARTESIAN_POINT('',(-1.27000000000002,1.60000000000001,72.66));
#9919=CARTESIAN_POINT('',(-1.59661529514158,1.60000000000001,73.29));
#9920=CARTESIAN_POINT('',(-1.27000000000001,6.4,72.96));
#9921=CARTESIAN_POINT('',(-1.27000000000002,6.4,72.66));
#9922=CARTESIAN_POINT('',(-1.27,12.64,72.96));
#9923=CARTESIAN_POINT('',(-5.58000000000002,15.18,75.5));
#9924=CARTESIAN_POINT('',(-5.58000000000002,15.18,75.2));
#9925=CARTESIAN_POINT('',(-5.58000000000002,15.5066152951416,75.83));
#9926=CARTESIAN_POINT('',(-5.58000000000002,12.64,75.5));
#9927=CARTESIAN_POINT('',(-5.58000000000002,12.64,75.2));
#9928=CARTESIAN_POINT('',(-5.58000000000002,12.9666152951416,75.83));
#9929=CARTESIAN_POINT('',(1.26999999999998,15.18,75.8));
#9930=CARTESIAN_POINT('',(1.17974814083561,15.0897481415177,75.8000000000001));
#9931=CARTESIAN_POINT('',(1.13800622875423,15.0480132814036,75.7827128397937));
#9932=CARTESIAN_POINT('',(1.00856004956459,14.9184119199385,75.6702881609162));
#9933=CARTESIAN_POINT('',(0.970958774332566,14.880945033043,75.5924835359379));
#9934=CARTESIAN_POINT('',(0.969074597189041,14.8790124196087,75.4138445532116));
#9935=CARTESIAN_POINT('',(1.02402371081823,14.9340353556772,75.3161061771824));
#9936=CARTESIAN_POINT('',(1.0861714814333,14.9961687988168,75.2623507725272));
#9937=CARTESIAN_POINT('',(1.10022404906045,15.0102611566,75.2519813259775));
#9938=CARTESIAN_POINT('',(1.13173753104168,15.0417772104773,75.233128072179));
#9939=CARTESIAN_POINT('',(1.1573729282905,15.0673721297269,75.2217019683748));
#9940=CARTESIAN_POINT('',(1.19012301245688,15.1001265560083,75.2098995456494));
#9941=CARTESIAN_POINT('',(1.22402979873477,15.1340297987348,75.2));
#9942=CARTESIAN_POINT('',(1.27,15.18,75.2));
#9943=CARTESIAN_POINT('',(1.26999999730414,15.1800000026958,75.8));
#9944=CARTESIAN_POINT('',(1.26999999999998,15.18,75.2));
#9945=CARTESIAN_POINT('',(1.26999999999999,15.18,75.5));
#9946=CARTESIAN_POINT('',(1.26999999999998,15.18,75.5));
#9947=CARTESIAN_POINT('',(1.26999999999998,15.18,75.5));
#9948=CARTESIAN_POINT('',(1.26999999999997,15.18,75.5));
#9949=CARTESIAN_POINT('',(1.27,10.6,75.5));
#9950=CARTESIAN_POINT('',(1.26999999999999,10.6,75.2));
#9951=CARTESIAN_POINT('',(1.27,15.18,75.5));
#9952=CARTESIAN_POINT('',(-1.27000000000002,12.64,75.5));
#9953=CARTESIAN_POINT('',(-1.27000000000002,12.64,75.2));
#9954=CARTESIAN_POINT('',(-1.27000000269584,12.6400000026958,75.8));
#9955=CARTESIAN_POINT('',(-1.27000000000001,12.64,75.5));
#9956=CARTESIAN_POINT('',(-1.27000000000003,12.64,75.5));
#9957=CARTESIAN_POINT('',(-1.27000000000002,12.64,75.8));
#9958=CARTESIAN_POINT('',(-1.36025185912868,12.5497481415491,75.8));
#9959=CARTESIAN_POINT('',(-1.40199377151664,12.5080132811661,75.7827128396742));
#9960=CARTESIAN_POINT('',(-1.53143995062641,12.3784119197484,75.6702881606346));
#9961=CARTESIAN_POINT('',(-1.56904122575603,12.3409450329484,75.5924835355759));
#9962=CARTESIAN_POINT('',(-1.57092540272837,12.3390124196972,75.4138445530042));
#9963=CARTESIAN_POINT('',(-1.51597628905533,12.3940353557956,75.3161061770372));
#9964=CARTESIAN_POINT('',(-1.45382851848146,12.456168798904,75.2623507724623));
#9965=CARTESIAN_POINT('',(-1.43977595086236,12.4702611566809,75.2519813259254));
#9966=CARTESIAN_POINT('',(-1.40826246889492,12.501777210545,75.2331280721469));
#9967=CARTESIAN_POINT('',(-1.38262707162058,12.5273721298177,75.2217019683403));
#9968=CARTESIAN_POINT('',(-1.349876987559,12.5601265559887,75.2098995456599));
#9969=CARTESIAN_POINT('',(-1.31597020130284,12.5940297986972,75.2));
#9970=CARTESIAN_POINT('',(-1.27,12.64,75.2));
#9971=CARTESIAN_POINT('',(-1.27000000000002,12.64,75.5));
#9972=CARTESIAN_POINT('',(-1.27,10.6,75.5));
#9973=CARTESIAN_POINT('',(-1.27000000000001,10.6,75.2));
#9974=CARTESIAN_POINT('',(-1.27,12.64,75.5));
#9975=CARTESIAN_POINT('',(1.26999999999997,1.6,75.5));
#9976=CARTESIAN_POINT('',(1.26999999999998,1.6,75.2));
#9977=CARTESIAN_POINT('',(0.943384704858418,1.60000000000001,75.83));
#9978=CARTESIAN_POINT('',(1.26999999999999,6.4,75.5));
#9979=CARTESIAN_POINT('',(1.26999999999998,6.4,75.2));
#9980=CARTESIAN_POINT('',(1.27,15.18,75.5));
#9981=CARTESIAN_POINT('',(-1.27000000000003,1.60000000000001,75.5));
#9982=CARTESIAN_POINT('',(-1.27000000000002,1.60000000000001,75.2));
#9983=CARTESIAN_POINT('',(-1.59661529514158,1.60000000000001,75.83));
#9984=CARTESIAN_POINT('',(-1.27000000000001,6.4,75.5));
#9985=CARTESIAN_POINT('',(-1.27000000000002,6.4,75.2));
#9986=CARTESIAN_POINT('',(-1.27,12.64,75.5));
#9987=CARTESIAN_POINT('',(-5.58000000000002,15.18,78.04));
#9988=CARTESIAN_POINT('',(-5.58000000000002,15.18,77.74));
#9989=CARTESIAN_POINT('',(-5.58000000000002,15.5066152951416,78.37));
#9990=CARTESIAN_POINT('',(-5.58000000000002,12.64,78.04));
#9991=CARTESIAN_POINT('',(-5.58000000000002,12.64,77.74));
#9992=CARTESIAN_POINT('',(-5.58000000000002,12.9666152951416,78.37));
#9993=CARTESIAN_POINT('',(1.26999999999998,15.18,78.34));
#9994=CARTESIAN_POINT('',(1.17974814083561,15.0897481415177,78.34));
#9995=CARTESIAN_POINT('',(1.13800622875423,15.0480132814036,78.3227128397937));
#9996=CARTESIAN_POINT('',(1.00856004956459,14.9184119199385,78.2102881609162));
#9997=CARTESIAN_POINT('',(0.970958774332566,14.880945033043,78.1324835359379));
#9998=CARTESIAN_POINT('',(0.969074597189041,14.8790124196087,77.9538445532116));
#9999=CARTESIAN_POINT('',(1.02402371081823,14.9340353556772,77.8561061771823));
#10000=CARTESIAN_POINT('',(1.0861714814333,14.9961687988168,77.8023507725271));
#10001=CARTESIAN_POINT('',(1.10022404906045,15.0102611566,77.7919813259774));
#10002=CARTESIAN_POINT('',(1.13173753104168,15.0417772104773,77.773128072179));
#10003=CARTESIAN_POINT('',(1.1573729282905,15.0673721297269,77.7617019683747));
#10004=CARTESIAN_POINT('',(1.19012301245688,15.1001265560084,77.7498995456495));
#10005=CARTESIAN_POINT('',(1.22402979873477,15.1340297987348,77.74));
#10006=CARTESIAN_POINT('',(1.27,15.18,77.74));
#10007=CARTESIAN_POINT('',(1.26999999730414,15.1800000026958,78.34));
#10008=CARTESIAN_POINT('',(1.26999999999998,15.18,77.74));
#10009=CARTESIAN_POINT('',(1.26999999999999,15.18,78.04));
#10010=CARTESIAN_POINT('',(1.26999999999998,15.18,78.04));
#10011=CARTESIAN_POINT('',(1.26999999999998,15.18,78.04));
#10012=CARTESIAN_POINT('',(1.26999999999997,15.18,78.04));
#10013=CARTESIAN_POINT('',(1.27,10.6,78.04));
#10014=CARTESIAN_POINT('',(1.26999999999999,10.6,77.74));
#10015=CARTESIAN_POINT('',(1.27,15.18,78.04));
#10016=CARTESIAN_POINT('',(-1.27000000000002,12.64,78.04));
#10017=CARTESIAN_POINT('',(-1.27000000000002,12.64,77.74));
#10018=CARTESIAN_POINT('',(-1.27000000269584,12.6400000026958,78.34));
#10019=CARTESIAN_POINT('',(-1.27000000000001,12.64,78.04));
#10020=CARTESIAN_POINT('',(-1.27000000000003,12.64,78.04));
#10021=CARTESIAN_POINT('',(-1.27000000000002,12.64,78.34));
#10022=CARTESIAN_POINT('',(-1.36025185912868,12.5497481415491,78.34));
#10023=CARTESIAN_POINT('',(-1.40199377151664,12.5080132811661,78.3227128396742));
#10024=CARTESIAN_POINT('',(-1.53143995062641,12.3784119197484,78.2102881606345));
#10025=CARTESIAN_POINT('',(-1.56904122575603,12.3409450329484,78.1324835355759));
#10026=CARTESIAN_POINT('',(-1.57092540272837,12.3390124196972,77.9538445530042));
#10027=CARTESIAN_POINT('',(-1.51597628905533,12.3940353557956,77.8561061770372));
#10028=CARTESIAN_POINT('',(-1.45382851848146,12.456168798904,77.8023507724624));
#10029=CARTESIAN_POINT('',(-1.43977595086236,12.4702611566809,77.7919813259254));
#10030=CARTESIAN_POINT('',(-1.40826246889492,12.501777210545,77.7731280721469));
#10031=CARTESIAN_POINT('',(-1.38262707162058,12.5273721298177,77.7617019683404));
#10032=CARTESIAN_POINT('',(-1.349876987559,12.5601265559887,77.7498995456599));
#10033=CARTESIAN_POINT('',(-1.31597020130284,12.5940297986972,77.74));
#10034=CARTESIAN_POINT('',(-1.27,12.64,77.74));
#10035=CARTESIAN_POINT('',(-1.27000000000002,12.64,78.04));
#10036=CARTESIAN_POINT('',(-1.27,10.6,78.04));
#10037=CARTESIAN_POINT('',(-1.27000000000001,10.6,77.74));
#10038=CARTESIAN_POINT('',(-1.27,12.64,78.04));
#10039=CARTESIAN_POINT('',(1.26999999999997,1.6,78.04));
#10040=CARTESIAN_POINT('',(1.26999999999998,1.6,77.74));
#10041=CARTESIAN_POINT('',(0.943384704858418,1.60000000000001,78.37));
#10042=CARTESIAN_POINT('',(1.26999999999999,6.4,78.04));
#10043=CARTESIAN_POINT('',(1.26999999999998,6.4,77.74));
#10044=CARTESIAN_POINT('',(1.27,15.18,78.04));
#10045=CARTESIAN_POINT('',(-1.27000000000003,1.60000000000001,78.04));
#10046=CARTESIAN_POINT('',(-1.27000000000002,1.60000000000001,77.74));
#10047=CARTESIAN_POINT('',(-1.59661529514158,1.60000000000001,78.37));
#10048=CARTESIAN_POINT('',(-1.27000000000001,6.4,78.04));
#10049=CARTESIAN_POINT('',(-1.27000000000002,6.4,77.74));
#10050=CARTESIAN_POINT('',(-1.27,12.64,78.04));
#10051=CARTESIAN_POINT('',(-5.58000000000002,15.18,80.58));
#10052=CARTESIAN_POINT('',(-5.58000000000002,15.18,80.28));
#10053=CARTESIAN_POINT('',(-5.58000000000002,15.5066152951416,80.91));
#10054=CARTESIAN_POINT('',(-5.58000000000002,12.64,80.58));
#10055=CARTESIAN_POINT('',(-5.58000000000002,12.64,80.28));
#10056=CARTESIAN_POINT('',(-5.58000000000002,12.9666152951416,80.91));
#10057=CARTESIAN_POINT('',(1.26999999999998,15.18,80.88));
#10058=CARTESIAN_POINT('',(1.17974814083561,15.0897481415177,80.88));
#10059=CARTESIAN_POINT('',(1.13800622875423,15.0480132814036,80.8627128397937));
#10060=CARTESIAN_POINT('',(1.00856004956459,14.9184119199385,80.7502881609162));
#10061=CARTESIAN_POINT('',(0.970958774332566,14.880945033043,80.6724835359379));
#10062=CARTESIAN_POINT('',(0.969074597189041,14.8790124196087,80.4938445532116));
#10063=CARTESIAN_POINT('',(1.02402371081823,14.9340353556772,80.3961061771824));
#10064=CARTESIAN_POINT('',(1.0861714814333,14.9961687988168,80.3423507725272));
#10065=CARTESIAN_POINT('',(1.10022404906045,15.0102611566,80.3319813259775));
#10066=CARTESIAN_POINT('',(1.13173753104168,15.0417772104773,80.3131280721791));
#10067=CARTESIAN_POINT('',(1.1573729282905,15.0673721297269,80.3017019683748));
#10068=CARTESIAN_POINT('',(1.19012301245688,15.1001265560083,80.2898995456494));
#10069=CARTESIAN_POINT('',(1.22402979873477,15.1340297987348,80.28));
#10070=CARTESIAN_POINT('',(1.27,15.18,80.28));
#10071=CARTESIAN_POINT('',(1.26999999730414,15.1800000026958,80.88));
#10072=CARTESIAN_POINT('',(1.26999999999998,15.18,80.28));
#10073=CARTESIAN_POINT('',(1.26999999999999,15.18,80.58));
#10074=CARTESIAN_POINT('',(1.26999999999998,15.18,80.58));
#10075=CARTESIAN_POINT('',(1.26999999999998,15.18,80.58));
#10076=CARTESIAN_POINT('',(1.26999999999997,15.18,80.58));
#10077=CARTESIAN_POINT('',(1.27,10.6,80.58));
#10078=CARTESIAN_POINT('',(1.26999999999999,10.6,80.28));
#10079=CARTESIAN_POINT('',(1.27,15.18,80.58));
#10080=CARTESIAN_POINT('',(-1.27000000000002,12.64,80.58));
#10081=CARTESIAN_POINT('',(-1.27000000000002,12.64,80.28));
#10082=CARTESIAN_POINT('',(-1.27000000269584,12.6400000026958,80.88));
#10083=CARTESIAN_POINT('',(-1.27000000000001,12.64,80.58));
#10084=CARTESIAN_POINT('',(-1.27000000000003,12.64,80.58));
#10085=CARTESIAN_POINT('',(-1.27000000000002,12.64,80.88));
#10086=CARTESIAN_POINT('',(-1.36025185912868,12.5497481415491,80.88));
#10087=CARTESIAN_POINT('',(-1.40199377151664,12.5080132811661,80.8627128396742));
#10088=CARTESIAN_POINT('',(-1.53143995062641,12.3784119197484,80.7502881606346));
#10089=CARTESIAN_POINT('',(-1.56904122575603,12.3409450329484,80.6724835355759));
#10090=CARTESIAN_POINT('',(-1.57092540272837,12.3390124196972,80.4938445530042));
#10091=CARTESIAN_POINT('',(-1.51597628905533,12.3940353557956,80.3961061770372));
#10092=CARTESIAN_POINT('',(-1.45382851848146,12.456168798904,80.3423507724623));
#10093=CARTESIAN_POINT('',(-1.43977595086236,12.4702611566809,80.3319813259254));
#10094=CARTESIAN_POINT('',(-1.40826246889492,12.501777210545,80.313128072147));
#10095=CARTESIAN_POINT('',(-1.38262707162058,12.5273721298177,80.3017019683404));
#10096=CARTESIAN_POINT('',(-1.349876987559,12.5601265559887,80.2898995456599));
#10097=CARTESIAN_POINT('',(-1.31597020130284,12.5940297986972,80.28));
#10098=CARTESIAN_POINT('',(-1.27,12.64,80.28));
#10099=CARTESIAN_POINT('',(-1.27000000000002,12.64,80.58));
#10100=CARTESIAN_POINT('',(-1.27,10.6,80.58));
#10101=CARTESIAN_POINT('',(-1.27000000000001,10.6,80.28));
#10102=CARTESIAN_POINT('',(-1.27,12.64,80.58));
#10103=CARTESIAN_POINT('',(1.26999999999997,1.6,80.58));
#10104=CARTESIAN_POINT('',(1.26999999999998,1.6,80.28));
#10105=CARTESIAN_POINT('',(0.943384704858418,1.60000000000001,80.91));
#10106=CARTESIAN_POINT('',(1.26999999999999,6.4,80.58));
#10107=CARTESIAN_POINT('',(1.26999999999998,6.4,80.28));
#10108=CARTESIAN_POINT('',(1.27,15.18,80.58));
#10109=CARTESIAN_POINT('',(-1.27000000000003,1.60000000000001,80.58));
#10110=CARTESIAN_POINT('',(-1.27000000000002,1.60000000000001,80.28));
#10111=CARTESIAN_POINT('',(-1.59661529514158,1.60000000000001,80.91));
#10112=CARTESIAN_POINT('',(-1.27000000000001,6.4,80.58));
#10113=CARTESIAN_POINT('',(-1.27000000000002,6.4,80.28));
#10114=CARTESIAN_POINT('',(-1.27,12.64,80.58));
#10115=CARTESIAN_POINT('',(-5.58000000000002,15.18,83.12));
#10116=CARTESIAN_POINT('',(-5.58000000000002,15.18,82.82));
#10117=CARTESIAN_POINT('',(-5.58000000000002,15.5066152951416,83.45));
#10118=CARTESIAN_POINT('',(1.26999999999998,15.18,83.42));
#10119=CARTESIAN_POINT('',(1.17974814083561,15.0897481415177,83.42));
#10120=CARTESIAN_POINT('',(1.13800622875423,15.0480132814036,83.4027128397937));
#10121=CARTESIAN_POINT('',(1.00856004956459,14.9184119199385,83.2902881609162));
#10122=CARTESIAN_POINT('',(0.970958774332566,14.880945033043,83.2124835359379));
#10123=CARTESIAN_POINT('',(0.969074597189041,14.8790124196087,83.0338445532116));
#10124=CARTESIAN_POINT('',(1.02402371081823,14.9340353556772,82.9361061771824));
#10125=CARTESIAN_POINT('',(1.0861714814333,14.9961687988168,82.8823507725271));
#10126=CARTESIAN_POINT('',(1.10022404906045,15.0102611566,82.8719813259774));
#10127=CARTESIAN_POINT('',(1.13173753104168,15.0417772104773,82.853128072179));
#10128=CARTESIAN_POINT('',(1.1573729282905,15.0673721297269,82.8417019683748));
#10129=CARTESIAN_POINT('',(1.19012301245688,15.1001265560084,82.8298995456495));
#10130=CARTESIAN_POINT('',(1.22402979873477,15.1340297987348,82.82));
#10131=CARTESIAN_POINT('',(1.27,15.18,82.82));
#10132=CARTESIAN_POINT('',(1.26999999730414,15.1800000026958,83.42));
#10133=CARTESIAN_POINT('',(1.26999999999998,15.18,82.82));
#10134=CARTESIAN_POINT('',(1.26999999999999,15.18,83.12));
#10135=CARTESIAN_POINT('',(1.26999999999998,15.18,83.12));
#10136=CARTESIAN_POINT('',(-5.58000000000002,12.64,4.38000000000002));
#10137=CARTESIAN_POINT('',(-5.58000000000002,12.64,4.08000000000001));
#10138=CARTESIAN_POINT('',(-5.58000000000002,12.9666152951416,4.71));
#10139=CARTESIAN_POINT('',(-1.27000000000002,12.64,4.68000000000001));
#10140=CARTESIAN_POINT('',(-1.3602518591812,12.5497481414968,4.68000000000001));
#10141=CARTESIAN_POINT('',(-1.40199377150268,12.5080132811796,4.66271283968631));
#10142=CARTESIAN_POINT('',(-1.53143995064034,12.378411919735,4.55028816062244));
#10143=CARTESIAN_POINT('',(-1.56904122575601,12.3409450329486,4.47248353557772));
#10144=CARTESIAN_POINT('',(-1.5709254027284,12.3390124196971,4.2938445530024));
#10145=CARTESIAN_POINT('',(-1.51597628903386,12.3940353558227,4.1961061770186));
#10146=CARTESIAN_POINT('',(-1.45382851848685,12.4561687988972,4.14235077246701));
#10147=CARTESIAN_POINT('',(-1.43977595087118,12.4702611566707,4.13198132593145));
#10148=CARTESIAN_POINT('',(-1.40826246890441,12.5017772105348,4.11312807215184));
#10149=CARTESIAN_POINT('',(-1.38262707162134,12.5273721298169,4.10170196834063));
#10150=CARTESIAN_POINT('',(-1.34987698755749,12.5601265559903,4.08989954565933));
#10151=CARTESIAN_POINT('',(-1.31597020130123,12.5940297986988,4.08000000000001));
#10152=CARTESIAN_POINT('',(-1.27,12.64,4.08000000000001));
#10153=CARTESIAN_POINT('',(-1.27000000269584,12.6400000026958,4.68));
#10154=CARTESIAN_POINT('',(-1.27000000000002,12.64,4.08));
#10155=CARTESIAN_POINT('',(-1.27000000000001,12.64,4.38));
#10156=CARTESIAN_POINT('',(-1.27000000000002,12.64,4.38000000000001));
#10157=CARTESIAN_POINT('',(-1.27000000000001,12.64,4.37999999999999));
#10158=CARTESIAN_POINT('',(-1.27000000000001,12.64,4.38));
#10159=CARTESIAN_POINT('',(-1.27000000000002,10.6,4.38000000000001));
#10160=CARTESIAN_POINT('',(-1.27000000000001,10.6,4.08000000000001));
#10161=CARTESIAN_POINT('',(-1.27000000000001,12.64,4.38000000000001));
#10162=CARTESIAN_POINT('',(-5.58000000000002,15.18,4.38000000000001));
#10163=CARTESIAN_POINT('',(-5.58000000000002,15.18,4.08000000000001));
#10164=CARTESIAN_POINT('',(-5.58000000000002,15.5066152951416,4.71));
#10165=CARTESIAN_POINT('',(1.26999999999998,15.18,4.68000000000002));
#10166=CARTESIAN_POINT('',(1.17974814083395,15.089748141516,4.68000000000001));
#10167=CARTESIAN_POINT('',(1.13800622875089,15.048013281401,4.66271283979077));
#10168=CARTESIAN_POINT('',(1.00856004956796,14.9184119199411,4.55028816091912));
#10169=CARTESIAN_POINT('',(0.970958774332163,14.8809450330428,4.47248353589906));
#10170=CARTESIAN_POINT('',(0.96907459718944,14.8790124196089,4.29384455325047));
#10171=CARTESIAN_POINT('',(1.02402371081334,14.9340353556664,4.19610617718659));
#10172=CARTESIAN_POINT('',(1.08617148143451,14.9961687988195,4.14235077252609));
#10173=CARTESIAN_POINT('',(1.10022404906244,15.0102611566041,4.13198132597608));
#10174=CARTESIAN_POINT('',(1.13173753104383,15.0417772104814,4.11312807217791));
#10175=CARTESIAN_POINT('',(1.15737292830142,15.0673721297385,4.10170196837083));
#10176=CARTESIAN_POINT('',(1.19012301243504,15.1001265559851,4.08989954565731));
#10177=CARTESIAN_POINT('',(1.22402979871155,15.1340297987116,4.08000000000002));
#10178=CARTESIAN_POINT('',(1.27,15.18,4.08000000000002));
#10179=CARTESIAN_POINT('',(1.26999999730414,15.1800000026958,4.67999999999999));
#10180=CARTESIAN_POINT('',(1.26999999999999,15.18,4.08));
#10181=CARTESIAN_POINT('',(1.26999999999999,15.18,4.38));
#10182=CARTESIAN_POINT('',(1.26999999999998,15.18,4.38000000000001));
#10183=CARTESIAN_POINT('',(1.26999999999999,15.18,4.37999999999999));
#10184=CARTESIAN_POINT('',(1.26999999999999,15.18,4.38));
#10185=CARTESIAN_POINT('',(1.26999999999998,10.6,4.38000000000001));
#10186=CARTESIAN_POINT('',(1.26999999999999,10.6,4.08000000000001));
#10187=CARTESIAN_POINT('',(1.26999999999999,15.18,4.38000000000002));
#10188=CARTESIAN_POINT('',(-5.58000000000002,12.64,83.12));
#10189=CARTESIAN_POINT('',(-5.58000000000002,12.64,82.82));
#10190=CARTESIAN_POINT('',(-5.58000000000002,12.9666152951416,83.45));
#10191=CARTESIAN_POINT('',(-1.27000000000002,12.64,83.42));
#10192=CARTESIAN_POINT('',(-1.36025185912868,12.5497481415491,83.42));
#10193=CARTESIAN_POINT('',(-1.40199377151664,12.5080132811661,83.4027128396742));
#10194=CARTESIAN_POINT('',(-1.53143995062641,12.3784119197484,83.2902881606346));
#10195=CARTESIAN_POINT('',(-1.56904122575603,12.3409450329484,83.2124835355759));
#10196=CARTESIAN_POINT('',(-1.57092540272837,12.3390124196972,83.0338445530042));
#10197=CARTESIAN_POINT('',(-1.51597628905533,12.3940353557956,82.9361061770372));
#10198=CARTESIAN_POINT('',(-1.45382851848146,12.456168798904,82.8823507724624));
#10199=CARTESIAN_POINT('',(-1.43977595086236,12.4702611566809,82.8719813259254));
#10200=CARTESIAN_POINT('',(-1.40826246889492,12.501777210545,82.853128072147));
#10201=CARTESIAN_POINT('',(-1.38262707162058,12.5273721298177,82.8417019683404));
#10202=CARTESIAN_POINT('',(-1.349876987559,12.5601265559887,82.8298995456599));
#10203=CARTESIAN_POINT('',(-1.31597020130284,12.5940297986972,82.82));
#10204=CARTESIAN_POINT('',(-1.27,12.64,82.82));
#10205=CARTESIAN_POINT('',(-1.27000000269584,12.6400000026958,83.42));
#10206=CARTESIAN_POINT('',(-1.27000000000002,12.64,82.82));
#10207=CARTESIAN_POINT('',(-1.27000000000001,12.64,83.12));
#10208=CARTESIAN_POINT('',(-1.27000000000002,12.64,83.12));
#10209=CARTESIAN_POINT('',(-1.27000000000002,12.64,83.12));
#10210=CARTESIAN_POINT('',(-1.27000000000003,12.64,83.12));
#10211=CARTESIAN_POINT('',(-1.27,10.6,83.12));
#10212=CARTESIAN_POINT('',(-1.27000000000001,10.6,82.82));
#10213=CARTESIAN_POINT('',(-1.27,12.64,83.12));
#10214=CARTESIAN_POINT('',(-2.58,10.1,88.2));
#10215=CARTESIAN_POINT('',(-2.58,10.1,89.45));
#10216=CARTESIAN_POINT('',(3.42,10.1,88.2));
#10217=CARTESIAN_POINT('',(3.42,10.1,89.45));
#10218=CARTESIAN_POINT('',(-2.58,10.1,88.2));
#10219=CARTESIAN_POINT('',(-2.58,10.1,-0.699999999999995));
#10220=CARTESIAN_POINT('',(-2.58,10.1,0.550000000000002));
#10221=CARTESIAN_POINT('',(3.42,10.1,-0.699999999999999));
#10222=CARTESIAN_POINT('',(3.42,10.1,0.550000000000002));
#10223=CARTESIAN_POINT('',(-2.58,10.1,-0.700000000000001));
#10224=CARTESIAN_POINT('',(3.42,13.,-3.25));
#10225=CARTESIAN_POINT('',(3.42,13.,-3.25));
#10226=CARTESIAN_POINT('',(3.42,13.,2.3));
#10227=CARTESIAN_POINT('',(3.42,13.,-3.25));
#10228=CARTESIAN_POINT('',(-2.58,13.,-3.25));
#10229=CARTESIAN_POINT('',(-2.58,13.,2.3));
#10230=CARTESIAN_POINT('',(-2.58,13.,2.3));
#10231=CARTESIAN_POINT('',(3.42,13.,2.3));
#10232=CARTESIAN_POINT('',(3.42,13.,2.3));
#10233=CARTESIAN_POINT('',(-1.27000000000002,1.60000000000001,4.37999999999999));
#10234=CARTESIAN_POINT('',(-1.27000000000002,1.60000000000001,4.08));
#10235=CARTESIAN_POINT('',(-1.59661529514158,1.60000000000001,4.71));
#10236=CARTESIAN_POINT('',(-1.27000000000002,6.4,4.38000000000001));
#10237=CARTESIAN_POINT('',(-1.27000000000002,6.4,4.08000000000001));
#10238=CARTESIAN_POINT('',(-1.27000000000001,12.64,4.38000000000001));
#10239=CARTESIAN_POINT('',(1.26999999999998,1.6,4.37999999999999));
#10240=CARTESIAN_POINT('',(1.26999999999998,1.6,4.08));
#10241=CARTESIAN_POINT('',(0.943384704858418,1.60000000000001,4.71));
#10242=CARTESIAN_POINT('',(1.26999999999997,6.4,4.38));
#10243=CARTESIAN_POINT('',(1.26999999999998,6.4,4.08));
#10244=CARTESIAN_POINT('',(1.26999999999999,15.18,4.38000000000002));
#10245=CARTESIAN_POINT('',(-1.27000000000003,1.60000000000001,83.12));
#10246=CARTESIAN_POINT('',(-1.27000000000002,1.60000000000001,82.82));
#10247=CARTESIAN_POINT('',(-1.59661529514158,1.60000000000001,83.45));
#10248=CARTESIAN_POINT('',(-1.27000000000001,6.4,83.12));
#10249=CARTESIAN_POINT('',(-1.27000000000002,6.4,82.82));
#10250=CARTESIAN_POINT('',(-1.27,12.64,83.12));
#10251=CARTESIAN_POINT('',(1.26999999999997,1.6,83.12));
#10252=CARTESIAN_POINT('',(1.26999999999998,1.6,82.82));
#10253=CARTESIAN_POINT('',(0.943384704858418,1.60000000000001,83.45));
#10254=CARTESIAN_POINT('',(1.26999999999999,6.4,83.12));
#10255=CARTESIAN_POINT('',(1.26999999999998,6.4,82.82));
#10256=CARTESIAN_POINT('',(1.27,15.18,83.12));
#10257=CARTESIAN_POINT('',(3.09999999999999,5.9,2.09999999999997));
#10258=CARTESIAN_POINT('',(3.09999999999999,5.9,2.09999999999997));
#10259=CARTESIAN_POINT('',(2.59999999999999,6.4,2.59999999999998));
#10260=CARTESIAN_POINT('',(3.09999999999999,5.9,2.09999999999997));
#10261=CARTESIAN_POINT('',(3.09999999999999,5.9,85.4));
#10262=CARTESIAN_POINT('',(3.09999999999999,5.9,85.4));
#10263=CARTESIAN_POINT('',(2.59999999999999,6.4,84.9));
#10264=CARTESIAN_POINT('',(2.59999999999999,6.4,84.9));
#10265=CARTESIAN_POINT('',(3.09999999999999,5.9,2.09999999999997));
#10266=CARTESIAN_POINT('',(0.700000000012446,5.9,85.4));
#10267=CARTESIAN_POINT('',(0.700000000012446,5.9,85.4));
#10268=CARTESIAN_POINT('',(0.700000000012446,0.65,85.4));
#10269=CARTESIAN_POINT('',(3.09999999999999,5.9,85.4));
#10270=CARTESIAN_POINT('',(3.09999999999999,0.65,85.4));
#10271=CARTESIAN_POINT('',(3.09999999999999,0.65,85.4));
#10272=CARTESIAN_POINT('',(0.700000000012446,0.65,85.4));
#10273=CARTESIAN_POINT('',(3.33999999999874,6.4,85.4));
#10274=CARTESIAN_POINT('',(3.09999999999999,5.9,2.09999999999997));
#10275=CARTESIAN_POINT('',(3.09999999999999,0.65,2.09999999999997));
#10276=CARTESIAN_POINT('',(3.09999999999999,0.65,85.4));
#10277=CARTESIAN_POINT('',(3.09999999999999,6.4,-2.27325000000003));
#10278=CARTESIAN_POINT('',(0.700000000012449,5.9,2.09999999999999));
#10279=CARTESIAN_POINT('',(0.700000000012449,5.9,2.09999999999999));
#10280=CARTESIAN_POINT('',(0.700000000012449,5.9,2.09999999999999));
#10281=CARTESIAN_POINT('',(0.700000000012449,0.65,2.09999999999999));
#10282=CARTESIAN_POINT('',(3.09999999999999,0.65,2.09999999999997));
#10283=CARTESIAN_POINT('',(0.460000000013695,6.4,2.09999999999999));
#10284=CARTESIAN_POINT('',(0.70000000001245,5.9,1.15));
#10285=CARTESIAN_POINT('',(0.700000000012449,5.9,1.15));
#10286=CARTESIAN_POINT('',(0.700000000012449,5.9,1.15));
#10287=CARTESIAN_POINT('',(0.70000000001245,0.65,1.15));
#10288=CARTESIAN_POINT('',(0.700000000012449,0.65,2.09999999999999));
#10289=CARTESIAN_POINT('',(0.700000000012449,6.4,1.055));
#10290=CARTESIAN_POINT('',(0.700000000012446,5.9,86.35));
#10291=CARTESIAN_POINT('',(0.700000000012446,5.9,86.35));
#10292=CARTESIAN_POINT('',(0.200000000012445,6.4,85.85));
#10293=CARTESIAN_POINT('',(0.700000000012446,5.9,86.35));
#10294=CARTESIAN_POINT('',(-3.10000000000002,5.9,86.35));
#10295=CARTESIAN_POINT('',(-3.10000000000002,5.9,86.35));
#10296=CARTESIAN_POINT('',(-2.60000000000002,6.4,85.85));
#10297=CARTESIAN_POINT('',(-2.60000000000002,6.4,85.85));
#10298=CARTESIAN_POINT('',(0.700000000012446,5.9,86.35));
#10299=CARTESIAN_POINT('',(-3.10000000000002,5.9,86.35));
#10300=CARTESIAN_POINT('',(-3.10000000000001,5.9,1.15000000000001));
#10301=CARTESIAN_POINT('',(-3.10000000000001,5.9,1.15));
#10302=CARTESIAN_POINT('',(-2.60000000000001,6.4,1.65));
#10303=CARTESIAN_POINT('',(-2.60000000000001,6.4,1.65));
#10304=CARTESIAN_POINT('',(-3.10000000000002,5.9,86.35));
#10305=CARTESIAN_POINT('',(-3.10000000000001,5.9,1.15));
#10306=CARTESIAN_POINT('',(0.700000000012449,5.9,1.15));
#10307=CARTESIAN_POINT('',(0.200000000012449,6.4,1.65));
#10308=CARTESIAN_POINT('',(0.200000000012449,6.4,1.65));
#10309=CARTESIAN_POINT('',(-3.10000000000001,5.9,1.15));
#10310=CARTESIAN_POINT('',(0.200000000012449,6.4,2.59999999999999));
#10311=CARTESIAN_POINT('',(0.200000000012449,6.4,2.59999999999999));
#10312=CARTESIAN_POINT('',(0.200000000012449,6.4,2.59999999999999));
#10313=CARTESIAN_POINT('',(0.70000000001245,5.9,1.15));
#10314=CARTESIAN_POINT('',(2.59999999999999,6.4,2.59999999999998));
#10315=CARTESIAN_POINT('',(0.200000000012446,5.9,2.09999999999999));
#10316=CARTESIAN_POINT('',(0.200000000012446,6.4,84.9));
#10317=CARTESIAN_POINT('',(0.200000000012446,6.4,84.9));
#10318=CARTESIAN_POINT('',(0.200000000012445,6.4,85.85));
#10319=CARTESIAN_POINT('',(-3.41000000000001,6.4,-3.11));
#10320=CARTESIAN_POINT('',(0.700000000012452,5.9,85.4));
#10321=CARTESIAN_POINT('',(3.09999999999999,5.9,85.4));
#10322=CARTESIAN_POINT('',(0.700000000012446,5.9,85.4));
#10323=CARTESIAN_POINT('',(0.700000000012446,5.9,84.9));
#10324=CARTESIAN_POINT('',(0.700000000012446,5.9,86.35));
#10325=CARTESIAN_POINT('',(0.700000000012446,0.65,86.35));
#10326=CARTESIAN_POINT('',(0.700000000012446,0.65,86.35));
#10327=CARTESIAN_POINT('',(0.700000000012446,6.4,85.305));
#10328=CARTESIAN_POINT('',(1.35000000001245,0.,87.));
#10329=CARTESIAN_POINT('',(1.35000000001245,0.,87.));
#10330=CARTESIAN_POINT('',(0.700000000012446,0.65,85.4));
#10331=CARTESIAN_POINT('',(1.35000000001245,0.,86.05));
#10332=CARTESIAN_POINT('',(1.35000000001245,0.,87.));
#10333=CARTESIAN_POINT('',(0.700000000012446,0.65,87.));
#10334=CARTESIAN_POINT('',(3.74999999999999,0.,86.05));
#10335=CARTESIAN_POINT('',(3.74999999999999,0.,86.05));
#10336=CARTESIAN_POINT('',(1.35000000001245,0.,86.05));
#10337=CARTESIAN_POINT('',(0.700000000012446,0.65,85.4));
#10338=CARTESIAN_POINT('',(3.09999999999999,0.65,2.09999999999997));
#10339=CARTESIAN_POINT('',(3.74999999999999,0.,1.44999999999997));
#10340=CARTESIAN_POINT('',(3.74999999999999,0.,86.05));
#10341=CARTESIAN_POINT('',(3.09999999999999,0.65,86.05));
#10342=CARTESIAN_POINT('',(0.700000000012449,0.65,2.09999999999999));
#10343=CARTESIAN_POINT('',(1.35000000001245,0.,1.44999999999998));
#10344=CARTESIAN_POINT('',(3.74999999999999,0.,1.44999999999997));
#10345=CARTESIAN_POINT('',(3.74999999999999,0.65,2.09999999999997));
#10346=CARTESIAN_POINT('',(0.700000000012449,0.65,1.15));
#10347=CARTESIAN_POINT('',(1.35000000001245,0.,0.499999999999998));
#10348=CARTESIAN_POINT('',(1.35000000001245,0.,1.44999999999998));
#10349=CARTESIAN_POINT('',(0.700000000012449,0.65,2.09999999999999));
#10350=CARTESIAN_POINT('',(-3.10000000000001,0.65,1.15));
#10351=CARTESIAN_POINT('',(-3.10000000000001,0.65,1.15));
#10352=CARTESIAN_POINT('',(-3.75000000000001,0.,0.499999999999998));
#10353=CARTESIAN_POINT('',(1.35000000001245,0.,0.499999999999998));
#10354=CARTESIAN_POINT('',(0.700000000012449,0.65,1.15));
#10355=CARTESIAN_POINT('',(1.35000000001245,0.65,1.15));
#10356=CARTESIAN_POINT('',(-3.10000000000001,5.9,1.15));
#10357=CARTESIAN_POINT('',(-3.48000000000125,6.4,1.15));
#10358=CARTESIAN_POINT('',(-3.10000000000002,5.9,86.35));
#10359=CARTESIAN_POINT('',(-3.10000000000002,0.65,86.35));
#10360=CARTESIAN_POINT('',(-3.10000000000001,0.65,1.15));
#10361=CARTESIAN_POINT('',(-3.10000000000002,6.4,90.823));
#10362=CARTESIAN_POINT('',(-3.10000000000002,0.65,86.35));
#10363=CARTESIAN_POINT('',(1.08000000001369,6.4,86.35));
#10364=CARTESIAN_POINT('',(-3.10000000000002,0.65,86.35));
#10365=CARTESIAN_POINT('',(-3.75000000000002,0.,87.));
#10366=CARTESIAN_POINT('',(-3.75000000000002,0.,87.));
#10367=CARTESIAN_POINT('',(-3.75000000000002,0.65,86.35));
#10368=CARTESIAN_POINT('',(-3.75000000000001,0.,0.499999999999998));
#10369=CARTESIAN_POINT('',(-3.10000000000001,0.65,0.499999999999998));
#10370=CARTESIAN_POINT('',(-4.25000000000002,0.,0.));
#10371=CARTESIAN_POINT('',(-4.25000000000002,0.,0.));
#10372=CARTESIAN_POINT('',(4.24999999999998,0.,0.));
#10373=CARTESIAN_POINT('',(4.24999999999998,0.,0.));
#10374=CARTESIAN_POINT('',(4.24999999999998,0.,87.5));
#10375=CARTESIAN_POINT('',(4.24999999999998,0.,87.5));
#10376=CARTESIAN_POINT('',(-4.25000000000002,0.,87.5));
#10377=CARTESIAN_POINT('',(-4.25000000000002,0.,0.));
#10378=CARTESIAN_POINT('',(-4.25000000000002,0.,0.));
#10379=CARTESIAN_POINT('',(4.24999999999998,7.55192378864668,87.5));
#10380=CARTESIAN_POINT('',(4.24999999999998,7.55192378864669,87.5));
#10381=CARTESIAN_POINT('',(3.42,7.55192378864669,87.5));
#10382=CARTESIAN_POINT('',(4.24999999999998,8.79322686740439,85.35));
#10383=CARTESIAN_POINT('',(4.24999999999998,8.79322686740439,85.35));
#10384=CARTESIAN_POINT('',(3.42,8.79322686740439,85.35));
#10385=CARTESIAN_POINT('',(3.42,8.79322686740439,85.35));
#10386=CARTESIAN_POINT('',(3.42,7.55192378864668,87.5));
#10387=CARTESIAN_POINT('',(1.503,7.55192378864668,87.5));
#10388=CARTESIAN_POINT('',(4.24999999999998,10.6,85.35));
#10389=CARTESIAN_POINT('',(4.24999999999998,10.6,85.35));
#10390=CARTESIAN_POINT('',(3.42,10.6,85.35));
#10391=CARTESIAN_POINT('',(3.42,10.6,85.35));
#10392=CARTESIAN_POINT('',(3.42,8.79322686740439,85.35));
#10393=CARTESIAN_POINT('',(1.503,8.79322686740439,85.35));
#10394=CARTESIAN_POINT('',(4.24999999999998,7.55192378864668,0.));
#10395=CARTESIAN_POINT('',(4.24999999999998,7.55192378864668,0.));
#10396=CARTESIAN_POINT('',(4.24999999999998,8.79322686740438,2.15));
#10397=CARTESIAN_POINT('',(4.24999999999998,8.79322686740438,2.15));
#10398=CARTESIAN_POINT('',(4.24999999999998,10.6,2.15));
#10399=CARTESIAN_POINT('',(4.24999999999998,10.6,85.35));
#10400=CARTESIAN_POINT('',(4.24999999999998,7.55192378864669,87.5));
#10401=CARTESIAN_POINT('',(4.24999999999998,0.,0.));
#10402=CARTESIAN_POINT('',(4.24999999999998,0.,0.));
#10403=CARTESIAN_POINT('',(4.24999999999998,10.6,2.15));
#10404=CARTESIAN_POINT('',(3.42,10.6,2.15));
#10405=CARTESIAN_POINT('',(3.42,8.79322686740438,2.15));
#10406=CARTESIAN_POINT('',(3.42,8.79322686740438,2.15));
#10407=CARTESIAN_POINT('',(3.42,10.6,2.15));
#10408=CARTESIAN_POINT('',(1.503,10.6,2.15));
#10409=CARTESIAN_POINT('',(3.42,7.55192378864668,0.));
#10410=CARTESIAN_POINT('',(3.42,7.55192378864668,0.));
#10411=CARTESIAN_POINT('',(3.42,8.79322686740438,2.15));
#10412=CARTESIAN_POINT('',(1.50299999999999,8.79322686740438,2.15));
#10413=CARTESIAN_POINT('',(-4.2500000000069,4.94999999982899,0.));
#10414=CARTESIAN_POINT('',(-4.2500000000069,4.94999999982899,0.));
#10415=CARTESIAN_POINT('',(3.42,4.95,6.93889390390723E-15));
#10416=CARTESIAN_POINT('',(3.42,4.95,0.));
#10417=CARTESIAN_POINT('',(-4.25000000000002,4.94999999982899,0.));
#10418=CARTESIAN_POINT('',(-4.67500000000002,7.90973140978202,0.));
#10419=CARTESIAN_POINT('',(3.42,4.95,6.93889390390723E-15));
#10420=CARTESIAN_POINT('',(3.42,4.95,-3.25));
#10421=CARTESIAN_POINT('',(3.42,4.95,-3.25));
#10422=CARTESIAN_POINT('',(3.42,10.6,2.3));
#10423=CARTESIAN_POINT('',(3.42,10.6,2.3));
#10424=CARTESIAN_POINT('',(3.42,10.6,2.15));
#10425=CARTESIAN_POINT('',(3.42,13.4025,-3.5275));
#10426=CARTESIAN_POINT('',(3.42,10.6,2.3));
#10427=CARTESIAN_POINT('',(-2.58,10.6,2.3));
#10428=CARTESIAN_POINT('',(-2.58,10.6,2.3));
#10429=CARTESIAN_POINT('',(3.42,10.4229829407783,2.3));
#10430=CARTESIAN_POINT('',(-2.58000000001093,7.04999999982597,-3.25000000000403));
#10431=CARTESIAN_POINT('',(-2.58,7.04999999982597,-3.25000000000201));
#10432=CARTESIAN_POINT('',(-2.58,7.0500000000062,90.749999999996));
#10433=CARTESIAN_POINT('',(-2.58,7.0500000000062,90.75));
#10434=CARTESIAN_POINT('',(-2.58,13.,90.75));
#10435=CARTESIAN_POINT('',(-2.58,13.,90.75));
#10436=CARTESIAN_POINT('',(-2.58,13.,85.2));
#10437=CARTESIAN_POINT('',(-2.58,13.,85.2));
#10438=CARTESIAN_POINT('',(-2.58,10.6,85.2));
#10439=CARTESIAN_POINT('',(-2.58,10.6,2.3));
#10440=CARTESIAN_POINT('',(-2.58,13.,-3.25));
#10441=CARTESIAN_POINT('',(-2.58,13.5025,-3.6275));
#10442=CARTESIAN_POINT('',(-2.58,10.6,85.2));
#10443=CARTESIAN_POINT('',(3.42,10.6,85.2));
#10444=CARTESIAN_POINT('',(-2.58,13.,85.2));
#10445=CARTESIAN_POINT('',(3.42,13.,85.2));
#10446=CARTESIAN_POINT('',(3.42,13.,85.2));
#10447=CARTESIAN_POINT('',(3.42,13.,85.2));
#10448=CARTESIAN_POINT('',(3.42,13.,85.2));
#10449=CARTESIAN_POINT('',(3.42,13.,90.75));
#10450=CARTESIAN_POINT('',(3.42,13.,90.75));
#10451=CARTESIAN_POINT('',(3.42,13.,90.75));
#10452=CARTESIAN_POINT('',(-4.2500000000069,4.95000000000301,90.75));
#10453=CARTESIAN_POINT('',(-4.2500000000069,4.95000000000301,90.75));
#10454=CARTESIAN_POINT('',(-4.25000000001093,7.050000000003,90.749999999996));
#10455=CARTESIAN_POINT('',(3.42,4.94999999999998,90.75));
#10456=CARTESIAN_POINT('',(3.42,4.94999999999998,90.75));
#10457=CARTESIAN_POINT('',(3.42,13.,90.75));
#10458=CARTESIAN_POINT('',(-4.25000000001093,7.050000000003,90.749999999996));
#10459=CARTESIAN_POINT('',(3.52,4.84999999999998,90.7500000000004));
#10460=CARTESIAN_POINT('',(-4.25000000001093,7.04999999982276,-3.25000000000403));
#10461=CARTESIAN_POINT('',(-4.25000000001093,7.04999999982276,-3.25000000000403));
#10462=CARTESIAN_POINT('',(-2.58000000001093,7.04999999982597,-3.25000000000403));
#10463=CARTESIAN_POINT('',(-2.48,7.04999999987403,-3.35000000000403));
#10464=CARTESIAN_POINT('',(-4.25000000001093,7.04999999982276,-3.25000000000403));
#10465=CARTESIAN_POINT('',(-4.2500000000069,4.94999999982276,-3.25));
#10466=CARTESIAN_POINT('',(3.42,4.95,-3.25));
#10467=CARTESIAN_POINT('',(3.52,13.1,-3.2499999999996));
#10468=CARTESIAN_POINT('',(-4.2500000000069,4.94999999982276,-3.25));
#10469=CARTESIAN_POINT('',(3.52,4.95000000003253,-3.35));
#10470=CARTESIAN_POINT('',(-4.25000000000002,0.,87.5));
#10471=CARTESIAN_POINT('',(-4.2500000000069,4.94999999999678,87.5));
#10472=CARTESIAN_POINT('',(-4.2500000000069,4.94999999999678,87.5));
#10473=CARTESIAN_POINT('',(-4.25000000000861,7.25500000000332,-3.51250000000423));
#10474=CARTESIAN_POINT('',(3.42,4.94999999999998,87.5));
#10475=CARTESIAN_POINT('',(3.42,4.94999999999998,87.5));
#10476=CARTESIAN_POINT('',(3.42,4.94999999999998,90.75));
#10477=CARTESIAN_POINT('',(3.52,4.94999999999836,87.4));
#10478=CARTESIAN_POINT('',(3.42,7.55192378864669,87.5));
#10479=CARTESIAN_POINT('',(-4.67500000000002,-0.53,87.5));
#10480=CARTESIAN_POINT('',(3.42,10.6,85.2));
#10481=CARTESIAN_POINT('',(3.42,13.4025,84.9225));
#10482=CARTESIAN_POINT('',(1.27,10.6,83.12));
#10483=CARTESIAN_POINT('',(1.26999999999999,10.6,82.82));
#10484=CARTESIAN_POINT('',(4.24999999999998,10.6,0.));
#10485=CARTESIAN_POINT('',(1.26999999999998,15.18,83.12));
#10486=CARTESIAN_POINT('',(1.27,15.18,83.12));
#10487=CARTESIAN_POINT('',(1.26999999999997,15.18,83.12));
#10488=MECHANICAL_DESIGN_GEOMETRIC_PRESENTATION_REPRESENTATION('',(#73,
#23,#24,#25,#26,#27,#28,#29,#30,#31,#32,#33,#34,#35,#36,#37,#38,#39,#40,
#41,#42,#43,#44,#45,#46,#47,#48,#49,#50,#51,#52,#53,#54,#55,#56,#57,#58,
#59,#60,#61,#62,#63,#64,#65,#66,#67,#68,#69,#70,#71),#10489);
#10489=(
GEOMETRIC_REPRESENTATION_CONTEXT(3)
GLOBAL_UNCERTAINTY_ASSIGNED_CONTEXT((#10490))
GLOBAL_UNIT_ASSIGNED_CONTEXT((#10496,#10492,#10491))
REPRESENTATION_CONTEXT('100072265ugm000_b','TOP_LEVEL_ASSEMBLY_PART')
);
#10490=UNCERTAINTY_MEASURE_WITH_UNIT(LENGTH_MEASURE(0.02),#10496,
'DISTANCE_ACCURACY_VALUE','Maximum Tolerance applied to model');
#10491=(
NAMED_UNIT(*)
SI_UNIT($,.STERADIAN.)
SOLID_ANGLE_UNIT()
);
#10492=(
CONVERSION_BASED_UNIT('DEGREE',#10494)
NAMED_UNIT(#10493)
PLANE_ANGLE_UNIT()
);
#10493=DIMENSIONAL_EXPONENTS(0.,0.,0.,0.,0.,0.,0.);
#10494=PLANE_ANGLE_MEASURE_WITH_UNIT(PLANE_ANGLE_MEASURE(0.0174532925),
#10495);
#10495=(
NAMED_UNIT(*)
PLANE_ANGLE_UNIT()
SI_UNIT($,.RADIAN.)
);
#10496=(
LENGTH_UNIT()
NAMED_UNIT(*)
SI_UNIT(.MILLI.,.METRE.)
);
ENDSEC;
END-ISO-10303-21;
