ISO-10303-21;
HEADER;
FILE_DESCRIPTION(('STEP AP242'),'1');
FILE_NAME('417910833.stp','2026-05-20T19:12:51',('TraceParts'),('TraceParts S.A.S.'),'Spatial InterOp 3D',' ',' ');
FILE_SCHEMA(('AP242_MANAGED_MODEL_BASED_3D_ENGINEERING_MIM_LF  {1 0 10303 442 1 1 4}'));
ENDSEC;
DATA;
#1=MECHANICAL_DESIGN_GEOMETRIC_PRESENTATION_REPRESENTATION(' ',(#10,#11,#12,#13,#14,#15,#16,#17,#18,#19,#20,#21,#22,#23,#24,#25,#26,#27,#28,#29,#30,#31,#32,#33,#34,#35,#36,#37,#38,#39,#40,#41,#42,#43,#44,#45,#46,#47,#48,#49,#50,#51,#52,#53,#54,#55,#56,#57,#58,#59,#60,#61,#62,#63,#64,#65,#66,#67,#68,#69,#70,#71,#72,#73,#74,#75,#76,#77,#78,#79,#80,#81,#82,#83,#84,#85,#86,#87,#88,#89,#90,#91,#92,#93,#94,#95,#96,#97,#98,#99,#100,#101,#102,#103,#104,#105,#106,#107,#108,#109,#110,#111,#112,#113,#114,#115,#116,#117,#118,#119,#120,#121,#122,#123,#124),#6);
#2=PRODUCT_DEFINITION_CONTEXT('',#125,'design');
#3=APPLICATION_PROTOCOL_DEFINITION('INTERNATIONAL STANDARD','ap242_managed_model_based_3d_engineering',2014,#125);
#4=PRODUCT_CATEGORY_RELATIONSHIP('NONE','NONE',#126,#127);
#5=SHAPE_DEFINITION_REPRESENTATION(#128,#129);
#6= (GEOMETRIC_REPRESENTATION_CONTEXT(3)GLOBAL_UNCERTAINTY_ASSIGNED_CONTEXT((#132))GLOBAL_UNIT_ASSIGNED_CONTEXT((#134,#135,#136))REPRESENTATION_CONTEXT('NONE','WORKSPACE'));
#10=STYLED_ITEM('',(#138),#139);
#11=STYLED_ITEM('',(#140),#141);
#12=STYLED_ITEM('',(#142),#143);
#13=STYLED_ITEM('',(#144),#145);
#14=STYLED_ITEM('',(#146),#147);
#15=STYLED_ITEM('',(#148),#149);
#16=STYLED_ITEM('',(#150),#151);
#17=STYLED_ITEM('',(#152),#153);
#18=STYLED_ITEM('',(#154),#155);
#19=STYLED_ITEM('',(#156),#157);
#20=STYLED_ITEM('',(#158),#159);
#21=STYLED_ITEM('',(#160),#161);
#22=STYLED_ITEM('',(#162),#163);
#23=STYLED_ITEM('',(#164),#165);
#24=STYLED_ITEM('',(#166),#167);
#25=STYLED_ITEM('',(#168),#169);
#26=STYLED_ITEM('',(#170),#171);
#27=STYLED_ITEM('',(#172),#173);
#28=STYLED_ITEM('',(#174),#175);
#29=STYLED_ITEM('',(#176),#177);
#30=STYLED_ITEM('',(#178),#179);
#31=STYLED_ITEM('',(#180),#181);
#32=STYLED_ITEM('',(#182),#183);
#33=STYLED_ITEM('',(#184),#185);
#34=STYLED_ITEM('',(#186),#187);
#35=STYLED_ITEM('',(#188),#189);
#36=STYLED_ITEM('',(#190),#191);
#37=STYLED_ITEM('',(#192),#193);
#38=STYLED_ITEM('',(#194),#195);
#39=STYLED_ITEM('',(#196),#197);
#40=STYLED_ITEM('',(#198),#199);
#41=STYLED_ITEM('',(#200),#201);
#42=STYLED_ITEM('',(#202),#203);
#43=STYLED_ITEM('',(#204),#205);
#44=STYLED_ITEM('',(#206),#207);
#45=STYLED_ITEM('',(#208),#209);
#46=STYLED_ITEM('',(#210),#211);
#47=STYLED_ITEM('',(#212),#213);
#48=STYLED_ITEM('',(#214),#215);
#49=STYLED_ITEM('',(#216),#217);
#50=STYLED_ITEM('',(#218),#219);
#51=STYLED_ITEM('',(#220),#221);
#52=STYLED_ITEM('',(#222),#223);
#53=STYLED_ITEM('',(#224),#225);
#54=STYLED_ITEM('',(#226),#227);
#55=STYLED_ITEM('',(#228),#229);
#56=STYLED_ITEM('',(#230),#231);
#57=STYLED_ITEM('',(#232),#233);
#58=STYLED_ITEM('',(#234),#235);
#59=STYLED_ITEM('',(#236),#237);
#60=STYLED_ITEM('',(#238),#239);
#61=STYLED_ITEM('',(#240),#241);
#62=STYLED_ITEM('',(#242),#243);
#63=STYLED_ITEM('',(#244),#245);
#64=STYLED_ITEM('',(#246),#247);
#65=STYLED_ITEM('',(#248),#249);
#66=STYLED_ITEM('',(#250),#251);
#67=STYLED_ITEM('',(#252),#253);
#68=STYLED_ITEM('',(#254),#255);
#69=STYLED_ITEM('',(#256),#257);
#70=STYLED_ITEM('',(#258),#259);
#71=STYLED_ITEM('',(#260),#261);
#72=STYLED_ITEM('',(#262),#263);
#73=STYLED_ITEM('',(#264),#265);
#74=STYLED_ITEM('',(#266),#267);
#75=STYLED_ITEM('',(#268),#269);
#76=STYLED_ITEM('',(#270),#271);
#77=STYLED_ITEM('',(#272),#273);
#78=STYLED_ITEM('',(#274),#275);
#79=STYLED_ITEM('',(#276),#277);
#80=STYLED_ITEM('',(#278),#279);
#81=STYLED_ITEM('',(#280),#281);
#82=STYLED_ITEM('',(#282),#283);
#83=STYLED_ITEM('',(#284),#285);
#84=STYLED_ITEM('',(#286),#287);
#85=STYLED_ITEM('',(#288),#289);
#86=STYLED_ITEM('',(#290),#291);
#87=STYLED_ITEM('',(#292),#293);
#88=STYLED_ITEM('',(#294),#295);
#89=STYLED_ITEM('',(#296),#297);
#90=STYLED_ITEM('',(#298),#299);
#91=STYLED_ITEM('',(#300),#301);
#92=STYLED_ITEM('',(#302),#303);
#93=STYLED_ITEM('',(#304),#305);
#94=STYLED_ITEM('',(#306),#307);
#95=STYLED_ITEM('',(#308),#309);
#96=STYLED_ITEM('',(#310),#311);
#97=STYLED_ITEM('',(#312),#313);
#98=STYLED_ITEM('',(#314),#315);
#99=STYLED_ITEM('',(#316),#317);
#100=STYLED_ITEM('',(#318),#319);
#101=STYLED_ITEM('',(#320),#321);
#102=STYLED_ITEM('',(#322),#323);
#103=STYLED_ITEM('',(#324),#325);
#104=STYLED_ITEM('',(#326),#327);
#105=STYLED_ITEM('',(#328),#329);
#106=STYLED_ITEM('',(#330),#331);
#107=STYLED_ITEM('',(#332),#333);
#108=STYLED_ITEM('',(#334),#335);
#109=STYLED_ITEM('',(#336),#337);
#110=STYLED_ITEM('',(#338),#339);
#111=STYLED_ITEM('',(#340),#341);
#112=STYLED_ITEM('',(#342),#343);
#113=STYLED_ITEM('',(#344),#345);
#114=STYLED_ITEM('',(#346),#347);
#115=STYLED_ITEM('',(#348),#349);
#116=STYLED_ITEM('',(#350),#351);
#117=STYLED_ITEM('',(#352),#353);
#118=STYLED_ITEM('',(#354),#355);
#119=STYLED_ITEM('',(#356),#357);
#120=STYLED_ITEM('',(#358),#359);
#121=STYLED_ITEM('',(#360),#361);
#122=STYLED_ITEM('',(#362),#363);
#123=STYLED_ITEM('',(#364),#365);
#124=STYLED_ITEM('',(#366),#367);
#125=APPLICATION_CONTEXT('managed model based 3d engineering');
#126=PRODUCT_CATEGORY('part','NONE');
#127=PRODUCT_RELATED_PRODUCT_CATEGORY('detail',' ',(#368));
#128=PRODUCT_DEFINITION_SHAPE('NONE','NONE',#369);
#129=ADVANCED_BREP_SHAPE_REPRESENTATION('1',(#370,#371),#6);
#132=UNCERTAINTY_MEASURE_WITH_UNIT(LENGTH_MEASURE(1.0E-06),#134,'','');
#134= (CONVERSION_BASED_UNIT('MILLIMETRE',#374)LENGTH_UNIT()NAMED_UNIT(#377));
#135= (NAMED_UNIT(#379)PLANE_ANGLE_UNIT()SI_UNIT($,.RADIAN.));
#136= (NAMED_UNIT(#379)SOLID_ANGLE_UNIT()SI_UNIT($,.STERADIAN.));
#138=PRESENTATION_STYLE_ASSIGNMENT((#385));
#139=ADVANCED_FACE('',(#386),#387,.F.);
#140=PRESENTATION_STYLE_ASSIGNMENT((#388));
#141=ADVANCED_FACE('',(#389),#390,.F.);
#142=PRESENTATION_STYLE_ASSIGNMENT((#391));
#143=ADVANCED_FACE('',(#392),#393,.T.);
#144=PRESENTATION_STYLE_ASSIGNMENT((#394));
#145=ADVANCED_FACE('',(#395),#396,.T.);
#146=PRESENTATION_STYLE_ASSIGNMENT((#397));
#147=ADVANCED_FACE('',(#398),#399,.T.);
#148=PRESENTATION_STYLE_ASSIGNMENT((#400));
#149=ADVANCED_FACE('',(#401),#402,.T.);
#150=PRESENTATION_STYLE_ASSIGNMENT((#403));
#151=ADVANCED_FACE('',(#404),#405,.T.);
#152=PRESENTATION_STYLE_ASSIGNMENT((#406));
#153=ADVANCED_FACE('',(#407),#408,.F.);
#154=PRESENTATION_STYLE_ASSIGNMENT((#409));
#155=ADVANCED_FACE('',(#410),#411,.T.);
#156=PRESENTATION_STYLE_ASSIGNMENT((#412));
#157=ADVANCED_FACE('',(#413),#414,.F.);
#158=PRESENTATION_STYLE_ASSIGNMENT((#415));
#159=ADVANCED_FACE('',(#416),#417,.F.);
#160=PRESENTATION_STYLE_ASSIGNMENT((#418));
#161=ADVANCED_FACE('',(#419),#420,.T.);
#162=PRESENTATION_STYLE_ASSIGNMENT((#421));
#163=ADVANCED_FACE('',(#422),#423,.T.);
#164=PRESENTATION_STYLE_ASSIGNMENT((#424));
#165=ADVANCED_FACE('',(#425),#426,.T.);
#166=PRESENTATION_STYLE_ASSIGNMENT((#427));
#167=ADVANCED_FACE('',(#428),#429,.T.);
#168=PRESENTATION_STYLE_ASSIGNMENT((#430));
#169=ADVANCED_FACE('',(#431),#432,.T.);
#170=PRESENTATION_STYLE_ASSIGNMENT((#433));
#171=ADVANCED_FACE('',(#434),#435,.F.);
#172=PRESENTATION_STYLE_ASSIGNMENT((#436));
#173=ADVANCED_FACE('',(#437),#438,.T.);
#174=PRESENTATION_STYLE_ASSIGNMENT((#439));
#175=ADVANCED_FACE('',(#440),#441,.F.);
#176=PRESENTATION_STYLE_ASSIGNMENT((#442));
#177=ADVANCED_FACE('',(#443),#444,.F.);
#178=PRESENTATION_STYLE_ASSIGNMENT((#445));
#179=ADVANCED_FACE('',(#446),#447,.T.);
#180=PRESENTATION_STYLE_ASSIGNMENT((#448));
#181=ADVANCED_FACE('',(#449),#450,.T.);
#182=PRESENTATION_STYLE_ASSIGNMENT((#451));
#183=ADVANCED_FACE('',(#452),#453,.T.);
#184=PRESENTATION_STYLE_ASSIGNMENT((#454));
#185=ADVANCED_FACE('',(#455),#456,.T.);
#186=PRESENTATION_STYLE_ASSIGNMENT((#457));
#187=ADVANCED_FACE('',(#458),#459,.T.);
#188=PRESENTATION_STYLE_ASSIGNMENT((#460));
#189=ADVANCED_FACE('',(#461),#462,.F.);
#190=PRESENTATION_STYLE_ASSIGNMENT((#463));
#191=ADVANCED_FACE('',(#464),#465,.T.);
#192=PRESENTATION_STYLE_ASSIGNMENT((#466));
#193=ADVANCED_FACE('',(#467),#468,.T.);
#194=PRESENTATION_STYLE_ASSIGNMENT((#469));
#195=ADVANCED_FACE('',(#470),#471,.F.);
#196=PRESENTATION_STYLE_ASSIGNMENT((#472));
#197=ADVANCED_FACE('',(#473),#474,.T.);
#198=PRESENTATION_STYLE_ASSIGNMENT((#475));
#199=ADVANCED_FACE('',(#476),#477,.T.);
#200=PRESENTATION_STYLE_ASSIGNMENT((#478));
#201=ADVANCED_FACE('',(#479),#480,.T.);
#202=PRESENTATION_STYLE_ASSIGNMENT((#481));
#203=ADVANCED_FACE('',(#482),#483,.T.);
#204=PRESENTATION_STYLE_ASSIGNMENT((#484));
#205=ADVANCED_FACE('',(#485),#486,.T.);
#206=PRESENTATION_STYLE_ASSIGNMENT((#487));
#207=ADVANCED_FACE('',(#488),#489,.T.);
#208=PRESENTATION_STYLE_ASSIGNMENT((#490));
#209=ADVANCED_FACE('',(#491),#492,.T.);
#210=PRESENTATION_STYLE_ASSIGNMENT((#493));
#211=ADVANCED_FACE('',(#494),#495,.T.);
#212=PRESENTATION_STYLE_ASSIGNMENT((#496));
#213=ADVANCED_FACE('',(#497),#498,.F.);
#214=PRESENTATION_STYLE_ASSIGNMENT((#499));
#215=ADVANCED_FACE('',(#500),#501,.T.);
#216=PRESENTATION_STYLE_ASSIGNMENT((#502));
#217=ADVANCED_FACE('',(#503),#504,.T.);
#218=PRESENTATION_STYLE_ASSIGNMENT((#505));
#219=ADVANCED_FACE('',(#506),#507,.T.);
#220=PRESENTATION_STYLE_ASSIGNMENT((#508));
#221=ADVANCED_FACE('',(#509),#510,.T.);
#222=PRESENTATION_STYLE_ASSIGNMENT((#511));
#223=ADVANCED_FACE('',(#512),#513,.T.);
#224=PRESENTATION_STYLE_ASSIGNMENT((#514));
#225=ADVANCED_FACE('',(#515),#516,.T.);
#226=PRESENTATION_STYLE_ASSIGNMENT((#517));
#227=ADVANCED_FACE('',(#518),#519,.T.);
#228=PRESENTATION_STYLE_ASSIGNMENT((#520));
#229=ADVANCED_FACE('',(#521),#522,.T.);
#230=PRESENTATION_STYLE_ASSIGNMENT((#523));
#231=ADVANCED_FACE('',(#524),#525,.F.);
#232=PRESENTATION_STYLE_ASSIGNMENT((#526));
#233=ADVANCED_FACE('',(#527),#528,.T.);
#234=PRESENTATION_STYLE_ASSIGNMENT((#529));
#235=ADVANCED_FACE('',(#530),#531,.T.);
#236=PRESENTATION_STYLE_ASSIGNMENT((#532));
#237=ADVANCED_FACE('',(#533),#534,.T.);
#238=PRESENTATION_STYLE_ASSIGNMENT((#535));
#239=ADVANCED_FACE('',(#536),#537,.T.);
#240=PRESENTATION_STYLE_ASSIGNMENT((#538));
#241=ADVANCED_FACE('',(#539),#540,.T.);
#242=PRESENTATION_STYLE_ASSIGNMENT((#541));
#243=ADVANCED_FACE('',(#542),#543,.T.);
#244=PRESENTATION_STYLE_ASSIGNMENT((#544));
#245=ADVANCED_FACE('',(#545),#546,.T.);
#246=PRESENTATION_STYLE_ASSIGNMENT((#547));
#247=ADVANCED_FACE('',(#548),#549,.F.);
#248=PRESENTATION_STYLE_ASSIGNMENT((#550));
#249=ADVANCED_FACE('',(#551),#552,.F.);
#250=PRESENTATION_STYLE_ASSIGNMENT((#553));
#251=ADVANCED_FACE('',(#554),#555,.F.);
#252=PRESENTATION_STYLE_ASSIGNMENT((#556));
#253=ADVANCED_FACE('',(#557),#558,.F.);
#254=PRESENTATION_STYLE_ASSIGNMENT((#559));
#255=ADVANCED_FACE('',(#560),#561,.F.);
#256=PRESENTATION_STYLE_ASSIGNMENT((#562));
#257=ADVANCED_FACE('',(#563),#564,.F.);
#258=PRESENTATION_STYLE_ASSIGNMENT((#565));
#259=ADVANCED_FACE('',(#566),#567,.F.);
#260=PRESENTATION_STYLE_ASSIGNMENT((#568));
#261=ADVANCED_FACE('',(#569),#570,.F.);
#262=PRESENTATION_STYLE_ASSIGNMENT((#571));
#263=ADVANCED_FACE('',(#572),#573,.F.);
#264=PRESENTATION_STYLE_ASSIGNMENT((#574));
#265=ADVANCED_FACE('',(#575),#576,.F.);
#266=PRESENTATION_STYLE_ASSIGNMENT((#577));
#267=ADVANCED_FACE('',(#578),#579,.F.);
#268=PRESENTATION_STYLE_ASSIGNMENT((#580));
#269=ADVANCED_FACE('',(#581),#582,.F.);
#270=PRESENTATION_STYLE_ASSIGNMENT((#583));
#271=ADVANCED_FACE('',(#584),#585,.F.);
#272=PRESENTATION_STYLE_ASSIGNMENT((#586));
#273=ADVANCED_FACE('',(#587),#588,.T.);
#274=PRESENTATION_STYLE_ASSIGNMENT((#589));
#275=ADVANCED_FACE('',(#590),#591,.F.);
#276=PRESENTATION_STYLE_ASSIGNMENT((#592));
#277=ADVANCED_FACE('',(#593),#594,.T.);
#278=PRESENTATION_STYLE_ASSIGNMENT((#595));
#279=ADVANCED_FACE('',(#596),#597,.T.);
#280=PRESENTATION_STYLE_ASSIGNMENT((#598));
#281=ADVANCED_FACE('',(#599,#600,#601,#602),#603,.T.);
#282=PRESENTATION_STYLE_ASSIGNMENT((#604));
#283=ADVANCED_FACE('',(#605),#606,.T.);
#284=PRESENTATION_STYLE_ASSIGNMENT((#607));
#285=ADVANCED_FACE('',(#608),#609,.T.);
#286=PRESENTATION_STYLE_ASSIGNMENT((#610));
#287=ADVANCED_FACE('',(#611),#612,.T.);
#288=PRESENTATION_STYLE_ASSIGNMENT((#613));
#289=ADVANCED_FACE('',(#614),#615,.F.);
#290=PRESENTATION_STYLE_ASSIGNMENT((#616));
#291=ADVANCED_FACE('',(#617),#618,.T.);
#292=PRESENTATION_STYLE_ASSIGNMENT((#619));
#293=ADVANCED_FACE('',(#620),#621,.T.);
#294=PRESENTATION_STYLE_ASSIGNMENT((#622));
#295=ADVANCED_FACE('',(#623),#624,.F.);
#296=PRESENTATION_STYLE_ASSIGNMENT((#625));
#297=ADVANCED_FACE('',(#626),#627,.T.);
#298=PRESENTATION_STYLE_ASSIGNMENT((#628));
#299=ADVANCED_FACE('',(#629),#630,.T.);
#300=PRESENTATION_STYLE_ASSIGNMENT((#631));
#301=ADVANCED_FACE('',(#632),#633,.T.);
#302=PRESENTATION_STYLE_ASSIGNMENT((#634));
#303=ADVANCED_FACE('',(#635),#636,.T.);
#304=PRESENTATION_STYLE_ASSIGNMENT((#637));
#305=ADVANCED_FACE('',(#638),#639,.T.);
#306=PRESENTATION_STYLE_ASSIGNMENT((#640));
#307=ADVANCED_FACE('',(#641),#642,.T.);
#308=PRESENTATION_STYLE_ASSIGNMENT((#643));
#309=ADVANCED_FACE('',(#644),#645,.T.);
#310=PRESENTATION_STYLE_ASSIGNMENT((#646));
#311=ADVANCED_FACE('',(#647),#648,.T.);
#312=PRESENTATION_STYLE_ASSIGNMENT((#649));
#313=ADVANCED_FACE('',(#650),#651,.T.);
#314=PRESENTATION_STYLE_ASSIGNMENT((#652));
#315=ADVANCED_FACE('',(#653),#654,.T.);
#316=PRESENTATION_STYLE_ASSIGNMENT((#655));
#317=ADVANCED_FACE('',(#656),#657,.T.);
#318=PRESENTATION_STYLE_ASSIGNMENT((#658));
#319=ADVANCED_FACE('',(#659),#660,.T.);
#320=PRESENTATION_STYLE_ASSIGNMENT((#661));
#321=ADVANCED_FACE('',(#662),#663,.T.);
#322=PRESENTATION_STYLE_ASSIGNMENT((#664));
#323=ADVANCED_FACE('',(#665),#666,.T.);
#324=PRESENTATION_STYLE_ASSIGNMENT((#667));
#325=ADVANCED_FACE('',(#668),#669,.T.);
#326=PRESENTATION_STYLE_ASSIGNMENT((#670));
#327=ADVANCED_FACE('',(#671),#672,.T.);
#328=PRESENTATION_STYLE_ASSIGNMENT((#673));
#329=ADVANCED_FACE('',(#674),#675,.T.);
#330=PRESENTATION_STYLE_ASSIGNMENT((#676));
#331=ADVANCED_FACE('',(#677),#678,.T.);
#332=PRESENTATION_STYLE_ASSIGNMENT((#679));
#333=ADVANCED_FACE('',(#680),#681,.T.);
#334=PRESENTATION_STYLE_ASSIGNMENT((#682));
#335=ADVANCED_FACE('',(#683),#684,.T.);
#336=PRESENTATION_STYLE_ASSIGNMENT((#685));
#337=ADVANCED_FACE('',(#686),#687,.T.);
#338=PRESENTATION_STYLE_ASSIGNMENT((#688));
#339=ADVANCED_FACE('',(#689),#690,.T.);
#340=PRESENTATION_STYLE_ASSIGNMENT((#691));
#341=ADVANCED_FACE('',(#692),#693,.T.);
#342=PRESENTATION_STYLE_ASSIGNMENT((#694));
#343=ADVANCED_FACE('',(#695),#696,.T.);
#344=PRESENTATION_STYLE_ASSIGNMENT((#697));
#345=ADVANCED_FACE('',(#698),#699,.T.);
#346=PRESENTATION_STYLE_ASSIGNMENT((#700));
#347=ADVANCED_FACE('',(#701),#702,.T.);
#348=PRESENTATION_STYLE_ASSIGNMENT((#703));
#349=ADVANCED_FACE('',(#704),#705,.F.);
#350=PRESENTATION_STYLE_ASSIGNMENT((#706));
#351=ADVANCED_FACE('',(#707),#708,.T.);
#352=PRESENTATION_STYLE_ASSIGNMENT((#709));
#353=ADVANCED_FACE('',(#710),#711,.F.);
#354=PRESENTATION_STYLE_ASSIGNMENT((#712));
#355=ADVANCED_FACE('',(#713),#714,.T.);
#356=PRESENTATION_STYLE_ASSIGNMENT((#715));
#357=ADVANCED_FACE('',(#716,#717,#718,#719,#720),#721,.T.);
#358=PRESENTATION_STYLE_ASSIGNMENT((#722));
#359=ADVANCED_FACE('',(#723),#724,.T.);
#360=PRESENTATION_STYLE_ASSIGNMENT((#725));
#361=ADVANCED_FACE('',(#726),#727,.T.);
#362=PRESENTATION_STYLE_ASSIGNMENT((#728));
#363=ADVANCED_FACE('',(#729),#730,.T.);
#364=PRESENTATION_STYLE_ASSIGNMENT((#731));
#365=ADVANCED_FACE('',(#732),#733,.T.);
#366=PRESENTATION_STYLE_ASSIGNMENT((#734));
#367=ADVANCED_FACE('',(#735),#736,.T.);
#368=PRODUCT('1','','PART--DESC',(#737));
#369=PRODUCT_DEFINITION('','NONE',#738,#2);
#370=MANIFOLD_SOLID_BREP('1',#739);
#371=AXIS2_PLACEMENT_3D('',#740,#741,#742);
#374=LENGTH_MEASURE_WITH_UNIT(LENGTH_MEASURE(1.0),#743);
#377=DIMENSIONAL_EXPONENTS(1.0,0.0,0.0,0.0,0.0,0.0,0.0);
#379=DIMENSIONAL_EXPONENTS(0.0,0.0,0.0,0.0,0.0,0.0,0.0);
#385=SURFACE_STYLE_USAGE(.BOTH.,#744);
#386=FACE_OUTER_BOUND('',#745,.T.);
#387=PLANE('',#746);
#388=SURFACE_STYLE_USAGE(.BOTH.,#747);
#389=FACE_OUTER_BOUND('',#748,.T.);
#390=PLANE('',#749);
#391=SURFACE_STYLE_USAGE(.BOTH.,#750);
#392=FACE_OUTER_BOUND('',#751,.T.);
#393=CYLINDRICAL_SURFACE('',#752,1.39446);
#394=SURFACE_STYLE_USAGE(.BOTH.,#753);
#395=FACE_OUTER_BOUND('',#754,.T.);
#396=CYLINDRICAL_SURFACE('',#755,1.39446);
#397=SURFACE_STYLE_USAGE(.BOTH.,#756);
#398=FACE_OUTER_BOUND('',#757,.T.);
#399=CYLINDRICAL_SURFACE('',#758,0.304800000000001);
#400=SURFACE_STYLE_USAGE(.BOTH.,#759);
#401=FACE_OUTER_BOUND('',#760,.T.);
#402=CYLINDRICAL_SURFACE('',#761,1.53);
#403=SURFACE_STYLE_USAGE(.BOTH.,#762);
#404=FACE_OUTER_BOUND('',#763,.T.);
#405=CYLINDRICAL_SURFACE('',#764,1.53);
#406=SURFACE_STYLE_USAGE(.BOTH.,#765);
#407=FACE_OUTER_BOUND('',#766,.T.);
#408=PLANE('',#767);
#409=SURFACE_STYLE_USAGE(.BOTH.,#768);
#410=FACE_OUTER_BOUND('',#769,.T.);
#411=PLANE('',#770);
#412=SURFACE_STYLE_USAGE(.BOTH.,#771);
#413=FACE_OUTER_BOUND('',#772,.T.);
#414=PLANE('',#773);
#415=SURFACE_STYLE_USAGE(.BOTH.,#774);
#416=FACE_OUTER_BOUND('',#775,.T.);
#417=PLANE('',#776);
#418=SURFACE_STYLE_USAGE(.BOTH.,#777);
#419=FACE_OUTER_BOUND('',#778,.T.);
#420=CYLINDRICAL_SURFACE('',#779,1.39446);
#421=SURFACE_STYLE_USAGE(.BOTH.,#780);
#422=FACE_OUTER_BOUND('',#781,.T.);
#423=CYLINDRICAL_SURFACE('',#782,1.39446);
#424=SURFACE_STYLE_USAGE(.BOTH.,#783);
#425=FACE_OUTER_BOUND('',#784,.T.);
#426=CYLINDRICAL_SURFACE('',#785,0.304800000000001);
#427=SURFACE_STYLE_USAGE(.BOTH.,#786);
#428=FACE_OUTER_BOUND('',#787,.T.);
#429=CYLINDRICAL_SURFACE('',#788,1.53);
#430=SURFACE_STYLE_USAGE(.BOTH.,#789);
#431=FACE_OUTER_BOUND('',#790,.T.);
#432=CYLINDRICAL_SURFACE('',#791,1.53);
#433=SURFACE_STYLE_USAGE(.BOTH.,#792);
#434=FACE_OUTER_BOUND('',#793,.T.);
#435=PLANE('',#794);
#436=SURFACE_STYLE_USAGE(.BOTH.,#795);
#437=FACE_OUTER_BOUND('',#796,.T.);
#438=PLANE('',#797);
#439=SURFACE_STYLE_USAGE(.BOTH.,#798);
#440=FACE_OUTER_BOUND('',#799,.T.);
#441=PLANE('',#800);
#442=SURFACE_STYLE_USAGE(.BOTH.,#801);
#443=FACE_OUTER_BOUND('',#802,.T.);
#444=PLANE('',#803);
#445=SURFACE_STYLE_USAGE(.BOTH.,#804);
#446=FACE_OUTER_BOUND('',#805,.T.);
#447=CYLINDRICAL_SURFACE('',#806,1.39446);
#448=SURFACE_STYLE_USAGE(.BOTH.,#807);
#449=FACE_OUTER_BOUND('',#808,.T.);
#450=CYLINDRICAL_SURFACE('',#809,1.39446);
#451=SURFACE_STYLE_USAGE(.BOTH.,#810);
#452=FACE_OUTER_BOUND('',#811,.T.);
#453=CYLINDRICAL_SURFACE('',#812,0.304800000000001);
#454=SURFACE_STYLE_USAGE(.BOTH.,#813);
#455=FACE_OUTER_BOUND('',#814,.T.);
#456=CYLINDRICAL_SURFACE('',#815,1.53);
#457=SURFACE_STYLE_USAGE(.BOTH.,#816);
#458=FACE_OUTER_BOUND('',#817,.T.);
#459=CYLINDRICAL_SURFACE('',#818,1.53);
#460=SURFACE_STYLE_USAGE(.BOTH.,#819);
#461=FACE_OUTER_BOUND('',#820,.T.);
#462=PLANE('',#821);
#463=SURFACE_STYLE_USAGE(.BOTH.,#822);
#464=FACE_OUTER_BOUND('',#823,.T.);
#465=PLANE('',#824);
#466=SURFACE_STYLE_USAGE(.BOTH.,#825);
#467=FACE_OUTER_BOUND('',#826,.T.);
#468=PLANE('',#827);
#469=SURFACE_STYLE_USAGE(.BOTH.,#828);
#470=FACE_OUTER_BOUND('',#829,.T.);
#471=PLANE('',#830);
#472=SURFACE_STYLE_USAGE(.BOTH.,#831);
#473=FACE_OUTER_BOUND('',#832,.T.);
#474=CYLINDRICAL_SURFACE('',#833,1.39446);
#475=SURFACE_STYLE_USAGE(.BOTH.,#834);
#476=FACE_OUTER_BOUND('',#835,.T.);
#477=CYLINDRICAL_SURFACE('',#836,1.39446);
#478=SURFACE_STYLE_USAGE(.BOTH.,#837);
#479=FACE_OUTER_BOUND('',#838,.T.);
#480=CYLINDRICAL_SURFACE('',#839,0.304800000000001);
#481=SURFACE_STYLE_USAGE(.BOTH.,#840);
#482=FACE_OUTER_BOUND('',#841,.T.);
#483=CYLINDRICAL_SURFACE('',#842,1.53);
#484=SURFACE_STYLE_USAGE(.BOTH.,#843);
#485=FACE_OUTER_BOUND('',#844,.T.);
#486=CYLINDRICAL_SURFACE('',#845,1.53);
#487=SURFACE_STYLE_USAGE(.BOTH.,#846);
#488=FACE_OUTER_BOUND('',#847,.T.);
#489=PLANE('',#848);
#490=SURFACE_STYLE_USAGE(.BOTH.,#849);
#491=FACE_OUTER_BOUND('',#850,.T.);
#492=PLANE('',#851);
#493=SURFACE_STYLE_USAGE(.BOTH.,#852);
#494=FACE_OUTER_BOUND('',#853,.T.);
#495=PLANE('',#854);
#496=SURFACE_STYLE_USAGE(.BOTH.,#855);
#497=FACE_OUTER_BOUND('',#856,.T.);
#498=PLANE('',#857);
#499=SURFACE_STYLE_USAGE(.BOTH.,#858);
#500=FACE_OUTER_BOUND('',#859,.T.);
#501=CYLINDRICAL_SURFACE('',#860,1.39446);
#502=SURFACE_STYLE_USAGE(.BOTH.,#861);
#503=FACE_OUTER_BOUND('',#862,.T.);
#504=CYLINDRICAL_SURFACE('',#863,1.39446);
#505=SURFACE_STYLE_USAGE(.BOTH.,#864);
#506=FACE_OUTER_BOUND('',#865,.T.);
#507=CYLINDRICAL_SURFACE('',#866,0.304800000000001);
#508=SURFACE_STYLE_USAGE(.BOTH.,#867);
#509=FACE_OUTER_BOUND('',#868,.T.);
#510=CYLINDRICAL_SURFACE('',#869,1.53);
#511=SURFACE_STYLE_USAGE(.BOTH.,#870);
#512=FACE_OUTER_BOUND('',#871,.T.);
#513=CYLINDRICAL_SURFACE('',#872,1.53);
#514=SURFACE_STYLE_USAGE(.BOTH.,#873);
#515=FACE_OUTER_BOUND('',#874,.T.);
#516=PLANE('',#875);
#517=SURFACE_STYLE_USAGE(.BOTH.,#876);
#518=FACE_OUTER_BOUND('',#877,.T.);
#519=PLANE('',#878);
#520=SURFACE_STYLE_USAGE(.BOTH.,#879);
#521=FACE_OUTER_BOUND('',#880,.T.);
#522=PLANE('',#881);
#523=SURFACE_STYLE_USAGE(.BOTH.,#882);
#524=FACE_OUTER_BOUND('',#883,.T.);
#525=PLANE('',#884);
#526=SURFACE_STYLE_USAGE(.BOTH.,#885);
#527=FACE_OUTER_BOUND('',#886,.T.);
#528=CYLINDRICAL_SURFACE('',#887,1.39446);
#529=SURFACE_STYLE_USAGE(.BOTH.,#888);
#530=FACE_OUTER_BOUND('',#889,.T.);
#531=CYLINDRICAL_SURFACE('',#890,1.39446);
#532=SURFACE_STYLE_USAGE(.BOTH.,#891);
#533=FACE_OUTER_BOUND('',#892,.T.);
#534=CYLINDRICAL_SURFACE('',#893,0.304800000000001);
#535=SURFACE_STYLE_USAGE(.BOTH.,#894);
#536=FACE_OUTER_BOUND('',#895,.T.);
#537=CYLINDRICAL_SURFACE('',#896,1.53);
#538=SURFACE_STYLE_USAGE(.BOTH.,#897);
#539=FACE_OUTER_BOUND('',#898,.T.);
#540=CYLINDRICAL_SURFACE('',#899,1.53);
#541=SURFACE_STYLE_USAGE(.BOTH.,#900);
#542=FACE_OUTER_BOUND('',#901,.T.);
#543=PLANE('',#902);
#544=SURFACE_STYLE_USAGE(.BOTH.,#903);
#545=FACE_OUTER_BOUND('',#904,.T.);
#546=PLANE('',#905);
#547=SURFACE_STYLE_USAGE(.BOTH.,#906);
#548=FACE_OUTER_BOUND('',#907,.T.);
#549=PLANE('',#908);
#550=SURFACE_STYLE_USAGE(.BOTH.,#909);
#551=FACE_OUTER_BOUND('',#910,.T.);
#552=PLANE('',#911);
#553=SURFACE_STYLE_USAGE(.BOTH.,#912);
#554=FACE_OUTER_BOUND('',#913,.T.);
#555=PLANE('',#914);
#556=SURFACE_STYLE_USAGE(.BOTH.,#915);
#557=FACE_OUTER_BOUND('',#916,.T.);
#558=PLANE('',#917);
#559=SURFACE_STYLE_USAGE(.BOTH.,#918);
#560=FACE_OUTER_BOUND('',#919,.T.);
#561=PLANE('',#920);
#562=SURFACE_STYLE_USAGE(.BOTH.,#921);
#563=FACE_OUTER_BOUND('',#922,.T.);
#564=PLANE('',#923);
#565=SURFACE_STYLE_USAGE(.BOTH.,#924);
#566=FACE_OUTER_BOUND('',#925,.T.);
#567=PLANE('',#926);
#568=SURFACE_STYLE_USAGE(.BOTH.,#927);
#569=FACE_OUTER_BOUND('',#928,.T.);
#570=PLANE('',#929);
#571=SURFACE_STYLE_USAGE(.BOTH.,#930);
#572=FACE_OUTER_BOUND('',#931,.T.);
#573=PLANE('',#932);
#574=SURFACE_STYLE_USAGE(.BOTH.,#933);
#575=FACE_OUTER_BOUND('',#934,.T.);
#576=PLANE('',#935);
#577=SURFACE_STYLE_USAGE(.BOTH.,#936);
#578=FACE_OUTER_BOUND('',#937,.T.);
#579=PLANE('',#938);
#580=SURFACE_STYLE_USAGE(.BOTH.,#939);
#581=FACE_OUTER_BOUND('',#940,.T.);
#582=PLANE('',#941);
#583=SURFACE_STYLE_USAGE(.BOTH.,#942);
#584=FACE_OUTER_BOUND('',#943,.T.);
#585=PLANE('',#944);
#586=SURFACE_STYLE_USAGE(.BOTH.,#945);
#587=FACE_OUTER_BOUND('',#946,.T.);
#588=PLANE('',#947);
#589=SURFACE_STYLE_USAGE(.BOTH.,#948);
#590=FACE_OUTER_BOUND('',#949,.T.);
#591=PLANE('',#950);
#592=SURFACE_STYLE_USAGE(.BOTH.,#951);
#593=FACE_OUTER_BOUND('',#952,.T.);
#594=PLANE('',#953);
#595=SURFACE_STYLE_USAGE(.BOTH.,#954);
#596=FACE_OUTER_BOUND('',#955,.T.);
#597=PLANE('',#956);
#598=SURFACE_STYLE_USAGE(.BOTH.,#957);
#599=FACE_BOUND('',#958,.T.);
#600=FACE_BOUND('',#959,.T.);
#601=FACE_BOUND('',#960,.T.);
#602=FACE_OUTER_BOUND('',#961,.T.);
#603=PLANE('',#962);
#604=SURFACE_STYLE_USAGE(.BOTH.,#963);
#605=FACE_OUTER_BOUND('',#964,.T.);
#606=CYLINDRICAL_SURFACE('',#965,1.778);
#607=SURFACE_STYLE_USAGE(.BOTH.,#966);
#608=FACE_OUTER_BOUND('',#967,.T.);
#609=PLANE('',#968);
#610=SURFACE_STYLE_USAGE(.BOTH.,#969);
#611=FACE_OUTER_BOUND('',#970,.T.);
#612=PLANE('',#971);
#613=SURFACE_STYLE_USAGE(.BOTH.,#972);
#614=FACE_OUTER_BOUND('',#973,.T.);
#615=PLANE('',#974);
#616=SURFACE_STYLE_USAGE(.BOTH.,#975);
#617=FACE_OUTER_BOUND('',#976,.T.);
#618=PLANE('',#977);
#619=SURFACE_STYLE_USAGE(.BOTH.,#978);
#620=FACE_OUTER_BOUND('',#979,.T.);
#621=PLANE('',#980);
#622=SURFACE_STYLE_USAGE(.BOTH.,#981);
#623=FACE_OUTER_BOUND('',#982,.T.);
#624=PLANE('',#983);
#625=SURFACE_STYLE_USAGE(.BOTH.,#984);
#626=FACE_OUTER_BOUND('',#985,.T.);
#627=PLANE('',#986);
#628=SURFACE_STYLE_USAGE(.BOTH.,#987);
#629=FACE_OUTER_BOUND('',#988,.T.);
#630=PLANE('',#989);
#631=SURFACE_STYLE_USAGE(.BOTH.,#990);
#632=FACE_OUTER_BOUND('',#991,.T.);
#633=PLANE('',#992);
#634=SURFACE_STYLE_USAGE(.BOTH.,#993);
#635=FACE_OUTER_BOUND('',#994,.T.);
#636=PLANE('',#995);
#637=SURFACE_STYLE_USAGE(.BOTH.,#996);
#638=FACE_OUTER_BOUND('',#997,.T.);
#639=PLANE('',#998);
#640=SURFACE_STYLE_USAGE(.BOTH.,#999);
#641=FACE_OUTER_BOUND('',#1000,.T.);
#642=PLANE('',#1001);
#643=SURFACE_STYLE_USAGE(.BOTH.,#1002);
#644=FACE_OUTER_BOUND('',#1003,.T.);
#645=PLANE('',#1004);
#646=SURFACE_STYLE_USAGE(.BOTH.,#1005);
#647=FACE_OUTER_BOUND('',#1006,.T.);
#648=PLANE('',#1007);
#649=SURFACE_STYLE_USAGE(.BOTH.,#1008);
#650=FACE_OUTER_BOUND('',#1009,.T.);
#651=PLANE('',#1010);
#652=SURFACE_STYLE_USAGE(.BOTH.,#1011);
#653=FACE_OUTER_BOUND('',#1012,.T.);
#654=PLANE('',#1013);
#655=SURFACE_STYLE_USAGE(.BOTH.,#1014);
#656=FACE_OUTER_BOUND('',#1015,.T.);
#657=PLANE('',#1016);
#658=SURFACE_STYLE_USAGE(.BOTH.,#1017);
#659=FACE_OUTER_BOUND('',#1018,.T.);
#660=PLANE('',#1019);
#661=SURFACE_STYLE_USAGE(.BOTH.,#1020);
#662=FACE_OUTER_BOUND('',#1021,.T.);
#663=PLANE('',#1022);
#664=SURFACE_STYLE_USAGE(.BOTH.,#1023);
#665=FACE_OUTER_BOUND('',#1024,.T.);
#666=PLANE('',#1025);
#667=SURFACE_STYLE_USAGE(.BOTH.,#1026);
#668=FACE_OUTER_BOUND('',#1027,.T.);
#669=PLANE('',#1028);
#670=SURFACE_STYLE_USAGE(.BOTH.,#1029);
#671=FACE_OUTER_BOUND('',#1030,.T.);
#672=PLANE('',#1031);
#673=SURFACE_STYLE_USAGE(.BOTH.,#1032);
#674=FACE_OUTER_BOUND('',#1033,.T.);
#675=PLANE('',#1034);
#676=SURFACE_STYLE_USAGE(.BOTH.,#1035);
#677=FACE_OUTER_BOUND('',#1036,.T.);
#678=PLANE('',#1037);
#679=SURFACE_STYLE_USAGE(.BOTH.,#1038);
#680=FACE_OUTER_BOUND('',#1039,.T.);
#681=PLANE('',#1040);
#682=SURFACE_STYLE_USAGE(.BOTH.,#1041);
#683=FACE_OUTER_BOUND('',#1042,.T.);
#684=PLANE('',#1043);
#685=SURFACE_STYLE_USAGE(.BOTH.,#1044);
#686=FACE_OUTER_BOUND('',#1045,.T.);
#687=PLANE('',#1046);
#688=SURFACE_STYLE_USAGE(.BOTH.,#1047);
#689=FACE_OUTER_BOUND('',#1048,.T.);
#690=PLANE('',#1049);
#691=SURFACE_STYLE_USAGE(.BOTH.,#1050);
#692=FACE_OUTER_BOUND('',#1051,.T.);
#693=CYLINDRICAL_SURFACE('',#1052,0.635);
#694=SURFACE_STYLE_USAGE(.BOTH.,#1053);
#695=FACE_OUTER_BOUND('',#1054,.T.);
#696=PLANE('',#1055);
#697=SURFACE_STYLE_USAGE(.BOTH.,#1056);
#698=FACE_OUTER_BOUND('',#1057,.T.);
#699=CYLINDRICAL_SURFACE('',#1058,0.635);
#700=SURFACE_STYLE_USAGE(.BOTH.,#1059);
#701=FACE_OUTER_BOUND('',#1060,.T.);
#702=PLANE('',#1061);
#703=SURFACE_STYLE_USAGE(.BOTH.,#1062);
#704=FACE_OUTER_BOUND('',#1063,.T.);
#705=CYLINDRICAL_SURFACE('',#1064,1.27);
#706=SURFACE_STYLE_USAGE(.BOTH.,#1065);
#707=FACE_OUTER_BOUND('',#1066,.T.);
#708=PLANE('',#1067);
#709=SURFACE_STYLE_USAGE(.BOTH.,#1068);
#710=FACE_OUTER_BOUND('',#1069,.T.);
#711=CYLINDRICAL_SURFACE('',#1070,0.635);
#712=SURFACE_STYLE_USAGE(.BOTH.,#1071);
#713=FACE_OUTER_BOUND('',#1072,.T.);
#714=PLANE('',#1073);
#715=SURFACE_STYLE_USAGE(.BOTH.,#1074);
#716=FACE_BOUND('',#1075,.T.);
#717=FACE_BOUND('',#1076,.T.);
#718=FACE_BOUND('',#1077,.T.);
#719=FACE_BOUND('',#1078,.T.);
#720=FACE_OUTER_BOUND('',#1079,.T.);
#721=PLANE('',#1080);
#722=SURFACE_STYLE_USAGE(.BOTH.,#1081);
#723=FACE_OUTER_BOUND('',#1082,.T.);
#724=PLANE('',#1083);
#725=SURFACE_STYLE_USAGE(.BOTH.,#1084);
#726=FACE_OUTER_BOUND('',#1085,.T.);
#727=PLANE('',#1086);
#728=SURFACE_STYLE_USAGE(.BOTH.,#1087);
#729=FACE_OUTER_BOUND('',#1088,.T.);
#730=PLANE('',#1089);
#731=SURFACE_STYLE_USAGE(.BOTH.,#1090);
#732=FACE_OUTER_BOUND('',#1091,.T.);
#733=PLANE('',#1092);
#734=SURFACE_STYLE_USAGE(.BOTH.,#1093);
#735=FACE_OUTER_BOUND('',#1094,.T.);
#736=PLANE('',#1095);
#737=PRODUCT_CONTEXT('',#125,'mechanical');
#738=PRODUCT_DEFINITION_FORMATION_WITH_SPECIFIED_SOURCE(' ','NONE',#368,.NOT_KNOWN.);
#739=CLOSED_SHELL('',(#139,#141,#143,#145,#147,#149,#151,#153,#155,#157,#159,#161,#163,#165,#167,#169,#171,#173,#175,#177,#179,#181,#183,#185,#187,#189,#191,#193,#195,#197,#199,#201,#203,#205,#207,#209,#211,#213,#215,#217,#219,#221,#223,#225,#227,#229,#231,#233,#235,#237,#239,#241,#243,#245,#247,#249,#251,#253,#255,#257,#259,#261,#263,#265,#267,#269,#271,#273,#275,#277,#279,#281,#283,#285,#287,#289,#291,#293,#295,#297,#299,#301,#303,#305,#307,#309,#311,#313,#315,#317,#319,#321,#323,#325,#327,#329,#331,#333,#335,#337,#339,#341,#343,#345,#347,#349,#351,#353,#355,#357,#359,#361,#363,#365,#367));
#740=CARTESIAN_POINT('',(0.0,0.0,0.0));
#741=DIRECTION('',(0.0,0.0,1.0));
#742=DIRECTION('',(1.0,0.0,0.0));
#743= (NAMED_UNIT(#377)LENGTH_UNIT()SI_UNIT(.MILLI.,.METRE.));
#744=SURFACE_SIDE_STYLE('',(#1097));
#745=EDGE_LOOP('',(#1098,#1099,#1100,#1101));
#746=AXIS2_PLACEMENT_3D('',#1102,#1103,#1104);
#747=SURFACE_SIDE_STYLE('',(#1105));
#748=EDGE_LOOP('',(#1106,#1107,#1108,#1109,#1110,#1111));
#749=AXIS2_PLACEMENT_3D('',#1112,#1113,#1114);
#750=SURFACE_SIDE_STYLE('',(#1115));
#751=EDGE_LOOP('',(#1116,#1117,#1118,#1119,#1120));
#752=AXIS2_PLACEMENT_3D('',#1121,#1122,#1123);
#753=SURFACE_SIDE_STYLE('',(#1124));
#754=EDGE_LOOP('',(#1125,#1126,#1127,#1128,#1129));
#755=AXIS2_PLACEMENT_3D('',#1130,#1131,#1132);
#756=SURFACE_SIDE_STYLE('',(#1133));
#757=EDGE_LOOP('',(#1134,#1135,#1136,#1137,#1138,#1139));
#758=AXIS2_PLACEMENT_3D('',#1140,#1141,#1142);
#759=SURFACE_SIDE_STYLE('',(#1143));
#760=EDGE_LOOP('',(#1144,#1145,#1146,#1147,#1148,#1149));
#761=AXIS2_PLACEMENT_3D('',#1150,#1151,#1152);
#762=SURFACE_SIDE_STYLE('',(#1153));
#763=EDGE_LOOP('',(#1154,#1155,#1156,#1157,#1158,#1159));
#764=AXIS2_PLACEMENT_3D('',#1160,#1161,#1162);
#765=SURFACE_SIDE_STYLE('',(#1163));
#766=EDGE_LOOP('',(#1164,#1165,#1166,#1167));
#767=AXIS2_PLACEMENT_3D('',#1168,#1169,#1170);
#768=SURFACE_SIDE_STYLE('',(#1171));
#769=EDGE_LOOP('',(#1172,#1173,#1174,#1175,#1176,#1177));
#770=AXIS2_PLACEMENT_3D('',#1178,#1179,#1180);
#771=SURFACE_SIDE_STYLE('',(#1181));
#772=EDGE_LOOP('',(#1182,#1183,#1184,#1185));
#773=AXIS2_PLACEMENT_3D('',#1186,#1187,#1188);
#774=SURFACE_SIDE_STYLE('',(#1189));
#775=EDGE_LOOP('',(#1190,#1191,#1192,#1193,#1194,#1195));
#776=AXIS2_PLACEMENT_3D('',#1196,#1197,#1198);
#777=SURFACE_SIDE_STYLE('',(#1199));
#778=EDGE_LOOP('',(#1200,#1201,#1202,#1203,#1204));
#779=AXIS2_PLACEMENT_3D('',#1205,#1206,#1207);
#780=SURFACE_SIDE_STYLE('',(#1208));
#781=EDGE_LOOP('',(#1209,#1210,#1211,#1212,#1213));
#782=AXIS2_PLACEMENT_3D('',#1214,#1215,#1216);
#783=SURFACE_SIDE_STYLE('',(#1217));
#784=EDGE_LOOP('',(#1218,#1219,#1220,#1221,#1222,#1223));
#785=AXIS2_PLACEMENT_3D('',#1224,#1225,#1226);
#786=SURFACE_SIDE_STYLE('',(#1227));
#787=EDGE_LOOP('',(#1228,#1229,#1230,#1231,#1232,#1233));
#788=AXIS2_PLACEMENT_3D('',#1234,#1235,#1236);
#789=SURFACE_SIDE_STYLE('',(#1237));
#790=EDGE_LOOP('',(#1238,#1239,#1240,#1241,#1242,#1243));
#791=AXIS2_PLACEMENT_3D('',#1244,#1245,#1246);
#792=SURFACE_SIDE_STYLE('',(#1247));
#793=EDGE_LOOP('',(#1248,#1249,#1250,#1251));
#794=AXIS2_PLACEMENT_3D('',#1252,#1253,#1254);
#795=SURFACE_SIDE_STYLE('',(#1255));
#796=EDGE_LOOP('',(#1256,#1257,#1258,#1259,#1260,#1261));
#797=AXIS2_PLACEMENT_3D('',#1262,#1263,#1264);
#798=SURFACE_SIDE_STYLE('',(#1265));
#799=EDGE_LOOP('',(#1266,#1267,#1268,#1269));
#800=AXIS2_PLACEMENT_3D('',#1270,#1271,#1272);
#801=SURFACE_SIDE_STYLE('',(#1273));
#802=EDGE_LOOP('',(#1274,#1275,#1276,#1277,#1278,#1279));
#803=AXIS2_PLACEMENT_3D('',#1280,#1281,#1282);
#804=SURFACE_SIDE_STYLE('',(#1283));
#805=EDGE_LOOP('',(#1284,#1285,#1286,#1287,#1288));
#806=AXIS2_PLACEMENT_3D('',#1289,#1290,#1291);
#807=SURFACE_SIDE_STYLE('',(#1292));
#808=EDGE_LOOP('',(#1293,#1294,#1295,#1296,#1297));
#809=AXIS2_PLACEMENT_3D('',#1298,#1299,#1300);
#810=SURFACE_SIDE_STYLE('',(#1301));
#811=EDGE_LOOP('',(#1302,#1303,#1304,#1305,#1306,#1307));
#812=AXIS2_PLACEMENT_3D('',#1308,#1309,#1310);
#813=SURFACE_SIDE_STYLE('',(#1311));
#814=EDGE_LOOP('',(#1312,#1313,#1314,#1315,#1316,#1317));
#815=AXIS2_PLACEMENT_3D('',#1318,#1319,#1320);
#816=SURFACE_SIDE_STYLE('',(#1321));
#817=EDGE_LOOP('',(#1322,#1323,#1324,#1325,#1326,#1327));
#818=AXIS2_PLACEMENT_3D('',#1328,#1329,#1330);
#819=SURFACE_SIDE_STYLE('',(#1331));
#820=EDGE_LOOP('',(#1332,#1333,#1334,#1335));
#821=AXIS2_PLACEMENT_3D('',#1336,#1337,#1338);
#822=SURFACE_SIDE_STYLE('',(#1339));
#823=EDGE_LOOP('',(#1340,#1341,#1342,#1343,#1344,#1345));
#824=AXIS2_PLACEMENT_3D('',#1346,#1347,#1348);
#825=SURFACE_SIDE_STYLE('',(#1349));
#826=EDGE_LOOP('',(#1350,#1351,#1352,#1353));
#827=AXIS2_PLACEMENT_3D('',#1354,#1355,#1356);
#828=SURFACE_SIDE_STYLE('',(#1357));
#829=EDGE_LOOP('',(#1358,#1359,#1360,#1361,#1362,#1363));
#830=AXIS2_PLACEMENT_3D('',#1364,#1365,#1366);
#831=SURFACE_SIDE_STYLE('',(#1367));
#832=EDGE_LOOP('',(#1368,#1369,#1370,#1371,#1372));
#833=AXIS2_PLACEMENT_3D('',#1373,#1374,#1375);
#834=SURFACE_SIDE_STYLE('',(#1376));
#835=EDGE_LOOP('',(#1377,#1378,#1379,#1380,#1381));
#836=AXIS2_PLACEMENT_3D('',#1382,#1383,#1384);
#837=SURFACE_SIDE_STYLE('',(#1385));
#838=EDGE_LOOP('',(#1386,#1387,#1388,#1389,#1390,#1391));
#839=AXIS2_PLACEMENT_3D('',#1392,#1393,#1394);
#840=SURFACE_SIDE_STYLE('',(#1395));
#841=EDGE_LOOP('',(#1396,#1397,#1398,#1399,#1400,#1401));
#842=AXIS2_PLACEMENT_3D('',#1402,#1403,#1404);
#843=SURFACE_SIDE_STYLE('',(#1405));
#844=EDGE_LOOP('',(#1406,#1407,#1408,#1409,#1410,#1411));
#845=AXIS2_PLACEMENT_3D('',#1412,#1413,#1414);
#846=SURFACE_SIDE_STYLE('',(#1415));
#847=EDGE_LOOP('',(#1416,#1417,#1418,#1419,#1420,#1421));
#848=AXIS2_PLACEMENT_3D('',#1422,#1423,#1424);
#849=SURFACE_SIDE_STYLE('',(#1425));
#850=EDGE_LOOP('',(#1426,#1427,#1428,#1429));
#851=AXIS2_PLACEMENT_3D('',#1430,#1431,#1432);
#852=SURFACE_SIDE_STYLE('',(#1433));
#853=EDGE_LOOP('',(#1434,#1435,#1436,#1437));
#854=AXIS2_PLACEMENT_3D('',#1438,#1439,#1440);
#855=SURFACE_SIDE_STYLE('',(#1441));
#856=EDGE_LOOP('',(#1442,#1443,#1444,#1445,#1446,#1447));
#857=AXIS2_PLACEMENT_3D('',#1448,#1449,#1450);
#858=SURFACE_SIDE_STYLE('',(#1451));
#859=EDGE_LOOP('',(#1452,#1453,#1454,#1455,#1456));
#860=AXIS2_PLACEMENT_3D('',#1457,#1458,#1459);
#861=SURFACE_SIDE_STYLE('',(#1460));
#862=EDGE_LOOP('',(#1461,#1462,#1463,#1464,#1465));
#863=AXIS2_PLACEMENT_3D('',#1466,#1467,#1468);
#864=SURFACE_SIDE_STYLE('',(#1469));
#865=EDGE_LOOP('',(#1470,#1471,#1472,#1473,#1474,#1475));
#866=AXIS2_PLACEMENT_3D('',#1476,#1477,#1478);
#867=SURFACE_SIDE_STYLE('',(#1479));
#868=EDGE_LOOP('',(#1480,#1481,#1482,#1483,#1484,#1485));
#869=AXIS2_PLACEMENT_3D('',#1486,#1487,#1488);
#870=SURFACE_SIDE_STYLE('',(#1489));
#871=EDGE_LOOP('',(#1490,#1491,#1492,#1493,#1494,#1495));
#872=AXIS2_PLACEMENT_3D('',#1496,#1497,#1498);
#873=SURFACE_SIDE_STYLE('',(#1499));
#874=EDGE_LOOP('',(#1500,#1501,#1502,#1503,#1504,#1505));
#875=AXIS2_PLACEMENT_3D('',#1506,#1507,#1508);
#876=SURFACE_SIDE_STYLE('',(#1509));
#877=EDGE_LOOP('',(#1510,#1511,#1512,#1513));
#878=AXIS2_PLACEMENT_3D('',#1514,#1515,#1516);
#879=SURFACE_SIDE_STYLE('',(#1517));
#880=EDGE_LOOP('',(#1518,#1519,#1520,#1521));
#881=AXIS2_PLACEMENT_3D('',#1522,#1523,#1524);
#882=SURFACE_SIDE_STYLE('',(#1525));
#883=EDGE_LOOP('',(#1526,#1527,#1528,#1529,#1530,#1531));
#884=AXIS2_PLACEMENT_3D('',#1532,#1533,#1534);
#885=SURFACE_SIDE_STYLE('',(#1535));
#886=EDGE_LOOP('',(#1536,#1537,#1538,#1539,#1540));
#887=AXIS2_PLACEMENT_3D('',#1541,#1542,#1543);
#888=SURFACE_SIDE_STYLE('',(#1544));
#889=EDGE_LOOP('',(#1545,#1546,#1547,#1548,#1549));
#890=AXIS2_PLACEMENT_3D('',#1550,#1551,#1552);
#891=SURFACE_SIDE_STYLE('',(#1553));
#892=EDGE_LOOP('',(#1554,#1555,#1556,#1557,#1558,#1559));
#893=AXIS2_PLACEMENT_3D('',#1560,#1561,#1562);
#894=SURFACE_SIDE_STYLE('',(#1563));
#895=EDGE_LOOP('',(#1564,#1565,#1566,#1567,#1568,#1569));
#896=AXIS2_PLACEMENT_3D('',#1570,#1571,#1572);
#897=SURFACE_SIDE_STYLE('',(#1573));
#898=EDGE_LOOP('',(#1574,#1575,#1576,#1577,#1578,#1579));
#899=AXIS2_PLACEMENT_3D('',#1580,#1581,#1582);
#900=SURFACE_SIDE_STYLE('',(#1583));
#901=EDGE_LOOP('',(#1584,#1585,#1586,#1587,#1588,#1589));
#902=AXIS2_PLACEMENT_3D('',#1590,#1591,#1592);
#903=SURFACE_SIDE_STYLE('',(#1593));
#904=EDGE_LOOP('',(#1594,#1595,#1596,#1597));
#905=AXIS2_PLACEMENT_3D('',#1598,#1599,#1600);
#906=SURFACE_SIDE_STYLE('',(#1601));
#907=EDGE_LOOP('',(#1602,#1603,#1604,#1605));
#908=AXIS2_PLACEMENT_3D('',#1606,#1607,#1608);
#909=SURFACE_SIDE_STYLE('',(#1609));
#910=EDGE_LOOP('',(#1610,#1611,#1612,#1613));
#911=AXIS2_PLACEMENT_3D('',#1614,#1615,#1616);
#912=SURFACE_SIDE_STYLE('',(#1617));
#913=EDGE_LOOP('',(#1618,#1619,#1620,#1621));
#914=AXIS2_PLACEMENT_3D('',#1622,#1623,#1624);
#915=SURFACE_SIDE_STYLE('',(#1625));
#916=EDGE_LOOP('',(#1626,#1627,#1628,#1629));
#917=AXIS2_PLACEMENT_3D('',#1630,#1631,#1632);
#918=SURFACE_SIDE_STYLE('',(#1633));
#919=EDGE_LOOP('',(#1634,#1635,#1636,#1637));
#920=AXIS2_PLACEMENT_3D('',#1638,#1639,#1640);
#921=SURFACE_SIDE_STYLE('',(#1641));
#922=EDGE_LOOP('',(#1642,#1643,#1644,#1645));
#923=AXIS2_PLACEMENT_3D('',#1646,#1647,#1648);
#924=SURFACE_SIDE_STYLE('',(#1649));
#925=EDGE_LOOP('',(#1650,#1651,#1652,#1653));
#926=AXIS2_PLACEMENT_3D('',#1654,#1655,#1656);
#927=SURFACE_SIDE_STYLE('',(#1657));
#928=EDGE_LOOP('',(#1658,#1659,#1660,#1661));
#929=AXIS2_PLACEMENT_3D('',#1662,#1663,#1664);
#930=SURFACE_SIDE_STYLE('',(#1665));
#931=EDGE_LOOP('',(#1666,#1667,#1668,#1669));
#932=AXIS2_PLACEMENT_3D('',#1670,#1671,#1672);
#933=SURFACE_SIDE_STYLE('',(#1673));
#934=EDGE_LOOP('',(#1674,#1675,#1676,#1677));
#935=AXIS2_PLACEMENT_3D('',#1678,#1679,#1680);
#936=SURFACE_SIDE_STYLE('',(#1681));
#937=EDGE_LOOP('',(#1682,#1683,#1684,#1685));
#938=AXIS2_PLACEMENT_3D('',#1686,#1687,#1688);
#939=SURFACE_SIDE_STYLE('',(#1689));
#940=EDGE_LOOP('',(#1690,#1691,#1692,#1693));
#941=AXIS2_PLACEMENT_3D('',#1694,#1695,#1696);
#942=SURFACE_SIDE_STYLE('',(#1697));
#943=EDGE_LOOP('',(#1698,#1699,#1700,#1701));
#944=AXIS2_PLACEMENT_3D('',#1702,#1703,#1704);
#945=SURFACE_SIDE_STYLE('',(#1705));
#946=EDGE_LOOP('',(#1706,#1707,#1708,#1709,#1710,#1711,#1712,#1713,#1714,#1715,#1716,#1717,#1718));
#947=AXIS2_PLACEMENT_3D('',#1719,#1720,#1721);
#948=SURFACE_SIDE_STYLE('',(#1722));
#949=EDGE_LOOP('',(#1723,#1724,#1725,#1726));
#950=AXIS2_PLACEMENT_3D('',#1727,#1728,#1729);
#951=SURFACE_SIDE_STYLE('',(#1730));
#952=EDGE_LOOP('',(#1731,#1732,#1733,#1734,#1735,#1736,#1737,#1738,#1739,#1740,#1741,#1742,#1743,#1744));
#953=AXIS2_PLACEMENT_3D('',#1745,#1746,#1747);
#954=SURFACE_SIDE_STYLE('',(#1748));
#955=EDGE_LOOP('',(#1749,#1750,#1751,#1752,#1753,#1754,#1755,#1756,#1757,#1758));
#956=AXIS2_PLACEMENT_3D('',#1759,#1760,#1761);
#957=SURFACE_SIDE_STYLE('',(#1762));
#958=EDGE_LOOP('',(#1763,#1764,#1765,#1766));
#959=EDGE_LOOP('',(#1767,#1768,#1769,#1770));
#960=EDGE_LOOP('',(#1771,#1772,#1773,#1774));
#961=EDGE_LOOP('',(#1775,#1776,#1777,#1778,#1779,#1780,#1781,#1782,#1783,#1784,#1785,#1786,#1787,#1788,#1789,#1790,#1791,#1792,#1793,#1794,#1795,#1796,#1797,#1798,#1799,#1800,#1801,#1802));
#962=AXIS2_PLACEMENT_3D('',#1803,#1804,#1805);
#963=SURFACE_SIDE_STYLE('',(#1806));
#964=EDGE_LOOP('',(#1807,#1808,#1809,#1810,#1811,#1812,#1813,#1814,#1815,#1816,#1817,#1818));
#965=AXIS2_PLACEMENT_3D('',#1819,#1820,#1821);
#966=SURFACE_SIDE_STYLE('',(#1822));
#967=EDGE_LOOP('',(#1823,#1824,#1825,#1826));
#968=AXIS2_PLACEMENT_3D('',#1827,#1828,#1829);
#969=SURFACE_SIDE_STYLE('',(#1830));
#970=EDGE_LOOP('',(#1831,#1832,#1833,#1834));
#971=AXIS2_PLACEMENT_3D('',#1835,#1836,#1837);
#972=SURFACE_SIDE_STYLE('',(#1838));
#973=EDGE_LOOP('',(#1839,#1840,#1841,#1842));
#974=AXIS2_PLACEMENT_3D('',#1843,#1844,#1845);
#975=SURFACE_SIDE_STYLE('',(#1846));
#976=EDGE_LOOP('',(#1847,#1848,#1849,#1850,#1851,#1852,#1853,#1854,#1855,#1856,#1857,#1858,#1859,#1860));
#977=AXIS2_PLACEMENT_3D('',#1861,#1862,#1863);
#978=SURFACE_SIDE_STYLE('',(#1864));
#979=EDGE_LOOP('',(#1865,#1866,#1867,#1868));
#980=AXIS2_PLACEMENT_3D('',#1869,#1870,#1871);
#981=SURFACE_SIDE_STYLE('',(#1872));
#982=EDGE_LOOP('',(#1873,#1874,#1875,#1876,#1877,#1878,#1879,#1880,#1881,#1882));
#983=AXIS2_PLACEMENT_3D('',#1883,#1884,#1885);
#984=SURFACE_SIDE_STYLE('',(#1886));
#985=EDGE_LOOP('',(#1887,#1888,#1889,#1890));
#986=AXIS2_PLACEMENT_3D('',#1891,#1892,#1893);
#987=SURFACE_SIDE_STYLE('',(#1894));
#988=EDGE_LOOP('',(#1895,#1896,#1897,#1898));
#989=AXIS2_PLACEMENT_3D('',#1899,#1900,#1901);
#990=SURFACE_SIDE_STYLE('',(#1902));
#991=EDGE_LOOP('',(#1903,#1904,#1905,#1906));
#992=AXIS2_PLACEMENT_3D('',#1907,#1908,#1909);
#993=SURFACE_SIDE_STYLE('',(#1910));
#994=EDGE_LOOP('',(#1911,#1912,#1913,#1914));
#995=AXIS2_PLACEMENT_3D('',#1915,#1916,#1917);
#996=SURFACE_SIDE_STYLE('',(#1918));
#997=EDGE_LOOP('',(#1919,#1920,#1921,#1922));
#998=AXIS2_PLACEMENT_3D('',#1923,#1924,#1925);
#999=SURFACE_SIDE_STYLE('',(#1926));
#1000=EDGE_LOOP('',(#1927,#1928,#1929,#1930,#1931,#1932,#1933,#1934,#1935,#1936,#1937,#1938,#1939,#1940,#1941,#1942));
#1001=AXIS2_PLACEMENT_3D('',#1943,#1944,#1945);
#1002=SURFACE_SIDE_STYLE('',(#1946));
#1003=EDGE_LOOP('',(#1947,#1948,#1949,#1950));
#1004=AXIS2_PLACEMENT_3D('',#1951,#1952,#1953);
#1005=SURFACE_SIDE_STYLE('',(#1954));
#1006=EDGE_LOOP('',(#1955,#1956,#1957,#1958));
#1007=AXIS2_PLACEMENT_3D('',#1959,#1960,#1961);
#1008=SURFACE_SIDE_STYLE('',(#1962));
#1009=EDGE_LOOP('',(#1963,#1964,#1965,#1966));
#1010=AXIS2_PLACEMENT_3D('',#1967,#1968,#1969);
#1011=SURFACE_SIDE_STYLE('',(#1970));
#1012=EDGE_LOOP('',(#1971,#1972,#1973,#1974));
#1013=AXIS2_PLACEMENT_3D('',#1975,#1976,#1977);
#1014=SURFACE_SIDE_STYLE('',(#1978));
#1015=EDGE_LOOP('',(#1979,#1980,#1981,#1982));
#1016=AXIS2_PLACEMENT_3D('',#1983,#1984,#1985);
#1017=SURFACE_SIDE_STYLE('',(#1986));
#1018=EDGE_LOOP('',(#1987,#1988,#1989,#1990));
#1019=AXIS2_PLACEMENT_3D('',#1991,#1992,#1993);
#1020=SURFACE_SIDE_STYLE('',(#1994));
#1021=EDGE_LOOP('',(#1995,#1996,#1997,#1998));
#1022=AXIS2_PLACEMENT_3D('',#1999,#2000,#2001);
#1023=SURFACE_SIDE_STYLE('',(#2002));
#1024=EDGE_LOOP('',(#2003,#2004,#2005,#2006));
#1025=AXIS2_PLACEMENT_3D('',#2007,#2008,#2009);
#1026=SURFACE_SIDE_STYLE('',(#2010));
#1027=EDGE_LOOP('',(#2011,#2012,#2013,#2014));
#1028=AXIS2_PLACEMENT_3D('',#2015,#2016,#2017);
#1029=SURFACE_SIDE_STYLE('',(#2018));
#1030=EDGE_LOOP('',(#2019,#2020,#2021,#2022));
#1031=AXIS2_PLACEMENT_3D('',#2023,#2024,#2025);
#1032=SURFACE_SIDE_STYLE('',(#2026));
#1033=EDGE_LOOP('',(#2027,#2028,#2029,#2030));
#1034=AXIS2_PLACEMENT_3D('',#2031,#2032,#2033);
#1035=SURFACE_SIDE_STYLE('',(#2034));
#1036=EDGE_LOOP('',(#2035,#2036,#2037,#2038));
#1037=AXIS2_PLACEMENT_3D('',#2039,#2040,#2041);
#1038=SURFACE_SIDE_STYLE('',(#2042));
#1039=EDGE_LOOP('',(#2043,#2044,#2045,#2046));
#1040=AXIS2_PLACEMENT_3D('',#2047,#2048,#2049);
#1041=SURFACE_SIDE_STYLE('',(#2050));
#1042=EDGE_LOOP('',(#2051,#2052,#2053,#2054));
#1043=AXIS2_PLACEMENT_3D('',#2055,#2056,#2057);
#1044=SURFACE_SIDE_STYLE('',(#2058));
#1045=EDGE_LOOP('',(#2059,#2060,#2061,#2062));
#1046=AXIS2_PLACEMENT_3D('',#2063,#2064,#2065);
#1047=SURFACE_SIDE_STYLE('',(#2066));
#1048=EDGE_LOOP('',(#2067,#2068,#2069,#2070));
#1049=AXIS2_PLACEMENT_3D('',#2071,#2072,#2073);
#1050=SURFACE_SIDE_STYLE('',(#2074));
#1051=EDGE_LOOP('',(#2075,#2076,#2077,#2078));
#1052=AXIS2_PLACEMENT_3D('',#2079,#2080,#2081);
#1053=SURFACE_SIDE_STYLE('',(#2082));
#1054=EDGE_LOOP('',(#2083,#2084,#2085,#2086));
#1055=AXIS2_PLACEMENT_3D('',#2087,#2088,#2089);
#1056=SURFACE_SIDE_STYLE('',(#2090));
#1057=EDGE_LOOP('',(#2091,#2092,#2093,#2094));
#1058=AXIS2_PLACEMENT_3D('',#2095,#2096,#2097);
#1059=SURFACE_SIDE_STYLE('',(#2098));
#1060=EDGE_LOOP('',(#2099,#2100,#2101,#2102));
#1061=AXIS2_PLACEMENT_3D('',#2103,#2104,#2105);
#1062=SURFACE_SIDE_STYLE('',(#2106));
#1063=EDGE_LOOP('',(#2107,#2108,#2109,#2110));
#1064=AXIS2_PLACEMENT_3D('',#2111,#2112,#2113);
#1065=SURFACE_SIDE_STYLE('',(#2114));
#1066=EDGE_LOOP('',(#2115,#2116,#2117,#2118));
#1067=AXIS2_PLACEMENT_3D('',#2119,#2120,#2121);
#1068=SURFACE_SIDE_STYLE('',(#2122));
#1069=EDGE_LOOP('',(#2123,#2124,#2125,#2126));
#1070=AXIS2_PLACEMENT_3D('',#2127,#2128,#2129);
#1071=SURFACE_SIDE_STYLE('',(#2130));
#1072=EDGE_LOOP('',(#2131,#2132,#2133,#2134));
#1073=AXIS2_PLACEMENT_3D('',#2135,#2136,#2137);
#1074=SURFACE_SIDE_STYLE('',(#2138));
#1075=EDGE_LOOP('',(#2139,#2140,#2141,#2142));
#1076=EDGE_LOOP('',(#2143,#2144,#2145,#2146));
#1077=EDGE_LOOP('',(#2147,#2148,#2149,#2150));
#1078=EDGE_LOOP('',(#2151,#2152,#2153,#2154,#2155,#2156,#2157,#2158,#2159,#2160,#2161,#2162,#2163));
#1079=EDGE_LOOP('',(#2164,#2165,#2166,#2167,#2168,#2169));
#1080=AXIS2_PLACEMENT_3D('',#2170,#2171,#2172);
#1081=SURFACE_SIDE_STYLE('',(#2173));
#1082=EDGE_LOOP('',(#2174,#2175,#2176,#2177));
#1083=AXIS2_PLACEMENT_3D('',#2178,#2179,#2180);
#1084=SURFACE_SIDE_STYLE('',(#2181));
#1085=EDGE_LOOP('',(#2182,#2183,#2184,#2185));
#1086=AXIS2_PLACEMENT_3D('',#2186,#2187,#2188);
#1087=SURFACE_SIDE_STYLE('',(#2189));
#1088=EDGE_LOOP('',(#2190,#2191,#2192,#2193));
#1089=AXIS2_PLACEMENT_3D('',#2194,#2195,#2196);
#1090=SURFACE_SIDE_STYLE('',(#2197));
#1091=EDGE_LOOP('',(#2198,#2199,#2200,#2201));
#1092=AXIS2_PLACEMENT_3D('',#2202,#2203,#2204);
#1093=SURFACE_SIDE_STYLE('',(#2205));
#1094=EDGE_LOOP('',(#2206,#2207,#2208,#2209));
#1095=AXIS2_PLACEMENT_3D('',#2210,#2211,#2212);
#1097=SURFACE_STYLE_FILL_AREA(#2213);
#1098=ORIENTED_EDGE('',*,*,#2214,.F.);
#1099=ORIENTED_EDGE('',*,*,#2215,.F.);
#1100=ORIENTED_EDGE('',*,*,#2216,.T.);
#1101=ORIENTED_EDGE('',*,*,#2217,.F.);
#1102=CARTESIAN_POINT('',(-8.4836,-4.801,0.0));
#1103=DIRECTION('',(1.0,-1.22464679914735E-16,0.0));
#1104=DIRECTION('',(0.0,0.0,1.0));
#1105=SURFACE_STYLE_FILL_AREA(#2218);
#1106=ORIENTED_EDGE('',*,*,#2219,.F.);
#1107=ORIENTED_EDGE('',*,*,#2220,.T.);
#1108=ORIENTED_EDGE('',*,*,#2221,.T.);
#1109=ORIENTED_EDGE('',*,*,#2222,.T.);
#1110=ORIENTED_EDGE('',*,*,#2223,.T.);
#1111=ORIENTED_EDGE('',*,*,#2215,.T.);
#1112=CARTESIAN_POINT('',(-7.9248,-4.801,-0.5588));
#1113=DIRECTION('',(0.0,0.0,1.0));
#1114=DIRECTION('',(-1.0,1.22464679914735E-16,0.0));
#1115=SURFACE_STYLE_FILL_AREA(#2224);
#1116=ORIENTED_EDGE('',*,*,#2225,.F.);
#1117=ORIENTED_EDGE('',*,*,#2226,.F.);
#1118=ORIENTED_EDGE('',*,*,#2227,.F.);
#1119=ORIENTED_EDGE('',*,*,#2228,.F.);
#1120=ORIENTED_EDGE('',*,*,#2229,.F.);
#1121=CARTESIAN_POINT('',(-6.8072,-5.8470681230945,-0.808087080525457));
#1122=DIRECTION('',(-1.0,1.22464679914735E-16,6.12323399573676E-17));
#1123=DIRECTION('',(-6.12323399573676E-17,7.49879891330929E-33,-1.0));
#1124=SURFACE_STYLE_FILL_AREA(#2230);
#1125=ORIENTED_EDGE('',*,*,#2231,.F.);
#1126=ORIENTED_EDGE('',*,*,#2232,.F.);
#1127=ORIENTED_EDGE('',*,*,#2233,.F.);
#1128=ORIENTED_EDGE('',*,*,#2234,.F.);
#1129=ORIENTED_EDGE('',*,*,#2222,.F.);
#1130=CARTESIAN_POINT('',(-6.8072,-5.8470681230945,0.808087080525457));
#1131=DIRECTION('',(-1.0,1.22464679914735E-16,6.12323399573676E-17));
#1132=DIRECTION('',(-6.12323399573676E-17,7.49879891330929E-33,-1.0));
#1133=SURFACE_STYLE_FILL_AREA(#2235);
#1134=ORIENTED_EDGE('',*,*,#2233,.T.);
#1135=ORIENTED_EDGE('',*,*,#2232,.T.);
#1136=ORIENTED_EDGE('',*,*,#2236,.T.);
#1137=ORIENTED_EDGE('',*,*,#2229,.T.);
#1138=ORIENTED_EDGE('',*,*,#2228,.T.);
#1139=ORIENTED_EDGE('',*,*,#2237,.F.);
#1140=CARTESIAN_POINT('',(-7.92480000000002,-6.5532,-1.1176));
#1141=DIRECTION('',(0.0,0.0,1.0));
#1142=DIRECTION('',(-1.0,1.22464679914735E-16,0.0));
#1143=SURFACE_STYLE_FILL_AREA(#2238);
#1144=ORIENTED_EDGE('',*,*,#2234,.T.);
#1145=ORIENTED_EDGE('',*,*,#2237,.T.);
#1146=ORIENTED_EDGE('',*,*,#2227,.T.);
#1147=ORIENTED_EDGE('',*,*,#2239,.F.);
#1148=ORIENTED_EDGE('',*,*,#2216,.F.);
#1149=ORIENTED_EDGE('',*,*,#2223,.F.);
#1150=CARTESIAN_POINT('',(-6.98853302039516,-5.76292350670147,-1.1176));
#1151=DIRECTION('',(0.0,0.0,1.0));
#1152=DIRECTION('',(-1.0,1.22464679914735E-16,0.0));
#1153=SURFACE_STYLE_FILL_AREA(#2240);
#1154=ORIENTED_EDGE('',*,*,#2231,.T.);
#1155=ORIENTED_EDGE('',*,*,#2221,.F.);
#1156=ORIENTED_EDGE('',*,*,#2241,.F.);
#1157=ORIENTED_EDGE('',*,*,#2242,.F.);
#1158=ORIENTED_EDGE('',*,*,#2225,.T.);
#1159=ORIENTED_EDGE('',*,*,#2236,.F.);
#1160=CARTESIAN_POINT('',(-8.86106697960484,-5.76292350670147,-1.1176));
#1161=DIRECTION('',(0.0,0.0,1.0));
#1162=DIRECTION('',(-1.0,1.22464679914735E-16,0.0));
#1163=SURFACE_STYLE_FILL_AREA(#2243);
#1164=ORIENTED_EDGE('',*,*,#2244,.F.);
#1165=ORIENTED_EDGE('',*,*,#2245,.F.);
#1166=ORIENTED_EDGE('',*,*,#2241,.T.);
#1167=ORIENTED_EDGE('',*,*,#2220,.F.);
#1168=CARTESIAN_POINT('',(-7.366,-4.801,0.0));
#1169=DIRECTION('',(-1.0,1.22464679914735E-16,0.0));
#1170=DIRECTION('',(0.0,0.0,-1.0));
#1171=SURFACE_STYLE_FILL_AREA(#2246);
#1172=ORIENTED_EDGE('',*,*,#2247,.F.);
#1173=ORIENTED_EDGE('',*,*,#2217,.T.);
#1174=ORIENTED_EDGE('',*,*,#2239,.T.);
#1175=ORIENTED_EDGE('',*,*,#2226,.T.);
#1176=ORIENTED_EDGE('',*,*,#2242,.T.);
#1177=ORIENTED_EDGE('',*,*,#2245,.T.);
#1178=CARTESIAN_POINT('',(-7.9248,-4.801,0.5588));
#1179=DIRECTION('',(0.0,0.0,1.0));
#1180=DIRECTION('',(-1.0,1.22464679914735E-16,0.0));
#1181=SURFACE_STYLE_FILL_AREA(#2248);
#1182=ORIENTED_EDGE('',*,*,#2249,.F.);
#1183=ORIENTED_EDGE('',*,*,#2250,.F.);
#1184=ORIENTED_EDGE('',*,*,#2251,.T.);
#1185=ORIENTED_EDGE('',*,*,#2252,.F.);
#1186=CARTESIAN_POINT('',(-4.5212,-4.801,0.0));
#1187=DIRECTION('',(1.0,-1.22464679914735E-16,0.0));
#1188=DIRECTION('',(0.0,0.0,1.0));
#1189=SURFACE_STYLE_FILL_AREA(#2253);
#1190=ORIENTED_EDGE('',*,*,#2254,.F.);
#1191=ORIENTED_EDGE('',*,*,#2255,.T.);
#1192=ORIENTED_EDGE('',*,*,#2256,.T.);
#1193=ORIENTED_EDGE('',*,*,#2257,.T.);
#1194=ORIENTED_EDGE('',*,*,#2258,.T.);
#1195=ORIENTED_EDGE('',*,*,#2250,.T.);
#1196=CARTESIAN_POINT('',(-3.9624,-4.801,-0.5588));
#1197=DIRECTION('',(0.0,0.0,1.0));
#1198=DIRECTION('',(-1.0,1.22464679914735E-16,0.0));
#1199=SURFACE_STYLE_FILL_AREA(#2259);
#1200=ORIENTED_EDGE('',*,*,#2260,.F.);
#1201=ORIENTED_EDGE('',*,*,#2261,.F.);
#1202=ORIENTED_EDGE('',*,*,#2262,.F.);
#1203=ORIENTED_EDGE('',*,*,#2263,.F.);
#1204=ORIENTED_EDGE('',*,*,#2264,.F.);
#1205=CARTESIAN_POINT('',(-2.8448,-5.8470681230945,-0.808087080525457));
#1206=DIRECTION('',(-1.0,1.22464679914735E-16,6.12323399573676E-17));
#1207=DIRECTION('',(-6.12323399573676E-17,7.49879891330929E-33,-1.0));
#1208=SURFACE_STYLE_FILL_AREA(#2265);
#1209=ORIENTED_EDGE('',*,*,#2266,.F.);
#1210=ORIENTED_EDGE('',*,*,#2267,.F.);
#1211=ORIENTED_EDGE('',*,*,#2268,.F.);
#1212=ORIENTED_EDGE('',*,*,#2269,.F.);
#1213=ORIENTED_EDGE('',*,*,#2257,.F.);
#1214=CARTESIAN_POINT('',(-2.8448,-5.8470681230945,0.808087080525457));
#1215=DIRECTION('',(-1.0,1.22464679914735E-16,6.12323399573676E-17));
#1216=DIRECTION('',(-6.12323399573676E-17,7.49879891330929E-33,-1.0));
#1217=SURFACE_STYLE_FILL_AREA(#2270);
#1218=ORIENTED_EDGE('',*,*,#2268,.T.);
#1219=ORIENTED_EDGE('',*,*,#2267,.T.);
#1220=ORIENTED_EDGE('',*,*,#2271,.T.);
#1221=ORIENTED_EDGE('',*,*,#2264,.T.);
#1222=ORIENTED_EDGE('',*,*,#2263,.T.);
#1223=ORIENTED_EDGE('',*,*,#2272,.F.);
#1224=CARTESIAN_POINT('',(-3.96240000000002,-6.5532,-1.1176));
#1225=DIRECTION('',(0.0,0.0,1.0));
#1226=DIRECTION('',(-1.0,1.22464679914735E-16,0.0));
#1227=SURFACE_STYLE_FILL_AREA(#2273);
#1228=ORIENTED_EDGE('',*,*,#2269,.T.);
#1229=ORIENTED_EDGE('',*,*,#2272,.T.);
#1230=ORIENTED_EDGE('',*,*,#2262,.T.);
#1231=ORIENTED_EDGE('',*,*,#2274,.F.);
#1232=ORIENTED_EDGE('',*,*,#2251,.F.);
#1233=ORIENTED_EDGE('',*,*,#2258,.F.);
#1234=CARTESIAN_POINT('',(-3.02613302039516,-5.76292350670147,-1.1176));
#1235=DIRECTION('',(0.0,0.0,1.0));
#1236=DIRECTION('',(-1.0,1.22464679914735E-16,0.0));
#1237=SURFACE_STYLE_FILL_AREA(#2275);
#1238=ORIENTED_EDGE('',*,*,#2266,.T.);
#1239=ORIENTED_EDGE('',*,*,#2256,.F.);
#1240=ORIENTED_EDGE('',*,*,#2276,.F.);
#1241=ORIENTED_EDGE('',*,*,#2277,.F.);
#1242=ORIENTED_EDGE('',*,*,#2260,.T.);
#1243=ORIENTED_EDGE('',*,*,#2271,.F.);
#1244=CARTESIAN_POINT('',(-4.89866697960484,-5.76292350670147,-1.1176));
#1245=DIRECTION('',(0.0,0.0,1.0));
#1246=DIRECTION('',(-1.0,1.22464679914735E-16,0.0));
#1247=SURFACE_STYLE_FILL_AREA(#2278);
#1248=ORIENTED_EDGE('',*,*,#2279,.F.);
#1249=ORIENTED_EDGE('',*,*,#2280,.F.);
#1250=ORIENTED_EDGE('',*,*,#2276,.T.);
#1251=ORIENTED_EDGE('',*,*,#2255,.F.);
#1252=CARTESIAN_POINT('',(-3.4036,-4.801,0.0));
#1253=DIRECTION('',(-1.0,1.22464679914735E-16,0.0));
#1254=DIRECTION('',(0.0,0.0,-1.0));
#1255=SURFACE_STYLE_FILL_AREA(#2281);
#1256=ORIENTED_EDGE('',*,*,#2282,.F.);
#1257=ORIENTED_EDGE('',*,*,#2252,.T.);
#1258=ORIENTED_EDGE('',*,*,#2274,.T.);
#1259=ORIENTED_EDGE('',*,*,#2261,.T.);
#1260=ORIENTED_EDGE('',*,*,#2277,.T.);
#1261=ORIENTED_EDGE('',*,*,#2280,.T.);
#1262=CARTESIAN_POINT('',(-3.9624,-4.801,0.5588));
#1263=DIRECTION('',(0.0,0.0,1.0));
#1264=DIRECTION('',(-1.0,1.22464679914735E-16,0.0));
#1265=SURFACE_STYLE_FILL_AREA(#2283);
#1266=ORIENTED_EDGE('',*,*,#2284,.F.);
#1267=ORIENTED_EDGE('',*,*,#2285,.F.);
#1268=ORIENTED_EDGE('',*,*,#2286,.T.);
#1269=ORIENTED_EDGE('',*,*,#2287,.F.);
#1270=CARTESIAN_POINT('',(-0.5588,-4.801,0.0));
#1271=DIRECTION('',(1.0,-1.22464679914735E-16,0.0));
#1272=DIRECTION('',(0.0,0.0,1.0));
#1273=SURFACE_STYLE_FILL_AREA(#2288);
#1274=ORIENTED_EDGE('',*,*,#2289,.F.);
#1275=ORIENTED_EDGE('',*,*,#2290,.T.);
#1276=ORIENTED_EDGE('',*,*,#2291,.T.);
#1277=ORIENTED_EDGE('',*,*,#2292,.T.);
#1278=ORIENTED_EDGE('',*,*,#2293,.T.);
#1279=ORIENTED_EDGE('',*,*,#2285,.T.);
#1280=CARTESIAN_POINT('',(0.0,-4.801,-0.5588));
#1281=DIRECTION('',(0.0,0.0,1.0));
#1282=DIRECTION('',(-1.0,1.22464679914735E-16,0.0));
#1283=SURFACE_STYLE_FILL_AREA(#2294);
#1284=ORIENTED_EDGE('',*,*,#2295,.F.);
#1285=ORIENTED_EDGE('',*,*,#2296,.F.);
#1286=ORIENTED_EDGE('',*,*,#2297,.F.);
#1287=ORIENTED_EDGE('',*,*,#2298,.F.);
#1288=ORIENTED_EDGE('',*,*,#2299,.F.);
#1289=CARTESIAN_POINT('',(1.1176,-5.8470681230945,-0.808087080525457));
#1290=DIRECTION('',(-1.0,1.22464679914735E-16,6.12323399573676E-17));
#1291=DIRECTION('',(-6.12323399573676E-17,7.49879891330929E-33,-1.0));
#1292=SURFACE_STYLE_FILL_AREA(#2300);
#1293=ORIENTED_EDGE('',*,*,#2301,.F.);
#1294=ORIENTED_EDGE('',*,*,#2302,.F.);
#1295=ORIENTED_EDGE('',*,*,#2303,.F.);
#1296=ORIENTED_EDGE('',*,*,#2304,.F.);
#1297=ORIENTED_EDGE('',*,*,#2292,.F.);
#1298=CARTESIAN_POINT('',(1.1176,-5.8470681230945,0.808087080525457));
#1299=DIRECTION('',(-1.0,1.22464679914735E-16,6.12323399573676E-17));
#1300=DIRECTION('',(-6.12323399573676E-17,7.49879891330929E-33,-1.0));
#1301=SURFACE_STYLE_FILL_AREA(#2305);
#1302=ORIENTED_EDGE('',*,*,#2303,.T.);
#1303=ORIENTED_EDGE('',*,*,#2302,.T.);
#1304=ORIENTED_EDGE('',*,*,#2306,.T.);
#1305=ORIENTED_EDGE('',*,*,#2299,.T.);
#1306=ORIENTED_EDGE('',*,*,#2298,.T.);
#1307=ORIENTED_EDGE('',*,*,#2307,.F.);
#1308=CARTESIAN_POINT('',(-1.95399252334028E-14,-6.5532,-1.1176));
#1309=DIRECTION('',(0.0,0.0,1.0));
#1310=DIRECTION('',(-1.0,1.22464679914735E-16,0.0));
#1311=SURFACE_STYLE_FILL_AREA(#2308);
#1312=ORIENTED_EDGE('',*,*,#2304,.T.);
#1313=ORIENTED_EDGE('',*,*,#2307,.T.);
#1314=ORIENTED_EDGE('',*,*,#2297,.T.);
#1315=ORIENTED_EDGE('',*,*,#2309,.F.);
#1316=ORIENTED_EDGE('',*,*,#2286,.F.);
#1317=ORIENTED_EDGE('',*,*,#2293,.F.);
#1318=CARTESIAN_POINT('',(0.936266979604838,-5.76292350670147,-1.1176));
#1319=DIRECTION('',(0.0,0.0,1.0));
#1320=DIRECTION('',(-1.0,1.22464679914735E-16,0.0));
#1321=SURFACE_STYLE_FILL_AREA(#2310);
#1322=ORIENTED_EDGE('',*,*,#2301,.T.);
#1323=ORIENTED_EDGE('',*,*,#2291,.F.);
#1324=ORIENTED_EDGE('',*,*,#2311,.F.);
#1325=ORIENTED_EDGE('',*,*,#2312,.F.);
#1326=ORIENTED_EDGE('',*,*,#2295,.T.);
#1327=ORIENTED_EDGE('',*,*,#2306,.F.);
#1328=CARTESIAN_POINT('',(-0.936266979604842,-5.76292350670147,-1.1176));
#1329=DIRECTION('',(0.0,0.0,1.0));
#1330=DIRECTION('',(-1.0,1.22464679914735E-16,0.0));
#1331=SURFACE_STYLE_FILL_AREA(#2313);
#1332=ORIENTED_EDGE('',*,*,#2314,.F.);
#1333=ORIENTED_EDGE('',*,*,#2315,.F.);
#1334=ORIENTED_EDGE('',*,*,#2311,.T.);
#1335=ORIENTED_EDGE('',*,*,#2290,.F.);
#1336=CARTESIAN_POINT('',(0.5588,-4.801,0.0));
#1337=DIRECTION('',(-1.0,1.22464679914735E-16,0.0));
#1338=DIRECTION('',(0.0,0.0,-1.0));
#1339=SURFACE_STYLE_FILL_AREA(#2316);
#1340=ORIENTED_EDGE('',*,*,#2317,.F.);
#1341=ORIENTED_EDGE('',*,*,#2287,.T.);
#1342=ORIENTED_EDGE('',*,*,#2309,.T.);
#1343=ORIENTED_EDGE('',*,*,#2296,.T.);
#1344=ORIENTED_EDGE('',*,*,#2312,.T.);
#1345=ORIENTED_EDGE('',*,*,#2315,.T.);
#1346=CARTESIAN_POINT('',(0.0,-4.801,0.5588));
#1347=DIRECTION('',(0.0,0.0,1.0));
#1348=DIRECTION('',(-1.0,1.22464679914735E-16,0.0));
#1349=SURFACE_STYLE_FILL_AREA(#2318);
#1350=ORIENTED_EDGE('',*,*,#2319,.F.);
#1351=ORIENTED_EDGE('',*,*,#2320,.T.);
#1352=ORIENTED_EDGE('',*,*,#2321,.T.);
#1353=ORIENTED_EDGE('',*,*,#2322,.T.);
#1354=CARTESIAN_POINT('',(-7.366,5.665,-0.5588));
#1355=DIRECTION('',(1.0,-5.7773964854735E-17,0.0));
#1356=DIRECTION('',(5.7773964854735E-17,1.0,0.0));
#1357=SURFACE_STYLE_FILL_AREA(#2323);
#1358=ORIENTED_EDGE('',*,*,#2324,.F.);
#1359=ORIENTED_EDGE('',*,*,#2325,.F.);
#1360=ORIENTED_EDGE('',*,*,#2326,.T.);
#1361=ORIENTED_EDGE('',*,*,#2327,.T.);
#1362=ORIENTED_EDGE('',*,*,#2328,.T.);
#1363=ORIENTED_EDGE('',*,*,#2320,.F.);
#1364=CARTESIAN_POINT('',(-7.9248,5.665,-0.5588));
#1365=DIRECTION('',(0.0,0.0,1.0));
#1366=DIRECTION('',(1.0,0.0,0.0));
#1367=SURFACE_STYLE_FILL_AREA(#2329);
#1368=ORIENTED_EDGE('',*,*,#2330,.F.);
#1369=ORIENTED_EDGE('',*,*,#2331,.F.);
#1370=ORIENTED_EDGE('',*,*,#2332,.F.);
#1371=ORIENTED_EDGE('',*,*,#2333,.F.);
#1372=ORIENTED_EDGE('',*,*,#2334,.F.);
#1373=CARTESIAN_POINT('',(-9.0424,10.4190681230945,-0.808087080525457));
#1374=DIRECTION('',(1.0,0.0,6.12323399573676E-17));
#1375=DIRECTION('',(6.12323399573676E-17,0.0,-1.0));
#1376=SURFACE_STYLE_FILL_AREA(#2335);
#1377=ORIENTED_EDGE('',*,*,#2336,.F.);
#1378=ORIENTED_EDGE('',*,*,#2337,.F.);
#1379=ORIENTED_EDGE('',*,*,#2338,.F.);
#1380=ORIENTED_EDGE('',*,*,#2339,.F.);
#1381=ORIENTED_EDGE('',*,*,#2327,.F.);
#1382=CARTESIAN_POINT('',(-9.0424,10.4190681230945,0.808087080525457));
#1383=DIRECTION('',(1.0,0.0,6.12323399573676E-17));
#1384=DIRECTION('',(6.12323399573676E-17,0.0,-1.0));
#1385=SURFACE_STYLE_FILL_AREA(#2340);
#1386=ORIENTED_EDGE('',*,*,#2338,.T.);
#1387=ORIENTED_EDGE('',*,*,#2337,.T.);
#1388=ORIENTED_EDGE('',*,*,#2341,.T.);
#1389=ORIENTED_EDGE('',*,*,#2334,.T.);
#1390=ORIENTED_EDGE('',*,*,#2333,.T.);
#1391=ORIENTED_EDGE('',*,*,#2342,.F.);
#1392=CARTESIAN_POINT('',(-7.92479999999998,11.1252,-1.1176));
#1393=DIRECTION('',(0.0,0.0,1.0));
#1394=DIRECTION('',(1.0,0.0,0.0));
#1395=SURFACE_STYLE_FILL_AREA(#2343);
#1396=ORIENTED_EDGE('',*,*,#2339,.T.);
#1397=ORIENTED_EDGE('',*,*,#2342,.T.);
#1398=ORIENTED_EDGE('',*,*,#2332,.T.);
#1399=ORIENTED_EDGE('',*,*,#2344,.F.);
#1400=ORIENTED_EDGE('',*,*,#2321,.F.);
#1401=ORIENTED_EDGE('',*,*,#2328,.F.);
#1402=CARTESIAN_POINT('',(-8.86106697960484,10.3349235067015,-1.1176));
#1403=DIRECTION('',(0.0,0.0,1.0));
#1404=DIRECTION('',(1.0,0.0,0.0));
#1405=SURFACE_STYLE_FILL_AREA(#2345);
#1406=ORIENTED_EDGE('',*,*,#2336,.T.);
#1407=ORIENTED_EDGE('',*,*,#2326,.F.);
#1408=ORIENTED_EDGE('',*,*,#2346,.F.);
#1409=ORIENTED_EDGE('',*,*,#2347,.F.);
#1410=ORIENTED_EDGE('',*,*,#2330,.T.);
#1411=ORIENTED_EDGE('',*,*,#2341,.F.);
#1412=CARTESIAN_POINT('',(-6.98853302039516,10.3349235067015,-1.1176));
#1413=DIRECTION('',(0.0,0.0,1.0));
#1414=DIRECTION('',(1.0,0.0,0.0));
#1415=SURFACE_STYLE_FILL_AREA(#2348);
#1416=ORIENTED_EDGE('',*,*,#2349,.F.);
#1417=ORIENTED_EDGE('',*,*,#2322,.F.);
#1418=ORIENTED_EDGE('',*,*,#2344,.T.);
#1419=ORIENTED_EDGE('',*,*,#2331,.T.);
#1420=ORIENTED_EDGE('',*,*,#2347,.T.);
#1421=ORIENTED_EDGE('',*,*,#2350,.F.);
#1422=CARTESIAN_POINT('',(-7.9248,5.665,0.5588));
#1423=DIRECTION('',(0.0,0.0,1.0));
#1424=DIRECTION('',(1.0,0.0,0.0));
#1425=SURFACE_STYLE_FILL_AREA(#2351);
#1426=ORIENTED_EDGE('',*,*,#2352,.F.);
#1427=ORIENTED_EDGE('',*,*,#2350,.T.);
#1428=ORIENTED_EDGE('',*,*,#2346,.T.);
#1429=ORIENTED_EDGE('',*,*,#2325,.T.);
#1430=CARTESIAN_POINT('',(-8.4836,5.665,-0.5588));
#1431=DIRECTION('',(-1.0,5.7773964854735E-17,0.0));
#1432=DIRECTION('',(-5.7773964854735E-17,-1.0,0.0));
#1433=SURFACE_STYLE_FILL_AREA(#2353);
#1434=ORIENTED_EDGE('',*,*,#2354,.F.);
#1435=ORIENTED_EDGE('',*,*,#2355,.T.);
#1436=ORIENTED_EDGE('',*,*,#2356,.T.);
#1437=ORIENTED_EDGE('',*,*,#2357,.T.);
#1438=CARTESIAN_POINT('',(-3.4036,5.665,-0.5588));
#1439=DIRECTION('',(1.0,-5.7773964854735E-17,0.0));
#1440=DIRECTION('',(5.7773964854735E-17,1.0,0.0));
#1441=SURFACE_STYLE_FILL_AREA(#2358);
#1442=ORIENTED_EDGE('',*,*,#2359,.F.);
#1443=ORIENTED_EDGE('',*,*,#2360,.F.);
#1444=ORIENTED_EDGE('',*,*,#2361,.T.);
#1445=ORIENTED_EDGE('',*,*,#2362,.T.);
#1446=ORIENTED_EDGE('',*,*,#2363,.T.);
#1447=ORIENTED_EDGE('',*,*,#2355,.F.);
#1448=CARTESIAN_POINT('',(-3.9624,5.665,-0.5588));
#1449=DIRECTION('',(0.0,0.0,1.0));
#1450=DIRECTION('',(1.0,0.0,0.0));
#1451=SURFACE_STYLE_FILL_AREA(#2364);
#1452=ORIENTED_EDGE('',*,*,#2365,.F.);
#1453=ORIENTED_EDGE('',*,*,#2366,.F.);
#1454=ORIENTED_EDGE('',*,*,#2367,.F.);
#1455=ORIENTED_EDGE('',*,*,#2368,.F.);
#1456=ORIENTED_EDGE('',*,*,#2369,.F.);
#1457=CARTESIAN_POINT('',(-5.08,10.4190681230945,-0.808087080525457));
#1458=DIRECTION('',(1.0,0.0,6.12323399573676E-17));
#1459=DIRECTION('',(6.12323399573676E-17,0.0,-1.0));
#1460=SURFACE_STYLE_FILL_AREA(#2370);
#1461=ORIENTED_EDGE('',*,*,#2371,.F.);
#1462=ORIENTED_EDGE('',*,*,#2372,.F.);
#1463=ORIENTED_EDGE('',*,*,#2373,.F.);
#1464=ORIENTED_EDGE('',*,*,#2374,.F.);
#1465=ORIENTED_EDGE('',*,*,#2362,.F.);
#1466=CARTESIAN_POINT('',(-5.08,10.4190681230945,0.808087080525457));
#1467=DIRECTION('',(1.0,0.0,6.12323399573676E-17));
#1468=DIRECTION('',(6.12323399573676E-17,0.0,-1.0));
#1469=SURFACE_STYLE_FILL_AREA(#2375);
#1470=ORIENTED_EDGE('',*,*,#2373,.T.);
#1471=ORIENTED_EDGE('',*,*,#2372,.T.);
#1472=ORIENTED_EDGE('',*,*,#2376,.T.);
#1473=ORIENTED_EDGE('',*,*,#2369,.T.);
#1474=ORIENTED_EDGE('',*,*,#2368,.T.);
#1475=ORIENTED_EDGE('',*,*,#2377,.F.);
#1476=CARTESIAN_POINT('',(-3.96239999999998,11.1252,-1.1176));
#1477=DIRECTION('',(0.0,0.0,1.0));
#1478=DIRECTION('',(1.0,0.0,0.0));
#1479=SURFACE_STYLE_FILL_AREA(#2378);
#1480=ORIENTED_EDGE('',*,*,#2374,.T.);
#1481=ORIENTED_EDGE('',*,*,#2377,.T.);
#1482=ORIENTED_EDGE('',*,*,#2367,.T.);
#1483=ORIENTED_EDGE('',*,*,#2379,.F.);
#1484=ORIENTED_EDGE('',*,*,#2356,.F.);
#1485=ORIENTED_EDGE('',*,*,#2363,.F.);
#1486=CARTESIAN_POINT('',(-4.89866697960484,10.3349235067015,-1.1176));
#1487=DIRECTION('',(0.0,0.0,1.0));
#1488=DIRECTION('',(1.0,0.0,0.0));
#1489=SURFACE_STYLE_FILL_AREA(#2380);
#1490=ORIENTED_EDGE('',*,*,#2371,.T.);
#1491=ORIENTED_EDGE('',*,*,#2361,.F.);
#1492=ORIENTED_EDGE('',*,*,#2381,.F.);
#1493=ORIENTED_EDGE('',*,*,#2382,.F.);
#1494=ORIENTED_EDGE('',*,*,#2365,.T.);
#1495=ORIENTED_EDGE('',*,*,#2376,.F.);
#1496=CARTESIAN_POINT('',(-3.02613302039516,10.3349235067015,-1.1176));
#1497=DIRECTION('',(0.0,0.0,1.0));
#1498=DIRECTION('',(1.0,0.0,0.0));
#1499=SURFACE_STYLE_FILL_AREA(#2383);
#1500=ORIENTED_EDGE('',*,*,#2384,.F.);
#1501=ORIENTED_EDGE('',*,*,#2357,.F.);
#1502=ORIENTED_EDGE('',*,*,#2379,.T.);
#1503=ORIENTED_EDGE('',*,*,#2366,.T.);
#1504=ORIENTED_EDGE('',*,*,#2382,.T.);
#1505=ORIENTED_EDGE('',*,*,#2385,.F.);
#1506=CARTESIAN_POINT('',(-3.9624,5.665,0.5588));
#1507=DIRECTION('',(0.0,0.0,1.0));
#1508=DIRECTION('',(1.0,0.0,0.0));
#1509=SURFACE_STYLE_FILL_AREA(#2386);
#1510=ORIENTED_EDGE('',*,*,#2387,.F.);
#1511=ORIENTED_EDGE('',*,*,#2385,.T.);
#1512=ORIENTED_EDGE('',*,*,#2381,.T.);
#1513=ORIENTED_EDGE('',*,*,#2360,.T.);
#1514=CARTESIAN_POINT('',(-4.5212,5.665,-0.5588));
#1515=DIRECTION('',(-1.0,5.7773964854735E-17,0.0));
#1516=DIRECTION('',(-5.7773964854735E-17,-1.0,0.0));
#1517=SURFACE_STYLE_FILL_AREA(#2388);
#1518=ORIENTED_EDGE('',*,*,#2389,.F.);
#1519=ORIENTED_EDGE('',*,*,#2390,.T.);
#1520=ORIENTED_EDGE('',*,*,#2391,.T.);
#1521=ORIENTED_EDGE('',*,*,#2392,.T.);
#1522=CARTESIAN_POINT('',(0.5588,5.665,-0.5588));
#1523=DIRECTION('',(1.0,-5.7773964854735E-17,0.0));
#1524=DIRECTION('',(5.7773964854735E-17,1.0,0.0));
#1525=SURFACE_STYLE_FILL_AREA(#2393);
#1526=ORIENTED_EDGE('',*,*,#2394,.F.);
#1527=ORIENTED_EDGE('',*,*,#2395,.F.);
#1528=ORIENTED_EDGE('',*,*,#2396,.T.);
#1529=ORIENTED_EDGE('',*,*,#2397,.T.);
#1530=ORIENTED_EDGE('',*,*,#2398,.T.);
#1531=ORIENTED_EDGE('',*,*,#2390,.F.);
#1532=CARTESIAN_POINT('',(0.0,5.665,-0.5588));
#1533=DIRECTION('',(0.0,0.0,1.0));
#1534=DIRECTION('',(1.0,0.0,0.0));
#1535=SURFACE_STYLE_FILL_AREA(#2399);
#1536=ORIENTED_EDGE('',*,*,#2400,.F.);
#1537=ORIENTED_EDGE('',*,*,#2401,.F.);
#1538=ORIENTED_EDGE('',*,*,#2402,.F.);
#1539=ORIENTED_EDGE('',*,*,#2403,.F.);
#1540=ORIENTED_EDGE('',*,*,#2404,.F.);
#1541=CARTESIAN_POINT('',(-1.1176,10.4190681230945,-0.808087080525457));
#1542=DIRECTION('',(1.0,0.0,6.12323399573676E-17));
#1543=DIRECTION('',(6.12323399573676E-17,0.0,-1.0));
#1544=SURFACE_STYLE_FILL_AREA(#2405);
#1545=ORIENTED_EDGE('',*,*,#2406,.F.);
#1546=ORIENTED_EDGE('',*,*,#2407,.F.);
#1547=ORIENTED_EDGE('',*,*,#2408,.F.);
#1548=ORIENTED_EDGE('',*,*,#2409,.F.);
#1549=ORIENTED_EDGE('',*,*,#2397,.F.);
#1550=CARTESIAN_POINT('',(-1.1176,10.4190681230945,0.808087080525457));
#1551=DIRECTION('',(1.0,0.0,6.12323399573676E-17));
#1552=DIRECTION('',(6.12323399573676E-17,0.0,-1.0));
#1553=SURFACE_STYLE_FILL_AREA(#2410);
#1554=ORIENTED_EDGE('',*,*,#2408,.T.);
#1555=ORIENTED_EDGE('',*,*,#2407,.T.);
#1556=ORIENTED_EDGE('',*,*,#2411,.T.);
#1557=ORIENTED_EDGE('',*,*,#2404,.T.);
#1558=ORIENTED_EDGE('',*,*,#2403,.T.);
#1559=ORIENTED_EDGE('',*,*,#2412,.F.);
#1560=CARTESIAN_POINT('',(1.77635683940025E-14,11.1252,-1.1176));
#1561=DIRECTION('',(0.0,0.0,1.0));
#1562=DIRECTION('',(1.0,0.0,0.0));
#1563=SURFACE_STYLE_FILL_AREA(#2413);
#1564=ORIENTED_EDGE('',*,*,#2409,.T.);
#1565=ORIENTED_EDGE('',*,*,#2412,.T.);
#1566=ORIENTED_EDGE('',*,*,#2402,.T.);
#1567=ORIENTED_EDGE('',*,*,#2414,.F.);
#1568=ORIENTED_EDGE('',*,*,#2391,.F.);
#1569=ORIENTED_EDGE('',*,*,#2398,.F.);
#1570=CARTESIAN_POINT('',(-0.936266979604838,10.3349235067015,-1.1176));
#1571=DIRECTION('',(0.0,0.0,1.0));
#1572=DIRECTION('',(1.0,0.0,0.0));
#1573=SURFACE_STYLE_FILL_AREA(#2415);
#1574=ORIENTED_EDGE('',*,*,#2406,.T.);
#1575=ORIENTED_EDGE('',*,*,#2396,.F.);
#1576=ORIENTED_EDGE('',*,*,#2416,.F.);
#1577=ORIENTED_EDGE('',*,*,#2417,.F.);
#1578=ORIENTED_EDGE('',*,*,#2400,.T.);
#1579=ORIENTED_EDGE('',*,*,#2411,.F.);
#1580=CARTESIAN_POINT('',(0.93626697960484,10.3349235067015,-1.1176));
#1581=DIRECTION('',(0.0,0.0,1.0));
#1582=DIRECTION('',(1.0,0.0,0.0));
#1583=SURFACE_STYLE_FILL_AREA(#2418);
#1584=ORIENTED_EDGE('',*,*,#2419,.F.);
#1585=ORIENTED_EDGE('',*,*,#2392,.F.);
#1586=ORIENTED_EDGE('',*,*,#2414,.T.);
#1587=ORIENTED_EDGE('',*,*,#2401,.T.);
#1588=ORIENTED_EDGE('',*,*,#2417,.T.);
#1589=ORIENTED_EDGE('',*,*,#2420,.F.);
#1590=CARTESIAN_POINT('',(0.0,5.665,0.5588));
#1591=DIRECTION('',(0.0,0.0,1.0));
#1592=DIRECTION('',(1.0,0.0,0.0));
#1593=SURFACE_STYLE_FILL_AREA(#2421);
#1594=ORIENTED_EDGE('',*,*,#2422,.F.);
#1595=ORIENTED_EDGE('',*,*,#2420,.T.);
#1596=ORIENTED_EDGE('',*,*,#2416,.T.);
#1597=ORIENTED_EDGE('',*,*,#2395,.T.);
#1598=CARTESIAN_POINT('',(-0.5588,5.665,-0.5588));
#1599=DIRECTION('',(-1.0,5.7773964854735E-17,0.0));
#1600=DIRECTION('',(-5.7773964854735E-17,-1.0,0.0));
#1601=SURFACE_STYLE_FILL_AREA(#2423);
#1602=ORIENTED_EDGE('',*,*,#2424,.F.);
#1603=ORIENTED_EDGE('',*,*,#2425,.F.);
#1604=ORIENTED_EDGE('',*,*,#2426,.T.);
#1605=ORIENTED_EDGE('',*,*,#2427,.T.);
#1606=CARTESIAN_POINT('',(0.5588,-0.0499999999999998,3.56456666666667));
#1607=DIRECTION('',(1.0,0.0,0.0));
#1608=DIRECTION('',(0.0,6.12323399573676E-17,-1.0));
#1609=SURFACE_STYLE_FILL_AREA(#2428);
#1610=ORIENTED_EDGE('',*,*,#2429,.F.);
#1611=ORIENTED_EDGE('',*,*,#2427,.F.);
#1612=ORIENTED_EDGE('',*,*,#2430,.T.);
#1613=ORIENTED_EDGE('',*,*,#2431,.T.);
#1614=CARTESIAN_POINT('',(0.399945833333328,-0.0499999999999998,4.8354));
#1615=DIRECTION('',(0.0,-6.12323399573676E-17,1.0));
#1616=DIRECTION('',(1.0,0.0,0.0));
#1617=SURFACE_STYLE_FILL_AREA(#2432);
#1618=ORIENTED_EDGE('',*,*,#2433,.F.);
#1619=ORIENTED_EDGE('',*,*,#2431,.F.);
#1620=ORIENTED_EDGE('',*,*,#2434,.T.);
#1621=ORIENTED_EDGE('',*,*,#2435,.T.);
#1622=CARTESIAN_POINT('',(0.241091666666657,-0.0499999999999998,3.91404583333333));
#1623=DIRECTION('',(-1.0,0.0,0.0));
#1624=DIRECTION('',(0.0,-6.12323399573676E-17,1.0));
#1625=SURFACE_STYLE_FILL_AREA(#2436);
#1626=ORIENTED_EDGE('',*,*,#2437,.F.);
#1627=ORIENTED_EDGE('',*,*,#2435,.F.);
#1628=ORIENTED_EDGE('',*,*,#2438,.T.);
#1629=ORIENTED_EDGE('',*,*,#2439,.T.);
#1630=CARTESIAN_POINT('',(-0.0607312500000052,-0.0499999999999998,2.99269166666667));
#1631=DIRECTION('',(0.0,-6.12323399573676E-17,1.0));
#1632=DIRECTION('',(1.0,0.0,0.0));
#1633=SURFACE_STYLE_FILL_AREA(#2440);
#1634=ORIENTED_EDGE('',*,*,#2441,.F.);
#1635=ORIENTED_EDGE('',*,*,#2439,.F.);
#1636=ORIENTED_EDGE('',*,*,#2442,.T.);
#1637=ORIENTED_EDGE('',*,*,#2443,.T.);
#1638=CARTESIAN_POINT('',(-0.362554166666667,-0.0499999999999998,2.86560833333334));
#1639=DIRECTION('',(-1.0,0.0,0.0));
#1640=DIRECTION('',(0.0,-6.12323399573676E-17,1.0));
#1641=SURFACE_STYLE_FILL_AREA(#2444);
#1642=ORIENTED_EDGE('',*,*,#2445,.F.);
#1643=ORIENTED_EDGE('',*,*,#2443,.F.);
#1644=ORIENTED_EDGE('',*,*,#2446,.T.);
#1645=ORIENTED_EDGE('',*,*,#2447,.T.);
#1646=CARTESIAN_POINT('',(-0.330783333333342,-0.0499999999999998,2.738525));
#1647=DIRECTION('',(0.0,6.12323399573676E-17,-1.0));
#1648=DIRECTION('',(-1.0,0.0,0.0));
#1649=SURFACE_STYLE_FILL_AREA(#2448);
#1650=ORIENTED_EDGE('',*,*,#2449,.F.);
#1651=ORIENTED_EDGE('',*,*,#2447,.F.);
#1652=ORIENTED_EDGE('',*,*,#2450,.T.);
#1653=ORIENTED_EDGE('',*,*,#2451,.T.);
#1654=CARTESIAN_POINT('',(-0.219585416666673,-0.0499999999999998,2.72263958333334));
#1655=DIRECTION('',(-0.19611613513819,6.00432492895316E-17,-0.980580675690919));
#1656=DIRECTION('',(-0.980580675690919,-1.20086498579067E-17,0.19611613513819));
#1657=SURFACE_STYLE_FILL_AREA(#2452);
#1658=ORIENTED_EDGE('',*,*,#2453,.F.);
#1659=ORIENTED_EDGE('',*,*,#2451,.F.);
#1660=ORIENTED_EDGE('',*,*,#2454,.T.);
#1661=ORIENTED_EDGE('',*,*,#2455,.T.);
#1662=CARTESIAN_POINT('',(-0.0925020833333416,-0.0499999999999998,2.69086875));
#1663=DIRECTION('',(-0.316227766016949,5.80900982181035E-17,-0.948683298050477));
#1664=DIRECTION('',(-0.948683298050477,-1.93633660727088E-17,0.316227766016949));
#1665=SURFACE_STYLE_FILL_AREA(#2456);
#1666=ORIENTED_EDGE('',*,*,#2457,.F.);
#1667=ORIENTED_EDGE('',*,*,#2455,.F.);
#1668=ORIENTED_EDGE('',*,*,#2458,.T.);
#1669=ORIENTED_EDGE('',*,*,#2459,.T.);
#1670=CARTESIAN_POINT('',(0.0186958333333234,-0.0499999999999998,2.6432125));
#1671=DIRECTION('',(-0.447213595499888,5.47678698264224E-17,-0.894427190999951));
#1672=DIRECTION('',(-0.894427190999951,-2.73839349132058E-17,0.447213595499888));
#1673=SURFACE_STYLE_FILL_AREA(#2460);
#1674=ORIENTED_EDGE('',*,*,#2461,.F.);
#1675=ORIENTED_EDGE('',*,*,#2459,.F.);
#1676=ORIENTED_EDGE('',*,*,#2462,.T.);
#1677=ORIENTED_EDGE('',*,*,#2463,.T.);
#1678=CARTESIAN_POINT('',(0.129893749999992,-0.0499999999999998,2.56378541666667));
#1679=DIRECTION('',(-0.707106781186581,4.32978028117726E-17,-0.707106781186515));
#1680=DIRECTION('',(-0.707106781186515,-4.32978028117767E-17,0.707106781186581));
#1681=SURFACE_STYLE_FILL_AREA(#2464);
#1682=ORIENTED_EDGE('',*,*,#2465,.F.);
#1683=ORIENTED_EDGE('',*,*,#2463,.F.);
#1684=ORIENTED_EDGE('',*,*,#2466,.T.);
#1685=ORIENTED_EDGE('',*,*,#2467,.T.);
#1686=CARTESIAN_POINT('',(0.225206249999983,-0.0499999999999998,2.4525875));
#1687=DIRECTION('',(-0.800000000000024,3.67394039744186E-17,-0.599999999999968));
#1688=DIRECTION('',(-0.599999999999968,-4.89858719658956E-17,0.800000000000024));
#1689=SURFACE_STYLE_FILL_AREA(#2468);
#1690=ORIENTED_EDGE('',*,*,#2469,.F.);
#1691=ORIENTED_EDGE('',*,*,#2467,.F.);
#1692=ORIENTED_EDGE('',*,*,#2470,.T.);
#1693=ORIENTED_EDGE('',*,*,#2471,.T.);
#1694=CARTESIAN_POINT('',(0.288747916666649,-0.0499999999999998,2.34138958333333));
#1695=DIRECTION('',(-0.948683298050507,1.93633660727032E-17,-0.316227766016859));
#1696=DIRECTION('',(-0.316227766016859,-5.80900982181054E-17,0.948683298050507));
#1697=SURFACE_STYLE_FILL_AREA(#2472);
#1698=ORIENTED_EDGE('',*,*,#2473,.F.);
#1699=ORIENTED_EDGE('',*,*,#2471,.F.);
#1700=ORIENTED_EDGE('',*,*,#2474,.T.);
#1701=ORIENTED_EDGE('',*,*,#2425,.T.);
#1702=CARTESIAN_POINT('',(0.431716666666658,-0.0499999999999998,2.29373333333334));
#1703=DIRECTION('',(0.0,6.12323399573676E-17,-1.0));
#1704=DIRECTION('',(-1.0,0.0,0.0));
#1705=SURFACE_STYLE_FILL_AREA(#2475);
#1706=ORIENTED_EDGE('',*,*,#2446,.F.);
#1707=ORIENTED_EDGE('',*,*,#2442,.F.);
#1708=ORIENTED_EDGE('',*,*,#2438,.F.);
#1709=ORIENTED_EDGE('',*,*,#2434,.F.);
#1710=ORIENTED_EDGE('',*,*,#2430,.F.);
#1711=ORIENTED_EDGE('',*,*,#2426,.F.);
#1712=ORIENTED_EDGE('',*,*,#2474,.F.);
#1713=ORIENTED_EDGE('',*,*,#2470,.F.);
#1714=ORIENTED_EDGE('',*,*,#2466,.F.);
#1715=ORIENTED_EDGE('',*,*,#2462,.F.);
#1716=ORIENTED_EDGE('',*,*,#2458,.F.);
#1717=ORIENTED_EDGE('',*,*,#2454,.F.);
#1718=ORIENTED_EDGE('',*,*,#2450,.F.);
#1719=CARTESIAN_POINT('',(0.298309478971316,-0.0499999999999998,3.46868653674143));
#1720=DIRECTION('',(-0.0,1.0,6.12323399573676E-17));
#1721=DIRECTION('',(1.0,0.0,0.0));
#1722=SURFACE_STYLE_FILL_AREA(#2476);
#1723=ORIENTED_EDGE('',*,*,#2477,.F.);
#1724=ORIENTED_EDGE('',*,*,#2478,.F.);
#1725=ORIENTED_EDGE('',*,*,#2479,.T.);
#1726=ORIENTED_EDGE('',*,*,#2480,.F.);
#1727=CARTESIAN_POINT('',(-9.8298,2.598,-1.1811));
#1728=DIRECTION('',(0.0,0.0,1.0));
#1729=DIRECTION('',(1.0,0.0,0.0));
#1730=SURFACE_STYLE_FILL_AREA(#2481);
#1731=ORIENTED_EDGE('',*,*,#2482,.F.);
#1732=ORIENTED_EDGE('',*,*,#2483,.F.);
#1733=ORIENTED_EDGE('',*,*,#2484,.F.);
#1734=ORIENTED_EDGE('',*,*,#2485,.F.);
#1735=ORIENTED_EDGE('',*,*,#2486,.F.);
#1736=ORIENTED_EDGE('',*,*,#2487,.F.);
#1737=ORIENTED_EDGE('',*,*,#2488,.F.);
#1738=ORIENTED_EDGE('',*,*,#2489,.F.);
#1739=ORIENTED_EDGE('',*,*,#2490,.F.);
#1740=ORIENTED_EDGE('',*,*,#2491,.F.);
#1741=ORIENTED_EDGE('',*,*,#2492,.F.);
#1742=ORIENTED_EDGE('',*,*,#2493,.F.);
#1743=ORIENTED_EDGE('',*,*,#2494,.F.);
#1744=ORIENTED_EDGE('',*,*,#2478,.T.);
#1745=CARTESIAN_POINT('',(-7.9248,2.598,-6.1811));
#1746=DIRECTION('',(-1.0,0.0,0.0));
#1747=DIRECTION('',(0.0,0.0,1.0));
#1748=SURFACE_STYLE_FILL_AREA(#2495);
#1749=ORIENTED_EDGE('',*,*,#2480,.T.);
#1750=ORIENTED_EDGE('',*,*,#2496,.F.);
#1751=ORIENTED_EDGE('',*,*,#2497,.F.);
#1752=ORIENTED_EDGE('',*,*,#2498,.F.);
#1753=ORIENTED_EDGE('',*,*,#2499,.F.);
#1754=ORIENTED_EDGE('',*,*,#2500,.F.);
#1755=ORIENTED_EDGE('',*,*,#2501,.F.);
#1756=ORIENTED_EDGE('',*,*,#2502,.F.);
#1757=ORIENTED_EDGE('',*,*,#2503,.F.);
#1758=ORIENTED_EDGE('',*,*,#2504,.F.);
#1759=CARTESIAN_POINT('',(-9.8298,0.647942326465447,-1.50099449081198));
#1760=DIRECTION('',(-1.0,0.0,6.12323399573676E-17));
#1761=DIRECTION('',(6.12323399573676E-17,0.0,1.0));
#1762=SURFACE_STYLE_FILL_AREA(#2505);
#1763=ORIENTED_EDGE('',*,*,#2219,.T.);
#1764=ORIENTED_EDGE('',*,*,#2214,.T.);
#1765=ORIENTED_EDGE('',*,*,#2247,.T.);
#1766=ORIENTED_EDGE('',*,*,#2244,.T.);
#1767=ORIENTED_EDGE('',*,*,#2254,.T.);
#1768=ORIENTED_EDGE('',*,*,#2249,.T.);
#1769=ORIENTED_EDGE('',*,*,#2282,.T.);
#1770=ORIENTED_EDGE('',*,*,#2279,.T.);
#1771=ORIENTED_EDGE('',*,*,#2289,.T.);
#1772=ORIENTED_EDGE('',*,*,#2284,.T.);
#1773=ORIENTED_EDGE('',*,*,#2317,.T.);
#1774=ORIENTED_EDGE('',*,*,#2314,.T.);
#1775=ORIENTED_EDGE('',*,*,#2479,.F.);
#1776=ORIENTED_EDGE('',*,*,#2494,.T.);
#1777=ORIENTED_EDGE('',*,*,#2506,.F.);
#1778=ORIENTED_EDGE('',*,*,#2507,.F.);
#1779=ORIENTED_EDGE('',*,*,#2508,.F.);
#1780=ORIENTED_EDGE('',*,*,#2509,.T.);
#1781=ORIENTED_EDGE('',*,*,#2510,.F.);
#1782=ORIENTED_EDGE('',*,*,#2511,.F.);
#1783=ORIENTED_EDGE('',*,*,#2512,.F.);
#1784=ORIENTED_EDGE('',*,*,#2513,.T.);
#1785=ORIENTED_EDGE('',*,*,#2514,.F.);
#1786=ORIENTED_EDGE('',*,*,#2515,.T.);
#1787=ORIENTED_EDGE('',*,*,#2516,.T.);
#1788=ORIENTED_EDGE('',*,*,#2517,.T.);
#1789=ORIENTED_EDGE('',*,*,#2518,.T.);
#1790=ORIENTED_EDGE('',*,*,#2519,.F.);
#1791=ORIENTED_EDGE('',*,*,#2520,.F.);
#1792=ORIENTED_EDGE('',*,*,#2521,.T.);
#1793=ORIENTED_EDGE('',*,*,#2522,.T.);
#1794=ORIENTED_EDGE('',*,*,#2523,.F.);
#1795=ORIENTED_EDGE('',*,*,#2524,.F.);
#1796=ORIENTED_EDGE('',*,*,#2525,.T.);
#1797=ORIENTED_EDGE('',*,*,#2526,.T.);
#1798=ORIENTED_EDGE('',*,*,#2527,.F.);
#1799=ORIENTED_EDGE('',*,*,#2528,.F.);
#1800=ORIENTED_EDGE('',*,*,#2529,.T.);
#1801=ORIENTED_EDGE('',*,*,#2530,.T.);
#1802=ORIENTED_EDGE('',*,*,#2496,.T.);
#1803=CARTESIAN_POINT('',(1.905,-2.79399999999999,1.51764999999999));
#1804=DIRECTION('',(0.0,-1.0,0.0));
#1805=DIRECTION('',(6.12323399573676E-17,0.0,1.0));
#1806=SURFACE_STYLE_FILL_AREA(#2531);
#1807=ORIENTED_EDGE('',*,*,#2493,.T.);
#1808=ORIENTED_EDGE('',*,*,#2532,.F.);
#1809=ORIENTED_EDGE('',*,*,#2533,.T.);
#1810=ORIENTED_EDGE('',*,*,#2514,.T.);
#1811=ORIENTED_EDGE('',*,*,#2534,.T.);
#1812=ORIENTED_EDGE('',*,*,#2535,.T.);
#1813=ORIENTED_EDGE('',*,*,#2536,.T.);
#1814=ORIENTED_EDGE('',*,*,#2510,.T.);
#1815=ORIENTED_EDGE('',*,*,#2537,.T.);
#1816=ORIENTED_EDGE('',*,*,#2538,.T.);
#1817=ORIENTED_EDGE('',*,*,#2539,.T.);
#1818=ORIENTED_EDGE('',*,*,#2506,.T.);
#1819=CARTESIAN_POINT('',(1.905,-1.52400000000001,-3.12420000000003));
#1820=DIRECTION('',(-1.0,0.0,6.12323399573676E-17));
#1821=DIRECTION('',(6.12323399573676E-17,0.0,1.0));
#1822=SURFACE_STYLE_FILL_AREA(#2540);
#1823=ORIENTED_EDGE('',*,*,#2492,.T.);
#1824=ORIENTED_EDGE('',*,*,#2541,.F.);
#1825=ORIENTED_EDGE('',*,*,#2542,.T.);
#1826=ORIENTED_EDGE('',*,*,#2532,.T.);
#1827=CARTESIAN_POINT('',(1.905,3.25119999999999,-4.90220000000002));
#1828=DIRECTION('',(-6.12323399573676E-17,-0.0,-1.0));
#1829=DIRECTION('',(0.0,-1.0,0.0));
#1830=SURFACE_STYLE_FILL_AREA(#2543);
#1831=ORIENTED_EDGE('',*,*,#2491,.T.);
#1832=ORIENTED_EDGE('',*,*,#2544,.F.);
#1833=ORIENTED_EDGE('',*,*,#2545,.T.);
#1834=ORIENTED_EDGE('',*,*,#2541,.T.);
#1835=CARTESIAN_POINT('',(1.905,8.02639999999999,-4.58470000000003));
#1836=DIRECTION('',(0.0,1.0,0.0));
#1837=DIRECTION('',(-6.12323399573676E-17,0.0,-1.0));
#1838=SURFACE_STYLE_FILL_AREA(#2546);
#1839=ORIENTED_EDGE('',*,*,#2516,.F.);
#1840=ORIENTED_EDGE('',*,*,#2547,.F.);
#1841=ORIENTED_EDGE('',*,*,#2548,.F.);
#1842=ORIENTED_EDGE('',*,*,#2549,.F.);
#1843=CARTESIAN_POINT('',(1.905,2.598,-1.1811));
#1844=DIRECTION('',(0.0,0.0,1.0));
#1845=DIRECTION('',(1.0,0.0,0.0));
#1846=SURFACE_STYLE_FILL_AREA(#2550);
#1847=ORIENTED_EDGE('',*,*,#2515,.F.);
#1848=ORIENTED_EDGE('',*,*,#2533,.F.);
#1849=ORIENTED_EDGE('',*,*,#2542,.F.);
#1850=ORIENTED_EDGE('',*,*,#2545,.F.);
#1851=ORIENTED_EDGE('',*,*,#2551,.F.);
#1852=ORIENTED_EDGE('',*,*,#2552,.F.);
#1853=ORIENTED_EDGE('',*,*,#2553,.F.);
#1854=ORIENTED_EDGE('',*,*,#2554,.F.);
#1855=ORIENTED_EDGE('',*,*,#2555,.F.);
#1856=ORIENTED_EDGE('',*,*,#2556,.F.);
#1857=ORIENTED_EDGE('',*,*,#2557,.F.);
#1858=ORIENTED_EDGE('',*,*,#2558,.F.);
#1859=ORIENTED_EDGE('',*,*,#2559,.F.);
#1860=ORIENTED_EDGE('',*,*,#2547,.T.);
#1861=CARTESIAN_POINT('',(0.0,2.598,-6.1811));
#1862=DIRECTION('',(1.0,0.0,0.0));
#1863=DIRECTION('',(0.0,0.0,-1.0));
#1864=SURFACE_STYLE_FILL_AREA(#2560);
#1865=ORIENTED_EDGE('',*,*,#2490,.T.);
#1866=ORIENTED_EDGE('',*,*,#2561,.F.);
#1867=ORIENTED_EDGE('',*,*,#2551,.T.);
#1868=ORIENTED_EDGE('',*,*,#2544,.T.);
#1869=CARTESIAN_POINT('',(1.905,6.92591461399015,-3.40740658572948));
#1870=DIRECTION('',(4.82517423549003E-17,0.615661475325824,0.788010753606592));
#1871=DIRECTION('',(-3.76983927558054E-17,0.788010753606592,-0.615661475325824));
#1872=SURFACE_STYLE_FILL_AREA(#2562);
#1873=ORIENTED_EDGE('',*,*,#2549,.T.);
#1874=ORIENTED_EDGE('',*,*,#2563,.T.);
#1875=ORIENTED_EDGE('',*,*,#2564,.T.);
#1876=ORIENTED_EDGE('',*,*,#2565,.T.);
#1877=ORIENTED_EDGE('',*,*,#2566,.T.);
#1878=ORIENTED_EDGE('',*,*,#2567,.T.);
#1879=ORIENTED_EDGE('',*,*,#2568,.T.);
#1880=ORIENTED_EDGE('',*,*,#2569,.T.);
#1881=ORIENTED_EDGE('',*,*,#2570,.T.);
#1882=ORIENTED_EDGE('',*,*,#2517,.F.);
#1883=CARTESIAN_POINT('',(1.905,0.647942326465447,-1.50099449081198));
#1884=DIRECTION('',(-1.0,0.0,6.12323399573676E-17));
#1885=DIRECTION('',(6.12323399573676E-17,0.0,1.0));
#1886=SURFACE_STYLE_FILL_AREA(#2571);
#1887=ORIENTED_EDGE('',*,*,#2572,.F.);
#1888=ORIENTED_EDGE('',*,*,#2529,.F.);
#1889=ORIENTED_EDGE('',*,*,#2573,.F.);
#1890=ORIENTED_EDGE('',*,*,#2574,.F.);
#1891=CARTESIAN_POINT('',(-9.1948,-3.098,0.0));
#1892=DIRECTION('',(1.0,0.0,0.0));
#1893=DIRECTION('',(0.0,0.0,-1.0));
#1894=SURFACE_STYLE_FILL_AREA(#2575);
#1895=ORIENTED_EDGE('',*,*,#2576,.F.);
#1896=ORIENTED_EDGE('',*,*,#2577,.F.);
#1897=ORIENTED_EDGE('',*,*,#2578,.F.);
#1898=ORIENTED_EDGE('',*,*,#2527,.T.);
#1899=CARTESIAN_POINT('',(-6.6548,-3.098,0.0));
#1900=DIRECTION('',(-1.0,0.0,0.0));
#1901=DIRECTION('',(0.0,0.0,1.0));
#1902=SURFACE_STYLE_FILL_AREA(#2579);
#1903=ORIENTED_EDGE('',*,*,#2539,.F.);
#1904=ORIENTED_EDGE('',*,*,#2580,.F.);
#1905=ORIENTED_EDGE('',*,*,#2581,.F.);
#1906=ORIENTED_EDGE('',*,*,#2507,.T.);
#1907=CARTESIAN_POINT('',(-6.6548,-3.098,0.0));
#1908=DIRECTION('',(-1.0,0.0,0.0));
#1909=DIRECTION('',(0.0,0.0,1.0));
#1910=SURFACE_STYLE_FILL_AREA(#2582);
#1911=ORIENTED_EDGE('',*,*,#2580,.T.);
#1912=ORIENTED_EDGE('',*,*,#2538,.F.);
#1913=ORIENTED_EDGE('',*,*,#2583,.T.);
#1914=ORIENTED_EDGE('',*,*,#2584,.T.);
#1915=CARTESIAN_POINT('',(1.905,-3.302,-2.15265000000002));
#1916=DIRECTION('',(0.0,-1.0,0.0));
#1917=DIRECTION('',(6.12323399573676E-17,0.0,1.0));
#1918=SURFACE_STYLE_FILL_AREA(#2585);
#1919=ORIENTED_EDGE('',*,*,#2581,.T.);
#1920=ORIENTED_EDGE('',*,*,#2584,.F.);
#1921=ORIENTED_EDGE('',*,*,#2586,.T.);
#1922=ORIENTED_EDGE('',*,*,#2508,.T.);
#1923=CARTESIAN_POINT('',(1.905,-3.048,-1.18110000000001));
#1924=DIRECTION('',(6.12323399573676E-17,-0.0,1.0));
#1925=DIRECTION('',(0.0,1.0,0.0));
#1926=SURFACE_STYLE_FILL_AREA(#2587);
#1927=ORIENTED_EDGE('',*,*,#2573,.T.);
#1928=ORIENTED_EDGE('',*,*,#2528,.T.);
#1929=ORIENTED_EDGE('',*,*,#2578,.T.);
#1930=ORIENTED_EDGE('',*,*,#2588,.F.);
#1931=ORIENTED_EDGE('',*,*,#2589,.T.);
#1932=ORIENTED_EDGE('',*,*,#2524,.T.);
#1933=ORIENTED_EDGE('',*,*,#2590,.T.);
#1934=ORIENTED_EDGE('',*,*,#2591,.F.);
#1935=ORIENTED_EDGE('',*,*,#2592,.T.);
#1936=ORIENTED_EDGE('',*,*,#2520,.T.);
#1937=ORIENTED_EDGE('',*,*,#2593,.T.);
#1938=ORIENTED_EDGE('',*,*,#2594,.F.);
#1939=ORIENTED_EDGE('',*,*,#2568,.F.);
#1940=ORIENTED_EDGE('',*,*,#2595,.T.);
#1941=ORIENTED_EDGE('',*,*,#2499,.T.);
#1942=ORIENTED_EDGE('',*,*,#2596,.F.);
#1943=CARTESIAN_POINT('',(1.905,-2.86915270625945,5.1054));
#1944=DIRECTION('',(6.12323399573676E-17,-0.0,1.0));
#1945=DIRECTION('',(0.0,1.0,0.0));
#1946=SURFACE_STYLE_FILL_AREA(#2597);
#1947=ORIENTED_EDGE('',*,*,#2576,.T.);
#1948=ORIENTED_EDGE('',*,*,#2526,.F.);
#1949=ORIENTED_EDGE('',*,*,#2598,.T.);
#1950=ORIENTED_EDGE('',*,*,#2599,.T.);
#1951=CARTESIAN_POINT('',(1.905,-3.048,4.21639999999999));
#1952=DIRECTION('',(-6.12323399573676E-17,-0.0,-1.0));
#1953=DIRECTION('',(0.0,-1.0,0.0));
#1954=SURFACE_STYLE_FILL_AREA(#2600);
#1955=ORIENTED_EDGE('',*,*,#2577,.T.);
#1956=ORIENTED_EDGE('',*,*,#2599,.F.);
#1957=ORIENTED_EDGE('',*,*,#2601,.T.);
#1958=ORIENTED_EDGE('',*,*,#2588,.T.);
#1959=CARTESIAN_POINT('',(1.905,-3.302,4.6609));
#1960=DIRECTION('',(0.0,-1.0,0.0));
#1961=DIRECTION('',(6.12323399573676E-17,0.0,1.0));
#1962=SURFACE_STYLE_FILL_AREA(#2602);
#1963=ORIENTED_EDGE('',*,*,#2574,.T.);
#1964=ORIENTED_EDGE('',*,*,#2596,.T.);
#1965=ORIENTED_EDGE('',*,*,#2498,.T.);
#1966=ORIENTED_EDGE('',*,*,#2603,.F.);
#1967=CARTESIAN_POINT('',(1.905,-3.302,4.6609));
#1968=DIRECTION('',(0.0,-1.0,0.0));
#1969=DIRECTION('',(6.12323399573676E-17,0.0,1.0));
#1970=SURFACE_STYLE_FILL_AREA(#2604);
#1971=ORIENTED_EDGE('',*,*,#2590,.F.);
#1972=ORIENTED_EDGE('',*,*,#2523,.T.);
#1973=ORIENTED_EDGE('',*,*,#2605,.F.);
#1974=ORIENTED_EDGE('',*,*,#2606,.F.);
#1975=CARTESIAN_POINT('',(-2.6924,-3.098,0.0));
#1976=DIRECTION('',(-1.0,0.0,0.0));
#1977=DIRECTION('',(0.0,0.0,1.0));
#1978=SURFACE_STYLE_FILL_AREA(#2607);
#1979=ORIENTED_EDGE('',*,*,#2589,.F.);
#1980=ORIENTED_EDGE('',*,*,#2601,.F.);
#1981=ORIENTED_EDGE('',*,*,#2598,.F.);
#1982=ORIENTED_EDGE('',*,*,#2525,.F.);
#1983=CARTESIAN_POINT('',(-5.2324,-3.098,0.0));
#1984=DIRECTION('',(1.0,0.0,0.0));
#1985=DIRECTION('',(0.0,0.0,-1.0));
#1986=SURFACE_STYLE_FILL_AREA(#2608);
#1987=ORIENTED_EDGE('',*,*,#2537,.F.);
#1988=ORIENTED_EDGE('',*,*,#2509,.F.);
#1989=ORIENTED_EDGE('',*,*,#2586,.F.);
#1990=ORIENTED_EDGE('',*,*,#2583,.F.);
#1991=CARTESIAN_POINT('',(-5.2324,-3.098,0.0));
#1992=DIRECTION('',(1.0,0.0,0.0));
#1993=DIRECTION('',(0.0,0.0,-1.0));
#1994=SURFACE_STYLE_FILL_AREA(#2609);
#1995=ORIENTED_EDGE('',*,*,#2536,.F.);
#1996=ORIENTED_EDGE('',*,*,#2610,.F.);
#1997=ORIENTED_EDGE('',*,*,#2611,.F.);
#1998=ORIENTED_EDGE('',*,*,#2511,.T.);
#1999=CARTESIAN_POINT('',(-2.6924,-3.098,0.0));
#2000=DIRECTION('',(-1.0,0.0,0.0));
#2001=DIRECTION('',(0.0,0.0,1.0));
#2002=SURFACE_STYLE_FILL_AREA(#2612);
#2003=ORIENTED_EDGE('',*,*,#2606,.T.);
#2004=ORIENTED_EDGE('',*,*,#2613,.F.);
#2005=ORIENTED_EDGE('',*,*,#2614,.T.);
#2006=ORIENTED_EDGE('',*,*,#2591,.T.);
#2007=CARTESIAN_POINT('',(1.905,-3.302,4.6609));
#2008=DIRECTION('',(0.0,-1.0,0.0));
#2009=DIRECTION('',(6.12323399573676E-17,0.0,1.0));
#2010=SURFACE_STYLE_FILL_AREA(#2615);
#2011=ORIENTED_EDGE('',*,*,#2572,.T.);
#2012=ORIENTED_EDGE('',*,*,#2603,.T.);
#2013=ORIENTED_EDGE('',*,*,#2497,.T.);
#2014=ORIENTED_EDGE('',*,*,#2530,.F.);
#2015=CARTESIAN_POINT('',(1.905,-3.048,4.21639999999999));
#2016=DIRECTION('',(-6.12323399573676E-17,-0.0,-1.0));
#2017=DIRECTION('',(0.0,-1.0,0.0));
#2018=SURFACE_STYLE_FILL_AREA(#2616);
#2019=ORIENTED_EDGE('',*,*,#2605,.T.);
#2020=ORIENTED_EDGE('',*,*,#2522,.F.);
#2021=ORIENTED_EDGE('',*,*,#2617,.T.);
#2022=ORIENTED_EDGE('',*,*,#2613,.T.);
#2023=CARTESIAN_POINT('',(1.905,-3.048,4.21639999999999));
#2024=DIRECTION('',(-6.12323399573676E-17,-0.0,-1.0));
#2025=DIRECTION('',(0.0,-1.0,0.0));
#2026=SURFACE_STYLE_FILL_AREA(#2618);
#2027=ORIENTED_EDGE('',*,*,#2619,.F.);
#2028=ORIENTED_EDGE('',*,*,#2620,.F.);
#2029=ORIENTED_EDGE('',*,*,#2593,.F.);
#2030=ORIENTED_EDGE('',*,*,#2519,.T.);
#2031=CARTESIAN_POINT('',(1.27,-3.098,0.0));
#2032=DIRECTION('',(-1.0,0.0,0.0));
#2033=DIRECTION('',(0.0,0.0,1.0));
#2034=SURFACE_STYLE_FILL_AREA(#2621);
#2035=ORIENTED_EDGE('',*,*,#2617,.F.);
#2036=ORIENTED_EDGE('',*,*,#2521,.F.);
#2037=ORIENTED_EDGE('',*,*,#2592,.F.);
#2038=ORIENTED_EDGE('',*,*,#2614,.F.);
#2039=CARTESIAN_POINT('',(-1.27,-3.098,0.0));
#2040=DIRECTION('',(1.0,0.0,0.0));
#2041=DIRECTION('',(0.0,0.0,-1.0));
#2042=SURFACE_STYLE_FILL_AREA(#2622);
#2043=ORIENTED_EDGE('',*,*,#2534,.F.);
#2044=ORIENTED_EDGE('',*,*,#2513,.F.);
#2045=ORIENTED_EDGE('',*,*,#2623,.F.);
#2046=ORIENTED_EDGE('',*,*,#2624,.F.);
#2047=CARTESIAN_POINT('',(-1.27,-3.098,0.0));
#2048=DIRECTION('',(1.0,0.0,0.0));
#2049=DIRECTION('',(0.0,0.0,-1.0));
#2050=SURFACE_STYLE_FILL_AREA(#2625);
#2051=ORIENTED_EDGE('',*,*,#2610,.T.);
#2052=ORIENTED_EDGE('',*,*,#2535,.F.);
#2053=ORIENTED_EDGE('',*,*,#2624,.T.);
#2054=ORIENTED_EDGE('',*,*,#2626,.T.);
#2055=CARTESIAN_POINT('',(1.905,-3.302,-2.15265000000002));
#2056=DIRECTION('',(0.0,-1.0,0.0));
#2057=DIRECTION('',(6.12323399573676E-17,0.0,1.0));
#2058=SURFACE_STYLE_FILL_AREA(#2627);
#2059=ORIENTED_EDGE('',*,*,#2611,.T.);
#2060=ORIENTED_EDGE('',*,*,#2626,.F.);
#2061=ORIENTED_EDGE('',*,*,#2623,.T.);
#2062=ORIENTED_EDGE('',*,*,#2512,.T.);
#2063=CARTESIAN_POINT('',(1.905,-3.048,-1.18110000000001));
#2064=DIRECTION('',(6.12323399573676E-17,-0.0,1.0));
#2065=DIRECTION('',(0.0,1.0,0.0));
#2066=SURFACE_STYLE_FILL_AREA(#2628);
#2067=ORIENTED_EDGE('',*,*,#2619,.T.);
#2068=ORIENTED_EDGE('',*,*,#2518,.F.);
#2069=ORIENTED_EDGE('',*,*,#2570,.F.);
#2070=ORIENTED_EDGE('',*,*,#2629,.T.);
#2071=CARTESIAN_POINT('',(1.905,-3.048,4.21639999999999));
#2072=DIRECTION('',(-6.12323399573676E-17,-0.0,-1.0));
#2073=DIRECTION('',(0.0,-1.0,0.0));
#2074=SURFACE_STYLE_FILL_AREA(#2630);
#2075=ORIENTED_EDGE('',*,*,#2489,.T.);
#2076=ORIENTED_EDGE('',*,*,#2631,.F.);
#2077=ORIENTED_EDGE('',*,*,#2552,.T.);
#2078=ORIENTED_EDGE('',*,*,#2561,.T.);
#2079=CARTESIAN_POINT('',(1.905,5.43448419114957,-3.048));
#2080=DIRECTION('',(-1.0,0.0,6.12323399573676E-17));
#2081=DIRECTION('',(6.12323399573676E-17,0.0,1.0));
#2082=SURFACE_STYLE_FILL_AREA(#2632);
#2083=ORIENTED_EDGE('',*,*,#2488,.T.);
#2084=ORIENTED_EDGE('',*,*,#2633,.F.);
#2085=ORIENTED_EDGE('',*,*,#2553,.T.);
#2086=ORIENTED_EDGE('',*,*,#2631,.T.);
#2087=CARTESIAN_POINT('',(1.905,5.34633709721424,-2.41300000000004));
#2088=DIRECTION('',(6.12323399573676E-17,-0.0,1.0));
#2089=DIRECTION('',(0.0,1.0,0.0));
#2090=SURFACE_STYLE_FILL_AREA(#2634);
#2091=ORIENTED_EDGE('',*,*,#2487,.T.);
#2092=ORIENTED_EDGE('',*,*,#2635,.F.);
#2093=ORIENTED_EDGE('',*,*,#2554,.T.);
#2094=ORIENTED_EDGE('',*,*,#2633,.T.);
#2095=CARTESIAN_POINT('',(1.905,5.25819000327891,-3.048));
#2096=DIRECTION('',(-1.0,0.0,6.12323399573676E-17));
#2097=DIRECTION('',(6.12323399573676E-17,0.0,1.0));
#2098=SURFACE_STYLE_FILL_AREA(#2636);
#2099=ORIENTED_EDGE('',*,*,#2486,.T.);
#2100=ORIENTED_EDGE('',*,*,#2637,.F.);
#2101=ORIENTED_EDGE('',*,*,#2555,.T.);
#2102=ORIENTED_EDGE('',*,*,#2635,.T.);
#2103=CARTESIAN_POINT('',(1.905,4.16105798814423,-3.24710640302594));
#2104=DIRECTION('',(4.32978028117747E-17,-0.707106781186548,0.707106781186548));
#2105=DIRECTION('',(4.32978028117747E-17,0.707106781186548,0.707106781186548));
#2106=SURFACE_STYLE_FILL_AREA(#2638);
#2107=ORIENTED_EDGE('',*,*,#2485,.T.);
#2108=ORIENTED_EDGE('',*,*,#2639,.F.);
#2109=ORIENTED_EDGE('',*,*,#2556,.T.);
#2110=ORIENTED_EDGE('',*,*,#2637,.T.);
#2111=CARTESIAN_POINT('',(1.905,2.61491316695773,-2.99719999999999));
#2112=DIRECTION('',(-1.0,0.0,6.12323399573676E-17));
#2113=DIRECTION('',(6.12323399573676E-17,0.0,1.0));
#2114=SURFACE_STYLE_FILL_AREA(#2640);
#2115=ORIENTED_EDGE('',*,*,#2484,.T.);
#2116=ORIENTED_EDGE('',*,*,#2641,.F.);
#2117=ORIENTED_EDGE('',*,*,#2557,.T.);
#2118=ORIENTED_EDGE('',*,*,#2639,.T.);
#2119=CARTESIAN_POINT('',(1.905,0.836913166957721,-4.26720000000003));
#2120=DIRECTION('',(6.12323399573676E-17,-0.0,1.0));
#2121=DIRECTION('',(0.0,1.0,0.0));
#2122=SURFACE_STYLE_FILL_AREA(#2642);
#2123=ORIENTED_EDGE('',*,*,#2483,.T.);
#2124=ORIENTED_EDGE('',*,*,#2643,.F.);
#2125=ORIENTED_EDGE('',*,*,#2558,.T.);
#2126=ORIENTED_EDGE('',*,*,#2641,.T.);
#2127=CARTESIAN_POINT('',(1.905,-0.941086833042285,-3.63220000000001));
#2128=DIRECTION('',(-1.0,0.0,6.12323399573676E-17));
#2129=DIRECTION('',(6.12323399573676E-17,0.0,1.0));
#2130=SURFACE_STYLE_FILL_AREA(#2644);
#2131=ORIENTED_EDGE('',*,*,#2482,.T.);
#2132=ORIENTED_EDGE('',*,*,#2645,.F.);
#2133=ORIENTED_EDGE('',*,*,#2559,.T.);
#2134=ORIENTED_EDGE('',*,*,#2643,.T.);
#2135=CARTESIAN_POINT('',(1.905,-0.730624190582904,-2.22453948145824));
#2136=DIRECTION('',(-3.51214273421896E-17,0.819152044288913,-0.573576436351159));
#2137=DIRECTION('',(-5.01585964526714E-17,-0.573576436351159,-0.819152044288913));
#2138=SURFACE_STYLE_FILL_AREA(#2646);
#2139=ORIENTED_EDGE('',*,*,#2324,.T.);
#2140=ORIENTED_EDGE('',*,*,#2319,.T.);
#2141=ORIENTED_EDGE('',*,*,#2349,.T.);
#2142=ORIENTED_EDGE('',*,*,#2352,.T.);
#2143=ORIENTED_EDGE('',*,*,#2359,.T.);
#2144=ORIENTED_EDGE('',*,*,#2354,.T.);
#2145=ORIENTED_EDGE('',*,*,#2384,.T.);
#2146=ORIENTED_EDGE('',*,*,#2387,.T.);
#2147=ORIENTED_EDGE('',*,*,#2394,.T.);
#2148=ORIENTED_EDGE('',*,*,#2389,.T.);
#2149=ORIENTED_EDGE('',*,*,#2419,.T.);
#2150=ORIENTED_EDGE('',*,*,#2422,.T.);
#2151=ORIENTED_EDGE('',*,*,#2449,.T.);
#2152=ORIENTED_EDGE('',*,*,#2453,.T.);
#2153=ORIENTED_EDGE('',*,*,#2457,.T.);
#2154=ORIENTED_EDGE('',*,*,#2461,.T.);
#2155=ORIENTED_EDGE('',*,*,#2465,.T.);
#2156=ORIENTED_EDGE('',*,*,#2469,.T.);
#2157=ORIENTED_EDGE('',*,*,#2473,.T.);
#2158=ORIENTED_EDGE('',*,*,#2424,.T.);
#2159=ORIENTED_EDGE('',*,*,#2429,.T.);
#2160=ORIENTED_EDGE('',*,*,#2433,.T.);
#2161=ORIENTED_EDGE('',*,*,#2437,.T.);
#2162=ORIENTED_EDGE('',*,*,#2441,.T.);
#2163=ORIENTED_EDGE('',*,*,#2445,.T.);
#2164=ORIENTED_EDGE('',*,*,#2504,.T.);
#2165=ORIENTED_EDGE('',*,*,#2647,.F.);
#2166=ORIENTED_EDGE('',*,*,#2563,.F.);
#2167=ORIENTED_EDGE('',*,*,#2548,.T.);
#2168=ORIENTED_EDGE('',*,*,#2645,.T.);
#2169=ORIENTED_EDGE('',*,*,#2477,.T.);
#2170=CARTESIAN_POINT('',(1.905,-7.54951656745106E-15,4.59739999999999));
#2171=DIRECTION('',(0.0,1.0,0.0));
#2172=DIRECTION('',(-6.12323399573676E-17,0.0,-1.0));
#2173=SURFACE_STYLE_FILL_AREA(#2648);
#2174=ORIENTED_EDGE('',*,*,#2503,.T.);
#2175=ORIENTED_EDGE('',*,*,#2649,.F.);
#2176=ORIENTED_EDGE('',*,*,#2564,.F.);
#2177=ORIENTED_EDGE('',*,*,#2647,.T.);
#2178=CARTESIAN_POINT('',(1.905,-0.889000000000003,5.1054));
#2179=DIRECTION('',(6.12323399573676E-17,-0.0,1.0));
#2180=DIRECTION('',(0.0,1.0,0.0));
#2181=SURFACE_STYLE_FILL_AREA(#2650);
#2182=ORIENTED_EDGE('',*,*,#2502,.T.);
#2183=ORIENTED_EDGE('',*,*,#2651,.F.);
#2184=ORIENTED_EDGE('',*,*,#2565,.F.);
#2185=ORIENTED_EDGE('',*,*,#2649,.T.);
#2186=CARTESIAN_POINT('',(1.905,-1.92935270625944,4.97839999999999));
#2187=DIRECTION('',(4.69066937635097E-17,-0.642787609686617,0.766044443118913));
#2188=DIRECTION('',(3.93593894367147E-17,0.766044443118913,0.642787609686617));
#2189=SURFACE_STYLE_FILL_AREA(#2652);
#2190=ORIENTED_EDGE('',*,*,#2501,.T.);
#2191=ORIENTED_EDGE('',*,*,#2653,.F.);
#2192=ORIENTED_EDGE('',*,*,#2566,.F.);
#2193=ORIENTED_EDGE('',*,*,#2651,.T.);
#2194=CARTESIAN_POINT('',(1.905,-2.25850541251889,4.85139999999998));
#2195=DIRECTION('',(6.12323399573676E-17,-0.0,1.0));
#2196=DIRECTION('',(0.0,1.0,0.0));
#2197=SURFACE_STYLE_FILL_AREA(#2654);
#2198=ORIENTED_EDGE('',*,*,#2500,.T.);
#2199=ORIENTED_EDGE('',*,*,#2595,.F.);
#2200=ORIENTED_EDGE('',*,*,#2567,.F.);
#2201=ORIENTED_EDGE('',*,*,#2653,.T.);
#2202=CARTESIAN_POINT('',(1.905,-2.4363054125189,4.97839999999999));
#2203=DIRECTION('',(0.0,1.0,0.0));
#2204=DIRECTION('',(-6.12323399573676E-17,0.0,-1.0));
#2205=SURFACE_STYLE_FILL_AREA(#2655);
#2206=ORIENTED_EDGE('',*,*,#2620,.T.);
#2207=ORIENTED_EDGE('',*,*,#2629,.F.);
#2208=ORIENTED_EDGE('',*,*,#2569,.F.);
#2209=ORIENTED_EDGE('',*,*,#2594,.T.);
#2210=CARTESIAN_POINT('',(1.905,-3.302,4.6609));
#2211=DIRECTION('',(0.0,-1.0,0.0));
#2212=DIRECTION('',(6.12323399573676E-17,0.0,1.0));
#2213=FILL_AREA_STYLE('',(#2656));
#2214=EDGE_CURVE('',#2657,#2658,#2659,.T.);
#2215=EDGE_CURVE('',#2660,#2657,#2661,.T.);
#2216=EDGE_CURVE('',#2660,#2662,#2663,.T.);
#2217=EDGE_CURVE('',#2658,#2662,#2664,.T.);
#2218=FILL_AREA_STYLE('',(#2665));
#2219=EDGE_CURVE('',#2666,#2657,#2667,.T.);
#2220=EDGE_CURVE('',#2666,#2668,#2669,.T.);
#2221=EDGE_CURVE('',#2668,#2670,#2671,.T.);
#2222=EDGE_CURVE('',#2670,#2672,#2673,.T.);
#2223=EDGE_CURVE('',#2672,#2660,#2674,.T.);
#2224=FILL_AREA_STYLE('',(#2675));
#2225=EDGE_CURVE('',#2676,#2677,#2678,.T.);
#2226=EDGE_CURVE('',#2679,#2676,#2680,.T.);
#2227=EDGE_CURVE('',#2681,#2679,#2682,.T.);
#2228=EDGE_CURVE('',#2683,#2681,#2684,.T.);
#2229=EDGE_CURVE('',#2677,#2683,#2685,.T.);
#2230=FILL_AREA_STYLE('',(#2686));
#2231=EDGE_CURVE('',#2687,#2670,#2688,.T.);
#2232=EDGE_CURVE('',#2689,#2687,#2690,.T.);
#2233=EDGE_CURVE('',#2691,#2689,#2692,.T.);
#2234=EDGE_CURVE('',#2672,#2691,#2693,.T.);
#2235=FILL_AREA_STYLE('',(#2694));
#2236=EDGE_CURVE('',#2687,#2677,#2695,.T.);
#2237=EDGE_CURVE('',#2691,#2681,#2696,.T.);
#2238=FILL_AREA_STYLE('',(#2697));
#2239=EDGE_CURVE('',#2662,#2679,#2698,.T.);
#2240=FILL_AREA_STYLE('',(#2699));
#2241=EDGE_CURVE('',#2700,#2668,#2701,.T.);
#2242=EDGE_CURVE('',#2676,#2700,#2702,.T.);
#2243=FILL_AREA_STYLE('',(#2703));
#2244=EDGE_CURVE('',#2704,#2666,#2705,.T.);
#2245=EDGE_CURVE('',#2700,#2704,#2706,.T.);
#2246=FILL_AREA_STYLE('',(#2707));
#2247=EDGE_CURVE('',#2658,#2704,#2708,.T.);
#2248=FILL_AREA_STYLE('',(#2709));
#2249=EDGE_CURVE('',#2710,#2711,#2712,.T.);
#2250=EDGE_CURVE('',#2713,#2710,#2714,.T.);
#2251=EDGE_CURVE('',#2713,#2715,#2716,.T.);
#2252=EDGE_CURVE('',#2711,#2715,#2717,.T.);
#2253=FILL_AREA_STYLE('',(#2718));
#2254=EDGE_CURVE('',#2719,#2710,#2720,.T.);
#2255=EDGE_CURVE('',#2719,#2721,#2722,.T.);
#2256=EDGE_CURVE('',#2721,#2723,#2724,.T.);
#2257=EDGE_CURVE('',#2723,#2725,#2726,.T.);
#2258=EDGE_CURVE('',#2725,#2713,#2727,.T.);
#2259=FILL_AREA_STYLE('',(#2728));
#2260=EDGE_CURVE('',#2729,#2730,#2731,.T.);
#2261=EDGE_CURVE('',#2732,#2729,#2733,.T.);
#2262=EDGE_CURVE('',#2734,#2732,#2735,.T.);
#2263=EDGE_CURVE('',#2736,#2734,#2737,.T.);
#2264=EDGE_CURVE('',#2730,#2736,#2738,.T.);
#2265=FILL_AREA_STYLE('',(#2739));
#2266=EDGE_CURVE('',#2740,#2723,#2741,.T.);
#2267=EDGE_CURVE('',#2742,#2740,#2743,.T.);
#2268=EDGE_CURVE('',#2744,#2742,#2745,.T.);
#2269=EDGE_CURVE('',#2725,#2744,#2746,.T.);
#2270=FILL_AREA_STYLE('',(#2747));
#2271=EDGE_CURVE('',#2740,#2730,#2748,.T.);
#2272=EDGE_CURVE('',#2744,#2734,#2749,.T.);
#2273=FILL_AREA_STYLE('',(#2750));
#2274=EDGE_CURVE('',#2715,#2732,#2751,.T.);
#2275=FILL_AREA_STYLE('',(#2752));
#2276=EDGE_CURVE('',#2753,#2721,#2754,.T.);
#2277=EDGE_CURVE('',#2729,#2753,#2755,.T.);
#2278=FILL_AREA_STYLE('',(#2756));
#2279=EDGE_CURVE('',#2757,#2719,#2758,.T.);
#2280=EDGE_CURVE('',#2753,#2757,#2759,.T.);
#2281=FILL_AREA_STYLE('',(#2760));
#2282=EDGE_CURVE('',#2711,#2757,#2761,.T.);
#2283=FILL_AREA_STYLE('',(#2762));
#2284=EDGE_CURVE('',#2763,#2764,#2765,.T.);
#2285=EDGE_CURVE('',#2766,#2763,#2767,.T.);
#2286=EDGE_CURVE('',#2766,#2768,#2769,.T.);
#2287=EDGE_CURVE('',#2764,#2768,#2770,.T.);
#2288=FILL_AREA_STYLE('',(#2771));
#2289=EDGE_CURVE('',#2772,#2763,#2773,.T.);
#2290=EDGE_CURVE('',#2772,#2774,#2775,.T.);
#2291=EDGE_CURVE('',#2774,#2776,#2777,.T.);
#2292=EDGE_CURVE('',#2776,#2778,#2779,.T.);
#2293=EDGE_CURVE('',#2778,#2766,#2780,.T.);
#2294=FILL_AREA_STYLE('',(#2781));
#2295=EDGE_CURVE('',#2782,#2783,#2784,.T.);
#2296=EDGE_CURVE('',#2785,#2782,#2786,.T.);
#2297=EDGE_CURVE('',#2787,#2785,#2788,.T.);
#2298=EDGE_CURVE('',#2789,#2787,#2790,.T.);
#2299=EDGE_CURVE('',#2783,#2789,#2791,.T.);
#2300=FILL_AREA_STYLE('',(#2792));
#2301=EDGE_CURVE('',#2793,#2776,#2794,.T.);
#2302=EDGE_CURVE('',#2795,#2793,#2796,.T.);
#2303=EDGE_CURVE('',#2797,#2795,#2798,.T.);
#2304=EDGE_CURVE('',#2778,#2797,#2799,.T.);
#2305=FILL_AREA_STYLE('',(#2800));
#2306=EDGE_CURVE('',#2793,#2783,#2801,.T.);
#2307=EDGE_CURVE('',#2797,#2787,#2802,.T.);
#2308=FILL_AREA_STYLE('',(#2803));
#2309=EDGE_CURVE('',#2768,#2785,#2804,.T.);
#2310=FILL_AREA_STYLE('',(#2805));
#2311=EDGE_CURVE('',#2806,#2774,#2807,.T.);
#2312=EDGE_CURVE('',#2782,#2806,#2808,.T.);
#2313=FILL_AREA_STYLE('',(#2809));
#2314=EDGE_CURVE('',#2810,#2772,#2811,.T.);
#2315=EDGE_CURVE('',#2806,#2810,#2812,.T.);
#2316=FILL_AREA_STYLE('',(#2813));
#2317=EDGE_CURVE('',#2764,#2810,#2814,.T.);
#2318=FILL_AREA_STYLE('',(#2815));
#2319=EDGE_CURVE('',#2816,#2817,#2818,.T.);
#2320=EDGE_CURVE('',#2816,#2819,#2820,.T.);
#2321=EDGE_CURVE('',#2819,#2821,#2822,.T.);
#2322=EDGE_CURVE('',#2821,#2817,#2823,.T.);
#2323=FILL_AREA_STYLE('',(#2824));
#2324=EDGE_CURVE('',#2825,#2816,#2826,.T.);
#2325=EDGE_CURVE('',#2827,#2825,#2828,.T.);
#2326=EDGE_CURVE('',#2827,#2829,#2830,.T.);
#2327=EDGE_CURVE('',#2829,#2831,#2832,.T.);
#2328=EDGE_CURVE('',#2831,#2819,#2833,.T.);
#2329=FILL_AREA_STYLE('',(#2834));
#2330=EDGE_CURVE('',#2835,#2836,#2837,.T.);
#2331=EDGE_CURVE('',#2838,#2835,#2839,.T.);
#2332=EDGE_CURVE('',#2840,#2838,#2841,.T.);
#2333=EDGE_CURVE('',#2842,#2840,#2843,.T.);
#2334=EDGE_CURVE('',#2836,#2842,#2844,.T.);
#2335=FILL_AREA_STYLE('',(#2845));
#2336=EDGE_CURVE('',#2846,#2829,#2847,.T.);
#2337=EDGE_CURVE('',#2848,#2846,#2849,.T.);
#2338=EDGE_CURVE('',#2850,#2848,#2851,.T.);
#2339=EDGE_CURVE('',#2831,#2850,#2852,.T.);
#2340=FILL_AREA_STYLE('',(#2853));
#2341=EDGE_CURVE('',#2846,#2836,#2854,.T.);
#2342=EDGE_CURVE('',#2850,#2840,#2855,.T.);
#2343=FILL_AREA_STYLE('',(#2856));
#2344=EDGE_CURVE('',#2821,#2838,#2857,.T.);
#2345=FILL_AREA_STYLE('',(#2858));
#2346=EDGE_CURVE('',#2859,#2827,#2860,.T.);
#2347=EDGE_CURVE('',#2835,#2859,#2861,.T.);
#2348=FILL_AREA_STYLE('',(#2862));
#2349=EDGE_CURVE('',#2817,#2863,#2864,.T.);
#2350=EDGE_CURVE('',#2863,#2859,#2865,.T.);
#2351=FILL_AREA_STYLE('',(#2866));
#2352=EDGE_CURVE('',#2863,#2825,#2867,.T.);
#2353=FILL_AREA_STYLE('',(#2868));
#2354=EDGE_CURVE('',#2869,#2870,#2871,.T.);
#2355=EDGE_CURVE('',#2869,#2872,#2873,.T.);
#2356=EDGE_CURVE('',#2872,#2874,#2875,.T.);
#2357=EDGE_CURVE('',#2874,#2870,#2876,.T.);
#2358=FILL_AREA_STYLE('',(#2877));
#2359=EDGE_CURVE('',#2878,#2869,#2879,.T.);
#2360=EDGE_CURVE('',#2880,#2878,#2881,.T.);
#2361=EDGE_CURVE('',#2880,#2882,#2883,.T.);
#2362=EDGE_CURVE('',#2882,#2884,#2885,.T.);
#2363=EDGE_CURVE('',#2884,#2872,#2886,.T.);
#2364=FILL_AREA_STYLE('',(#2887));
#2365=EDGE_CURVE('',#2888,#2889,#2890,.T.);
#2366=EDGE_CURVE('',#2891,#2888,#2892,.T.);
#2367=EDGE_CURVE('',#2893,#2891,#2894,.T.);
#2368=EDGE_CURVE('',#2895,#2893,#2896,.T.);
#2369=EDGE_CURVE('',#2889,#2895,#2897,.T.);
#2370=FILL_AREA_STYLE('',(#2898));
#2371=EDGE_CURVE('',#2899,#2882,#2900,.T.);
#2372=EDGE_CURVE('',#2901,#2899,#2902,.T.);
#2373=EDGE_CURVE('',#2903,#2901,#2904,.T.);
#2374=EDGE_CURVE('',#2884,#2903,#2905,.T.);
#2375=FILL_AREA_STYLE('',(#2906));
#2376=EDGE_CURVE('',#2899,#2889,#2907,.T.);
#2377=EDGE_CURVE('',#2903,#2893,#2908,.T.);
#2378=FILL_AREA_STYLE('',(#2909));
#2379=EDGE_CURVE('',#2874,#2891,#2910,.T.);
#2380=FILL_AREA_STYLE('',(#2911));
#2381=EDGE_CURVE('',#2912,#2880,#2913,.T.);
#2382=EDGE_CURVE('',#2888,#2912,#2914,.T.);
#2383=FILL_AREA_STYLE('',(#2915));
#2384=EDGE_CURVE('',#2870,#2916,#2917,.T.);
#2385=EDGE_CURVE('',#2916,#2912,#2918,.T.);
#2386=FILL_AREA_STYLE('',(#2919));
#2387=EDGE_CURVE('',#2916,#2878,#2920,.T.);
#2388=FILL_AREA_STYLE('',(#2921));
#2389=EDGE_CURVE('',#2922,#2923,#2924,.T.);
#2390=EDGE_CURVE('',#2922,#2925,#2926,.T.);
#2391=EDGE_CURVE('',#2925,#2927,#2928,.T.);
#2392=EDGE_CURVE('',#2927,#2923,#2929,.T.);
#2393=FILL_AREA_STYLE('',(#2930));
#2394=EDGE_CURVE('',#2931,#2922,#2932,.T.);
#2395=EDGE_CURVE('',#2933,#2931,#2934,.T.);
#2396=EDGE_CURVE('',#2933,#2935,#2936,.T.);
#2397=EDGE_CURVE('',#2935,#2937,#2938,.T.);
#2398=EDGE_CURVE('',#2937,#2925,#2939,.T.);
#2399=FILL_AREA_STYLE('',(#2940));
#2400=EDGE_CURVE('',#2941,#2942,#2943,.T.);
#2401=EDGE_CURVE('',#2944,#2941,#2945,.T.);
#2402=EDGE_CURVE('',#2946,#2944,#2947,.T.);
#2403=EDGE_CURVE('',#2948,#2946,#2949,.T.);
#2404=EDGE_CURVE('',#2942,#2948,#2950,.T.);
#2405=FILL_AREA_STYLE('',(#2951));
#2406=EDGE_CURVE('',#2952,#2935,#2953,.T.);
#2407=EDGE_CURVE('',#2954,#2952,#2955,.T.);
#2408=EDGE_CURVE('',#2956,#2954,#2957,.T.);
#2409=EDGE_CURVE('',#2937,#2956,#2958,.T.);
#2410=FILL_AREA_STYLE('',(#2959));
#2411=EDGE_CURVE('',#2952,#2942,#2960,.T.);
#2412=EDGE_CURVE('',#2956,#2946,#2961,.T.);
#2413=FILL_AREA_STYLE('',(#2962));
#2414=EDGE_CURVE('',#2927,#2944,#2963,.T.);
#2415=FILL_AREA_STYLE('',(#2964));
#2416=EDGE_CURVE('',#2965,#2933,#2966,.T.);
#2417=EDGE_CURVE('',#2941,#2965,#2967,.T.);
#2418=FILL_AREA_STYLE('',(#2968));
#2419=EDGE_CURVE('',#2923,#2969,#2970,.T.);
#2420=EDGE_CURVE('',#2969,#2965,#2971,.T.);
#2421=FILL_AREA_STYLE('',(#2972));
#2422=EDGE_CURVE('',#2969,#2931,#2973,.T.);
#2423=FILL_AREA_STYLE('',(#2974));
#2424=EDGE_CURVE('',#2975,#2976,#2977,.T.);
#2425=EDGE_CURVE('',#2978,#2975,#2979,.T.);
#2426=EDGE_CURVE('',#2978,#2980,#2981,.T.);
#2427=EDGE_CURVE('',#2980,#2976,#2982,.T.);
#2428=FILL_AREA_STYLE('',(#2983));
#2429=EDGE_CURVE('',#2976,#2984,#2985,.T.);
#2430=EDGE_CURVE('',#2980,#2986,#2987,.T.);
#2431=EDGE_CURVE('',#2986,#2984,#2988,.T.);
#2432=FILL_AREA_STYLE('',(#2989));
#2433=EDGE_CURVE('',#2984,#2990,#2991,.T.);
#2434=EDGE_CURVE('',#2986,#2992,#2993,.T.);
#2435=EDGE_CURVE('',#2992,#2990,#2994,.T.);
#2436=FILL_AREA_STYLE('',(#2995));
#2437=EDGE_CURVE('',#2990,#2996,#2997,.T.);
#2438=EDGE_CURVE('',#2992,#2998,#2999,.T.);
#2439=EDGE_CURVE('',#2998,#2996,#3000,.T.);
#2440=FILL_AREA_STYLE('',(#3001));
#2441=EDGE_CURVE('',#2996,#3002,#3003,.T.);
#2442=EDGE_CURVE('',#2998,#3004,#3005,.T.);
#2443=EDGE_CURVE('',#3004,#3002,#3006,.T.);
#2444=FILL_AREA_STYLE('',(#3007));
#2445=EDGE_CURVE('',#3002,#3008,#3009,.T.);
#2446=EDGE_CURVE('',#3004,#3010,#3011,.T.);
#2447=EDGE_CURVE('',#3010,#3008,#3012,.T.);
#2448=FILL_AREA_STYLE('',(#3013));
#2449=EDGE_CURVE('',#3008,#3014,#3015,.T.);
#2450=EDGE_CURVE('',#3010,#3016,#3017,.T.);
#2451=EDGE_CURVE('',#3016,#3014,#3018,.T.);
#2452=FILL_AREA_STYLE('',(#3019));
#2453=EDGE_CURVE('',#3014,#3020,#3021,.T.);
#2454=EDGE_CURVE('',#3016,#3022,#3023,.T.);
#2455=EDGE_CURVE('',#3022,#3020,#3024,.T.);
#2456=FILL_AREA_STYLE('',(#3025));
#2457=EDGE_CURVE('',#3020,#3026,#3027,.T.);
#2458=EDGE_CURVE('',#3022,#3028,#3029,.T.);
#2459=EDGE_CURVE('',#3028,#3026,#3030,.T.);
#2460=FILL_AREA_STYLE('',(#3031));
#2461=EDGE_CURVE('',#3026,#3032,#3033,.T.);
#2462=EDGE_CURVE('',#3028,#3034,#3035,.T.);
#2463=EDGE_CURVE('',#3034,#3032,#3036,.T.);
#2464=FILL_AREA_STYLE('',(#3037));
#2465=EDGE_CURVE('',#3032,#3038,#3039,.T.);
#2466=EDGE_CURVE('',#3034,#3040,#3041,.T.);
#2467=EDGE_CURVE('',#3040,#3038,#3042,.T.);
#2468=FILL_AREA_STYLE('',(#3043));
#2469=EDGE_CURVE('',#3038,#3044,#3045,.T.);
#2470=EDGE_CURVE('',#3040,#3046,#3047,.T.);
#2471=EDGE_CURVE('',#3046,#3044,#3048,.T.);
#2472=FILL_AREA_STYLE('',(#3049));
#2473=EDGE_CURVE('',#3044,#2975,#3050,.T.);
#2474=EDGE_CURVE('',#3046,#2978,#3051,.T.);
#2475=FILL_AREA_STYLE('',(#3052));
#2476=FILL_AREA_STYLE('',(#3053));
#2477=EDGE_CURVE('',#3054,#3055,#3056,.T.);
#2478=EDGE_CURVE('',#3057,#3054,#3058,.T.);
#2479=EDGE_CURVE('',#3057,#3059,#3060,.T.);
#2480=EDGE_CURVE('',#3055,#3059,#3061,.T.);
#2481=FILL_AREA_STYLE('',(#3062));
#2482=EDGE_CURVE('',#3063,#3054,#3064,.T.);
#2483=EDGE_CURVE('',#3065,#3063,#3066,.T.);
#2484=EDGE_CURVE('',#3067,#3065,#3068,.T.);
#2485=EDGE_CURVE('',#3069,#3067,#3070,.T.);
#2486=EDGE_CURVE('',#3071,#3069,#3072,.T.);
#2487=EDGE_CURVE('',#3073,#3071,#3074,.T.);
#2488=EDGE_CURVE('',#3075,#3073,#3076,.T.);
#2489=EDGE_CURVE('',#3077,#3075,#3078,.T.);
#2490=EDGE_CURVE('',#3079,#3077,#3080,.T.);
#2491=EDGE_CURVE('',#3081,#3079,#3082,.T.);
#2492=EDGE_CURVE('',#3083,#3081,#3084,.T.);
#2493=EDGE_CURVE('',#3085,#3083,#3086,.T.);
#2494=EDGE_CURVE('',#3057,#3085,#3087,.T.);
#2495=FILL_AREA_STYLE('',(#3088));
#2496=EDGE_CURVE('',#3089,#3059,#3090,.T.);
#2497=EDGE_CURVE('',#3091,#3089,#3092,.T.);
#2498=EDGE_CURVE('',#3093,#3091,#3094,.T.);
#2499=EDGE_CURVE('',#3095,#3093,#3096,.T.);
#2500=EDGE_CURVE('',#3097,#3095,#3098,.T.);
#2501=EDGE_CURVE('',#3099,#3097,#3100,.T.);
#2502=EDGE_CURVE('',#3101,#3099,#3102,.T.);
#2503=EDGE_CURVE('',#3103,#3101,#3104,.T.);
#2504=EDGE_CURVE('',#3055,#3103,#3105,.T.);
#2505=FILL_AREA_STYLE('',(#3106));
#2506=EDGE_CURVE('',#3107,#3085,#3108,.T.);
#2507=EDGE_CURVE('',#3109,#3107,#3110,.T.);
#2508=EDGE_CURVE('',#3111,#3109,#3112,.T.);
#2509=EDGE_CURVE('',#3111,#3113,#3114,.T.);
#2510=EDGE_CURVE('',#3115,#3113,#3116,.T.);
#2511=EDGE_CURVE('',#3117,#3115,#3118,.T.);
#2512=EDGE_CURVE('',#3119,#3117,#3120,.T.);
#2513=EDGE_CURVE('',#3119,#3121,#3122,.T.);
#2514=EDGE_CURVE('',#3123,#3121,#3124,.T.);
#2515=EDGE_CURVE('',#3123,#3125,#3126,.T.);
#2516=EDGE_CURVE('',#3125,#3127,#3128,.T.);
#2517=EDGE_CURVE('',#3127,#3129,#3130,.T.);
#2518=EDGE_CURVE('',#3129,#3131,#3132,.T.);
#2519=EDGE_CURVE('',#3133,#3131,#3134,.T.);
#2520=EDGE_CURVE('',#3135,#3133,#3136,.T.);
#2521=EDGE_CURVE('',#3135,#3137,#3138,.T.);
#2522=EDGE_CURVE('',#3137,#3139,#3140,.T.);
#2523=EDGE_CURVE('',#3141,#3139,#3142,.T.);
#2524=EDGE_CURVE('',#3143,#3141,#3144,.T.);
#2525=EDGE_CURVE('',#3143,#3145,#3146,.T.);
#2526=EDGE_CURVE('',#3145,#3147,#3148,.T.);
#2527=EDGE_CURVE('',#3149,#3147,#3150,.T.);
#2528=EDGE_CURVE('',#3151,#3149,#3152,.T.);
#2529=EDGE_CURVE('',#3151,#3153,#3154,.T.);
#2530=EDGE_CURVE('',#3153,#3089,#3155,.T.);
#2531=FILL_AREA_STYLE('',(#3156));
#2532=EDGE_CURVE('',#3157,#3083,#3158,.T.);
#2533=EDGE_CURVE('',#3157,#3123,#3159,.T.);
#2534=EDGE_CURVE('',#3121,#3160,#3161,.T.);
#2535=EDGE_CURVE('',#3160,#3162,#3163,.T.);
#2536=EDGE_CURVE('',#3162,#3115,#3164,.T.);
#2537=EDGE_CURVE('',#3113,#3165,#3166,.T.);
#2538=EDGE_CURVE('',#3165,#3167,#3168,.T.);
#2539=EDGE_CURVE('',#3167,#3107,#3169,.T.);
#2540=FILL_AREA_STYLE('',(#3170));
#2541=EDGE_CURVE('',#3171,#3081,#3172,.T.);
#2542=EDGE_CURVE('',#3171,#3157,#3173,.T.);
#2543=FILL_AREA_STYLE('',(#3174));
#2544=EDGE_CURVE('',#3175,#3079,#3176,.T.);
#2545=EDGE_CURVE('',#3175,#3171,#3177,.T.);
#2546=FILL_AREA_STYLE('',(#3178));
#2547=EDGE_CURVE('',#3179,#3125,#3180,.T.);
#2548=EDGE_CURVE('',#3181,#3179,#3182,.T.);
#2549=EDGE_CURVE('',#3127,#3181,#3183,.T.);
#2550=FILL_AREA_STYLE('',(#3184));
#2551=EDGE_CURVE('',#3185,#3175,#3186,.T.);
#2552=EDGE_CURVE('',#3187,#3185,#3188,.T.);
#2553=EDGE_CURVE('',#3189,#3187,#3190,.T.);
#2554=EDGE_CURVE('',#3191,#3189,#3192,.T.);
#2555=EDGE_CURVE('',#3193,#3191,#3194,.T.);
#2556=EDGE_CURVE('',#3195,#3193,#3196,.T.);
#2557=EDGE_CURVE('',#3197,#3195,#3198,.T.);
#2558=EDGE_CURVE('',#3199,#3197,#3200,.T.);
#2559=EDGE_CURVE('',#3179,#3199,#3201,.T.);
#2560=FILL_AREA_STYLE('',(#3202));
#2561=EDGE_CURVE('',#3185,#3077,#3203,.T.);
#2562=FILL_AREA_STYLE('',(#3204));
#2563=EDGE_CURVE('',#3181,#3205,#3206,.T.);
#2564=EDGE_CURVE('',#3205,#3207,#3208,.T.);
#2565=EDGE_CURVE('',#3207,#3209,#3210,.T.);
#2566=EDGE_CURVE('',#3209,#3211,#3212,.T.);
#2567=EDGE_CURVE('',#3211,#3213,#3214,.T.);
#2568=EDGE_CURVE('',#3213,#3215,#3216,.T.);
#2569=EDGE_CURVE('',#3215,#3217,#3218,.T.);
#2570=EDGE_CURVE('',#3217,#3129,#3219,.T.);
#2571=FILL_AREA_STYLE('',(#3220));
#2572=EDGE_CURVE('',#3153,#3221,#3222,.T.);
#2573=EDGE_CURVE('',#3223,#3151,#3224,.T.);
#2574=EDGE_CURVE('',#3221,#3223,#3225,.T.);
#2575=FILL_AREA_STYLE('',(#3226));
#2576=EDGE_CURVE('',#3227,#3147,#3228,.T.);
#2577=EDGE_CURVE('',#3229,#3227,#3230,.T.);
#2578=EDGE_CURVE('',#3149,#3229,#3231,.T.);
#2579=FILL_AREA_STYLE('',(#3232));
#2580=EDGE_CURVE('',#3233,#3167,#3234,.T.);
#2581=EDGE_CURVE('',#3109,#3233,#3235,.T.);
#2582=FILL_AREA_STYLE('',(#3236));
#2583=EDGE_CURVE('',#3165,#3237,#3238,.T.);
#2584=EDGE_CURVE('',#3237,#3233,#3239,.T.);
#2585=FILL_AREA_STYLE('',(#3240));
#2586=EDGE_CURVE('',#3237,#3111,#3241,.T.);
#2587=FILL_AREA_STYLE('',(#3242));
#2588=EDGE_CURVE('',#3243,#3229,#3244,.T.);
#2589=EDGE_CURVE('',#3243,#3143,#3245,.T.);
#2590=EDGE_CURVE('',#3141,#3246,#3247,.T.);
#2591=EDGE_CURVE('',#3248,#3246,#3249,.T.);
#2592=EDGE_CURVE('',#3248,#3135,#3250,.T.);
#2593=EDGE_CURVE('',#3133,#3251,#3252,.T.);
#2594=EDGE_CURVE('',#3215,#3251,#3253,.T.);
#2595=EDGE_CURVE('',#3213,#3095,#3254,.T.);
#2596=EDGE_CURVE('',#3223,#3093,#3255,.T.);
#2597=FILL_AREA_STYLE('',(#3256));
#2598=EDGE_CURVE('',#3145,#3257,#3258,.T.);
#2599=EDGE_CURVE('',#3257,#3227,#3259,.T.);
#2600=FILL_AREA_STYLE('',(#3260));
#2601=EDGE_CURVE('',#3257,#3243,#3261,.T.);
#2602=FILL_AREA_STYLE('',(#3262));
#2603=EDGE_CURVE('',#3221,#3091,#3263,.T.);
#2604=FILL_AREA_STYLE('',(#3264));
#2605=EDGE_CURVE('',#3265,#3139,#3266,.T.);
#2606=EDGE_CURVE('',#3246,#3265,#3267,.T.);
#2607=FILL_AREA_STYLE('',(#3268));
#2608=FILL_AREA_STYLE('',(#3269));
#2609=FILL_AREA_STYLE('',(#3270));
#2610=EDGE_CURVE('',#3271,#3162,#3272,.T.);
#2611=EDGE_CURVE('',#3117,#3271,#3273,.T.);
#2612=FILL_AREA_STYLE('',(#3274));
#2613=EDGE_CURVE('',#3275,#3265,#3276,.T.);
#2614=EDGE_CURVE('',#3275,#3248,#3277,.T.);
#2615=FILL_AREA_STYLE('',(#3278));
#2616=FILL_AREA_STYLE('',(#3279));
#2617=EDGE_CURVE('',#3137,#3275,#3280,.T.);
#2618=FILL_AREA_STYLE('',(#3281));
#2619=EDGE_CURVE('',#3282,#3131,#3283,.T.);
#2620=EDGE_CURVE('',#3251,#3282,#3284,.T.);
#2621=FILL_AREA_STYLE('',(#3285));
#2622=FILL_AREA_STYLE('',(#3286));
#2623=EDGE_CURVE('',#3287,#3119,#3288,.T.);
#2624=EDGE_CURVE('',#3160,#3287,#3289,.T.);
#2625=FILL_AREA_STYLE('',(#3290));
#2626=EDGE_CURVE('',#3287,#3271,#3291,.T.);
#2627=FILL_AREA_STYLE('',(#3292));
#2628=FILL_AREA_STYLE('',(#3293));
#2629=EDGE_CURVE('',#3217,#3282,#3294,.T.);
#2630=FILL_AREA_STYLE('',(#3295));
#2631=EDGE_CURVE('',#3187,#3075,#3296,.T.);
#2632=FILL_AREA_STYLE('',(#3297));
#2633=EDGE_CURVE('',#3189,#3073,#3298,.T.);
#2634=FILL_AREA_STYLE('',(#3299));
#2635=EDGE_CURVE('',#3191,#3071,#3300,.T.);
#2636=FILL_AREA_STYLE('',(#3301));
#2637=EDGE_CURVE('',#3193,#3069,#3302,.T.);
#2638=FILL_AREA_STYLE('',(#3303));
#2639=EDGE_CURVE('',#3195,#3067,#3304,.T.);
#2640=FILL_AREA_STYLE('',(#3305));
#2641=EDGE_CURVE('',#3197,#3065,#3306,.T.);
#2642=FILL_AREA_STYLE('',(#3307));
#2643=EDGE_CURVE('',#3199,#3063,#3308,.T.);
#2644=FILL_AREA_STYLE('',(#3309));
#2645=EDGE_CURVE('',#3179,#3054,#3310,.T.);
#2646=FILL_AREA_STYLE('',(#3311));
#2647=EDGE_CURVE('',#3205,#3103,#3312,.T.);
#2648=FILL_AREA_STYLE('',(#3313));
#2649=EDGE_CURVE('',#3207,#3101,#3314,.T.);
#2650=FILL_AREA_STYLE('',(#3315));
#2651=EDGE_CURVE('',#3209,#3099,#3316,.T.);
#2652=FILL_AREA_STYLE('',(#3317));
#2653=EDGE_CURVE('',#3211,#3097,#3318,.T.);
#2654=FILL_AREA_STYLE('',(#3319));
#2655=FILL_AREA_STYLE('',(#3320));
#2656=FILL_AREA_STYLE_COLOUR('',#3321);
#2657=VERTEX_POINT('',#3322);
#2658=VERTEX_POINT('',#3323);
#2659=LINE('',#3324,#3325);
#2660=VERTEX_POINT('',#3326);
#2661=LINE('',#3327,#3328);
#2662=VERTEX_POINT('',#3329);
#2663=LINE('',#3330,#3331);
#2664=LINE('',#3332,#3333);
#2665=FILL_AREA_STYLE_COLOUR('',#3334);
#2666=VERTEX_POINT('',#3335);
#2667=LINE('',#3336,#3337);
#2668=VERTEX_POINT('',#3338);
#2669=LINE('',#3339,#3340);
#2670=VERTEX_POINT('',#3341);
#2671=CIRCLE('',#3342,1.53);
#2672=VERTEX_POINT('',#3343);
#2673=LINE('',#3344,#3345);
#2674=CIRCLE('',#3346,1.53);
#2675=FILL_AREA_STYLE_COLOUR('',#3347);
#2676=VERTEX_POINT('',#3348);
#2677=VERTEX_POINT('',#3349);
#2678=B_SPLINE_CURVE_WITH_KNOTS('',3,(#3350,#3351,#3352,#3353,#3354,#3355,#3356,#3357),.UNSPECIFIED.,.F.,.F.,(4,2,2,4),(7.35442012200781,7.36869867882594,7.66086462415878,8.09629341778117),.UNSPECIFIED.);
#2679=VERTEX_POINT('',#3358);
#2680=LINE('',#3359,#3360);
#2681=VERTEX_POINT('',#3361);
#2682=B_SPLINE_CURVE_WITH_KNOTS('',3,(#3362,#3363,#3364,#3365,#3366,#3367,#3368,#3369),.UNSPECIFIED.,.F.,.F.,(4,2,2,4),(1.48750294999522,1.92293174361765,2.21509768895048,2.22937624577056),.UNSPECIFIED.);
#2683=VERTEX_POINT('',#3370);
#2684=B_SPLINE_CURVE_WITH_KNOTS('',3,(#3371,#3372,#3373,#3374,#3375,#3376,#3377,#3378,#3379,#3380,#3381,#3382,#3383,#3384),.UNSPECIFIED.,.F.,.F.,(4,2,2,2,2,2,4),(0.627436148734532,0.771794905022837,0.888609978367,1.00542505171116,1.12224012505533,1.23905519839949,1.38341395468779),.UNSPECIFIED.);
#2685=B_SPLINE_CURVE_WITH_KNOTS('',3,(#3385,#3386,#3387,#3388,#3389,#3390,#3391,#3392,#3393,#3394,#3395,#3396,#3397,#3398),.UNSPECIFIED.,.F.,.F.,(4,2,2,2,2,2,4),(0.627436148734532,0.771794905022837,0.888609978367,1.00542505171116,1.12224012505533,1.23905519839949,1.38341395468779),.UNSPECIFIED.);
#2686=FILL_AREA_STYLE_COLOUR('',#3399);
#2687=VERTEX_POINT('',#3400);
#2688=B_SPLINE_CURVE_WITH_KNOTS('',3,(#3401,#3402,#3403,#3404,#3405,#3406,#3407,#3408),.UNSPECIFIED.,.F.,.F.,(4,2,2,4),(1.48750294999524,1.92293174361764,2.21509768895048,2.22937624577055),.UNSPECIFIED.);
#2689=VERTEX_POINT('',#3409);
#2690=B_SPLINE_CURVE_WITH_KNOTS('',3,(#3410,#3411,#3412,#3413,#3414,#3415,#3416,#3417,#3418,#3419,#3420,#3421,#3422,#3423),.UNSPECIFIED.,.F.,.F.,(4,2,2,2,2,2,4),(0.627436148734531,0.771794905022836,0.888609978367,1.00542505171116,1.12224012505533,1.23905519839949,1.38341395468779),.UNSPECIFIED.);
#2691=VERTEX_POINT('',#3424);
#2692=B_SPLINE_CURVE_WITH_KNOTS('',3,(#3425,#3426,#3427,#3428,#3429,#3430,#3431,#3432,#3433,#3434,#3435,#3436,#3437,#3438),.UNSPECIFIED.,.F.,.F.,(4,2,2,2,2,2,4),(0.627436148734531,0.771794905022836,0.888609978367,1.00542505171116,1.12224012505533,1.23905519839949,1.38341395468779),.UNSPECIFIED.);
#2693=B_SPLINE_CURVE_WITH_KNOTS('',3,(#3439,#3440,#3441,#3442,#3443,#3444,#3445,#3446),.UNSPECIFIED.,.F.,.F.,(4,2,2,4),(7.35442012200781,7.36869867882594,7.66086462415878,8.09629341778121),.UNSPECIFIED.);
#2694=FILL_AREA_STYLE_COLOUR('',#3447);
#2695=LINE('',#3448,#3449);
#2696=LINE('',#3450,#3451);
#2697=FILL_AREA_STYLE_COLOUR('',#3452);
#2698=CIRCLE('',#3453,1.53);
#2699=FILL_AREA_STYLE_COLOUR('',#3454);
#2700=VERTEX_POINT('',#3455);
#2701=LINE('',#3456,#3457);
#2702=CIRCLE('',#3458,1.53);
#2703=FILL_AREA_STYLE_COLOUR('',#3459);
#2704=VERTEX_POINT('',#3460);
#2705=LINE('',#3461,#3462);
#2706=LINE('',#3463,#3464);
#2707=FILL_AREA_STYLE_COLOUR('',#3465);
#2708=LINE('',#3466,#3467);
#2709=FILL_AREA_STYLE_COLOUR('',#3468);
#2710=VERTEX_POINT('',#3469);
#2711=VERTEX_POINT('',#3470);
#2712=LINE('',#3471,#3472);
#2713=VERTEX_POINT('',#3473);
#2714=LINE('',#3474,#3475);
#2715=VERTEX_POINT('',#3476);
#2716=LINE('',#3477,#3478);
#2717=LINE('',#3479,#3480);
#2718=FILL_AREA_STYLE_COLOUR('',#3481);
#2719=VERTEX_POINT('',#3482);
#2720=LINE('',#3483,#3484);
#2721=VERTEX_POINT('',#3485);
#2722=LINE('',#3486,#3487);
#2723=VERTEX_POINT('',#3488);
#2724=CIRCLE('',#3489,1.53);
#2725=VERTEX_POINT('',#3490);
#2726=LINE('',#3491,#3492);
#2727=CIRCLE('',#3493,1.53);
#2728=FILL_AREA_STYLE_COLOUR('',#3494);
#2729=VERTEX_POINT('',#3495);
#2730=VERTEX_POINT('',#3496);
#2731=B_SPLINE_CURVE_WITH_KNOTS('',3,(#3497,#3498,#3499,#3500,#3501,#3502,#3503,#3504),.UNSPECIFIED.,.F.,.F.,(4,2,2,4),(7.35442012200781,7.36869867882594,7.66086462415878,8.09629341778117),.UNSPECIFIED.);
#2732=VERTEX_POINT('',#3505);
#2733=LINE('',#3506,#3507);
#2734=VERTEX_POINT('',#3508);
#2735=B_SPLINE_CURVE_WITH_KNOTS('',3,(#3509,#3510,#3511,#3512,#3513,#3514,#3515,#3516),.UNSPECIFIED.,.F.,.F.,(4,2,2,4),(1.48750294999522,1.92293174361765,2.21509768895048,2.22937624577056),.UNSPECIFIED.);
#2736=VERTEX_POINT('',#3517);
#2737=B_SPLINE_CURVE_WITH_KNOTS('',3,(#3518,#3519,#3520,#3521,#3522,#3523,#3524,#3525,#3526,#3527,#3528,#3529,#3530,#3531),.UNSPECIFIED.,.F.,.F.,(4,2,2,2,2,2,4),(0.627436148734532,0.771794905022837,0.888609978367,1.00542505171116,1.12224012505533,1.23905519839949,1.38341395468779),.UNSPECIFIED.);
#2738=B_SPLINE_CURVE_WITH_KNOTS('',3,(#3532,#3533,#3534,#3535,#3536,#3537,#3538,#3539,#3540,#3541,#3542,#3543,#3544,#3545),.UNSPECIFIED.,.F.,.F.,(4,2,2,2,2,2,4),(0.627436148734532,0.771794905022837,0.888609978367,1.00542505171116,1.12224012505533,1.23905519839949,1.38341395468779),.UNSPECIFIED.);
#2739=FILL_AREA_STYLE_COLOUR('',#3546);
#2740=VERTEX_POINT('',#3547);
#2741=B_SPLINE_CURVE_WITH_KNOTS('',3,(#3548,#3549,#3550,#3551,#3552,#3553,#3554,#3555),.UNSPECIFIED.,.F.,.F.,(4,2,2,4),(1.48750294999524,1.92293174361764,2.21509768895048,2.22937624577055),.UNSPECIFIED.);
#2742=VERTEX_POINT('',#3556);
#2743=B_SPLINE_CURVE_WITH_KNOTS('',3,(#3557,#3558,#3559,#3560,#3561,#3562,#3563,#3564,#3565,#3566,#3567,#3568,#3569,#3570),.UNSPECIFIED.,.F.,.F.,(4,2,2,2,2,2,4),(0.627436148734531,0.771794905022836,0.888609978367,1.00542505171116,1.12224012505533,1.23905519839949,1.38341395468779),.UNSPECIFIED.);
#2744=VERTEX_POINT('',#3571);
#2745=B_SPLINE_CURVE_WITH_KNOTS('',3,(#3572,#3573,#3574,#3575,#3576,#3577,#3578,#3579,#3580,#3581,#3582,#3583,#3584,#3585),.UNSPECIFIED.,.F.,.F.,(4,2,2,2,2,2,4),(0.627436148734531,0.771794905022836,0.888609978367,1.00542505171116,1.12224012505533,1.23905519839949,1.38341395468779),.UNSPECIFIED.);
#2746=B_SPLINE_CURVE_WITH_KNOTS('',3,(#3586,#3587,#3588,#3589,#3590,#3591,#3592,#3593),.UNSPECIFIED.,.F.,.F.,(4,2,2,4),(7.35442012200781,7.36869867882594,7.66086462415878,8.09629341778121),.UNSPECIFIED.);
#2747=FILL_AREA_STYLE_COLOUR('',#3594);
#2748=LINE('',#3595,#3596);
#2749=LINE('',#3597,#3598);
#2750=FILL_AREA_STYLE_COLOUR('',#3599);
#2751=CIRCLE('',#3600,1.53);
#2752=FILL_AREA_STYLE_COLOUR('',#3601);
#2753=VERTEX_POINT('',#3602);
#2754=LINE('',#3603,#3604);
#2755=CIRCLE('',#3605,1.53);
#2756=FILL_AREA_STYLE_COLOUR('',#3606);
#2757=VERTEX_POINT('',#3607);
#2758=LINE('',#3608,#3609);
#2759=LINE('',#3610,#3611);
#2760=FILL_AREA_STYLE_COLOUR('',#3612);
#2761=LINE('',#3613,#3614);
#2762=FILL_AREA_STYLE_COLOUR('',#3615);
#2763=VERTEX_POINT('',#3616);
#2764=VERTEX_POINT('',#3617);
#2765=LINE('',#3618,#3619);
#2766=VERTEX_POINT('',#3620);
#2767=LINE('',#3621,#3622);
#2768=VERTEX_POINT('',#3623);
#2769=LINE('',#3624,#3625);
#2770=LINE('',#3626,#3627);
#2771=FILL_AREA_STYLE_COLOUR('',#3628);
#2772=VERTEX_POINT('',#3629);
#2773=LINE('',#3630,#3631);
#2774=VERTEX_POINT('',#3632);
#2775=LINE('',#3633,#3634);
#2776=VERTEX_POINT('',#3635);
#2777=CIRCLE('',#3636,1.53);
#2778=VERTEX_POINT('',#3637);
#2779=LINE('',#3638,#3639);
#2780=CIRCLE('',#3640,1.53);
#2781=FILL_AREA_STYLE_COLOUR('',#3641);
#2782=VERTEX_POINT('',#3642);
#2783=VERTEX_POINT('',#3643);
#2784=B_SPLINE_CURVE_WITH_KNOTS('',3,(#3644,#3645,#3646,#3647,#3648,#3649,#3650,#3651),.UNSPECIFIED.,.F.,.F.,(4,2,2,4),(7.35442012200781,7.36869867882594,7.66086462415878,8.09629341778117),.UNSPECIFIED.);
#2785=VERTEX_POINT('',#3652);
#2786=LINE('',#3653,#3654);
#2787=VERTEX_POINT('',#3655);
#2788=B_SPLINE_CURVE_WITH_KNOTS('',3,(#3656,#3657,#3658,#3659,#3660,#3661,#3662,#3663),.UNSPECIFIED.,.F.,.F.,(4,2,2,4),(1.48750294999522,1.92293174361765,2.21509768895048,2.22937624577056),.UNSPECIFIED.);
#2789=VERTEX_POINT('',#3664);
#2790=B_SPLINE_CURVE_WITH_KNOTS('',3,(#3665,#3666,#3667,#3668,#3669,#3670,#3671,#3672,#3673,#3674,#3675,#3676,#3677,#3678),.UNSPECIFIED.,.F.,.F.,(4,2,2,2,2,2,4),(0.627436148734532,0.771794905022837,0.888609978367,1.00542505171116,1.12224012505533,1.23905519839949,1.38341395468779),.UNSPECIFIED.);
#2791=B_SPLINE_CURVE_WITH_KNOTS('',3,(#3679,#3680,#3681,#3682,#3683,#3684,#3685,#3686,#3687,#3688,#3689,#3690,#3691,#3692),.UNSPECIFIED.,.F.,.F.,(4,2,2,2,2,2,4),(0.627436148734532,0.771794905022837,0.888609978367,1.00542505171116,1.12224012505533,1.23905519839949,1.38341395468779),.UNSPECIFIED.);
#2792=FILL_AREA_STYLE_COLOUR('',#3693);
#2793=VERTEX_POINT('',#3694);
#2794=B_SPLINE_CURVE_WITH_KNOTS('',3,(#3695,#3696,#3697,#3698,#3699,#3700,#3701,#3702),.UNSPECIFIED.,.F.,.F.,(4,2,2,4),(1.48750294999524,1.92293174361764,2.21509768895048,2.22937624577055),.UNSPECIFIED.);
#2795=VERTEX_POINT('',#3703);
#2796=B_SPLINE_CURVE_WITH_KNOTS('',3,(#3704,#3705,#3706,#3707,#3708,#3709,#3710,#3711,#3712,#3713,#3714,#3715,#3716,#3717),.UNSPECIFIED.,.F.,.F.,(4,2,2,2,2,2,4),(0.627436148734531,0.771794905022836,0.888609978367,1.00542505171116,1.12224012505533,1.23905519839949,1.38341395468779),.UNSPECIFIED.);
#2797=VERTEX_POINT('',#3718);
#2798=B_SPLINE_CURVE_WITH_KNOTS('',3,(#3719,#3720,#3721,#3722,#3723,#3724,#3725,#3726,#3727,#3728,#3729,#3730,#3731,#3732),.UNSPECIFIED.,.F.,.F.,(4,2,2,2,2,2,4),(0.627436148734531,0.771794905022836,0.888609978367,1.00542505171116,1.12224012505533,1.23905519839949,1.38341395468779),.UNSPECIFIED.);
#2799=B_SPLINE_CURVE_WITH_KNOTS('',3,(#3733,#3734,#3735,#3736,#3737,#3738,#3739,#3740),.UNSPECIFIED.,.F.,.F.,(4,2,2,4),(7.35442012200781,7.36869867882594,7.66086462415878,8.09629341778121),.UNSPECIFIED.);
#2800=FILL_AREA_STYLE_COLOUR('',#3741);
#2801=LINE('',#3742,#3743);
#2802=LINE('',#3744,#3745);
#2803=FILL_AREA_STYLE_COLOUR('',#3746);
#2804=CIRCLE('',#3747,1.53);
#2805=FILL_AREA_STYLE_COLOUR('',#3748);
#2806=VERTEX_POINT('',#3749);
#2807=LINE('',#3750,#3751);
#2808=CIRCLE('',#3752,1.53);
#2809=FILL_AREA_STYLE_COLOUR('',#3753);
#2810=VERTEX_POINT('',#3754);
#2811=LINE('',#3755,#3756);
#2812=LINE('',#3757,#3758);
#2813=FILL_AREA_STYLE_COLOUR('',#3759);
#2814=LINE('',#3760,#3761);
#2815=FILL_AREA_STYLE_COLOUR('',#3762);
#2816=VERTEX_POINT('',#3763);
#2817=VERTEX_POINT('',#3764);
#2818=LINE('',#3765,#3766);
#2819=VERTEX_POINT('',#3767);
#2820=LINE('',#3768,#3769);
#2821=VERTEX_POINT('',#3770);
#2822=LINE('',#3771,#3772);
#2823=LINE('',#3773,#3774);
#2824=FILL_AREA_STYLE_COLOUR('',#3775);
#2825=VERTEX_POINT('',#3776);
#2826=LINE('',#3777,#3778);
#2827=VERTEX_POINT('',#3779);
#2828=LINE('',#3780,#3781);
#2829=VERTEX_POINT('',#3782);
#2830=CIRCLE('',#3783,1.53);
#2831=VERTEX_POINT('',#3784);
#2832=LINE('',#3785,#3786);
#2833=CIRCLE('',#3787,1.53);
#2834=FILL_AREA_STYLE_COLOUR('',#3788);
#2835=VERTEX_POINT('',#3789);
#2836=VERTEX_POINT('',#3790);
#2837=B_SPLINE_CURVE_WITH_KNOTS('',3,(#3791,#3792,#3793,#3794,#3795,#3796,#3797,#3798),.UNSPECIFIED.,.F.,.F.,(4,2,2,4),(7.35442012200781,7.36869867882594,7.66086462415878,8.09629341778118),.UNSPECIFIED.);
#2838=VERTEX_POINT('',#3799);
#2839=LINE('',#3800,#3801);
#2840=VERTEX_POINT('',#3802);
#2841=B_SPLINE_CURVE_WITH_KNOTS('',3,(#3803,#3804,#3805,#3806,#3807,#3808,#3809,#3810),.UNSPECIFIED.,.F.,.F.,(4,2,2,4),(1.48750294999522,1.92293174361765,2.21509768895048,2.22937624577056),.UNSPECIFIED.);
#2842=VERTEX_POINT('',#3811);
#2843=B_SPLINE_CURVE_WITH_KNOTS('',3,(#3812,#3813,#3814,#3815,#3816,#3817,#3818,#3819,#3820,#3821,#3822,#3823,#3824,#3825),.UNSPECIFIED.,.F.,.F.,(4,2,2,2,2,2,4),(0.627436148734531,0.771794905022836,0.888609978366999,1.00542505171116,1.12224012505532,1.23905519839949,1.38341395468779),.UNSPECIFIED.);
#2844=B_SPLINE_CURVE_WITH_KNOTS('',3,(#3826,#3827,#3828,#3829,#3830,#3831,#3832,#3833,#3834,#3835,#3836,#3837,#3838,#3839),.UNSPECIFIED.,.F.,.F.,(4,2,2,2,2,2,4),(0.627436148734531,0.771794905022836,0.888609978366999,1.00542505171116,1.12224012505532,1.23905519839949,1.38341395468779),.UNSPECIFIED.);
#2845=FILL_AREA_STYLE_COLOUR('',#3840);
#2846=VERTEX_POINT('',#3841);
#2847=B_SPLINE_CURVE_WITH_KNOTS('',3,(#3842,#3843,#3844,#3845,#3846,#3847,#3848,#3849),.UNSPECIFIED.,.F.,.F.,(4,2,2,4),(1.48750294999525,1.92293174361764,2.21509768895048,2.22937624577055),.UNSPECIFIED.);
#2848=VERTEX_POINT('',#3850);
#2849=B_SPLINE_CURVE_WITH_KNOTS('',3,(#3851,#3852,#3853,#3854,#3855,#3856,#3857,#3858,#3859,#3860,#3861,#3862,#3863,#3864),.UNSPECIFIED.,.F.,.F.,(4,2,2,2,2,2,4),(0.627436148734531,0.771794905022836,0.888609978366999,1.00542505171116,1.12224012505532,1.23905519839949,1.38341395468779),.UNSPECIFIED.);
#2850=VERTEX_POINT('',#3865);
#2851=B_SPLINE_CURVE_WITH_KNOTS('',3,(#3866,#3867,#3868,#3869,#3870,#3871,#3872,#3873,#3874,#3875,#3876,#3877,#3878,#3879),.UNSPECIFIED.,.F.,.F.,(4,2,2,2,2,2,4),(0.627436148734531,0.771794905022836,0.888609978366999,1.00542505171116,1.12224012505532,1.23905519839949,1.38341395468779),.UNSPECIFIED.);
#2852=B_SPLINE_CURVE_WITH_KNOTS('',3,(#3880,#3881,#3882,#3883,#3884,#3885,#3886,#3887),.UNSPECIFIED.,.F.,.F.,(4,2,2,4),(7.35442012200781,7.36869867882595,7.66086462415878,8.09629341778121),.UNSPECIFIED.);
#2853=FILL_AREA_STYLE_COLOUR('',#3888);
#2854=LINE('',#3889,#3890);
#2855=LINE('',#3891,#3892);
#2856=FILL_AREA_STYLE_COLOUR('',#3893);
#2857=CIRCLE('',#3894,1.53);
#2858=FILL_AREA_STYLE_COLOUR('',#3895);
#2859=VERTEX_POINT('',#3896);
#2860=LINE('',#3897,#3898);
#2861=CIRCLE('',#3899,1.53);
#2862=FILL_AREA_STYLE_COLOUR('',#3900);
#2863=VERTEX_POINT('',#3901);
#2864=LINE('',#3902,#3903);
#2865=LINE('',#3904,#3905);
#2866=FILL_AREA_STYLE_COLOUR('',#3906);
#2867=LINE('',#3907,#3908);
#2868=FILL_AREA_STYLE_COLOUR('',#3909);
#2869=VERTEX_POINT('',#3910);
#2870=VERTEX_POINT('',#3911);
#2871=LINE('',#3912,#3913);
#2872=VERTEX_POINT('',#3914);
#2873=LINE('',#3915,#3916);
#2874=VERTEX_POINT('',#3917);
#2875=LINE('',#3918,#3919);
#2876=LINE('',#3920,#3921);
#2877=FILL_AREA_STYLE_COLOUR('',#3922);
#2878=VERTEX_POINT('',#3923);
#2879=LINE('',#3924,#3925);
#2880=VERTEX_POINT('',#3926);
#2881=LINE('',#3927,#3928);
#2882=VERTEX_POINT('',#3929);
#2883=CIRCLE('',#3930,1.53);
#2884=VERTEX_POINT('',#3931);
#2885=LINE('',#3932,#3933);
#2886=CIRCLE('',#3934,1.53);
#2887=FILL_AREA_STYLE_COLOUR('',#3935);
#2888=VERTEX_POINT('',#3936);
#2889=VERTEX_POINT('',#3937);
#2890=B_SPLINE_CURVE_WITH_KNOTS('',3,(#3938,#3939,#3940,#3941,#3942,#3943,#3944,#3945),.UNSPECIFIED.,.F.,.F.,(4,2,2,4),(7.35442012200781,7.36869867882594,7.66086462415878,8.09629341778118),.UNSPECIFIED.);
#2891=VERTEX_POINT('',#3946);
#2892=LINE('',#3947,#3948);
#2893=VERTEX_POINT('',#3949);
#2894=B_SPLINE_CURVE_WITH_KNOTS('',3,(#3950,#3951,#3952,#3953,#3954,#3955,#3956,#3957),.UNSPECIFIED.,.F.,.F.,(4,2,2,4),(1.48750294999522,1.92293174361765,2.21509768895048,2.22937624577056),.UNSPECIFIED.);
#2895=VERTEX_POINT('',#3958);
#2896=B_SPLINE_CURVE_WITH_KNOTS('',3,(#3959,#3960,#3961,#3962,#3963,#3964,#3965,#3966,#3967,#3968,#3969,#3970,#3971,#3972),.UNSPECIFIED.,.F.,.F.,(4,2,2,2,2,2,4),(0.627436148734531,0.771794905022836,0.888609978366999,1.00542505171116,1.12224012505532,1.23905519839949,1.38341395468779),.UNSPECIFIED.);
#2897=B_SPLINE_CURVE_WITH_KNOTS('',3,(#3973,#3974,#3975,#3976,#3977,#3978,#3979,#3980,#3981,#3982,#3983,#3984,#3985,#3986),.UNSPECIFIED.,.F.,.F.,(4,2,2,2,2,2,4),(0.627436148734531,0.771794905022836,0.888609978366999,1.00542505171116,1.12224012505532,1.23905519839949,1.38341395468779),.UNSPECIFIED.);
#2898=FILL_AREA_STYLE_COLOUR('',#3987);
#2899=VERTEX_POINT('',#3988);
#2900=B_SPLINE_CURVE_WITH_KNOTS('',3,(#3989,#3990,#3991,#3992,#3993,#3994,#3995,#3996),.UNSPECIFIED.,.F.,.F.,(4,2,2,4),(1.48750294999525,1.92293174361764,2.21509768895048,2.22937624577055),.UNSPECIFIED.);
#2901=VERTEX_POINT('',#3997);
#2902=B_SPLINE_CURVE_WITH_KNOTS('',3,(#3998,#3999,#4000,#4001,#4002,#4003,#4004,#4005,#4006,#4007,#4008,#4009,#4010,#4011),.UNSPECIFIED.,.F.,.F.,(4,2,2,2,2,2,4),(0.627436148734531,0.771794905022836,0.888609978366999,1.00542505171116,1.12224012505532,1.23905519839949,1.38341395468779),.UNSPECIFIED.);
#2903=VERTEX_POINT('',#4012);
#2904=B_SPLINE_CURVE_WITH_KNOTS('',3,(#4013,#4014,#4015,#4016,#4017,#4018,#4019,#4020,#4021,#4022,#4023,#4024,#4025,#4026),.UNSPECIFIED.,.F.,.F.,(4,2,2,2,2,2,4),(0.627436148734531,0.771794905022836,0.888609978366999,1.00542505171116,1.12224012505532,1.23905519839949,1.38341395468779),.UNSPECIFIED.);
#2905=B_SPLINE_CURVE_WITH_KNOTS('',3,(#4027,#4028,#4029,#4030,#4031,#4032,#4033,#4034),.UNSPECIFIED.,.F.,.F.,(4,2,2,4),(7.35442012200781,7.36869867882595,7.66086462415878,8.09629341778121),.UNSPECIFIED.);
#2906=FILL_AREA_STYLE_COLOUR('',#4035);
#2907=LINE('',#4036,#4037);
#2908=LINE('',#4038,#4039);
#2909=FILL_AREA_STYLE_COLOUR('',#4040);
#2910=CIRCLE('',#4041,1.53);
#2911=FILL_AREA_STYLE_COLOUR('',#4042);
#2912=VERTEX_POINT('',#4043);
#2913=LINE('',#4044,#4045);
#2914=CIRCLE('',#4046,1.53);
#2915=FILL_AREA_STYLE_COLOUR('',#4047);
#2916=VERTEX_POINT('',#4048);
#2917=LINE('',#4049,#4050);
#2918=LINE('',#4051,#4052);
#2919=FILL_AREA_STYLE_COLOUR('',#4053);
#2920=LINE('',#4054,#4055);
#2921=FILL_AREA_STYLE_COLOUR('',#4056);
#2922=VERTEX_POINT('',#4057);
#2923=VERTEX_POINT('',#4058);
#2924=LINE('',#4059,#4060);
#2925=VERTEX_POINT('',#4061);
#2926=LINE('',#4062,#4063);
#2927=VERTEX_POINT('',#4064);
#2928=LINE('',#4065,#4066);
#2929=LINE('',#4067,#4068);
#2930=FILL_AREA_STYLE_COLOUR('',#4069);
#2931=VERTEX_POINT('',#4070);
#2932=LINE('',#4071,#4072);
#2933=VERTEX_POINT('',#4073);
#2934=LINE('',#4074,#4075);
#2935=VERTEX_POINT('',#4076);
#2936=CIRCLE('',#4077,1.53);
#2937=VERTEX_POINT('',#4078);
#2938=LINE('',#4079,#4080);
#2939=CIRCLE('',#4081,1.53);
#2940=FILL_AREA_STYLE_COLOUR('',#4082);
#2941=VERTEX_POINT('',#4083);
#2942=VERTEX_POINT('',#4084);
#2943=B_SPLINE_CURVE_WITH_KNOTS('',3,(#4085,#4086,#4087,#4088,#4089,#4090,#4091,#4092),.UNSPECIFIED.,.F.,.F.,(4,2,2,4),(7.35442012200781,7.36869867882594,7.66086462415878,8.09629341778118),.UNSPECIFIED.);
#2944=VERTEX_POINT('',#4093);
#2945=LINE('',#4094,#4095);
#2946=VERTEX_POINT('',#4096);
#2947=B_SPLINE_CURVE_WITH_KNOTS('',3,(#4097,#4098,#4099,#4100,#4101,#4102,#4103,#4104),.UNSPECIFIED.,.F.,.F.,(4,2,2,4),(1.48750294999522,1.92293174361765,2.21509768895048,2.22937624577056),.UNSPECIFIED.);
#2948=VERTEX_POINT('',#4105);
#2949=B_SPLINE_CURVE_WITH_KNOTS('',3,(#4106,#4107,#4108,#4109,#4110,#4111,#4112,#4113,#4114,#4115,#4116,#4117,#4118,#4119),.UNSPECIFIED.,.F.,.F.,(4,2,2,2,2,2,4),(0.627436148734531,0.771794905022836,0.888609978366999,1.00542505171116,1.12224012505532,1.23905519839949,1.38341395468779),.UNSPECIFIED.);
#2950=B_SPLINE_CURVE_WITH_KNOTS('',3,(#4120,#4121,#4122,#4123,#4124,#4125,#4126,#4127,#4128,#4129,#4130,#4131,#4132,#4133),.UNSPECIFIED.,.F.,.F.,(4,2,2,2,2,2,4),(0.627436148734531,0.771794905022836,0.888609978366999,1.00542505171116,1.12224012505532,1.23905519839949,1.38341395468779),.UNSPECIFIED.);
#2951=FILL_AREA_STYLE_COLOUR('',#4134);
#2952=VERTEX_POINT('',#4135);
#2953=B_SPLINE_CURVE_WITH_KNOTS('',3,(#4136,#4137,#4138,#4139,#4140,#4141,#4142,#4143),.UNSPECIFIED.,.F.,.F.,(4,2,2,4),(1.48750294999525,1.92293174361764,2.21509768895048,2.22937624577055),.UNSPECIFIED.);
#2954=VERTEX_POINT('',#4144);
#2955=B_SPLINE_CURVE_WITH_KNOTS('',3,(#4145,#4146,#4147,#4148,#4149,#4150,#4151,#4152,#4153,#4154,#4155,#4156,#4157,#4158),.UNSPECIFIED.,.F.,.F.,(4,2,2,2,2,2,4),(0.627436148734531,0.771794905022836,0.888609978366999,1.00542505171116,1.12224012505532,1.23905519839949,1.38341395468779),.UNSPECIFIED.);
#2956=VERTEX_POINT('',#4159);
#2957=B_SPLINE_CURVE_WITH_KNOTS('',3,(#4160,#4161,#4162,#4163,#4164,#4165,#4166,#4167,#4168,#4169,#4170,#4171,#4172,#4173),.UNSPECIFIED.,.F.,.F.,(4,2,2,2,2,2,4),(0.627436148734531,0.771794905022836,0.888609978366999,1.00542505171116,1.12224012505532,1.23905519839949,1.38341395468779),.UNSPECIFIED.);
#2958=B_SPLINE_CURVE_WITH_KNOTS('',3,(#4174,#4175,#4176,#4177,#4178,#4179,#4180,#4181),.UNSPECIFIED.,.F.,.F.,(4,2,2,4),(7.35442012200781,7.36869867882595,7.66086462415878,8.09629341778121),.UNSPECIFIED.);
#2959=FILL_AREA_STYLE_COLOUR('',#4182);
#2960=LINE('',#4183,#4184);
#2961=LINE('',#4185,#4186);
#2962=FILL_AREA_STYLE_COLOUR('',#4187);
#2963=CIRCLE('',#4188,1.53);
#2964=FILL_AREA_STYLE_COLOUR('',#4189);
#2965=VERTEX_POINT('',#4190);
#2966=LINE('',#4191,#4192);
#2967=CIRCLE('',#4193,1.53);
#2968=FILL_AREA_STYLE_COLOUR('',#4194);
#2969=VERTEX_POINT('',#4195);
#2970=LINE('',#4196,#4197);
#2971=LINE('',#4198,#4199);
#2972=FILL_AREA_STYLE_COLOUR('',#4200);
#2973=LINE('',#4201,#4202);
#2974=FILL_AREA_STYLE_COLOUR('',#4203);
#2975=VERTEX_POINT('',#4204);
#2976=VERTEX_POINT('',#4205);
#2977=LINE('',#4206,#4207);
#2978=VERTEX_POINT('',#4208);
#2979=LINE('',#4209,#4210);
#2980=VERTEX_POINT('',#4211);
#2981=LINE('',#4212,#4213);
#2982=LINE('',#4214,#4215);
#2983=FILL_AREA_STYLE_COLOUR('',#4216);
#2984=VERTEX_POINT('',#4217);
#2985=LINE('',#4218,#4219);
#2986=VERTEX_POINT('',#4220);
#2987=LINE('',#4221,#4222);
#2988=LINE('',#4223,#4224);
#2989=FILL_AREA_STYLE_COLOUR('',#4225);
#2990=VERTEX_POINT('',#4226);
#2991=LINE('',#4227,#4228);
#2992=VERTEX_POINT('',#4229);
#2993=LINE('',#4230,#4231);
#2994=LINE('',#4232,#4233);
#2995=FILL_AREA_STYLE_COLOUR('',#4234);
#2996=VERTEX_POINT('',#4235);
#2997=LINE('',#4236,#4237);
#2998=VERTEX_POINT('',#4238);
#2999=LINE('',#4239,#4240);
#3000=LINE('',#4241,#4242);
#3001=FILL_AREA_STYLE_COLOUR('',#4243);
#3002=VERTEX_POINT('',#4244);
#3003=LINE('',#4245,#4246);
#3004=VERTEX_POINT('',#4247);
#3005=LINE('',#4248,#4249);
#3006=LINE('',#4250,#4251);
#3007=FILL_AREA_STYLE_COLOUR('',#4252);
#3008=VERTEX_POINT('',#4253);
#3009=LINE('',#4254,#4255);
#3010=VERTEX_POINT('',#4256);
#3011=LINE('',#4257,#4258);
#3012=LINE('',#4259,#4260);
#3013=FILL_AREA_STYLE_COLOUR('',#4261);
#3014=VERTEX_POINT('',#4262);
#3015=LINE('',#4263,#4264);
#3016=VERTEX_POINT('',#4265);
#3017=LINE('',#4266,#4267);
#3018=LINE('',#4268,#4269);
#3019=FILL_AREA_STYLE_COLOUR('',#4270);
#3020=VERTEX_POINT('',#4271);
#3021=LINE('',#4272,#4273);
#3022=VERTEX_POINT('',#4274);
#3023=LINE('',#4275,#4276);
#3024=LINE('',#4277,#4278);
#3025=FILL_AREA_STYLE_COLOUR('',#4279);
#3026=VERTEX_POINT('',#4280);
#3027=LINE('',#4281,#4282);
#3028=VERTEX_POINT('',#4283);
#3029=LINE('',#4284,#4285);
#3030=LINE('',#4286,#4287);
#3031=FILL_AREA_STYLE_COLOUR('',#4288);
#3032=VERTEX_POINT('',#4289);
#3033=LINE('',#4290,#4291);
#3034=VERTEX_POINT('',#4292);
#3035=LINE('',#4293,#4294);
#3036=LINE('',#4295,#4296);
#3037=FILL_AREA_STYLE_COLOUR('',#4297);
#3038=VERTEX_POINT('',#4298);
#3039=LINE('',#4299,#4300);
#3040=VERTEX_POINT('',#4301);
#3041=LINE('',#4302,#4303);
#3042=LINE('',#4304,#4305);
#3043=FILL_AREA_STYLE_COLOUR('',#4306);
#3044=VERTEX_POINT('',#4307);
#3045=LINE('',#4308,#4309);
#3046=VERTEX_POINT('',#4310);
#3047=LINE('',#4311,#4312);
#3048=LINE('',#4313,#4314);
#3049=FILL_AREA_STYLE_COLOUR('',#4315);
#3050=LINE('',#4316,#4317);
#3051=LINE('',#4318,#4319);
#3052=FILL_AREA_STYLE_COLOUR('',#4320);
#3053=FILL_AREA_STYLE_COLOUR('',#4321);
#3054=VERTEX_POINT('',#4322);
#3055=VERTEX_POINT('',#4323);
#3056=LINE('',#4324,#4325);
#3057=VERTEX_POINT('',#4326);
#3058=LINE('',#4327,#4328);
#3059=VERTEX_POINT('',#4329);
#3060=LINE('',#4330,#4331);
#3061=LINE('',#4332,#4333);
#3062=FILL_AREA_STYLE_COLOUR('',#4334);
#3063=VERTEX_POINT('',#4335);
#3064=LINE('',#4336,#4337);
#3065=VERTEX_POINT('',#4338);
#3066=CIRCLE('',#4339,0.635);
#3067=VERTEX_POINT('',#4340);
#3068=LINE('',#4341,#4342);
#3069=VERTEX_POINT('',#4343);
#3070=CIRCLE('',#4344,1.27);
#3071=VERTEX_POINT('',#4345);
#3072=LINE('',#4346,#4347);
#3073=VERTEX_POINT('',#4348);
#3074=CIRCLE('',#4349,0.635);
#3075=VERTEX_POINT('',#4350);
#3076=LINE('',#4351,#4352);
#3077=VERTEX_POINT('',#4353);
#3078=CIRCLE('',#4354,0.635);
#3079=VERTEX_POINT('',#4355);
#3080=LINE('',#4356,#4357);
#3081=VERTEX_POINT('',#4358);
#3082=LINE('',#4359,#4360);
#3083=VERTEX_POINT('',#4361);
#3084=LINE('',#4362,#4363);
#3085=VERTEX_POINT('',#4364);
#3086=CIRCLE('',#4365,1.778);
#3087=LINE('',#4366,#4367);
#3088=FILL_AREA_STYLE_COLOUR('',#4368);
#3089=VERTEX_POINT('',#4369);
#3090=LINE('',#4370,#4371);
#3091=VERTEX_POINT('',#4372);
#3092=LINE('',#4373,#4374);
#3093=VERTEX_POINT('',#4375);
#3094=LINE('',#4376,#4377);
#3095=VERTEX_POINT('',#4378);
#3096=LINE('',#4379,#4380);
#3097=VERTEX_POINT('',#4381);
#3098=LINE('',#4382,#4383);
#3099=VERTEX_POINT('',#4384);
#3100=LINE('',#4385,#4386);
#3101=VERTEX_POINT('',#4387);
#3102=LINE('',#4388,#4389);
#3103=VERTEX_POINT('',#4390);
#3104=LINE('',#4391,#4392);
#3105=LINE('',#4393,#4394);
#3106=FILL_AREA_STYLE_COLOUR('',#4395);
#3107=VERTEX_POINT('',#4396);
#3108=LINE('',#4397,#4398);
#3109=VERTEX_POINT('',#4399);
#3110=LINE('',#4400,#4401);
#3111=VERTEX_POINT('',#4402);
#3112=LINE('',#4403,#4404);
#3113=VERTEX_POINT('',#4405);
#3114=LINE('',#4406,#4407);
#3115=VERTEX_POINT('',#4408);
#3116=LINE('',#4409,#4410);
#3117=VERTEX_POINT('',#4411);
#3118=LINE('',#4412,#4413);
#3119=VERTEX_POINT('',#4414);
#3120=LINE('',#4415,#4416);
#3121=VERTEX_POINT('',#4417);
#3122=LINE('',#4418,#4419);
#3123=VERTEX_POINT('',#4420);
#3124=LINE('',#4421,#4422);
#3125=VERTEX_POINT('',#4423);
#3126=LINE('',#4424,#4425);
#3127=VERTEX_POINT('',#4426);
#3128=LINE('',#4427,#4428);
#3129=VERTEX_POINT('',#4429);
#3130=LINE('',#4430,#4431);
#3131=VERTEX_POINT('',#4432);
#3132=LINE('',#4433,#4434);
#3133=VERTEX_POINT('',#4435);
#3134=LINE('',#4436,#4437);
#3135=VERTEX_POINT('',#4438);
#3136=LINE('',#4439,#4440);
#3137=VERTEX_POINT('',#4441);
#3138=LINE('',#4442,#4443);
#3139=VERTEX_POINT('',#4444);
#3140=LINE('',#4445,#4446);
#3141=VERTEX_POINT('',#4447);
#3142=LINE('',#4448,#4449);
#3143=VERTEX_POINT('',#4450);
#3144=LINE('',#4451,#4452);
#3145=VERTEX_POINT('',#4453);
#3146=LINE('',#4454,#4455);
#3147=VERTEX_POINT('',#4456);
#3148=LINE('',#4457,#4458);
#3149=VERTEX_POINT('',#4459);
#3150=LINE('',#4460,#4461);
#3151=VERTEX_POINT('',#4462);
#3152=LINE('',#4463,#4464);
#3153=VERTEX_POINT('',#4465);
#3154=LINE('',#4466,#4467);
#3155=LINE('',#4468,#4469);
#3156=FILL_AREA_STYLE_COLOUR('',#4470);
#3157=VERTEX_POINT('',#4471);
#3158=LINE('',#4472,#4473);
#3159=CIRCLE('',#4474,1.778);
#3160=VERTEX_POINT('',#4475);
#3161=CIRCLE('',#4476,1.778);
#3162=VERTEX_POINT('',#4477);
#3163=LINE('',#4478,#4479);
#3164=CIRCLE('',#4480,1.778);
#3165=VERTEX_POINT('',#4481);
#3166=CIRCLE('',#4482,1.778);
#3167=VERTEX_POINT('',#4483);
#3168=LINE('',#4484,#4485);
#3169=CIRCLE('',#4486,1.778);
#3170=FILL_AREA_STYLE_COLOUR('',#4487);
#3171=VERTEX_POINT('',#4488);
#3172=LINE('',#4489,#4490);
#3173=LINE('',#4491,#4492);
#3174=FILL_AREA_STYLE_COLOUR('',#4493);
#3175=VERTEX_POINT('',#4494);
#3176=LINE('',#4495,#4496);
#3177=LINE('',#4497,#4498);
#3178=FILL_AREA_STYLE_COLOUR('',#4499);
#3179=VERTEX_POINT('',#4500);
#3180=LINE('',#4501,#4502);
#3181=VERTEX_POINT('',#4503);
#3182=LINE('',#4504,#4505);
#3183=LINE('',#4506,#4507);
#3184=FILL_AREA_STYLE_COLOUR('',#4508);
#3185=VERTEX_POINT('',#4509);
#3186=LINE('',#4510,#4511);
#3187=VERTEX_POINT('',#4512);
#3188=CIRCLE('',#4513,0.635);
#3189=VERTEX_POINT('',#4514);
#3190=LINE('',#4515,#4516);
#3191=VERTEX_POINT('',#4517);
#3192=CIRCLE('',#4518,0.635);
#3193=VERTEX_POINT('',#4519);
#3194=LINE('',#4520,#4521);
#3195=VERTEX_POINT('',#4522);
#3196=CIRCLE('',#4523,1.27);
#3197=VERTEX_POINT('',#4524);
#3198=LINE('',#4525,#4526);
#3199=VERTEX_POINT('',#4527);
#3200=CIRCLE('',#4528,0.635);
#3201=LINE('',#4529,#4530);
#3202=FILL_AREA_STYLE_COLOUR('',#4531);
#3203=LINE('',#4532,#4533);
#3204=FILL_AREA_STYLE_COLOUR('',#4534);
#3205=VERTEX_POINT('',#4535);
#3206=LINE('',#4536,#4537);
#3207=VERTEX_POINT('',#4538);
#3208=LINE('',#4539,#4540);
#3209=VERTEX_POINT('',#4541);
#3210=LINE('',#4542,#4543);
#3211=VERTEX_POINT('',#4544);
#3212=LINE('',#4545,#4546);
#3213=VERTEX_POINT('',#4547);
#3214=LINE('',#4548,#4549);
#3215=VERTEX_POINT('',#4550);
#3216=LINE('',#4551,#4552);
#3217=VERTEX_POINT('',#4553);
#3218=LINE('',#4554,#4555);
#3219=LINE('',#4556,#4557);
#3220=FILL_AREA_STYLE_COLOUR('',#4558);
#3221=VERTEX_POINT('',#4559);
#3222=LINE('',#4560,#4561);
#3223=VERTEX_POINT('',#4562);
#3224=LINE('',#4563,#4564);
#3225=LINE('',#4565,#4566);
#3226=FILL_AREA_STYLE_COLOUR('',#4567);
#3227=VERTEX_POINT('',#4568);
#3228=LINE('',#4569,#4570);
#3229=VERTEX_POINT('',#4571);
#3230=LINE('',#4572,#4573);
#3231=LINE('',#4574,#4575);
#3232=FILL_AREA_STYLE_COLOUR('',#4576);
#3233=VERTEX_POINT('',#4577);
#3234=LINE('',#4578,#4579);
#3235=LINE('',#4580,#4581);
#3236=FILL_AREA_STYLE_COLOUR('',#4582);
#3237=VERTEX_POINT('',#4583);
#3238=LINE('',#4584,#4585);
#3239=LINE('',#4586,#4587);
#3240=FILL_AREA_STYLE_COLOUR('',#4588);
#3241=LINE('',#4589,#4590);
#3242=FILL_AREA_STYLE_COLOUR('',#4591);
#3243=VERTEX_POINT('',#4592);
#3244=LINE('',#4593,#4594);
#3245=LINE('',#4595,#4596);
#3246=VERTEX_POINT('',#4597);
#3247=LINE('',#4598,#4599);
#3248=VERTEX_POINT('',#4600);
#3249=LINE('',#4601,#4602);
#3250=LINE('',#4603,#4604);
#3251=VERTEX_POINT('',#4605);
#3252=LINE('',#4606,#4607);
#3253=LINE('',#4608,#4609);
#3254=LINE('',#4610,#4611);
#3255=LINE('',#4612,#4613);
#3256=FILL_AREA_STYLE_COLOUR('',#4614);
#3257=VERTEX_POINT('',#4615);
#3258=LINE('',#4616,#4617);
#3259=LINE('',#4618,#4619);
#3260=FILL_AREA_STYLE_COLOUR('',#4620);
#3261=LINE('',#4621,#4622);
#3262=FILL_AREA_STYLE_COLOUR('',#4623);
#3263=LINE('',#4624,#4625);
#3264=FILL_AREA_STYLE_COLOUR('',#4626);
#3265=VERTEX_POINT('',#4627);
#3266=LINE('',#4628,#4629);
#3267=LINE('',#4630,#4631);
#3268=FILL_AREA_STYLE_COLOUR('',#4632);
#3269=FILL_AREA_STYLE_COLOUR('',#4633);
#3270=FILL_AREA_STYLE_COLOUR('',#4634);
#3271=VERTEX_POINT('',#4635);
#3272=LINE('',#4636,#4637);
#3273=LINE('',#4638,#4639);
#3274=FILL_AREA_STYLE_COLOUR('',#4640);
#3275=VERTEX_POINT('',#4641);
#3276=LINE('',#4642,#4643);
#3277=LINE('',#4644,#4645);
#3278=FILL_AREA_STYLE_COLOUR('',#4646);
#3279=FILL_AREA_STYLE_COLOUR('',#4647);
#3280=LINE('',#4648,#4649);
#3281=FILL_AREA_STYLE_COLOUR('',#4650);
#3282=VERTEX_POINT('',#4651);
#3283=LINE('',#4652,#4653);
#3284=LINE('',#4654,#4655);
#3285=FILL_AREA_STYLE_COLOUR('',#4656);
#3286=FILL_AREA_STYLE_COLOUR('',#4657);
#3287=VERTEX_POINT('',#4658);
#3288=LINE('',#4659,#4660);
#3289=LINE('',#4661,#4662);
#3290=FILL_AREA_STYLE_COLOUR('',#4663);
#3291=LINE('',#4664,#4665);
#3292=FILL_AREA_STYLE_COLOUR('',#4666);
#3293=FILL_AREA_STYLE_COLOUR('',#4667);
#3294=LINE('',#4668,#4669);
#3295=FILL_AREA_STYLE_COLOUR('',#4670);
#3296=LINE('',#4671,#4672);
#3297=FILL_AREA_STYLE_COLOUR('',#4673);
#3298=LINE('',#4674,#4675);
#3299=FILL_AREA_STYLE_COLOUR('',#4676);
#3300=LINE('',#4677,#4678);
#3301=FILL_AREA_STYLE_COLOUR('',#4679);
#3302=LINE('',#4680,#4681);
#3303=FILL_AREA_STYLE_COLOUR('',#4682);
#3304=LINE('',#4683,#4684);
#3305=FILL_AREA_STYLE_COLOUR('',#4685);
#3306=LINE('',#4686,#4687);
#3307=FILL_AREA_STYLE_COLOUR('',#4688);
#3308=LINE('',#4689,#4690);
#3309=FILL_AREA_STYLE_COLOUR('',#4691);
#3310=LINE('',#4692,#4693);
#3311=FILL_AREA_STYLE_COLOUR('',#4694);
#3312=LINE('',#4695,#4696);
#3313=FILL_AREA_STYLE_COLOUR('',#4697);
#3314=LINE('',#4698,#4699);
#3315=FILL_AREA_STYLE_COLOUR('',#4700);
#3316=LINE('',#4701,#4702);
#3317=FILL_AREA_STYLE_COLOUR('',#4703);
#3318=LINE('',#4704,#4705);
#3319=FILL_AREA_STYLE_COLOUR('',#4706);
#3320=FILL_AREA_STYLE_COLOUR('',#4707);
#3321=COLOUR_RGB('',0.596078455448151,0.596078455448151,0.596078455448151);
#3322=CARTESIAN_POINT('',(-8.4836,-2.79399999999999,-0.5588));
#3323=CARTESIAN_POINT('',(-8.4836,-2.79399999999999,0.5588));
#3324=CARTESIAN_POINT('',(-8.4836,-2.79399999999999,0.758824999999995));
#3325=VECTOR('',#4708,1.0);
#3326=CARTESIAN_POINT('',(-8.4836,-6.088,-0.5588));
#3327=CARTESIAN_POINT('',(-8.4836,-4.801,-0.5588));
#3328=VECTOR('',#4709,1.0);
#3329=CARTESIAN_POINT('',(-8.4836,-6.088,0.5588));
#3330=CARTESIAN_POINT('',(-8.4836,-6.088,-0.5588));
#3331=VECTOR('',#4710,1.0);
#3332=CARTESIAN_POINT('',(-8.4836,-4.801,0.5588));
#3333=VECTOR('',#4711,1.0);
#3334=COLOUR_RGB('',0.596078455448151,0.596078455448151,0.596078455448151);
#3335=CARTESIAN_POINT('',(-7.366,-2.79399999999999,-0.5588));
#3336=CARTESIAN_POINT('',(-3.0099,-2.79399999999999,-0.5588));
#3337=VECTOR('',#4712,1.0);
#3338=CARTESIAN_POINT('',(-7.366,-6.088,-0.5588));
#3339=CARTESIAN_POINT('',(-7.366,-4.801,-0.5588));
#3340=VECTOR('',#4713,1.0);
#3341=CARTESIAN_POINT('',(-7.37404145226046,-6.123,-0.5588));
#3342=AXIS2_PLACEMENT_3D('',#4714,#4715,#4716);
#3343=CARTESIAN_POINT('',(-8.47555854773954,-6.123,-0.5588));
#3344=CARTESIAN_POINT('',(-7.366,-6.123,-0.5588));
#3345=VECTOR('',#4717,1.0);
#3346=AXIS2_PLACEMENT_3D('',#4718,#4719,#4720);
#3347=COLOUR_RGB('',0.596078455448151,0.596078455448151,0.596078455448151);
#3348=CARTESIAN_POINT('',(-7.37404145226046,-6.123,0.5588));
#3349=CARTESIAN_POINT('',(-7.69037303909319,-6.74799999999997,0.256262695053783));
#3350=CARTESIAN_POINT('',(-7.37404145226092,-6.1230000000019,0.558799999999617));
#3351=CARTESIAN_POINT('',(-7.37516676443366,-6.12764576382369,0.557861814709518));
#3352=CARTESIAN_POINT('',(-7.37631283865793,-6.13228506401234,0.556900982671041));
#3353=CARTESIAN_POINT('',(-7.40137330938446,-6.23169686521357,0.535776108931484));
#3354=CARTESIAN_POINT('',(-7.43429481225595,-6.32343616200281,0.505828904887304));
#3355=CARTESIAN_POINT('',(-7.53383003156143,-6.53702181536055,0.411745170149094));
#3356=CARTESIAN_POINT('',(-7.60941927969619,-6.6517921661592,0.337698991940306));
#3357=CARTESIAN_POINT('',(-7.69037303909319,-6.74799999999997,0.256262695053783));
#3358=CARTESIAN_POINT('',(-8.47555854773954,-6.123,0.5588));
#3359=CARTESIAN_POINT('',(-7.9248,-6.123,0.5588));
#3360=VECTOR('',#4721,1.0);
#3361=CARTESIAN_POINT('',(-8.1592269609068,-6.748,0.256262695053759));
#3362=CARTESIAN_POINT('',(-8.1592269609068,-6.748,0.25626269505376));
#3363=CARTESIAN_POINT('',(-8.23994606188263,-6.65140604116411,0.337474828551036));
#3364=CARTESIAN_POINT('',(-8.31576996843857,-6.53702181536056,0.41174517014909));
#3365=CARTESIAN_POINT('',(-8.41530518774406,-6.32343616200281,0.505828904887304));
#3366=CARTESIAN_POINT('',(-8.44822669061555,-6.23169686521357,0.535776108931484));
#3367=CARTESIAN_POINT('',(-8.47328716134223,-6.13228506401171,0.556900982671175));
#3368=CARTESIAN_POINT('',(-8.47443356225369,-6.12764590765156,0.557862136121932));
#3369=CARTESIAN_POINT('',(-8.47555854773954,-6.123,0.5588));
#3370=CARTESIAN_POINT('',(-7.92480000000002,-6.858,0.1524));
#3371=CARTESIAN_POINT('',(-7.64609977220879,-6.67660673818362,0.312798452290461));
#3372=CARTESIAN_POINT('',(-7.66334603133505,-6.71555547120592,0.283973493749636));
#3373=CARTESIAN_POINT('',(-7.68890232896364,-6.75055897851096,0.254745797238457));
#3374=CARTESIAN_POINT('',(-7.74391908648374,-6.80077864196779,0.209687753890411));
#3375=CARTESIAN_POINT('',(-7.77520879719889,-6.82150440864514,0.189612700187157));
#3376=CARTESIAN_POINT('',(-7.8461100891038,-6.85013880726215,0.160819594338562));
#3377=CARTESIAN_POINT('',(-7.88586164221863,-6.858,0.1524));
#3378=CARTESIAN_POINT('',(-7.96373835778141,-6.858,0.1524));
#3379=CARTESIAN_POINT('',(-8.00348991089623,-6.85013880726215,0.160819594338563));
#3380=CARTESIAN_POINT('',(-8.07439120280115,-6.82150440864514,0.189612700187158));
#3381=CARTESIAN_POINT('',(-8.10568091351629,-6.80077864196779,0.209687753890411));
#3382=CARTESIAN_POINT('',(-8.1606976710364,-6.75055897851096,0.254745797238457));
#3383=CARTESIAN_POINT('',(-8.18625396866499,-6.71555547120592,0.283973493749636));
#3384=CARTESIAN_POINT('',(-8.20350022779124,-6.67660673818362,0.31279845229046));
#3385=CARTESIAN_POINT('',(-7.64609977220879,-6.67660673818362,0.312798452290461));
#3386=CARTESIAN_POINT('',(-7.66334603133505,-6.71555547120592,0.283973493749636));
#3387=CARTESIAN_POINT('',(-7.68890232896364,-6.75055897851096,0.254745797238457));
#3388=CARTESIAN_POINT('',(-7.74391908648374,-6.80077864196779,0.209687753890411));
#3389=CARTESIAN_POINT('',(-7.77520879719889,-6.82150440864514,0.189612700187157));
#3390=CARTESIAN_POINT('',(-7.8461100891038,-6.85013880726215,0.160819594338562));
#3391=CARTESIAN_POINT('',(-7.88586164221863,-6.858,0.1524));
#3392=CARTESIAN_POINT('',(-7.96373835778141,-6.858,0.1524));
#3393=CARTESIAN_POINT('',(-8.00348991089623,-6.85013880726215,0.160819594338563));
#3394=CARTESIAN_POINT('',(-8.07439120280115,-6.82150440864514,0.189612700187158));
#3395=CARTESIAN_POINT('',(-8.10568091351629,-6.80077864196779,0.209687753890411));
#3396=CARTESIAN_POINT('',(-8.1606976710364,-6.75055897851096,0.254745797238457));
#3397=CARTESIAN_POINT('',(-8.18625396866499,-6.71555547120592,0.283973493749636));
#3398=CARTESIAN_POINT('',(-8.20350022779124,-6.67660673818362,0.31279845229046));
#3399=COLOUR_RGB('',0.596078455448151,0.596078455448151,0.596078455448151);
#3400=CARTESIAN_POINT('',(-7.69037303909319,-6.74799999999997,-0.256262695053783));
#3401=CARTESIAN_POINT('',(-7.69037303909318,-6.74799999999998,-0.256262695053777));
#3402=CARTESIAN_POINT('',(-7.60965393811736,-6.65140604116409,-0.337474828551047));
#3403=CARTESIAN_POINT('',(-7.53383003156142,-6.53702181536055,-0.411745170149094));
#3404=CARTESIAN_POINT('',(-7.43429481225595,-6.32343616200281,-0.505828904887304));
#3405=CARTESIAN_POINT('',(-7.40137330938446,-6.23169686521357,-0.535776108931484));
#3406=CARTESIAN_POINT('',(-7.37631283865777,-6.13228506401171,-0.556900982671175));
#3407=CARTESIAN_POINT('',(-7.37516643774632,-6.12764590765156,-0.557862136121931));
#3408=CARTESIAN_POINT('',(-7.37404145226046,-6.123,-0.5588));
#3409=CARTESIAN_POINT('',(-7.92480000000002,-6.858,-0.1524));
#3410=CARTESIAN_POINT('',(-8.20350022779124,-6.67660673818362,-0.31279845229046));
#3411=CARTESIAN_POINT('',(-8.18625396866499,-6.71555547120592,-0.283973493749636));
#3412=CARTESIAN_POINT('',(-8.1606976710364,-6.75055897851096,-0.254745797238457));
#3413=CARTESIAN_POINT('',(-8.10568091351629,-6.80077864196779,-0.20968775389041));
#3414=CARTESIAN_POINT('',(-8.07439120280115,-6.82150440864514,-0.189612700187157));
#3415=CARTESIAN_POINT('',(-8.00348991089623,-6.85013880726215,-0.160819594338562));
#3416=CARTESIAN_POINT('',(-7.96373835778141,-6.858,-0.1524));
#3417=CARTESIAN_POINT('',(-7.88586164221863,-6.858,-0.1524));
#3418=CARTESIAN_POINT('',(-7.8461100891038,-6.85013880726215,-0.160819594338562));
#3419=CARTESIAN_POINT('',(-7.77520879719889,-6.82150440864514,-0.189612700187157));
#3420=CARTESIAN_POINT('',(-7.74391908648374,-6.80077864196779,-0.209687753890411));
#3421=CARTESIAN_POINT('',(-7.68890232896364,-6.75055897851096,-0.254745797238457));
#3422=CARTESIAN_POINT('',(-7.66334603133505,-6.71555547120592,-0.283973493749635));
#3423=CARTESIAN_POINT('',(-7.64609977220879,-6.67660673818362,-0.31279845229046));
#3424=CARTESIAN_POINT('',(-8.1592269609068,-6.748,-0.256262695053759));
#3425=CARTESIAN_POINT('',(-8.20350022779124,-6.67660673818362,-0.31279845229046));
#3426=CARTESIAN_POINT('',(-8.18625396866499,-6.71555547120592,-0.283973493749636));
#3427=CARTESIAN_POINT('',(-8.1606976710364,-6.75055897851096,-0.254745797238457));
#3428=CARTESIAN_POINT('',(-8.10568091351629,-6.80077864196779,-0.20968775389041));
#3429=CARTESIAN_POINT('',(-8.07439120280115,-6.82150440864514,-0.189612700187157));
#3430=CARTESIAN_POINT('',(-8.00348991089623,-6.85013880726215,-0.160819594338562));
#3431=CARTESIAN_POINT('',(-7.96373835778141,-6.858,-0.1524));
#3432=CARTESIAN_POINT('',(-7.88586164221863,-6.858,-0.1524));
#3433=CARTESIAN_POINT('',(-7.8461100891038,-6.85013880726215,-0.160819594338562));
#3434=CARTESIAN_POINT('',(-7.77520879719889,-6.82150440864514,-0.189612700187157));
#3435=CARTESIAN_POINT('',(-7.74391908648374,-6.80077864196779,-0.209687753890411));
#3436=CARTESIAN_POINT('',(-7.68890232896364,-6.75055897851096,-0.254745797238457));
#3437=CARTESIAN_POINT('',(-7.66334603133505,-6.71555547120592,-0.283973493749635));
#3438=CARTESIAN_POINT('',(-7.64609977220879,-6.67660673818362,-0.31279845229046));
#3439=CARTESIAN_POINT('',(-8.47555854773908,-6.1230000000019,-0.558799999999617));
#3440=CARTESIAN_POINT('',(-8.47443323556635,-6.12764576382369,-0.557861814709518));
#3441=CARTESIAN_POINT('',(-8.47328716134207,-6.13228506401234,-0.556900982671041));
#3442=CARTESIAN_POINT('',(-8.44822669061555,-6.23169686521357,-0.535776108931484));
#3443=CARTESIAN_POINT('',(-8.41530518774406,-6.32343616200281,-0.505828904887304));
#3444=CARTESIAN_POINT('',(-8.31576996843857,-6.53702181536057,-0.411745170149089));
#3445=CARTESIAN_POINT('',(-8.24018072030381,-6.65179216615922,-0.33769899194029));
#3446=CARTESIAN_POINT('',(-8.1592269609068,-6.748,-0.256262695053759));
#3447=COLOUR_RGB('',0.596078455448151,0.596078455448151,0.596078455448151);
#3448=CARTESIAN_POINT('',(-7.69037303909319,-6.74799999999997,-1.1176));
#3449=VECTOR('',#4722,1.0);
#3450=CARTESIAN_POINT('',(-8.1592269609068,-6.748,-1.1176));
#3451=VECTOR('',#4723,1.0);
#3452=COLOUR_RGB('',0.596078455448151,0.596078455448151,0.596078455448151);
#3453=AXIS2_PLACEMENT_3D('',#4724,#4725,#4726);
#3454=COLOUR_RGB('',0.596078455448151,0.596078455448151,0.596078455448151);
#3455=CARTESIAN_POINT('',(-7.366,-6.088,0.5588));
#3456=CARTESIAN_POINT('',(-7.366,-6.08799999999999,0.0));
#3457=VECTOR('',#4727,1.0);
#3458=AXIS2_PLACEMENT_3D('',#4728,#4729,#4730);
#3459=COLOUR_RGB('',0.596078455448151,0.596078455448151,0.596078455448151);
#3460=CARTESIAN_POINT('',(-7.366,-2.79399999999999,0.5588));
#3461=CARTESIAN_POINT('',(-7.366,-2.79399999999999,0.758824999999995));
#3462=VECTOR('',#4731,1.0);
#3463=CARTESIAN_POINT('',(-7.366,-4.801,0.5588));
#3464=VECTOR('',#4732,1.0);
#3465=COLOUR_RGB('',0.596078455448151,0.596078455448151,0.596078455448151);
#3466=CARTESIAN_POINT('',(-3.0099,-2.79399999999999,0.5588));
#3467=VECTOR('',#4733,1.0);
#3468=COLOUR_RGB('',0.596078455448151,0.596078455448151,0.596078455448151);
#3469=CARTESIAN_POINT('',(-4.5212,-2.79399999999999,-0.5588));
#3470=CARTESIAN_POINT('',(-4.5212,-2.79399999999999,0.5588));
#3471=CARTESIAN_POINT('',(-4.5212,-2.79399999999999,0.758824999999995));
#3472=VECTOR('',#4734,1.0);
#3473=CARTESIAN_POINT('',(-4.5212,-6.088,-0.5588));
#3474=CARTESIAN_POINT('',(-4.5212,-4.801,-0.5588));
#3475=VECTOR('',#4735,1.0);
#3476=CARTESIAN_POINT('',(-4.5212,-6.088,0.5588));
#3477=CARTESIAN_POINT('',(-4.5212,-6.088,-0.5588));
#3478=VECTOR('',#4736,1.0);
#3479=CARTESIAN_POINT('',(-4.5212,-4.801,0.5588));
#3480=VECTOR('',#4737,1.0);
#3481=COLOUR_RGB('',0.596078455448151,0.596078455448151,0.596078455448151);
#3482=CARTESIAN_POINT('',(-3.4036,-2.79399999999999,-0.5588));
#3483=CARTESIAN_POINT('',(-1.0287,-2.79399999999999,-0.5588));
#3484=VECTOR('',#4738,1.0);
#3485=CARTESIAN_POINT('',(-3.4036,-6.088,-0.5588));
#3486=CARTESIAN_POINT('',(-3.4036,-4.801,-0.5588));
#3487=VECTOR('',#4739,1.0);
#3488=CARTESIAN_POINT('',(-3.41164145226046,-6.123,-0.5588));
#3489=AXIS2_PLACEMENT_3D('',#4740,#4741,#4742);
#3490=CARTESIAN_POINT('',(-4.51315854773954,-6.123,-0.5588));
#3491=CARTESIAN_POINT('',(-3.4036,-6.123,-0.5588));
#3492=VECTOR('',#4743,1.0);
#3493=AXIS2_PLACEMENT_3D('',#4744,#4745,#4746);
#3494=COLOUR_RGB('',0.596078455448151,0.596078455448151,0.596078455448151);
#3495=CARTESIAN_POINT('',(-3.41164145226046,-6.123,0.5588));
#3496=CARTESIAN_POINT('',(-3.72797303909319,-6.74799999999997,0.256262695053783));
#3497=CARTESIAN_POINT('',(-3.41164145226092,-6.1230000000019,0.558799999999617));
#3498=CARTESIAN_POINT('',(-3.41276676443366,-6.12764576382369,0.557861814709518));
#3499=CARTESIAN_POINT('',(-3.41391283865793,-6.13228506401234,0.556900982671041));
#3500=CARTESIAN_POINT('',(-3.43897330938446,-6.23169686521357,0.535776108931484));
#3501=CARTESIAN_POINT('',(-3.47189481225595,-6.32343616200281,0.505828904887304));
#3502=CARTESIAN_POINT('',(-3.57143003156143,-6.53702181536055,0.411745170149094));
#3503=CARTESIAN_POINT('',(-3.64701927969619,-6.6517921661592,0.337698991940307));
#3504=CARTESIAN_POINT('',(-3.72797303909319,-6.74799999999997,0.256262695053783));
#3505=CARTESIAN_POINT('',(-4.51315854773954,-6.123,0.5588));
#3506=CARTESIAN_POINT('',(-3.9624,-6.123,0.5588));
#3507=VECTOR('',#4747,1.0);
#3508=CARTESIAN_POINT('',(-4.1968269609068,-6.748,0.256262695053759));
#3509=CARTESIAN_POINT('',(-4.1968269609068,-6.748,0.25626269505376));
#3510=CARTESIAN_POINT('',(-4.27754606188263,-6.65140604116411,0.337474828551036));
#3511=CARTESIAN_POINT('',(-4.35336996843857,-6.53702181536056,0.41174517014909));
#3512=CARTESIAN_POINT('',(-4.45290518774406,-6.32343616200281,0.505828904887304));
#3513=CARTESIAN_POINT('',(-4.48582669061555,-6.23169686521357,0.535776108931484));
#3514=CARTESIAN_POINT('',(-4.51088716134223,-6.13228506401171,0.556900982671175));
#3515=CARTESIAN_POINT('',(-4.51203356225369,-6.12764590765156,0.557862136121931));
#3516=CARTESIAN_POINT('',(-4.51315854773954,-6.123,0.5588));
#3517=CARTESIAN_POINT('',(-3.96240000000002,-6.858,0.1524));
#3518=CARTESIAN_POINT('',(-3.68369977220879,-6.67660673818362,0.312798452290461));
#3519=CARTESIAN_POINT('',(-3.70094603133505,-6.71555547120592,0.283973493749636));
#3520=CARTESIAN_POINT('',(-3.72650232896364,-6.75055897851096,0.254745797238457));
#3521=CARTESIAN_POINT('',(-3.78151908648374,-6.80077864196779,0.209687753890411));
#3522=CARTESIAN_POINT('',(-3.81280879719889,-6.82150440864514,0.189612700187157));
#3523=CARTESIAN_POINT('',(-3.8837100891038,-6.85013880726215,0.160819594338562));
#3524=CARTESIAN_POINT('',(-3.92346164221863,-6.858,0.1524));
#3525=CARTESIAN_POINT('',(-4.00133835778141,-6.858,0.1524));
#3526=CARTESIAN_POINT('',(-4.04108991089623,-6.85013880726215,0.160819594338563));
#3527=CARTESIAN_POINT('',(-4.11199120280115,-6.82150440864514,0.189612700187158));
#3528=CARTESIAN_POINT('',(-4.14328091351629,-6.80077864196779,0.209687753890411));
#3529=CARTESIAN_POINT('',(-4.1982976710364,-6.75055897851096,0.254745797238457));
#3530=CARTESIAN_POINT('',(-4.22385396866499,-6.71555547120592,0.283973493749636));
#3531=CARTESIAN_POINT('',(-4.24110022779124,-6.67660673818362,0.31279845229046));
#3532=CARTESIAN_POINT('',(-3.68369977220879,-6.67660673818362,0.312798452290461));
#3533=CARTESIAN_POINT('',(-3.70094603133505,-6.71555547120592,0.283973493749636));
#3534=CARTESIAN_POINT('',(-3.72650232896364,-6.75055897851096,0.254745797238457));
#3535=CARTESIAN_POINT('',(-3.78151908648374,-6.80077864196779,0.209687753890411));
#3536=CARTESIAN_POINT('',(-3.81280879719889,-6.82150440864514,0.189612700187157));
#3537=CARTESIAN_POINT('',(-3.8837100891038,-6.85013880726215,0.160819594338562));
#3538=CARTESIAN_POINT('',(-3.92346164221863,-6.858,0.1524));
#3539=CARTESIAN_POINT('',(-4.00133835778141,-6.858,0.1524));
#3540=CARTESIAN_POINT('',(-4.04108991089623,-6.85013880726215,0.160819594338563));
#3541=CARTESIAN_POINT('',(-4.11199120280115,-6.82150440864514,0.189612700187158));
#3542=CARTESIAN_POINT('',(-4.14328091351629,-6.80077864196779,0.209687753890411));
#3543=CARTESIAN_POINT('',(-4.1982976710364,-6.75055897851096,0.254745797238457));
#3544=CARTESIAN_POINT('',(-4.22385396866499,-6.71555547120592,0.283973493749636));
#3545=CARTESIAN_POINT('',(-4.24110022779124,-6.67660673818362,0.31279845229046));
#3546=COLOUR_RGB('',0.596078455448151,0.596078455448151,0.596078455448151);
#3547=CARTESIAN_POINT('',(-3.72797303909319,-6.74799999999997,-0.256262695053783));
#3548=CARTESIAN_POINT('',(-3.72797303909318,-6.74799999999998,-0.256262695053777));
#3549=CARTESIAN_POINT('',(-3.64725393811736,-6.65140604116409,-0.337474828551047));
#3550=CARTESIAN_POINT('',(-3.57143003156143,-6.53702181536055,-0.411745170149094));
#3551=CARTESIAN_POINT('',(-3.47189481225595,-6.32343616200281,-0.505828904887304));
#3552=CARTESIAN_POINT('',(-3.43897330938446,-6.23169686521357,-0.535776108931484));
#3553=CARTESIAN_POINT('',(-3.41391283865777,-6.13228506401171,-0.556900982671175));
#3554=CARTESIAN_POINT('',(-3.41276643774632,-6.12764590765156,-0.557862136121931));
#3555=CARTESIAN_POINT('',(-3.41164145226046,-6.123,-0.5588));
#3556=CARTESIAN_POINT('',(-3.96240000000002,-6.858,-0.1524));
#3557=CARTESIAN_POINT('',(-4.24110022779124,-6.67660673818362,-0.31279845229046));
#3558=CARTESIAN_POINT('',(-4.22385396866499,-6.71555547120592,-0.283973493749636));
#3559=CARTESIAN_POINT('',(-4.1982976710364,-6.75055897851096,-0.254745797238457));
#3560=CARTESIAN_POINT('',(-4.14328091351629,-6.80077864196779,-0.20968775389041));
#3561=CARTESIAN_POINT('',(-4.11199120280115,-6.82150440864514,-0.189612700187157));
#3562=CARTESIAN_POINT('',(-4.04108991089623,-6.85013880726215,-0.160819594338562));
#3563=CARTESIAN_POINT('',(-4.00133835778141,-6.858,-0.1524));
#3564=CARTESIAN_POINT('',(-3.92346164221863,-6.858,-0.1524));
#3565=CARTESIAN_POINT('',(-3.8837100891038,-6.85013880726215,-0.160819594338562));
#3566=CARTESIAN_POINT('',(-3.81280879719889,-6.82150440864514,-0.189612700187157));
#3567=CARTESIAN_POINT('',(-3.78151908648374,-6.80077864196779,-0.209687753890411));
#3568=CARTESIAN_POINT('',(-3.72650232896364,-6.75055897851096,-0.254745797238457));
#3569=CARTESIAN_POINT('',(-3.70094603133505,-6.71555547120592,-0.283973493749635));
#3570=CARTESIAN_POINT('',(-3.68369977220879,-6.67660673818362,-0.31279845229046));
#3571=CARTESIAN_POINT('',(-4.1968269609068,-6.748,-0.256262695053759));
#3572=CARTESIAN_POINT('',(-4.24110022779124,-6.67660673818362,-0.31279845229046));
#3573=CARTESIAN_POINT('',(-4.22385396866499,-6.71555547120592,-0.283973493749636));
#3574=CARTESIAN_POINT('',(-4.1982976710364,-6.75055897851096,-0.254745797238457));
#3575=CARTESIAN_POINT('',(-4.14328091351629,-6.80077864196779,-0.20968775389041));
#3576=CARTESIAN_POINT('',(-4.11199120280115,-6.82150440864514,-0.189612700187157));
#3577=CARTESIAN_POINT('',(-4.04108991089623,-6.85013880726215,-0.160819594338562));
#3578=CARTESIAN_POINT('',(-4.00133835778141,-6.858,-0.1524));
#3579=CARTESIAN_POINT('',(-3.92346164221863,-6.858,-0.1524));
#3580=CARTESIAN_POINT('',(-3.8837100891038,-6.85013880726215,-0.160819594338562));
#3581=CARTESIAN_POINT('',(-3.81280879719889,-6.82150440864514,-0.189612700187157));
#3582=CARTESIAN_POINT('',(-3.78151908648374,-6.80077864196779,-0.209687753890411));
#3583=CARTESIAN_POINT('',(-3.72650232896364,-6.75055897851096,-0.254745797238457));
#3584=CARTESIAN_POINT('',(-3.70094603133505,-6.71555547120592,-0.283973493749635));
#3585=CARTESIAN_POINT('',(-3.68369977220879,-6.67660673818362,-0.31279845229046));
#3586=CARTESIAN_POINT('',(-4.51315854773908,-6.1230000000019,-0.558799999999617));
#3587=CARTESIAN_POINT('',(-4.51203323556635,-6.12764576382369,-0.557861814709518));
#3588=CARTESIAN_POINT('',(-4.51088716134207,-6.13228506401234,-0.556900982671041));
#3589=CARTESIAN_POINT('',(-4.48582669061555,-6.23169686521357,-0.535776108931484));
#3590=CARTESIAN_POINT('',(-4.45290518774406,-6.32343616200281,-0.505828904887304));
#3591=CARTESIAN_POINT('',(-4.35336996843857,-6.53702181536057,-0.411745170149089));
#3592=CARTESIAN_POINT('',(-4.27778072030381,-6.65179216615922,-0.33769899194029));
#3593=CARTESIAN_POINT('',(-4.1968269609068,-6.748,-0.256262695053759));
#3594=COLOUR_RGB('',0.596078455448151,0.596078455448151,0.596078455448151);
#3595=CARTESIAN_POINT('',(-3.72797303909319,-6.74799999999997,-1.1176));
#3596=VECTOR('',#4748,1.0);
#3597=CARTESIAN_POINT('',(-4.1968269609068,-6.748,-1.1176));
#3598=VECTOR('',#4749,1.0);
#3599=COLOUR_RGB('',0.596078455448151,0.596078455448151,0.596078455448151);
#3600=AXIS2_PLACEMENT_3D('',#4750,#4751,#4752);
#3601=COLOUR_RGB('',0.596078455448151,0.596078455448151,0.596078455448151);
#3602=CARTESIAN_POINT('',(-3.4036,-6.088,0.5588));
#3603=CARTESIAN_POINT('',(-3.4036,-6.08799999999999,0.0));
#3604=VECTOR('',#4753,1.0);
#3605=AXIS2_PLACEMENT_3D('',#4754,#4755,#4756);
#3606=COLOUR_RGB('',0.596078455448151,0.596078455448151,0.596078455448151);
#3607=CARTESIAN_POINT('',(-3.4036,-2.79399999999999,0.5588));
#3608=CARTESIAN_POINT('',(-3.4036,-2.79399999999999,0.758824999999995));
#3609=VECTOR('',#4757,1.0);
#3610=CARTESIAN_POINT('',(-3.4036,-4.801,0.5588));
#3611=VECTOR('',#4758,1.0);
#3612=COLOUR_RGB('',0.596078455448151,0.596078455448151,0.596078455448151);
#3613=CARTESIAN_POINT('',(-1.0287,-2.79399999999999,0.5588));
#3614=VECTOR('',#4759,1.0);
#3615=COLOUR_RGB('',0.596078455448151,0.596078455448151,0.596078455448151);
#3616=CARTESIAN_POINT('',(-0.5588,-2.79399999999999,-0.5588));
#3617=CARTESIAN_POINT('',(-0.5588,-2.79399999999999,0.5588));
#3618=CARTESIAN_POINT('',(-0.5588,-2.79399999999999,0.758824999999995));
#3619=VECTOR('',#4760,1.0);
#3620=CARTESIAN_POINT('',(-0.5588,-6.088,-0.5588));
#3621=CARTESIAN_POINT('',(-0.5588,-4.801,-0.5588));
#3622=VECTOR('',#4761,1.0);
#3623=CARTESIAN_POINT('',(-0.5588,-6.088,0.5588));
#3624=CARTESIAN_POINT('',(-0.5588,-6.088,-0.5588));
#3625=VECTOR('',#4762,1.0);
#3626=CARTESIAN_POINT('',(-0.5588,-4.801,0.5588));
#3627=VECTOR('',#4763,1.0);
#3628=COLOUR_RGB('',0.596078455448151,0.596078455448151,0.596078455448151);
#3629=CARTESIAN_POINT('',(0.5588,-2.79399999999999,-0.5588));
#3630=CARTESIAN_POINT('',(0.952499999999999,-2.79399999999999,-0.5588));
#3631=VECTOR('',#4764,1.0);
#3632=CARTESIAN_POINT('',(0.558799999999998,-6.088,-0.5588));
#3633=CARTESIAN_POINT('',(0.5588,-4.801,-0.5588));
#3634=VECTOR('',#4765,1.0);
#3635=CARTESIAN_POINT('',(0.550758547739541,-6.123,-0.5588));
#3636=AXIS2_PLACEMENT_3D('',#4766,#4767,#4768);
#3637=CARTESIAN_POINT('',(-0.550758547739544,-6.123,-0.5588));
#3638=CARTESIAN_POINT('',(0.5588,-6.123,-0.5588));
#3639=VECTOR('',#4769,1.0);
#3640=AXIS2_PLACEMENT_3D('',#4770,#4771,#4772);
#3641=COLOUR_RGB('',0.596078455448151,0.596078455448151,0.596078455448151);
#3642=CARTESIAN_POINT('',(0.550758547739541,-6.123,0.5588));
#3643=CARTESIAN_POINT('',(0.234426960906809,-6.74799999999997,0.256262695053783));
#3644=CARTESIAN_POINT('',(0.550758547739081,-6.1230000000019,0.558799999999617));
#3645=CARTESIAN_POINT('',(0.549633235566344,-6.12764576382369,0.557861814709518));
#3646=CARTESIAN_POINT('',(0.548487161342066,-6.13228506401234,0.556900982671041));
#3647=CARTESIAN_POINT('',(0.523426690615544,-6.23169686521357,0.535776108931484));
#3648=CARTESIAN_POINT('',(0.490505187744054,-6.32343616200281,0.505828904887304));
#3649=CARTESIAN_POINT('',(0.390969968438574,-6.53702181536055,0.411745170149094));
#3650=CARTESIAN_POINT('',(0.315380720303814,-6.6517921661592,0.337698991940307));
#3651=CARTESIAN_POINT('',(0.234426960906809,-6.74799999999997,0.256262695053783));
#3652=CARTESIAN_POINT('',(-0.550758547739544,-6.123,0.5588));
#3653=CARTESIAN_POINT('',(0.0,-6.123,0.5588));
#3654=VECTOR('',#4773,1.0);
#3655=CARTESIAN_POINT('',(-0.234426960906804,-6.748,0.256262695053759));
#3656=CARTESIAN_POINT('',(-0.234426960906804,-6.748,0.25626269505376));
#3657=CARTESIAN_POINT('',(-0.315146061882629,-6.65140604116411,0.337474828551036));
#3658=CARTESIAN_POINT('',(-0.390969968438571,-6.53702181536056,0.41174517014909));
#3659=CARTESIAN_POINT('',(-0.490505187744056,-6.32343616200281,0.505828904887304));
#3660=CARTESIAN_POINT('',(-0.523426690615546,-6.23169686521357,0.535776108931484));
#3661=CARTESIAN_POINT('',(-0.548487161342228,-6.13228506401171,0.556900982671175));
#3662=CARTESIAN_POINT('',(-0.549633562253688,-6.12764590765156,0.557862136121932));
#3663=CARTESIAN_POINT('',(-0.550758547739544,-6.123,0.5588));
#3664=CARTESIAN_POINT('',(-1.95399252334028E-14,-6.858,0.1524));
#3665=CARTESIAN_POINT('',(0.278700227791205,-6.67660673818362,0.312798452290461));
#3666=CARTESIAN_POINT('',(0.261453968664952,-6.71555547120592,0.283973493749636));
#3667=CARTESIAN_POINT('',(0.235897671036364,-6.75055897851096,0.254745797238457));
#3668=CARTESIAN_POINT('',(0.180880913516255,-6.80077864196779,0.209687753890411));
#3669=CARTESIAN_POINT('',(0.149591202801114,-6.82150440864514,0.189612700187157));
#3670=CARTESIAN_POINT('',(0.0786899108961965,-6.85013880726215,0.160819594338562));
#3671=CARTESIAN_POINT('',(0.0389383577813689,-6.858,0.1524));
#3672=CARTESIAN_POINT('',(-0.0389383577814062,-6.858,0.1524));
#3673=CARTESIAN_POINT('',(-0.0786899108962338,-6.85013880726215,0.160819594338563));
#3674=CARTESIAN_POINT('',(-0.149591202801151,-6.82150440864514,0.189612700187158));
#3675=CARTESIAN_POINT('',(-0.180880913516292,-6.80077864196779,0.209687753890411));
#3676=CARTESIAN_POINT('',(-0.235897671036401,-6.75055897851096,0.254745797238457));
#3677=CARTESIAN_POINT('',(-0.261453968664989,-6.71555547120592,0.283973493749636));
#3678=CARTESIAN_POINT('',(-0.278700227791242,-6.67660673818362,0.31279845229046));
#3679=CARTESIAN_POINT('',(0.278700227791205,-6.67660673818362,0.312798452290461));
#3680=CARTESIAN_POINT('',(0.261453968664952,-6.71555547120592,0.283973493749636));
#3681=CARTESIAN_POINT('',(0.235897671036364,-6.75055897851096,0.254745797238457));
#3682=CARTESIAN_POINT('',(0.180880913516255,-6.80077864196779,0.209687753890411));
#3683=CARTESIAN_POINT('',(0.149591202801114,-6.82150440864514,0.189612700187157));
#3684=CARTESIAN_POINT('',(0.0786899108961965,-6.85013880726215,0.160819594338562));
#3685=CARTESIAN_POINT('',(0.0389383577813689,-6.858,0.1524));
#3686=CARTESIAN_POINT('',(-0.0389383577814062,-6.858,0.1524));
#3687=CARTESIAN_POINT('',(-0.0786899108962338,-6.85013880726215,0.160819594338563));
#3688=CARTESIAN_POINT('',(-0.149591202801151,-6.82150440864514,0.189612700187158));
#3689=CARTESIAN_POINT('',(-0.180880913516292,-6.80077864196779,0.209687753890411));
#3690=CARTESIAN_POINT('',(-0.235897671036401,-6.75055897851096,0.254745797238457));
#3691=CARTESIAN_POINT('',(-0.261453968664989,-6.71555547120592,0.283973493749636));
#3692=CARTESIAN_POINT('',(-0.278700227791242,-6.67660673818362,0.31279845229046));
#3693=COLOUR_RGB('',0.596078455448151,0.596078455448151,0.596078455448151);
#3694=CARTESIAN_POINT('',(0.234426960906809,-6.74799999999997,-0.256262695053783));
#3695=CARTESIAN_POINT('',(0.23442696090682,-6.74799999999998,-0.256262695053777));
#3696=CARTESIAN_POINT('',(0.315146061882639,-6.65140604116409,-0.337474828551047));
#3697=CARTESIAN_POINT('',(0.390969968438574,-6.53702181536055,-0.411745170149094));
#3698=CARTESIAN_POINT('',(0.490505187744054,-6.32343616200281,-0.505828904887304));
#3699=CARTESIAN_POINT('',(0.523426690615544,-6.23169686521357,-0.535776108931484));
#3700=CARTESIAN_POINT('',(0.548487161342225,-6.13228506401171,-0.556900982671175));
#3701=CARTESIAN_POINT('',(0.549633562253684,-6.12764590765156,-0.557862136121931));
#3702=CARTESIAN_POINT('',(0.550758547739541,-6.123,-0.5588));
#3703=CARTESIAN_POINT('',(-1.95399252334028E-14,-6.858,-0.1524));
#3704=CARTESIAN_POINT('',(-0.278700227791242,-6.67660673818362,-0.31279845229046));
#3705=CARTESIAN_POINT('',(-0.261453968664991,-6.71555547120592,-0.283973493749636));
#3706=CARTESIAN_POINT('',(-0.235897671036403,-6.75055897851096,-0.254745797238457));
#3707=CARTESIAN_POINT('',(-0.180880913516292,-6.80077864196779,-0.20968775389041));
#3708=CARTESIAN_POINT('',(-0.149591202801151,-6.82150440864514,-0.189612700187157));
#3709=CARTESIAN_POINT('',(-0.0786899108962338,-6.85013880726215,-0.160819594338562));
#3710=CARTESIAN_POINT('',(-0.0389383577814062,-6.858,-0.1524));
#3711=CARTESIAN_POINT('',(0.0389383577813689,-6.858,-0.1524));
#3712=CARTESIAN_POINT('',(0.0786899108961965,-6.85013880726215,-0.160819594338562));
#3713=CARTESIAN_POINT('',(0.149591202801114,-6.82150440864514,-0.189612700187157));
#3714=CARTESIAN_POINT('',(0.180880913516255,-6.80077864196779,-0.209687753890411));
#3715=CARTESIAN_POINT('',(0.235897671036364,-6.75055897851096,-0.254745797238457));
#3716=CARTESIAN_POINT('',(0.261453968664952,-6.71555547120592,-0.283973493749635));
#3717=CARTESIAN_POINT('',(0.278700227791205,-6.67660673818362,-0.31279845229046));
#3718=CARTESIAN_POINT('',(-0.234426960906804,-6.748,-0.256262695053759));
#3719=CARTESIAN_POINT('',(-0.278700227791242,-6.67660673818362,-0.31279845229046));
#3720=CARTESIAN_POINT('',(-0.261453968664991,-6.71555547120592,-0.283973493749636));
#3721=CARTESIAN_POINT('',(-0.235897671036403,-6.75055897851096,-0.254745797238457));
#3722=CARTESIAN_POINT('',(-0.180880913516292,-6.80077864196779,-0.20968775389041));
#3723=CARTESIAN_POINT('',(-0.149591202801151,-6.82150440864514,-0.189612700187157));
#3724=CARTESIAN_POINT('',(-0.0786899108962338,-6.85013880726215,-0.160819594338562));
#3725=CARTESIAN_POINT('',(-0.0389383577814062,-6.858,-0.1524));
#3726=CARTESIAN_POINT('',(0.0389383577813689,-6.858,-0.1524));
#3727=CARTESIAN_POINT('',(0.0786899108961965,-6.85013880726215,-0.160819594338562));
#3728=CARTESIAN_POINT('',(0.149591202801114,-6.82150440864514,-0.189612700187157));
#3729=CARTESIAN_POINT('',(0.180880913516255,-6.80077864196779,-0.209687753890411));
#3730=CARTESIAN_POINT('',(0.235897671036364,-6.75055897851096,-0.254745797238457));
#3731=CARTESIAN_POINT('',(0.261453968664952,-6.71555547120592,-0.283973493749635));
#3732=CARTESIAN_POINT('',(0.278700227791205,-6.67660673818362,-0.31279845229046));
#3733=CARTESIAN_POINT('',(-0.550758547739083,-6.1230000000019,-0.558799999999617));
#3734=CARTESIAN_POINT('',(-0.549633235566347,-6.12764576382369,-0.557861814709518));
#3735=CARTESIAN_POINT('',(-0.548487161342069,-6.13228506401234,-0.556900982671041));
#3736=CARTESIAN_POINT('',(-0.523426690615546,-6.23169686521357,-0.535776108931484));
#3737=CARTESIAN_POINT('',(-0.490505187744056,-6.32343616200281,-0.505828904887304));
#3738=CARTESIAN_POINT('',(-0.390969968438571,-6.53702181536057,-0.411745170149089));
#3739=CARTESIAN_POINT('',(-0.315380720303815,-6.65179216615922,-0.33769899194029));
#3740=CARTESIAN_POINT('',(-0.234426960906804,-6.748,-0.256262695053759));
#3741=COLOUR_RGB('',0.596078455448151,0.596078455448151,0.596078455448151);
#3742=CARTESIAN_POINT('',(0.234426960906809,-6.74799999999997,-1.1176));
#3743=VECTOR('',#4774,1.0);
#3744=CARTESIAN_POINT('',(-0.234426960906804,-6.748,-1.1176));
#3745=VECTOR('',#4775,1.0);
#3746=COLOUR_RGB('',0.596078455448151,0.596078455448151,0.596078455448151);
#3747=AXIS2_PLACEMENT_3D('',#4776,#4777,#4778);
#3748=COLOUR_RGB('',0.596078455448151,0.596078455448151,0.596078455448151);
#3749=CARTESIAN_POINT('',(0.558799999999998,-6.088,0.5588));
#3750=CARTESIAN_POINT('',(0.5588,-6.08799999999999,0.0));
#3751=VECTOR('',#4779,1.0);
#3752=AXIS2_PLACEMENT_3D('',#4780,#4781,#4782);
#3753=COLOUR_RGB('',0.596078455448151,0.596078455448151,0.596078455448151);
#3754=CARTESIAN_POINT('',(0.5588,-2.79399999999999,0.5588));
#3755=CARTESIAN_POINT('',(0.5588,-2.79399999999999,0.758824999999995));
#3756=VECTOR('',#4783,1.0);
#3757=CARTESIAN_POINT('',(0.5588,-4.801,0.5588));
#3758=VECTOR('',#4784,1.0);
#3759=COLOUR_RGB('',0.596078455448151,0.596078455448151,0.596078455448151);
#3760=CARTESIAN_POINT('',(0.952499999999999,-2.79399999999999,0.5588));
#3761=VECTOR('',#4785,1.0);
#3762=COLOUR_RGB('',0.764705896377563,0.705882370471954,0.235294118523598);
#3763=CARTESIAN_POINT('',(-7.366,-7.54951656745106E-15,-0.5588));
#3764=CARTESIAN_POINT('',(-7.366,-7.54951656745106E-15,0.5588));
#3765=CARTESIAN_POINT('',(-7.366,-7.54951656745106E-15,2.0193));
#3766=VECTOR('',#4786,1.0);
#3767=CARTESIAN_POINT('',(-7.366,10.66,-0.5588));
#3768=CARTESIAN_POINT('',(-7.366,-0.1,-0.5588));
#3769=VECTOR('',#4787,1.0);
#3770=CARTESIAN_POINT('',(-7.366,10.66,0.5588));
#3771=CARTESIAN_POINT('',(-7.366,10.66,-0.8382));
#3772=VECTOR('',#4788,1.0);
#3773=CARTESIAN_POINT('',(-7.366,-0.1,0.5588));
#3774=VECTOR('',#4789,1.0);
#3775=COLOUR_RGB('',0.764705896377563,0.705882370471954,0.235294118523598);
#3776=CARTESIAN_POINT('',(-8.4836,-7.54951656745106E-15,-0.5588));
#3777=CARTESIAN_POINT('',(-3.0099,-7.54951656745106E-15,-0.5588));
#3778=VECTOR('',#4790,1.0);
#3779=CARTESIAN_POINT('',(-8.4836,10.66,-0.5588));
#3780=CARTESIAN_POINT('',(-8.4836,11.43,-0.5588));
#3781=VECTOR('',#4791,1.0);
#3782=CARTESIAN_POINT('',(-8.47555854773954,10.695,-0.5588));
#3783=AXIS2_PLACEMENT_3D('',#4792,#4793,#4794);
#3784=CARTESIAN_POINT('',(-7.37404145226046,10.695,-0.5588));
#3785=CARTESIAN_POINT('',(-8.4836,10.695,-0.5588));
#3786=VECTOR('',#4795,1.0);
#3787=AXIS2_PLACEMENT_3D('',#4796,#4797,#4798);
#3788=COLOUR_RGB('',0.764705896377563,0.705882370471954,0.235294118523598);
#3789=CARTESIAN_POINT('',(-8.47555854773954,10.695,0.5588));
#3790=CARTESIAN_POINT('',(-8.15922696090681,11.32,0.256262695053782));
#3791=CARTESIAN_POINT('',(-8.47555854773908,10.6950000000019,0.558799999999616));
#3792=CARTESIAN_POINT('',(-8.47443323556634,10.6996457638237,0.557861814709518));
#3793=CARTESIAN_POINT('',(-8.47328716134207,10.7042850640123,0.556900982671041));
#3794=CARTESIAN_POINT('',(-8.44822669061554,10.8036968652136,0.535776108931484));
#3795=CARTESIAN_POINT('',(-8.41530518774405,10.8954361620028,0.505828904887304));
#3796=CARTESIAN_POINT('',(-8.31576996843858,11.1090218153606,0.411745170149094));
#3797=CARTESIAN_POINT('',(-8.24018072030381,11.2237921661592,0.337698991940306));
#3798=CARTESIAN_POINT('',(-8.15922696090681,11.32,0.256262695053782));
#3799=CARTESIAN_POINT('',(-7.37404145226046,10.695,0.5588));
#3800=CARTESIAN_POINT('',(-7.9248,10.695,0.5588));
#3801=VECTOR('',#4799,1.0);
#3802=CARTESIAN_POINT('',(-7.6903730390932,11.32,0.256262695053758));
#3803=CARTESIAN_POINT('',(-7.6903730390932,11.32,0.256262695053758));
#3804=CARTESIAN_POINT('',(-7.60965393811737,11.2234060411641,0.337474828551036));
#3805=CARTESIAN_POINT('',(-7.53383003156143,11.1090218153606,0.41174517014909));
#3806=CARTESIAN_POINT('',(-7.43429481225594,10.8954361620028,0.505828904887304));
#3807=CARTESIAN_POINT('',(-7.40137330938445,10.8036968652136,0.535776108931484));
#3808=CARTESIAN_POINT('',(-7.37631283865777,10.7042850640117,0.556900982671175));
#3809=CARTESIAN_POINT('',(-7.37516643774631,10.6996459076516,0.557862136121932));
#3810=CARTESIAN_POINT('',(-7.37404145226046,10.695,0.5588));
#3811=CARTESIAN_POINT('',(-7.92479999999998,11.43,0.1524));
#3812=CARTESIAN_POINT('',(-8.2035002277912,11.2486067381836,0.312798452290461));
#3813=CARTESIAN_POINT('',(-8.18625396866495,11.2875554712059,0.283973493749636));
#3814=CARTESIAN_POINT('',(-8.16069767103636,11.322558978511,0.254745797238457));
#3815=CARTESIAN_POINT('',(-8.10568091351625,11.3727786419678,0.209687753890411));
#3816=CARTESIAN_POINT('',(-8.07439120280111,11.3935044086451,0.189612700187156));
#3817=CARTESIAN_POINT('',(-8.0034899108962,11.4221388072622,0.160819594338561));
#3818=CARTESIAN_POINT('',(-7.96373835778137,11.43,0.1524));
#3819=CARTESIAN_POINT('',(-7.88586164221859,11.43,0.1524));
#3820=CARTESIAN_POINT('',(-7.84611008910377,11.4221388072622,0.160819594338561));
#3821=CARTESIAN_POINT('',(-7.77520879719885,11.3935044086451,0.189612700187156));
#3822=CARTESIAN_POINT('',(-7.74391908648371,11.3727786419678,0.209687753890411));
#3823=CARTESIAN_POINT('',(-7.6889023289636,11.322558978511,0.254745797238457));
#3824=CARTESIAN_POINT('',(-7.66334603133501,11.2875554712059,0.283973493749636));
#3825=CARTESIAN_POINT('',(-7.64609977220876,11.2486067381836,0.312798452290461));
#3826=CARTESIAN_POINT('',(-8.2035002277912,11.2486067381836,0.312798452290461));
#3827=CARTESIAN_POINT('',(-8.18625396866495,11.2875554712059,0.283973493749636));
#3828=CARTESIAN_POINT('',(-8.16069767103636,11.322558978511,0.254745797238457));
#3829=CARTESIAN_POINT('',(-8.10568091351625,11.3727786419678,0.209687753890411));
#3830=CARTESIAN_POINT('',(-8.07439120280111,11.3935044086451,0.189612700187156));
#3831=CARTESIAN_POINT('',(-8.0034899108962,11.4221388072622,0.160819594338561));
#3832=CARTESIAN_POINT('',(-7.96373835778137,11.43,0.1524));
#3833=CARTESIAN_POINT('',(-7.88586164221859,11.43,0.1524));
#3834=CARTESIAN_POINT('',(-7.84611008910377,11.4221388072622,0.160819594338561));
#3835=CARTESIAN_POINT('',(-7.77520879719885,11.3935044086451,0.189612700187156));
#3836=CARTESIAN_POINT('',(-7.74391908648371,11.3727786419678,0.209687753890411));
#3837=CARTESIAN_POINT('',(-7.6889023289636,11.322558978511,0.254745797238457));
#3838=CARTESIAN_POINT('',(-7.66334603133501,11.2875554712059,0.283973493749636));
#3839=CARTESIAN_POINT('',(-7.64609977220876,11.2486067381836,0.312798452290461));
#3840=COLOUR_RGB('',0.764705896377563,0.705882370471954,0.235294118523598);
#3841=CARTESIAN_POINT('',(-8.15922696090681,11.32,-0.256262695053782));
#3842=CARTESIAN_POINT('',(-8.15922696090682,11.32,-0.256262695053777));
#3843=CARTESIAN_POINT('',(-8.23994606188264,11.2234060411641,-0.337474828551047));
#3844=CARTESIAN_POINT('',(-8.31576996843858,11.1090218153606,-0.411745170149094));
#3845=CARTESIAN_POINT('',(-8.41530518774405,10.8954361620028,-0.505828904887304));
#3846=CARTESIAN_POINT('',(-8.44822669061554,10.8036968652136,-0.535776108931484));
#3847=CARTESIAN_POINT('',(-8.47328716134222,10.7042850640117,-0.556900982671175));
#3848=CARTESIAN_POINT('',(-8.47443356225368,10.6996459076516,-0.557862136121931));
#3849=CARTESIAN_POINT('',(-8.47555854773954,10.695,-0.5588));
#3850=CARTESIAN_POINT('',(-7.92479999999998,11.43,-0.1524));
#3851=CARTESIAN_POINT('',(-7.64609977220876,11.2486067381836,-0.31279845229046));
#3852=CARTESIAN_POINT('',(-7.66334603133501,11.2875554712059,-0.283973493749636));
#3853=CARTESIAN_POINT('',(-7.6889023289636,11.322558978511,-0.254745797238457));
#3854=CARTESIAN_POINT('',(-7.74391908648371,11.3727786419678,-0.20968775389041));
#3855=CARTESIAN_POINT('',(-7.77520879719885,11.3935044086451,-0.189612700187157));
#3856=CARTESIAN_POINT('',(-7.84611008910377,11.4221388072621,-0.160819594338562));
#3857=CARTESIAN_POINT('',(-7.88586164221859,11.43,-0.1524));
#3858=CARTESIAN_POINT('',(-7.96373835778137,11.43,-0.1524));
#3859=CARTESIAN_POINT('',(-8.0034899108962,11.4221388072622,-0.160819594338561));
#3860=CARTESIAN_POINT('',(-8.07439120280111,11.3935044086451,-0.189612700187156));
#3861=CARTESIAN_POINT('',(-8.10568091351625,11.3727786419678,-0.209687753890411));
#3862=CARTESIAN_POINT('',(-8.16069767103636,11.322558978511,-0.254745797238457));
#3863=CARTESIAN_POINT('',(-8.18625396866495,11.2875554712059,-0.283973493749634));
#3864=CARTESIAN_POINT('',(-8.2035002277912,11.2486067381836,-0.312798452290459));
#3865=CARTESIAN_POINT('',(-7.6903730390932,11.32,-0.256262695053758));
#3866=CARTESIAN_POINT('',(-7.64609977220876,11.2486067381836,-0.31279845229046));
#3867=CARTESIAN_POINT('',(-7.66334603133501,11.2875554712059,-0.283973493749636));
#3868=CARTESIAN_POINT('',(-7.6889023289636,11.322558978511,-0.254745797238457));
#3869=CARTESIAN_POINT('',(-7.74391908648371,11.3727786419678,-0.20968775389041));
#3870=CARTESIAN_POINT('',(-7.77520879719885,11.3935044086451,-0.189612700187157));
#3871=CARTESIAN_POINT('',(-7.84611008910377,11.4221388072621,-0.160819594338562));
#3872=CARTESIAN_POINT('',(-7.88586164221859,11.43,-0.1524));
#3873=CARTESIAN_POINT('',(-7.96373835778137,11.43,-0.1524));
#3874=CARTESIAN_POINT('',(-8.0034899108962,11.4221388072622,-0.160819594338561));
#3875=CARTESIAN_POINT('',(-8.07439120280111,11.3935044086451,-0.189612700187156));
#3876=CARTESIAN_POINT('',(-8.10568091351625,11.3727786419678,-0.209687753890411));
#3877=CARTESIAN_POINT('',(-8.16069767103636,11.322558978511,-0.254745797238457));
#3878=CARTESIAN_POINT('',(-8.18625396866495,11.2875554712059,-0.283973493749634));
#3879=CARTESIAN_POINT('',(-8.2035002277912,11.2486067381836,-0.312798452290459));
#3880=CARTESIAN_POINT('',(-7.37404145226092,10.6950000000019,-0.558799999999617));
#3881=CARTESIAN_POINT('',(-7.37516676443365,10.6996457638237,-0.557861814709518));
#3882=CARTESIAN_POINT('',(-7.37631283865793,10.7042850640123,-0.556900982671041));
#3883=CARTESIAN_POINT('',(-7.40137330938445,10.8036968652136,-0.535776108931484));
#3884=CARTESIAN_POINT('',(-7.43429481225594,10.8954361620028,-0.505828904887304));
#3885=CARTESIAN_POINT('',(-7.53383003156143,11.1090218153606,-0.41174517014909));
#3886=CARTESIAN_POINT('',(-7.60941927969618,11.2237921661592,-0.33769899194029));
#3887=CARTESIAN_POINT('',(-7.6903730390932,11.32,-0.256262695053758));
#3888=COLOUR_RGB('',0.764705896377563,0.705882370471954,0.235294118523598);
#3889=CARTESIAN_POINT('',(-8.15922696090681,11.32,-1.1176));
#3890=VECTOR('',#4800,1.0);
#3891=CARTESIAN_POINT('',(-7.6903730390932,11.32,-1.1176));
#3892=VECTOR('',#4801,1.0);
#3893=COLOUR_RGB('',0.764705896377563,0.705882370471954,0.235294118523598);
#3894=AXIS2_PLACEMENT_3D('',#4802,#4803,#4804);
#3895=COLOUR_RGB('',0.764705896377563,0.705882370471954,0.235294118523598);
#3896=CARTESIAN_POINT('',(-8.4836,10.66,0.5588));
#3897=CARTESIAN_POINT('',(-8.4836,10.66,0.0));
#3898=VECTOR('',#4805,1.0);
#3899=AXIS2_PLACEMENT_3D('',#4806,#4807,#4808);
#3900=COLOUR_RGB('',0.764705896377563,0.705882370471954,0.235294118523598);
#3901=CARTESIAN_POINT('',(-8.4836,-7.54951656745106E-15,0.5588));
#3902=CARTESIAN_POINT('',(-3.0099,-7.54951656745106E-15,0.5588));
#3903=VECTOR('',#4809,1.0);
#3904=CARTESIAN_POINT('',(-8.4836,11.43,0.5588));
#3905=VECTOR('',#4810,1.0);
#3906=COLOUR_RGB('',0.764705896377563,0.705882370471954,0.235294118523598);
#3907=CARTESIAN_POINT('',(-8.4836,-7.54951656745106E-15,2.0193));
#3908=VECTOR('',#4811,1.0);
#3909=COLOUR_RGB('',0.764705896377563,0.705882370471954,0.235294118523598);
#3910=CARTESIAN_POINT('',(-3.4036,-7.54951656745106E-15,-0.5588));
#3911=CARTESIAN_POINT('',(-3.4036,-7.54951656745106E-15,0.5588));
#3912=CARTESIAN_POINT('',(-3.4036,-7.54951656745106E-15,2.0193));
#3913=VECTOR('',#4812,1.0);
#3914=CARTESIAN_POINT('',(-3.4036,10.66,-0.5588));
#3915=CARTESIAN_POINT('',(-3.4036,-0.1,-0.5588));
#3916=VECTOR('',#4813,1.0);
#3917=CARTESIAN_POINT('',(-3.4036,10.66,0.5588));
#3918=CARTESIAN_POINT('',(-3.4036,10.66,-0.8382));
#3919=VECTOR('',#4814,1.0);
#3920=CARTESIAN_POINT('',(-3.4036,-0.1,0.5588));
#3921=VECTOR('',#4815,1.0);
#3922=COLOUR_RGB('',0.764705896377563,0.705882370471954,0.235294118523598);
#3923=CARTESIAN_POINT('',(-4.5212,-7.54951656745106E-15,-0.5588));
#3924=CARTESIAN_POINT('',(-1.0287,-7.54951656745106E-15,-0.5588));
#3925=VECTOR('',#4816,1.0);
#3926=CARTESIAN_POINT('',(-4.5212,10.66,-0.5588));
#3927=CARTESIAN_POINT('',(-4.5212,11.43,-0.5588));
#3928=VECTOR('',#4817,1.0);
#3929=CARTESIAN_POINT('',(-4.51315854773954,10.695,-0.5588));
#3930=AXIS2_PLACEMENT_3D('',#4818,#4819,#4820);
#3931=CARTESIAN_POINT('',(-3.41164145226046,10.695,-0.5588));
#3932=CARTESIAN_POINT('',(-4.5212,10.695,-0.5588));
#3933=VECTOR('',#4821,1.0);
#3934=AXIS2_PLACEMENT_3D('',#4822,#4823,#4824);
#3935=COLOUR_RGB('',0.764705896377563,0.705882370471954,0.235294118523598);
#3936=CARTESIAN_POINT('',(-4.51315854773954,10.695,0.5588));
#3937=CARTESIAN_POINT('',(-4.19682696090681,11.32,0.256262695053782));
#3938=CARTESIAN_POINT('',(-4.51315854773908,10.6950000000019,0.558799999999616));
#3939=CARTESIAN_POINT('',(-4.51203323556634,10.6996457638237,0.557861814709518));
#3940=CARTESIAN_POINT('',(-4.51088716134207,10.7042850640123,0.556900982671041));
#3941=CARTESIAN_POINT('',(-4.48582669061554,10.8036968652136,0.535776108931484));
#3942=CARTESIAN_POINT('',(-4.45290518774405,10.8954361620028,0.505828904887304));
#3943=CARTESIAN_POINT('',(-4.35336996843858,11.1090218153606,0.411745170149094));
#3944=CARTESIAN_POINT('',(-4.27778072030381,11.2237921661592,0.337698991940307));
#3945=CARTESIAN_POINT('',(-4.19682696090681,11.32,0.256262695053782));
#3946=CARTESIAN_POINT('',(-3.41164145226046,10.695,0.5588));
#3947=CARTESIAN_POINT('',(-3.9624,10.695,0.5588));
#3948=VECTOR('',#4825,1.0);
#3949=CARTESIAN_POINT('',(-3.7279730390932,11.32,0.256262695053758));
#3950=CARTESIAN_POINT('',(-3.7279730390932,11.32,0.256262695053758));
#3951=CARTESIAN_POINT('',(-3.64725393811737,11.2234060411641,0.337474828551036));
#3952=CARTESIAN_POINT('',(-3.57143003156143,11.1090218153606,0.41174517014909));
#3953=CARTESIAN_POINT('',(-3.47189481225594,10.8954361620028,0.505828904887304));
#3954=CARTESIAN_POINT('',(-3.43897330938445,10.8036968652136,0.535776108931484));
#3955=CARTESIAN_POINT('',(-3.41391283865777,10.7042850640117,0.556900982671175));
#3956=CARTESIAN_POINT('',(-3.41276643774631,10.6996459076516,0.557862136121932));
#3957=CARTESIAN_POINT('',(-3.41164145226046,10.695,0.5588));
#3958=CARTESIAN_POINT('',(-3.96239999999998,11.43,0.1524));
#3959=CARTESIAN_POINT('',(-4.2411002277912,11.2486067381836,0.312798452290461));
#3960=CARTESIAN_POINT('',(-4.22385396866495,11.2875554712059,0.283973493749636));
#3961=CARTESIAN_POINT('',(-4.19829767103636,11.322558978511,0.254745797238457));
#3962=CARTESIAN_POINT('',(-4.14328091351625,11.3727786419678,0.209687753890411));
#3963=CARTESIAN_POINT('',(-4.11199120280111,11.3935044086451,0.189612700187156));
#3964=CARTESIAN_POINT('',(-4.0410899108962,11.4221388072622,0.160819594338561));
#3965=CARTESIAN_POINT('',(-4.00133835778137,11.43,0.1524));
#3966=CARTESIAN_POINT('',(-3.92346164221859,11.43,0.1524));
#3967=CARTESIAN_POINT('',(-3.88371008910377,11.4221388072622,0.160819594338561));
#3968=CARTESIAN_POINT('',(-3.81280879719885,11.3935044086451,0.189612700187156));
#3969=CARTESIAN_POINT('',(-3.78151908648371,11.3727786419678,0.209687753890411));
#3970=CARTESIAN_POINT('',(-3.7265023289636,11.322558978511,0.254745797238457));
#3971=CARTESIAN_POINT('',(-3.70094603133501,11.2875554712059,0.283973493749636));
#3972=CARTESIAN_POINT('',(-3.68369977220876,11.2486067381836,0.312798452290461));
#3973=CARTESIAN_POINT('',(-4.2411002277912,11.2486067381836,0.312798452290461));
#3974=CARTESIAN_POINT('',(-4.22385396866495,11.2875554712059,0.283973493749636));
#3975=CARTESIAN_POINT('',(-4.19829767103636,11.322558978511,0.254745797238457));
#3976=CARTESIAN_POINT('',(-4.14328091351625,11.3727786419678,0.209687753890411));
#3977=CARTESIAN_POINT('',(-4.11199120280111,11.3935044086451,0.189612700187156));
#3978=CARTESIAN_POINT('',(-4.0410899108962,11.4221388072622,0.160819594338561));
#3979=CARTESIAN_POINT('',(-4.00133835778137,11.43,0.1524));
#3980=CARTESIAN_POINT('',(-3.92346164221859,11.43,0.1524));
#3981=CARTESIAN_POINT('',(-3.88371008910377,11.4221388072622,0.160819594338561));
#3982=CARTESIAN_POINT('',(-3.81280879719885,11.3935044086451,0.189612700187156));
#3983=CARTESIAN_POINT('',(-3.78151908648371,11.3727786419678,0.209687753890411));
#3984=CARTESIAN_POINT('',(-3.7265023289636,11.322558978511,0.254745797238457));
#3985=CARTESIAN_POINT('',(-3.70094603133501,11.2875554712059,0.283973493749636));
#3986=CARTESIAN_POINT('',(-3.68369977220876,11.2486067381836,0.312798452290461));
#3987=COLOUR_RGB('',0.764705896377563,0.705882370471954,0.235294118523598);
#3988=CARTESIAN_POINT('',(-4.19682696090681,11.32,-0.256262695053782));
#3989=CARTESIAN_POINT('',(-4.19682696090682,11.32,-0.256262695053777));
#3990=CARTESIAN_POINT('',(-4.27754606188264,11.2234060411641,-0.337474828551047));
#3991=CARTESIAN_POINT('',(-4.35336996843857,11.1090218153606,-0.411745170149094));
#3992=CARTESIAN_POINT('',(-4.45290518774405,10.8954361620028,-0.505828904887304));
#3993=CARTESIAN_POINT('',(-4.48582669061554,10.8036968652136,-0.535776108931484));
#3994=CARTESIAN_POINT('',(-4.51088716134223,10.7042850640117,-0.556900982671175));
#3995=CARTESIAN_POINT('',(-4.51203356225368,10.6996459076516,-0.557862136121931));
#3996=CARTESIAN_POINT('',(-4.51315854773954,10.695,-0.5588));
#3997=CARTESIAN_POINT('',(-3.96239999999998,11.43,-0.1524));
#3998=CARTESIAN_POINT('',(-3.68369977220876,11.2486067381836,-0.31279845229046));
#3999=CARTESIAN_POINT('',(-3.70094603133501,11.2875554712059,-0.283973493749636));
#4000=CARTESIAN_POINT('',(-3.7265023289636,11.322558978511,-0.254745797238457));
#4001=CARTESIAN_POINT('',(-3.78151908648371,11.3727786419678,-0.20968775389041));
#4002=CARTESIAN_POINT('',(-3.81280879719885,11.3935044086451,-0.189612700187157));
#4003=CARTESIAN_POINT('',(-3.88371008910377,11.4221388072621,-0.160819594338562));
#4004=CARTESIAN_POINT('',(-3.92346164221859,11.43,-0.1524));
#4005=CARTESIAN_POINT('',(-4.00133835778137,11.43,-0.1524));
#4006=CARTESIAN_POINT('',(-4.0410899108962,11.4221388072622,-0.160819594338561));
#4007=CARTESIAN_POINT('',(-4.11199120280111,11.3935044086451,-0.189612700187156));
#4008=CARTESIAN_POINT('',(-4.14328091351625,11.3727786419678,-0.209687753890411));
#4009=CARTESIAN_POINT('',(-4.19829767103636,11.322558978511,-0.254745797238457));
#4010=CARTESIAN_POINT('',(-4.22385396866495,11.2875554712059,-0.283973493749634));
#4011=CARTESIAN_POINT('',(-4.2411002277912,11.2486067381836,-0.312798452290459));
#4012=CARTESIAN_POINT('',(-3.7279730390932,11.32,-0.256262695053758));
#4013=CARTESIAN_POINT('',(-3.68369977220876,11.2486067381836,-0.31279845229046));
#4014=CARTESIAN_POINT('',(-3.70094603133501,11.2875554712059,-0.283973493749636));
#4015=CARTESIAN_POINT('',(-3.7265023289636,11.322558978511,-0.254745797238457));
#4016=CARTESIAN_POINT('',(-3.78151908648371,11.3727786419678,-0.20968775389041));
#4017=CARTESIAN_POINT('',(-3.81280879719885,11.3935044086451,-0.189612700187157));
#4018=CARTESIAN_POINT('',(-3.88371008910377,11.4221388072621,-0.160819594338562));
#4019=CARTESIAN_POINT('',(-3.92346164221859,11.43,-0.1524));
#4020=CARTESIAN_POINT('',(-4.00133835778137,11.43,-0.1524));
#4021=CARTESIAN_POINT('',(-4.0410899108962,11.4221388072622,-0.160819594338561));
#4022=CARTESIAN_POINT('',(-4.11199120280111,11.3935044086451,-0.189612700187156));
#4023=CARTESIAN_POINT('',(-4.14328091351625,11.3727786419678,-0.209687753890411));
#4024=CARTESIAN_POINT('',(-4.19829767103636,11.322558978511,-0.254745797238457));
#4025=CARTESIAN_POINT('',(-4.22385396866495,11.2875554712059,-0.283973493749634));
#4026=CARTESIAN_POINT('',(-4.2411002277912,11.2486067381836,-0.312798452290459));
#4027=CARTESIAN_POINT('',(-3.41164145226092,10.6950000000019,-0.558799999999617));
#4028=CARTESIAN_POINT('',(-3.41276676443365,10.6996457638237,-0.557861814709518));
#4029=CARTESIAN_POINT('',(-3.41391283865793,10.7042850640123,-0.556900982671041));
#4030=CARTESIAN_POINT('',(-3.43897330938445,10.8036968652136,-0.535776108931484));
#4031=CARTESIAN_POINT('',(-3.47189481225594,10.8954361620028,-0.505828904887304));
#4032=CARTESIAN_POINT('',(-3.57143003156143,11.1090218153606,-0.41174517014909));
#4033=CARTESIAN_POINT('',(-3.64701927969618,11.2237921661592,-0.33769899194029));
#4034=CARTESIAN_POINT('',(-3.7279730390932,11.32,-0.256262695053758));
#4035=COLOUR_RGB('',0.764705896377563,0.705882370471954,0.235294118523598);
#4036=CARTESIAN_POINT('',(-4.19682696090681,11.32,-1.1176));
#4037=VECTOR('',#4826,1.0);
#4038=CARTESIAN_POINT('',(-3.7279730390932,11.32,-1.1176));
#4039=VECTOR('',#4827,1.0);
#4040=COLOUR_RGB('',0.764705896377563,0.705882370471954,0.235294118523598);
#4041=AXIS2_PLACEMENT_3D('',#4828,#4829,#4830);
#4042=COLOUR_RGB('',0.764705896377563,0.705882370471954,0.235294118523598);
#4043=CARTESIAN_POINT('',(-4.5212,10.66,0.5588));
#4044=CARTESIAN_POINT('',(-4.5212,10.66,0.0));
#4045=VECTOR('',#4831,1.0);
#4046=AXIS2_PLACEMENT_3D('',#4832,#4833,#4834);
#4047=COLOUR_RGB('',0.764705896377563,0.705882370471954,0.235294118523598);
#4048=CARTESIAN_POINT('',(-4.5212,-7.54951656745106E-15,0.5588));
#4049=CARTESIAN_POINT('',(-1.0287,-7.54951656745106E-15,0.5588));
#4050=VECTOR('',#4835,1.0);
#4051=CARTESIAN_POINT('',(-4.5212,11.43,0.5588));
#4052=VECTOR('',#4836,1.0);
#4053=COLOUR_RGB('',0.764705896377563,0.705882370471954,0.235294118523598);
#4054=CARTESIAN_POINT('',(-4.5212,-7.54951656745106E-15,2.0193));
#4055=VECTOR('',#4837,1.0);
#4056=COLOUR_RGB('',0.764705896377563,0.705882370471954,0.235294118523598);
#4057=CARTESIAN_POINT('',(0.5588,-7.54951656745106E-15,-0.5588));
#4058=CARTESIAN_POINT('',(0.5588,-7.54951656745106E-15,0.5588));
#4059=CARTESIAN_POINT('',(0.5588,-7.54951656745106E-15,2.0193));
#4060=VECTOR('',#4838,1.0);
#4061=CARTESIAN_POINT('',(0.5588,10.66,-0.5588));
#4062=CARTESIAN_POINT('',(0.5588,-0.1,-0.5588));
#4063=VECTOR('',#4839,1.0);
#4064=CARTESIAN_POINT('',(0.5588,10.66,0.5588));
#4065=CARTESIAN_POINT('',(0.5588,10.66,-0.8382));
#4066=VECTOR('',#4840,1.0);
#4067=CARTESIAN_POINT('',(0.5588,-0.1,0.5588));
#4068=VECTOR('',#4841,1.0);
#4069=COLOUR_RGB('',0.764705896377563,0.705882370471954,0.235294118523598);
#4070=CARTESIAN_POINT('',(-0.5588,-7.54951656745106E-15,-0.5588));
#4071=CARTESIAN_POINT('',(0.952499999999999,-7.54951656745106E-15,-0.5588));
#4072=VECTOR('',#4842,1.0);
#4073=CARTESIAN_POINT('',(-0.5588,10.66,-0.5588));
#4074=CARTESIAN_POINT('',(-0.5588,11.43,-0.5588));
#4075=VECTOR('',#4843,1.0);
#4076=CARTESIAN_POINT('',(-0.550758547739541,10.695,-0.5588));
#4077=AXIS2_PLACEMENT_3D('',#4844,#4845,#4846);
#4078=CARTESIAN_POINT('',(0.550758547739543,10.695,-0.5588));
#4079=CARTESIAN_POINT('',(-0.5588,10.695,-0.5588));
#4080=VECTOR('',#4847,1.0);
#4081=AXIS2_PLACEMENT_3D('',#4848,#4849,#4850);
#4082=COLOUR_RGB('',0.764705896377563,0.705882370471954,0.235294118523598);
#4083=CARTESIAN_POINT('',(-0.550758547739541,10.695,0.5588));
#4084=CARTESIAN_POINT('',(-0.234426960906809,11.32,0.256262695053782));
#4085=CARTESIAN_POINT('',(-0.550758547739082,10.6950000000019,0.558799999999616));
#4086=CARTESIAN_POINT('',(-0.549633235566344,10.6996457638237,0.557861814709518));
#4087=CARTESIAN_POINT('',(-0.548487161342066,10.7042850640123,0.556900982671041));
#4088=CARTESIAN_POINT('',(-0.523426690615544,10.8036968652136,0.535776108931484));
#4089=CARTESIAN_POINT('',(-0.490505187744054,10.8954361620028,0.505828904887304));
#4090=CARTESIAN_POINT('',(-0.390969968438575,11.1090218153606,0.411745170149094));
#4091=CARTESIAN_POINT('',(-0.315380720303814,11.2237921661592,0.337698991940306));
#4092=CARTESIAN_POINT('',(-0.234426960906809,11.32,0.256262695053782));
#4093=CARTESIAN_POINT('',(0.550758547739543,10.695,0.5588));
#4094=CARTESIAN_POINT('',(0.0,10.695,0.5588));
#4095=VECTOR('',#4851,1.0);
#4096=CARTESIAN_POINT('',(0.234426960906804,11.32,0.256262695053758));
#4097=CARTESIAN_POINT('',(0.234426960906803,11.32,0.256262695053759));
#4098=CARTESIAN_POINT('',(0.315146061882629,11.2234060411641,0.337474828551036));
#4099=CARTESIAN_POINT('',(0.390969968438573,11.1090218153606,0.41174517014909));
#4100=CARTESIAN_POINT('',(0.490505187744057,10.8954361620028,0.505828904887304));
#4101=CARTESIAN_POINT('',(0.523426690615546,10.8036968652136,0.535776108931484));
#4102=CARTESIAN_POINT('',(0.548487161342228,10.7042850640117,0.556900982671175));
#4103=CARTESIAN_POINT('',(0.549633562253686,10.6996459076516,0.557862136121932));
#4104=CARTESIAN_POINT('',(0.550758547739543,10.695,0.5588));
#4105=CARTESIAN_POINT('',(1.77635683940025E-14,11.43,0.1524));
#4106=CARTESIAN_POINT('',(-0.278700227791205,11.2486067381836,0.312798452290461));
#4107=CARTESIAN_POINT('',(-0.261453968664954,11.2875554712059,0.283973493749636));
#4108=CARTESIAN_POINT('',(-0.235897671036364,11.322558978511,0.254745797238457));
#4109=CARTESIAN_POINT('',(-0.180880913516255,11.3727786419678,0.209687753890411));
#4110=CARTESIAN_POINT('',(-0.149591202801114,11.3935044086451,0.189612700187156));
#4111=CARTESIAN_POINT('',(-0.0786899108961983,11.4221388072622,0.160819594338561));
#4112=CARTESIAN_POINT('',(-0.0389383577813689,11.43,0.1524));
#4113=CARTESIAN_POINT('',(0.0389383577814062,11.43,0.1524));
#4114=CARTESIAN_POINT('',(0.0786899108962338,11.4221388072622,0.160819594338561));
#4115=CARTESIAN_POINT('',(0.149591202801151,11.3935044086451,0.189612700187156));
#4116=CARTESIAN_POINT('',(0.180880913516292,11.3727786419678,0.209687753890411));
#4117=CARTESIAN_POINT('',(0.235897671036401,11.322558978511,0.254745797238457));
#4118=CARTESIAN_POINT('',(0.261453968664991,11.2875554712059,0.283973493749636));
#4119=CARTESIAN_POINT('',(0.278700227791242,11.2486067381836,0.312798452290461));
#4120=CARTESIAN_POINT('',(-0.278700227791205,11.2486067381836,0.312798452290461));
#4121=CARTESIAN_POINT('',(-0.261453968664954,11.2875554712059,0.283973493749636));
#4122=CARTESIAN_POINT('',(-0.235897671036364,11.322558978511,0.254745797238457));
#4123=CARTESIAN_POINT('',(-0.180880913516255,11.3727786419678,0.209687753890411));
#4124=CARTESIAN_POINT('',(-0.149591202801114,11.3935044086451,0.189612700187156));
#4125=CARTESIAN_POINT('',(-0.0786899108961983,11.4221388072622,0.160819594338561));
#4126=CARTESIAN_POINT('',(-0.0389383577813689,11.43,0.1524));
#4127=CARTESIAN_POINT('',(0.0389383577814062,11.43,0.1524));
#4128=CARTESIAN_POINT('',(0.0786899108962338,11.4221388072622,0.160819594338561));
#4129=CARTESIAN_POINT('',(0.149591202801151,11.3935044086451,0.189612700187156));
#4130=CARTESIAN_POINT('',(0.180880913516292,11.3727786419678,0.209687753890411));
#4131=CARTESIAN_POINT('',(0.235897671036401,11.322558978511,0.254745797238457));
#4132=CARTESIAN_POINT('',(0.261453968664991,11.2875554712059,0.283973493749636));
#4133=CARTESIAN_POINT('',(0.278700227791242,11.2486067381836,0.312798452290461));
#4134=COLOUR_RGB('',0.764705896377563,0.705882370471954,0.235294118523598);
#4135=CARTESIAN_POINT('',(-0.234426960906809,11.32,-0.256262695053782));
#4136=CARTESIAN_POINT('',(-0.234426960906822,11.32,-0.256262695053777));
#4137=CARTESIAN_POINT('',(-0.315146061882639,11.2234060411641,-0.337474828551047));
#4138=CARTESIAN_POINT('',(-0.390969968438575,11.1090218153606,-0.411745170149094));
#4139=CARTESIAN_POINT('',(-0.490505187744054,10.8954361620028,-0.505828904887304));
#4140=CARTESIAN_POINT('',(-0.523426690615544,10.8036968652136,-0.535776108931484));
#4141=CARTESIAN_POINT('',(-0.548487161342225,10.7042850640117,-0.556900982671175));
#4142=CARTESIAN_POINT('',(-0.549633562253684,10.6996459076516,-0.557862136121931));
#4143=CARTESIAN_POINT('',(-0.550758547739541,10.695,-0.5588));
#4144=CARTESIAN_POINT('',(1.77635683940025E-14,11.43,-0.1524));
#4145=CARTESIAN_POINT('',(0.278700227791242,11.2486067381836,-0.31279845229046));
#4146=CARTESIAN_POINT('',(0.261453968664991,11.2875554712059,-0.283973493749636));
#4147=CARTESIAN_POINT('',(0.235897671036401,11.322558978511,-0.254745797238457));
#4148=CARTESIAN_POINT('',(0.180880913516292,11.3727786419678,-0.20968775389041));
#4149=CARTESIAN_POINT('',(0.149591202801151,11.3935044086451,-0.189612700187157));
#4150=CARTESIAN_POINT('',(0.0786899108962338,11.4221388072621,-0.160819594338562));
#4151=CARTESIAN_POINT('',(0.0389383577814062,11.43,-0.1524));
#4152=CARTESIAN_POINT('',(-0.0389383577813689,11.43,-0.1524));
#4153=CARTESIAN_POINT('',(-0.0786899108961983,11.4221388072622,-0.160819594338561));
#4154=CARTESIAN_POINT('',(-0.149591202801114,11.3935044086451,-0.189612700187156));
#4155=CARTESIAN_POINT('',(-0.180880913516255,11.3727786419678,-0.209687753890411));
#4156=CARTESIAN_POINT('',(-0.235897671036364,11.322558978511,-0.254745797238457));
#4157=CARTESIAN_POINT('',(-0.261453968664952,11.2875554712059,-0.283973493749634));
#4158=CARTESIAN_POINT('',(-0.278700227791205,11.2486067381836,-0.312798452290459));
#4159=CARTESIAN_POINT('',(0.234426960906804,11.32,-0.256262695053758));
#4160=CARTESIAN_POINT('',(0.278700227791242,11.2486067381836,-0.31279845229046));
#4161=CARTESIAN_POINT('',(0.261453968664991,11.2875554712059,-0.283973493749636));
#4162=CARTESIAN_POINT('',(0.235897671036401,11.322558978511,-0.254745797238457));
#4163=CARTESIAN_POINT('',(0.180880913516292,11.3727786419678,-0.20968775389041));
#4164=CARTESIAN_POINT('',(0.149591202801151,11.3935044086451,-0.189612700187157));
#4165=CARTESIAN_POINT('',(0.0786899108962338,11.4221388072621,-0.160819594338562));
#4166=CARTESIAN_POINT('',(0.0389383577814062,11.43,-0.1524));
#4167=CARTESIAN_POINT('',(-0.0389383577813689,11.43,-0.1524));
#4168=CARTESIAN_POINT('',(-0.0786899108961983,11.4221388072622,-0.160819594338561));
#4169=CARTESIAN_POINT('',(-0.149591202801114,11.3935044086451,-0.189612700187156));
#4170=CARTESIAN_POINT('',(-0.180880913516255,11.3727786419678,-0.209687753890411));
#4171=CARTESIAN_POINT('',(-0.235897671036364,11.322558978511,-0.254745797238457));
#4172=CARTESIAN_POINT('',(-0.261453968664952,11.2875554712059,-0.283973493749634));
#4173=CARTESIAN_POINT('',(-0.278700227791205,11.2486067381836,-0.312798452290459));
#4174=CARTESIAN_POINT('',(0.550758547739084,10.6950000000019,-0.558799999999617));
#4175=CARTESIAN_POINT('',(0.549633235566347,10.6996457638237,-0.557861814709518));
#4176=CARTESIAN_POINT('',(0.548487161342069,10.7042850640123,-0.556900982671041));
#4177=CARTESIAN_POINT('',(0.523426690615546,10.8036968652136,-0.535776108931484));
#4178=CARTESIAN_POINT('',(0.490505187744057,10.8954361620028,-0.505828904887304));
#4179=CARTESIAN_POINT('',(0.390969968438573,11.1090218153606,-0.41174517014909));
#4180=CARTESIAN_POINT('',(0.315380720303815,11.2237921661592,-0.33769899194029));
#4181=CARTESIAN_POINT('',(0.234426960906804,11.32,-0.256262695053758));
#4182=COLOUR_RGB('',0.764705896377563,0.705882370471954,0.235294118523598);
#4183=CARTESIAN_POINT('',(-0.234426960906809,11.32,-1.1176));
#4184=VECTOR('',#4852,1.0);
#4185=CARTESIAN_POINT('',(0.234426960906804,11.32,-1.1176));
#4186=VECTOR('',#4853,1.0);
#4187=COLOUR_RGB('',0.764705896377563,0.705882370471954,0.235294118523598);
#4188=AXIS2_PLACEMENT_3D('',#4854,#4855,#4856);
#4189=COLOUR_RGB('',0.764705896377563,0.705882370471954,0.235294118523598);
#4190=CARTESIAN_POINT('',(-0.5588,10.66,0.5588));
#4191=CARTESIAN_POINT('',(-0.5588,10.66,0.0));
#4192=VECTOR('',#4857,1.0);
#4193=AXIS2_PLACEMENT_3D('',#4858,#4859,#4860);
#4194=COLOUR_RGB('',0.764705896377563,0.705882370471954,0.235294118523598);
#4195=CARTESIAN_POINT('',(-0.5588,-7.54951656745106E-15,0.5588));
#4196=CARTESIAN_POINT('',(0.952499999999999,-7.54951656745106E-15,0.5588));
#4197=VECTOR('',#4861,1.0);
#4198=CARTESIAN_POINT('',(-0.5588,11.43,0.5588));
#4199=VECTOR('',#4862,1.0);
#4200=COLOUR_RGB('',0.764705896377563,0.705882370471954,0.235294118523598);
#4201=CARTESIAN_POINT('',(-0.5588,-7.54951656745106E-15,2.0193));
#4202=VECTOR('',#4863,1.0);
#4203=COLOUR_RGB('',0.976470589637756,0.976470589637756,0.976470589637756);
#4204=CARTESIAN_POINT('',(0.5588,-7.54951656745106E-15,2.29373333333334));
#4205=CARTESIAN_POINT('',(0.5588,-7.54951656745106E-15,4.8354));
#4206=CARTESIAN_POINT('',(0.5588,-7.54951656745106E-15,4.08098333333333));
#4207=VECTOR('',#4864,1.0);
#4208=CARTESIAN_POINT('',(0.5588,-0.0499999999999998,2.29373333333334));
#4209=CARTESIAN_POINT('',(0.5588,-0.0499999999999998,2.29373333333334));
#4210=VECTOR('',#4865,1.0);
#4211=CARTESIAN_POINT('',(0.5588,-0.0499999999999998,4.8354));
#4212=CARTESIAN_POINT('',(0.5588,-0.0499999999999998,2.29373333333334));
#4213=VECTOR('',#4866,1.0);
#4214=CARTESIAN_POINT('',(0.5588,-0.0499999999999998,4.8354));
#4215=VECTOR('',#4867,1.0);
#4216=COLOUR_RGB('',0.976470589637756,0.976470589637756,0.976470589637756);
#4217=CARTESIAN_POINT('',(0.241091666666657,-7.54951656745106E-15,4.8354));
#4218=CARTESIAN_POINT('',(1.15247291666666,-7.54951656745106E-15,4.8354));
#4219=VECTOR('',#4868,1.0);
#4220=CARTESIAN_POINT('',(0.241091666666657,-0.0499999999999998,4.8354));
#4221=CARTESIAN_POINT('',(0.5588,-0.0499999999999998,4.8354));
#4222=VECTOR('',#4869,1.0);
#4223=CARTESIAN_POINT('',(0.241091666666657,-0.0499999999999998,4.8354));
#4224=VECTOR('',#4870,1.0);
#4225=COLOUR_RGB('',0.976470589637756,0.976470589637756,0.976470589637756);
#4226=CARTESIAN_POINT('',(0.241091666666657,-7.54951656745106E-15,2.99269166666667));
#4227=CARTESIAN_POINT('',(0.241091666666657,-7.54951656745106E-15,4.25572291666666));
#4228=VECTOR('',#4871,1.0);
#4229=CARTESIAN_POINT('',(0.241091666666657,-0.0499999999999998,2.99269166666667));
#4230=CARTESIAN_POINT('',(0.241091666666657,-0.0499999999999998,4.8354));
#4231=VECTOR('',#4872,1.0);
#4232=CARTESIAN_POINT('',(0.241091666666657,-0.0499999999999998,2.99269166666667));
#4233=VECTOR('',#4873,1.0);
#4234=COLOUR_RGB('',0.976470589637756,0.976470589637756,0.976470589637756);
#4235=CARTESIAN_POINT('',(-0.362554166666667,-7.54951656745106E-15,2.99269166666667));
#4236=CARTESIAN_POINT('',(0.922134374999997,-7.54951656745106E-15,2.99269166666667));
#4237=VECTOR('',#4874,1.0);
#4238=CARTESIAN_POINT('',(-0.362554166666667,-0.0499999999999998,2.99269166666667));
#4239=CARTESIAN_POINT('',(0.241091666666657,-0.0499999999999998,2.99269166666667));
#4240=VECTOR('',#4875,1.0);
#4241=CARTESIAN_POINT('',(-0.362554166666667,-0.0499999999999998,2.99269166666667));
#4242=VECTOR('',#4876,1.0);
#4243=COLOUR_RGB('',0.976470589637756,0.976470589637756,0.976470589637756);
#4244=CARTESIAN_POINT('',(-0.362554166666667,-7.54951656745106E-15,2.738525));
#4245=CARTESIAN_POINT('',(-0.362554166666667,-7.54951656745106E-15,3.73150416666666));
#4246=VECTOR('',#4877,1.0);
#4247=CARTESIAN_POINT('',(-0.362554166666667,-0.0499999999999998,2.738525));
#4248=CARTESIAN_POINT('',(-0.362554166666667,-0.0499999999999998,2.99269166666667));
#4249=VECTOR('',#4878,1.0);
#4250=CARTESIAN_POINT('',(-0.362554166666667,-0.0499999999999998,2.738525));
#4251=VECTOR('',#4879,1.0);
#4252=COLOUR_RGB('',0.976470589637756,0.976470589637756,0.976470589637756);
#4253=CARTESIAN_POINT('',(-0.299012500000016,-7.54951656745106E-15,2.738525));
#4254=CARTESIAN_POINT('',(0.787108333333329,-7.54951656745106E-15,2.738525));
#4255=VECTOR('',#4880,1.0);
#4256=CARTESIAN_POINT('',(-0.299012500000016,-0.0499999999999998,2.738525));
#4257=CARTESIAN_POINT('',(-0.362554166666667,-0.0499999999999998,2.738525));
#4258=VECTOR('',#4881,1.0);
#4259=CARTESIAN_POINT('',(-0.299012500000016,-0.0499999999999998,2.738525));
#4260=VECTOR('',#4882,1.0);
#4261=COLOUR_RGB('',0.976470589637756,0.976470589637756,0.976470589637756);
#4262=CARTESIAN_POINT('',(-0.14015833333333,-7.54951656745106E-15,2.70675416666667));
#4263=CARTESIAN_POINT('',(0.621584455128193,-7.54951656745106E-15,2.55440560897436));
#4264=VECTOR('',#4883,1.0);
#4265=CARTESIAN_POINT('',(-0.14015833333333,-0.0499999999999998,2.70675416666667));
#4266=CARTESIAN_POINT('',(-0.299012500000016,-0.0499999999999998,2.738525));
#4267=VECTOR('',#4884,1.0);
#4268=CARTESIAN_POINT('',(-0.14015833333333,-0.0499999999999998,2.70675416666667));
#4269=VECTOR('',#4885,1.0);
#4270=COLOUR_RGB('',0.976470589637756,0.976470589637756,0.976470589637756);
#4271=CARTESIAN_POINT('',(-0.044845833333353,-7.54951656745106E-15,2.67498333333333));
#4272=CARTESIAN_POINT('',(0.520394166666502,-7.54951656745106E-15,2.48656999999997));
#4273=VECTOR('',#4886,1.0);
#4274=CARTESIAN_POINT('',(-0.044845833333353,-0.0499999999999998,2.67498333333333));
#4275=CARTESIAN_POINT('',(-0.14015833333333,-0.0499999999999998,2.70675416666667));
#4276=VECTOR('',#4887,1.0);
#4277=CARTESIAN_POINT('',(-0.044845833333353,-0.0499999999999998,2.67498333333333));
#4278=VECTOR('',#4888,1.0);
#4279=COLOUR_RGB('',0.976470589637756,0.976470589637756,0.976470589637756);
#4280=CARTESIAN_POINT('',(0.0822374999999997,-7.54951656745106E-15,2.61144166666666));
#4281=CARTESIAN_POINT('',(0.382380000000099,-7.54951656745106E-15,2.46137041666664));
#4282=VECTOR('',#4889,1.0);
#4283=CARTESIAN_POINT('',(0.0822374999999997,-0.0499999999999998,2.61144166666666));
#4284=CARTESIAN_POINT('',(-0.044845833333353,-0.0499999999999998,2.67498333333333));
#4285=VECTOR('',#4890,1.0);
#4286=CARTESIAN_POINT('',(0.0822374999999997,-0.0499999999999998,2.61144166666666));
#4287=VECTOR('',#4891,1.0);
#4288=COLOUR_RGB('',0.976470589637756,0.976470589637756,0.976470589637756);
#4289=CARTESIAN_POINT('',(0.177549999999984,-7.54951656745106E-15,2.51612916666667));
#4290=CARTESIAN_POINT('',(0.0652666666666217,-7.54951656745106E-15,2.62841250000004));
#4291=VECTOR('',#4892,1.0);
#4292=CARTESIAN_POINT('',(0.177549999999984,-0.0499999999999998,2.51612916666667));
#4293=CARTESIAN_POINT('',(0.0822374999999997,-0.0499999999999998,2.61144166666666));
#4294=VECTOR('',#4893,1.0);
#4295=CARTESIAN_POINT('',(0.177549999999984,-0.0499999999999998,2.51612916666667));
#4296=VECTOR('',#4894,1.0);
#4297=COLOUR_RGB('',0.976470589637756,0.976470589637756,0.976470589637756);
#4298=CARTESIAN_POINT('',(0.272862499999983,-7.54951656745106E-15,2.38904583333333));
#4299=CARTESIAN_POINT('',(0.0128141249999683,-7.54951656745106E-15,2.73577700000004));
#4300=VECTOR('',#4895,1.0);
#4301=CARTESIAN_POINT('',(0.272862499999983,-0.0499999999999998,2.38904583333333));
#4302=CARTESIAN_POINT('',(0.177549999999984,-0.0499999999999998,2.51612916666667));
#4303=VECTOR('',#4896,1.0);
#4304=CARTESIAN_POINT('',(0.272862499999983,-0.0499999999999998,2.38904583333333));
#4305=VECTOR('',#4897,1.0);
#4306=COLOUR_RGB('',0.976470589637756,0.976470589637756,0.976470589637756);
#4307=CARTESIAN_POINT('',(0.304633333333316,-7.54951656745106E-15,2.29373333333334));
#4308=CARTESIAN_POINT('',(0.0311589583333074,-7.54951656745106E-15,3.1141564583333));
#4309=VECTOR('',#4898,1.0);
#4310=CARTESIAN_POINT('',(0.304633333333316,-0.0499999999999998,2.29373333333334));
#4311=CARTESIAN_POINT('',(0.272862499999983,-0.0499999999999998,2.38904583333333));
#4312=VECTOR('',#4899,1.0);
#4313=CARTESIAN_POINT('',(0.304633333333316,-0.0499999999999998,2.29373333333334));
#4314=VECTOR('',#4900,1.0);
#4315=COLOUR_RGB('',0.976470589637756,0.976470589637756,0.976470589637756);
#4316=CARTESIAN_POINT('',(1.16835833333333,-7.54951656745106E-15,2.29373333333334));
#4317=VECTOR('',#4901,1.0);
#4318=CARTESIAN_POINT('',(0.304633333333316,-0.0499999999999998,2.29373333333334));
#4319=VECTOR('',#4902,1.0);
#4320=COLOUR_RGB('',0.976470589637756,0.976470589637756,0.976470589637756);
#4321=COLOUR_RGB('',0.976470589637756,0.976470589637756,0.976470589637756);
#4322=CARTESIAN_POINT('',(-7.9248,2.22044604925031E-15,-1.1811));
#4323=CARTESIAN_POINT('',(-9.8298,-7.54951656745106E-15,-1.18110000000001));
#4324=CARTESIAN_POINT('',(1.905,-7.54951656745106E-15,-1.18110000000001));
#4325=VECTOR('',#4903,1.0);
#4326=CARTESIAN_POINT('',(-7.9248,-2.79399999999999,-1.1811));
#4327=CARTESIAN_POINT('',(-7.9248,2.598,-1.1811));
#4328=VECTOR('',#4904,1.0);
#4329=CARTESIAN_POINT('',(-9.8298,-2.79399999999999,-1.18110000000001));
#4330=CARTESIAN_POINT('',(1.905,-2.79399999999999,-1.18110000000001));
#4331=VECTOR('',#4905,1.0);
#4332=CARTESIAN_POINT('',(-9.8298,1.62297116323272,-1.18110000000001));
#4333=VECTOR('',#4906,1.0);
#4334=COLOUR_RGB('',0.976470589637756,0.976470589637756,0.976470589637756);
#4335=CARTESIAN_POINT('',(-7.9248,-1.4612483811655,-3.26797896291668));
#4336=CARTESIAN_POINT('',(-7.9248,-1.11256995436381,-2.77001456268538));
#4337=VECTOR('',#4907,1.0);
#4338=CARTESIAN_POINT('',(-7.9248,-0.941086833042285,-4.26720000000003));
#4339=AXIS2_PLACEMENT_3D('',#4908,#4909,#4910);
#4340=CARTESIAN_POINT('',(-7.9248,2.61491316695773,-4.26719999999999));
#4341=CARTESIAN_POINT('',(-7.9248,1.71745658347886,-4.26720000000003));
#4342=VECTOR('',#4911,1.0);
#4343=CARTESIAN_POINT('',(-7.9248,3.51293877906394,-3.89522561210623));
#4344=AXIS2_PLACEMENT_3D('',#4912,#4913,#4914);
#4345=CARTESIAN_POINT('',(-7.9248,4.80917719722543,-2.59898719394656));
#4346=CARTESIAN_POINT('',(-7.9248,3.03679509186466,-4.37136929930551));
#4347=VECTOR('',#4915,1.0);
#4348=CARTESIAN_POINT('',(-7.9248,5.25819000327891,-2.41300000000004));
#4349=AXIS2_PLACEMENT_3D('',#4916,#4917,#4918);
#4350=CARTESIAN_POINT('',(-7.9248,5.43448419114957,-2.413));
#4351=CARTESIAN_POINT('',(-7.9248,3.97216854860712,-2.41300000000004));
#4352=VECTOR('',#4919,1.0);
#4353=CARTESIAN_POINT('',(-7.9248,5.82542922798032,-2.54761317145892));
#4354=AXIS2_PLACEMENT_3D('',#4920,#4921,#4922);
#4355=CARTESIAN_POINT('',(-7.9248,8.02639999999999,-4.26720000000003));
#4356=CARTESIAN_POINT('',(-7.9248,6.25500735010727,-2.8832363837386));
#4357=VECTOR('',#4923,1.0);
#4358=CARTESIAN_POINT('',(-7.9248,8.02639999999999,-4.90220000000002));
#4359=CARTESIAN_POINT('',(-7.9248,8.02639999999999,-5.38290000000001));
#4360=VECTOR('',#4924,1.0);
#4361=CARTESIAN_POINT('',(-7.9248,-1.52400000000001,-4.90220000000003));
#4362=CARTESIAN_POINT('',(-7.9248,2.92459999999999,-4.90220000000002));
#4363=VECTOR('',#4925,1.0);
#4364=CARTESIAN_POINT('',(-7.9248,-2.794,-4.36854078933389));
#4365=AXIS2_PLACEMENT_3D('',#4926,#4927,#4928);
#4366=CARTESIAN_POINT('',(-7.9248,-2.79399999999999,-2.33172500000001));
#4367=VECTOR('',#4929,1.0);
#4368=COLOUR_RGB('',0.976470589637756,0.976470589637756,0.976470589637756);
#4369=CARTESIAN_POINT('',(-9.8298,-2.79399999999999,4.21639999999999));
#4370=CARTESIAN_POINT('',(-9.8298,-2.79399999999999,-1.18110000000001));
#4371=VECTOR('',#4930,1.0);
#4372=CARTESIAN_POINT('',(-9.8298,-3.302,4.21639999999999));
#4373=CARTESIAN_POINT('',(-9.8298,-3.302,4.21639999999999));
#4374=VECTOR('',#4931,1.0);
#4375=CARTESIAN_POINT('',(-9.8298,-3.302,5.1054));
#4376=CARTESIAN_POINT('',(-9.8298,-3.302,5.1054));
#4377=VECTOR('',#4932,1.0);
#4378=CARTESIAN_POINT('',(-9.8298,-2.4363054125189,5.1054));
#4379=CARTESIAN_POINT('',(-9.8298,-2.4363054125189,5.1054));
#4380=VECTOR('',#4933,1.0);
#4381=CARTESIAN_POINT('',(-9.8298,-2.4363054125189,4.85139999999998));
#4382=CARTESIAN_POINT('',(-9.8298,-2.4363054125189,4.85139999999998));
#4383=VECTOR('',#4934,1.0);
#4384=CARTESIAN_POINT('',(-9.8298,-2.08070541251889,4.85139999999998));
#4385=CARTESIAN_POINT('',(-9.8298,-2.08070541251889,4.85139999999998));
#4386=VECTOR('',#4935,1.0);
#4387=CARTESIAN_POINT('',(-9.8298,-1.778,5.1054));
#4388=CARTESIAN_POINT('',(-9.8298,-1.778,5.1054));
#4389=VECTOR('',#4936,0.999999999999999);
#4390=CARTESIAN_POINT('',(-9.8298,-7.54951656745106E-15,5.1054));
#4391=CARTESIAN_POINT('',(-9.8298,-7.54951656745106E-15,5.1054));
#4392=VECTOR('',#4937,1.0);
#4393=CARTESIAN_POINT('',(-9.8298,-7.54951656745106E-15,-1.18110000000001));
#4394=VECTOR('',#4938,1.0);
#4395=COLOUR_RGB('',0.976470589637756,0.976470589637756,0.976470589637756);
#4396=CARTESIAN_POINT('',(-6.6548,-2.794,-4.36854078933389));
#4397=CARTESIAN_POINT('',(-3.9624,-2.794,-4.36854078933389));
#4398=VECTOR('',#4939,1.0);
#4399=CARTESIAN_POINT('',(-6.6548,-2.794,-1.18110000000001));
#4400=CARTESIAN_POINT('',(-6.6548,-2.794,0.0));
#4401=VECTOR('',#4940,1.0);
#4402=CARTESIAN_POINT('',(-5.2324,-2.794,-1.18110000000001));
#4403=CARTESIAN_POINT('',(1.905,-2.79399999999999,-1.18110000000001));
#4404=VECTOR('',#4941,1.0);
#4405=CARTESIAN_POINT('',(-5.2324,-2.794,-4.36854078933389));
#4406=CARTESIAN_POINT('',(-5.2324,-2.794,0.0));
#4407=VECTOR('',#4942,1.0);
#4408=CARTESIAN_POINT('',(-2.6924,-2.794,-4.36854078933389));
#4409=CARTESIAN_POINT('',(-3.9624,-2.794,-4.36854078933389));
#4410=VECTOR('',#4943,1.0);
#4411=CARTESIAN_POINT('',(-2.6924,-2.794,-1.18110000000001));
#4412=CARTESIAN_POINT('',(-2.6924,-2.794,0.0));
#4413=VECTOR('',#4944,1.0);
#4414=CARTESIAN_POINT('',(-1.27,-2.79399999999999,-1.18110000000001));
#4415=CARTESIAN_POINT('',(1.905,-2.79399999999999,-1.18110000000001));
#4416=VECTOR('',#4945,1.0);
#4417=CARTESIAN_POINT('',(-1.27,-2.794,-4.36854078933389));
#4418=CARTESIAN_POINT('',(-1.27,-2.794,0.0));
#4419=VECTOR('',#4946,1.0);
#4420=CARTESIAN_POINT('',(0.0,-2.794,-4.36854078933389));
#4421=CARTESIAN_POINT('',(0.0,-2.794,-4.36854078933389));
#4422=VECTOR('',#4947,1.0);
#4423=CARTESIAN_POINT('',(0.0,-2.79399999999999,-1.1811));
#4424=CARTESIAN_POINT('',(-1.77635683940025E-15,-2.79399999999999,-2.33172500000001));
#4425=VECTOR('',#4948,1.0);
#4426=CARTESIAN_POINT('',(1.905,-2.79399999999999,-1.18110000000001));
#4427=CARTESIAN_POINT('',(1.905,-2.79399999999999,-1.1811));
#4428=VECTOR('',#4949,1.0);
#4429=CARTESIAN_POINT('',(1.905,-2.79399999999999,4.21639999999999));
#4430=CARTESIAN_POINT('',(1.905,-2.79399999999999,-1.18110000000001));
#4431=VECTOR('',#4950,1.0);
#4432=CARTESIAN_POINT('',(1.27,-2.794,4.21639999999999));
#4433=CARTESIAN_POINT('',(1.905,-2.79399999999999,4.21639999999999));
#4434=VECTOR('',#4951,1.0);
#4435=CARTESIAN_POINT('',(1.27,-2.794,5.1054));
#4436=CARTESIAN_POINT('',(1.27,-2.794,0.0));
#4437=VECTOR('',#4952,1.0);
#4438=CARTESIAN_POINT('',(-1.27,-2.794,5.1054));
#4439=CARTESIAN_POINT('',(0.952499999999999,-2.794,5.1054));
#4440=VECTOR('',#4953,1.0);
#4441=CARTESIAN_POINT('',(-1.27,-2.794,4.21639999999999));
#4442=CARTESIAN_POINT('',(-1.27,-2.794,0.0));
#4443=VECTOR('',#4954,1.0);
#4444=CARTESIAN_POINT('',(-2.6924,-2.794,4.21639999999999));
#4445=CARTESIAN_POINT('',(1.905,-2.79399999999999,4.21639999999999));
#4446=VECTOR('',#4955,1.0);
#4447=CARTESIAN_POINT('',(-2.6924,-2.794,5.1054));
#4448=CARTESIAN_POINT('',(-2.6924,-2.794,0.0));
#4449=VECTOR('',#4956,1.0);
#4450=CARTESIAN_POINT('',(-5.2324,-2.794,5.1054));
#4451=CARTESIAN_POINT('',(-1.0287,-2.794,5.1054));
#4452=VECTOR('',#4957,1.0);
#4453=CARTESIAN_POINT('',(-5.2324,-2.794,4.21639999999999));
#4454=CARTESIAN_POINT('',(-5.2324,-2.794,0.0));
#4455=VECTOR('',#4958,1.0);
#4456=CARTESIAN_POINT('',(-6.6548,-2.794,4.21639999999999));
#4457=CARTESIAN_POINT('',(1.905,-2.79399999999999,4.21639999999999));
#4458=VECTOR('',#4959,1.0);
#4459=CARTESIAN_POINT('',(-6.6548,-2.794,5.1054));
#4460=CARTESIAN_POINT('',(-6.6548,-2.794,0.0));
#4461=VECTOR('',#4960,1.0);
#4462=CARTESIAN_POINT('',(-9.1948,-2.794,5.1054));
#4463=CARTESIAN_POINT('',(-3.0099,-2.794,5.1054));
#4464=VECTOR('',#4961,1.0);
#4465=CARTESIAN_POINT('',(-9.1948,-2.794,4.21639999999999));
#4466=CARTESIAN_POINT('',(-9.1948,-2.794,0.0));
#4467=VECTOR('',#4962,1.0);
#4468=CARTESIAN_POINT('',(1.905,-2.79399999999999,4.21639999999999));
#4469=VECTOR('',#4963,1.0);
#4470=COLOUR_RGB('',0.976470589637756,0.976470589637756,0.976470589637756);
#4471=CARTESIAN_POINT('',(0.0,-1.52400000000001,-4.90220000000003));
#4472=CARTESIAN_POINT('',(1.905,-1.52400000000001,-4.90220000000003));
#4473=VECTOR('',#4964,1.0);
#4474=AXIS2_PLACEMENT_3D('',#4965,#4966,#4967);
#4475=CARTESIAN_POINT('',(-1.27,-3.302,-3.12420000000003));
#4476=AXIS2_PLACEMENT_3D('',#4968,#4969,#4970);
#4477=CARTESIAN_POINT('',(-2.6924,-3.302,-3.12420000000003));
#4478=CARTESIAN_POINT('',(1.905,-3.302,-3.12420000000003));
#4479=VECTOR('',#4971,1.0);
#4480=AXIS2_PLACEMENT_3D('',#4972,#4973,#4974);
#4481=CARTESIAN_POINT('',(-5.2324,-3.302,-3.12420000000003));
#4482=AXIS2_PLACEMENT_3D('',#4975,#4976,#4977);
#4483=CARTESIAN_POINT('',(-6.6548,-3.302,-3.12420000000003));
#4484=CARTESIAN_POINT('',(1.905,-3.302,-3.12420000000003));
#4485=VECTOR('',#4978,1.0);
#4486=AXIS2_PLACEMENT_3D('',#4979,#4980,#4981);
#4487=COLOUR_RGB('',0.976470589637756,0.976470589637756,0.976470589637756);
#4488=CARTESIAN_POINT('',(0.0,8.02639999999999,-4.90220000000002));
#4489=CARTESIAN_POINT('',(1.905,8.02639999999999,-4.90220000000002));
#4490=VECTOR('',#4982,1.0);
#4491=CARTESIAN_POINT('',(-1.77635683940025E-15,2.92459999999999,-4.90220000000002));
#4492=VECTOR('',#4983,1.0);
#4493=COLOUR_RGB('',0.976470589637756,0.976470589637756,0.976470589637756);
#4494=CARTESIAN_POINT('',(0.0,8.02639999999999,-4.26720000000003));
#4495=CARTESIAN_POINT('',(1.905,8.02639999999999,-4.26720000000003));
#4496=VECTOR('',#4984,1.0);
#4497=CARTESIAN_POINT('',(-1.77635683940025E-15,8.02639999999999,-5.38290000000001));
#4498=VECTOR('',#4985,1.0);
#4499=COLOUR_RGB('',0.976470589637756,0.976470589637756,0.976470589637756);
#4500=CARTESIAN_POINT('',(0.0,2.66453525910038E-15,-1.1811));
#4501=CARTESIAN_POINT('',(0.0,2.598,-1.1811));
#4502=VECTOR('',#4986,1.0);
#4503=CARTESIAN_POINT('',(1.905,-7.54951656745106E-15,-1.18110000000001));
#4504=CARTESIAN_POINT('',(1.905,-7.54951656745106E-15,-1.18110000000001));
#4505=VECTOR('',#4987,1.0);
#4506=CARTESIAN_POINT('',(1.905,1.62297116323272,-1.18110000000001));
#4507=VECTOR('',#4988,1.0);
#4508=COLOUR_RGB('',0.976470589637756,0.976470589637756,0.976470589637756);
#4509=CARTESIAN_POINT('',(0.0,5.82542922798032,-2.54761317145892));
#4510=CARTESIAN_POINT('',(-1.77635683940025E-15,6.25500735010727,-2.8832363837386));
#4511=VECTOR('',#4989,1.0);
#4512=CARTESIAN_POINT('',(0.0,5.43448419114957,-2.413));
#4513=AXIS2_PLACEMENT_3D('',#4990,#4991,#4992);
#4514=CARTESIAN_POINT('',(0.0,5.25819000327891,-2.41300000000004));
#4515=CARTESIAN_POINT('',(-1.77635683940025E-15,3.97216854860712,-2.41300000000004));
#4516=VECTOR('',#4993,1.0);
#4517=CARTESIAN_POINT('',(0.0,4.80917719722543,-2.59898719394656));
#4518=AXIS2_PLACEMENT_3D('',#4994,#4995,#4996);
#4519=CARTESIAN_POINT('',(0.0,3.51293877906394,-3.89522561210623));
#4520=CARTESIAN_POINT('',(-1.77635683940025E-15,3.03679509186466,-4.37136929930551));
#4521=VECTOR('',#4997,1.0);
#4522=CARTESIAN_POINT('',(0.0,2.61491316695773,-4.26719999999999));
#4523=AXIS2_PLACEMENT_3D('',#4998,#4999,#5000);
#4524=CARTESIAN_POINT('',(0.0,-0.941086833042285,-4.26720000000003));
#4525=CARTESIAN_POINT('',(-1.77635683940025E-15,1.71745658347886,-4.26720000000003));
#4526=VECTOR('',#5001,1.0);
#4527=CARTESIAN_POINT('',(0.0,-1.4612483811655,-3.26797896291668));
#4528=AXIS2_PLACEMENT_3D('',#5002,#5003,#5004);
#4529=CARTESIAN_POINT('',(-1.77635683940025E-15,-1.11256995436381,-2.77001456268538));
#4530=VECTOR('',#5005,1.0);
#4531=COLOUR_RGB('',0.976470589637756,0.976470589637756,0.976470589637756);
#4532=CARTESIAN_POINT('',(1.905,5.82542922798032,-2.54761317145892));
#4533=VECTOR('',#5006,1.0);
#4534=COLOUR_RGB('',0.976470589637756,0.976470589637756,0.976470589637756);
#4535=CARTESIAN_POINT('',(1.905,-7.54951656745106E-15,5.1054));
#4536=CARTESIAN_POINT('',(1.905,-7.54951656745106E-15,-1.18110000000001));
#4537=VECTOR('',#5007,1.0);
#4538=CARTESIAN_POINT('',(1.905,-1.778,5.1054));
#4539=CARTESIAN_POINT('',(1.905,-7.54951656745106E-15,5.1054));
#4540=VECTOR('',#5008,1.0);
#4541=CARTESIAN_POINT('',(1.905,-2.08070541251889,4.85139999999998));
#4542=CARTESIAN_POINT('',(1.905,-1.778,5.1054));
#4543=VECTOR('',#5009,0.999999999999999);
#4544=CARTESIAN_POINT('',(1.905,-2.4363054125189,4.85139999999998));
#4545=CARTESIAN_POINT('',(1.905,-2.08070541251889,4.85139999999998));
#4546=VECTOR('',#5010,1.0);
#4547=CARTESIAN_POINT('',(1.905,-2.4363054125189,5.1054));
#4548=CARTESIAN_POINT('',(1.905,-2.4363054125189,4.85139999999998));
#4549=VECTOR('',#5011,1.0);
#4550=CARTESIAN_POINT('',(1.905,-3.302,5.1054));
#4551=CARTESIAN_POINT('',(1.905,-2.4363054125189,5.1054));
#4552=VECTOR('',#5012,1.0);
#4553=CARTESIAN_POINT('',(1.905,-3.302,4.21639999999999));
#4554=CARTESIAN_POINT('',(1.905,-3.302,5.1054));
#4555=VECTOR('',#5013,1.0);
#4556=CARTESIAN_POINT('',(1.905,-3.302,4.21639999999999));
#4557=VECTOR('',#5014,1.0);
#4558=COLOUR_RGB('',0.976470589637756,0.976470589637756,0.976470589637756);
#4559=CARTESIAN_POINT('',(-9.1948,-3.302,4.21639999999999));
#4560=CARTESIAN_POINT('',(-9.1948,-3.073,4.21639999999999));
#4561=VECTOR('',#5015,1.0);
#4562=CARTESIAN_POINT('',(-9.1948,-3.302,5.1054));
#4563=CARTESIAN_POINT('',(-9.1948,-2.98357635312972,5.1054));
#4564=VECTOR('',#5016,1.0);
#4565=CARTESIAN_POINT('',(-9.1948,-3.302,2.33045));
#4566=VECTOR('',#5017,1.0);
#4567=COLOUR_RGB('',0.976470589637756,0.976470589637756,0.976470589637756);
#4568=CARTESIAN_POINT('',(-6.6548,-3.302,4.21639999999999));
#4569=CARTESIAN_POINT('',(-6.6548,-3.073,4.21639999999999));
#4570=VECTOR('',#5018,1.0);
#4571=CARTESIAN_POINT('',(-6.6548,-3.302,5.1054));
#4572=CARTESIAN_POINT('',(-6.6548,-3.302,2.33045));
#4573=VECTOR('',#5019,1.0);
#4574=CARTESIAN_POINT('',(-6.6548,-2.98357635312972,5.1054));
#4575=VECTOR('',#5020,1.0);
#4576=COLOUR_RGB('',0.976470589637756,0.976470589637756,0.976470589637756);
#4577=CARTESIAN_POINT('',(-6.6548,-3.302,-1.18110000000001));
#4578=CARTESIAN_POINT('',(-6.6548,-3.302,-1.07632500000001));
#4579=VECTOR('',#5021,1.0);
#4580=CARTESIAN_POINT('',(-6.6548,-3.073,-1.18110000000001));
#4581=VECTOR('',#5022,1.0);
#4582=COLOUR_RGB('',0.976470589637756,0.976470589637756,0.976470589637756);
#4583=CARTESIAN_POINT('',(-5.2324,-3.302,-1.18110000000001));
#4584=CARTESIAN_POINT('',(-5.2324,-3.302,-1.07632500000001));
#4585=VECTOR('',#5023,1.0);
#4586=CARTESIAN_POINT('',(1.905,-3.302,-1.18110000000001));
#4587=VECTOR('',#5024,1.0);
#4588=COLOUR_RGB('',0.976470589637756,0.976470589637756,0.976470589637756);
#4589=CARTESIAN_POINT('',(-5.2324,-3.073,-1.18110000000001));
#4590=VECTOR('',#5025,1.0);
#4591=COLOUR_RGB('',0.976470589637756,0.976470589637756,0.976470589637756);
#4592=CARTESIAN_POINT('',(-5.2324,-3.302,5.1054));
#4593=CARTESIAN_POINT('',(1.905,-3.302,5.1054));
#4594=VECTOR('',#5026,1.0);
#4595=CARTESIAN_POINT('',(-5.2324,-2.98357635312972,5.1054));
#4596=VECTOR('',#5027,1.0);
#4597=CARTESIAN_POINT('',(-2.6924,-3.302,5.1054));
#4598=CARTESIAN_POINT('',(-2.6924,-2.98357635312972,5.1054));
#4599=VECTOR('',#5028,1.0);
#4600=CARTESIAN_POINT('',(-1.27,-3.302,5.1054));
#4601=CARTESIAN_POINT('',(1.905,-3.302,5.1054));
#4602=VECTOR('',#5029,1.0);
#4603=CARTESIAN_POINT('',(-1.27,-2.98357635312972,5.1054));
#4604=VECTOR('',#5030,1.0);
#4605=CARTESIAN_POINT('',(1.27,-3.302,5.1054));
#4606=CARTESIAN_POINT('',(1.27,-2.98357635312972,5.1054));
#4607=VECTOR('',#5031,1.0);
#4608=CARTESIAN_POINT('',(1.905,-3.302,5.1054));
#4609=VECTOR('',#5032,1.0);
#4610=CARTESIAN_POINT('',(1.905,-2.4363054125189,5.1054));
#4611=VECTOR('',#5033,1.0);
#4612=CARTESIAN_POINT('',(1.905,-3.302,5.1054));
#4613=VECTOR('',#5034,1.0);
#4614=COLOUR_RGB('',0.976470589637756,0.976470589637756,0.976470589637756);
#4615=CARTESIAN_POINT('',(-5.2324,-3.302,4.21639999999999));
#4616=CARTESIAN_POINT('',(-5.2324,-3.073,4.21639999999999));
#4617=VECTOR('',#5035,1.0);
#4618=CARTESIAN_POINT('',(1.905,-3.302,4.21639999999999));
#4619=VECTOR('',#5036,1.0);
#4620=COLOUR_RGB('',0.976470589637756,0.976470589637756,0.976470589637756);
#4621=CARTESIAN_POINT('',(-5.2324,-3.302,2.33045));
#4622=VECTOR('',#5037,1.0);
#4623=COLOUR_RGB('',0.976470589637756,0.976470589637756,0.976470589637756);
#4624=CARTESIAN_POINT('',(1.905,-3.302,4.21639999999999));
#4625=VECTOR('',#5038,1.0);
#4626=COLOUR_RGB('',0.976470589637756,0.976470589637756,0.976470589637756);
#4627=CARTESIAN_POINT('',(-2.6924,-3.302,4.21639999999999));
#4628=CARTESIAN_POINT('',(-2.6924,-3.073,4.21639999999999));
#4629=VECTOR('',#5039,1.0);
#4630=CARTESIAN_POINT('',(-2.6924,-3.302,2.33045));
#4631=VECTOR('',#5040,1.0);
#4632=COLOUR_RGB('',0.976470589637756,0.976470589637756,0.976470589637756);
#4633=COLOUR_RGB('',0.976470589637756,0.976470589637756,0.976470589637756);
#4634=COLOUR_RGB('',0.976470589637756,0.976470589637756,0.976470589637756);
#4635=CARTESIAN_POINT('',(-2.6924,-3.302,-1.18110000000001));
#4636=CARTESIAN_POINT('',(-2.6924,-3.302,-1.07632500000001));
#4637=VECTOR('',#5041,1.0);
#4638=CARTESIAN_POINT('',(-2.6924,-3.073,-1.18110000000001));
#4639=VECTOR('',#5042,1.0);
#4640=COLOUR_RGB('',0.976470589637756,0.976470589637756,0.976470589637756);
#4641=CARTESIAN_POINT('',(-1.27,-3.302,4.21639999999999));
#4642=CARTESIAN_POINT('',(1.905,-3.302,4.21639999999999));
#4643=VECTOR('',#5043,1.0);
#4644=CARTESIAN_POINT('',(-1.27,-3.302,2.33045));
#4645=VECTOR('',#5044,1.0);
#4646=COLOUR_RGB('',0.976470589637756,0.976470589637756,0.976470589637756);
#4647=COLOUR_RGB('',0.976470589637756,0.976470589637756,0.976470589637756);
#4648=CARTESIAN_POINT('',(-1.27,-3.073,4.21639999999999));
#4649=VECTOR('',#5045,1.0);
#4650=COLOUR_RGB('',0.976470589637756,0.976470589637756,0.976470589637756);
#4651=CARTESIAN_POINT('',(1.27,-3.302,4.21639999999999));
#4652=CARTESIAN_POINT('',(1.27,-3.073,4.21639999999999));
#4653=VECTOR('',#5046,1.0);
#4654=CARTESIAN_POINT('',(1.27,-3.302,2.33045));
#4655=VECTOR('',#5047,1.0);
#4656=COLOUR_RGB('',0.976470589637756,0.976470589637756,0.976470589637756);
#4657=COLOUR_RGB('',0.976470589637756,0.976470589637756,0.976470589637756);
#4658=CARTESIAN_POINT('',(-1.27,-3.302,-1.18110000000001));
#4659=CARTESIAN_POINT('',(-1.27,-3.073,-1.18110000000001));
#4660=VECTOR('',#5048,1.0);
#4661=CARTESIAN_POINT('',(-1.27,-3.302,-1.07632500000001));
#4662=VECTOR('',#5049,1.0);
#4663=COLOUR_RGB('',0.976470589637756,0.976470589637756,0.976470589637756);
#4664=CARTESIAN_POINT('',(1.905,-3.302,-1.18110000000001));
#4665=VECTOR('',#5050,1.0);
#4666=COLOUR_RGB('',0.976470589637756,0.976470589637756,0.976470589637756);
#4667=COLOUR_RGB('',0.976470589637756,0.976470589637756,0.976470589637756);
#4668=CARTESIAN_POINT('',(1.905,-3.302,4.21639999999999));
#4669=VECTOR('',#5051,1.0);
#4670=COLOUR_RGB('',0.976470589637756,0.976470589637756,0.976470589637756);
#4671=CARTESIAN_POINT('',(1.905,5.43448419114957,-2.413));
#4672=VECTOR('',#5052,1.0);
#4673=COLOUR_RGB('',0.976470589637756,0.976470589637756,0.976470589637756);
#4674=CARTESIAN_POINT('',(1.905,5.25819000327891,-2.41300000000004));
#4675=VECTOR('',#5053,1.0);
#4676=COLOUR_RGB('',0.976470589637756,0.976470589637756,0.976470589637756);
#4677=CARTESIAN_POINT('',(1.905,4.80917719722543,-2.59898719394656));
#4678=VECTOR('',#5054,1.0);
#4679=COLOUR_RGB('',0.976470589637756,0.976470589637756,0.976470589637756);
#4680=CARTESIAN_POINT('',(1.905,3.51293877906394,-3.89522561210623));
#4681=VECTOR('',#5055,1.0);
#4682=COLOUR_RGB('',0.976470589637756,0.976470589637756,0.976470589637756);
#4683=CARTESIAN_POINT('',(1.905,2.61491316695773,-4.26719999999999));
#4684=VECTOR('',#5056,1.0);
#4685=COLOUR_RGB('',0.976470589637756,0.976470589637756,0.976470589637756);
#4686=CARTESIAN_POINT('',(1.905,-0.941086833042285,-4.26720000000003));
#4687=VECTOR('',#5057,1.0);
#4688=COLOUR_RGB('',0.976470589637756,0.976470589637756,0.976470589637756);
#4689=CARTESIAN_POINT('',(1.905,-1.4612483811655,-3.26797896291668));
#4690=VECTOR('',#5058,1.0);
#4691=COLOUR_RGB('',0.976470589637756,0.976470589637756,0.976470589637756);
#4692=CARTESIAN_POINT('',(1.905,-7.54951656745106E-15,-1.18110000000001));
#4693=VECTOR('',#5059,1.0);
#4694=COLOUR_RGB('',0.976470589637756,0.976470589637756,0.976470589637756);
#4695=CARTESIAN_POINT('',(1.905,-7.54951656745106E-15,5.1054));
#4696=VECTOR('',#5060,1.0);
#4697=COLOUR_RGB('',0.976470589637756,0.976470589637756,0.976470589637756);
#4698=CARTESIAN_POINT('',(1.905,-1.778,5.1054));
#4699=VECTOR('',#5061,1.0);
#4700=COLOUR_RGB('',0.976470589637756,0.976470589637756,0.976470589637756);
#4701=CARTESIAN_POINT('',(1.905,-2.08070541251889,4.85139999999998));
#4702=VECTOR('',#5062,1.0);
#4703=COLOUR_RGB('',0.976470589637756,0.976470589637756,0.976470589637756);
#4704=CARTESIAN_POINT('',(1.905,-2.4363054125189,4.85139999999998));
#4705=VECTOR('',#5063,1.0);
#4706=COLOUR_RGB('',0.976470589637756,0.976470589637756,0.976470589637756);
#4707=COLOUR_RGB('',0.976470589637756,0.976470589637756,0.976470589637756);
#4708=DIRECTION('',(0.0,0.0,1.0));
#4709=DIRECTION('',(1.22464679914735E-16,1.0,0.0));
#4710=DIRECTION('',(0.0,0.0,1.0));
#4711=DIRECTION('',(-1.22464679914735E-16,-1.0,0.0));
#4712=DIRECTION('',(-1.0,0.0,0.0));
#4713=DIRECTION('',(-1.22464679914735E-16,-1.0,0.0));
#4714=CARTESIAN_POINT('',(-8.86106697960484,-5.76292350670147,-0.5588));
#4715=DIRECTION('',(0.0,0.0,-1.0));
#4716=DIRECTION('',(-1.0,1.22464679914735E-16,0.0));
#4717=DIRECTION('',(-1.0,1.22464679914735E-16,0.0));
#4718=CARTESIAN_POINT('',(-6.98853302039516,-5.76292350670147,-0.5588));
#4719=DIRECTION('',(0.0,0.0,-1.0));
#4720=DIRECTION('',(-1.0,1.22464679914735E-16,0.0));
#4721=DIRECTION('',(1.0,-1.22464679914735E-16,-6.12323399573676E-17));
#4722=DIRECTION('',(0.0,0.0,1.0));
#4723=DIRECTION('',(0.0,0.0,1.0));
#4724=CARTESIAN_POINT('',(-6.98853302039516,-5.76292350670147,0.5588));
#4725=DIRECTION('',(0.0,0.0,1.0));
#4726=DIRECTION('',(-1.0,1.22464679914735E-16,0.0));
#4727=DIRECTION('',(0.0,0.0,-1.0));
#4728=CARTESIAN_POINT('',(-8.86106697960484,-5.76292350670147,0.5588));
#4729=DIRECTION('',(0.0,0.0,1.0));
#4730=DIRECTION('',(-1.0,1.22464679914735E-16,0.0));
#4731=DIRECTION('',(-0.0,-0.0,-1.0));
#4732=DIRECTION('',(1.22464679914735E-16,1.0,0.0));
#4733=DIRECTION('',(1.0,0.0,0.0));
#4734=DIRECTION('',(0.0,0.0,1.0));
#4735=DIRECTION('',(1.22464679914735E-16,1.0,0.0));
#4736=DIRECTION('',(0.0,0.0,1.0));
#4737=DIRECTION('',(-1.22464679914735E-16,-1.0,0.0));
#4738=DIRECTION('',(-1.0,0.0,0.0));
#4739=DIRECTION('',(-1.22464679914735E-16,-1.0,0.0));
#4740=CARTESIAN_POINT('',(-4.89866697960484,-5.76292350670147,-0.5588));
#4741=DIRECTION('',(0.0,0.0,-1.0));
#4742=DIRECTION('',(-1.0,1.22464679914735E-16,0.0));
#4743=DIRECTION('',(-1.0,1.22464679914735E-16,0.0));
#4744=CARTESIAN_POINT('',(-3.02613302039516,-5.76292350670147,-0.5588));
#4745=DIRECTION('',(0.0,0.0,-1.0));
#4746=DIRECTION('',(-1.0,1.22464679914735E-16,0.0));
#4747=DIRECTION('',(1.0,-1.22464679914735E-16,-6.12323399573676E-17));
#4748=DIRECTION('',(0.0,0.0,1.0));
#4749=DIRECTION('',(0.0,0.0,1.0));
#4750=CARTESIAN_POINT('',(-3.02613302039516,-5.76292350670147,0.5588));
#4751=DIRECTION('',(0.0,0.0,1.0));
#4752=DIRECTION('',(-1.0,1.22464679914735E-16,0.0));
#4753=DIRECTION('',(0.0,0.0,-1.0));
#4754=CARTESIAN_POINT('',(-4.89866697960484,-5.76292350670147,0.5588));
#4755=DIRECTION('',(0.0,0.0,1.0));
#4756=DIRECTION('',(-1.0,1.22464679914735E-16,0.0));
#4757=DIRECTION('',(-0.0,-0.0,-1.0));
#4758=DIRECTION('',(1.22464679914735E-16,1.0,0.0));
#4759=DIRECTION('',(1.0,0.0,0.0));
#4760=DIRECTION('',(0.0,0.0,1.0));
#4761=DIRECTION('',(1.22464679914735E-16,1.0,0.0));
#4762=DIRECTION('',(0.0,0.0,1.0));
#4763=DIRECTION('',(-1.22464679914735E-16,-1.0,0.0));
#4764=DIRECTION('',(-1.0,0.0,0.0));
#4765=DIRECTION('',(-1.22464679914735E-16,-1.0,0.0));
#4766=CARTESIAN_POINT('',(-0.936266979604842,-5.76292350670147,-0.5588));
#4767=DIRECTION('',(0.0,0.0,-1.0));
#4768=DIRECTION('',(-1.0,1.22464679914735E-16,0.0));
#4769=DIRECTION('',(-1.0,1.22464679914735E-16,0.0));
#4770=CARTESIAN_POINT('',(0.936266979604838,-5.76292350670147,-0.5588));
#4771=DIRECTION('',(0.0,0.0,-1.0));
#4772=DIRECTION('',(-1.0,1.22464679914735E-16,0.0));
#4773=DIRECTION('',(1.0,-1.22464679914735E-16,-6.12323399573676E-17));
#4774=DIRECTION('',(0.0,0.0,1.0));
#4775=DIRECTION('',(0.0,0.0,1.0));
#4776=CARTESIAN_POINT('',(0.936266979604838,-5.76292350670147,0.5588));
#4777=DIRECTION('',(0.0,0.0,1.0));
#4778=DIRECTION('',(-1.0,1.22464679914735E-16,0.0));
#4779=DIRECTION('',(0.0,0.0,-1.0));
#4780=CARTESIAN_POINT('',(-0.936266979604842,-5.76292350670147,0.5588));
#4781=DIRECTION('',(0.0,0.0,1.0));
#4782=DIRECTION('',(-1.0,1.22464679914735E-16,0.0));
#4783=DIRECTION('',(-0.0,-0.0,-1.0));
#4784=DIRECTION('',(1.22464679914735E-16,1.0,0.0));
#4785=DIRECTION('',(1.0,0.0,0.0));
#4786=DIRECTION('',(0.0,0.0,1.0));
#4787=DIRECTION('',(5.7773964854735E-17,1.0,0.0));
#4788=DIRECTION('',(0.0,0.0,1.0));
#4789=DIRECTION('',(-5.7773964854735E-17,-1.0,-0.0));
#4790=DIRECTION('',(1.0,0.0,0.0));
#4791=DIRECTION('',(-5.7773964854735E-17,-1.0,0.0));
#4792=CARTESIAN_POINT('',(-6.98853302039516,10.3349235067015,-0.5588));
#4793=DIRECTION('',(0.0,0.0,-1.0));
#4794=DIRECTION('',(1.0,0.0,0.0));
#4795=DIRECTION('',(1.0,0.0,0.0));
#4796=CARTESIAN_POINT('',(-8.86106697960484,10.3349235067015,-0.5588));
#4797=DIRECTION('',(0.0,0.0,-1.0));
#4798=DIRECTION('',(1.0,0.0,0.0));
#4799=DIRECTION('',(-1.0,0.0,-6.12323399573676E-17));
#4800=DIRECTION('',(0.0,0.0,1.0));
#4801=DIRECTION('',(0.0,0.0,1.0));
#4802=CARTESIAN_POINT('',(-8.86106697960484,10.3349235067015,0.5588));
#4803=DIRECTION('',(0.0,0.0,1.0));
#4804=DIRECTION('',(1.0,0.0,0.0));
#4805=DIRECTION('',(0.0,0.0,-1.0));
#4806=CARTESIAN_POINT('',(-6.98853302039516,10.3349235067015,0.5588));
#4807=DIRECTION('',(0.0,0.0,1.0));
#4808=DIRECTION('',(1.0,0.0,0.0));
#4809=DIRECTION('',(-1.0,0.0,0.0));
#4810=DIRECTION('',(5.7773964854735E-17,1.0,0.0));
#4811=DIRECTION('',(0.0,0.0,-1.0));
#4812=DIRECTION('',(0.0,0.0,1.0));
#4813=DIRECTION('',(5.7773964854735E-17,1.0,0.0));
#4814=DIRECTION('',(0.0,0.0,1.0));
#4815=DIRECTION('',(-5.7773964854735E-17,-1.0,-0.0));
#4816=DIRECTION('',(1.0,0.0,0.0));
#4817=DIRECTION('',(-5.7773964854735E-17,-1.0,0.0));
#4818=CARTESIAN_POINT('',(-3.02613302039516,10.3349235067015,-0.5588));
#4819=DIRECTION('',(0.0,0.0,-1.0));
#4820=DIRECTION('',(1.0,0.0,0.0));
#4821=DIRECTION('',(1.0,0.0,0.0));
#4822=CARTESIAN_POINT('',(-4.89866697960484,10.3349235067015,-0.5588));
#4823=DIRECTION('',(0.0,0.0,-1.0));
#4824=DIRECTION('',(1.0,0.0,0.0));
#4825=DIRECTION('',(-1.0,0.0,-6.12323399573676E-17));
#4826=DIRECTION('',(0.0,0.0,1.0));
#4827=DIRECTION('',(0.0,0.0,1.0));
#4828=CARTESIAN_POINT('',(-4.89866697960484,10.3349235067015,0.5588));
#4829=DIRECTION('',(0.0,0.0,1.0));
#4830=DIRECTION('',(1.0,0.0,0.0));
#4831=DIRECTION('',(0.0,0.0,-1.0));
#4832=CARTESIAN_POINT('',(-3.02613302039516,10.3349235067015,0.5588));
#4833=DIRECTION('',(0.0,0.0,1.0));
#4834=DIRECTION('',(1.0,0.0,0.0));
#4835=DIRECTION('',(-1.0,0.0,0.0));
#4836=DIRECTION('',(5.7773964854735E-17,1.0,0.0));
#4837=DIRECTION('',(0.0,0.0,-1.0));
#4838=DIRECTION('',(0.0,0.0,1.0));
#4839=DIRECTION('',(5.7773964854735E-17,1.0,0.0));
#4840=DIRECTION('',(0.0,0.0,1.0));
#4841=DIRECTION('',(-5.7773964854735E-17,-1.0,-0.0));
#4842=DIRECTION('',(1.0,0.0,0.0));
#4843=DIRECTION('',(-5.7773964854735E-17,-1.0,0.0));
#4844=CARTESIAN_POINT('',(0.93626697960484,10.3349235067015,-0.5588));
#4845=DIRECTION('',(0.0,0.0,-1.0));
#4846=DIRECTION('',(1.0,0.0,0.0));
#4847=DIRECTION('',(1.0,0.0,0.0));
#4848=CARTESIAN_POINT('',(-0.936266979604838,10.3349235067015,-0.5588));
#4849=DIRECTION('',(0.0,0.0,-1.0));
#4850=DIRECTION('',(1.0,0.0,0.0));
#4851=DIRECTION('',(-1.0,0.0,-6.12323399573676E-17));
#4852=DIRECTION('',(0.0,0.0,1.0));
#4853=DIRECTION('',(0.0,0.0,1.0));
#4854=CARTESIAN_POINT('',(-0.936266979604838,10.3349235067015,0.5588));
#4855=DIRECTION('',(0.0,0.0,1.0));
#4856=DIRECTION('',(1.0,0.0,0.0));
#4857=DIRECTION('',(0.0,0.0,-1.0));
#4858=CARTESIAN_POINT('',(0.93626697960484,10.3349235067015,0.5588));
#4859=DIRECTION('',(0.0,0.0,1.0));
#4860=DIRECTION('',(1.0,0.0,0.0));
#4861=DIRECTION('',(-1.0,0.0,0.0));
#4862=DIRECTION('',(5.7773964854735E-17,1.0,0.0));
#4863=DIRECTION('',(0.0,0.0,-1.0));
#4864=DIRECTION('',(0.0,0.0,1.0));
#4865=DIRECTION('',(0.0,1.0,6.12323399573676E-17));
#4866=DIRECTION('',(0.0,-6.12323399573676E-17,1.0));
#4867=DIRECTION('',(0.0,1.0,6.12323399573676E-17));
#4868=DIRECTION('',(-1.0,0.0,0.0));
#4869=DIRECTION('',(-1.0,0.0,0.0));
#4870=DIRECTION('',(0.0,1.0,6.12323399573676E-17));
#4871=DIRECTION('',(0.0,0.0,-1.0));
#4872=DIRECTION('',(0.0,6.12323399573676E-17,-1.0));
#4873=DIRECTION('',(0.0,1.0,6.12323399573676E-17));
#4874=DIRECTION('',(-1.0,0.0,0.0));
#4875=DIRECTION('',(-1.0,0.0,0.0));
#4876=DIRECTION('',(0.0,1.0,6.12323399573676E-17));
#4877=DIRECTION('',(0.0,0.0,-1.0));
#4878=DIRECTION('',(0.0,6.12323399573676E-17,-1.0));
#4879=DIRECTION('',(0.0,1.0,6.12323399573676E-17));
#4880=DIRECTION('',(1.0,0.0,0.0));
#4881=DIRECTION('',(1.0,0.0,0.0));
#4882=DIRECTION('',(0.0,1.0,6.12323399573676E-17));
#4883=DIRECTION('',(0.980580675690919,0.0,-0.19611613513819));
#4884=DIRECTION('',(0.980580675690919,1.20086498579067E-17,-0.19611613513819));
#4885=DIRECTION('',(0.0,1.0,6.12323399573676E-17));
#4886=DIRECTION('',(0.948683298050477,0.0,-0.316227766016949));
#4887=DIRECTION('',(0.948683298050477,1.93633660727088E-17,-0.316227766016949));
#4888=DIRECTION('',(0.0,1.0,6.12323399573676E-17));
#4889=DIRECTION('',(0.894427190999951,0.0,-0.447213595499888));
#4890=DIRECTION('',(0.894427190999951,2.73839349132058E-17,-0.447213595499888));
#4891=DIRECTION('',(0.0,1.0,6.12323399573676E-17));
#4892=DIRECTION('',(0.707106781186515,0.0,-0.707106781186581));
#4893=DIRECTION('',(0.707106781186515,4.32978028117767E-17,-0.707106781186581));
#4894=DIRECTION('',(0.0,1.0,6.12323399573676E-17));
#4895=DIRECTION('',(0.599999999999968,0.0,-0.800000000000024));
#4896=DIRECTION('',(0.599999999999968,4.89858719658956E-17,-0.800000000000024));
#4897=DIRECTION('',(0.0,1.0,6.12323399573676E-17));
#4898=DIRECTION('',(0.316227766016859,0.0,-0.948683298050507));
#4899=DIRECTION('',(0.316227766016859,5.80900982181054E-17,-0.948683298050507));
#4900=DIRECTION('',(0.0,1.0,6.12323399573676E-17));
#4901=DIRECTION('',(1.0,0.0,0.0));
#4902=DIRECTION('',(1.0,0.0,0.0));
#4903=DIRECTION('',(-1.0,0.0,6.12323399573676E-17));
#4904=DIRECTION('',(0.0,1.0,0.0));
#4905=DIRECTION('',(-1.0,0.0,6.12323399573676E-17));
#4906=DIRECTION('',(0.0,-1.0,0.0));
#4907=DIRECTION('',(0.0,0.573576436351159,0.819152044288913));
#4908=CARTESIAN_POINT('',(-7.9248,-0.941086833042285,-3.63220000000001));
#4909=DIRECTION('',(-1.0,0.0,0.0));
#4910=DIRECTION('',(0.0,0.0,1.0));
#4911=DIRECTION('',(0.0,-1.0,0.0));
#4912=CARTESIAN_POINT('',(-7.9248,2.61491316695773,-2.99719999999999));
#4913=DIRECTION('',(-1.0,0.0,0.0));
#4914=DIRECTION('',(0.0,0.0,1.0));
#4915=DIRECTION('',(-0.0,-0.707106781186548,-0.707106781186548));
#4916=CARTESIAN_POINT('',(-7.9248,5.25819000327891,-3.048));
#4917=DIRECTION('',(1.0,0.0,-0.0));
#4918=DIRECTION('',(0.0,0.0,1.0));
#4919=DIRECTION('',(0.0,-1.0,0.0));
#4920=CARTESIAN_POINT('',(-7.9248,5.43448419114957,-3.048));
#4921=DIRECTION('',(1.0,0.0,-0.0));
#4922=DIRECTION('',(0.0,0.0,1.0));
#4923=DIRECTION('',(0.0,-0.788010753606592,0.615661475325824));
#4924=DIRECTION('',(0.0,0.0,1.0));
#4925=DIRECTION('',(0.0,1.0,0.0));
#4926=CARTESIAN_POINT('',(-7.9248,-1.52400000000001,-3.12420000000003));
#4927=DIRECTION('',(1.0,0.0,-0.0));
#4928=DIRECTION('',(0.0,0.0,1.0));
#4929=DIRECTION('',(-0.0,-0.0,-1.0));
#4930=DIRECTION('',(-6.12323399573676E-17,-0.0,-1.0));
#4931=DIRECTION('',(0.0,1.0,0.0));
#4932=DIRECTION('',(-6.12323399573676E-17,0.0,-1.0));
#4933=DIRECTION('',(0.0,-1.0,0.0));
#4934=DIRECTION('',(6.12323399573676E-17,0.0,1.0));
#4935=DIRECTION('',(0.0,-1.0,0.0));
#4936=DIRECTION('',(-3.93593894367147E-17,-0.766044443118913,-0.642787609686617));
#4937=DIRECTION('',(0.0,-1.0,0.0));
#4938=DIRECTION('',(6.12323399573676E-17,0.0,1.0));
#4939=DIRECTION('',(-1.0,0.0,6.12323399573676E-17));
#4940=DIRECTION('',(0.0,0.0,-1.0));
#4941=DIRECTION('',(-1.0,0.0,6.12323399573676E-17));
#4942=DIRECTION('',(0.0,0.0,-1.0));
#4943=DIRECTION('',(-1.0,0.0,6.12323399573676E-17));
#4944=DIRECTION('',(0.0,0.0,-1.0));
#4945=DIRECTION('',(-1.0,0.0,6.12323399573676E-17));
#4946=DIRECTION('',(0.0,0.0,-1.0));
#4947=DIRECTION('',(-1.0,0.0,6.12323399573676E-17));
#4948=DIRECTION('',(0.0,0.0,1.0));
#4949=DIRECTION('',(1.0,0.0,0.0));
#4950=DIRECTION('',(6.12323399573676E-17,0.0,1.0));
#4951=DIRECTION('',(-1.0,0.0,6.12323399573676E-17));
#4952=DIRECTION('',(0.0,0.0,-1.0));
#4953=DIRECTION('',(1.0,0.0,-6.12323399573676E-17));
#4954=DIRECTION('',(0.0,0.0,-1.0));
#4955=DIRECTION('',(-1.0,0.0,6.12323399573676E-17));
#4956=DIRECTION('',(0.0,0.0,-1.0));
#4957=DIRECTION('',(1.0,0.0,-6.12323399573676E-17));
#4958=DIRECTION('',(0.0,0.0,-1.0));
#4959=DIRECTION('',(-1.0,0.0,6.12323399573676E-17));
#4960=DIRECTION('',(0.0,0.0,-1.0));
#4961=DIRECTION('',(1.0,0.0,-6.12323399573676E-17));
#4962=DIRECTION('',(0.0,0.0,-1.0));
#4963=DIRECTION('',(-1.0,0.0,6.12323399573676E-17));
#4964=DIRECTION('',(-1.0,0.0,6.12323399573676E-17));
#4965=CARTESIAN_POINT('',(0.0,-1.52400000000001,-3.12420000000003));
#4966=DIRECTION('',(-1.0,0.0,0.0));
#4967=DIRECTION('',(0.0,0.0,1.0));
#4968=CARTESIAN_POINT('',(-1.27,-1.52400000000001,-3.12420000000003));
#4969=DIRECTION('',(-1.0,0.0,0.0));
#4970=DIRECTION('',(0.0,0.0,1.0));
#4971=DIRECTION('',(-1.0,0.0,6.12323399573676E-17));
#4972=CARTESIAN_POINT('',(-2.6924,-1.52400000000001,-3.12420000000003));
#4973=DIRECTION('',(1.0,0.0,-0.0));
#4974=DIRECTION('',(0.0,0.0,1.0));
#4975=CARTESIAN_POINT('',(-5.2324,-1.52400000000001,-3.12420000000003));
#4976=DIRECTION('',(-1.0,0.0,0.0));
#4977=DIRECTION('',(0.0,0.0,1.0));
#4978=DIRECTION('',(-1.0,0.0,6.12323399573676E-17));
#4979=CARTESIAN_POINT('',(-6.6548,-1.52400000000001,-3.12420000000003));
#4980=DIRECTION('',(1.0,0.0,-0.0));
#4981=DIRECTION('',(0.0,0.0,1.0));
#4982=DIRECTION('',(-1.0,0.0,6.12323399573676E-17));
#4983=DIRECTION('',(0.0,-1.0,0.0));
#4984=DIRECTION('',(-1.0,0.0,6.12323399573676E-17));
#4985=DIRECTION('',(0.0,0.0,-1.0));
#4986=DIRECTION('',(0.0,-1.0,0.0));
#4987=DIRECTION('',(-1.0,0.0,6.12323399573676E-17));
#4988=DIRECTION('',(0.0,1.0,0.0));
#4989=DIRECTION('',(0.0,0.788010753606592,-0.615661475325824));
#4990=CARTESIAN_POINT('',(0.0,5.43448419114957,-3.048));
#4991=DIRECTION('',(-1.0,0.0,0.0));
#4992=DIRECTION('',(0.0,0.0,1.0));
#4993=DIRECTION('',(0.0,1.0,0.0));
#4994=CARTESIAN_POINT('',(0.0,5.25819000327891,-3.048));
#4995=DIRECTION('',(-1.0,0.0,0.0));
#4996=DIRECTION('',(0.0,0.0,1.0));
#4997=DIRECTION('',(0.0,0.707106781186548,0.707106781186548));
#4998=CARTESIAN_POINT('',(0.0,2.61491316695773,-2.99719999999999));
#4999=DIRECTION('',(1.0,0.0,-0.0));
#5000=DIRECTION('',(0.0,0.0,1.0));
#5001=DIRECTION('',(0.0,1.0,0.0));
#5002=CARTESIAN_POINT('',(0.0,-0.941086833042285,-3.63220000000001));
#5003=DIRECTION('',(1.0,0.0,-0.0));
#5004=DIRECTION('',(0.0,0.0,1.0));
#5005=DIRECTION('',(0.0,-0.573576436351159,-0.819152044288913));
#5006=DIRECTION('',(-1.0,0.0,6.12323399573676E-17));
#5007=DIRECTION('',(6.12323399573676E-17,0.0,1.0));
#5008=DIRECTION('',(0.0,-1.0,0.0));
#5009=DIRECTION('',(-3.93593894367147E-17,-0.766044443118913,-0.642787609686617));
#5010=DIRECTION('',(0.0,-1.0,0.0));
#5011=DIRECTION('',(6.12323399573676E-17,0.0,1.0));
#5012=DIRECTION('',(0.0,-1.0,0.0));
#5013=DIRECTION('',(-6.12323399573676E-17,0.0,-1.0));
#5014=DIRECTION('',(0.0,1.0,0.0));
#5015=DIRECTION('',(0.0,-1.0,0.0));
#5016=DIRECTION('',(0.0,1.0,0.0));
#5017=DIRECTION('',(0.0,0.0,1.0));
#5018=DIRECTION('',(0.0,1.0,0.0));
#5019=DIRECTION('',(-0.0,-0.0,-1.0));
#5020=DIRECTION('',(0.0,-1.0,0.0));
#5021=DIRECTION('',(-0.0,-0.0,-1.0));
#5022=DIRECTION('',(0.0,-1.0,0.0));
#5023=DIRECTION('',(0.0,0.0,1.0));
#5024=DIRECTION('',(-1.0,0.0,6.12323399573676E-17));
#5025=DIRECTION('',(0.0,1.0,0.0));
#5026=DIRECTION('',(-1.0,0.0,6.12323399573676E-17));
#5027=DIRECTION('',(0.0,1.0,0.0));
#5028=DIRECTION('',(0.0,-1.0,0.0));
#5029=DIRECTION('',(-1.0,0.0,6.12323399573676E-17));
#5030=DIRECTION('',(0.0,1.0,0.0));
#5031=DIRECTION('',(0.0,-1.0,0.0));
#5032=DIRECTION('',(-1.0,0.0,6.12323399573676E-17));
#5033=DIRECTION('',(-1.0,0.0,6.12323399573676E-17));
#5034=DIRECTION('',(-1.0,0.0,6.12323399573676E-17));
#5035=DIRECTION('',(0.0,-1.0,0.0));
#5036=DIRECTION('',(-1.0,0.0,6.12323399573676E-17));
#5037=DIRECTION('',(0.0,0.0,1.0));
#5038=DIRECTION('',(-1.0,0.0,6.12323399573676E-17));
#5039=DIRECTION('',(0.0,1.0,0.0));
#5040=DIRECTION('',(-0.0,-0.0,-1.0));
#5041=DIRECTION('',(-0.0,-0.0,-1.0));
#5042=DIRECTION('',(0.0,-1.0,0.0));
#5043=DIRECTION('',(-1.0,0.0,6.12323399573676E-17));
#5044=DIRECTION('',(0.0,0.0,1.0));
#5045=DIRECTION('',(0.0,-1.0,0.0));
#5046=DIRECTION('',(0.0,1.0,0.0));
#5047=DIRECTION('',(-0.0,-0.0,-1.0));
#5048=DIRECTION('',(0.0,1.0,0.0));
#5049=DIRECTION('',(0.0,0.0,1.0));
#5050=DIRECTION('',(-1.0,0.0,6.12323399573676E-17));
#5051=DIRECTION('',(-1.0,0.0,6.12323399573676E-17));
#5052=DIRECTION('',(-1.0,0.0,6.12323399573676E-17));
#5053=DIRECTION('',(-1.0,0.0,6.12323399573676E-17));
#5054=DIRECTION('',(-1.0,0.0,6.12323399573676E-17));
#5055=DIRECTION('',(-1.0,0.0,6.12323399573676E-17));
#5056=DIRECTION('',(-1.0,0.0,6.12323399573676E-17));
#5057=DIRECTION('',(-1.0,0.0,6.12323399573676E-17));
#5058=DIRECTION('',(-1.0,0.0,6.12323399573676E-17));
#5059=DIRECTION('',(-1.0,0.0,6.12323399573676E-17));
#5060=DIRECTION('',(-1.0,0.0,6.12323399573676E-17));
#5061=DIRECTION('',(-1.0,0.0,6.12323399573676E-17));
#5062=DIRECTION('',(-1.0,0.0,6.12323399573676E-17));
#5063=DIRECTION('',(-1.0,0.0,6.12323399573676E-17));
ENDSEC;
END-ISO-10303-21;
