ISO-10303-21;

HEADER;
FILE_DESCRIPTION((' '),'2;1');
FILE_NAME( 'Befaco - Nut (white).stp',
           '2022-09-08T18:16:14',
           (' '),
           ('--- Datakit www.datakit.com---'),
           ' Datakit CrossCadWare V2022.3  Jun 15 2022',
           'DATAKIT 2022 (c)',
           ' ');
FILE_SCHEMA(('AP242_MANAGED_MODEL_BASED_3D_ENGINEERING_MIM_LF { 1 0 10303 442 1 1 4 }'));
ENDSEC;

DATA;
#1=APPLICATION_CONTEXT('Managed model based 3d engineering');
#2=APPLICATION_PROTOCOL_DEFINITION('international standard','ap242_managed_model_based_3d_engineering',2013,#1);
#3=(LENGTH_UNIT()NAMED_UNIT(*)SI_UNIT(.MILLI.,.METRE.));
#4=(NAMED_UNIT(*)PLANE_ANGLE_UNIT()SI_UNIT($,.RADIAN.));
#5=( GEOMETRIC_REPRESENTATION_CONTEXT(3)
       GLOBAL_UNCERTAINTY_ASSIGNED_CONTEXT((#6)) GLOBAL_UNIT_ASSIGNED_CONTEXT
  ((#3,#4)) REPRESENTATION_CONTEXT('Context #1',
  '3D Context with UNIT and UNCERTAINTY') );
#6=UNCERTAINTY_MEASURE_WITH_UNIT(LENGTH_MEASURE(0.005),#3,'distance_accuracy_value','Confusion accuracy');
#7=PRODUCT_CONTEXT('',#1,'mechanical');
#8=PRODUCT('Befaco - Nut (white)','','',(#7));
#9=PRODUCT_DEFINITION_FORMATION('','',#8);
#10=PRODUCT_DEFINITION_CONTEXT('part definition',#1,'design');
#11=PRODUCT_DEFINITION('design','',#9,#10);
#12=PRODUCT_DEFINITION_SHAPE('','',#11);
#13=PRODUCT_CATEGORY('part',$);
#14=PRODUCT_RELATED_PRODUCT_CATEGORY('part',$,(#8));
#15=PRODUCT_CATEGORY_RELATIONSHIP('','',#13,#14);
#16=CARTESIAN_POINT('',(0.75,3.1456909392,2.5));
#17=VERTEX_POINT('',#16);
#18=CARTESIAN_POINT('',(0.75,4.3863424399,2.5));
#19=VERTEX_POINT('',#18);
#20=CARTESIAN_POINT('',(0.75,-5.4145242061,2.5));
#21=DIRECTION('',(-0.0,1.0,0.0));
#22=VECTOR('',#21,1.0);
#23=LINE('',#20,#22);
#24=EDGE_CURVE('n° 705',#17,#19,#23,.T.);
#25=ORIENTED_EDGE('',*,*,#24,.F.);
#26=CARTESIAN_POINT('',(1.5446451483,2.9062867074,2.5));
#27=VERTEX_POINT('',#26);
#28=CARTESIAN_POINT('',(0.75,3.1456909392,2.5));
#29=CARTESIAN_POINT('',(1.0228816031,3.1002352534,2.5));
#30=CARTESIAN_POINT('',(1.2920670166,3.0191356154,2.5));
#31=CARTESIAN_POINT('',(1.5446451483,2.9062867074,2.5));
#32=B_SPLINE_CURVE_WITH_KNOTS('',3,(#28,#29,#30,#31),.UNSPECIFIED.,.F.,.U.,
 (4,4),(0.0,1.0),.UNSPECIFIED.);
#33=EDGE_CURVE('n° 920',#17,#27,#32,.T.);
#34=ORIENTED_EDGE('',*,*,#33,.T.);
#35=CARTESIAN_POINT('',(3.274295897,0.3337925084,2.5));
#36=VERTEX_POINT('',#35);
#37=CARTESIAN_POINT('',(1.5446451483,2.9062867074,2.5));
#38=CARTESIAN_POINT('',(1.6182841923,2.8671487271,2.5));
#39=CARTESIAN_POINT('',(1.6904867073,2.8251796833,2.5));
#40=CARTESIAN_POINT('',(1.9021555554,2.6911289874,2.5));
#41=CARTESIAN_POINT('',(2.0369264024,2.5906180373,2.5));
#42=CARTESIAN_POINT('',(2.2889065174,2.3709234358,2.5));
#43=CARTESIAN_POINT('',(2.4068437633,2.2511050804,2.5));
#44=CARTESIAN_POINT('',(2.6225238046,1.9956803047,2.5));
#45=CARTESIAN_POINT('',(2.7208897106,1.8593359577,2.5));
#46=CARTESIAN_POINT('',(2.9840349346,1.4289043315,2.5));
#47=CARTESIAN_POINT('',(3.116732868,1.1100488202,2.5));
#48=CARTESIAN_POINT('',(3.232993059,0.6349885948,2.5));
#49=CARTESIAN_POINT('',(3.2589072656,0.4847453652,2.5));
#50=CARTESIAN_POINT('',(3.274295897,0.3337925084,2.5));
#51=B_SPLINE_CURVE_WITH_KNOTS('',3,(#37,#38,#39,#40,#41,#42,#43,#44,#45,#46,
    #47,#48,#49,#50),.UNSPECIFIED.,.F.,.U.,
 (4,2,2,2,2,2,4),(0.0,0.0776527088,0.2332982083,0.3889437078,0.5445892073,0.8587103543,1.0),.UNSPECIFIED.);
#52=EDGE_CURVE('n° 915',#27,#36,#51,.T.);
#53=ORIENTED_EDGE('',*,*,#52,.T.);
#54=CARTESIAN_POINT('',(1.649086907,-2.5657380817,2.5000000445));
#55=VERTEX_POINT('',#54);
#56=CARTESIAN_POINT('',(3.274295897,0.3337925084,2.5));
#57=CARTESIAN_POINT('',(3.28737357,-0.0311304052,2.5));
#58=CARTESIAN_POINT('',(3.2389863294,-0.4037532287,2.5));
#59=CARTESIAN_POINT('',(3.0194506696,-1.1006143475,2.5));
#60=CARTESIAN_POINT('',(2.8460562513,-1.4347452251,2.5));
#61=CARTESIAN_POINT('',(2.4084691779,-2.0077113429,2.5));
#62=CARTESIAN_POINT('',(2.1413089152,-2.2579573954,2.5));
#63=CARTESIAN_POINT('',(1.7802151753,-2.4911136471,2.5));
#64=CARTESIAN_POINT('',(1.7143850128,-2.5302043857,2.5000000445));
#65=CARTESIAN_POINT('',(1.649086907,-2.5657380817,2.5000000445));
#66=B_SPLINE_CURVE_WITH_KNOTS('',3,(#56,#57,#58,#59,#60,#61,#62,#63,#64,#65),.UNSPECIFIED.,.F.,.U.,
 (4,2,2,2,4),(0.0,0.31466857,0.629603924,0.9359383562,1.0),.UNSPECIFIED.);
#67=EDGE_CURVE('n° 969',#36,#55,#66,.T.);
#68=ORIENTED_EDGE('',*,*,#67,.T.);
#69=CARTESIAN_POINT('',(0.75,-2.9563490998,2.5));
#70=VERTEX_POINT('',#69);
#71=CARTESIAN_POINT('',(0.0,0.0,2.5));
#72=DIRECTION('',(-0.0,-0.0,-1.0));
#73=DIRECTION('',(1.0,0.0,-0.0));
#74=AXIS2_PLACEMENT_3D('',#71,#72,#73);
#75=CIRCLE('',#74,3.05);
#76=EDGE_CURVE('n° 868',#55,#70,#75,.T.);
#77=ORIENTED_EDGE('',*,*,#76,.T.);
#78=CARTESIAN_POINT('',(0.75,-4.3863424399,2.5));
#79=VERTEX_POINT('',#78);
#80=CARTESIAN_POINT('',(0.75,-5.4145242061,2.5));
#81=DIRECTION('',(0.0,1.0,0.0));
#82=VECTOR('',#81,1.0);
#83=LINE('',#80,#82);
#84=EDGE_CURVE('n° 451',#79,#70,#83,.T.);
#85=ORIENTED_EDGE('',*,*,#84,.F.);
#86=CARTESIAN_POINT('',(0.0,0.0,2.5));
#87=DIRECTION('',(0.0,0.0,1.0));
#88=DIRECTION('',(1.0,0.0,-0.0));
#89=AXIS2_PLACEMENT_3D('',#86,#87,#88);
#90=CIRCLE('',#89,4.45);
#91=EDGE_CURVE('n° 246',#79,#19,#90,.T.);
#92=ORIENTED_EDGE('',*,*,#91,.T.);
#93=EDGE_LOOP('',(#25,#34,#53,#68,#77,#85,#92));
#94=FACE_OUTER_BOUND('',#93,.T.);
#95=CARTESIAN_POINT('',(0.0,0.0,2.5));
#96=DIRECTION('',(0.0,0.0,1.0));
#97=DIRECTION('',(1.0,0.0,-0.0));
#98=AXIS2_PLACEMENT_3D('',#95,#96,#97);
#99=PLANE('',#98);
#100=ADVANCED_FACE('n° 888',(#94),#99,.T.);
#101=CARTESIAN_POINT('',(1.0523758532,2.5406701997,2.2000001871));
#102=VERTEX_POINT('',#101);
#103=CARTESIAN_POINT('',(0.75,2.6457513111,2.2));
#104=VERTEX_POINT('',#103);
#105=CARTESIAN_POINT('',(0.0,0.0,2.2));
#106=DIRECTION('',(0.0,0.0,1.0));
#107=DIRECTION('',(1.0,0.0,-0.0));
#108=AXIS2_PLACEMENT_3D('',#105,#106,#107);
#109=CIRCLE('',#108,2.75);
#110=EDGE_CURVE('n° 831',#102,#104,#109,.T.);
#111=ORIENTED_EDGE('',*,*,#110,.F.);
#112=CARTESIAN_POINT('',(0.75,2.6842658273,2.2370772974));
#113=VERTEX_POINT('',#112);
#114=CARTESIAN_POINT('',(1.0523794921,2.5406686924,2.2));
#115=CARTESIAN_POINT('',(0.9876683407,2.5764116132,2.2082582658));
#116=CARTESIAN_POINT('',(0.9293442097,2.6052390649,2.2154775361));
#117=CARTESIAN_POINT('',(0.8279021212,2.6521779258,2.2278380856));
#118=CARTESIAN_POINT('',(0.7847758667,2.6702975197,2.2329793648));
#119=CARTESIAN_POINT('',(0.75,2.68427348,2.2370816485));
#120=B_SPLINE_CURVE_WITH_KNOTS('',3,(#114,#115,#116,#117,#118,#119),.UNSPECIFIED.,.F.,.U.,
 (4,2,4),(0.0,0.5,1.0),.UNSPECIFIED.);
#121=EDGE_CURVE('n° 919',#102,#113,#120,.T.);
#122=ORIENTED_EDGE('',*,*,#121,.T.);
#123=CARTESIAN_POINT('',(0.75,2.6457513111,2.2));
#124=CARTESIAN_POINT('',(0.75,2.6585932729,2.2123551409));
#125=CARTESIAN_POINT('',(0.75,2.671430415,2.2247153525));
#126=CARTESIAN_POINT('',(0.75,2.6842658273,2.2370772974));
#127=B_SPLINE_CURVE_WITH_KNOTS('',3,(#123,#124,#125,#126),.UNSPECIFIED.,.F.,.U.,
 (4,4),(0.0,1.0),.UNSPECIFIED.);
#128=EDGE_CURVE('n° 369',#104,#113,#127,.T.);
#129=ORIENTED_EDGE('',*,*,#128,.F.);
#130=EDGE_LOOP('',(#111,#122,#129));
#131=FACE_OUTER_BOUND('',#130,.T.);
#132=CARTESIAN_POINT('',(0.0,0.0,2.2));
#133=DIRECTION('',(0.0,0.0,1.0));
#134=DIRECTION('',(1.0,0.0,-0.0));
#135=AXIS2_PLACEMENT_3D('',#132,#133,#134);
#136=CONICAL_SURFACE('',#135,2.75,0.7853981634);
#137=ADVANCED_FACE('n° 877',(#131),#136,.F.);
#138=ORIENTED_EDGE('',*,*,#76,.F.);
#139=CARTESIAN_POINT('',(0.75,-2.9290666641,2.4735636446));
#140=VERTEX_POINT('',#139);
#141=CARTESIAN_POINT('',(1.649086907,-2.5657380817,2.5000000445));
#142=CARTESIAN_POINT('',(1.4933946888,-2.6600271493,2.4951364876));
#143=CARTESIAN_POINT('',(1.32686121,-2.7413222466,2.4901128797));
#144=CARTESIAN_POINT('',(1.0250151966,-2.8562186219,2.4813038895));
#145=CARTESIAN_POINT('',(0.8874511413,-2.8978136575,2.4773865807));
#146=CARTESIAN_POINT('',(0.75,-2.9290666641,2.4735636446));
#147=B_SPLINE_CURVE_WITH_KNOTS('',3,(#141,#142,#143,#144,#145,#146),.UNSPECIFIED.,.F.,.U.,
 (4,2,4),(0.0,0.5635597006,1.0),.UNSPECIFIED.);
#148=EDGE_CURVE('n° 970',#55,#140,#147,.T.);
#149=ORIENTED_EDGE('',*,*,#148,.T.);
#150=CARTESIAN_POINT('',(0.75,-2.9563490998,2.5));
#151=CARTESIAN_POINT('',(0.75,-2.947257949,2.4911879949));
#152=CARTESIAN_POINT('',(0.75,-2.938160305,2.48237308));
#153=CARTESIAN_POINT('',(0.75,-2.9290666641,2.4735636446));
#154=B_SPLINE_CURVE_WITH_KNOTS('',3,(#150,#151,#152,#153),.UNSPECIFIED.,.F.,.U.,
 (4,4),(0.0,1.0),.UNSPECIFIED.);
#155=EDGE_CURVE('n° 363',#70,#140,#154,.T.);
#156=ORIENTED_EDGE('',*,*,#155,.F.);
#157=EDGE_LOOP('',(#138,#149,#156));
#158=FACE_OUTER_BOUND('',#157,.T.);
#159=CARTESIAN_POINT('',(0.0,0.0,2.2));
#160=DIRECTION('',(0.0,0.0,1.0));
#161=DIRECTION('',(1.0,0.0,-0.0));
#162=AXIS2_PLACEMENT_3D('',#159,#160,#161);
#163=CONICAL_SURFACE('',#162,2.75,0.7853981634);
#164=ADVANCED_FACE('n° 873',(#158),#163,.F.);
#165=CARTESIAN_POINT('',(-0.75,-2.9563490998,2.5));
#166=VERTEX_POINT('',#165);
#167=CARTESIAN_POINT('',(-1.7202558047,2.5185749872,2.5));
#168=VERTEX_POINT('',#167);
#169=CARTESIAN_POINT('',(0.0,0.0,2.5));
#170=DIRECTION('',(-0.0,-0.0,-1.0));
#171=DIRECTION('',(1.0,0.0,-0.0));
#172=AXIS2_PLACEMENT_3D('',#169,#170,#171);
#173=CIRCLE('',#172,3.05);
#174=EDGE_CURVE('n° 266',#166,#168,#173,.T.);
#175=ORIENTED_EDGE('',*,*,#174,.T.);
#176=CARTESIAN_POINT('',(-0.75,3.0392259693,2.5));
#177=VERTEX_POINT('',#176);
#178=CARTESIAN_POINT('',(-1.7202558047,2.5185749872,2.5));
#179=CARTESIAN_POINT('',(-1.6991353768,2.5353675446,2.5));
#180=CARTESIAN_POINT('',(-1.6770940019,2.5524206984,2.5));
#181=CARTESIAN_POINT('',(-1.383756002,2.7732231586,2.5));
#182=CARTESIAN_POINT('',(-1.0736119169,2.9343888578,2.5));
#183=CARTESIAN_POINT('',(-0.75,3.0392259693,2.5));
#184=B_SPLINE_CURVE_WITH_KNOTS('',3,(#178,#179,#180,#181,#182,#183),.UNSPECIFIED.,.F.,.U.,
 (4,2,4),(0.0,0.073491635,1.0),.UNSPECIFIED.);
#185=EDGE_CURVE('n° 959',#168,#177,#184,.T.);
#186=ORIENTED_EDGE('',*,*,#185,.T.);
#187=CARTESIAN_POINT('',(-0.75,4.3863424399,2.5));
#188=VERTEX_POINT('',#187);
#189=CARTESIAN_POINT('',(-0.75,-5.4145242061,2.5));
#190=DIRECTION('',(0.0,-1.0,-0.0));
#191=VECTOR('',#190,1.0);
#192=LINE('',#189,#191);
#193=EDGE_CURVE('n° 407',#188,#177,#192,.T.);
#194=ORIENTED_EDGE('',*,*,#193,.F.);
#195=CARTESIAN_POINT('',(-0.75,-4.3863424399,2.5));
#196=VERTEX_POINT('',#195);
#197=CARTESIAN_POINT('',(0.0,0.0,2.5));
#198=DIRECTION('',(0.0,0.0,1.0));
#199=DIRECTION('',(1.0,0.0,-0.0));
#200=AXIS2_PLACEMENT_3D('',#197,#198,#199);
#201=CIRCLE('',#200,4.45);
#202=EDGE_CURVE('n° 240',#188,#196,#201,.T.);
#203=ORIENTED_EDGE('',*,*,#202,.T.);
#204=CARTESIAN_POINT('',(-0.75,-5.4145242061,2.5));
#205=DIRECTION('',(0.0,-1.0,0.0));
#206=VECTOR('',#205,1.0);
#207=LINE('',#204,#206);
#208=EDGE_CURVE('n° 455',#166,#196,#207,.T.);
#209=ORIENTED_EDGE('',*,*,#208,.F.);
#210=EDGE_LOOP('',(#175,#186,#194,#203,#209));
#211=FACE_OUTER_BOUND('',#210,.T.);
#212=CARTESIAN_POINT('',(0.0,0.0,2.5));
#213=DIRECTION('',(0.0,0.0,1.0));
#214=DIRECTION('',(1.0,0.0,-0.0));
#215=AXIS2_PLACEMENT_3D('',#212,#213,#214);
#216=PLANE('',#215);
#217=ADVANCED_FACE('n° 865',(#211),#216,.T.);
#218=CARTESIAN_POINT('',(4.45,0.0,0.0));
#219=VERTEX_POINT('',#218);
#220=CARTESIAN_POINT('',(0.0,0.0,0.0));
#221=DIRECTION('',(-0.0,-0.0,-1.0));
#222=DIRECTION('',(1.0,0.0,-0.0));
#223=AXIS2_PLACEMENT_3D('',#220,#221,#222);
#224=CIRCLE('',#223,4.45);
#225=EDGE_CURVE('n° 135',#219,#219,#224,.T.);
#226=ORIENTED_EDGE('',*,*,#225,.T.);
#227=EDGE_LOOP('',(#226));
#228=FACE_OUTER_BOUND('',#227,.T.);
#229=CARTESIAN_POINT('',(0.5645116167,2.997303227,-0.0000006276));
#230=VERTEX_POINT('',#229);
#231=CARTESIAN_POINT('',(3.1472840978,0.96282598,-0.0));
#232=VERTEX_POINT('',#231);
#233=CARTESIAN_POINT('',(0.5644969075,2.9973059973,0.0));
#234=CARTESIAN_POINT('',(0.671661696,2.9850728448,0.0));
#235=CARTESIAN_POINT('',(0.7777079599,2.9653941115,0.0));
#236=CARTESIAN_POINT('',(0.8834644348,2.9457691536,0.0));
#237=CARTESIAN_POINT('',(0.9875980887,2.9188339176,0.0));
#238=CARTESIAN_POINT('',(1.091951422,2.8918418592,0.0));
#239=CARTESIAN_POINT('',(1.1941704243,2.8576392228,0.0));
#240=CARTESIAN_POINT('',(1.2970954514,2.8232003493,0.0));
#241=CARTESIAN_POINT('',(1.3973530189,2.7816195702,0.0));
#242=CARTESIAN_POINT('',(1.4974030908,2.7401248477,0.0));
#243=CARTESIAN_POINT('',(1.5943069272,2.691720853,0.0));
#244=CARTESIAN_POINT('',(1.6905854897,2.6436291861,0.0));
#245=CARTESIAN_POINT('',(1.7832918444,2.5889499846,0.0));
#246=CARTESIAN_POINT('',(1.8758510584,2.5343575683,0.0));
#247=CARTESIAN_POINT('',(1.9644034452,2.4734615059,0.0));
#248=CARTESIAN_POINT('',(2.0532441474,2.4123671736,0.0));
#249=CARTESIAN_POINT('',(2.1376221008,2.3452237112,0.0));
#250=CARTESIAN_POINT('',(2.1800309368,2.3114770277,0.0));
#251=CARTESIAN_POINT('',(2.2212337267,2.2762626862,0.0));
#252=CARTESIAN_POINT('',(2.2620688934,2.2413625372,0.0));
#253=CARTESIAN_POINT('',(2.3026972394,2.2041770485,0.0));
#254=CARTESIAN_POINT('',(2.3825435556,2.1310969311,0.0));
#255=CARTESIAN_POINT('',(2.4573656119,2.0528938341,0.0));
#256=CARTESIAN_POINT('',(2.6064026696,1.8971221265,0.0));
#257=CARTESIAN_POINT('',(2.7336338127,1.7231137504,0.0));
#258=CARTESIAN_POINT('',(2.8617427178,1.5479048983,0.0));
#259=CARTESIAN_POINT('',(2.9655055093,1.3572710808,0.0));
#260=CARTESIAN_POINT('',(3.0174448688,1.2618476806,0.0));
#261=CARTESIAN_POINT('',(3.062920524,1.1631776568,0.0));
#262=CARTESIAN_POINT('',(3.108441134,1.0644100932,0.0));
#263=CARTESIAN_POINT('',(3.1472840978,0.96282598,0.0));
#264=B_SPLINE_CURVE_WITH_KNOTS('',2,(#233,#234,#235,#236,#237,#238,#239,#240,#241,#242,
    #243,#244,#245,#246,#247,#248,#249,#250,#251,#252,
    #253,#254,#255,#256,#257,#258,#259,#260,#261,#262,#263),.UNSPECIFIED.,.F.,.U.,
 (3,2,2,2,2,2,2,2,2,2,2,2,2,2,2,3),
 (0.0,0.0625,0.125,0.1875,0.25,0.3125,0.375,0.4375,0.5,0.53125,0.5625,0.625,0.75,0.875,0.9375,1.0),.UNSPECIFIED.);
#265=EDGE_CURVE('n° 924',#230,#232,#264,.T.);
#266=ORIENTED_EDGE('',*,*,#265,.F.);
#267=CARTESIAN_POINT('',(-0.6481872174,-2.9803277221,0.0));
#268=VERTEX_POINT('',#267);
#269=CARTESIAN_POINT('',(0.0,0.0,0.0));
#270=DIRECTION('',(0.0,0.0,1.0));
#271=DIRECTION('',(1.0,0.0,-0.0));
#272=AXIS2_PLACEMENT_3D('',#269,#270,#271);
#273=CIRCLE('',#272,3.05);
#274=EDGE_CURVE('n° 778',#230,#268,#273,.T.);
#275=ORIENTED_EDGE('',*,*,#274,.T.);
#276=CARTESIAN_POINT('',(2.5513037786,-2.0792498862,0.0));
#277=VERTEX_POINT('',#276);
#278=CARTESIAN_POINT('',(2.5513037786,-2.0792498862,0.0));
#279=CARTESIAN_POINT('',(2.302511623,-2.3465366642,0.0));
#280=CARTESIAN_POINT('',(2.0048125517,-2.5758058436,-0.0));
#281=CARTESIAN_POINT('',(1.3568221754,-2.9133259125,-0.0));
#282=CARTESIAN_POINT('',(0.9979475969,-3.0269837529,-0.0));
#283=CARTESIAN_POINT('',(0.2833785827,-3.1227111932,-0.0));
#284=CARTESIAN_POINT('',(-0.0824829314,-3.1107510405,-0.0));
#285=CARTESIAN_POINT('',(-0.5026866909,-3.0202843778,-0.0));
#286=CARTESIAN_POINT('',(-0.5768830323,-3.001376359,0.0));
#287=CARTESIAN_POINT('',(-0.6481872174,-2.9803277221,0.0));
#288=B_SPLINE_CURVE_WITH_KNOTS('',3,(#278,#279,#280,#281,#282,#283,#284,#285,#286,#287),.UNSPECIFIED.,.F.,.U.,
 (4,2,2,2,4),(0.0,0.3146670276,0.6296008379,0.9359337685,1.0),.UNSPECIFIED.);
#289=EDGE_CURVE('n° 952',#277,#268,#288,.T.);
#290=ORIENTED_EDGE('',*,*,#289,.F.);
#291=CARTESIAN_POINT('',(3.1472840978,0.96282598,0.0));
#292=CARTESIAN_POINT('',(3.1716800339,0.8830805813,0.0));
#293=CARTESIAN_POINT('',(3.1930583263,0.8023490979,0.0));
#294=CARTESIAN_POINT('',(3.2479426482,0.5578884639,0.0));
#295=CARTESIAN_POINT('',(3.2721680536,0.3915191098,0.0));
#296=CARTESIAN_POINT('',(3.2949973591,0.0579947192,0.0));
#297=CARTESIAN_POINT('',(3.2936672138,-0.1101238788,0.0));
#298=CARTESIAN_POINT('',(3.2655634425,-0.4432452895,0.0));
#299=CARTESIAN_POINT('',(3.2387086294,-0.609210501,0.0));
#300=CARTESIAN_POINT('',(3.12041928,-1.0996433951,0.0));
#301=CARTESIAN_POINT('',(2.9887859943,-1.4189398979,-0.0));
#302=CARTESIAN_POINT('',(2.7350760569,-1.8370665742,-0.0));
#303=CARTESIAN_POINT('',(2.6471621616,-1.9616286919,0.0));
#304=CARTESIAN_POINT('',(2.5513037786,-2.0792498862,0.0));
#305=B_SPLINE_CURVE_WITH_KNOTS('',3,(#291,#292,#293,#294,#295,#296,#297,#298,#299,#300,
    #301,#302,#303,#304),.UNSPECIFIED.,.F.,.U.,
 (4,2,2,2,2,2,4),(0.0,0.0776527088,0.2332982083,0.3889437078,0.5445892073,0.8587103543,1.0),.UNSPECIFIED.);
#306=EDGE_CURVE('n° 912',#232,#277,#305,.T.);
#307=ORIENTED_EDGE('',*,*,#306,.F.);
#308=EDGE_LOOP('',(#266,#275,#290,#307));
#309=FACE_BOUND('',#308,.T.);
#310=CARTESIAN_POINT('',(0.0,0.0,0.0));
#311=DIRECTION('',(0.0,0.0,1.0));
#312=DIRECTION('',(1.0,0.0,-0.0));
#313=AXIS2_PLACEMENT_3D('',#310,#311,#312);
#314=PLANE('',#313);
#315=ADVANCED_FACE('n° 861',(#228,#309),#314,.F.);
#316=CARTESIAN_POINT('',(1.9463081887,-1.9427775052,0.3));
#317=VERTEX_POINT('',#316);
#318=CARTESIAN_POINT('',(1.0523764587,-2.5406699489,0.2999998495));
#319=VERTEX_POINT('',#318);
#320=CARTESIAN_POINT('',(0.0,0.0,0.3));
#321=DIRECTION('',(-0.0,-0.0,-1.0));
#322=DIRECTION('',(1.0,0.0,-0.0));
#323=AXIS2_PLACEMENT_3D('',#320,#321,#322);
#324=CIRCLE('',#323,2.75);
#325=EDGE_CURVE('n° 99',#317,#319,#324,.T.);
#326=ORIENTED_EDGE('',*,*,#325,.T.);
#327=CARTESIAN_POINT('',(-2.75,0.0,2.4500000027));
#328=CARTESIAN_POINT('',(-2.75,1.1390872965,2.4000000027));
#329=CARTESIAN_POINT('',(-1.9445436483,1.9445436483,2.3500000027));
#330=CARTESIAN_POINT('',(-1.1390872965,2.75,2.3000000027));
#331=CARTESIAN_POINT('',(-0.0,2.75,2.2500000027));
#332=CARTESIAN_POINT('',(1.1390872965,2.75,2.2000000027));
#333=CARTESIAN_POINT('',(1.9445436483,1.9445436483,2.1500000027));
#334=CARTESIAN_POINT('',(2.75,1.1390872965,2.1000000027));
#335=CARTESIAN_POINT('',(2.75,0.0,2.0500000027));
#336=CARTESIAN_POINT('',(2.75,-1.1390872965,2.0000000027));
#337=CARTESIAN_POINT('',(1.9445436483,-1.9445436483,1.9500000027));
#338=CARTESIAN_POINT('',(1.1390872965,-2.75,1.9000000027));
#339=CARTESIAN_POINT('',(0.0,-2.75,1.8500000027));
#340=CARTESIAN_POINT('',(-1.1390872965,-2.75,1.8000000027));
#341=CARTESIAN_POINT('',(-1.9445436483,-1.9445436483,1.7500000027));
#342=CARTESIAN_POINT('',(-2.75,-1.1390872965,1.7000000027));
#343=CARTESIAN_POINT('',(-2.75,0.0,1.6500000027));
#344=CARTESIAN_POINT('',(-2.75,1.1390872965,1.6000000027));
#345=CARTESIAN_POINT('',(-1.9445436483,1.9445436483,1.5500000027));
#346=CARTESIAN_POINT('',(-1.1390872965,2.75,1.5000000027));
#347=CARTESIAN_POINT('',(-0.0,2.75,1.4500000027));
#348=CARTESIAN_POINT('',(1.1390872965,2.75,1.4000000027));
#349=CARTESIAN_POINT('',(1.9445436483,1.9445436483,1.3500000027));
#350=CARTESIAN_POINT('',(2.75,1.1390872965,1.3000000027));
#351=CARTESIAN_POINT('',(2.75,0.0,1.2500000027));
#352=CARTESIAN_POINT('',(2.75,-1.1390872965,1.2000000027));
#353=CARTESIAN_POINT('',(1.9445436483,-1.9445436483,1.1500000027));
#354=CARTESIAN_POINT('',(1.1390872965,-2.75,1.1000000027));
#355=CARTESIAN_POINT('',(0.0,-2.75,1.0500000027));
#356=CARTESIAN_POINT('',(-1.1390872965,-2.75,1.0000000027));
#357=CARTESIAN_POINT('',(-1.9445436483,-1.9445436483,0.9500000027));
#358=CARTESIAN_POINT('',(-2.75,-1.1390872965,0.9000000027));
#359=CARTESIAN_POINT('',(-2.75,0.0,0.8500000027));
#360=CARTESIAN_POINT('',(-2.75,1.1390872965,0.8000000027));
#361=CARTESIAN_POINT('',(-1.9445436483,1.9445436483,0.7500000027));
#362=CARTESIAN_POINT('',(-1.1390872965,2.75,0.7000000027));
#363=CARTESIAN_POINT('',(-0.0,2.75,0.6500000027));
#364=CARTESIAN_POINT('',(1.1390872965,2.75,0.6000000027));
#365=CARTESIAN_POINT('',(1.9445436483,1.9445436483,0.5500000027));
#366=CARTESIAN_POINT('',(2.75,1.1390872965,0.5000000027));
#367=CARTESIAN_POINT('',(2.75,0.0,0.4500000027));
#368=CARTESIAN_POINT('',(2.75,-1.1390872965,0.4000000027));
#369=CARTESIAN_POINT('',(1.9445436483,-1.9445436483,0.3500000027));
#370=CARTESIAN_POINT('',(1.1390872965,-2.75,0.3000000027));
#371=CARTESIAN_POINT('',(0.0,-2.75,0.2500000027));
#372=CARTESIAN_POINT('',(-1.1390872965,-2.75,0.2000000027));
#373=CARTESIAN_POINT('',(-1.9445436483,-1.9445436483,0.1500000027));
#374=CARTESIAN_POINT('',(-2.75,-1.1390872965,0.1000000027));
#375=CARTESIAN_POINT('',(-2.75,0.0,0.0500000027));
#376=CARTESIAN_POINT('',(-2.75,1.1390872965,0.0000000027));
#377=CARTESIAN_POINT('',(-1.9445436483,1.9445436483,-0.0499999973));
#378=CARTESIAN_POINT('',(-1.1390872965,2.75,-0.0999999973));
#379=CARTESIAN_POINT('',(-0.0,2.75,-0.1499999973));
#380=CARTESIAN_POINT('',(1.1390872965,2.75,-0.1999999973));
#381=CARTESIAN_POINT('',(1.9445436483,1.9445436483,-0.2499999973));
#382=CARTESIAN_POINT('',(2.75,1.1390872965,-0.2999999973));
#383=CARTESIAN_POINT('',(2.75,0.0,-0.3499999973));
#384=CARTESIAN_POINT('',(2.75,-1.1390872965,-0.3999999973));
#385=CARTESIAN_POINT('',(1.9445436483,-1.9445436483,-0.4499999973));
#386=CARTESIAN_POINT('',(1.1390872965,-2.75,-0.4999999973));
#387=CARTESIAN_POINT('',(0.0,-2.75,-0.5499999973));
#388=CARTESIAN_POINT('',(-1.1390872965,-2.75,-0.5999999973));
#389=CARTESIAN_POINT('',(-1.9445436483,-1.9445436483,-0.6499999973));
#390=CARTESIAN_POINT('',(-2.75,-1.1390872965,-0.6999999973));
#391=CARTESIAN_POINT('',(-2.75,0.0,-0.7499999973));
#392=CARTESIAN_POINT('',(-2.75,1.1390872965,-0.7999999973));
#393=CARTESIAN_POINT('',(-1.9445436483,1.9445436483,-0.8499999973));
#394=CARTESIAN_POINT('',(-1.1390872965,2.75,-0.8999999973));
#395=CARTESIAN_POINT('',(-0.0,2.75,-0.9499999973));
#396=CARTESIAN_POINT('',(1.1390872965,2.75,-0.9999999973));
#397=CARTESIAN_POINT('',(1.9445436483,1.9445436483,-1.0499999973));
#398=CARTESIAN_POINT('',(2.75,1.1390872965,-1.0999999973));
#399=CARTESIAN_POINT('',(2.75,0.0,-1.1499999973));
#400=CARTESIAN_POINT('',(2.75,-1.1390872965,-1.1999999973));
#401=CARTESIAN_POINT('',(1.9445436483,-1.9445436483,-1.2499999973));
#402=CARTESIAN_POINT('',(1.1390872965,-2.75,-1.2999999973));
#403=CARTESIAN_POINT('',(0.0,-2.75,-1.3499999973));
#404=CARTESIAN_POINT('',(-1.1390872965,-2.75,-1.3999999973));
#405=CARTESIAN_POINT('',(-1.9445436483,-1.9445436483,-1.4499999973));
#406=CARTESIAN_POINT('',(-2.75,-1.1390872965,-1.4999999973));
#407=CARTESIAN_POINT('',(-2.75,0.0,-1.5499999973));
#408=(BOUNDED_CURVE() B_SPLINE_CURVE(2,(#327,#328,#329,#330,#331,#332,#333,#334,#335,#336,
    #337,#338,#339,#340,#341,#342,#343,#344,#345,#346,
    #347,#348,#349,#350,#351,#352,#353,#354,#355,#356,
    #357,#358,#359,#360,#361,#362,#363,#364,#365,#366,
    #367,#368,#369,#370,#371,#372,#373,#374,#375,#376,
    #377,#378,#379,#380,#381,#382,#383,#384,#385,#386,
    #387,#388,#389,#390,#391,#392,#393,#394,#395,#396,
    #397,#398,#399,#400,#401,#402,#403,#404,#405,#406,#407),.UNSPECIFIED.,.F.,.U.)
  B_SPLINE_CURVE_WITH_KNOTS((3,2,2,2,2,2,2,2,2,2,2,2,2,2,2,2,2,2,2,2,
    2,2,2,2,2,2,2,2,2,2,2,2,2,2,2,2,2,2,2,2,3),
  (0.0,0.025,0.05,0.075,0.1,0.125,0.15,0.175,0.2,0.225,0.25,0.275,0.3,0.325,0.35,0.375,0.4,0.425,0.45,0.475,
    0.5,0.525,0.55,0.575,0.6,0.625,0.65,0.675,0.7,0.725,0.75,0.775,0.8,0.825,0.85,0.875,0.9,0.925,0.95,0.975,1.0),.UNSPECIFIED.)
  CURVE() GEOMETRIC_REPRESENTATION_ITEM() RATIONAL_B_SPLINE_CURVE((1.0,0.9238795325,1.0,0.9238795325,1.0,0.9238795325,1.0,0.9238795325,1.0,0.9238795325,1.0,0.9238795325,1.0,0.9238795325,1.0,0.9238795325,1.0,0.9238795325,1.0,0.9238795325,
    1.0,0.9238795325,1.0,0.9238795325,1.0,0.9238795325,1.0,0.9238795325,1.0,0.9238795325,1.0,0.9238795325,1.0,0.9238795325,1.0,0.9238795325,1.0,0.9238795325,1.0,0.9238795325,
    1.0,0.9238795325,1.0,0.9238795325,1.0,0.9238795325,1.0,0.9238795325,1.0,0.9238795325,1.0,0.9238795325,1.0,0.9238795325,1.0,0.9238795325,1.0,0.9238795325,1.0,0.9238795325,
    1.0,0.9238795325,1.0,0.9238795325,1.0,0.9238795325,1.0,0.9238795325,1.0,0.9238795325,1.0,0.9238795325,1.0,0.9238795325,1.0,0.9238795325,1.0,0.9238795325,1.0,0.9238795325,1.0))  REPRESENTATION_ITEM('') );
#409=EDGE_CURVE('n° 936',#102,#319,#408,.T.);
#410=ORIENTED_EDGE('',*,*,#409,.F.);
#411=ORIENTED_EDGE('',*,*,#110,.T.);
#412=CARTESIAN_POINT('',(0.75,2.6457513111,2.1651834753));
#413=VERTEX_POINT('',#412);
#414=CARTESIAN_POINT('',(0.75,2.6457513111,2.5));
#415=DIRECTION('',(-0.0,0.0,1.0));
#416=VECTOR('',#415,1.0);
#417=LINE('',#414,#416);
#418=EDGE_CURVE('n° 699',#413,#104,#417,.T.);
#419=ORIENTED_EDGE('',*,*,#418,.F.);
#420=CARTESIAN_POINT('',(-2.75,0.0,3.2));
#421=CARTESIAN_POINT('',(-2.75,1.1390872965,3.15));
#422=CARTESIAN_POINT('',(-1.9445436483,1.9445436483,3.1));
#423=CARTESIAN_POINT('',(-1.1390872965,2.75,3.05));
#424=CARTESIAN_POINT('',(-0.0,2.75,3.0));
#425=CARTESIAN_POINT('',(1.1390872965,2.75,2.95));
#426=CARTESIAN_POINT('',(1.9445436483,1.9445436483,2.9));
#427=CARTESIAN_POINT('',(2.75,1.1390872965,2.85));
#428=CARTESIAN_POINT('',(2.75,0.0,2.8));
#429=CARTESIAN_POINT('',(2.75,-1.1390872965,2.75));
#430=CARTESIAN_POINT('',(1.9445436483,-1.9445436483,2.7));
#431=CARTESIAN_POINT('',(1.1390872965,-2.75,2.65));
#432=CARTESIAN_POINT('',(0.0,-2.75,2.6));
#433=CARTESIAN_POINT('',(-1.1390872965,-2.75,2.55));
#434=CARTESIAN_POINT('',(-1.9445436483,-1.9445436483,2.5));
#435=CARTESIAN_POINT('',(-2.75,-1.1390872965,2.45));
#436=CARTESIAN_POINT('',(-2.75,0.0,2.4));
#437=CARTESIAN_POINT('',(-2.75,1.1390872965,2.35));
#438=CARTESIAN_POINT('',(-1.9445436483,1.9445436483,2.3));
#439=CARTESIAN_POINT('',(-1.1390872965,2.75,2.25));
#440=CARTESIAN_POINT('',(-0.0,2.75,2.2));
#441=CARTESIAN_POINT('',(1.1390872965,2.75,2.15));
#442=CARTESIAN_POINT('',(1.9445436483,1.9445436483,2.1));
#443=CARTESIAN_POINT('',(2.75,1.1390872965,2.05));
#444=CARTESIAN_POINT('',(2.75,0.0,2.0));
#445=CARTESIAN_POINT('',(2.75,-1.1390872965,1.95));
#446=CARTESIAN_POINT('',(1.9445436483,-1.9445436483,1.9));
#447=CARTESIAN_POINT('',(1.1390872965,-2.75,1.85));
#448=CARTESIAN_POINT('',(0.0,-2.75,1.8));
#449=CARTESIAN_POINT('',(-1.1390872965,-2.75,1.75));
#450=CARTESIAN_POINT('',(-1.9445436483,-1.9445436483,1.7));
#451=CARTESIAN_POINT('',(-2.75,-1.1390872965,1.65));
#452=CARTESIAN_POINT('',(-2.75,0.0,1.6));
#453=CARTESIAN_POINT('',(-2.75,1.1390872965,1.55));
#454=CARTESIAN_POINT('',(-1.9445436483,1.9445436483,1.5));
#455=CARTESIAN_POINT('',(-1.1390872965,2.75,1.45));
#456=CARTESIAN_POINT('',(-0.0,2.75,1.4));
#457=CARTESIAN_POINT('',(1.1390872965,2.75,1.35));
#458=CARTESIAN_POINT('',(1.9445436483,1.9445436483,1.3));
#459=CARTESIAN_POINT('',(2.75,1.1390872965,1.25));
#460=CARTESIAN_POINT('',(2.75,0.0,1.2));
#461=CARTESIAN_POINT('',(2.75,-1.1390872965,1.15));
#462=CARTESIAN_POINT('',(1.9445436483,-1.9445436483,1.1));
#463=CARTESIAN_POINT('',(1.1390872965,-2.75,1.05));
#464=CARTESIAN_POINT('',(0.0,-2.75,1.0));
#465=CARTESIAN_POINT('',(-1.1390872965,-2.75,0.95));
#466=CARTESIAN_POINT('',(-1.9445436483,-1.9445436483,0.9));
#467=CARTESIAN_POINT('',(-2.75,-1.1390872965,0.85));
#468=CARTESIAN_POINT('',(-2.75,0.0,0.8));
#469=CARTESIAN_POINT('',(-2.75,1.1390872965,0.75));
#470=CARTESIAN_POINT('',(-1.9445436483,1.9445436483,0.7));
#471=CARTESIAN_POINT('',(-1.1390872965,2.75,0.65));
#472=CARTESIAN_POINT('',(-0.0,2.75,0.6));
#473=CARTESIAN_POINT('',(1.1390872965,2.75,0.55));
#474=CARTESIAN_POINT('',(1.9445436483,1.9445436483,0.5));
#475=CARTESIAN_POINT('',(2.75,1.1390872965,0.45));
#476=CARTESIAN_POINT('',(2.75,0.0,0.4));
#477=CARTESIAN_POINT('',(2.75,-1.1390872965,0.35));
#478=CARTESIAN_POINT('',(1.9445436483,-1.9445436483,0.3));
#479=CARTESIAN_POINT('',(1.1390872965,-2.75,0.25));
#480=CARTESIAN_POINT('',(0.0,-2.75,0.2));
#481=CARTESIAN_POINT('',(-1.1390872965,-2.75,0.15));
#482=CARTESIAN_POINT('',(-1.9445436483,-1.9445436483,0.1));
#483=CARTESIAN_POINT('',(-2.75,-1.1390872965,0.05));
#484=CARTESIAN_POINT('',(-2.75,0.0,0.0));
#485=CARTESIAN_POINT('',(-2.75,1.1390872965,-0.05));
#486=CARTESIAN_POINT('',(-1.9445436483,1.9445436483,-0.1));
#487=CARTESIAN_POINT('',(-1.1390872965,2.75,-0.15));
#488=CARTESIAN_POINT('',(-0.0,2.75,-0.2));
#489=CARTESIAN_POINT('',(1.1390872965,2.75,-0.25));
#490=CARTESIAN_POINT('',(1.9445436483,1.9445436483,-0.3));
#491=CARTESIAN_POINT('',(2.75,1.1390872965,-0.35));
#492=CARTESIAN_POINT('',(2.75,0.0,-0.4));
#493=CARTESIAN_POINT('',(2.75,-1.1390872965,-0.45));
#494=CARTESIAN_POINT('',(1.9445436483,-1.9445436483,-0.5));
#495=CARTESIAN_POINT('',(1.1390872965,-2.75,-0.55));
#496=CARTESIAN_POINT('',(0.0,-2.75,-0.6));
#497=CARTESIAN_POINT('',(-1.1390872965,-2.75,-0.65));
#498=CARTESIAN_POINT('',(-1.9445436483,-1.9445436483,-0.7));
#499=CARTESIAN_POINT('',(-2.75,-1.1390872965,-0.75));
#500=CARTESIAN_POINT('',(-2.75,0.0,-0.8));
#501=(BOUNDED_CURVE() B_SPLINE_CURVE(2,(#420,#421,#422,#423,#424,#425,#426,#427,#428,#429,
    #430,#431,#432,#433,#434,#435,#436,#437,#438,#439,
    #440,#441,#442,#443,#444,#445,#446,#447,#448,#449,
    #450,#451,#452,#453,#454,#455,#456,#457,#458,#459,
    #460,#461,#462,#463,#464,#465,#466,#467,#468,#469,
    #470,#471,#472,#473,#474,#475,#476,#477,#478,#479,
    #480,#481,#482,#483,#484,#485,#486,#487,#488,#489,
    #490,#491,#492,#493,#494,#495,#496,#497,#498,#499,#500),.UNSPECIFIED.,.F.,.U.)
  B_SPLINE_CURVE_WITH_KNOTS((3,2,2,2,2,2,2,2,2,2,2,2,2,2,2,2,2,2,2,2,
    2,2,2,2,2,2,2,2,2,2,2,2,2,2,2,2,2,2,2,2,3),
  (0.0,0.025,0.05,0.075,0.1,0.125,0.15,0.175,0.2,0.225,0.25,0.275,0.3,0.325,0.35,0.375,0.4,0.425,0.45,0.475,
    0.5,0.525,0.55,0.575,0.6,0.625,0.65,0.675,0.7,0.725,0.75,0.775,0.8,0.825,0.85,0.875,0.9,0.925,0.95,0.975,1.0),.UNSPECIFIED.)
  CURVE() GEOMETRIC_REPRESENTATION_ITEM() RATIONAL_B_SPLINE_CURVE((1.0,0.9238795325,1.0,0.9238795325,1.0,0.9238795325,1.0,0.9238795325,1.0,0.9238795325,1.0,0.9238795325,1.0,0.9238795325,1.0,0.9238795325,1.0,0.9238795325,1.0,0.9238795325,
    1.0,0.9238795325,1.0,0.9238795325,1.0,0.9238795325,1.0,0.9238795325,1.0,0.9238795325,1.0,0.9238795325,1.0,0.9238795325,1.0,0.9238795325,1.0,0.9238795325,1.0,0.9238795325,
    1.0,0.9238795325,1.0,0.9238795325,1.0,0.9238795325,1.0,0.9238795325,1.0,0.9238795325,1.0,0.9238795325,1.0,0.9238795325,1.0,0.9238795325,1.0,0.9238795325,1.0,0.9238795325,
    1.0,0.9238795325,1.0,0.9238795325,1.0,0.9238795325,1.0,0.9238795325,1.0,0.9238795325,1.0,0.9238795325,1.0,0.9238795325,1.0,0.9238795325,1.0,0.9238795325,1.0,0.9238795325,1.0))  REPRESENTATION_ITEM('') );
#502=EDGE_CURVE('n° 950',#413,#317,#501,.T.);
#503=ORIENTED_EDGE('',*,*,#502,.T.);
#504=EDGE_LOOP('',(#326,#410,#411,#419,#503));
#505=FACE_OUTER_BOUND('',#504,.T.);
#506=CARTESIAN_POINT('',(0.0,0.0,2.5));
#507=DIRECTION('',(-0.0,-0.0,-1.0));
#508=DIRECTION('',(-1.0,0.0,0.0));
#509=AXIS2_PLACEMENT_3D('',#506,#507,#508);
#510=CYLINDRICAL_SURFACE('',#509,2.75);
#511=ADVANCED_FACE('n° 840',(#505),#510,.F.);
#512=CARTESIAN_POINT('',(-0.75,2.8478344042,2.3949381647));
#513=VERTEX_POINT('',#512);
#514=CARTESIAN_POINT('',(-0.75,2.6684952728,2.22188871));
#515=VERTEX_POINT('',#514);
#516=CARTESIAN_POINT('',(-0.75,2.8478344042,2.3949381647));
#517=CARTESIAN_POINT('',(-0.75,2.7881256345,2.3371981786));
#518=CARTESIAN_POINT('',(-0.75,2.7283332976,2.2794947336));
#519=CARTESIAN_POINT('',(-0.75,2.6684952728,2.22188871));
#520=B_SPLINE_CURVE_WITH_KNOTS('',3,(#516,#517,#518,#519),.UNSPECIFIED.,.F.,.U.,
 (4,4),(0.0,1.0),.UNSPECIFIED.);
#521=EDGE_CURVE('n° 683',#513,#515,#520,.T.);
#522=ORIENTED_EDGE('',*,*,#521,.F.);
#523=CARTESIAN_POINT('',(-0.75,2.8478344042,2.3949381647));
#524=CARTESIAN_POINT('',(-1.0874415072,2.7954988258,2.430265925));
#525=CARTESIAN_POINT('',(-1.4205002889,2.6824745049,2.4662744458));
#526=CARTESIAN_POINT('',(-1.7202558047,2.5185749872,2.5));
#527=B_SPLINE_CURVE_WITH_KNOTS('',3,(#523,#524,#525,#526),.UNSPECIFIED.,.F.,.U.,
 (4,4),(0.0,1.0),.UNSPECIFIED.);
#528=EDGE_CURVE('n° 958',#513,#168,#527,.T.);
#529=ORIENTED_EDGE('',*,*,#528,.T.);
#530=ORIENTED_EDGE('',*,*,#174,.F.);
#531=CARTESIAN_POINT('',(-0.75,-2.8875207478,2.4333330469));
#532=VERTEX_POINT('',#531);
#533=CARTESIAN_POINT('',(-0.75,-2.8875207478,2.4333330469));
#534=CARTESIAN_POINT('',(-0.75,-2.9104716722,2.4555468827));
#535=CARTESIAN_POINT('',(-0.75,-2.9334143492,2.4777694658));
#536=CARTESIAN_POINT('',(-0.75,-2.9563490998,2.5));
#537=B_SPLINE_CURVE_WITH_KNOTS('',3,(#533,#534,#535,#536),.UNSPECIFIED.,.F.,.U.,
 (4,4),(0.0,1.0),.UNSPECIFIED.);
#538=EDGE_CURVE('n° 748',#532,#166,#537,.T.);
#539=ORIENTED_EDGE('',*,*,#538,.F.);
#540=CARTESIAN_POINT('',(-0.75,-2.8875207478,2.4333330469));
#541=CARTESIAN_POINT('',(-1.0491905764,-2.8009637856,2.424771451));
#542=CARTESIAN_POINT('',(-1.3381012264,-2.6651124433,2.415873596));
#543=CARTESIAN_POINT('',(-1.8706330827,-2.3027653289,2.3981213657));
#544=CARTESIAN_POINT('',(-2.1175230088,-2.0657052262,2.3894661601));
#545=CARTESIAN_POINT('',(-2.5097090921,-1.5313098612,2.371403095));
#546=CARTESIAN_POINT('',(-2.6611654323,-1.2270855099,2.3618037888));
#547=CARTESIAN_POINT('',(-2.8491285068,-0.5988793545,2.3431479994));
#548=CARTESIAN_POINT('',(-2.8899954295,-0.2665774945,2.3339614657));
#549=CARTESIAN_POINT('',(-2.8592767281,0.3835796063,2.3165011064));
#550=CARTESIAN_POINT('',(-2.7862955135,0.7104977008,2.3070103258));
#551=CARTESIAN_POINT('',(-2.5403138968,1.3053999327,2.2883003549));
#552=CARTESIAN_POINT('',(-2.3661334021,1.5827101452,2.2788215383));
#553=CARTESIAN_POINT('',(-1.941528179,2.0575736793,2.2610024487));
#554=CARTESIAN_POINT('',(-1.6847967631,2.261623242,2.2521580664));
#555=CARTESIAN_POINT('',(-1.199117873,2.5255212131,2.2359188888));
#556=CARTESIAN_POINT('',(-0.9772316401,2.6118452246,2.2288346398));
#557=CARTESIAN_POINT('',(-0.75,2.6684952728,2.22188871));
#558=B_SPLINE_CURVE_WITH_KNOTS('',3,(#540,#541,#542,#543,#544,#545,#546,#547,#548,#549,
    #550,#551,#552,#553,#554,#555,#556,#557),.UNSPECIFIED.,.F.,.U.,
 (4,2,2,2,2,2,2,2,4),(0.0,0.1247629108,0.2580172627,0.3902877433,0.5206906255,0.6510101948,0.7785726716,0.9061848434,1.0),.UNSPECIFIED.);
#559=EDGE_CURVE('n° 949',#532,#515,#558,.T.);
#560=ORIENTED_EDGE('',*,*,#559,.T.);
#561=EDGE_LOOP('',(#522,#529,#530,#539,#560));
#562=FACE_OUTER_BOUND('',#561,.T.);
#563=CARTESIAN_POINT('',(0.0,0.0,2.2));
#564=DIRECTION('',(0.0,0.0,1.0));
#565=DIRECTION('',(1.0,0.0,-0.0));
#566=AXIS2_PLACEMENT_3D('',#563,#564,#565);
#567=CONICAL_SURFACE('',#566,2.75,0.7853981634);
#568=ADVANCED_FACE('n° 828',(#562),#567,.F.);
#569=CARTESIAN_POINT('',(0.5645116167,2.997303227,-0.0000006276));
#570=CARTESIAN_POINT('',(0.4940279509,3.0086465005,0.0018956082));
#571=CARTESIAN_POINT('',(0.4211887283,3.0177456435,0.0038297807));
#572=CARTESIAN_POINT('',(0.0081239441,3.0546353343,0.0146743693));
#573=CARTESIAN_POINT('',(-0.3441122437,3.0265200581,0.0233907356));
#574=CARTESIAN_POINT('',(-1.0043276043,2.8556726487,0.0418321002));
#575=CARTESIAN_POINT('',(-1.321995327,2.7125974778,0.0514381518));
#576=CARTESIAN_POINT('',(-1.8816296709,2.3353272549,0.0698659034));
#577=CARTESIAN_POINT('',(-2.1321999584,2.0967347334,0.0785179206));
#578=CARTESIAN_POINT('',(-2.5310142252,1.5582309927,0.0965698032));
#579=CARTESIAN_POINT('',(-2.6854612846,1.2513289548,0.1061664651));
#580=CARTESIAN_POINT('',(-2.8781781058,0.6171195903,0.1248141666));
#581=CARTESIAN_POINT('',(-2.9209333515,0.281439278,0.1340445649));
#582=CARTESIAN_POINT('',(-2.8927872518,-0.3759741356,0.1514642029));
#583=CARTESIAN_POINT('',(-2.8204560128,-0.7068668889,0.1609435138));
#584=CARTESIAN_POINT('',(-2.5744037253,-1.3095726555,0.1796654739));
#585=CARTESIAN_POINT('',(-2.3994680877,-1.590794443,0.1891383905));
#586=CARTESIAN_POINT('',(-1.9722260918,-2.07284902,0.2069817267));
#587=CARTESIAN_POINT('',(-1.7136090032,-2.2803243247,0.2158092991));
#588=CARTESIAN_POINT('',(-1.1536913837,-2.5878628101,0.2343410399));
#589=CARTESIAN_POINT('',(-0.8457101704,-2.6942502017,0.2439452175));
#590=CARTESIAN_POINT('',(-0.222358287,-2.7966233924,0.2622667091));
#591=CARTESIAN_POINT('',(0.101740469,-2.7950170974,0.2708821179));
#592=CARTESIAN_POINT('',(0.6317507985,-2.6995774972,0.2865166258));
#593=CARTESIAN_POINT('',(0.8484929132,-2.6324067285,0.2932687082));
#594=CARTESIAN_POINT('',(1.0523764587,-2.5406699489,0.2999998495));
#595=B_SPLINE_CURVE_WITH_KNOTS('',3,(#569,#570,#571,#572,#573,#574,#575,#576,#577,#578,
    #579,#580,#581,#582,#583,#584,#585,#586,#587,#588,
    #589,#590,#591,#592,#593,#594),.UNSPECIFIED.,.F.,.U.,
 (4,2,2,2,2,2,2,2,2,2,2,2,4),
 (0.0,0.0199360357,0.1158074015,0.2103786023,0.3042859074,0.397508967,0.4893948282,0.5812613626,0.6711984754,0.7611440624,0.8496022554,0.9375607755,1.0),.UNSPECIFIED.);
#596=EDGE_CURVE('n° 917',#230,#319,#595,.T.);
#597=ORIENTED_EDGE('',*,*,#596,.T.);
#598=ORIENTED_EDGE('',*,*,#325,.F.);
#599=CARTESIAN_POINT('',(1.9445436483,-1.9445436483,0.3));
#600=CARTESIAN_POINT('',(1.9089465893,-1.9883915594,0.2941657665));
#601=CARTESIAN_POINT('',(1.870708356,-2.0328407029,0.2880553695));
#602=CARTESIAN_POINT('',(1.8090016205,-2.0999462532,0.2784755286));
#603=CARTESIAN_POINT('',(1.7877079259,-2.1223859093,0.2752132074));
#604=CARTESIAN_POINT('',(1.7546333577,-2.1560855528,0.2702161644));
#605=CARTESIAN_POINT('',(1.7434195115,-2.1673254047,0.2685332231));
#606=CARTESIAN_POINT('',(1.7263095479,-2.1841863094,0.2659829209));
#607=CARTESIAN_POINT('',(1.7205580288,-2.1898067952,0.2651285052));
#608=CARTESIAN_POINT('',(1.7089576577,-2.2010466204,0.2634110435));
#609=CARTESIAN_POINT('',(1.7020629348,-2.2076621812,0.2623941912));
#610=CARTESIAN_POINT('',(1.6583939359,-2.2492581338,0.2559722004));
#611=CARTESIAN_POINT('',(1.6160892939,-2.2874794445,0.2498755701));
#612=CARTESIAN_POINT('',(1.5468238106,-2.3459550262,0.2401483335));
#613=CARTESIAN_POINT('',(1.5227671644,-2.3656359216,0.2368088727));
#614=CARTESIAN_POINT('',(1.4851585578,-2.3953350139,0.2316541088));
#615=CARTESIAN_POINT('',(1.4723684279,-2.4052642282,0.229911592));
#616=CARTESIAN_POINT('',(1.4527935683,-2.4201881042,0.2272614237));
#617=CARTESIAN_POINT('',(1.4462036722,-2.4251677316,0.2263719687));
#618=CARTESIAN_POINT('',(1.4362203305,-2.4326428342,0.2250286879));
#619=CARTESIAN_POINT('',(1.4328761338,-2.4351354781,0.2245794112));
#620=CARTESIAN_POINT('',(1.4261547287,-2.44012234,0.2236778252));
#621=CARTESIAN_POINT('',(1.4214983117,-2.4435569275,0.2230544576));
#622=CARTESIAN_POINT('',(1.3855502019,-2.4699830391,0.2182474085));
#623=CARTESIAN_POINT('',(1.3436384105,-2.4997087511,0.2127049911));
#624=CARTESIAN_POINT('',(1.2417552654,-2.5664335061,0.1995838849));
#625=CARTESIAN_POINT('',(1.183489828,-2.6024899523,0.1922154867));
#626=CARTESIAN_POINT('',(1.0397640422,-2.6820660833,0.1746012557));
#627=CARTESIAN_POINT('',(0.9755257633,-2.7136305119,0.1669797418));
#628=CARTESIAN_POINT('',(0.8928725017,-2.7515906517,0.1573258733));
#629=CARTESIAN_POINT('',(0.8675941829,-2.7626736141,0.1544043175));
#630=CARTESIAN_POINT('',(0.833279652,-2.7772453532,0.1504665844));
#631=CARTESIAN_POINT('',(0.822441407,-2.7817599642,0.1492281068));
#632=CARTESIAN_POINT('',(0.807103447,-2.7880508659,0.1474815405));
#633=CARTESIAN_POINT('',(0.8021439973,-2.7900676283,0.1469178768));
#634=CARTESIAN_POINT('',(0.7949367963,-2.7929762543,0.1461001688));
#635=CARTESIAN_POINT('',(0.7925730565,-2.7939263743,0.1458322307));
#636=CARTESIAN_POINT('',(0.7879232375,-2.7957883742,0.145305617));
#637=CARTESIAN_POINT('',(0.7872802487,-2.7960472459,0.145232701));
#638=CARTESIAN_POINT('',(0.7211472518,-2.8223302652,0.1377560342));
#639=CARTESIAN_POINT('',(0.6609639938,-2.8437129915,0.1311060536));
#640=CARTESIAN_POINT('',(0.5744077962,-2.8715568166,0.1217114059));
#641=CARTESIAN_POINT('',(0.5461738655,-2.8801329341,0.1186765773));
#642=CARTESIAN_POINT('',(0.5048149267,-2.8920372762,0.1142694151));
#643=CARTESIAN_POINT('',(0.4911938483,-2.8958453959,0.1128245412));
#644=CARTESIAN_POINT('',(0.4642918911,-2.9031576557,0.1099831537));
#645=CARTESIAN_POINT('',(0.4535496305,-2.9060109741,0.1088524546));
#646=CARTESIAN_POINT('',(0.3753252828,-2.9260652592,0.1006617145));
#647=CARTESIAN_POINT('',(0.3139186517,-2.9395450679,0.0943642604));
#648=CARTESIAN_POINT('',(0.2239439933,-2.9563850208,0.0853007863));
#649=CARTESIAN_POINT('',(0.1943075292,-2.9614351502,0.0823434127));
#650=CARTESIAN_POINT('',(0.1504255983,-2.9682242368,0.0780030292));
#651=CARTESIAN_POINT('',(0.1358937025,-2.9703562484,0.0765721808));
#652=CARTESIAN_POINT('',(0.11424359,-2.9733650663,0.0744498275));
#653=CARTESIAN_POINT('',(0.1070515048,-2.9743364723,0.0737463629));
#654=CARTESIAN_POINT('',(0.0927173078,-2.9762174365,0.0723474068));
#655=CARTESIAN_POINT('',(0.0836729403,-2.9773620095,0.0714670814));
#656=CARTESIAN_POINT('',(0.0680294021,-2.9792946945,0.0699470678));
#657=CARTESIAN_POINT('',(0.055292057,-2.9808106006,0.0687147888));
#658=CARTESIAN_POINT('',(0.0326969602,-2.9832923935,0.0665379654));
#659=CARTESIAN_POINT('',(0.0245836744,-2.9841538047,0.0657576234));
#660=CARTESIAN_POINT('',(0.0071888069,-2.9859165554,0.0640874711));
#661=CARTESIAN_POINT('',(-0.0045327743,-2.9870416708,0.0629641199));
#662=CARTESIAN_POINT('',(-0.0268180762,-2.9890854801,0.0608311096));
#663=CARTESIAN_POINT('',(-0.0417923989,-2.9903504201,0.0593955046));
#664=CARTESIAN_POINT('',(-0.0719745331,-2.9926754386,0.0564970983));
#665=CARTESIAN_POINT('',(-0.0878936801,-2.9937797437,0.0549657618));
#666=CARTESIAN_POINT('',(-0.1317308285,-2.9965052951,0.0507421694));
#667=CARTESIAN_POINT('',(-0.161466663,-2.9979376346,0.0478683196));
#668=CARTESIAN_POINT('',(-0.2068278237,-2.9994448558,0.0434703623));
#669=CARTESIAN_POINT('',(-0.2220744107,-2.9998403589,0.0419898462));
#670=CARTESIAN_POINT('',(-0.2528180184,-3.0004065847,0.0389997531));
#671=CARTESIAN_POINT('',(-0.2700607365,-3.0005832034,0.0373198534));
#672=CARTESIAN_POINT('',(-0.3394377608,-3.000817527,0.0305509307));
#673=CARTESIAN_POINT('',(-0.3975852911,-2.9995240656,0.0248461891));
#674=CARTESIAN_POINT('',(-0.519053474,-2.9930721949,0.0128574995));
#675=CARTESIAN_POINT('',(-0.5823749516,-2.9879135305,0.0065735514));
#676=CARTESIAN_POINT('',(-0.6481702796,-2.9803314058,0.0));
#677=B_SPLINE_CURVE_WITH_KNOTS('',3,(#599,#600,#601,#602,#603,#604,#605,#606,#607,#608,
    #609,#610,#611,#612,#613,#614,#615,#616,#617,#618,
    #619,#620,#621,#622,#623,#624,#625,#626,#627,#628,
    #629,#630,#631,#632,#633,#634,#635,#636,#637,#638,
    #639,#640,#641,#642,#643,#644,#645,#646,#647,#648,
    #649,#650,#651,#652,#653,#654,#655,#656,#657,#658,
    #659,#660,#661,#662,#663,#664,#665,#666,#667,#668,
    #669,#670,#671,#672,#673,#674,#675,#676),.UNSPECIFIED.,.F.,.U.,
 (4,2,2,2,2,2,2,2,2,2,2,2,2,2,2,2,2,2,2,2,
  2,2,2,2,2,2,2,2,2,2,2,2,2,2,2,2,2,2,4),
 (0.0,0.0625,0.09375,0.109375,0.1171875,0.125,0.1875,0.21875,0.234375,0.2421875,0.24609375,0.25,0.3125,0.375,0.4375,0.46875,0.484375,0.4921875,0.49609375,0.5,
  0.5625,0.59375,0.609375,0.625,0.6875,0.71875,0.734375,0.7421875,0.75,0.765625,0.7734375,0.78125,0.796875,0.8125,0.84375,0.859375,0.875,0.9375,1.0),.UNSPECIFIED.);
#678=EDGE_CURVE('n° 951',#317,#268,#677,.T.);
#679=ORIENTED_EDGE('',*,*,#678,.T.);
#680=ORIENTED_EDGE('',*,*,#274,.F.);
#681=EDGE_LOOP('',(#597,#598,#679,#680));
#682=FACE_OUTER_BOUND('',#681,.T.);
#683=CARTESIAN_POINT('',(0.0,0.0,0.0));
#684=DIRECTION('',(-0.0,-0.0,-1.0));
#685=DIRECTION('',(-1.0,0.0,0.0));
#686=AXIS2_PLACEMENT_3D('',#683,#684,#685);
#687=CONICAL_SURFACE('',#686,3.05,0.7853981634);
#688=ADVANCED_FACE('n° 817',(#682),#687,.F.);
#689=CARTESIAN_POINT('',(-0.75,-3.2046733156,2.1336774631));
#690=VERTEX_POINT('',#689);
#691=CARTESIAN_POINT('',(-0.75,-2.9704052503,2.0));
#692=VERTEX_POINT('',#691);
#693=CARTESIAN_POINT('',(-0.75,-3.2046733156,2.1336774631));
#694=CARTESIAN_POINT('',(-0.75,-3.1265997388,2.0890906688));
#695=CARTESIAN_POINT('',(-0.75,-3.0485115707,2.0445294098));
#696=CARTESIAN_POINT('',(-0.75,-2.9704052503,2.0));
#697=B_SPLINE_CURVE_WITH_KNOTS('',3,(#693,#694,#695,#696),.UNSPECIFIED.,.F.,.U.,
 (4,4),(0.0,1.0),.UNSPECIFIED.);
#698=EDGE_CURVE('n° 931',#690,#692,#697,.T.);
#699=ORIENTED_EDGE('',*,*,#698,.F.);
#700=CARTESIAN_POINT('',(-0.75,-3.2046733156,2.2586774631));
#701=VERTEX_POINT('',#700);
#702=CARTESIAN_POINT('',(-0.75,-3.2046733156,2.2586774631));
#703=CARTESIAN_POINT('',(-0.75,-3.2046733156,2.2378441298));
#704=CARTESIAN_POINT('',(-0.75,-3.2046733156,2.2170107965));
#705=CARTESIAN_POINT('',(-0.75,-3.2046733156,2.1753441298));
#706=CARTESIAN_POINT('',(-0.75,-3.2046733156,2.1545107965));
#707=CARTESIAN_POINT('',(-0.75,-3.2046733156,2.1336774631));
#708=B_SPLINE_CURVE_WITH_KNOTS('',3,(#702,#703,#704,#705,#706,#707),.UNSPECIFIED.,.F.,.U.,
 (4,2,4),(0.0,0.5,1.0),.UNSPECIFIED.);
#709=EDGE_CURVE('n° 972',#701,#690,#708,.T.);
#710=ORIENTED_EDGE('',*,*,#709,.F.);
#711=CARTESIAN_POINT('',(-0.75,-2.8875207478,2.4333330469));
#712=CARTESIAN_POINT('',(-0.75,-2.8954181106,2.4290060526));
#713=CARTESIAN_POINT('',(-0.75,-2.903314718,2.4246776542));
#714=CARTESIAN_POINT('',(-0.75,-2.9601735749,2.3934985957));
#715=CARTESIAN_POINT('',(-0.75,-3.009107867,2.3665968769));
#716=CARTESIAN_POINT('',(-0.75,-3.1069265083,2.312702502));
#717=CARTESIAN_POINT('',(-0.75,-3.1558108916,2.2857098041));
#718=CARTESIAN_POINT('',(-0.75,-3.2046733156,2.2586774631));
#719=B_SPLINE_CURVE_WITH_KNOTS('',3,(#711,#712,#713,#714,#715,#716,#717,#718),.UNSPECIFIED.,.F.,.U.,
 (4,2,2,4),(0.0,0.0746143954,0.5373063531,1.0),.UNSPECIFIED.);
#720=EDGE_CURVE('n° 945',#532,#701,#719,.T.);
#721=ORIENTED_EDGE('',*,*,#720,.F.);
#722=ORIENTED_EDGE('',*,*,#538,.T.);
#723=ORIENTED_EDGE('',*,*,#208,.T.);
#724=CARTESIAN_POINT('',(-0.75,-4.6904157598,2.2));
#725=VERTEX_POINT('',#724);
#726=CARTESIAN_POINT('',(-0.75,-4.3863424399,2.5));
#727=CARTESIAN_POINT('',(-0.75,-4.4879821891,2.3998142145));
#728=CARTESIAN_POINT('',(-0.75,-4.5895745377,2.2995766411));
#729=CARTESIAN_POINT('',(-0.75,-4.6911246509,2.1993));
#730=B_SPLINE_CURVE_WITH_KNOTS('',3,(#726,#727,#728,#729),.UNSPECIFIED.,.F.,.U.,
 (4,4),(0.0,1.0),.UNSPECIFIED.);
#731=EDGE_CURVE('n° 248',#196,#725,#730,.T.);
#732=ORIENTED_EDGE('',*,*,#731,.T.);
#733=CARTESIAN_POINT('',(-0.75,-4.6904157598,2.0));
#734=VERTEX_POINT('',#733);
#735=CARTESIAN_POINT('',(-0.75,-4.6904157598,2.5));
#736=DIRECTION('',(0.0,0.0,1.0));
#737=VECTOR('',#736,1.0);
#738=LINE('',#735,#737);
#739=EDGE_CURVE('n° 396',#734,#725,#738,.T.);
#740=ORIENTED_EDGE('',*,*,#739,.F.);
#741=CARTESIAN_POINT('',(-0.75,-5.4145242061,2.0));
#742=DIRECTION('',(0.0,-1.0,0.0));
#743=VECTOR('',#742,1.0);
#744=LINE('',#741,#743);
#745=EDGE_CURVE('n° 726',#692,#734,#744,.T.);
#746=ORIENTED_EDGE('',*,*,#745,.F.);
#747=EDGE_LOOP('',(#699,#710,#721,#722,#723,#732,#740,#746));
#748=FACE_OUTER_BOUND('',#747,.T.);
#749=CARTESIAN_POINT('',(-0.75,-5.4145242061,2.0));
#750=DIRECTION('',(-1.0,0.0,0.0));
#751=DIRECTION('',(0.0,0.0,1.0));
#752=AXIS2_PLACEMENT_3D('',#749,#750,#751);
#753=PLANE('',#752);
#754=ADVANCED_FACE('n° 759',(#748),#753,.F.);
#755=CARTESIAN_POINT('',(0.75,-2.8570846568,2.0));
#756=VERTEX_POINT('',#755);
#757=CARTESIAN_POINT('',(0.75,-3.2046733156,2.1913225396));
#758=VERTEX_POINT('',#757);
#759=CARTESIAN_POINT('',(0.75,-2.8570846568,2.0));
#760=CARTESIAN_POINT('',(0.75,-2.9056234952,2.0265654694));
#761=CARTESIAN_POINT('',(0.75,-2.9541326256,2.0531852733));
#762=CARTESIAN_POINT('',(0.75,-3.0700154711,2.1169233534));
#763=CARTESIAN_POINT('',(0.75,-3.1373651953,2.1540854173));
#764=CARTESIAN_POINT('',(0.75,-3.2046733156,2.1913225396));
#765=B_SPLINE_CURVE_WITH_KNOTS('',3,(#759,#760,#761,#762,#763,#764),.UNSPECIFIED.,.F.,.U.,
 (4,2,4),(0.0,0.4183814005,1.0),.UNSPECIFIED.);
#766=EDGE_CURVE('n° 933',#756,#758,#765,.T.);
#767=ORIENTED_EDGE('',*,*,#766,.F.);
#768=CARTESIAN_POINT('',(0.75,-4.6904157598,2.0));
#769=VERTEX_POINT('',#768);
#770=CARTESIAN_POINT('',(0.75,-5.4145242061,2.0));
#771=DIRECTION('',(0.0,1.0,0.0));
#772=VECTOR('',#771,1.0);
#773=LINE('',#770,#772);
#774=EDGE_CURVE('n° 371',#769,#756,#773,.T.);
#775=ORIENTED_EDGE('',*,*,#774,.F.);
#776=CARTESIAN_POINT('',(0.75,-4.6904157598,2.2));
#777=VERTEX_POINT('',#776);
#778=CARTESIAN_POINT('',(0.75,-4.6904157598,2.5));
#779=DIRECTION('',(0.0,0.0,-1.0));
#780=VECTOR('',#779,1.0);
#781=LINE('',#778,#780);
#782=EDGE_CURVE('n° 370',#777,#769,#781,.T.);
#783=ORIENTED_EDGE('',*,*,#782,.F.);
#784=CARTESIAN_POINT('',(0.75,-4.6911246509,2.1993));
#785=CARTESIAN_POINT('',(0.75,-4.5896231248,2.2995286633));
#786=CARTESIAN_POINT('',(0.75,-4.4879335591,2.3998621488));
#787=CARTESIAN_POINT('',(0.75,-4.3863424399,2.5));
#788=B_SPLINE_CURVE_WITH_KNOTS('',3,(#784,#785,#786,#787),.UNSPECIFIED.,.F.,.U.,
 (4,4),(0.0,1.0),.UNSPECIFIED.);
#789=EDGE_CURVE('n° 259',#777,#79,#788,.T.);
#790=ORIENTED_EDGE('',*,*,#789,.T.);
#791=ORIENTED_EDGE('',*,*,#84,.T.);
#792=ORIENTED_EDGE('',*,*,#155,.T.);
#793=CARTESIAN_POINT('',(0.75,-3.2046733156,2.3163225396));
#794=VERTEX_POINT('',#793);
#795=CARTESIAN_POINT('',(0.75,-3.2046733156,2.3163225396));
#796=CARTESIAN_POINT('',(0.75,-3.1566237566,2.3437630117));
#797=CARTESIAN_POINT('',(0.75,-3.1085686513,2.3711937749));
#798=CARTESIAN_POINT('',(0.75,-3.0166991954,2.4236064787));
#799=CARTESIAN_POINT('',(0.75,-2.9728859131,2.448590298));
#800=CARTESIAN_POINT('',(0.75,-2.9290666641,2.4735636446));
#801=B_SPLINE_CURVE_WITH_KNOTS('',3,(#795,#796,#797,#798,#799,#800),.UNSPECIFIED.,.F.,.U.,
 (4,2,4),(0.0,0.5231492317,1.0),.UNSPECIFIED.);
#802=EDGE_CURVE('n° 946',#794,#140,#801,.T.);
#803=ORIENTED_EDGE('',*,*,#802,.F.);
#804=CARTESIAN_POINT('',(0.75,-3.2046733156,2.1913225396));
#805=CARTESIAN_POINT('',(0.75,-3.2046733156,2.2017392063));
#806=CARTESIAN_POINT('',(0.75,-3.2046733156,2.2121558729));
#807=CARTESIAN_POINT('',(0.75,-3.2046733156,2.2329892063));
#808=CARTESIAN_POINT('',(0.75,-3.2046733156,2.2434058729));
#809=CARTESIAN_POINT('',(0.75,-3.2046733156,2.2746558729));
#810=CARTESIAN_POINT('',(0.75,-3.2046733156,2.2954892063));
#811=CARTESIAN_POINT('',(0.75,-3.2046733156,2.3163225396));
#812=B_SPLINE_CURVE_WITH_KNOTS('',3,(#804,#805,#806,#807,#808,#809,#810,#811),.UNSPECIFIED.,.F.,.U.,
 (4,2,2,4),(0.0,0.25,0.5,1.0),.UNSPECIFIED.);
#813=EDGE_CURVE('n° 739',#758,#794,#812,.T.);
#814=ORIENTED_EDGE('',*,*,#813,.F.);
#815=EDGE_LOOP('',(#767,#775,#783,#790,#791,#792,#803,#814));
#816=FACE_OUTER_BOUND('',#815,.T.);
#817=CARTESIAN_POINT('',(0.75,-5.4145242061,2.0));
#818=DIRECTION('',(1.0,-0.0,0.0));
#819=DIRECTION('',(0.0,0.0,-1.0));
#820=AXIS2_PLACEMENT_3D('',#817,#818,#819);
#821=PLANE('',#820);
#822=ADVANCED_FACE('n° 745',(#816),#821,.F.);
#823=CARTESIAN_POINT('',(-0.75,-2.9704052503,2.0));
#824=CARTESIAN_POINT('',(-0.4094558972,-3.0303925976,2.0));
#825=CARTESIAN_POINT('',(-0.0535378276,-3.0334731575,2.0));
#826=CARTESIAN_POINT('',(0.4442787494,-2.9487621091,2.0));
#827=CARTESIAN_POINT('',(0.5995318835,-2.9090398311,2.0));
#828=CARTESIAN_POINT('',(0.75,-2.8570846568,2.0));
#829=B_SPLINE_CURVE_WITH_KNOTS('',3,(#823,#824,#825,#826,#827,#828),.UNSPECIFIED.,.F.,.U.,
 (4,2,4),(0.0,0.684764253,1.0),.UNSPECIFIED.);
#830=EDGE_CURVE('n° 932',#692,#756,#829,.T.);
#831=ORIENTED_EDGE('',*,*,#830,.F.);
#832=ORIENTED_EDGE('',*,*,#745,.T.);
#833=CARTESIAN_POINT('',(0.0,0.0,2.0));
#834=DIRECTION('',(0.0,0.0,-1.0));
#835=DIRECTION('',(-1.0,0.0,-0.0));
#836=AXIS2_PLACEMENT_3D('',#833,#834,#835);
#837=CIRCLE('',#836,4.75);
#838=EDGE_CURVE('n° 360',#769,#734,#837,.T.);
#839=ORIENTED_EDGE('',*,*,#838,.F.);
#840=ORIENTED_EDGE('',*,*,#774,.T.);
#841=EDGE_LOOP('',(#831,#832,#839,#840));
#842=FACE_OUTER_BOUND('',#841,.T.);
#843=CARTESIAN_POINT('',(0.0,0.0,2.0));
#844=DIRECTION('',(0.0,0.0,-1.0));
#845=DIRECTION('',(-1.0,0.0,-0.0));
#846=AXIS2_PLACEMENT_3D('',#843,#844,#845);
#847=PLANE('',#846);
#848=ADVANCED_FACE('n° 730',(#842),#847,.F.);
#849=CARTESIAN_POINT('',(0.75,2.948293924,2.0));
#850=VERTEX_POINT('',#849);
#851=CARTESIAN_POINT('',(-0.75,3.0580768203,2.0));
#852=VERTEX_POINT('',#851);
#853=CARTESIAN_POINT('',(0.75,2.948293924,2.0));
#854=CARTESIAN_POINT('',(0.4311690677,3.0548686792,2.0));
#855=CARTESIAN_POINT('',(0.0896476977,3.1068991389,2.0));
#856=CARTESIAN_POINT('',(-0.4150092149,3.1017394673,2.0));
#857=CARTESIAN_POINT('',(-0.5839055738,3.0865167943,2.0));
#858=CARTESIAN_POINT('',(-0.75,3.0580768203,2.0));
#859=B_SPLINE_CURVE_WITH_KNOTS('',3,(#853,#854,#855,#856,#857,#858),.UNSPECIFIED.,.F.,.U.,
 (4,2,4),(0.0,0.6661040766,1.0),.UNSPECIFIED.);
#860=EDGE_CURVE('n° 943',#850,#852,#859,.T.);
#861=ORIENTED_EDGE('',*,*,#860,.F.);
#862=CARTESIAN_POINT('',(0.75,4.6904157598,2.0));
#863=VERTEX_POINT('',#862);
#864=CARTESIAN_POINT('',(0.75,-5.4145242061,2.0));
#865=DIRECTION('',(-0.0,1.0,0.0));
#866=VECTOR('',#865,1.0);
#867=LINE('',#864,#866);
#868=EDGE_CURVE('n° 708',#850,#863,#867,.T.);
#869=ORIENTED_EDGE('',*,*,#868,.T.);
#870=CARTESIAN_POINT('',(-0.75,4.6904157598,2.0));
#871=VERTEX_POINT('',#870);
#872=CARTESIAN_POINT('',(0.0,0.0,2.0));
#873=DIRECTION('',(0.0,0.0,-1.0));
#874=DIRECTION('',(-1.0,0.0,-0.0));
#875=AXIS2_PLACEMENT_3D('',#872,#873,#874);
#876=CIRCLE('',#875,4.75);
#877=EDGE_CURVE('n° 359',#871,#863,#876,.T.);
#878=ORIENTED_EDGE('',*,*,#877,.F.);
#879=CARTESIAN_POINT('',(-0.75,-5.4145242061,2.0));
#880=DIRECTION('',(0.0,-1.0,0.0));
#881=VECTOR('',#880,1.0);
#882=LINE('',#879,#881);
#883=EDGE_CURVE('n° 390',#871,#852,#882,.T.);
#884=ORIENTED_EDGE('',*,*,#883,.T.);
#885=EDGE_LOOP('',(#861,#869,#878,#884));
#886=FACE_OUTER_BOUND('',#885,.T.);
#887=CARTESIAN_POINT('',(0.0,0.0,2.0));
#888=DIRECTION('',(0.0,0.0,-1.0));
#889=DIRECTION('',(-1.0,0.0,-0.0));
#890=AXIS2_PLACEMENT_3D('',#887,#888,#889);
#891=PLANE('',#890);
#892=ADVANCED_FACE('n° 720',(#886),#891,.F.);
#893=CARTESIAN_POINT('',(0.75,3.1456909392,2.5));
#894=CARTESIAN_POINT('',(0.75,3.0976367097,2.4725677074));
#895=CARTESIAN_POINT('',(0.75,3.0495766299,2.4451456598));
#896=CARTESIAN_POINT('',(0.75,2.9534430827,2.3903250452));
#897=CARTESIAN_POINT('',(0.75,2.9053696151,2.3629264717));
#898=CARTESIAN_POINT('',(0.75,2.7996260338,2.3026993325));
#899=CARTESIAN_POINT('',(0.75,2.7419525534,2.2698766624));
#900=CARTESIAN_POINT('',(0.75,2.6842658273,2.2370772974));
#901=B_SPLINE_CURVE_WITH_KNOTS('',3,(#893,#894,#895,#896,#897,#898,#899,#900),.UNSPECIFIED.,.F.,.U.,
 (4,2,2,4),(0.0,0.3125711162,0.6251422349,1.0),.UNSPECIFIED.);
#902=EDGE_CURVE('n° 927',#17,#113,#901,.T.);
#903=ORIENTED_EDGE('',*,*,#902,.F.);
#904=ORIENTED_EDGE('',*,*,#24,.T.);
#905=CARTESIAN_POINT('',(0.75,4.6904157598,2.2));
#906=VERTEX_POINT('',#905);
#907=CARTESIAN_POINT('',(0.75,4.3863424399,2.5));
#908=CARTESIAN_POINT('',(0.75,4.4879821891,2.3998142145));
#909=CARTESIAN_POINT('',(0.75,4.5895745377,2.2995766411));
#910=CARTESIAN_POINT('',(0.75,4.6911246509,2.1993));
#911=B_SPLINE_CURVE_WITH_KNOTS('',3,(#907,#908,#909,#910),.UNSPECIFIED.,.F.,.U.,
 (4,4),(0.0,1.0),.UNSPECIFIED.);
#912=EDGE_CURVE('n° 254',#19,#906,#911,.T.);
#913=ORIENTED_EDGE('',*,*,#912,.T.);
#914=CARTESIAN_POINT('',(0.75,4.6904157598,2.5));
#915=DIRECTION('',(0.0,0.0,1.0));
#916=VECTOR('',#915,1.0);
#917=LINE('',#914,#916);
#918=EDGE_CURVE('n° 377',#863,#906,#917,.T.);
#919=ORIENTED_EDGE('',*,*,#918,.F.);
#920=ORIENTED_EDGE('',*,*,#868,.F.);
#921=CARTESIAN_POINT('',(0.75,2.6457513111,2.1651834753));
#922=CARTESIAN_POINT('',(0.75,2.6962467877,2.1377849396));
#923=CARTESIAN_POINT('',(0.75,2.7467026931,2.1103133836));
#924=CARTESIAN_POINT('',(0.75,2.8475467935,2.0552457457));
#925=CARTESIAN_POINT('',(0.75,2.8979350505,2.0276495861));
#926=CARTESIAN_POINT('',(0.75,2.948293924,2.0));
#927=B_SPLINE_CURVE_WITH_KNOTS('',3,(#921,#922,#923,#924,#925,#926),.UNSPECIFIED.,.F.,.U.,
 (4,2,4),(0.0,0.4999983778,1.0),.UNSPECIFIED.);
#928=EDGE_CURVE('n° 942',#413,#850,#927,.T.);
#929=ORIENTED_EDGE('',*,*,#928,.F.);
#930=ORIENTED_EDGE('',*,*,#418,.T.);
#931=ORIENTED_EDGE('',*,*,#128,.T.);
#932=EDGE_LOOP('',(#903,#904,#913,#919,#920,#929,#930,#931));
#933=FACE_OUTER_BOUND('',#932,.T.);
#934=CARTESIAN_POINT('',(0.75,-5.4145242061,2.0));
#935=DIRECTION('',(1.0,-0.0,0.0));
#936=DIRECTION('',(0.0,0.0,-1.0));
#937=AXIS2_PLACEMENT_3D('',#934,#935,#936);
#938=PLANE('',#937);
#939=ADVANCED_FACE('n° 716',(#933),#938,.F.);
#940=CARTESIAN_POINT('',(-0.75,2.8478344042,2.3949381647));
#941=CARTESIAN_POINT('',(-0.75,2.9116805207,2.4298694827));
#942=CARTESIAN_POINT('',(-0.75,2.9754748809,2.4648955517));
#943=CARTESIAN_POINT('',(-0.75,3.0392259693,2.5));
#944=B_SPLINE_CURVE_WITH_KNOTS('',3,(#940,#941,#942,#943),.UNSPECIFIED.,.F.,.U.,
 (4,4),(0.0,1.0),.UNSPECIFIED.);
#945=EDGE_CURVE('n° 693',#513,#177,#944,.T.);
#946=ORIENTED_EDGE('',*,*,#945,.F.);
#947=ORIENTED_EDGE('',*,*,#521,.T.);
#948=CARTESIAN_POINT('',(-0.75,3.0580768203,2.0));
#949=CARTESIAN_POINT('',(-0.75,3.0100151706,2.0274192907));
#950=CARTESIAN_POINT('',(-0.75,2.9619471763,2.0548274643));
#951=CARTESIAN_POINT('',(-0.75,2.8321026746,2.1288184968));
#952=CARTESIAN_POINT('',(-0.75,2.7503124778,2.1753773681));
#953=CARTESIAN_POINT('',(-0.75,2.6684952728,2.22188871));
#954=B_SPLINE_CURVE_WITH_KNOTS('',3,(#948,#949,#950,#951,#952,#953),.UNSPECIFIED.,.F.,.U.,
 (4,2,4),(0.0,0.3702527338,1.0),.UNSPECIFIED.);
#955=EDGE_CURVE('n° 688',#852,#515,#954,.T.);
#956=ORIENTED_EDGE('',*,*,#955,.F.);
#957=ORIENTED_EDGE('',*,*,#883,.F.);
#958=CARTESIAN_POINT('',(-0.75,4.6904157598,2.2));
#959=VERTEX_POINT('',#958);
#960=CARTESIAN_POINT('',(-0.75,4.6904157598,2.5));
#961=DIRECTION('',(0.0,0.0,-1.0));
#962=VECTOR('',#961,1.0);
#963=LINE('',#960,#962);
#964=EDGE_CURVE('n° 389',#959,#871,#963,.T.);
#965=ORIENTED_EDGE('',*,*,#964,.F.);
#966=CARTESIAN_POINT('',(-0.75,4.6911246509,2.1993));
#967=CARTESIAN_POINT('',(-0.75,4.5896231248,2.2995286633));
#968=CARTESIAN_POINT('',(-0.75,4.4879335591,2.3998621488));
#969=CARTESIAN_POINT('',(-0.75,4.3863424399,2.5));
#970=B_SPLINE_CURVE_WITH_KNOTS('',3,(#966,#967,#968,#969),.UNSPECIFIED.,.F.,.U.,
 (4,4),(0.0,1.0),.UNSPECIFIED.);
#971=EDGE_CURVE('n° 250',#959,#188,#970,.T.);
#972=ORIENTED_EDGE('',*,*,#971,.T.);
#973=ORIENTED_EDGE('',*,*,#193,.T.);
#974=EDGE_LOOP('',(#946,#947,#956,#957,#965,#972,#973));
#975=FACE_OUTER_BOUND('',#974,.T.);
#976=CARTESIAN_POINT('',(-0.75,-5.4145242061,2.0));
#977=DIRECTION('',(-1.0,0.0,0.0));
#978=DIRECTION('',(0.0,0.0,1.0));
#979=AXIS2_PLACEMENT_3D('',#976,#977,#978);
#980=PLANE('',#979);
#981=ADVANCED_FACE('n° 696',(#975),#980,.F.);
#982=ORIENTED_EDGE('',*,*,#789,.F.);
#983=CARTESIAN_POINT('',(0.0,0.0,2.2));
#984=DIRECTION('',(0.0,0.0,-1.0));
#985=DIRECTION('',(1.0,0.0,0.0));
#986=AXIS2_PLACEMENT_3D('',#983,#984,#985);
#987=CIRCLE('',#986,4.75);
#988=EDGE_CURVE('n° 235',#906,#777,#987,.T.);
#989=ORIENTED_EDGE('',*,*,#988,.F.);
#990=ORIENTED_EDGE('',*,*,#912,.F.);
#991=ORIENTED_EDGE('',*,*,#91,.F.);
#992=EDGE_LOOP('',(#982,#989,#990,#991));
#993=FACE_OUTER_BOUND('',#992,.T.);
#994=CARTESIAN_POINT('',(0.0,0.0,2.5));
#995=DIRECTION('',(0.0,0.0,-1.0));
#996=DIRECTION('',(-1.0,0.0,-0.0));
#997=AXIS2_PLACEMENT_3D('',#994,#995,#996);
#998=CONICAL_SURFACE('',#997,4.45,0.7853981634);
#999=ADVANCED_FACE('n° 252',(#993),#998,.T.);
#1000=ORIENTED_EDGE('',*,*,#877,.T.);
#1001=ORIENTED_EDGE('',*,*,#918,.T.);
#1002=ORIENTED_EDGE('',*,*,#988,.T.);
#1003=ORIENTED_EDGE('',*,*,#782,.T.);
#1004=ORIENTED_EDGE('',*,*,#838,.T.);
#1005=ORIENTED_EDGE('',*,*,#739,.T.);
#1006=CARTESIAN_POINT('',(0.0,0.0,2.2));
#1007=DIRECTION('',(0.0,0.0,-1.0));
#1008=DIRECTION('',(1.0,0.0,0.0));
#1009=AXIS2_PLACEMENT_3D('',#1006,#1007,#1008);
#1010=CIRCLE('',#1009,4.75);
#1011=EDGE_CURVE('n° 229',#725,#959,#1010,.T.);
#1012=ORIENTED_EDGE('',*,*,#1011,.T.);
#1013=ORIENTED_EDGE('',*,*,#964,.T.);
#1014=EDGE_LOOP('',(#1000,#1001,#1002,#1003,#1004,#1005,#1012,#1013));
#1015=FACE_OUTER_BOUND('',#1014,.T.);
#1016=CARTESIAN_POINT('',(4.75,0.0,0.3));
#1017=VERTEX_POINT('',#1016);
#1018=CARTESIAN_POINT('',(0.0,0.0,0.3));
#1019=DIRECTION('',(-0.0,-0.0,1.0));
#1020=DIRECTION('',(1.0,0.0,0.0));
#1021=AXIS2_PLACEMENT_3D('',#1018,#1019,#1020);
#1022=CIRCLE('',#1021,4.75);
#1023=EDGE_CURVE('n° 123',#1017,#1017,#1022,.T.);
#1024=ORIENTED_EDGE('',*,*,#1023,.T.);
#1025=EDGE_LOOP('',(#1024));
#1026=FACE_BOUND('',#1025,.T.);
#1027=CARTESIAN_POINT('',(0.0,0.0,2.5));
#1028=DIRECTION('',(-0.0,-0.0,-1.0));
#1029=DIRECTION('',(-1.0,0.0,0.0));
#1030=AXIS2_PLACEMENT_3D('',#1027,#1028,#1029);
#1031=CYLINDRICAL_SURFACE('',#1030,4.75);
#1032=ADVANCED_FACE('n° 27',(#1015,#1026),#1031,.T.);
#1033=ORIENTED_EDGE('',*,*,#971,.F.);
#1034=ORIENTED_EDGE('',*,*,#1011,.F.);
#1035=ORIENTED_EDGE('',*,*,#731,.F.);
#1036=ORIENTED_EDGE('',*,*,#202,.F.);
#1037=EDGE_LOOP('',(#1033,#1034,#1035,#1036));
#1038=FACE_OUTER_BOUND('',#1037,.T.);
#1039=CARTESIAN_POINT('',(0.0,0.0,2.5));
#1040=DIRECTION('',(0.0,0.0,-1.0));
#1041=DIRECTION('',(-1.0,0.0,-0.0));
#1042=AXIS2_PLACEMENT_3D('',#1039,#1040,#1041);
#1043=CONICAL_SURFACE('',#1042,4.45,0.7853981634);
#1044=ADVANCED_FACE('n° 170',(#1038),#1043,.T.);
#1045=ORIENTED_EDGE('',*,*,#225,.F.);
#1046=EDGE_LOOP('',(#1045));
#1047=FACE_OUTER_BOUND('',#1046,.T.);
#1048=ORIENTED_EDGE('',*,*,#1023,.F.);
#1049=EDGE_LOOP('',(#1048));
#1050=FACE_BOUND('',#1049,.T.);
#1051=CARTESIAN_POINT('',(0.0,0.0,0.3));
#1052=DIRECTION('',(-0.0,-0.0,1.0));
#1053=DIRECTION('',(1.0,0.0,0.0));
#1054=AXIS2_PLACEMENT_3D('',#1051,#1052,#1053);
#1055=CONICAL_SURFACE('',#1054,4.75,0.7853981634);
#1056=ADVANCED_FACE('n° 198',(#1047,#1050),#1055,.T.);
#1057=ORIENTED_EDGE('',*,*,#289,.T.);
#1058=ORIENTED_EDGE('',*,*,#678,.F.);
#1059=ORIENTED_EDGE('',*,*,#502,.F.);
#1060=ORIENTED_EDGE('',*,*,#928,.T.);
#1061=ORIENTED_EDGE('',*,*,#860,.T.);
#1062=ORIENTED_EDGE('',*,*,#955,.T.);
#1063=ORIENTED_EDGE('',*,*,#559,.F.);
#1064=ORIENTED_EDGE('',*,*,#720,.T.);
#1065=CARTESIAN_POINT('',(-3.291265875,0.0,2.8875000014));
#1066=CARTESIAN_POINT('',(-3.291265875,1.3632869628,2.8375000014));
#1067=CARTESIAN_POINT('',(-2.3272764189,2.3272764189,2.7875000014));
#1068=CARTESIAN_POINT('',(-1.3632869628,3.291265875,2.7375000014));
#1069=CARTESIAN_POINT('',(-0.0,3.291265875,2.6875000014));
#1070=CARTESIAN_POINT('',(1.3632869628,3.291265875,2.6375000014));
#1071=CARTESIAN_POINT('',(2.3272764189,2.3272764189,2.5875000014));
#1072=CARTESIAN_POINT('',(3.291265875,1.3632869628,2.5375000014));
#1073=CARTESIAN_POINT('',(3.291265875,0.0,2.4875000014));
#1074=CARTESIAN_POINT('',(3.291265875,-1.3632869628,2.4375000014));
#1075=CARTESIAN_POINT('',(2.3272764189,-2.3272764189,2.3875000014));
#1076=CARTESIAN_POINT('',(1.3632869628,-3.291265875,2.3375000014));
#1077=CARTESIAN_POINT('',(0.0,-3.291265875,2.2875000014));
#1078=CARTESIAN_POINT('',(-1.3632869628,-3.291265875,2.2375000014));
#1079=CARTESIAN_POINT('',(-2.3272764189,-2.3272764189,2.1875000014));
#1080=CARTESIAN_POINT('',(-3.291265875,-1.3632869628,2.1375000014));
#1081=CARTESIAN_POINT('',(-3.291265875,0.0,2.0875000014));
#1082=CARTESIAN_POINT('',(-3.291265875,1.3632869628,2.0375000014));
#1083=CARTESIAN_POINT('',(-2.3272764189,2.3272764189,1.9875000014));
#1084=CARTESIAN_POINT('',(-1.3632869628,3.291265875,1.9375000014));
#1085=CARTESIAN_POINT('',(-0.0,3.291265875,1.8875000014));
#1086=CARTESIAN_POINT('',(1.3632869628,3.291265875,1.8375000014));
#1087=CARTESIAN_POINT('',(2.3272764189,2.3272764189,1.7875000014));
#1088=CARTESIAN_POINT('',(3.291265875,1.3632869628,1.7375000014));
#1089=CARTESIAN_POINT('',(3.291265875,0.0,1.6875000014));
#1090=CARTESIAN_POINT('',(3.291265875,-1.3632869628,1.6375000014));
#1091=CARTESIAN_POINT('',(2.3272764189,-2.3272764189,1.5875000014));
#1092=CARTESIAN_POINT('',(1.3632869628,-3.291265875,1.5375000014));
#1093=CARTESIAN_POINT('',(0.0,-3.291265875,1.4875000014));
#1094=CARTESIAN_POINT('',(-1.3632869628,-3.291265875,1.4375000014));
#1095=CARTESIAN_POINT('',(-2.3272764189,-2.3272764189,1.3875000014));
#1096=CARTESIAN_POINT('',(-3.291265875,-1.3632869628,1.3375000014));
#1097=CARTESIAN_POINT('',(-3.291265875,0.0,1.2875000014));
#1098=CARTESIAN_POINT('',(-3.291265875,1.3632869628,1.2375000014));
#1099=CARTESIAN_POINT('',(-2.3272764189,2.3272764189,1.1875000014));
#1100=CARTESIAN_POINT('',(-1.3632869628,3.291265875,1.1375000014));
#1101=CARTESIAN_POINT('',(-0.0,3.291265875,1.0875000014));
#1102=CARTESIAN_POINT('',(1.3632869628,3.291265875,1.0375000014));
#1103=CARTESIAN_POINT('',(2.3272764189,2.3272764189,0.9875000014));
#1104=CARTESIAN_POINT('',(3.291265875,1.3632869628,0.9375000014));
#1105=CARTESIAN_POINT('',(3.291265875,0.0,0.8875000014));
#1106=CARTESIAN_POINT('',(3.291265875,-1.3632869628,0.8375000014));
#1107=CARTESIAN_POINT('',(2.3272764189,-2.3272764189,0.7875000014));
#1108=CARTESIAN_POINT('',(1.3632869628,-3.291265875,0.7375000014));
#1109=CARTESIAN_POINT('',(0.0,-3.291265875,0.6875000014));
#1110=CARTESIAN_POINT('',(-1.3632869628,-3.291265875,0.6375000014));
#1111=CARTESIAN_POINT('',(-2.3272764189,-2.3272764189,0.5875000014));
#1112=CARTESIAN_POINT('',(-3.291265875,-1.3632869628,0.5375000014));
#1113=CARTESIAN_POINT('',(-3.291265875,0.0,0.4875000014));
#1114=CARTESIAN_POINT('',(-3.291265875,1.3632869628,0.4375000014));
#1115=CARTESIAN_POINT('',(-2.3272764189,2.3272764189,0.3875000014));
#1116=CARTESIAN_POINT('',(-1.3632869628,3.291265875,0.3375000014));
#1117=CARTESIAN_POINT('',(-0.0,3.291265875,0.2875000014));
#1118=CARTESIAN_POINT('',(1.3632869628,3.291265875,0.2375000014));
#1119=CARTESIAN_POINT('',(2.3272764189,2.3272764189,0.1875000014));
#1120=CARTESIAN_POINT('',(3.291265875,1.3632869628,0.1375000014));
#1121=CARTESIAN_POINT('',(3.291265875,0.0,0.0875000014));
#1122=CARTESIAN_POINT('',(3.291265875,-1.3632869628,0.0375000014));
#1123=CARTESIAN_POINT('',(2.3272764189,-2.3272764189,-0.0124999986));
#1124=CARTESIAN_POINT('',(1.3632869628,-3.291265875,-0.0624999986));
#1125=CARTESIAN_POINT('',(0.0,-3.291265875,-0.1124999986));
#1126=CARTESIAN_POINT('',(-1.3632869628,-3.291265875,-0.1624999986));
#1127=CARTESIAN_POINT('',(-2.3272764189,-2.3272764189,-0.2124999986));
#1128=CARTESIAN_POINT('',(-3.291265875,-1.3632869628,-0.2624999986));
#1129=CARTESIAN_POINT('',(-3.291265875,0.0,-0.3124999986));
#1130=CARTESIAN_POINT('',(-3.291265875,1.3632869628,-0.3624999986));
#1131=CARTESIAN_POINT('',(-2.3272764189,2.3272764189,-0.4124999986));
#1132=CARTESIAN_POINT('',(-1.3632869628,3.291265875,-0.4624999986));
#1133=CARTESIAN_POINT('',(-0.0,3.291265875,-0.5124999986));
#1134=CARTESIAN_POINT('',(1.3632869628,3.291265875,-0.5624999986));
#1135=CARTESIAN_POINT('',(2.3272764189,2.3272764189,-0.6124999986));
#1136=CARTESIAN_POINT('',(3.291265875,1.3632869628,-0.6624999986));
#1137=CARTESIAN_POINT('',(3.291265875,0.0,-0.7124999986));
#1138=CARTESIAN_POINT('',(3.291265875,-1.3632869628,-0.7624999986));
#1139=CARTESIAN_POINT('',(2.3272764189,-2.3272764189,-0.8124999986));
#1140=CARTESIAN_POINT('',(1.3632869628,-3.291265875,-0.8624999986));
#1141=CARTESIAN_POINT('',(0.0,-3.291265875,-0.9124999986));
#1142=CARTESIAN_POINT('',(-1.3632869628,-3.291265875,-0.9624999986));
#1143=CARTESIAN_POINT('',(-2.3272764189,-2.3272764189,-1.0124999986));
#1144=CARTESIAN_POINT('',(-3.291265875,-1.3632869628,-1.0624999986));
#1145=CARTESIAN_POINT('',(-3.291265875,0.0,-1.1124999986));
#1146=(BOUNDED_CURVE() B_SPLINE_CURVE(2,(#1065,#1066,#1067,#1068,#1069,#1070,#1071,#1072,#1073,#1074,
    #1075,#1076,#1077,#1078,#1079,#1080,#1081,#1082,#1083,#1084,
    #1085,#1086,#1087,#1088,#1089,#1090,#1091,#1092,#1093,#1094,
    #1095,#1096,#1097,#1098,#1099,#1100,#1101,#1102,#1103,#1104,
    #1105,#1106,#1107,#1108,#1109,#1110,#1111,#1112,#1113,#1114,
    #1115,#1116,#1117,#1118,#1119,#1120,#1121,#1122,#1123,#1124,
    #1125,#1126,#1127,#1128,#1129,#1130,#1131,#1132,#1133,#1134,
    #1135,#1136,#1137,#1138,#1139,#1140,#1141,#1142,#1143,#1144,#1145),.UNSPECIFIED.,.F.,.U.)
  B_SPLINE_CURVE_WITH_KNOTS((3,2,2,2,2,2,2,2,2,2,2,2,2,2,2,2,2,2,2,2,
    2,2,2,2,2,2,2,2,2,2,2,2,2,2,2,2,2,2,2,2,3),
  (0.0,0.025,0.05,0.075,0.1,0.125,0.15,0.175,0.2,0.225,0.25,0.275,0.3,0.325,0.35,0.375,0.4,0.425,0.45,0.475,
    0.5,0.525,0.55,0.575,0.6,0.625,0.65,0.675,0.7,0.725,0.75,0.775,0.8,0.825,0.85,0.875,0.9,0.925,0.95,0.975,1.0),.UNSPECIFIED.)
  CURVE() GEOMETRIC_REPRESENTATION_ITEM() RATIONAL_B_SPLINE_CURVE((1.0,0.9238795325,1.0,0.9238795325,1.0,0.9238795325,1.0,0.9238795325,1.0,0.9238795325,1.0,0.9238795325,1.0,0.9238795325,1.0,0.9238795325,1.0,0.9238795325,1.0,0.9238795325,
    1.0,0.9238795325,1.0,0.9238795325,1.0,0.9238795325,1.0,0.9238795325,1.0,0.9238795325,1.0,0.9238795325,1.0,0.9238795325,1.0,0.9238795325,1.0,0.9238795325,1.0,0.9238795325,
    1.0,0.9238795325,1.0,0.9238795325,1.0,0.9238795325,1.0,0.9238795325,1.0,0.9238795325,1.0,0.9238795325,1.0,0.9238795325,1.0,0.9238795325,1.0,0.9238795325,1.0,0.9238795325,
    1.0,0.9238795325,1.0,0.9238795325,1.0,0.9238795325,1.0,0.9238795325,1.0,0.9238795325,1.0,0.9238795325,1.0,0.9238795325,1.0,0.9238795325,1.0,0.9238795325,1.0,0.9238795325,1.0))  REPRESENTATION_ITEM('') );
#1147=EDGE_CURVE('n° 911',#701,#277,#1146,.T.);
#1148=ORIENTED_EDGE('',*,*,#1147,.T.);
#1149=EDGE_LOOP('',(#1057,#1058,#1059,#1060,#1061,#1062,#1063,#1064,#1148));
#1150=FACE_OUTER_BOUND('',#1149,.T.);
#1151=CARTESIAN_POINT('',(-2.75,0.0,3.2));
#1152=CARTESIAN_POINT('',(-2.75,1.1390872965,3.15));
#1153=CARTESIAN_POINT('',(-1.9445436483,1.9445436483,3.1));
#1154=CARTESIAN_POINT('',(-1.1390872965,2.75,3.05));
#1155=CARTESIAN_POINT('',(-0.0,2.75,3.0));
#1156=CARTESIAN_POINT('',(1.1390872965,2.75,2.95));
#1157=CARTESIAN_POINT('',(1.9445436483,1.9445436483,2.9));
#1158=CARTESIAN_POINT('',(2.75,1.1390872965,2.85));
#1159=CARTESIAN_POINT('',(2.75,0.0,2.8));
#1160=CARTESIAN_POINT('',(2.75,-1.1390872965,2.75));
#1161=CARTESIAN_POINT('',(1.9445436483,-1.9445436483,2.7));
#1162=CARTESIAN_POINT('',(1.1390872965,-2.75,2.65));
#1163=CARTESIAN_POINT('',(0.0,-2.75,2.6));
#1164=CARTESIAN_POINT('',(-1.1390872965,-2.75,2.55));
#1165=CARTESIAN_POINT('',(-1.9445436483,-1.9445436483,2.5));
#1166=CARTESIAN_POINT('',(-2.75,-1.1390872965,2.45));
#1167=CARTESIAN_POINT('',(-2.75,0.0,2.4));
#1168=CARTESIAN_POINT('',(-2.75,1.1390872965,2.35));
#1169=CARTESIAN_POINT('',(-1.9445436483,1.9445436483,2.3));
#1170=CARTESIAN_POINT('',(-1.1390872965,2.75,2.25));
#1171=CARTESIAN_POINT('',(-0.0,2.75,2.2));
#1172=CARTESIAN_POINT('',(1.1390872965,2.75,2.15));
#1173=CARTESIAN_POINT('',(1.9445436483,1.9445436483,2.1));
#1174=CARTESIAN_POINT('',(2.75,1.1390872965,2.05));
#1175=CARTESIAN_POINT('',(2.75,0.0,2.0));
#1176=CARTESIAN_POINT('',(2.75,-1.1390872965,1.95));
#1177=CARTESIAN_POINT('',(1.9445436483,-1.9445436483,1.9));
#1178=CARTESIAN_POINT('',(1.1390872965,-2.75,1.85));
#1179=CARTESIAN_POINT('',(0.0,-2.75,1.8));
#1180=CARTESIAN_POINT('',(-1.1390872965,-2.75,1.75));
#1181=CARTESIAN_POINT('',(-1.9445436483,-1.9445436483,1.7));
#1182=CARTESIAN_POINT('',(-2.75,-1.1390872965,1.65));
#1183=CARTESIAN_POINT('',(-2.75,0.0,1.6));
#1184=CARTESIAN_POINT('',(-2.75,1.1390872965,1.55));
#1185=CARTESIAN_POINT('',(-1.9445436483,1.9445436483,1.5));
#1186=CARTESIAN_POINT('',(-1.1390872965,2.75,1.45));
#1187=CARTESIAN_POINT('',(-0.0,2.75,1.4));
#1188=CARTESIAN_POINT('',(1.1390872965,2.75,1.35));
#1189=CARTESIAN_POINT('',(1.9445436483,1.9445436483,1.3));
#1190=CARTESIAN_POINT('',(2.75,1.1390872965,1.25));
#1191=CARTESIAN_POINT('',(2.75,0.0,1.2));
#1192=CARTESIAN_POINT('',(2.75,-1.1390872965,1.15));
#1193=CARTESIAN_POINT('',(1.9445436483,-1.9445436483,1.1));
#1194=CARTESIAN_POINT('',(1.1390872965,-2.75,1.05));
#1195=CARTESIAN_POINT('',(0.0,-2.75,1.0));
#1196=CARTESIAN_POINT('',(-1.1390872965,-2.75,0.95));
#1197=CARTESIAN_POINT('',(-1.9445436483,-1.9445436483,0.9));
#1198=CARTESIAN_POINT('',(-2.75,-1.1390872965,0.85));
#1199=CARTESIAN_POINT('',(-2.75,0.0,0.8));
#1200=CARTESIAN_POINT('',(-2.75,1.1390872965,0.75));
#1201=CARTESIAN_POINT('',(-1.9445436483,1.9445436483,0.7));
#1202=CARTESIAN_POINT('',(-1.1390872965,2.75,0.65));
#1203=CARTESIAN_POINT('',(-0.0,2.75,0.6));
#1204=CARTESIAN_POINT('',(1.1390872965,2.75,0.55));
#1205=CARTESIAN_POINT('',(1.9445436483,1.9445436483,0.5));
#1206=CARTESIAN_POINT('',(2.75,1.1390872965,0.45));
#1207=CARTESIAN_POINT('',(2.75,0.0,0.4));
#1208=CARTESIAN_POINT('',(2.75,-1.1390872965,0.35));
#1209=CARTESIAN_POINT('',(1.9445436483,-1.9445436483,0.3));
#1210=CARTESIAN_POINT('',(1.1390872965,-2.75,0.25));
#1211=CARTESIAN_POINT('',(0.0,-2.75,0.2));
#1212=CARTESIAN_POINT('',(-1.1390872965,-2.75,0.15));
#1213=CARTESIAN_POINT('',(-1.9445436483,-1.9445436483,0.1));
#1214=CARTESIAN_POINT('',(-2.75,-1.1390872965,0.05));
#1215=CARTESIAN_POINT('',(-2.75,0.0,0.0));
#1216=CARTESIAN_POINT('',(-2.75,1.1390872965,-0.05));
#1217=CARTESIAN_POINT('',(-1.9445436483,1.9445436483,-0.1));
#1218=CARTESIAN_POINT('',(-1.1390872965,2.75,-0.15));
#1219=CARTESIAN_POINT('',(-0.0,2.75,-0.2));
#1220=CARTESIAN_POINT('',(1.1390872965,2.75,-0.25));
#1221=CARTESIAN_POINT('',(1.9445436483,1.9445436483,-0.3));
#1222=CARTESIAN_POINT('',(2.75,1.1390872965,-0.35));
#1223=CARTESIAN_POINT('',(2.75,0.0,-0.4));
#1224=CARTESIAN_POINT('',(2.75,-1.1390872965,-0.45));
#1225=CARTESIAN_POINT('',(1.9445436483,-1.9445436483,-0.5));
#1226=CARTESIAN_POINT('',(1.1390872965,-2.75,-0.55));
#1227=CARTESIAN_POINT('',(0.0,-2.75,-0.6));
#1228=CARTESIAN_POINT('',(-1.1390872965,-2.75,-0.65));
#1229=CARTESIAN_POINT('',(-1.9445436483,-1.9445436483,-0.7));
#1230=CARTESIAN_POINT('',(-2.75,-1.1390872965,-0.75));
#1231=CARTESIAN_POINT('',(-2.75,0.0,-0.8));
#1232=CARTESIAN_POINT('',(-3.291265875,0.0,2.8875000014));
#1233=CARTESIAN_POINT('',(-3.291265875,1.3632869628,2.8375000014));
#1234=CARTESIAN_POINT('',(-2.3272764189,2.3272764189,2.7875000014));
#1235=CARTESIAN_POINT('',(-1.3632869628,3.291265875,2.7375000014));
#1236=CARTESIAN_POINT('',(-0.0,3.291265875,2.6875000014));
#1237=CARTESIAN_POINT('',(1.3632869628,3.291265875,2.6375000014));
#1238=CARTESIAN_POINT('',(2.3272764189,2.3272764189,2.5875000014));
#1239=CARTESIAN_POINT('',(3.291265875,1.3632869628,2.5375000014));
#1240=CARTESIAN_POINT('',(3.291265875,0.0,2.4875000014));
#1241=CARTESIAN_POINT('',(3.291265875,-1.3632869628,2.4375000014));
#1242=CARTESIAN_POINT('',(2.3272764189,-2.3272764189,2.3875000014));
#1243=CARTESIAN_POINT('',(1.3632869628,-3.291265875,2.3375000014));
#1244=CARTESIAN_POINT('',(0.0,-3.291265875,2.2875000014));
#1245=CARTESIAN_POINT('',(-1.3632869628,-3.291265875,2.2375000014));
#1246=CARTESIAN_POINT('',(-2.3272764189,-2.3272764189,2.1875000014));
#1247=CARTESIAN_POINT('',(-3.291265875,-1.3632869628,2.1375000014));
#1248=CARTESIAN_POINT('',(-3.291265875,0.0,2.0875000014));
#1249=CARTESIAN_POINT('',(-3.291265875,1.3632869628,2.0375000014));
#1250=CARTESIAN_POINT('',(-2.3272764189,2.3272764189,1.9875000014));
#1251=CARTESIAN_POINT('',(-1.3632869628,3.291265875,1.9375000014));
#1252=CARTESIAN_POINT('',(-0.0,3.291265875,1.8875000014));
#1253=CARTESIAN_POINT('',(1.3632869628,3.291265875,1.8375000014));
#1254=CARTESIAN_POINT('',(2.3272764189,2.3272764189,1.7875000014));
#1255=CARTESIAN_POINT('',(3.291265875,1.3632869628,1.7375000014));
#1256=CARTESIAN_POINT('',(3.291265875,0.0,1.6875000014));
#1257=CARTESIAN_POINT('',(3.291265875,-1.3632869628,1.6375000014));
#1258=CARTESIAN_POINT('',(2.3272764189,-2.3272764189,1.5875000014));
#1259=CARTESIAN_POINT('',(1.3632869628,-3.291265875,1.5375000014));
#1260=CARTESIAN_POINT('',(0.0,-3.291265875,1.4875000014));
#1261=CARTESIAN_POINT('',(-1.3632869628,-3.291265875,1.4375000014));
#1262=CARTESIAN_POINT('',(-2.3272764189,-2.3272764189,1.3875000014));
#1263=CARTESIAN_POINT('',(-3.291265875,-1.3632869628,1.3375000014));
#1264=CARTESIAN_POINT('',(-3.291265875,0.0,1.2875000014));
#1265=CARTESIAN_POINT('',(-3.291265875,1.3632869628,1.2375000014));
#1266=CARTESIAN_POINT('',(-2.3272764189,2.3272764189,1.1875000014));
#1267=CARTESIAN_POINT('',(-1.3632869628,3.291265875,1.1375000014));
#1268=CARTESIAN_POINT('',(-0.0,3.291265875,1.0875000014));
#1269=CARTESIAN_POINT('',(1.3632869628,3.291265875,1.0375000014));
#1270=CARTESIAN_POINT('',(2.3272764189,2.3272764189,0.9875000014));
#1271=CARTESIAN_POINT('',(3.291265875,1.3632869628,0.9375000014));
#1272=CARTESIAN_POINT('',(3.291265875,0.0,0.8875000014));
#1273=CARTESIAN_POINT('',(3.291265875,-1.3632869628,0.8375000014));
#1274=CARTESIAN_POINT('',(2.3272764189,-2.3272764189,0.7875000014));
#1275=CARTESIAN_POINT('',(1.3632869628,-3.291265875,0.7375000014));
#1276=CARTESIAN_POINT('',(0.0,-3.291265875,0.6875000014));
#1277=CARTESIAN_POINT('',(-1.3632869628,-3.291265875,0.6375000014));
#1278=CARTESIAN_POINT('',(-2.3272764189,-2.3272764189,0.5875000014));
#1279=CARTESIAN_POINT('',(-3.291265875,-1.3632869628,0.5375000014));
#1280=CARTESIAN_POINT('',(-3.291265875,0.0,0.4875000014));
#1281=CARTESIAN_POINT('',(-3.291265875,1.3632869628,0.4375000014));
#1282=CARTESIAN_POINT('',(-2.3272764189,2.3272764189,0.3875000014));
#1283=CARTESIAN_POINT('',(-1.3632869628,3.291265875,0.3375000014));
#1284=CARTESIAN_POINT('',(-0.0,3.291265875,0.2875000014));
#1285=CARTESIAN_POINT('',(1.3632869628,3.291265875,0.2375000014));
#1286=CARTESIAN_POINT('',(2.3272764189,2.3272764189,0.1875000014));
#1287=CARTESIAN_POINT('',(3.291265875,1.3632869628,0.1375000014));
#1288=CARTESIAN_POINT('',(3.291265875,0.0,0.0875000014));
#1289=CARTESIAN_POINT('',(3.291265875,-1.3632869628,0.0375000014));
#1290=CARTESIAN_POINT('',(2.3272764189,-2.3272764189,-0.0124999986));
#1291=CARTESIAN_POINT('',(1.3632869628,-3.291265875,-0.0624999986));
#1292=CARTESIAN_POINT('',(0.0,-3.291265875,-0.1124999986));
#1293=CARTESIAN_POINT('',(-1.3632869628,-3.291265875,-0.1624999986));
#1294=CARTESIAN_POINT('',(-2.3272764189,-2.3272764189,-0.2124999986));
#1295=CARTESIAN_POINT('',(-3.291265875,-1.3632869628,-0.2624999986));
#1296=CARTESIAN_POINT('',(-3.291265875,0.0,-0.3124999986));
#1297=CARTESIAN_POINT('',(-3.291265875,1.3632869628,-0.3624999986));
#1298=CARTESIAN_POINT('',(-2.3272764189,2.3272764189,-0.4124999986));
#1299=CARTESIAN_POINT('',(-1.3632869628,3.291265875,-0.4624999986));
#1300=CARTESIAN_POINT('',(-0.0,3.291265875,-0.5124999986));
#1301=CARTESIAN_POINT('',(1.3632869628,3.291265875,-0.5624999986));
#1302=CARTESIAN_POINT('',(2.3272764189,2.3272764189,-0.6124999986));
#1303=CARTESIAN_POINT('',(3.291265875,1.3632869628,-0.6624999986));
#1304=CARTESIAN_POINT('',(3.291265875,0.0,-0.7124999986));
#1305=CARTESIAN_POINT('',(3.291265875,-1.3632869628,-0.7624999986));
#1306=CARTESIAN_POINT('',(2.3272764189,-2.3272764189,-0.8124999986));
#1307=CARTESIAN_POINT('',(1.3632869628,-3.291265875,-0.8624999986));
#1308=CARTESIAN_POINT('',(0.0,-3.291265875,-0.9124999986));
#1309=CARTESIAN_POINT('',(-1.3632869628,-3.291265875,-0.9624999986));
#1310=CARTESIAN_POINT('',(-2.3272764189,-2.3272764189,-1.0124999986));
#1311=CARTESIAN_POINT('',(-3.291265875,-1.3632869628,-1.0624999986));
#1312=CARTESIAN_POINT('',(-3.291265875,0.0,-1.1124999986));
#1313=( BOUNDED_SURFACE() B_SPLINE_SURFACE(1,2,((#1151,#1152,#1153,#1154,#1155,#1156,#1157,#1158,#1159,#1160,#1161,#1162,#1163,#1164,#1165,#1166,#1167,#1168,#1169,#1170,
    #1171,#1172,#1173,#1174,#1175,#1176,#1177,#1178,#1179,#1180,#1181,#1182,#1183,#1184,#1185,#1186,#1187,#1188,#1189,#1190,
    #1191,#1192,#1193,#1194,#1195,#1196,#1197,#1198,#1199,#1200,#1201,#1202,#1203,#1204,#1205,#1206,#1207,#1208,#1209,#1210,
    #1211,#1212,#1213,#1214,#1215,#1216,#1217,#1218,#1219,#1220,#1221,#1222,#1223,#1224,#1225,#1226,#1227,#1228,#1229,#1230,#1231),
    (#1232,#1233,#1234,#1235,#1236,#1237,#1238,#1239,#1240,#1241,#1242,#1243,#1244,#1245,#1246,#1247,#1248,#1249,#1250,#1251,
    #1252,#1253,#1254,#1255,#1256,#1257,#1258,#1259,#1260,#1261,#1262,#1263,#1264,#1265,#1266,#1267,#1268,#1269,#1270,#1271,
    #1272,#1273,#1274,#1275,#1276,#1277,#1278,#1279,#1280,#1281,#1282,#1283,#1284,#1285,#1286,#1287,#1288,#1289,#1290,#1291,
    #1292,#1293,#1294,#1295,#1296,#1297,#1298,#1299,#1300,#1301,#1302,#1303,#1304,#1305,#1306,#1307,#1308,#1309,#1310,#1311,#1312)),.UNSPECIFIED.,.F.,.F.,.U.)
  B_SPLINE_SURFACE_WITH_KNOTS((2,2),(3,2,2,2,2,2,2,2,2,2,2,2,2,2,2,2,2,2,2,2,
    2,2,2,2,2,2,2,2,2,2,2,2,2,2,2,2,2,2,2,2,3),
  (0.0,1.0),(0.0,0.025,0.05,0.075,0.1,0.125,0.15,0.175,0.2,0.225,
    0.25,0.275,0.3,0.325,0.35,0.375,0.4,0.425,0.45,0.475,
    0.5,0.525,0.55,0.575,0.6,0.625,0.65,0.675,0.7,0.725,
    0.75,0.775,0.8,0.825,0.85,0.875,0.9,0.925,0.95,0.975,1.0),.UNSPECIFIED.)
  GEOMETRIC_REPRESENTATION_ITEM() RATIONAL_B_SPLINE_SURFACE(((1.0,0.9238795325,1.0,0.9238795325,1.0,0.9238795325,1.0,0.9238795325,1.0,0.9238795325,1.0,0.9238795325,1.0,0.9238795325,1.0,0.9238795325,1.0,0.9238795325,1.0,0.9238795325,
    1.0,0.9238795325,1.0,0.9238795325,1.0,0.9238795325,1.0,0.9238795325,1.0,0.9238795325,1.0,0.9238795325,1.0,0.9238795325,1.0,0.9238795325,1.0,0.9238795325,1.0,0.9238795325,
    1.0,0.9238795325,1.0,0.9238795325,1.0,0.9238795325,1.0,0.9238795325,1.0,0.9238795325,1.0,0.9238795325,1.0,0.9238795325,1.0,0.9238795325,1.0,0.9238795325,1.0,0.9238795325,
    1.0,0.9238795325,1.0,0.9238795325,1.0,0.9238795325,1.0,0.9238795325,1.0,0.9238795325,1.0,0.9238795325,1.0,0.9238795325,1.0,0.9238795325,1.0,0.9238795325,1.0,0.9238795325,1.0),
    (1.0,0.9238795325,1.0,0.9238795325,1.0,0.9238795325,1.0,0.9238795325,1.0,0.9238795325,1.0,0.9238795325,1.0,0.9238795325,1.0,0.9238795325,1.0,0.9238795325,1.0,0.9238795325,
    1.0,0.9238795325,1.0,0.9238795325,1.0,0.9238795325,1.0,0.9238795325,1.0,0.9238795325,1.0,0.9238795325,1.0,0.9238795325,1.0,0.9238795325,1.0,0.9238795325,1.0,0.9238795325,
    1.0,0.9238795325,1.0,0.9238795325,1.0,0.9238795325,1.0,0.9238795325,1.0,0.9238795325,1.0,0.9238795325,1.0,0.9238795325,1.0,0.9238795325,1.0,0.9238795325,1.0,0.9238795325,
    1.0,0.9238795325,1.0,0.9238795325,1.0,0.9238795325,1.0,0.9238795325,1.0,0.9238795325,1.0,0.9238795325,1.0,0.9238795325,1.0,0.9238795325,1.0,0.9238795325,1.0,0.9238795325,1.0))) REPRESENTATION_ITEM('') SURFACE() );
#1314=ADVANCED_FACE('n° 1072',(#1150),#1313,.T.);
#1315=ORIENTED_EDGE('',*,*,#265,.T.);
#1316=CARTESIAN_POINT('',(-3.291265875,0.0,2.7625000014));
#1317=CARTESIAN_POINT('',(-3.291265875,1.3632869628,2.7125000014));
#1318=CARTESIAN_POINT('',(-2.3272764189,2.3272764189,2.6625000014));
#1319=CARTESIAN_POINT('',(-1.3632869628,3.291265875,2.6125000014));
#1320=CARTESIAN_POINT('',(-0.0,3.291265875,2.5625000014));
#1321=CARTESIAN_POINT('',(1.3632869628,3.291265875,2.5125000014));
#1322=CARTESIAN_POINT('',(2.3272764189,2.3272764189,2.4625000014));
#1323=CARTESIAN_POINT('',(3.291265875,1.3632869628,2.4125000014));
#1324=CARTESIAN_POINT('',(3.291265875,0.0,2.3625000014));
#1325=CARTESIAN_POINT('',(3.291265875,-1.3632869628,2.3125000014));
#1326=CARTESIAN_POINT('',(2.3272764189,-2.3272764189,2.2625000014));
#1327=CARTESIAN_POINT('',(1.3632869628,-3.291265875,2.2125000014));
#1328=CARTESIAN_POINT('',(0.0,-3.291265875,2.1625000014));
#1329=CARTESIAN_POINT('',(-1.3632869628,-3.291265875,2.1125000014));
#1330=CARTESIAN_POINT('',(-2.3272764189,-2.3272764189,2.0625000014));
#1331=CARTESIAN_POINT('',(-3.291265875,-1.3632869628,2.0125000014));
#1332=CARTESIAN_POINT('',(-3.291265875,0.0,1.9625000014));
#1333=CARTESIAN_POINT('',(-3.291265875,1.3632869628,1.9125000014));
#1334=CARTESIAN_POINT('',(-2.3272764189,2.3272764189,1.8625000014));
#1335=CARTESIAN_POINT('',(-1.3632869628,3.291265875,1.8125000014));
#1336=CARTESIAN_POINT('',(-0.0,3.291265875,1.7625000014));
#1337=CARTESIAN_POINT('',(1.3632869628,3.291265875,1.7125000014));
#1338=CARTESIAN_POINT('',(2.3272764189,2.3272764189,1.6625000014));
#1339=CARTESIAN_POINT('',(3.291265875,1.3632869628,1.6125000014));
#1340=CARTESIAN_POINT('',(3.291265875,0.0,1.5625000014));
#1341=CARTESIAN_POINT('',(3.291265875,-1.3632869628,1.5125000014));
#1342=CARTESIAN_POINT('',(2.3272764189,-2.3272764189,1.4625000014));
#1343=CARTESIAN_POINT('',(1.3632869628,-3.291265875,1.4125000014));
#1344=CARTESIAN_POINT('',(0.0,-3.291265875,1.3625000014));
#1345=CARTESIAN_POINT('',(-1.3632869628,-3.291265875,1.3125000014));
#1346=CARTESIAN_POINT('',(-2.3272764189,-2.3272764189,1.2625000014));
#1347=CARTESIAN_POINT('',(-3.291265875,-1.3632869628,1.2125000014));
#1348=CARTESIAN_POINT('',(-3.291265875,0.0,1.1625000014));
#1349=CARTESIAN_POINT('',(-3.291265875,1.3632869628,1.1125000014));
#1350=CARTESIAN_POINT('',(-2.3272764189,2.3272764189,1.0625000014));
#1351=CARTESIAN_POINT('',(-1.3632869628,3.291265875,1.0125000014));
#1352=CARTESIAN_POINT('',(-0.0,3.291265875,0.9625000014));
#1353=CARTESIAN_POINT('',(1.3632869628,3.291265875,0.9125000014));
#1354=CARTESIAN_POINT('',(2.3272764189,2.3272764189,0.8625000014));
#1355=CARTESIAN_POINT('',(3.291265875,1.3632869628,0.8125000014));
#1356=CARTESIAN_POINT('',(3.291265875,0.0,0.7625000014));
#1357=CARTESIAN_POINT('',(3.291265875,-1.3632869628,0.7125000014));
#1358=CARTESIAN_POINT('',(2.3272764189,-2.3272764189,0.6625000014));
#1359=CARTESIAN_POINT('',(1.3632869628,-3.291265875,0.6125000014));
#1360=CARTESIAN_POINT('',(0.0,-3.291265875,0.5625000014));
#1361=CARTESIAN_POINT('',(-1.3632869628,-3.291265875,0.5125000014));
#1362=CARTESIAN_POINT('',(-2.3272764189,-2.3272764189,0.4625000014));
#1363=CARTESIAN_POINT('',(-3.291265875,-1.3632869628,0.4125000014));
#1364=CARTESIAN_POINT('',(-3.291265875,0.0,0.3625000014));
#1365=CARTESIAN_POINT('',(-3.291265875,1.3632869628,0.3125000014));
#1366=CARTESIAN_POINT('',(-2.3272764189,2.3272764189,0.2625000014));
#1367=CARTESIAN_POINT('',(-1.3632869628,3.291265875,0.2125000014));
#1368=CARTESIAN_POINT('',(-0.0,3.291265875,0.1625000014));
#1369=CARTESIAN_POINT('',(1.3632869628,3.291265875,0.1125000014));
#1370=CARTESIAN_POINT('',(2.3272764189,2.3272764189,0.0625000014));
#1371=CARTESIAN_POINT('',(3.291265875,1.3632869628,0.0125000014));
#1372=CARTESIAN_POINT('',(3.291265875,0.0,-0.0374999986));
#1373=CARTESIAN_POINT('',(3.291265875,-1.3632869628,-0.0874999986));
#1374=CARTESIAN_POINT('',(2.3272764189,-2.3272764189,-0.1374999986));
#1375=CARTESIAN_POINT('',(1.3632869628,-3.291265875,-0.1874999986));
#1376=CARTESIAN_POINT('',(0.0,-3.291265875,-0.2374999986));
#1377=CARTESIAN_POINT('',(-1.3632869628,-3.291265875,-0.2874999986));
#1378=CARTESIAN_POINT('',(-2.3272764189,-2.3272764189,-0.3374999986));
#1379=CARTESIAN_POINT('',(-3.291265875,-1.3632869628,-0.3874999986));
#1380=CARTESIAN_POINT('',(-3.291265875,0.0,-0.4374999986));
#1381=CARTESIAN_POINT('',(-3.291265875,1.3632869628,-0.4874999986));
#1382=CARTESIAN_POINT('',(-2.3272764189,2.3272764189,-0.5374999986));
#1383=CARTESIAN_POINT('',(-1.3632869628,3.291265875,-0.5874999986));
#1384=CARTESIAN_POINT('',(-0.0,3.291265875,-0.6374999986));
#1385=CARTESIAN_POINT('',(1.3632869628,3.291265875,-0.6874999986));
#1386=CARTESIAN_POINT('',(2.3272764189,2.3272764189,-0.7374999986));
#1387=CARTESIAN_POINT('',(3.291265875,1.3632869628,-0.7874999986));
#1388=CARTESIAN_POINT('',(3.291265875,0.0,-0.8374999986));
#1389=CARTESIAN_POINT('',(3.291265875,-1.3632869628,-0.8874999986));
#1390=CARTESIAN_POINT('',(2.3272764189,-2.3272764189,-0.9374999986));
#1391=CARTESIAN_POINT('',(1.3632869628,-3.291265875,-0.9874999986));
#1392=CARTESIAN_POINT('',(0.0,-3.291265875,-1.0374999986));
#1393=CARTESIAN_POINT('',(-1.3632869628,-3.291265875,-1.0874999986));
#1394=CARTESIAN_POINT('',(-2.3272764189,-2.3272764189,-1.1374999986));
#1395=CARTESIAN_POINT('',(-3.291265875,-1.3632869628,-1.1874999986));
#1396=CARTESIAN_POINT('',(-3.291265875,0.0,-1.2374999986));
#1397=(BOUNDED_CURVE() B_SPLINE_CURVE(2,(#1316,#1317,#1318,#1319,#1320,#1321,#1322,#1323,#1324,#1325,
    #1326,#1327,#1328,#1329,#1330,#1331,#1332,#1333,#1334,#1335,
    #1336,#1337,#1338,#1339,#1340,#1341,#1342,#1343,#1344,#1345,
    #1346,#1347,#1348,#1349,#1350,#1351,#1352,#1353,#1354,#1355,
    #1356,#1357,#1358,#1359,#1360,#1361,#1362,#1363,#1364,#1365,
    #1366,#1367,#1368,#1369,#1370,#1371,#1372,#1373,#1374,#1375,
    #1376,#1377,#1378,#1379,#1380,#1381,#1382,#1383,#1384,#1385,
    #1386,#1387,#1388,#1389,#1390,#1391,#1392,#1393,#1394,#1395,#1396),.UNSPECIFIED.,.F.,.U.)
  B_SPLINE_CURVE_WITH_KNOTS((3,2,2,2,2,2,2,2,2,2,2,2,2,2,2,2,2,2,2,2,
    2,2,2,2,2,2,2,2,2,2,2,2,2,2,2,2,2,2,2,2,3),
  (0.0,0.025,0.05,0.075,0.1,0.125,0.15,0.175,0.2,0.225,0.25,0.275,0.3,0.325,0.35,0.375,0.4,0.425,0.45,0.475,
    0.5,0.525,0.55,0.575,0.6,0.625,0.65,0.675,0.7,0.725,0.75,0.775,0.8,0.825,0.85,0.875,0.9,0.925,0.95,0.975,1.0),.UNSPECIFIED.)
  CURVE() GEOMETRIC_REPRESENTATION_ITEM() RATIONAL_B_SPLINE_CURVE((1.0,0.9238795325,1.0,0.9238795325,1.0,0.9238795325,1.0,0.9238795325,1.0,0.9238795325,1.0,0.9238795325,1.0,0.9238795325,1.0,0.9238795325,1.0,0.9238795325,1.0,0.9238795325,
    1.0,0.9238795325,1.0,0.9238795325,1.0,0.9238795325,1.0,0.9238795325,1.0,0.9238795325,1.0,0.9238795325,1.0,0.9238795325,1.0,0.9238795325,1.0,0.9238795325,1.0,0.9238795325,
    1.0,0.9238795325,1.0,0.9238795325,1.0,0.9238795325,1.0,0.9238795325,1.0,0.9238795325,1.0,0.9238795325,1.0,0.9238795325,1.0,0.9238795325,1.0,0.9238795325,1.0,0.9238795325,
    1.0,0.9238795325,1.0,0.9238795325,1.0,0.9238795325,1.0,0.9238795325,1.0,0.9238795325,1.0,0.9238795325,1.0,0.9238795325,1.0,0.9238795325,1.0,0.9238795325,1.0,0.9238795325,1.0))  REPRESENTATION_ITEM('') );
#1398=EDGE_CURVE('n° 922',#690,#232,#1397,.T.);
#1399=ORIENTED_EDGE('',*,*,#1398,.F.);
#1400=ORIENTED_EDGE('',*,*,#698,.T.);
#1401=ORIENTED_EDGE('',*,*,#830,.T.);
#1402=ORIENTED_EDGE('',*,*,#766,.T.);
#1403=CARTESIAN_POINT('',(-3.291265875,0.0,2.7625000014));
#1404=CARTESIAN_POINT('',(-3.291265875,1.3632869628,2.7125000014));
#1405=CARTESIAN_POINT('',(-2.3272764189,2.3272764189,2.6625000014));
#1406=CARTESIAN_POINT('',(-1.3632869628,3.291265875,2.6125000014));
#1407=CARTESIAN_POINT('',(-0.0,3.291265875,2.5625000014));
#1408=CARTESIAN_POINT('',(1.3632869628,3.291265875,2.5125000014));
#1409=CARTESIAN_POINT('',(2.3272764189,2.3272764189,2.4625000014));
#1410=CARTESIAN_POINT('',(3.291265875,1.3632869628,2.4125000014));
#1411=CARTESIAN_POINT('',(3.291265875,0.0,2.3625000014));
#1412=CARTESIAN_POINT('',(3.291265875,-1.3632869628,2.3125000014));
#1413=CARTESIAN_POINT('',(2.3272764189,-2.3272764189,2.2625000014));
#1414=CARTESIAN_POINT('',(1.3632869628,-3.291265875,2.2125000014));
#1415=CARTESIAN_POINT('',(0.0,-3.291265875,2.1625000014));
#1416=CARTESIAN_POINT('',(-1.3632869628,-3.291265875,2.1125000014));
#1417=CARTESIAN_POINT('',(-2.3272764189,-2.3272764189,2.0625000014));
#1418=CARTESIAN_POINT('',(-3.291265875,-1.3632869628,2.0125000014));
#1419=CARTESIAN_POINT('',(-3.291265875,0.0,1.9625000014));
#1420=CARTESIAN_POINT('',(-3.291265875,1.3632869628,1.9125000014));
#1421=CARTESIAN_POINT('',(-2.3272764189,2.3272764189,1.8625000014));
#1422=CARTESIAN_POINT('',(-1.3632869628,3.291265875,1.8125000014));
#1423=CARTESIAN_POINT('',(-0.0,3.291265875,1.7625000014));
#1424=CARTESIAN_POINT('',(1.3632869628,3.291265875,1.7125000014));
#1425=CARTESIAN_POINT('',(2.3272764189,2.3272764189,1.6625000014));
#1426=CARTESIAN_POINT('',(3.291265875,1.3632869628,1.6125000014));
#1427=CARTESIAN_POINT('',(3.291265875,0.0,1.5625000014));
#1428=CARTESIAN_POINT('',(3.291265875,-1.3632869628,1.5125000014));
#1429=CARTESIAN_POINT('',(2.3272764189,-2.3272764189,1.4625000014));
#1430=CARTESIAN_POINT('',(1.3632869628,-3.291265875,1.4125000014));
#1431=CARTESIAN_POINT('',(0.0,-3.291265875,1.3625000014));
#1432=CARTESIAN_POINT('',(-1.3632869628,-3.291265875,1.3125000014));
#1433=CARTESIAN_POINT('',(-2.3272764189,-2.3272764189,1.2625000014));
#1434=CARTESIAN_POINT('',(-3.291265875,-1.3632869628,1.2125000014));
#1435=CARTESIAN_POINT('',(-3.291265875,0.0,1.1625000014));
#1436=CARTESIAN_POINT('',(-3.291265875,1.3632869628,1.1125000014));
#1437=CARTESIAN_POINT('',(-2.3272764189,2.3272764189,1.0625000014));
#1438=CARTESIAN_POINT('',(-1.3632869628,3.291265875,1.0125000014));
#1439=CARTESIAN_POINT('',(-0.0,3.291265875,0.9625000014));
#1440=CARTESIAN_POINT('',(1.3632869628,3.291265875,0.9125000014));
#1441=CARTESIAN_POINT('',(2.3272764189,2.3272764189,0.8625000014));
#1442=CARTESIAN_POINT('',(3.291265875,1.3632869628,0.8125000014));
#1443=CARTESIAN_POINT('',(3.291265875,0.0,0.7625000014));
#1444=CARTESIAN_POINT('',(3.291265875,-1.3632869628,0.7125000014));
#1445=CARTESIAN_POINT('',(2.3272764189,-2.3272764189,0.6625000014));
#1446=CARTESIAN_POINT('',(1.3632869628,-3.291265875,0.6125000014));
#1447=CARTESIAN_POINT('',(0.0,-3.291265875,0.5625000014));
#1448=CARTESIAN_POINT('',(-1.3632869628,-3.291265875,0.5125000014));
#1449=CARTESIAN_POINT('',(-2.3272764189,-2.3272764189,0.4625000014));
#1450=CARTESIAN_POINT('',(-3.291265875,-1.3632869628,0.4125000014));
#1451=CARTESIAN_POINT('',(-3.291265875,0.0,0.3625000014));
#1452=CARTESIAN_POINT('',(-3.291265875,1.3632869628,0.3125000014));
#1453=CARTESIAN_POINT('',(-2.3272764189,2.3272764189,0.2625000014));
#1454=CARTESIAN_POINT('',(-1.3632869628,3.291265875,0.2125000014));
#1455=CARTESIAN_POINT('',(-0.0,3.291265875,0.1625000014));
#1456=CARTESIAN_POINT('',(1.3632869628,3.291265875,0.1125000014));
#1457=CARTESIAN_POINT('',(2.3272764189,2.3272764189,0.0625000014));
#1458=CARTESIAN_POINT('',(3.291265875,1.3632869628,0.0125000014));
#1459=CARTESIAN_POINT('',(3.291265875,0.0,-0.0374999986));
#1460=CARTESIAN_POINT('',(3.291265875,-1.3632869628,-0.0874999986));
#1461=CARTESIAN_POINT('',(2.3272764189,-2.3272764189,-0.1374999986));
#1462=CARTESIAN_POINT('',(1.3632869628,-3.291265875,-0.1874999986));
#1463=CARTESIAN_POINT('',(0.0,-3.291265875,-0.2374999986));
#1464=CARTESIAN_POINT('',(-1.3632869628,-3.291265875,-0.2874999986));
#1465=CARTESIAN_POINT('',(-2.3272764189,-2.3272764189,-0.3374999986));
#1466=CARTESIAN_POINT('',(-3.291265875,-1.3632869628,-0.3874999986));
#1467=CARTESIAN_POINT('',(-3.291265875,0.0,-0.4374999986));
#1468=CARTESIAN_POINT('',(-3.291265875,1.3632869628,-0.4874999986));
#1469=CARTESIAN_POINT('',(-2.3272764189,2.3272764189,-0.5374999986));
#1470=CARTESIAN_POINT('',(-1.3632869628,3.291265875,-0.5874999986));
#1471=CARTESIAN_POINT('',(-0.0,3.291265875,-0.6374999986));
#1472=CARTESIAN_POINT('',(1.3632869628,3.291265875,-0.6874999986));
#1473=CARTESIAN_POINT('',(2.3272764189,2.3272764189,-0.7374999986));
#1474=CARTESIAN_POINT('',(3.291265875,1.3632869628,-0.7874999986));
#1475=CARTESIAN_POINT('',(3.291265875,0.0,-0.8374999986));
#1476=CARTESIAN_POINT('',(3.291265875,-1.3632869628,-0.8874999986));
#1477=CARTESIAN_POINT('',(2.3272764189,-2.3272764189,-0.9374999986));
#1478=CARTESIAN_POINT('',(1.3632869628,-3.291265875,-0.9874999986));
#1479=CARTESIAN_POINT('',(0.0,-3.291265875,-1.0374999986));
#1480=CARTESIAN_POINT('',(-1.3632869628,-3.291265875,-1.0874999986));
#1481=CARTESIAN_POINT('',(-2.3272764189,-2.3272764189,-1.1374999986));
#1482=CARTESIAN_POINT('',(-3.291265875,-1.3632869628,-1.1874999986));
#1483=CARTESIAN_POINT('',(-3.291265875,0.0,-1.2374999986));
#1484=(BOUNDED_CURVE() B_SPLINE_CURVE(2,(#1403,#1404,#1405,#1406,#1407,#1408,#1409,#1410,#1411,#1412,
    #1413,#1414,#1415,#1416,#1417,#1418,#1419,#1420,#1421,#1422,
    #1423,#1424,#1425,#1426,#1427,#1428,#1429,#1430,#1431,#1432,
    #1433,#1434,#1435,#1436,#1437,#1438,#1439,#1440,#1441,#1442,
    #1443,#1444,#1445,#1446,#1447,#1448,#1449,#1450,#1451,#1452,
    #1453,#1454,#1455,#1456,#1457,#1458,#1459,#1460,#1461,#1462,
    #1463,#1464,#1465,#1466,#1467,#1468,#1469,#1470,#1471,#1472,
    #1473,#1474,#1475,#1476,#1477,#1478,#1479,#1480,#1481,#1482,#1483),.UNSPECIFIED.,.F.,.U.)
  B_SPLINE_CURVE_WITH_KNOTS((3,2,2,2,2,2,2,2,2,2,2,2,2,2,2,2,2,2,2,2,
    2,2,2,2,2,2,2,2,2,2,2,2,2,2,2,2,2,2,2,2,3),
  (0.0,0.025,0.05,0.075,0.1,0.125,0.15,0.175,0.2,0.225,0.25,0.275,0.3,0.325,0.35,0.375,0.4,0.425,0.45,0.475,
    0.5,0.525,0.55,0.575,0.6,0.625,0.65,0.675,0.7,0.725,0.75,0.775,0.8,0.825,0.85,0.875,0.9,0.925,0.95,0.975,1.0),.UNSPECIFIED.)
  CURVE() GEOMETRIC_REPRESENTATION_ITEM() RATIONAL_B_SPLINE_CURVE((1.0,0.9238795325,1.0,0.9238795325,1.0,0.9238795325,1.0,0.9238795325,1.0,0.9238795325,1.0,0.9238795325,1.0,0.9238795325,1.0,0.9238795325,1.0,0.9238795325,1.0,0.9238795325,
    1.0,0.9238795325,1.0,0.9238795325,1.0,0.9238795325,1.0,0.9238795325,1.0,0.9238795325,1.0,0.9238795325,1.0,0.9238795325,1.0,0.9238795325,1.0,0.9238795325,1.0,0.9238795325,
    1.0,0.9238795325,1.0,0.9238795325,1.0,0.9238795325,1.0,0.9238795325,1.0,0.9238795325,1.0,0.9238795325,1.0,0.9238795325,1.0,0.9238795325,1.0,0.9238795325,1.0,0.9238795325,
    1.0,0.9238795325,1.0,0.9238795325,1.0,0.9238795325,1.0,0.9238795325,1.0,0.9238795325,1.0,0.9238795325,1.0,0.9238795325,1.0,0.9238795325,1.0,0.9238795325,1.0,0.9238795325,1.0))  REPRESENTATION_ITEM('') );
#1485=EDGE_CURVE('n° 921',#27,#758,#1484,.T.);
#1486=ORIENTED_EDGE('',*,*,#1485,.F.);
#1487=ORIENTED_EDGE('',*,*,#33,.F.);
#1488=ORIENTED_EDGE('',*,*,#902,.T.);
#1489=ORIENTED_EDGE('',*,*,#121,.F.);
#1490=ORIENTED_EDGE('',*,*,#409,.T.);
#1491=ORIENTED_EDGE('',*,*,#596,.F.);
#1492=EDGE_LOOP('',(
    #1315,#1399,#1400,#1401,#1402,#1486,#1487,#1488,#1489,#1490,
    #1491));
#1493=FACE_OUTER_BOUND('',#1492,.T.);
#1494=CARTESIAN_POINT('',(-3.291265875,0.0,2.7625000014));
#1495=CARTESIAN_POINT('',(-3.291265875,1.3632869628,2.7125000014));
#1496=CARTESIAN_POINT('',(-2.3272764189,2.3272764189,2.6625000014));
#1497=CARTESIAN_POINT('',(-1.3632869628,3.291265875,2.6125000014));
#1498=CARTESIAN_POINT('',(-0.0,3.291265875,2.5625000014));
#1499=CARTESIAN_POINT('',(1.3632869628,3.291265875,2.5125000014));
#1500=CARTESIAN_POINT('',(2.3272764189,2.3272764189,2.4625000014));
#1501=CARTESIAN_POINT('',(3.291265875,1.3632869628,2.4125000014));
#1502=CARTESIAN_POINT('',(3.291265875,0.0,2.3625000014));
#1503=CARTESIAN_POINT('',(3.291265875,-1.3632869628,2.3125000014));
#1504=CARTESIAN_POINT('',(2.3272764189,-2.3272764189,2.2625000014));
#1505=CARTESIAN_POINT('',(1.3632869628,-3.291265875,2.2125000014));
#1506=CARTESIAN_POINT('',(0.0,-3.291265875,2.1625000014));
#1507=CARTESIAN_POINT('',(-1.3632869628,-3.291265875,2.1125000014));
#1508=CARTESIAN_POINT('',(-2.3272764189,-2.3272764189,2.0625000014));
#1509=CARTESIAN_POINT('',(-3.291265875,-1.3632869628,2.0125000014));
#1510=CARTESIAN_POINT('',(-3.291265875,0.0,1.9625000014));
#1511=CARTESIAN_POINT('',(-3.291265875,1.3632869628,1.9125000014));
#1512=CARTESIAN_POINT('',(-2.3272764189,2.3272764189,1.8625000014));
#1513=CARTESIAN_POINT('',(-1.3632869628,3.291265875,1.8125000014));
#1514=CARTESIAN_POINT('',(-0.0,3.291265875,1.7625000014));
#1515=CARTESIAN_POINT('',(1.3632869628,3.291265875,1.7125000014));
#1516=CARTESIAN_POINT('',(2.3272764189,2.3272764189,1.6625000014));
#1517=CARTESIAN_POINT('',(3.291265875,1.3632869628,1.6125000014));
#1518=CARTESIAN_POINT('',(3.291265875,0.0,1.5625000014));
#1519=CARTESIAN_POINT('',(3.291265875,-1.3632869628,1.5125000014));
#1520=CARTESIAN_POINT('',(2.3272764189,-2.3272764189,1.4625000014));
#1521=CARTESIAN_POINT('',(1.3632869628,-3.291265875,1.4125000014));
#1522=CARTESIAN_POINT('',(0.0,-3.291265875,1.3625000014));
#1523=CARTESIAN_POINT('',(-1.3632869628,-3.291265875,1.3125000014));
#1524=CARTESIAN_POINT('',(-2.3272764189,-2.3272764189,1.2625000014));
#1525=CARTESIAN_POINT('',(-3.291265875,-1.3632869628,1.2125000014));
#1526=CARTESIAN_POINT('',(-3.291265875,0.0,1.1625000014));
#1527=CARTESIAN_POINT('',(-3.291265875,1.3632869628,1.1125000014));
#1528=CARTESIAN_POINT('',(-2.3272764189,2.3272764189,1.0625000014));
#1529=CARTESIAN_POINT('',(-1.3632869628,3.291265875,1.0125000014));
#1530=CARTESIAN_POINT('',(-0.0,3.291265875,0.9625000014));
#1531=CARTESIAN_POINT('',(1.3632869628,3.291265875,0.9125000014));
#1532=CARTESIAN_POINT('',(2.3272764189,2.3272764189,0.8625000014));
#1533=CARTESIAN_POINT('',(3.291265875,1.3632869628,0.8125000014));
#1534=CARTESIAN_POINT('',(3.291265875,0.0,0.7625000014));
#1535=CARTESIAN_POINT('',(3.291265875,-1.3632869628,0.7125000014));
#1536=CARTESIAN_POINT('',(2.3272764189,-2.3272764189,0.6625000014));
#1537=CARTESIAN_POINT('',(1.3632869628,-3.291265875,0.6125000014));
#1538=CARTESIAN_POINT('',(0.0,-3.291265875,0.5625000014));
#1539=CARTESIAN_POINT('',(-1.3632869628,-3.291265875,0.5125000014));
#1540=CARTESIAN_POINT('',(-2.3272764189,-2.3272764189,0.4625000014));
#1541=CARTESIAN_POINT('',(-3.291265875,-1.3632869628,0.4125000014));
#1542=CARTESIAN_POINT('',(-3.291265875,0.0,0.3625000014));
#1543=CARTESIAN_POINT('',(-3.291265875,1.3632869628,0.3125000014));
#1544=CARTESIAN_POINT('',(-2.3272764189,2.3272764189,0.2625000014));
#1545=CARTESIAN_POINT('',(-1.3632869628,3.291265875,0.2125000014));
#1546=CARTESIAN_POINT('',(-0.0,3.291265875,0.1625000014));
#1547=CARTESIAN_POINT('',(1.3632869628,3.291265875,0.1125000014));
#1548=CARTESIAN_POINT('',(2.3272764189,2.3272764189,0.0625000014));
#1549=CARTESIAN_POINT('',(3.291265875,1.3632869628,0.0125000014));
#1550=CARTESIAN_POINT('',(3.291265875,0.0,-0.0374999986));
#1551=CARTESIAN_POINT('',(3.291265875,-1.3632869628,-0.0874999986));
#1552=CARTESIAN_POINT('',(2.3272764189,-2.3272764189,-0.1374999986));
#1553=CARTESIAN_POINT('',(1.3632869628,-3.291265875,-0.1874999986));
#1554=CARTESIAN_POINT('',(0.0,-3.291265875,-0.2374999986));
#1555=CARTESIAN_POINT('',(-1.3632869628,-3.291265875,-0.2874999986));
#1556=CARTESIAN_POINT('',(-2.3272764189,-2.3272764189,-0.3374999986));
#1557=CARTESIAN_POINT('',(-3.291265875,-1.3632869628,-0.3874999986));
#1558=CARTESIAN_POINT('',(-3.291265875,0.0,-0.4374999986));
#1559=CARTESIAN_POINT('',(-3.291265875,1.3632869628,-0.4874999986));
#1560=CARTESIAN_POINT('',(-2.3272764189,2.3272764189,-0.5374999986));
#1561=CARTESIAN_POINT('',(-1.3632869628,3.291265875,-0.5874999986));
#1562=CARTESIAN_POINT('',(-0.0,3.291265875,-0.6374999986));
#1563=CARTESIAN_POINT('',(1.3632869628,3.291265875,-0.6874999986));
#1564=CARTESIAN_POINT('',(2.3272764189,2.3272764189,-0.7374999986));
#1565=CARTESIAN_POINT('',(3.291265875,1.3632869628,-0.7874999986));
#1566=CARTESIAN_POINT('',(3.291265875,0.0,-0.8374999986));
#1567=CARTESIAN_POINT('',(3.291265875,-1.3632869628,-0.8874999986));
#1568=CARTESIAN_POINT('',(2.3272764189,-2.3272764189,-0.9374999986));
#1569=CARTESIAN_POINT('',(1.3632869628,-3.291265875,-0.9874999986));
#1570=CARTESIAN_POINT('',(0.0,-3.291265875,-1.0374999986));
#1571=CARTESIAN_POINT('',(-1.3632869628,-3.291265875,-1.0874999986));
#1572=CARTESIAN_POINT('',(-2.3272764189,-2.3272764189,-1.1374999986));
#1573=CARTESIAN_POINT('',(-3.291265875,-1.3632869628,-1.1874999986));
#1574=CARTESIAN_POINT('',(-3.291265875,0.0,-1.2374999986));
#1575=CARTESIAN_POINT('',(-2.75,0.0,2.4500000027));
#1576=CARTESIAN_POINT('',(-2.75,1.1390872965,2.4000000027));
#1577=CARTESIAN_POINT('',(-1.9445436483,1.9445436483,2.3500000027));
#1578=CARTESIAN_POINT('',(-1.1390872965,2.75,2.3000000027));
#1579=CARTESIAN_POINT('',(-0.0,2.75,2.2500000027));
#1580=CARTESIAN_POINT('',(1.1390872965,2.75,2.2000000027));
#1581=CARTESIAN_POINT('',(1.9445436483,1.9445436483,2.1500000027));
#1582=CARTESIAN_POINT('',(2.75,1.1390872965,2.1000000027));
#1583=CARTESIAN_POINT('',(2.75,0.0,2.0500000027));
#1584=CARTESIAN_POINT('',(2.75,-1.1390872965,2.0000000027));
#1585=CARTESIAN_POINT('',(1.9445436483,-1.9445436483,1.9500000027));
#1586=CARTESIAN_POINT('',(1.1390872965,-2.75,1.9000000027));
#1587=CARTESIAN_POINT('',(0.0,-2.75,1.8500000027));
#1588=CARTESIAN_POINT('',(-1.1390872965,-2.75,1.8000000027));
#1589=CARTESIAN_POINT('',(-1.9445436483,-1.9445436483,1.7500000027));
#1590=CARTESIAN_POINT('',(-2.75,-1.1390872965,1.7000000027));
#1591=CARTESIAN_POINT('',(-2.75,0.0,1.6500000027));
#1592=CARTESIAN_POINT('',(-2.75,1.1390872965,1.6000000027));
#1593=CARTESIAN_POINT('',(-1.9445436483,1.9445436483,1.5500000027));
#1594=CARTESIAN_POINT('',(-1.1390872965,2.75,1.5000000027));
#1595=CARTESIAN_POINT('',(-0.0,2.75,1.4500000027));
#1596=CARTESIAN_POINT('',(1.1390872965,2.75,1.4000000027));
#1597=CARTESIAN_POINT('',(1.9445436483,1.9445436483,1.3500000027));
#1598=CARTESIAN_POINT('',(2.75,1.1390872965,1.3000000027));
#1599=CARTESIAN_POINT('',(2.75,0.0,1.2500000027));
#1600=CARTESIAN_POINT('',(2.75,-1.1390872965,1.2000000027));
#1601=CARTESIAN_POINT('',(1.9445436483,-1.9445436483,1.1500000027));
#1602=CARTESIAN_POINT('',(1.1390872965,-2.75,1.1000000027));
#1603=CARTESIAN_POINT('',(0.0,-2.75,1.0500000027));
#1604=CARTESIAN_POINT('',(-1.1390872965,-2.75,1.0000000027));
#1605=CARTESIAN_POINT('',(-1.9445436483,-1.9445436483,0.9500000027));
#1606=CARTESIAN_POINT('',(-2.75,-1.1390872965,0.9000000027));
#1607=CARTESIAN_POINT('',(-2.75,0.0,0.8500000027));
#1608=CARTESIAN_POINT('',(-2.75,1.1390872965,0.8000000027));
#1609=CARTESIAN_POINT('',(-1.9445436483,1.9445436483,0.7500000027));
#1610=CARTESIAN_POINT('',(-1.1390872965,2.75,0.7000000027));
#1611=CARTESIAN_POINT('',(-0.0,2.75,0.6500000027));
#1612=CARTESIAN_POINT('',(1.1390872965,2.75,0.6000000027));
#1613=CARTESIAN_POINT('',(1.9445436483,1.9445436483,0.5500000027));
#1614=CARTESIAN_POINT('',(2.75,1.1390872965,0.5000000027));
#1615=CARTESIAN_POINT('',(2.75,0.0,0.4500000027));
#1616=CARTESIAN_POINT('',(2.75,-1.1390872965,0.4000000027));
#1617=CARTESIAN_POINT('',(1.9445436483,-1.9445436483,0.3500000027));
#1618=CARTESIAN_POINT('',(1.1390872965,-2.75,0.3000000027));
#1619=CARTESIAN_POINT('',(0.0,-2.75,0.2500000027));
#1620=CARTESIAN_POINT('',(-1.1390872965,-2.75,0.2000000027));
#1621=CARTESIAN_POINT('',(-1.9445436483,-1.9445436483,0.1500000027));
#1622=CARTESIAN_POINT('',(-2.75,-1.1390872965,0.1000000027));
#1623=CARTESIAN_POINT('',(-2.75,0.0,0.0500000027));
#1624=CARTESIAN_POINT('',(-2.75,1.1390872965,0.0000000027));
#1625=CARTESIAN_POINT('',(-1.9445436483,1.9445436483,-0.0499999973));
#1626=CARTESIAN_POINT('',(-1.1390872965,2.75,-0.0999999973));
#1627=CARTESIAN_POINT('',(-0.0,2.75,-0.1499999973));
#1628=CARTESIAN_POINT('',(1.1390872965,2.75,-0.1999999973));
#1629=CARTESIAN_POINT('',(1.9445436483,1.9445436483,-0.2499999973));
#1630=CARTESIAN_POINT('',(2.75,1.1390872965,-0.2999999973));
#1631=CARTESIAN_POINT('',(2.75,0.0,-0.3499999973));
#1632=CARTESIAN_POINT('',(2.75,-1.1390872965,-0.3999999973));
#1633=CARTESIAN_POINT('',(1.9445436483,-1.9445436483,-0.4499999973));
#1634=CARTESIAN_POINT('',(1.1390872965,-2.75,-0.4999999973));
#1635=CARTESIAN_POINT('',(0.0,-2.75,-0.5499999973));
#1636=CARTESIAN_POINT('',(-1.1390872965,-2.75,-0.5999999973));
#1637=CARTESIAN_POINT('',(-1.9445436483,-1.9445436483,-0.6499999973));
#1638=CARTESIAN_POINT('',(-2.75,-1.1390872965,-0.6999999973));
#1639=CARTESIAN_POINT('',(-2.75,0.0,-0.7499999973));
#1640=CARTESIAN_POINT('',(-2.75,1.1390872965,-0.7999999973));
#1641=CARTESIAN_POINT('',(-1.9445436483,1.9445436483,-0.8499999973));
#1642=CARTESIAN_POINT('',(-1.1390872965,2.75,-0.8999999973));
#1643=CARTESIAN_POINT('',(-0.0,2.75,-0.9499999973));
#1644=CARTESIAN_POINT('',(1.1390872965,2.75,-0.9999999973));
#1645=CARTESIAN_POINT('',(1.9445436483,1.9445436483,-1.0499999973));
#1646=CARTESIAN_POINT('',(2.75,1.1390872965,-1.0999999973));
#1647=CARTESIAN_POINT('',(2.75,0.0,-1.1499999973));
#1648=CARTESIAN_POINT('',(2.75,-1.1390872965,-1.1999999973));
#1649=CARTESIAN_POINT('',(1.9445436483,-1.9445436483,-1.2499999973));
#1650=CARTESIAN_POINT('',(1.1390872965,-2.75,-1.2999999973));
#1651=CARTESIAN_POINT('',(0.0,-2.75,-1.3499999973));
#1652=CARTESIAN_POINT('',(-1.1390872965,-2.75,-1.3999999973));
#1653=CARTESIAN_POINT('',(-1.9445436483,-1.9445436483,-1.4499999973));
#1654=CARTESIAN_POINT('',(-2.75,-1.1390872965,-1.4999999973));
#1655=CARTESIAN_POINT('',(-2.75,0.0,-1.5499999973));
#1656=( BOUNDED_SURFACE() B_SPLINE_SURFACE(1,2,((#1494,#1495,#1496,#1497,#1498,#1499,#1500,#1501,#1502,#1503,#1504,#1505,#1506,#1507,#1508,#1509,#1510,#1511,#1512,#1513,
    #1514,#1515,#1516,#1517,#1518,#1519,#1520,#1521,#1522,#1523,#1524,#1525,#1526,#1527,#1528,#1529,#1530,#1531,#1532,#1533,
    #1534,#1535,#1536,#1537,#1538,#1539,#1540,#1541,#1542,#1543,#1544,#1545,#1546,#1547,#1548,#1549,#1550,#1551,#1552,#1553,
    #1554,#1555,#1556,#1557,#1558,#1559,#1560,#1561,#1562,#1563,#1564,#1565,#1566,#1567,#1568,#1569,#1570,#1571,#1572,#1573,#1574),
    (#1575,#1576,#1577,#1578,#1579,#1580,#1581,#1582,#1583,#1584,#1585,#1586,#1587,#1588,#1589,#1590,#1591,#1592,#1593,#1594,
    #1595,#1596,#1597,#1598,#1599,#1600,#1601,#1602,#1603,#1604,#1605,#1606,#1607,#1608,#1609,#1610,#1611,#1612,#1613,#1614,
    #1615,#1616,#1617,#1618,#1619,#1620,#1621,#1622,#1623,#1624,#1625,#1626,#1627,#1628,#1629,#1630,#1631,#1632,#1633,#1634,
    #1635,#1636,#1637,#1638,#1639,#1640,#1641,#1642,#1643,#1644,#1645,#1646,#1647,#1648,#1649,#1650,#1651,#1652,#1653,#1654,#1655)),.UNSPECIFIED.,.F.,.F.,.U.)
  B_SPLINE_SURFACE_WITH_KNOTS((2,2),(3,2,2,2,2,2,2,2,2,2,2,2,2,2,2,2,2,2,2,2,
    2,2,2,2,2,2,2,2,2,2,2,2,2,2,2,2,2,2,2,2,3),
  (0.0,1.0),(0.0,0.025,0.05,0.075,0.1,0.125,0.15,0.175,0.2,0.225,
    0.25,0.275,0.3,0.325,0.35,0.375,0.4,0.425,0.45,0.475,
    0.5,0.525,0.55,0.575,0.6,0.625,0.65,0.675,0.7,0.725,
    0.75,0.775,0.8,0.825,0.85,0.875,0.9,0.925,0.95,0.975,1.0),.UNSPECIFIED.)
  GEOMETRIC_REPRESENTATION_ITEM() RATIONAL_B_SPLINE_SURFACE(((1.0,0.9238795325,1.0,0.9238795325,1.0,0.9238795325,1.0,0.9238795325,1.0,0.9238795325,1.0,0.9238795325,1.0,0.9238795325,1.0,0.9238795325,1.0,0.9238795325,1.0,0.9238795325,
    1.0,0.9238795325,1.0,0.9238795325,1.0,0.9238795325,1.0,0.9238795325,1.0,0.9238795325,1.0,0.9238795325,1.0,0.9238795325,1.0,0.9238795325,1.0,0.9238795325,1.0,0.9238795325,
    1.0,0.9238795325,1.0,0.9238795325,1.0,0.9238795325,1.0,0.9238795325,1.0,0.9238795325,1.0,0.9238795325,1.0,0.9238795325,1.0,0.9238795325,1.0,0.9238795325,1.0,0.9238795325,
    1.0,0.9238795325,1.0,0.9238795325,1.0,0.9238795325,1.0,0.9238795325,1.0,0.9238795325,1.0,0.9238795325,1.0,0.9238795325,1.0,0.9238795325,1.0,0.9238795325,1.0,0.9238795325,1.0),
    (1.0,0.9238795325,1.0,0.9238795325,1.0,0.9238795325,1.0,0.9238795325,1.0,0.9238795325,1.0,0.9238795325,1.0,0.9238795325,1.0,0.9238795325,1.0,0.9238795325,1.0,0.9238795325,
    1.0,0.9238795325,1.0,0.9238795325,1.0,0.9238795325,1.0,0.9238795325,1.0,0.9238795325,1.0,0.9238795325,1.0,0.9238795325,1.0,0.9238795325,1.0,0.9238795325,1.0,0.9238795325,
    1.0,0.9238795325,1.0,0.9238795325,1.0,0.9238795325,1.0,0.9238795325,1.0,0.9238795325,1.0,0.9238795325,1.0,0.9238795325,1.0,0.9238795325,1.0,0.9238795325,1.0,0.9238795325,
    1.0,0.9238795325,1.0,0.9238795325,1.0,0.9238795325,1.0,0.9238795325,1.0,0.9238795325,1.0,0.9238795325,1.0,0.9238795325,1.0,0.9238795325,1.0,0.9238795325,1.0,0.9238795325,1.0))) REPRESENTATION_ITEM('') SURFACE() );
#1657=ADVANCED_FACE('n° 1052',(#1493),#1656,.T.);
#1658=ORIENTED_EDGE('',*,*,#1485,.T.);
#1659=ORIENTED_EDGE('',*,*,#813,.T.);
#1660=CARTESIAN_POINT('',(-3.291265875,0.0,2.8875000014));
#1661=CARTESIAN_POINT('',(-3.291265875,1.3632869628,2.8375000014));
#1662=CARTESIAN_POINT('',(-2.3272764189,2.3272764189,2.7875000014));
#1663=CARTESIAN_POINT('',(-1.3632869628,3.291265875,2.7375000014));
#1664=CARTESIAN_POINT('',(-0.0,3.291265875,2.6875000014));
#1665=CARTESIAN_POINT('',(1.3632869628,3.291265875,2.6375000014));
#1666=CARTESIAN_POINT('',(2.3272764189,2.3272764189,2.5875000014));
#1667=CARTESIAN_POINT('',(3.291265875,1.3632869628,2.5375000014));
#1668=CARTESIAN_POINT('',(3.291265875,0.0,2.4875000014));
#1669=CARTESIAN_POINT('',(3.291265875,-1.3632869628,2.4375000014));
#1670=CARTESIAN_POINT('',(2.3272764189,-2.3272764189,2.3875000014));
#1671=CARTESIAN_POINT('',(1.3632869628,-3.291265875,2.3375000014));
#1672=CARTESIAN_POINT('',(0.0,-3.291265875,2.2875000014));
#1673=CARTESIAN_POINT('',(-1.3632869628,-3.291265875,2.2375000014));
#1674=CARTESIAN_POINT('',(-2.3272764189,-2.3272764189,2.1875000014));
#1675=CARTESIAN_POINT('',(-3.291265875,-1.3632869628,2.1375000014));
#1676=CARTESIAN_POINT('',(-3.291265875,0.0,2.0875000014));
#1677=CARTESIAN_POINT('',(-3.291265875,1.3632869628,2.0375000014));
#1678=CARTESIAN_POINT('',(-2.3272764189,2.3272764189,1.9875000014));
#1679=CARTESIAN_POINT('',(-1.3632869628,3.291265875,1.9375000014));
#1680=CARTESIAN_POINT('',(-0.0,3.291265875,1.8875000014));
#1681=CARTESIAN_POINT('',(1.3632869628,3.291265875,1.8375000014));
#1682=CARTESIAN_POINT('',(2.3272764189,2.3272764189,1.7875000014));
#1683=CARTESIAN_POINT('',(3.291265875,1.3632869628,1.7375000014));
#1684=CARTESIAN_POINT('',(3.291265875,0.0,1.6875000014));
#1685=CARTESIAN_POINT('',(3.291265875,-1.3632869628,1.6375000014));
#1686=CARTESIAN_POINT('',(2.3272764189,-2.3272764189,1.5875000014));
#1687=CARTESIAN_POINT('',(1.3632869628,-3.291265875,1.5375000014));
#1688=CARTESIAN_POINT('',(0.0,-3.291265875,1.4875000014));
#1689=CARTESIAN_POINT('',(-1.3632869628,-3.291265875,1.4375000014));
#1690=CARTESIAN_POINT('',(-2.3272764189,-2.3272764189,1.3875000014));
#1691=CARTESIAN_POINT('',(-3.291265875,-1.3632869628,1.3375000014));
#1692=CARTESIAN_POINT('',(-3.291265875,0.0,1.2875000014));
#1693=CARTESIAN_POINT('',(-3.291265875,1.3632869628,1.2375000014));
#1694=CARTESIAN_POINT('',(-2.3272764189,2.3272764189,1.1875000014));
#1695=CARTESIAN_POINT('',(-1.3632869628,3.291265875,1.1375000014));
#1696=CARTESIAN_POINT('',(-0.0,3.291265875,1.0875000014));
#1697=CARTESIAN_POINT('',(1.3632869628,3.291265875,1.0375000014));
#1698=CARTESIAN_POINT('',(2.3272764189,2.3272764189,0.9875000014));
#1699=CARTESIAN_POINT('',(3.291265875,1.3632869628,0.9375000014));
#1700=CARTESIAN_POINT('',(3.291265875,0.0,0.8875000014));
#1701=CARTESIAN_POINT('',(3.291265875,-1.3632869628,0.8375000014));
#1702=CARTESIAN_POINT('',(2.3272764189,-2.3272764189,0.7875000014));
#1703=CARTESIAN_POINT('',(1.3632869628,-3.291265875,0.7375000014));
#1704=CARTESIAN_POINT('',(0.0,-3.291265875,0.6875000014));
#1705=CARTESIAN_POINT('',(-1.3632869628,-3.291265875,0.6375000014));
#1706=CARTESIAN_POINT('',(-2.3272764189,-2.3272764189,0.5875000014));
#1707=CARTESIAN_POINT('',(-3.291265875,-1.3632869628,0.5375000014));
#1708=CARTESIAN_POINT('',(-3.291265875,0.0,0.4875000014));
#1709=CARTESIAN_POINT('',(-3.291265875,1.3632869628,0.4375000014));
#1710=CARTESIAN_POINT('',(-2.3272764189,2.3272764189,0.3875000014));
#1711=CARTESIAN_POINT('',(-1.3632869628,3.291265875,0.3375000014));
#1712=CARTESIAN_POINT('',(-0.0,3.291265875,0.2875000014));
#1713=CARTESIAN_POINT('',(1.3632869628,3.291265875,0.2375000014));
#1714=CARTESIAN_POINT('',(2.3272764189,2.3272764189,0.1875000014));
#1715=CARTESIAN_POINT('',(3.291265875,1.3632869628,0.1375000014));
#1716=CARTESIAN_POINT('',(3.291265875,0.0,0.0875000014));
#1717=CARTESIAN_POINT('',(3.291265875,-1.3632869628,0.0375000014));
#1718=CARTESIAN_POINT('',(2.3272764189,-2.3272764189,-0.0124999986));
#1719=CARTESIAN_POINT('',(1.3632869628,-3.291265875,-0.0624999986));
#1720=CARTESIAN_POINT('',(0.0,-3.291265875,-0.1124999986));
#1721=CARTESIAN_POINT('',(-1.3632869628,-3.291265875,-0.1624999986));
#1722=CARTESIAN_POINT('',(-2.3272764189,-2.3272764189,-0.2124999986));
#1723=CARTESIAN_POINT('',(-3.291265875,-1.3632869628,-0.2624999986));
#1724=CARTESIAN_POINT('',(-3.291265875,0.0,-0.3124999986));
#1725=CARTESIAN_POINT('',(-3.291265875,1.3632869628,-0.3624999986));
#1726=CARTESIAN_POINT('',(-2.3272764189,2.3272764189,-0.4124999986));
#1727=CARTESIAN_POINT('',(-1.3632869628,3.291265875,-0.4624999986));
#1728=CARTESIAN_POINT('',(-0.0,3.291265875,-0.5124999986));
#1729=CARTESIAN_POINT('',(1.3632869628,3.291265875,-0.5624999986));
#1730=CARTESIAN_POINT('',(2.3272764189,2.3272764189,-0.6124999986));
#1731=CARTESIAN_POINT('',(3.291265875,1.3632869628,-0.6624999986));
#1732=CARTESIAN_POINT('',(3.291265875,0.0,-0.7124999986));
#1733=CARTESIAN_POINT('',(3.291265875,-1.3632869628,-0.7624999986));
#1734=CARTESIAN_POINT('',(2.3272764189,-2.3272764189,-0.8124999986));
#1735=CARTESIAN_POINT('',(1.3632869628,-3.291265875,-0.8624999986));
#1736=CARTESIAN_POINT('',(0.0,-3.291265875,-0.9124999986));
#1737=CARTESIAN_POINT('',(-1.3632869628,-3.291265875,-0.9624999986));
#1738=CARTESIAN_POINT('',(-2.3272764189,-2.3272764189,-1.0124999986));
#1739=CARTESIAN_POINT('',(-3.291265875,-1.3632869628,-1.0624999986));
#1740=CARTESIAN_POINT('',(-3.291265875,0.0,-1.1124999986));
#1741=(BOUNDED_CURVE() B_SPLINE_CURVE(2,(#1660,#1661,#1662,#1663,#1664,#1665,#1666,#1667,#1668,#1669,
    #1670,#1671,#1672,#1673,#1674,#1675,#1676,#1677,#1678,#1679,
    #1680,#1681,#1682,#1683,#1684,#1685,#1686,#1687,#1688,#1689,
    #1690,#1691,#1692,#1693,#1694,#1695,#1696,#1697,#1698,#1699,
    #1700,#1701,#1702,#1703,#1704,#1705,#1706,#1707,#1708,#1709,
    #1710,#1711,#1712,#1713,#1714,#1715,#1716,#1717,#1718,#1719,
    #1720,#1721,#1722,#1723,#1724,#1725,#1726,#1727,#1728,#1729,
    #1730,#1731,#1732,#1733,#1734,#1735,#1736,#1737,#1738,#1739,#1740),.UNSPECIFIED.,.F.,.U.)
  B_SPLINE_CURVE_WITH_KNOTS((3,2,2,2,2,2,2,2,2,2,2,2,2,2,2,2,2,2,2,2,
    2,2,2,2,2,2,2,2,2,2,2,2,2,2,2,2,2,2,2,2,3),
  (0.0,0.025,0.05,0.075,0.1,0.125,0.15,0.175,0.2,0.225,0.25,0.275,0.3,0.325,0.35,0.375,0.4,0.425,0.45,0.475,
    0.5,0.525,0.55,0.575,0.6,0.625,0.65,0.675,0.7,0.725,0.75,0.775,0.8,0.825,0.85,0.875,0.9,0.925,0.95,0.975,1.0),.UNSPECIFIED.)
  CURVE() GEOMETRIC_REPRESENTATION_ITEM() RATIONAL_B_SPLINE_CURVE((1.0,0.9238795325,1.0,0.9238795325,1.0,0.9238795325,1.0,0.9238795325,1.0,0.9238795325,1.0,0.9238795325,1.0,0.9238795325,1.0,0.9238795325,1.0,0.9238795325,1.0,0.9238795325,
    1.0,0.9238795325,1.0,0.9238795325,1.0,0.9238795325,1.0,0.9238795325,1.0,0.9238795325,1.0,0.9238795325,1.0,0.9238795325,1.0,0.9238795325,1.0,0.9238795325,1.0,0.9238795325,
    1.0,0.9238795325,1.0,0.9238795325,1.0,0.9238795325,1.0,0.9238795325,1.0,0.9238795325,1.0,0.9238795325,1.0,0.9238795325,1.0,0.9238795325,1.0,0.9238795325,1.0,0.9238795325,
    1.0,0.9238795325,1.0,0.9238795325,1.0,0.9238795325,1.0,0.9238795325,1.0,0.9238795325,1.0,0.9238795325,1.0,0.9238795325,1.0,0.9238795325,1.0,0.9238795325,1.0,0.9238795325,1.0))  REPRESENTATION_ITEM('') );
#1742=EDGE_CURVE('n° 916',#36,#794,#1741,.T.);
#1743=ORIENTED_EDGE('',*,*,#1742,.F.);
#1744=ORIENTED_EDGE('',*,*,#52,.F.);
#1745=EDGE_LOOP('',(#1658,#1659,#1743,#1744));
#1746=FACE_OUTER_BOUND('',#1745,.T.);
#1747=CARTESIAN_POINT('',(-3.291265875,0.0,2.8875000014));
#1748=CARTESIAN_POINT('',(-3.291265875,1.3632869628,2.8375000014));
#1749=CARTESIAN_POINT('',(-2.3272764189,2.3272764189,2.7875000014));
#1750=CARTESIAN_POINT('',(-1.3632869628,3.291265875,2.7375000014));
#1751=CARTESIAN_POINT('',(-0.0,3.291265875,2.6875000014));
#1752=CARTESIAN_POINT('',(1.3632869628,3.291265875,2.6375000014));
#1753=CARTESIAN_POINT('',(2.3272764189,2.3272764189,2.5875000014));
#1754=CARTESIAN_POINT('',(3.291265875,1.3632869628,2.5375000014));
#1755=CARTESIAN_POINT('',(3.291265875,0.0,2.4875000014));
#1756=CARTESIAN_POINT('',(3.291265875,-1.3632869628,2.4375000014));
#1757=CARTESIAN_POINT('',(2.3272764189,-2.3272764189,2.3875000014));
#1758=CARTESIAN_POINT('',(1.3632869628,-3.291265875,2.3375000014));
#1759=CARTESIAN_POINT('',(0.0,-3.291265875,2.2875000014));
#1760=CARTESIAN_POINT('',(-1.3632869628,-3.291265875,2.2375000014));
#1761=CARTESIAN_POINT('',(-2.3272764189,-2.3272764189,2.1875000014));
#1762=CARTESIAN_POINT('',(-3.291265875,-1.3632869628,2.1375000014));
#1763=CARTESIAN_POINT('',(-3.291265875,0.0,2.0875000014));
#1764=CARTESIAN_POINT('',(-3.291265875,1.3632869628,2.0375000014));
#1765=CARTESIAN_POINT('',(-2.3272764189,2.3272764189,1.9875000014));
#1766=CARTESIAN_POINT('',(-1.3632869628,3.291265875,1.9375000014));
#1767=CARTESIAN_POINT('',(-0.0,3.291265875,1.8875000014));
#1768=CARTESIAN_POINT('',(1.3632869628,3.291265875,1.8375000014));
#1769=CARTESIAN_POINT('',(2.3272764189,2.3272764189,1.7875000014));
#1770=CARTESIAN_POINT('',(3.291265875,1.3632869628,1.7375000014));
#1771=CARTESIAN_POINT('',(3.291265875,0.0,1.6875000014));
#1772=CARTESIAN_POINT('',(3.291265875,-1.3632869628,1.6375000014));
#1773=CARTESIAN_POINT('',(2.3272764189,-2.3272764189,1.5875000014));
#1774=CARTESIAN_POINT('',(1.3632869628,-3.291265875,1.5375000014));
#1775=CARTESIAN_POINT('',(0.0,-3.291265875,1.4875000014));
#1776=CARTESIAN_POINT('',(-1.3632869628,-3.291265875,1.4375000014));
#1777=CARTESIAN_POINT('',(-2.3272764189,-2.3272764189,1.3875000014));
#1778=CARTESIAN_POINT('',(-3.291265875,-1.3632869628,1.3375000014));
#1779=CARTESIAN_POINT('',(-3.291265875,0.0,1.2875000014));
#1780=CARTESIAN_POINT('',(-3.291265875,1.3632869628,1.2375000014));
#1781=CARTESIAN_POINT('',(-2.3272764189,2.3272764189,1.1875000014));
#1782=CARTESIAN_POINT('',(-1.3632869628,3.291265875,1.1375000014));
#1783=CARTESIAN_POINT('',(-0.0,3.291265875,1.0875000014));
#1784=CARTESIAN_POINT('',(1.3632869628,3.291265875,1.0375000014));
#1785=CARTESIAN_POINT('',(2.3272764189,2.3272764189,0.9875000014));
#1786=CARTESIAN_POINT('',(3.291265875,1.3632869628,0.9375000014));
#1787=CARTESIAN_POINT('',(3.291265875,0.0,0.8875000014));
#1788=CARTESIAN_POINT('',(3.291265875,-1.3632869628,0.8375000014));
#1789=CARTESIAN_POINT('',(2.3272764189,-2.3272764189,0.7875000014));
#1790=CARTESIAN_POINT('',(1.3632869628,-3.291265875,0.7375000014));
#1791=CARTESIAN_POINT('',(0.0,-3.291265875,0.6875000014));
#1792=CARTESIAN_POINT('',(-1.3632869628,-3.291265875,0.6375000014));
#1793=CARTESIAN_POINT('',(-2.3272764189,-2.3272764189,0.5875000014));
#1794=CARTESIAN_POINT('',(-3.291265875,-1.3632869628,0.5375000014));
#1795=CARTESIAN_POINT('',(-3.291265875,0.0,0.4875000014));
#1796=CARTESIAN_POINT('',(-3.291265875,1.3632869628,0.4375000014));
#1797=CARTESIAN_POINT('',(-2.3272764189,2.3272764189,0.3875000014));
#1798=CARTESIAN_POINT('',(-1.3632869628,3.291265875,0.3375000014));
#1799=CARTESIAN_POINT('',(-0.0,3.291265875,0.2875000014));
#1800=CARTESIAN_POINT('',(1.3632869628,3.291265875,0.2375000014));
#1801=CARTESIAN_POINT('',(2.3272764189,2.3272764189,0.1875000014));
#1802=CARTESIAN_POINT('',(3.291265875,1.3632869628,0.1375000014));
#1803=CARTESIAN_POINT('',(3.291265875,0.0,0.0875000014));
#1804=CARTESIAN_POINT('',(3.291265875,-1.3632869628,0.0375000014));
#1805=CARTESIAN_POINT('',(2.3272764189,-2.3272764189,-0.0124999986));
#1806=CARTESIAN_POINT('',(1.3632869628,-3.291265875,-0.0624999986));
#1807=CARTESIAN_POINT('',(0.0,-3.291265875,-0.1124999986));
#1808=CARTESIAN_POINT('',(-1.3632869628,-3.291265875,-0.1624999986));
#1809=CARTESIAN_POINT('',(-2.3272764189,-2.3272764189,-0.2124999986));
#1810=CARTESIAN_POINT('',(-3.291265875,-1.3632869628,-0.2624999986));
#1811=CARTESIAN_POINT('',(-3.291265875,0.0,-0.3124999986));
#1812=CARTESIAN_POINT('',(-3.291265875,1.3632869628,-0.3624999986));
#1813=CARTESIAN_POINT('',(-2.3272764189,2.3272764189,-0.4124999986));
#1814=CARTESIAN_POINT('',(-1.3632869628,3.291265875,-0.4624999986));
#1815=CARTESIAN_POINT('',(-0.0,3.291265875,-0.5124999986));
#1816=CARTESIAN_POINT('',(1.3632869628,3.291265875,-0.5624999986));
#1817=CARTESIAN_POINT('',(2.3272764189,2.3272764189,-0.6124999986));
#1818=CARTESIAN_POINT('',(3.291265875,1.3632869628,-0.6624999986));
#1819=CARTESIAN_POINT('',(3.291265875,0.0,-0.7124999986));
#1820=CARTESIAN_POINT('',(3.291265875,-1.3632869628,-0.7624999986));
#1821=CARTESIAN_POINT('',(2.3272764189,-2.3272764189,-0.8124999986));
#1822=CARTESIAN_POINT('',(1.3632869628,-3.291265875,-0.8624999986));
#1823=CARTESIAN_POINT('',(0.0,-3.291265875,-0.9124999986));
#1824=CARTESIAN_POINT('',(-1.3632869628,-3.291265875,-0.9624999986));
#1825=CARTESIAN_POINT('',(-2.3272764189,-2.3272764189,-1.0124999986));
#1826=CARTESIAN_POINT('',(-3.291265875,-1.3632869628,-1.0624999986));
#1827=CARTESIAN_POINT('',(-3.291265875,0.0,-1.1124999986));
#1828=CARTESIAN_POINT('',(-3.291265875,0.0,2.7625000014));
#1829=CARTESIAN_POINT('',(-3.291265875,1.3632869628,2.7125000014));
#1830=CARTESIAN_POINT('',(-2.3272764189,2.3272764189,2.6625000014));
#1831=CARTESIAN_POINT('',(-1.3632869628,3.291265875,2.6125000014));
#1832=CARTESIAN_POINT('',(-0.0,3.291265875,2.5625000014));
#1833=CARTESIAN_POINT('',(1.3632869628,3.291265875,2.5125000014));
#1834=CARTESIAN_POINT('',(2.3272764189,2.3272764189,2.4625000014));
#1835=CARTESIAN_POINT('',(3.291265875,1.3632869628,2.4125000014));
#1836=CARTESIAN_POINT('',(3.291265875,0.0,2.3625000014));
#1837=CARTESIAN_POINT('',(3.291265875,-1.3632869628,2.3125000014));
#1838=CARTESIAN_POINT('',(2.3272764189,-2.3272764189,2.2625000014));
#1839=CARTESIAN_POINT('',(1.3632869628,-3.291265875,2.2125000014));
#1840=CARTESIAN_POINT('',(0.0,-3.291265875,2.1625000014));
#1841=CARTESIAN_POINT('',(-1.3632869628,-3.291265875,2.1125000014));
#1842=CARTESIAN_POINT('',(-2.3272764189,-2.3272764189,2.0625000014));
#1843=CARTESIAN_POINT('',(-3.291265875,-1.3632869628,2.0125000014));
#1844=CARTESIAN_POINT('',(-3.291265875,0.0,1.9625000014));
#1845=CARTESIAN_POINT('',(-3.291265875,1.3632869628,1.9125000014));
#1846=CARTESIAN_POINT('',(-2.3272764189,2.3272764189,1.8625000014));
#1847=CARTESIAN_POINT('',(-1.3632869628,3.291265875,1.8125000014));
#1848=CARTESIAN_POINT('',(-0.0,3.291265875,1.7625000014));
#1849=CARTESIAN_POINT('',(1.3632869628,3.291265875,1.7125000014));
#1850=CARTESIAN_POINT('',(2.3272764189,2.3272764189,1.6625000014));
#1851=CARTESIAN_POINT('',(3.291265875,1.3632869628,1.6125000014));
#1852=CARTESIAN_POINT('',(3.291265875,0.0,1.5625000014));
#1853=CARTESIAN_POINT('',(3.291265875,-1.3632869628,1.5125000014));
#1854=CARTESIAN_POINT('',(2.3272764189,-2.3272764189,1.4625000014));
#1855=CARTESIAN_POINT('',(1.3632869628,-3.291265875,1.4125000014));
#1856=CARTESIAN_POINT('',(0.0,-3.291265875,1.3625000014));
#1857=CARTESIAN_POINT('',(-1.3632869628,-3.291265875,1.3125000014));
#1858=CARTESIAN_POINT('',(-2.3272764189,-2.3272764189,1.2625000014));
#1859=CARTESIAN_POINT('',(-3.291265875,-1.3632869628,1.2125000014));
#1860=CARTESIAN_POINT('',(-3.291265875,0.0,1.1625000014));
#1861=CARTESIAN_POINT('',(-3.291265875,1.3632869628,1.1125000014));
#1862=CARTESIAN_POINT('',(-2.3272764189,2.3272764189,1.0625000014));
#1863=CARTESIAN_POINT('',(-1.3632869628,3.291265875,1.0125000014));
#1864=CARTESIAN_POINT('',(-0.0,3.291265875,0.9625000014));
#1865=CARTESIAN_POINT('',(1.3632869628,3.291265875,0.9125000014));
#1866=CARTESIAN_POINT('',(2.3272764189,2.3272764189,0.8625000014));
#1867=CARTESIAN_POINT('',(3.291265875,1.3632869628,0.8125000014));
#1868=CARTESIAN_POINT('',(3.291265875,0.0,0.7625000014));
#1869=CARTESIAN_POINT('',(3.291265875,-1.3632869628,0.7125000014));
#1870=CARTESIAN_POINT('',(2.3272764189,-2.3272764189,0.6625000014));
#1871=CARTESIAN_POINT('',(1.3632869628,-3.291265875,0.6125000014));
#1872=CARTESIAN_POINT('',(0.0,-3.291265875,0.5625000014));
#1873=CARTESIAN_POINT('',(-1.3632869628,-3.291265875,0.5125000014));
#1874=CARTESIAN_POINT('',(-2.3272764189,-2.3272764189,0.4625000014));
#1875=CARTESIAN_POINT('',(-3.291265875,-1.3632869628,0.4125000014));
#1876=CARTESIAN_POINT('',(-3.291265875,0.0,0.3625000014));
#1877=CARTESIAN_POINT('',(-3.291265875,1.3632869628,0.3125000014));
#1878=CARTESIAN_POINT('',(-2.3272764189,2.3272764189,0.2625000014));
#1879=CARTESIAN_POINT('',(-1.3632869628,3.291265875,0.2125000014));
#1880=CARTESIAN_POINT('',(-0.0,3.291265875,0.1625000014));
#1881=CARTESIAN_POINT('',(1.3632869628,3.291265875,0.1125000014));
#1882=CARTESIAN_POINT('',(2.3272764189,2.3272764189,0.0625000014));
#1883=CARTESIAN_POINT('',(3.291265875,1.3632869628,0.0125000014));
#1884=CARTESIAN_POINT('',(3.291265875,0.0,-0.0374999986));
#1885=CARTESIAN_POINT('',(3.291265875,-1.3632869628,-0.0874999986));
#1886=CARTESIAN_POINT('',(2.3272764189,-2.3272764189,-0.1374999986));
#1887=CARTESIAN_POINT('',(1.3632869628,-3.291265875,-0.1874999986));
#1888=CARTESIAN_POINT('',(0.0,-3.291265875,-0.2374999986));
#1889=CARTESIAN_POINT('',(-1.3632869628,-3.291265875,-0.2874999986));
#1890=CARTESIAN_POINT('',(-2.3272764189,-2.3272764189,-0.3374999986));
#1891=CARTESIAN_POINT('',(-3.291265875,-1.3632869628,-0.3874999986));
#1892=CARTESIAN_POINT('',(-3.291265875,0.0,-0.4374999986));
#1893=CARTESIAN_POINT('',(-3.291265875,1.3632869628,-0.4874999986));
#1894=CARTESIAN_POINT('',(-2.3272764189,2.3272764189,-0.5374999986));
#1895=CARTESIAN_POINT('',(-1.3632869628,3.291265875,-0.5874999986));
#1896=CARTESIAN_POINT('',(-0.0,3.291265875,-0.6374999986));
#1897=CARTESIAN_POINT('',(1.3632869628,3.291265875,-0.6874999986));
#1898=CARTESIAN_POINT('',(2.3272764189,2.3272764189,-0.7374999986));
#1899=CARTESIAN_POINT('',(3.291265875,1.3632869628,-0.7874999986));
#1900=CARTESIAN_POINT('',(3.291265875,0.0,-0.8374999986));
#1901=CARTESIAN_POINT('',(3.291265875,-1.3632869628,-0.8874999986));
#1902=CARTESIAN_POINT('',(2.3272764189,-2.3272764189,-0.9374999986));
#1903=CARTESIAN_POINT('',(1.3632869628,-3.291265875,-0.9874999986));
#1904=CARTESIAN_POINT('',(0.0,-3.291265875,-1.0374999986));
#1905=CARTESIAN_POINT('',(-1.3632869628,-3.291265875,-1.0874999986));
#1906=CARTESIAN_POINT('',(-2.3272764189,-2.3272764189,-1.1374999986));
#1907=CARTESIAN_POINT('',(-3.291265875,-1.3632869628,-1.1874999986));
#1908=CARTESIAN_POINT('',(-3.291265875,0.0,-1.2374999986));
#1909=( BOUNDED_SURFACE() B_SPLINE_SURFACE(1,2,((#1747,#1748,#1749,#1750,#1751,#1752,#1753,#1754,#1755,#1756,#1757,#1758,#1759,#1760,#1761,#1762,#1763,#1764,#1765,#1766,
    #1767,#1768,#1769,#1770,#1771,#1772,#1773,#1774,#1775,#1776,#1777,#1778,#1779,#1780,#1781,#1782,#1783,#1784,#1785,#1786,
    #1787,#1788,#1789,#1790,#1791,#1792,#1793,#1794,#1795,#1796,#1797,#1798,#1799,#1800,#1801,#1802,#1803,#1804,#1805,#1806,
    #1807,#1808,#1809,#1810,#1811,#1812,#1813,#1814,#1815,#1816,#1817,#1818,#1819,#1820,#1821,#1822,#1823,#1824,#1825,#1826,#1827),
    (#1828,#1829,#1830,#1831,#1832,#1833,#1834,#1835,#1836,#1837,#1838,#1839,#1840,#1841,#1842,#1843,#1844,#1845,#1846,#1847,
    #1848,#1849,#1850,#1851,#1852,#1853,#1854,#1855,#1856,#1857,#1858,#1859,#1860,#1861,#1862,#1863,#1864,#1865,#1866,#1867,
    #1868,#1869,#1870,#1871,#1872,#1873,#1874,#1875,#1876,#1877,#1878,#1879,#1880,#1881,#1882,#1883,#1884,#1885,#1886,#1887,
    #1888,#1889,#1890,#1891,#1892,#1893,#1894,#1895,#1896,#1897,#1898,#1899,#1900,#1901,#1902,#1903,#1904,#1905,#1906,#1907,#1908)),.UNSPECIFIED.,.F.,.F.,.U.)
  B_SPLINE_SURFACE_WITH_KNOTS((2,2),(3,2,2,2,2,2,2,2,2,2,2,2,2,2,2,2,2,2,2,2,
    2,2,2,2,2,2,2,2,2,2,2,2,2,2,2,2,2,2,2,2,3),
  (0.0,1.0),(0.0,0.025,0.05,0.075,0.1,0.125,0.15,0.175,0.2,0.225,
    0.25,0.275,0.3,0.325,0.35,0.375,0.4,0.425,0.45,0.475,
    0.5,0.525,0.55,0.575,0.6,0.625,0.65,0.675,0.7,0.725,
    0.75,0.775,0.8,0.825,0.85,0.875,0.9,0.925,0.95,0.975,1.0),.UNSPECIFIED.)
  GEOMETRIC_REPRESENTATION_ITEM() RATIONAL_B_SPLINE_SURFACE(((1.0,0.9238795325,1.0,0.9238795325,1.0,0.9238795325,1.0,0.9238795325,1.0,0.9238795325,1.0,0.9238795325,1.0,0.9238795325,1.0,0.9238795325,1.0,0.9238795325,1.0,0.9238795325,
    1.0,0.9238795325,1.0,0.9238795325,1.0,0.9238795325,1.0,0.9238795325,1.0,0.9238795325,1.0,0.9238795325,1.0,0.9238795325,1.0,0.9238795325,1.0,0.9238795325,1.0,0.9238795325,
    1.0,0.9238795325,1.0,0.9238795325,1.0,0.9238795325,1.0,0.9238795325,1.0,0.9238795325,1.0,0.9238795325,1.0,0.9238795325,1.0,0.9238795325,1.0,0.9238795325,1.0,0.9238795325,
    1.0,0.9238795325,1.0,0.9238795325,1.0,0.9238795325,1.0,0.9238795325,1.0,0.9238795325,1.0,0.9238795325,1.0,0.9238795325,1.0,0.9238795325,1.0,0.9238795325,1.0,0.9238795325,1.0),
    (1.0,0.9238795325,1.0,0.9238795325,1.0,0.9238795325,1.0,0.9238795325,1.0,0.9238795325,1.0,0.9238795325,1.0,0.9238795325,1.0,0.9238795325,1.0,0.9238795325,1.0,0.9238795325,
    1.0,0.9238795325,1.0,0.9238795325,1.0,0.9238795325,1.0,0.9238795325,1.0,0.9238795325,1.0,0.9238795325,1.0,0.9238795325,1.0,0.9238795325,1.0,0.9238795325,1.0,0.9238795325,
    1.0,0.9238795325,1.0,0.9238795325,1.0,0.9238795325,1.0,0.9238795325,1.0,0.9238795325,1.0,0.9238795325,1.0,0.9238795325,1.0,0.9238795325,1.0,0.9238795325,1.0,0.9238795325,
    1.0,0.9238795325,1.0,0.9238795325,1.0,0.9238795325,1.0,0.9238795325,1.0,0.9238795325,1.0,0.9238795325,1.0,0.9238795325,1.0,0.9238795325,1.0,0.9238795325,1.0,0.9238795325,1.0))) REPRESENTATION_ITEM('') SURFACE() );
#1910=ADVANCED_FACE('n° 1049',(#1746),#1909,.T.);
#1911=ORIENTED_EDGE('',*,*,#1742,.T.);
#1912=ORIENTED_EDGE('',*,*,#802,.T.);
#1913=ORIENTED_EDGE('',*,*,#148,.F.);
#1914=ORIENTED_EDGE('',*,*,#67,.F.);
#1915=EDGE_LOOP('',(#1911,#1912,#1913,#1914));
#1916=FACE_OUTER_BOUND('',#1915,.T.);
#1917=CARTESIAN_POINT('',(-2.75,0.0,3.2));
#1918=CARTESIAN_POINT('',(-2.75,1.1390872965,3.15));
#1919=CARTESIAN_POINT('',(-1.9445436483,1.9445436483,3.1));
#1920=CARTESIAN_POINT('',(-1.1390872965,2.75,3.05));
#1921=CARTESIAN_POINT('',(-0.0,2.75,3.0));
#1922=CARTESIAN_POINT('',(1.1390872965,2.75,2.95));
#1923=CARTESIAN_POINT('',(1.9445436483,1.9445436483,2.9));
#1924=CARTESIAN_POINT('',(2.75,1.1390872965,2.85));
#1925=CARTESIAN_POINT('',(2.75,0.0,2.8));
#1926=CARTESIAN_POINT('',(2.75,-1.1390872965,2.75));
#1927=CARTESIAN_POINT('',(1.9445436483,-1.9445436483,2.7));
#1928=CARTESIAN_POINT('',(1.1390872965,-2.75,2.65));
#1929=CARTESIAN_POINT('',(0.0,-2.75,2.6));
#1930=CARTESIAN_POINT('',(-1.1390872965,-2.75,2.55));
#1931=CARTESIAN_POINT('',(-1.9445436483,-1.9445436483,2.5));
#1932=CARTESIAN_POINT('',(-2.75,-1.1390872965,2.45));
#1933=CARTESIAN_POINT('',(-2.75,0.0,2.4));
#1934=CARTESIAN_POINT('',(-2.75,1.1390872965,2.35));
#1935=CARTESIAN_POINT('',(-1.9445436483,1.9445436483,2.3));
#1936=CARTESIAN_POINT('',(-1.1390872965,2.75,2.25));
#1937=CARTESIAN_POINT('',(-0.0,2.75,2.2));
#1938=CARTESIAN_POINT('',(1.1390872965,2.75,2.15));
#1939=CARTESIAN_POINT('',(1.9445436483,1.9445436483,2.1));
#1940=CARTESIAN_POINT('',(2.75,1.1390872965,2.05));
#1941=CARTESIAN_POINT('',(2.75,0.0,2.0));
#1942=CARTESIAN_POINT('',(2.75,-1.1390872965,1.95));
#1943=CARTESIAN_POINT('',(1.9445436483,-1.9445436483,1.9));
#1944=CARTESIAN_POINT('',(1.1390872965,-2.75,1.85));
#1945=CARTESIAN_POINT('',(0.0,-2.75,1.8));
#1946=CARTESIAN_POINT('',(-1.1390872965,-2.75,1.75));
#1947=CARTESIAN_POINT('',(-1.9445436483,-1.9445436483,1.7));
#1948=CARTESIAN_POINT('',(-2.75,-1.1390872965,1.65));
#1949=CARTESIAN_POINT('',(-2.75,0.0,1.6));
#1950=CARTESIAN_POINT('',(-2.75,1.1390872965,1.55));
#1951=CARTESIAN_POINT('',(-1.9445436483,1.9445436483,1.5));
#1952=CARTESIAN_POINT('',(-1.1390872965,2.75,1.45));
#1953=CARTESIAN_POINT('',(-0.0,2.75,1.4));
#1954=CARTESIAN_POINT('',(1.1390872965,2.75,1.35));
#1955=CARTESIAN_POINT('',(1.9445436483,1.9445436483,1.3));
#1956=CARTESIAN_POINT('',(2.75,1.1390872965,1.25));
#1957=CARTESIAN_POINT('',(2.75,0.0,1.2));
#1958=CARTESIAN_POINT('',(2.75,-1.1390872965,1.15));
#1959=CARTESIAN_POINT('',(1.9445436483,-1.9445436483,1.1));
#1960=CARTESIAN_POINT('',(1.1390872965,-2.75,1.05));
#1961=CARTESIAN_POINT('',(0.0,-2.75,1.0));
#1962=CARTESIAN_POINT('',(-1.1390872965,-2.75,0.95));
#1963=CARTESIAN_POINT('',(-1.9445436483,-1.9445436483,0.9));
#1964=CARTESIAN_POINT('',(-2.75,-1.1390872965,0.85));
#1965=CARTESIAN_POINT('',(-2.75,0.0,0.8));
#1966=CARTESIAN_POINT('',(-2.75,1.1390872965,0.75));
#1967=CARTESIAN_POINT('',(-1.9445436483,1.9445436483,0.7));
#1968=CARTESIAN_POINT('',(-1.1390872965,2.75,0.65));
#1969=CARTESIAN_POINT('',(-0.0,2.75,0.6));
#1970=CARTESIAN_POINT('',(1.1390872965,2.75,0.55));
#1971=CARTESIAN_POINT('',(1.9445436483,1.9445436483,0.5));
#1972=CARTESIAN_POINT('',(2.75,1.1390872965,0.45));
#1973=CARTESIAN_POINT('',(2.75,0.0,0.4));
#1974=CARTESIAN_POINT('',(2.75,-1.1390872965,0.35));
#1975=CARTESIAN_POINT('',(1.9445436483,-1.9445436483,0.3));
#1976=CARTESIAN_POINT('',(1.1390872965,-2.75,0.25));
#1977=CARTESIAN_POINT('',(0.0,-2.75,0.2));
#1978=CARTESIAN_POINT('',(-1.1390872965,-2.75,0.15));
#1979=CARTESIAN_POINT('',(-1.9445436483,-1.9445436483,0.1));
#1980=CARTESIAN_POINT('',(-2.75,-1.1390872965,0.05));
#1981=CARTESIAN_POINT('',(-2.75,0.0,0.0));
#1982=CARTESIAN_POINT('',(-2.75,1.1390872965,-0.05));
#1983=CARTESIAN_POINT('',(-1.9445436483,1.9445436483,-0.1));
#1984=CARTESIAN_POINT('',(-1.1390872965,2.75,-0.15));
#1985=CARTESIAN_POINT('',(-0.0,2.75,-0.2));
#1986=CARTESIAN_POINT('',(1.1390872965,2.75,-0.25));
#1987=CARTESIAN_POINT('',(1.9445436483,1.9445436483,-0.3));
#1988=CARTESIAN_POINT('',(2.75,1.1390872965,-0.35));
#1989=CARTESIAN_POINT('',(2.75,0.0,-0.4));
#1990=CARTESIAN_POINT('',(2.75,-1.1390872965,-0.45));
#1991=CARTESIAN_POINT('',(1.9445436483,-1.9445436483,-0.5));
#1992=CARTESIAN_POINT('',(1.1390872965,-2.75,-0.55));
#1993=CARTESIAN_POINT('',(0.0,-2.75,-0.6));
#1994=CARTESIAN_POINT('',(-1.1390872965,-2.75,-0.65));
#1995=CARTESIAN_POINT('',(-1.9445436483,-1.9445436483,-0.7));
#1996=CARTESIAN_POINT('',(-2.75,-1.1390872965,-0.75));
#1997=CARTESIAN_POINT('',(-2.75,0.0,-0.8));
#1998=CARTESIAN_POINT('',(-3.291265875,0.0,2.8875000014));
#1999=CARTESIAN_POINT('',(-3.291265875,1.3632869628,2.8375000014));
#2000=CARTESIAN_POINT('',(-2.3272764189,2.3272764189,2.7875000014));
#2001=CARTESIAN_POINT('',(-1.3632869628,3.291265875,2.7375000014));
#2002=CARTESIAN_POINT('',(-0.0,3.291265875,2.6875000014));
#2003=CARTESIAN_POINT('',(1.3632869628,3.291265875,2.6375000014));
#2004=CARTESIAN_POINT('',(2.3272764189,2.3272764189,2.5875000014));
#2005=CARTESIAN_POINT('',(3.291265875,1.3632869628,2.5375000014));
#2006=CARTESIAN_POINT('',(3.291265875,0.0,2.4875000014));
#2007=CARTESIAN_POINT('',(3.291265875,-1.3632869628,2.4375000014));
#2008=CARTESIAN_POINT('',(2.3272764189,-2.3272764189,2.3875000014));
#2009=CARTESIAN_POINT('',(1.3632869628,-3.291265875,2.3375000014));
#2010=CARTESIAN_POINT('',(0.0,-3.291265875,2.2875000014));
#2011=CARTESIAN_POINT('',(-1.3632869628,-3.291265875,2.2375000014));
#2012=CARTESIAN_POINT('',(-2.3272764189,-2.3272764189,2.1875000014));
#2013=CARTESIAN_POINT('',(-3.291265875,-1.3632869628,2.1375000014));
#2014=CARTESIAN_POINT('',(-3.291265875,0.0,2.0875000014));
#2015=CARTESIAN_POINT('',(-3.291265875,1.3632869628,2.0375000014));
#2016=CARTESIAN_POINT('',(-2.3272764189,2.3272764189,1.9875000014));
#2017=CARTESIAN_POINT('',(-1.3632869628,3.291265875,1.9375000014));
#2018=CARTESIAN_POINT('',(-0.0,3.291265875,1.8875000014));
#2019=CARTESIAN_POINT('',(1.3632869628,3.291265875,1.8375000014));
#2020=CARTESIAN_POINT('',(2.3272764189,2.3272764189,1.7875000014));
#2021=CARTESIAN_POINT('',(3.291265875,1.3632869628,1.7375000014));
#2022=CARTESIAN_POINT('',(3.291265875,0.0,1.6875000014));
#2023=CARTESIAN_POINT('',(3.291265875,-1.3632869628,1.6375000014));
#2024=CARTESIAN_POINT('',(2.3272764189,-2.3272764189,1.5875000014));
#2025=CARTESIAN_POINT('',(1.3632869628,-3.291265875,1.5375000014));
#2026=CARTESIAN_POINT('',(0.0,-3.291265875,1.4875000014));
#2027=CARTESIAN_POINT('',(-1.3632869628,-3.291265875,1.4375000014));
#2028=CARTESIAN_POINT('',(-2.3272764189,-2.3272764189,1.3875000014));
#2029=CARTESIAN_POINT('',(-3.291265875,-1.3632869628,1.3375000014));
#2030=CARTESIAN_POINT('',(-3.291265875,0.0,1.2875000014));
#2031=CARTESIAN_POINT('',(-3.291265875,1.3632869628,1.2375000014));
#2032=CARTESIAN_POINT('',(-2.3272764189,2.3272764189,1.1875000014));
#2033=CARTESIAN_POINT('',(-1.3632869628,3.291265875,1.1375000014));
#2034=CARTESIAN_POINT('',(-0.0,3.291265875,1.0875000014));
#2035=CARTESIAN_POINT('',(1.3632869628,3.291265875,1.0375000014));
#2036=CARTESIAN_POINT('',(2.3272764189,2.3272764189,0.9875000014));
#2037=CARTESIAN_POINT('',(3.291265875,1.3632869628,0.9375000014));
#2038=CARTESIAN_POINT('',(3.291265875,0.0,0.8875000014));
#2039=CARTESIAN_POINT('',(3.291265875,-1.3632869628,0.8375000014));
#2040=CARTESIAN_POINT('',(2.3272764189,-2.3272764189,0.7875000014));
#2041=CARTESIAN_POINT('',(1.3632869628,-3.291265875,0.7375000014));
#2042=CARTESIAN_POINT('',(0.0,-3.291265875,0.6875000014));
#2043=CARTESIAN_POINT('',(-1.3632869628,-3.291265875,0.6375000014));
#2044=CARTESIAN_POINT('',(-2.3272764189,-2.3272764189,0.5875000014));
#2045=CARTESIAN_POINT('',(-3.291265875,-1.3632869628,0.5375000014));
#2046=CARTESIAN_POINT('',(-3.291265875,0.0,0.4875000014));
#2047=CARTESIAN_POINT('',(-3.291265875,1.3632869628,0.4375000014));
#2048=CARTESIAN_POINT('',(-2.3272764189,2.3272764189,0.3875000014));
#2049=CARTESIAN_POINT('',(-1.3632869628,3.291265875,0.3375000014));
#2050=CARTESIAN_POINT('',(-0.0,3.291265875,0.2875000014));
#2051=CARTESIAN_POINT('',(1.3632869628,3.291265875,0.2375000014));
#2052=CARTESIAN_POINT('',(2.3272764189,2.3272764189,0.1875000014));
#2053=CARTESIAN_POINT('',(3.291265875,1.3632869628,0.1375000014));
#2054=CARTESIAN_POINT('',(3.291265875,0.0,0.0875000014));
#2055=CARTESIAN_POINT('',(3.291265875,-1.3632869628,0.0375000014));
#2056=CARTESIAN_POINT('',(2.3272764189,-2.3272764189,-0.0124999986));
#2057=CARTESIAN_POINT('',(1.3632869628,-3.291265875,-0.0624999986));
#2058=CARTESIAN_POINT('',(0.0,-3.291265875,-0.1124999986));
#2059=CARTESIAN_POINT('',(-1.3632869628,-3.291265875,-0.1624999986));
#2060=CARTESIAN_POINT('',(-2.3272764189,-2.3272764189,-0.2124999986));
#2061=CARTESIAN_POINT('',(-3.291265875,-1.3632869628,-0.2624999986));
#2062=CARTESIAN_POINT('',(-3.291265875,0.0,-0.3124999986));
#2063=CARTESIAN_POINT('',(-3.291265875,1.3632869628,-0.3624999986));
#2064=CARTESIAN_POINT('',(-2.3272764189,2.3272764189,-0.4124999986));
#2065=CARTESIAN_POINT('',(-1.3632869628,3.291265875,-0.4624999986));
#2066=CARTESIAN_POINT('',(-0.0,3.291265875,-0.5124999986));
#2067=CARTESIAN_POINT('',(1.3632869628,3.291265875,-0.5624999986));
#2068=CARTESIAN_POINT('',(2.3272764189,2.3272764189,-0.6124999986));
#2069=CARTESIAN_POINT('',(3.291265875,1.3632869628,-0.6624999986));
#2070=CARTESIAN_POINT('',(3.291265875,0.0,-0.7124999986));
#2071=CARTESIAN_POINT('',(3.291265875,-1.3632869628,-0.7624999986));
#2072=CARTESIAN_POINT('',(2.3272764189,-2.3272764189,-0.8124999986));
#2073=CARTESIAN_POINT('',(1.3632869628,-3.291265875,-0.8624999986));
#2074=CARTESIAN_POINT('',(0.0,-3.291265875,-0.9124999986));
#2075=CARTESIAN_POINT('',(-1.3632869628,-3.291265875,-0.9624999986));
#2076=CARTESIAN_POINT('',(-2.3272764189,-2.3272764189,-1.0124999986));
#2077=CARTESIAN_POINT('',(-3.291265875,-1.3632869628,-1.0624999986));
#2078=CARTESIAN_POINT('',(-3.291265875,0.0,-1.1124999986));
#2079=( BOUNDED_SURFACE() B_SPLINE_SURFACE(1,2,((#1917,#1918,#1919,#1920,#1921,#1922,#1923,#1924,#1925,#1926,#1927,#1928,#1929,#1930,#1931,#1932,#1933,#1934,#1935,#1936,
    #1937,#1938,#1939,#1940,#1941,#1942,#1943,#1944,#1945,#1946,#1947,#1948,#1949,#1950,#1951,#1952,#1953,#1954,#1955,#1956,
    #1957,#1958,#1959,#1960,#1961,#1962,#1963,#1964,#1965,#1966,#1967,#1968,#1969,#1970,#1971,#1972,#1973,#1974,#1975,#1976,
    #1977,#1978,#1979,#1980,#1981,#1982,#1983,#1984,#1985,#1986,#1987,#1988,#1989,#1990,#1991,#1992,#1993,#1994,#1995,#1996,#1997),
    (#1998,#1999,#2000,#2001,#2002,#2003,#2004,#2005,#2006,#2007,#2008,#2009,#2010,#2011,#2012,#2013,#2014,#2015,#2016,#2017,
    #2018,#2019,#2020,#2021,#2022,#2023,#2024,#2025,#2026,#2027,#2028,#2029,#2030,#2031,#2032,#2033,#2034,#2035,#2036,#2037,
    #2038,#2039,#2040,#2041,#2042,#2043,#2044,#2045,#2046,#2047,#2048,#2049,#2050,#2051,#2052,#2053,#2054,#2055,#2056,#2057,
    #2058,#2059,#2060,#2061,#2062,#2063,#2064,#2065,#2066,#2067,#2068,#2069,#2070,#2071,#2072,#2073,#2074,#2075,#2076,#2077,#2078)),.UNSPECIFIED.,.F.,.F.,.U.)
  B_SPLINE_SURFACE_WITH_KNOTS((2,2),(3,2,2,2,2,2,2,2,2,2,2,2,2,2,2,2,2,2,2,2,
    2,2,2,2,2,2,2,2,2,2,2,2,2,2,2,2,2,2,2,2,3),
  (0.0,1.0),(0.0,0.025,0.05,0.075,0.1,0.125,0.15,0.175,0.2,0.225,
    0.25,0.275,0.3,0.325,0.35,0.375,0.4,0.425,0.45,0.475,
    0.5,0.525,0.55,0.575,0.6,0.625,0.65,0.675,0.7,0.725,
    0.75,0.775,0.8,0.825,0.85,0.875,0.9,0.925,0.95,0.975,1.0),.UNSPECIFIED.)
  GEOMETRIC_REPRESENTATION_ITEM() RATIONAL_B_SPLINE_SURFACE(((1.0,0.9238795325,1.0,0.9238795325,1.0,0.9238795325,1.0,0.9238795325,1.0,0.9238795325,1.0,0.9238795325,1.0,0.9238795325,1.0,0.9238795325,1.0,0.9238795325,1.0,0.9238795325,
    1.0,0.9238795325,1.0,0.9238795325,1.0,0.9238795325,1.0,0.9238795325,1.0,0.9238795325,1.0,0.9238795325,1.0,0.9238795325,1.0,0.9238795325,1.0,0.9238795325,1.0,0.9238795325,
    1.0,0.9238795325,1.0,0.9238795325,1.0,0.9238795325,1.0,0.9238795325,1.0,0.9238795325,1.0,0.9238795325,1.0,0.9238795325,1.0,0.9238795325,1.0,0.9238795325,1.0,0.9238795325,
    1.0,0.9238795325,1.0,0.9238795325,1.0,0.9238795325,1.0,0.9238795325,1.0,0.9238795325,1.0,0.9238795325,1.0,0.9238795325,1.0,0.9238795325,1.0,0.9238795325,1.0,0.9238795325,1.0),
    (1.0,0.9238795325,1.0,0.9238795325,1.0,0.9238795325,1.0,0.9238795325,1.0,0.9238795325,1.0,0.9238795325,1.0,0.9238795325,1.0,0.9238795325,1.0,0.9238795325,1.0,0.9238795325,
    1.0,0.9238795325,1.0,0.9238795325,1.0,0.9238795325,1.0,0.9238795325,1.0,0.9238795325,1.0,0.9238795325,1.0,0.9238795325,1.0,0.9238795325,1.0,0.9238795325,1.0,0.9238795325,
    1.0,0.9238795325,1.0,0.9238795325,1.0,0.9238795325,1.0,0.9238795325,1.0,0.9238795325,1.0,0.9238795325,1.0,0.9238795325,1.0,0.9238795325,1.0,0.9238795325,1.0,0.9238795325,
    1.0,0.9238795325,1.0,0.9238795325,1.0,0.9238795325,1.0,0.9238795325,1.0,0.9238795325,1.0,0.9238795325,1.0,0.9238795325,1.0,0.9238795325,1.0,0.9238795325,1.0,0.9238795325,1.0))) REPRESENTATION_ITEM('') SURFACE() );
#2080=ADVANCED_FACE('n° 1088',(#1916),#2079,.T.);
#2081=ORIENTED_EDGE('',*,*,#306,.T.);
#2082=ORIENTED_EDGE('',*,*,#1147,.F.);
#2083=ORIENTED_EDGE('',*,*,#709,.T.);
#2084=ORIENTED_EDGE('',*,*,#1398,.T.);
#2085=EDGE_LOOP('',(#2081,#2082,#2083,#2084));
#2086=FACE_OUTER_BOUND('',#2085,.T.);
#2087=CARTESIAN_POINT('',(-3.291265875,0.0,2.8875000014));
#2088=CARTESIAN_POINT('',(-3.291265875,1.3632869628,2.8375000014));
#2089=CARTESIAN_POINT('',(-2.3272764189,2.3272764189,2.7875000014));
#2090=CARTESIAN_POINT('',(-1.3632869628,3.291265875,2.7375000014));
#2091=CARTESIAN_POINT('',(-0.0,3.291265875,2.6875000014));
#2092=CARTESIAN_POINT('',(1.3632869628,3.291265875,2.6375000014));
#2093=CARTESIAN_POINT('',(2.3272764189,2.3272764189,2.5875000014));
#2094=CARTESIAN_POINT('',(3.291265875,1.3632869628,2.5375000014));
#2095=CARTESIAN_POINT('',(3.291265875,0.0,2.4875000014));
#2096=CARTESIAN_POINT('',(3.291265875,-1.3632869628,2.4375000014));
#2097=CARTESIAN_POINT('',(2.3272764189,-2.3272764189,2.3875000014));
#2098=CARTESIAN_POINT('',(1.3632869628,-3.291265875,2.3375000014));
#2099=CARTESIAN_POINT('',(0.0,-3.291265875,2.2875000014));
#2100=CARTESIAN_POINT('',(-1.3632869628,-3.291265875,2.2375000014));
#2101=CARTESIAN_POINT('',(-2.3272764189,-2.3272764189,2.1875000014));
#2102=CARTESIAN_POINT('',(-3.291265875,-1.3632869628,2.1375000014));
#2103=CARTESIAN_POINT('',(-3.291265875,0.0,2.0875000014));
#2104=CARTESIAN_POINT('',(-3.291265875,1.3632869628,2.0375000014));
#2105=CARTESIAN_POINT('',(-2.3272764189,2.3272764189,1.9875000014));
#2106=CARTESIAN_POINT('',(-1.3632869628,3.291265875,1.9375000014));
#2107=CARTESIAN_POINT('',(-0.0,3.291265875,1.8875000014));
#2108=CARTESIAN_POINT('',(1.3632869628,3.291265875,1.8375000014));
#2109=CARTESIAN_POINT('',(2.3272764189,2.3272764189,1.7875000014));
#2110=CARTESIAN_POINT('',(3.291265875,1.3632869628,1.7375000014));
#2111=CARTESIAN_POINT('',(3.291265875,0.0,1.6875000014));
#2112=CARTESIAN_POINT('',(3.291265875,-1.3632869628,1.6375000014));
#2113=CARTESIAN_POINT('',(2.3272764189,-2.3272764189,1.5875000014));
#2114=CARTESIAN_POINT('',(1.3632869628,-3.291265875,1.5375000014));
#2115=CARTESIAN_POINT('',(0.0,-3.291265875,1.4875000014));
#2116=CARTESIAN_POINT('',(-1.3632869628,-3.291265875,1.4375000014));
#2117=CARTESIAN_POINT('',(-2.3272764189,-2.3272764189,1.3875000014));
#2118=CARTESIAN_POINT('',(-3.291265875,-1.3632869628,1.3375000014));
#2119=CARTESIAN_POINT('',(-3.291265875,0.0,1.2875000014));
#2120=CARTESIAN_POINT('',(-3.291265875,1.3632869628,1.2375000014));
#2121=CARTESIAN_POINT('',(-2.3272764189,2.3272764189,1.1875000014));
#2122=CARTESIAN_POINT('',(-1.3632869628,3.291265875,1.1375000014));
#2123=CARTESIAN_POINT('',(-0.0,3.291265875,1.0875000014));
#2124=CARTESIAN_POINT('',(1.3632869628,3.291265875,1.0375000014));
#2125=CARTESIAN_POINT('',(2.3272764189,2.3272764189,0.9875000014));
#2126=CARTESIAN_POINT('',(3.291265875,1.3632869628,0.9375000014));
#2127=CARTESIAN_POINT('',(3.291265875,0.0,0.8875000014));
#2128=CARTESIAN_POINT('',(3.291265875,-1.3632869628,0.8375000014));
#2129=CARTESIAN_POINT('',(2.3272764189,-2.3272764189,0.7875000014));
#2130=CARTESIAN_POINT('',(1.3632869628,-3.291265875,0.7375000014));
#2131=CARTESIAN_POINT('',(0.0,-3.291265875,0.6875000014));
#2132=CARTESIAN_POINT('',(-1.3632869628,-3.291265875,0.6375000014));
#2133=CARTESIAN_POINT('',(-2.3272764189,-2.3272764189,0.5875000014));
#2134=CARTESIAN_POINT('',(-3.291265875,-1.3632869628,0.5375000014));
#2135=CARTESIAN_POINT('',(-3.291265875,0.0,0.4875000014));
#2136=CARTESIAN_POINT('',(-3.291265875,1.3632869628,0.4375000014));
#2137=CARTESIAN_POINT('',(-2.3272764189,2.3272764189,0.3875000014));
#2138=CARTESIAN_POINT('',(-1.3632869628,3.291265875,0.3375000014));
#2139=CARTESIAN_POINT('',(-0.0,3.291265875,0.2875000014));
#2140=CARTESIAN_POINT('',(1.3632869628,3.291265875,0.2375000014));
#2141=CARTESIAN_POINT('',(2.3272764189,2.3272764189,0.1875000014));
#2142=CARTESIAN_POINT('',(3.291265875,1.3632869628,0.1375000014));
#2143=CARTESIAN_POINT('',(3.291265875,0.0,0.0875000014));
#2144=CARTESIAN_POINT('',(3.291265875,-1.3632869628,0.0375000014));
#2145=CARTESIAN_POINT('',(2.3272764189,-2.3272764189,-0.0124999986));
#2146=CARTESIAN_POINT('',(1.3632869628,-3.291265875,-0.0624999986));
#2147=CARTESIAN_POINT('',(0.0,-3.291265875,-0.1124999986));
#2148=CARTESIAN_POINT('',(-1.3632869628,-3.291265875,-0.1624999986));
#2149=CARTESIAN_POINT('',(-2.3272764189,-2.3272764189,-0.2124999986));
#2150=CARTESIAN_POINT('',(-3.291265875,-1.3632869628,-0.2624999986));
#2151=CARTESIAN_POINT('',(-3.291265875,0.0,-0.3124999986));
#2152=CARTESIAN_POINT('',(-3.291265875,1.3632869628,-0.3624999986));
#2153=CARTESIAN_POINT('',(-2.3272764189,2.3272764189,-0.4124999986));
#2154=CARTESIAN_POINT('',(-1.3632869628,3.291265875,-0.4624999986));
#2155=CARTESIAN_POINT('',(-0.0,3.291265875,-0.5124999986));
#2156=CARTESIAN_POINT('',(1.3632869628,3.291265875,-0.5624999986));
#2157=CARTESIAN_POINT('',(2.3272764189,2.3272764189,-0.6124999986));
#2158=CARTESIAN_POINT('',(3.291265875,1.3632869628,-0.6624999986));
#2159=CARTESIAN_POINT('',(3.291265875,0.0,-0.7124999986));
#2160=CARTESIAN_POINT('',(3.291265875,-1.3632869628,-0.7624999986));
#2161=CARTESIAN_POINT('',(2.3272764189,-2.3272764189,-0.8124999986));
#2162=CARTESIAN_POINT('',(1.3632869628,-3.291265875,-0.8624999986));
#2163=CARTESIAN_POINT('',(0.0,-3.291265875,-0.9124999986));
#2164=CARTESIAN_POINT('',(-1.3632869628,-3.291265875,-0.9624999986));
#2165=CARTESIAN_POINT('',(-2.3272764189,-2.3272764189,-1.0124999986));
#2166=CARTESIAN_POINT('',(-3.291265875,-1.3632869628,-1.0624999986));
#2167=CARTESIAN_POINT('',(-3.291265875,0.0,-1.1124999986));
#2168=CARTESIAN_POINT('',(-3.291265875,0.0,2.7625000014));
#2169=CARTESIAN_POINT('',(-3.291265875,1.3632869628,2.7125000014));
#2170=CARTESIAN_POINT('',(-2.3272764189,2.3272764189,2.6625000014));
#2171=CARTESIAN_POINT('',(-1.3632869628,3.291265875,2.6125000014));
#2172=CARTESIAN_POINT('',(-0.0,3.291265875,2.5625000014));
#2173=CARTESIAN_POINT('',(1.3632869628,3.291265875,2.5125000014));
#2174=CARTESIAN_POINT('',(2.3272764189,2.3272764189,2.4625000014));
#2175=CARTESIAN_POINT('',(3.291265875,1.3632869628,2.4125000014));
#2176=CARTESIAN_POINT('',(3.291265875,0.0,2.3625000014));
#2177=CARTESIAN_POINT('',(3.291265875,-1.3632869628,2.3125000014));
#2178=CARTESIAN_POINT('',(2.3272764189,-2.3272764189,2.2625000014));
#2179=CARTESIAN_POINT('',(1.3632869628,-3.291265875,2.2125000014));
#2180=CARTESIAN_POINT('',(0.0,-3.291265875,2.1625000014));
#2181=CARTESIAN_POINT('',(-1.3632869628,-3.291265875,2.1125000014));
#2182=CARTESIAN_POINT('',(-2.3272764189,-2.3272764189,2.0625000014));
#2183=CARTESIAN_POINT('',(-3.291265875,-1.3632869628,2.0125000014));
#2184=CARTESIAN_POINT('',(-3.291265875,0.0,1.9625000014));
#2185=CARTESIAN_POINT('',(-3.291265875,1.3632869628,1.9125000014));
#2186=CARTESIAN_POINT('',(-2.3272764189,2.3272764189,1.8625000014));
#2187=CARTESIAN_POINT('',(-1.3632869628,3.291265875,1.8125000014));
#2188=CARTESIAN_POINT('',(-0.0,3.291265875,1.7625000014));
#2189=CARTESIAN_POINT('',(1.3632869628,3.291265875,1.7125000014));
#2190=CARTESIAN_POINT('',(2.3272764189,2.3272764189,1.6625000014));
#2191=CARTESIAN_POINT('',(3.291265875,1.3632869628,1.6125000014));
#2192=CARTESIAN_POINT('',(3.291265875,0.0,1.5625000014));
#2193=CARTESIAN_POINT('',(3.291265875,-1.3632869628,1.5125000014));
#2194=CARTESIAN_POINT('',(2.3272764189,-2.3272764189,1.4625000014));
#2195=CARTESIAN_POINT('',(1.3632869628,-3.291265875,1.4125000014));
#2196=CARTESIAN_POINT('',(0.0,-3.291265875,1.3625000014));
#2197=CARTESIAN_POINT('',(-1.3632869628,-3.291265875,1.3125000014));
#2198=CARTESIAN_POINT('',(-2.3272764189,-2.3272764189,1.2625000014));
#2199=CARTESIAN_POINT('',(-3.291265875,-1.3632869628,1.2125000014));
#2200=CARTESIAN_POINT('',(-3.291265875,0.0,1.1625000014));
#2201=CARTESIAN_POINT('',(-3.291265875,1.3632869628,1.1125000014));
#2202=CARTESIAN_POINT('',(-2.3272764189,2.3272764189,1.0625000014));
#2203=CARTESIAN_POINT('',(-1.3632869628,3.291265875,1.0125000014));
#2204=CARTESIAN_POINT('',(-0.0,3.291265875,0.9625000014));
#2205=CARTESIAN_POINT('',(1.3632869628,3.291265875,0.9125000014));
#2206=CARTESIAN_POINT('',(2.3272764189,2.3272764189,0.8625000014));
#2207=CARTESIAN_POINT('',(3.291265875,1.3632869628,0.8125000014));
#2208=CARTESIAN_POINT('',(3.291265875,0.0,0.7625000014));
#2209=CARTESIAN_POINT('',(3.291265875,-1.3632869628,0.7125000014));
#2210=CARTESIAN_POINT('',(2.3272764189,-2.3272764189,0.6625000014));
#2211=CARTESIAN_POINT('',(1.3632869628,-3.291265875,0.6125000014));
#2212=CARTESIAN_POINT('',(0.0,-3.291265875,0.5625000014));
#2213=CARTESIAN_POINT('',(-1.3632869628,-3.291265875,0.5125000014));
#2214=CARTESIAN_POINT('',(-2.3272764189,-2.3272764189,0.4625000014));
#2215=CARTESIAN_POINT('',(-3.291265875,-1.3632869628,0.4125000014));
#2216=CARTESIAN_POINT('',(-3.291265875,0.0,0.3625000014));
#2217=CARTESIAN_POINT('',(-3.291265875,1.3632869628,0.3125000014));
#2218=CARTESIAN_POINT('',(-2.3272764189,2.3272764189,0.2625000014));
#2219=CARTESIAN_POINT('',(-1.3632869628,3.291265875,0.2125000014));
#2220=CARTESIAN_POINT('',(-0.0,3.291265875,0.1625000014));
#2221=CARTESIAN_POINT('',(1.3632869628,3.291265875,0.1125000014));
#2222=CARTESIAN_POINT('',(2.3272764189,2.3272764189,0.0625000014));
#2223=CARTESIAN_POINT('',(3.291265875,1.3632869628,0.0125000014));
#2224=CARTESIAN_POINT('',(3.291265875,0.0,-0.0374999986));
#2225=CARTESIAN_POINT('',(3.291265875,-1.3632869628,-0.0874999986));
#2226=CARTESIAN_POINT('',(2.3272764189,-2.3272764189,-0.1374999986));
#2227=CARTESIAN_POINT('',(1.3632869628,-3.291265875,-0.1874999986));
#2228=CARTESIAN_POINT('',(0.0,-3.291265875,-0.2374999986));
#2229=CARTESIAN_POINT('',(-1.3632869628,-3.291265875,-0.2874999986));
#2230=CARTESIAN_POINT('',(-2.3272764189,-2.3272764189,-0.3374999986));
#2231=CARTESIAN_POINT('',(-3.291265875,-1.3632869628,-0.3874999986));
#2232=CARTESIAN_POINT('',(-3.291265875,0.0,-0.4374999986));
#2233=CARTESIAN_POINT('',(-3.291265875,1.3632869628,-0.4874999986));
#2234=CARTESIAN_POINT('',(-2.3272764189,2.3272764189,-0.5374999986));
#2235=CARTESIAN_POINT('',(-1.3632869628,3.291265875,-0.5874999986));
#2236=CARTESIAN_POINT('',(-0.0,3.291265875,-0.6374999986));
#2237=CARTESIAN_POINT('',(1.3632869628,3.291265875,-0.6874999986));
#2238=CARTESIAN_POINT('',(2.3272764189,2.3272764189,-0.7374999986));
#2239=CARTESIAN_POINT('',(3.291265875,1.3632869628,-0.7874999986));
#2240=CARTESIAN_POINT('',(3.291265875,0.0,-0.8374999986));
#2241=CARTESIAN_POINT('',(3.291265875,-1.3632869628,-0.8874999986));
#2242=CARTESIAN_POINT('',(2.3272764189,-2.3272764189,-0.9374999986));
#2243=CARTESIAN_POINT('',(1.3632869628,-3.291265875,-0.9874999986));
#2244=CARTESIAN_POINT('',(0.0,-3.291265875,-1.0374999986));
#2245=CARTESIAN_POINT('',(-1.3632869628,-3.291265875,-1.0874999986));
#2246=CARTESIAN_POINT('',(-2.3272764189,-2.3272764189,-1.1374999986));
#2247=CARTESIAN_POINT('',(-3.291265875,-1.3632869628,-1.1874999986));
#2248=CARTESIAN_POINT('',(-3.291265875,0.0,-1.2374999986));
#2249=( BOUNDED_SURFACE() B_SPLINE_SURFACE(1,2,((#2087,#2088,#2089,#2090,#2091,#2092,#2093,#2094,#2095,#2096,#2097,#2098,#2099,#2100,#2101,#2102,#2103,#2104,#2105,#2106,
    #2107,#2108,#2109,#2110,#2111,#2112,#2113,#2114,#2115,#2116,#2117,#2118,#2119,#2120,#2121,#2122,#2123,#2124,#2125,#2126,
    #2127,#2128,#2129,#2130,#2131,#2132,#2133,#2134,#2135,#2136,#2137,#2138,#2139,#2140,#2141,#2142,#2143,#2144,#2145,#2146,
    #2147,#2148,#2149,#2150,#2151,#2152,#2153,#2154,#2155,#2156,#2157,#2158,#2159,#2160,#2161,#2162,#2163,#2164,#2165,#2166,#2167),
    (#2168,#2169,#2170,#2171,#2172,#2173,#2174,#2175,#2176,#2177,#2178,#2179,#2180,#2181,#2182,#2183,#2184,#2185,#2186,#2187,
    #2188,#2189,#2190,#2191,#2192,#2193,#2194,#2195,#2196,#2197,#2198,#2199,#2200,#2201,#2202,#2203,#2204,#2205,#2206,#2207,
    #2208,#2209,#2210,#2211,#2212,#2213,#2214,#2215,#2216,#2217,#2218,#2219,#2220,#2221,#2222,#2223,#2224,#2225,#2226,#2227,
    #2228,#2229,#2230,#2231,#2232,#2233,#2234,#2235,#2236,#2237,#2238,#2239,#2240,#2241,#2242,#2243,#2244,#2245,#2246,#2247,#2248)),.UNSPECIFIED.,.F.,.F.,.U.)
  B_SPLINE_SURFACE_WITH_KNOTS((2,2),(3,2,2,2,2,2,2,2,2,2,2,2,2,2,2,2,2,2,2,2,
    2,2,2,2,2,2,2,2,2,2,2,2,2,2,2,2,2,2,2,2,3),
  (0.0,1.0),(0.0,0.025,0.05,0.075,0.1,0.125,0.15,0.175,0.2,0.225,
    0.25,0.275,0.3,0.325,0.35,0.375,0.4,0.425,0.45,0.475,
    0.5,0.525,0.55,0.575,0.6,0.625,0.65,0.675,0.7,0.725,
    0.75,0.775,0.8,0.825,0.85,0.875,0.9,0.925,0.95,0.975,1.0),.UNSPECIFIED.)
  GEOMETRIC_REPRESENTATION_ITEM() RATIONAL_B_SPLINE_SURFACE(((1.0,0.9238795325,1.0,0.9238795325,1.0,0.9238795325,1.0,0.9238795325,1.0,0.9238795325,1.0,0.9238795325,1.0,0.9238795325,1.0,0.9238795325,1.0,0.9238795325,1.0,0.9238795325,
    1.0,0.9238795325,1.0,0.9238795325,1.0,0.9238795325,1.0,0.9238795325,1.0,0.9238795325,1.0,0.9238795325,1.0,0.9238795325,1.0,0.9238795325,1.0,0.9238795325,1.0,0.9238795325,
    1.0,0.9238795325,1.0,0.9238795325,1.0,0.9238795325,1.0,0.9238795325,1.0,0.9238795325,1.0,0.9238795325,1.0,0.9238795325,1.0,0.9238795325,1.0,0.9238795325,1.0,0.9238795325,
    1.0,0.9238795325,1.0,0.9238795325,1.0,0.9238795325,1.0,0.9238795325,1.0,0.9238795325,1.0,0.9238795325,1.0,0.9238795325,1.0,0.9238795325,1.0,0.9238795325,1.0,0.9238795325,1.0),
    (1.0,0.9238795325,1.0,0.9238795325,1.0,0.9238795325,1.0,0.9238795325,1.0,0.9238795325,1.0,0.9238795325,1.0,0.9238795325,1.0,0.9238795325,1.0,0.9238795325,1.0,0.9238795325,
    1.0,0.9238795325,1.0,0.9238795325,1.0,0.9238795325,1.0,0.9238795325,1.0,0.9238795325,1.0,0.9238795325,1.0,0.9238795325,1.0,0.9238795325,1.0,0.9238795325,1.0,0.9238795325,
    1.0,0.9238795325,1.0,0.9238795325,1.0,0.9238795325,1.0,0.9238795325,1.0,0.9238795325,1.0,0.9238795325,1.0,0.9238795325,1.0,0.9238795325,1.0,0.9238795325,1.0,0.9238795325,
    1.0,0.9238795325,1.0,0.9238795325,1.0,0.9238795325,1.0,0.9238795325,1.0,0.9238795325,1.0,0.9238795325,1.0,0.9238795325,1.0,0.9238795325,1.0,0.9238795325,1.0,0.9238795325,1.0))) REPRESENTATION_ITEM('') SURFACE() );
#2250=ADVANCED_FACE('n° 1043',(#2086),#2249,.T.);
#2251=ORIENTED_EDGE('',*,*,#528,.F.);
#2252=ORIENTED_EDGE('',*,*,#945,.T.);
#2253=ORIENTED_EDGE('',*,*,#185,.F.);
#2254=EDGE_LOOP('',(#2251,#2252,#2253));
#2255=FACE_OUTER_BOUND('',#2254,.T.);
#2256=CARTESIAN_POINT('',(-3.291265875,0.0,2.7625000014));
#2257=CARTESIAN_POINT('',(-3.291265875,1.3632869628,2.7125000014));
#2258=CARTESIAN_POINT('',(-2.3272764189,2.3272764189,2.6625000014));
#2259=CARTESIAN_POINT('',(-1.3632869628,3.291265875,2.6125000014));
#2260=CARTESIAN_POINT('',(-0.0,3.291265875,2.5625000014));
#2261=CARTESIAN_POINT('',(1.3632869628,3.291265875,2.5125000014));
#2262=CARTESIAN_POINT('',(2.3272764189,2.3272764189,2.4625000014));
#2263=CARTESIAN_POINT('',(3.291265875,1.3632869628,2.4125000014));
#2264=CARTESIAN_POINT('',(3.291265875,0.0,2.3625000014));
#2265=CARTESIAN_POINT('',(3.291265875,-1.3632869628,2.3125000014));
#2266=CARTESIAN_POINT('',(2.3272764189,-2.3272764189,2.2625000014));
#2267=CARTESIAN_POINT('',(1.3632869628,-3.291265875,2.2125000014));
#2268=CARTESIAN_POINT('',(0.0,-3.291265875,2.1625000014));
#2269=CARTESIAN_POINT('',(-1.3632869628,-3.291265875,2.1125000014));
#2270=CARTESIAN_POINT('',(-2.3272764189,-2.3272764189,2.0625000014));
#2271=CARTESIAN_POINT('',(-3.291265875,-1.3632869628,2.0125000014));
#2272=CARTESIAN_POINT('',(-3.291265875,0.0,1.9625000014));
#2273=CARTESIAN_POINT('',(-3.291265875,1.3632869628,1.9125000014));
#2274=CARTESIAN_POINT('',(-2.3272764189,2.3272764189,1.8625000014));
#2275=CARTESIAN_POINT('',(-1.3632869628,3.291265875,1.8125000014));
#2276=CARTESIAN_POINT('',(-0.0,3.291265875,1.7625000014));
#2277=CARTESIAN_POINT('',(1.3632869628,3.291265875,1.7125000014));
#2278=CARTESIAN_POINT('',(2.3272764189,2.3272764189,1.6625000014));
#2279=CARTESIAN_POINT('',(3.291265875,1.3632869628,1.6125000014));
#2280=CARTESIAN_POINT('',(3.291265875,0.0,1.5625000014));
#2281=CARTESIAN_POINT('',(3.291265875,-1.3632869628,1.5125000014));
#2282=CARTESIAN_POINT('',(2.3272764189,-2.3272764189,1.4625000014));
#2283=CARTESIAN_POINT('',(1.3632869628,-3.291265875,1.4125000014));
#2284=CARTESIAN_POINT('',(0.0,-3.291265875,1.3625000014));
#2285=CARTESIAN_POINT('',(-1.3632869628,-3.291265875,1.3125000014));
#2286=CARTESIAN_POINT('',(-2.3272764189,-2.3272764189,1.2625000014));
#2287=CARTESIAN_POINT('',(-3.291265875,-1.3632869628,1.2125000014));
#2288=CARTESIAN_POINT('',(-3.291265875,0.0,1.1625000014));
#2289=CARTESIAN_POINT('',(-3.291265875,1.3632869628,1.1125000014));
#2290=CARTESIAN_POINT('',(-2.3272764189,2.3272764189,1.0625000014));
#2291=CARTESIAN_POINT('',(-1.3632869628,3.291265875,1.0125000014));
#2292=CARTESIAN_POINT('',(-0.0,3.291265875,0.9625000014));
#2293=CARTESIAN_POINT('',(1.3632869628,3.291265875,0.9125000014));
#2294=CARTESIAN_POINT('',(2.3272764189,2.3272764189,0.8625000014));
#2295=CARTESIAN_POINT('',(3.291265875,1.3632869628,0.8125000014));
#2296=CARTESIAN_POINT('',(3.291265875,0.0,0.7625000014));
#2297=CARTESIAN_POINT('',(3.291265875,-1.3632869628,0.7125000014));
#2298=CARTESIAN_POINT('',(2.3272764189,-2.3272764189,0.6625000014));
#2299=CARTESIAN_POINT('',(1.3632869628,-3.291265875,0.6125000014));
#2300=CARTESIAN_POINT('',(0.0,-3.291265875,0.5625000014));
#2301=CARTESIAN_POINT('',(-1.3632869628,-3.291265875,0.5125000014));
#2302=CARTESIAN_POINT('',(-2.3272764189,-2.3272764189,0.4625000014));
#2303=CARTESIAN_POINT('',(-3.291265875,-1.3632869628,0.4125000014));
#2304=CARTESIAN_POINT('',(-3.291265875,0.0,0.3625000014));
#2305=CARTESIAN_POINT('',(-3.291265875,1.3632869628,0.3125000014));
#2306=CARTESIAN_POINT('',(-2.3272764189,2.3272764189,0.2625000014));
#2307=CARTESIAN_POINT('',(-1.3632869628,3.291265875,0.2125000014));
#2308=CARTESIAN_POINT('',(-0.0,3.291265875,0.1625000014));
#2309=CARTESIAN_POINT('',(1.3632869628,3.291265875,0.1125000014));
#2310=CARTESIAN_POINT('',(2.3272764189,2.3272764189,0.0625000014));
#2311=CARTESIAN_POINT('',(3.291265875,1.3632869628,0.0125000014));
#2312=CARTESIAN_POINT('',(3.291265875,0.0,-0.0374999986));
#2313=CARTESIAN_POINT('',(3.291265875,-1.3632869628,-0.0874999986));
#2314=CARTESIAN_POINT('',(2.3272764189,-2.3272764189,-0.1374999986));
#2315=CARTESIAN_POINT('',(1.3632869628,-3.291265875,-0.1874999986));
#2316=CARTESIAN_POINT('',(0.0,-3.291265875,-0.2374999986));
#2317=CARTESIAN_POINT('',(-1.3632869628,-3.291265875,-0.2874999986));
#2318=CARTESIAN_POINT('',(-2.3272764189,-2.3272764189,-0.3374999986));
#2319=CARTESIAN_POINT('',(-3.291265875,-1.3632869628,-0.3874999986));
#2320=CARTESIAN_POINT('',(-3.291265875,0.0,-0.4374999986));
#2321=CARTESIAN_POINT('',(-3.291265875,1.3632869628,-0.4874999986));
#2322=CARTESIAN_POINT('',(-2.3272764189,2.3272764189,-0.5374999986));
#2323=CARTESIAN_POINT('',(-1.3632869628,3.291265875,-0.5874999986));
#2324=CARTESIAN_POINT('',(-0.0,3.291265875,-0.6374999986));
#2325=CARTESIAN_POINT('',(1.3632869628,3.291265875,-0.6874999986));
#2326=CARTESIAN_POINT('',(2.3272764189,2.3272764189,-0.7374999986));
#2327=CARTESIAN_POINT('',(3.291265875,1.3632869628,-0.7874999986));
#2328=CARTESIAN_POINT('',(3.291265875,0.0,-0.8374999986));
#2329=CARTESIAN_POINT('',(3.291265875,-1.3632869628,-0.8874999986));
#2330=CARTESIAN_POINT('',(2.3272764189,-2.3272764189,-0.9374999986));
#2331=CARTESIAN_POINT('',(1.3632869628,-3.291265875,-0.9874999986));
#2332=CARTESIAN_POINT('',(0.0,-3.291265875,-1.0374999986));
#2333=CARTESIAN_POINT('',(-1.3632869628,-3.291265875,-1.0874999986));
#2334=CARTESIAN_POINT('',(-2.3272764189,-2.3272764189,-1.1374999986));
#2335=CARTESIAN_POINT('',(-3.291265875,-1.3632869628,-1.1874999986));
#2336=CARTESIAN_POINT('',(-3.291265875,0.0,-1.2374999986));
#2337=CARTESIAN_POINT('',(-2.75,0.0,2.4500000027));
#2338=CARTESIAN_POINT('',(-2.75,1.1390872965,2.4000000027));
#2339=CARTESIAN_POINT('',(-1.9445436483,1.9445436483,2.3500000027));
#2340=CARTESIAN_POINT('',(-1.1390872965,2.75,2.3000000027));
#2341=CARTESIAN_POINT('',(-0.0,2.75,2.2500000027));
#2342=CARTESIAN_POINT('',(1.1390872965,2.75,2.2000000027));
#2343=CARTESIAN_POINT('',(1.9445436483,1.9445436483,2.1500000027));
#2344=CARTESIAN_POINT('',(2.75,1.1390872965,2.1000000027));
#2345=CARTESIAN_POINT('',(2.75,0.0,2.0500000027));
#2346=CARTESIAN_POINT('',(2.75,-1.1390872965,2.0000000027));
#2347=CARTESIAN_POINT('',(1.9445436483,-1.9445436483,1.9500000027));
#2348=CARTESIAN_POINT('',(1.1390872965,-2.75,1.9000000027));
#2349=CARTESIAN_POINT('',(0.0,-2.75,1.8500000027));
#2350=CARTESIAN_POINT('',(-1.1390872965,-2.75,1.8000000027));
#2351=CARTESIAN_POINT('',(-1.9445436483,-1.9445436483,1.7500000027));
#2352=CARTESIAN_POINT('',(-2.75,-1.1390872965,1.7000000027));
#2353=CARTESIAN_POINT('',(-2.75,0.0,1.6500000027));
#2354=CARTESIAN_POINT('',(-2.75,1.1390872965,1.6000000027));
#2355=CARTESIAN_POINT('',(-1.9445436483,1.9445436483,1.5500000027));
#2356=CARTESIAN_POINT('',(-1.1390872965,2.75,1.5000000027));
#2357=CARTESIAN_POINT('',(-0.0,2.75,1.4500000027));
#2358=CARTESIAN_POINT('',(1.1390872965,2.75,1.4000000027));
#2359=CARTESIAN_POINT('',(1.9445436483,1.9445436483,1.3500000027));
#2360=CARTESIAN_POINT('',(2.75,1.1390872965,1.3000000027));
#2361=CARTESIAN_POINT('',(2.75,0.0,1.2500000027));
#2362=CARTESIAN_POINT('',(2.75,-1.1390872965,1.2000000027));
#2363=CARTESIAN_POINT('',(1.9445436483,-1.9445436483,1.1500000027));
#2364=CARTESIAN_POINT('',(1.1390872965,-2.75,1.1000000027));
#2365=CARTESIAN_POINT('',(0.0,-2.75,1.0500000027));
#2366=CARTESIAN_POINT('',(-1.1390872965,-2.75,1.0000000027));
#2367=CARTESIAN_POINT('',(-1.9445436483,-1.9445436483,0.9500000027));
#2368=CARTESIAN_POINT('',(-2.75,-1.1390872965,0.9000000027));
#2369=CARTESIAN_POINT('',(-2.75,0.0,0.8500000027));
#2370=CARTESIAN_POINT('',(-2.75,1.1390872965,0.8000000027));
#2371=CARTESIAN_POINT('',(-1.9445436483,1.9445436483,0.7500000027));
#2372=CARTESIAN_POINT('',(-1.1390872965,2.75,0.7000000027));
#2373=CARTESIAN_POINT('',(-0.0,2.75,0.6500000027));
#2374=CARTESIAN_POINT('',(1.1390872965,2.75,0.6000000027));
#2375=CARTESIAN_POINT('',(1.9445436483,1.9445436483,0.5500000027));
#2376=CARTESIAN_POINT('',(2.75,1.1390872965,0.5000000027));
#2377=CARTESIAN_POINT('',(2.75,0.0,0.4500000027));
#2378=CARTESIAN_POINT('',(2.75,-1.1390872965,0.4000000027));
#2379=CARTESIAN_POINT('',(1.9445436483,-1.9445436483,0.3500000027));
#2380=CARTESIAN_POINT('',(1.1390872965,-2.75,0.3000000027));
#2381=CARTESIAN_POINT('',(0.0,-2.75,0.2500000027));
#2382=CARTESIAN_POINT('',(-1.1390872965,-2.75,0.2000000027));
#2383=CARTESIAN_POINT('',(-1.9445436483,-1.9445436483,0.1500000027));
#2384=CARTESIAN_POINT('',(-2.75,-1.1390872965,0.1000000027));
#2385=CARTESIAN_POINT('',(-2.75,0.0,0.0500000027));
#2386=CARTESIAN_POINT('',(-2.75,1.1390872965,0.0000000027));
#2387=CARTESIAN_POINT('',(-1.9445436483,1.9445436483,-0.0499999973));
#2388=CARTESIAN_POINT('',(-1.1390872965,2.75,-0.0999999973));
#2389=CARTESIAN_POINT('',(-0.0,2.75,-0.1499999973));
#2390=CARTESIAN_POINT('',(1.1390872965,2.75,-0.1999999973));
#2391=CARTESIAN_POINT('',(1.9445436483,1.9445436483,-0.2499999973));
#2392=CARTESIAN_POINT('',(2.75,1.1390872965,-0.2999999973));
#2393=CARTESIAN_POINT('',(2.75,0.0,-0.3499999973));
#2394=CARTESIAN_POINT('',(2.75,-1.1390872965,-0.3999999973));
#2395=CARTESIAN_POINT('',(1.9445436483,-1.9445436483,-0.4499999973));
#2396=CARTESIAN_POINT('',(1.1390872965,-2.75,-0.4999999973));
#2397=CARTESIAN_POINT('',(0.0,-2.75,-0.5499999973));
#2398=CARTESIAN_POINT('',(-1.1390872965,-2.75,-0.5999999973));
#2399=CARTESIAN_POINT('',(-1.9445436483,-1.9445436483,-0.6499999973));
#2400=CARTESIAN_POINT('',(-2.75,-1.1390872965,-0.6999999973));
#2401=CARTESIAN_POINT('',(-2.75,0.0,-0.7499999973));
#2402=CARTESIAN_POINT('',(-2.75,1.1390872965,-0.7999999973));
#2403=CARTESIAN_POINT('',(-1.9445436483,1.9445436483,-0.8499999973));
#2404=CARTESIAN_POINT('',(-1.1390872965,2.75,-0.8999999973));
#2405=CARTESIAN_POINT('',(-0.0,2.75,-0.9499999973));
#2406=CARTESIAN_POINT('',(1.1390872965,2.75,-0.9999999973));
#2407=CARTESIAN_POINT('',(1.9445436483,1.9445436483,-1.0499999973));
#2408=CARTESIAN_POINT('',(2.75,1.1390872965,-1.0999999973));
#2409=CARTESIAN_POINT('',(2.75,0.0,-1.1499999973));
#2410=CARTESIAN_POINT('',(2.75,-1.1390872965,-1.1999999973));
#2411=CARTESIAN_POINT('',(1.9445436483,-1.9445436483,-1.2499999973));
#2412=CARTESIAN_POINT('',(1.1390872965,-2.75,-1.2999999973));
#2413=CARTESIAN_POINT('',(0.0,-2.75,-1.3499999973));
#2414=CARTESIAN_POINT('',(-1.1390872965,-2.75,-1.3999999973));
#2415=CARTESIAN_POINT('',(-1.9445436483,-1.9445436483,-1.4499999973));
#2416=CARTESIAN_POINT('',(-2.75,-1.1390872965,-1.4999999973));
#2417=CARTESIAN_POINT('',(-2.75,0.0,-1.5499999973));
#2418=( BOUNDED_SURFACE() B_SPLINE_SURFACE(1,2,((#2256,#2257,#2258,#2259,#2260,#2261,#2262,#2263,#2264,#2265,#2266,#2267,#2268,#2269,#2270,#2271,#2272,#2273,#2274,#2275,
    #2276,#2277,#2278,#2279,#2280,#2281,#2282,#2283,#2284,#2285,#2286,#2287,#2288,#2289,#2290,#2291,#2292,#2293,#2294,#2295,
    #2296,#2297,#2298,#2299,#2300,#2301,#2302,#2303,#2304,#2305,#2306,#2307,#2308,#2309,#2310,#2311,#2312,#2313,#2314,#2315,
    #2316,#2317,#2318,#2319,#2320,#2321,#2322,#2323,#2324,#2325,#2326,#2327,#2328,#2329,#2330,#2331,#2332,#2333,#2334,#2335,#2336),
    (#2337,#2338,#2339,#2340,#2341,#2342,#2343,#2344,#2345,#2346,#2347,#2348,#2349,#2350,#2351,#2352,#2353,#2354,#2355,#2356,
    #2357,#2358,#2359,#2360,#2361,#2362,#2363,#2364,#2365,#2366,#2367,#2368,#2369,#2370,#2371,#2372,#2373,#2374,#2375,#2376,
    #2377,#2378,#2379,#2380,#2381,#2382,#2383,#2384,#2385,#2386,#2387,#2388,#2389,#2390,#2391,#2392,#2393,#2394,#2395,#2396,
    #2397,#2398,#2399,#2400,#2401,#2402,#2403,#2404,#2405,#2406,#2407,#2408,#2409,#2410,#2411,#2412,#2413,#2414,#2415,#2416,#2417)),.UNSPECIFIED.,.F.,.F.,.U.)
  B_SPLINE_SURFACE_WITH_KNOTS((2,2),(3,2,2,2,2,2,2,2,2,2,2,2,2,2,2,2,2,2,2,2,
    2,2,2,2,2,2,2,2,2,2,2,2,2,2,2,2,2,2,2,2,3),
  (0.0,1.0),(0.0,0.025,0.05,0.075,0.1,0.125,0.15,0.175,0.2,0.225,
    0.25,0.275,0.3,0.325,0.35,0.375,0.4,0.425,0.45,0.475,
    0.5,0.525,0.55,0.575,0.6,0.625,0.65,0.675,0.7,0.725,
    0.75,0.775,0.8,0.825,0.85,0.875,0.9,0.925,0.95,0.975,1.0),.UNSPECIFIED.)
  GEOMETRIC_REPRESENTATION_ITEM() RATIONAL_B_SPLINE_SURFACE(((1.0,0.9238795325,1.0,0.9238795325,1.0,0.9238795325,1.0,0.9238795325,1.0,0.9238795325,1.0,0.9238795325,1.0,0.9238795325,1.0,0.9238795325,1.0,0.9238795325,1.0,0.9238795325,
    1.0,0.9238795325,1.0,0.9238795325,1.0,0.9238795325,1.0,0.9238795325,1.0,0.9238795325,1.0,0.9238795325,1.0,0.9238795325,1.0,0.9238795325,1.0,0.9238795325,1.0,0.9238795325,
    1.0,0.9238795325,1.0,0.9238795325,1.0,0.9238795325,1.0,0.9238795325,1.0,0.9238795325,1.0,0.9238795325,1.0,0.9238795325,1.0,0.9238795325,1.0,0.9238795325,1.0,0.9238795325,
    1.0,0.9238795325,1.0,0.9238795325,1.0,0.9238795325,1.0,0.9238795325,1.0,0.9238795325,1.0,0.9238795325,1.0,0.9238795325,1.0,0.9238795325,1.0,0.9238795325,1.0,0.9238795325,1.0),
    (1.0,0.9238795325,1.0,0.9238795325,1.0,0.9238795325,1.0,0.9238795325,1.0,0.9238795325,1.0,0.9238795325,1.0,0.9238795325,1.0,0.9238795325,1.0,0.9238795325,1.0,0.9238795325,
    1.0,0.9238795325,1.0,0.9238795325,1.0,0.9238795325,1.0,0.9238795325,1.0,0.9238795325,1.0,0.9238795325,1.0,0.9238795325,1.0,0.9238795325,1.0,0.9238795325,1.0,0.9238795325,
    1.0,0.9238795325,1.0,0.9238795325,1.0,0.9238795325,1.0,0.9238795325,1.0,0.9238795325,1.0,0.9238795325,1.0,0.9238795325,1.0,0.9238795325,1.0,0.9238795325,1.0,0.9238795325,
    1.0,0.9238795325,1.0,0.9238795325,1.0,0.9238795325,1.0,0.9238795325,1.0,0.9238795325,1.0,0.9238795325,1.0,0.9238795325,1.0,0.9238795325,1.0,0.9238795325,1.0,0.9238795325,1.0))) REPRESENTATION_ITEM('') SURFACE() );
#2419=ADVANCED_FACE('n° 1081',(#2255),#2418,.T.);
#2420=CLOSED_SHELL('Gewinde1',(
    #100,#137,#164,#217,#315,#511,#568,#688,#754,#822,
    #848,#892,#939,#981,#999,#1032,#1044,#1056,#1314,#1657,
    #1910,#2080,#2250,#2419));
#2421=MANIFOLD_SOLID_BREP('Gewinde1',#2420);
#2422=COLOUR_RGB('',0.86667,0.9098,1.0);
#2423=FILL_AREA_STYLE_COLOUR('',#2422);
#2424=FILL_AREA_STYLE('',(#2423));
#2425=SURFACE_STYLE_FILL_AREA(#2424);
#2426=SURFACE_SIDE_STYLE('',(#2425));
#2427=SURFACE_STYLE_USAGE(.BOTH.,#2426);
#2428=PRESENTATION_STYLE_ASSIGNMENT((#2427));
#2429=STYLED_ITEM('',(#2428),#2421);
#2430=CARTESIAN_POINT('',(0.,0.,0.));
#2431=DIRECTION('',(0.,0.,1.));
#2432=DIRECTION('',(1.,0.,0.));
#2433=AXIS2_PLACEMENT_3D('Reference Axes',#2430,#2431,#2432);
#2434=ADVANCED_BREP_SHAPE_REPRESENTATION('',(#2433,#2421),#5);
#2435=SHAPE_DEFINITION_REPRESENTATION(#12,#2434);
#2436=CARTESIAN_POINT('',(0.0,0.0,11.4828202582));
#2437=DIRECTION('',(0.0,0.0,-1.0));
#2438=DIRECTION('',(-1.0,0.0,0.0));
#2439=AXIS2_PLACEMENT_3D('View Reference',#2436,#2437,#2438);
#2440=CARTESIAN_POINT('',(0.0,0.0,0.0));
#2441=CARTESIAN_POINT('',(-14.25,-14.25,10.323535778));
#2442=DIRECTION('',(0.0,0.0,1.0));
#2443=DIRECTION('',(1.0,0.0,0.0));
#2444=AXIS2_PLACEMENT_3D('View placement',#2441,#2442,#2443);
#2445=PLANAR_BOX('',28.5,28.5,#2444);
#2446=VIEW_VOLUME(.PARALLEL.,#2440,10.3235358,0.,.F.,0.,.F.,.F.,#2445);
#2447=CAMERA_MODEL_D3('Hinweisbereich',#2439,#2446);
#2448=CARTESIAN_POINT('',(0.,0.,0.));
#2449=DIRECTION('',(0.,0.,1.));
#2450=DIRECTION('',(1.,0.,0.));
#2451=AXIS2_PLACEMENT_3D('',#2448,#2449,#2450);
#2452=REPRESENTATION_MAP(#2451,#2434);
#2453=MAPPED_ITEM('',#2452,#2451);
#2454=DRAUGHTING_MODEL('Hinweisbereich',(#2447,#2453),#5);
#2455=MECHANICAL_DESIGN_GEOMETRIC_PRESENTATION_REPRESENTATION('',(#2429),#5);
ENDSEC;
END-ISO-10303-21;
