ISO-10303-21;

HEADER;
FILE_DESCRIPTION((' '),'2;1');
FILE_NAME( 'Davies 1900.stp',
           '2022-09-08T10:49:30',
           (' '),
           ('--- Datakit www.datakit.com---'),
           ' Datakit CrossCadWare V2022.3  Jun 15 2022',
           'DATAKIT 2022 (c)',
           ' ');
FILE_SCHEMA(('AP242_MANAGED_MODEL_BASED_3D_ENGINEERING_MIM_LF { 1 0 10303 442 1 1 4 }'));
ENDSEC;

DATA;
#1=APPLICATION_CONTEXT('Managed model based 3d engineering');
#2=APPLICATION_PROTOCOL_DEFINITION('international standard','ap242_managed_model_based_3d_engineering',2013,#1);
#3=(LENGTH_UNIT()NAMED_UNIT(*)SI_UNIT(.MILLI.,.METRE.));
#4=(NAMED_UNIT(*)PLANE_ANGLE_UNIT()SI_UNIT($,.RADIAN.));
#5=( GEOMETRIC_REPRESENTATION_CONTEXT(3)
       GLOBAL_UNCERTAINTY_ASSIGNED_CONTEXT((#6)) GLOBAL_UNIT_ASSIGNED_CONTEXT
  ((#3,#4)) REPRESENTATION_CONTEXT('Context #1',
  '3D Context with UNIT and UNCERTAINTY') );
#6=UNCERTAINTY_MEASURE_WITH_UNIT(LENGTH_MEASURE(0.005),#3,'distance_accuracy_value','Confusion accuracy');
#7=PRODUCT_CONTEXT('',#1,'mechanical');
#8=PRODUCT('Davies 1900','','',(#7));
#9=PRODUCT_DEFINITION_FORMATION('','',#8);
#10=PRODUCT_DEFINITION_CONTEXT('part definition',#1,'design');
#11=PRODUCT_DEFINITION('design','',#9,#10);
#12=PRODUCT_DEFINITION_SHAPE('','',#11);
#13=PRODUCT_CATEGORY('part',$);
#14=PRODUCT_RELATED_PRODUCT_CATEGORY('part',$,(#8));
#15=PRODUCT_CATEGORY_RELATIONSHIP('','',#13,#14);
#16=CARTESIAN_POINT('',(0.9069807552,-6.0,4.1775966664));
#17=VERTEX_POINT('',#16);
#18=CARTESIAN_POINT('',(-0.5759885848,-6.0,5.7371430788));
#19=VERTEX_POINT('',#18);
#20=CARTESIAN_POINT('',(-0.646300879,-6.0,5.8110861357));
#21=DIRECTION('',(-0.6890913844,0.0,0.7246744537));
#22=VECTOR('',#21,1.0);
#23=LINE('',#20,#22);
#24=EDGE_CURVE('n° 267',#17,#19,#23,.T.);
#25=ORIENTED_EDGE('',*,*,#24,.F.);
#26=CARTESIAN_POINT('',(0.0,-6.0,4.8));
#27=DIRECTION('',(-0.0,-1.0,-0.0));
#28=DIRECTION('',(0.0,-0.0,1.0));
#29=AXIS2_PLACEMENT_3D('',#26,#27,#28);
#30=CIRCLE('',#29,1.1);
#31=EDGE_CURVE('n° 282',#17,#19,#30,.T.);
#32=ORIENTED_EDGE('',*,*,#31,.T.);
#33=EDGE_LOOP('',(#25,#32));
#34=FACE_OUTER_BOUND('',#33,.T.);
#35=CARTESIAN_POINT('',(0.0,-6.0,4.8));
#36=DIRECTION('',(0.0,1.0,0.0));
#37=DIRECTION('',(0.0,-0.0,1.0));
#38=AXIS2_PLACEMENT_3D('',#35,#36,#37);
#39=PLANE('',#38);
#40=ADVANCED_FACE('n° 71',(#34),#39,.F.);
#41=CARTESIAN_POINT('',(0.0,-3.5,6.0));
#42=VERTEX_POINT('',#41);
#43=CARTESIAN_POINT('',(0.0,-3.5,4.8));
#44=DIRECTION('',(0.0,-1.0,0.0));
#45=DIRECTION('',(0.0,0.0,1.0));
#46=AXIS2_PLACEMENT_3D('',#43,#44,#45);
#47=CIRCLE('',#46,1.2);
#48=EDGE_CURVE('n° 239',#42,#42,#47,.T.);
#49=ORIENTED_EDGE('',*,*,#48,.T.);
#50=EDGE_LOOP('',(#49));
#51=FACE_OUTER_BOUND('',#50,.T.);
#52=CARTESIAN_POINT('',(0.6414690711,-5.5,3.7858415159));
#53=VERTEX_POINT('',#52);
#54=CARTESIAN_POINT('',(0.6414690711,-5.9,3.7858415159));
#55=VERTEX_POINT('',#54);
#56=CARTESIAN_POINT('',(0.6414690711,-5.5,3.7858415159));
#57=DIRECTION('',(0.0,-1.0,0.0));
#58=VECTOR('',#57,1.0);
#59=LINE('',#56,#58);
#60=EDGE_CURVE('n° 121',#53,#55,#59,.T.);
#61=ORIENTED_EDGE('',*,*,#60,.T.);
#62=CARTESIAN_POINT('',(-0.9739592708,-5.9,5.5010016682));
#63=VERTEX_POINT('',#62);
#64=CARTESIAN_POINT('',(0.0,-5.9,4.8));
#65=DIRECTION('',(-0.0,1.0,-0.0));
#66=DIRECTION('',(0.0,0.0,1.0));
#67=AXIS2_PLACEMENT_3D('',#64,#65,#66);
#68=CIRCLE('',#67,1.2);
#69=EDGE_CURVE('n° 234',#55,#63,#68,.T.);
#70=ORIENTED_EDGE('',*,*,#69,.T.);
#71=CARTESIAN_POINT('',(-0.9739592708,-5.5,5.5010016682));
#72=VERTEX_POINT('',#71);
#73=CARTESIAN_POINT('',(-0.9739592708,-5.5,5.5010016682));
#74=DIRECTION('',(0.0,-1.0,0.0));
#75=VECTOR('',#74,1.0);
#76=LINE('',#73,#75);
#77=EDGE_CURVE('n° 109',#72,#63,#76,.T.);
#78=ORIENTED_EDGE('',*,*,#77,.F.);
#79=CARTESIAN_POINT('',(-0.646300879,-5.5,5.8110861357));
#80=VERTEX_POINT('',#79);
#81=CARTESIAN_POINT('',(0.0,-5.5,4.8));
#82=DIRECTION('',(0.0,-1.0,0.0));
#83=DIRECTION('',(0.0,-0.0,-1.0));
#84=AXIS2_PLACEMENT_3D('',#81,#82,#83);
#85=CIRCLE('',#84,1.2);
#86=EDGE_CURVE('n° 106',#80,#72,#85,.T.);
#87=ORIENTED_EDGE('',*,*,#86,.F.);
#88=CARTESIAN_POINT('',(-0.646300879,-5.9,5.8110861357));
#89=VERTEX_POINT('',#88);
#90=CARTESIAN_POINT('',(-0.646300879,-5.5,5.8110861357));
#91=DIRECTION('',(0.0,-1.0,0.0));
#92=VECTOR('',#91,1.0);
#93=LINE('',#90,#92);
#94=EDGE_CURVE('n° 113',#80,#89,#93,.T.);
#95=ORIENTED_EDGE('',*,*,#94,.T.);
#96=CARTESIAN_POINT('',(0.9772930495,-5.9,4.1036536096));
#97=VERTEX_POINT('',#96);
#98=CARTESIAN_POINT('',(0.0,-5.9,4.8));
#99=DIRECTION('',(-0.0,1.0,-0.0));
#100=DIRECTION('',(0.0,0.0,1.0));
#101=AXIS2_PLACEMENT_3D('',#98,#99,#100);
#102=CIRCLE('',#101,1.2);
#103=EDGE_CURVE('n° 229',#89,#97,#102,.T.);
#104=ORIENTED_EDGE('',*,*,#103,.T.);
#105=CARTESIAN_POINT('',(0.9772930495,-5.5,4.1036536096));
#106=VERTEX_POINT('',#105);
#107=CARTESIAN_POINT('',(0.9772930495,-5.5,4.1036536096));
#108=DIRECTION('',(0.0,-1.0,0.0));
#109=VECTOR('',#108,1.0);
#110=LINE('',#107,#109);
#111=EDGE_CURVE('n° 117',#106,#97,#110,.T.);
#112=ORIENTED_EDGE('',*,*,#111,.F.);
#113=CARTESIAN_POINT('',(0.0,-5.5,4.8));
#114=DIRECTION('',(0.0,-1.0,0.0));
#115=DIRECTION('',(0.0,-0.0,-1.0));
#116=AXIS2_PLACEMENT_3D('',#113,#114,#115);
#117=CIRCLE('',#116,1.2);
#118=EDGE_CURVE('n° 114',#53,#106,#117,.T.);
#119=ORIENTED_EDGE('',*,*,#118,.F.);
#120=EDGE_LOOP('',(#61,#70,#78,#87,#95,#104,#112,#119));
#121=FACE_BOUND('',#120,.T.);
#122=CARTESIAN_POINT('',(0.0,-6.0,4.8));
#123=DIRECTION('',(0.0,1.0,0.0));
#124=DIRECTION('',(0.0,-0.0,1.0));
#125=AXIS2_PLACEMENT_3D('',#122,#123,#124);
#126=CYLINDRICAL_SURFACE('',#125,1.2);
#127=ADVANCED_FACE('n° 27',(#51,#121),#126,.T.);
#128=CARTESIAN_POINT('',(-0.9040006001,-6.0,5.4267239543));
#129=VERTEX_POINT('',#128);
#130=CARTESIAN_POINT('',(0.5715104005,-6.0,3.8601192298));
#131=VERTEX_POINT('',#130);
#132=CARTESIAN_POINT('',(-0.9739592708,-6.0,5.5010016682));
#133=DIRECTION('',(0.6856257178,0.0,-0.7279542397));
#134=VECTOR('',#133,1.0);
#135=LINE('',#132,#134);
#136=EDGE_CURVE('n° 246',#129,#131,#135,.T.);
#137=ORIENTED_EDGE('',*,*,#136,.F.);
#138=CARTESIAN_POINT('',(0.0,-6.0,4.8));
#139=DIRECTION('',(-0.0,-1.0,-0.0));
#140=DIRECTION('',(0.0,-0.0,1.0));
#141=AXIS2_PLACEMENT_3D('',#138,#139,#140);
#142=CIRCLE('',#141,1.1);
#143=EDGE_CURVE('n° 261',#129,#131,#142,.T.);
#144=ORIENTED_EDGE('',*,*,#143,.T.);
#145=EDGE_LOOP('',(#137,#144));
#146=FACE_OUTER_BOUND('',#145,.T.);
#147=CARTESIAN_POINT('',(0.0,-6.0,4.8));
#148=DIRECTION('',(0.0,1.0,0.0));
#149=DIRECTION('',(0.0,-0.0,1.0));
#150=AXIS2_PLACEMENT_3D('',#147,#148,#149);
#151=PLANE('',#150);
#152=ADVANCED_FACE('n° 1',(#146),#151,.F.);
#153=CARTESIAN_POINT('',(0.0,-3.4,5.9));
#154=VERTEX_POINT('',#153);
#155=CARTESIAN_POINT('',(0.0,-3.4,4.8));
#156=DIRECTION('',(0.0,1.0,0.0));
#157=DIRECTION('',(0.0,-0.0,1.0));
#158=AXIS2_PLACEMENT_3D('',#155,#156,#157);
#159=CIRCLE('',#158,1.1);
#160=EDGE_CURVE('n° 211',#154,#154,#159,.T.);
#161=ORIENTED_EDGE('',*,*,#160,.T.);
#162=EDGE_LOOP('',(#161));
#163=FACE_OUTER_BOUND('',#162,.T.);
#164=CARTESIAN_POINT('',(0.0,-3.4,4.8));
#165=DIRECTION('',(0.0,1.0,0.0));
#166=DIRECTION('',(0.0,-0.0,1.0));
#167=AXIS2_PLACEMENT_3D('',#164,#165,#166);
#168=PLANE('',#167);
#169=ADVANCED_FACE('n° 18',(#163),#168,.T.);
#170=ORIENTED_EDGE('',*,*,#111,.T.);
#171=CARTESIAN_POINT('',(0.9772930495,-5.9,4.1036536096));
#172=CARTESIAN_POINT('',(0.9538752928,-5.9333624415,4.1282806045));
#173=CARTESIAN_POINT('',(0.9304396681,-5.9666985048,4.1529263901));
#174=CARTESIAN_POINT('',(0.9069807552,-6.0,4.1775966664));
#175=B_SPLINE_CURVE_WITH_KNOTS('',3,(#171,#172,#173,#174),.UNSPECIFIED.,.F.,.U.,
 (4,4),(0.0,1.0),.UNSPECIFIED.);
#176=EDGE_CURVE('n° 277',#97,#17,#175,.T.);
#177=ORIENTED_EDGE('',*,*,#176,.T.);
#178=ORIENTED_EDGE('',*,*,#24,.T.);
#179=CARTESIAN_POINT('',(-0.5759885848,-6.0,5.7371430788));
#180=CARTESIAN_POINT('',(-0.5994474976,-5.9666985048,5.7618133552));
#181=CARTESIAN_POINT('',(-0.6228831224,-5.9333624415,5.7864591408));
#182=CARTESIAN_POINT('',(-0.646300879,-5.9,5.8110861357));
#183=B_SPLINE_CURVE_WITH_KNOTS('',3,(#179,#180,#181,#182),.UNSPECIFIED.,.F.,.U.,
 (4,4),(0.0,1.0),.UNSPECIFIED.);
#184=EDGE_CURVE('n° 272',#19,#89,#183,.T.);
#185=ORIENTED_EDGE('',*,*,#184,.T.);
#186=ORIENTED_EDGE('',*,*,#94,.F.);
#187=CARTESIAN_POINT('',(-0.646300879,-5.5,5.8110861357));
#188=DIRECTION('',(-0.6890913844,0.0,0.7246744537));
#189=VECTOR('',#188,1.0);
#190=LINE('',#187,#189);
#191=EDGE_CURVE('n° 110',#106,#80,#190,.T.);
#192=ORIENTED_EDGE('',*,*,#191,.F.);
#193=EDGE_LOOP('',(#170,#177,#178,#185,#186,#192));
#194=FACE_OUTER_BOUND('',#193,.T.);
#195=CARTESIAN_POINT('',(-0.646300879,-5.5,5.8110861357));
#196=DIRECTION('',(0.7246744537,-0.0,0.6890913844));
#197=DIRECTION('',(0.6890913844,0.0,-0.7246744537));
#198=AXIS2_PLACEMENT_3D('',#195,#196,#197);
#199=PLANE('',#198);
#200=ADVANCED_FACE('n° 146',(#194),#199,.F.);
#201=ORIENTED_EDGE('',*,*,#77,.T.);
#202=CARTESIAN_POINT('',(-0.9739592708,-5.9,5.5010016682));
#203=CARTESIAN_POINT('',(-0.9506592897,-5.9333624415,5.4762632146));
#204=CARTESIAN_POINT('',(-0.9273415304,-5.9666985048,5.4515058852));
#205=CARTESIAN_POINT('',(-0.9040006001,-6.0,5.4267239543));
#206=B_SPLINE_CURVE_WITH_KNOTS('',3,(#202,#203,#204,#205),.UNSPECIFIED.,.F.,.U.,
 (4,4),(0.0,1.0),.UNSPECIFIED.);
#207=EDGE_CURVE('n° 256',#63,#129,#206,.T.);
#208=ORIENTED_EDGE('',*,*,#207,.T.);
#209=ORIENTED_EDGE('',*,*,#136,.T.);
#210=CARTESIAN_POINT('',(0.5715104005,-6.0,3.8601192298));
#211=CARTESIAN_POINT('',(0.5948513308,-5.9666985048,3.8353372989));
#212=CARTESIAN_POINT('',(0.61816909,-5.9333624415,3.8105799695));
#213=CARTESIAN_POINT('',(0.6414690711,-5.9,3.7858415159));
#214=B_SPLINE_CURVE_WITH_KNOTS('',3,(#210,#211,#212,#213),.UNSPECIFIED.,.F.,.U.,
 (4,4),(0.0,1.0),.UNSPECIFIED.);
#215=EDGE_CURVE('n° 251',#131,#55,#214,.T.);
#216=ORIENTED_EDGE('',*,*,#215,.T.);
#217=ORIENTED_EDGE('',*,*,#60,.F.);
#218=CARTESIAN_POINT('',(-0.9739592708,-5.5,5.5010016682));
#219=DIRECTION('',(0.6856257178,0.0,-0.7279542397));
#220=VECTOR('',#219,1.0);
#221=LINE('',#218,#220);
#222=EDGE_CURVE('n° 118',#72,#53,#221,.T.);
#223=ORIENTED_EDGE('',*,*,#222,.F.);
#224=EDGE_LOOP('',(#201,#208,#209,#216,#217,#223));
#225=FACE_OUTER_BOUND('',#224,.T.);
#226=CARTESIAN_POINT('',(-0.9739592708,-5.5,5.5010016682));
#227=DIRECTION('',(-0.7279542397,0.0,-0.6856257178));
#228=DIRECTION('',(-0.6856257178,0.0,0.7279542397));
#229=AXIS2_PLACEMENT_3D('',#226,#227,#228);
#230=PLANE('',#229);
#231=ADVANCED_FACE('n° 154',(#225),#230,.F.);
#232=ORIENTED_EDGE('',*,*,#86,.T.);
#233=ORIENTED_EDGE('',*,*,#222,.T.);
#234=ORIENTED_EDGE('',*,*,#118,.T.);
#235=ORIENTED_EDGE('',*,*,#191,.T.);
#236=EDGE_LOOP('',(#232,#233,#234,#235));
#237=FACE_OUTER_BOUND('',#236,.T.);
#238=CARTESIAN_POINT('',(0.0,-5.5,4.8));
#239=DIRECTION('',(0.0,-1.0,0.0));
#240=DIRECTION('',(0.0,-0.0,-1.0));
#241=AXIS2_PLACEMENT_3D('',#238,#239,#240);
#242=PLANE('',#241);
#243=ADVANCED_FACE('n° 158',(#237),#242,.T.);
#244=ORIENTED_EDGE('',*,*,#48,.F.);
#245=EDGE_LOOP('',(#244));
#246=FACE_OUTER_BOUND('',#245,.T.);
#247=ORIENTED_EDGE('',*,*,#160,.F.);
#248=EDGE_LOOP('',(#247));
#249=FACE_BOUND('',#248,.T.);
#250=CARTESIAN_POINT('',(0.0,-3.4,4.8));
#251=DIRECTION('',(0.0,-1.0,0.0));
#252=DIRECTION('',(0.0,-0.0,-1.0));
#253=AXIS2_PLACEMENT_3D('',#250,#251,#252);
#254=CONICAL_SURFACE('',#253,1.1,0.7853981634);
#255=ADVANCED_FACE('n° 297',(#246,#249),#254,.T.);
#256=ORIENTED_EDGE('',*,*,#215,.F.);
#257=ORIENTED_EDGE('',*,*,#143,.F.);
#258=ORIENTED_EDGE('',*,*,#207,.F.);
#259=ORIENTED_EDGE('',*,*,#69,.F.);
#260=EDGE_LOOP('',(#256,#257,#258,#259));
#261=FACE_OUTER_BOUND('',#260,.T.);
#262=CARTESIAN_POINT('',(0.0,-5.9,4.8));
#263=DIRECTION('',(-0.0,1.0,-0.0));
#264=DIRECTION('',(0.0,0.0,1.0));
#265=AXIS2_PLACEMENT_3D('',#262,#263,#264);
#266=CONICAL_SURFACE('',#265,1.2,0.7853981634);
#267=ADVANCED_FACE('n° 309',(#261),#266,.T.);
#268=ORIENTED_EDGE('',*,*,#184,.F.);
#269=ORIENTED_EDGE('',*,*,#31,.F.);
#270=ORIENTED_EDGE('',*,*,#176,.F.);
#271=ORIENTED_EDGE('',*,*,#103,.F.);
#272=EDGE_LOOP('',(#268,#269,#270,#271));
#273=FACE_OUTER_BOUND('',#272,.T.);
#274=CARTESIAN_POINT('',(0.0,-5.9,4.8));
#275=DIRECTION('',(-0.0,1.0,-0.0));
#276=DIRECTION('',(0.0,0.0,1.0));
#277=AXIS2_PLACEMENT_3D('',#274,#275,#276);
#278=CONICAL_SURFACE('',#277,1.2,0.7853981634);
#279=ADVANCED_FACE('n° 331',(#273),#278,.T.);
#280=CLOSED_SHELL('Fase1',(#40,#127,#152,#169,#200,#231,#243,#255,#267,#279));
#281=MANIFOLD_SOLID_BREP('Fase1',#280);
#282=COLOUR_RGB('',1.0,0.87059,0.52941);
#283=FILL_AREA_STYLE_COLOUR('',#282);
#284=FILL_AREA_STYLE('',(#283));
#285=SURFACE_STYLE_FILL_AREA(#284);
#286=SURFACE_SIDE_STYLE('',(#285));
#287=SURFACE_STYLE_USAGE(.BOTH.,#286);
#288=PRESENTATION_STYLE_ASSIGNMENT((#287));
#289=STYLED_ITEM('',(#288),#281);
#290=CARTESIAN_POINT('',(-6.3474375195,0.0,0.1024992191));
#291=VERTEX_POINT('',#290);
#292=CARTESIAN_POINT('',(0.0,0.0,0.1024992191));
#293=DIRECTION('',(0.0,0.0,1.0));
#294=DIRECTION('',(-1.0,0.0,0.0));
#295=AXIS2_PLACEMENT_3D('',#292,#293,#294);
#296=CIRCLE('',#295,6.3474375195);
#297=EDGE_CURVE('n° 1626',#291,#291,#296,.T.);
#298=ORIENTED_EDGE('',*,*,#297,.T.);
#299=EDGE_LOOP('',(#298));
#300=FACE_OUTER_BOUND('',#299,.T.);
#301=CARTESIAN_POINT('',(-0.6918140633,-5.937499546,14.8933039592));
#302=VERTEX_POINT('',#301);
#303=CARTESIAN_POINT('',(-3.7092467641,-4.6876429045,14.8933039592));
#304=VERTEX_POINT('',#303);
#305=CARTESIAN_POINT('',(-0.6918140633,-5.937499546,14.8933039592));
#306=CARTESIAN_POINT('',(-0.7570858016,-5.9575668319,13.7938422733));
#307=CARTESIAN_POINT('',(-0.8271119264,-5.976114634,12.6945713131));
#308=CARTESIAN_POINT('',(-1.0136064452,-6.0156915856,10.0168351467));
#309=CARTESIAN_POINT('',(-1.1357256454,-6.0347847463,8.4384604806));
#310=CARTESIAN_POINT('',(-1.3592767132,-6.0477299459,6.0726701782));
#311=CARTESIAN_POINT('',(-1.4406706571,-6.049428634,5.2830797904));
#312=CARTESIAN_POINT('',(-1.5823915595,-6.0439200967,4.1014762037));
#313=CARTESIAN_POINT('',(-1.6329589165,-6.0407261426,3.7079028231));
#314=CARTESIAN_POINT('',(-1.7453740971,-6.0296594389,2.9222264616));
#315=CARTESIAN_POINT('',(-1.8068542897,-6.0219846256,2.5291024135));
#316=CARTESIAN_POINT('',(-1.917782069,-6.0026375875,1.9423936127));
#317=CARTESIAN_POINT('',(-1.9581809758,-5.9948244924,1.7458209386));
#318=CARTESIAN_POINT('',(-2.0519545367,-5.9736646855,1.3566923897));
#319=CARTESIAN_POINT('',(-2.103309159,-5.9612772458,1.1613218968));
#320=CARTESIAN_POINT('',(-2.2101299462,-5.9291512279,0.8963576581));
#321=CARTESIAN_POINT('',(-2.2456562055,-5.9180843448,0.8167762187));
#322=CARTESIAN_POINT('',(-2.3140114773,-5.8938061641,0.7291785604));
#323=CARTESIAN_POINT('',(-2.3318580336,-5.8873065692,0.7098391898));
#324=CARTESIAN_POINT('',(-2.3644375945,-5.8749023848,0.6863231996));
#325=CARTESIAN_POINT('',(-2.3773653663,-5.8698814089,0.679155423));
#326=CARTESIAN_POINT('',(-2.4016569548,-5.8601883331,0.6713335808));
#327=CARTESIAN_POINT('',(-2.4129546226,-5.8555943441,0.6695711921));
#328=CARTESIAN_POINT('',(-2.4350769789,-5.8464128581,0.6701750363));
#329=CARTESIAN_POINT('',(-2.4461516432,-5.8417226548,0.6725252604));
#330=CARTESIAN_POINT('',(-2.4697298789,-5.8315600621,0.6813894173));
#331=CARTESIAN_POINT('',(-2.4820941546,-5.8260980372,0.6889341577));
#332=CARTESIAN_POINT('',(-2.5104424342,-5.8133554773,0.711016796));
#333=CARTESIAN_POINT('',(-2.5253462875,-5.8064397392,0.7273453844));
#334=CARTESIAN_POINT('',(-2.5713672216,-5.7846790472,0.7866164534));
#335=CARTESIAN_POINT('',(-2.5961798477,-5.7722076784,0.8346859775));
#336=CARTESIAN_POINT('',(-2.6577256991,-5.7404969448,0.9708868435));
#337=CARTESIAN_POINT('',(-2.6879599157,-5.723776094,1.0627689378));
#338=CARTESIAN_POINT('',(-2.7635144195,-5.6806980842,1.3207794983));
#339=CARTESIAN_POINT('',(-2.8010284847,-5.6574474634,1.4897465631));
#340=CARTESIAN_POINT('',(-2.8942975414,-5.5973733471,1.9601092799));
#341=CARTESIAN_POINT('',(-2.940680907,-5.5643461029,2.2638220492));
#342=CARTESIAN_POINT('',(-3.0548899429,-5.4789541178,3.1033628051));
#343=CARTESIAN_POINT('',(-3.1111305975,-5.4313807628,3.641205565));
#344=CARTESIAN_POINT('',(-3.2482690648,-5.3080352354,5.1200065122));
#345=CARTESIAN_POINT('',(-3.3149073883,-5.2382387069,6.0627487579));
#346=CARTESIAN_POINT('',(-3.4531145864,-5.0812741853,8.3018223705));
#347=CARTESIAN_POINT('',(-3.5158868869,-4.9979039145,9.599065335));
#348=CARTESIAN_POINT('',(-3.6236206929,-4.8395474864,12.1943636715));
#349=CARTESIAN_POINT('',(-3.6681128075,-4.7647507681,13.4925694594));
#350=CARTESIAN_POINT('',(-3.7072577896,-4.6913887257,14.8251361134));
#351=CARTESIAN_POINT('',(-3.7082545369,-4.6895146149,14.8592204682));
#352=CARTESIAN_POINT('',(-3.7092467736,-4.6876428971,14.8933039572));
#353=B_SPLINE_CURVE_WITH_KNOTS('',3,(#305,#306,#307,#308,#309,#310,#311,#312,#313,#314,
    #315,#316,#317,#318,#319,#320,#321,#322,#323,#324,
    #325,#326,#327,#328,#329,#330,#331,#332,#333,#334,
    #335,#336,#337,#338,#339,#340,#341,#342,#343,#344,
    #345,#346,#347,#348,#349,#350,#351,#352),.UNSPECIFIED.,.F.,.U.,
 (4,2,2,2,2,2,2,2,2,2,2,2,2,2,2,2,2,2,2,2,
  2,2,2,4),
 (0.0,0.1146432032,0.2793560426,0.361860343,0.4031124932,0.4443646433,0.4651368362,0.485909029,0.4947210821,0.4973777833,0.4988642365,0.5000143925,0.501161677,0.5026434525,0.5049253914,0.5105108597,0.5205812344,0.5386349739,0.5706889329,0.6270957415,
  0.7256472806,0.8610483268,0.9964460338,1.0),.UNSPECIFIED.);
#354=EDGE_CURVE('n° 846',#302,#304,#353,.T.);
#355=ORIENTED_EDGE('',*,*,#354,.T.);
#356=CARTESIAN_POINT('',(-4.6876326078,-3.7092597768,14.8933039592));
#357=VERTEX_POINT('',#356);
#358=CARTESIAN_POINT('',(0.0,0.0,14.8933039592));
#359=DIRECTION('',(-0.0,-0.0,-1.0));
#360=DIRECTION('',(1.0,0.0,-0.0));
#361=AXIS2_PLACEMENT_3D('',#358,#359,#360);
#362=CIRCLE('',#361,5.977667401);
#363=EDGE_CURVE('n° 855',#304,#357,#362,.T.);
#364=ORIENTED_EDGE('',*,*,#363,.T.);
#365=CARTESIAN_POINT('',(-5.9374976256,-0.6918305455,14.8933039592));
#366=VERTEX_POINT('',#365);
#367=CARTESIAN_POINT('',(-4.6876326078,-3.7092597768,14.8933039592));
#368=CARTESIAN_POINT('',(-4.7479764104,-3.677295402,13.7938422733));
#369=CARTESIAN_POINT('',(-4.8106076348,-3.6408947309,12.6945713132));
#370=CARTESIAN_POINT('',(-4.9704643045,-3.5370083228,10.0168351468));
#371=CARTESIAN_POINT('',(-5.0703165226,-3.4641579117,8.4384604807));
#372=CARTESIAN_POINT('',(-5.237544637,-3.3152370741,6.0726701783));
#373=CARTESIAN_POINT('',(-5.2963000005,-3.2588840183,5.2830797905));
#374=CARTESIAN_POINT('',(-5.3926166875,-3.1547770831,4.1014762037));
#375=CARTESIAN_POINT('',(-5.426114742,-3.1167620955,3.7079028231));
#376=CARTESIAN_POINT('',(-5.4977789373,-3.0294472178,2.9222264616));
#377=CARTESIAN_POINT('',(-5.5358250858,-2.9805472441,2.5291024136));
#378=CARTESIAN_POINT('',(-5.600582449,-2.8884290373,1.9423936127));
#379=CARTESIAN_POINT('',(-5.6236240974,-2.8543380039,1.7458209386));
#380=CARTESIAN_POINT('',(-5.6749697752,-2.77306784,1.3566923897));
#381=CARTESIAN_POINT('',(-5.7025237343,-2.7279953957,1.1613218968));
#382=CARTESIAN_POINT('',(-5.7553409122,-2.6297451677,0.8963576581));
#383=CARTESIAN_POINT('',(-5.7726363029,-2.5967988407,0.8167762187));
#384=CARTESIAN_POINT('',(-5.803803513,-2.5312970983,0.7291785604));
#385=CARTESIAN_POINT('',(-5.8118270263,-2.5140817696,0.7098391898));
#386=CARTESIAN_POINT('',(-5.8260931719,-2.4822734583,0.6863231996));
#387=CARTESIAN_POINT('',(-5.8316841209,-2.4695817771,0.679155423));
#388=CARTESIAN_POINT('',(-5.8420068282,-2.4455509905,0.6713335808));
#389=CARTESIAN_POINT('',(-5.8467470449,-2.4343138923,0.6695711921));
#390=CARTESIAN_POINT('',(-5.8558976221,-2.4121787331,0.6701750363));
#391=CARTESIAN_POINT('',(-5.8604121177,-2.4010312883,0.6725252604));
#392=CARTESIAN_POINT('',(-5.8698984099,-2.3771729197,0.6813894173));
#393=CARTESIAN_POINT('',(-5.8747790382,-2.3645678217,0.6889341577));
#394=CARTESIAN_POINT('',(-5.8858139485,-2.3355122104,0.711016796));
#395=CARTESIAN_POINT('',(-5.8914623988,-2.3200834294,0.7273453843));
#396=CARTESIAN_POINT('',(-5.9086169805,-2.272154582,0.7866164534));
#397=CARTESIAN_POINT('',(-5.9173435674,-2.2457908163,0.8346859775));
#398=CARTESIAN_POINT('',(-5.9384401814,-2.1798484527,0.9708868435));
#399=CARTESIAN_POINT('',(-5.9479955741,-2.1466462061,1.0627689378));
#400=CARTESIAN_POINT('',(-5.9709599232,-2.0627603513,1.3207794982));
#401=CARTESIAN_POINT('',(-5.9810457014,-2.0197932298,1.4897465631));
#402=CARTESIAN_POINT('',(-6.0045180689,-1.9113632323,1.9601092798));
#403=CARTESIAN_POINT('',(-6.0139622729,-1.8552114516,2.2638220491));
#404=CARTESIAN_POINT('',(-6.0343390049,-1.7140722161,3.1033628049));
#405=CARTESIAN_POINT('',(-6.0404677112,-1.6406646259,3.6412055649));
#406=CARTESIAN_POINT('',(-6.0502207926,-1.4564746269,5.1200065121));
#407=CARTESIAN_POINT('',(-6.0479876044,-1.3600006179,6.0627487577));
#408=CARTESIAN_POINT('',(-6.0347241737,-1.1512826933,8.3018223703));
#409=CARTESIAN_POINT('',(-6.0201592093,-1.0479442901,9.5990653347));
#410=CARTESIAN_POINT('',(-5.9843636099,-0.8597900812,12.1943636712));
#411=CARTESIAN_POINT('',(-5.9629350191,-0.7754401385,13.4925694592));
#412=CARTESIAN_POINT('',(-5.9387399038,-0.6958856586,14.8251361132));
#413=CARTESIAN_POINT('',(-5.9381195141,-0.6938556553,14.8592204681));
#414=CARTESIAN_POINT('',(-5.937497627,-0.6918305336,14.8933039572));
#415=B_SPLINE_CURVE_WITH_KNOTS('',3,(#367,#368,#369,#370,#371,#372,#373,#374,#375,#376,
    #377,#378,#379,#380,#381,#382,#383,#384,#385,#386,
    #387,#388,#389,#390,#391,#392,#393,#394,#395,#396,
    #397,#398,#399,#400,#401,#402,#403,#404,#405,#406,
    #407,#408,#409,#410,#411,#412,#413,#414),.UNSPECIFIED.,.F.,.U.,
 (4,2,2,2,2,2,2,2,2,2,2,2,2,2,2,2,2,2,2,2,
  2,2,2,4),
 (0.0,0.1146432032,0.2793560426,0.361860343,0.4031124932,0.4443646433,0.4651368362,0.485909029,0.4947210821,0.4973777833,0.4988642365,0.5000143925,0.501161677,0.5026434525,0.5049253914,0.5105108597,0.5205812344,0.5386349739,0.5706889329,0.6270957415,
  0.7256472806,0.8610483268,0.9964460338,1.0),.UNSPECIFIED.);
#416=EDGE_CURVE('n° 851',#357,#366,#415,.T.);
#417=ORIENTED_EDGE('',*,*,#416,.T.);
#418=CARTESIAN_POINT('',(-5.937499546,0.6918140633,14.8933039592));
#419=VERTEX_POINT('',#418);
#420=CARTESIAN_POINT('',(0.0,0.0,14.8933039592));
#421=DIRECTION('',(-0.0,-0.0,-1.0));
#422=DIRECTION('',(1.0,0.0,-0.0));
#423=AXIS2_PLACEMENT_3D('',#420,#421,#422);
#424=CIRCLE('',#423,5.977667401);
#425=EDGE_CURVE('n° 838',#366,#419,#424,.T.);
#426=ORIENTED_EDGE('',*,*,#425,.T.);
#427=CARTESIAN_POINT('',(-4.6876429045,3.7092467641,14.8933039592));
#428=VERTEX_POINT('',#427);
#429=CARTESIAN_POINT('',(-5.937499546,0.6918140633,14.8933039592));
#430=CARTESIAN_POINT('',(-5.9575668319,0.7570858016,13.7938422733));
#431=CARTESIAN_POINT('',(-5.976114634,0.8271119264,12.6945713131));
#432=CARTESIAN_POINT('',(-6.0156915856,1.0136064452,10.0168351468));
#433=CARTESIAN_POINT('',(-6.0347847463,1.1357256454,8.4384604807));
#434=CARTESIAN_POINT('',(-6.0477299459,1.3592767132,6.0726701783));
#435=CARTESIAN_POINT('',(-6.049428634,1.4406706571,5.2830797905));
#436=CARTESIAN_POINT('',(-6.0439200967,1.5823915595,4.1014762037));
#437=CARTESIAN_POINT('',(-6.0407261426,1.6329589165,3.7079028231));
#438=CARTESIAN_POINT('',(-6.0296594389,1.7453740971,2.9222264616));
#439=CARTESIAN_POINT('',(-6.0219846256,1.8068542897,2.5291024135));
#440=CARTESIAN_POINT('',(-6.0026375875,1.917782069,1.9423936127));
#441=CARTESIAN_POINT('',(-5.9948244924,1.9581809758,1.7458209386));
#442=CARTESIAN_POINT('',(-5.9736646855,2.0519545367,1.3566923897));
#443=CARTESIAN_POINT('',(-5.9612772458,2.103309159,1.1613218968));
#444=CARTESIAN_POINT('',(-5.9291512279,2.2101299462,0.8963576581));
#445=CARTESIAN_POINT('',(-5.9180843448,2.2456562055,0.8167762187));
#446=CARTESIAN_POINT('',(-5.8938061641,2.3140114773,0.7291785604));
#447=CARTESIAN_POINT('',(-5.8873065692,2.3318580336,0.7098391898));
#448=CARTESIAN_POINT('',(-5.8749023848,2.3644375945,0.6863231996));
#449=CARTESIAN_POINT('',(-5.8698814089,2.3773653663,0.679155423));
#450=CARTESIAN_POINT('',(-5.8601883331,2.4016569548,0.6713335808));
#451=CARTESIAN_POINT('',(-5.8555943441,2.4129546226,0.6695711921));
#452=CARTESIAN_POINT('',(-5.8464128581,2.4350769789,0.6701750363));
#453=CARTESIAN_POINT('',(-5.8417226548,2.4461516432,0.6725252604));
#454=CARTESIAN_POINT('',(-5.8315600621,2.4697298789,0.6813894173));
#455=CARTESIAN_POINT('',(-5.8260980372,2.4820941546,0.6889341577));
#456=CARTESIAN_POINT('',(-5.8133554773,2.5104424342,0.711016796));
#457=CARTESIAN_POINT('',(-5.8064397392,2.5253462875,0.7273453843));
#458=CARTESIAN_POINT('',(-5.7846790472,2.5713672216,0.7866164534));
#459=CARTESIAN_POINT('',(-5.7722076784,2.5961798477,0.8346859775));
#460=CARTESIAN_POINT('',(-5.7404969448,2.6577256991,0.9708868435));
#461=CARTESIAN_POINT('',(-5.723776094,2.6879599157,1.0627689378));
#462=CARTESIAN_POINT('',(-5.6806980842,2.7635144195,1.3207794982));
#463=CARTESIAN_POINT('',(-5.6574474634,2.8010284847,1.4897465631));
#464=CARTESIAN_POINT('',(-5.5973733471,2.8942975414,1.9601092799));
#465=CARTESIAN_POINT('',(-5.5643461029,2.940680907,2.2638220491));
#466=CARTESIAN_POINT('',(-5.4789541178,3.0548899429,3.103362805));
#467=CARTESIAN_POINT('',(-5.4313807628,3.1111305975,3.641205565));
#468=CARTESIAN_POINT('',(-5.3080352354,3.2482690648,5.1200065121));
#469=CARTESIAN_POINT('',(-5.2382387069,3.3149073883,6.0627487578));
#470=CARTESIAN_POINT('',(-5.0812741853,3.4531145863,8.3018223704));
#471=CARTESIAN_POINT('',(-4.9979039146,3.5158868869,9.5990653349));
#472=CARTESIAN_POINT('',(-4.8395474864,3.6236206929,12.1943636713));
#473=CARTESIAN_POINT('',(-4.7647507681,3.6681128074,13.4925694593));
#474=CARTESIAN_POINT('',(-4.6913887257,3.7072577896,14.8251361133));
#475=CARTESIAN_POINT('',(-4.6895146149,3.7082545369,14.8592204682));
#476=CARTESIAN_POINT('',(-4.6876428971,3.7092467736,14.8933039572));
#477=B_SPLINE_CURVE_WITH_KNOTS('',3,(#429,#430,#431,#432,#433,#434,#435,#436,#437,#438,
    #439,#440,#441,#442,#443,#444,#445,#446,#447,#448,
    #449,#450,#451,#452,#453,#454,#455,#456,#457,#458,
    #459,#460,#461,#462,#463,#464,#465,#466,#467,#468,
    #469,#470,#471,#472,#473,#474,#475,#476),.UNSPECIFIED.,.F.,.U.,
 (4,2,2,2,2,2,2,2,2,2,2,2,2,2,2,2,2,2,2,2,
  2,2,2,4),
 (0.0,0.1146432032,0.2793560426,0.361860343,0.4031124932,0.4443646433,0.4651368362,0.485909029,0.4947210821,0.4973777833,0.4988642365,0.5000143925,0.501161677,0.5026434525,0.5049253914,0.5105108597,0.5205812344,0.5386349739,0.5706889329,0.6270957415,
  0.7256472806,0.8610483268,0.9964460338,1.0),.UNSPECIFIED.);
#478=EDGE_CURVE('n° 833',#419,#428,#477,.T.);
#479=ORIENTED_EDGE('',*,*,#478,.T.);
#480=CARTESIAN_POINT('',(-3.7092597768,4.6876326078,14.8933039592));
#481=VERTEX_POINT('',#480);
#482=CARTESIAN_POINT('',(0.0,0.0,14.8933039592));
#483=DIRECTION('',(-0.0,-0.0,-1.0));
#484=DIRECTION('',(1.0,0.0,-0.0));
#485=AXIS2_PLACEMENT_3D('',#482,#483,#484);
#486=CIRCLE('',#485,5.977667401);
#487=EDGE_CURVE('n° 820',#428,#481,#486,.T.);
#488=ORIENTED_EDGE('',*,*,#487,.T.);
#489=CARTESIAN_POINT('',(-0.6918305455,5.9374976256,14.8933039592));
#490=VERTEX_POINT('',#489);
#491=CARTESIAN_POINT('',(-3.7092597768,4.6876326078,14.8933039592));
#492=CARTESIAN_POINT('',(-3.677295402,4.7479764104,13.7938422733));
#493=CARTESIAN_POINT('',(-3.6408947309,4.8106076348,12.6945713132));
#494=CARTESIAN_POINT('',(-3.5370083229,4.9704643045,10.0168351469));
#495=CARTESIAN_POINT('',(-3.4641579116,5.0703165227,8.4384604808));
#496=CARTESIAN_POINT('',(-3.3152370742,5.2375446369,6.0726701783));
#497=CARTESIAN_POINT('',(-3.2588840183,5.2963000005,5.2830797905));
#498=CARTESIAN_POINT('',(-3.1547770831,5.3926166875,4.1014762037));
#499=CARTESIAN_POINT('',(-3.1167620955,5.426114742,3.7079028232));
#500=CARTESIAN_POINT('',(-3.0294472178,5.4977789373,2.9222264616));
#501=CARTESIAN_POINT('',(-2.9805472442,5.5358250858,2.5291024136));
#502=CARTESIAN_POINT('',(-2.8884290373,5.600582449,1.9423936127));
#503=CARTESIAN_POINT('',(-2.8543380039,5.6236240974,1.7458209386));
#504=CARTESIAN_POINT('',(-2.77306784,5.6749697752,1.3566923897));
#505=CARTESIAN_POINT('',(-2.7279955777,5.7025236519,1.1613218256));
#506=CARTESIAN_POINT('',(-2.6297450905,5.7553409471,0.8963576883));
#507=CARTESIAN_POINT('',(-2.5967988409,5.7726363029,0.8167762185));
#508=CARTESIAN_POINT('',(-2.5312970982,5.803803513,0.7291785604));
#509=CARTESIAN_POINT('',(-2.5140817696,5.8118270263,0.7098391898));
#510=CARTESIAN_POINT('',(-2.4822734583,5.8260931719,0.6863231996));
#511=CARTESIAN_POINT('',(-2.4695817771,5.8316841209,0.679155423));
#512=CARTESIAN_POINT('',(-2.4455509905,5.8420068282,0.6713335808));
#513=CARTESIAN_POINT('',(-2.4343138923,5.8467470449,0.6695711921));
#514=CARTESIAN_POINT('',(-2.4121787331,5.8558976221,0.6701750363));
#515=CARTESIAN_POINT('',(-2.4010312883,5.8604121177,0.6725252604));
#516=CARTESIAN_POINT('',(-2.3771729197,5.8698984099,0.6813894173));
#517=CARTESIAN_POINT('',(-2.3645678217,5.8747790382,0.6889341577));
#518=CARTESIAN_POINT('',(-2.3355122104,5.8858139485,0.711016796));
#519=CARTESIAN_POINT('',(-2.3200834295,5.8914623988,0.7273453844));
#520=CARTESIAN_POINT('',(-2.2721545818,5.9086169806,0.7866164532));
#521=CARTESIAN_POINT('',(-2.2457908166,5.9173435673,0.8346859776));
#522=CARTESIAN_POINT('',(-2.1798484523,5.9384401816,0.9708868433));
#523=CARTESIAN_POINT('',(-2.1466462069,5.9479955738,1.062768938));
#524=CARTESIAN_POINT('',(-2.0627603499,5.9709599236,1.3207794978));
#525=CARTESIAN_POINT('',(-2.0197932326,5.9810457005,1.4897465636));
#526=CARTESIAN_POINT('',(-1.9113632274,6.0045180705,1.9601092788));
#527=CARTESIAN_POINT('',(-1.8552114524,6.0139622726,2.2638220492));
#528=CARTESIAN_POINT('',(-1.7140722147,6.0343390054,3.1033628046));
#529=CARTESIAN_POINT('',(-1.6406646208,6.0404677126,3.6412055642));
#530=CARTESIAN_POINT('',(-1.456474636,6.0502207902,5.1200065129));
#531=CARTESIAN_POINT('',(-1.3600006424,6.0479875992,6.0627487594));
#532=CARTESIAN_POINT('',(-1.1512826596,6.0347241808,8.3018223674));
#533=CARTESIAN_POINT('',(-1.0479443115,6.0201592059,9.5990653358));
#534=CARTESIAN_POINT('',(-0.8597900598,5.9843636134,12.1943636697));
#535=CARTESIAN_POINT('',(-0.7754401422,5.9629350187,13.4925694591));
#536=CARTESIAN_POINT('',(-0.6958856585,5.9387399038,14.8251361131));
#537=CARTESIAN_POINT('',(-0.6938556553,5.9381195141,14.8592204681));
#538=CARTESIAN_POINT('',(-0.6918305336,5.937497627,14.8933039572));
#539=B_SPLINE_CURVE_WITH_KNOTS('',3,(#491,#492,#493,#494,#495,#496,#497,#498,#499,#500,
    #501,#502,#503,#504,#505,#506,#507,#508,#509,#510,
    #511,#512,#513,#514,#515,#516,#517,#518,#519,#520,
    #521,#522,#523,#524,#525,#526,#527,#528,#529,#530,
    #531,#532,#533,#534,#535,#536,#537,#538),.UNSPECIFIED.,.F.,.U.,
 (4,2,2,2,2,2,2,2,2,2,2,2,2,2,2,2,2,2,2,2,
  2,2,2,4),
 (0.0,0.1146432032,0.2793560426,0.361860343,0.4031124932,0.4443646433,0.4651368362,0.485909029,0.4947210821,0.4973777833,0.4988642365,0.5000143925,0.501161677,0.5026434525,0.5049253914,0.5105108597,0.5205812344,0.5386349739,0.5706889329,0.6270957415,
  0.7256472806,0.8610483268,0.9964460338,1.0),.UNSPECIFIED.);
#540=EDGE_CURVE('n° 810',#481,#490,#539,.T.);
#541=ORIENTED_EDGE('',*,*,#540,.T.);
#542=CARTESIAN_POINT('',(0.6918140633,5.937499546,14.8933039592));
#543=VERTEX_POINT('',#542);
#544=CARTESIAN_POINT('',(0.0,0.0,14.8933039592));
#545=DIRECTION('',(-0.0,-0.0,-1.0));
#546=DIRECTION('',(1.0,0.0,-0.0));
#547=AXIS2_PLACEMENT_3D('',#544,#545,#546);
#548=CIRCLE('',#547,5.977667401);
#549=EDGE_CURVE('n° 802',#490,#543,#548,.T.);
#550=ORIENTED_EDGE('',*,*,#549,.T.);
#551=CARTESIAN_POINT('',(3.7092467641,4.6876429045,14.8933039592));
#552=VERTEX_POINT('',#551);
#553=CARTESIAN_POINT('',(0.6918140633,5.937499546,14.8933039592));
#554=CARTESIAN_POINT('',(0.7570858016,5.9575668319,13.7938422734));
#555=CARTESIAN_POINT('',(0.8271119264,5.976114634,12.6945713132));
#556=CARTESIAN_POINT('',(1.0136064452,6.0156915856,10.0168351469));
#557=CARTESIAN_POINT('',(1.1357256456,6.0347847463,8.4384604808));
#558=CARTESIAN_POINT('',(1.3592767131,6.0477299459,6.0726701783));
#559=CARTESIAN_POINT('',(1.4406706571,6.049428634,5.2830797905));
#560=CARTESIAN_POINT('',(1.5823915595,6.0439200967,4.1014762037));
#561=CARTESIAN_POINT('',(1.6329589165,6.0407261426,3.7079028232));
#562=CARTESIAN_POINT('',(1.7453740971,6.0296594389,2.9222264616));
#563=CARTESIAN_POINT('',(1.8068542896,6.0219846256,2.5291024136));
#564=CARTESIAN_POINT('',(1.917782069,6.0026375875,1.9423936127));
#565=CARTESIAN_POINT('',(1.9581809757,5.9948244924,1.7458209386));
#566=CARTESIAN_POINT('',(2.0519545367,5.9736646855,1.3566923897));
#567=CARTESIAN_POINT('',(2.1033089721,5.9612773162,1.1613218256));
#568=CARTESIAN_POINT('',(2.2101300254,5.929151198,0.8963576883));
#569=CARTESIAN_POINT('',(2.2456562053,5.9180843448,0.8167762185));
#570=CARTESIAN_POINT('',(2.3140114774,5.893806164,0.7291785604));
#571=CARTESIAN_POINT('',(2.3318580336,5.8873065692,0.7098391898));
#572=CARTESIAN_POINT('',(2.3644375945,5.8749023848,0.6863231996));
#573=CARTESIAN_POINT('',(2.3773653663,5.8698814089,0.679155423));
#574=CARTESIAN_POINT('',(2.4016569548,5.8601883331,0.6713335808));
#575=CARTESIAN_POINT('',(2.4129546226,5.8555943441,0.6695711921));
#576=CARTESIAN_POINT('',(2.4350769789,5.8464128581,0.6701750363));
#577=CARTESIAN_POINT('',(2.4461516432,5.8417226548,0.6725252604));
#578=CARTESIAN_POINT('',(2.4697298789,5.8315600621,0.6813894173));
#579=CARTESIAN_POINT('',(2.4820941546,5.8260980372,0.6889341577));
#580=CARTESIAN_POINT('',(2.5104424342,5.8133554773,0.711016796));
#581=CARTESIAN_POINT('',(2.5253462874,5.8064397392,0.7273453844));
#582=CARTESIAN_POINT('',(2.5713672217,5.7846790471,0.7866164532));
#583=CARTESIAN_POINT('',(2.5961798475,5.7722076785,0.8346859776));
#584=CARTESIAN_POINT('',(2.6577256994,5.7404969447,0.9708868433));
#585=CARTESIAN_POINT('',(2.687959915,5.7237760944,1.062768938));
#586=CARTESIAN_POINT('',(2.7635144208,5.6806980836,1.3207794978));
#587=CARTESIAN_POINT('',(2.801028482,5.6574474648,1.4897465636));
#588=CARTESIAN_POINT('',(2.894297546,5.5973733448,1.9601092787));
#589=CARTESIAN_POINT('',(2.9406809062,5.5643461033,2.2638220491));
#590=CARTESIAN_POINT('',(3.0548899442,5.4789541171,3.1033628046));
#591=CARTESIAN_POINT('',(3.1111306021,5.4313807601,3.6412055642));
#592=CARTESIAN_POINT('',(3.2482690567,5.3080352402,5.1200065128));
#593=CARTESIAN_POINT('',(3.3149073673,5.2382387206,6.0627487593));
#594=CARTESIAN_POINT('',(3.4531146152,5.0812741665,8.3018223674));
#595=CARTESIAN_POINT('',(3.5158868693,4.9979039273,9.5990653357));
#596=CARTESIAN_POINT('',(3.6236207104,4.8395474738,12.1943636697));
#597=CARTESIAN_POINT('',(3.6681128045,4.7647507704,13.492569459));
#598=CARTESIAN_POINT('',(3.7072577896,4.6913887257,14.825136113));
#599=CARTESIAN_POINT('',(3.7082545369,4.6895146149,14.859220468));
#600=CARTESIAN_POINT('',(3.7092467736,4.687642897,14.8933039572));
#601=B_SPLINE_CURVE_WITH_KNOTS('',3,(#553,#554,#555,#556,#557,#558,#559,#560,#561,#562,
    #563,#564,#565,#566,#567,#568,#569,#570,#571,#572,
    #573,#574,#575,#576,#577,#578,#579,#580,#581,#582,
    #583,#584,#585,#586,#587,#588,#589,#590,#591,#592,
    #593,#594,#595,#596,#597,#598,#599,#600),.UNSPECIFIED.,.F.,.U.,
 (4,2,2,2,2,2,2,2,2,2,2,2,2,2,2,2,2,2,2,2,
  2,2,2,4),
 (0.0,0.1146432032,0.2793560426,0.361860343,0.4031124932,0.4443646433,0.4651368362,0.485909029,0.4947210821,0.4973777833,0.4988642365,0.5000143925,0.501161677,0.5026434525,0.5049253914,0.5105108597,0.5205812344,0.5386349739,0.5706889329,0.6270957415,
  0.7256472806,0.8610483268,0.9964460338,1.0),.UNSPECIFIED.);
#602=EDGE_CURVE('n° 792',#543,#552,#601,.T.);
#603=ORIENTED_EDGE('',*,*,#602,.T.);
#604=CARTESIAN_POINT('',(4.6876326078,3.7092597768,14.8933039592));
#605=VERTEX_POINT('',#604);
#606=CARTESIAN_POINT('',(0.0,0.0,14.8933039592));
#607=DIRECTION('',(-0.0,-0.0,-1.0));
#608=DIRECTION('',(1.0,0.0,-0.0));
#609=AXIS2_PLACEMENT_3D('',#606,#607,#608);
#610=CIRCLE('',#609,5.977667401);
#611=EDGE_CURVE('n° 788',#552,#605,#610,.T.);
#612=ORIENTED_EDGE('',*,*,#611,.T.);
#613=CARTESIAN_POINT('',(5.9374976256,0.6918305455,14.8933039592));
#614=VERTEX_POINT('',#613);
#615=CARTESIAN_POINT('',(4.6876326078,3.7092597768,14.8933039592));
#616=CARTESIAN_POINT('',(4.7479764104,3.677295402,13.7938422733));
#617=CARTESIAN_POINT('',(4.8106076348,3.6408947308,12.6945713132));
#618=CARTESIAN_POINT('',(4.9704643045,3.5370083228,10.0168351468));
#619=CARTESIAN_POINT('',(5.0703165227,3.4641579116,8.4384604807));
#620=CARTESIAN_POINT('',(5.2375446369,3.3152370742,6.0726701783));
#621=CARTESIAN_POINT('',(5.2963000005,3.2588840183,5.2830797905));
#622=CARTESIAN_POINT('',(5.3926166875,3.1547770831,4.1014762037));
#623=CARTESIAN_POINT('',(5.426114742,3.1167620955,3.7079028231));
#624=CARTESIAN_POINT('',(5.4977789373,3.0294472178,2.9222264616));
#625=CARTESIAN_POINT('',(5.5358250858,2.9805472442,2.5291024135));
#626=CARTESIAN_POINT('',(5.600582449,2.8884290373,1.9423936127));
#627=CARTESIAN_POINT('',(5.6236240974,2.8543380039,1.7458209386));
#628=CARTESIAN_POINT('',(5.6749697752,2.77306784,1.3566923897));
#629=CARTESIAN_POINT('',(5.7025236519,2.7279955777,1.1613218256));
#630=CARTESIAN_POINT('',(5.7553409471,2.6297450905,0.8963576883));
#631=CARTESIAN_POINT('',(5.7726363029,2.5967988409,0.8167762185));
#632=CARTESIAN_POINT('',(5.803803513,2.5312970982,0.7291785604));
#633=CARTESIAN_POINT('',(5.8118270263,2.5140817696,0.7098391898));
#634=CARTESIAN_POINT('',(5.8260931719,2.4822734583,0.6863231996));
#635=CARTESIAN_POINT('',(5.8316841209,2.4695817771,0.679155423));
#636=CARTESIAN_POINT('',(5.8420068282,2.4455509905,0.6713335808));
#637=CARTESIAN_POINT('',(5.8467470449,2.4343138923,0.6695711921));
#638=CARTESIAN_POINT('',(5.8558976221,2.4121787331,0.6701750363));
#639=CARTESIAN_POINT('',(5.8604121177,2.4010312883,0.6725252604));
#640=CARTESIAN_POINT('',(5.8698984099,2.3771729197,0.6813894173));
#641=CARTESIAN_POINT('',(5.8747790382,2.3645678217,0.6889341577));
#642=CARTESIAN_POINT('',(5.8858139485,2.3355122104,0.711016796));
#643=CARTESIAN_POINT('',(5.8914623988,2.3200834295,0.7273453844));
#644=CARTESIAN_POINT('',(5.9086169806,2.2721545818,0.7866164532));
#645=CARTESIAN_POINT('',(5.9173435673,2.2457908166,0.8346859776));
#646=CARTESIAN_POINT('',(5.9384401816,2.1798484523,0.9708868433));
#647=CARTESIAN_POINT('',(5.9479955738,2.1466462069,1.062768938));
#648=CARTESIAN_POINT('',(5.9709599236,2.0627603499,1.3207794978));
#649=CARTESIAN_POINT('',(5.9810457005,2.0197932326,1.4897465637));
#650=CARTESIAN_POINT('',(6.0045180705,1.9113632273,1.9601092788));
#651=CARTESIAN_POINT('',(6.0139622726,1.8552114524,2.2638220492));
#652=CARTESIAN_POINT('',(6.0343390054,1.7140722147,3.1033628048));
#653=CARTESIAN_POINT('',(6.0404677126,1.6406646207,3.6412055644));
#654=CARTESIAN_POINT('',(6.0502207902,1.456474636,5.1200065131));
#655=CARTESIAN_POINT('',(6.0479875992,1.3600006424,6.0627487596));
#656=CARTESIAN_POINT('',(6.0347241808,1.1512826596,8.3018223677));
#657=CARTESIAN_POINT('',(6.0201592059,1.0479443115,9.5990653361));
#658=CARTESIAN_POINT('',(5.9843636134,0.8597900598,12.19436367));
#659=CARTESIAN_POINT('',(5.9629350187,0.7754401422,13.4925694594));
#660=CARTESIAN_POINT('',(5.9387399038,0.6958856585,14.8251361133));
#661=CARTESIAN_POINT('',(5.9381195141,0.6938556553,14.8592204681));
#662=CARTESIAN_POINT('',(5.937497627,0.6918305336,14.8933039572));
#663=B_SPLINE_CURVE_WITH_KNOTS('',3,(#615,#616,#617,#618,#619,#620,#621,#622,#623,#624,
    #625,#626,#627,#628,#629,#630,#631,#632,#633,#634,
    #635,#636,#637,#638,#639,#640,#641,#642,#643,#644,
    #645,#646,#647,#648,#649,#650,#651,#652,#653,#654,
    #655,#656,#657,#658,#659,#660,#661,#662),.UNSPECIFIED.,.F.,.U.,
 (4,2,2,2,2,2,2,2,2,2,2,2,2,2,2,2,2,2,2,2,
  2,2,2,4),
 (0.0,0.1146432032,0.2793560426,0.361860343,0.4031124932,0.4443646433,0.4651368362,0.485909029,0.4947210821,0.4973777833,0.4988642365,0.5000143925,0.501161677,0.5026434525,0.5049253914,0.5105108597,0.5205812344,0.5386349739,0.5706889329,0.6270957415,
  0.7256472806,0.8610483268,0.9964460338,1.0),.UNSPECIFIED.);
#664=EDGE_CURVE('n° 797',#605,#614,#663,.T.);
#665=ORIENTED_EDGE('',*,*,#664,.T.);
#666=CARTESIAN_POINT('',(5.937499546,-0.6918140633,14.8933039592));
#667=VERTEX_POINT('',#666);
#668=CARTESIAN_POINT('',(0.0,0.0,14.8933039592));
#669=DIRECTION('',(-0.0,-0.0,-1.0));
#670=DIRECTION('',(1.0,0.0,-0.0));
#671=AXIS2_PLACEMENT_3D('',#668,#669,#670);
#672=CIRCLE('',#671,5.977667401);
#673=EDGE_CURVE('n° 806',#614,#667,#672,.T.);
#674=ORIENTED_EDGE('',*,*,#673,.T.);
#675=CARTESIAN_POINT('',(4.6876429045,-3.7092467641,14.8933039592));
#676=VERTEX_POINT('',#675);
#677=CARTESIAN_POINT('',(5.937499546,-0.6918140633,14.8933039592));
#678=CARTESIAN_POINT('',(5.9575668319,-0.7570858016,13.7938422733));
#679=CARTESIAN_POINT('',(5.976114634,-0.8271119264,12.6945713131));
#680=CARTESIAN_POINT('',(6.0156915856,-1.0136064452,10.0168351467));
#681=CARTESIAN_POINT('',(6.0347847463,-1.1357256454,8.4384604806));
#682=CARTESIAN_POINT('',(6.0477299459,-1.3592767132,6.0726701782));
#683=CARTESIAN_POINT('',(6.049428634,-1.4406706571,5.2830797904));
#684=CARTESIAN_POINT('',(6.0439200967,-1.5823915595,4.1014762037));
#685=CARTESIAN_POINT('',(6.0407261426,-1.6329589165,3.7079028231));
#686=CARTESIAN_POINT('',(6.0296594389,-1.7453740971,2.9222264616));
#687=CARTESIAN_POINT('',(6.0219846256,-1.8068542897,2.5291024135));
#688=CARTESIAN_POINT('',(6.0026375875,-1.917782069,1.9423936127));
#689=CARTESIAN_POINT('',(5.9948244924,-1.9581809758,1.7458209386));
#690=CARTESIAN_POINT('',(5.9736646855,-2.0519545367,1.3566923897));
#691=CARTESIAN_POINT('',(5.9612772458,-2.103309159,1.1613218968));
#692=CARTESIAN_POINT('',(5.9291512279,-2.2101299462,0.8963576581));
#693=CARTESIAN_POINT('',(5.9180843448,-2.2456562055,0.8167762187));
#694=CARTESIAN_POINT('',(5.8938061641,-2.3140114773,0.7291785604));
#695=CARTESIAN_POINT('',(5.8873065692,-2.3318580336,0.7098391898));
#696=CARTESIAN_POINT('',(5.8749023848,-2.3644375945,0.6863231996));
#697=CARTESIAN_POINT('',(5.8698814089,-2.3773653663,0.679155423));
#698=CARTESIAN_POINT('',(5.8601883331,-2.4016569548,0.6713335808));
#699=CARTESIAN_POINT('',(5.8555943441,-2.4129546226,0.6695711921));
#700=CARTESIAN_POINT('',(5.8464128581,-2.4350769789,0.6701750363));
#701=CARTESIAN_POINT('',(5.8417226548,-2.4461516432,0.6725252604));
#702=CARTESIAN_POINT('',(5.8315600621,-2.4697298789,0.6813894173));
#703=CARTESIAN_POINT('',(5.8260980372,-2.4820941546,0.6889341577));
#704=CARTESIAN_POINT('',(5.8133554773,-2.5104424342,0.711016796));
#705=CARTESIAN_POINT('',(5.8064397392,-2.5253462875,0.7273453844));
#706=CARTESIAN_POINT('',(5.7846790472,-2.5713672216,0.7866164534));
#707=CARTESIAN_POINT('',(5.7722076784,-2.5961798477,0.8346859775));
#708=CARTESIAN_POINT('',(5.7404969448,-2.6577256991,0.9708868435));
#709=CARTESIAN_POINT('',(5.723776094,-2.6879599157,1.0627689378));
#710=CARTESIAN_POINT('',(5.6806980842,-2.7635144195,1.3207794983));
#711=CARTESIAN_POINT('',(5.6574474634,-2.8010284847,1.4897465631));
#712=CARTESIAN_POINT('',(5.5973733471,-2.8942975414,1.9601092799));
#713=CARTESIAN_POINT('',(5.5643461029,-2.940680907,2.2638220492));
#714=CARTESIAN_POINT('',(5.4789541178,-3.0548899429,3.1033628051));
#715=CARTESIAN_POINT('',(5.4313807628,-3.1111305975,3.6412055651));
#716=CARTESIAN_POINT('',(5.3080352354,-3.2482690648,5.1200065123));
#717=CARTESIAN_POINT('',(5.2382387069,-3.3149073883,6.0627487579));
#718=CARTESIAN_POINT('',(5.0812741852,-3.4531145864,8.3018223706));
#719=CARTESIAN_POINT('',(4.9979039145,-3.5158868869,9.5990653351));
#720=CARTESIAN_POINT('',(4.8395474864,-3.6236206929,12.1943636716));
#721=CARTESIAN_POINT('',(4.7647507681,-3.6681128075,13.4925694595));
#722=CARTESIAN_POINT('',(4.6913887257,-3.7072577896,14.8251361135));
#723=CARTESIAN_POINT('',(4.6895146149,-3.7082545369,14.8592204682));
#724=CARTESIAN_POINT('',(4.6876428971,-3.7092467736,14.8933039572));
#725=B_SPLINE_CURVE_WITH_KNOTS('',3,(#677,#678,#679,#680,#681,#682,#683,#684,#685,#686,
    #687,#688,#689,#690,#691,#692,#693,#694,#695,#696,
    #697,#698,#699,#700,#701,#702,#703,#704,#705,#706,
    #707,#708,#709,#710,#711,#712,#713,#714,#715,#716,
    #717,#718,#719,#720,#721,#722,#723,#724),.UNSPECIFIED.,.F.,.U.,
 (4,2,2,2,2,2,2,2,2,2,2,2,2,2,2,2,2,2,2,2,
  2,2,2,4),
 (0.0,0.1146432032,0.2793560426,0.361860343,0.4031124932,0.4443646433,0.4651368362,0.485909029,0.4947210821,0.4973777833,0.4988642365,0.5000143925,0.501161677,0.5026434525,0.5049253914,0.5105108597,0.5205812344,0.5386349739,0.5706889329,0.6270957415,
  0.7256472806,0.8610483268,0.9964460339,1.0),.UNSPECIFIED.);
#726=EDGE_CURVE('n° 815',#667,#676,#725,.T.);
#727=ORIENTED_EDGE('',*,*,#726,.T.);
#728=CARTESIAN_POINT('',(3.7092597768,-4.6876326078,14.8933039592));
#729=VERTEX_POINT('',#728);
#730=CARTESIAN_POINT('',(0.0,0.0,14.8933039592));
#731=DIRECTION('',(-0.0,-0.0,-1.0));
#732=DIRECTION('',(1.0,0.0,-0.0));
#733=AXIS2_PLACEMENT_3D('',#730,#731,#732);
#734=CIRCLE('',#733,5.977667401);
#735=EDGE_CURVE('n° 824',#676,#729,#734,.T.);
#736=ORIENTED_EDGE('',*,*,#735,.T.);
#737=CARTESIAN_POINT('',(0.6918305455,-5.9374976256,14.8933039592));
#738=VERTEX_POINT('',#737);
#739=CARTESIAN_POINT('',(3.7092597768,-4.6876326078,14.8933039592));
#740=CARTESIAN_POINT('',(3.677295402,-4.7479764104,13.7938422733));
#741=CARTESIAN_POINT('',(3.6408947309,-4.8106076348,12.6945713132));
#742=CARTESIAN_POINT('',(3.5370083228,-4.9704643045,10.0168351468));
#743=CARTESIAN_POINT('',(3.4641579117,-5.0703165226,8.4384604807));
#744=CARTESIAN_POINT('',(3.3152370741,-5.237544637,6.0726701783));
#745=CARTESIAN_POINT('',(3.2588840183,-5.2963000005,5.2830797905));
#746=CARTESIAN_POINT('',(3.1547770831,-5.3926166875,4.1014762037));
#747=CARTESIAN_POINT('',(3.1167620955,-5.426114742,3.7079028232));
#748=CARTESIAN_POINT('',(3.0294472178,-5.4977789373,2.9222264616));
#749=CARTESIAN_POINT('',(2.9805472441,-5.5358250858,2.5291024136));
#750=CARTESIAN_POINT('',(2.8884290373,-5.600582449,1.9423936127));
#751=CARTESIAN_POINT('',(2.8543380039,-5.6236240974,1.7458209386));
#752=CARTESIAN_POINT('',(2.77306784,-5.6749697752,1.3566923897));
#753=CARTESIAN_POINT('',(2.7279953958,-5.7025237343,1.1613218968));
#754=CARTESIAN_POINT('',(2.6297451677,-5.7553409122,0.8963576581));
#755=CARTESIAN_POINT('',(2.5967988407,-5.7726363029,0.8167762187));
#756=CARTESIAN_POINT('',(2.5312970983,-5.803803513,0.7291785604));
#757=CARTESIAN_POINT('',(2.5140817696,-5.8118270263,0.7098391898));
#758=CARTESIAN_POINT('',(2.4822734583,-5.8260931719,0.6863231996));
#759=CARTESIAN_POINT('',(2.4695817771,-5.8316841209,0.679155423));
#760=CARTESIAN_POINT('',(2.4455509905,-5.8420068282,0.6713335808));
#761=CARTESIAN_POINT('',(2.4343138923,-5.8467470449,0.6695711921));
#762=CARTESIAN_POINT('',(2.4121787331,-5.8558976221,0.6701750363));
#763=CARTESIAN_POINT('',(2.4010312883,-5.8604121177,0.6725252604));
#764=CARTESIAN_POINT('',(2.3771729197,-5.8698984099,0.6813894173));
#765=CARTESIAN_POINT('',(2.3645678217,-5.8747790382,0.6889341577));
#766=CARTESIAN_POINT('',(2.3355122104,-5.8858139485,0.711016796));
#767=CARTESIAN_POINT('',(2.3200834294,-5.8914623988,0.7273453843));
#768=CARTESIAN_POINT('',(2.272154582,-5.9086169805,0.7866164534));
#769=CARTESIAN_POINT('',(2.2457908163,-5.9173435674,0.8346859775));
#770=CARTESIAN_POINT('',(2.1798484527,-5.9384401814,0.9708868435));
#771=CARTESIAN_POINT('',(2.1466462061,-5.9479955741,1.0627689378));
#772=CARTESIAN_POINT('',(2.0627603513,-5.9709599232,1.3207794982));
#773=CARTESIAN_POINT('',(2.0197932298,-5.9810457014,1.4897465631));
#774=CARTESIAN_POINT('',(1.9113632323,-6.0045180689,1.9601092798));
#775=CARTESIAN_POINT('',(1.8552114516,-6.0139622729,2.2638220491));
#776=CARTESIAN_POINT('',(1.7140722161,-6.0343390049,3.1033628049));
#777=CARTESIAN_POINT('',(1.6406646259,-6.0404677112,3.6412055649));
#778=CARTESIAN_POINT('',(1.4564746269,-6.0502207926,5.120006512));
#779=CARTESIAN_POINT('',(1.3600006179,-6.0479876044,6.0627487576));
#780=CARTESIAN_POINT('',(1.1512826933,-6.0347241737,8.3018223702));
#781=CARTESIAN_POINT('',(1.0479442901,-6.0201592093,9.5990653347));
#782=CARTESIAN_POINT('',(0.8597900812,-5.9843636099,12.1943636712));
#783=CARTESIAN_POINT('',(0.7754401385,-5.9629350191,13.4925694591));
#784=CARTESIAN_POINT('',(0.6958856586,-5.9387399038,14.8251361132));
#785=CARTESIAN_POINT('',(0.6938556553,-5.9381195141,14.8592204681));
#786=CARTESIAN_POINT('',(0.6918305336,-5.937497627,14.8933039572));
#787=B_SPLINE_CURVE_WITH_KNOTS('',3,(#739,#740,#741,#742,#743,#744,#745,#746,#747,#748,
    #749,#750,#751,#752,#753,#754,#755,#756,#757,#758,
    #759,#760,#761,#762,#763,#764,#765,#766,#767,#768,
    #769,#770,#771,#772,#773,#774,#775,#776,#777,#778,
    #779,#780,#781,#782,#783,#784,#785,#786),.UNSPECIFIED.,.F.,.U.,
 (4,2,2,2,2,2,2,2,2,2,2,2,2,2,2,2,2,2,2,2,
  2,2,2,4),
 (0.0,0.1146432032,0.2793560426,0.361860343,0.4031124932,0.4443646433,0.4651368362,0.485909029,0.4947210821,0.4973777833,0.4988642365,0.5000143925,0.501161677,0.5026434525,0.5049253914,0.5105108597,0.5205812344,0.5386349739,0.5706889329,0.6270957415,
  0.7256472806,0.8610483268,0.9964460338,1.0),.UNSPECIFIED.);
#788=EDGE_CURVE('n° 828',#729,#738,#787,.T.);
#789=ORIENTED_EDGE('',*,*,#788,.T.);
#790=CARTESIAN_POINT('',(0.0,0.0,14.8933039592));
#791=DIRECTION('',(-0.0,-0.0,-1.0));
#792=DIRECTION('',(1.0,0.0,-0.0));
#793=AXIS2_PLACEMENT_3D('',#790,#791,#792);
#794=CIRCLE('',#793,5.977667401);
#795=EDGE_CURVE('n° 842',#738,#302,#794,.T.);
#796=ORIENTED_EDGE('',*,*,#795,.T.);
#797=EDGE_LOOP('',(
    #355,#364,#417,#426,#479,#488,#541,#550,#603,#612,
    #665,#674,#727,#736,#789,#796));
#798=FACE_BOUND('',#797,.T.);
#799=CARTESIAN_POINT('',(-0.862556369,-6.1910584524,3.9657359469));
#800=VERTEX_POINT('',#799);
#801=CARTESIAN_POINT('',(-0.862556369,-6.1910584524,3.9657359469));
#802=CARTESIAN_POINT('',(-0.7695586034,-6.2064421805,3.8695843571));
#803=CARTESIAN_POINT('',(-0.658732403,-6.2216828157,3.7880409799));
#804=CARTESIAN_POINT('',(-0.4189848352,-6.2454327937,3.6675417192));
#805=CARTESIAN_POINT('',(-0.2866652893,-6.2541851935,3.6269865784));
#806=CARTESIAN_POINT('',(-0.0214983839,-6.2615250695,3.5928791506));
#807=CARTESIAN_POINT('',(0.1149619915,-6.2603384064,3.5981818811));
#808=CARTESIAN_POINT('',(0.373286774,-6.2488821339,3.6520064433));
#809=CARTESIAN_POINT('',(0.498777639,-6.2385985682,3.7007622249));
#810=CARTESIAN_POINT('',(0.7253803317,-6.2129787585,3.834912116));
#811=CARTESIAN_POINT('',(0.8292489671,-6.1973056454,3.9225878549));
#812=CARTESIAN_POINT('',(1.0020887844,-6.166581425,4.1262164283));
#813=CARTESIAN_POINT('',(1.072773368,-6.1512130353,4.245545682));
#814=CARTESIAN_POINT('',(1.1691341759,-6.1272071679,4.4978035012));
#815=CARTESIAN_POINT('',(1.1961872159,-6.1183077595,4.6342881166));
#816=CARTESIAN_POINT('',(1.2029798972,-6.1101434256,4.9024394654));
#817=CARTESIAN_POINT('',(1.1836765958,-6.1105972232,5.0378273514));
#818=CARTESIAN_POINT('',(1.1032707007,-6.1192149925,5.2900963841));
#819=CARTESIAN_POINT('',(1.0414286136,-6.1273677025,5.4105345331));
#820=CARTESIAN_POINT('',(0.8833227738,-6.1467944899,5.6231093846));
#821=CARTESIAN_POINT('',(0.78447075,-6.158278125,5.7178049911));
#822=CARTESIAN_POINT('',(0.5627944297,-6.1787214473,5.8683668543));
#823=CARTESIAN_POINT('',(0.436591725,-6.1878455806,5.9258806989));
#824=CARTESIAN_POINT('',(0.176479638,-6.1989827157,5.9944952207));
#825=CARTESIAN_POINT('',(0.0390100228,-6.2011482413,6.006842882));
#826=CARTESIAN_POINT('',(-0.2269104171,-6.1976122973,5.9857907568));
#827=CARTESIAN_POINT('',(-0.3590683773,-6.191973151,5.9526471775));
#828=CARTESIAN_POINT('',(-0.602130642,-6.1757538829,5.8464655231));
#829=CARTESIAN_POINT('',(-0.716289947,-6.1650058471,5.7718709954));
#830=CARTESIAN_POINT('',(-0.9125303115,-6.1436234346,5.5907824959));
#831=CARTESIAN_POINT('',(-0.9969191937,-6.1327913166,5.4813618518));
#832=CARTESIAN_POINT('',(-1.123054001,-6.1169925663,5.2436775492));
#833=CARTESIAN_POINT('',(-1.1665275015,-6.1119033779,5.1120509371));
#834=CARTESIAN_POINT('',(-1.2063881089,-6.1109012658,4.847498069));
#835=CARTESIAN_POINT('',(-1.2040110628,-6.1148693934,4.7109933056));
#836=CARTESIAN_POINT('',(-1.1557088991,-6.1307922455,4.4511456574));
#837=CARTESIAN_POINT('',(-1.1094413601,-6.1428609051,4.3242129122));
#838=CARTESIAN_POINT('',(-0.9948976044,-6.167443799,4.1213890413));
#839=CARTESIAN_POINT('',(-0.9331572619,-6.179379624,4.038731121));
#840=CARTESIAN_POINT('',(-0.862556369,-6.1910584524,3.9657359469));
#841=B_SPLINE_CURVE_WITH_KNOTS('',3,(#801,#802,#803,#804,#805,#806,#807,#808,#809,#810,
    #811,#812,#813,#814,#815,#816,#817,#818,#819,#820,
    #821,#822,#823,#824,#825,#826,#827,#828,#829,#830,
    #831,#832,#833,#834,#835,#836,#837,#838,#839,#840),.UNSPECIFIED.,.T.,.U.,
 (4,2,2,2,2,2,2,2,2,2,2,2,2,2,2,2,2,2,2,4),
 (0.0,0.0536906269,0.107412005,0.1603358215,0.2127289925,0.2658348166,0.3199329282,0.3739349099,0.4269407381,0.4795677187,0.5328620632,0.5867308746,0.6402202152,0.6931063948,0.7461820236,0.7999227975,0.8536609068,0.9066033312,0.9592398143,1.0),.UNSPECIFIED.);
#842=EDGE_CURVE('n° 700',#800,#800,#841,.T.);
#843=ORIENTED_EDGE('',*,*,#842,.F.);
#844=EDGE_LOOP('',(#843));
#845=FACE_BOUND('',#844,.T.);
#846=CARTESIAN_POINT('',(0.0,0.0,16.0));
#847=DIRECTION('',(-0.0,-0.0,-1.0));
#848=DIRECTION('',(-1.0,0.0,0.0));
#849=AXIS2_PLACEMENT_3D('',#846,#847,#848);
#850=CONICAL_SURFACE('',#849,5.95,0.0249947936);
#851=ADVANCED_FACE('n° 83',(#300,#798,#845),#850,.T.);
#852=CARTESIAN_POINT('',(6.2474687549,0.0,0.0));
#853=VERTEX_POINT('',#852);
#854=CARTESIAN_POINT('',(0.0,0.0,0.0));
#855=DIRECTION('',(-0.0,-0.0,-1.0));
#856=DIRECTION('',(1.0,0.0,-0.0));
#857=AXIS2_PLACEMENT_3D('',#854,#855,#856);
#858=CIRCLE('',#857,6.2474687549);
#859=EDGE_CURVE('n° 1639',#853,#853,#858,.T.);
#860=ORIENTED_EDGE('',*,*,#859,.T.);
#861=EDGE_LOOP('',(#860));
#862=FACE_OUTER_BOUND('',#861,.T.);
#863=CARTESIAN_POINT('',(3.275,0.0,0.0));
#864=VERTEX_POINT('',#863);
#865=CARTESIAN_POINT('',(0.0,0.0,0.0));
#866=DIRECTION('',(0.0,0.0,1.0));
#867=DIRECTION('',(1.0,0.0,-0.0));
#868=AXIS2_PLACEMENT_3D('',#865,#866,#867);
#869=CIRCLE('',#868,3.275);
#870=EDGE_CURVE('n° 1633',#864,#864,#869,.T.);
#871=ORIENTED_EDGE('',*,*,#870,.T.);
#872=EDGE_LOOP('',(#871));
#873=FACE_BOUND('',#872,.T.);
#874=CARTESIAN_POINT('',(0.0,0.0,0.0));
#875=DIRECTION('',(0.0,0.0,1.0));
#876=DIRECTION('',(1.0,0.0,-0.0));
#877=AXIS2_PLACEMENT_3D('',#874,#875,#876);
#878=PLANE('',#877);
#879=ADVANCED_FACE('n° 44',(#862,#873),#878,.F.);
#880=CARTESIAN_POINT('',(4.383192866,-3.4683409735,15.368191887));
#881=VERTEX_POINT('',#880);
#882=CARTESIAN_POINT('',(5.5518746164,-0.6468825652,15.368191887));
#883=VERTEX_POINT('',#882);
#884=CARTESIAN_POINT('',(4.3831928658,-3.4683409738,15.368191887));
#885=CARTESIAN_POINT('',(4.3087544728,-3.3198376222,15.4026613838));
#886=CARTESIAN_POINT('',(4.2518837919,-3.1599574868,15.4337928276));
#887=CARTESIAN_POINT('',(4.1677935798,-2.7864988255,15.4939352689));
#888=CARTESIAN_POINT('',(4.153147551,-2.5647194106,15.520591169));
#889=CARTESIAN_POINT('',(4.1981259315,-2.1326676755,15.5542375438));
#890=CARTESIAN_POINT('',(4.2568786635,-1.9166644633,15.5619193253));
#891=CARTESIAN_POINT('',(4.4093625059,-1.5831453553,15.5582711922));
#892=CARTESIAN_POINT('',(4.4874878973,-1.4541264182,15.5521072968));
#893=CARTESIAN_POINT('',(4.7218648404,-1.149596977,15.5250131401));
#894=CARTESIAN_POINT('',(4.9010558782,-0.9865583563,15.4969885121));
#895=CARTESIAN_POINT('',(5.2399475333,-0.7717825423,15.4340216094));
#896=CARTESIAN_POINT('',(5.3940614223,-0.6991917964,15.402701659));
#897=CARTESIAN_POINT('',(5.5518746158,-0.6468825636,15.3681918871));
#898=B_SPLINE_CURVE_WITH_KNOTS('',3,(#884,#885,#886,#887,#888,#889,#890,#891,#892,#893,
    #894,#895,#896,#897),.UNSPECIFIED.,.F.,.U.,
 (4,2,2,2,2,2,4),(0.0,0.1462060697,0.3339473675,0.5216773937,0.6500018408,0.8536677081,1.0),.UNSPECIFIED.);
#899=EDGE_CURVE('n° 1026',#881,#883,#898,.T.);
#900=ORIENTED_EDGE('',*,*,#899,.T.);
#901=CARTESIAN_POINT('',(5.5518728206,0.646897977,15.368191887));
#902=VERTEX_POINT('',#901);
#903=CARTESIAN_POINT('',(0.0,0.0,15.368191887));
#904=DIRECTION('',(0.0,0.0,1.0));
#905=DIRECTION('',(-1.0,0.0,0.0));
#906=AXIS2_PLACEMENT_3D('',#903,#904,#905);
#907=CIRCLE('',#906,5.5894336752);
#908=EDGE_CURVE('n° 1030',#883,#902,#907,.T.);
#909=ORIENTED_EDGE('',*,*,#908,.T.);
#910=CARTESIAN_POINT('',(4.383183238,3.468353141,15.368191887));
#911=VERTEX_POINT('',#910);
#912=CARTESIAN_POINT('',(5.5518728206,0.646897977,15.368191887));
#913=CARTESIAN_POINT('',(5.3372842659,0.718187867,15.4151126537));
#914=CARTESIAN_POINT('',(5.1305141844,0.8275429458,15.4558757535));
#915=CARTESIAN_POINT('',(4.7650083543,1.1070230896,15.5186092011));
#916=CARTESIAN_POINT('',(4.6026696718,1.2837799134,15.5409566872));
#917=CARTESIAN_POINT('',(4.4021224031,1.5993582258,15.5584719248));
#918=CARTESIAN_POINT('',(4.3384950326,1.7268868337,15.5611538782));
#919=CARTESIAN_POINT('',(4.2130913542,2.0635425538,15.5575800574));
#920=CARTESIAN_POINT('',(4.1715186889,2.2840610399,15.5451741565));
#921=CARTESIAN_POINT('',(4.1604106926,2.7183170104,15.5028378806));
#922=CARTESIAN_POINT('',(4.1906891505,2.9380306571,15.4723490518));
#923=CARTESIAN_POINT('',(4.2871939827,3.2551697224,15.4148451326));
#924=CARTESIAN_POINT('',(4.3311746817,3.3647725365,15.3922500864));
#925=CARTESIAN_POINT('',(4.383183238,3.4683531411,15.368191887));
#926=B_SPLINE_CURVE_WITH_KNOTS('',3,(#912,#913,#914,#915,#916,#917,#918,#919,#920,#921,
    #922,#923,#924,#925),.UNSPECIFIED.,.F.,.U.,
 (4,2,2,2,2,2,4),(0.0,0.1990686855,0.4002880222,0.5217338884,0.7099810444,0.8979604356,1.0),.UNSPECIFIED.);
#927=EDGE_CURVE('n° 963',#902,#911,#926,.T.);
#928=ORIENTED_EDGE('',*,*,#927,.T.);
#929=CARTESIAN_POINT('',(3.4683409735,4.383192866,15.368191887));
#930=VERTEX_POINT('',#929);
#931=CARTESIAN_POINT('',(0.0,0.0,15.368191887));
#932=DIRECTION('',(0.0,0.0,1.0));
#933=DIRECTION('',(-1.0,0.0,0.0));
#934=AXIS2_PLACEMENT_3D('',#931,#932,#933);
#935=CIRCLE('',#934,5.5894336752);
#936=EDGE_CURVE('n° 968',#911,#930,#935,.T.);
#937=ORIENTED_EDGE('',*,*,#936,.T.);
#938=CARTESIAN_POINT('',(0.6468825652,5.5518746164,15.368191887));
#939=VERTEX_POINT('',#938);
#940=CARTESIAN_POINT('',(3.4683409738,4.3831928658,15.368191887));
#941=CARTESIAN_POINT('',(3.3198376222,4.3087544728,15.4026613838));
#942=CARTESIAN_POINT('',(3.1599574868,4.2518837919,15.4337928276));
#943=CARTESIAN_POINT('',(2.7864988255,4.1677935798,15.4939352689));
#944=CARTESIAN_POINT('',(2.5647194106,4.153147551,15.520591169));
#945=CARTESIAN_POINT('',(2.1326676755,4.1981259315,15.5542375438));
#946=CARTESIAN_POINT('',(1.9166644633,4.2568786635,15.5619193253));
#947=CARTESIAN_POINT('',(1.5831453553,4.4093625059,15.5582711922));
#948=CARTESIAN_POINT('',(1.4541264182,4.4874878973,15.5521072968));
#949=CARTESIAN_POINT('',(1.149596977,4.7218648404,15.5250131401));
#950=CARTESIAN_POINT('',(0.9865583563,4.9010558783,15.4969885121));
#951=CARTESIAN_POINT('',(0.7717825423,5.2399475333,15.4340216094));
#952=CARTESIAN_POINT('',(0.6991917964,5.3940614223,15.402701659));
#953=CARTESIAN_POINT('',(0.6468825636,5.5518746158,15.3681918871));
#954=B_SPLINE_CURVE_WITH_KNOTS('',3,(#940,#941,#942,#943,#944,#945,#946,#947,#948,#949,
    #950,#951,#952,#953),.UNSPECIFIED.,.F.,.U.,
 (4,2,2,2,2,2,4),(0.0,0.1462060697,0.3339473675,0.5216773937,0.6500018408,0.8536677081,1.0),.UNSPECIFIED.);
#955=EDGE_CURVE('n° 972',#930,#939,#954,.T.);
#956=ORIENTED_EDGE('',*,*,#955,.T.);
#957=CARTESIAN_POINT('',(-0.646897977,5.5518728206,15.368191887));
#958=VERTEX_POINT('',#957);
#959=CARTESIAN_POINT('',(0.0,0.0,15.368191887));
#960=DIRECTION('',(0.0,0.0,1.0));
#961=DIRECTION('',(-1.0,0.0,0.0));
#962=AXIS2_PLACEMENT_3D('',#959,#960,#961);
#963=CIRCLE('',#962,5.5894336752);
#964=EDGE_CURVE('n° 977',#939,#958,#963,.T.);
#965=ORIENTED_EDGE('',*,*,#964,.T.);
#966=CARTESIAN_POINT('',(-3.468353141,4.383183238,15.368191887));
#967=VERTEX_POINT('',#966);
#968=CARTESIAN_POINT('',(-0.646897977,5.5518728206,15.368191887));
#969=CARTESIAN_POINT('',(-0.718187867,5.3372842659,15.4151126537));
#970=CARTESIAN_POINT('',(-0.8275429458,5.1305141844,15.4558757535));
#971=CARTESIAN_POINT('',(-1.1070230896,4.7650083543,15.5186092011));
#972=CARTESIAN_POINT('',(-1.2837799134,4.6026696718,15.5409566872));
#973=CARTESIAN_POINT('',(-1.5993582258,4.4021224031,15.5584719248));
#974=CARTESIAN_POINT('',(-1.7268868337,4.3384950326,15.5611538782));
#975=CARTESIAN_POINT('',(-2.0635425538,4.2130913542,15.5575800574));
#976=CARTESIAN_POINT('',(-2.2840610399,4.1715186889,15.5451741565));
#977=CARTESIAN_POINT('',(-2.7183170104,4.1604106926,15.5028378806));
#978=CARTESIAN_POINT('',(-2.9380306571,4.1906891505,15.4723490518));
#979=CARTESIAN_POINT('',(-3.2551697224,4.2871939827,15.4148451326));
#980=CARTESIAN_POINT('',(-3.3647725365,4.3311746817,15.3922500864));
#981=CARTESIAN_POINT('',(-3.4683531411,4.383183238,15.368191887));
#982=B_SPLINE_CURVE_WITH_KNOTS('',3,(#968,#969,#970,#971,#972,#973,#974,#975,#976,#977,
    #978,#979,#980,#981),.UNSPECIFIED.,.F.,.U.,
 (4,2,2,2,2,2,4),(0.0,0.1990686855,0.4002880222,0.5217338884,0.7099810444,0.8979604356,1.0),.UNSPECIFIED.);
#983=EDGE_CURVE('n° 981',#958,#967,#982,.T.);
#984=ORIENTED_EDGE('',*,*,#983,.T.);
#985=CARTESIAN_POINT('',(-4.383192866,3.4683409735,15.368191887));
#986=VERTEX_POINT('',#985);
#987=CARTESIAN_POINT('',(0.0,0.0,15.368191887));
#988=DIRECTION('',(0.0,0.0,1.0));
#989=DIRECTION('',(-1.0,0.0,0.0));
#990=AXIS2_PLACEMENT_3D('',#987,#988,#989);
#991=CIRCLE('',#990,5.5894336752);
#992=EDGE_CURVE('n° 986',#967,#986,#991,.T.);
#993=ORIENTED_EDGE('',*,*,#992,.T.);
#994=CARTESIAN_POINT('',(-5.5518746164,0.6468825652,15.368191887));
#995=VERTEX_POINT('',#994);
#996=CARTESIAN_POINT('',(-4.3831928658,3.4683409738,15.368191887));
#997=CARTESIAN_POINT('',(-4.3087544728,3.3198376222,15.4026613838));
#998=CARTESIAN_POINT('',(-4.2518837919,3.1599574868,15.4337928276));
#999=CARTESIAN_POINT('',(-4.1677935798,2.7864988255,15.4939352689));
#1000=CARTESIAN_POINT('',(-4.1531475457,2.5647194101,15.52059117));
#1001=CARTESIAN_POINT('',(-4.1981259368,2.132667676,15.5542375428));
#1002=CARTESIAN_POINT('',(-4.2568786635,1.9166644633,15.5619193253));
#1003=CARTESIAN_POINT('',(-4.4093625059,1.5831453553,15.5582711922));
#1004=CARTESIAN_POINT('',(-4.4874878975,1.4541264184,15.5521072968));
#1005=CARTESIAN_POINT('',(-4.7218648401,1.1495969768,15.5250131401));
#1006=CARTESIAN_POINT('',(-4.9010558849,0.9865583674,15.4969885103));
#1007=CARTESIAN_POINT('',(-5.2399475285,0.7717825344,15.4340216107));
#1008=CARTESIAN_POINT('',(-5.3940614223,0.6991917964,15.402701659));
#1009=CARTESIAN_POINT('',(-5.5518746158,0.6468825636,15.3681918871));
#1010=B_SPLINE_CURVE_WITH_KNOTS('',3,(#996,#997,#998,#999,#1000,#1001,#1002,#1003,#1004,#1005,
    #1006,#1007,#1008,#1009),.UNSPECIFIED.,.F.,.U.,
 (4,2,2,2,2,2,4),(0.0,0.1462060697,0.3339473675,0.5216773937,0.6500018408,0.8536677081,1.0),.UNSPECIFIED.);
#1011=EDGE_CURVE('n° 990',#986,#995,#1010,.T.);
#1012=ORIENTED_EDGE('',*,*,#1011,.T.);
#1013=CARTESIAN_POINT('',(-5.5518728206,-0.646897977,15.368191887));
#1014=VERTEX_POINT('',#1013);
#1015=CARTESIAN_POINT('',(0.0,0.0,15.368191887));
#1016=DIRECTION('',(0.0,0.0,1.0));
#1017=DIRECTION('',(-1.0,0.0,0.0));
#1018=AXIS2_PLACEMENT_3D('',#1015,#1016,#1017);
#1019=CIRCLE('',#1018,5.5894336752);
#1020=EDGE_CURVE('n° 995',#995,#1014,#1019,.T.);
#1021=ORIENTED_EDGE('',*,*,#1020,.T.);
#1022=CARTESIAN_POINT('',(-4.383183238,-3.468353141,15.368191887));
#1023=VERTEX_POINT('',#1022);
#1024=CARTESIAN_POINT('',(-5.5518728206,-0.646897977,15.368191887));
#1025=CARTESIAN_POINT('',(-5.3372842659,-0.718187867,15.4151126537));
#1026=CARTESIAN_POINT('',(-5.1305141244,-0.8275428639,15.4558757688));
#1027=CARTESIAN_POINT('',(-4.7650084149,-1.1070231724,15.5186091857));
#1028=CARTESIAN_POINT('',(-4.6026696647,-1.2837799087,15.5409566888));
#1029=CARTESIAN_POINT('',(-4.4021224075,-1.5993582286,15.5584719239));
#1030=CARTESIAN_POINT('',(-4.3384950326,-1.7268868337,15.5611538782));
#1031=CARTESIAN_POINT('',(-4.2130913542,-2.0635425538,15.5575800574));
#1032=CARTESIAN_POINT('',(-4.1715186887,-2.2840610399,15.5451741565));
#1033=CARTESIAN_POINT('',(-4.1604106928,-2.7183170104,15.5028378806));
#1034=CARTESIAN_POINT('',(-4.1906891438,-2.9380306593,15.4723490527));
#1035=CARTESIAN_POINT('',(-4.2871939863,-3.2551697213,15.4148451322));
#1036=CARTESIAN_POINT('',(-4.3311746817,-3.3647725365,15.3922500864));
#1037=CARTESIAN_POINT('',(-4.383183238,-3.4683531411,15.368191887));
#1038=B_SPLINE_CURVE_WITH_KNOTS('',3,(#1024,#1025,#1026,#1027,#1028,#1029,#1030,#1031,#1032,#1033,
    #1034,#1035,#1036,#1037),.UNSPECIFIED.,.F.,.U.,
 (4,2,2,2,2,2,4),(0.0,0.1990686855,0.4002880222,0.5217338884,0.7099810444,0.8979604356,1.0),.UNSPECIFIED.);
#1039=EDGE_CURVE('n° 999',#1014,#1023,#1038,.T.);
#1040=ORIENTED_EDGE('',*,*,#1039,.T.);
#1041=CARTESIAN_POINT('',(-3.4683409735,-4.383192866,15.368191887));
#1042=VERTEX_POINT('',#1041);
#1043=CARTESIAN_POINT('',(0.0,0.0,15.368191887));
#1044=DIRECTION('',(0.0,0.0,1.0));
#1045=DIRECTION('',(-1.0,0.0,0.0));
#1046=AXIS2_PLACEMENT_3D('',#1043,#1044,#1045);
#1047=CIRCLE('',#1046,5.5894336752);
#1048=EDGE_CURVE('n° 1004',#1023,#1042,#1047,.T.);
#1049=ORIENTED_EDGE('',*,*,#1048,.T.);
#1050=CARTESIAN_POINT('',(-0.6468825652,-5.5518746164,15.368191887));
#1051=VERTEX_POINT('',#1050);
#1052=CARTESIAN_POINT('',(-3.4683409738,-4.3831928658,15.368191887));
#1053=CARTESIAN_POINT('',(-3.3198376222,-4.3087544728,15.4026613838));
#1054=CARTESIAN_POINT('',(-3.1599574868,-4.2518837919,15.4337928276));
#1055=CARTESIAN_POINT('',(-2.7864988255,-4.1677935798,15.4939352689));
#1056=CARTESIAN_POINT('',(-2.5647194106,-4.153147551,15.520591169));
#1057=CARTESIAN_POINT('',(-2.1326676755,-4.1981259315,15.5542375438));
#1058=CARTESIAN_POINT('',(-1.9166644633,-4.2568786635,15.5619193253));
#1059=CARTESIAN_POINT('',(-1.5831453553,-4.4093625059,15.5582711922));
#1060=CARTESIAN_POINT('',(-1.4541264182,-4.4874878973,15.5521072968));
#1061=CARTESIAN_POINT('',(-1.149596977,-4.7218648404,15.5250131401));
#1062=CARTESIAN_POINT('',(-0.9865583563,-4.9010558783,15.4969885121));
#1063=CARTESIAN_POINT('',(-0.7717825423,-5.2399475333,15.4340216094));
#1064=CARTESIAN_POINT('',(-0.6991917964,-5.3940614223,15.402701659));
#1065=CARTESIAN_POINT('',(-0.6468825636,-5.5518746158,15.3681918871));
#1066=B_SPLINE_CURVE_WITH_KNOTS('',3,(#1052,#1053,#1054,#1055,#1056,#1057,#1058,#1059,#1060,#1061,
    #1062,#1063,#1064,#1065),.UNSPECIFIED.,.F.,.U.,
 (4,2,2,2,2,2,4),(0.0,0.1462060697,0.3339473675,0.5216773937,0.6500018408,0.8536677081,1.0),.UNSPECIFIED.);
#1067=EDGE_CURVE('n° 1008',#1042,#1051,#1066,.T.);
#1068=ORIENTED_EDGE('',*,*,#1067,.T.);
#1069=CARTESIAN_POINT('',(0.646897977,-5.5518728206,15.368191887));
#1070=VERTEX_POINT('',#1069);
#1071=CARTESIAN_POINT('',(0.0,0.0,15.368191887));
#1072=DIRECTION('',(0.0,0.0,1.0));
#1073=DIRECTION('',(-1.0,0.0,0.0));
#1074=AXIS2_PLACEMENT_3D('',#1071,#1072,#1073);
#1075=CIRCLE('',#1074,5.5894336752);
#1076=EDGE_CURVE('n° 1013',#1051,#1070,#1075,.T.);
#1077=ORIENTED_EDGE('',*,*,#1076,.T.);
#1078=CARTESIAN_POINT('',(3.468353141,-4.383183238,15.368191887));
#1079=VERTEX_POINT('',#1078);
#1080=CARTESIAN_POINT('',(0.646897977,-5.5518728206,15.368191887));
#1081=CARTESIAN_POINT('',(0.718187867,-5.3372842659,15.4151126537));
#1082=CARTESIAN_POINT('',(0.8275428639,-5.1305141244,15.4558757688));
#1083=CARTESIAN_POINT('',(1.1070231724,-4.7650084149,15.5186091857));
#1084=CARTESIAN_POINT('',(1.2837799087,-4.6026696647,15.5409566888));
#1085=CARTESIAN_POINT('',(1.5993582286,-4.4021224075,15.5584719239));
#1086=CARTESIAN_POINT('',(1.7268868337,-4.3384950326,15.5611538782));
#1087=CARTESIAN_POINT('',(2.0635425538,-4.2130913542,15.5575800574));
#1088=CARTESIAN_POINT('',(2.2840610399,-4.1715186887,15.5451741565));
#1089=CARTESIAN_POINT('',(2.7183170104,-4.1604106928,15.5028378806));
#1090=CARTESIAN_POINT('',(2.9380306593,-4.1906891438,15.4723490527));
#1091=CARTESIAN_POINT('',(3.2551697213,-4.2871939863,15.4148451322));
#1092=CARTESIAN_POINT('',(3.3647725365,-4.3311746817,15.3922500864));
#1093=CARTESIAN_POINT('',(3.4683531411,-4.383183238,15.368191887));
#1094=B_SPLINE_CURVE_WITH_KNOTS('',3,(#1080,#1081,#1082,#1083,#1084,#1085,#1086,#1087,#1088,#1089,
    #1090,#1091,#1092,#1093),.UNSPECIFIED.,.F.,.U.,
 (4,2,2,2,2,2,4),(0.0,0.1990686855,0.4002880222,0.5217338884,0.7099810444,0.8979604356,1.0),.UNSPECIFIED.);
#1095=EDGE_CURVE('n° 1017',#1070,#1079,#1094,.T.);
#1096=ORIENTED_EDGE('',*,*,#1095,.T.);
#1097=CARTESIAN_POINT('',(0.0,0.0,15.368191887));
#1098=DIRECTION('',(0.0,0.0,1.0));
#1099=DIRECTION('',(-1.0,0.0,0.0));
#1100=AXIS2_PLACEMENT_3D('',#1097,#1098,#1099);
#1101=CIRCLE('',#1100,5.5894336752);
#1102=EDGE_CURVE('n° 1022',#1079,#881,#1101,.T.);
#1103=ORIENTED_EDGE('',*,*,#1102,.T.);
#1104=EDGE_LOOP('',(
    #900,#909,#928,#937,#956,#965,#984,#993,#1012,#1021,
    #1040,#1049,#1068,#1077,#1096,#1103));
#1105=FACE_OUTER_BOUND('',#1104,.T.);
#1106=CARTESIAN_POINT('',(0.0,0.0,16.0));
#1107=VERTEX_POINT('',#1106);
#1108=VERTEX_LOOP('',#1107);
#1109=FACE_BOUND('',#1108,.T.);
#1110=CARTESIAN_POINT('',(0.0,0.0,-9.04));
#1111=DIRECTION('',(-0.0,-0.0,1.0));
#1112=DIRECTION('',(0.0,-1.0,-0.0));
#1113=AXIS2_PLACEMENT_3D('',#1110,#1111,#1112);
#1114=SPHERICAL_SURFACE('',#1113,25.04);
#1115=ADVANCED_FACE('n° 101',(#1105,#1109),#1114,.T.);
#1116=CARTESIAN_POINT('',(1.1058643778,5.6037394604,14.9096542328));
#1117=VERTEX_POINT('',#1116);
#1118=CARTESIAN_POINT('',(3.180773382,4.7445640914,14.9096746653));
#1119=VERTEX_POINT('',#1118);
#1120=CARTESIAN_POINT('',(1.1058643762,5.6037394599,14.909654233));
#1121=CARTESIAN_POINT('',(1.1439361321,5.4868761403,14.9460734858));
#1122=CARTESIAN_POINT('',(1.1968360188,5.3730172522,14.9791504678));
#1123=CARTESIAN_POINT('',(1.3540880838,5.1222060704,15.0456227676));
#1124=CARTESIAN_POINT('',(1.4738680768,4.9896055552,15.0752117927));
#1125=CARTESIAN_POINT('',(1.6978273102,4.8163198925,15.1038170096));
#1126=CARTESIAN_POINT('',(1.7915646299,4.7593268477,15.1103508302));
#1127=CARTESIAN_POINT('',(2.0363896619,4.6472811605,15.1142041573));
#1128=CARTESIAN_POINT('',(2.1978771759,4.6035623671,15.1061007644));
#1129=CARTESIAN_POINT('',(2.5153132539,4.5714264053,15.070562368));
#1130=CARTESIAN_POINT('',(2.6768269199,4.5827995741,15.042352742));
#1131=CARTESIAN_POINT('',(2.9538423328,4.6465542416,14.9789358824));
#1132=CARTESIAN_POINT('',(3.0726914103,4.6896553339,14.9461429508));
#1133=CARTESIAN_POINT('',(3.1807733823,4.7445640911,14.9096746653));
#1134=B_SPLINE_CURVE_WITH_KNOTS('',3,(#1120,#1121,#1122,#1123,#1124,#1125,#1126,#1127,#1128,#1129,
    #1130,#1131,#1132,#1133),.UNSPECIFIED.,.F.,.U.,
 (4,2,2,2,2,2,4),(0.0,0.1463322919,0.3499981592,0.4783226063,0.6660526325,0.8537939303,1.0),.UNSPECIFIED.);
#1135=EDGE_CURVE('n° 879',#1117,#1119,#1134,.T.);
#1136=ORIENTED_EDGE('',*,*,#1135,.T.);
#1137=CARTESIAN_POINT('',(3.1807733869,4.7445640828,14.909674663));
#1138=CARTESIAN_POINT('',(3.1804245515,4.7465838545,14.8756279281));
#1139=CARTESIAN_POINT('',(3.1800722654,4.7486051218,14.8415802949));
#1140=CARTESIAN_POINT('',(3.1661628743,4.8276845015,13.5104479184));
#1141=CARTESIAN_POINT('',(3.1476873879,4.90675864,12.2135893378));
#1142=CARTESIAN_POINT('',(3.0969878565,5.0708243119,9.620929919));
#1143=CARTESIAN_POINT('',(3.0650665598,5.1556915716,8.3249785166));
#1144=CARTESIAN_POINT('',(2.989351015,5.311396345,6.0881321873));
#1145=CARTESIAN_POINT('',(2.9516068559,5.3795866682,5.1463271986));
#1146=CARTESIAN_POINT('',(2.870767,5.4961856572,3.6690156259));
#1147=CARTESIAN_POINT('',(2.8374541693,5.5404543137,3.1317244452));
#1148=CARTESIAN_POINT('',(2.766924523,5.6172138375,2.2930302028));
#1149=CARTESIAN_POINT('',(2.7377881707,5.6464589832,1.9896196507));
#1150=CARTESIAN_POINT('',(2.6775221056,5.697980718,1.5197200518));
#1151=CARTESIAN_POINT('',(2.6530359792,5.7176551244,1.350918316));
#1152=CARTESIAN_POINT('',(2.6028318484,5.7529900625,1.0931596618));
#1153=CARTESIAN_POINT('',(2.5826163981,5.7665383656,1.0013671457));
#1154=CARTESIAN_POINT('',(2.5409721609,5.7914520174,0.8652996191));
#1155=CARTESIAN_POINT('',(2.5241149201,5.8011381041,0.8172772592));
#1156=CARTESIAN_POINT('',(2.4925887947,5.8175257702,0.7580650121));
#1157=CARTESIAN_POINT('',(2.4823541727,5.8226815901,0.7417527258));
#1158=CARTESIAN_POINT('',(2.4628148013,5.8320121793,0.7196924615));
#1159=CARTESIAN_POINT('',(2.4542757892,5.8359710599,0.7121554725));
#1160=CARTESIAN_POINT('',(2.4379504621,5.8432262296,0.7033007533));
#1161=CARTESIAN_POINT('',(2.4302688281,5.8465373436,0.700953207));
#1162=CARTESIAN_POINT('',(2.4148952038,5.8529326658,0.7003507232));
#1163=CARTESIAN_POINT('',(2.4070294039,5.8560878832,0.7021117862));
#1164=CARTESIAN_POINT('',(2.3900900543,5.8626553639,0.7099268048));
#1165=CARTESIAN_POINT('',(2.3810552368,5.8659889878,0.7170879864));
#1166=CARTESIAN_POINT('',(2.3582532769,5.8740954567,0.7405818995));
#1167=CARTESIAN_POINT('',(2.345723711,5.8781869197,0.7599027057));
#1168=CARTESIAN_POINT('',(2.2976629164,5.8931199404,0.8474153045));
#1169=CARTESIAN_POINT('',(2.2725092838,5.8990211711,0.9269172942));
#1170=CARTESIAN_POINT('',(2.1968180931,5.9153107615,1.1916120293));
#1171=CARTESIAN_POINT('',(2.1600415391,5.9194343507,1.38677906));
#1172=CARTESIAN_POINT('',(2.0920206187,5.9256248154,1.7755179451));
#1173=CARTESIAN_POINT('',(2.0624267246,5.926796973,1.9718949014));
#1174=CARTESIAN_POINT('',(1.9807082851,5.9276018094,2.5580217592));
#1175=CARTESIAN_POINT('',(1.9347533288,5.9245543663,2.9507587937));
#1176=CARTESIAN_POINT('',(1.8501377732,5.9155423761,3.7356629978));
#1177=CARTESIAN_POINT('',(1.8117181212,5.9094210391,4.1288502505));
#1178=CARTESIAN_POINT('',(1.703439159,5.8881690636,5.3092902347));
#1179=CARTESIAN_POINT('',(1.6404044046,5.8701787622,6.0980974902));
#1180=CARTESIAN_POINT('',(1.466338635,5.8098913036,8.461469043));
#1181=CARTESIAN_POINT('',(1.3686753248,5.7628316704,10.0382408423));
#1182=CARTESIAN_POINT('',(1.2175663314,5.6777511197,12.713211749));
#1183=CARTESIAN_POINT('',(1.1600643595,5.6412594246,13.8113412815));
#1184=CARTESIAN_POINT('',(1.1058643778,5.6037394604,14.9096542328));
#1185=B_SPLINE_CURVE_WITH_KNOTS('',3,(#1137,#1138,#1139,#1140,#1141,#1142,#1143,#1144,#1145,#1146,
    #1147,#1148,#1149,#1150,#1151,#1152,#1153,#1154,#1155,#1156,
    #1157,#1158,#1159,#1160,#1161,#1162,#1163,#1164,#1165,#1166,
    #1167,#1168,#1169,#1170,#1171,#1172,#1173,#1174,#1175,#1176,
    #1177,#1178,#1179,#1180,#1181,#1182,#1183,#1184),.UNSPECIFIED.,.F.,.U.,
 (4,2,2,2,2,2,2,2,2,2,2,2,2,2,2,2,2,2,2,2,
  2,2,2,4),
 (0.0,0.0035539662,0.1389516732,0.2743527194,0.3729042585,0.4293110671,0.4613650261,0.4794187656,0.4894891403,0.4950746086,0.4973565475,0.498838323,0.4999856075,0.5011357635,0.5026222167,0.5052789179,0.514090971,0.5348631638,0.5556353567,0.5968875068,
  0.638139657,0.7206439574,0.8853567968,1.0),.UNSPECIFIED.);
#1186=EDGE_CURVE('n° 883',#1119,#1117,#1185,.T.);
#1187=ORIENTED_EDGE('',*,*,#1186,.T.);
#1188=EDGE_LOOP('',(#1136,#1187));
#1189=FACE_OUTER_BOUND('',#1188,.T.);
#1190=CARTESIAN_POINT('',(4.5161013616,7.1818965182,0.0));
#1191=CARTESIAN_POINT('',(3.9871758389,5.9769443018,16.0));
#1192=CARTESIAN_POINT('',(4.5252039162,7.3065646517,0.0));
#1193=CARTESIAN_POINT('',(3.9895318939,6.1019220958,16.0));
#1194=CARTESIAN_POINT('',(4.5203410809,7.4486961149,-0.0));
#1195=CARTESIAN_POINT('',(3.9769997635,6.2435834727,16.0));
#1196=CARTESIAN_POINT('',(4.453349401,7.7616052308,0.0));
#1197=CARTESIAN_POINT('',(3.8932059214,6.5524177196,16.0));
#1198=CARTESIAN_POINT('',(4.3904663725,7.9330395469,-0.0));
#1199=CARTESIAN_POINT('',(3.8211556609,6.7202055617,16.0));
#1200=CARTESIAN_POINT('',(4.174406096,8.2696668733,0.0));
#1201=CARTESIAN_POINT('',(3.587229797,7.04467234,16.0));
#1202=CARTESIAN_POINT('',(4.01947013,8.4341889412,-0.0));
#1203=CARTESIAN_POINT('',(3.4236342797,7.2005863261,16.0));
#1204=CARTESIAN_POINT('',(3.6214739356,8.6852911443,0.0));
#1205=CARTESIAN_POINT('',(3.0126571789,7.4298266144,16.0));
#1206=CARTESIAN_POINT('',(3.3786506819,8.7689396655,-0.0));
#1207=CARTESIAN_POINT('',(2.765670558,7.50023838,16.0));
#1208=CARTESIAN_POINT('',(2.8799781481,8.8053498838,0.0));
#1209=CARTESIAN_POINT('',(2.2657593819,7.5096625998,16.0));
#1210=CARTESIAN_POINT('',(2.6275798889,8.7578596071,-0.0));
#1211=CARTESIAN_POINT('',(2.0162944194,7.4486098346,16.0));
#1212=CARTESIAN_POINT('',(2.1973310444,8.5672311229,0.0));
#1213=CARTESIAN_POINT('',(1.5969692207,7.2350222298,16.0));
#1214=CARTESIAN_POINT('',(2.0201407498,8.4269590164,-0.0));
#1215=CARTESIAN_POINT('',(1.4276135159,7.0853849697,16.0));
#1216=CARTESIAN_POINT('',(1.7574753939,8.1252854995,0.0));
#1217=CARTESIAN_POINT('',(1.1816246506,6.7699654425,16.0));
#1218=CARTESIAN_POINT('',(1.6703577241,7.9648033771,-0.0));
#1219=CARTESIAN_POINT('',(1.1033016294,6.6050124057,16.0));
#1220=CARTESIAN_POINT('',(1.5586251679,7.6649436834,0.0));
#1221=CARTESIAN_POINT('',(1.0079273059,6.2995557993,16.0));
#1222=CARTESIAN_POINT('',(1.5331687132,7.5250259615,-0.0));
#1223=CARTESIAN_POINT('',(0.9900648368,6.1584674149,16.0));
#1224=CARTESIAN_POINT('',(1.514963604,7.2756896946,0.0));
#1225=CARTESIAN_POINT('',(0.9853527268,5.9085118268,16.0));
#1226=CARTESIAN_POINT('',(1.5198264393,7.1335582314,-0.0));
#1227=CARTESIAN_POINT('',(0.9978848572,5.7668504499,16.0));
#1228=CARTESIAN_POINT('',(1.5868181192,6.8206491155,0.0));
#1229=CARTESIAN_POINT('',(1.0816786993,5.4580162031,16.0));
#1230=CARTESIAN_POINT('',(1.6497011477,6.6492147994,-0.0));
#1231=CARTESIAN_POINT('',(1.1537289598,5.290228361,16.0));
#1232=CARTESIAN_POINT('',(1.8657614242,6.3125874729,0.0));
#1233=CARTESIAN_POINT('',(1.3876548237,4.9657615827,16.0));
#1234=CARTESIAN_POINT('',(2.0206973902,6.1480654051,-0.0));
#1235=CARTESIAN_POINT('',(1.551250341,4.8098475965,16.0));
#1236=CARTESIAN_POINT('',(2.4186935846,5.8969632019,0.0));
#1237=CARTESIAN_POINT('',(1.9622274418,4.5806073082,16.0));
#1238=CARTESIAN_POINT('',(2.6615168383,5.8133146808,-0.0));
#1239=CARTESIAN_POINT('',(2.2092140627,4.5101955427,16.0));
#1240=CARTESIAN_POINT('',(3.1601893721,5.7769044625,0.0));
#1241=CARTESIAN_POINT('',(2.7091252389,4.5007713228,16.0));
#1242=CARTESIAN_POINT('',(3.4125876313,5.8243947392,-0.0));
#1243=CARTESIAN_POINT('',(2.9585902013,4.561824088,16.0));
#1244=CARTESIAN_POINT('',(3.8428364758,6.0150232234,0.0));
#1245=CARTESIAN_POINT('',(3.3779154,4.7754116928,16.0));
#1246=CARTESIAN_POINT('',(4.0200267704,6.1552953299,-0.0));
#1247=CARTESIAN_POINT('',(3.5472711048,4.9250489529,16.0));
#1248=CARTESIAN_POINT('',(4.2826921263,6.4569688467,0.0));
#1249=CARTESIAN_POINT('',(3.7932599701,5.2404684801,16.0));
#1250=CARTESIAN_POINT('',(4.3698097961,6.6174509692,-0.0));
#1251=CARTESIAN_POINT('',(3.8715829914,5.4054215169,16.0));
#1252=CARTESIAN_POINT('',(4.4815423523,6.9173106628,0.0));
#1253=CARTESIAN_POINT('',(3.9669573148,5.7108781234,16.0));
#1254=CARTESIAN_POINT('',(4.506998807,7.0572283848,-0.0));
#1255=CARTESIAN_POINT('',(3.984819784,5.8519665077,16.0));
#1256=CARTESIAN_POINT('',(4.5161013616,7.1818965182,0.0));
#1257=CARTESIAN_POINT('',(3.9871758389,5.9769443018,16.0));
#1258=B_SPLINE_SURFACE_WITH_KNOTS('',3,1,((#1190,#1191),(#1192,#1193),(#1194,#1195),(#1196,#1197),(#1198,#1199),(#1200,#1201),(#1202,#1203),(#1204,#1205),(#1206,#1207),(#1208,#1209),(#1210,#1211),
    (#1212,#1213),(#1214,#1215),(#1216,#1217),(#1218,#1219),(#1220,#1221),(#1222,#1223),(#1224,#1225),(#1226,#1227),(#1228,#1229),(#1230,#1231),(#1232,#1233),(#1234,#1235),(#1236,#1237),(#1238,#1239),(#1240,#1241),(#1242,#1243),(#1244,#1245),(#1246,#1247),(#1248,#1249),
    (#1250,#1251),(#1252,#1253),(#1254,#1255),(#1256,#1257)),.UNSPECIFIED.,.T.,.F.,.U.,
 (4,2,2,2,2,2,2,2,2,2,2,2,2,2,2,2,4),(2,2),(0.0,0.0625,0.125,0.1875,0.25,0.3125,0.375,0.4375,0.5,0.5625,
    0.625,0.6875,0.75,0.8125,0.875,0.9375,1.0),(0.0,1.0),.UNSPECIFIED.);
#1259=ADVANCED_FACE('n° 168',(#1189),#1258,.F.);
#1260=CARTESIAN_POINT('',(-3.1804779718,4.7444063731,14.9096542328));
#1261=VERTEX_POINT('',#1260);
#1262=CARTESIAN_POINT('',(-1.105767015,5.6040598706,14.9096746653));
#1263=VERTEX_POINT('',#1262);
#1264=CARTESIAN_POINT('',(-3.1804779719,4.7444063731,14.909654233));
#1265=CARTESIAN_POINT('',(-3.10410217,4.7055657888,14.9350436112));
#1266=CARTESIAN_POINT('',(-3.0233822173,4.6726893371,14.9588985389));
#1267=CARTESIAN_POINT('',(-2.7898858561,4.6003357151,15.0196157701));
#1268=CARTESIAN_POINT('',(-2.6284719508,4.5772827872,15.0518259293));
#1269=CARTESIAN_POINT('',(-2.3074984254,4.5844019227,15.0964890911));
#1270=CARTESIAN_POINT('',(-2.1463314009,4.6143925874,15.1096208217));
#1271=CARTESIAN_POINT('',(-1.8991259696,4.7063692429,15.1133956566));
#1272=CARTESIAN_POINT('',(-1.8043451261,4.7536911417,15.1105569208));
#1273=CARTESIAN_POINT('',(-1.5709919529,4.9025462361,15.0920749493));
#1274=CARTESIAN_POINT('',(-1.4433689477,5.0205873769,15.0684117503));
#1275=CARTESIAN_POINT('',(-1.2380023913,5.2916449269,15.0022013802));
#1276=CARTESIAN_POINT('',(-1.1569479337,5.4471760843,14.9593162347));
#1277=CARTESIAN_POINT('',(-1.105767015,5.6040598706,14.9096746653));
#1278=B_SPLINE_CURVE_WITH_KNOTS('',3,(#1264,#1265,#1266,#1267,#1268,#1269,#1270,#1271,#1272,#1273,
    #1274,#1275,#1276,#1277),.UNSPECIFIED.,.F.,.U.,
 (4,2,2,2,2,2,4),(0.0,0.1020395644,0.2900189556,0.4782661116,0.5997119778,0.8009313145,1.0),.UNSPECIFIED.);
#1279=EDGE_CURVE('n° 893',#1261,#1263,#1278,.T.);
#1280=ORIENTED_EDGE('',*,*,#1279,.T.);
#1281=CARTESIAN_POINT('',(-1.1057670054,5.604059868,14.909674663));
#1282=CARTESIAN_POINT('',(-1.1074418636,5.6052413984,14.8756279281));
#1283=CARTESIAN_POINT('',(-1.1091202192,5.6064215463,14.8415802949));
#1284=CARTESIAN_POINT('',(-1.1748732097,5.6525036872,13.5104479184));
#1285=CARTESIAN_POINT('',(-1.2438512109,5.695353405,12.2135893378));
#1286=CARTESIAN_POINT('',(-1.3957131426,5.7755153717,9.6209299191));
#1287=CARTESIAN_POINT('',(-1.4782951228,5.8129538212,8.3249785167));
#1288=CARTESIAN_POINT('',(-1.6419339991,5.8695147472,6.0881321873));
#1289=CARTESIAN_POINT('',(-1.7168409899,5.8910434362,5.1463271986));
#1290=CARTESIAN_POINT('',(-1.8564513359,5.9163289618,3.669015626));
#1291=CARTESIAN_POINT('',(-1.9113097317,5.9240759005,3.1317244452));
#1292=CARTESIAN_POINT('',(-2.0154589026,5.9284810891,2.2930302028));
#1293=CARTESIAN_POINT('',(-2.0567408558,5.9285580177,1.9896196507));
#1294=CARTESIAN_POINT('',(-2.1357867671,5.9223748424,1.5197200518));
#1295=CARTESIAN_POINT('',(-2.1670129793,5.9189724426,1.350918316));
#1296=CARTESIAN_POINT('',(-2.227498235,5.9084583356,1.0931596619));
#1297=CARTESIAN_POINT('',(-2.251372814,5.9037439506,1.0013671457));
#1298=CARTESIAN_POINT('',(-2.2984363486,5.8919136402,0.8652996191));
#1299=CARTESIAN_POINT('',(-2.3172053155,5.8868428685,0.8172772592));
#1300=CARTESIAN_POINT('',(-2.3510854824,5.8761383613,0.7580650121));
#1301=CARTESIAN_POINT('',(-2.3619681682,5.8725471059,0.7417527258));
#1302=CARTESIAN_POINT('',(-2.3823823131,5.8653284067,0.7196924615));
#1303=CARTESIAN_POINT('',(-2.3912196578,5.8620897647,0.7121554725));
#1304=CARTESIAN_POINT('',(-2.407893587,5.8556761949,0.7033007533));
#1305=CARTESIAN_POINT('',(-2.4156666337,5.8525857706,0.700953207));
#1306=CARTESIAN_POINT('',(-2.4310596034,5.8462371523,0.7003507232));
#1307=CARTESIAN_POINT('',(-2.4388526394,5.8429062675,0.7021117862));
#1308=CARTESIAN_POINT('',(-2.4554744785,5.8355722487,0.7099268048));
#1309=CARTESIAN_POINT('',(-2.4642202873,5.831540896,0.7170879864));
#1310=CARTESIAN_POINT('',(-2.4860758469,5.8211496146,0.7405818995));
#1311=CARTESIAN_POINT('',(-2.4978286892,5.8151829748,0.7599027057));
#1312=CARTESIAN_POINT('',(-2.5423720431,5.7917581013,0.8474153045));
#1313=CARTESIAN_POINT('',(-2.5643311475,5.7781445973,0.9269172942));
#1314=CARTESIAN_POINT('',(-2.6293713816,5.7361413229,1.1916120293));
#1315=CARTESIAN_POINT('',(-2.6582921503,5.7130521901,1.38677906));
#1316=CARTESIAN_POINT('',(-2.7107675239,5.6693314556,1.7755179451));
#1317=CARTESIAN_POINT('',(-2.7325224077,5.6492342531,1.9718949014));
#1318=CARTESIAN_POINT('',(-2.7908751756,5.5920196955,2.5580217592));
#1319=CARTESIAN_POINT('',(-2.8212153692,5.5573697667,2.9507587937));
#1320=CARTESIAN_POINT('',(-2.8746751629,5.4911650941,3.7356629978));
#1321=CARTESIAN_POINT('',(-2.8975135206,5.4596698587,4.1288502505));
#1322=CARTESIAN_POINT('',(-2.959050893,5.3680776543,5.3092902347));
#1323=CARTESIAN_POINT('',(-2.9909021312,5.3107842879,6.0980974902));
#1324=CARTESIAN_POINT('',(-3.0713555464,5.1450715311,8.461469043));
#1325=CARTESIAN_POINT('',(-3.1071377496,5.0427369564,10.0382408422));
#1326=CARTESIAN_POINT('',(-3.1538269091,4.8757257281,12.713211749));
#1327=CARTESIAN_POINT('',(-3.1686834184,4.8092621688,13.8113412815));
#1328=CARTESIAN_POINT('',(-3.1804779718,4.744406373,14.9096542328));
#1329=B_SPLINE_CURVE_WITH_KNOTS('',3,(#1281,#1282,#1283,#1284,#1285,#1286,#1287,#1288,#1289,#1290,
    #1291,#1292,#1293,#1294,#1295,#1296,#1297,#1298,#1299,#1300,
    #1301,#1302,#1303,#1304,#1305,#1306,#1307,#1308,#1309,#1310,
    #1311,#1312,#1313,#1314,#1315,#1316,#1317,#1318,#1319,#1320,
    #1321,#1322,#1323,#1324,#1325,#1326,#1327,#1328),.UNSPECIFIED.,.F.,.U.,
 (4,2,2,2,2,2,2,2,2,2,2,2,2,2,2,2,2,2,2,2,
  2,2,2,4),
 (0.0,0.0035539662,0.1389516732,0.2743527194,0.3729042585,0.4293110671,0.4613650261,0.4794187656,0.4894891403,0.4950746086,0.4973565475,0.498838323,0.4999856075,0.5011357635,0.5026222167,0.5052789179,0.514090971,0.5348631638,0.5556353567,0.5968875068,
  0.638139657,0.7206439574,0.8853567968,1.0),.UNSPECIFIED.);
#1330=EDGE_CURVE('n° 897',#1263,#1261,#1329,.T.);
#1331=ORIENTED_EDGE('',*,*,#1330,.T.);
#1332=EDGE_LOOP('',(#1280,#1331));
#1333=FACE_OUTER_BOUND('',#1332,.T.);
#1334=CARTESIAN_POINT('',(-1.8850018325,8.2717336271,0.0));
#1335=CARTESIAN_POINT('',(-1.406978773,7.04569692,16.0));
#1336=CARTESIAN_POINT('',(-1.966719037,8.3663237878,0.0));
#1337=CARTESIAN_POINT('',(-1.4936854363,7.1357355482,16.0));
#1338=CARTESIAN_POINT('',(-2.0706597023,8.4633873654,0.0));
#1339=CARTESIAN_POINT('',(-1.6027167109,7.227043714,16.0));
#1340=CARTESIAN_POINT('',(-2.3392901312,8.637277252,0.0));
#1341=CARTESIAN_POINT('',(-1.8803466951,7.3861713103,16.0));
#1342=CARTESIAN_POINT('',(-2.5049775145,8.7140346036,0.0));
#1343=CARTESIAN_POINT('',(-2.0499378438,7.4538680034,16.0));
#1344=CARTESIAN_POINT('',(-2.8957866664,8.7992883822,0.0));
#1345=CARTESIAN_POINT('',(-2.4447810677,7.517890098,16.0));
#1346=CARTESIAN_POINT('',(-3.1216776084,8.8060667798,0.0));
#1347=CARTESIAN_POINT('',(-2.6707084042,7.5124584352,16.0));
#1348=CARTESIAN_POINT('',(-3.580659487,8.7021970425,0.0));
#1349=CARTESIAN_POINT('',(-3.1234104615,7.3839511027,16.0));
#1350=CARTESIAN_POINT('',(-3.8115098928,8.5896435097,0.0));
#1351=CARTESIAN_POINT('',(-3.3478450129,7.2590938251,16.0));
#1352=CARTESIAN_POINT('',(-4.1898705354,8.2627746917,0.0));
#1353=CARTESIAN_POINT('',(-3.7079995253,6.9122671722,16.0));
#1354=CARTESIAN_POINT('',(-4.3347623593,8.0507214744,0.0));
#1355=CARTESIAN_POINT('',(-3.8412270676,6.6926979813,16.0));
#1356=CARTESIAN_POINT('',(-4.504199541,7.611694905,0.0));
#1357=CARTESIAN_POINT('',(-3.9867055154,6.2451610461,16.0));
#1358=CARTESIAN_POINT('',(-4.5303046421,7.3872150884,0.0));
#1359=CARTESIAN_POINT('',(-4.0006485614,6.0195989574,16.0));
#1360=CARTESIAN_POINT('',(-4.502721707,6.9881672446,0.0));
#1361=CARTESIAN_POINT('',(-3.9515536695,5.6226232761,16.0));
#1362=CARTESIAN_POINT('',(-4.450845205,6.8130877525,0.0));
#1363=CARTESIAN_POINT('',(-3.8902969981,5.4506011257,16.0));
#1364=CARTESIAN_POINT('',(-4.3178192304,6.5220480815,0.0));
#1365=CARTESIAN_POINT('',(-3.7417463912,5.1671708571,16.0));
#1366=CARTESIAN_POINT('',(-4.2368828922,6.4051108798,0.0));
#1367=CARTESIAN_POINT('',(-3.6546125109,5.0547756307,16.0));
#1368=CARTESIAN_POINT('',(-4.0734484832,6.2159305585,0.0));
#1369=CARTESIAN_POINT('',(-3.4811991845,4.8746983745,16.0));
#1370=CARTESIAN_POINT('',(-3.9695078179,6.1188669809,0.0));
#1371=CARTESIAN_POINT('',(-3.3721679099,4.7833902086,16.0));
#1372=CARTESIAN_POINT('',(-3.700877389,5.9449770943,0.0));
#1373=CARTESIAN_POINT('',(-3.0945379257,4.6242626124,16.0));
#1374=CARTESIAN_POINT('',(-3.5351900057,5.8682197427,0.0));
#1375=CARTESIAN_POINT('',(-2.9249467769,4.5565659192,16.0));
#1376=CARTESIAN_POINT('',(-3.1443808538,5.7829659641,0.0));
#1377=CARTESIAN_POINT('',(-2.5301035531,4.4925438247,16.0));
#1378=CARTESIAN_POINT('',(-2.9184899118,5.7761875665,0.0));
#1379=CARTESIAN_POINT('',(-2.3041762165,4.4979754874,16.0));
#1380=CARTESIAN_POINT('',(-2.4595080332,5.8800573038,0.0));
#1381=CARTESIAN_POINT('',(-1.8514741592,4.62648282,16.0));
#1382=CARTESIAN_POINT('',(-2.2286576274,5.9926108365,0.0));
#1383=CARTESIAN_POINT('',(-1.6270396079,4.7513400975,16.0));
#1384=CARTESIAN_POINT('',(-1.8502969848,6.3194796545,0.0));
#1385=CARTESIAN_POINT('',(-1.2668850954,5.0981667504,16.0));
#1386=CARTESIAN_POINT('',(-1.7054051609,6.5315328718,0.0));
#1387=CARTESIAN_POINT('',(-1.1336575531,5.3177359413,16.0));
#1388=CARTESIAN_POINT('',(-1.5359679792,6.9705594413,0.0));
#1389=CARTESIAN_POINT('',(-0.9881791053,5.7652728766,16.0));
#1390=CARTESIAN_POINT('',(-1.5098628781,7.1950392578,0.0));
#1391=CARTESIAN_POINT('',(-0.9742360593,5.9908349652,16.0));
#1392=CARTESIAN_POINT('',(-1.5374458132,7.5940871017,0.0));
#1393=CARTESIAN_POINT('',(-1.0233309512,6.3878106466,16.0));
#1394=CARTESIAN_POINT('',(-1.5893223152,7.7691665938,0.0));
#1395=CARTESIAN_POINT('',(-1.0845876226,6.5598327969,16.0));
#1396=CARTESIAN_POINT('',(-1.7223482898,8.0602062647,0.0));
#1397=CARTESIAN_POINT('',(-1.2331382296,6.8432630656,16.0));
#1398=CARTESIAN_POINT('',(-1.803284628,8.1771434665,0.0));
#1399=CARTESIAN_POINT('',(-1.3202721098,6.9556582919,16.0));
#1400=CARTESIAN_POINT('',(-1.8850018325,8.2717336271,0.0));
#1401=CARTESIAN_POINT('',(-1.406978773,7.04569692,16.0));
#1402=B_SPLINE_SURFACE_WITH_KNOTS('',3,1,((#1334,#1335),(#1336,#1337),(#1338,#1339),(#1340,#1341),(#1342,#1343),(#1344,#1345),(#1346,#1347),(#1348,#1349),(#1350,#1351),(#1352,#1353),(#1354,#1355),
    (#1356,#1357),(#1358,#1359),(#1360,#1361),(#1362,#1363),(#1364,#1365),(#1366,#1367),(#1368,#1369),(#1370,#1371),(#1372,#1373),(#1374,#1375),(#1376,#1377),(#1378,#1379),(#1380,#1381),(#1382,#1383),(#1384,#1385),(#1386,#1387),(#1388,#1389),(#1390,#1391),(#1392,#1393),
    (#1394,#1395),(#1396,#1397),(#1398,#1399),(#1400,#1401)),.UNSPECIFIED.,.T.,.F.,.U.,
 (4,2,2,2,2,2,2,2,2,2,2,2,2,2,2,2,4),(2,2),(0.0,0.0625,0.125,0.1875,0.25,0.3125,0.375,0.4375,0.5,0.5625,
    0.625,0.6875,0.75,0.8125,0.875,0.9375,1.0),(0.0,1.0),.UNSPECIFIED.);
#1403=ADVANCED_FACE('n° 235',(#1333),#1402,.F.);
#1404=CARTESIAN_POINT('',(-5.6037394604,1.1058643778,14.9096542328));
#1405=VERTEX_POINT('',#1404);
#1406=CARTESIAN_POINT('',(-4.7445640914,3.180773382,14.9096746653));
#1407=VERTEX_POINT('',#1406);
#1408=CARTESIAN_POINT('',(-5.6037394599,1.1058643762,14.909654233));
#1409=CARTESIAN_POINT('',(-5.4868761403,1.1439361321,14.9460734858));
#1410=CARTESIAN_POINT('',(-5.3730172719,1.1968359976,14.9791504705));
#1411=CARTESIAN_POINT('',(-5.1222060983,1.3540880771,15.0456227669));
#1412=CARTESIAN_POINT('',(-4.9896055554,1.4738680761,15.0752117928));
#1413=CARTESIAN_POINT('',(-4.8163198931,1.6978273098,15.1038170096));
#1414=CARTESIAN_POINT('',(-4.7593268477,1.7915646299,15.1103508302));
#1415=CARTESIAN_POINT('',(-4.6472811605,2.0363896619,15.1142041573));
#1416=CARTESIAN_POINT('',(-4.6035623697,2.1978771878,15.1061007636));
#1417=CARTESIAN_POINT('',(-4.5714264,2.5153132659,15.0705623693));
#1418=CARTESIAN_POINT('',(-4.5827995741,2.6768269199,15.042352742));
#1419=CARTESIAN_POINT('',(-4.6465542416,2.9538423328,14.9789358824));
#1420=CARTESIAN_POINT('',(-4.6896553339,3.0726914103,14.9461429508));
#1421=CARTESIAN_POINT('',(-4.7445640911,3.1807733823,14.9096746653));
#1422=B_SPLINE_CURVE_WITH_KNOTS('',3,(#1408,#1409,#1410,#1411,#1412,#1413,#1414,#1415,#1416,#1417,
    #1418,#1419,#1420,#1421),.UNSPECIFIED.,.F.,.U.,
 (4,2,2,2,2,2,4),(0.0,0.1463322919,0.3499981592,0.4783226063,0.6660526325,0.8537939303,1.0),.UNSPECIFIED.);
#1423=EDGE_CURVE('n° 907',#1405,#1407,#1422,.T.);
#1424=ORIENTED_EDGE('',*,*,#1423,.T.);
#1425=CARTESIAN_POINT('',(-4.7445640828,3.1807733869,14.909674663));
#1426=CARTESIAN_POINT('',(-4.7465838545,3.1804245515,14.8756279282));
#1427=CARTESIAN_POINT('',(-4.748605114,3.1800722491,14.841580294));
#1428=CARTESIAN_POINT('',(-4.8276844923,3.1661628604,13.5104479175));
#1429=CARTESIAN_POINT('',(-4.9067586228,3.147687295,12.2135893346));
#1430=CARTESIAN_POINT('',(-5.0708242778,3.0969877894,9.6209299136));
#1431=CARTESIAN_POINT('',(-5.1556915705,3.06506645,8.3249785154));
#1432=CARTESIAN_POINT('',(-5.3113963214,2.989350939,6.0881321816));
#1433=CARTESIAN_POINT('',(-5.3795866652,2.9516068816,5.1463271986));
#1434=CARTESIAN_POINT('',(-5.4961856593,2.8707670175,3.6690156274));
#1435=CARTESIAN_POINT('',(-5.5404543145,2.8374541651,3.1317244455));
#1436=CARTESIAN_POINT('',(-5.6172138375,2.7669245203,2.2930302027));
#1437=CARTESIAN_POINT('',(-5.6464589868,2.7377881567,1.9896196516));
#1438=CARTESIAN_POINT('',(-5.697980719,2.6775220969,1.5197200511));
#1439=CARTESIAN_POINT('',(-5.7176551255,2.6530359756,1.3509183164));
#1440=CARTESIAN_POINT('',(-5.7529900629,2.6028318462,1.0931596616));
#1441=CARTESIAN_POINT('',(-5.766538366,2.5826163971,1.0013671459));
#1442=CARTESIAN_POINT('',(-5.7914520176,2.5409721603,0.865299619));
#1443=CARTESIAN_POINT('',(-5.8011381042,2.5241149197,0.8172772593));
#1444=CARTESIAN_POINT('',(-5.8175257703,2.4925887944,0.758065012));
#1445=CARTESIAN_POINT('',(-5.8226815901,2.4823541727,0.7417527258));
#1446=CARTESIAN_POINT('',(-5.8320121793,2.4628148013,0.7196924615));
#1447=CARTESIAN_POINT('',(-5.8359710599,2.4542757892,0.7121554725));
#1448=CARTESIAN_POINT('',(-5.8432262296,2.4379504621,0.7033007533));
#1449=CARTESIAN_POINT('',(-5.8465373436,2.4302688281,0.700953207));
#1450=CARTESIAN_POINT('',(-5.8529326658,2.4148952038,0.7003507232));
#1451=CARTESIAN_POINT('',(-5.8560878832,2.4070294039,0.7021117862));
#1452=CARTESIAN_POINT('',(-5.8626553639,2.3900900543,0.7099268048));
#1453=CARTESIAN_POINT('',(-5.8659889878,2.3810552369,0.7170879864));
#1454=CARTESIAN_POINT('',(-5.8740954567,2.358253277,0.7405818996));
#1455=CARTESIAN_POINT('',(-5.8781869196,2.3457237112,0.7599027057));
#1456=CARTESIAN_POINT('',(-5.8931199402,2.2976629168,0.8474153047));
#1457=CARTESIAN_POINT('',(-5.8990210798,2.2725094306,0.9269172617));
#1458=CARTESIAN_POINT('',(-5.9153105963,2.1968184266,1.1916120977));
#1459=CARTESIAN_POINT('',(-5.9194343507,2.1600415391,1.3867790599));
#1460=CARTESIAN_POINT('',(-5.9256248154,2.0920206187,1.7755179451));
#1461=CARTESIAN_POINT('',(-5.926796973,2.0624267247,1.9718949014));
#1462=CARTESIAN_POINT('',(-5.9276018093,1.9807082852,2.5580217591));
#1463=CARTESIAN_POINT('',(-5.9245543663,1.9347533288,2.9507587937));
#1464=CARTESIAN_POINT('',(-5.9155423761,1.8501377732,3.7356629978));
#1465=CARTESIAN_POINT('',(-5.9094210391,1.8117181212,4.1288502504));
#1466=CARTESIAN_POINT('',(-5.8881690636,1.703439159,5.3092902346));
#1467=CARTESIAN_POINT('',(-5.8701787625,1.6404044044,6.0980974901));
#1468=CARTESIAN_POINT('',(-5.8098913039,1.4663386347,8.4614690429));
#1469=CARTESIAN_POINT('',(-5.7628316705,1.3686753248,10.0382408421));
#1470=CARTESIAN_POINT('',(-5.6777511198,1.2175663313,12.7132117489));
#1471=CARTESIAN_POINT('',(-5.6412594246,1.1600643595,13.8113412815));
#1472=CARTESIAN_POINT('',(-5.6037394604,1.1058643778,14.9096542328));
#1473=B_SPLINE_CURVE_WITH_KNOTS('',3,(#1425,#1426,#1427,#1428,#1429,#1430,#1431,#1432,#1433,#1434,
    #1435,#1436,#1437,#1438,#1439,#1440,#1441,#1442,#1443,#1444,
    #1445,#1446,#1447,#1448,#1449,#1450,#1451,#1452,#1453,#1454,
    #1455,#1456,#1457,#1458,#1459,#1460,#1461,#1462,#1463,#1464,
    #1465,#1466,#1467,#1468,#1469,#1470,#1471,#1472),.UNSPECIFIED.,.F.,.U.,
 (4,2,2,2,2,2,2,2,2,2,2,2,2,2,2,2,2,2,2,2,
  2,2,2,4),
 (0.0,0.0035539662,0.1389516732,0.2743527194,0.3729042585,0.4293110671,0.4613650261,0.4794187656,0.4894891403,0.4950746086,0.4973565475,0.498838323,0.4999856075,0.5011357635,0.5026222167,0.5052789179,0.514090971,0.5348631638,0.5556353567,0.5968875068,
  0.638139657,0.7206439574,0.8853567968,1.0),.UNSPECIFIED.);
#1474=EDGE_CURVE('n° 911',#1407,#1405,#1473,.T.);
#1475=ORIENTED_EDGE('',*,*,#1474,.T.);
#1476=EDGE_LOOP('',(#1424,#1475));
#1477=FACE_OUTER_BOUND('',#1476,.T.);
#1478=CARTESIAN_POINT('',(-7.1818965182,4.5161013616,0.0));
#1479=CARTESIAN_POINT('',(-5.9769443018,3.9871758389,16.0));
#1480=CARTESIAN_POINT('',(-7.3065646517,4.5252039162,0.0));
#1481=CARTESIAN_POINT('',(-6.1019220958,3.9895318939,16.0));
#1482=CARTESIAN_POINT('',(-7.4486961149,4.5203410809,0.0));
#1483=CARTESIAN_POINT('',(-6.2435834727,3.9769997635,16.0));
#1484=CARTESIAN_POINT('',(-7.7616052308,4.453349401,0.0));
#1485=CARTESIAN_POINT('',(-6.5524177196,3.8932059214,16.0));
#1486=CARTESIAN_POINT('',(-7.9330395469,4.3904663725,0.0));
#1487=CARTESIAN_POINT('',(-6.7202055617,3.8211556609,16.0));
#1488=CARTESIAN_POINT('',(-8.2696668733,4.174406096,0.0));
#1489=CARTESIAN_POINT('',(-7.04467234,3.587229797,16.0));
#1490=CARTESIAN_POINT('',(-8.4341889412,4.01947013,0.0));
#1491=CARTESIAN_POINT('',(-7.2005863261,3.4236342797,16.0));
#1492=CARTESIAN_POINT('',(-8.6852911443,3.6214739356,0.0));
#1493=CARTESIAN_POINT('',(-7.4298266144,3.0126571789,16.0));
#1494=CARTESIAN_POINT('',(-8.7689396655,3.3786506819,0.0));
#1495=CARTESIAN_POINT('',(-7.50023838,2.765670558,16.0));
#1496=CARTESIAN_POINT('',(-8.8053498838,2.8799781481,0.0));
#1497=CARTESIAN_POINT('',(-7.5096625998,2.2657593819,16.0));
#1498=CARTESIAN_POINT('',(-8.7578596071,2.6275798889,0.0));
#1499=CARTESIAN_POINT('',(-7.4486098346,2.0162944194,16.0));
#1500=CARTESIAN_POINT('',(-8.5672311229,2.1973310444,0.0));
#1501=CARTESIAN_POINT('',(-7.2350222298,1.5969692207,16.0));
#1502=CARTESIAN_POINT('',(-8.4269590164,2.0201407498,0.0));
#1503=CARTESIAN_POINT('',(-7.0853849697,1.4276135159,16.0));
#1504=CARTESIAN_POINT('',(-8.1252854995,1.7574753939,0.0));
#1505=CARTESIAN_POINT('',(-6.7699654425,1.1816246506,16.0));
#1506=CARTESIAN_POINT('',(-7.9648033771,1.6703577241,0.0));
#1507=CARTESIAN_POINT('',(-6.6050124057,1.1033016294,16.0));
#1508=CARTESIAN_POINT('',(-7.6649436834,1.5586251679,0.0));
#1509=CARTESIAN_POINT('',(-6.2995557993,1.0079273059,16.0));
#1510=CARTESIAN_POINT('',(-7.5250259615,1.5331687132,0.0));
#1511=CARTESIAN_POINT('',(-6.1584674149,0.9900648368,16.0));
#1512=CARTESIAN_POINT('',(-7.2756896946,1.514963604,0.0));
#1513=CARTESIAN_POINT('',(-5.9085118268,0.9853527268,16.0));
#1514=CARTESIAN_POINT('',(-7.1335582314,1.5198264393,0.0));
#1515=CARTESIAN_POINT('',(-5.7668504499,0.9978848572,16.0));
#1516=CARTESIAN_POINT('',(-6.8206491155,1.5868181192,0.0));
#1517=CARTESIAN_POINT('',(-5.4580162031,1.0816786993,16.0));
#1518=CARTESIAN_POINT('',(-6.6492147994,1.6497011477,0.0));
#1519=CARTESIAN_POINT('',(-5.290228361,1.1537289598,16.0));
#1520=CARTESIAN_POINT('',(-6.3125874729,1.8657614242,0.0));
#1521=CARTESIAN_POINT('',(-4.9657615827,1.3876548237,16.0));
#1522=CARTESIAN_POINT('',(-6.1480654051,2.0206973902,0.0));
#1523=CARTESIAN_POINT('',(-4.8098475965,1.551250341,16.0));
#1524=CARTESIAN_POINT('',(-5.8969632019,2.4186935846,0.0));
#1525=CARTESIAN_POINT('',(-4.5806073082,1.9622274418,16.0));
#1526=CARTESIAN_POINT('',(-5.8133146808,2.6615168383,0.0));
#1527=CARTESIAN_POINT('',(-4.5101955427,2.2092140627,16.0));
#1528=CARTESIAN_POINT('',(-5.7769044625,3.1601893721,0.0));
#1529=CARTESIAN_POINT('',(-4.5007713228,2.7091252389,16.0));
#1530=CARTESIAN_POINT('',(-5.8243947392,3.4125876313,0.0));
#1531=CARTESIAN_POINT('',(-4.561824088,2.9585902013,16.0));
#1532=CARTESIAN_POINT('',(-6.0150232234,3.8428364758,0.0));
#1533=CARTESIAN_POINT('',(-4.7754116928,3.3779154,16.0));
#1534=CARTESIAN_POINT('',(-6.1552953299,4.0200267704,0.0));
#1535=CARTESIAN_POINT('',(-4.9250489529,3.5472711048,16.0));
#1536=CARTESIAN_POINT('',(-6.4569688467,4.2826921263,0.0));
#1537=CARTESIAN_POINT('',(-5.2404684801,3.7932599701,16.0));
#1538=CARTESIAN_POINT('',(-6.6174509692,4.3698097961,0.0));
#1539=CARTESIAN_POINT('',(-5.4054215169,3.8715829914,16.0));
#1540=CARTESIAN_POINT('',(-6.9173106628,4.4815423523,0.0));
#1541=CARTESIAN_POINT('',(-5.7108781234,3.9669573148,16.0));
#1542=CARTESIAN_POINT('',(-7.0572283848,4.506998807,0.0));
#1543=CARTESIAN_POINT('',(-5.8519665077,3.984819784,16.0));
#1544=CARTESIAN_POINT('',(-7.1818965182,4.5161013616,0.0));
#1545=CARTESIAN_POINT('',(-5.9769443018,3.9871758389,16.0));
#1546=B_SPLINE_SURFACE_WITH_KNOTS('',3,1,((#1478,#1479),(#1480,#1481),(#1482,#1483),(#1484,#1485),(#1486,#1487),(#1488,#1489),(#1490,#1491),(#1492,#1493),(#1494,#1495),(#1496,#1497),(#1498,#1499),
    (#1500,#1501),(#1502,#1503),(#1504,#1505),(#1506,#1507),(#1508,#1509),(#1510,#1511),(#1512,#1513),(#1514,#1515),(#1516,#1517),(#1518,#1519),(#1520,#1521),(#1522,#1523),(#1524,#1525),(#1526,#1527),(#1528,#1529),(#1530,#1531),(#1532,#1533),(#1534,#1535),(#1536,#1537),
    (#1538,#1539),(#1540,#1541),(#1542,#1543),(#1544,#1545)),.UNSPECIFIED.,.T.,.F.,.U.,
 (4,2,2,2,2,2,2,2,2,2,2,2,2,2,2,2,4),(2,2),(0.0,0.0625,0.125,0.1875,0.25,0.3125,0.375,0.4375,0.5,0.5625,
    0.625,0.6875,0.75,0.8125,0.875,0.9375,1.0),(0.0,1.0),.UNSPECIFIED.);
#1547=ADVANCED_FACE('n° 296',(#1477),#1546,.F.);
#1548=CARTESIAN_POINT('',(-4.7444063731,-3.1804779718,14.9096542328));
#1549=VERTEX_POINT('',#1548);
#1550=CARTESIAN_POINT('',(-5.6040598706,-1.105767015,14.9096746653));
#1551=VERTEX_POINT('',#1550);
#1552=CARTESIAN_POINT('',(-4.7444063731,-3.1804779719,14.909654233));
#1553=CARTESIAN_POINT('',(-4.7055657888,-3.10410217,14.9350436112));
#1554=CARTESIAN_POINT('',(-4.6726893352,-3.0233822008,14.9588985375));
#1555=CARTESIAN_POINT('',(-4.6003357057,-2.7898858421,15.0196157702));
#1556=CARTESIAN_POINT('',(-4.5772827873,-2.6284719503,15.0518259292));
#1557=CARTESIAN_POINT('',(-4.5844019226,-2.307498425,15.0964890912));
#1558=CARTESIAN_POINT('',(-4.6143925874,-2.1463314009,15.1096208217));
#1559=CARTESIAN_POINT('',(-4.7063692429,-1.8991259696,15.1133956566));
#1560=CARTESIAN_POINT('',(-4.7536911544,-1.8043451131,15.11055692));
#1561=CARTESIAN_POINT('',(-4.9025462405,-1.570991934,15.0920749513));
#1562=CARTESIAN_POINT('',(-5.020587599,-1.4433688698,15.0684117429));
#1563=CARTESIAN_POINT('',(-5.2916450509,-1.2380021982,15.0022014062));
#1564=CARTESIAN_POINT('',(-5.4471760843,-1.1569479337,14.9593162347));
#1565=CARTESIAN_POINT('',(-5.6040598706,-1.105767015,14.9096746653));
#1566=B_SPLINE_CURVE_WITH_KNOTS('',3,(#1552,#1553,#1554,#1555,#1556,#1557,#1558,#1559,#1560,#1561,
    #1562,#1563,#1564,#1565),.UNSPECIFIED.,.F.,.U.,
 (4,2,2,2,2,2,4),(0.0,0.1020395644,0.2900189556,0.4782661116,0.5997119778,0.8009313145,1.0),.UNSPECIFIED.);
#1567=EDGE_CURVE('n° 921',#1549,#1551,#1566,.T.);
#1568=ORIENTED_EDGE('',*,*,#1567,.T.);
#1569=CARTESIAN_POINT('',(-5.604059868,-1.1057670054,14.909674663));
#1570=CARTESIAN_POINT('',(-5.6052413984,-1.1074418636,14.8756279282));
#1571=CARTESIAN_POINT('',(-5.6064215293,-1.1091202253,14.8415802939));
#1572=CARTESIAN_POINT('',(-5.6525036709,-1.1748732131,13.5104479174));
#1573=CARTESIAN_POINT('',(-5.6953533272,-1.2438512645,12.2135893345));
#1574=CARTESIAN_POINT('',(-5.7755153002,-1.3957131659,9.6209299135));
#1575=CARTESIAN_POINT('',(-5.8129537428,-1.4782951996,8.3249785153));
#1576=CARTESIAN_POINT('',(-5.8695146768,-1.6419340361,6.0881321815));
#1577=CARTESIAN_POINT('',(-5.8910434523,-1.7168409696,5.1463271985));
#1578=CARTESIAN_POINT('',(-5.9163289756,-1.8564513251,3.6690156273));
#1579=CARTESIAN_POINT('',(-5.9240758981,-1.9113097352,3.1317244454));
#1580=CARTESIAN_POINT('',(-5.9284810872,-2.0154589046,2.2930302027));
#1581=CARTESIAN_POINT('',(-5.9285580103,-2.0567408682,1.9896196516));
#1582=CARTESIAN_POINT('',(-5.9223748369,-2.135786774,1.5197200511));
#1583=CARTESIAN_POINT('',(-5.9189724408,-2.1670129826,1.3509183164));
#1584=CARTESIAN_POINT('',(-5.9084583343,-2.2274982369,1.0931596616));
#1585=CARTESIAN_POINT('',(-5.9037439501,-2.251372815,1.0013671459));
#1586=CARTESIAN_POINT('',(-5.8919136399,-2.2984363492,0.865299619));
#1587=CARTESIAN_POINT('',(-5.8868428683,-2.3172053159,0.8172772593));
#1588=CARTESIAN_POINT('',(-5.8761383612,-2.3510854827,0.758065012));
#1589=CARTESIAN_POINT('',(-5.8725471059,-2.3619681682,0.7417527258));
#1590=CARTESIAN_POINT('',(-5.8653284067,-2.3823823131,0.7196924615));
#1591=CARTESIAN_POINT('',(-5.8620897647,-2.3912196578,0.7121554725));
#1592=CARTESIAN_POINT('',(-5.8556761949,-2.407893587,0.7033007533));
#1593=CARTESIAN_POINT('',(-5.8525857706,-2.4156666337,0.700953207));
#1594=CARTESIAN_POINT('',(-5.8462371523,-2.4310596034,0.7003507232));
#1595=CARTESIAN_POINT('',(-5.8429062675,-2.4388526394,0.7021117862));
#1596=CARTESIAN_POINT('',(-5.8355722487,-2.4554744785,0.7099268048));
#1597=CARTESIAN_POINT('',(-5.831540896,-2.4642202873,0.7170879864));
#1598=CARTESIAN_POINT('',(-5.8211496146,-2.4860758469,0.7405818996));
#1599=CARTESIAN_POINT('',(-5.8151829749,-2.497828689,0.7599027057));
#1600=CARTESIAN_POINT('',(-5.7917581014,-2.5423720427,0.8474153047));
#1601=CARTESIAN_POINT('',(-5.7781446365,-2.5643309792,0.9269172617));
#1602=CARTESIAN_POINT('',(-5.736141442,-2.629371029,1.1916120977));
#1603=CARTESIAN_POINT('',(-5.7130521901,-2.6582921503,1.38677906));
#1604=CARTESIAN_POINT('',(-5.6693314556,-2.7107675239,1.7755179451));
#1605=CARTESIAN_POINT('',(-5.6492342531,-2.7325224076,1.9718949014));
#1606=CARTESIAN_POINT('',(-5.5920196956,-2.7908751755,2.5580217592));
#1607=CARTESIAN_POINT('',(-5.5573697667,-2.8212153692,2.9507587937));
#1608=CARTESIAN_POINT('',(-5.4911650941,-2.8746751629,3.7356629978));
#1609=CARTESIAN_POINT('',(-5.4596698587,-2.8975135206,4.1288502504));
#1610=CARTESIAN_POINT('',(-5.3680776543,-2.959050893,5.3092902346));
#1611=CARTESIAN_POINT('',(-5.310784288,-2.9909021315,6.0980974902));
#1612=CARTESIAN_POINT('',(-5.1450715311,-3.0713555469,8.461469043));
#1613=CARTESIAN_POINT('',(-5.0427369564,-3.1071377497,10.0382408422));
#1614=CARTESIAN_POINT('',(-4.8757257281,-3.1538269093,12.713211749));
#1615=CARTESIAN_POINT('',(-4.8092621688,-3.1686834184,13.8113412815));
#1616=CARTESIAN_POINT('',(-4.744406373,-3.1804779718,14.9096542328));
#1617=B_SPLINE_CURVE_WITH_KNOTS('',3,(#1569,#1570,#1571,#1572,#1573,#1574,#1575,#1576,#1577,#1578,
    #1579,#1580,#1581,#1582,#1583,#1584,#1585,#1586,#1587,#1588,
    #1589,#1590,#1591,#1592,#1593,#1594,#1595,#1596,#1597,#1598,
    #1599,#1600,#1601,#1602,#1603,#1604,#1605,#1606,#1607,#1608,
    #1609,#1610,#1611,#1612,#1613,#1614,#1615,#1616),.UNSPECIFIED.,.F.,.U.,
 (4,2,2,2,2,2,2,2,2,2,2,2,2,2,2,2,2,2,2,2,
  2,2,2,4),
 (0.0,0.0035539662,0.1389516732,0.2743527194,0.3729042585,0.4293110671,0.4613650261,0.4794187656,0.4894891403,0.4950746086,0.4973565475,0.498838323,0.4999856075,0.5011357635,0.5026222167,0.5052789179,0.514090971,0.5348631638,0.5556353567,0.5968875068,
  0.638139657,0.7206439574,0.8853567968,1.0),.UNSPECIFIED.);
#1618=EDGE_CURVE('n° 925',#1551,#1549,#1617,.T.);
#1619=ORIENTED_EDGE('',*,*,#1618,.T.);
#1620=EDGE_LOOP('',(#1568,#1619));
#1621=FACE_OUTER_BOUND('',#1620,.T.);
#1622=CARTESIAN_POINT('',(-8.2717336271,-1.8850018325,0.0));
#1623=CARTESIAN_POINT('',(-7.04569692,-1.406978773,16.0));
#1624=CARTESIAN_POINT('',(-8.3663237878,-1.966719037,0.0));
#1625=CARTESIAN_POINT('',(-7.1357355482,-1.4936854363,16.0));
#1626=CARTESIAN_POINT('',(-8.4633873654,-2.0706597023,0.0));
#1627=CARTESIAN_POINT('',(-7.227043714,-1.6027167109,16.0));
#1628=CARTESIAN_POINT('',(-8.637277252,-2.3392901312,0.0));
#1629=CARTESIAN_POINT('',(-7.3861713103,-1.8803466951,16.0));
#1630=CARTESIAN_POINT('',(-8.7140346036,-2.5049775145,0.0));
#1631=CARTESIAN_POINT('',(-7.4538680034,-2.0499378438,16.0));
#1632=CARTESIAN_POINT('',(-8.7992883822,-2.8957866664,0.0));
#1633=CARTESIAN_POINT('',(-7.517890098,-2.4447810677,16.0));
#1634=CARTESIAN_POINT('',(-8.8060667798,-3.1216776084,0.0));
#1635=CARTESIAN_POINT('',(-7.5124584352,-2.6707084042,16.0));
#1636=CARTESIAN_POINT('',(-8.7021970425,-3.580659487,0.0));
#1637=CARTESIAN_POINT('',(-7.3839511027,-3.1234104615,16.0));
#1638=CARTESIAN_POINT('',(-8.5896435097,-3.8115098928,0.0));
#1639=CARTESIAN_POINT('',(-7.2590938251,-3.3478450129,16.0));
#1640=CARTESIAN_POINT('',(-8.2627746917,-4.1898705354,0.0));
#1641=CARTESIAN_POINT('',(-6.9122671722,-3.7079995253,16.0));
#1642=CARTESIAN_POINT('',(-8.0507214744,-4.3347623593,0.0));
#1643=CARTESIAN_POINT('',(-6.6926979813,-3.8412270676,16.0));
#1644=CARTESIAN_POINT('',(-7.611694905,-4.504199541,0.0));
#1645=CARTESIAN_POINT('',(-6.2451610461,-3.9867055154,16.0));
#1646=CARTESIAN_POINT('',(-7.3872150884,-4.5303046421,0.0));
#1647=CARTESIAN_POINT('',(-6.0195989574,-4.0006485614,16.0));
#1648=CARTESIAN_POINT('',(-6.9881672446,-4.502721707,0.0));
#1649=CARTESIAN_POINT('',(-5.6226232761,-3.9515536695,16.0));
#1650=CARTESIAN_POINT('',(-6.8130877525,-4.450845205,0.0));
#1651=CARTESIAN_POINT('',(-5.4506011257,-3.8902969981,16.0));
#1652=CARTESIAN_POINT('',(-6.5220480815,-4.3178192304,0.0));
#1653=CARTESIAN_POINT('',(-5.1671708571,-3.7417463912,16.0));
#1654=CARTESIAN_POINT('',(-6.4051108798,-4.2368828922,0.0));
#1655=CARTESIAN_POINT('',(-5.0547756307,-3.6546125109,16.0));
#1656=CARTESIAN_POINT('',(-6.2159305585,-4.0734484832,0.0));
#1657=CARTESIAN_POINT('',(-4.8746983745,-3.4811991845,16.0));
#1658=CARTESIAN_POINT('',(-6.1188669809,-3.9695078179,0.0));
#1659=CARTESIAN_POINT('',(-4.7833902086,-3.3721679099,16.0));
#1660=CARTESIAN_POINT('',(-5.9449770943,-3.700877389,0.0));
#1661=CARTESIAN_POINT('',(-4.6242626124,-3.0945379257,16.0));
#1662=CARTESIAN_POINT('',(-5.8682197427,-3.5351900057,0.0));
#1663=CARTESIAN_POINT('',(-4.5565659192,-2.9249467769,16.0));
#1664=CARTESIAN_POINT('',(-5.7829659641,-3.1443808538,0.0));
#1665=CARTESIAN_POINT('',(-4.4925438247,-2.5301035531,16.0));
#1666=CARTESIAN_POINT('',(-5.7761875665,-2.9184899118,0.0));
#1667=CARTESIAN_POINT('',(-4.4979754874,-2.3041762165,16.0));
#1668=CARTESIAN_POINT('',(-5.8800573038,-2.4595080332,0.0));
#1669=CARTESIAN_POINT('',(-4.62648282,-1.8514741592,16.0));
#1670=CARTESIAN_POINT('',(-5.9926108365,-2.2286576274,0.0));
#1671=CARTESIAN_POINT('',(-4.7513400975,-1.6270396079,16.0));
#1672=CARTESIAN_POINT('',(-6.3194796545,-1.8502969848,0.0));
#1673=CARTESIAN_POINT('',(-5.0981667504,-1.2668850954,16.0));
#1674=CARTESIAN_POINT('',(-6.5315328718,-1.7054051609,0.0));
#1675=CARTESIAN_POINT('',(-5.3177359413,-1.1336575531,16.0));
#1676=CARTESIAN_POINT('',(-6.9705594413,-1.5359679792,0.0));
#1677=CARTESIAN_POINT('',(-5.7652728766,-0.9881791053,16.0));
#1678=CARTESIAN_POINT('',(-7.1950392578,-1.5098628781,0.0));
#1679=CARTESIAN_POINT('',(-5.9908349652,-0.9742360593,16.0));
#1680=CARTESIAN_POINT('',(-7.5940871017,-1.5374458132,0.0));
#1681=CARTESIAN_POINT('',(-6.3878106466,-1.0233309512,16.0));
#1682=CARTESIAN_POINT('',(-7.7691665938,-1.5893223152,0.0));
#1683=CARTESIAN_POINT('',(-6.5598327969,-1.0845876226,16.0));
#1684=CARTESIAN_POINT('',(-8.0602062647,-1.7223482898,0.0));
#1685=CARTESIAN_POINT('',(-6.8432630656,-1.2331382296,16.0));
#1686=CARTESIAN_POINT('',(-8.1771434665,-1.803284628,0.0));
#1687=CARTESIAN_POINT('',(-6.9556582919,-1.3202721098,16.0));
#1688=CARTESIAN_POINT('',(-8.2717336271,-1.8850018325,0.0));
#1689=CARTESIAN_POINT('',(-7.04569692,-1.406978773,16.0));
#1690=B_SPLINE_SURFACE_WITH_KNOTS('',3,1,((#1622,#1623),(#1624,#1625),(#1626,#1627),(#1628,#1629),(#1630,#1631),(#1632,#1633),(#1634,#1635),(#1636,#1637),(#1638,#1639),(#1640,#1641),(#1642,#1643),
    (#1644,#1645),(#1646,#1647),(#1648,#1649),(#1650,#1651),(#1652,#1653),(#1654,#1655),(#1656,#1657),(#1658,#1659),(#1660,#1661),(#1662,#1663),(#1664,#1665),(#1666,#1667),(#1668,#1669),(#1670,#1671),(#1672,#1673),(#1674,#1675),(#1676,#1677),(#1678,#1679),(#1680,#1681),
    (#1682,#1683),(#1684,#1685),(#1686,#1687),(#1688,#1689)),.UNSPECIFIED.,.T.,.F.,.U.,
 (4,2,2,2,2,2,2,2,2,2,2,2,2,2,2,2,4),(2,2),(0.0,0.0625,0.125,0.1875,0.25,0.3125,0.375,0.4375,0.5,0.5625,
    0.625,0.6875,0.75,0.8125,0.875,0.9375,1.0),(0.0,1.0),.UNSPECIFIED.);
#1691=ADVANCED_FACE('n° 357',(#1621),#1690,.F.);
#1692=CARTESIAN_POINT('',(-1.1058643778,-5.6037394604,14.9096542328));
#1693=VERTEX_POINT('',#1692);
#1694=CARTESIAN_POINT('',(-3.180773382,-4.7445640914,14.9096746653));
#1695=VERTEX_POINT('',#1694);
#1696=CARTESIAN_POINT('',(-1.1058643762,-5.6037394599,14.909654233));
#1697=CARTESIAN_POINT('',(-1.1439361321,-5.4868761403,14.9460734858));
#1698=CARTESIAN_POINT('',(-1.1968360188,-5.3730172522,14.9791504678));
#1699=CARTESIAN_POINT('',(-1.3540880838,-5.1222060704,15.0456227676));
#1700=CARTESIAN_POINT('',(-1.4738680768,-4.9896055552,15.0752117927));
#1701=CARTESIAN_POINT('',(-1.6978273102,-4.8163198925,15.1038170096));
#1702=CARTESIAN_POINT('',(-1.7915646299,-4.7593268477,15.1103508302));
#1703=CARTESIAN_POINT('',(-2.0363896619,-4.6472811605,15.1142041573));
#1704=CARTESIAN_POINT('',(-2.1978771759,-4.6035623671,15.1061007644));
#1705=CARTESIAN_POINT('',(-2.5153132539,-4.5714264053,15.070562368));
#1706=CARTESIAN_POINT('',(-2.6768269199,-4.5827995741,15.042352742));
#1707=CARTESIAN_POINT('',(-2.9538423328,-4.6465542416,14.9789358824));
#1708=CARTESIAN_POINT('',(-3.0726914103,-4.6896553339,14.9461429508));
#1709=CARTESIAN_POINT('',(-3.1807733823,-4.7445640911,14.9096746653));
#1710=B_SPLINE_CURVE_WITH_KNOTS('',3,(#1696,#1697,#1698,#1699,#1700,#1701,#1702,#1703,#1704,#1705,
    #1706,#1707,#1708,#1709),.UNSPECIFIED.,.F.,.U.,
 (4,2,2,2,2,2,4),(0.0,0.1463322919,0.3499981592,0.4783226063,0.6660526325,0.8537939303,1.0),.UNSPECIFIED.);
#1711=EDGE_CURVE('n° 935',#1693,#1695,#1710,.T.);
#1712=ORIENTED_EDGE('',*,*,#1711,.T.);
#1713=CARTESIAN_POINT('',(-3.1807733869,-4.7445640828,14.909674663));
#1714=CARTESIAN_POINT('',(-3.1804245515,-4.7465838545,14.8756279283));
#1715=CARTESIAN_POINT('',(-3.1800722491,-4.748605114,14.8415802941));
#1716=CARTESIAN_POINT('',(-3.1661628604,-4.8276844923,13.5104479177));
#1717=CARTESIAN_POINT('',(-3.147687295,-4.9067586228,12.2135893347));
#1718=CARTESIAN_POINT('',(-3.0969877894,-5.0708242777,9.6209299137));
#1719=CARTESIAN_POINT('',(-3.06506645,-5.1556915705,8.3249785156));
#1720=CARTESIAN_POINT('',(-2.9893509391,-5.3113963214,6.0881321818));
#1721=CARTESIAN_POINT('',(-2.9516068816,-5.3795866652,5.1463271987));
#1722=CARTESIAN_POINT('',(-2.8707670175,-5.4961856593,3.6690156274));
#1723=CARTESIAN_POINT('',(-2.8374541651,-5.5404543145,3.1317244455));
#1724=CARTESIAN_POINT('',(-2.7669245203,-5.6172138375,2.2930302027));
#1725=CARTESIAN_POINT('',(-2.7377881567,-5.6464589868,1.9896196517));
#1726=CARTESIAN_POINT('',(-2.6775220969,-5.697980719,1.5197200511));
#1727=CARTESIAN_POINT('',(-2.6530359756,-5.7176551255,1.3509183164));
#1728=CARTESIAN_POINT('',(-2.6028318462,-5.7529900629,1.0931596616));
#1729=CARTESIAN_POINT('',(-2.5826163971,-5.766538366,1.0013671459));
#1730=CARTESIAN_POINT('',(-2.5409721603,-5.7914520176,0.865299619));
#1731=CARTESIAN_POINT('',(-2.5241149197,-5.8011381042,0.8172772593));
#1732=CARTESIAN_POINT('',(-2.4925887944,-5.8175257703,0.758065012));
#1733=CARTESIAN_POINT('',(-2.4823541727,-5.8226815901,0.7417527258));
#1734=CARTESIAN_POINT('',(-2.4628148013,-5.8320121793,0.7196924615));
#1735=CARTESIAN_POINT('',(-2.4542757892,-5.8359710599,0.7121554725));
#1736=CARTESIAN_POINT('',(-2.4379504621,-5.8432262296,0.7033007533));
#1737=CARTESIAN_POINT('',(-2.4302688281,-5.8465373436,0.700953207));
#1738=CARTESIAN_POINT('',(-2.4148952038,-5.8529326658,0.7003507232));
#1739=CARTESIAN_POINT('',(-2.4070294039,-5.8560878832,0.7021117862));
#1740=CARTESIAN_POINT('',(-2.3900900543,-5.8626553639,0.7099268048));
#1741=CARTESIAN_POINT('',(-2.3810552369,-5.8659889878,0.7170879864));
#1742=CARTESIAN_POINT('',(-2.358253277,-5.8740954567,0.7405818996));
#1743=CARTESIAN_POINT('',(-2.3457237112,-5.8781869196,0.7599027057));
#1744=CARTESIAN_POINT('',(-2.2976629168,-5.8931199402,0.8474153047));
#1745=CARTESIAN_POINT('',(-2.2725094306,-5.8990210798,0.9269172617));
#1746=CARTESIAN_POINT('',(-2.1968184266,-5.9153105963,1.1916120977));
#1747=CARTESIAN_POINT('',(-2.1600415391,-5.9194343507,1.3867790599));
#1748=CARTESIAN_POINT('',(-2.0920206187,-5.9256248154,1.7755179451));
#1749=CARTESIAN_POINT('',(-2.0624267247,-5.926796973,1.9718949014));
#1750=CARTESIAN_POINT('',(-1.9807082852,-5.9276018093,2.5580217591));
#1751=CARTESIAN_POINT('',(-1.9347533288,-5.9245543663,2.9507587936));
#1752=CARTESIAN_POINT('',(-1.8501377732,-5.9155423761,3.7356629978));
#1753=CARTESIAN_POINT('',(-1.8117181212,-5.9094210391,4.1288502504));
#1754=CARTESIAN_POINT('',(-1.703439159,-5.8881690636,5.3092902346));
#1755=CARTESIAN_POINT('',(-1.6404044044,-5.8701787625,6.0980974901));
#1756=CARTESIAN_POINT('',(-1.4663386347,-5.8098913039,8.4614690429));
#1757=CARTESIAN_POINT('',(-1.3686753248,-5.7628316705,10.0382408421));
#1758=CARTESIAN_POINT('',(-1.2175663313,-5.6777511198,12.7132117489));
#1759=CARTESIAN_POINT('',(-1.1600643595,-5.6412594246,13.8113412815));
#1760=CARTESIAN_POINT('',(-1.1058643778,-5.6037394604,14.9096542328));
#1761=B_SPLINE_CURVE_WITH_KNOTS('',3,(#1713,#1714,#1715,#1716,#1717,#1718,#1719,#1720,#1721,#1722,
    #1723,#1724,#1725,#1726,#1727,#1728,#1729,#1730,#1731,#1732,
    #1733,#1734,#1735,#1736,#1737,#1738,#1739,#1740,#1741,#1742,
    #1743,#1744,#1745,#1746,#1747,#1748,#1749,#1750,#1751,#1752,
    #1753,#1754,#1755,#1756,#1757,#1758,#1759,#1760),.UNSPECIFIED.,.F.,.U.,
 (4,2,2,2,2,2,2,2,2,2,2,2,2,2,2,2,2,2,2,2,
  2,2,2,4),
 (0.0,0.0035539662,0.1389516732,0.2743527194,0.3729042585,0.4293110671,0.4613650261,0.4794187656,0.4894891403,0.4950746086,0.4973565475,0.498838323,0.4999856075,0.5011357635,0.5026222167,0.5052789179,0.514090971,0.5348631638,0.5556353567,0.5968875068,
  0.638139657,0.7206439574,0.8853567968,1.0),.UNSPECIFIED.);
#1762=EDGE_CURVE('n° 939',#1695,#1693,#1761,.T.);
#1763=ORIENTED_EDGE('',*,*,#1762,.T.);
#1764=EDGE_LOOP('',(#1712,#1763));
#1765=FACE_OUTER_BOUND('',#1764,.T.);
#1766=CARTESIAN_POINT('',(-4.5161013616,-7.1818965182,0.0));
#1767=CARTESIAN_POINT('',(-3.9871758389,-5.9769443018,16.0));
#1768=CARTESIAN_POINT('',(-4.5252039162,-7.3065646517,0.0));
#1769=CARTESIAN_POINT('',(-3.9895318939,-6.1019220958,16.0));
#1770=CARTESIAN_POINT('',(-4.5203410809,-7.4486961149,0.0));
#1771=CARTESIAN_POINT('',(-3.9769997635,-6.2435834727,16.0));
#1772=CARTESIAN_POINT('',(-4.453349401,-7.7616052308,0.0));
#1773=CARTESIAN_POINT('',(-3.8932059214,-6.5524177196,16.0));
#1774=CARTESIAN_POINT('',(-4.3904663725,-7.9330395469,0.0));
#1775=CARTESIAN_POINT('',(-3.8211556609,-6.7202055617,16.0));
#1776=CARTESIAN_POINT('',(-4.174406096,-8.2696668733,0.0));
#1777=CARTESIAN_POINT('',(-3.587229797,-7.04467234,16.0));
#1778=CARTESIAN_POINT('',(-4.01947013,-8.4341889412,0.0));
#1779=CARTESIAN_POINT('',(-3.4236342797,-7.2005863261,16.0));
#1780=CARTESIAN_POINT('',(-3.6214739356,-8.6852911443,0.0));
#1781=CARTESIAN_POINT('',(-3.0126571789,-7.4298266144,16.0));
#1782=CARTESIAN_POINT('',(-3.3786506819,-8.7689396655,0.0));
#1783=CARTESIAN_POINT('',(-2.765670558,-7.50023838,16.0));
#1784=CARTESIAN_POINT('',(-2.8799781481,-8.8053498838,0.0));
#1785=CARTESIAN_POINT('',(-2.2657593819,-7.5096625998,16.0));
#1786=CARTESIAN_POINT('',(-2.6275798889,-8.7578596071,0.0));
#1787=CARTESIAN_POINT('',(-2.0162944194,-7.4486098346,16.0));
#1788=CARTESIAN_POINT('',(-2.1973310444,-8.5672311229,0.0));
#1789=CARTESIAN_POINT('',(-1.5969692207,-7.2350222298,16.0));
#1790=CARTESIAN_POINT('',(-2.0201407498,-8.4269590164,0.0));
#1791=CARTESIAN_POINT('',(-1.4276135159,-7.0853849697,16.0));
#1792=CARTESIAN_POINT('',(-1.7574753939,-8.1252854995,0.0));
#1793=CARTESIAN_POINT('',(-1.1816246506,-6.7699654425,16.0));
#1794=CARTESIAN_POINT('',(-1.6703577241,-7.9648033771,0.0));
#1795=CARTESIAN_POINT('',(-1.1033016294,-6.6050124057,16.0));
#1796=CARTESIAN_POINT('',(-1.5586251679,-7.6649436834,0.0));
#1797=CARTESIAN_POINT('',(-1.0079273059,-6.2995557993,16.0));
#1798=CARTESIAN_POINT('',(-1.5331687132,-7.5250259615,0.0));
#1799=CARTESIAN_POINT('',(-0.9900648368,-6.1584674149,16.0));
#1800=CARTESIAN_POINT('',(-1.514963604,-7.2756896946,0.0));
#1801=CARTESIAN_POINT('',(-0.9853527268,-5.9085118268,16.0));
#1802=CARTESIAN_POINT('',(-1.5198264393,-7.1335582314,0.0));
#1803=CARTESIAN_POINT('',(-0.9978848572,-5.7668504499,16.0));
#1804=CARTESIAN_POINT('',(-1.5868181192,-6.8206491155,0.0));
#1805=CARTESIAN_POINT('',(-1.0816786993,-5.4580162031,16.0));
#1806=CARTESIAN_POINT('',(-1.6497011477,-6.6492147994,0.0));
#1807=CARTESIAN_POINT('',(-1.1537289598,-5.290228361,16.0));
#1808=CARTESIAN_POINT('',(-1.8657614242,-6.3125874729,0.0));
#1809=CARTESIAN_POINT('',(-1.3876548237,-4.9657615827,16.0));
#1810=CARTESIAN_POINT('',(-2.0206973902,-6.1480654051,0.0));
#1811=CARTESIAN_POINT('',(-1.551250341,-4.8098475965,16.0));
#1812=CARTESIAN_POINT('',(-2.4186935846,-5.8969632019,0.0));
#1813=CARTESIAN_POINT('',(-1.9622274418,-4.5806073082,16.0));
#1814=CARTESIAN_POINT('',(-2.6615168383,-5.8133146808,0.0));
#1815=CARTESIAN_POINT('',(-2.2092140627,-4.5101955427,16.0));
#1816=CARTESIAN_POINT('',(-3.1601893721,-5.7769044625,0.0));
#1817=CARTESIAN_POINT('',(-2.7091252389,-4.5007713228,16.0));
#1818=CARTESIAN_POINT('',(-3.4125876313,-5.8243947392,0.0));
#1819=CARTESIAN_POINT('',(-2.9585902013,-4.561824088,16.0));
#1820=CARTESIAN_POINT('',(-3.8428364758,-6.0150232234,0.0));
#1821=CARTESIAN_POINT('',(-3.3779154,-4.7754116928,16.0));
#1822=CARTESIAN_POINT('',(-4.0200267704,-6.1552953299,0.0));
#1823=CARTESIAN_POINT('',(-3.5472711048,-4.9250489529,16.0));
#1824=CARTESIAN_POINT('',(-4.2826921263,-6.4569688467,0.0));
#1825=CARTESIAN_POINT('',(-3.7932599701,-5.2404684801,16.0));
#1826=CARTESIAN_POINT('',(-4.3698097961,-6.6174509692,0.0));
#1827=CARTESIAN_POINT('',(-3.8715829914,-5.4054215169,16.0));
#1828=CARTESIAN_POINT('',(-4.4815423523,-6.9173106628,0.0));
#1829=CARTESIAN_POINT('',(-3.9669573148,-5.7108781234,16.0));
#1830=CARTESIAN_POINT('',(-4.506998807,-7.0572283848,0.0));
#1831=CARTESIAN_POINT('',(-3.984819784,-5.8519665077,16.0));
#1832=CARTESIAN_POINT('',(-4.5161013616,-7.1818965182,0.0));
#1833=CARTESIAN_POINT('',(-3.9871758389,-5.9769443018,16.0));
#1834=B_SPLINE_SURFACE_WITH_KNOTS('',3,1,((#1766,#1767),(#1768,#1769),(#1770,#1771),(#1772,#1773),(#1774,#1775),(#1776,#1777),(#1778,#1779),(#1780,#1781),(#1782,#1783),(#1784,#1785),(#1786,#1787),
    (#1788,#1789),(#1790,#1791),(#1792,#1793),(#1794,#1795),(#1796,#1797),(#1798,#1799),(#1800,#1801),(#1802,#1803),(#1804,#1805),(#1806,#1807),(#1808,#1809),(#1810,#1811),(#1812,#1813),(#1814,#1815),(#1816,#1817),(#1818,#1819),(#1820,#1821),(#1822,#1823),(#1824,#1825),
    (#1826,#1827),(#1828,#1829),(#1830,#1831),(#1832,#1833)),.UNSPECIFIED.,.T.,.F.,.U.,
 (4,2,2,2,2,2,2,2,2,2,2,2,2,2,2,2,4),(2,2),(0.0,0.0625,0.125,0.1875,0.25,0.3125,0.375,0.4375,0.5,0.5625,
    0.625,0.6875,0.75,0.8125,0.875,0.9375,1.0),(0.0,1.0),.UNSPECIFIED.);
#1835=ADVANCED_FACE('n° 418',(#1765),#1834,.F.);
#1836=CARTESIAN_POINT('',(3.1804779718,-4.7444063731,14.9096542328));
#1837=VERTEX_POINT('',#1836);
#1838=CARTESIAN_POINT('',(1.105767015,-5.6040598706,14.9096746653));
#1839=VERTEX_POINT('',#1838);
#1840=CARTESIAN_POINT('',(3.1804779719,-4.7444063731,14.909654233));
#1841=CARTESIAN_POINT('',(3.10410217,-4.7055657888,14.9350436112));
#1842=CARTESIAN_POINT('',(3.0233822008,-4.6726893352,14.9588985375));
#1843=CARTESIAN_POINT('',(2.7898858421,-4.6003357057,15.0196157702));
#1844=CARTESIAN_POINT('',(2.6284719503,-4.5772827873,15.0518259292));
#1845=CARTESIAN_POINT('',(2.307498425,-4.5844019226,15.0964890912));
#1846=CARTESIAN_POINT('',(2.1463314009,-4.6143925874,15.1096208217));
#1847=CARTESIAN_POINT('',(1.8991259696,-4.7063692429,15.1133956566));
#1848=CARTESIAN_POINT('',(1.8043451131,-4.7536911544,15.11055692));
#1849=CARTESIAN_POINT('',(1.570991934,-4.9025462405,15.0920749513));
#1850=CARTESIAN_POINT('',(1.4433688698,-5.020587599,15.0684117429));
#1851=CARTESIAN_POINT('',(1.2380021982,-5.2916450509,15.0022014062));
#1852=CARTESIAN_POINT('',(1.1569479337,-5.4471760843,14.9593162347));
#1853=CARTESIAN_POINT('',(1.105767015,-5.6040598706,14.9096746653));
#1854=B_SPLINE_CURVE_WITH_KNOTS('',3,(#1840,#1841,#1842,#1843,#1844,#1845,#1846,#1847,#1848,#1849,
    #1850,#1851,#1852,#1853),.UNSPECIFIED.,.F.,.U.,
 (4,2,2,2,2,2,4),(0.0,0.1020395644,0.2900189556,0.4782661116,0.5997119778,0.8009313145,1.0),.UNSPECIFIED.);
#1855=EDGE_CURVE('n° 949',#1837,#1839,#1854,.T.);
#1856=ORIENTED_EDGE('',*,*,#1855,.T.);
#1857=CARTESIAN_POINT('',(1.1057670054,-5.604059868,14.909674663));
#1858=CARTESIAN_POINT('',(1.1074418636,-5.6052413984,14.8756279282));
#1859=CARTESIAN_POINT('',(1.1091202253,-5.6064215293,14.8415802939));
#1860=CARTESIAN_POINT('',(1.1748732131,-5.6525036709,13.5104479173));
#1861=CARTESIAN_POINT('',(1.2438512645,-5.6953533272,12.2135893344));
#1862=CARTESIAN_POINT('',(1.3957131659,-5.7755153002,9.6209299134));
#1863=CARTESIAN_POINT('',(1.4782951996,-5.8129537428,8.3249785152));
#1864=CARTESIAN_POINT('',(1.6419340361,-5.8695146768,6.0881321815));
#1865=CARTESIAN_POINT('',(1.7168409696,-5.8910434523,5.1463271985));
#1866=CARTESIAN_POINT('',(1.8564513251,-5.9163289756,3.6690156273));
#1867=CARTESIAN_POINT('',(1.9113097352,-5.9240758981,3.1317244454));
#1868=CARTESIAN_POINT('',(2.0154589046,-5.9284810872,2.2930302027));
#1869=CARTESIAN_POINT('',(2.0567408682,-5.9285580103,1.9896196516));
#1870=CARTESIAN_POINT('',(2.135786774,-5.9223748369,1.5197200511));
#1871=CARTESIAN_POINT('',(2.1670129826,-5.9189724408,1.3509183164));
#1872=CARTESIAN_POINT('',(2.2274982369,-5.9084583343,1.0931596616));
#1873=CARTESIAN_POINT('',(2.251372815,-5.9037439501,1.0013671459));
#1874=CARTESIAN_POINT('',(2.2984363492,-5.8919136399,0.865299619));
#1875=CARTESIAN_POINT('',(2.3172053159,-5.8868428683,0.8172772593));
#1876=CARTESIAN_POINT('',(2.3510854827,-5.8761383612,0.758065012));
#1877=CARTESIAN_POINT('',(2.3619681682,-5.8725471059,0.7417527258));
#1878=CARTESIAN_POINT('',(2.3823823131,-5.8653284067,0.7196924615));
#1879=CARTESIAN_POINT('',(2.3912196578,-5.8620897647,0.7121554725));
#1880=CARTESIAN_POINT('',(2.407893587,-5.8556761949,0.7033007533));
#1881=CARTESIAN_POINT('',(2.4156666337,-5.8525857706,0.700953207));
#1882=CARTESIAN_POINT('',(2.4310596034,-5.8462371523,0.7003507232));
#1883=CARTESIAN_POINT('',(2.4388526394,-5.8429062675,0.7021117862));
#1884=CARTESIAN_POINT('',(2.4554744785,-5.8355722487,0.7099268048));
#1885=CARTESIAN_POINT('',(2.4642202873,-5.831540896,0.7170879864));
#1886=CARTESIAN_POINT('',(2.4860758469,-5.8211496146,0.7405818996));
#1887=CARTESIAN_POINT('',(2.497828689,-5.8151829749,0.7599027057));
#1888=CARTESIAN_POINT('',(2.5423720427,-5.7917581014,0.8474153047));
#1889=CARTESIAN_POINT('',(2.5643309792,-5.7781446365,0.9269172617));
#1890=CARTESIAN_POINT('',(2.629371029,-5.736141442,1.1916120977));
#1891=CARTESIAN_POINT('',(2.6582921503,-5.7130521901,1.38677906));
#1892=CARTESIAN_POINT('',(2.7107675239,-5.6693314556,1.7755179451));
#1893=CARTESIAN_POINT('',(2.7325224076,-5.6492342531,1.9718949014));
#1894=CARTESIAN_POINT('',(2.7908751755,-5.5920196956,2.5580217592));
#1895=CARTESIAN_POINT('',(2.8212153692,-5.5573697667,2.9507587937));
#1896=CARTESIAN_POINT('',(2.8746751629,-5.4911650941,3.7356629978));
#1897=CARTESIAN_POINT('',(2.8975135206,-5.4596698587,4.1288502504));
#1898=CARTESIAN_POINT('',(2.959050893,-5.3680776543,5.3092902346));
#1899=CARTESIAN_POINT('',(2.9909021315,-5.310784288,6.0980974902));
#1900=CARTESIAN_POINT('',(3.0713555469,-5.145071531,8.461469043));
#1901=CARTESIAN_POINT('',(3.1071377497,-5.0427369564,10.0382408422));
#1902=CARTESIAN_POINT('',(3.1538269093,-4.8757257281,12.713211749));
#1903=CARTESIAN_POINT('',(3.1686834184,-4.8092621688,13.8113412815));
#1904=CARTESIAN_POINT('',(3.1804779718,-4.744406373,14.9096542328));
#1905=B_SPLINE_CURVE_WITH_KNOTS('',3,(#1857,#1858,#1859,#1860,#1861,#1862,#1863,#1864,#1865,#1866,
    #1867,#1868,#1869,#1870,#1871,#1872,#1873,#1874,#1875,#1876,
    #1877,#1878,#1879,#1880,#1881,#1882,#1883,#1884,#1885,#1886,
    #1887,#1888,#1889,#1890,#1891,#1892,#1893,#1894,#1895,#1896,
    #1897,#1898,#1899,#1900,#1901,#1902,#1903,#1904),.UNSPECIFIED.,.F.,.U.,
 (4,2,2,2,2,2,2,2,2,2,2,2,2,2,2,2,2,2,2,2,
  2,2,2,4),
 (0.0,0.0035539662,0.1389516732,0.2743527194,0.3729042585,0.4293110671,0.4613650261,0.4794187656,0.4894891403,0.4950746086,0.4973565475,0.498838323,0.4999856075,0.5011357635,0.5026222167,0.5052789179,0.514090971,0.5348631638,0.5556353567,0.5968875068,
  0.638139657,0.7206439574,0.8853567968,1.0),.UNSPECIFIED.);
#1906=EDGE_CURVE('n° 953',#1839,#1837,#1905,.T.);
#1907=ORIENTED_EDGE('',*,*,#1906,.T.);
#1908=EDGE_LOOP('',(#1856,#1907));
#1909=FACE_OUTER_BOUND('',#1908,.T.);
#1910=CARTESIAN_POINT('',(1.8850018325,-8.2717336271,0.0));
#1911=CARTESIAN_POINT('',(1.406978773,-7.04569692,16.0));
#1912=CARTESIAN_POINT('',(1.966719037,-8.3663237878,0.0));
#1913=CARTESIAN_POINT('',(1.4936854363,-7.1357355482,16.0));
#1914=CARTESIAN_POINT('',(2.0706597023,-8.4633873654,0.0));
#1915=CARTESIAN_POINT('',(1.6027167109,-7.227043714,16.0));
#1916=CARTESIAN_POINT('',(2.3392901312,-8.637277252,0.0));
#1917=CARTESIAN_POINT('',(1.8803466951,-7.3861713103,16.0));
#1918=CARTESIAN_POINT('',(2.5049775145,-8.7140346036,0.0));
#1919=CARTESIAN_POINT('',(2.0499378438,-7.4538680034,16.0));
#1920=CARTESIAN_POINT('',(2.8957866664,-8.7992883822,0.0));
#1921=CARTESIAN_POINT('',(2.4447810677,-7.517890098,16.0));
#1922=CARTESIAN_POINT('',(3.1216776084,-8.8060667798,0.0));
#1923=CARTESIAN_POINT('',(2.6707084042,-7.5124584352,16.0));
#1924=CARTESIAN_POINT('',(3.580659487,-8.7021970425,0.0));
#1925=CARTESIAN_POINT('',(3.1234104615,-7.3839511027,16.0));
#1926=CARTESIAN_POINT('',(3.8115098928,-8.5896435097,0.0));
#1927=CARTESIAN_POINT('',(3.3478450129,-7.2590938251,16.0));
#1928=CARTESIAN_POINT('',(4.1898705354,-8.2627746917,0.0));
#1929=CARTESIAN_POINT('',(3.7079995253,-6.9122671722,16.0));
#1930=CARTESIAN_POINT('',(4.3347623593,-8.0507214744,0.0));
#1931=CARTESIAN_POINT('',(3.8412270676,-6.6926979813,16.0));
#1932=CARTESIAN_POINT('',(4.504199541,-7.611694905,0.0));
#1933=CARTESIAN_POINT('',(3.9867055154,-6.2451610461,16.0));
#1934=CARTESIAN_POINT('',(4.5303046421,-7.3872150884,0.0));
#1935=CARTESIAN_POINT('',(4.0006485614,-6.0195989574,16.0));
#1936=CARTESIAN_POINT('',(4.502721707,-6.9881672446,0.0));
#1937=CARTESIAN_POINT('',(3.9515536695,-5.6226232761,16.0));
#1938=CARTESIAN_POINT('',(4.450845205,-6.8130877525,0.0));
#1939=CARTESIAN_POINT('',(3.8902969981,-5.4506011257,16.0));
#1940=CARTESIAN_POINT('',(4.3178192304,-6.5220480815,0.0));
#1941=CARTESIAN_POINT('',(3.7417463912,-5.1671708571,16.0));
#1942=CARTESIAN_POINT('',(4.2368828922,-6.4051108798,0.0));
#1943=CARTESIAN_POINT('',(3.6546125109,-5.0547756307,16.0));
#1944=CARTESIAN_POINT('',(4.0734484832,-6.2159305585,0.0));
#1945=CARTESIAN_POINT('',(3.4811991845,-4.8746983745,16.0));
#1946=CARTESIAN_POINT('',(3.9695078179,-6.1188669809,0.0));
#1947=CARTESIAN_POINT('',(3.3721679099,-4.7833902086,16.0));
#1948=CARTESIAN_POINT('',(3.700877389,-5.9449770943,0.0));
#1949=CARTESIAN_POINT('',(3.0945379257,-4.6242626124,16.0));
#1950=CARTESIAN_POINT('',(3.5351900057,-5.8682197427,0.0));
#1951=CARTESIAN_POINT('',(2.9249467769,-4.5565659192,16.0));
#1952=CARTESIAN_POINT('',(3.1443808538,-5.7829659641,0.0));
#1953=CARTESIAN_POINT('',(2.5301035531,-4.4925438247,16.0));
#1954=CARTESIAN_POINT('',(2.9184899118,-5.7761875665,0.0));
#1955=CARTESIAN_POINT('',(2.3041762165,-4.4979754874,16.0));
#1956=CARTESIAN_POINT('',(2.4595080332,-5.8800573038,0.0));
#1957=CARTESIAN_POINT('',(1.8514741592,-4.62648282,16.0));
#1958=CARTESIAN_POINT('',(2.2286576274,-5.9926108365,0.0));
#1959=CARTESIAN_POINT('',(1.6270396079,-4.7513400975,16.0));
#1960=CARTESIAN_POINT('',(1.8502969848,-6.3194796545,0.0));
#1961=CARTESIAN_POINT('',(1.2668850954,-5.0981667504,16.0));
#1962=CARTESIAN_POINT('',(1.7054051609,-6.5315328718,0.0));
#1963=CARTESIAN_POINT('',(1.1336575531,-5.3177359413,16.0));
#1964=CARTESIAN_POINT('',(1.5359679792,-6.9705594413,0.0));
#1965=CARTESIAN_POINT('',(0.9881791053,-5.7652728766,16.0));
#1966=CARTESIAN_POINT('',(1.5098628781,-7.1950392578,0.0));
#1967=CARTESIAN_POINT('',(0.9742360593,-5.9908349652,16.0));
#1968=CARTESIAN_POINT('',(1.5374458132,-7.5940871017,0.0));
#1969=CARTESIAN_POINT('',(1.0233309512,-6.3878106466,16.0));
#1970=CARTESIAN_POINT('',(1.5893223152,-7.7691665938,0.0));
#1971=CARTESIAN_POINT('',(1.0845876226,-6.5598327969,16.0));
#1972=CARTESIAN_POINT('',(1.7223482898,-8.0602062647,0.0));
#1973=CARTESIAN_POINT('',(1.2331382296,-6.8432630656,16.0));
#1974=CARTESIAN_POINT('',(1.803284628,-8.1771434665,0.0));
#1975=CARTESIAN_POINT('',(1.3202721098,-6.9556582919,16.0));
#1976=CARTESIAN_POINT('',(1.8850018325,-8.2717336271,0.0));
#1977=CARTESIAN_POINT('',(1.406978773,-7.04569692,16.0));
#1978=B_SPLINE_SURFACE_WITH_KNOTS('',3,1,((#1910,#1911),(#1912,#1913),(#1914,#1915),(#1916,#1917),(#1918,#1919),(#1920,#1921),(#1922,#1923),(#1924,#1925),(#1926,#1927),(#1928,#1929),(#1930,#1931),
    (#1932,#1933),(#1934,#1935),(#1936,#1937),(#1938,#1939),(#1940,#1941),(#1942,#1943),(#1944,#1945),(#1946,#1947),(#1948,#1949),(#1950,#1951),(#1952,#1953),(#1954,#1955),(#1956,#1957),(#1958,#1959),(#1960,#1961),(#1962,#1963),(#1964,#1965),(#1966,#1967),(#1968,#1969),
    (#1970,#1971),(#1972,#1973),(#1974,#1975),(#1976,#1977)),.UNSPECIFIED.,.T.,.F.,.U.,
 (4,2,2,2,2,2,2,2,2,2,2,2,2,2,2,2,4),(2,2),(0.0,0.0625,0.125,0.1875,0.25,0.3125,0.375,0.4375,0.5,0.5625,
    0.625,0.6875,0.75,0.8125,0.875,0.9375,1.0),(0.0,1.0),.UNSPECIFIED.);
#1979=ADVANCED_FACE('n° 479',(#1909),#1978,.F.);
#1980=CARTESIAN_POINT('',(5.6037394604,-1.1058643778,14.9096542328));
#1981=VERTEX_POINT('',#1980);
#1982=CARTESIAN_POINT('',(4.7445640914,-3.180773382,14.9096746653));
#1983=VERTEX_POINT('',#1982);
#1984=CARTESIAN_POINT('',(5.6037394599,-1.1058643762,14.909654233));
#1985=CARTESIAN_POINT('',(5.4868761403,-1.1439361321,14.9460734858));
#1986=CARTESIAN_POINT('',(5.3730172522,-1.1968360188,14.9791504678));
#1987=CARTESIAN_POINT('',(5.1222060704,-1.3540880839,15.0456227676));
#1988=CARTESIAN_POINT('',(4.9896055551,-1.4738680768,15.0752117927));
#1989=CARTESIAN_POINT('',(4.8163198925,-1.6978273102,15.1038170096));
#1990=CARTESIAN_POINT('',(4.7593268477,-1.7915646299,15.1103508302));
#1991=CARTESIAN_POINT('',(4.6472811605,-2.0363896619,15.1142041573));
#1992=CARTESIAN_POINT('',(4.6035623671,-2.1978771759,15.1061007644));
#1993=CARTESIAN_POINT('',(4.5714264053,-2.5153132539,15.070562368));
#1994=CARTESIAN_POINT('',(4.5827995741,-2.6768269199,15.042352742));
#1995=CARTESIAN_POINT('',(4.6465542416,-2.9538423328,14.9789358824));
#1996=CARTESIAN_POINT('',(4.6896553339,-3.0726914103,14.9461429508));
#1997=CARTESIAN_POINT('',(4.7445640911,-3.1807733823,14.9096746653));
#1998=B_SPLINE_CURVE_WITH_KNOTS('',3,(#1984,#1985,#1986,#1987,#1988,#1989,#1990,#1991,#1992,#1993,
    #1994,#1995,#1996,#1997),.UNSPECIFIED.,.F.,.U.,
 (4,2,2,2,2,2,4),(0.0,0.1463322919,0.3499981592,0.4783226063,0.6660526325,0.8537939303,1.0),.UNSPECIFIED.);
#1999=EDGE_CURVE('n° 774',#1981,#1983,#1998,.T.);
#2000=ORIENTED_EDGE('',*,*,#1999,.T.);
#2001=CARTESIAN_POINT('',(4.7445640828,-3.1807733869,14.909674663));
#2002=CARTESIAN_POINT('',(4.7465838545,-3.1804245515,14.8756279283));
#2003=CARTESIAN_POINT('',(4.748605114,-3.1800722491,14.8415802942));
#2004=CARTESIAN_POINT('',(4.8276844923,-3.1661628604,13.5104479177));
#2005=CARTESIAN_POINT('',(4.9067586228,-3.147687295,12.2135893348));
#2006=CARTESIAN_POINT('',(5.0708242777,-3.0969877894,9.6209299138));
#2007=CARTESIAN_POINT('',(5.1556915705,-3.06506645,8.3249785156));
#2008=CARTESIAN_POINT('',(5.3113963214,-2.9893509391,6.0881321818));
#2009=CARTESIAN_POINT('',(5.3795866652,-2.9516068816,5.1463271988));
#2010=CARTESIAN_POINT('',(5.4961856593,-2.8707670175,3.6690156275));
#2011=CARTESIAN_POINT('',(5.5404543145,-2.8374541651,3.1317244456));
#2012=CARTESIAN_POINT('',(5.6172138375,-2.7669245203,2.2930302028));
#2013=CARTESIAN_POINT('',(5.6464589868,-2.7377881567,1.9896196517));
#2014=CARTESIAN_POINT('',(5.697980719,-2.6775220969,1.5197200511));
#2015=CARTESIAN_POINT('',(5.7176551255,-2.6530359756,1.3509183164));
#2016=CARTESIAN_POINT('',(5.7529900629,-2.6028318462,1.0931596616));
#2017=CARTESIAN_POINT('',(5.766538366,-2.5826163971,1.0013671459));
#2018=CARTESIAN_POINT('',(5.7914520176,-2.5409721603,0.865299619));
#2019=CARTESIAN_POINT('',(5.8011381042,-2.5241149197,0.8172772593));
#2020=CARTESIAN_POINT('',(5.8175257703,-2.4925887944,0.758065012));
#2021=CARTESIAN_POINT('',(5.8226815901,-2.4823541727,0.7417527258));
#2022=CARTESIAN_POINT('',(5.8320121793,-2.4628148013,0.7196924615));
#2023=CARTESIAN_POINT('',(5.8359710599,-2.4542757892,0.7121554725));
#2024=CARTESIAN_POINT('',(5.8432262296,-2.4379504621,0.7033007533));
#2025=CARTESIAN_POINT('',(5.8465373436,-2.4302688281,0.700953207));
#2026=CARTESIAN_POINT('',(5.8529326658,-2.4148952038,0.7003507232));
#2027=CARTESIAN_POINT('',(5.8560878832,-2.4070294039,0.7021117862));
#2028=CARTESIAN_POINT('',(5.8626553639,-2.3900900543,0.7099268048));
#2029=CARTESIAN_POINT('',(5.8659889878,-2.3810552369,0.7170879864));
#2030=CARTESIAN_POINT('',(5.8740954567,-2.358253277,0.7405818996));
#2031=CARTESIAN_POINT('',(5.8781869196,-2.3457237112,0.7599027057));
#2032=CARTESIAN_POINT('',(5.8931199402,-2.2976629168,0.8474153047));
#2033=CARTESIAN_POINT('',(5.8990210798,-2.2725094306,0.9269172617));
#2034=CARTESIAN_POINT('',(5.9153105963,-2.1968184266,1.1916120977));
#2035=CARTESIAN_POINT('',(5.9194343507,-2.1600415391,1.3867790599));
#2036=CARTESIAN_POINT('',(5.9256248154,-2.0920206187,1.7755179451));
#2037=CARTESIAN_POINT('',(5.926796973,-2.0624267247,1.9718949014));
#2038=CARTESIAN_POINT('',(5.9276018093,-1.9807082852,2.5580217591));
#2039=CARTESIAN_POINT('',(5.9245543663,-1.9347533288,2.9507587936));
#2040=CARTESIAN_POINT('',(5.9155423761,-1.8501377732,3.7356629977));
#2041=CARTESIAN_POINT('',(5.9094210391,-1.8117181212,4.1288502504));
#2042=CARTESIAN_POINT('',(5.8881690636,-1.703439159,5.3092902346));
#2043=CARTESIAN_POINT('',(5.8701787625,-1.6404044044,6.0980974901));
#2044=CARTESIAN_POINT('',(5.8098913039,-1.4663386347,8.4614690429));
#2045=CARTESIAN_POINT('',(5.7628316705,-1.3686753248,10.0382408421));
#2046=CARTESIAN_POINT('',(5.6777511198,-1.2175663313,12.7132117489));
#2047=CARTESIAN_POINT('',(5.6412594246,-1.1600643595,13.8113412815));
#2048=CARTESIAN_POINT('',(5.6037394604,-1.1058643778,14.9096542328));
#2049=B_SPLINE_CURVE_WITH_KNOTS('',3,(#2001,#2002,#2003,#2004,#2005,#2006,#2007,#2008,#2009,#2010,
    #2011,#2012,#2013,#2014,#2015,#2016,#2017,#2018,#2019,#2020,
    #2021,#2022,#2023,#2024,#2025,#2026,#2027,#2028,#2029,#2030,
    #2031,#2032,#2033,#2034,#2035,#2036,#2037,#2038,#2039,#2040,
    #2041,#2042,#2043,#2044,#2045,#2046,#2047,#2048),.UNSPECIFIED.,.F.,.U.,
 (4,2,2,2,2,2,2,2,2,2,2,2,2,2,2,2,2,2,2,2,
  2,2,2,4),
 (0.0,0.0035539661,0.1389516732,0.2743527194,0.3729042585,0.4293110671,0.4613650261,0.4794187656,0.4894891403,0.4950746086,0.4973565475,0.498838323,0.4999856075,0.5011357635,0.5026222167,0.5052789179,0.514090971,0.5348631638,0.5556353567,0.5968875068,
  0.638139657,0.7206439574,0.8853567968,1.0),.UNSPECIFIED.);
#2050=EDGE_CURVE('n° 778',#1983,#1981,#2049,.T.);
#2051=ORIENTED_EDGE('',*,*,#2050,.T.);
#2052=EDGE_LOOP('',(#2000,#2051));
#2053=FACE_OUTER_BOUND('',#2052,.T.);
#2054=CARTESIAN_POINT('',(7.1818965182,-4.5161013616,0.0));
#2055=CARTESIAN_POINT('',(5.9769443018,-3.9871758389,16.0));
#2056=CARTESIAN_POINT('',(7.3065646517,-4.5252039162,0.0));
#2057=CARTESIAN_POINT('',(6.1019220958,-3.9895318939,16.0));
#2058=CARTESIAN_POINT('',(7.4486961149,-4.5203410809,0.0));
#2059=CARTESIAN_POINT('',(6.2435834727,-3.9769997635,16.0));
#2060=CARTESIAN_POINT('',(7.7616052308,-4.453349401,0.0));
#2061=CARTESIAN_POINT('',(6.5524177196,-3.8932059214,16.0));
#2062=CARTESIAN_POINT('',(7.9330395469,-4.3904663725,0.0));
#2063=CARTESIAN_POINT('',(6.7202055617,-3.8211556609,16.0));
#2064=CARTESIAN_POINT('',(8.2696668733,-4.174406096,0.0));
#2065=CARTESIAN_POINT('',(7.04467234,-3.587229797,16.0));
#2066=CARTESIAN_POINT('',(8.4341889412,-4.01947013,0.0));
#2067=CARTESIAN_POINT('',(7.2005863261,-3.4236342797,16.0));
#2068=CARTESIAN_POINT('',(8.6852911443,-3.6214739356,0.0));
#2069=CARTESIAN_POINT('',(7.4298266144,-3.0126571789,16.0));
#2070=CARTESIAN_POINT('',(8.7689396655,-3.3786506819,0.0));
#2071=CARTESIAN_POINT('',(7.50023838,-2.765670558,16.0));
#2072=CARTESIAN_POINT('',(8.8053498838,-2.8799781481,0.0));
#2073=CARTESIAN_POINT('',(7.5096625998,-2.2657593819,16.0));
#2074=CARTESIAN_POINT('',(8.7578596071,-2.6275798889,0.0));
#2075=CARTESIAN_POINT('',(7.4486098346,-2.0162944194,16.0));
#2076=CARTESIAN_POINT('',(8.5672311229,-2.1973310444,0.0));
#2077=CARTESIAN_POINT('',(7.2350222298,-1.5969692207,16.0));
#2078=CARTESIAN_POINT('',(8.4269590164,-2.0201407498,0.0));
#2079=CARTESIAN_POINT('',(7.0853849697,-1.4276135159,16.0));
#2080=CARTESIAN_POINT('',(8.1252854995,-1.7574753939,0.0));
#2081=CARTESIAN_POINT('',(6.7699654425,-1.1816246506,16.0));
#2082=CARTESIAN_POINT('',(7.9648033771,-1.6703577241,0.0));
#2083=CARTESIAN_POINT('',(6.6050124057,-1.1033016294,16.0));
#2084=CARTESIAN_POINT('',(7.6649436834,-1.5586251679,0.0));
#2085=CARTESIAN_POINT('',(6.2995557993,-1.0079273059,16.0));
#2086=CARTESIAN_POINT('',(7.5250259615,-1.5331687132,0.0));
#2087=CARTESIAN_POINT('',(6.1584674149,-0.9900648368,16.0));
#2088=CARTESIAN_POINT('',(7.2756896946,-1.514963604,0.0));
#2089=CARTESIAN_POINT('',(5.9085118268,-0.9853527268,16.0));
#2090=CARTESIAN_POINT('',(7.1335582314,-1.5198264393,0.0));
#2091=CARTESIAN_POINT('',(5.7668504499,-0.9978848572,16.0));
#2092=CARTESIAN_POINT('',(6.8206491155,-1.5868181192,0.0));
#2093=CARTESIAN_POINT('',(5.4580162031,-1.0816786993,16.0));
#2094=CARTESIAN_POINT('',(6.6492147994,-1.6497011477,0.0));
#2095=CARTESIAN_POINT('',(5.290228361,-1.1537289598,16.0));
#2096=CARTESIAN_POINT('',(6.3125874729,-1.8657614242,0.0));
#2097=CARTESIAN_POINT('',(4.9657615827,-1.3876548237,16.0));
#2098=CARTESIAN_POINT('',(6.1480654051,-2.0206973902,0.0));
#2099=CARTESIAN_POINT('',(4.8098475965,-1.551250341,16.0));
#2100=CARTESIAN_POINT('',(5.8969632019,-2.4186935846,0.0));
#2101=CARTESIAN_POINT('',(4.5806073082,-1.9622274418,16.0));
#2102=CARTESIAN_POINT('',(5.8133146808,-2.6615168383,0.0));
#2103=CARTESIAN_POINT('',(4.5101955427,-2.2092140627,16.0));
#2104=CARTESIAN_POINT('',(5.7769044625,-3.1601893721,0.0));
#2105=CARTESIAN_POINT('',(4.5007713228,-2.7091252389,16.0));
#2106=CARTESIAN_POINT('',(5.8243947392,-3.4125876313,0.0));
#2107=CARTESIAN_POINT('',(4.561824088,-2.9585902013,16.0));
#2108=CARTESIAN_POINT('',(6.0150232234,-3.8428364758,0.0));
#2109=CARTESIAN_POINT('',(4.7754116928,-3.3779154,16.0));
#2110=CARTESIAN_POINT('',(6.1552953299,-4.0200267704,0.0));
#2111=CARTESIAN_POINT('',(4.9250489529,-3.5472711048,16.0));
#2112=CARTESIAN_POINT('',(6.4569688467,-4.2826921263,0.0));
#2113=CARTESIAN_POINT('',(5.2404684801,-3.7932599701,16.0));
#2114=CARTESIAN_POINT('',(6.6174509692,-4.3698097961,0.0));
#2115=CARTESIAN_POINT('',(5.4054215169,-3.8715829914,16.0));
#2116=CARTESIAN_POINT('',(6.9173106628,-4.4815423523,0.0));
#2117=CARTESIAN_POINT('',(5.7108781234,-3.9669573148,16.0));
#2118=CARTESIAN_POINT('',(7.0572283848,-4.506998807,0.0));
#2119=CARTESIAN_POINT('',(5.8519665077,-3.984819784,16.0));
#2120=CARTESIAN_POINT('',(7.1818965182,-4.5161013616,0.0));
#2121=CARTESIAN_POINT('',(5.9769443018,-3.9871758389,16.0));
#2122=B_SPLINE_SURFACE_WITH_KNOTS('',3,1,((#2054,#2055),(#2056,#2057),(#2058,#2059),(#2060,#2061),(#2062,#2063),(#2064,#2065),(#2066,#2067),(#2068,#2069),(#2070,#2071),(#2072,#2073),(#2074,#2075),
    (#2076,#2077),(#2078,#2079),(#2080,#2081),(#2082,#2083),(#2084,#2085),(#2086,#2087),(#2088,#2089),(#2090,#2091),(#2092,#2093),(#2094,#2095),(#2096,#2097),(#2098,#2099),(#2100,#2101),(#2102,#2103),(#2104,#2105),(#2106,#2107),(#2108,#2109),(#2110,#2111),(#2112,#2113),
    (#2114,#2115),(#2116,#2117),(#2118,#2119),(#2120,#2121)),.UNSPECIFIED.,.T.,.F.,.U.,
 (4,2,2,2,2,2,2,2,2,2,2,2,2,2,2,2,4),(2,2),(0.0,0.0625,0.125,0.1875,0.25,0.3125,0.375,0.4375,0.5,0.5625,
    0.625,0.6875,0.75,0.8125,0.875,0.9375,1.0),(0.0,1.0),.UNSPECIFIED.);
#2123=ADVANCED_FACE('n° 540',(#2053),#2122,.F.);
#2124=CARTESIAN_POINT('',(4.7444063731,3.1804779718,14.9096542328));
#2125=VERTEX_POINT('',#2124);
#2126=CARTESIAN_POINT('',(5.6040598706,1.105767015,14.9096746653));
#2127=VERTEX_POINT('',#2126);
#2128=CARTESIAN_POINT('',(4.7444063731,3.1804779719,14.909654233));
#2129=CARTESIAN_POINT('',(4.7055657888,3.10410217,14.9350436112));
#2130=CARTESIAN_POINT('',(4.6726893371,3.0233822173,14.9588985389));
#2131=CARTESIAN_POINT('',(4.6003357151,2.7898858561,15.0196157701));
#2132=CARTESIAN_POINT('',(4.5772827872,2.6284719508,15.0518259293));
#2133=CARTESIAN_POINT('',(4.5844019227,2.3074984254,15.0964890911));
#2134=CARTESIAN_POINT('',(4.6143925874,2.1463314009,15.1096208217));
#2135=CARTESIAN_POINT('',(4.7063692429,1.8991259696,15.1133956566));
#2136=CARTESIAN_POINT('',(4.7536911417,1.8043451261,15.1105569208));
#2137=CARTESIAN_POINT('',(4.9025462361,1.5709919529,15.0920749493));
#2138=CARTESIAN_POINT('',(5.0205873769,1.4433689477,15.0684117503));
#2139=CARTESIAN_POINT('',(5.2916449269,1.2380023913,15.0022013802));
#2140=CARTESIAN_POINT('',(5.4471760843,1.1569479337,14.9593162347));
#2141=CARTESIAN_POINT('',(5.6040598706,1.105767015,14.9096746653));
#2142=B_SPLINE_CURVE_WITH_KNOTS('',3,(#2128,#2129,#2130,#2131,#2132,#2133,#2134,#2135,#2136,#2137,
    #2138,#2139,#2140,#2141),.UNSPECIFIED.,.F.,.U.,
 (4,2,2,2,2,2,4),(0.0,0.1020395644,0.2900189556,0.4782661116,0.5997119778,0.8009313145,1.0),.UNSPECIFIED.);
#2143=EDGE_CURVE('n° 865',#2125,#2127,#2142,.T.);
#2144=ORIENTED_EDGE('',*,*,#2143,.T.);
#2145=CARTESIAN_POINT('',(5.604059868,1.1057670054,14.909674663));
#2146=CARTESIAN_POINT('',(5.6052413984,1.1074418636,14.8756279282));
#2147=CARTESIAN_POINT('',(5.6064215463,1.1091202192,14.8415802951));
#2148=CARTESIAN_POINT('',(5.6525036872,1.1748732097,13.5104479187));
#2149=CARTESIAN_POINT('',(5.695353405,1.2438512109,12.2135893381));
#2150=CARTESIAN_POINT('',(5.7755153717,1.3957131425,9.6209299194));
#2151=CARTESIAN_POINT('',(5.8129538212,1.4782951227,8.324978517));
#2152=CARTESIAN_POINT('',(5.8695147472,1.641933999,6.0881321875));
#2153=CARTESIAN_POINT('',(5.8910434362,1.7168409899,5.1463271988));
#2154=CARTESIAN_POINT('',(5.9163289618,1.8564513359,3.6690156261));
#2155=CARTESIAN_POINT('',(5.9240759005,1.9113097317,3.1317244453));
#2156=CARTESIAN_POINT('',(5.9284810891,2.0154589026,2.2930302029));
#2157=CARTESIAN_POINT('',(5.9285580177,2.0567408558,1.9896196508));
#2158=CARTESIAN_POINT('',(5.9223748424,2.1357867671,1.5197200519));
#2159=CARTESIAN_POINT('',(5.9189724426,2.1670129793,1.350918316));
#2160=CARTESIAN_POINT('',(5.9084583356,2.227498235,1.0931596619));
#2161=CARTESIAN_POINT('',(5.9037439506,2.251372814,1.0013671457));
#2162=CARTESIAN_POINT('',(5.8919136402,2.2984363486,0.8652996191));
#2163=CARTESIAN_POINT('',(5.8868428685,2.3172053155,0.8172772592));
#2164=CARTESIAN_POINT('',(5.8761383613,2.3510854824,0.7580650121));
#2165=CARTESIAN_POINT('',(5.8725471059,2.3619681682,0.7417527258));
#2166=CARTESIAN_POINT('',(5.8653284067,2.3823823131,0.7196924615));
#2167=CARTESIAN_POINT('',(5.8620897647,2.3912196578,0.7121554725));
#2168=CARTESIAN_POINT('',(5.8556761949,2.407893587,0.7033007533));
#2169=CARTESIAN_POINT('',(5.8525857706,2.4156666337,0.700953207));
#2170=CARTESIAN_POINT('',(5.8462371523,2.4310596034,0.7003507232));
#2171=CARTESIAN_POINT('',(5.8429062675,2.4388526394,0.7021117862));
#2172=CARTESIAN_POINT('',(5.8355722487,2.4554744785,0.7099268048));
#2173=CARTESIAN_POINT('',(5.831540896,2.4642202873,0.7170879864));
#2174=CARTESIAN_POINT('',(5.8211496146,2.4860758469,0.7405818995));
#2175=CARTESIAN_POINT('',(5.8151829748,2.4978286892,0.7599027057));
#2176=CARTESIAN_POINT('',(5.7917581013,2.5423720431,0.8474153045));
#2177=CARTESIAN_POINT('',(5.7781445973,2.5643311475,0.9269172942));
#2178=CARTESIAN_POINT('',(5.7361413229,2.6293713816,1.1916120293));
#2179=CARTESIAN_POINT('',(5.7130521901,2.6582921503,1.38677906));
#2180=CARTESIAN_POINT('',(5.6693314556,2.7107675239,1.7755179451));
#2181=CARTESIAN_POINT('',(5.6492342531,2.7325224077,1.9718949014));
#2182=CARTESIAN_POINT('',(5.5920196955,2.7908751756,2.5580217591));
#2183=CARTESIAN_POINT('',(5.5573697667,2.8212153692,2.9507587937));
#2184=CARTESIAN_POINT('',(5.4911650941,2.8746751629,3.7356629978));
#2185=CARTESIAN_POINT('',(5.4596698587,2.8975135206,4.1288502504));
#2186=CARTESIAN_POINT('',(5.3680776543,2.959050893,5.3092902346));
#2187=CARTESIAN_POINT('',(5.3107842879,2.9909021312,6.0980974901));
#2188=CARTESIAN_POINT('',(5.1450715311,3.0713555464,8.461469043));
#2189=CARTESIAN_POINT('',(5.0427369564,3.1071377496,10.0382408422));
#2190=CARTESIAN_POINT('',(4.8757257281,3.1538269091,12.713211749));
#2191=CARTESIAN_POINT('',(4.8092621688,3.1686834184,13.8113412815));
#2192=CARTESIAN_POINT('',(4.744406373,3.1804779718,14.9096542328));
#2193=B_SPLINE_CURVE_WITH_KNOTS('',3,(#2145,#2146,#2147,#2148,#2149,#2150,#2151,#2152,#2153,#2154,
    #2155,#2156,#2157,#2158,#2159,#2160,#2161,#2162,#2163,#2164,
    #2165,#2166,#2167,#2168,#2169,#2170,#2171,#2172,#2173,#2174,
    #2175,#2176,#2177,#2178,#2179,#2180,#2181,#2182,#2183,#2184,
    #2185,#2186,#2187,#2188,#2189,#2190,#2191,#2192),.UNSPECIFIED.,.F.,.U.,
 (4,2,2,2,2,2,2,2,2,2,2,2,2,2,2,2,2,2,2,2,
  2,2,2,4),
 (0.0,0.0035539662,0.1389516732,0.2743527194,0.3729042585,0.4293110671,0.4613650261,0.4794187656,0.4894891403,0.4950746086,0.4973565475,0.498838323,0.4999856075,0.5011357635,0.5026222167,0.5052789179,0.514090971,0.5348631638,0.5556353567,0.5968875068,
  0.638139657,0.7206439574,0.8853567968,1.0),.UNSPECIFIED.);
#2194=EDGE_CURVE('n° 869',#2127,#2125,#2193,.T.);
#2195=ORIENTED_EDGE('',*,*,#2194,.T.);
#2196=EDGE_LOOP('',(#2144,#2195));
#2197=FACE_OUTER_BOUND('',#2196,.T.);
#2198=CARTESIAN_POINT('',(8.2717336271,1.8850018325,0.0));
#2199=CARTESIAN_POINT('',(7.04569692,1.406978773,16.0));
#2200=CARTESIAN_POINT('',(8.3663237878,1.966719037,0.0));
#2201=CARTESIAN_POINT('',(7.1357355482,1.4936854363,16.0));
#2202=CARTESIAN_POINT('',(8.4633873654,2.0706597023,0.0));
#2203=CARTESIAN_POINT('',(7.227043714,1.6027167109,16.0));
#2204=CARTESIAN_POINT('',(8.637277252,2.3392901312,0.0));
#2205=CARTESIAN_POINT('',(7.3861713103,1.8803466951,16.0));
#2206=CARTESIAN_POINT('',(8.7140346036,2.5049775145,0.0));
#2207=CARTESIAN_POINT('',(7.4538680034,2.0499378438,16.0));
#2208=CARTESIAN_POINT('',(8.7992883822,2.8957866664,0.0));
#2209=CARTESIAN_POINT('',(7.517890098,2.4447810677,16.0));
#2210=CARTESIAN_POINT('',(8.8060667798,3.1216776084,0.0));
#2211=CARTESIAN_POINT('',(7.5124584352,2.6707084042,16.0));
#2212=CARTESIAN_POINT('',(8.7021970425,3.580659487,0.0));
#2213=CARTESIAN_POINT('',(7.3839511027,3.1234104615,16.0));
#2214=CARTESIAN_POINT('',(8.5896435097,3.8115098928,0.0));
#2215=CARTESIAN_POINT('',(7.2590938251,3.3478450129,16.0));
#2216=CARTESIAN_POINT('',(8.2627746917,4.1898705354,0.0));
#2217=CARTESIAN_POINT('',(6.9122671722,3.7079995253,16.0));
#2218=CARTESIAN_POINT('',(8.0507214744,4.3347623593,0.0));
#2219=CARTESIAN_POINT('',(6.6926979813,3.8412270676,16.0));
#2220=CARTESIAN_POINT('',(7.611694905,4.504199541,0.0));
#2221=CARTESIAN_POINT('',(6.2451610461,3.9867055154,16.0));
#2222=CARTESIAN_POINT('',(7.3872150884,4.5303046421,0.0));
#2223=CARTESIAN_POINT('',(6.0195989574,4.0006485614,16.0));
#2224=CARTESIAN_POINT('',(6.9881672446,4.502721707,0.0));
#2225=CARTESIAN_POINT('',(5.6226232761,3.9515536695,16.0));
#2226=CARTESIAN_POINT('',(6.8130877525,4.450845205,0.0));
#2227=CARTESIAN_POINT('',(5.4506011257,3.8902969981,16.0));
#2228=CARTESIAN_POINT('',(6.5220480815,4.3178192304,0.0));
#2229=CARTESIAN_POINT('',(5.1671708571,3.7417463912,16.0));
#2230=CARTESIAN_POINT('',(6.4051108798,4.2368828922,0.0));
#2231=CARTESIAN_POINT('',(5.0547756307,3.6546125109,16.0));
#2232=CARTESIAN_POINT('',(6.2159305585,4.0734484832,0.0));
#2233=CARTESIAN_POINT('',(4.8746983745,3.4811991845,16.0));
#2234=CARTESIAN_POINT('',(6.1188669809,3.9695078179,0.0));
#2235=CARTESIAN_POINT('',(4.7833902086,3.3721679099,16.0));
#2236=CARTESIAN_POINT('',(5.9449770943,3.700877389,0.0));
#2237=CARTESIAN_POINT('',(4.6242626124,3.0945379257,16.0));
#2238=CARTESIAN_POINT('',(5.8682197427,3.5351900057,0.0));
#2239=CARTESIAN_POINT('',(4.5565659192,2.9249467769,16.0));
#2240=CARTESIAN_POINT('',(5.7829659641,3.1443808538,0.0));
#2241=CARTESIAN_POINT('',(4.4925438247,2.5301035531,16.0));
#2242=CARTESIAN_POINT('',(5.7761875665,2.9184899118,0.0));
#2243=CARTESIAN_POINT('',(4.4979754874,2.3041762165,16.0));
#2244=CARTESIAN_POINT('',(5.8800573038,2.4595080332,0.0));
#2245=CARTESIAN_POINT('',(4.62648282,1.8514741592,16.0));
#2246=CARTESIAN_POINT('',(5.9926108365,2.2286576274,0.0));
#2247=CARTESIAN_POINT('',(4.7513400975,1.6270396079,16.0));
#2248=CARTESIAN_POINT('',(6.3194796545,1.8502969848,0.0));
#2249=CARTESIAN_POINT('',(5.0981667504,1.2668850954,16.0));
#2250=CARTESIAN_POINT('',(6.5315328718,1.7054051609,0.0));
#2251=CARTESIAN_POINT('',(5.3177359413,1.1336575531,16.0));
#2252=CARTESIAN_POINT('',(6.9705594413,1.5359679792,0.0));
#2253=CARTESIAN_POINT('',(5.7652728766,0.9881791053,16.0));
#2254=CARTESIAN_POINT('',(7.1950392578,1.5098628781,0.0));
#2255=CARTESIAN_POINT('',(5.9908349652,0.9742360593,16.0));
#2256=CARTESIAN_POINT('',(7.5940871017,1.5374458132,0.0));
#2257=CARTESIAN_POINT('',(6.3878106466,1.0233309512,16.0));
#2258=CARTESIAN_POINT('',(7.7691665938,1.5893223152,0.0));
#2259=CARTESIAN_POINT('',(6.5598327969,1.0845876226,16.0));
#2260=CARTESIAN_POINT('',(8.0602062647,1.7223482898,0.0));
#2261=CARTESIAN_POINT('',(6.8432630656,1.2331382296,16.0));
#2262=CARTESIAN_POINT('',(8.1771434665,1.803284628,0.0));
#2263=CARTESIAN_POINT('',(6.9556582919,1.3202721098,16.0));
#2264=CARTESIAN_POINT('',(8.2717336271,1.8850018325,0.0));
#2265=CARTESIAN_POINT('',(7.04569692,1.406978773,16.0));
#2266=B_SPLINE_SURFACE_WITH_KNOTS('',3,1,((#2198,#2199),(#2200,#2201),(#2202,#2203),(#2204,#2205),(#2206,#2207),(#2208,#2209),(#2210,#2211),(#2212,#2213),(#2214,#2215),(#2216,#2217),(#2218,#2219),
    (#2220,#2221),(#2222,#2223),(#2224,#2225),(#2226,#2227),(#2228,#2229),(#2230,#2231),(#2232,#2233),(#2234,#2235),(#2236,#2237),(#2238,#2239),(#2240,#2241),(#2242,#2243),(#2244,#2245),(#2246,#2247),(#2248,#2249),(#2250,#2251),(#2252,#2253),(#2254,#2255),(#2256,#2257),
    (#2258,#2259),(#2260,#2261),(#2262,#2263),(#2264,#2265)),.UNSPECIFIED.,.T.,.F.,.U.,
 (4,2,2,2,2,2,2,2,2,2,2,2,2,2,2,2,4),(2,2),(0.0,0.0625,0.125,0.1875,0.25,0.3125,0.375,0.4375,0.5,0.5625,
    0.625,0.6875,0.75,0.8125,0.875,0.9375,1.0),(0.0,1.0),.UNSPECIFIED.);
#2267=ADVANCED_FACE('n° 601',(#2197),#2266,.F.);
#2268=CARTESIAN_POINT('',(3.175,0.0,0.1));
#2269=VERTEX_POINT('',#2268);
#2270=CARTESIAN_POINT('',(0.0,0.0,0.1));
#2271=DIRECTION('',(-0.0,-0.0,-1.0));
#2272=DIRECTION('',(1.0,0.0,-0.0));
#2273=AXIS2_PLACEMENT_3D('',#2270,#2271,#2272);
#2274=CIRCLE('',#2273,3.175);
#2275=EDGE_CURVE('n° 1645',#2269,#2269,#2274,.T.);
#2276=ORIENTED_EDGE('',*,*,#2275,.T.);
#2277=EDGE_LOOP('',(#2276));
#2278=FACE_OUTER_BOUND('',#2277,.T.);
#2279=CARTESIAN_POINT('',(0.0,-3.175,6.0));
#2280=VERTEX_POINT('',#2279);
#2281=CARTESIAN_POINT('',(0.0,-3.175,6.0));
#2282=CARTESIAN_POINT('',(-0.1292352384,-3.175,6.0));
#2283=CARTESIAN_POINT('',(-0.260240782,-3.1666909286,5.9784561681));
#2284=CARTESIAN_POINT('',(-0.503487139,-3.1372141861,5.8967844124));
#2285=CARTESIAN_POINT('',(-0.6190655077,-3.1158037866,5.8357853845));
#2286=CARTESIAN_POINT('',(-0.8259256834,-3.0676028017,5.6804674819));
#2287=CARTESIAN_POINT('',(-0.9189761753,-3.0400957983,5.5828589383));
#2288=CARTESIAN_POINT('',(-1.0698604722,-2.9904131047,5.3604779843));
#2289=CARTESIAN_POINT('',(-1.1283401326,-2.9679677088,5.2313278944));
#2290=CARTESIAN_POINT('',(-1.1954989818,-2.9415393922,4.9685102246));
#2291=CARTESIAN_POINT('',(-1.2069678069,-2.9366650018,4.8314400302));
#2292=CARTESIAN_POINT('',(-1.1851377479,-2.945539649,4.5738911138));
#2293=CARTESIAN_POINT('',(-1.1543726625,-2.958153803,4.4495714117));
#2294=CARTESIAN_POINT('',(-1.0573772178,-2.9942124058,4.2186730289));
#2295=CARTESIAN_POINT('',(-0.9893428549,-3.0181382394,4.1094053346));
#2296=CARTESIAN_POINT('',(-0.8196207293,-3.0687480673,3.9133426297));
#2297=CARTESIAN_POINT('',(-0.7135062565,-3.0960741816,3.8258172357));
#2298=CARTESIAN_POINT('',(-0.4781297752,-3.1411132331,3.6909142339));
#2299=CARTESIAN_POINT('',(-0.3448904049,-3.1591599139,3.6423453542));
#2300=CARTESIAN_POINT('',(-0.0799622991,-3.176615855,3.5955462552));
#2301=CARTESIAN_POINT('',(0.0551052835,-3.177162104,3.5941469238));
#2302=CARTESIAN_POINT('',(0.3086667353,-3.1624116235,3.6335766236));
#2303=CARTESIAN_POINT('',(0.4309179566,-3.1476409438,3.6731414102));
#2304=CARTESIAN_POINT('',(0.6564077426,-3.1085747065,3.7872939666));
#2305=CARTESIAN_POINT('',(0.7620027179,-3.0836093786,3.8642834235));
#2306=CARTESIAN_POINT('',(0.9466770281,-3.0321852145,4.0503473023));
#2307=CARTESIAN_POINT('',(1.0264653684,-3.0051314519,4.1637618821));
#2308=CARTESIAN_POINT('',(1.1428861938,-2.9628174301,4.4096349431));
#2309=CARTESIAN_POINT('',(1.1808831907,-2.9472613675,4.5460151394));
#2310=CARTESIAN_POINT('',(1.2068419641,-2.9367227825,4.8113960551));
#2311=CARTESIAN_POINT('',(1.1982443851,-2.9403732058,4.9438873988));
#2312=CARTESIAN_POINT('',(1.1415452934,-2.9628365289,5.1903409628));
#2313=CARTESIAN_POINT('',(1.0941329048,-2.9812626805,5.3079566423));
#2314=CARTESIAN_POINT('',(0.9648909897,-3.0256444434,5.5251141874));
#2315=CARTESIAN_POINT('',(0.8796940132,-3.0523761881,5.6263422863));
#2316=CARTESIAN_POINT('',(0.6781758539,-3.1035617914,5.7993334639));
#2317=CARTESIAN_POINT('',(0.557318549,-3.1283990024,5.8716198392));
#2318=CARTESIAN_POINT('',(0.2937332802,-3.1643151106,5.9724291663));
#2319=CARTESIAN_POINT('',(0.1456276844,-3.175,6.0));
#2320=CARTESIAN_POINT('',(0.0,-3.175,6.0));
#2321=B_SPLINE_CURVE_WITH_KNOTS('',3,(#2281,#2282,#2283,#2284,#2285,#2286,#2287,#2288,#2289,#2290,
    #2291,#2292,#2293,#2294,#2295,#2296,#2297,#2298,#2299,#2300,
    #2301,#2302,#2303,#2304,#2305,#2306,#2307,#2308,#2309,#2310,
    #2311,#2312,#2313,#2314,#2315,#2316,#2317,#2318,#2319,#2320),.UNSPECIFIED.,.T.,.U.,
 (4,2,2,2,2,2,2,2,2,2,2,2,2,2,2,2,2,2,2,4),
 (0.0,0.0511814225,0.102286939,0.1553901353,0.2105190262,0.2633277683,0.3129429639,0.3635346129,0.4175793104,0.4724468805,0.5243480563,0.5742402251,0.6256292892,0.6800402182,0.7346627606,0.7857238777,0.8352105053,0.8873359605,0.9423266275,1.0),.UNSPECIFIED.);
#2322=EDGE_CURVE('n° 701',#2280,#2280,#2321,.T.);
#2323=ORIENTED_EDGE('',*,*,#2322,.T.);
#2324=EDGE_LOOP('',(#2323));
#2325=FACE_BOUND('',#2324,.T.);
#2326=CARTESIAN_POINT('',(-3.175,0.0,12.7));
#2327=VERTEX_POINT('',#2326);
#2328=CARTESIAN_POINT('',(0.0,0.0,12.7));
#2329=DIRECTION('',(0.0,0.0,-1.0));
#2330=DIRECTION('',(-1.0,0.0,-0.0));
#2331=AXIS2_PLACEMENT_3D('',#2328,#2329,#2330);
#2332=CIRCLE('',#2331,3.175);
#2333=EDGE_CURVE('n° 651',#2327,#2327,#2332,.T.);
#2334=ORIENTED_EDGE('',*,*,#2333,.F.);
#2335=EDGE_LOOP('',(#2334));
#2336=FACE_BOUND('',#2335,.T.);
#2337=CARTESIAN_POINT('',(0.0,0.0,12.7));
#2338=DIRECTION('',(-0.0,-0.0,-1.0));
#2339=DIRECTION('',(-1.0,0.0,0.0));
#2340=AXIS2_PLACEMENT_3D('',#2337,#2338,#2339);
#2341=CYLINDRICAL_SURFACE('',#2340,3.175);
#2342=ADVANCED_FACE('n° 657',(#2278,#2325,#2336),#2341,.F.);
#2343=ORIENTED_EDGE('',*,*,#2333,.T.);
#2344=EDGE_LOOP('',(#2343));
#2345=FACE_OUTER_BOUND('',#2344,.T.);
#2346=CARTESIAN_POINT('',(0.0,0.0,12.7));
#2347=DIRECTION('',(0.0,0.0,-1.0));
#2348=DIRECTION('',(-1.0,0.0,-0.0));
#2349=AXIS2_PLACEMENT_3D('',#2346,#2347,#2348);
#2350=PLANE('',#2349);
#2351=ADVANCED_FACE('n° 662',(#2345),#2350,.T.);
#2352=ORIENTED_EDGE('',*,*,#842,.T.);
#2353=EDGE_LOOP('',(#2352));
#2354=FACE_OUTER_BOUND('',#2353,.T.);
#2355=ORIENTED_EDGE('',*,*,#2322,.F.);
#2356=EDGE_LOOP('',(#2355));
#2357=FACE_BOUND('',#2356,.T.);
#2358=CARTESIAN_POINT('',(0.0,-12.7,4.8));
#2359=DIRECTION('',(-0.0,1.0,-0.0));
#2360=DIRECTION('',(0.0,0.0,1.0));
#2361=AXIS2_PLACEMENT_3D('',#2358,#2359,#2360);
#2362=CYLINDRICAL_SURFACE('',#2361,1.2);
#2363=ADVANCED_FACE('n° 710',(#2354,#2357),#2362,.F.);
#2364=CARTESIAN_POINT('',(-4.2956690468,3.3990849637,14.8808078637));
#2365=DIRECTION('',(-0.4387660217,0.8753308913,-0.2031753157));
#2366=DIRECTION('',(-0.8939771308,-0.4481125859,0.0));
#2367=AXIS2_PLACEMENT_3D('',#2364,#2365,#2366);
#2368=CIRCLE('',#2367,0.5);
#2369=EDGE_CURVE('n° 1160',#1407,#986,#2368,.T.);
#2370=ORIENTED_EDGE('',*,*,#2369,.F.);
#2371=ORIENTED_EDGE('',*,*,#1423,.F.);
#2372=CARTESIAN_POINT('',(-5.4410145002,0.6339655811,14.8808078637));
#2373=DIRECTION('',(-0.9294039975,-0.3080630268,-0.2032372526));
#2374=DIRECTION('',(0.3146294951,-0.94921456,0.0));
#2375=AXIS2_PLACEMENT_3D('',#2372,#2373,#2374);
#2376=CIRCLE('',#2375,0.5);
#2377=EDGE_CURVE('n° 1159',#995,#1405,#2376,.T.);
#2378=ORIENTED_EDGE('',*,*,#2377,.F.);
#2379=ORIENTED_EDGE('',*,*,#1011,.F.);
#2380=EDGE_LOOP('',(#2370,#2371,#2378,#2379));
#2381=FACE_OUTER_BOUND('',#2380,.T.);
#2382=CARTESIAN_POINT('',(-5.5518746158,0.6468825636,15.3681918871));
#2383=CARTESIAN_POINT('',(-5.5658144267,0.6918154213,15.3638303037));
#2384=CARTESIAN_POINT('',(-5.5782580382,0.7365693039,15.3528978873));
#2385=CARTESIAN_POINT('',(-5.5991647677,0.8221654017,15.3187594857));
#2386=CARTESIAN_POINT('',(-5.607625644,0.8629984386,15.295557161));
#2387=CARTESIAN_POINT('',(-5.619890577,0.9374921091,15.2387286626));
#2388=CARTESIAN_POINT('',(-5.6236933186,0.9711447551,15.2051085825));
#2389=CARTESIAN_POINT('',(-5.6263373923,1.0285894532,15.1301263894));
#2390=CARTESIAN_POINT('',(-5.6251784409,1.0523753459,15.0887723165));
#2391=CARTESIAN_POINT('',(-5.617990589,1.0881854809,15.0016219707));
#2392=CARTESIAN_POINT('',(-5.6119624593,1.1002058834,14.9558350426));
#2393=CARTESIAN_POINT('',(-5.6037394599,1.1058643762,14.909654233));
#2394=CARTESIAN_POINT('',(-5.3940614223,0.6991917964,15.402701659));
#2395=CARTESIAN_POINT('',(-5.4112729911,0.7422921413,15.3976444497));
#2396=CARTESIAN_POINT('',(-5.4270760099,0.7852052075,15.3862068593));
#2397=CARTESIAN_POINT('',(-5.4546395732,0.8673552509,15.35145323));
#2398=CARTESIAN_POINT('',(-5.4663972973,0.9065839727,15.3281406969));
#2399=CARTESIAN_POINT('',(-5.4849510413,0.9783305552,15.2714403819));
#2400=CARTESIAN_POINT('',(-5.491745151,1.0108412042,15.2380583123));
#2401=CARTESIAN_POINT('',(-5.4998373623,1.0666354015,15.1638014387));
#2402=CARTESIAN_POINT('',(-5.5011346133,1.0899133384,15.1229341122));
#2403=CARTESIAN_POINT('',(-5.4981256513,1.1254388305,15.0368688217));
#2404=CARTESIAN_POINT('',(-5.4938197145,1.1376828078,14.9916795229));
#2405=CARTESIAN_POINT('',(-5.4868761403,1.1439361321,14.9460734858));
#2406=CARTESIAN_POINT('',(-5.2399475285,0.7717825344,15.4340216107));
#2407=CARTESIAN_POINT('',(-5.2603050273,0.8126746447,15.4283474224));
#2408=CARTESIAN_POINT('',(-5.2793320688,0.8533665254,15.4164645975));
#2409=CARTESIAN_POINT('',(-5.3132948446,0.9313061133,15.3811724159));
#2410=CARTESIAN_POINT('',(-5.3282273181,0.9685464174,15.3577664228));
#2411=CARTESIAN_POINT('',(-5.3528708288,1.0367824956,15.3011880201));
#2412=CARTESIAN_POINT('',(-5.3625794942,1.0677717879,15.2680209993));
#2413=CARTESIAN_POINT('',(-5.3760387265,1.1211747857,15.1944154216));
#2414=CARTESIAN_POINT('',(-5.3797879897,1.1435834175,15.1539838735));
#2415=CARTESIAN_POINT('',(-5.3810409864,1.1781384886,15.0688912002));
#2416=CARTESIAN_POINT('',(-5.3785445831,1.1902816435,15.0242381767));
#2417=CARTESIAN_POINT('',(-5.3730172719,1.1968359976,14.9791504705));
#2418=CARTESIAN_POINT('',(-4.9010558849,0.9865583674,15.4969885103));
#2419=CARTESIAN_POINT('',(-4.9282375293,1.0215759224,15.4901008753));
#2420=CARTESIAN_POINT('',(-4.9542463281,1.0563535212,15.477345001));
#2421=CARTESIAN_POINT('',(-5.0020697638,1.1229789139,15.4409997018));
#2422=CARTESIAN_POINT('',(-5.0238803016,1.1548211065,15.4174133583));
#2423=CARTESIAN_POINT('',(-5.0617474591,1.2133213507,15.3610808008));
#2424=CARTESIAN_POINT('',(-5.0778008249,1.2399744834,15.3283393561));
#2425=CARTESIAN_POINT('',(-5.103003295,1.2862089214,15.2560199374));
#2426=CARTESIAN_POINT('',(-5.1121502231,1.3057863372,15.2164480827));
#2427=CARTESIAN_POINT('',(-5.1228811812,1.3364817283,15.1332760901));
#2428=CARTESIAN_POINT('',(-5.1244642686,1.3475971182,15.0896829881));
#2429=CARTESIAN_POINT('',(-5.1222060983,1.3540880771,15.0456227669));
#2430=CARTESIAN_POINT('',(-4.7218648401,1.1495969768,15.5250131401));
#2431=CARTESIAN_POINT('',(-4.7526095796,1.1805804584,15.51760278));
#2432=CARTESIAN_POINT('',(-4.7822529665,1.2112930973,15.5044733765));
#2433=CARTESIAN_POINT('',(-4.8372930339,1.2700671266,15.4676805977));
#2434=CARTESIAN_POINT('',(-4.8626852767,1.2981238155,15.4440201796));
#2435=CARTESIAN_POINT('',(-4.9074629162,1.3496495476,15.3878002015));
#2436=CARTESIAN_POINT('',(-4.9268447005,1.3731144697,15.3552451592));
#2437=CARTESIAN_POINT('',(-4.9582569708,1.4138369326,15.2834860545));
#2438=CARTESIAN_POINT('',(-4.9702849199,1.431091217,15.2442877578));
#2439=CARTESIAN_POINT('',(-4.98615391,1.4582010575,15.1619519881));
#2440=CARTESIAN_POINT('',(-4.9899936655,1.4680544463,15.1188211302));
#2441=CARTESIAN_POINT('',(-4.9896055554,1.4738680761,15.0752117928));
#2442=CARTESIAN_POINT('',(-4.4874878975,1.4541264184,15.5521072968));
#2443=CARTESIAN_POINT('',(-4.5230101094,1.4779720553,15.5441952399));
#2444=CARTESIAN_POINT('',(-4.5575123235,1.5014858903,15.5307077113));
#2445=CARTESIAN_POINT('',(-4.6221614094,1.5462747945,15.4934864129));
#2446=CARTESIAN_POINT('',(-4.6523033458,1.5675464571,15.4697554813));
#2447=CARTESIAN_POINT('',(-4.7061991307,1.6064193133,15.413644703));
#2448=CARTESIAN_POINT('',(-4.7299488641,1.6240175508,15.3812691346));
#2449=CARTESIAN_POINT('',(-4.7694579634,1.6543588872,15.3100490171));
#2450=CARTESIAN_POINT('',(-4.7852143118,1.6670996792,15.2712098982));
#2451=CARTESIAN_POINT('',(-4.8076728418,1.6868681831,15.18967838));
#2452=CARTESIAN_POINT('',(-4.8143733068,1.6938943923,15.146992197));
#2453=CARTESIAN_POINT('',(-4.8163198931,1.6978273098,15.1038170096));
#2454=CARTESIAN_POINT('',(-4.4093625059,1.5831453553,15.5582711922));
#2455=CARTESIAN_POINT('',(-4.446572898,1.6039388625,15.5502424421));
#2456=CARTESIAN_POINT('',(-4.4827870366,1.6243740614,15.5366720685));
#2457=CARTESIAN_POINT('',(-4.5508088991,1.6631660814,15.4993525789));
#2458=CARTESIAN_POINT('',(-4.5826115003,1.6815199826,15.4756062733));
#2459=CARTESIAN_POINT('',(-4.6396801818,1.7149205163,15.4195232977));
#2460=CARTESIAN_POINT('',(-4.6649419641,1.7299646348,15.3871908511));
#2461=CARTESIAN_POINT('',(-4.7072365291,1.755738096,15.3160990862));
#2462=CARTESIAN_POINT('',(-4.7242661263,1.7664654989,15.2773451215));
#2463=CARTESIAN_POINT('',(-4.7489547868,1.7828868404,15.1960040846));
#2464=CARTESIAN_POINT('',(-4.7566119905,1.7885795433,15.1534231377));
#2465=CARTESIAN_POINT('',(-4.7593268477,1.7915646299,15.1103508302));
#2466=CARTESIAN_POINT('',(-4.2568786635,1.9166644633,15.5619193253));
#2467=CARTESIAN_POINT('',(-4.2974582551,1.9299029522,15.5538229457));
#2468=CARTESIAN_POINT('',(-4.3370792447,1.9427100907,15.5402043704));
#2469=CARTESIAN_POINT('',(-4.4117723822,1.9666117513,15.5028272833));
#2470=CARTESIAN_POINT('',(-4.4468389449,1.9777044894,15.4790715658));
#2471=CARTESIAN_POINT('',(-4.5100829058,1.9974376932,15.4230034724));
#2472=CARTESIAN_POINT('',(-4.5382555748,2.0060766863,15.3906952881));
#2473=CARTESIAN_POINT('',(-4.5858310118,2.0203262552,15.3196763263));
#2474=CARTESIAN_POINT('',(-4.605230222,2.0259357679,15.280970858));
#2475=CARTESIAN_POINT('',(-4.6339630656,2.033752138,15.1997384895));
#2476=CARTESIAN_POINT('',(-4.6432945501,2.0359584127,15.1572176622));
#2477=CARTESIAN_POINT('',(-4.6472811605,2.0363896619,15.1142041573));
#2478=CARTESIAN_POINT('',(-4.1981259368,2.132667676,15.5542375428));
#2479=CARTESIAN_POINT('',(-4.2401043102,2.141358355,15.546275023));
#2480=CARTESIAN_POINT('',(-4.2811300732,2.1495669171,15.5327514245));
#2481=CARTESIAN_POINT('',(-4.3585329675,2.1644652743,15.4954869608));
#2482=CARTESIAN_POINT('',(-4.3949042333,2.1711539149,15.471748922));
#2483=CARTESIAN_POINT('',(-4.460554206,2.1825574957,15.4156491998));
#2484=CARTESIAN_POINT('',(-4.4898279378,2.1872715485,15.3832917702));
#2485=CARTESIAN_POINT('',(-4.5393152325,2.1944042307,15.3121261495));
#2486=CARTESIAN_POINT('',(-4.5595250446,2.1968222999,15.2733233541));
#2487=CARTESIAN_POINT('',(-4.589525338,2.1991964363,15.1918731954));
#2488=CARTESIAN_POINT('',(-4.5993135446,2.1991523089,15.1492320074));
#2489=CARTESIAN_POINT('',(-4.6035623697,2.1978771878,15.1061007636));
#2490=CARTESIAN_POINT('',(-4.1531475457,2.5647194101,15.52059117));
#2491=CARTESIAN_POINT('',(-4.196845558,2.5637566182,15.513259001));
#2492=CARTESIAN_POINT('',(-4.2395690275,2.5621951397,15.5001856089));
#2493=CARTESIAN_POINT('',(-4.3201148426,2.5579773013,15.4634602424));
#2494=CARTESIAN_POINT('',(-4.3579306674,2.5553212584,15.4398112438));
#2495=CARTESIAN_POINT('',(-4.4260351814,2.5490933085,15.3835752487));
#2496=CARTESIAN_POINT('',(-4.4563183569,2.5455218832,15.3509928077));
#2497=CARTESIAN_POINT('',(-4.507253978,2.5377063744,15.2791509636));
#2498=CARTESIAN_POINT('',(-4.5279022994,2.5334629046,15.2398973793));
#2499=CARTESIAN_POINT('',(-4.5581330264,2.5245941307,15.157437785));
#2500=CARTESIAN_POINT('',(-4.5677129835,2.5199695306,15.1142384536));
#2501=CARTESIAN_POINT('',(-4.5714264,2.5153132659,15.0705623693));
#2502=CARTESIAN_POINT('',(-4.1677935798,2.7864988255,15.4939352689));
#2503=CARTESIAN_POINT('',(-4.2117367507,2.7804138396,15.4871193816));
#2504=CARTESIAN_POINT('',(-4.2546761441,2.7736621148,15.4744149779));
#2505=CARTESIAN_POINT('',(-4.3355005045,2.7592934655,15.4381313691));
#2506=CARTESIAN_POINT('',(-4.3733785717,2.7516777143,15.4145552622));
#2507=CARTESIAN_POINT('',(-4.4413783005,2.736113437,15.3582070668));
#2508=CARTESIAN_POINT('',(-4.4714941543,2.7281661907,15.3254397841));
#2509=CARTESIAN_POINT('',(-4.5218198492,2.7124963925,15.2530427554));
#2510=CARTESIAN_POINT('',(-4.5420253878,2.7047751379,15.2134191811));
#2511=CARTESIAN_POINT('',(-4.5710863998,2.6901008218,15.1301316738));
#2512=CARTESIAN_POINT('',(-4.5799393825,2.6831489843,15.0864748397));
#2513=CARTESIAN_POINT('',(-4.5827995741,2.6768269199,15.042352742));
#2514=CARTESIAN_POINT('',(-4.2518837919,3.1599574868,15.4337928276));
#2515=CARTESIAN_POINT('',(-4.2951924735,3.1454697565,15.4281137852));
#2516=CARTESIAN_POINT('',(-4.337418775,3.1301828529,15.4162274414));
#2517=CARTESIAN_POINT('',(-4.4165437029,3.0991490831,15.3809309523));
#2518=CARTESIAN_POINT('',(-4.4534347921,3.08340514,15.3575241698));
#2519=CARTESIAN_POINT('',(-4.5191106583,3.052636058,15.3009466168));
#2520=CARTESIAN_POINT('',(-4.5478891774,3.0376138198,15.267781233));
#2521=CARTESIAN_POINT('',(-4.5951711191,3.0094136187,15.1941807415));
#2522=CARTESIAN_POINT('',(-4.6136700338,2.996238317,15.1537526395));
#2523=CARTESIAN_POINT('',(-4.6389970532,2.9727198904,15.0686678184));
#2524=CARTESIAN_POINT('',(-4.6458227392,2.9623789879,15.0240191974));
#2525=CARTESIAN_POINT('',(-4.6465542416,2.9538423328,14.9789358824));
#2526=CARTESIAN_POINT('',(-4.3087544728,3.3198376222,15.4026613838));
#2527=CARTESIAN_POINT('',(-4.3514466011,3.3016993639,15.3975721839));
#2528=CARTESIAN_POINT('',(-4.3930118935,3.2826987747,15.3861116937));
#2529=CARTESIAN_POINT('',(-4.4706884875,3.2444252625,15.3513310672));
#2530=CARTESIAN_POINT('',(-4.5067919691,3.2251561352,15.3280144295));
#2531=CARTESIAN_POINT('',(-4.5707488457,3.1878266712,15.2713225165));
#2532=CARTESIAN_POINT('',(-4.5985957975,3.1697700406,15.2379529362));
#2533=CARTESIAN_POINT('',(-4.6438811612,3.1362546289,15.1637330161));
#2534=CARTESIAN_POINT('',(-4.6613150047,3.1207991802,15.1228901283));
#2535=CARTESIAN_POINT('',(-4.6844203445,3.0936764489,15.0368792663));
#2536=CARTESIAN_POINT('',(-4.6900895003,3.0820118696,14.9917199262));
#2537=CARTESIAN_POINT('',(-4.6896553339,3.0726914103,14.9461429508));
#2538=CARTESIAN_POINT('',(-4.3831928658,3.4683409738,15.368191887));
#2539=CARTESIAN_POINT('',(-4.4248307008,3.4464559599,15.36382442));
#2540=CARTESIAN_POINT('',(-4.4652843084,3.4236397647,15.3528877961));
#2541=CARTESIAN_POINT('',(-4.5406116219,3.3779562963,15.3187444482));
#2542=CARTESIAN_POINT('',(-4.5754772548,3.355093919,15.2955413835));
#2543=CARTESIAN_POINT('',(-4.636844633,3.3111428291,15.2387144688));
#2544=CARTESIAN_POINT('',(-4.6633398015,3.2900588267,15.2050967091));
#2545=CARTESIAN_POINT('',(-4.7058497537,3.25134768,15.1301213617));
#2546=CARTESIAN_POINT('',(-4.7218599818,3.2337246844,15.0887718091));
#2547=CARTESIAN_POINT('',(-4.7421199549,3.2033428663,15.0016315184));
#2548=CARTESIAN_POINT('',(-4.7463675288,3.1905872999,14.9558501192));
#2549=CARTESIAN_POINT('',(-4.7445640911,3.1807733823,14.9096746653));
#2550=B_SPLINE_SURFACE_WITH_KNOTS('',3,3,((#2382,#2383,#2384,#2385,#2386,#2387,#2388,#2389,#2390,#2391,#2392,#2393),
    (#2394,#2395,#2396,#2397,#2398,#2399,#2400,#2401,#2402,#2403,#2404,#2405),
    (#2406,#2407,#2408,#2409,#2410,#2411,#2412,#2413,#2414,#2415,#2416,#2417),
    (#2418,#2419,#2420,#2421,#2422,#2423,#2424,#2425,#2426,#2427,#2428,#2429),
    (#2430,#2431,#2432,#2433,#2434,#2435,#2436,#2437,#2438,#2439,#2440,#2441),
    (#2442,#2443,#2444,#2445,#2446,#2447,#2448,#2449,#2450,#2451,#2452,#2453),
    (#2454,#2455,#2456,#2457,#2458,#2459,#2460,#2461,#2462,#2463,#2464,#2465),
    (#2466,#2467,#2468,#2469,#2470,#2471,#2472,#2473,#2474,#2475,#2476,#2477),
    (#2478,#2479,#2480,#2481,#2482,#2483,#2484,#2485,#2486,#2487,#2488,#2489),
    (#2490,#2491,#2492,#2493,#2494,#2495,#2496,#2497,#2498,#2499,#2500,#2501),
    (#2502,#2503,#2504,#2505,#2506,#2507,#2508,#2509,#2510,#2511,#2512,#2513),
    (#2514,#2515,#2516,#2517,#2518,#2519,#2520,#2521,#2522,#2523,#2524,#2525),
    (#2526,#2527,#2528,#2529,#2530,#2531,#2532,#2533,#2534,#2535,#2536,#2537),
    (#2538,#2539,#2540,#2541,#2542,#2543,#2544,#2545,#2546,#2547,#2548,#2549)),.UNSPECIFIED.,.F.,.F.,.U.,
 (4,2,2,2,2,2,4),(4,2,2,2,2,4),(0.0,0.1463322919,0.3499981592,0.4783226063,0.6660526325,0.8537939303,1.0),(0.0,0.2,0.4,0.6,0.8,1.0),.UNSPECIFIED.);
#2551=ADVANCED_FACE('n° 1056',(#2381),#2550,.T.);
#2552=CARTESIAN_POINT('',(-5.4410145002,0.6339655811,14.8808078637));
#2553=DIRECTION('',(0.0187708196,-0.0545537339,0.9983343861));
#2554=DIRECTION('',(0.0,-0.998510311,-0.0545633472));
#2555=AXIS2_PLACEMENT_3D('',#2552,#2553,#2554);
#2556=CIRCLE('',#2555,0.5);
#2557=EDGE_CURVE('n° 1158',#1405,#419,#2556,.T.);
#2558=ORIENTED_EDGE('',*,*,#2557,.F.);
#2559=ORIENTED_EDGE('',*,*,#1474,.F.);
#2560=CARTESIAN_POINT('',(-4.2956690468,3.3990849637,14.8808078637));
#2561=DIRECTION('',(0.0518763613,0.0253381465,0.9983320197));
#2562=DIRECTION('',(0.9986526494,0.0,-0.0518930222));
#2563=AXIS2_PLACEMENT_3D('',#2560,#2561,#2562);
#2564=CIRCLE('',#2563,0.5);
#2565=EDGE_CURVE('n° 1161',#428,#1407,#2564,.T.);
#2566=ORIENTED_EDGE('',*,*,#2565,.F.);
#2567=ORIENTED_EDGE('',*,*,#478,.F.);
#2568=EDGE_LOOP('',(#2558,#2559,#2566,#2567));
#2569=FACE_OUTER_BOUND('',#2568,.T.);
#2570=CARTESIAN_POINT('',(-4.6876428971,3.7092467736,14.8933039572));
#2571=CARTESIAN_POINT('',(-4.7107683867,3.6799430444,14.8952493705));
#2572=CARTESIAN_POINT('',(-4.7305930106,3.6480294027,14.8970895017));
#2573=CARTESIAN_POINT('',(-4.7626507739,3.5805755971,14.9004673303));
#2574=CARTESIAN_POINT('',(-4.7748825646,3.5450382711,14.9020048857));
#2575=CARTESIAN_POINT('',(-4.7911412865,3.4721169892,14.9047005153));
#2576=CARTESIAN_POINT('',(-4.7951675336,3.4347361013,14.9058584762));
#2577=CARTESIAN_POINT('',(-4.7948127882,3.3600000888,14.9077368784));
#2578=CARTESIAN_POINT('',(-4.7904318105,3.3226481084,14.9084572407));
#2579=CARTESIAN_POINT('',(-4.7734813676,3.2498410137,14.9094243233));
#2580=CARTESIAN_POINT('',(-4.7609126154,3.2143889625,14.9096710029));
#2581=CARTESIAN_POINT('',(-4.7445640828,3.1807733869,14.909674663));
#2582=CARTESIAN_POINT('',(-4.6895146149,3.7082545369,14.8592204682));
#2583=CARTESIAN_POINT('',(-4.7126001255,3.6789817923,14.8611663881));
#2584=CARTESIAN_POINT('',(-4.7323926164,3.6471070718,14.8630073033));
#2585=CARTESIAN_POINT('',(-4.7644059856,3.5797408927,14.8663874544));
#2586=CARTESIAN_POINT('',(-4.7766255239,3.5442522534,14.8679265489));
#2587=CARTESIAN_POINT('',(-4.7928818315,3.471431045,14.8706261357));
#2588=CARTESIAN_POINT('',(-4.7969179202,3.4341015235,14.871786515));
#2589=CARTESIAN_POINT('',(-4.7966049873,3.359463483,14.8736706632));
#2590=CARTESIAN_POINT('',(-4.7922559787,3.3221580875,14.8743943533));
#2591=CARTESIAN_POINT('',(-4.7753894343,3.2494321827,14.8753689285));
#2592=CARTESIAN_POINT('',(-4.7628726044,3.214014717,14.8756197729));
#2593=CARTESIAN_POINT('',(-4.7465838545,3.1804245515,14.8756279282));
#2594=CARTESIAN_POINT('',(-4.6913887257,3.7072577896,14.8251361133));
#2595=CARTESIAN_POINT('',(-4.7144342428,3.6780160829,14.8270825371));
#2596=CARTESIAN_POINT('',(-4.7341945822,3.6461803235,14.828924233));
#2597=CARTESIAN_POINT('',(-4.7661634975,3.5789018416,14.8323067));
#2598=CARTESIAN_POINT('',(-4.7783707425,3.5434619201,14.8338473302));
#2599=CARTESIAN_POINT('',(-4.7946245265,3.4707408604,14.8365508671));
#2600=CARTESIAN_POINT('',(-4.7986703888,3.4334627497,14.8377136614));
#2601=CARTESIAN_POINT('',(-4.798399112,3.3589228062,14.8396035501));
#2602=CARTESIAN_POINT('',(-4.7940819842,3.3216640764,14.8403305658));
#2603=CARTESIAN_POINT('',(-4.777299159,3.2490195785,14.8413126317));
#2604=CARTESIAN_POINT('',(-4.7648341603,3.2136368346,14.8415676411));
#2605=CARTESIAN_POINT('',(-4.748605114,3.1800722491,14.841580294));
#2606=CARTESIAN_POINT('',(-4.7647507681,3.6681128074,13.4925694593));
#2607=CARTESIAN_POINT('',(-4.7862321757,3.6400866266,13.4945354683));
#2608=CARTESIAN_POINT('',(-4.8047348245,3.6097756365,13.4964075681));
#2609=CARTESIAN_POINT('',(-4.834963486,3.5459284927,13.4998803121));
#2610=CARTESIAN_POINT('',(-4.8466885122,3.5123944248,13.5014808407));
#2611=CARTESIAN_POINT('',(-4.8628393699,3.443591659,13.504338543));
#2612=CARTESIAN_POINT('',(-4.8672646677,3.408325207,13.5055956209));
#2613=CARTESIAN_POINT('',(-4.8686158178,3.3376252774,13.5077097142));
#2614=CARTESIAN_POINT('',(-4.8655416124,3.3021941092,13.5085666577));
#2615=CARTESIAN_POINT('',(-4.8520247608,3.2327407103,13.5098414959));
#2616=CARTESIAN_POINT('',(-4.8415825357,3.1987207531,13.5102593459));
#2617=CARTESIAN_POINT('',(-4.8276844923,3.1661628604,13.5104479175));
#2618=CARTESIAN_POINT('',(-4.8395474864,3.6236206929,12.1943636713));
#2619=CARTESIAN_POINT('',(-4.8594873031,3.5968516271,12.1963447061));
#2620=CARTESIAN_POINT('',(-4.8767405851,3.5680796775,12.1982419213));
#2621=CARTESIAN_POINT('',(-4.9051925065,3.5076689365,12.2017930004));
#2622=CARTESIAN_POINT('',(-4.9163904059,3.476031718,12.2034467702));
#2623=CARTESIAN_POINT('',(-4.9322865899,3.4111451016,12.2064446319));
#2624=CARTESIAN_POINT('',(-4.9369844577,3.3778973921,12.2077886441));
#2625=CARTESIAN_POINT('',(-4.939691729,3.3111082359,12.210112881));
#2626=CARTESIAN_POINT('',(-4.937701055,3.2775685275,12.2110930433));
#2627=CARTESIAN_POINT('',(-4.9271059845,3.2115259368,12.2126498331));
#2628=CARTESIAN_POINT('',(-4.9185018528,3.1790247753,12.2132264179));
#2629=CARTESIAN_POINT('',(-4.9067586228,3.147687295,12.2135893346));
#2630=CARTESIAN_POINT('',(-4.9979039146,3.5158868869,9.5990653349));
#2631=CARTESIAN_POINT('',(-5.0146564566,3.49192824,9.6010713919));
#2632=CARTESIAN_POINT('',(-5.0293045445,3.4664970427,9.6030132152));
#2633=CARTESIAN_POINT('',(-5.0539494189,3.4134603371,9.6067088473));
#2634=CARTESIAN_POINT('',(-5.0639458368,3.385855624,9.608462599));
#2635=CARTESIAN_POINT('',(-5.0789833965,3.3293092052,9.6117280561));
#2636=CARTESIAN_POINT('',(-5.0840243093,3.300368346,9.6132397106));
#2637=CARTESIAN_POINT('',(-5.0889952947,3.2420273249,9.6159742091));
#2638=CARTESIAN_POINT('',(-5.0889252846,3.2126280368,9.6171970099));
#2639=CARTESIAN_POINT('',(-5.0836719647,3.1542623203,9.6193157212));
#2640=CARTESIAN_POINT('',(-5.078488721,3.1252967682,9.6202115976));
#2641=CARTESIAN_POINT('',(-5.0708242778,3.0969877894,9.6209299136));
#2642=CARTESIAN_POINT('',(-5.0812741853,3.4531145863,8.3018223704));
#2643=CARTESIAN_POINT('',(-5.0963855965,3.4306983364,8.3038384137));
#2644=CARTESIAN_POINT('',(-5.1096823053,3.4070580145,8.3057997176));
#2645=CARTESIAN_POINT('',(-5.1323056235,3.3579372816,8.3095615434));
#2646=CARTESIAN_POINT('',(-5.1416319889,3.3324574015,8.3113620234));
#2647=CARTESIAN_POINT('',(-5.1560741358,3.280313271,8.3147548939));
#2648=CARTESIAN_POINT('',(-5.1611897597,3.2536495836,8.3163472464));
#2649=CARTESIAN_POINT('',(-5.1670768422,3.1998237885,8.3192818454));
#2650=CARTESIAN_POINT('',(-5.1678482334,3.1726622618,8.3206240587));
#2651=CARTESIAN_POINT('',(-5.165023559,3.1185397535,8.3230227267));
#2652=CARTESIAN_POINT('',(-5.1614275179,3.0915793568,8.3240791539));
#2653=CARTESIAN_POINT('',(-5.1556915705,3.06506645,8.3249785154));
#2654=CARTESIAN_POINT('',(-5.2382387069,3.3149073883,6.0627487578));
#2655=CARTESIAN_POINT('',(-5.2502840485,3.2957286189,6.064779439));
#2656=CARTESIAN_POINT('',(-5.2610238146,3.2757283109,6.0667715504));
#2657=CARTESIAN_POINT('',(-5.2796976729,3.2344483996,6.0706418632));
#2658=CARTESIAN_POINT('',(-5.2876316661,3.2131690162,6.0725200431));
#2659=CARTESIAN_POINT('',(-5.3005494002,3.1697179939,6.0761277164));
#2660=CARTESIAN_POINT('',(-5.3055330715,3.1475465861,6.0778571897));
#2661=CARTESIAN_POINT('',(-5.3124583189,3.1027146256,6.0811353365));
#2662=CARTESIAN_POINT('',(-5.3143998559,3.0800543113,6.0826839917));
#2663=CARTESIAN_POINT('',(-5.3152033658,3.0346566648,6.0855716318));
#2664=CARTESIAN_POINT('',(-5.3140653306,3.0119195744,6.0869106003));
#2665=CARTESIAN_POINT('',(-5.3113963214,2.989350939,6.0881321816));
#2666=CARTESIAN_POINT('',(-5.3080352354,3.2482690648,5.1200065121));
#2667=CARTESIAN_POINT('',(-5.3187251066,3.2306132009,5.1220425668));
#2668=CARTESIAN_POINT('',(-5.3283264558,3.2122972222,5.1240467912));
#2669=CARTESIAN_POINT('',(-5.3452101431,3.1746171328,5.1279610227));
#2670=CARTESIAN_POINT('',(-5.3524924215,3.1552531558,5.1298710151));
#2671=CARTESIAN_POINT('',(-5.3646296192,3.1157646613,5.1335675677));
#2672=CARTESIAN_POINT('',(-5.369484495,3.0956402839,5.1353541139));
#2673=CARTESIAN_POINT('',(-5.3766938611,3.0549297071,5.1387763573));
#2674=CARTESIAN_POINT('',(-5.3790483247,3.0343436522,5.1404120416));
#2675=CARTESIAN_POINT('',(-5.3812202154,2.9930152933,5.1435073437));
#2676=CARTESIAN_POINT('',(-5.3810376332,2.9722731359,5.1449669498));
#2677=CARTESIAN_POINT('',(-5.3795866652,2.9516068816,5.1463271986));
#2678=CARTESIAN_POINT('',(-5.4313807628,3.1111305975,3.641205565));
#2679=CARTESIAN_POINT('',(-5.4396490968,3.0965622916,3.6432490299));
#2680=CARTESIAN_POINT('',(-5.4471801563,3.0815735977,3.6452712754));
#2681=CARTESIAN_POINT('',(-5.4606925736,3.0509055384,3.6492527626));
#2682=CARTESIAN_POINT('',(-5.4666739097,3.0352262224,3.6512119975));
#2683=CARTESIAN_POINT('',(-5.4770269187,3.003333902,3.6550475042));
#2684=CARTESIAN_POINT('',(-5.4813985747,2.9871209488,3.6569237696));
#2685=CARTESIAN_POINT('',(-5.4884880827,2.9543236118,3.6605741948));
#2686=CARTESIAN_POINT('',(-5.4912059229,2.9377392807,3.6623483485));
#2687=CARTESIAN_POINT('',(-5.494959909,2.9043651629,3.6657764134));
#2688=CARTESIAN_POINT('',(-5.4959960482,2.8875754298,3.6674303189));
#2689=CARTESIAN_POINT('',(-5.4961856593,2.8707670175,3.6690156274));
#2690=CARTESIAN_POINT('',(-5.4789541178,3.0548899429,3.103362805));
#2691=CARTESIAN_POINT('',(-5.4862743325,3.0415986917,3.1054087727));
#2692=CARTESIAN_POINT('',(-5.4929887327,3.0279722031,3.1074374296));
#2693=CARTESIAN_POINT('',(-5.5051519385,3.0001587144,3.1114432827));
#2694=CARTESIAN_POINT('',(-5.5106007315,2.9859717433,3.1134204744));
#2695=CARTESIAN_POINT('',(-5.5201887218,2.9571517298,3.1173069551));
#2696=CARTESIAN_POINT('',(-5.5243279091,2.9425187176,3.1192162399));
#2697=CARTESIAN_POINT('',(-5.5312630226,2.9129245972,3.1229510012));
#2698=CARTESIAN_POINT('',(-5.5340589414,2.8979635199,3.1247764737));
#2699=CARTESIAN_POINT('',(-5.5382844508,2.8678338654,3.1283283671));
#2700=CARTESIAN_POINT('',(-5.5397140366,2.8526653196,3.1300547842));
#2701=CARTESIAN_POINT('',(-5.5404543145,2.8374541651,3.1317244455));
#2702=CARTESIAN_POINT('',(-5.5643461029,2.940680907,2.2638220491));
#2703=CARTESIAN_POINT('',(-5.5699748505,2.9299013134,2.2658712872));
#2704=CARTESIAN_POINT('',(-5.5752030109,2.9189108247,2.2679092072));
#2705=CARTESIAN_POINT('',(-5.5848303417,2.8965667137,2.2719513466));
#2706=CARTESIAN_POINT('',(-5.5892295077,2.8852131016,2.2739555642));
#2707=CARTESIAN_POINT('',(-5.5971753607,2.8622033169,2.2779194074));
#2708=CARTESIAN_POINT('',(-5.6007220439,2.8505471549,2.2798790312));
#2709=CARTESIAN_POINT('',(-5.606943898,2.8269944322,2.2837430284));
#2710=CARTESIAN_POINT('',(-5.609619066,2.8150978824,2.2856474));
#2711=CARTESIAN_POINT('',(-5.6140834103,2.791127818,2.289390524));
#2712=CARTESIAN_POINT('',(-5.6158725844,2.7790543145,2.2912292745));
#2713=CARTESIAN_POINT('',(-5.6172138375,2.7669245203,2.2930302027));
#2714=CARTESIAN_POINT('',(-5.5973733471,2.8942975414,1.9601092799));
#2715=CARTESIAN_POINT('',(-5.6023518479,2.8845218619,1.9621595727));
#2716=CARTESIAN_POINT('',(-5.6070037346,2.8745783577,1.9642006851));
#2717=CARTESIAN_POINT('',(-5.6156344768,2.8543981814,1.9682555578));
#2718=CARTESIAN_POINT('',(-5.6196133298,2.8441615152,1.970269317));
#2719=CARTESIAN_POINT('',(-5.6268810075,2.8234387317,1.9742606042));
#2720=CARTESIAN_POINT('',(-5.6301698301,2.8129526204,1.976238131));
#2721=CARTESIAN_POINT('',(-5.6360433305,2.7917757078,1.9801482256));
#2722=CARTESIAN_POINT('',(-5.6386280068,2.7810849127,1.9820807922));
#2723=CARTESIAN_POINT('',(-5.6430820374,2.7595442548,1.9858924264));
#2724=CARTESIAN_POINT('',(-5.6449513905,2.7486943984,1.9877714929));
#2725=CARTESIAN_POINT('',(-5.6464589868,2.7377881567,1.9896196516));
#2726=CARTESIAN_POINT('',(-5.6574474634,2.8010284847,1.4897465631));
#2727=CARTESIAN_POINT('',(-5.6612480046,2.7932248364,1.4917983851));
#2728=CARTESIAN_POINT('',(-5.6648363921,2.7853164829,1.4938442924));
#2729=CARTESIAN_POINT('',(-5.671578892,2.7693123963,1.4979184702));
#2730=CARTESIAN_POINT('',(-5.6747330037,2.7612166651,1.4999467402));
#2731=CARTESIAN_POINT('',(-5.6805981663,2.7448603677,1.5039798833));
#2732=CARTESIAN_POINT('',(-5.6833092167,2.7365998036,1.5059847558));
#2733=CARTESIAN_POINT('',(-5.6882806788,2.7199368355,1.5099654074));
#2734=CARTESIAN_POINT('',(-5.6905410899,2.7115344337,1.511941186));
#2735=CARTESIAN_POINT('',(-5.6946049232,2.6946111757,1.5158580326));
#2736=CARTESIAN_POINT('',(-5.6964083448,2.6860903216,1.5177991001));
#2737=CARTESIAN_POINT('',(-5.697980719,2.6775220969,1.5197200511));
#2738=CARTESIAN_POINT('',(-5.6806980842,2.7635144195,1.3207794982));
#2739=CARTESIAN_POINT('',(-5.6840436781,2.7564968785,1.322831847));
#2740=CARTESIAN_POINT('',(-5.687218214,2.7493965679,1.324879445));
#2741=CARTESIAN_POINT('',(-5.693218205,2.7350460388,1.32896047));
#2742=CARTESIAN_POINT('',(-5.6960436596,2.7277958215,1.3309938968));
#2743=CARTESIAN_POINT('',(-5.7013392728,2.7131614346,1.3350419401));
#2744=CARTESIAN_POINT('',(-5.703809431,2.7057772662,1.3370565563));
#2745=CARTESIAN_POINT('',(-5.708389,2.6908912216,1.3410623796));
#2746=CARTESIAN_POINT('',(-5.7104984106,2.6833893465,1.3430535864));
#2747=CARTESIAN_POINT('',(-5.7143518084,2.6682843871,1.3470080421));
#2748=CARTESIAN_POINT('',(-5.7160957954,2.660681304,1.3489712908));
#2749=CARTESIAN_POINT('',(-5.7176551255,2.6530359756,1.3509183164));
#2750=CARTESIAN_POINT('',(-5.723776094,2.6879599157,1.0627689378));
#2751=CARTESIAN_POINT('',(-5.7262774267,2.6825054258,1.0648221137));
#2752=CARTESIAN_POINT('',(-5.7286705983,2.6770002798,1.0668723037));
#2753=CARTESIAN_POINT('',(-5.7332372747,2.6658963921,1.0709637733));
#2754=CARTESIAN_POINT('',(-5.7354107792,2.6602976509,1.0730050528));
#2755=CARTESIAN_POINT('',(-5.7395350768,2.6490144183,1.0770757747));
#2756=CARTESIAN_POINT('',(-5.7414858697,2.6433299273,1.0791052169));
#2757=CARTESIAN_POINT('',(-5.7451620042,2.6318831583,1.083149354));
#2758=CARTESIAN_POINT('',(-5.7468873457,2.6261208807,1.0851640486));
#2759=CARTESIAN_POINT('',(-5.7501101462,2.6145266089,1.0891758001));
#2760=CARTESIAN_POINT('',(-5.7516076051,2.608694615,1.0911728568));
#2761=CARTESIAN_POINT('',(-5.7529900629,2.6028318462,1.0931596616));
#2762=CARTESIAN_POINT('',(-5.7404969448,2.6577256991,0.9708868435));
#2763=CARTESIAN_POINT('',(-5.7426704833,2.6528936772,0.9729403177));
#2764=CARTESIAN_POINT('',(-5.74475829,2.6480221481,0.9749914319));
#2765=CARTESIAN_POINT('',(-5.7487601833,2.6382053598,0.9790866166));
#2766=CARTESIAN_POINT('',(-5.7506742698,2.6332601008,0.9811306871));
#2767=CARTESIAN_POINT('',(-5.7543266505,2.6233012155,0.9852094679));
#2768=CARTESIAN_POINT('',(-5.7560649447,2.6182875894,0.9872441781));
#2769=CARTESIAN_POINT('',(-5.7593638548,2.6081974055,0.9913019318));
#2770=CARTESIAN_POINT('',(-5.7609244707,2.6031208478,0.9933249752));
#2771=CARTESIAN_POINT('',(-5.7638663269,2.5929103032,0.9973571012));
#2772=CARTESIAN_POINT('',(-5.7652475671,2.5877763165,0.9993661836));
#2773=CARTESIAN_POINT('',(-5.766538366,2.5826163971,1.0013671459));
#2774=CARTESIAN_POINT('',(-5.7722076784,2.5961798477,0.8346859775));
#2775=CARTESIAN_POINT('',(-5.7737563421,2.5926066798,0.8367399401));
#2776=CARTESIAN_POINT('',(-5.775252649,2.5890100197,0.838792468));
#2777=CARTESIAN_POINT('',(-5.7781395522,2.5817721205,0.8428932409));
#2778=CARTESIAN_POINT('',(-5.7795301485,2.5781308813,0.8449414858));
#2779=CARTESIAN_POINT('',(-5.7822047023,2.5708062582,0.8490322816));
#2780=CARTESIAN_POINT('',(-5.7834886598,2.5671228742,0.8510748325));
#2781=CARTESIAN_POINT('',(-5.7859490774,2.5597164231,0.8551528331));
#2782=CARTESIAN_POINT('',(-5.7871255374,2.5559933561,0.8571882827));
#2783=CARTESIAN_POINT('',(-5.7893701715,2.5485100266,0.8612506781));
#2784=CARTESIAN_POINT('',(-5.7904383456,2.5447497642,0.8632776238));
#2785=CARTESIAN_POINT('',(-5.7914520176,2.5409721603,0.865299619));
#2786=CARTESIAN_POINT('',(-5.7846790472,2.5713672216,0.7866164534));
#2787=CARTESIAN_POINT('',(-5.7859815537,2.5683003183,0.7886705973));
#2788=CARTESIAN_POINT('',(-5.7872435118,2.565215462,0.7907236325));
#2789=CARTESIAN_POINT('',(-5.7896856998,2.5590113936,0.794826393));
#2790=CARTESIAN_POINT('',(-5.7908659298,2.5558921814,0.7968761183));
#2791=CARTESIAN_POINT('',(-5.7931440712,2.5496209685,0.8009711675));
#2792=CARTESIAN_POINT('',(-5.7942419827,2.5464689677,0.8030164915));
#2793=CARTESIAN_POINT('',(-5.7963549376,2.5401337613,0.8071016493));
#2794=CARTESIAN_POINT('',(-5.7973699811,2.5369505556,0.8091414831));
#2795=CARTESIAN_POINT('',(-5.7993166917,2.5305545385,0.8132145743));
#2796=CARTESIAN_POINT('',(-5.8002483588,2.527341727,0.8152478317));
#2797=CARTESIAN_POINT('',(-5.8011381042,2.5241149197,0.8172772593));
#2798=CARTESIAN_POINT('',(-5.8064397392,2.5253462875,0.7273453843));
#2799=CARTESIAN_POINT('',(-5.8073095679,2.5232157958,0.7293997948));
#2800=CARTESIAN_POINT('',(-5.8081534661,2.5210740382,0.7314534984));
#2801=CARTESIAN_POINT('',(-5.8097891219,2.5167687027,0.735558795));
#2802=CARTESIAN_POINT('',(-5.8105808795,2.5146051249,0.7376103881));
#2803=CARTESIAN_POINT('',(-5.8121119918,2.5102568676,0.7417107675));
#2804=CARTESIAN_POINT('',(-5.8128513464,2.5080721882,0.7437595538));
#2805=CARTESIAN_POINT('',(-5.8142774077,2.5036824535,0.7478536243));
#2806=CARTESIAN_POINT('',(-5.8149641143,2.5014773983,0.7498989085));
#2807=CARTESIAN_POINT('',(-5.8162846517,2.4970476442,0.7539852806));
#2808=CARTESIAN_POINT('',(-5.8169184825,2.4948229455,0.7560263686));
#2809=CARTESIAN_POINT('',(-5.8175257703,2.4925887944,0.758065012));
#2810=CARTESIAN_POINT('',(-5.8133554773,2.5104424342,0.711016796));
#2811=CARTESIAN_POINT('',(-5.8140874714,2.5086149565,0.7130712861));
#2812=CARTESIAN_POINT('',(-5.8147975705,2.5067780354,0.71512518));
#2813=CARTESIAN_POINT('',(-5.8161737821,2.503085817,0.7192311878));
#2814=CARTESIAN_POINT('',(-5.8168398946,2.5012305196,0.7212833016));
#2815=CARTESIAN_POINT('',(-5.8181279485,2.4975020641,0.7253851619));
#2816=CARTESIAN_POINT('',(-5.81874989,2.4956289061,0.7274349083));
#2817=CARTESIAN_POINT('',(-5.8199494301,2.4918652498,0.7315314469));
#2818=CARTESIAN_POINT('',(-5.8205270286,2.4899747516,0.7335782392));
#2819=CARTESIAN_POINT('',(-5.8216377231,2.4861769406,0.7376682837));
#2820=CARTESIAN_POINT('',(-5.822170819,2.4842696278,0.739711536));
#2821=CARTESIAN_POINT('',(-5.8226815901,2.4823541727,0.7417527258));
#2822=CARTESIAN_POINT('',(-5.8260980372,2.4820941546,0.6889341577));
#2823=CARTESIAN_POINT('',(-5.8265748296,2.4808427273,0.6909887764));
#2824=CARTESIAN_POINT('',(-5.827035194,2.4795843061,0.6930429488));
#2825=CARTESIAN_POINT('',(-5.827922971,2.4770537392,0.6971499605));
#2826=CARTESIAN_POINT('',(-5.8283503835,2.4757815935,0.6992027998));
#2827=CARTESIAN_POINT('',(-5.8291721679,2.4732238438,0.7033067056));
#2828=CARTESIAN_POINT('',(-5.8295665397,2.4719382398,0.705357772));
#2829=CARTESIAN_POINT('',(-5.8303221605,2.4693538424,0.7094576923));
#2830=CARTESIAN_POINT('',(-5.8306834095,2.4680550491,0.7115065461));
#2831=CARTESIAN_POINT('',(-5.8313727097,2.4654445448,0.7156016022));
#2832=CARTESIAN_POINT('',(-5.8317007609,2.4641328338,0.7176478044));
#2833=CARTESIAN_POINT('',(-5.8320121793,2.4628148013,0.7196924615));
#2834=CARTESIAN_POINT('',(-5.8315600621,2.4697298789,0.6813894173));
#2835=CARTESIAN_POINT('',(-5.8319271665,2.4687296299,0.6834440868));
#2836=CARTESIAN_POINT('',(-5.8322797139,2.4677232192,0.6854983611));
#2837=CARTESIAN_POINT('',(-5.8329556294,2.465698261,0.6896057296));
#2838=CARTESIAN_POINT('',(-5.8332789977,2.4646797134,0.6916588238));
#2839=CARTESIAN_POINT('',(-5.8338964955,2.4626306703,0.6957634424));
#2840=CARTESIAN_POINT('',(-5.834190625,2.4616001747,0.6978149669));
#2841=CARTESIAN_POINT('',(-5.8347495914,2.4595274266,0.7019160569));
#2842=CARTESIAN_POINT('',(-5.8350144282,2.4584851741,0.7039656223));
#2843=CARTESIAN_POINT('',(-5.8355147607,2.4563891055,0.7080624054));
#2844=CARTESIAN_POINT('',(-5.8357502563,2.4553352894,0.7101096231));
#2845=CARTESIAN_POINT('',(-5.8359710599,2.4542757892,0.7121554725));
#2846=CARTESIAN_POINT('',(-5.8417226548,2.4461516432,0.6725252604));
#2847=CARTESIAN_POINT('',(-5.8418847835,2.4456304218,0.6745800114));
#2848=CARTESIAN_POINT('',(-5.8420345507,2.4451040261,0.6766344273));
#2849=CARTESIAN_POINT('',(-5.8423093389,2.4440409683,0.6807422586));
#2850=CARTESIAN_POINT('',(-5.8424343599,2.4435043062,0.6827956741));
#2851=CARTESIAN_POINT('',(-5.8426596368,2.4424207991,0.6869011741));
#2852=CARTESIAN_POINT('',(-5.8427598927,2.4418739542,0.6889532587));
#2853=CARTESIAN_POINT('',(-5.8429356243,2.4407701668,0.6930557671));
#2854=CARTESIAN_POINT('',(-5.8430111,2.4402132244,0.6951061908));
#2855=CARTESIAN_POINT('',(-5.8431372601,2.4390893291,0.6992050475));
#2856=CARTESIAN_POINT('',(-5.8431879445,2.4385223761,0.7012534805));
#2857=CARTESIAN_POINT('',(-5.8432262296,2.4379504621,0.7033007533));
#2858=CARTESIAN_POINT('',(-5.8464128581,2.4350769789,0.6701750363));
#2859=CARTESIAN_POINT('',(-5.8464800857,2.4347807731,0.6722298204));
#2860=CARTESIAN_POINT('',(-5.8465355321,2.4344796605,0.6742842854));
#2861=CARTESIAN_POINT('',(-5.8466228544,2.4338676676,0.6783922627));
#2862=CARTESIAN_POINT('',(-5.8466547302,2.4335567874,0.6804457749));
#2863=CARTESIAN_POINT('',(-5.8466949064,2.4329253068,0.6845515319));
#2864=CARTESIAN_POINT('',(-5.8467032068,2.4326047063,0.6866037767));
#2865=CARTESIAN_POINT('',(-5.8466962311,2.4319538342,0.6907066845));
#2866=CARTESIAN_POINT('',(-5.8466809549,2.4316235624,0.6927573476));
#2867=CARTESIAN_POINT('',(-5.8466268283,2.430953398,0.6968567777));
#2868=CARTESIAN_POINT('',(-5.846587978,2.4306135053,0.6989055448));
#2869=CARTESIAN_POINT('',(-5.8465373436,2.4302688281,0.700953207));
#2870=CARTESIAN_POINT('',(-5.8555943441,2.4129546226,0.6695711921));
#2871=CARTESIAN_POINT('',(-5.8554750458,2.4131080836,0.6716260297));
#2872=CARTESIAN_POINT('',(-5.8553440992,2.4132567447,0.6736805523));
#2873=CARTESIAN_POINT('',(-5.8550589293,2.4135444446,0.6777886569));
#2874=CARTESIAN_POINT('',(-5.854904706,2.4136834834,0.6798422389));
#2875=CARTESIAN_POINT('',(-5.8545730061,2.4139519174,0.6839481516));
#2876=CARTESIAN_POINT('',(-5.8543955294,2.4140813125,0.6860004825));
#2877=CARTESIAN_POINT('',(-5.8540173498,2.4143304394,0.6901035825));
#2878=CARTESIAN_POINT('',(-5.8538166467,2.4144501712,0.6921543518));
#2879=CARTESIAN_POINT('',(-5.8533920447,2.414679953,0.6962540187));
#2880=CARTESIAN_POINT('',(-5.8531681458,2.414790003,0.6983029163));
#2881=CARTESIAN_POINT('',(-5.8529326658,2.4148952038,0.7003507232));
#2882=CARTESIAN_POINT('',(-5.8601883331,2.4016569548,0.6713335808));
#2883=CARTESIAN_POINT('',(-5.8599753172,2.4020401551,0.6733884392));
#2884=CARTESIAN_POINT('',(-5.8597502007,2.4024183944,0.6754429706));
#2885=CARTESIAN_POINT('',(-5.8592758007,2.4031648941,0.6795510571));
#2886=CARTESIAN_POINT('',(-5.8590265172,2.4035331545,0.6816046121));
#2887=CARTESIAN_POINT('',(-5.8585038215,2.404259641,0.6857104233));
#2888=CARTESIAN_POINT('',(-5.8582304093,2.4046178671,0.6877626795));
#2889=CARTESIAN_POINT('',(-5.857659498,2.4053242311,0.6918655709));
#2890=CARTESIAN_POINT('',(-5.8573619989,2.4056723691,0.6939162061));
#2891=CARTESIAN_POINT('',(-5.8567429596,2.4063585045,0.6980155337));
#2892=CARTESIAN_POINT('',(-5.8564214193,2.406696502,0.7000642261));
#2893=CARTESIAN_POINT('',(-5.8560878832,2.4070294039,0.7021117862));
#2894=CARTESIAN_POINT('',(-5.8698814089,2.3773653663,0.679155423));
#2895=CARTESIAN_POINT('',(-5.8694698258,2.3782428815,0.681210312));
#2896=CARTESIAN_POINT('',(-5.8690441452,2.3791146841,0.6832648208));
#2897=CARTESIAN_POINT('',(-5.8681646653,2.3808467087,0.6873727026));
#2898=CARTESIAN_POINT('',(-5.867710866,2.3817069309,0.6894260757));
#2899=CARTESIAN_POINT('',(-5.8667752296,2.3834156416,0.6935313113));
#2900=CARTESIAN_POINT('',(-5.8662933927,2.3842641302,0.6955831738));
#2901=CARTESIAN_POINT('',(-5.8653017673,2.385949223,0.6996850136));
#2902=CARTESIAN_POINT('',(-5.864791979,2.3867858271,0.7017349908));
#2903=CARTESIAN_POINT('',(-5.8637445424,2.3884470023,0.7058326859));
#2904=CARTESIAN_POINT('',(-5.863206894,2.3892715733,0.7078804037));
#2905=CARTESIAN_POINT('',(-5.8626553639,2.3900900543,0.7099268048));
#2906=CARTESIAN_POINT('',(-5.8749023848,2.3644375945,0.6863231996));
#2907=CARTESIAN_POINT('',(-5.8743873129,2.3655784442,0.6883780943));
#2908=CARTESIAN_POINT('',(-5.8738563168,2.3667128801,0.6904325598));
#2909=CARTESIAN_POINT('',(-5.872762583,2.368968697,0.6945402091));
#2910=CARTESIAN_POINT('',(-5.8721998453,2.370090078,0.6965933928));
#2911=CARTESIAN_POINT('',(-5.8710427416,2.3723195607,0.7006980556));
#2912=CARTESIAN_POINT('',(-5.8704483755,2.3734276624,0.7027495345));
#2913=CARTESIAN_POINT('',(-5.8692281348,2.3756303644,0.7068503649));
#2914=CARTESIAN_POINT('',(-5.86860226,2.3767249648,0.7088997163));
#2915=CARTESIAN_POINT('',(-5.8673191279,2.3789004452,0.7129958692));
#2916=CARTESIAN_POINT('',(-5.8666618704,2.3799813252,0.7150426708));
#2917=CARTESIAN_POINT('',(-5.8659889878,2.3810552369,0.7170879864));
#2918=CARTESIAN_POINT('',(-5.8873065692,2.3318580336,0.7098391898));
#2919=CARTESIAN_POINT('',(-5.8865345648,2.3336632528,0.7118940765));
#2920=CARTESIAN_POINT('',(-5.8857406246,2.335459768,0.7139483732));
#2921=CARTESIAN_POINT('',(-5.8841090895,2.3390349025,0.7180552048));
#2922=CARTESIAN_POINT('',(-5.8832714945,2.3408135217,0.7201077397));
#2923=CARTESIAN_POINT('',(-5.8815528781,2.3443523814,0.724210466));
#2924=CARTESIAN_POINT('',(-5.8806718568,2.3461126218,0.7262606576));
#2925=CARTESIAN_POINT('',(-5.8788666282,2.3496142459,0.7303581165));
#2926=CARTESIAN_POINT('',(-5.8779424209,2.3513556295,0.7324053839));
#2927=CARTESIAN_POINT('',(-5.8760510729,2.3548190672,0.7364964146));
#2928=CARTESIAN_POINT('',(-5.8750839322,2.3565411213,0.7385401778));
#2929=CARTESIAN_POINT('',(-5.8740954567,2.358253277,0.7405818996));
#2930=CARTESIAN_POINT('',(-5.8938061641,2.3140114773,0.7291785604));
#2931=CARTESIAN_POINT('',(-5.8928979955,2.316181516,0.7312334161));
#2932=CARTESIAN_POINT('',(-5.8919629287,2.3183409781,0.7332875493));
#2933=CARTESIAN_POINT('',(-5.890039315,2.3226380216,0.7373936579));
#2934=CARTESIAN_POINT('',(-5.889050768,2.324775603,0.7394456333));
#2935=CARTESIAN_POINT('',(-5.8870205277,2.3290281646,0.7435467144));
#2936=CARTESIAN_POINT('',(-5.8859788345,2.331143145,0.7455958201));
#2937=CARTESIAN_POINT('',(-5.8838426535,2.3353497919,0.7496904509));
#2938=CARTESIAN_POINT('',(-5.8827481656,2.3374414585,0.751735976));
#2939=CARTESIAN_POINT('',(-5.8805067648,2.3416007731,0.7558227357));
#2940=CARTESIAN_POINT('',(-5.8793598518,2.343668421,0.7578639704));
#2941=CARTESIAN_POINT('',(-5.8781869196,2.3457237112,0.7599027057));
#2942=CARTESIAN_POINT('',(-5.9180843448,2.2456562055,0.8167762187));
#2943=CARTESIAN_POINT('',(-5.9166638618,2.2492264583,0.8188308856));
#2944=CARTESIAN_POINT('',(-5.9151938771,2.2527777529,0.8208842274));
#2945=CARTESIAN_POINT('',(-5.9121557479,2.2598404041,0.8249869541));
#2946=CARTESIAN_POINT('',(-5.9105876035,2.2633517606,0.827036339));
#2947=CARTESIAN_POINT('',(-5.9073540538,2.2703325361,0.8311298477));
#2948=CARTESIAN_POINT('',(-5.9056886485,2.2738019551,0.8331739714));
#2949=CARTESIAN_POINT('',(-5.9022615299,2.2806968797,0.8372556563));
#2950=CARTESIAN_POINT('',(-5.9004998166,2.2841223853,0.8392932175));
#2951=CARTESIAN_POINT('',(-5.8968810891,2.2909275314,0.8433604796));
#2952=CARTESIAN_POINT('',(-5.8950240749,2.2943071718,0.8453901805));
#2953=CARTESIAN_POINT('',(-5.8931199402,2.2976629168,0.8474153047));
#2954=CARTESIAN_POINT('',(-5.9291512279,2.2101299462,0.8963576581));
#2955=CARTESIAN_POINT('',(-5.9274876023,2.2144354793,0.8984120457));
#2956=CARTESIAN_POINT('',(-5.9257536398,2.2187146698,0.9004645556));
#2957=CARTESIAN_POINT('',(-5.922146542,2.2272166825,0.9045639698));
#2958=CARTESIAN_POINT('',(-5.9202734066,2.2314395046,0.906610874));
#2959=CARTESIAN_POINT('',(-5.9163895785,2.2398251437,0.9106972309));
#2960=CARTESIAN_POINT('',(-5.9143788856,2.2439879606,0.9127366835));
#2961=CARTESIAN_POINT('',(-5.9102216711,2.2522500015,0.9168062976));
#2962=CARTESIAN_POINT('',(-5.9080751495,2.2563492255,0.918836459));
#2963=CARTESIAN_POINT('',(-5.9036481179,2.2644805448,0.9228856586));
#2964=CARTESIAN_POINT('',(-5.9013676081,2.2685126401,0.9249046967));
#2965=CARTESIAN_POINT('',(-5.8990210798,2.2725094306,0.9269172617));
#2966=CARTESIAN_POINT('',(-5.9612772458,2.103309159,1.1613218968));
#2967=CARTESIAN_POINT('',(-5.958897515,2.1098385428,1.1633751756));
#2968=CARTESIAN_POINT('',(-5.9563770745,2.1163175945,1.1654247185));
#2969=CARTESIAN_POINT('',(-5.951058948,2.1291643829,1.1695126559));
#2970=CARTESIAN_POINT('',(-5.9482612622,2.1355321191,1.1715510502));
#2971=CARTESIAN_POINT('',(-5.9423932555,2.1481458004,1.1756130311));
#2972=CARTESIAN_POINT('',(-5.9393229348,2.1543917449,1.1776366176));
#2973=CARTESIAN_POINT('',(-5.9329146987,2.1667515578,1.181665347));
#2974=CARTESIAN_POINT('',(-5.9295767835,2.1728654255,1.1836704897));
#2975=CARTESIAN_POINT('',(-5.9226388203,2.1849510066,1.1876587247));
#2976=CARTESIAN_POINT('',(-5.9190387725,2.1909227193,1.1896418169));
#2977=CARTESIAN_POINT('',(-5.9153105963,2.1968184266,1.1916120977));
#2978=CARTESIAN_POINT('',(-5.9736646855,2.0519545367,1.3566923897));
#2979=CARTESIAN_POINT('',(-5.9709868314,2.0595689287,1.3587446564));
#2980=CARTESIAN_POINT('',(-5.9681151801,2.0671163135,1.3607917968));
#2981=CARTESIAN_POINT('',(-5.9619911483,2.0820591245,1.3648707876));
#2982=CARTESIAN_POINT('',(-5.9587387683,2.0894545494,1.3669026376));
#2983=CARTESIAN_POINT('',(-5.9518610163,2.1040758427,1.3709460445));
#2984=CARTESIAN_POINT('',(-5.9482356448,2.1113017097,1.3729576011));
#2985=CARTESIAN_POINT('',(-5.9406205005,2.1255666747,1.3769554643));
#2986=CARTESIAN_POINT('',(-5.9366307284,2.1326057715,1.3789417706));
#2987=CARTESIAN_POINT('',(-5.9282962095,2.1464804073,1.3828842346));
#2988=CARTESIAN_POINT('',(-5.9239514633,2.153315945,1.3848403919));
#2989=CARTESIAN_POINT('',(-5.9194343507,2.1600415391,1.3867790599));
#2990=CARTESIAN_POINT('',(-5.9948244924,1.9581809758,1.7458209386));
#2991=CARTESIAN_POINT('',(-5.9916415363,1.9677356512,1.7478717022));
#2992=CARTESIAN_POINT('',(-5.9881603488,1.9771924727,1.7499146186));
#2993=CARTESIAN_POINT('',(-5.9806144168,1.9958754317,1.7539770653));
#2994=CARTESIAN_POINT('',(-5.9765496739,2.0051015649,1.7559965947));
#2995=CARTESIAN_POINT('',(-5.967851671,2.023289005,1.7600046592));
#2996=CARTESIAN_POINT('',(-5.9632184129,2.0322503079,1.7619931934));
#2997=CARTESIAN_POINT('',(-5.9534004959,2.0498749113,1.7659317725));
#2998=CARTESIAN_POINT('',(-5.9482158393,2.058538208,1.7678818166));
#2999=CARTESIAN_POINT('',(-5.9373142571,2.0755347087,1.7717360611));
#3000=CARTESIAN_POINT('',(-5.931597334,2.083867909,1.7736402607));
#3001=CARTESIAN_POINT('',(-5.9256248154,2.0920206187,1.7755179451));
#3002=CARTESIAN_POINT('',(-6.0026375875,1.917782069,1.9423936127));
#3003=CARTESIAN_POINT('',(-5.9992597072,1.9281709807,1.9444436324));
#3004=CARTESIAN_POINT('',(-5.9955306172,1.9384473369,1.9464844315));
#3005=CARTESIAN_POINT('',(-5.9873863649,1.9587299864,1.950538562));
#3006=CARTESIAN_POINT('',(-5.9829712052,1.9687362733,1.9525518919));
#3007=CARTESIAN_POINT('',(-5.9734741322,1.9884349883,1.9565421734));
#3008=CARTESIAN_POINT('',(-5.9683922219,1.9981274102,1.9585191237));
#3009=CARTESIAN_POINT('',(-5.9575838516,2.0171559552,1.9624278926));
#3010=CARTESIAN_POINT('',(-5.951857395,2.0264920722,1.96435971));
#3011=CARTESIAN_POINT('',(-5.9397849267,2.044767104,1.9681696554));
#3012=CARTESIAN_POINT('',(-5.9334389188,2.0537060129,1.9700477821));
#3013=CARTESIAN_POINT('',(-5.926796973,2.0624267247,1.9718949014));
#3014=CARTESIAN_POINT('',(-6.0219846256,1.8068542897,2.5291024135));
#3015=CARTESIAN_POINT('',(-6.0181076742,1.8195329348,2.5311502105));
#3016=CARTESIAN_POINT('',(-6.0137208163,1.8320572249,2.5331846877));
#3017=CARTESIAN_POINT('',(-6.0039547288,1.8567190709,2.5372140058));
#3018=CARTESIAN_POINT('',(-5.9985755055,1.8688566114,2.539208844));
#3019=CARTESIAN_POINT('',(-5.9868582126,1.8926692719,2.5431461244));
#3020=CARTESIAN_POINT('',(-5.9805201502,1.9043443769,2.545088564));
#3021=CARTESIAN_POINT('',(-5.9669245756,1.9271593048,2.5489086081));
#3022=CARTESIAN_POINT('',(-5.9596670718,1.9382991134,2.5507862102));
#3023=CARTESIAN_POINT('',(-5.9442776459,1.9599738511,2.5544645374));
#3024=CARTESIAN_POINT('',(-5.9361457332,1.9705087665,2.5562652602));
#3025=CARTESIAN_POINT('',(-5.9276018093,1.9807082852,2.5580217591));
#3026=CARTESIAN_POINT('',(-6.0296594389,1.7453740971,2.9222264616));
#3027=CARTESIAN_POINT('',(-6.0255582065,1.7593204469,2.9242727659));
#3028=CARTESIAN_POINT('',(-6.0208399845,1.7730871594,2.9263030039));
#3029=CARTESIAN_POINT('',(-6.0102055112,1.8001568071,2.9303157091));
#3030=CARTESIAN_POINT('',(-6.00428927,1.8134597171,2.9322981724));
#3031=CARTESIAN_POINT('',(-5.991303681,1.8395006776,2.9362000394));
#3032=CARTESIAN_POINT('',(-5.9842343454,1.8522387039,2.9381194393));
#3033=CARTESIAN_POINT('',(-5.9689961185,1.8770530279,2.9418803624));
#3034=CARTESIAN_POINT('',(-5.9608272414,1.8891293024,2.9437218819));
#3035=CARTESIAN_POINT('',(-5.9434517197,1.9125281785,2.9473128104));
#3036=CARTESIAN_POINT('',(-5.934245091,1.923850758,2.9490622157));
#3037=CARTESIAN_POINT('',(-5.9245543663,1.9347533288,2.9507587937));
#3038=CARTESIAN_POINT('',(-6.0407261426,1.6329589165,3.7079028231));
#3039=CARTESIAN_POINT('',(-6.0362638578,1.6492296877,3.7099459793));
#3040=CARTESIAN_POINT('',(-6.0309689252,1.6652743186,3.7119675622));
#3041=CARTESIAN_POINT('',(-6.0187680928,1.6967470241,3.7159466888));
#3042=CARTESIAN_POINT('',(-6.0118622141,1.7121750443,3.7179042255));
#3043=CARTESIAN_POINT('',(-5.9965102327,1.7422564143,3.7217350036));
#3044=CARTESIAN_POINT('',(-5.9880641564,1.756909712,3.7236082384));
#3045=CARTESIAN_POINT('',(-5.9697181926,1.785291394,3.7272510145));
#3046=CARTESIAN_POINT('',(-5.9598183366,1.7990197292,3.7290205493));
#3047=CARTESIAN_POINT('',(-5.9386660237,1.8254106323,3.7324375824));
#3048=CARTESIAN_POINT('',(-5.9274136032,1.8380731546,3.7340850746));
#3049=CARTESIAN_POINT('',(-5.9155423761,1.8501377732,3.7356629978));
#3050=CARTESIAN_POINT('',(-6.0439200967,1.5823915595,4.1014762037));
#3051=CARTESIAN_POINT('',(-6.0393250428,1.5997112379,4.103517702));
#3052=CARTESIAN_POINT('',(-6.0337884807,1.6167835081,4.1055348597));
#3053=CARTESIAN_POINT('',(-6.0208965741,1.6502355643,4.1094969808));
#3054=CARTESIAN_POINT('',(-6.0135412581,1.6666152763,4.1114419353));
#3055=CARTESIAN_POINT('',(-5.9970970507,1.69849237,4.1152369494));
#3056=CARTESIAN_POINT('',(-5.9880081956,1.7139896812,4.1170870005));
#3057=CARTESIAN_POINT('',(-5.9682020772,1.7439222704,4.1206706));
#3058=CARTESIAN_POINT('',(-5.9574848575,1.7583574822,4.1224041404));
#3059=CARTESIAN_POINT('',(-5.9345459381,1.7859983662,4.1257344522));
#3060=CARTESIAN_POINT('',(-5.922324289,1.7992039771,4.1273312161));
#3061=CARTESIAN_POINT('',(-5.9094210391,1.8117181212,4.1288502504));
#3062=CARTESIAN_POINT('',(-6.049428634,1.4406706571,5.2830797905));
#3063=CARTESIAN_POINT('',(-6.0445162898,1.4609482201,5.2851158518));
#3064=CARTESIAN_POINT('',(-6.0383324174,1.4809194257,5.2871192097));
#3065=CARTESIAN_POINT('',(-6.0235172031,1.5199418508,5.2910291553));
#3066=CARTESIAN_POINT('',(-6.0148859187,1.5389929194,5.2929357274));
#3067=CARTESIAN_POINT('',(-5.9953087529,1.5758814875,5.2966221775));
#3068=CARTESIAN_POINT('',(-5.984362947,1.5937188443,5.2984020408));
#3069=CARTESIAN_POINT('',(-5.9603248228,1.6279048207,5.3018070767));
#3070=CARTESIAN_POINT('',(-5.9472325968,1.6442533077,5.3034322357));
#3071=CARTESIAN_POINT('',(-5.919102409,1.6752089309,5.306502221));
#3072=CARTESIAN_POINT('',(-5.904064555,1.6898159465,5.3079470349));
#3073=CARTESIAN_POINT('',(-5.8881690636,1.703439159,5.3092902346));
#3074=CARTESIAN_POINT('',(-6.0477299459,1.3592767132,6.0726701783));
#3075=CARTESIAN_POINT('',(-6.042712712,1.3812789249,6.074702009));
#3076=CARTESIAN_POINT('',(-6.0361992399,1.4029418804,6.0766954766));
#3077=CARTESIAN_POINT('',(-6.020298463,1.4451964422,6.0805690982));
#3078=CARTESIAN_POINT('',(-6.0109112437,1.465787822,6.0824492308));
#3079=CARTESIAN_POINT('',(-5.9894332723,1.5055251651,6.0860615842));
#3080=CARTESIAN_POINT('',(-5.9773426347,1.5246709149,6.0877937849));
#3081=CARTESIAN_POINT('',(-5.9506766656,1.5611687857,6.0910783322));
#3082=CARTESIAN_POINT('',(-5.9361014757,1.5785207098,6.0926306605));
#3083=CARTESIAN_POINT('',(-5.9047299302,1.6111147379,6.0955267535));
#3084=CARTESIAN_POINT('',(-5.8879337409,1.6263566651,6.0968705019));
#3085=CARTESIAN_POINT('',(-5.8701787625,1.6404044044,6.0980974901));
#3086=CARTESIAN_POINT('',(-6.0347847463,1.1357256454,8.4384604807));
#3087=CARTESIAN_POINT('',(-6.0295968649,1.1625951797,8.4404757828));
#3088=CARTESIAN_POINT('',(-6.0222179626,1.1890407222,8.4424352797));
#3089=CARTESIAN_POINT('',(-6.0032713947,1.2403973077,8.4461903666));
#3090=CARTESIAN_POINT('',(-5.9917039368,1.2653077901,8.4479859136));
#3091=CARTESIAN_POINT('',(-5.9646806351,1.3129457841,8.4513648972));
#3092=CARTESIAN_POINT('',(-5.9492250843,1.3356727742,8.4529482948));
#3093=CARTESIAN_POINT('',(-5.9148253064,1.3783508113,8.4558601964));
#3094=CARTESIAN_POINT('',(-5.8958814506,1.3983013889,8.4571886662));
#3095=CARTESIAN_POINT('',(-5.8549941124,1.4349040398,8.4595544501));
#3096=CARTESIAN_POINT('',(-5.8330510703,1.451555707,8.4605917359));
#3097=CARTESIAN_POINT('',(-5.8098913039,1.4663386347,8.4614690429));
#3098=CARTESIAN_POINT('',(-6.0156915856,1.0136064452,10.0168351468));
#3099=CARTESIAN_POINT('',(-6.0106093054,1.0431896244,10.0188374927));
#3100=CARTESIAN_POINT('',(-6.0028636718,1.0723147158,10.0207722572));
#3101=CARTESIAN_POINT('',(-5.98229339,1.1287253025,10.0244441638));
#3102=CARTESIAN_POINT('',(-5.9694690775,1.1560098811,10.0261812432));
#3103=CARTESIAN_POINT('',(-5.9391480885,1.2078716673,10.0294013651));
#3104=CARTESIAN_POINT('',(-5.9216518996,1.2324480284,10.030884352));
#3105=CARTESIAN_POINT('',(-5.8825400246,1.2781097187,10.0335478341));
#3106=CARTESIAN_POINT('',(-5.8609249641,1.2991942961,10.0347282826));
#3107=CARTESIAN_POINT('',(-5.814257669,1.3371969365,10.0367477332));
#3108=CARTESIAN_POINT('',(-5.7892061806,1.3541143643,10.0375866989));
#3109=CARTESIAN_POINT('',(-5.7628316705,1.3686753248,10.0382408421));
#3110=CARTESIAN_POINT('',(-5.976114634,0.8271119264,12.6945713131));
#3111=CARTESIAN_POINT('',(-5.9713541192,0.8609826738,12.6965451127));
#3112=CARTESIAN_POINT('',(-5.9631043017,0.8943651813,12.6984307773));
#3113=CARTESIAN_POINT('',(-5.9399707568,0.9587625393,12.7019467813));
#3114=CARTESIAN_POINT('',(-5.9250877012,0.9897755212,12.7035770173));
#3115=CARTESIAN_POINT('',(-5.8893089958,1.0481372909,12.7065135061));
#3116=CARTESIAN_POINT('',(-5.868414382,1.0754843837,12.7078196723));
#3117=CARTESIAN_POINT('',(-5.8214841944,1.1253701576,12.7100528551));
#3118=CARTESIAN_POINT('',(-5.7954499782,1.147907387,12.7109798055));
#3119=CARTESIAN_POINT('',(-5.7393264542,1.1872289995,12.7124151884));
#3120=CARTESIAN_POINT('',(-5.7092387698,1.2040122342,12.7129235776));
#3121=CARTESIAN_POINT('',(-5.6777511198,1.2175663313,12.7132117489));
#3122=CARTESIAN_POINT('',(-5.9575668319,0.7570858016,13.7938422733));
#3123=CARTESIAN_POINT('',(-5.9529855993,0.7926057135,13.795802671));
#3124=CARTESIAN_POINT('',(-5.9445702574,0.8276332732,13.7976663658));
#3125=CARTESIAN_POINT('',(-5.9204571053,0.8951021167,13.8011146943));
#3126=CARTESIAN_POINT('',(-5.9047601384,0.9275410427,13.802699206));
#3127=CARTESIAN_POINT('',(-5.8668027636,0.9883442606,13.8055159882));
#3128=CARTESIAN_POINT('',(-5.8445436787,1.0167064252,13.8067481586));
#3129=CARTESIAN_POINT('',(-5.7944810534,1.0680536241,13.8088031846));
#3130=CARTESIAN_POINT('',(-5.7666792563,1.0910368574,13.8096259665));
#3131=CARTESIAN_POINT('',(-5.706803906,1.1305688496,13.8108238715));
#3132=CARTESIAN_POINT('',(-5.6747324381,1.1471162149,13.8111989508));
#3133=CARTESIAN_POINT('',(-5.6412594246,1.1600643595,13.8113412815));
#3134=CARTESIAN_POINT('',(-5.937499546,0.6918140633,14.8933039592));
#3135=CARTESIAN_POINT('',(-5.9331283363,0.7289098777,14.8952488627));
#3136=CARTESIAN_POINT('',(-5.9245724438,0.7655165234,14.8970883547));
#3137=CARTESIAN_POINT('',(-5.8995189681,0.8359216569,14.9004645668));
#3138=CARTESIAN_POINT('',(-5.8830224415,0.8697171754,14.9020011445));
#3139=CARTESIAN_POINT('',(-5.8429144066,0.9328048129,14.904694436));
#3140=CARTESIAN_POINT('',(-5.8193045898,0.9620942711,14.9058510362));
#3141=CARTESIAN_POINT('',(-5.7661535182,1.0147004031,14.9077263314));
#3142=CARTESIAN_POINT('',(-5.7366145049,1.0380148583,14.9084449475));
#3143=CARTESIAN_POINT('',(-5.6730860611,1.0775011503,14.9094081956));
#3144=CARTESIAN_POINT('',(-5.6390993099,1.0936713219,14.909652787));
#3145=CARTESIAN_POINT('',(-5.6037394604,1.1058643778,14.9096542328));
#3146=B_SPLINE_SURFACE_WITH_KNOTS('',3,3,((#2570,#2571,#2572,#2573,#2574,#2575,#2576,#2577,#2578,#2579,#2580,#2581),
    (#2582,#2583,#2584,#2585,#2586,#2587,#2588,#2589,#2590,#2591,#2592,#2593),
    (#2594,#2595,#2596,#2597,#2598,#2599,#2600,#2601,#2602,#2603,#2604,#2605),
    (#2606,#2607,#2608,#2609,#2610,#2611,#2612,#2613,#2614,#2615,#2616,#2617),
    (#2618,#2619,#2620,#2621,#2622,#2623,#2624,#2625,#2626,#2627,#2628,#2629),
    (#2630,#2631,#2632,#2633,#2634,#2635,#2636,#2637,#2638,#2639,#2640,#2641),
    (#2642,#2643,#2644,#2645,#2646,#2647,#2648,#2649,#2650,#2651,#2652,#2653),
    (#2654,#2655,#2656,#2657,#2658,#2659,#2660,#2661,#2662,#2663,#2664,#2665),
    (#2666,#2667,#2668,#2669,#2670,#2671,#2672,#2673,#2674,#2675,#2676,#2677),
    (#2678,#2679,#2680,#2681,#2682,#2683,#2684,#2685,#2686,#2687,#2688,#2689),
    (#2690,#2691,#2692,#2693,#2694,#2695,#2696,#2697,#2698,#2699,#2700,#2701),
    (#2702,#2703,#2704,#2705,#2706,#2707,#2708,#2709,#2710,#2711,#2712,#2713),
    (#2714,#2715,#2716,#2717,#2718,#2719,#2720,#2721,#2722,#2723,#2724,#2725),
    (#2726,#2727,#2728,#2729,#2730,#2731,#2732,#2733,#2734,#2735,#2736,#2737),
    (#2738,#2739,#2740,#2741,#2742,#2743,#2744,#2745,#2746,#2747,#2748,#2749),
    (#2750,#2751,#2752,#2753,#2754,#2755,#2756,#2757,#2758,#2759,#2760,#2761),
    (#2762,#2763,#2764,#2765,#2766,#2767,#2768,#2769,#2770,#2771,#2772,#2773),
    (#2774,#2775,#2776,#2777,#2778,#2779,#2780,#2781,#2782,#2783,#2784,#2785),
    (#2786,#2787,#2788,#2789,#2790,#2791,#2792,#2793,#2794,#2795,#2796,#2797),
    (#2798,#2799,#2800,#2801,#2802,#2803,#2804,#2805,#2806,#2807,#2808,#2809),
    (#2810,#2811,#2812,#2813,#2814,#2815,#2816,#2817,#2818,#2819,#2820,#2821),
    (#2822,#2823,#2824,#2825,#2826,#2827,#2828,#2829,#2830,#2831,#2832,#2833),
    (#2834,#2835,#2836,#2837,#2838,#2839,#2840,#2841,#2842,#2843,#2844,#2845),
    (#2846,#2847,#2848,#2849,#2850,#2851,#2852,#2853,#2854,#2855,#2856,#2857),
    (#2858,#2859,#2860,#2861,#2862,#2863,#2864,#2865,#2866,#2867,#2868,#2869),
    (#2870,#2871,#2872,#2873,#2874,#2875,#2876,#2877,#2878,#2879,#2880,#2881),
    (#2882,#2883,#2884,#2885,#2886,#2887,#2888,#2889,#2890,#2891,#2892,#2893),
    (#2894,#2895,#2896,#2897,#2898,#2899,#2900,#2901,#2902,#2903,#2904,#2905),
    (#2906,#2907,#2908,#2909,#2910,#2911,#2912,#2913,#2914,#2915,#2916,#2917),
    (#2918,#2919,#2920,#2921,#2922,#2923,#2924,#2925,#2926,#2927,#2928,#2929),
    (#2930,#2931,#2932,#2933,#2934,#2935,#2936,#2937,#2938,#2939,#2940,#2941),
    (#2942,#2943,#2944,#2945,#2946,#2947,#2948,#2949,#2950,#2951,#2952,#2953),
    (#2954,#2955,#2956,#2957,#2958,#2959,#2960,#2961,#2962,#2963,#2964,#2965),
    (#2966,#2967,#2968,#2969,#2970,#2971,#2972,#2973,#2974,#2975,#2976,#2977),
    (#2978,#2979,#2980,#2981,#2982,#2983,#2984,#2985,#2986,#2987,#2988,#2989),
    (#2990,#2991,#2992,#2993,#2994,#2995,#2996,#2997,#2998,#2999,#3000,#3001),
    (#3002,#3003,#3004,#3005,#3006,#3007,#3008,#3009,#3010,#3011,#3012,#3013),
    (#3014,#3015,#3016,#3017,#3018,#3019,#3020,#3021,#3022,#3023,#3024,#3025),
    (#3026,#3027,#3028,#3029,#3030,#3031,#3032,#3033,#3034,#3035,#3036,#3037),
    (#3038,#3039,#3040,#3041,#3042,#3043,#3044,#3045,#3046,#3047,#3048,#3049),
    (#3050,#3051,#3052,#3053,#3054,#3055,#3056,#3057,#3058,#3059,#3060,#3061),
    (#3062,#3063,#3064,#3065,#3066,#3067,#3068,#3069,#3070,#3071,#3072,#3073),
    (#3074,#3075,#3076,#3077,#3078,#3079,#3080,#3081,#3082,#3083,#3084,#3085),
    (#3086,#3087,#3088,#3089,#3090,#3091,#3092,#3093,#3094,#3095,#3096,#3097),
    (#3098,#3099,#3100,#3101,#3102,#3103,#3104,#3105,#3106,#3107,#3108,#3109),
    (#3110,#3111,#3112,#3113,#3114,#3115,#3116,#3117,#3118,#3119,#3120,#3121),
    (#3122,#3123,#3124,#3125,#3126,#3127,#3128,#3129,#3130,#3131,#3132,#3133),
    (#3134,#3135,#3136,#3137,#3138,#3139,#3140,#3141,#3142,#3143,#3144,#3145)),.UNSPECIFIED.,.F.,.F.,.U.,
 (4,2,2,2,2,2,2,2,2,2,2,2,2,2,2,2,2,2,2,2,
    2,2,2,4),(4,2,2,2,2,4),
  (0.0,0.0035539662,0.1389516732,0.2743527194,0.3729042585,0.4293110671,0.4613650261,0.4794187656,0.4894891403,0.4950746086,
    0.4973565475,0.498838323,0.4999856075,0.5011357635,0.5026222167,0.5052789179,0.514090971,0.5348631638,0.5556353567,0.5968875068,
    0.638139657,0.7206439574,0.8853567968,1.0),(0.0,0.2,0.4,0.6,0.8,1.0),.UNSPECIFIED.);
#3147=ADVANCED_FACE('n° 1060',(#2569),#3146,.T.);
#3148=ORIENTED_EDGE('',*,*,#2377,.T.);
#3149=ORIENTED_EDGE('',*,*,#2557,.T.);
#3150=CARTESIAN_POINT('',(-5.4410145002,0.6339655811,14.8808078637));
#3151=DIRECTION('',(-0.1157331141,-0.9932803463,-0.0));
#3152=DIRECTION('',(-0.9932803463,0.1157331141,0.0));
#3153=AXIS2_PLACEMENT_3D('',#3150,#3151,#3152);
#3154=CIRCLE('',#3153,0.5);
#3155=EDGE_CURVE('n° 1163',#995,#419,#3154,.T.);
#3156=ORIENTED_EDGE('',*,*,#3155,.F.);
#3157=EDGE_LOOP('',(#3148,#3149,#3156));
#3158=FACE_OUTER_BOUND('',#3157,.T.);
#3159=CARTESIAN_POINT('',(-5.4410145002,0.6339655811,14.8808078637));
#3160=DIRECTION('',(-0.2217202323,0.0258339683,0.9747680466));
#3161=DIRECTION('',(0.9750934866,0.0,0.2217942567));
#3162=AXIS2_PLACEMENT_3D('',#3159,#3160,#3161);
#3163=SPHERICAL_SURFACE('',#3162,0.5);
#3164=ADVANCED_FACE('n° 1062',(#3158),#3163,.T.);
#3165=ORIENTED_EDGE('',*,*,#2565,.T.);
#3166=ORIENTED_EDGE('',*,*,#2369,.T.);
#3167=CARTESIAN_POINT('',(-4.2956690468,3.3990849637,14.8808078637));
#3168=DIRECTION('',(0.6205174218,0.7841926608,-0.0));
#3169=DIRECTION('',(0.7841926608,-0.6205174218,0.0));
#3170=AXIS2_PLACEMENT_3D('',#3167,#3168,#3169);
#3171=CIRCLE('',#3170,0.5);
#3172=EDGE_CURVE('n° 1166',#428,#986,#3171,.T.);
#3173=ORIENTED_EDGE('',*,*,#3172,.F.);
#3174=EDGE_LOOP('',(#3165,#3166,#3173));
#3175=FACE_OUTER_BOUND('',#3174,.T.);
#3176=CARTESIAN_POINT('',(-4.2956690468,3.3990849637,14.8808078637));
#3177=DIRECTION('',(-0.1750476384,0.1385120197,0.9747680466));
#3178=DIRECTION('',(0.9842555291,0.0,0.1767513888));
#3179=AXIS2_PLACEMENT_3D('',#3176,#3177,#3178);
#3180=SPHERICAL_SURFACE('',#3179,0.5);
#3181=ADVANCED_FACE('n° 1064',(#3175),#3180,.T.);
#3182=ORIENTED_EDGE('',*,*,#3155,.T.);
#3183=ORIENTED_EDGE('',*,*,#425,.F.);
#3184=CARTESIAN_POINT('',(-5.4410127403,-0.6339806851,14.8808078637));
#3185=DIRECTION('',(0.1157358714,-0.993280025,0.0));
#3186=DIRECTION('',(0.993280025,0.1157358714,0.0));
#3187=AXIS2_PLACEMENT_3D('',#3184,#3185,#3186);
#3188=CIRCLE('',#3187,0.5);
#3189=EDGE_CURVE('n° 1168',#1014,#366,#3188,.T.);
#3190=ORIENTED_EDGE('',*,*,#3189,.F.);
#3191=ORIENTED_EDGE('',*,*,#1020,.F.);
#3192=EDGE_LOOP('',(#3182,#3183,#3190,#3191));
#3193=FACE_OUTER_BOUND('',#3192,.T.);
#3194=CARTESIAN_POINT('',(0.0,0.0,14.8808078637));
#3195=DIRECTION('',(-0.0,-0.0,-1.0));
#3196=DIRECTION('',(-1.0,0.0,0.0));
#3197=AXIS2_PLACEMENT_3D('',#3194,#3195,#3196);
#3198=TOROIDAL_SURFACE('',#3197,5.4778235778,0.5);
#3199=ADVANCED_FACE('n° 1066',(#3193),#3198,.T.);
#3200=ORIENTED_EDGE('',*,*,#3172,.T.);
#3201=ORIENTED_EDGE('',*,*,#992,.F.);
#3202=CARTESIAN_POINT('',(-3.3990968882,4.2956596111,14.8808078637));
#3203=DIRECTION('',(0.7841909383,0.6205195987,0.0));
#3204=DIRECTION('',(-0.6205195987,0.7841909383,0.0));
#3205=AXIS2_PLACEMENT_3D('',#3202,#3203,#3204);
#3206=CIRCLE('',#3205,0.5);
#3207=EDGE_CURVE('n° 1169',#481,#967,#3206,.T.);
#3208=ORIENTED_EDGE('',*,*,#3207,.F.);
#3209=ORIENTED_EDGE('',*,*,#487,.F.);
#3210=EDGE_LOOP('',(#3200,#3201,#3208,#3209));
#3211=FACE_OUTER_BOUND('',#3210,.T.);
#3212=CARTESIAN_POINT('',(0.0,0.0,14.8808078637));
#3213=DIRECTION('',(-0.0,-0.0,-1.0));
#3214=DIRECTION('',(-1.0,0.0,0.0));
#3215=AXIS2_PLACEMENT_3D('',#3212,#3213,#3214);
#3216=TOROIDAL_SURFACE('',#3215,5.4778235778,0.5);
#3217=ADVANCED_FACE('n° 1070',(#3211),#3216,.T.);
#3218=CARTESIAN_POINT('',(-5.4410127403,-0.6339806851,14.8808078637));
#3219=DIRECTION('',(0.9292068383,-0.3086979797,0.2031753157));
#3220=DIRECTION('',(-0.3152738432,-0.9490007396,0.0));
#3221=AXIS2_PLACEMENT_3D('',#3218,#3219,#3220);
#3222=CIRCLE('',#3221,0.5);
#3223=EDGE_CURVE('n° 1174',#1014,#1551,#3222,.T.);
#3224=ORIENTED_EDGE('',*,*,#3223,.F.);
#3225=ORIENTED_EDGE('',*,*,#3189,.T.);
#3226=CARTESIAN_POINT('',(-5.4410127403,-0.6339806851,14.8808078637));
#3227=DIRECTION('',(-0.0187653517,-0.0545989021,-0.9983320197));
#3228=DIRECTION('',(0.0,-0.9985078416,0.0546085178));
#3229=AXIS2_PLACEMENT_3D('',#3226,#3227,#3228);
#3230=CIRCLE('',#3229,0.5);
#3231=EDGE_CURVE('n° 1171',#1551,#366,#3230,.T.);
#3232=ORIENTED_EDGE('',*,*,#3231,.F.);
#3233=EDGE_LOOP('',(#3224,#3225,#3232));
#3234=FACE_OUTER_BOUND('',#3233,.T.);
#3235=CARTESIAN_POINT('',(-5.4410127403,-0.6339806851,14.8808078637));
#3236=DIRECTION('',(-0.2217201606,-0.0258345837,0.9747680466));
#3237=DIRECTION('',(0.9750935022,0.0,0.2217941885));
#3238=AXIS2_PLACEMENT_3D('',#3235,#3236,#3237);
#3239=SPHERICAL_SURFACE('',#3238,0.5);
#3240=ADVANCED_FACE('n° 1074',(#3234),#3239,.T.);
#3241=CARTESIAN_POINT('',(-3.3990968882,4.2956596111,14.8808078637));
#3242=DIRECTION('',(0.0253023414,0.0518482889,-0.9983343861));
#3243=DIRECTION('',(0.0,-0.9986541107,-0.0518648938));
#3244=AXIS2_PLACEMENT_3D('',#3241,#3242,#3243);
#3245=CIRCLE('',#3244,0.5);
#3246=EDGE_CURVE('n° 1180',#481,#1261,#3245,.T.);
#3247=ORIENTED_EDGE('',*,*,#3246,.F.);
#3248=ORIENTED_EDGE('',*,*,#3207,.T.);
#3249=CARTESIAN_POINT('',(-3.3990968882,4.2956596111,14.8808078637));
#3250=DIRECTION('',(0.8750213244,-0.4393544138,0.2032372526));
#3251=DIRECTION('',(-0.4487194026,-0.8936727017,0.0));
#3252=AXIS2_PLACEMENT_3D('',#3249,#3250,#3251);
#3253=CIRCLE('',#3252,0.5);
#3254=EDGE_CURVE('n° 1177',#1261,#967,#3253,.T.);
#3255=ORIENTED_EDGE('',*,*,#3254,.F.);
#3256=EDGE_LOOP('',(#3247,#3248,#3255));
#3257=FACE_OUTER_BOUND('',#3256,.T.);
#3258=CARTESIAN_POINT('',(-3.3990968882,4.2956596111,14.8808078637));
#3259=DIRECTION('',(-0.1385125056,0.1750472539,0.9747680466));
#3260=DIRECTION('',(0.0,-0.9842555966,0.1767510127));
#3261=AXIS2_PLACEMENT_3D('',#3258,#3259,#3260);
#3262=SPHERICAL_SURFACE('',#3261,0.5);
#3263=ADVANCED_FACE('n° 1076',(#3257),#3262,.T.);
#3264=ORIENTED_EDGE('',*,*,#3231,.T.);
#3265=ORIENTED_EDGE('',*,*,#416,.F.);
#3266=CARTESIAN_POINT('',(-4.2956596111,-3.3990968882,14.8808078637));
#3267=DIRECTION('',(0.0518482889,-0.0253023414,0.9983343861));
#3268=DIRECTION('',(0.9986541107,0.0,-0.0518648938));
#3269=AXIS2_PLACEMENT_3D('',#3266,#3267,#3268);
#3270=CIRCLE('',#3269,0.5);
#3271=EDGE_CURVE('n° 1182',#1549,#357,#3270,.T.);
#3272=ORIENTED_EDGE('',*,*,#3271,.F.);
#3273=ORIENTED_EDGE('',*,*,#1618,.F.);
#3274=EDGE_LOOP('',(#3264,#3265,#3272,#3273));
#3275=FACE_OUTER_BOUND('',#3274,.T.);
#3276=CARTESIAN_POINT('',(-5.937497627,-0.6918305336,14.8933039572));
#3277=CARTESIAN_POINT('',(-5.9331289519,-0.7289035898,14.8952493705));
#3278=CARTESIAN_POINT('',(-5.9245807255,-0.7654880682,14.8970895017));
#3279=CARTESIAN_POINT('',(-5.899551944,-0.8358533734,14.9004673303));
#3280=CARTESIAN_POINT('',(-5.8830724419,-0.8696312398,14.9020048857));
#3281=CARTESIAN_POINT('',(-5.8430059614,-0.9326910252,14.9047005153));
#3282=CARTESIAN_POINT('',(-5.8194206688,-0.9619702912,14.9058584762));
#3283=CARTESIAN_POINT('',(-5.7663234846,-1.0145657895,14.9077368784));
#3284=CARTESIAN_POINT('',(-5.736813827,-1.0378798091,14.9084572407));
#3285=CARTESIAN_POINT('',(-5.6733456635,-1.0773764263,14.9094243233));
#3286=CARTESIAN_POINT('',(-5.6393898277,-1.0935573623,14.9096710029));
#3287=CARTESIAN_POINT('',(-5.604059868,-1.1057670054,14.909674663));
#3288=CARTESIAN_POINT('',(-5.9381195141,-0.6938556553,14.8592204681));
#3289=CARTESIAN_POINT('',(-5.933744479,-0.7308785325,14.8611663881));
#3290=CARTESIAN_POINT('',(-5.9252010525,-0.7674127681,14.8630073032));
#3291=CARTESIAN_POINT('',(-5.9002028408,-0.8376847206,14.8663874544));
#3292=CARTESIAN_POINT('',(-5.8837491018,-0.8714194966,14.8679265489));
#3293=CARTESIAN_POINT('',(-5.8437516768,-0.9344068121,14.8706261357));
#3294=CARTESIAN_POINT('',(-5.8202096647,-0.9636567156,14.8717865149));
#3295=CARTESIAN_POINT('',(-5.7672113232,-1.0162125033,14.8736706631));
#3296=CARTESIAN_POINT('',(-5.7377572116,-1.0395161879,14.8743943532));
#3297=CARTESIAN_POINT('',(-5.6744057832,-1.0790147204,14.8753689285));
#3298=CARTESIAN_POINT('',(-5.6405111177,-1.0952079153,14.8756197728));
#3299=CARTESIAN_POINT('',(-5.6052413984,-1.1074418636,14.8756279282));
#3300=CARTESIAN_POINT('',(-5.9387399038,-0.6958856586,14.8251361132));
#3301=CARTESIAN_POINT('',(-5.9343585361,-0.732858309,14.827082537));
#3302=CARTESIAN_POINT('',(-5.9258199247,-0.7693422604,14.828924233));
#3303=CARTESIAN_POINT('',(-5.9008522908,-0.839520768,14.8323066999));
#3304=CARTESIAN_POINT('',(-5.8844243076,-0.8732124025,14.8338473301));
#3305=CARTESIAN_POINT('',(-5.8444959141,-0.9361271178,14.8365508671));
#3306=CARTESIAN_POINT('',(-5.8209971659,-0.9653475793,14.8377136613));
#3307=CARTESIAN_POINT('',(-5.7680976447,-1.0178634572,14.83960355));
#3308=CARTESIAN_POINT('',(-5.7386990738,-1.0411566873,14.8403305657));
#3309=CARTESIAN_POINT('',(-5.6754644072,-1.0806568549,14.8413126317));
#3310=CARTESIAN_POINT('',(-5.641630944,-1.0968621479,14.841567641));
#3311=CARTESIAN_POINT('',(-5.6064215293,-1.1091202253,14.8415802939));
#3312=CARTESIAN_POINT('',(-5.9629350191,-0.7754401385,13.4925694592));
#3313=CARTESIAN_POINT('',(-5.9583071655,-0.81044729,13.4945354682));
#3314=CARTESIAN_POINT('',(-5.9499574073,-0.8449637451,13.496407568));
#3315=CARTESIAN_POINT('',(-5.9261855505,-0.911485385,13.499880312));
#3316=CARTESIAN_POINT('',(-5.9107642293,-0.9434883973,13.5014808405));
#3317=CARTESIAN_POINT('',(-5.8735337081,-1.0035596806,13.5043385428));
#3318=CARTESIAN_POINT('',(-5.8517257187,-1.031625986,13.5055956208));
#3319=CARTESIAN_POINT('',(-5.8026887265,-1.082573793,13.5077097141));
#3320=CARTESIAN_POINT('',(-5.7754613157,-1.1054536209,13.5085666576));
#3321=CARTESIAN_POINT('',(-5.716792489,-1.1450067328,13.5098414958));
#3322=CARTESIAN_POINT('',(-5.6853529783,-1.1616787071,13.5102593458));
#3323=CARTESIAN_POINT('',(-5.6525036709,-1.1748732131,13.5104479174));
#3324=CARTESIAN_POINT('',(-5.9843636099,-0.8597900812,12.1943636712));
#3325=CARTESIAN_POINT('',(-5.9795346015,-0.8928182487,12.196344706));
#3326=CARTESIAN_POINT('',(-5.9713896736,-0.9253630021,12.1982419212));
#3327=CARTESIAN_POINT('',(-5.9487913755,-0.9881983932,12.2017930003));
#3328=CARTESIAN_POINT('',(-5.9343385943,-1.0184873956,12.2034467701));
#3329=CARTESIAN_POINT('',(-5.8996971275,-1.0756094615,12.2064446318));
#3330=CARTESIAN_POINT('',(-5.8795093408,-1.1024410365,12.2077886439));
#3331=CARTESIAN_POINT('',(-5.8341966054,-1.1515824317,12.2101128809));
#3332=CARTESIAN_POINT('',(-5.809072831,-1.1738909678,12.2110930432));
#3333=CARTESIAN_POINT('',(-5.7548818211,-1.2130982854,12.212649833));
#3334=CARTESIAN_POINT('',(-5.7258159895,-1.2299960372,12.2132264178));
#3335=CARTESIAN_POINT('',(-5.6953533272,-1.2438512645,12.2135893345));
#3336=CARTESIAN_POINT('',(-6.0201592093,-1.0479442901,9.5990653347));
#3337=CARTESIAN_POINT('',(-6.0150637237,-1.0767314479,9.6010713918));
#3338=CARTESIAN_POINT('',(-6.0074389139,-1.1050717823,9.6030132151));
#3339=CARTESIAN_POINT('',(-5.9873628575,-1.1600009542,9.6067088472));
#3340=CARTESIAN_POINT('',(-5.9749119126,-1.186588969,9.6084625989));
#3341=CARTESIAN_POINT('',(-5.9455607168,-1.2372064855,9.611728056));
#3342=CARTESIAN_POINT('',(-5.9286609027,-1.261235227,9.6132397105));
#3343=CARTESIAN_POINT('',(-5.8909225886,-1.3060035761,9.615974209));
#3344=CARTESIAN_POINT('',(-5.8700846479,-1.3267425074,9.6171970097));
#3345=CARTESIAN_POINT('',(-5.8250991959,-1.3642986432,9.6193157211));
#3346=CARTESIAN_POINT('',(-5.8009523508,-1.3811152748,9.6202115975));
#3347=CARTESIAN_POINT('',(-5.7755153002,-1.3957131659,9.6209299135));
#3348=CARTESIAN_POINT('',(-6.0347241737,-1.1512826933,8.3018223703));
#3349=CARTESIAN_POINT('',(-6.0295588727,-1.1778187569,8.3038384136));
#3350=CARTESIAN_POINT('',(-6.0222448338,-1.2039371819,8.3057997175));
#3351=CARTESIAN_POINT('',(-6.0035083321,-1.2546678869,8.3095615433));
#3352=CARTESIAN_POINT('',(-5.9920860723,-1.2792796191,8.3113620233));
#3353=CARTESIAN_POINT('',(-5.9654267441,-1.3263632274,8.3147548938));
#3354=CARTESIAN_POINT('',(-5.9501899623,-1.3488345939,8.3163472463));
#3355=CARTESIAN_POINT('',(-5.9162921735,-1.3910579746,8.3192818453));
#3356=CARTESIAN_POINT('',(-5.8976315297,-1.4108095303,8.3206240586));
#3357=CARTESIAN_POINT('',(-5.8573637907,-1.4470825765,8.3230227266));
#3358=CARTESIAN_POINT('',(-5.8357571262,-1.4636036708,8.3240791538));
#3359=CARTESIAN_POINT('',(-5.8129537428,-1.4782951996,8.3249785153));
#3360=CARTESIAN_POINT('',(-6.0479876044,-1.3600006179,6.0627487577));
#3361=CARTESIAN_POINT('',(-6.0429435093,-1.3820793985,6.0647794389));
#3362=CARTESIAN_POINT('',(-6.0363953173,-1.4038159133,6.0667715503));
#3363=CARTESIAN_POINT('',(-6.0204104239,-1.4462096304,6.0706418631));
#3364=CARTESIAN_POINT('',(-6.010973808,-1.4668666071,6.072520043));
#3365=CARTESIAN_POINT('',(-5.9893835129,-1.506725337,6.0761277163));
#3366=CARTESIAN_POINT('',(-5.9772299478,-1.5259268775,6.0778571896));
#3367=CARTESIAN_POINT('',(-5.9504258539,-1.5625247502,6.0811353364));
#3368=CARTESIAN_POINT('',(-5.935775466,-1.5799208861,6.0826839916));
#3369=CARTESIAN_POINT('',(-5.9042426496,-1.612590037,6.0855716317));
#3370=CARTESIAN_POINT('',(-5.8873603864,-1.6278628755,6.0869106002));
#3371=CARTESIAN_POINT('',(-5.8695146768,-1.6419340361,6.0881321815));
#3372=CARTESIAN_POINT('',(-6.0502207926,-1.4564746269,5.1200065121));
#3373=CARTESIAN_POINT('',(-6.0452950919,-1.4765180884,5.1220425667));
#3374=CARTESIAN_POINT('',(-6.0391329183,-1.4962586202,5.1240467911));
#3375=CARTESIAN_POINT('',(-6.0244276413,-1.5348410368,5.1279610226));
#3376=CARTESIAN_POINT('',(-6.0158845903,-1.5536827847,5.1298710151));
#3377=CARTESIAN_POINT('',(-5.9965443029,-1.5901876617,5.1335675676));
#3378=CARTESIAN_POINT('',(-5.9857471347,-1.6078506611,5.1353541138));
#3379=CARTESIAN_POINT('',(-5.9620582015,-1.6417351776,5.1387763572));
#3380=CARTESIAN_POINT('',(-5.9491665197,-1.6579565738,5.1404120415));
#3381=CARTESIAN_POINT('',(-5.9214787155,-1.6887158953,5.1435073436));
#3382=CARTESIAN_POINT('',(-5.9066826902,-1.7032537103,5.1449669497));
#3383=CARTESIAN_POINT('',(-5.8910434523,-1.7168409696,5.1463271985));
#3384=CARTESIAN_POINT('',(-6.0404677112,-1.6406646259,3.6412055649));
#3385=CARTESIAN_POINT('',(-6.0360129584,-1.6568125688,3.6432490298));
#3386=CARTESIAN_POINT('',(-6.0307396145,-1.6727364392,3.6452712754));
#3387=CARTESIAN_POINT('',(-6.0186087437,-1.7039767538,3.6492527625));
#3388=CARTESIAN_POINT('',(-6.0117512364,-1.7192931478,3.6512119974));
#3389=CARTESIAN_POINT('',(-5.9965206432,-1.7491651067,3.6550475041));
#3390=CARTESIAN_POINT('',(-5.9881475816,-1.7637206235,3.6569237696));
#3391=CARTESIAN_POINT('',(-5.9699694014,-1.791924882,3.6605741948));
#3392=CARTESIAN_POINT('',(-5.9601643117,-1.8055735782,3.6623483485));
#3393=CARTESIAN_POINT('',(-5.9392197157,-1.8318271122,3.6657764134));
#3394=CARTESIAN_POINT('',(-5.9280802426,-1.8444319075,3.6674303188));
#3395=CARTESIAN_POINT('',(-5.9163289756,-1.8564513251,3.6690156273));
#3396=CARTESIAN_POINT('',(-6.0343390049,-1.7140722161,3.1033628049));
#3397=CARTESIAN_POINT('',(-6.0301168445,-1.7286467234,3.1054087726));
#3398=CARTESIAN_POINT('',(-6.0252292599,-1.7430299038,3.1074374296));
#3399=CARTESIAN_POINT('',(-6.0141628388,-1.7712976956,3.1114432826));
#3400=CARTESIAN_POINT('',(-6.0079840137,-1.7851822776,3.1134204743));
#3401=CARTESIAN_POINT('',(-5.9943849198,-1.8123408375,3.1173069551));
#3402=CARTESIAN_POINT('',(-5.986964665,-1.825614787,3.1192162399));
#3403=CARTESIAN_POINT('',(-5.9709423276,-1.851444856,3.1229510012));
#3404=CARTESIAN_POINT('',(-5.9623402615,-1.8640009484,3.1247764736));
#3405=CARTESIAN_POINT('',(-5.9440232648,-1.8882937177,3.1283283671));
#3406=CARTESIAN_POINT('',(-5.934308353,-1.9000303692,3.1300547842));
#3407=CARTESIAN_POINT('',(-5.9240758981,-1.9113097352,3.1317244454));
#3408=CARTESIAN_POINT('',(-6.0139622729,-1.8552114516,2.2638220491));
#3409=CARTESIAN_POINT('',(-6.0103200748,-1.866813901,2.2658712872));
#3410=CARTESIAN_POINT('',(-6.0062454933,-1.8782822177,2.2679092071));
#3411=CARTESIAN_POINT('',(-5.9972533718,-1.9008894409,2.2719513466));
#3412=CARTESIAN_POINT('',(-5.9923358358,-1.9120283372,2.2739555642));
#3413=CARTESIAN_POINT('',(-5.9816840275,-1.9339172785,2.2779194074));
#3414=CARTESIAN_POINT('',(-5.9759497601,-1.9446673135,2.2798790311));
#3415=CARTESIAN_POINT('',(-5.9636949855,-1.9657211186,2.2837430284));
#3416=CARTESIAN_POINT('',(-5.9571744838,-1.9760248792,2.2856474));
#3417=CARTESIAN_POINT('',(-5.9433818568,-1.9961310422,2.289390524));
#3418=CARTESIAN_POINT('',(-5.9361097377,-2.0059334356,2.2912292745));
#3419=CARTESIAN_POINT('',(-5.9284810872,-2.0154589046,2.2930302027));
#3420=CARTESIAN_POINT('',(-6.0045180689,-1.9113632323,1.9601092798));
#3421=CARTESIAN_POINT('',(-6.0011259513,-1.9217960132,1.9621595727));
#3422=CARTESIAN_POINT('',(-5.9973842126,-1.9321165131,1.964200685));
#3423=CARTESIAN_POINT('',(-5.9892175295,-1.952488909,1.9682555578));
#3424=CARTESIAN_POINT('',(-5.9847925874,-1.962540799,1.970269317));
#3425=CARTESIAN_POINT('',(-5.9752783908,-1.9823330439,1.9742606042));
#3426=CARTESIAN_POINT('',(-5.9701891391,-1.992073393,1.976238131));
#3427=CARTESIAN_POINT('',(-5.9593679926,-2.0112009235,1.9801482256));
#3428=CARTESIAN_POINT('',(-5.953636101,-2.0205880994,1.9820807922));
#3429=CARTESIAN_POINT('',(-5.941554031,-2.0389691199,1.9858924264));
#3430=CARTESIAN_POINT('',(-5.9352038562,-2.0479629592,1.9877714928));
#3431=CARTESIAN_POINT('',(-5.9285580103,-2.0567408682,1.9896196516));
#3432=CARTESIAN_POINT('',(-5.9810457014,-2.0197932298,1.4897465631));
#3433=CARTESIAN_POINT('',(-5.9782150772,-2.0279986309,1.4917983851));
#3434=CARTESIAN_POINT('',(-5.9751604,-2.0361280543,1.4938442923));
#3435=CARTESIAN_POINT('',(-5.9686114693,-2.0522123199,1.4979184702));
#3436=CARTESIAN_POINT('',(-5.9651172165,-2.0601671601,1.4999467402));
#3437=CARTESIAN_POINT('',(-5.9576988641,-2.0758801052,1.5039798833));
#3438=CARTESIAN_POINT('',(-5.9537747652,-2.0836382082,1.5059847558));
#3439=CARTESIAN_POINT('',(-5.9455076221,-2.0989360605,1.5099654074));
#3440=CARTESIAN_POINT('',(-5.9411645788,-2.1064758078,1.511941186));
#3441=CARTESIAN_POINT('',(-5.9320715924,-2.1213159224,1.5158580326));
#3442=CARTESIAN_POINT('',(-5.9273216503,-2.1286162877,1.5177991001));
#3443=CARTESIAN_POINT('',(-5.9223748369,-2.135786774,1.5197200511));
#3444=CARTESIAN_POINT('',(-5.9709599232,-2.0627603513,1.3207794982));
#3445=CARTESIAN_POINT('',(-5.9683634644,-2.0700881942,1.322831847));
#3446=CARTESIAN_POINT('',(-5.9655875225,-2.0773536079,1.324879445));
#3447=CARTESIAN_POINT('',(-5.9596828004,-2.0917435986,1.32896047));
#3448=CARTESIAN_POINT('',(-5.9565540207,-2.0988681746,1.3309938968));
#3449=CARTESIAN_POINT('',(-5.9499505105,-2.1129608127,1.3350419401));
#3450=CARTESIAN_POINT('',(-5.9464757806,-2.1199288739,1.3370565563));
#3451=CARTESIAN_POINT('',(-5.9391880018,-2.1336931414,1.3410623796));
#3452=CARTESIAN_POINT('',(-5.9353749535,-2.1404893466,1.3430535863));
#3453=CARTESIAN_POINT('',(-5.9274188981,-2.1538949296,1.3470080421));
#3454=CARTESIAN_POINT('',(-5.9232758915,-2.1605043062,1.3489712908));
#3455=CARTESIAN_POINT('',(-5.9189724408,-2.1670129826,1.3509183164));
#3456=CARTESIAN_POINT('',(-5.9479955741,-2.1466462061,1.0627689378));
#3457=CARTESIAN_POINT('',(-5.9459073765,-2.1522718222,1.0648221137));
#3458=CARTESIAN_POINT('',(-5.9437068783,-2.1578567762,1.0668723037));
#3459=CARTESIAN_POINT('',(-5.9390843719,-2.1689375383,1.0709637733));
#3460=CARTESIAN_POINT('',(-5.9366623638,-2.174433346,1.0730050528));
#3461=CARTESIAN_POINT('',(-5.9316002323,-2.185328115,1.0770757747));
#3462=CARTESIAN_POINT('',(-5.928960109,-2.1907270761,1.0791052169));
#3463=CARTESIAN_POINT('',(-5.9234654407,-2.2014205837,1.083149354));
#3464=CARTESIAN_POINT('',(-5.9206108959,-2.2067151299,1.0851640486));
#3465=CARTESIAN_POINT('',(-5.9146913717,-2.2171923822,1.0891758001));
#3466=CARTESIAN_POINT('',(-5.9116263926,-2.222375088,1.0911728568));
#3467=CARTESIAN_POINT('',(-5.9084583343,-2.2274982369,1.0931596616));
#3468=CARTESIAN_POINT('',(-5.9384401814,-2.1798484527,0.9708868435));
#3469=CARTESIAN_POINT('',(-5.9365603498,-2.184802132,0.9729403177));
#3470=CARTESIAN_POINT('',(-5.9345919608,-2.1897231255,0.9749914319));
#3471=CARTESIAN_POINT('',(-5.930480209,-2.1994944089,0.9790866166));
#3472=CARTESIAN_POINT('',(-5.9283368464,-2.2043446987,0.9811306871));
#3473=CARTESIAN_POINT('',(-5.9238774743,-2.2139693172,0.9852094679));
#3474=CARTESIAN_POINT('',(-5.9215614649,-2.2187436458,0.9872441781));
#3475=CARTESIAN_POINT('',(-5.9167593091,-2.2282111649,0.9913019318));
#3476=CARTESIAN_POINT('',(-5.9142731628,-2.2329043554,0.9933249752));
#3477=CARTESIAN_POINT('',(-5.909133424,-2.2422045072,0.9973571012));
#3478=CARTESIAN_POINT('',(-5.9064798315,-2.2468114684,0.9993661836));
#3479=CARTESIAN_POINT('',(-5.9037439501,-2.251372815,1.0013671459));
#3480=CARTESIAN_POINT('',(-5.9173435674,-2.2457908163,0.8346859775));
#3481=CARTESIAN_POINT('',(-5.9159120266,-2.2494124982,0.8367399401));
#3482=CARTESIAN_POINT('',(-5.9144268526,-2.2530137697,0.838792468));
#3483=CARTESIAN_POINT('',(-5.9113502338,-2.2601730861,0.8428932409));
#3484=CARTESIAN_POINT('',(-5.909758789,-2.2637311311,0.8449414858));
#3485=CARTESIAN_POINT('',(-5.9064706935,-2.2708016169,0.8490322816));
#3486=CARTESIAN_POINT('',(-5.9047740427,-2.2743140578,0.8510748325));
#3487=CARTESIAN_POINT('',(-5.9012766689,-2.2812909875,0.8551528331));
#3488=CARTESIAN_POINT('',(-5.8994759458,-2.2847554764,0.8571882827));
#3489=CARTESIAN_POINT('',(-5.8957716288,-2.2916341854,0.8612506781));
#3490=CARTESIAN_POINT('',(-5.8938680349,-2.2950484055,0.8632776238));
#3491=CARTESIAN_POINT('',(-5.8919136399,-2.2984363492,0.865299619));
#3492=CARTESIAN_POINT('',(-5.9086169805,-2.272154582,0.7866164534));
#3493=CARTESIAN_POINT('',(-5.9073693637,-2.2752442213,0.7886705973));
#3494=CARTESIAN_POINT('',(-5.90608038,-2.2783178832,0.7907236325));
#3495=CARTESIAN_POINT('',(-5.9034203288,-2.2844317098,0.794826393));
#3496=CARTESIAN_POINT('',(-5.9020492613,-2.2874718744,0.7968761183));
#3497=CARTESIAN_POINT('',(-5.8992257334,-2.2935171809,0.8009711675));
#3498=CARTESIAN_POINT('',(-5.897773273,-2.2965223226,0.8030164915));
#3499=CARTESIAN_POINT('',(-5.8947876903,-2.3024960748,0.8071016493));
#3500=CARTESIAN_POINT('',(-5.8932545681,-2.3054646853,0.8091414831));
#3501=CARTESIAN_POINT('',(-5.8901084332,-2.3113638846,0.8132145743));
#3502=CARTESIAN_POINT('',(-5.8884954206,-2.3142944735,0.8152478316));
#3503=CARTESIAN_POINT('',(-5.8868428683,-2.3172053159,0.8172772593));
#3504=CARTESIAN_POINT('',(-5.8914623988,-2.3200834294,0.7273453843));
#3505=CARTESIAN_POINT('',(-5.8905709755,-2.3222049763,0.7293997948));
#3506=CARTESIAN_POINT('',(-5.8896532503,-2.3243161538,0.7314534984));
#3507=CARTESIAN_POINT('',(-5.8877655018,-2.328517069,0.735558795));
#3508=CARTESIAN_POINT('',(-5.8867954784,-2.3306068067,0.7376103881));
#3509=CARTESIAN_POINT('',(-5.884803456,-2.3347641488,0.7417107675));
#3510=CARTESIAN_POINT('',(-5.8837814571,-2.3368317531,0.7437595538));
#3511=CARTESIAN_POINT('',(-5.8816858235,-2.3409441418,0.7478536243));
#3512=CARTESIAN_POINT('',(-5.8806121888,-2.3429889263,0.7498989085));
#3513=CARTESIAN_POINT('',(-5.8784136407,-2.3470549963,0.7539852806));
#3514=CARTESIAN_POINT('',(-5.8772887272,-2.349076282,0.7560263686));
#3515=CARTESIAN_POINT('',(-5.8761383612,-2.3510854827,0.758065012));
#3516=CARTESIAN_POINT('',(-5.8858139485,-2.3355122104,0.711016796));
#3517=CARTESIAN_POINT('',(-5.8850393246,-2.3373220303,0.7130712861));
#3518=CARTESIAN_POINT('',(-5.8842425411,-2.3391230456,0.71512518));
#3519=CARTESIAN_POINT('',(-5.8826048769,-2.3427069668,0.7192311878));
#3520=CARTESIAN_POINT('',(-5.8817639962,-2.3444898728,0.7212833016));
#3521=CARTESIAN_POINT('',(-5.8800383718,-2.3480370806,0.7253851619));
#3522=CARTESIAN_POINT('',(-5.8791536281,-2.3498013825,0.7274349083));
#3523=CARTESIAN_POINT('',(-5.8773405241,-2.3533108922,0.7315314469));
#3524=CARTESIAN_POINT('',(-5.8764121639,-2.3550561001,0.7335782392));
#3525=CARTESIAN_POINT('',(-5.8745120855,-2.3585269376,0.7376682837));
#3526=CARTESIAN_POINT('',(-5.8735403675,-2.3602525673,0.739711536));
#3527=CARTESIAN_POINT('',(-5.8725471059,-2.3619681682,0.7417527258));
#3528=CARTESIAN_POINT('',(-5.8747790382,-2.3645678217,0.6889341577));
#3529=CARTESIAN_POINT('',(-5.8742312886,-2.3657898576,0.6909887764));
#3530=CARTESIAN_POINT('',(-5.8736669772,-2.3670052225,0.6930429488));
#3531=CARTESIAN_POINT('',(-5.8725053494,-2.3694223567,0.6971499605));
#3532=CARTESIAN_POINT('',(-5.8719080328,-2.3706241258,0.6992027998));
#3533=CARTESIAN_POINT('',(-5.87068052,-2.3730138173,0.7033067056));
#3534=CARTESIAN_POINT('',(-5.8700503236,-2.3742017395,0.705357772));
#3535=CARTESIAN_POINT('',(-5.8687571833,-2.376563489,0.7094576923));
#3536=CARTESIAN_POINT('',(-5.8680942393,-2.3777373162,0.7115065461));
#3537=CARTESIAN_POINT('',(-5.8667357429,-2.3800706304,0.7156016022));
#3538=CARTESIAN_POINT('',(-5.8660401904,-2.3812301174,0.7176478044));
#3539=CARTESIAN_POINT('',(-5.8653284067,-2.3823823131,0.7196924615));
#3540=CARTESIAN_POINT('',(-5.8698984099,-2.3771729197,0.6813894173));
#3541=CARTESIAN_POINT('',(-5.8694507091,-2.3781397846,0.6834440868));
#3542=CARTESIAN_POINT('',(-5.8689883579,-2.379100713,0.6854983611));
#3543=CARTESIAN_POINT('',(-5.8680344407,-2.3810105192,0.6896057296));
#3544=CARTESIAN_POINT('',(-5.8675428746,-2.381959397,0.6916588238));
#3545=CARTESIAN_POINT('',(-5.8665306192,-2.3838449261,0.6957634424));
#3546=CARTESIAN_POINT('',(-5.8660099298,-2.3847815776,0.6978149669));
#3547=CARTESIAN_POINT('',(-5.8649395245,-2.3866424807,0.7019160569));
#3548=CARTESIAN_POINT('',(-5.8643898086,-2.3875667325,0.7039656223));
#3549=CARTESIAN_POINT('',(-5.8632614528,-2.3894026653,0.7080624054));
#3550=CARTESIAN_POINT('',(-5.8626828128,-2.3903143464,0.7101096231));
#3551=CARTESIAN_POINT('',(-5.8620897647,-2.3912196578,0.7121554725));
#3552=CARTESIAN_POINT('',(-5.8604121177,-2.4010312883,0.6725252604));
#3553=CARTESIAN_POINT('',(-5.8601582009,-2.4015144898,0.6745800114));
#3554=CARTESIAN_POINT('',(-5.8598918843,-2.4019926091,0.6766344273));
#3555=CARTESIAN_POINT('',(-5.8593344935,-2.4029386091,0.6807422586));
#3556=CARTESIAN_POINT('',(-5.8590434193,-2.4034064898,0.6827956741));
#3557=CARTESIAN_POINT('',(-5.8584365589,-2.4043319398,0.6869011741));
#3558=CARTESIAN_POINT('',(-5.8581207728,-2.4047895092,0.6889532587));
#3559=CARTESIAN_POINT('',(-5.8574645383,-2.4056942657,0.6930557671));
#3560=CARTESIAN_POINT('',(-5.8571240899,-2.4061414528,0.6951061908));
#3561=CARTESIAN_POINT('',(-5.8564185845,-2.4070253755,0.6992050475));
#3562=CARTESIAN_POINT('',(-5.8560535275,-2.4074621111,0.7012534805));
#3563=CARTESIAN_POINT('',(-5.8556761949,-2.407893587,0.7033007533));
#3564=CARTESIAN_POINT('',(-5.8558976221,-2.4121787331,0.6701750363));
#3565=CARTESIAN_POINT('',(-5.85573571,-2.4124357193,0.6722298204));
#3566=CARTESIAN_POINT('',(-5.8555619978,-2.4126878446,0.6742842854));
#3567=CARTESIAN_POINT('',(-5.8551909997,-2.4131823351,0.6783922627));
#3568=CARTESIAN_POINT('',(-5.8549937138,-2.4134247002,0.6804457749));
#3569=CARTESIAN_POINT('',(-5.8545755984,-2.4138996333,0.6845515319));
#3570=CARTESIAN_POINT('',(-5.8543547689,-2.4141322013,0.6866037767));
#3571=CARTESIAN_POINT('',(-5.8538896002,-2.4145875048,0.6907066845));
#3572=CARTESIAN_POINT('',(-5.8536452609,-2.4148102403,0.6927573476));
#3573=CARTESIAN_POINT('',(-5.8531331099,-2.4152458449,0.6968567777));
#3574=CARTESIAN_POINT('',(-5.8528652981,-2.415458714,0.6989055448));
#3575=CARTESIAN_POINT('',(-5.8525857706,-2.4156666337,0.700953207));
#3576=CARTESIAN_POINT('',(-5.8467470449,-2.4343138923,0.6695711921));
#3577=CARTESIAN_POINT('',(-5.8467712016,-2.4341210223,0.6716260297));
#3578=CARTESIAN_POINT('',(-5.8467837277,-2.4339233098,0.6736805523));
#3579=CARTESIAN_POINT('',(-5.8467855167,-2.4335182297,0.6777886569));
#3580=CARTESIAN_POINT('',(-5.8467747796,-2.4333108621,0.6798422389));
#3581=CARTESIAN_POINT('',(-5.8467300438,-2.4328865033,0.6839481516));
#3582=CARTESIAN_POINT('',(-5.846696045,-2.4326695122,0.6860004825));
#3583=CARTESIAN_POINT('',(-5.846604791,-2.4322259394,0.6901035825));
#3584=CARTESIAN_POINT('',(-5.8465475356,-2.4319993578,0.6921543518));
#3585=CARTESIAN_POINT('',(-5.8464097769,-2.4315366386,0.6962540187));
#3586=CARTESIAN_POINT('',(-5.8463292736,-2.431300501,0.6983029163));
#3587=CARTESIAN_POINT('',(-5.8462371523,-2.4310596034,0.7003507232));
#3588=CARTESIAN_POINT('',(-5.8420068282,-2.4455509905,0.6713335808));
#3589=CARTESIAN_POINT('',(-5.8421271667,-2.445129402,0.6733884392));
#3590=CARTESIAN_POINT('',(-5.8422354409,-2.444702765,0.6754429706));
#3591=CARTESIAN_POINT('',(-5.8424278444,-2.4438394585,0.6795510571));
#3592=CARTESIAN_POINT('',(-5.8425119738,-2.4434027891,0.6816046121));
#3593=CARTESIAN_POINT('',(-5.8426560757,-2.4425194839,0.6857104233));
#3594=CARTESIAN_POINT('',(-5.8427160482,-2.4420728482,0.6877626795));
#3595=CARTESIAN_POINT('',(-5.8428118277,-2.4411696781,0.6918655709));
#3596=CARTESIAN_POINT('',(-5.8428476348,-2.4407131438,0.6939162061));
#3597=CARTESIAN_POINT('',(-5.8428950789,-2.4397902459,0.6980155337));
#3598=CARTESIAN_POINT('',(-5.8429067159,-2.4393238823,0.7000642261));
#3599=CARTESIAN_POINT('',(-5.8429062675,-2.4388526394,0.7021117862));
#3600=CARTESIAN_POINT('',(-5.8316841209,-2.4695817771,0.679155423));
#3601=CARTESIAN_POINT('',(-5.8320135846,-2.4686702469,0.681210312));
#3602=CARTESIAN_POINT('',(-5.8323290405,-2.4677527878,0.6832648208));
#3603=CARTESIAN_POINT('',(-5.8329318807,-2.4659061753,0.6873727026));
#3604=CARTESIAN_POINT('',(-5.833219265,-2.4649770218,0.6894260757));
#3605=CARTESIAN_POINT('',(-5.8337659111,-2.463107186,0.6935313113));
#3606=CARTESIAN_POINT('',(-5.834025173,-2.4621665038,0.6955831738));
#3607=CARTESIAN_POINT('',(-5.8345155285,-2.4602737783,0.6996850136));
#3608=CARTESIAN_POINT('',(-5.8347466222,-2.459321735,0.7017349908));
#3609=CARTESIAN_POINT('',(-5.8351806009,-2.4574064572,0.7058326859));
#3610=CARTESIAN_POINT('',(-5.8353834858,-2.4564432227,0.7078804037));
#3611=CARTESIAN_POINT('',(-5.8355722487,-2.4554744785,0.7099268048));
#3612=CARTESIAN_POINT('',(-5.8260931719,-2.4822734583,0.6863231996));
#3613=CARTESIAN_POINT('',(-5.8265356636,-2.4811025449,0.6883780943));
#3614=CARTESIAN_POINT('',(-5.8269623599,-2.4799249067,0.6904325598));
#3615=CARTESIAN_POINT('',(-5.8277840768,-2.4775564166,0.6945402091));
#3616=CARTESIAN_POINT('',(-5.8281790973,-2.4763655649,0.6965933928));
#3617=CARTESIAN_POINT('',(-5.8289373837,-2.4739708867,0.7006980556));
#3618=CARTESIAN_POINT('',(-5.8293006497,-2.4727670602,0.7027495345));
#3619=CARTESIAN_POINT('',(-5.8299953547,-2.4703466742,0.7068503649));
#3620=CARTESIAN_POINT('',(-5.8303267938,-2.4691301145,0.7088997163));
#3621=CARTESIAN_POINT('',(-5.8309577793,-2.4666845061,0.7129958692));
#3622=CARTESIAN_POINT('',(-5.8312573257,-2.4654554574,0.7150426708));
#3623=CARTESIAN_POINT('',(-5.831540896,-2.4642202873,0.7170879864));
#3624=CARTESIAN_POINT('',(-5.8118270263,-2.5140817696,0.7098391898));
#3625=CARTESIAN_POINT('',(-5.8125576195,-2.5122593973,0.7118940765));
#3626=CARTESIAN_POINT('',(-5.8132665471,-2.5104276688,0.7139483732));
#3627=CARTESIAN_POINT('',(-5.8146408794,-2.5067459974,0.7180552048));
#3628=CARTESIAN_POINT('',(-5.815306284,-2.5048960546,0.7201077397));
#3629=CARTESIAN_POINT('',(-5.8165933904,-2.5011784576,0.724210466));
#3630=CARTESIAN_POINT('',(-5.8172150922,-2.4993108035,0.7262606576));
#3631=CARTESIAN_POINT('',(-5.8184146249,-2.495558292,0.7303581165));
#3632=CARTESIAN_POINT('',(-5.8189924559,-2.4936734347,0.7324053839));
#3633=CARTESIAN_POINT('',(-5.8201040912,-2.4898870294,0.7364964146));
#3634=CARTESIAN_POINT('',(-5.8206378955,-2.4879854814,0.7385401778));
#3635=CARTESIAN_POINT('',(-5.8211496146,-2.4860758469,0.7405818996));
#3636=CARTESIAN_POINT('',(-5.803803513,-2.5312970983,0.7291785604));
#3637=CARTESIAN_POINT('',(-5.8046957899,-2.529120477,0.7312334161));
#3638=CARTESIAN_POINT('',(-5.8055615681,-2.5269323146,0.7332875493));
#3639=CARTESIAN_POINT('',(-5.8072398364,-2.5225336457,0.7373936579));
#3640=CARTESIAN_POINT('',(-5.8080523264,-2.5203231392,0.7394456333));
#3641=CARTESIAN_POINT('',(-5.8096237449,-2.5158805274,0.7435467144));
#3642=CARTESIAN_POINT('',(-5.8103826735,-2.5136484221,0.7455958201));
#3643=CARTESIAN_POINT('',(-5.811846714,-2.5091633654,0.7496904509));
#3644=CARTESIAN_POINT('',(-5.8125518259,-2.506910414,0.751735976));
#3645=CARTESIAN_POINT('',(-5.8139079957,-2.5023844248,0.7558227357));
#3646=CARTESIAN_POINT('',(-5.8145590536,-2.5001113869,0.7578639704));
#3647=CARTESIAN_POINT('',(-5.8151829749,-2.497828689,0.7599027057));
#3648=CARTESIAN_POINT('',(-5.7726363029,-2.5967988407,0.8167762187));
#3649=CARTESIAN_POINT('',(-5.7741564198,-2.5932698576,0.8188308856));
#3650=CARTESIAN_POINT('',(-5.7756281281,-2.5897192769,0.8208842274));
#3651=CARTESIAN_POINT('',(-5.7784738949,-2.5825769467,0.8249869541));
#3652=CARTESIAN_POINT('',(-5.7798479534,-2.5789851971,0.827036339));
#3653=CARTESIAN_POINT('',(-5.7824976422,-2.5717625785,0.8311298477));
#3654=CARTESIAN_POINT('',(-5.7837732725,-2.5681317094,0.8331739714));
#3655=CARTESIAN_POINT('',(-5.7862253816,-2.5608329226,0.8372556563));
#3656=CARTESIAN_POINT('',(-5.7874018604,-2.557165005,0.8392932175));
#3657=CARTESIAN_POINT('',(-5.7896549986,-2.5497942134,0.8433604796));
#3658=CARTESIAN_POINT('',(-5.7907316579,-2.5460913393,0.8453901805));
#3659=CARTESIAN_POINT('',(-5.7917581014,-2.5423720427,0.8474153047));
#3660=CARTESIAN_POINT('',(-5.7553409122,-2.6297451677,0.8963576581));
#3661=CARTESIAN_POINT('',(-5.7572090228,-2.6255243351,0.8984120457));
#3662=CARTESIAN_POINT('',(-5.7590087708,-2.6212723938,0.9004645556));
#3663=CARTESIAN_POINT('',(-5.7624699984,-2.6127099596,0.9045639698));
#3664=CARTESIAN_POINT('',(-5.7641314778,-2.6083994668,0.906610874));
#3665=CARTESIAN_POINT('',(-5.7673147389,-2.5997236433,0.9106972309));
#3666=CARTESIAN_POINT('',(-5.7688365204,-2.5953583127,0.9127366835));
#3667=CARTESIAN_POINT('',(-5.7717390709,-2.586576573,0.9168062976));
#3668=CARTESIAN_POINT('',(-5.77311984,-2.5821601639,0.918836459));
#3669=CARTESIAN_POINT('',(-5.775739167,-2.5732800688,0.9228856586));
#3670=CARTESIAN_POINT('',(-5.776977725,-2.5688163829,0.9249046967));
#3671=CARTESIAN_POINT('',(-5.7781446365,-2.5643309792,0.9269172617));
#3672=CARTESIAN_POINT('',(-5.7025237343,-2.7279953957,1.1613218968));
#3673=CARTESIAN_POINT('',(-5.7054579821,-2.7216957004,1.1633751756));
#3674=CARTESIAN_POINT('',(-5.7082571429,-2.7153320985,1.1654247185));
#3675=CARTESIAN_POINT('',(-5.7135807108,-2.702487564,1.1695126559));
#3676=CARTESIAN_POINT('',(-5.7161051176,-2.6960066319,1.1715510502));
#3677=CARTESIAN_POINT('',(-5.7208750299,-2.682938105,1.1756130311));
#3678=CARTESIAN_POINT('',(-5.7231205351,-2.6763505107,1.1776366176));
#3679=CARTESIAN_POINT('',(-5.7273289353,-2.6630794961,1.181665347));
#3680=CARTESIAN_POINT('',(-5.7292918302,-2.6563960762,1.1836704897));
#3681=CARTESIAN_POINT('',(-5.7329317456,-2.642944399,1.1876587247));
#3682=CARTESIAN_POINT('',(-5.734608766,-2.6361761423,1.1896418169));
#3683=CARTESIAN_POINT('',(-5.736141442,-2.629371029,1.1916120977));
#3684=CARTESIAN_POINT('',(-5.6749697752,-2.77306784,1.3566923897));
#3685=CARTESIAN_POINT('',(-5.6784604347,-2.7657901231,1.3587446564));
#3686=CARTESIAN_POINT('',(-5.6817666775,-2.758422752,1.3607917968));
#3687=CARTESIAN_POINT('',(-5.688002496,-2.7435262446,1.3648707876));
#3688=CARTESIAN_POINT('',(-5.6909320713,-2.7359971095,1.3669026376));
#3689=CARTESIAN_POINT('',(-5.6964075818,-2.7207949888,1.3709460445));
#3690=CARTESIAN_POINT('',(-5.6989535166,-2.7131220045,1.3729576011));
#3691=CARTESIAN_POINT('',(-5.7036556499,-2.6976504308,1.3769554643));
#3692=CARTESIAN_POINT('',(-5.7058118481,-2.6898518428,1.3789417706));
#3693=CARTESIAN_POINT('',(-5.7097293022,-2.6741475989,1.3828842346));
#3694=CARTESIAN_POINT('',(-5.7114905578,-2.6662419444,1.3848403919));
#3695=CARTESIAN_POINT('',(-5.7130521901,-2.6582921503,1.38677906));
#3696=CARTESIAN_POINT('',(-5.6236240974,-2.8543380039,1.7458209386));
#3697=CARTESIAN_POINT('',(-5.6281295833,-2.8453311382,1.7478717022));
#3698=CARTESIAN_POINT('',(-5.6323549946,-2.8361825843,1.7499146186));
#3699=CARTESIAN_POINT('',(-5.6402300619,-2.8176359576,1.7539770653));
#3700=CARTESIAN_POINT('',(-5.643879716,-2.808237889,1.7559965947));
#3701=CARTESIAN_POINT('',(-5.6505897614,-2.78922701,1.7600046592));
#3702=CARTESIAN_POINT('',(-5.6536501512,-2.7796142037,1.7619931934));
#3703=CARTESIAN_POINT('',(-5.6591703122,-2.7602094114,1.7659317725));
#3704=CARTESIAN_POINT('',(-5.6616300821,-2.7504174297,1.7678818166));
#3705=CARTESIAN_POINT('',(-5.6659398403,-2.7306905061,1.7717360612));
#3706=CARTESIAN_POINT('',(-5.6677898277,-2.7207555686,1.7736402607));
#3707=CARTESIAN_POINT('',(-5.6693314556,-2.7107675239,1.7755179451));
#3708=CARTESIAN_POINT('',(-5.600582449,-2.8884290373,1.9423936127));
#3709=CARTESIAN_POINT('',(-5.6055399968,-2.8786944453,1.9444436324));
#3710=CARTESIAN_POINT('',(-5.6101696131,-2.8687910993,1.9464844316));
#3711=CARTESIAN_POINT('',(-5.6187527561,-2.8486902444,1.950538562));
#3712=CARTESIAN_POINT('',(-5.62270628,-2.8384927417,1.9525518919));
#3713=CARTESIAN_POINT('',(-5.6299199303,-2.817848202,1.9565421734));
#3714=CARTESIAN_POINT('',(-5.6331800543,-2.8074011715,1.9585191237));
#3715=CARTESIAN_POINT('',(-5.6389925956,-2.7863032864,1.9624278926));
#3716=CARTESIAN_POINT('',(-5.6415450109,-2.7756524384,1.96435971));
#3717=CARTESIAN_POINT('',(-5.6459308856,-2.7541935153,1.9681696554));
#3718=CARTESIAN_POINT('',(-5.6477643435,-2.7433854469,1.9700477821));
#3719=CARTESIAN_POINT('',(-5.6492342531,-2.7325224076,1.9718949014));
#3720=CARTESIAN_POINT('',(-5.5358250858,-2.9805472441,2.5291024136));
#3721=CARTESIAN_POINT('',(-5.5420488232,-2.9688406696,2.5311502105));
#3722=CARTESIAN_POINT('',(-5.5478028566,-2.9568826821,2.5331846877));
#3723=CARTESIAN_POINT('',(-5.5583357485,-2.9325384569,2.5372140058));
#3724=CARTESIAN_POINT('',(-5.5631146004,-2.9201522344,2.539208844));
#3725=CARTESIAN_POINT('',(-5.5716673168,-2.8950287634,2.5431461244));
#3726=CARTESIAN_POINT('',(-5.5754411758,-2.8822915306,2.545088564));
#3727=CARTESIAN_POINT('',(-5.5819602431,-2.8565454174,2.5489086081));
#3728=CARTESIAN_POINT('',(-5.5847054472,-2.8435365531,2.5507862102));
#3729=CARTESIAN_POINT('',(-5.5891498337,-2.8173282316,2.5544645374));
#3730=CARTESIAN_POINT('',(-5.5908490132,-2.8041287909,2.5562652602));
#3731=CARTESIAN_POINT('',(-5.5920196956,-2.7908751755,2.5580217592));
#3732=CARTESIAN_POINT('',(-5.4977789373,-3.0294472178,2.9222264616));
#3733=CARTESIAN_POINT('',(-5.5047404865,-3.01668565,2.9242727659));
#3734=CARTESIAN_POINT('',(-5.5111387355,-3.0036148274,2.926303004));
#3735=CARTESIAN_POINT('',(-5.5227601588,-2.9769539879,2.9303157091));
#3736=CARTESIAN_POINT('',(-5.5279833224,-2.9633639956,2.9322981724));
#3737=CARTESIAN_POINT('',(-5.5372148641,-2.9357680579,2.9362000394));
#3738=CARTESIAN_POINT('',(-5.5412232337,-2.9217621379,2.9381194393));
#3739=CARTESIAN_POINT('',(-5.5479945569,-2.8934407077,2.9418803624));
#3740=CARTESIAN_POINT('',(-5.5507575042,-2.8791252236,2.943721882));
#3741=CARTESIAN_POINT('',(-5.5550166588,-2.8502933704,2.9473128104));
#3742=CARTESIAN_POINT('',(-5.5565128621,-2.8357770281,2.9490622158));
#3743=CARTESIAN_POINT('',(-5.5573697667,-2.8212153692,2.9507587937));
#3744=CARTESIAN_POINT('',(-5.426114742,-3.1167620955,3.7079028231));
#3745=CARTESIAN_POINT('',(-5.4344646028,-3.102101611,3.7099459793));
#3746=CARTESIAN_POINT('',(-5.4420657874,-3.0870122609,3.7119675622));
#3747=CARTESIAN_POINT('',(-5.4556930595,-3.0561304061,3.7159466888));
#3748=CARTESIAN_POINT('',(-5.4617191236,-3.0403379547,3.7179042255));
#3749=CARTESIAN_POINT('',(-5.4721343741,-3.0082117239,3.7217350037));
#3750=CARTESIAN_POINT('',(-5.4765235425,-2.9918779999,3.7236082384));
#3751=CARTESIAN_POINT('',(-5.4836198669,-2.9588365647,3.7272510145));
#3752=CARTESIAN_POINT('',(-5.4863270104,-2.9421289105,3.7290205493));
#3753=CARTESIAN_POINT('',(-5.4900312531,-2.90851078,3.7324375824));
#3754=CARTESIAN_POINT('',(-5.4910283457,-2.8916003618,3.7340850746));
#3755=CARTESIAN_POINT('',(-5.4911650941,-2.8746751629,3.7356629978));
#3756=CARTESIAN_POINT('',(-5.3926166875,-3.1547770831,4.1014762037));
#3757=CARTESIAN_POINT('',(-5.4016143558,-3.1392810273,4.103517702));
#3758=CARTESIAN_POINT('',(-5.4097713333,-3.1232941687,4.1055348597));
#3759=CARTESIAN_POINT('',(-5.4243095544,-3.0905240384,4.1094969808));
#3760=CARTESIAN_POINT('',(-5.430690766,-3.0737408391,4.1114419353));
#3761=CARTESIAN_POINT('',(-5.4416034646,-3.0395725194,4.1152369494));
#3762=CARTESIAN_POINT('',(-5.4461349274,-3.0221874745,4.1170870005));
#3763=CARTESIAN_POINT('',(-5.4532954236,-2.987016897,4.1206706));
#3764=CARTESIAN_POINT('',(-5.4559244409,-2.9692314421,4.1224041404));
#3765=CARTESIAN_POINT('',(-5.459249232,-2.9334661202,4.1257344522));
#3766=CARTESIAN_POINT('',(-5.4599449981,-2.9154863322,4.1273312161));
#3767=CARTESIAN_POINT('',(-5.4596698587,-2.8975135206,4.1288502504));
#3768=CARTESIAN_POINT('',(-5.2963000005,-3.2588840183,5.2830797905));
#3769=CARTESIAN_POINT('',(-5.3071648509,-3.2410720642,5.2851158518));
#3770=CARTESIAN_POINT('',(-5.3169139677,-3.2225776311,5.2871192097));
#3771=CARTESIAN_POINT('',(-5.3340310506,-3.1845086712,5.2910291553));
#3772=CARTESIAN_POINT('',(-5.3413989507,-3.1649342917,5.2929357274));
#3773=CARTESIAN_POINT('',(-5.3536399607,-3.1250069883,5.2966221775));
#3774=CARTESIAN_POINT('',(-5.358513023,-3.1046542188,5.2984020408));
#3775=CARTESIAN_POINT('',(-5.3656886381,-3.0634835624,5.3018070767));
#3776=CARTESIAN_POINT('',(-5.3679911624,-3.0426658346,5.3034322357));
#3777=CARTESIAN_POINT('',(-5.3699890469,-3.000885857,5.306502221));
#3778=CARTESIAN_POINT('',(-5.3696843981,-2.9799237687,5.3079470349));
#3779=CARTESIAN_POINT('',(-5.3680776543,-2.959050893,5.3092902346));
#3780=CARTESIAN_POINT('',(-5.237544637,-3.3152370741,6.0726701783));
#3781=CARTESIAN_POINT('',(-5.24955483,-3.2961314409,6.0747020091));
#3782=CARTESIAN_POINT('',(-5.2602671324,-3.2762076978,6.0766954766));
#3783=CARTESIAN_POINT('',(-5.2789020724,-3.2350856635,6.0805690982));
#3784=CARTESIAN_POINT('',(-5.2868246103,-3.2138875928,6.0824492309));
#3785=CARTESIAN_POINT('',(-5.2997359358,-3.1706018288,6.0860615842));
#3786=CARTESIAN_POINT('',(-5.3047246535,-3.1485143674,6.0877937849));
#3787=CARTESIAN_POINT('',(-5.3116768578,-3.103850788,6.0910783322));
#3788=CARTESIAN_POINT('',(-5.3136403054,-3.0812749092,6.0926306605));
#3789=CARTESIAN_POINT('',(-5.3145047311,-3.0360444183,6.0955267535));
#3790=CARTESIAN_POINT('',(-5.3134057019,-3.0133900489,6.096870502));
#3791=CARTESIAN_POINT('',(-5.310784288,-2.9909021315,6.0980974902));
#3792=CARTESIAN_POINT('',(-5.0703165226,-3.4641579117,8.4384604807));
#3793=CARTESIAN_POINT('',(-5.0856477664,-3.4414898957,8.4404757828));
#3794=CARTESIAN_POINT('',(-5.0991299169,-3.4175724013,8.4424352797));
#3795=CARTESIAN_POINT('',(-5.1220472601,-3.3678605649,8.4461903666));
#3796=CARTESIAN_POINT('',(-5.1314822033,-3.3420667659,8.4479859136));
#3797=CARTESIAN_POINT('',(-5.146058992,-3.2892732575,8.4513648972));
#3798=CARTESIAN_POINT('',(-5.151200676,-3.2622741238,8.4529482948));
#3799=CARTESIAN_POINT('',(-5.1570542893,-3.2077718782,8.4558601964));
#3800=CARTESIAN_POINT('',(-5.1577661491,-3.1802693606,8.4571886662));
#3801=CARTESIAN_POINT('',(-5.1547364175,-3.1254756638,8.4595544501));
#3802=CARTESIAN_POINT('',(-5.1509948505,-3.0981850831,8.4605917359));
#3803=CARTESIAN_POINT('',(-5.1450715311,-3.0713555469,8.461469043));
#3804=CARTESIAN_POINT('',(-4.9704643045,-3.5370083228,10.0168351468));
#3805=CARTESIAN_POINT('',(-4.9877890564,-3.5124961414,10.0188374927));
#3806=CARTESIAN_POINT('',(-5.002906616,-3.4864246018,10.0207722573));
#3807=CARTESIAN_POINT('',(-5.0282495386,-3.4319909076,10.0244441638));
#3808=CARTESIAN_POINT('',(-5.0384744908,-3.4036296387,10.0261812432));
#3809=CARTESIAN_POINT('',(-5.0537061346,-3.3455176411,10.0294013651));
#3810=CARTESIAN_POINT('',(-5.0587125724,-3.3157678557,10.0308843521));
#3811=CARTESIAN_POINT('',(-5.0633439911,-3.2558238928,10.0335478342));
#3812=CARTESIAN_POINT('',(-5.062968883,-3.2256306892,10.0347282826));
#3813=CARTESIAN_POINT('',(-5.0568420469,-3.1657600038,10.0367477333));
#3814=CARTESIAN_POINT('',(-5.0510903975,-3.1360834984,10.0375866989));
#3815=CARTESIAN_POINT('',(-5.0427369564,-3.1071377497,10.0382408422));
#3816=CARTESIAN_POINT('',(-4.8106076348,-3.6408947309,12.6945713132));
#3817=CARTESIAN_POINT('',(-4.8311916777,-3.6135783034,12.6965451128));
#3818=CARTESIAN_POINT('',(-4.8489631733,-3.5841398041,12.6984307774));
#3819=CARTESIAN_POINT('',(-4.8781410953,-3.5222461091,12.7019467813));
#3820=CARTESIAN_POINT('',(-4.8895466756,-3.4897927098,12.7035770174));
#3821=CARTESIAN_POINT('',(-4.9055153134,-3.4232253415,12.7065135061));
#3822=CARTESIAN_POINT('',(-4.9100779051,-3.3891133036,12.7078196723));
#3823=CARTESIAN_POINT('',(-4.9121678202,-3.3206540807,12.7100528551));
#3824=CARTESIAN_POINT('',(-4.9096950771,-3.286308882,12.7109798055));
#3825=CARTESIAN_POINT('',(-4.8978143316,-3.2188189788,12.7124151884));
#3826=CARTESIAN_POINT('',(-4.8884066649,-3.1856762341,12.7129235776));
#3827=CARTESIAN_POINT('',(-4.8757257281,-3.1538269093,12.713211749));
#3828=CARTESIAN_POINT('',(-4.7479764104,-3.677295402,13.7938422733));
#3829=CARTESIAN_POINT('',(-4.7698533604,-3.6489396108,13.795802671));
#3830=CARTESIAN_POINT('',(-4.7886710401,-3.6182208404,13.7976663658));
#3831=CARTESIAN_POINT('',(-4.8193281434,-3.5534625903,13.8011146943));
#3832=CARTESIAN_POINT('',(-4.8311664963,-3.519425374,13.802699206));
#3833=CARTESIAN_POINT('',(-4.8473209468,-3.4495910893,13.8055159882));
#3834=CARTESIAN_POINT('',(-4.8516364758,-3.4137964604,13.8067481586));
#3835=CARTESIAN_POINT('',(-4.8525448066,-3.342088886,13.8088031846));
#3836=CARTESIAN_POINT('',(-4.8491375674,-3.3061784466,13.8096259665));
#3837=CARTESIAN_POINT('',(-4.834752641,-3.2358868407,13.8108238715));
#3838=CARTESIAN_POINT('',(-4.8237754427,-3.201508134,13.8111989509));
#3839=CARTESIAN_POINT('',(-4.8092621688,-3.1686834184,13.8113412815));
#3840=CARTESIAN_POINT('',(-4.6876326078,-3.7092597768,14.8933039592));
#3841=CARTESIAN_POINT('',(-4.7107723976,-3.6799381629,14.8952488627));
#3842=CARTESIAN_POINT('',(-4.7306072754,-3.6480034258,14.8970883547));
#3843=CARTESIAN_POINT('',(-4.7626757402,-3.580503996,14.9004645668));
#3844=CARTESIAN_POINT('',(-4.7749079747,-3.5449421498,14.9020011445));
#3845=CARTESIAN_POINT('',(-4.7911570075,-3.4719717901,14.904694436));
#3846=CARTESIAN_POINT('',(-4.7951731205,-3.4345663541,14.9058510362));
#3847=CARTESIAN_POINT('',(-4.7947877899,-3.3597847182,14.9077263314));
#3848=CARTESIAN_POINT('',(-4.7903863627,-3.3224116722,14.9084449475));
#3849=CARTESIAN_POINT('',(-4.7733859942,-3.2495692539,14.9094081956));
#3850=CARTESIAN_POINT('',(-4.7607877699,-3.2141029537,14.909652787));
#3851=CARTESIAN_POINT('',(-4.744406373,-3.1804779718,14.9096542328));
#3852=B_SPLINE_SURFACE_WITH_KNOTS('',3,3,((#3276,#3277,#3278,#3279,#3280,#3281,#3282,#3283,#3284,#3285,#3286,#3287),
    (#3288,#3289,#3290,#3291,#3292,#3293,#3294,#3295,#3296,#3297,#3298,#3299),
    (#3300,#3301,#3302,#3303,#3304,#3305,#3306,#3307,#3308,#3309,#3310,#3311),
    (#3312,#3313,#3314,#3315,#3316,#3317,#3318,#3319,#3320,#3321,#3322,#3323),
    (#3324,#3325,#3326,#3327,#3328,#3329,#3330,#3331,#3332,#3333,#3334,#3335),
    (#3336,#3337,#3338,#3339,#3340,#3341,#3342,#3343,#3344,#3345,#3346,#3347),
    (#3348,#3349,#3350,#3351,#3352,#3353,#3354,#3355,#3356,#3357,#3358,#3359),
    (#3360,#3361,#3362,#3363,#3364,#3365,#3366,#3367,#3368,#3369,#3370,#3371),
    (#3372,#3373,#3374,#3375,#3376,#3377,#3378,#3379,#3380,#3381,#3382,#3383),
    (#3384,#3385,#3386,#3387,#3388,#3389,#3390,#3391,#3392,#3393,#3394,#3395),
    (#3396,#3397,#3398,#3399,#3400,#3401,#3402,#3403,#3404,#3405,#3406,#3407),
    (#3408,#3409,#3410,#3411,#3412,#3413,#3414,#3415,#3416,#3417,#3418,#3419),
    (#3420,#3421,#3422,#3423,#3424,#3425,#3426,#3427,#3428,#3429,#3430,#3431),
    (#3432,#3433,#3434,#3435,#3436,#3437,#3438,#3439,#3440,#3441,#3442,#3443),
    (#3444,#3445,#3446,#3447,#3448,#3449,#3450,#3451,#3452,#3453,#3454,#3455),
    (#3456,#3457,#3458,#3459,#3460,#3461,#3462,#3463,#3464,#3465,#3466,#3467),
    (#3468,#3469,#3470,#3471,#3472,#3473,#3474,#3475,#3476,#3477,#3478,#3479),
    (#3480,#3481,#3482,#3483,#3484,#3485,#3486,#3487,#3488,#3489,#3490,#3491),
    (#3492,#3493,#3494,#3495,#3496,#3497,#3498,#3499,#3500,#3501,#3502,#3503),
    (#3504,#3505,#3506,#3507,#3508,#3509,#3510,#3511,#3512,#3513,#3514,#3515),
    (#3516,#3517,#3518,#3519,#3520,#3521,#3522,#3523,#3524,#3525,#3526,#3527),
    (#3528,#3529,#3530,#3531,#3532,#3533,#3534,#3535,#3536,#3537,#3538,#3539),
    (#3540,#3541,#3542,#3543,#3544,#3545,#3546,#3547,#3548,#3549,#3550,#3551),
    (#3552,#3553,#3554,#3555,#3556,#3557,#3558,#3559,#3560,#3561,#3562,#3563),
    (#3564,#3565,#3566,#3567,#3568,#3569,#3570,#3571,#3572,#3573,#3574,#3575),
    (#3576,#3577,#3578,#3579,#3580,#3581,#3582,#3583,#3584,#3585,#3586,#3587),
    (#3588,#3589,#3590,#3591,#3592,#3593,#3594,#3595,#3596,#3597,#3598,#3599),
    (#3600,#3601,#3602,#3603,#3604,#3605,#3606,#3607,#3608,#3609,#3610,#3611),
    (#3612,#3613,#3614,#3615,#3616,#3617,#3618,#3619,#3620,#3621,#3622,#3623),
    (#3624,#3625,#3626,#3627,#3628,#3629,#3630,#3631,#3632,#3633,#3634,#3635),
    (#3636,#3637,#3638,#3639,#3640,#3641,#3642,#3643,#3644,#3645,#3646,#3647),
    (#3648,#3649,#3650,#3651,#3652,#3653,#3654,#3655,#3656,#3657,#3658,#3659),
    (#3660,#3661,#3662,#3663,#3664,#3665,#3666,#3667,#3668,#3669,#3670,#3671),
    (#3672,#3673,#3674,#3675,#3676,#3677,#3678,#3679,#3680,#3681,#3682,#3683),
    (#3684,#3685,#3686,#3687,#3688,#3689,#3690,#3691,#3692,#3693,#3694,#3695),
    (#3696,#3697,#3698,#3699,#3700,#3701,#3702,#3703,#3704,#3705,#3706,#3707),
    (#3708,#3709,#3710,#3711,#3712,#3713,#3714,#3715,#3716,#3717,#3718,#3719),
    (#3720,#3721,#3722,#3723,#3724,#3725,#3726,#3727,#3728,#3729,#3730,#3731),
    (#3732,#3733,#3734,#3735,#3736,#3737,#3738,#3739,#3740,#3741,#3742,#3743),
    (#3744,#3745,#3746,#3747,#3748,#3749,#3750,#3751,#3752,#3753,#3754,#3755),
    (#3756,#3757,#3758,#3759,#3760,#3761,#3762,#3763,#3764,#3765,#3766,#3767),
    (#3768,#3769,#3770,#3771,#3772,#3773,#3774,#3775,#3776,#3777,#3778,#3779),
    (#3780,#3781,#3782,#3783,#3784,#3785,#3786,#3787,#3788,#3789,#3790,#3791),
    (#3792,#3793,#3794,#3795,#3796,#3797,#3798,#3799,#3800,#3801,#3802,#3803),
    (#3804,#3805,#3806,#3807,#3808,#3809,#3810,#3811,#3812,#3813,#3814,#3815),
    (#3816,#3817,#3818,#3819,#3820,#3821,#3822,#3823,#3824,#3825,#3826,#3827),
    (#3828,#3829,#3830,#3831,#3832,#3833,#3834,#3835,#3836,#3837,#3838,#3839),
    (#3840,#3841,#3842,#3843,#3844,#3845,#3846,#3847,#3848,#3849,#3850,#3851)),.UNSPECIFIED.,.F.,.F.,.U.,
 (4,2,2,2,2,2,2,2,2,2,2,2,2,2,2,2,2,2,2,2,
    2,2,2,4),(4,2,2,2,2,4),
  (0.0,0.0035539662,0.1389516732,0.2743527194,0.3729042585,0.4293110671,0.4613650261,0.4794187656,0.4894891403,0.4950746086,
    0.4973565475,0.498838323,0.4999856075,0.5011357635,0.5026222167,0.5052789179,0.514090971,0.5348631638,0.5556353567,0.5968875068,
    0.638139657,0.7206439574,0.8853567968,1.0),(0.0,0.2,0.4,0.6,0.8,1.0),.UNSPECIFIED.);
#3853=ADVANCED_FACE('n° 1078',(#3275),#3852,.T.);
#3854=ORIENTED_EDGE('',*,*,#3223,.T.);
#3855=ORIENTED_EDGE('',*,*,#1567,.F.);
#3856=CARTESIAN_POINT('',(-4.2956596111,-3.3990968882,14.8808078637));
#3857=DIRECTION('',(-0.4393544138,-0.8750213244,-0.2032372526));
#3858=DIRECTION('',(0.8936727017,-0.4487194026,0.0));
#3859=AXIS2_PLACEMENT_3D('',#3856,#3857,#3858);
#3860=CIRCLE('',#3859,0.5);
#3861=EDGE_CURVE('n° 1183',#1023,#1549,#3860,.T.);
#3862=ORIENTED_EDGE('',*,*,#3861,.F.);
#3863=ORIENTED_EDGE('',*,*,#1039,.F.);
#3864=EDGE_LOOP('',(#3854,#3855,#3862,#3863));
#3865=FACE_OUTER_BOUND('',#3864,.T.);
#3866=CARTESIAN_POINT('',(-5.6040598706,-1.105767015,14.9096746653));
#3867=CARTESIAN_POINT('',(-5.6122745813,-1.1001027502,14.9558501192));
#3868=CARTESIAN_POINT('',(-5.6182906405,-1.0880797145,15.0016315184));
#3869=CARTESIAN_POINT('',(-5.6254478657,-1.0522705605,15.0887718091));
#3870=CARTESIAN_POINT('',(-5.6265882646,-1.02848828,15.1301213617));
#3871=CARTESIAN_POINT('',(-5.6239021034,-0.9710562901,15.2050967091));
#3872=CARTESIAN_POINT('',(-5.6200758312,-0.9374127358,15.2387144688));
#3873=CARTESIAN_POINT('',(-5.6077606557,-0.8629413328,15.2955413835));
#3874=CARTESIAN_POINT('',(-5.5992730722,-0.8221214653,15.3187444482));
#3875=CARTESIAN_POINT('',(-5.5783117083,-0.7365539208,15.3528877961));
#3876=CARTESIAN_POINT('',(-5.5658401744,-0.6918154142,15.36382442));
#3877=CARTESIAN_POINT('',(-5.5518728206,-0.646897977,15.368191887));
#3878=CARTESIAN_POINT('',(-5.4471760843,-1.1569479337,14.9593162347));
#3879=CARTESIAN_POINT('',(-5.4535978583,-1.1504406711,15.0046770243));
#3880=CARTESIAN_POINT('',(-5.4571954895,-1.1380994272,15.0496116606));
#3881=CARTESIAN_POINT('',(-5.4584769831,-1.1026884921,15.1352145438));
#3882=CARTESIAN_POINT('',(-5.4561607735,-1.0796222694,15.1758744113));
#3883=CARTESIAN_POINT('',(-5.4458021291,-1.0245199182,15.2498214516));
#3884=CARTESIAN_POINT('',(-5.4377607801,-0.9924891713,15.2831013831));
#3885=CARTESIAN_POINT('',(-5.416579603,-0.92189882,15.33974453));
#3886=CARTESIAN_POINT('',(-5.4034419326,-0.8833461016,15.3631021932));
#3887=CARTESIAN_POINT('',(-5.3730869914,-0.8026496191,15.3981130212));
#3888=CARTESIAN_POINT('',(-5.3558727827,-0.7605137231,15.4097627453));
#3889=CARTESIAN_POINT('',(-5.3372842659,-0.718187867,15.4151126537));
#3890=CARTESIAN_POINT('',(-5.2916450509,-1.2380021982,15.0022014062));
#3891=CARTESIAN_POINT('',(-5.2961591476,-1.2312883467,15.0469348425));
#3892=CARTESIAN_POINT('',(-5.2973749608,-1.2192697557,15.0912217413));
#3893=CARTESIAN_POINT('',(-5.2931252883,-1.1855040038,15.1756507476));
#3894=CARTESIAN_POINT('',(-5.2876602173,-1.1637599193,15.2157851324));
#3895=CARTESIAN_POINT('',(-5.2704569612,-1.1121424626,15.2889467405));
#3896=CARTESIAN_POINT('',(-5.2587203822,-1.0822737913,15.3219672708));
#3897=CARTESIAN_POINT('',(-5.2298463055,-1.016604696,15.3784629218));
#3898=CARTESIAN_POINT('',(-5.212711486,-0.9808102517,15.4019328723));
#3899=CARTESIAN_POINT('',(-5.1743123223,-0.9059237312,15.4375930257));
#3900=CARTESIAN_POINT('',(-5.1530515297,-0.8668384739,15.4497799621));
#3901=CARTESIAN_POINT('',(-5.1305141244,-0.8275428639,15.4558757688));
#3902=CARTESIAN_POINT('',(-5.020587599,-1.4433688698,15.0684117429));
#3903=CARTESIAN_POINT('',(-5.0214840022,-1.4373312596,15.1121340338));
#3904=CARTESIAN_POINT('',(-5.0182474677,-1.4270987142,15.1553801288));
#3905=CARTESIAN_POINT('',(-5.0037374827,-1.3989510011,15.2379240434));
#3906=CARTESIAN_POINT('',(-4.9924652393,-1.3810381099,15.2772151501));
#3907=CARTESIAN_POINT('',(-4.962673509,-1.3387716144,15.3491136539));
#3908=CARTESIAN_POINT('',(-4.9441564789,-1.314421426,15.3817152029));
#3909=CARTESIAN_POINT('',(-4.9011704336,-1.2609688635,15.4379640318));
#3910=CARTESIAN_POINT('',(-4.876704953,-1.2318708084,15.4616067345));
#3911=CARTESIAN_POINT('',(-4.8235322282,-1.1709406408,15.4982900851));
#3912=CARTESIAN_POINT('',(-4.7948293492,-1.1391134514,15.511327745));
#3913=CARTESIAN_POINT('',(-4.7650084149,-1.1070231724,15.5186091857));
#3914=CARTESIAN_POINT('',(-4.9025462405,-1.570991934,15.0920749513));
#3915=CARTESIAN_POINT('',(-4.9016779818,-1.5659508855,15.1354199895));
#3916=CARTESIAN_POINT('',(-4.8963104729,-1.5573260338,15.1782801528));
#3917=CARTESIAN_POINT('',(-4.876941726,-1.5334918548,15.2601263708));
#3918=CARTESIAN_POINT('',(-4.8629420014,-1.5182843752,15.2991060539));
#3919=CARTESIAN_POINT('',(-4.8272619332,-1.4823171406,15.3705371521));
#3920=CARTESIAN_POINT('',(-4.8055843743,-1.4615601751,15.4029830063));
#3921=CARTESIAN_POINT('',(-4.7560248433,-1.4159035579,15.4591366333));
#3922=CARTESIAN_POINT('',(-4.7281467373,-1.3910074479,15.4828400343));
#3923=CARTESIAN_POINT('',(-4.6680848253,-1.3387637519,15.5198936957));
#3924=CARTESIAN_POINT('',(-4.6359057037,-1.3114202193,15.533241071));
#3925=CARTESIAN_POINT('',(-4.6026696647,-1.2837799087,15.5409566888));
#3926=CARTESIAN_POINT('',(-4.7536911544,-1.8043451131,15.11055692));
#3927=CARTESIAN_POINT('',(-4.750926699,-1.801455438,15.1536257646));
#3928=CARTESIAN_POINT('',(-4.7432034944,-1.7958953503,15.1962032211));
#3929=CARTESIAN_POINT('',(-4.7183546221,-1.7798043725,15.2775381281));
#3930=CARTESIAN_POINT('',(-4.7012308268,-1.7692746907,15.3162894571));
#3931=CARTESIAN_POINT('',(-4.6587261119,-1.74394787,15.3873775928));
#3932=CARTESIAN_POINT('',(-4.6333483941,-1.7291526335,15.4197090492));
#3933=CARTESIAN_POINT('',(-4.5760339484,-1.6962834793,15.4757922549));
#3934=CARTESIAN_POINT('',(-4.5441015374,-1.6782120308,15.4995397831));
#3935=CARTESIAN_POINT('',(-4.4758148976,-1.6399985448,15.5368641962));
#3936=CARTESIAN_POINT('',(-4.4394658117,-1.6198593782,15.5504382718));
#3937=CARTESIAN_POINT('',(-4.4021224075,-1.5993582286,15.5584719239));
#3938=CARTESIAN_POINT('',(-4.7063692429,-1.8991259696,15.1133956566));
#3939=CARTESIAN_POINT('',(-4.7030551289,-1.8971795308,15.1564214994));
#3940=CARTESIAN_POINT('',(-4.694627843,-1.8929069118,15.198954941));
#3941=CARTESIAN_POINT('',(-4.6681069879,-1.8799934149,15.2802101101));
#3942=CARTESIAN_POINT('',(-4.650015404,-1.8713535047,15.3189257539));
#3943=CARTESIAN_POINT('',(-4.6053722816,-1.850281785,15.3899599911));
#3944=CARTESIAN_POINT('',(-4.5788240853,-1.8378515542,15.4222732661));
#3945=CARTESIAN_POINT('',(-4.5190388164,-1.8100287383,15.4783444821));
#3946=CARTESIAN_POINT('',(-4.4858062196,-1.7946382374,15.5020982248));
#3947=CARTESIAN_POINT('',(-4.4148697503,-1.7619222172,15.5394632269));
#3948=CARTESIAN_POINT('',(-4.3771711885,-1.7445991485,15.5530716885));
#3949=CARTESIAN_POINT('',(-4.3384950326,-1.7268868337,15.5611538782));
#3950=CARTESIAN_POINT('',(-4.6143925874,-2.1463314009,15.1096208217));
#3951=CARTESIAN_POINT('',(-4.6101903697,-2.1470349603,15.1527042693));
#3952=CARTESIAN_POINT('',(-4.6005078039,-2.1463371801,15.1952966057));
#3953=CARTESIAN_POINT('',(-4.5708276768,-2.142185791,15.2766582298));
#3954=CARTESIAN_POINT('',(-4.550832353,-2.138732497,15.3154213821));
#3955=CARTESIAN_POINT('',(-4.5018646714,-2.1293014886,15.3865269394));
#3956=CARTESIAN_POINT('',(-4.4728960054,-2.1233244876,15.4188639825));
#3957=CARTESIAN_POINT('',(-4.4079209703,-2.1092467074,15.4749497775));
#3958=CARTESIAN_POINT('',(-4.3719194999,-2.1011469925,15.4986943));
#3959=CARTESIAN_POINT('',(-4.2952896458,-2.0833667818,15.5360028779));
#3960=CARTESIAN_POINT('',(-4.2546670395,-2.0736876298,15.5495641197));
#3961=CARTESIAN_POINT('',(-4.2130913542,-2.0635425538,15.5575800574));
#3962=CARTESIAN_POINT('',(-4.5844019226,-2.307498425,15.0964890912));
#3963=CARTESIAN_POINT('',(-4.5801943584,-2.3100326315,15.1397762102));
#3964=CARTESIAN_POINT('',(-4.5703144876,-2.3117647665,15.1825767371));
#3965=CARTESIAN_POINT('',(-4.5398777836,-2.3135110127,15.2643149606));
#3966=CARTESIAN_POINT('',(-4.5193233036,-2.3135250068,15.3032463431));
#3967=CARTESIAN_POINT('',(-4.4689301412,-2.3118383306,15.3746051768));
#3968=CARTESIAN_POINT('',(-4.4390953524,-2.3101378148,15.4070271154));
#3969=CARTESIAN_POINT('',(-4.3721636971,-2.3051429296,15.4631669227));
#3970=CARTESIAN_POINT('',(-4.3350720008,-2.3018489747,15.4868804535));
#3971=CARTESIAN_POINT('',(-4.2561409381,-2.2938968783,15.5239934252));
#3972=CARTESIAN_POINT('',(-4.2143076679,-2.2892393822,15.5373899972));
#3973=CARTESIAN_POINT('',(-4.1715186887,-2.2840610399,15.5451741565));
#3974=CARTESIAN_POINT('',(-4.5772827873,-2.6284719503,15.0518259292));
#3975=CARTESIAN_POINT('',(-4.5740905814,-2.6342522055,15.0957873003));
#3976=CARTESIAN_POINT('',(-4.5649453312,-2.6404431121,15.139279448));
#3977=CARTESIAN_POINT('',(-4.5353920379,-2.6532141633,15.2222688539));
#3978=CARTESIAN_POINT('',(-4.5149864724,-2.6597932558,15.2617591611));
#3979=CARTESIAN_POINT('',(-4.4643518459,-2.6728806777,15.333955726));
#3980=CARTESIAN_POINT('',(-4.4341270268,-2.6793879345,15.3666559363));
#3981=CARTESIAN_POINT('',(-4.3659865109,-2.6918778242,15.4229620147));
#3982=CARTESIAN_POINT('',(-4.3280765211,-2.697859439,15.4465631655));
#3983=CARTESIAN_POINT('',(-4.2472410816,-2.7088819747,15.4830027661));
#3984=CARTESIAN_POINT('',(-4.2043224014,-2.7139220029,15.4958381617));
#3985=CARTESIAN_POINT('',(-4.1604106928,-2.7183170104,15.5028378806));
#3986=CARTESIAN_POINT('',(-4.6003357057,-2.7898858421,15.0196157702));
#3987=CARTESIAN_POINT('',(-4.5981943325,-2.7971882904,15.0640744931));
#3988=CARTESIAN_POINT('',(-4.5899990276,-2.8055652218,15.1080777542));
#3989=CARTESIAN_POINT('',(-4.5620967203,-2.8238667359,15.1919925397));
#3990=CARTESIAN_POINT('',(-4.5423922091,-2.8337897269,15.2318966305));
#3991=CARTESIAN_POINT('',(-4.4929046623,-2.8544701576,15.3047135556));
#3992=CARTESIAN_POINT('',(-4.4631260299,-2.865225809,15.3376199378));
#3993=CARTESIAN_POINT('',(-4.3956553594,-2.8868001982,15.3940493206));
#3994=CARTESIAN_POINT('',(-4.3579693167,-2.8976170788,15.4175673182));
#3995=CARTESIAN_POINT('',(-4.2774235329,-2.9185395976,15.453508774));
#3996=CARTESIAN_POINT('',(-4.2345709444,-2.928643442,15.465929041));
#3997=CARTESIAN_POINT('',(-4.1906891438,-2.9380306593,15.4723490527));
#3998=CARTESIAN_POINT('',(-4.6726893352,-3.0233822008,14.9588985375));
#3999=CARTESIAN_POINT('',(-4.6727056119,-3.0323759089,15.0043044071));
#4000=CARTESIAN_POINT('',(-4.6666281609,-3.0435190601,15.0492868676));
#4001=CARTESIAN_POINT('',(-4.6427500133,-3.0692563135,15.1349771325));
#4002=CARTESIAN_POINT('',(-4.6249516775,-3.0838478855,15.1756764845));
#4003=CARTESIAN_POINT('',(-4.5789938895,-3.1153670819,15.2496821352));
#4004=CARTESIAN_POINT('',(-4.5508389761,-3.1322916098,15.2829811335));
#4005=CARTESIAN_POINT('',(-4.4863237015,-3.1671836054,15.3396338034));
#4006=CARTESIAN_POINT('',(-4.4499697095,-3.1851476468,15.3629818855));
#4007=CARTESIAN_POINT('',(-4.3718403543,-3.2207461422,15.3979420028));
#4008=CARTESIAN_POINT('',(-4.3300727028,-3.2383771021,15.4095505875));
#4009=CARTESIAN_POINT('',(-4.2871939863,-3.2551697213,15.4148451322));
#4010=CARTESIAN_POINT('',(-4.7055657888,-3.10410217,14.9350436112));
#4011=CARTESIAN_POINT('',(-4.7064552472,-3.1135803944,14.9808237229));
#4012=CARTESIAN_POINT('',(-4.7012588973,-3.1256038847,15.0261940188));
#4013=CARTESIAN_POINT('',(-4.6791002039,-3.1538077383,15.1125879273));
#4014=CARTESIAN_POINT('',(-4.6621401451,-3.1699852143,15.153602669));
#4015=CARTESIAN_POINT('',(-4.6177789084,-3.2052358081,15.2280792117));
#4016=CARTESIAN_POINT('',(-4.5903822956,-3.2243053208,15.2615333648));
#4017=CARTESIAN_POINT('',(-4.5272887937,-3.2638534042,15.3182725012));
#4018=CARTESIAN_POINT('',(-4.4915983934,-3.2843279327,15.3415516567));
#4019=CARTESIAN_POINT('',(-4.4147067567,-3.3250899686,15.3761189592));
#4020=CARTESIAN_POINT('',(-4.3735134259,-3.3453733115,15.3874035535));
#4021=CARTESIAN_POINT('',(-4.3311746817,-3.3647725365,15.3922500866));
#4022=CARTESIAN_POINT('',(-4.7444063731,-3.1804779719,14.909654233));
#4023=CARTESIAN_POINT('',(-4.7462197531,-3.1902936691,14.9558350427));
#4024=CARTESIAN_POINT('',(-4.7419825764,-3.2030559087,15.0016219708));
#4025=CARTESIAN_POINT('',(-4.7217435659,-3.2334600768,15.0887723165));
#4026=CARTESIAN_POINT('',(-4.7057439023,-3.2510987452,15.1301263895));
#4027=CARTESIAN_POINT('',(-4.6632547242,-3.2898486384,15.2051085825));
#4028=CARTESIAN_POINT('',(-4.6367697657,-3.3109557081,15.2387286627));
#4029=CARTESIAN_POINT('',(-4.5754221689,-3.3549580704,15.295557161));
#4030=CARTESIAN_POINT('',(-4.5405661086,-3.3778486448,15.3187594858));
#4031=CARTESIAN_POINT('',(-4.4652572372,-3.4235909357,15.3528978874));
#4032=CARTESIAN_POINT('',(-4.4248125012,-3.4464377476,15.3638303038));
#4033=CARTESIAN_POINT('',(-4.3831832381,-3.4683531412,15.3681918872));
#4034=B_SPLINE_SURFACE_WITH_KNOTS('',3,3,((#3866,#3867,#3868,#3869,#3870,#3871,#3872,#3873,#3874,#3875,#3876,#3877),
    (#3878,#3879,#3880,#3881,#3882,#3883,#3884,#3885,#3886,#3887,#3888,#3889),
    (#3890,#3891,#3892,#3893,#3894,#3895,#3896,#3897,#3898,#3899,#3900,#3901),
    (#3902,#3903,#3904,#3905,#3906,#3907,#3908,#3909,#3910,#3911,#3912,#3913),
    (#3914,#3915,#3916,#3917,#3918,#3919,#3920,#3921,#3922,#3923,#3924,#3925),
    (#3926,#3927,#3928,#3929,#3930,#3931,#3932,#3933,#3934,#3935,#3936,#3937),
    (#3938,#3939,#3940,#3941,#3942,#3943,#3944,#3945,#3946,#3947,#3948,#3949),
    (#3950,#3951,#3952,#3953,#3954,#3955,#3956,#3957,#3958,#3959,#3960,#3961),
    (#3962,#3963,#3964,#3965,#3966,#3967,#3968,#3969,#3970,#3971,#3972,#3973),
    (#3974,#3975,#3976,#3977,#3978,#3979,#3980,#3981,#3982,#3983,#3984,#3985),
    (#3986,#3987,#3988,#3989,#3990,#3991,#3992,#3993,#3994,#3995,#3996,#3997),
    (#3998,#3999,#4000,#4001,#4002,#4003,#4004,#4005,#4006,#4007,#4008,#4009),
    (#4010,#4011,#4012,#4013,#4014,#4015,#4016,#4017,#4018,#4019,#4020,#4021),
    (#4022,#4023,#4024,#4025,#4026,#4027,#4028,#4029,#4030,#4031,#4032,#4033)),.UNSPECIFIED.,.F.,.F.,.U.,
 (4,2,2,2,2,2,4),(4,2,2,2,2,4),(0.0,0.1990686855,0.4002880222,0.5217338884,0.7099810444,0.8979604356,1.0),(0.0,0.2,0.4,0.6,0.8,1.0),.UNSPECIFIED.);
#4035=ADVANCED_FACE('n° 1080',(#3865),#4034,.T.);
#4036=ORIENTED_EDGE('',*,*,#3254,.T.);
#4037=ORIENTED_EDGE('',*,*,#983,.F.);
#4038=CARTESIAN_POINT('',(-0.6339806851,5.4410127403,14.8808078637));
#4039=DIRECTION('',(0.3086979797,0.9292068383,-0.2031753157));
#4040=DIRECTION('',(-0.9490007396,0.3152738432,0.0));
#4041=AXIS2_PLACEMENT_3D('',#4038,#4039,#4040);
#4042=CIRCLE('',#4041,0.5);
#4043=EDGE_CURVE('n° 1184',#1263,#958,#4042,.T.);
#4044=ORIENTED_EDGE('',*,*,#4043,.F.);
#4045=ORIENTED_EDGE('',*,*,#1279,.F.);
#4046=EDGE_LOOP('',(#4036,#4037,#4044,#4045));
#4047=FACE_OUTER_BOUND('',#4046,.T.);
#4048=CARTESIAN_POINT('',(-1.105767015,5.6040598706,14.9096746653));
#4049=CARTESIAN_POINT('',(-1.1001027502,5.6122745813,14.9558501192));
#4050=CARTESIAN_POINT('',(-1.0880797145,5.6182906405,15.0016315184));
#4051=CARTESIAN_POINT('',(-1.0522705605,5.6254478657,15.0887718091));
#4052=CARTESIAN_POINT('',(-1.02848828,5.6265882646,15.1301213617));
#4053=CARTESIAN_POINT('',(-0.9710562901,5.6239021034,15.2050967091));
#4054=CARTESIAN_POINT('',(-0.9374127358,5.6200758312,15.2387144688));
#4055=CARTESIAN_POINT('',(-0.8629413328,5.6077606557,15.2955413835));
#4056=CARTESIAN_POINT('',(-0.8221214653,5.5992730722,15.3187444482));
#4057=CARTESIAN_POINT('',(-0.7365539208,5.5783117083,15.3528877961));
#4058=CARTESIAN_POINT('',(-0.6918154142,5.5658401744,15.36382442));
#4059=CARTESIAN_POINT('',(-0.646897977,5.5518728206,15.368191887));
#4060=CARTESIAN_POINT('',(-1.1569479337,5.4471760843,14.9593162347));
#4061=CARTESIAN_POINT('',(-1.1504406711,5.4535978583,15.0046770243));
#4062=CARTESIAN_POINT('',(-1.1380994272,5.4571954895,15.0496116606));
#4063=CARTESIAN_POINT('',(-1.1026884921,5.4584769831,15.1352145438));
#4064=CARTESIAN_POINT('',(-1.0796222694,5.4561607735,15.1758744113));
#4065=CARTESIAN_POINT('',(-1.0245199182,5.4458021291,15.2498214516));
#4066=CARTESIAN_POINT('',(-0.9924891713,5.4377607801,15.2831013831));
#4067=CARTESIAN_POINT('',(-0.92189882,5.416579603,15.33974453));
#4068=CARTESIAN_POINT('',(-0.8833461016,5.4034419326,15.3631021932));
#4069=CARTESIAN_POINT('',(-0.8026496191,5.3730869914,15.3981130212));
#4070=CARTESIAN_POINT('',(-0.7605137231,5.3558727826,15.4097627453));
#4071=CARTESIAN_POINT('',(-0.718187867,5.3372842659,15.4151126537));
#4072=CARTESIAN_POINT('',(-1.2380023913,5.2916449269,15.0022013802));
#4073=CARTESIAN_POINT('',(-1.2312885409,5.2961590295,15.046934819));
#4074=CARTESIAN_POINT('',(-1.2192699488,5.2973748505,15.0912217203));
#4075=CARTESIAN_POINT('',(-1.1855041909,5.2931251967,15.1756507313));
#4076=CARTESIAN_POINT('',(-1.1637601014,5.2876601367,15.2157851183));
#4077=CARTESIAN_POINT('',(-1.1121426312,5.2704569047,15.2889467297));
#4078=CARTESIAN_POINT('',(-1.0822739515,5.2587203389,15.3219672611));
#4079=CARTESIAN_POINT('',(-1.0166048367,5.2298462902,15.378462913));
#4080=CARTESIAN_POINT('',(-0.9808103815,5.2127114855,15.4019328634));
#4081=CARTESIAN_POINT('',(-0.9059238377,5.1743123518,15.4375930147));
#4082=CARTESIAN_POINT('',(-0.8668385681,5.1530515745,15.4497799493));
#4083=CARTESIAN_POINT('',(-0.8275429458,5.1305141844,15.4558757535));
#4084=CARTESIAN_POINT('',(-1.4433689477,5.0205873769,15.0684117503));
#4085=CARTESIAN_POINT('',(-1.4373313358,5.0214837859,15.1121340432));
#4086=CARTESIAN_POINT('',(-1.4270987864,5.0182472585,15.1553801402));
#4087=CARTESIAN_POINT('',(-1.398951061,5.0037372904,15.2379240585));
#4088=CARTESIAN_POINT('',(-1.3810381615,4.9924650567,15.2772151668));
#4089=CARTESIAN_POINT('',(-1.3387716458,4.9626733476,15.3491136731));
#4090=CARTESIAN_POINT('',(-1.3144214456,4.9441563289,15.381715223));
#4091=CARTESIAN_POINT('',(-1.2609688568,4.9011703079,15.4379640525));
#4092=CARTESIAN_POINT('',(-1.2318707873,4.8767048401,15.4616067551));
#4093=CARTESIAN_POINT('',(-1.1709405896,4.8235321412,15.4982901041));
#4094=CARTESIAN_POINT('',(-1.1391133844,4.7948292754,15.5113277625));
#4095=CARTESIAN_POINT('',(-1.1070230896,4.7650083543,15.5186092011));
#4096=CARTESIAN_POINT('',(-1.5709919529,4.9025462361,15.0920749493));
#4097=CARTESIAN_POINT('',(-1.5659509042,4.9016779778,15.1354199876));
#4098=CARTESIAN_POINT('',(-1.5573260521,4.8963104695,15.178280151));
#4099=CARTESIAN_POINT('',(-1.5334918718,4.8769417237,15.2601263692));
#4100=CARTESIAN_POINT('',(-1.5182843915,4.8629419998,15.2991060523));
#4101=CARTESIAN_POINT('',(-1.4823171551,4.8272619331,15.3705371507));
#4102=CARTESIAN_POINT('',(-1.4615601886,4.8055843751,15.4029830049));
#4103=CARTESIAN_POINT('',(-1.415903569,4.7560248458,15.4591366319));
#4104=CARTESIAN_POINT('',(-1.3910074578,4.7281467407,15.4828400329));
#4105=CARTESIAN_POINT('',(-1.3387637592,4.6680848306,15.5198936943));
#4106=CARTESIAN_POINT('',(-1.3114202253,4.63590571,15.5332410695));
#4107=CARTESIAN_POINT('',(-1.2837799134,4.6026696718,15.5409566872));
#4108=CARTESIAN_POINT('',(-1.8043451261,4.7536911417,15.1105569208));
#4109=CARTESIAN_POINT('',(-1.8014554507,4.7509266865,15.1536257654));
#4110=CARTESIAN_POINT('',(-1.7958953624,4.7432034822,15.1962032219));
#4111=CARTESIAN_POINT('',(-1.7798043832,4.7183546108,15.2775381291));
#4112=CARTESIAN_POINT('',(-1.7692747005,4.701230816,15.316289458));
#4113=CARTESIAN_POINT('',(-1.7439478778,4.6587261022,15.3873775939));
#4114=CARTESIAN_POINT('',(-1.7291526401,4.6333483849,15.4197090502));
#4115=CARTESIAN_POINT('',(-1.6962834834,4.5760339406,15.475792256));
#4116=CARTESIAN_POINT('',(-1.6782120337,4.5441015302,15.4995397842));
#4117=CARTESIAN_POINT('',(-1.6399985449,4.4758148919,15.5368641973));
#4118=CARTESIAN_POINT('',(-1.6198593768,4.4394658066,15.5504382728));
#4119=CARTESIAN_POINT('',(-1.5993582258,4.4021224031,15.5584719248));
#4120=CARTESIAN_POINT('',(-1.8991259696,4.7063692429,15.1133956566));
#4121=CARTESIAN_POINT('',(-1.8971795308,4.7030551289,15.1564214994));
#4122=CARTESIAN_POINT('',(-1.8929069118,4.694627843,15.198954941));
#4123=CARTESIAN_POINT('',(-1.8799934149,4.6681069879,15.2802101101));
#4124=CARTESIAN_POINT('',(-1.8713535047,4.650015404,15.3189257539));
#4125=CARTESIAN_POINT('',(-1.850281785,4.6053722816,15.3899599911));
#4126=CARTESIAN_POINT('',(-1.8378515542,4.5788240853,15.4222732661));
#4127=CARTESIAN_POINT('',(-1.8100287383,4.5190388164,15.4783444821));
#4128=CARTESIAN_POINT('',(-1.7946382374,4.4858062196,15.5020982248));
#4129=CARTESIAN_POINT('',(-1.7619222172,4.4148697503,15.5394632269));
#4130=CARTESIAN_POINT('',(-1.7445991485,4.3771711885,15.5530716885));
#4131=CARTESIAN_POINT('',(-1.7268868337,4.3384950326,15.5611538782));
#4132=CARTESIAN_POINT('',(-2.1463314009,4.6143925874,15.1096208217));
#4133=CARTESIAN_POINT('',(-2.1470349604,4.6101903697,15.1527042693));
#4134=CARTESIAN_POINT('',(-2.1463371801,4.6005078039,15.1952966057));
#4135=CARTESIAN_POINT('',(-2.142185791,4.5708276768,15.2766582298));
#4136=CARTESIAN_POINT('',(-2.138732497,4.550832353,15.3154213821));
#4137=CARTESIAN_POINT('',(-2.1293014886,4.5018646714,15.3865269394));
#4138=CARTESIAN_POINT('',(-2.1233244876,4.4728960054,15.4188639825));
#4139=CARTESIAN_POINT('',(-2.1092467074,4.4079209703,15.4749497775));
#4140=CARTESIAN_POINT('',(-2.1011469925,4.3719194999,15.4986943));
#4141=CARTESIAN_POINT('',(-2.0833667818,4.2952896458,15.5360028779));
#4142=CARTESIAN_POINT('',(-2.0736876298,4.2546670395,15.5495641197));
#4143=CARTESIAN_POINT('',(-2.0635425538,4.2130913542,15.5575800574));
#4144=CARTESIAN_POINT('',(-2.3074984254,4.5844019227,15.0964890911));
#4145=CARTESIAN_POINT('',(-2.310032632,4.5801943585,15.1397762101));
#4146=CARTESIAN_POINT('',(-2.311764767,4.5703144878,15.1825767371));
#4147=CARTESIAN_POINT('',(-2.313511013,4.5398777837,15.2643149606));
#4148=CARTESIAN_POINT('',(-2.3135250071,4.5193233037,15.303246343));
#4149=CARTESIAN_POINT('',(-2.3118383309,4.4689301413,15.3746051768));
#4150=CARTESIAN_POINT('',(-2.3101378151,4.4390953525,15.4070271154));
#4151=CARTESIAN_POINT('',(-2.3051429298,4.3721636973,15.4631669226));
#4152=CARTESIAN_POINT('',(-2.3018489749,4.3350720009,15.4868804534));
#4153=CARTESIAN_POINT('',(-2.2938968784,4.2561409382,15.5239934252));
#4154=CARTESIAN_POINT('',(-2.2892393823,4.214307668,15.5373899971));
#4155=CARTESIAN_POINT('',(-2.2840610399,4.1715186889,15.5451741565));
#4156=CARTESIAN_POINT('',(-2.6284719508,4.5772827872,15.0518259293));
#4157=CARTESIAN_POINT('',(-2.6342522059,4.5740905813,15.0957873004));
#4158=CARTESIAN_POINT('',(-2.6404431125,4.564945331,15.139279448));
#4159=CARTESIAN_POINT('',(-2.6532141637,4.5353920378,15.2222688539));
#4160=CARTESIAN_POINT('',(-2.6597932562,4.5149864722,15.2617591611));
#4161=CARTESIAN_POINT('',(-2.672880678,4.4643518457,15.3339557261));
#4162=CARTESIAN_POINT('',(-2.6793879348,4.4341270266,15.3666559363));
#4163=CARTESIAN_POINT('',(-2.6918778244,4.3659865107,15.4229620147));
#4164=CARTESIAN_POINT('',(-2.6978594392,4.3280765209,15.4465631655));
#4165=CARTESIAN_POINT('',(-2.7088819748,4.2472410814,15.4830027661));
#4166=CARTESIAN_POINT('',(-2.713922003,4.2043224012,15.4958381618));
#4167=CARTESIAN_POINT('',(-2.7183170104,4.1604106926,15.5028378806));
#4168=CARTESIAN_POINT('',(-2.7898858561,4.6003357151,15.0196157701));
#4169=CARTESIAN_POINT('',(-2.7971883041,4.5981943415,15.0640744928));
#4170=CARTESIAN_POINT('',(-2.805565235,4.5899990364,15.1080777537));
#4171=CARTESIAN_POINT('',(-2.8238667477,4.5620967285,15.1919925389));
#4172=CARTESIAN_POINT('',(-2.8337897378,4.542392217,15.2318966295));
#4173=CARTESIAN_POINT('',(-2.8544701665,4.4929046698,15.3047135543));
#4174=CARTESIAN_POINT('',(-2.8652258167,4.4631260373,15.3376199365));
#4175=CARTESIAN_POINT('',(-2.8868002033,4.3956553665,15.3940493192));
#4176=CARTESIAN_POINT('',(-2.8976170825,4.3579693236,15.4175673168));
#4177=CARTESIAN_POINT('',(-2.9185395984,4.2774235396,15.4535087728));
#4178=CARTESIAN_POINT('',(-2.9286434414,4.2345709511,15.4659290399));
#4179=CARTESIAN_POINT('',(-2.9380306571,4.1906891505,15.4723490518));
#4180=CARTESIAN_POINT('',(-3.0233822173,4.6726893371,14.9588985389));
#4181=CARTESIAN_POINT('',(-3.0323759252,4.6727056133,15.0043044082));
#4182=CARTESIAN_POINT('',(-3.043519076,4.6666281619,15.0492868685));
#4183=CARTESIAN_POINT('',(-3.0692563282,4.6427500134,15.1349771331));
#4184=CARTESIAN_POINT('',(-3.0838478994,4.6249516773,15.1756764848));
#4185=CARTESIAN_POINT('',(-3.1153670938,4.5789938885,15.2496821352));
#4186=CARTESIAN_POINT('',(-3.1322916207,4.5508389747,15.2829811335));
#4187=CARTESIAN_POINT('',(-3.1671836137,4.4863236994,15.3396338032));
#4188=CARTESIAN_POINT('',(-3.1851476537,4.4499697071,15.3629818853));
#4189=CARTESIAN_POINT('',(-3.2207461464,4.3718403513,15.3979420029));
#4190=CARTESIAN_POINT('',(-3.2383771048,4.3300726995,15.4095505877));
#4191=CARTESIAN_POINT('',(-3.2551697224,4.2871939827,15.4148451326));
#4192=CARTESIAN_POINT('',(-3.10410217,4.7055657888,14.9350436112));
#4193=CARTESIAN_POINT('',(-3.1135803944,4.7064552472,14.9808237229));
#4194=CARTESIAN_POINT('',(-3.1256038847,4.7012588973,15.0261940188));
#4195=CARTESIAN_POINT('',(-3.1538077383,4.6791002039,15.1125879273));
#4196=CARTESIAN_POINT('',(-3.1699852143,4.6621401451,15.153602669));
#4197=CARTESIAN_POINT('',(-3.2052358081,4.6177789084,15.2280792117));
#4198=CARTESIAN_POINT('',(-3.2243053208,4.5903822956,15.2615333648));
#4199=CARTESIAN_POINT('',(-3.2638534042,4.5272887937,15.3182725012));
#4200=CARTESIAN_POINT('',(-3.2843279327,4.4915983934,15.3415516567));
#4201=CARTESIAN_POINT('',(-3.3250899686,4.4147067567,15.3761189592));
#4202=CARTESIAN_POINT('',(-3.3453733115,4.3735134259,15.3874035535));
#4203=CARTESIAN_POINT('',(-3.3647725365,4.3311746817,15.3922500866));
#4204=CARTESIAN_POINT('',(-3.1804779719,4.7444063731,14.909654233));
#4205=CARTESIAN_POINT('',(-3.1902936691,4.7462197531,14.9558350427));
#4206=CARTESIAN_POINT('',(-3.2030559087,4.7419825764,15.0016219708));
#4207=CARTESIAN_POINT('',(-3.2334600768,4.7217435659,15.0887723165));
#4208=CARTESIAN_POINT('',(-3.2510987452,4.7057439023,15.1301263895));
#4209=CARTESIAN_POINT('',(-3.2898486384,4.6632547242,15.2051085825));
#4210=CARTESIAN_POINT('',(-3.3109557081,4.6367697657,15.2387286627));
#4211=CARTESIAN_POINT('',(-3.3549580704,4.5754221689,15.295557161));
#4212=CARTESIAN_POINT('',(-3.3778486448,4.5405661086,15.3187594858));
#4213=CARTESIAN_POINT('',(-3.4235909357,4.4652572372,15.3528978874));
#4214=CARTESIAN_POINT('',(-3.4464377476,4.4248125012,15.3638303038));
#4215=CARTESIAN_POINT('',(-3.4683531412,4.3831832381,15.3681918872));
#4216=B_SPLINE_SURFACE_WITH_KNOTS('',3,3,((#4048,#4049,#4050,#4051,#4052,#4053,#4054,#4055,#4056,#4057,#4058,#4059),
    (#4060,#4061,#4062,#4063,#4064,#4065,#4066,#4067,#4068,#4069,#4070,#4071),
    (#4072,#4073,#4074,#4075,#4076,#4077,#4078,#4079,#4080,#4081,#4082,#4083),
    (#4084,#4085,#4086,#4087,#4088,#4089,#4090,#4091,#4092,#4093,#4094,#4095),
    (#4096,#4097,#4098,#4099,#4100,#4101,#4102,#4103,#4104,#4105,#4106,#4107),
    (#4108,#4109,#4110,#4111,#4112,#4113,#4114,#4115,#4116,#4117,#4118,#4119),
    (#4120,#4121,#4122,#4123,#4124,#4125,#4126,#4127,#4128,#4129,#4130,#4131),
    (#4132,#4133,#4134,#4135,#4136,#4137,#4138,#4139,#4140,#4141,#4142,#4143),
    (#4144,#4145,#4146,#4147,#4148,#4149,#4150,#4151,#4152,#4153,#4154,#4155),
    (#4156,#4157,#4158,#4159,#4160,#4161,#4162,#4163,#4164,#4165,#4166,#4167),
    (#4168,#4169,#4170,#4171,#4172,#4173,#4174,#4175,#4176,#4177,#4178,#4179),
    (#4180,#4181,#4182,#4183,#4184,#4185,#4186,#4187,#4188,#4189,#4190,#4191),
    (#4192,#4193,#4194,#4195,#4196,#4197,#4198,#4199,#4200,#4201,#4202,#4203),
    (#4204,#4205,#4206,#4207,#4208,#4209,#4210,#4211,#4212,#4213,#4214,#4215)),.UNSPECIFIED.,.F.,.F.,.U.,
 (4,2,2,2,2,2,4),(4,2,2,2,2,4),(0.0,0.1990686855,0.4002880222,0.5217338884,0.7099810444,0.8979604356,1.0),(0.0,0.2,0.4,0.6,0.8,1.0),.UNSPECIFIED.);
#4217=ADVANCED_FACE('n° 1082',(#4047),#4216,.T.);
#4218=ORIENTED_EDGE('',*,*,#3246,.T.);
#4219=ORIENTED_EDGE('',*,*,#1330,.F.);
#4220=CARTESIAN_POINT('',(-0.6339806851,5.4410127403,14.8808078637));
#4221=DIRECTION('',(0.0545989021,-0.0187653517,0.9983320197));
#4222=DIRECTION('',(0.9985078416,0.0,-0.0546085178));
#4223=AXIS2_PLACEMENT_3D('',#4220,#4221,#4222);
#4224=CIRCLE('',#4223,0.5);
#4225=EDGE_CURVE('n° 1185',#490,#1263,#4224,.T.);
#4226=ORIENTED_EDGE('',*,*,#4225,.F.);
#4227=ORIENTED_EDGE('',*,*,#540,.F.);
#4228=EDGE_LOOP('',(#4218,#4219,#4226,#4227));
#4229=FACE_OUTER_BOUND('',#4228,.T.);
#4230=CARTESIAN_POINT('',(-0.6918305336,5.937497627,14.8933039572));
#4231=CARTESIAN_POINT('',(-0.7289035898,5.9331289519,14.8952493705));
#4232=CARTESIAN_POINT('',(-0.7654880682,5.9245807255,14.8970895017));
#4233=CARTESIAN_POINT('',(-0.8358533734,5.899551944,14.9004673303));
#4234=CARTESIAN_POINT('',(-0.8696312398,5.8830724419,14.9020048857));
#4235=CARTESIAN_POINT('',(-0.9326910252,5.8430059614,14.9047005153));
#4236=CARTESIAN_POINT('',(-0.9619702912,5.8194206688,14.9058584762));
#4237=CARTESIAN_POINT('',(-1.0145657895,5.7663234846,14.9077368784));
#4238=CARTESIAN_POINT('',(-1.0378798091,5.736813827,14.9084572407));
#4239=CARTESIAN_POINT('',(-1.0773764263,5.6733456635,14.9094243233));
#4240=CARTESIAN_POINT('',(-1.0935573623,5.6393898277,14.9096710029));
#4241=CARTESIAN_POINT('',(-1.1057670054,5.604059868,14.909674663));
#4242=CARTESIAN_POINT('',(-0.6938556553,5.9381195141,14.8592204681));
#4243=CARTESIAN_POINT('',(-0.7308785325,5.933744479,14.861166388));
#4244=CARTESIAN_POINT('',(-0.7674127681,5.9252010525,14.8630073031));
#4245=CARTESIAN_POINT('',(-0.8376847206,5.9002028408,14.8663874543));
#4246=CARTESIAN_POINT('',(-0.8714194966,5.8837491018,14.8679265488));
#4247=CARTESIAN_POINT('',(-0.9344068121,5.8437516768,14.8706261356));
#4248=CARTESIAN_POINT('',(-0.9636567156,5.8202096647,14.8717865148));
#4249=CARTESIAN_POINT('',(-1.0162125033,5.7672113232,14.8736706631));
#4250=CARTESIAN_POINT('',(-1.0395161879,5.7377572116,14.8743943532));
#4251=CARTESIAN_POINT('',(-1.0790147204,5.6744057833,14.8753689284));
#4252=CARTESIAN_POINT('',(-1.0952079153,5.6405111177,14.8756197728));
#4253=CARTESIAN_POINT('',(-1.1074418636,5.6052413984,14.8756279281));
#4254=CARTESIAN_POINT('',(-0.6958856585,5.9387399038,14.8251361131));
#4255=CARTESIAN_POINT('',(-0.7328583078,5.9343585362,14.8270825369));
#4256=CARTESIAN_POINT('',(-0.769342258,5.9258199253,14.8289242329));
#4257=CARTESIAN_POINT('',(-0.8395207634,5.9008522926,14.8323066999));
#4258=CARTESIAN_POINT('',(-0.873212397,5.8844243104,14.8338473301));
#4259=CARTESIAN_POINT('',(-0.9361271109,5.844495919,14.8365508673));
#4260=CARTESIAN_POINT('',(-0.9653475719,5.8209971721,14.8377136616));
#4261=CARTESIAN_POINT('',(-1.0178634492,5.7680976537,14.8396035504));
#4262=CARTESIAN_POINT('',(-1.0411566793,5.7386990845,14.8403305662));
#4263=CARTESIAN_POINT('',(-1.0806568474,5.675464421,14.8413126324));
#4264=CARTESIAN_POINT('',(-1.096862141,5.6416309594,14.8415676419));
#4265=CARTESIAN_POINT('',(-1.1091202192,5.6064215463,14.8415802949));
#4266=CARTESIAN_POINT('',(-0.7754401422,5.9629350187,13.4925694591));
#4267=CARTESIAN_POINT('',(-0.8104472925,5.9583071652,13.4945354682));
#4268=CARTESIAN_POINT('',(-0.8449637463,5.9499574074,13.496407568));
#4269=CARTESIAN_POINT('',(-0.9114853841,5.9261855519,13.4998803121));
#4270=CARTESIAN_POINT('',(-0.9434883954,5.9107642315,13.5014808407));
#4271=CARTESIAN_POINT('',(-1.0035596772,5.8735337124,13.5043385431));
#4272=CARTESIAN_POINT('',(-1.0316259819,5.8517257243,13.5055956212));
#4273=CARTESIAN_POINT('',(-1.0825737883,5.8026887349,13.5077097146));
#4274=CARTESIAN_POINT('',(-1.105453616,5.7754613256,13.5085666582));
#4275=CARTESIAN_POINT('',(-1.1450067282,5.7167925021,13.5098414966));
#4276=CARTESIAN_POINT('',(-1.1616787029,5.685352993,13.5102593467));
#4277=CARTESIAN_POINT('',(-1.1748732097,5.6525036872,13.5104479184));
#4278=CARTESIAN_POINT('',(-0.8597900598,5.9843636134,12.1943636697));
#4279=CARTESIAN_POINT('',(-0.892818222,5.9795346058,12.1963447046));
#4280=CARTESIAN_POINT('',(-0.9253629703,5.9713896798,12.19824192));
#4281=CARTESIAN_POINT('',(-0.9881983521,5.9487913876,12.2017929995));
#4282=CARTESIAN_POINT('',(-1.0184873503,5.9343386103,12.2034467695));
#4283=CARTESIAN_POINT('',(-1.0756094095,5.8996971528,12.2064446318));
#4284=CARTESIAN_POINT('',(-1.1024409818,5.8795093716,12.2077886443));
#4285=CARTESIAN_POINT('',(-1.1515823736,5.8341966485,12.2101128819));
#4286=CARTESIAN_POINT('',(-1.173890909,5.8090728807,12.2110930447));
#4287=CARTESIAN_POINT('',(-1.2130982274,5.7548818846,12.2126498353));
#4288=CARTESIAN_POINT('',(-1.2299959808,5.7258160602,12.2132264206));
#4289=CARTESIAN_POINT('',(-1.2438512109,5.695353405,12.2135893378));
#4290=CARTESIAN_POINT('',(-1.0479443115,6.0201592059,9.5990653358));
#4291=CARTESIAN_POINT('',(-1.0767314635,6.0150637212,9.601071393));
#4292=CARTESIAN_POINT('',(-1.1050717922,6.0074389133,9.6030132164));
#4293=CARTESIAN_POINT('',(-1.1600009538,5.9873628626,9.6067088488));
#4294=CARTESIAN_POINT('',(-1.1865889637,5.9749119215,9.6084626007));
#4295=CARTESIAN_POINT('',(-1.2372064721,5.945560735,9.6117280583));
#4296=CARTESIAN_POINT('',(-1.2612352101,5.9286609263,9.6132397131));
#4297=CARTESIAN_POINT('',(-1.306003554,5.8909226243,9.6159742123));
#4298=CARTESIAN_POINT('',(-1.3267424837,5.8700846903,9.6171970135));
#4299=CARTESIAN_POINT('',(-1.3642986181,5.8250992524,9.6193157257));
#4300=CARTESIAN_POINT('',(-1.3811152501,5.8009524148,9.6202116026));
#4301=CARTESIAN_POINT('',(-1.3957131426,5.7755153717,9.6209299191));
#4302=CARTESIAN_POINT('',(-1.1512826596,6.0347241808,8.3018223674));
#4303=CARTESIAN_POINT('',(-1.1778187179,6.029558881,8.3038384109));
#4304=CARTESIAN_POINT('',(-1.2039371376,6.0222448441,8.3057997149));
#4305=CARTESIAN_POINT('',(-1.2546678331,6.0035083481,8.309561541));
#4306=CARTESIAN_POINT('',(-1.2792795608,5.992086092,8.3113620212));
#4307=CARTESIAN_POINT('',(-1.3263631614,5.9654267726,8.3147548922));
#4308=CARTESIAN_POINT('',(-1.3488345247,5.9501899959,8.316347245));
#4309=CARTESIAN_POINT('',(-1.3910579004,5.9162922184,8.3192818446));
#4310=CARTESIAN_POINT('',(-1.4108094543,5.8976315809,8.3206240582));
#4311=CARTESIAN_POINT('',(-1.4470824987,5.857363855,8.323022727));
#4312=CARTESIAN_POINT('',(-1.463603593,5.8357571975,8.3240791547));
#4313=CARTESIAN_POINT('',(-1.4782951228,5.8129538212,8.3249785167));
#4314=CARTESIAN_POINT('',(-1.3600006424,6.0479875992,6.0627487594));
#4315=CARTESIAN_POINT('',(-1.3820794166,6.0429435054,6.0647794407));
#4316=CARTESIAN_POINT('',(-1.4038159252,6.0363953156,6.0667715522));
#4317=CARTESIAN_POINT('',(-1.4462096306,6.0204104283,6.0706418653));
#4318=CARTESIAN_POINT('',(-1.4668666018,6.0109738162,6.0725200454));
#4319=CARTESIAN_POINT('',(-1.5067253218,5.9893835302,6.0761277191));
#4320=CARTESIAN_POINT('',(-1.5259268579,5.9772299704,6.0778571926));
#4321=CARTESIAN_POINT('',(-1.5625247231,5.9504258884,6.0811353401));
#4322=CARTESIAN_POINT('',(-1.5799208559,5.935775507,6.0826839956));
#4323=CARTESIAN_POINT('',(-1.6125900022,5.9042427047,6.0855716365));
#4324=CARTESIAN_POINT('',(-1.6278628391,5.887360449,6.0869106055));
#4325=CARTESIAN_POINT('',(-1.6419339991,5.8695147472,6.0881321873));
#4326=CARTESIAN_POINT('',(-1.456474636,6.0502207902,5.1200065129));
#4327=CARTESIAN_POINT('',(-1.4765180986,6.0452950892,5.1220425675));
#4328=CARTESIAN_POINT('',(-1.4962586316,6.0391329151,5.1240467919));
#4329=CARTESIAN_POINT('',(-1.5348410502,6.0244276371,5.1279610233));
#4330=CARTESIAN_POINT('',(-1.553682799,6.0158845854,5.1298710158));
#4331=CARTESIAN_POINT('',(-1.5901876778,5.9965442963,5.1335675682));
#4332=CARTESIAN_POINT('',(-1.607850678,5.9857471272,5.1353541144));
#4333=CARTESIAN_POINT('',(-1.6417351959,5.9620581918,5.1387763577));
#4334=CARTESIAN_POINT('',(-1.6579565927,5.9491665088,5.1404120419));
#4335=CARTESIAN_POINT('',(-1.6887159151,5.9214787021,5.1435073439));
#4336=CARTESIAN_POINT('',(-1.7032537304,5.9066826755,5.1449669499));
#4337=CARTESIAN_POINT('',(-1.7168409899,5.8910434362,5.1463271986));
#4338=CARTESIAN_POINT('',(-1.6406646208,6.0404677126,3.6412055642));
#4339=CARTESIAN_POINT('',(-1.6568125651,6.0360129594,3.6432490292));
#4340=CARTESIAN_POINT('',(-1.6727364369,6.030739615,3.6452712747));
#4341=CARTESIAN_POINT('',(-1.7039767541,6.0186087429,3.6492527618));
#4342=CARTESIAN_POINT('',(-1.7192931494,6.0117512348,3.6512119966));
#4343=CARTESIAN_POINT('',(-1.7491651106,5.9965206398,3.6550475033));
#4344=CARTESIAN_POINT('',(-1.7637206285,5.9881475771,3.6569237687));
#4345=CARTESIAN_POINT('',(-1.7919248891,5.9699693946,3.6605741938));
#4346=CARTESIAN_POINT('',(-1.8055735862,5.9601643036,3.6623483474));
#4347=CARTESIAN_POINT('',(-1.8318271219,5.9392197049,3.6657764122));
#4348=CARTESIAN_POINT('',(-1.8444319178,5.9280802303,3.6674303176));
#4349=CARTESIAN_POINT('',(-1.8564513359,5.9163289618,3.669015626));
#4350=CARTESIAN_POINT('',(-1.7140722147,6.0343390054,3.1033628046));
#4351=CARTESIAN_POINT('',(-1.7286467218,6.030116845,3.1054087723));
#4352=CARTESIAN_POINT('',(-1.743029902,6.0252292605,3.1074374293));
#4353=CARTESIAN_POINT('',(-1.7712976934,6.0141628395,3.1114432823));
#4354=CARTESIAN_POINT('',(-1.7851822752,6.0079840146,3.1134204741));
#4355=CARTESIAN_POINT('',(-1.8123408348,5.9943849209,3.1173069548));
#4356=CARTESIAN_POINT('',(-1.8256147843,5.9869646662,3.1192162396));
#4357=CARTESIAN_POINT('',(-1.851444853,5.9709423291,3.1229510009));
#4358=CARTESIAN_POINT('',(-1.8640009452,5.9623402632,3.1247764734));
#4359=CARTESIAN_POINT('',(-1.8882937144,5.9440232668,3.1283283669));
#4360=CARTESIAN_POINT('',(-1.9000303657,5.9343083553,3.1300547839));
#4361=CARTESIAN_POINT('',(-1.9113097317,5.9240759005,3.1317244452));
#4362=CARTESIAN_POINT('',(-1.8552114524,6.0139622726,2.2638220492));
#4363=CARTESIAN_POINT('',(-1.8668139016,6.0103200746,2.2658712873));
#4364=CARTESIAN_POINT('',(-1.8782822181,6.0062454932,2.2679092072));
#4365=CARTESIAN_POINT('',(-1.9008894409,5.9972533719,2.2719513466));
#4366=CARTESIAN_POINT('',(-1.912028337,5.992335836,2.2739555642));
#4367=CARTESIAN_POINT('',(-1.9339172779,5.981684028,2.2779194075));
#4368=CARTESIAN_POINT('',(-1.9446673127,5.9759497607,2.2798790312));
#4369=CARTESIAN_POINT('',(-1.9657211174,5.9636949864,2.2837430285));
#4370=CARTESIAN_POINT('',(-1.9760248778,5.9571744849,2.2856474001));
#4371=CARTESIAN_POINT('',(-1.9961310406,5.9433818583,2.2893905241));
#4372=CARTESIAN_POINT('',(-2.0059334338,5.9361097394,2.2912292747));
#4373=CARTESIAN_POINT('',(-2.0154589026,5.9284810891,2.2930302028));
#4374=CARTESIAN_POINT('',(-1.9113632274,6.0045180705,1.9601092788));
#4375=CARTESIAN_POINT('',(-1.9217960077,6.0011259531,1.9621595716));
#4376=CARTESIAN_POINT('',(-1.932116507,5.9973842147,1.964200684));
#4377=CARTESIAN_POINT('',(-1.9524889017,5.9892175321,1.9682555567));
#4378=CARTESIAN_POINT('',(-1.9625407912,5.9847925903,1.9702693159));
#4379=CARTESIAN_POINT('',(-1.982333035,5.9752783945,1.9742606031));
#4380=CARTESIAN_POINT('',(-1.9920733836,5.9701891432,1.9762381299));
#4381=CARTESIAN_POINT('',(-2.0112009132,5.9593679975,1.9801482246));
#4382=CARTESIAN_POINT('',(-2.0205880886,5.9536361063,1.9820807912));
#4383=CARTESIAN_POINT('',(-2.0389691083,5.9415540373,1.9858924255));
#4384=CARTESIAN_POINT('',(-2.0479629472,5.935203863,1.9877714919));
#4385=CARTESIAN_POINT('',(-2.0567408558,5.9285580177,1.9896196507));
#4386=CARTESIAN_POINT('',(-2.0197932326,5.9810457005,1.4897465636));
#4387=CARTESIAN_POINT('',(-2.0279986329,5.9782150765,1.4917983856));
#4388=CARTESIAN_POINT('',(-2.0361280557,5.9751603996,1.4938442929));
#4389=CARTESIAN_POINT('',(-2.0522123199,5.9686114695,1.4979184708));
#4390=CARTESIAN_POINT('',(-2.0601671593,5.9651172171,1.4999467408));
#4391=CARTESIAN_POINT('',(-2.0758801031,5.9576988654,1.5039798839));
#4392=CARTESIAN_POINT('',(-2.0836382054,5.953774767,1.5059847564));
#4393=CARTESIAN_POINT('',(-2.0989360564,5.9455076248,1.5099654081));
#4394=CARTESIAN_POINT('',(-2.1064758032,5.9411645821,1.5119411867));
#4395=CARTESIAN_POINT('',(-2.1213159165,5.9320715967,1.5158580333));
#4396=CARTESIAN_POINT('',(-2.1286162814,5.9273216552,1.5177991008));
#4397=CARTESIAN_POINT('',(-2.1357867671,5.9223748424,1.5197200518));
#4398=CARTESIAN_POINT('',(-2.0627603499,5.9709599236,1.3207794978));
#4399=CARTESIAN_POINT('',(-2.0700881927,5.9683634649,1.3228318466));
#4400=CARTESIAN_POINT('',(-2.0773536062,5.9655875231,1.3248794445));
#4401=CARTESIAN_POINT('',(-2.0917435967,5.9596828011,1.3289604696));
#4402=CARTESIAN_POINT('',(-2.0988681725,5.9565540215,1.3309938964));
#4403=CARTESIAN_POINT('',(-2.1129608104,5.9499505114,1.3350419397));
#4404=CARTESIAN_POINT('',(-2.1199288714,5.9464757816,1.3370565559));
#4405=CARTESIAN_POINT('',(-2.1336931386,5.939188003,1.3410623792));
#4406=CARTESIAN_POINT('',(-2.1404893438,5.9353749549,1.3430535859));
#4407=CARTESIAN_POINT('',(-2.1538949265,5.9274188996,1.3470080417));
#4408=CARTESIAN_POINT('',(-2.160504303,5.9232758932,1.3489712904));
#4409=CARTESIAN_POINT('',(-2.1670129793,5.9189724426,1.350918316));
#4410=CARTESIAN_POINT('',(-2.1466462069,5.9479955738,1.062768938));
#4411=CARTESIAN_POINT('',(-2.1522718227,5.9459073763,1.0648221139));
#4412=CARTESIAN_POINT('',(-2.1578567766,5.9437068782,1.0668723039));
#4413=CARTESIAN_POINT('',(-2.1689375383,5.9390843719,1.0709637735));
#4414=CARTESIAN_POINT('',(-2.1744333458,5.9366623639,1.073005053));
#4415=CARTESIAN_POINT('',(-2.1853281145,5.9316002326,1.0770757749));
#4416=CARTESIAN_POINT('',(-2.1907270754,5.9289601094,1.0791052172));
#4417=CARTESIAN_POINT('',(-2.2014205826,5.9234654413,1.0831493542));
#4418=CARTESIAN_POINT('',(-2.2067151287,5.9206108966,1.0851640488));
#4419=CARTESIAN_POINT('',(-2.2171923807,5.9146913727,1.0891758003));
#4420=CARTESIAN_POINT('',(-2.2223750863,5.9116263937,1.0911728571));
#4421=CARTESIAN_POINT('',(-2.227498235,5.9084583356,1.0931596619));
#4422=CARTESIAN_POINT('',(-2.1798484523,5.9384401816,0.9708868433));
#4423=CARTESIAN_POINT('',(-2.1848021315,5.9365603499,0.9729403175));
#4424=CARTESIAN_POINT('',(-2.189723125,5.9345919609,0.9749914317));
#4425=CARTESIAN_POINT('',(-2.1994944084,5.9304802093,0.9790866164));
#4426=CARTESIAN_POINT('',(-2.2043446981,5.9283368467,0.9811306869));
#4427=CARTESIAN_POINT('',(-2.2139693165,5.9238774746,0.9852094677));
#4428=CARTESIAN_POINT('',(-2.218743645,5.9215614652,0.9872441779));
#4429=CARTESIAN_POINT('',(-2.2282111641,5.9167593094,0.9913019316));
#4430=CARTESIAN_POINT('',(-2.2329043545,5.9142731632,0.993324975));
#4431=CARTESIAN_POINT('',(-2.2422045063,5.9091334244,0.997357101));
#4432=CARTESIAN_POINT('',(-2.2468114674,5.906479832,0.9993661834));
#4433=CARTESIAN_POINT('',(-2.251372814,5.9037439506,1.0013671457));
#4434=CARTESIAN_POINT('',(-2.2457908166,5.9173435673,0.8346859776));
#4435=CARTESIAN_POINT('',(-2.2494124984,5.9159120265,0.8367399402));
#4436=CARTESIAN_POINT('',(-2.2530137698,5.9144268526,0.8387924681));
#4437=CARTESIAN_POINT('',(-2.2601730861,5.9113502338,0.842893241));
#4438=CARTESIAN_POINT('',(-2.263731131,5.9097587891,0.8449414859));
#4439=CARTESIAN_POINT('',(-2.2708016168,5.9064706935,0.8490322817));
#4440=CARTESIAN_POINT('',(-2.2743140576,5.9047740428,0.8510748326));
#4441=CARTESIAN_POINT('',(-2.2812909872,5.9012766691,0.8551528332));
#4442=CARTESIAN_POINT('',(-2.284755476,5.899475946,0.8571882828));
#4443=CARTESIAN_POINT('',(-2.2916341849,5.8957716291,0.8612506782));
#4444=CARTESIAN_POINT('',(-2.295048405,5.8938680352,0.8632776239));
#4445=CARTESIAN_POINT('',(-2.2984363486,5.8919136402,0.8652996191));
#4446=CARTESIAN_POINT('',(-2.2721545818,5.9086169806,0.7866164532));
#4447=CARTESIAN_POINT('',(-2.2752442211,5.9073693638,0.7886705971));
#4448=CARTESIAN_POINT('',(-2.278317883,5.9060803801,0.7907236324));
#4449=CARTESIAN_POINT('',(-2.2844317095,5.9034203289,0.7948263929));
#4450=CARTESIAN_POINT('',(-2.2874718742,5.9020492614,0.7968761181));
#4451=CARTESIAN_POINT('',(-2.2935171806,5.8992257335,0.8009711674));
#4452=CARTESIAN_POINT('',(-2.2965223223,5.8977732731,0.8030164914));
#4453=CARTESIAN_POINT('',(-2.3024960745,5.8947876904,0.8071016492));
#4454=CARTESIAN_POINT('',(-2.3054646849,5.8932545682,0.809141483));
#4455=CARTESIAN_POINT('',(-2.3113638842,5.8901084334,0.8132145742));
#4456=CARTESIAN_POINT('',(-2.3142944731,5.8884954208,0.8152478315));
#4457=CARTESIAN_POINT('',(-2.3172053155,5.8868428685,0.8172772592));
#4458=CARTESIAN_POINT('',(-2.3200834295,5.8914623988,0.7273453844));
#4459=CARTESIAN_POINT('',(-2.3222049764,5.8905709755,0.7293997948));
#4460=CARTESIAN_POINT('',(-2.3243161538,5.8896532503,0.7314534984));
#4461=CARTESIAN_POINT('',(-2.328517069,5.8877655018,0.7355587951));
#4462=CARTESIAN_POINT('',(-2.3306068067,5.8867954784,0.7376103882));
#4463=CARTESIAN_POINT('',(-2.3347641487,5.8848034561,0.7417107675));
#4464=CARTESIAN_POINT('',(-2.336831753,5.8837814571,0.7437595538));
#4465=CARTESIAN_POINT('',(-2.3409441417,5.8816858236,0.7478536243));
#4466=CARTESIAN_POINT('',(-2.3429889261,5.8806121889,0.7498989085));
#4467=CARTESIAN_POINT('',(-2.3470549961,5.8784136408,0.7539852807));
#4468=CARTESIAN_POINT('',(-2.3490762818,5.8772887273,0.7560263686));
#4469=CARTESIAN_POINT('',(-2.3510854824,5.8761383613,0.7580650121));
#4470=CARTESIAN_POINT('',(-2.3355122104,5.8858139485,0.711016796));
#4471=CARTESIAN_POINT('',(-2.3373220303,5.8850393246,0.7130712861));
#4472=CARTESIAN_POINT('',(-2.3391230455,5.8842425411,0.71512518));
#4473=CARTESIAN_POINT('',(-2.3427069668,5.8826048769,0.7192311878));
#4474=CARTESIAN_POINT('',(-2.3444898728,5.8817639962,0.7212833016));
#4475=CARTESIAN_POINT('',(-2.3480370806,5.8800383718,0.7253851618));
#4476=CARTESIAN_POINT('',(-2.3498013825,5.8791536281,0.7274349082));
#4477=CARTESIAN_POINT('',(-2.3533108922,5.8773405241,0.7315314469));
#4478=CARTESIAN_POINT('',(-2.3550561001,5.8764121639,0.7335782392));
#4479=CARTESIAN_POINT('',(-2.3585269376,5.8745120855,0.7376682837));
#4480=CARTESIAN_POINT('',(-2.3602525672,5.8735403675,0.739711536));
#4481=CARTESIAN_POINT('',(-2.3619681682,5.8725471059,0.7417527258));
#4482=CARTESIAN_POINT('',(-2.3645678217,5.8747790382,0.6889341577));
#4483=CARTESIAN_POINT('',(-2.3657898576,5.8742312886,0.6909887764));
#4484=CARTESIAN_POINT('',(-2.3670052225,5.8736669772,0.6930429488));
#4485=CARTESIAN_POINT('',(-2.3694223567,5.8725053494,0.6971499605));
#4486=CARTESIAN_POINT('',(-2.3706241258,5.8719080328,0.6992027998));
#4487=CARTESIAN_POINT('',(-2.3730138172,5.87068052,0.7033067056));
#4488=CARTESIAN_POINT('',(-2.3742017395,5.8700503236,0.705357772));
#4489=CARTESIAN_POINT('',(-2.376563489,5.8687571833,0.7094576923));
#4490=CARTESIAN_POINT('',(-2.3777373162,5.8680942393,0.7115065461));
#4491=CARTESIAN_POINT('',(-2.3800706304,5.8667357429,0.7156016022));
#4492=CARTESIAN_POINT('',(-2.3812301174,5.8660401904,0.7176478044));
#4493=CARTESIAN_POINT('',(-2.3823823131,5.8653284067,0.7196924615));
#4494=CARTESIAN_POINT('',(-2.3771729197,5.8698984099,0.6813894173));
#4495=CARTESIAN_POINT('',(-2.3781397846,5.8694507091,0.6834440868));
#4496=CARTESIAN_POINT('',(-2.379100713,5.8689883579,0.6854983611));
#4497=CARTESIAN_POINT('',(-2.3810105192,5.8680344407,0.6896057296));
#4498=CARTESIAN_POINT('',(-2.381959397,5.8675428746,0.6916588238));
#4499=CARTESIAN_POINT('',(-2.3838449261,5.8665306192,0.6957634424));
#4500=CARTESIAN_POINT('',(-2.3847815776,5.8660099298,0.6978149669));
#4501=CARTESIAN_POINT('',(-2.3866424807,5.8649395245,0.7019160569));
#4502=CARTESIAN_POINT('',(-2.3875667324,5.8643898086,0.7039656223));
#4503=CARTESIAN_POINT('',(-2.3894026653,5.8632614528,0.7080624054));
#4504=CARTESIAN_POINT('',(-2.3903143464,5.8626828128,0.7101096231));
#4505=CARTESIAN_POINT('',(-2.3912196578,5.8620897647,0.7121554725));
#4506=CARTESIAN_POINT('',(-2.4010312883,5.8604121177,0.6725252604));
#4507=CARTESIAN_POINT('',(-2.4015144898,5.8601582009,0.6745800114));
#4508=CARTESIAN_POINT('',(-2.4019926091,5.8598918843,0.6766344273));
#4509=CARTESIAN_POINT('',(-2.4029386091,5.8593344935,0.6807422587));
#4510=CARTESIAN_POINT('',(-2.4034064898,5.8590434193,0.6827956741));
#4511=CARTESIAN_POINT('',(-2.4043319398,5.8584365589,0.6869011741));
#4512=CARTESIAN_POINT('',(-2.4047895092,5.8581207728,0.6889532587));
#4513=CARTESIAN_POINT('',(-2.4056942657,5.8574645383,0.6930557671));
#4514=CARTESIAN_POINT('',(-2.4061414528,5.8571240899,0.6951061908));
#4515=CARTESIAN_POINT('',(-2.4070253755,5.8564185845,0.6992050475));
#4516=CARTESIAN_POINT('',(-2.4074621111,5.8560535275,0.7012534805));
#4517=CARTESIAN_POINT('',(-2.407893587,5.8556761949,0.7033007533));
#4518=CARTESIAN_POINT('',(-2.4121787331,5.8558976221,0.6701750363));
#4519=CARTESIAN_POINT('',(-2.4124357193,5.85573571,0.6722298204));
#4520=CARTESIAN_POINT('',(-2.4126878446,5.8555619978,0.6742842854));
#4521=CARTESIAN_POINT('',(-2.4131823351,5.8551909997,0.6783922627));
#4522=CARTESIAN_POINT('',(-2.4134247002,5.8549937138,0.6804457749));
#4523=CARTESIAN_POINT('',(-2.4138996333,5.8545755984,0.6845515319));
#4524=CARTESIAN_POINT('',(-2.4141322013,5.8543547689,0.6866037767));
#4525=CARTESIAN_POINT('',(-2.4145875048,5.8538896002,0.6907066845));
#4526=CARTESIAN_POINT('',(-2.4148102403,5.8536452609,0.6927573476));
#4527=CARTESIAN_POINT('',(-2.4152458449,5.8531331099,0.6968567777));
#4528=CARTESIAN_POINT('',(-2.415458714,5.8528652981,0.6989055448));
#4529=CARTESIAN_POINT('',(-2.4156666337,5.8525857706,0.700953207));
#4530=CARTESIAN_POINT('',(-2.4343138923,5.8467470449,0.6695711921));
#4531=CARTESIAN_POINT('',(-2.4341210223,5.8467712016,0.6716260297));
#4532=CARTESIAN_POINT('',(-2.4339233098,5.8467837277,0.6736805523));
#4533=CARTESIAN_POINT('',(-2.4335182297,5.8467855167,0.6777886569));
#4534=CARTESIAN_POINT('',(-2.4333108621,5.8467747796,0.6798422389));
#4535=CARTESIAN_POINT('',(-2.4328865033,5.8467300438,0.6839481516));
#4536=CARTESIAN_POINT('',(-2.4326695122,5.846696045,0.6860004825));
#4537=CARTESIAN_POINT('',(-2.4322259394,5.846604791,0.6901035825));
#4538=CARTESIAN_POINT('',(-2.4319993578,5.8465475356,0.6921543518));
#4539=CARTESIAN_POINT('',(-2.4315366386,5.8464097769,0.6962540187));
#4540=CARTESIAN_POINT('',(-2.431300501,5.8463292736,0.6983029163));
#4541=CARTESIAN_POINT('',(-2.4310596034,5.8462371523,0.7003507232));
#4542=CARTESIAN_POINT('',(-2.4455509905,5.8420068282,0.6713335808));
#4543=CARTESIAN_POINT('',(-2.445129402,5.8421271667,0.6733884392));
#4544=CARTESIAN_POINT('',(-2.444702765,5.8422354409,0.6754429706));
#4545=CARTESIAN_POINT('',(-2.4438394585,5.8424278444,0.6795510571));
#4546=CARTESIAN_POINT('',(-2.4434027891,5.8425119738,0.6816046121));
#4547=CARTESIAN_POINT('',(-2.4425194839,5.8426560757,0.6857104233));
#4548=CARTESIAN_POINT('',(-2.4420728482,5.8427160482,0.6877626795));
#4549=CARTESIAN_POINT('',(-2.4411696781,5.8428118277,0.6918655709));
#4550=CARTESIAN_POINT('',(-2.4407131438,5.8428476348,0.6939162061));
#4551=CARTESIAN_POINT('',(-2.4397902459,5.8428950789,0.6980155337));
#4552=CARTESIAN_POINT('',(-2.4393238823,5.8429067159,0.7000642261));
#4553=CARTESIAN_POINT('',(-2.4388526394,5.8429062675,0.7021117862));
#4554=CARTESIAN_POINT('',(-2.4695817771,5.8316841209,0.679155423));
#4555=CARTESIAN_POINT('',(-2.4686702469,5.8320135846,0.681210312));
#4556=CARTESIAN_POINT('',(-2.4677527878,5.8323290405,0.6832648208));
#4557=CARTESIAN_POINT('',(-2.4659061753,5.8329318807,0.6873727026));
#4558=CARTESIAN_POINT('',(-2.4649770218,5.833219265,0.6894260757));
#4559=CARTESIAN_POINT('',(-2.463107186,5.8337659111,0.6935313113));
#4560=CARTESIAN_POINT('',(-2.4621665038,5.834025173,0.6955831738));
#4561=CARTESIAN_POINT('',(-2.4602737783,5.8345155285,0.6996850135));
#4562=CARTESIAN_POINT('',(-2.459321735,5.8347466222,0.7017349908));
#4563=CARTESIAN_POINT('',(-2.4574064572,5.8351806009,0.7058326859));
#4564=CARTESIAN_POINT('',(-2.4564432227,5.8353834858,0.7078804037));
#4565=CARTESIAN_POINT('',(-2.4554744785,5.8355722487,0.7099268048));
#4566=CARTESIAN_POINT('',(-2.4822734583,5.8260931719,0.6863231996));
#4567=CARTESIAN_POINT('',(-2.4811025449,5.8265356636,0.6883780943));
#4568=CARTESIAN_POINT('',(-2.4799249067,5.8269623599,0.6904325598));
#4569=CARTESIAN_POINT('',(-2.4775564166,5.8277840768,0.6945402091));
#4570=CARTESIAN_POINT('',(-2.4763655649,5.8281790973,0.6965933928));
#4571=CARTESIAN_POINT('',(-2.4739708867,5.8289373837,0.7006980556));
#4572=CARTESIAN_POINT('',(-2.4727670602,5.8293006497,0.7027495346));
#4573=CARTESIAN_POINT('',(-2.4703466742,5.8299953547,0.7068503649));
#4574=CARTESIAN_POINT('',(-2.4691301145,5.8303267938,0.7088997163));
#4575=CARTESIAN_POINT('',(-2.4666845061,5.8309577793,0.7129958693));
#4576=CARTESIAN_POINT('',(-2.4654554574,5.8312573257,0.7150426708));
#4577=CARTESIAN_POINT('',(-2.4642202873,5.831540896,0.7170879864));
#4578=CARTESIAN_POINT('',(-2.5140817696,5.8118270263,0.7098391898));
#4579=CARTESIAN_POINT('',(-2.5122593973,5.8125576195,0.7118940765));
#4580=CARTESIAN_POINT('',(-2.5104276688,5.8132665471,0.7139483732));
#4581=CARTESIAN_POINT('',(-2.5067459975,5.8146408794,0.7180552048));
#4582=CARTESIAN_POINT('',(-2.5048960546,5.815306284,0.7201077397));
#4583=CARTESIAN_POINT('',(-2.5011784576,5.8165933904,0.724210466));
#4584=CARTESIAN_POINT('',(-2.4993108035,5.8172150922,0.7262606576));
#4585=CARTESIAN_POINT('',(-2.495558292,5.8184146249,0.7303581165));
#4586=CARTESIAN_POINT('',(-2.4936734347,5.8189924559,0.7324053839));
#4587=CARTESIAN_POINT('',(-2.4898870294,5.8201040912,0.7364964146));
#4588=CARTESIAN_POINT('',(-2.4879854814,5.8206378955,0.7385401778));
#4589=CARTESIAN_POINT('',(-2.4860758469,5.8211496146,0.7405818995));
#4590=CARTESIAN_POINT('',(-2.5312970982,5.803803513,0.7291785604));
#4591=CARTESIAN_POINT('',(-2.5291204769,5.8046957899,0.7312334162));
#4592=CARTESIAN_POINT('',(-2.5269323146,5.8055615681,0.7332875493));
#4593=CARTESIAN_POINT('',(-2.5225336457,5.8072398364,0.7373936579));
#4594=CARTESIAN_POINT('',(-2.5203231392,5.8080523264,0.7394456333));
#4595=CARTESIAN_POINT('',(-2.5158805274,5.8096237449,0.7435467144));
#4596=CARTESIAN_POINT('',(-2.5136484222,5.8103826735,0.7455958201));
#4597=CARTESIAN_POINT('',(-2.5091633655,5.8118467139,0.7496904509));
#4598=CARTESIAN_POINT('',(-2.5069104141,5.8125518258,0.751735976));
#4599=CARTESIAN_POINT('',(-2.5023844249,5.8139079956,0.7558227358));
#4600=CARTESIAN_POINT('',(-2.5001113871,5.8145590535,0.7578639704));
#4601=CARTESIAN_POINT('',(-2.4978286892,5.8151829748,0.7599027057));
#4602=CARTESIAN_POINT('',(-2.5967988409,5.7726363029,0.8167762185));
#4603=CARTESIAN_POINT('',(-2.5932698578,5.7741564197,0.8188308855));
#4604=CARTESIAN_POINT('',(-2.5897192771,5.775628128,0.8208842273));
#4605=CARTESIAN_POINT('',(-2.5825769469,5.7784738948,0.824986954));
#4606=CARTESIAN_POINT('',(-2.5789851974,5.7798479533,0.8270363389));
#4607=CARTESIAN_POINT('',(-2.5717625787,5.782497642,0.8311298476));
#4608=CARTESIAN_POINT('',(-2.5681317096,5.7837732724,0.8331739713));
#4609=CARTESIAN_POINT('',(-2.5608329229,5.7862253815,0.8372556562));
#4610=CARTESIAN_POINT('',(-2.5571650054,5.7874018603,0.8392932174));
#4611=CARTESIAN_POINT('',(-2.5497942137,5.7896549985,0.8433604795));
#4612=CARTESIAN_POINT('',(-2.5460913396,5.7907316578,0.8453901804));
#4613=CARTESIAN_POINT('',(-2.5423720431,5.7917581013,0.8474153045));
#4614=CARTESIAN_POINT('',(-2.6297450905,5.7553409471,0.8963576883));
#4615=CARTESIAN_POINT('',(-2.6255242734,5.7572090506,0.8984120759));
#4616=CARTESIAN_POINT('',(-2.6212723479,5.7590087918,0.9004645859));
#4617=CARTESIAN_POINT('',(-2.6127099455,5.7624700068,0.9045640003));
#4618=CARTESIAN_POINT('',(-2.6083994688,5.7641314804,0.9066109045));
#4619=CARTESIAN_POINT('',(-2.5997236778,5.7673147306,0.9106972616));
#4620=CARTESIAN_POINT('',(-2.5953583636,5.7688365071,0.9127367144));
#4621=CARTESIAN_POINT('',(-2.586576657,5.7717390487,0.9168063288));
#4622=CARTESIAN_POINT('',(-2.5821602646,5.7731198137,0.9188364904));
#4623=CARTESIAN_POINT('',(-2.5732802031,5.7757391336,0.9228856904));
#4624=CARTESIAN_POINT('',(-2.5688165342,5.7769776884,0.9249047288));
#4625=CARTESIAN_POINT('',(-2.5643311475,5.7781445973,0.9269172942));
#4626=CARTESIAN_POINT('',(-2.7279955777,5.7025236519,1.1613218256));
#4627=CARTESIAN_POINT('',(-2.7216958929,5.7054578948,1.1633751046));
#4628=CARTESIAN_POINT('',(-2.7153323018,5.7082570512,1.1654246475));
#4629=CARTESIAN_POINT('',(-2.7024877891,5.7135806112,1.1695125851));
#4630=CARTESIAN_POINT('',(-2.6960068681,5.7161050146,1.1715509795));
#4631=CARTESIAN_POINT('',(-2.6829383638,5.7208749209,1.1756129607));
#4632=CARTESIAN_POINT('',(-2.676350781,5.7231204236,1.1776365473));
#4633=CARTESIAN_POINT('',(-2.6630797895,5.72732882,1.1816652771));
#4634=CARTESIAN_POINT('',(-2.6563963813,5.7292917134,1.1836704201));
#4635=CARTESIAN_POINT('',(-2.6429447278,5.7329316269,1.1876586556));
#4636=CARTESIAN_POINT('',(-2.6361764829,5.7346086469,1.1896417481));
#4637=CARTESIAN_POINT('',(-2.6293713816,5.7361413229,1.1916120293));
#4638=CARTESIAN_POINT('',(-2.77306784,5.6749697752,1.3566923897));
#4639=CARTESIAN_POINT('',(-2.7657901231,5.6784604347,1.3587446564));
#4640=CARTESIAN_POINT('',(-2.758422752,5.6817666775,1.3607917968));
#4641=CARTESIAN_POINT('',(-2.7435262446,5.688002496,1.3648707876));
#4642=CARTESIAN_POINT('',(-2.7359971095,5.6909320713,1.3669026376));
#4643=CARTESIAN_POINT('',(-2.7207949888,5.6964075818,1.3709460445));
#4644=CARTESIAN_POINT('',(-2.7131220045,5.6989535166,1.3729576011));
#4645=CARTESIAN_POINT('',(-2.6976504308,5.7036556499,1.3769554643));
#4646=CARTESIAN_POINT('',(-2.6898518428,5.7058118481,1.3789417707));
#4647=CARTESIAN_POINT('',(-2.6741475989,5.7097293022,1.3828842347));
#4648=CARTESIAN_POINT('',(-2.6662419444,5.7114905578,1.3848403919));
#4649=CARTESIAN_POINT('',(-2.6582921503,5.7130521901,1.38677906));
#4650=CARTESIAN_POINT('',(-2.8543380039,5.6236240974,1.7458209386));
#4651=CARTESIAN_POINT('',(-2.8453311382,5.6281295833,1.7478717022));
#4652=CARTESIAN_POINT('',(-2.8361825843,5.6323549946,1.7499146186));
#4653=CARTESIAN_POINT('',(-2.8176359576,5.6402300619,1.7539770653));
#4654=CARTESIAN_POINT('',(-2.808237889,5.643879716,1.7559965947));
#4655=CARTESIAN_POINT('',(-2.78922701,5.6505897614,1.7600046592));
#4656=CARTESIAN_POINT('',(-2.7796142037,5.6536501512,1.7619931934));
#4657=CARTESIAN_POINT('',(-2.7602094114,5.6591703121,1.7659317725));
#4658=CARTESIAN_POINT('',(-2.7504174297,5.6616300821,1.7678818166));
#4659=CARTESIAN_POINT('',(-2.7306905061,5.6659398403,1.7717360612));
#4660=CARTESIAN_POINT('',(-2.7207555686,5.6677898277,1.7736402608));
#4661=CARTESIAN_POINT('',(-2.7107675239,5.6693314556,1.7755179451));
#4662=CARTESIAN_POINT('',(-2.8884290373,5.600582449,1.9423936127));
#4663=CARTESIAN_POINT('',(-2.8786944452,5.6055399968,1.9444436324));
#4664=CARTESIAN_POINT('',(-2.8687910993,5.6101696131,1.9464844316));
#4665=CARTESIAN_POINT('',(-2.8486902444,5.6187527561,1.950538562));
#4666=CARTESIAN_POINT('',(-2.8384927417,5.62270628,1.9525518919));
#4667=CARTESIAN_POINT('',(-2.817848202,5.6299199303,1.9565421734));
#4668=CARTESIAN_POINT('',(-2.8074011715,5.6331800543,1.9585191237));
#4669=CARTESIAN_POINT('',(-2.7863032864,5.6389925956,1.9624278926));
#4670=CARTESIAN_POINT('',(-2.7756524384,5.6415450109,1.96435971));
#4671=CARTESIAN_POINT('',(-2.7541935154,5.6459308856,1.9681696554));
#4672=CARTESIAN_POINT('',(-2.743385447,5.6477643435,1.9700477821));
#4673=CARTESIAN_POINT('',(-2.7325224077,5.6492342531,1.9718949014));
#4674=CARTESIAN_POINT('',(-2.9805472442,5.5358250858,2.5291024136));
#4675=CARTESIAN_POINT('',(-2.9688406696,5.5420488232,2.5311502105));
#4676=CARTESIAN_POINT('',(-2.9568826821,5.5478028566,2.5331846877));
#4677=CARTESIAN_POINT('',(-2.932538457,5.5583357485,2.5372140058));
#4678=CARTESIAN_POINT('',(-2.9201522345,5.5631146004,2.539208844));
#4679=CARTESIAN_POINT('',(-2.8950287635,5.5716673167,2.5431461244));
#4680=CARTESIAN_POINT('',(-2.8822915307,5.5754411758,2.545088564));
#4681=CARTESIAN_POINT('',(-2.8565454175,5.581960243,2.5489086081));
#4682=CARTESIAN_POINT('',(-2.8435365532,5.5847054471,2.5507862102));
#4683=CARTESIAN_POINT('',(-2.8173282317,5.5891498337,2.5544645375));
#4684=CARTESIAN_POINT('',(-2.804128791,5.5908490132,2.5562652602));
#4685=CARTESIAN_POINT('',(-2.7908751756,5.5920196955,2.5580217592));
#4686=CARTESIAN_POINT('',(-3.0294472178,5.4977789373,2.9222264616));
#4687=CARTESIAN_POINT('',(-3.01668565,5.5047404865,2.924272766));
#4688=CARTESIAN_POINT('',(-3.0036148274,5.5111387355,2.926303004));
#4689=CARTESIAN_POINT('',(-2.9769539879,5.5227601588,2.9303157092));
#4690=CARTESIAN_POINT('',(-2.9633639956,5.5279833224,2.9322981725));
#4691=CARTESIAN_POINT('',(-2.9357680579,5.5372148641,2.9362000394));
#4692=CARTESIAN_POINT('',(-2.9217621379,5.5412232337,2.9381194393));
#4693=CARTESIAN_POINT('',(-2.8934407077,5.5479945569,2.9418803624));
#4694=CARTESIAN_POINT('',(-2.8791252236,5.5507575042,2.943721882));
#4695=CARTESIAN_POINT('',(-2.8502933704,5.5550166588,2.9473128104));
#4696=CARTESIAN_POINT('',(-2.8357770281,5.5565128621,2.9490622158));
#4697=CARTESIAN_POINT('',(-2.8212153692,5.5573697667,2.9507587937));
#4698=CARTESIAN_POINT('',(-3.1167620955,5.426114742,3.7079028232));
#4699=CARTESIAN_POINT('',(-3.102101611,5.4344646028,3.7099459793));
#4700=CARTESIAN_POINT('',(-3.0870122609,5.4420657874,3.7119675623));
#4701=CARTESIAN_POINT('',(-3.0561304061,5.4556930595,3.7159466889));
#4702=CARTESIAN_POINT('',(-3.0403379547,5.4617191236,3.7179042255));
#4703=CARTESIAN_POINT('',(-3.0082117239,5.4721343741,3.7217350037));
#4704=CARTESIAN_POINT('',(-2.9918779999,5.4765235425,3.7236082384));
#4705=CARTESIAN_POINT('',(-2.9588365647,5.4836198669,3.7272510145));
#4706=CARTESIAN_POINT('',(-2.9421289105,5.4863270104,3.7290205494));
#4707=CARTESIAN_POINT('',(-2.90851078,5.4900312531,3.7324375824));
#4708=CARTESIAN_POINT('',(-2.8916003618,5.4910283457,3.7340850746));
#4709=CARTESIAN_POINT('',(-2.8746751629,5.4911650941,3.7356629978));
#4710=CARTESIAN_POINT('',(-3.1547770831,5.3926166875,4.1014762037));
#4711=CARTESIAN_POINT('',(-3.1392810273,5.4016143558,4.103517702));
#4712=CARTESIAN_POINT('',(-3.1232941687,5.4097713333,4.1055348597));
#4713=CARTESIAN_POINT('',(-3.0905240384,5.4243095544,4.1094969808));
#4714=CARTESIAN_POINT('',(-3.0737408391,5.430690766,4.1114419353));
#4715=CARTESIAN_POINT('',(-3.0395725194,5.4416034646,4.1152369494));
#4716=CARTESIAN_POINT('',(-3.0221874745,5.4461349274,4.1170870006));
#4717=CARTESIAN_POINT('',(-2.987016897,5.4532954236,4.1206706001));
#4718=CARTESIAN_POINT('',(-2.9692314421,5.4559244409,4.1224041404));
#4719=CARTESIAN_POINT('',(-2.9334661202,5.459249232,4.1257344522));
#4720=CARTESIAN_POINT('',(-2.9154863322,5.4599449981,4.1273312161));
#4721=CARTESIAN_POINT('',(-2.8975135206,5.4596698587,4.1288502505));
#4722=CARTESIAN_POINT('',(-3.2588840183,5.2963000005,5.2830797905));
#4723=CARTESIAN_POINT('',(-3.2410720642,5.3071648509,5.2851158519));
#4724=CARTESIAN_POINT('',(-3.2225776311,5.3169139677,5.2871192098));
#4725=CARTESIAN_POINT('',(-3.1845086712,5.3340310506,5.2910291553));
#4726=CARTESIAN_POINT('',(-3.1649342917,5.3413989507,5.2929357274));
#4727=CARTESIAN_POINT('',(-3.1250069883,5.3536399607,5.2966221776));
#4728=CARTESIAN_POINT('',(-3.1046542188,5.358513023,5.2984020408));
#4729=CARTESIAN_POINT('',(-3.0634835624,5.3656886381,5.3018070768));
#4730=CARTESIAN_POINT('',(-3.0426658346,5.3679911624,5.3034322357));
#4731=CARTESIAN_POINT('',(-3.000885857,5.3699890469,5.306502221));
#4732=CARTESIAN_POINT('',(-2.9799237687,5.3696843981,5.3079470349));
#4733=CARTESIAN_POINT('',(-2.959050893,5.3680776543,5.3092902347));
#4734=CARTESIAN_POINT('',(-3.3152370742,5.2375446369,6.0726701783));
#4735=CARTESIAN_POINT('',(-3.296131441,5.2495548299,6.0747020091));
#4736=CARTESIAN_POINT('',(-3.2762076979,5.2602671323,6.0766954767));
#4737=CARTESIAN_POINT('',(-3.2350856635,5.2789020724,6.0805690983));
#4738=CARTESIAN_POINT('',(-3.2138875928,5.2868246102,6.0824492309));
#4739=CARTESIAN_POINT('',(-3.1706018288,5.2997359358,6.0860615843));
#4740=CARTESIAN_POINT('',(-3.1485143673,5.3047246535,6.0877937849));
#4741=CARTESIAN_POINT('',(-3.1038507878,5.3116768578,6.0910783323));
#4742=CARTESIAN_POINT('',(-3.081274909,5.3136403054,6.0926306606));
#4743=CARTESIAN_POINT('',(-3.0360444181,5.3145047311,6.0955267536));
#4744=CARTESIAN_POINT('',(-3.0133900486,5.3134057019,6.096870502));
#4745=CARTESIAN_POINT('',(-2.9909021312,5.3107842879,6.0980974902));
#4746=CARTESIAN_POINT('',(-3.4641579116,5.0703165227,8.4384604808));
#4747=CARTESIAN_POINT('',(-3.4414898955,5.0856477664,8.4404757829));
#4748=CARTESIAN_POINT('',(-3.4175724012,5.099129917,8.4424352798));
#4749=CARTESIAN_POINT('',(-3.3678605647,5.1220472602,8.4461903667));
#4750=CARTESIAN_POINT('',(-3.3420667657,5.1314822034,8.4479859137));
#4751=CARTESIAN_POINT('',(-3.2892732572,5.1460589921,8.4513648973));
#4752=CARTESIAN_POINT('',(-3.2622741236,5.1512006761,8.4529482949));
#4753=CARTESIAN_POINT('',(-3.2077718778,5.1570542893,8.4558601965));
#4754=CARTESIAN_POINT('',(-3.1802693602,5.1577661491,8.4571886663));
#4755=CARTESIAN_POINT('',(-3.1254756634,5.1547364176,8.4595544502));
#4756=CARTESIAN_POINT('',(-3.0981850827,5.1509948505,8.460591736));
#4757=CARTESIAN_POINT('',(-3.0713555464,5.1450715311,8.461469043));
#4758=CARTESIAN_POINT('',(-3.5370083229,4.9704643045,10.0168351469));
#4759=CARTESIAN_POINT('',(-3.5124961415,4.9877890564,10.0188374928));
#4760=CARTESIAN_POINT('',(-3.4864246018,5.002906616,10.0207722573));
#4761=CARTESIAN_POINT('',(-3.4319909076,5.0282495386,10.0244441639));
#4762=CARTESIAN_POINT('',(-3.4036296387,5.0384744908,10.0261812433));
#4763=CARTESIAN_POINT('',(-3.3455176411,5.0537061345,10.0294013652));
#4764=CARTESIAN_POINT('',(-3.3157678557,5.0587125724,10.0308843521));
#4765=CARTESIAN_POINT('',(-3.2558238927,5.0633439911,10.0335478342));
#4766=CARTESIAN_POINT('',(-3.2256306892,5.062968883,10.0347282827));
#4767=CARTESIAN_POINT('',(-3.1657600037,5.0568420469,10.0367477333));
#4768=CARTESIAN_POINT('',(-3.1360834984,5.0510903974,10.037586699));
#4769=CARTESIAN_POINT('',(-3.1071377496,5.0427369564,10.0382408422));
#4770=CARTESIAN_POINT('',(-3.6408947309,4.8106076348,12.6945713132));
#4771=CARTESIAN_POINT('',(-3.6135783034,4.8311916777,12.6965451128));
#4772=CARTESIAN_POINT('',(-3.5841398041,4.8489631733,12.6984307774));
#4773=CARTESIAN_POINT('',(-3.5222461091,4.8781410953,12.7019467813));
#4774=CARTESIAN_POINT('',(-3.4897927097,4.8895466756,12.7035770174));
#4775=CARTESIAN_POINT('',(-3.4232253414,4.9055153134,12.7065135062));
#4776=CARTESIAN_POINT('',(-3.3891133035,4.9100779051,12.7078196724));
#4777=CARTESIAN_POINT('',(-3.3206540806,4.9121678202,12.7100528552));
#4778=CARTESIAN_POINT('',(-3.286308882,4.9096950771,12.7109798056));
#4779=CARTESIAN_POINT('',(-3.2188189787,4.8978143316,12.7124151885));
#4780=CARTESIAN_POINT('',(-3.185676234,4.8884066649,12.7129235777));
#4781=CARTESIAN_POINT('',(-3.1538269091,4.8757257281,12.713211749));
#4782=CARTESIAN_POINT('',(-3.677295402,4.7479764104,13.7938422733));
#4783=CARTESIAN_POINT('',(-3.6489396108,4.7698533604,13.795802671));
#4784=CARTESIAN_POINT('',(-3.6182208404,4.7886710401,13.7976663659));
#4785=CARTESIAN_POINT('',(-3.5534625903,4.8193281434,13.8011146944));
#4786=CARTESIAN_POINT('',(-3.519425374,4.8311664963,13.802699206));
#4787=CARTESIAN_POINT('',(-3.4495910893,4.8473209468,13.8055159882));
#4788=CARTESIAN_POINT('',(-3.4137964604,4.8516364758,13.8067481587));
#4789=CARTESIAN_POINT('',(-3.342088886,4.8525448066,13.8088031846));
#4790=CARTESIAN_POINT('',(-3.3061784466,4.8491375674,13.8096259665));
#4791=CARTESIAN_POINT('',(-3.2358868407,4.834752641,13.8108238716));
#4792=CARTESIAN_POINT('',(-3.201508134,4.8237754427,13.8111989509));
#4793=CARTESIAN_POINT('',(-3.1686834184,4.8092621688,13.8113412815));
#4794=CARTESIAN_POINT('',(-3.7092597768,4.6876326078,14.8933039592));
#4795=CARTESIAN_POINT('',(-3.6799381629,4.7107723976,14.8952488627));
#4796=CARTESIAN_POINT('',(-3.6480034258,4.7306072754,14.8970883547));
#4797=CARTESIAN_POINT('',(-3.580503996,4.7626757402,14.9004645668));
#4798=CARTESIAN_POINT('',(-3.5449421498,4.7749079747,14.9020011445));
#4799=CARTESIAN_POINT('',(-3.4719717901,4.7911570075,14.904694436));
#4800=CARTESIAN_POINT('',(-3.4345663541,4.7951731205,14.9058510362));
#4801=CARTESIAN_POINT('',(-3.3597847182,4.7947877899,14.9077263314));
#4802=CARTESIAN_POINT('',(-3.3224116722,4.7903863627,14.9084449475));
#4803=CARTESIAN_POINT('',(-3.2495692539,4.7733859942,14.9094081956));
#4804=CARTESIAN_POINT('',(-3.2141029537,4.7607877699,14.909652787));
#4805=CARTESIAN_POINT('',(-3.1804779718,4.744406373,14.9096542328));
#4806=B_SPLINE_SURFACE_WITH_KNOTS('',3,3,((#4230,#4231,#4232,#4233,#4234,#4235,#4236,#4237,#4238,#4239,#4240,#4241),
    (#4242,#4243,#4244,#4245,#4246,#4247,#4248,#4249,#4250,#4251,#4252,#4253),
    (#4254,#4255,#4256,#4257,#4258,#4259,#4260,#4261,#4262,#4263,#4264,#4265),
    (#4266,#4267,#4268,#4269,#4270,#4271,#4272,#4273,#4274,#4275,#4276,#4277),
    (#4278,#4279,#4280,#4281,#4282,#4283,#4284,#4285,#4286,#4287,#4288,#4289),
    (#4290,#4291,#4292,#4293,#4294,#4295,#4296,#4297,#4298,#4299,#4300,#4301),
    (#4302,#4303,#4304,#4305,#4306,#4307,#4308,#4309,#4310,#4311,#4312,#4313),
    (#4314,#4315,#4316,#4317,#4318,#4319,#4320,#4321,#4322,#4323,#4324,#4325),
    (#4326,#4327,#4328,#4329,#4330,#4331,#4332,#4333,#4334,#4335,#4336,#4337),
    (#4338,#4339,#4340,#4341,#4342,#4343,#4344,#4345,#4346,#4347,#4348,#4349),
    (#4350,#4351,#4352,#4353,#4354,#4355,#4356,#4357,#4358,#4359,#4360,#4361),
    (#4362,#4363,#4364,#4365,#4366,#4367,#4368,#4369,#4370,#4371,#4372,#4373),
    (#4374,#4375,#4376,#4377,#4378,#4379,#4380,#4381,#4382,#4383,#4384,#4385),
    (#4386,#4387,#4388,#4389,#4390,#4391,#4392,#4393,#4394,#4395,#4396,#4397),
    (#4398,#4399,#4400,#4401,#4402,#4403,#4404,#4405,#4406,#4407,#4408,#4409),
    (#4410,#4411,#4412,#4413,#4414,#4415,#4416,#4417,#4418,#4419,#4420,#4421),
    (#4422,#4423,#4424,#4425,#4426,#4427,#4428,#4429,#4430,#4431,#4432,#4433),
    (#4434,#4435,#4436,#4437,#4438,#4439,#4440,#4441,#4442,#4443,#4444,#4445),
    (#4446,#4447,#4448,#4449,#4450,#4451,#4452,#4453,#4454,#4455,#4456,#4457),
    (#4458,#4459,#4460,#4461,#4462,#4463,#4464,#4465,#4466,#4467,#4468,#4469),
    (#4470,#4471,#4472,#4473,#4474,#4475,#4476,#4477,#4478,#4479,#4480,#4481),
    (#4482,#4483,#4484,#4485,#4486,#4487,#4488,#4489,#4490,#4491,#4492,#4493),
    (#4494,#4495,#4496,#4497,#4498,#4499,#4500,#4501,#4502,#4503,#4504,#4505),
    (#4506,#4507,#4508,#4509,#4510,#4511,#4512,#4513,#4514,#4515,#4516,#4517),
    (#4518,#4519,#4520,#4521,#4522,#4523,#4524,#4525,#4526,#4527,#4528,#4529),
    (#4530,#4531,#4532,#4533,#4534,#4535,#4536,#4537,#4538,#4539,#4540,#4541),
    (#4542,#4543,#4544,#4545,#4546,#4547,#4548,#4549,#4550,#4551,#4552,#4553),
    (#4554,#4555,#4556,#4557,#4558,#4559,#4560,#4561,#4562,#4563,#4564,#4565),
    (#4566,#4567,#4568,#4569,#4570,#4571,#4572,#4573,#4574,#4575,#4576,#4577),
    (#4578,#4579,#4580,#4581,#4582,#4583,#4584,#4585,#4586,#4587,#4588,#4589),
    (#4590,#4591,#4592,#4593,#4594,#4595,#4596,#4597,#4598,#4599,#4600,#4601),
    (#4602,#4603,#4604,#4605,#4606,#4607,#4608,#4609,#4610,#4611,#4612,#4613),
    (#4614,#4615,#4616,#4617,#4618,#4619,#4620,#4621,#4622,#4623,#4624,#4625),
    (#4626,#4627,#4628,#4629,#4630,#4631,#4632,#4633,#4634,#4635,#4636,#4637),
    (#4638,#4639,#4640,#4641,#4642,#4643,#4644,#4645,#4646,#4647,#4648,#4649),
    (#4650,#4651,#4652,#4653,#4654,#4655,#4656,#4657,#4658,#4659,#4660,#4661),
    (#4662,#4663,#4664,#4665,#4666,#4667,#4668,#4669,#4670,#4671,#4672,#4673),
    (#4674,#4675,#4676,#4677,#4678,#4679,#4680,#4681,#4682,#4683,#4684,#4685),
    (#4686,#4687,#4688,#4689,#4690,#4691,#4692,#4693,#4694,#4695,#4696,#4697),
    (#4698,#4699,#4700,#4701,#4702,#4703,#4704,#4705,#4706,#4707,#4708,#4709),
    (#4710,#4711,#4712,#4713,#4714,#4715,#4716,#4717,#4718,#4719,#4720,#4721),
    (#4722,#4723,#4724,#4725,#4726,#4727,#4728,#4729,#4730,#4731,#4732,#4733),
    (#4734,#4735,#4736,#4737,#4738,#4739,#4740,#4741,#4742,#4743,#4744,#4745),
    (#4746,#4747,#4748,#4749,#4750,#4751,#4752,#4753,#4754,#4755,#4756,#4757),
    (#4758,#4759,#4760,#4761,#4762,#4763,#4764,#4765,#4766,#4767,#4768,#4769),
    (#4770,#4771,#4772,#4773,#4774,#4775,#4776,#4777,#4778,#4779,#4780,#4781),
    (#4782,#4783,#4784,#4785,#4786,#4787,#4788,#4789,#4790,#4791,#4792,#4793),
    (#4794,#4795,#4796,#4797,#4798,#4799,#4800,#4801,#4802,#4803,#4804,#4805)),.UNSPECIFIED.,.F.,.F.,.U.,
 (4,2,2,2,2,2,2,2,2,2,2,2,2,2,2,2,2,2,2,2,
    2,2,2,4),(4,2,2,2,2,4),
  (0.0,0.0035539662,0.1389516732,0.2743527194,0.3729042585,0.4293110671,0.4613650261,0.4794187656,0.4894891403,0.4950746086,
    0.4973565475,0.498838323,0.4999856075,0.5011357635,0.5026222167,0.5052789179,0.514090971,0.5348631638,0.5556353567,0.5968875068,
    0.638139657,0.7206439574,0.8853567968,1.0),(0.0,0.2,0.4,0.6,0.8,1.0),.UNSPECIFIED.);
#4807=ADVANCED_FACE('n° 1084',(#4229),#4806,.T.);
#4808=ORIENTED_EDGE('',*,*,#3861,.T.);
#4809=ORIENTED_EDGE('',*,*,#3271,.T.);
#4810=CARTESIAN_POINT('',(-4.2956596111,-3.3990968882,14.8808078637));
#4811=DIRECTION('',(0.6205195987,-0.7841909383,-0.0));
#4812=DIRECTION('',(-0.7841909383,-0.6205195987,0.0));
#4813=AXIS2_PLACEMENT_3D('',#4810,#4811,#4812);
#4814=CIRCLE('',#4813,0.5);
#4815=EDGE_CURVE('n° 1187',#1023,#357,#4814,.T.);
#4816=ORIENTED_EDGE('',*,*,#4815,.F.);
#4817=EDGE_LOOP('',(#4808,#4809,#4816));
#4818=FACE_OUTER_BOUND('',#4817,.T.);
#4819=CARTESIAN_POINT('',(-4.2956596111,-3.3990968882,14.8808078637));
#4820=DIRECTION('',(-0.1750472539,-0.1385125056,0.9747680466));
#4821=DIRECTION('',(0.9842555966,0.0,0.1767510127));
#4822=AXIS2_PLACEMENT_3D('',#4819,#4820,#4821);
#4823=SPHERICAL_SURFACE('',#4822,0.5);
#4824=ADVANCED_FACE('n° 1086',(#4818),#4823,.T.);
#4825=ORIENTED_EDGE('',*,*,#4225,.T.);
#4826=ORIENTED_EDGE('',*,*,#4043,.T.);
#4827=CARTESIAN_POINT('',(-0.6339806851,5.4410127403,14.8808078637));
#4828=DIRECTION('',(0.993280025,0.1157358714,-0.0));
#4829=DIRECTION('',(0.1157358714,-0.993280025,0.0));
#4830=AXIS2_PLACEMENT_3D('',#4827,#4828,#4829);
#4831=CIRCLE('',#4830,0.5);
#4832=EDGE_CURVE('n° 1190',#490,#958,#4831,.T.);
#4833=ORIENTED_EDGE('',*,*,#4832,.F.);
#4834=EDGE_LOOP('',(#4825,#4826,#4833));
#4835=FACE_OUTER_BOUND('',#4834,.T.);
#4836=CARTESIAN_POINT('',(-0.6339806851,5.4410127403,14.8808078637));
#4837=DIRECTION('',(-0.0258345837,0.2217201606,0.9747680466));
#4838=DIRECTION('',(0.0,-0.9750935022,0.2217941885));
#4839=AXIS2_PLACEMENT_3D('',#4836,#4837,#4838);
#4840=SPHERICAL_SURFACE('',#4839,0.5);
#4841=ADVANCED_FACE('n° 1088',(#4835),#4840,.T.);
#4842=ORIENTED_EDGE('',*,*,#4815,.T.);
#4843=ORIENTED_EDGE('',*,*,#363,.F.);
#4844=CARTESIAN_POINT('',(-3.3990849637,-4.2956690468,14.8808078637));
#4845=DIRECTION('',(0.7841926608,-0.6205174218,0.0));
#4846=DIRECTION('',(0.6205174218,0.7841926608,0.0));
#4847=AXIS2_PLACEMENT_3D('',#4844,#4845,#4846);
#4848=CIRCLE('',#4847,0.5);
#4849=EDGE_CURVE('n° 1192',#1042,#304,#4848,.T.);
#4850=ORIENTED_EDGE('',*,*,#4849,.F.);
#4851=ORIENTED_EDGE('',*,*,#1048,.F.);
#4852=EDGE_LOOP('',(#4842,#4843,#4850,#4851));
#4853=FACE_OUTER_BOUND('',#4852,.T.);
#4854=CARTESIAN_POINT('',(0.0,0.0,14.8808078637));
#4855=DIRECTION('',(-0.0,-0.0,-1.0));
#4856=DIRECTION('',(-1.0,0.0,0.0));
#4857=AXIS2_PLACEMENT_3D('',#4854,#4855,#4856);
#4858=TOROIDAL_SURFACE('',#4857,5.4778235778,0.5);
#4859=ADVANCED_FACE('n° 1090',(#4853),#4858,.T.);
#4860=ORIENTED_EDGE('',*,*,#4832,.T.);
#4861=ORIENTED_EDGE('',*,*,#964,.F.);
#4862=CARTESIAN_POINT('',(0.6339655811,5.4410145002,14.8808078637));
#4863=DIRECTION('',(0.9932803463,-0.1157331141,0.0));
#4864=DIRECTION('',(0.1157331141,0.9932803463,0.0));
#4865=AXIS2_PLACEMENT_3D('',#4862,#4863,#4864);
#4866=CIRCLE('',#4865,0.5);
#4867=EDGE_CURVE('n° 1193',#543,#939,#4866,.T.);
#4868=ORIENTED_EDGE('',*,*,#4867,.F.);
#4869=ORIENTED_EDGE('',*,*,#549,.F.);
#4870=EDGE_LOOP('',(#4860,#4861,#4868,#4869));
#4871=FACE_OUTER_BOUND('',#4870,.T.);
#4872=CARTESIAN_POINT('',(0.0,0.0,14.8808078637));
#4873=DIRECTION('',(-0.0,-0.0,-1.0));
#4874=DIRECTION('',(-1.0,0.0,0.0));
#4875=AXIS2_PLACEMENT_3D('',#4872,#4873,#4874);
#4876=TOROIDAL_SURFACE('',#4875,5.4778235778,0.5);
#4877=ADVANCED_FACE('n° 1094',(#4871),#4876,.T.);
#4878=CARTESIAN_POINT('',(-3.3990849637,-4.2956690468,14.8808078637));
#4879=DIRECTION('',(0.8753308913,0.4387660217,0.2031753157));
#4880=DIRECTION('',(0.4481125859,-0.8939771308,0.0));
#4881=AXIS2_PLACEMENT_3D('',#4878,#4879,#4880);
#4882=CIRCLE('',#4881,0.5);
#4883=EDGE_CURVE('n° 1198',#1042,#1695,#4882,.T.);
#4884=ORIENTED_EDGE('',*,*,#4883,.F.);
#4885=ORIENTED_EDGE('',*,*,#4849,.T.);
#4886=CARTESIAN_POINT('',(-3.3990849637,-4.2956690468,14.8808078637));
#4887=DIRECTION('',(0.0253381465,-0.0518763613,-0.9983320197));
#4888=DIRECTION('',(0.0,-0.9986526494,0.0518930222));
#4889=AXIS2_PLACEMENT_3D('',#4886,#4887,#4888);
#4890=CIRCLE('',#4889,0.5);
#4891=EDGE_CURVE('n° 1195',#1695,#304,#4890,.T.);
#4892=ORIENTED_EDGE('',*,*,#4891,.F.);
#4893=EDGE_LOOP('',(#4884,#4885,#4892));
#4894=FACE_OUTER_BOUND('',#4893,.T.);
#4895=CARTESIAN_POINT('',(-3.3990849637,-4.2956690468,14.8808078637));
#4896=DIRECTION('',(-0.1385120197,-0.1750476384,0.9747680466));
#4897=DIRECTION('',(0.0,-0.9842555291,-0.1767513888));
#4898=AXIS2_PLACEMENT_3D('',#4895,#4896,#4897);
#4899=SPHERICAL_SURFACE('',#4898,0.5);
#4900=ADVANCED_FACE('n° 1098',(#4894),#4899,.T.);
#4901=CARTESIAN_POINT('',(0.6339655811,5.4410145002,14.8808078637));
#4902=DIRECTION('',(0.0545537339,0.0187708196,-0.9983343861));
#4903=DIRECTION('',(0.998510311,0.0,0.0545633472));
#4904=AXIS2_PLACEMENT_3D('',#4901,#4902,#4903);
#4905=CIRCLE('',#4904,0.5);
#4906=EDGE_CURVE('n° 1204',#543,#1117,#4905,.T.);
#4907=ORIENTED_EDGE('',*,*,#4906,.F.);
#4908=ORIENTED_EDGE('',*,*,#4867,.T.);
#4909=CARTESIAN_POINT('',(0.6339655811,5.4410145002,14.8808078637));
#4910=DIRECTION('',(0.3080630268,-0.9294039975,0.2032372526));
#4911=DIRECTION('',(-0.94921456,-0.3146294951,0.0));
#4912=AXIS2_PLACEMENT_3D('',#4909,#4910,#4911);
#4913=CIRCLE('',#4912,0.5);
#4914=EDGE_CURVE('n° 1201',#1117,#939,#4913,.T.);
#4915=ORIENTED_EDGE('',*,*,#4914,.F.);
#4916=EDGE_LOOP('',(#4907,#4908,#4915));
#4917=FACE_OUTER_BOUND('',#4916,.T.);
#4918=CARTESIAN_POINT('',(0.6339655811,5.4410145002,14.8808078637));
#4919=DIRECTION('',(0.0258339683,0.2217202323,0.9747680466));
#4920=DIRECTION('',(0.0,-0.9750934866,0.2217942567));
#4921=AXIS2_PLACEMENT_3D('',#4918,#4919,#4920);
#4922=SPHERICAL_SURFACE('',#4921,0.5);
#4923=ADVANCED_FACE('n° 1100',(#4917),#4922,.T.);
#4924=ORIENTED_EDGE('',*,*,#4891,.T.);
#4925=ORIENTED_EDGE('',*,*,#354,.F.);
#4926=CARTESIAN_POINT('',(-0.6339655811,-5.4410145002,14.8808078637));
#4927=DIRECTION('',(0.0545537339,0.0187708196,0.9983343861));
#4928=DIRECTION('',(0.998510311,0.0,-0.0545633472));
#4929=AXIS2_PLACEMENT_3D('',#4926,#4927,#4928);
#4930=CIRCLE('',#4929,0.5);
#4931=EDGE_CURVE('n° 1206',#1693,#302,#4930,.T.);
#4932=ORIENTED_EDGE('',*,*,#4931,.F.);
#4933=ORIENTED_EDGE('',*,*,#1762,.F.);
#4934=EDGE_LOOP('',(#4924,#4925,#4932,#4933));
#4935=FACE_OUTER_BOUND('',#4934,.T.);
#4936=CARTESIAN_POINT('',(-3.7092467736,-4.6876428971,14.8933039572));
#4937=CARTESIAN_POINT('',(-3.6799430444,-4.7107683867,14.8952493705));
#4938=CARTESIAN_POINT('',(-3.6480294027,-4.7305930106,14.8970895017));
#4939=CARTESIAN_POINT('',(-3.5805755971,-4.7626507739,14.9004673303));
#4940=CARTESIAN_POINT('',(-3.5450382711,-4.7748825646,14.9020048857));
#4941=CARTESIAN_POINT('',(-3.4721169892,-4.7911412865,14.9047005153));
#4942=CARTESIAN_POINT('',(-3.4347361013,-4.7951675336,14.9058584762));
#4943=CARTESIAN_POINT('',(-3.3600000888,-4.7948127882,14.9077368784));
#4944=CARTESIAN_POINT('',(-3.3226481084,-4.7904318105,14.9084572407));
#4945=CARTESIAN_POINT('',(-3.2498410137,-4.7734813676,14.9094243233));
#4946=CARTESIAN_POINT('',(-3.2143889625,-4.7609126154,14.9096710029));
#4947=CARTESIAN_POINT('',(-3.1807733869,-4.7445640828,14.909674663));
#4948=CARTESIAN_POINT('',(-3.7082545369,-4.6895146149,14.8592204682));
#4949=CARTESIAN_POINT('',(-3.6789817923,-4.7126001255,14.8611663882));
#4950=CARTESIAN_POINT('',(-3.6471070718,-4.7323926164,14.8630073033));
#4951=CARTESIAN_POINT('',(-3.5797408927,-4.7644059856,14.8663874545));
#4952=CARTESIAN_POINT('',(-3.5442522534,-4.7766255239,14.867926549));
#4953=CARTESIAN_POINT('',(-3.471431045,-4.7928818315,14.8706261358));
#4954=CARTESIAN_POINT('',(-3.4341015235,-4.7969179202,14.871786515));
#4955=CARTESIAN_POINT('',(-3.359463483,-4.7966049873,14.8736706632));
#4956=CARTESIAN_POINT('',(-3.3221580875,-4.7922559787,14.8743943533));
#4957=CARTESIAN_POINT('',(-3.2494321827,-4.7753894343,14.8753689286));
#4958=CARTESIAN_POINT('',(-3.214014717,-4.7628726044,14.8756197729));
#4959=CARTESIAN_POINT('',(-3.1804245515,-4.7465838545,14.8756279283));
#4960=CARTESIAN_POINT('',(-3.7072577896,-4.6913887257,14.8251361134));
#4961=CARTESIAN_POINT('',(-3.6780160829,-4.7144342428,14.8270825372));
#4962=CARTESIAN_POINT('',(-3.6461803235,-4.7341945822,14.8289242331));
#4963=CARTESIAN_POINT('',(-3.5789018416,-4.7661634975,14.8323067001));
#4964=CARTESIAN_POINT('',(-3.5434619201,-4.7783707425,14.8338473303));
#4965=CARTESIAN_POINT('',(-3.4707408604,-4.7946245265,14.8365508673));
#4966=CARTESIAN_POINT('',(-3.4334627497,-4.7986703888,14.8377136615));
#4967=CARTESIAN_POINT('',(-3.3589228062,-4.798399112,14.8396035502));
#4968=CARTESIAN_POINT('',(-3.3216640764,-4.7940819842,14.8403305659));
#4969=CARTESIAN_POINT('',(-3.2490195785,-4.7772991589,14.8413126319));
#4970=CARTESIAN_POINT('',(-3.2136368346,-4.7648341603,14.8415676412));
#4971=CARTESIAN_POINT('',(-3.1800722491,-4.748605114,14.8415802941));
#4972=CARTESIAN_POINT('',(-3.6681128075,-4.7647507681,13.4925694594));
#4973=CARTESIAN_POINT('',(-3.6400866266,-4.7862321757,13.4945354685));
#4974=CARTESIAN_POINT('',(-3.6097756365,-4.8047348244,13.4964075683));
#4975=CARTESIAN_POINT('',(-3.5459284927,-4.834963486,13.4998803123));
#4976=CARTESIAN_POINT('',(-3.5123944248,-4.8466885122,13.5014808408));
#4977=CARTESIAN_POINT('',(-3.4435916591,-4.8628393699,13.5043385431));
#4978=CARTESIAN_POINT('',(-3.408325207,-4.8672646676,13.5055956211));
#4979=CARTESIAN_POINT('',(-3.3376252774,-4.8686158178,13.5077097144));
#4980=CARTESIAN_POINT('',(-3.3021941092,-4.8655416124,13.5085666579));
#4981=CARTESIAN_POINT('',(-3.2327407104,-4.8520247608,13.509841496));
#4982=CARTESIAN_POINT('',(-3.1987207531,-4.8415825357,13.510259346));
#4983=CARTESIAN_POINT('',(-3.1661628604,-4.8276844923,13.5104479177));
#4984=CARTESIAN_POINT('',(-3.6236206929,-4.8395474864,12.1943636715));
#4985=CARTESIAN_POINT('',(-3.5968516271,-4.8594873031,12.1963447062));
#4986=CARTESIAN_POINT('',(-3.5680796775,-4.8767405851,12.1982419215));
#4987=CARTESIAN_POINT('',(-3.5076689365,-4.9051925065,12.2017930006));
#4988=CARTESIAN_POINT('',(-3.476031718,-4.9163904059,12.2034467703));
#4989=CARTESIAN_POINT('',(-3.4111451016,-4.9322865899,12.2064446321));
#4990=CARTESIAN_POINT('',(-3.3778973921,-4.9369844577,12.2077886442));
#4991=CARTESIAN_POINT('',(-3.3111082359,-4.939691729,12.2101128811));
#4992=CARTESIAN_POINT('',(-3.2775685275,-4.9377010549,12.2110930435));
#4993=CARTESIAN_POINT('',(-3.2115259368,-4.9271059845,12.2126498333));
#4994=CARTESIAN_POINT('',(-3.1790247753,-4.9185018528,12.2132264181));
#4995=CARTESIAN_POINT('',(-3.147687295,-4.9067586228,12.2135893347));
#4996=CARTESIAN_POINT('',(-3.5158868869,-4.9979039145,9.599065335));
#4997=CARTESIAN_POINT('',(-3.49192824,-5.0146564566,9.6010713921));
#4998=CARTESIAN_POINT('',(-3.4664970427,-5.0293045445,9.6030132154));
#4999=CARTESIAN_POINT('',(-3.4134603371,-5.0539494189,9.6067088475));
#5000=CARTESIAN_POINT('',(-3.385855624,-5.0639458368,9.6084625991));
#5001=CARTESIAN_POINT('',(-3.3293092052,-5.0789833965,9.6117280563));
#5002=CARTESIAN_POINT('',(-3.300368346,-5.0840243093,9.6132397108));
#5003=CARTESIAN_POINT('',(-3.242027325,-5.0889952947,9.6159742093));
#5004=CARTESIAN_POINT('',(-3.2126280368,-5.0889252846,9.61719701));
#5005=CARTESIAN_POINT('',(-3.1542623203,-5.0836719647,9.6193157213));
#5006=CARTESIAN_POINT('',(-3.1252967682,-5.078488721,9.6202115978));
#5007=CARTESIAN_POINT('',(-3.0969877894,-5.0708242777,9.6209299137));
#5008=CARTESIAN_POINT('',(-3.4531145864,-5.0812741853,8.3018223705));
#5009=CARTESIAN_POINT('',(-3.4306983364,-5.0963855965,8.3038384139));
#5010=CARTESIAN_POINT('',(-3.4070580145,-5.1096823053,8.3057997178));
#5011=CARTESIAN_POINT('',(-3.3579372816,-5.1323056235,8.3095615436));
#5012=CARTESIAN_POINT('',(-3.3324574015,-5.1416319889,8.3113620235));
#5013=CARTESIAN_POINT('',(-3.280313271,-5.1560741358,8.3147548941));
#5014=CARTESIAN_POINT('',(-3.2536495836,-5.1611897597,8.3163472466));
#5015=CARTESIAN_POINT('',(-3.1998237885,-5.1670768422,8.3192818456));
#5016=CARTESIAN_POINT('',(-3.1726622618,-5.1678482334,8.3206240588));
#5017=CARTESIAN_POINT('',(-3.1185397535,-5.165023559,8.3230227268));
#5018=CARTESIAN_POINT('',(-3.0915793568,-5.1614275179,8.324079154));
#5019=CARTESIAN_POINT('',(-3.06506645,-5.1556915705,8.3249785156));
#5020=CARTESIAN_POINT('',(-3.3149073883,-5.2382387069,6.0627487579));
#5021=CARTESIAN_POINT('',(-3.2957286189,-5.2502840485,6.0647794392));
#5022=CARTESIAN_POINT('',(-3.2757283109,-5.2610238146,6.0667715506));
#5023=CARTESIAN_POINT('',(-3.2344483997,-5.2796976729,6.0706418633));
#5024=CARTESIAN_POINT('',(-3.2131690162,-5.2876316661,6.0725200432));
#5025=CARTESIAN_POINT('',(-3.169717994,-5.3005494002,6.0761277165));
#5026=CARTESIAN_POINT('',(-3.1475465861,-5.3055330715,6.0778571898));
#5027=CARTESIAN_POINT('',(-3.1027146256,-5.3124583189,6.0811353366));
#5028=CARTESIAN_POINT('',(-3.0800543113,-5.3143998559,6.0826839918));
#5029=CARTESIAN_POINT('',(-3.0346566648,-5.3152033657,6.0855716319));
#5030=CARTESIAN_POINT('',(-3.0119195744,-5.3140653306,6.0869106004));
#5031=CARTESIAN_POINT('',(-2.9893509391,-5.3113963214,6.0881321818));
#5032=CARTESIAN_POINT('',(-3.2482690648,-5.3080352354,5.1200065122));
#5033=CARTESIAN_POINT('',(-3.2306132009,-5.3187251066,5.1220425669));
#5034=CARTESIAN_POINT('',(-3.2122972222,-5.3283264558,5.1240467913));
#5035=CARTESIAN_POINT('',(-3.1746171328,-5.3452101431,5.1279610228));
#5036=CARTESIAN_POINT('',(-3.1552531558,-5.3524924215,5.1298710152));
#5037=CARTESIAN_POINT('',(-3.1157646613,-5.3646296192,5.1335675678));
#5038=CARTESIAN_POINT('',(-3.0956402839,-5.369484495,5.135354114));
#5039=CARTESIAN_POINT('',(-3.0549297072,-5.3766938611,5.1387763574));
#5040=CARTESIAN_POINT('',(-3.0343436522,-5.3790483247,5.1404120417));
#5041=CARTESIAN_POINT('',(-2.9930152933,-5.3812202154,5.1435073438));
#5042=CARTESIAN_POINT('',(-2.9722731359,-5.3810376332,5.1449669499));
#5043=CARTESIAN_POINT('',(-2.9516068816,-5.3795866652,5.1463271987));
#5044=CARTESIAN_POINT('',(-3.1111305975,-5.4313807628,3.641205565));
#5045=CARTESIAN_POINT('',(-3.0965622916,-5.4396490968,3.64324903));
#5046=CARTESIAN_POINT('',(-3.0815735977,-5.4471801563,3.6452712755));
#5047=CARTESIAN_POINT('',(-3.0509055384,-5.4606925736,3.6492527626));
#5048=CARTESIAN_POINT('',(-3.0352262224,-5.4666739097,3.6512119975));
#5049=CARTESIAN_POINT('',(-3.003333902,-5.4770269187,3.6550475043));
#5050=CARTESIAN_POINT('',(-2.9871209488,-5.4813985747,3.6569237697));
#5051=CARTESIAN_POINT('',(-2.9543236118,-5.4884880827,3.6605741949));
#5052=CARTESIAN_POINT('',(-2.9377392807,-5.4912059229,3.6623483486));
#5053=CARTESIAN_POINT('',(-2.9043651629,-5.494959909,3.6657764135));
#5054=CARTESIAN_POINT('',(-2.8875754298,-5.4959960482,3.667430319));
#5055=CARTESIAN_POINT('',(-2.8707670175,-5.4961856593,3.6690156274));
#5056=CARTESIAN_POINT('',(-3.0548899429,-5.4789541178,3.1033628051));
#5057=CARTESIAN_POINT('',(-3.0415986917,-5.4862743325,3.1054087727));
#5058=CARTESIAN_POINT('',(-3.0279722031,-5.4929887327,3.1074374297));
#5059=CARTESIAN_POINT('',(-3.0001587144,-5.5051519385,3.1114432827));
#5060=CARTESIAN_POINT('',(-2.9859717433,-5.5106007315,3.1134204744));
#5061=CARTESIAN_POINT('',(-2.9571517299,-5.5201887218,3.1173069552));
#5062=CARTESIAN_POINT('',(-2.9425187176,-5.5243279091,3.11921624));
#5063=CARTESIAN_POINT('',(-2.9129245972,-5.5312630226,3.1229510013));
#5064=CARTESIAN_POINT('',(-2.8979635199,-5.5340589414,3.1247764737));
#5065=CARTESIAN_POINT('',(-2.8678338654,-5.5382844508,3.1283283672));
#5066=CARTESIAN_POINT('',(-2.8526653196,-5.5397140366,3.1300547843));
#5067=CARTESIAN_POINT('',(-2.8374541651,-5.5404543145,3.1317244455));
#5068=CARTESIAN_POINT('',(-2.940680907,-5.5643461029,2.2638220492));
#5069=CARTESIAN_POINT('',(-2.9299013134,-5.5699748505,2.2658712873));
#5070=CARTESIAN_POINT('',(-2.9189108247,-5.5752030109,2.2679092072));
#5071=CARTESIAN_POINT('',(-2.8965667137,-5.5848303417,2.2719513466));
#5072=CARTESIAN_POINT('',(-2.8852131016,-5.5892295077,2.2739555642));
#5073=CARTESIAN_POINT('',(-2.8622033169,-5.5971753607,2.2779194075));
#5074=CARTESIAN_POINT('',(-2.8505471549,-5.6007220439,2.2798790312));
#5075=CARTESIAN_POINT('',(-2.8269944322,-5.606943898,2.2837430284));
#5076=CARTESIAN_POINT('',(-2.8150978824,-5.609619066,2.2856474001));
#5077=CARTESIAN_POINT('',(-2.7911278181,-5.6140834103,2.2893905241));
#5078=CARTESIAN_POINT('',(-2.7790543145,-5.6158725844,2.2912292746));
#5079=CARTESIAN_POINT('',(-2.7669245203,-5.6172138375,2.2930302027));
#5080=CARTESIAN_POINT('',(-2.8942975414,-5.5973733471,1.9601092799));
#5081=CARTESIAN_POINT('',(-2.8845218619,-5.6023518479,1.9621595727));
#5082=CARTESIAN_POINT('',(-2.8745783577,-5.6070037346,1.9642006851));
#5083=CARTESIAN_POINT('',(-2.8543981814,-5.6156344768,1.9682555579));
#5084=CARTESIAN_POINT('',(-2.8441615152,-5.6196133298,1.970269317));
#5085=CARTESIAN_POINT('',(-2.8234387317,-5.6268810075,1.9742606042));
#5086=CARTESIAN_POINT('',(-2.8129526204,-5.6301698301,1.976238131));
#5087=CARTESIAN_POINT('',(-2.7917757078,-5.6360433305,1.9801482256));
#5088=CARTESIAN_POINT('',(-2.7810849127,-5.6386280067,1.9820807922));
#5089=CARTESIAN_POINT('',(-2.7595442548,-5.6430820374,1.9858924265));
#5090=CARTESIAN_POINT('',(-2.7486943984,-5.6449513905,1.9877714929));
#5091=CARTESIAN_POINT('',(-2.7377881567,-5.6464589868,1.9896196517));
#5092=CARTESIAN_POINT('',(-2.8010284847,-5.6574474634,1.4897465631));
#5093=CARTESIAN_POINT('',(-2.7932248364,-5.6612480046,1.4917983851));
#5094=CARTESIAN_POINT('',(-2.7853164829,-5.6648363921,1.4938442924));
#5095=CARTESIAN_POINT('',(-2.7693123963,-5.671578892,1.4979184702));
#5096=CARTESIAN_POINT('',(-2.7612166651,-5.6747330037,1.4999467403));
#5097=CARTESIAN_POINT('',(-2.7448603678,-5.6805981663,1.5039798833));
#5098=CARTESIAN_POINT('',(-2.7365998036,-5.6833092167,1.5059847559));
#5099=CARTESIAN_POINT('',(-2.7199368355,-5.6882806788,1.5099654075));
#5100=CARTESIAN_POINT('',(-2.7115344337,-5.6905410899,1.511941186));
#5101=CARTESIAN_POINT('',(-2.6946111757,-5.6946049232,1.5158580326));
#5102=CARTESIAN_POINT('',(-2.6860903216,-5.6964083448,1.5177991001));
#5103=CARTESIAN_POINT('',(-2.6775220969,-5.697980719,1.5197200511));
#5104=CARTESIAN_POINT('',(-2.7635144195,-5.6806980842,1.3207794983));
#5105=CARTESIAN_POINT('',(-2.7564968785,-5.6840436781,1.322831847));
#5106=CARTESIAN_POINT('',(-2.7493965679,-5.687218214,1.324879445));
#5107=CARTESIAN_POINT('',(-2.7350460388,-5.6932182049,1.32896047));
#5108=CARTESIAN_POINT('',(-2.7277958215,-5.6960436596,1.3309938968));
#5109=CARTESIAN_POINT('',(-2.7131614346,-5.7013392728,1.3350419401));
#5110=CARTESIAN_POINT('',(-2.7057772662,-5.7038094309,1.3370565564));
#5111=CARTESIAN_POINT('',(-2.6908912216,-5.708389,1.3410623796));
#5112=CARTESIAN_POINT('',(-2.6833893465,-5.7104984106,1.3430535864));
#5113=CARTESIAN_POINT('',(-2.6682843871,-5.7143518084,1.3470080421));
#5114=CARTESIAN_POINT('',(-2.660681304,-5.7160957954,1.3489712908));
#5115=CARTESIAN_POINT('',(-2.6530359756,-5.7176551255,1.3509183164));
#5116=CARTESIAN_POINT('',(-2.6879599157,-5.723776094,1.0627689378));
#5117=CARTESIAN_POINT('',(-2.6825054258,-5.7262774267,1.0648221137));
#5118=CARTESIAN_POINT('',(-2.6770002798,-5.7286705983,1.0668723037));
#5119=CARTESIAN_POINT('',(-2.6658963921,-5.7332372747,1.0709637733));
#5120=CARTESIAN_POINT('',(-2.6602976509,-5.7354107792,1.0730050528));
#5121=CARTESIAN_POINT('',(-2.6490144183,-5.7395350768,1.0770757747));
#5122=CARTESIAN_POINT('',(-2.6433299273,-5.7414858697,1.079105217));
#5123=CARTESIAN_POINT('',(-2.6318831583,-5.7451620042,1.083149354));
#5124=CARTESIAN_POINT('',(-2.6261208807,-5.7468873457,1.0851640486));
#5125=CARTESIAN_POINT('',(-2.6145266089,-5.7501101462,1.0891758001));
#5126=CARTESIAN_POINT('',(-2.608694615,-5.7516076051,1.0911728568));
#5127=CARTESIAN_POINT('',(-2.6028318462,-5.7529900629,1.0931596616));
#5128=CARTESIAN_POINT('',(-2.6577256991,-5.7404969448,0.9708868435));
#5129=CARTESIAN_POINT('',(-2.6528936772,-5.7426704833,0.9729403177));
#5130=CARTESIAN_POINT('',(-2.6480221481,-5.74475829,0.9749914319));
#5131=CARTESIAN_POINT('',(-2.6382053598,-5.7487601832,0.9790866166));
#5132=CARTESIAN_POINT('',(-2.6332601008,-5.7506742698,0.9811306871));
#5133=CARTESIAN_POINT('',(-2.6233012155,-5.7543266505,0.9852094679));
#5134=CARTESIAN_POINT('',(-2.6182875894,-5.7560649447,0.9872441781));
#5135=CARTESIAN_POINT('',(-2.6081974055,-5.7593638548,0.9913019318));
#5136=CARTESIAN_POINT('',(-2.6031208478,-5.7609244707,0.9933249753));
#5137=CARTESIAN_POINT('',(-2.5929103032,-5.7638663269,0.9973571012));
#5138=CARTESIAN_POINT('',(-2.5877763165,-5.7652475671,0.9993661836));
#5139=CARTESIAN_POINT('',(-2.5826163971,-5.766538366,1.0013671459));
#5140=CARTESIAN_POINT('',(-2.5961798477,-5.7722076784,0.8346859775));
#5141=CARTESIAN_POINT('',(-2.5926066798,-5.7737563421,0.8367399401));
#5142=CARTESIAN_POINT('',(-2.5890100197,-5.775252649,0.838792468));
#5143=CARTESIAN_POINT('',(-2.5817721205,-5.7781395522,0.8428932409));
#5144=CARTESIAN_POINT('',(-2.5781308813,-5.7795301485,0.8449414858));
#5145=CARTESIAN_POINT('',(-2.5708062582,-5.7822047023,0.8490322816));
#5146=CARTESIAN_POINT('',(-2.5671228742,-5.7834886598,0.8510748325));
#5147=CARTESIAN_POINT('',(-2.5597164231,-5.7859490774,0.8551528331));
#5148=CARTESIAN_POINT('',(-2.5559933561,-5.7871255374,0.8571882827));
#5149=CARTESIAN_POINT('',(-2.5485100266,-5.7893701715,0.8612506781));
#5150=CARTESIAN_POINT('',(-2.5447497642,-5.7904383456,0.8632776238));
#5151=CARTESIAN_POINT('',(-2.5409721603,-5.7914520176,0.865299619));
#5152=CARTESIAN_POINT('',(-2.5713672216,-5.7846790472,0.7866164534));
#5153=CARTESIAN_POINT('',(-2.5683003183,-5.7859815537,0.7886705973));
#5154=CARTESIAN_POINT('',(-2.565215462,-5.7872435118,0.7907236325));
#5155=CARTESIAN_POINT('',(-2.5590113936,-5.7896856998,0.794826393));
#5156=CARTESIAN_POINT('',(-2.5558921814,-5.7908659298,0.7968761183));
#5157=CARTESIAN_POINT('',(-2.5496209685,-5.7931440712,0.8009711675));
#5158=CARTESIAN_POINT('',(-2.5464689677,-5.7942419827,0.8030164915));
#5159=CARTESIAN_POINT('',(-2.5401337613,-5.7963549376,0.8071016493));
#5160=CARTESIAN_POINT('',(-2.5369505556,-5.7973699811,0.8091414831));
#5161=CARTESIAN_POINT('',(-2.5305545385,-5.7993166917,0.8132145743));
#5162=CARTESIAN_POINT('',(-2.527341727,-5.8002483588,0.8152478317));
#5163=CARTESIAN_POINT('',(-2.5241149197,-5.8011381042,0.8172772593));
#5164=CARTESIAN_POINT('',(-2.5253462875,-5.8064397392,0.7273453844));
#5165=CARTESIAN_POINT('',(-2.5232157958,-5.8073095679,0.7293997948));
#5166=CARTESIAN_POINT('',(-2.5210740382,-5.8081534661,0.7314534984));
#5167=CARTESIAN_POINT('',(-2.5167687027,-5.8097891219,0.735558795));
#5168=CARTESIAN_POINT('',(-2.5146051249,-5.8105808795,0.7376103881));
#5169=CARTESIAN_POINT('',(-2.5102568676,-5.8121119918,0.7417107675));
#5170=CARTESIAN_POINT('',(-2.5080721882,-5.8128513464,0.7437595538));
#5171=CARTESIAN_POINT('',(-2.5036824535,-5.8142774077,0.7478536243));
#5172=CARTESIAN_POINT('',(-2.5014773983,-5.8149641143,0.7498989085));
#5173=CARTESIAN_POINT('',(-2.4970476442,-5.8162846517,0.7539852806));
#5174=CARTESIAN_POINT('',(-2.4948229455,-5.8169184825,0.7560263686));
#5175=CARTESIAN_POINT('',(-2.4925887944,-5.8175257703,0.758065012));
#5176=CARTESIAN_POINT('',(-2.5104424342,-5.8133554773,0.711016796));
#5177=CARTESIAN_POINT('',(-2.5086149565,-5.8140874714,0.7130712861));
#5178=CARTESIAN_POINT('',(-2.5067780354,-5.8147975705,0.71512518));
#5179=CARTESIAN_POINT('',(-2.503085817,-5.8161737821,0.7192311878));
#5180=CARTESIAN_POINT('',(-2.5012305196,-5.8168398946,0.7212833016));
#5181=CARTESIAN_POINT('',(-2.4975020641,-5.8181279485,0.7253851619));
#5182=CARTESIAN_POINT('',(-2.4956289061,-5.81874989,0.7274349083));
#5183=CARTESIAN_POINT('',(-2.4918652498,-5.8199494301,0.7315314469));
#5184=CARTESIAN_POINT('',(-2.4899747516,-5.8205270286,0.7335782392));
#5185=CARTESIAN_POINT('',(-2.4861769406,-5.8216377231,0.7376682837));
#5186=CARTESIAN_POINT('',(-2.4842696278,-5.822170819,0.739711536));
#5187=CARTESIAN_POINT('',(-2.4823541727,-5.8226815901,0.7417527258));
#5188=CARTESIAN_POINT('',(-2.4820941546,-5.8260980372,0.6889341577));
#5189=CARTESIAN_POINT('',(-2.4808427273,-5.8265748296,0.6909887764));
#5190=CARTESIAN_POINT('',(-2.4795843061,-5.827035194,0.6930429488));
#5191=CARTESIAN_POINT('',(-2.4770537392,-5.827922971,0.6971499605));
#5192=CARTESIAN_POINT('',(-2.4757815935,-5.8283503835,0.6992027998));
#5193=CARTESIAN_POINT('',(-2.4732238438,-5.8291721679,0.7033067056));
#5194=CARTESIAN_POINT('',(-2.4719382398,-5.8295665397,0.705357772));
#5195=CARTESIAN_POINT('',(-2.4693538424,-5.8303221605,0.7094576923));
#5196=CARTESIAN_POINT('',(-2.4680550491,-5.8306834095,0.7115065461));
#5197=CARTESIAN_POINT('',(-2.4654445448,-5.8313727097,0.7156016022));
#5198=CARTESIAN_POINT('',(-2.4641328338,-5.8317007609,0.7176478044));
#5199=CARTESIAN_POINT('',(-2.4628148013,-5.8320121793,0.7196924615));
#5200=CARTESIAN_POINT('',(-2.4697298789,-5.8315600621,0.6813894173));
#5201=CARTESIAN_POINT('',(-2.4687296299,-5.8319271665,0.6834440868));
#5202=CARTESIAN_POINT('',(-2.4677232192,-5.8322797139,0.6854983611));
#5203=CARTESIAN_POINT('',(-2.465698261,-5.8329556294,0.6896057296));
#5204=CARTESIAN_POINT('',(-2.4646797134,-5.8332789977,0.6916588238));
#5205=CARTESIAN_POINT('',(-2.4626306703,-5.8338964955,0.6957634424));
#5206=CARTESIAN_POINT('',(-2.4616001747,-5.834190625,0.6978149669));
#5207=CARTESIAN_POINT('',(-2.4595274266,-5.8347495914,0.7019160569));
#5208=CARTESIAN_POINT('',(-2.4584851741,-5.8350144282,0.7039656223));
#5209=CARTESIAN_POINT('',(-2.4563891055,-5.8355147607,0.7080624055));
#5210=CARTESIAN_POINT('',(-2.4553352894,-5.8357502563,0.7101096231));
#5211=CARTESIAN_POINT('',(-2.4542757892,-5.8359710599,0.7121554725));
#5212=CARTESIAN_POINT('',(-2.4461516432,-5.8417226548,0.6725252604));
#5213=CARTESIAN_POINT('',(-2.4456304218,-5.8418847835,0.6745800114));
#5214=CARTESIAN_POINT('',(-2.4451040261,-5.8420345507,0.6766344273));
#5215=CARTESIAN_POINT('',(-2.4440409683,-5.8423093389,0.6807422586));
#5216=CARTESIAN_POINT('',(-2.4435043062,-5.8424343599,0.6827956741));
#5217=CARTESIAN_POINT('',(-2.4424207991,-5.8426596368,0.6869011741));
#5218=CARTESIAN_POINT('',(-2.4418739542,-5.8427598927,0.6889532587));
#5219=CARTESIAN_POINT('',(-2.4407701668,-5.8429356243,0.6930557671));
#5220=CARTESIAN_POINT('',(-2.4402132244,-5.8430111,0.6951061908));
#5221=CARTESIAN_POINT('',(-2.4390893291,-5.8431372601,0.6992050475));
#5222=CARTESIAN_POINT('',(-2.4385223761,-5.8431879445,0.7012534805));
#5223=CARTESIAN_POINT('',(-2.4379504621,-5.8432262296,0.7033007533));
#5224=CARTESIAN_POINT('',(-2.4350769789,-5.8464128581,0.6701750363));
#5225=CARTESIAN_POINT('',(-2.4347807731,-5.8464800857,0.6722298204));
#5226=CARTESIAN_POINT('',(-2.4344796605,-5.8465355321,0.6742842854));
#5227=CARTESIAN_POINT('',(-2.4338676676,-5.8466228544,0.6783922627));
#5228=CARTESIAN_POINT('',(-2.4335567874,-5.8466547302,0.6804457749));
#5229=CARTESIAN_POINT('',(-2.4329253068,-5.8466949064,0.6845515319));
#5230=CARTESIAN_POINT('',(-2.4326047063,-5.8467032068,0.6866037767));
#5231=CARTESIAN_POINT('',(-2.4319538342,-5.8466962311,0.6907066845));
#5232=CARTESIAN_POINT('',(-2.4316235624,-5.8466809549,0.6927573476));
#5233=CARTESIAN_POINT('',(-2.430953398,-5.8466268283,0.6968567777));
#5234=CARTESIAN_POINT('',(-2.4306135053,-5.846587978,0.6989055448));
#5235=CARTESIAN_POINT('',(-2.4302688281,-5.8465373436,0.700953207));
#5236=CARTESIAN_POINT('',(-2.4129546226,-5.8555943441,0.6695711921));
#5237=CARTESIAN_POINT('',(-2.4131080836,-5.8554750458,0.6716260297));
#5238=CARTESIAN_POINT('',(-2.4132567447,-5.8553440992,0.6736805523));
#5239=CARTESIAN_POINT('',(-2.4135444446,-5.8550589293,0.6777886569));
#5240=CARTESIAN_POINT('',(-2.4136834834,-5.854904706,0.6798422389));
#5241=CARTESIAN_POINT('',(-2.4139519174,-5.8545730061,0.6839481516));
#5242=CARTESIAN_POINT('',(-2.4140813125,-5.8543955294,0.6860004825));
#5243=CARTESIAN_POINT('',(-2.4143304394,-5.8540173498,0.6901035825));
#5244=CARTESIAN_POINT('',(-2.4144501712,-5.8538166467,0.6921543518));
#5245=CARTESIAN_POINT('',(-2.414679953,-5.8533920447,0.6962540187));
#5246=CARTESIAN_POINT('',(-2.414790003,-5.8531681458,0.6983029163));
#5247=CARTESIAN_POINT('',(-2.4148952038,-5.8529326658,0.7003507232));
#5248=CARTESIAN_POINT('',(-2.4016569548,-5.8601883331,0.6713335808));
#5249=CARTESIAN_POINT('',(-2.4020401551,-5.8599753172,0.6733884392));
#5250=CARTESIAN_POINT('',(-2.4024183944,-5.8597502007,0.6754429706));
#5251=CARTESIAN_POINT('',(-2.4031648941,-5.8592758007,0.6795510571));
#5252=CARTESIAN_POINT('',(-2.4035331545,-5.8590265172,0.6816046121));
#5253=CARTESIAN_POINT('',(-2.404259641,-5.8585038215,0.6857104233));
#5254=CARTESIAN_POINT('',(-2.4046178671,-5.8582304093,0.6877626795));
#5255=CARTESIAN_POINT('',(-2.4053242311,-5.857659498,0.6918655709));
#5256=CARTESIAN_POINT('',(-2.4056723691,-5.8573619989,0.6939162061));
#5257=CARTESIAN_POINT('',(-2.4063585045,-5.8567429596,0.6980155337));
#5258=CARTESIAN_POINT('',(-2.406696502,-5.8564214193,0.7000642261));
#5259=CARTESIAN_POINT('',(-2.4070294039,-5.8560878832,0.7021117862));
#5260=CARTESIAN_POINT('',(-2.3773653663,-5.8698814089,0.679155423));
#5261=CARTESIAN_POINT('',(-2.3782428815,-5.8694698258,0.681210312));
#5262=CARTESIAN_POINT('',(-2.3791146841,-5.8690441452,0.6832648208));
#5263=CARTESIAN_POINT('',(-2.3808467087,-5.8681646653,0.6873727026));
#5264=CARTESIAN_POINT('',(-2.3817069309,-5.867710866,0.6894260757));
#5265=CARTESIAN_POINT('',(-2.3834156416,-5.8667752296,0.6935313113));
#5266=CARTESIAN_POINT('',(-2.3842641302,-5.8662933927,0.6955831738));
#5267=CARTESIAN_POINT('',(-2.385949223,-5.8653017673,0.6996850136));
#5268=CARTESIAN_POINT('',(-2.3867858271,-5.864791979,0.7017349908));
#5269=CARTESIAN_POINT('',(-2.3884470023,-5.8637445424,0.7058326859));
#5270=CARTESIAN_POINT('',(-2.3892715733,-5.863206894,0.7078804037));
#5271=CARTESIAN_POINT('',(-2.3900900543,-5.8626553639,0.7099268048));
#5272=CARTESIAN_POINT('',(-2.3644375945,-5.8749023848,0.6863231996));
#5273=CARTESIAN_POINT('',(-2.3655784442,-5.8743873129,0.6883780943));
#5274=CARTESIAN_POINT('',(-2.3667128801,-5.8738563168,0.6904325598));
#5275=CARTESIAN_POINT('',(-2.368968697,-5.872762583,0.694540209));
#5276=CARTESIAN_POINT('',(-2.370090078,-5.8721998453,0.6965933928));
#5277=CARTESIAN_POINT('',(-2.3723195607,-5.8710427416,0.7006980556));
#5278=CARTESIAN_POINT('',(-2.3734276624,-5.8704483755,0.7027495345));
#5279=CARTESIAN_POINT('',(-2.3756303644,-5.8692281348,0.7068503649));
#5280=CARTESIAN_POINT('',(-2.3767249648,-5.86860226,0.7088997163));
#5281=CARTESIAN_POINT('',(-2.3789004452,-5.8673191279,0.7129958692));
#5282=CARTESIAN_POINT('',(-2.3799813252,-5.8666618704,0.7150426708));
#5283=CARTESIAN_POINT('',(-2.3810552369,-5.8659889878,0.7170879864));
#5284=CARTESIAN_POINT('',(-2.3318580336,-5.8873065692,0.7098391898));
#5285=CARTESIAN_POINT('',(-2.3336632528,-5.8865345648,0.7118940765));
#5286=CARTESIAN_POINT('',(-2.335459768,-5.8857406246,0.7139483732));
#5287=CARTESIAN_POINT('',(-2.3390349025,-5.8841090895,0.7180552048));
#5288=CARTESIAN_POINT('',(-2.3408135217,-5.8832714945,0.7201077397));
#5289=CARTESIAN_POINT('',(-2.3443523814,-5.8815528781,0.724210466));
#5290=CARTESIAN_POINT('',(-2.3461126218,-5.8806718568,0.7262606576));
#5291=CARTESIAN_POINT('',(-2.3496142459,-5.8788666282,0.7303581165));
#5292=CARTESIAN_POINT('',(-2.3513556295,-5.8779424209,0.7324053839));
#5293=CARTESIAN_POINT('',(-2.3548190672,-5.8760510729,0.7364964146));
#5294=CARTESIAN_POINT('',(-2.3565411213,-5.8750839322,0.7385401778));
#5295=CARTESIAN_POINT('',(-2.358253277,-5.8740954567,0.7405818996));
#5296=CARTESIAN_POINT('',(-2.3140114773,-5.8938061641,0.7291785604));
#5297=CARTESIAN_POINT('',(-2.316181516,-5.8928979955,0.7312334161));
#5298=CARTESIAN_POINT('',(-2.3183409781,-5.8919629287,0.7332875493));
#5299=CARTESIAN_POINT('',(-2.3226380216,-5.890039315,0.7373936579));
#5300=CARTESIAN_POINT('',(-2.324775603,-5.889050768,0.7394456333));
#5301=CARTESIAN_POINT('',(-2.3290281646,-5.8870205277,0.7435467144));
#5302=CARTESIAN_POINT('',(-2.331143145,-5.8859788345,0.7455958201));
#5303=CARTESIAN_POINT('',(-2.3353497919,-5.8838426535,0.7496904509));
#5304=CARTESIAN_POINT('',(-2.3374414585,-5.8827481656,0.751735976));
#5305=CARTESIAN_POINT('',(-2.3416007731,-5.8805067648,0.7558227357));
#5306=CARTESIAN_POINT('',(-2.343668421,-5.8793598518,0.7578639704));
#5307=CARTESIAN_POINT('',(-2.3457237112,-5.8781869196,0.7599027057));
#5308=CARTESIAN_POINT('',(-2.2456562055,-5.9180843448,0.8167762187));
#5309=CARTESIAN_POINT('',(-2.2492264583,-5.9166638618,0.8188308856));
#5310=CARTESIAN_POINT('',(-2.2527777529,-5.9151938771,0.8208842274));
#5311=CARTESIAN_POINT('',(-2.2598404041,-5.9121557479,0.8249869541));
#5312=CARTESIAN_POINT('',(-2.2633517606,-5.9105876035,0.827036339));
#5313=CARTESIAN_POINT('',(-2.2703325361,-5.9073540538,0.8311298477));
#5314=CARTESIAN_POINT('',(-2.2738019551,-5.9056886485,0.8331739714));
#5315=CARTESIAN_POINT('',(-2.2806968797,-5.9022615299,0.8372556563));
#5316=CARTESIAN_POINT('',(-2.2841223853,-5.9004998166,0.8392932175));
#5317=CARTESIAN_POINT('',(-2.2909275314,-5.8968810891,0.8433604796));
#5318=CARTESIAN_POINT('',(-2.2943071718,-5.8950240749,0.8453901805));
#5319=CARTESIAN_POINT('',(-2.2976629168,-5.8931199402,0.8474153047));
#5320=CARTESIAN_POINT('',(-2.2101299462,-5.9291512279,0.8963576581));
#5321=CARTESIAN_POINT('',(-2.2144354793,-5.9274876023,0.8984120457));
#5322=CARTESIAN_POINT('',(-2.2187146698,-5.9257536398,0.9004645556));
#5323=CARTESIAN_POINT('',(-2.2272166825,-5.922146542,0.9045639698));
#5324=CARTESIAN_POINT('',(-2.2314395046,-5.9202734066,0.906610874));
#5325=CARTESIAN_POINT('',(-2.2398251437,-5.9163895785,0.9106972309));
#5326=CARTESIAN_POINT('',(-2.2439879606,-5.9143788856,0.9127366835));
#5327=CARTESIAN_POINT('',(-2.2522500015,-5.9102216711,0.9168062976));
#5328=CARTESIAN_POINT('',(-2.2563492255,-5.9080751495,0.918836459));
#5329=CARTESIAN_POINT('',(-2.2644805448,-5.9036481179,0.9228856586));
#5330=CARTESIAN_POINT('',(-2.2685126401,-5.9013676081,0.9249046967));
#5331=CARTESIAN_POINT('',(-2.2725094306,-5.8990210798,0.9269172617));
#5332=CARTESIAN_POINT('',(-2.103309159,-5.9612772458,1.1613218968));
#5333=CARTESIAN_POINT('',(-2.1098385428,-5.958897515,1.1633751756));
#5334=CARTESIAN_POINT('',(-2.1163175945,-5.9563770745,1.1654247185));
#5335=CARTESIAN_POINT('',(-2.1291643829,-5.951058948,1.1695126559));
#5336=CARTESIAN_POINT('',(-2.1355321191,-5.9482612622,1.1715510502));
#5337=CARTESIAN_POINT('',(-2.1481458004,-5.9423932555,1.1756130311));
#5338=CARTESIAN_POINT('',(-2.1543917449,-5.9393229348,1.1776366176));
#5339=CARTESIAN_POINT('',(-2.1667515578,-5.9329146987,1.181665347));
#5340=CARTESIAN_POINT('',(-2.1728654255,-5.9295767835,1.1836704897));
#5341=CARTESIAN_POINT('',(-2.1849510066,-5.9226388203,1.1876587247));
#5342=CARTESIAN_POINT('',(-2.1909227193,-5.9190387725,1.1896418169));
#5343=CARTESIAN_POINT('',(-2.1968184266,-5.9153105963,1.1916120977));
#5344=CARTESIAN_POINT('',(-2.0519545367,-5.9736646855,1.3566923897));
#5345=CARTESIAN_POINT('',(-2.0595689287,-5.9709868314,1.3587446564));
#5346=CARTESIAN_POINT('',(-2.0671163135,-5.9681151801,1.3607917968));
#5347=CARTESIAN_POINT('',(-2.0820591245,-5.9619911483,1.3648707876));
#5348=CARTESIAN_POINT('',(-2.0894545494,-5.9587387683,1.3669026376));
#5349=CARTESIAN_POINT('',(-2.1040758427,-5.9518610163,1.3709460445));
#5350=CARTESIAN_POINT('',(-2.1113017097,-5.9482356448,1.372957601));
#5351=CARTESIAN_POINT('',(-2.1255666747,-5.9406205005,1.3769554643));
#5352=CARTESIAN_POINT('',(-2.1326057715,-5.9366307284,1.3789417706));
#5353=CARTESIAN_POINT('',(-2.1464804073,-5.9282962095,1.3828842346));
#5354=CARTESIAN_POINT('',(-2.153315945,-5.9239514633,1.3848403919));
#5355=CARTESIAN_POINT('',(-2.1600415391,-5.9194343507,1.3867790599));
#5356=CARTESIAN_POINT('',(-1.9581809758,-5.9948244924,1.7458209386));
#5357=CARTESIAN_POINT('',(-1.9677356512,-5.9916415363,1.7478717022));
#5358=CARTESIAN_POINT('',(-1.9771924727,-5.9881603488,1.7499146186));
#5359=CARTESIAN_POINT('',(-1.9958754317,-5.9806144168,1.7539770653));
#5360=CARTESIAN_POINT('',(-2.0051015649,-5.9765496739,1.7559965947));
#5361=CARTESIAN_POINT('',(-2.023289005,-5.967851671,1.7600046592));
#5362=CARTESIAN_POINT('',(-2.0322503079,-5.9632184129,1.7619931934));
#5363=CARTESIAN_POINT('',(-2.0498749113,-5.9534004959,1.7659317725));
#5364=CARTESIAN_POINT('',(-2.058538208,-5.9482158393,1.7678818166));
#5365=CARTESIAN_POINT('',(-2.0755347087,-5.9373142571,1.7717360611));
#5366=CARTESIAN_POINT('',(-2.083867909,-5.931597334,1.7736402607));
#5367=CARTESIAN_POINT('',(-2.0920206187,-5.9256248154,1.7755179451));
#5368=CARTESIAN_POINT('',(-1.917782069,-6.0026375875,1.9423936127));
#5369=CARTESIAN_POINT('',(-1.9281709807,-5.9992597072,1.9444436324));
#5370=CARTESIAN_POINT('',(-1.9384473369,-5.9955306172,1.9464844315));
#5371=CARTESIAN_POINT('',(-1.9587299864,-5.9873863649,1.950538562));
#5372=CARTESIAN_POINT('',(-1.9687362733,-5.9829712052,1.9525518919));
#5373=CARTESIAN_POINT('',(-1.9884349883,-5.9734741322,1.9565421734));
#5374=CARTESIAN_POINT('',(-1.9981274102,-5.9683922219,1.9585191237));
#5375=CARTESIAN_POINT('',(-2.0171559552,-5.9575838516,1.9624278926));
#5376=CARTESIAN_POINT('',(-2.0264920722,-5.951857395,1.96435971));
#5377=CARTESIAN_POINT('',(-2.044767104,-5.9397849267,1.9681696554));
#5378=CARTESIAN_POINT('',(-2.0537060129,-5.9334389188,1.9700477821));
#5379=CARTESIAN_POINT('',(-2.0624267247,-5.926796973,1.9718949014));
#5380=CARTESIAN_POINT('',(-1.8068542897,-6.0219846256,2.5291024135));
#5381=CARTESIAN_POINT('',(-1.8195329348,-6.0181076742,2.5311502104));
#5382=CARTESIAN_POINT('',(-1.8320572249,-6.0137208163,2.5331846877));
#5383=CARTESIAN_POINT('',(-1.8567190709,-6.0039547288,2.5372140058));
#5384=CARTESIAN_POINT('',(-1.8688566114,-5.9985755055,2.539208844));
#5385=CARTESIAN_POINT('',(-1.8926692719,-5.9868582126,2.5431461244));
#5386=CARTESIAN_POINT('',(-1.9043443769,-5.9805201502,2.545088564));
#5387=CARTESIAN_POINT('',(-1.9271593048,-5.9669245756,2.5489086081));
#5388=CARTESIAN_POINT('',(-1.9382991134,-5.9596670718,2.5507862102));
#5389=CARTESIAN_POINT('',(-1.9599738511,-5.9442776459,2.5544645374));
#5390=CARTESIAN_POINT('',(-1.9705087665,-5.9361457332,2.5562652602));
#5391=CARTESIAN_POINT('',(-1.9807082852,-5.9276018093,2.5580217591));
#5392=CARTESIAN_POINT('',(-1.7453740971,-6.0296594389,2.9222264616));
#5393=CARTESIAN_POINT('',(-1.7593204469,-6.0255582065,2.9242727659));
#5394=CARTESIAN_POINT('',(-1.7730871594,-6.0208399845,2.9263030039));
#5395=CARTESIAN_POINT('',(-1.8001568071,-6.0102055112,2.9303157091));
#5396=CARTESIAN_POINT('',(-1.8134597171,-6.00428927,2.9322981724));
#5397=CARTESIAN_POINT('',(-1.8395006776,-5.991303681,2.9362000394));
#5398=CARTESIAN_POINT('',(-1.8522387039,-5.9842343454,2.9381194392));
#5399=CARTESIAN_POINT('',(-1.8770530279,-5.9689961185,2.9418803623));
#5400=CARTESIAN_POINT('',(-1.8891293024,-5.9608272414,2.9437218819));
#5401=CARTESIAN_POINT('',(-1.9125281785,-5.9434517197,2.9473128104));
#5402=CARTESIAN_POINT('',(-1.923850758,-5.934245091,2.9490622157));
#5403=CARTESIAN_POINT('',(-1.9347533288,-5.9245543663,2.9507587936));
#5404=CARTESIAN_POINT('',(-1.6329589165,-6.0407261426,3.7079028231));
#5405=CARTESIAN_POINT('',(-1.6492296877,-6.0362638578,3.7099459793));
#5406=CARTESIAN_POINT('',(-1.6652743186,-6.0309689252,3.7119675622));
#5407=CARTESIAN_POINT('',(-1.6967470241,-6.0187680928,3.7159466888));
#5408=CARTESIAN_POINT('',(-1.7121750443,-6.0118622141,3.7179042255));
#5409=CARTESIAN_POINT('',(-1.7422564143,-5.9965102327,3.7217350036));
#5410=CARTESIAN_POINT('',(-1.756909712,-5.9880641564,3.7236082384));
#5411=CARTESIAN_POINT('',(-1.785291394,-5.9697181926,3.7272510144));
#5412=CARTESIAN_POINT('',(-1.7990197292,-5.9598183366,3.7290205493));
#5413=CARTESIAN_POINT('',(-1.8254106323,-5.9386660237,3.7324375824));
#5414=CARTESIAN_POINT('',(-1.8380731546,-5.9274136032,3.7340850745));
#5415=CARTESIAN_POINT('',(-1.8501377732,-5.9155423761,3.7356629978));
#5416=CARTESIAN_POINT('',(-1.5823915595,-6.0439200967,4.1014762037));
#5417=CARTESIAN_POINT('',(-1.5997112379,-6.0393250428,4.1035177019));
#5418=CARTESIAN_POINT('',(-1.6167835081,-6.0337884807,4.1055348597));
#5419=CARTESIAN_POINT('',(-1.6502355643,-6.0208965741,4.1094969808));
#5420=CARTESIAN_POINT('',(-1.6666152763,-6.0135412581,4.1114419352));
#5421=CARTESIAN_POINT('',(-1.69849237,-5.9970970507,4.1152369494));
#5422=CARTESIAN_POINT('',(-1.7139896812,-5.9880081956,4.1170870005));
#5423=CARTESIAN_POINT('',(-1.7439222704,-5.9682020772,4.1206706));
#5424=CARTESIAN_POINT('',(-1.7583574822,-5.9574848575,4.1224041403));
#5425=CARTESIAN_POINT('',(-1.7859983662,-5.9345459381,4.1257344521));
#5426=CARTESIAN_POINT('',(-1.7992039771,-5.922324289,4.1273312161));
#5427=CARTESIAN_POINT('',(-1.8117181212,-5.9094210391,4.1288502504));
#5428=CARTESIAN_POINT('',(-1.4406706571,-6.049428634,5.2830797904));
#5429=CARTESIAN_POINT('',(-1.4609482201,-6.0445162898,5.2851158518));
#5430=CARTESIAN_POINT('',(-1.4809194257,-6.0383324174,5.2871192097));
#5431=CARTESIAN_POINT('',(-1.5199418508,-6.0235172031,5.2910291552));
#5432=CARTESIAN_POINT('',(-1.5389929194,-6.0148859187,5.2929357274));
#5433=CARTESIAN_POINT('',(-1.5758814875,-5.9953087529,5.2966221775));
#5434=CARTESIAN_POINT('',(-1.5937188443,-5.984362947,5.2984020408));
#5435=CARTESIAN_POINT('',(-1.6279048207,-5.9603248228,5.3018070767));
#5436=CARTESIAN_POINT('',(-1.6442533077,-5.9472325968,5.3034322357));
#5437=CARTESIAN_POINT('',(-1.6752089309,-5.919102409,5.3065022209));
#5438=CARTESIAN_POINT('',(-1.6898159465,-5.904064555,5.3079470348));
#5439=CARTESIAN_POINT('',(-1.703439159,-5.8881690636,5.3092902346));
#5440=CARTESIAN_POINT('',(-1.3592767132,-6.0477299459,6.0726701782));
#5441=CARTESIAN_POINT('',(-1.3812789249,-6.042712712,6.074702009));
#5442=CARTESIAN_POINT('',(-1.4029418804,-6.0361992399,6.0766954766));
#5443=CARTESIAN_POINT('',(-1.4451964422,-6.020298463,6.0805690982));
#5444=CARTESIAN_POINT('',(-1.465787822,-6.0109112437,6.0824492308));
#5445=CARTESIAN_POINT('',(-1.5055251651,-5.9894332723,6.0860615842));
#5446=CARTESIAN_POINT('',(-1.5246709149,-5.9773426347,6.0877937849));
#5447=CARTESIAN_POINT('',(-1.5611687857,-5.9506766656,6.0910783322));
#5448=CARTESIAN_POINT('',(-1.5785207098,-5.9361014757,6.0926306605));
#5449=CARTESIAN_POINT('',(-1.6111147379,-5.9047299302,6.0955267535));
#5450=CARTESIAN_POINT('',(-1.6263566651,-5.8879337409,6.0968705019));
#5451=CARTESIAN_POINT('',(-1.6404044044,-5.8701787625,6.0980974901));
#5452=CARTESIAN_POINT('',(-1.1357256454,-6.0347847463,8.4384604806));
#5453=CARTESIAN_POINT('',(-1.1625951797,-6.0295968649,8.4404757827));
#5454=CARTESIAN_POINT('',(-1.1890407222,-6.0222179626,8.4424352796));
#5455=CARTESIAN_POINT('',(-1.2403973077,-6.0032713947,8.4461903665));
#5456=CARTESIAN_POINT('',(-1.2653077901,-5.9917039368,8.4479859135));
#5457=CARTESIAN_POINT('',(-1.3129457841,-5.9646806351,8.4513648972));
#5458=CARTESIAN_POINT('',(-1.3356727742,-5.9492250843,8.4529482948));
#5459=CARTESIAN_POINT('',(-1.3783508113,-5.9148253064,8.4558601963));
#5460=CARTESIAN_POINT('',(-1.3983013889,-5.8958814506,8.4571886661));
#5461=CARTESIAN_POINT('',(-1.4349040398,-5.8549941124,8.4595544501));
#5462=CARTESIAN_POINT('',(-1.451555707,-5.8330510703,8.4605917358));
#5463=CARTESIAN_POINT('',(-1.4663386347,-5.8098913039,8.4614690429));
#5464=CARTESIAN_POINT('',(-1.0136064452,-6.0156915856,10.0168351467));
#5465=CARTESIAN_POINT('',(-1.0431896244,-6.0106093054,10.0188374926));
#5466=CARTESIAN_POINT('',(-1.0723147158,-6.0028636718,10.0207722572));
#5467=CARTESIAN_POINT('',(-1.1287253025,-5.98229339,10.0244441637));
#5468=CARTESIAN_POINT('',(-1.1560098811,-5.9694690775,10.0261812432));
#5469=CARTESIAN_POINT('',(-1.2078716673,-5.9391480885,10.029401365));
#5470=CARTESIAN_POINT('',(-1.2324480284,-5.9216518996,10.030884352));
#5471=CARTESIAN_POINT('',(-1.2781097187,-5.8825400246,10.0335478341));
#5472=CARTESIAN_POINT('',(-1.2991942961,-5.8609249641,10.0347282825));
#5473=CARTESIAN_POINT('',(-1.3371969365,-5.814257669,10.0367477332));
#5474=CARTESIAN_POINT('',(-1.3541143643,-5.7892061806,10.0375866988));
#5475=CARTESIAN_POINT('',(-1.3686753248,-5.7628316705,10.0382408421));
#5476=CARTESIAN_POINT('',(-0.8271119264,-5.976114634,12.6945713131));
#5477=CARTESIAN_POINT('',(-0.8609826738,-5.9713541192,12.6965451127));
#5478=CARTESIAN_POINT('',(-0.8943651813,-5.9631043017,12.6984307773));
#5479=CARTESIAN_POINT('',(-0.9587625393,-5.9399707568,12.7019467812));
#5480=CARTESIAN_POINT('',(-0.9897755212,-5.9250877012,12.7035770173));
#5481=CARTESIAN_POINT('',(-1.0481372909,-5.8893089958,12.7065135061));
#5482=CARTESIAN_POINT('',(-1.0754843837,-5.868414382,12.7078196722));
#5483=CARTESIAN_POINT('',(-1.1253701576,-5.8214841944,12.7100528551));
#5484=CARTESIAN_POINT('',(-1.147907387,-5.7954499782,12.7109798055));
#5485=CARTESIAN_POINT('',(-1.1872289995,-5.7393264542,12.7124151883));
#5486=CARTESIAN_POINT('',(-1.2040122342,-5.7092387698,12.7129235776));
#5487=CARTESIAN_POINT('',(-1.2175663313,-5.6777511198,12.7132117489));
#5488=CARTESIAN_POINT('',(-0.7570858016,-5.9575668319,13.7938422733));
#5489=CARTESIAN_POINT('',(-0.7926057135,-5.9529855993,13.7958026709));
#5490=CARTESIAN_POINT('',(-0.8276332732,-5.9445702574,13.7976663658));
#5491=CARTESIAN_POINT('',(-0.8951021167,-5.9204571053,13.8011146943));
#5492=CARTESIAN_POINT('',(-0.9275410427,-5.9047601384,13.8026992059));
#5493=CARTESIAN_POINT('',(-0.9883442606,-5.8668027636,13.8055159882));
#5494=CARTESIAN_POINT('',(-1.0167064252,-5.8445436787,13.8067481586));
#5495=CARTESIAN_POINT('',(-1.0680536241,-5.7944810534,13.8088031846));
#5496=CARTESIAN_POINT('',(-1.0910368574,-5.7666792563,13.8096259664));
#5497=CARTESIAN_POINT('',(-1.1305688496,-5.706803906,13.8108238715));
#5498=CARTESIAN_POINT('',(-1.1471162149,-5.6747324381,13.8111989508));
#5499=CARTESIAN_POINT('',(-1.1600643595,-5.6412594246,13.8113412815));
#5500=CARTESIAN_POINT('',(-0.6918140633,-5.937499546,14.8933039592));
#5501=CARTESIAN_POINT('',(-0.7289098777,-5.9331283363,14.8952488627));
#5502=CARTESIAN_POINT('',(-0.7655165234,-5.9245724438,14.8970883547));
#5503=CARTESIAN_POINT('',(-0.8359216569,-5.8995189681,14.9004645668));
#5504=CARTESIAN_POINT('',(-0.8697171754,-5.8830224415,14.9020011445));
#5505=CARTESIAN_POINT('',(-0.9328048129,-5.8429144066,14.904694436));
#5506=CARTESIAN_POINT('',(-0.9620942711,-5.8193045898,14.9058510362));
#5507=CARTESIAN_POINT('',(-1.0147004031,-5.7661535182,14.9077263314));
#5508=CARTESIAN_POINT('',(-1.0380148583,-5.7366145049,14.9084449475));
#5509=CARTESIAN_POINT('',(-1.0775011503,-5.6730860611,14.9094081956));
#5510=CARTESIAN_POINT('',(-1.0936713219,-5.6390993099,14.909652787));
#5511=CARTESIAN_POINT('',(-1.1058643778,-5.6037394604,14.9096542328));
#5512=B_SPLINE_SURFACE_WITH_KNOTS('',3,3,((#4936,#4937,#4938,#4939,#4940,#4941,#4942,#4943,#4944,#4945,#4946,#4947),
    (#4948,#4949,#4950,#4951,#4952,#4953,#4954,#4955,#4956,#4957,#4958,#4959),
    (#4960,#4961,#4962,#4963,#4964,#4965,#4966,#4967,#4968,#4969,#4970,#4971),
    (#4972,#4973,#4974,#4975,#4976,#4977,#4978,#4979,#4980,#4981,#4982,#4983),
    (#4984,#4985,#4986,#4987,#4988,#4989,#4990,#4991,#4992,#4993,#4994,#4995),
    (#4996,#4997,#4998,#4999,#5000,#5001,#5002,#5003,#5004,#5005,#5006,#5007),
    (#5008,#5009,#5010,#5011,#5012,#5013,#5014,#5015,#5016,#5017,#5018,#5019),
    (#5020,#5021,#5022,#5023,#5024,#5025,#5026,#5027,#5028,#5029,#5030,#5031),
    (#5032,#5033,#5034,#5035,#5036,#5037,#5038,#5039,#5040,#5041,#5042,#5043),
    (#5044,#5045,#5046,#5047,#5048,#5049,#5050,#5051,#5052,#5053,#5054,#5055),
    (#5056,#5057,#5058,#5059,#5060,#5061,#5062,#5063,#5064,#5065,#5066,#5067),
    (#5068,#5069,#5070,#5071,#5072,#5073,#5074,#5075,#5076,#5077,#5078,#5079),
    (#5080,#5081,#5082,#5083,#5084,#5085,#5086,#5087,#5088,#5089,#5090,#5091),
    (#5092,#5093,#5094,#5095,#5096,#5097,#5098,#5099,#5100,#5101,#5102,#5103),
    (#5104,#5105,#5106,#5107,#5108,#5109,#5110,#5111,#5112,#5113,#5114,#5115),
    (#5116,#5117,#5118,#5119,#5120,#5121,#5122,#5123,#5124,#5125,#5126,#5127),
    (#5128,#5129,#5130,#5131,#5132,#5133,#5134,#5135,#5136,#5137,#5138,#5139),
    (#5140,#5141,#5142,#5143,#5144,#5145,#5146,#5147,#5148,#5149,#5150,#5151),
    (#5152,#5153,#5154,#5155,#5156,#5157,#5158,#5159,#5160,#5161,#5162,#5163),
    (#5164,#5165,#5166,#5167,#5168,#5169,#5170,#5171,#5172,#5173,#5174,#5175),
    (#5176,#5177,#5178,#5179,#5180,#5181,#5182,#5183,#5184,#5185,#5186,#5187),
    (#5188,#5189,#5190,#5191,#5192,#5193,#5194,#5195,#5196,#5197,#5198,#5199),
    (#5200,#5201,#5202,#5203,#5204,#5205,#5206,#5207,#5208,#5209,#5210,#5211),
    (#5212,#5213,#5214,#5215,#5216,#5217,#5218,#5219,#5220,#5221,#5222,#5223),
    (#5224,#5225,#5226,#5227,#5228,#5229,#5230,#5231,#5232,#5233,#5234,#5235),
    (#5236,#5237,#5238,#5239,#5240,#5241,#5242,#5243,#5244,#5245,#5246,#5247),
    (#5248,#5249,#5250,#5251,#5252,#5253,#5254,#5255,#5256,#5257,#5258,#5259),
    (#5260,#5261,#5262,#5263,#5264,#5265,#5266,#5267,#5268,#5269,#5270,#5271),
    (#5272,#5273,#5274,#5275,#5276,#5277,#5278,#5279,#5280,#5281,#5282,#5283),
    (#5284,#5285,#5286,#5287,#5288,#5289,#5290,#5291,#5292,#5293,#5294,#5295),
    (#5296,#5297,#5298,#5299,#5300,#5301,#5302,#5303,#5304,#5305,#5306,#5307),
    (#5308,#5309,#5310,#5311,#5312,#5313,#5314,#5315,#5316,#5317,#5318,#5319),
    (#5320,#5321,#5322,#5323,#5324,#5325,#5326,#5327,#5328,#5329,#5330,#5331),
    (#5332,#5333,#5334,#5335,#5336,#5337,#5338,#5339,#5340,#5341,#5342,#5343),
    (#5344,#5345,#5346,#5347,#5348,#5349,#5350,#5351,#5352,#5353,#5354,#5355),
    (#5356,#5357,#5358,#5359,#5360,#5361,#5362,#5363,#5364,#5365,#5366,#5367),
    (#5368,#5369,#5370,#5371,#5372,#5373,#5374,#5375,#5376,#5377,#5378,#5379),
    (#5380,#5381,#5382,#5383,#5384,#5385,#5386,#5387,#5388,#5389,#5390,#5391),
    (#5392,#5393,#5394,#5395,#5396,#5397,#5398,#5399,#5400,#5401,#5402,#5403),
    (#5404,#5405,#5406,#5407,#5408,#5409,#5410,#5411,#5412,#5413,#5414,#5415),
    (#5416,#5417,#5418,#5419,#5420,#5421,#5422,#5423,#5424,#5425,#5426,#5427),
    (#5428,#5429,#5430,#5431,#5432,#5433,#5434,#5435,#5436,#5437,#5438,#5439),
    (#5440,#5441,#5442,#5443,#5444,#5445,#5446,#5447,#5448,#5449,#5450,#5451),
    (#5452,#5453,#5454,#5455,#5456,#5457,#5458,#5459,#5460,#5461,#5462,#5463),
    (#5464,#5465,#5466,#5467,#5468,#5469,#5470,#5471,#5472,#5473,#5474,#5475),
    (#5476,#5477,#5478,#5479,#5480,#5481,#5482,#5483,#5484,#5485,#5486,#5487),
    (#5488,#5489,#5490,#5491,#5492,#5493,#5494,#5495,#5496,#5497,#5498,#5499),
    (#5500,#5501,#5502,#5503,#5504,#5505,#5506,#5507,#5508,#5509,#5510,#5511)),.UNSPECIFIED.,.F.,.F.,.U.,
 (4,2,2,2,2,2,2,2,2,2,2,2,2,2,2,2,2,2,2,2,
    2,2,2,4),(4,2,2,2,2,4),
  (0.0,0.0035539662,0.1389516732,0.2743527194,0.3729042585,0.4293110671,0.4613650261,0.4794187656,0.4894891403,0.4950746086,
    0.4973565475,0.498838323,0.4999856075,0.5011357635,0.5026222167,0.5052789179,0.514090971,0.5348631638,0.5556353567,0.5968875068,
    0.638139657,0.7206439574,0.8853567968,1.0),(0.0,0.2,0.4,0.6,0.8,1.0),.UNSPECIFIED.);
#5513=ADVANCED_FACE('n° 1102',(#4935),#5512,.T.);
#5514=ORIENTED_EDGE('',*,*,#4883,.T.);
#5515=ORIENTED_EDGE('',*,*,#1711,.F.);
#5516=CARTESIAN_POINT('',(-0.6339655811,-5.4410145002,14.8808078637));
#5517=DIRECTION('',(0.3080630268,-0.9294039975,-0.2032372526));
#5518=DIRECTION('',(0.94921456,0.3146294951,0.0));
#5519=AXIS2_PLACEMENT_3D('',#5516,#5517,#5518);
#5520=CIRCLE('',#5519,0.5);
#5521=EDGE_CURVE('n° 1207',#1051,#1693,#5520,.T.);
#5522=ORIENTED_EDGE('',*,*,#5521,.F.);
#5523=ORIENTED_EDGE('',*,*,#1067,.F.);
#5524=EDGE_LOOP('',(#5514,#5515,#5522,#5523));
#5525=FACE_OUTER_BOUND('',#5524,.T.);
#5526=CARTESIAN_POINT('',(-0.6468825636,-5.5518746158,15.3681918871));
#5527=CARTESIAN_POINT('',(-0.6918154213,-5.5658144267,15.3638303037));
#5528=CARTESIAN_POINT('',(-0.7365693039,-5.5782580382,15.3528978873));
#5529=CARTESIAN_POINT('',(-0.8221654017,-5.5991647677,15.3187594857));
#5530=CARTESIAN_POINT('',(-0.8629984386,-5.607625644,15.295557161));
#5531=CARTESIAN_POINT('',(-0.9374921091,-5.619890577,15.2387286626));
#5532=CARTESIAN_POINT('',(-0.9711447551,-5.6236933186,15.2051085825));
#5533=CARTESIAN_POINT('',(-1.0285894532,-5.6263373923,15.1301263894));
#5534=CARTESIAN_POINT('',(-1.0523753459,-5.6251784409,15.0887723165));
#5535=CARTESIAN_POINT('',(-1.0881854809,-5.617990589,15.0016219707));
#5536=CARTESIAN_POINT('',(-1.1002058834,-5.6119624593,14.9558350426));
#5537=CARTESIAN_POINT('',(-1.1058643762,-5.6037394599,14.909654233));
#5538=CARTESIAN_POINT('',(-0.6991917964,-5.3940614223,15.402701659));
#5539=CARTESIAN_POINT('',(-0.7422921413,-5.4112729911,15.3976444497));
#5540=CARTESIAN_POINT('',(-0.7852052075,-5.4270760099,15.3862068593));
#5541=CARTESIAN_POINT('',(-0.8673552509,-5.4546395732,15.35145323));
#5542=CARTESIAN_POINT('',(-0.9065839727,-5.4663972973,15.3281406969));
#5543=CARTESIAN_POINT('',(-0.9783305552,-5.4849510413,15.2714403819));
#5544=CARTESIAN_POINT('',(-1.0108412042,-5.491745151,15.2380583123));
#5545=CARTESIAN_POINT('',(-1.0666354015,-5.4998373623,15.1638014387));
#5546=CARTESIAN_POINT('',(-1.0899133384,-5.5011346133,15.1229341122));
#5547=CARTESIAN_POINT('',(-1.1254388305,-5.4981256513,15.0368688217));
#5548=CARTESIAN_POINT('',(-1.1376828078,-5.4938197145,14.9916795229));
#5549=CARTESIAN_POINT('',(-1.1439361321,-5.4868761403,14.9460734858));
#5550=CARTESIAN_POINT('',(-0.7717825423,-5.2399475333,15.4340216094));
#5551=CARTESIAN_POINT('',(-0.8126746542,-5.2603050301,15.4283474215));
#5552=CARTESIAN_POINT('',(-0.8533665364,-5.2793320695,15.4164645969));
#5553=CARTESIAN_POINT('',(-0.9313061272,-5.3132948412,15.3811724155));
#5554=CARTESIAN_POINT('',(-0.9685464326,-5.3282273128,15.3577664225));
#5555=CARTESIAN_POINT('',(-1.0367825131,-5.3528708198,15.3011880196));
#5556=CARTESIAN_POINT('',(-1.0677718065,-5.3625794834,15.2680209987));
#5557=CARTESIAN_POINT('',(-1.1211748058,-5.3760387125,15.1944154205));
#5558=CARTESIAN_POINT('',(-1.1435834382,-5.3797879742,15.1539838722));
#5559=CARTESIAN_POINT('',(-1.1781385099,-5.3810409685,15.0688911981));
#5560=CARTESIAN_POINT('',(-1.1902816648,-5.3785445641,15.0242381743));
#5561=CARTESIAN_POINT('',(-1.1968360188,-5.3730172522,14.9791504678));
#5562=CARTESIAN_POINT('',(-0.9865583563,-4.9010558783,15.4969885121));
#5563=CARTESIAN_POINT('',(-1.0215759131,-4.9282375209,15.4901008774));
#5564=CARTESIAN_POINT('',(-1.0563535138,-4.9542463179,15.4773450033));
#5565=CARTESIAN_POINT('',(-1.1229789099,-5.0020697503,15.4409997043));
#5566=CARTESIAN_POINT('',(-1.1548211041,-5.0238802864,15.4174133609));
#5567=CARTESIAN_POINT('',(-1.2133213513,-5.0617474407,15.3610808033));
#5568=CARTESIAN_POINT('',(-1.2399744854,-5.077800805,15.3283393584));
#5569=CARTESIAN_POINT('',(-1.2862089255,-5.1030032723,15.2560199394));
#5570=CARTESIAN_POINT('',(-1.3057863422,-5.1121501991,15.2164480845));
#5571=CARTESIAN_POINT('',(-1.3364817346,-5.122881155,15.1332760913));
#5572=CARTESIAN_POINT('',(-1.3475971249,-5.1244642415,15.089682989));
#5573=CARTESIAN_POINT('',(-1.3540880838,-5.1222060704,15.0456227676));
#5574=CARTESIAN_POINT('',(-1.149596977,-4.7218648404,15.5250131401));
#5575=CARTESIAN_POINT('',(-1.1805804587,-4.7526095799,15.5176027799));
#5576=CARTESIAN_POINT('',(-1.2112930976,-4.7822529667,15.5044733765));
#5577=CARTESIAN_POINT('',(-1.270067127,-4.837293034,15.4676805976));
#5578=CARTESIAN_POINT('',(-1.298123816,-4.8626852767,15.4440201796));
#5579=CARTESIAN_POINT('',(-1.3496495481,-4.9074629162,15.3878002014));
#5580=CARTESIAN_POINT('',(-1.3731144703,-4.9268447005,15.3552451591));
#5581=CARTESIAN_POINT('',(-1.4138369333,-4.9582569707,15.2834860544));
#5582=CARTESIAN_POINT('',(-1.4310912177,-4.9702849198,15.2442877577));
#5583=CARTESIAN_POINT('',(-1.4582010582,-4.9861539098,15.161951988));
#5584=CARTESIAN_POINT('',(-1.4680544471,-4.9899936653,15.1188211301));
#5585=CARTESIAN_POINT('',(-1.4738680768,-4.9896055552,15.0752117927));
#5586=CARTESIAN_POINT('',(-1.4541264182,-4.4874878973,15.5521072968));
#5587=CARTESIAN_POINT('',(-1.4779720552,-4.5230101092,15.5441952399));
#5588=CARTESIAN_POINT('',(-1.5014858903,-4.5575123233,15.5307077114));
#5589=CARTESIAN_POINT('',(-1.5462747946,-4.6221614091,15.4934864129));
#5590=CARTESIAN_POINT('',(-1.5675464572,-4.6523033455,15.4697554814));
#5591=CARTESIAN_POINT('',(-1.6064193136,-4.7061991303,15.4136447031));
#5592=CARTESIAN_POINT('',(-1.624017551,-4.7299488636,15.3812691346));
#5593=CARTESIAN_POINT('',(-1.6543588876,-4.7694579629,15.3100490171));
#5594=CARTESIAN_POINT('',(-1.6670996796,-4.7852143113,15.2712098983));
#5595=CARTESIAN_POINT('',(-1.6868681835,-4.8076728412,15.1896783801));
#5596=CARTESIAN_POINT('',(-1.6938943927,-4.8143733062,15.146992197));
#5597=CARTESIAN_POINT('',(-1.6978273102,-4.8163198925,15.1038170096));
#5598=CARTESIAN_POINT('',(-1.5831453553,-4.4093625059,15.5582711922));
#5599=CARTESIAN_POINT('',(-1.6039388625,-4.4465728981,15.5502424421));
#5600=CARTESIAN_POINT('',(-1.6243740614,-4.4827870366,15.5366720685));
#5601=CARTESIAN_POINT('',(-1.6631660814,-4.5508088991,15.4993525789));
#5602=CARTESIAN_POINT('',(-1.6815199826,-4.5826115003,15.4756062733));
#5603=CARTESIAN_POINT('',(-1.7149205163,-4.6396801818,15.4195232977));
#5604=CARTESIAN_POINT('',(-1.7299646348,-4.6649419641,15.3871908511));
#5605=CARTESIAN_POINT('',(-1.755738096,-4.7072365291,15.3160990862));
#5606=CARTESIAN_POINT('',(-1.7664654989,-4.7242661263,15.2773451215));
#5607=CARTESIAN_POINT('',(-1.7828868404,-4.7489547868,15.1960040846));
#5608=CARTESIAN_POINT('',(-1.7885795433,-4.7566119905,15.1534231377));
#5609=CARTESIAN_POINT('',(-1.7915646299,-4.7593268477,15.1103508302));
#5610=CARTESIAN_POINT('',(-1.9166644633,-4.2568786635,15.5619193253));
#5611=CARTESIAN_POINT('',(-1.9299029522,-4.2974582551,15.5538229457));
#5612=CARTESIAN_POINT('',(-1.9427100907,-4.3370792447,15.5402043704));
#5613=CARTESIAN_POINT('',(-1.9666117513,-4.4117723822,15.5028272833));
#5614=CARTESIAN_POINT('',(-1.9777044894,-4.4468389449,15.4790715658));
#5615=CARTESIAN_POINT('',(-1.9974376932,-4.5100829058,15.4230034724));
#5616=CARTESIAN_POINT('',(-2.0060766863,-4.5382555748,15.3906952881));
#5617=CARTESIAN_POINT('',(-2.0203262552,-4.5858310118,15.3196763263));
#5618=CARTESIAN_POINT('',(-2.0259357679,-4.605230222,15.280970858));
#5619=CARTESIAN_POINT('',(-2.033752138,-4.6339630656,15.1997384895));
#5620=CARTESIAN_POINT('',(-2.0359584127,-4.6432945501,15.1572176622));
#5621=CARTESIAN_POINT('',(-2.0363896619,-4.6472811605,15.1142041573));
#5622=CARTESIAN_POINT('',(-2.1326676755,-4.1981259315,15.5542375438));
#5623=CARTESIAN_POINT('',(-2.1413583535,-4.2401043052,15.546275024));
#5624=CARTESIAN_POINT('',(-2.1495669146,-4.2811300684,15.5327514256));
#5625=CARTESIAN_POINT('',(-2.1644652699,-4.3585329633,15.4954869618));
#5626=CARTESIAN_POINT('',(-2.1711539094,-4.3949042293,15.4717489231));
#5627=CARTESIAN_POINT('',(-2.1825574885,-4.4605542026,15.4156492008));
#5628=CARTESIAN_POINT('',(-2.1872715404,-4.4898279345,15.3832917713));
#5629=CARTESIAN_POINT('',(-2.1944042212,-4.5393152295,15.3121261505));
#5630=CARTESIAN_POINT('',(-2.1968222898,-4.5595250418,15.273323355));
#5631=CARTESIAN_POINT('',(-2.1991964251,-4.5895253353,15.1918731963));
#5632=CARTESIAN_POINT('',(-2.1991522972,-4.599313542,15.1492320082));
#5633=CARTESIAN_POINT('',(-2.1978771759,-4.6035623671,15.1061007644));
#5634=CARTESIAN_POINT('',(-2.5647194106,-4.153147551,15.520591169));
#5635=CARTESIAN_POINT('',(-2.5637566176,-4.1968455634,15.5132590002));
#5636=CARTESIAN_POINT('',(-2.5621951379,-4.239569033,15.5001856081));
#5637=CARTESIAN_POINT('',(-2.5579772974,-4.3201148483,15.4634602417));
#5638=CARTESIAN_POINT('',(-2.5553212534,-4.3579306731,15.439811243));
#5639=CARTESIAN_POINT('',(-2.5490933016,-4.4260351872,15.383575248));
#5640=CARTESIAN_POINT('',(-2.5455218754,-4.4563183627,15.350992807));
#5641=CARTESIAN_POINT('',(-2.5377063649,-4.5072539837,15.2791509627));
#5642=CARTESIAN_POINT('',(-2.5334628944,-4.5279023051,15.2398973784));
#5643=CARTESIAN_POINT('',(-2.5245941194,-4.558133032,15.1574377839));
#5644=CARTESIAN_POINT('',(-2.5199695189,-4.5677129889,15.1142384523));
#5645=CARTESIAN_POINT('',(-2.5153132539,-4.5714264053,15.070562368));
#5646=CARTESIAN_POINT('',(-2.7864988255,-4.1677935798,15.4939352689));
#5647=CARTESIAN_POINT('',(-2.7804138396,-4.2117367507,15.4871193816));
#5648=CARTESIAN_POINT('',(-2.7736621148,-4.2546761441,15.4744149779));
#5649=CARTESIAN_POINT('',(-2.7592934655,-4.3355005045,15.4381313691));
#5650=CARTESIAN_POINT('',(-2.7516777143,-4.3733785717,15.4145552622));
#5651=CARTESIAN_POINT('',(-2.7361134369,-4.4413783005,15.3582070668));
#5652=CARTESIAN_POINT('',(-2.7281661907,-4.4714941543,15.3254397841));
#5653=CARTESIAN_POINT('',(-2.7124963925,-4.5218198492,15.2530427554));
#5654=CARTESIAN_POINT('',(-2.7047751379,-4.5420253878,15.2134191811));
#5655=CARTESIAN_POINT('',(-2.6901008218,-4.5710863998,15.1301316738));
#5656=CARTESIAN_POINT('',(-2.6831489843,-4.5799393825,15.0864748397));
#5657=CARTESIAN_POINT('',(-2.6768269199,-4.5827995741,15.042352742));
#5658=CARTESIAN_POINT('',(-3.1599574868,-4.2518837919,15.4337928276));
#5659=CARTESIAN_POINT('',(-3.1454697565,-4.2951924735,15.4281137852));
#5660=CARTESIAN_POINT('',(-3.1301828529,-4.337418775,15.4162274414));
#5661=CARTESIAN_POINT('',(-3.0991490831,-4.4165437029,15.3809309523));
#5662=CARTESIAN_POINT('',(-3.08340514,-4.4534347921,15.3575241698));
#5663=CARTESIAN_POINT('',(-3.052636058,-4.5191106583,15.3009466168));
#5664=CARTESIAN_POINT('',(-3.0376138198,-4.5478891774,15.267781233));
#5665=CARTESIAN_POINT('',(-3.0094136187,-4.5951711191,15.1941807416));
#5666=CARTESIAN_POINT('',(-2.996238317,-4.6136700338,15.1537526395));
#5667=CARTESIAN_POINT('',(-2.9727198904,-4.6389970532,15.0686678184));
#5668=CARTESIAN_POINT('',(-2.9623789879,-4.6458227392,15.0240191974));
#5669=CARTESIAN_POINT('',(-2.9538423328,-4.6465542416,14.9789358824));
#5670=CARTESIAN_POINT('',(-3.3198376222,-4.3087544728,15.4026613838));
#5671=CARTESIAN_POINT('',(-3.3016993639,-4.3514466011,15.3975721839));
#5672=CARTESIAN_POINT('',(-3.2826987747,-4.3930118935,15.3861116937));
#5673=CARTESIAN_POINT('',(-3.2444252625,-4.4706884875,15.3513310672));
#5674=CARTESIAN_POINT('',(-3.2251561352,-4.5067919691,15.3280144295));
#5675=CARTESIAN_POINT('',(-3.1878266712,-4.5707488457,15.2713225165));
#5676=CARTESIAN_POINT('',(-3.1697700406,-4.5985957975,15.2379529362));
#5677=CARTESIAN_POINT('',(-3.1362546289,-4.6438811612,15.1637330161));
#5678=CARTESIAN_POINT('',(-3.1207991802,-4.6613150047,15.1228901283));
#5679=CARTESIAN_POINT('',(-3.0936764489,-4.6844203445,15.0368792663));
#5680=CARTESIAN_POINT('',(-3.0820118696,-4.6900895003,14.9917199262));
#5681=CARTESIAN_POINT('',(-3.0726914103,-4.6896553339,14.9461429508));
#5682=CARTESIAN_POINT('',(-3.4683409738,-4.3831928658,15.368191887));
#5683=CARTESIAN_POINT('',(-3.4464559599,-4.4248307008,15.36382442));
#5684=CARTESIAN_POINT('',(-3.4236397647,-4.4652843084,15.3528877961));
#5685=CARTESIAN_POINT('',(-3.3779562963,-4.5406116219,15.3187444482));
#5686=CARTESIAN_POINT('',(-3.355093919,-4.5754772548,15.2955413835));
#5687=CARTESIAN_POINT('',(-3.3111428291,-4.636844633,15.2387144688));
#5688=CARTESIAN_POINT('',(-3.2900588267,-4.6633398015,15.2050967091));
#5689=CARTESIAN_POINT('',(-3.25134768,-4.7058497537,15.1301213617));
#5690=CARTESIAN_POINT('',(-3.2337246844,-4.7218599818,15.0887718091));
#5691=CARTESIAN_POINT('',(-3.2033428663,-4.7421199549,15.0016315184));
#5692=CARTESIAN_POINT('',(-3.1905872999,-4.7463675288,14.9558501192));
#5693=CARTESIAN_POINT('',(-3.1807733823,-4.7445640911,14.9096746653));
#5694=B_SPLINE_SURFACE_WITH_KNOTS('',3,3,((#5526,#5527,#5528,#5529,#5530,#5531,#5532,#5533,#5534,#5535,#5536,#5537),
    (#5538,#5539,#5540,#5541,#5542,#5543,#5544,#5545,#5546,#5547,#5548,#5549),
    (#5550,#5551,#5552,#5553,#5554,#5555,#5556,#5557,#5558,#5559,#5560,#5561),
    (#5562,#5563,#5564,#5565,#5566,#5567,#5568,#5569,#5570,#5571,#5572,#5573),
    (#5574,#5575,#5576,#5577,#5578,#5579,#5580,#5581,#5582,#5583,#5584,#5585),
    (#5586,#5587,#5588,#5589,#5590,#5591,#5592,#5593,#5594,#5595,#5596,#5597),
    (#5598,#5599,#5600,#5601,#5602,#5603,#5604,#5605,#5606,#5607,#5608,#5609),
    (#5610,#5611,#5612,#5613,#5614,#5615,#5616,#5617,#5618,#5619,#5620,#5621),
    (#5622,#5623,#5624,#5625,#5626,#5627,#5628,#5629,#5630,#5631,#5632,#5633),
    (#5634,#5635,#5636,#5637,#5638,#5639,#5640,#5641,#5642,#5643,#5644,#5645),
    (#5646,#5647,#5648,#5649,#5650,#5651,#5652,#5653,#5654,#5655,#5656,#5657),
    (#5658,#5659,#5660,#5661,#5662,#5663,#5664,#5665,#5666,#5667,#5668,#5669),
    (#5670,#5671,#5672,#5673,#5674,#5675,#5676,#5677,#5678,#5679,#5680,#5681),
    (#5682,#5683,#5684,#5685,#5686,#5687,#5688,#5689,#5690,#5691,#5692,#5693)),.UNSPECIFIED.,.F.,.F.,.U.,
 (4,2,2,2,2,2,4),(4,2,2,2,2,4),(0.0,0.1463322919,0.3499981592,0.4783226063,0.6660526325,0.8537939303,1.0),(0.0,0.2,0.4,0.6,0.8,1.0),.UNSPECIFIED.);
#5695=ADVANCED_FACE('n° 1104',(#5525),#5694,.T.);
#5696=ORIENTED_EDGE('',*,*,#4914,.T.);
#5697=ORIENTED_EDGE('',*,*,#955,.F.);
#5698=CARTESIAN_POINT('',(3.3990849637,4.2956690468,14.8808078637));
#5699=DIRECTION('',(0.8753308913,0.4387660217,-0.2031753157));
#5700=DIRECTION('',(-0.4481125859,0.8939771308,0.0));
#5701=AXIS2_PLACEMENT_3D('',#5698,#5699,#5700);
#5702=CIRCLE('',#5701,0.5);
#5703=EDGE_CURVE('n° 1208',#1119,#930,#5702,.T.);
#5704=ORIENTED_EDGE('',*,*,#5703,.F.);
#5705=ORIENTED_EDGE('',*,*,#1135,.F.);
#5706=EDGE_LOOP('',(#5696,#5697,#5704,#5705));
#5707=FACE_OUTER_BOUND('',#5706,.T.);
#5708=CARTESIAN_POINT('',(0.6468825636,5.5518746158,15.3681918871));
#5709=CARTESIAN_POINT('',(0.6918154213,5.5658144267,15.3638303037));
#5710=CARTESIAN_POINT('',(0.7365693039,5.5782580382,15.3528978873));
#5711=CARTESIAN_POINT('',(0.8221654017,5.5991647677,15.3187594857));
#5712=CARTESIAN_POINT('',(0.8629984386,5.607625644,15.295557161));
#5713=CARTESIAN_POINT('',(0.9374921091,5.619890577,15.2387286626));
#5714=CARTESIAN_POINT('',(0.9711447551,5.6236933186,15.2051085825));
#5715=CARTESIAN_POINT('',(1.0285894532,5.6263373923,15.1301263894));
#5716=CARTESIAN_POINT('',(1.0523753459,5.6251784409,15.0887723165));
#5717=CARTESIAN_POINT('',(1.0881854809,5.617990589,15.0016219707));
#5718=CARTESIAN_POINT('',(1.1002058834,5.6119624593,14.9558350426));
#5719=CARTESIAN_POINT('',(1.1058643762,5.6037394599,14.909654233));
#5720=CARTESIAN_POINT('',(0.6991917964,5.3940614223,15.402701659));
#5721=CARTESIAN_POINT('',(0.7422921413,5.4112729911,15.3976444497));
#5722=CARTESIAN_POINT('',(0.7852052075,5.4270760099,15.3862068593));
#5723=CARTESIAN_POINT('',(0.8673552509,5.4546395732,15.35145323));
#5724=CARTESIAN_POINT('',(0.9065839727,5.4663972973,15.3281406969));
#5725=CARTESIAN_POINT('',(0.9783305552,5.4849510413,15.2714403819));
#5726=CARTESIAN_POINT('',(1.0108412042,5.491745151,15.2380583123));
#5727=CARTESIAN_POINT('',(1.0666354015,5.4998373623,15.1638014387));
#5728=CARTESIAN_POINT('',(1.0899133384,5.5011346133,15.1229341122));
#5729=CARTESIAN_POINT('',(1.1254388305,5.4981256513,15.0368688217));
#5730=CARTESIAN_POINT('',(1.1376828078,5.4938197145,14.9916795229));
#5731=CARTESIAN_POINT('',(1.1439361321,5.4868761403,14.9460734858));
#5732=CARTESIAN_POINT('',(0.7717825423,5.2399475333,15.4340216094));
#5733=CARTESIAN_POINT('',(0.8126746542,5.2603050301,15.4283474215));
#5734=CARTESIAN_POINT('',(0.8533665364,5.2793320695,15.4164645969));
#5735=CARTESIAN_POINT('',(0.9313061272,5.3132948412,15.3811724155));
#5736=CARTESIAN_POINT('',(0.9685464326,5.3282273128,15.3577664225));
#5737=CARTESIAN_POINT('',(1.0367825131,5.3528708198,15.3011880196));
#5738=CARTESIAN_POINT('',(1.0677718065,5.3625794834,15.2680209987));
#5739=CARTESIAN_POINT('',(1.1211748058,5.3760387125,15.1944154205));
#5740=CARTESIAN_POINT('',(1.1435834382,5.3797879742,15.1539838722));
#5741=CARTESIAN_POINT('',(1.1781385099,5.3810409685,15.0688911981));
#5742=CARTESIAN_POINT('',(1.1902816648,5.3785445641,15.0242381743));
#5743=CARTESIAN_POINT('',(1.1968360188,5.3730172522,14.9791504678));
#5744=CARTESIAN_POINT('',(0.9865583563,4.9010558783,15.4969885121));
#5745=CARTESIAN_POINT('',(1.0215759131,4.9282375209,15.4901008774));
#5746=CARTESIAN_POINT('',(1.0563535138,4.9542463179,15.4773450033));
#5747=CARTESIAN_POINT('',(1.1229789099,5.0020697503,15.4409997043));
#5748=CARTESIAN_POINT('',(1.1548211041,5.0238802864,15.4174133609));
#5749=CARTESIAN_POINT('',(1.2133213513,5.0617474407,15.3610808033));
#5750=CARTESIAN_POINT('',(1.2399744854,5.077800805,15.3283393584));
#5751=CARTESIAN_POINT('',(1.2862089255,5.1030032723,15.2560199394));
#5752=CARTESIAN_POINT('',(1.3057863422,5.1121501991,15.2164480845));
#5753=CARTESIAN_POINT('',(1.3364817346,5.122881155,15.1332760913));
#5754=CARTESIAN_POINT('',(1.3475971249,5.1244642415,15.089682989));
#5755=CARTESIAN_POINT('',(1.3540880838,5.1222060704,15.0456227676));
#5756=CARTESIAN_POINT('',(1.149596977,4.7218648404,15.5250131401));
#5757=CARTESIAN_POINT('',(1.1805804587,4.7526095799,15.5176027799));
#5758=CARTESIAN_POINT('',(1.2112930976,4.7822529667,15.5044733765));
#5759=CARTESIAN_POINT('',(1.270067127,4.837293034,15.4676805976));
#5760=CARTESIAN_POINT('',(1.298123816,4.8626852767,15.4440201796));
#5761=CARTESIAN_POINT('',(1.3496495481,4.9074629162,15.3878002014));
#5762=CARTESIAN_POINT('',(1.3731144703,4.9268447005,15.3552451591));
#5763=CARTESIAN_POINT('',(1.4138369333,4.9582569707,15.2834860544));
#5764=CARTESIAN_POINT('',(1.4310912177,4.9702849198,15.2442877577));
#5765=CARTESIAN_POINT('',(1.4582010582,4.9861539098,15.161951988));
#5766=CARTESIAN_POINT('',(1.4680544471,4.9899936653,15.1188211301));
#5767=CARTESIAN_POINT('',(1.4738680768,4.9896055552,15.0752117927));
#5768=CARTESIAN_POINT('',(1.4541264182,4.4874878973,15.5521072968));
#5769=CARTESIAN_POINT('',(1.4779720552,4.5230101092,15.5441952399));
#5770=CARTESIAN_POINT('',(1.5014858903,4.5575123233,15.5307077114));
#5771=CARTESIAN_POINT('',(1.5462747946,4.6221614091,15.4934864129));
#5772=CARTESIAN_POINT('',(1.5675464572,4.6523033455,15.4697554814));
#5773=CARTESIAN_POINT('',(1.6064193136,4.7061991303,15.4136447031));
#5774=CARTESIAN_POINT('',(1.624017551,4.7299488636,15.3812691346));
#5775=CARTESIAN_POINT('',(1.6543588876,4.7694579629,15.3100490171));
#5776=CARTESIAN_POINT('',(1.6670996796,4.7852143113,15.2712098983));
#5777=CARTESIAN_POINT('',(1.6868681835,4.8076728412,15.1896783801));
#5778=CARTESIAN_POINT('',(1.6938943927,4.8143733062,15.146992197));
#5779=CARTESIAN_POINT('',(1.6978273102,4.8163198925,15.1038170096));
#5780=CARTESIAN_POINT('',(1.5831453553,4.4093625059,15.5582711922));
#5781=CARTESIAN_POINT('',(1.6039388625,4.4465728981,15.5502424421));
#5782=CARTESIAN_POINT('',(1.6243740614,4.4827870366,15.5366720685));
#5783=CARTESIAN_POINT('',(1.6631660814,4.5508088991,15.4993525789));
#5784=CARTESIAN_POINT('',(1.6815199826,4.5826115003,15.4756062733));
#5785=CARTESIAN_POINT('',(1.7149205163,4.6396801818,15.4195232977));
#5786=CARTESIAN_POINT('',(1.7299646348,4.6649419641,15.3871908511));
#5787=CARTESIAN_POINT('',(1.755738096,4.7072365291,15.3160990862));
#5788=CARTESIAN_POINT('',(1.7664654989,4.7242661263,15.2773451215));
#5789=CARTESIAN_POINT('',(1.7828868404,4.7489547868,15.1960040846));
#5790=CARTESIAN_POINT('',(1.7885795433,4.7566119905,15.1534231377));
#5791=CARTESIAN_POINT('',(1.7915646299,4.7593268477,15.1103508302));
#5792=CARTESIAN_POINT('',(1.9166644633,4.2568786635,15.5619193253));
#5793=CARTESIAN_POINT('',(1.9299029522,4.2974582551,15.5538229457));
#5794=CARTESIAN_POINT('',(1.9427100907,4.3370792447,15.5402043704));
#5795=CARTESIAN_POINT('',(1.9666117513,4.4117723822,15.5028272833));
#5796=CARTESIAN_POINT('',(1.9777044894,4.4468389449,15.4790715658));
#5797=CARTESIAN_POINT('',(1.9974376932,4.5100829058,15.4230034724));
#5798=CARTESIAN_POINT('',(2.0060766863,4.5382555748,15.3906952881));
#5799=CARTESIAN_POINT('',(2.0203262552,4.5858310118,15.3196763263));
#5800=CARTESIAN_POINT('',(2.0259357679,4.605230222,15.280970858));
#5801=CARTESIAN_POINT('',(2.033752138,4.6339630656,15.1997384895));
#5802=CARTESIAN_POINT('',(2.0359584127,4.6432945501,15.1572176622));
#5803=CARTESIAN_POINT('',(2.0363896619,4.6472811605,15.1142041573));
#5804=CARTESIAN_POINT('',(2.1326676755,4.1981259315,15.5542375438));
#5805=CARTESIAN_POINT('',(2.1413583535,4.2401043052,15.546275024));
#5806=CARTESIAN_POINT('',(2.1495669146,4.2811300684,15.5327514256));
#5807=CARTESIAN_POINT('',(2.1644652699,4.3585329633,15.4954869618));
#5808=CARTESIAN_POINT('',(2.1711539094,4.3949042293,15.4717489231));
#5809=CARTESIAN_POINT('',(2.1825574885,4.4605542026,15.4156492008));
#5810=CARTESIAN_POINT('',(2.1872715404,4.4898279345,15.3832917713));
#5811=CARTESIAN_POINT('',(2.1944042212,4.5393152295,15.3121261505));
#5812=CARTESIAN_POINT('',(2.1968222898,4.5595250418,15.273323355));
#5813=CARTESIAN_POINT('',(2.1991964251,4.5895253353,15.1918731963));
#5814=CARTESIAN_POINT('',(2.1991522972,4.599313542,15.1492320082));
#5815=CARTESIAN_POINT('',(2.1978771759,4.6035623671,15.1061007644));
#5816=CARTESIAN_POINT('',(2.5647194106,4.153147551,15.520591169));
#5817=CARTESIAN_POINT('',(2.5637566176,4.1968455634,15.5132590002));
#5818=CARTESIAN_POINT('',(2.5621951379,4.239569033,15.5001856081));
#5819=CARTESIAN_POINT('',(2.5579772974,4.3201148483,15.4634602417));
#5820=CARTESIAN_POINT('',(2.5553212534,4.3579306731,15.439811243));
#5821=CARTESIAN_POINT('',(2.5490933016,4.4260351872,15.383575248));
#5822=CARTESIAN_POINT('',(2.5455218754,4.4563183627,15.350992807));
#5823=CARTESIAN_POINT('',(2.5377063649,4.5072539837,15.2791509627));
#5824=CARTESIAN_POINT('',(2.5334628944,4.5279023051,15.2398973784));
#5825=CARTESIAN_POINT('',(2.5245941194,4.558133032,15.1574377839));
#5826=CARTESIAN_POINT('',(2.5199695189,4.5677129889,15.1142384523));
#5827=CARTESIAN_POINT('',(2.5153132539,4.5714264053,15.070562368));
#5828=CARTESIAN_POINT('',(2.7864988255,4.1677935798,15.4939352689));
#5829=CARTESIAN_POINT('',(2.7804138396,4.2117367507,15.4871193816));
#5830=CARTESIAN_POINT('',(2.7736621148,4.2546761441,15.4744149779));
#5831=CARTESIAN_POINT('',(2.7592934655,4.3355005045,15.4381313691));
#5832=CARTESIAN_POINT('',(2.7516777143,4.3733785717,15.4145552622));
#5833=CARTESIAN_POINT('',(2.7361134369,4.4413783005,15.3582070668));
#5834=CARTESIAN_POINT('',(2.7281661907,4.4714941543,15.3254397841));
#5835=CARTESIAN_POINT('',(2.7124963925,4.5218198492,15.2530427554));
#5836=CARTESIAN_POINT('',(2.7047751379,4.5420253878,15.2134191811));
#5837=CARTESIAN_POINT('',(2.6901008218,4.5710863998,15.1301316738));
#5838=CARTESIAN_POINT('',(2.6831489843,4.5799393825,15.0864748397));
#5839=CARTESIAN_POINT('',(2.6768269199,4.5827995741,15.042352742));
#5840=CARTESIAN_POINT('',(3.1599574868,4.2518837919,15.4337928276));
#5841=CARTESIAN_POINT('',(3.1454697565,4.2951924735,15.4281137852));
#5842=CARTESIAN_POINT('',(3.1301828529,4.337418775,15.4162274414));
#5843=CARTESIAN_POINT('',(3.0991490831,4.4165437029,15.3809309523));
#5844=CARTESIAN_POINT('',(3.08340514,4.4534347921,15.3575241698));
#5845=CARTESIAN_POINT('',(3.052636058,4.5191106583,15.3009466168));
#5846=CARTESIAN_POINT('',(3.0376138198,4.5478891774,15.267781233));
#5847=CARTESIAN_POINT('',(3.0094136187,4.5951711191,15.1941807416));
#5848=CARTESIAN_POINT('',(2.996238317,4.6136700338,15.1537526395));
#5849=CARTESIAN_POINT('',(2.9727198904,4.6389970532,15.0686678184));
#5850=CARTESIAN_POINT('',(2.9623789879,4.6458227392,15.0240191974));
#5851=CARTESIAN_POINT('',(2.9538423328,4.6465542416,14.9789358824));
#5852=CARTESIAN_POINT('',(3.3198376222,4.3087544728,15.4026613838));
#5853=CARTESIAN_POINT('',(3.3016993639,4.3514466011,15.3975721839));
#5854=CARTESIAN_POINT('',(3.2826987747,4.3930118935,15.3861116937));
#5855=CARTESIAN_POINT('',(3.2444252625,4.4706884875,15.3513310672));
#5856=CARTESIAN_POINT('',(3.2251561352,4.5067919691,15.3280144295));
#5857=CARTESIAN_POINT('',(3.1878266712,4.5707488457,15.2713225165));
#5858=CARTESIAN_POINT('',(3.1697700406,4.5985957975,15.2379529362));
#5859=CARTESIAN_POINT('',(3.1362546289,4.6438811612,15.1637330161));
#5860=CARTESIAN_POINT('',(3.1207991802,4.6613150047,15.1228901283));
#5861=CARTESIAN_POINT('',(3.0936764489,4.6844203445,15.0368792663));
#5862=CARTESIAN_POINT('',(3.0820118696,4.6900895003,14.9917199262));
#5863=CARTESIAN_POINT('',(3.0726914103,4.6896553339,14.9461429508));
#5864=CARTESIAN_POINT('',(3.4683409738,4.3831928658,15.368191887));
#5865=CARTESIAN_POINT('',(3.4464559599,4.4248307008,15.36382442));
#5866=CARTESIAN_POINT('',(3.4236397647,4.4652843084,15.3528877961));
#5867=CARTESIAN_POINT('',(3.3779562963,4.5406116219,15.3187444482));
#5868=CARTESIAN_POINT('',(3.355093919,4.5754772548,15.2955413835));
#5869=CARTESIAN_POINT('',(3.3111428291,4.636844633,15.2387144688));
#5870=CARTESIAN_POINT('',(3.2900588267,4.6633398015,15.2050967091));
#5871=CARTESIAN_POINT('',(3.25134768,4.7058497537,15.1301213617));
#5872=CARTESIAN_POINT('',(3.2337246844,4.7218599818,15.0887718091));
#5873=CARTESIAN_POINT('',(3.2033428663,4.7421199549,15.0016315184));
#5874=CARTESIAN_POINT('',(3.1905872999,4.7463675288,14.9558501192));
#5875=CARTESIAN_POINT('',(3.1807733823,4.7445640911,14.9096746653));
#5876=B_SPLINE_SURFACE_WITH_KNOTS('',3,3,((#5708,#5709,#5710,#5711,#5712,#5713,#5714,#5715,#5716,#5717,#5718,#5719),
    (#5720,#5721,#5722,#5723,#5724,#5725,#5726,#5727,#5728,#5729,#5730,#5731),
    (#5732,#5733,#5734,#5735,#5736,#5737,#5738,#5739,#5740,#5741,#5742,#5743),
    (#5744,#5745,#5746,#5747,#5748,#5749,#5750,#5751,#5752,#5753,#5754,#5755),
    (#5756,#5757,#5758,#5759,#5760,#5761,#5762,#5763,#5764,#5765,#5766,#5767),
    (#5768,#5769,#5770,#5771,#5772,#5773,#5774,#5775,#5776,#5777,#5778,#5779),
    (#5780,#5781,#5782,#5783,#5784,#5785,#5786,#5787,#5788,#5789,#5790,#5791),
    (#5792,#5793,#5794,#5795,#5796,#5797,#5798,#5799,#5800,#5801,#5802,#5803),
    (#5804,#5805,#5806,#5807,#5808,#5809,#5810,#5811,#5812,#5813,#5814,#5815),
    (#5816,#5817,#5818,#5819,#5820,#5821,#5822,#5823,#5824,#5825,#5826,#5827),
    (#5828,#5829,#5830,#5831,#5832,#5833,#5834,#5835,#5836,#5837,#5838,#5839),
    (#5840,#5841,#5842,#5843,#5844,#5845,#5846,#5847,#5848,#5849,#5850,#5851),
    (#5852,#5853,#5854,#5855,#5856,#5857,#5858,#5859,#5860,#5861,#5862,#5863),
    (#5864,#5865,#5866,#5867,#5868,#5869,#5870,#5871,#5872,#5873,#5874,#5875)),.UNSPECIFIED.,.F.,.F.,.U.,
 (4,2,2,2,2,2,4),(4,2,2,2,2,4),(0.0,0.1463322919,0.3499981592,0.4783226063,0.6660526325,0.8537939303,1.0),(0.0,0.2,0.4,0.6,0.8,1.0),.UNSPECIFIED.);
#5877=ADVANCED_FACE('n° 1106',(#5707),#5876,.T.);
#5878=ORIENTED_EDGE('',*,*,#4906,.T.);
#5879=ORIENTED_EDGE('',*,*,#1186,.F.);
#5880=CARTESIAN_POINT('',(3.3990849637,4.2956690468,14.8808078637));
#5881=DIRECTION('',(0.0253381465,-0.0518763613,0.9983320197));
#5882=DIRECTION('',(0.0,-0.9986526494,-0.0518930222));
#5883=AXIS2_PLACEMENT_3D('',#5880,#5881,#5882);
#5884=CIRCLE('',#5883,0.5);
#5885=EDGE_CURVE('n° 1209',#552,#1119,#5884,.T.);
#5886=ORIENTED_EDGE('',*,*,#5885,.F.);
#5887=ORIENTED_EDGE('',*,*,#602,.F.);
#5888=EDGE_LOOP('',(#5878,#5879,#5886,#5887));
#5889=FACE_OUTER_BOUND('',#5888,.T.);
#5890=CARTESIAN_POINT('',(3.7092467736,4.687642897,14.8933039572));
#5891=CARTESIAN_POINT('',(3.6799430444,4.7107683867,14.8952493705));
#5892=CARTESIAN_POINT('',(3.6480294027,4.7305930106,14.8970895017));
#5893=CARTESIAN_POINT('',(3.5805755971,4.7626507739,14.9004673303));
#5894=CARTESIAN_POINT('',(3.5450382711,4.7748825646,14.9020048857));
#5895=CARTESIAN_POINT('',(3.4721169892,4.7911412865,14.9047005153));
#5896=CARTESIAN_POINT('',(3.4347361013,4.7951675336,14.9058584762));
#5897=CARTESIAN_POINT('',(3.3600000888,4.7948127882,14.9077368784));
#5898=CARTESIAN_POINT('',(3.3226481084,4.7904318105,14.9084572407));
#5899=CARTESIAN_POINT('',(3.2498410137,4.7734813676,14.9094243233));
#5900=CARTESIAN_POINT('',(3.2143889625,4.7609126154,14.9096710029));
#5901=CARTESIAN_POINT('',(3.1807733869,4.7445640828,14.909674663));
#5902=CARTESIAN_POINT('',(3.7082545369,4.6895146149,14.859220468));
#5903=CARTESIAN_POINT('',(3.6789817923,4.7126001255,14.861166388));
#5904=CARTESIAN_POINT('',(3.6471070718,4.7323926164,14.8630073031));
#5905=CARTESIAN_POINT('',(3.5797408927,4.7644059856,14.8663874543));
#5906=CARTESIAN_POINT('',(3.5442522534,4.776625524,14.8679265488));
#5907=CARTESIAN_POINT('',(3.471431045,4.7928818315,14.8706261356));
#5908=CARTESIAN_POINT('',(3.4341015235,4.7969179202,14.8717865148));
#5909=CARTESIAN_POINT('',(3.359463483,4.7966049873,14.873670663));
#5910=CARTESIAN_POINT('',(3.3221580875,4.7922559787,14.8743943531));
#5911=CARTESIAN_POINT('',(3.2494321827,4.7753894343,14.8753689284));
#5912=CARTESIAN_POINT('',(3.214014717,4.7628726044,14.8756197727));
#5913=CARTESIAN_POINT('',(3.1804245515,4.7465838545,14.8756279281));
#5914=CARTESIAN_POINT('',(3.7072577896,4.6913887257,14.825136113));
#5915=CARTESIAN_POINT('',(3.6780160839,4.714434242,14.8270825368));
#5916=CARTESIAN_POINT('',(3.6461803256,4.7341945809,14.8289242328));
#5917=CARTESIAN_POINT('',(3.5789018461,4.7661634957,14.8323066999));
#5918=CARTESIAN_POINT('',(3.5434619259,4.7783707406,14.8338473301));
#5919=CARTESIAN_POINT('',(3.4707408688,4.7946245251,14.8365508672));
#5920=CARTESIAN_POINT('',(3.4334627594,4.798670388,14.8377136616));
#5921=CARTESIAN_POINT('',(3.3589228183,4.7983991128,14.8396035504));
#5922=CARTESIAN_POINT('',(3.3216640896,4.794081986,14.8403305662));
#5923=CARTESIAN_POINT('',(3.2490195936,4.7772991634,14.8413126324));
#5924=CARTESIAN_POINT('',(3.2136368504,4.7648341663,14.8415676419));
#5925=CARTESIAN_POINT('',(3.1800722654,4.7486051218,14.8415802949));
#5926=CARTESIAN_POINT('',(3.6681128045,4.7647507704,13.492569459));
#5927=CARTESIAN_POINT('',(3.6400866246,4.7862321772,13.4945354681));
#5928=CARTESIAN_POINT('',(3.6097756356,4.8047348254,13.4964075679));
#5929=CARTESIAN_POINT('',(3.5459284943,4.8349634864,13.4998803121));
#5930=CARTESIAN_POINT('',(3.5123944277,4.8466885125,13.5014808406));
#5931=CARTESIAN_POINT('',(3.4435916645,4.8628393706,13.5043385431));
#5932=CARTESIAN_POINT('',(3.4083252138,4.8672646688,13.5055956211));
#5933=CARTESIAN_POINT('',(3.3376252867,4.8686158204,13.5077097145));
#5934=CARTESIAN_POINT('',(3.3021941196,4.865541616,13.5085666582));
#5935=CARTESIAN_POINT('',(3.2327407228,4.8520247669,13.5098414965));
#5936=CARTESIAN_POINT('',(3.1987207664,4.8415825432,13.5102593466));
#5937=CARTESIAN_POINT('',(3.1661628743,4.8276845015,13.5104479184));
#5938=CARTESIAN_POINT('',(3.6236207104,4.8395474738,12.1943636697));
#5939=CARTESIAN_POINT('',(3.596851649,4.8594872873,12.1963447045));
#5940=CARTESIAN_POINT('',(3.5680797044,4.8767405671,12.1982419199));
#5941=CARTESIAN_POINT('',(3.507668974,4.905192486,12.2017929994));
#5942=CARTESIAN_POINT('',(3.4760317612,4.9163903852,12.2034467694));
#5943=CARTESIAN_POINT('',(3.4111451564,4.932286571,12.2064446317));
#5944=CARTESIAN_POINT('',(3.3778974526,4.9369844408,12.2077886442));
#5945=CARTESIAN_POINT('',(3.3111083075,4.9396917183,12.2101128818));
#5946=CARTESIAN_POINT('',(3.2775686042,4.9377010485,12.2110930446));
#5947=CARTESIAN_POINT('',(3.2115260227,4.9271059884,12.2126498353));
#5948=CARTESIAN_POINT('',(3.1790248651,4.9185018629,12.2132264206));
#5949=CARTESIAN_POINT('',(3.1476873879,4.90675864,12.2135893378));
#5950=CARTESIAN_POINT('',(3.5158868693,4.9979039273,9.5990653357));
#5951=CARTESIAN_POINT('',(3.4919282272,5.0146564659,9.6010713929));
#5952=CARTESIAN_POINT('',(3.4664970352,5.0293045512,9.6030132163));
#5953=CARTESIAN_POINT('',(3.413460341,5.0539494222,9.6067088488));
#5954=CARTESIAN_POINT('',(3.3858556339,5.0639458394,9.6084626006));
#5955=CARTESIAN_POINT('',(3.3293092275,5.0789833998,9.6117280583));
#5956=CARTESIAN_POINT('',(3.3003683746,5.0840243141,9.6132397131));
#5957=CARTESIAN_POINT('',(3.2420273657,5.0889953044,9.6159742122));
#5958=CARTESIAN_POINT('',(3.2126280835,5.0889252977,9.6171970134));
#5959=CARTESIAN_POINT('',(3.154262378,5.0836719869,9.6193157256));
#5960=CARTESIAN_POINT('',(3.1252968309,5.0784887488,9.6202116025));
#5961=CARTESIAN_POINT('',(3.0969878565,5.0708243119,9.620929919));
#5962=CARTESIAN_POINT('',(3.4531146152,5.0812741665,8.3018223674));
#5963=CARTESIAN_POINT('',(3.4306983699,5.0963855748,8.3038384108));
#5964=CARTESIAN_POINT('',(3.4070580531,5.1096822814,8.3057997148));
#5965=CARTESIAN_POINT('',(3.357937331,5.1323055968,8.309561541));
#5966=CARTESIAN_POINT('',(3.3324574566,5.1416319617,8.3113620211));
#5967=CARTESIAN_POINT('',(3.2803133378,5.1560741093,8.3147548921));
#5968=CARTESIAN_POINT('',(3.2536496563,5.1611897345,8.3163472449));
#5969=CARTESIAN_POINT('',(3.1998238727,5.1670768215,8.3192818446));
#5970=CARTESIAN_POINT('',(3.1726623517,5.1678482159,8.3206240581));
#5971=CARTESIAN_POINT('',(3.118539854,5.1650235495,8.323022727));
#5972=CARTESIAN_POINT('',(3.0915794622,5.1614275133,8.3240791546));
#5973=CARTESIAN_POINT('',(3.0650665598,5.1556915716,8.3249785166));
#5974=CARTESIAN_POINT('',(3.3149073673,5.2382387206,6.0627487593));
#5975=CARTESIAN_POINT('',(3.2957286033,5.2502840586,6.0647794407));
#5976=CARTESIAN_POINT('',(3.2757283013,5.2610238219,6.0667715522));
#5977=CARTESIAN_POINT('',(3.2344484026,5.2796976762,6.0706418652));
#5978=CARTESIAN_POINT('',(3.2131690257,5.2876316682,6.0725200453));
#5979=CARTESIAN_POINT('',(3.1697180169,5.3005494018,6.076127719));
#5980=CARTESIAN_POINT('',(3.147546616,5.3055330736,6.0778571926));
#5981=CARTESIAN_POINT('',(3.1027146692,5.3124583241,6.08113534));
#5982=CARTESIAN_POINT('',(3.0800543617,5.3143998635,6.0826839955));
#5983=CARTESIAN_POINT('',(3.0346567284,5.3152033801,6.0855716364));
#5984=CARTESIAN_POINT('',(3.0119196444,5.3140653492,6.0869106054));
#5985=CARTESIAN_POINT('',(2.989351015,5.311396345,6.0881321873));
#5986=CARTESIAN_POINT('',(3.2482690567,5.3080352402,5.1200065128));
#5987=CARTESIAN_POINT('',(3.2306131917,5.3187251119,5.1220425674));
#5988=CARTESIAN_POINT('',(3.212297212,5.3283264616,5.1240467918));
#5989=CARTESIAN_POINT('',(3.1746171203,5.3452101496,5.1279610233));
#5990=CARTESIAN_POINT('',(3.1552531421,5.3524924282,5.1298710157));
#5991=CARTESIAN_POINT('',(3.1157646452,5.3646296259,5.1335675682));
#5992=CARTESIAN_POINT('',(3.0956402665,5.3694845016,5.1353541143));
#5993=CARTESIAN_POINT('',(3.0549296874,5.3766938672,5.1387763576));
#5994=CARTESIAN_POINT('',(3.0343436312,5.3790483304,5.1404120418));
#5995=CARTESIAN_POINT('',(2.9930152699,5.38122022,5.1435073438));
#5996=CARTESIAN_POINT('',(2.9722731113,5.381037637,5.1449669498));
#5997=CARTESIAN_POINT('',(2.9516068559,5.3795866682,5.1463271986));
#5998=CARTESIAN_POINT('',(3.1111306021,5.4313807601,3.6412055642));
#5999=CARTESIAN_POINT('',(3.096562295,5.4396490949,3.6432490291));
#6000=CARTESIAN_POINT('',(3.0815735996,5.447180155,3.6452712747));
#6001=CARTESIAN_POINT('',(3.0509055376,5.4606925732,3.6492527617));
#6002=CARTESIAN_POINT('',(3.0352262202,5.4666739097,3.6512119966));
#6003=CARTESIAN_POINT('',(3.0033338968,5.4770269191,3.6550475033));
#6004=CARTESIAN_POINT('',(2.987120942,5.4813985751,3.6569237686));
#6005=CARTESIAN_POINT('',(2.954323602,5.4884880829,3.6605741938));
#6006=CARTESIAN_POINT('',(2.9377392693,5.4912059228,3.6623483474));
#6007=CARTESIAN_POINT('',(2.9043651485,5.4949599081,3.6657764122));
#6008=CARTESIAN_POINT('',(2.8875754138,5.4959960468,3.6674303175));
#6009=CARTESIAN_POINT('',(2.870767,5.4961856572,3.6690156259));
#6010=CARTESIAN_POINT('',(3.0548899442,5.4789541171,3.1033628046));
#6011=CARTESIAN_POINT('',(3.0415986932,5.4862743317,3.1054087723));
#6012=CARTESIAN_POINT('',(3.0279722048,5.4929887318,3.1074374293));
#6013=CARTESIAN_POINT('',(3.0001587164,5.5051519375,3.1114432823));
#6014=CARTESIAN_POINT('',(2.9859717455,5.5106007305,3.113420474));
#6015=CARTESIAN_POINT('',(2.9571517325,5.5201887208,3.1173069548));
#6016=CARTESIAN_POINT('',(2.9425187204,5.524327908,3.1192162396));
#6017=CARTESIAN_POINT('',(2.9129246004,5.5312630215,3.1229510009));
#6018=CARTESIAN_POINT('',(2.8979635233,5.5340589404,3.1247764734));
#6019=CARTESIAN_POINT('',(2.8678338692,5.5382844498,3.1283283668));
#6020=CARTESIAN_POINT('',(2.8526653236,5.5397140357,3.1300547839));
#6021=CARTESIAN_POINT('',(2.8374541693,5.5404543137,3.1317244452));
#6022=CARTESIAN_POINT('',(2.9406809062,5.5643461033,2.2638220491));
#6023=CARTESIAN_POINT('',(2.9299013128,5.5699748508,2.2658712873));
#6024=CARTESIAN_POINT('',(2.9189108243,5.5752030111,2.2679092072));
#6025=CARTESIAN_POINT('',(2.8965667138,5.5848303417,2.2719513466));
#6026=CARTESIAN_POINT('',(2.8852131019,5.5892295077,2.2739555642));
#6027=CARTESIAN_POINT('',(2.8622033177,5.5971753605,2.2779194075));
#6028=CARTESIAN_POINT('',(2.8505471559,5.6007220438,2.2798790312));
#6029=CARTESIAN_POINT('',(2.8269944337,5.6069438979,2.2837430285));
#6030=CARTESIAN_POINT('',(2.8150978841,5.6096190659,2.2856474001));
#6031=CARTESIAN_POINT('',(2.7911278203,5.6140834101,2.2893905241));
#6032=CARTESIAN_POINT('',(2.7790543169,5.6158725843,2.2912292746));
#6033=CARTESIAN_POINT('',(2.766924523,5.6172138375,2.2930302028));
#6034=CARTESIAN_POINT('',(2.894297546,5.5973733448,1.9601092787));
#6035=CARTESIAN_POINT('',(2.8845218671,5.6023518453,1.9621595716));
#6036=CARTESIAN_POINT('',(2.8745783635,5.6070037317,1.9642006839));
#6037=CARTESIAN_POINT('',(2.8543981884,5.6156344735,1.9682555567));
#6038=CARTESIAN_POINT('',(2.8441615228,5.6196133264,1.9702693159));
#6039=CARTESIAN_POINT('',(2.8234387406,5.6268810039,1.9742606031));
#6040=CARTESIAN_POINT('',(2.8129526299,5.6301698263,1.9762381299));
#6041=CARTESIAN_POINT('',(2.7917757186,5.6360433267,1.9801482246));
#6042=CARTESIAN_POINT('',(2.7810849241,5.6386280029,1.9820807912));
#6043=CARTESIAN_POINT('',(2.7595442675,5.6430820337,1.9858924255));
#6044=CARTESIAN_POINT('',(2.7486944117,5.6449513869,1.9877714919));
#6045=CARTESIAN_POINT('',(2.7377881707,5.6464589832,1.9896196507));
#6046=CARTESIAN_POINT('',(2.801028482,5.6574474648,1.4897465636));
#6047=CARTESIAN_POINT('',(2.7932248344,5.6612480056,1.4917983856));
#6048=CARTESIAN_POINT('',(2.7853164817,5.6648363928,1.4938442929));
#6049=CARTESIAN_POINT('',(2.7693123965,5.6715788921,1.4979184708));
#6050=CARTESIAN_POINT('',(2.7612166661,5.6747330035,1.4999467408));
#6051=CARTESIAN_POINT('',(2.7448603702,5.6805981658,1.5039798839));
#6052=CARTESIAN_POINT('',(2.7365998068,5.683309216,1.5059847564));
#6053=CARTESIAN_POINT('',(2.7199368403,5.6882806779,1.5099654081));
#6054=CARTESIAN_POINT('',(2.7115344393,5.6905410889,1.5119411866));
#6055=CARTESIAN_POINT('',(2.6946111829,5.6946049221,1.5158580333));
#6056=CARTESIAN_POINT('',(2.6860903295,5.6964083437,1.5177991008));
#6057=CARTESIAN_POINT('',(2.6775221056,5.697980718,1.5197200518));
#6058=CARTESIAN_POINT('',(2.7635144208,5.6806980836,1.3207794978));
#6059=CARTESIAN_POINT('',(2.7564968799,5.6840436774,1.3228318466));
#6060=CARTESIAN_POINT('',(2.7493965694,5.6872182132,1.3248794445));
#6061=CARTESIAN_POINT('',(2.7350460407,5.6932182041,1.3289604696));
#6062=CARTESIAN_POINT('',(2.7277958235,5.6960436587,1.3309938964));
#6063=CARTESIAN_POINT('',(2.7131614369,5.7013392718,1.3350419397));
#6064=CARTESIAN_POINT('',(2.7057772687,5.70380943,1.3370565559));
#6065=CARTESIAN_POINT('',(2.6908912244,5.708388999,1.3410623792));
#6066=CARTESIAN_POINT('',(2.6833893494,5.7104984095,1.3430535859));
#6067=CARTESIAN_POINT('',(2.6682843904,5.7143518073,1.3470080417));
#6068=CARTESIAN_POINT('',(2.6606813074,5.7160957943,1.3489712904));
#6069=CARTESIAN_POINT('',(2.6530359792,5.7176551244,1.350918316));
#6070=CARTESIAN_POINT('',(2.687959915,5.7237760944,1.062768938));
#6071=CARTESIAN_POINT('',(2.6825054253,5.7262774269,1.0648221139));
#6072=CARTESIAN_POINT('',(2.6770002794,5.7286705985,1.0668723039));
#6073=CARTESIAN_POINT('',(2.6658963921,5.7332372747,1.0709637735));
#6074=CARTESIAN_POINT('',(2.6602976511,5.7354107792,1.073005053));
#6075=CARTESIAN_POINT('',(2.6490144188,5.7395350766,1.0770757749));
#6076=CARTESIAN_POINT('',(2.643329928,5.7414858695,1.0791052172));
#6077=CARTESIAN_POINT('',(2.6318831595,5.7451620039,1.0831493542));
#6078=CARTESIAN_POINT('',(2.6261208821,5.7468873454,1.0851640488));
#6079=CARTESIAN_POINT('',(2.6145266106,5.7501101458,1.0891758003));
#6080=CARTESIAN_POINT('',(2.608694617,5.7516076047,1.091172857));
#6081=CARTESIAN_POINT('',(2.6028318484,5.7529900625,1.0931596618));
#6082=CARTESIAN_POINT('',(2.6577256994,5.7404969447,0.9708868433));
#6083=CARTESIAN_POINT('',(2.6528936776,5.7426704831,0.9729403175));
#6084=CARTESIAN_POINT('',(2.6480221485,5.7447582898,0.9749914317));
#6085=CARTESIAN_POINT('',(2.6382053603,5.748760183,0.9790866164));
#6086=CARTESIAN_POINT('',(2.6332601014,5.7506742695,0.9811306869));
#6087=CARTESIAN_POINT('',(2.6233012162,5.7543266502,0.9852094677));
#6088=CARTESIAN_POINT('',(2.6182875901,5.7560649444,0.9872441779));
#6089=CARTESIAN_POINT('',(2.6081974063,5.7593638544,0.9913019316));
#6090=CARTESIAN_POINT('',(2.6031208487,5.7609244703,0.993324975));
#6091=CARTESIAN_POINT('',(2.5929103042,5.7638663265,0.997357101));
#6092=CARTESIAN_POINT('',(2.5877763175,5.7652475668,0.9993661834));
#6093=CARTESIAN_POINT('',(2.5826163981,5.7665383656,1.0013671457));
#6094=CARTESIAN_POINT('',(2.5961798475,5.7722076785,0.8346859776));
#6095=CARTESIAN_POINT('',(2.5926066796,5.7737563421,0.8367399402));
#6096=CARTESIAN_POINT('',(2.5890100196,5.775252649,0.8387924681));
#6097=CARTESIAN_POINT('',(2.5817721204,5.7781395522,0.842893241));
#6098=CARTESIAN_POINT('',(2.5781308814,5.7795301485,0.8449414859));
#6099=CARTESIAN_POINT('',(2.5708062583,5.7822047022,0.8490322817));
#6100=CARTESIAN_POINT('',(2.5671228744,5.7834886597,0.8510748326));
#6101=CARTESIAN_POINT('',(2.5597164234,5.7859490773,0.8551528332));
#6102=CARTESIAN_POINT('',(2.5559933564,5.7871255373,0.8571882828));
#6103=CARTESIAN_POINT('',(2.5485100271,5.7893701714,0.8612506782));
#6104=CARTESIAN_POINT('',(2.5447497648,5.7904383454,0.8632776239));
#6105=CARTESIAN_POINT('',(2.5409721609,5.7914520174,0.8652996191));
#6106=CARTESIAN_POINT('',(2.5713672217,5.7846790471,0.7866164532));
#6107=CARTESIAN_POINT('',(2.5683003185,5.7859815537,0.7886705971));
#6108=CARTESIAN_POINT('',(2.5652154622,5.7872435117,0.7907236324));
#6109=CARTESIAN_POINT('',(2.5590113938,5.7896856997,0.7948263929));
#6110=CARTESIAN_POINT('',(2.5558921816,5.7908659297,0.7968761181));
#6111=CARTESIAN_POINT('',(2.5496209687,5.7931440711,0.8009711674));
#6112=CARTESIAN_POINT('',(2.546468968,5.7942419826,0.8030164914));
#6113=CARTESIAN_POINT('',(2.5401337616,5.7963549375,0.8071016492));
#6114=CARTESIAN_POINT('',(2.536950556,5.7973699809,0.809141483));
#6115=CARTESIAN_POINT('',(2.5305545388,5.7993166915,0.8132145742));
#6116=CARTESIAN_POINT('',(2.5273417274,5.8002483586,0.8152478315));
#6117=CARTESIAN_POINT('',(2.5241149201,5.8011381041,0.8172772592));
#6118=CARTESIAN_POINT('',(2.5253462874,5.8064397392,0.7273453844));
#6119=CARTESIAN_POINT('',(2.5232157957,5.8073095679,0.7293997948));
#6120=CARTESIAN_POINT('',(2.5210740382,5.8081534661,0.7314534984));
#6121=CARTESIAN_POINT('',(2.5167687028,5.8097891219,0.7355587951));
#6122=CARTESIAN_POINT('',(2.5146051249,5.8105808795,0.7376103882));
#6123=CARTESIAN_POINT('',(2.5102568677,5.8121119918,0.7417107675));
#6124=CARTESIAN_POINT('',(2.5080721883,5.8128513464,0.7437595538));
#6125=CARTESIAN_POINT('',(2.5036824537,5.8142774076,0.7478536243));
#6126=CARTESIAN_POINT('',(2.5014773984,5.8149641142,0.7498989085));
#6127=CARTESIAN_POINT('',(2.4970476444,5.8162846516,0.7539852807));
#6128=CARTESIAN_POINT('',(2.4948229457,5.8169184824,0.7560263686));
#6129=CARTESIAN_POINT('',(2.4925887947,5.8175257702,0.7580650121));
#6130=CARTESIAN_POINT('',(2.5104424342,5.8133554773,0.711016796));
#6131=CARTESIAN_POINT('',(2.5086149565,5.8140874714,0.7130712861));
#6132=CARTESIAN_POINT('',(2.5067780354,5.8147975705,0.71512518));
#6133=CARTESIAN_POINT('',(2.503085817,5.8161737821,0.7192311878));
#6134=CARTESIAN_POINT('',(2.5012305196,5.8168398946,0.7212833016));
#6135=CARTESIAN_POINT('',(2.4975020641,5.8181279485,0.7253851618));
#6136=CARTESIAN_POINT('',(2.4956289061,5.81874989,0.7274349082));
#6137=CARTESIAN_POINT('',(2.4918652498,5.81994943,0.7315314469));
#6138=CARTESIAN_POINT('',(2.4899747517,5.8205270286,0.7335782392));
#6139=CARTESIAN_POINT('',(2.4861769406,5.8216377231,0.7376682837));
#6140=CARTESIAN_POINT('',(2.4842696278,5.822170819,0.739711536));
#6141=CARTESIAN_POINT('',(2.4823541727,5.8226815901,0.7417527258));
#6142=CARTESIAN_POINT('',(2.4820941546,5.8260980372,0.6889341577));
#6143=CARTESIAN_POINT('',(2.4808427273,5.8265748296,0.6909887764));
#6144=CARTESIAN_POINT('',(2.4795843061,5.827035194,0.6930429488));
#6145=CARTESIAN_POINT('',(2.4770537392,5.827922971,0.6971499605));
#6146=CARTESIAN_POINT('',(2.4757815935,5.8283503835,0.6992027998));
#6147=CARTESIAN_POINT('',(2.4732238438,5.8291721679,0.7033067056));
#6148=CARTESIAN_POINT('',(2.4719382398,5.8295665397,0.705357772));
#6149=CARTESIAN_POINT('',(2.4693538425,5.8303221605,0.7094576923));
#6150=CARTESIAN_POINT('',(2.4680550491,5.8306834095,0.7115065461));
#6151=CARTESIAN_POINT('',(2.4654445448,5.8313727097,0.7156016022));
#6152=CARTESIAN_POINT('',(2.4641328338,5.8317007609,0.7176478044));
#6153=CARTESIAN_POINT('',(2.4628148013,5.8320121793,0.7196924615));
#6154=CARTESIAN_POINT('',(2.4697298789,5.8315600621,0.6813894173));
#6155=CARTESIAN_POINT('',(2.4687296299,5.8319271665,0.6834440868));
#6156=CARTESIAN_POINT('',(2.4677232192,5.8322797139,0.6854983611));
#6157=CARTESIAN_POINT('',(2.465698261,5.8329556294,0.6896057296));
#6158=CARTESIAN_POINT('',(2.4646797134,5.8332789977,0.6916588238));
#6159=CARTESIAN_POINT('',(2.4626306703,5.8338964955,0.6957634424));
#6160=CARTESIAN_POINT('',(2.4616001747,5.834190625,0.6978149669));
#6161=CARTESIAN_POINT('',(2.4595274266,5.8347495914,0.7019160569));
#6162=CARTESIAN_POINT('',(2.4584851741,5.8350144282,0.7039656223));
#6163=CARTESIAN_POINT('',(2.4563891055,5.8355147607,0.7080624054));
#6164=CARTESIAN_POINT('',(2.4553352894,5.8357502563,0.7101096231));
#6165=CARTESIAN_POINT('',(2.4542757892,5.8359710599,0.7121554725));
#6166=CARTESIAN_POINT('',(2.4461516432,5.8417226548,0.6725252604));
#6167=CARTESIAN_POINT('',(2.4456304218,5.8418847835,0.6745800114));
#6168=CARTESIAN_POINT('',(2.4451040261,5.8420345507,0.6766344273));
#6169=CARTESIAN_POINT('',(2.4440409683,5.8423093389,0.6807422587));
#6170=CARTESIAN_POINT('',(2.4435043062,5.8424343599,0.6827956741));
#6171=CARTESIAN_POINT('',(2.4424207991,5.8426596368,0.6869011741));
#6172=CARTESIAN_POINT('',(2.4418739542,5.8427598927,0.6889532587));
#6173=CARTESIAN_POINT('',(2.4407701668,5.8429356243,0.6930557671));
#6174=CARTESIAN_POINT('',(2.4402132244,5.8430111,0.6951061908));
#6175=CARTESIAN_POINT('',(2.4390893291,5.8431372601,0.6992050475));
#6176=CARTESIAN_POINT('',(2.4385223761,5.8431879445,0.7012534805));
#6177=CARTESIAN_POINT('',(2.4379504621,5.8432262296,0.7033007533));
#6178=CARTESIAN_POINT('',(2.4350769789,5.8464128581,0.6701750363));
#6179=CARTESIAN_POINT('',(2.4347807731,5.8464800857,0.6722298204));
#6180=CARTESIAN_POINT('',(2.4344796605,5.8465355321,0.6742842854));
#6181=CARTESIAN_POINT('',(2.4338676676,5.8466228544,0.6783922627));
#6182=CARTESIAN_POINT('',(2.4335567874,5.8466547302,0.6804457749));
#6183=CARTESIAN_POINT('',(2.4329253068,5.8466949064,0.6845515319));
#6184=CARTESIAN_POINT('',(2.4326047063,5.8467032068,0.6866037767));
#6185=CARTESIAN_POINT('',(2.4319538342,5.8466962311,0.6907066845));
#6186=CARTESIAN_POINT('',(2.4316235624,5.8466809549,0.6927573476));
#6187=CARTESIAN_POINT('',(2.430953398,5.8466268283,0.6968567777));
#6188=CARTESIAN_POINT('',(2.4306135053,5.846587978,0.6989055448));
#6189=CARTESIAN_POINT('',(2.4302688281,5.8465373436,0.700953207));
#6190=CARTESIAN_POINT('',(2.4129546226,5.8555943441,0.6695711921));
#6191=CARTESIAN_POINT('',(2.4131080836,5.8554750458,0.6716260297));
#6192=CARTESIAN_POINT('',(2.4132567447,5.8553440992,0.6736805523));
#6193=CARTESIAN_POINT('',(2.4135444446,5.8550589293,0.6777886569));
#6194=CARTESIAN_POINT('',(2.4136834834,5.854904706,0.6798422389));
#6195=CARTESIAN_POINT('',(2.4139519174,5.8545730061,0.6839481516));
#6196=CARTESIAN_POINT('',(2.4140813125,5.8543955294,0.6860004825));
#6197=CARTESIAN_POINT('',(2.4143304394,5.8540173498,0.6901035825));
#6198=CARTESIAN_POINT('',(2.4144501712,5.8538166467,0.6921543518));
#6199=CARTESIAN_POINT('',(2.414679953,5.8533920447,0.6962540187));
#6200=CARTESIAN_POINT('',(2.414790003,5.8531681458,0.6983029163));
#6201=CARTESIAN_POINT('',(2.4148952038,5.8529326658,0.7003507232));
#6202=CARTESIAN_POINT('',(2.4016569548,5.8601883331,0.6713335808));
#6203=CARTESIAN_POINT('',(2.4020401551,5.8599753172,0.6733884392));
#6204=CARTESIAN_POINT('',(2.4024183944,5.8597502007,0.6754429706));
#6205=CARTESIAN_POINT('',(2.4031648941,5.8592758007,0.6795510571));
#6206=CARTESIAN_POINT('',(2.4035331545,5.8590265172,0.6816046121));
#6207=CARTESIAN_POINT('',(2.404259641,5.8585038215,0.6857104233));
#6208=CARTESIAN_POINT('',(2.4046178671,5.8582304093,0.6877626795));
#6209=CARTESIAN_POINT('',(2.4053242311,5.857659498,0.6918655709));
#6210=CARTESIAN_POINT('',(2.4056723691,5.8573619989,0.6939162061));
#6211=CARTESIAN_POINT('',(2.4063585045,5.8567429596,0.6980155337));
#6212=CARTESIAN_POINT('',(2.406696502,5.8564214193,0.7000642261));
#6213=CARTESIAN_POINT('',(2.4070294039,5.8560878832,0.7021117862));
#6214=CARTESIAN_POINT('',(2.3773653663,5.8698814089,0.679155423));
#6215=CARTESIAN_POINT('',(2.3782428815,5.8694698258,0.681210312));
#6216=CARTESIAN_POINT('',(2.3791146841,5.8690441452,0.6832648208));
#6217=CARTESIAN_POINT('',(2.3808467087,5.8681646653,0.6873727026));
#6218=CARTESIAN_POINT('',(2.3817069308,5.867710866,0.6894260757));
#6219=CARTESIAN_POINT('',(2.3834156416,5.8667752296,0.6935313113));
#6220=CARTESIAN_POINT('',(2.3842641302,5.8662933927,0.6955831738));
#6221=CARTESIAN_POINT('',(2.385949223,5.8653017673,0.6996850135));
#6222=CARTESIAN_POINT('',(2.3867858271,5.864791979,0.7017349908));
#6223=CARTESIAN_POINT('',(2.3884470023,5.8637445424,0.7058326859));
#6224=CARTESIAN_POINT('',(2.3892715733,5.863206894,0.7078804037));
#6225=CARTESIAN_POINT('',(2.3900900543,5.8626553639,0.7099268048));
#6226=CARTESIAN_POINT('',(2.3644375945,5.8749023848,0.6863231996));
#6227=CARTESIAN_POINT('',(2.3655784442,5.8743873129,0.6883780943));
#6228=CARTESIAN_POINT('',(2.3667128801,5.8738563168,0.6904325598));
#6229=CARTESIAN_POINT('',(2.368968697,5.872762583,0.6945402091));
#6230=CARTESIAN_POINT('',(2.370090078,5.8721998453,0.6965933928));
#6231=CARTESIAN_POINT('',(2.3723195607,5.8710427416,0.7006980556));
#6232=CARTESIAN_POINT('',(2.3734276624,5.8704483755,0.7027495346));
#6233=CARTESIAN_POINT('',(2.3756303644,5.8692281348,0.7068503649));
#6234=CARTESIAN_POINT('',(2.3767249648,5.86860226,0.7088997163));
#6235=CARTESIAN_POINT('',(2.3789004452,5.8673191279,0.7129958693));
#6236=CARTESIAN_POINT('',(2.3799813252,5.8666618704,0.7150426708));
#6237=CARTESIAN_POINT('',(2.3810552368,5.8659889878,0.7170879864));
#6238=CARTESIAN_POINT('',(2.3318580336,5.8873065692,0.7098391898));
#6239=CARTESIAN_POINT('',(2.3336632528,5.8865345648,0.7118940765));
#6240=CARTESIAN_POINT('',(2.335459768,5.8857406246,0.7139483732));
#6241=CARTESIAN_POINT('',(2.3390349025,5.8841090895,0.7180552048));
#6242=CARTESIAN_POINT('',(2.3408135217,5.8832714945,0.7201077397));
#6243=CARTESIAN_POINT('',(2.3443523814,5.8815528781,0.724210466));
#6244=CARTESIAN_POINT('',(2.3461126218,5.8806718568,0.7262606576));
#6245=CARTESIAN_POINT('',(2.3496142459,5.8788666282,0.7303581165));
#6246=CARTESIAN_POINT('',(2.3513556295,5.877942421,0.7324053839));
#6247=CARTESIAN_POINT('',(2.3548190672,5.8760510729,0.7364964146));
#6248=CARTESIAN_POINT('',(2.3565411213,5.8750839322,0.7385401778));
#6249=CARTESIAN_POINT('',(2.3582532769,5.8740954567,0.7405818995));
#6250=CARTESIAN_POINT('',(2.3140114774,5.893806164,0.7291785604));
#6251=CARTESIAN_POINT('',(2.3161815161,5.8928979954,0.7312334162));
#6252=CARTESIAN_POINT('',(2.3183409782,5.8919629287,0.7332875493));
#6253=CARTESIAN_POINT('',(2.3226380216,5.890039315,0.7373936579));
#6254=CARTESIAN_POINT('',(2.3247756029,5.889050768,0.7394456333));
#6255=CARTESIAN_POINT('',(2.3290281646,5.8870205278,0.7435467144));
#6256=CARTESIAN_POINT('',(2.3311431449,5.8859788345,0.7455958202));
#6257=CARTESIAN_POINT('',(2.3353497918,5.8838426535,0.7496904509));
#6258=CARTESIAN_POINT('',(2.3374414584,5.8827481657,0.751735976));
#6259=CARTESIAN_POINT('',(2.3416007729,5.8805067649,0.7558227358));
#6260=CARTESIAN_POINT('',(2.3436684208,5.8793598519,0.7578639704));
#6261=CARTESIAN_POINT('',(2.345723711,5.8781869197,0.7599027057));
#6262=CARTESIAN_POINT('',(2.2456562053,5.9180843448,0.8167762185));
#6263=CARTESIAN_POINT('',(2.2492264581,5.9166638619,0.8188308855));
#6264=CARTESIAN_POINT('',(2.2527777527,5.9151938771,0.8208842273));
#6265=CARTESIAN_POINT('',(2.2598404038,5.912155748,0.824986954));
#6266=CARTESIAN_POINT('',(2.2633517603,5.9105876036,0.8270363389));
#6267=CARTESIAN_POINT('',(2.2703325359,5.9073540539,0.8311298476));
#6268=CARTESIAN_POINT('',(2.2738019549,5.9056886486,0.8331739713));
#6269=CARTESIAN_POINT('',(2.2806968794,5.90226153,0.8372556562));
#6270=CARTESIAN_POINT('',(2.284122385,5.9004998168,0.8392932174));
#6271=CARTESIAN_POINT('',(2.290927531,5.8968810893,0.8433604795));
#6272=CARTESIAN_POINT('',(2.2943071715,5.895024075,0.8453901804));
#6273=CARTESIAN_POINT('',(2.2976629164,5.8931199404,0.8474153045));
#6274=CARTESIAN_POINT('',(2.2101300254,5.929151198,0.8963576883));
#6275=CARTESIAN_POINT('',(2.2144355425,5.9274875783,0.8984120759));
#6276=CARTESIAN_POINT('',(2.2187147171,5.9257536222,0.9004645859));
#6277=CARTESIAN_POINT('',(2.2272166984,5.9221465379,0.9045640003));
#6278=CARTESIAN_POINT('',(2.231439505,5.9202734098,0.9066109045));
#6279=CARTESIAN_POINT('',(2.2398251135,5.916389597,0.9106972616));
#6280=CARTESIAN_POINT('',(2.2439879152,5.9143789123,0.9127367144));
#6281=CARTESIAN_POINT('',(2.2522499264,5.9102217148,0.9168063288));
#6282=CARTESIAN_POINT('',(2.2563491357,5.9080752021,0.9188364904));
#6283=CARTESIAN_POINT('',(2.2644804262,5.9036481893,0.9228856904));
#6284=CARTESIAN_POINT('',(2.2685125073,5.9013676892,0.9249047288));
#6285=CARTESIAN_POINT('',(2.2725092838,5.8990211711,0.9269172942));
#6286=CARTESIAN_POINT('',(2.1033089721,5.9612773162,1.1613218256));
#6287=CARTESIAN_POINT('',(2.109838345,5.9588975894,1.1633751046));
#6288=CARTESIAN_POINT('',(2.1163173859,5.9563771534,1.1654246475));
#6289=CARTESIAN_POINT('',(2.1291641533,5.9510590368,1.1695125851));
#6290=CARTESIAN_POINT('',(2.1355318792,5.9482613564,1.1715509795));
#6291=CARTESIAN_POINT('',(2.1481455403,5.9423933614,1.1756129607));
#6292=CARTESIAN_POINT('',(2.154391475,5.9393230472,1.1776365473));
#6293=CARTESIAN_POINT('',(2.1667512687,5.9329148247,1.1816652771));
#6294=CARTESIAN_POINT('',(2.1728651272,5.9295769167,1.1836704201));
#6295=CARTESIAN_POINT('',(2.1849506902,5.9226389688,1.1876586556));
#6296=CARTESIAN_POINT('',(2.1909223942,5.9190389292,1.1896417481));
#6297=CARTESIAN_POINT('',(2.1968180931,5.9153107615,1.1916120293));
#6298=CARTESIAN_POINT('',(2.0519545367,5.9736646855,1.3566923897));
#6299=CARTESIAN_POINT('',(2.0595689287,5.9709868314,1.3587446564));
#6300=CARTESIAN_POINT('',(2.0671163135,5.9681151801,1.3607917968));
#6301=CARTESIAN_POINT('',(2.0820591245,5.9619911483,1.3648707876));
#6302=CARTESIAN_POINT('',(2.0894545494,5.9587387683,1.3669026376));
#6303=CARTESIAN_POINT('',(2.1040758427,5.9518610163,1.3709460445));
#6304=CARTESIAN_POINT('',(2.1113017097,5.9482356448,1.3729576011));
#6305=CARTESIAN_POINT('',(2.1255666747,5.9406205005,1.3769554643));
#6306=CARTESIAN_POINT('',(2.1326057715,5.9366307284,1.3789417707));
#6307=CARTESIAN_POINT('',(2.1464804073,5.9282962095,1.3828842347));
#6308=CARTESIAN_POINT('',(2.153315945,5.9239514633,1.3848403919));
#6309=CARTESIAN_POINT('',(2.1600415391,5.9194343507,1.38677906));
#6310=CARTESIAN_POINT('',(1.9581809757,5.9948244924,1.7458209386));
#6311=CARTESIAN_POINT('',(1.9677356512,5.9916415363,1.7478717022));
#6312=CARTESIAN_POINT('',(1.9771924727,5.9881603488,1.7499146186));
#6313=CARTESIAN_POINT('',(1.9958754317,5.9806144168,1.7539770653));
#6314=CARTESIAN_POINT('',(2.0051015649,5.9765496739,1.7559965947));
#6315=CARTESIAN_POINT('',(2.023289005,5.967851671,1.7600046592));
#6316=CARTESIAN_POINT('',(2.0322503079,5.9632184129,1.7619931934));
#6317=CARTESIAN_POINT('',(2.0498749113,5.9534004959,1.7659317726));
#6318=CARTESIAN_POINT('',(2.058538208,5.9482158393,1.7678818166));
#6319=CARTESIAN_POINT('',(2.0755347087,5.9373142571,1.7717360612));
#6320=CARTESIAN_POINT('',(2.083867909,5.931597334,1.7736402608));
#6321=CARTESIAN_POINT('',(2.0920206187,5.9256248154,1.7755179451));
#6322=CARTESIAN_POINT('',(1.917782069,6.0026375875,1.9423936127));
#6323=CARTESIAN_POINT('',(1.9281709808,5.9992597071,1.9444436324));
#6324=CARTESIAN_POINT('',(1.9384473369,5.9955306172,1.9464844316));
#6325=CARTESIAN_POINT('',(1.9587299863,5.9873863649,1.950538562));
#6326=CARTESIAN_POINT('',(1.9687362732,5.9829712052,1.9525518919));
#6327=CARTESIAN_POINT('',(1.9884349882,5.9734741323,1.9565421734));
#6328=CARTESIAN_POINT('',(1.9981274102,5.9683922219,1.9585191237));
#6329=CARTESIAN_POINT('',(2.0171559551,5.9575838516,1.9624278926));
#6330=CARTESIAN_POINT('',(2.0264920722,5.951857395,1.96435971));
#6331=CARTESIAN_POINT('',(2.0447671039,5.9397849267,1.9681696554));
#6332=CARTESIAN_POINT('',(2.0537060129,5.9334389188,1.9700477821));
#6333=CARTESIAN_POINT('',(2.0624267246,5.926796973,1.9718949014));
#6334=CARTESIAN_POINT('',(1.8068542896,6.0219846256,2.5291024136));
#6335=CARTESIAN_POINT('',(1.8195329348,6.0181076743,2.5311502105));
#6336=CARTESIAN_POINT('',(1.8320572249,6.0137208163,2.5331846877));
#6337=CARTESIAN_POINT('',(1.8567190709,6.0039547289,2.5372140058));
#6338=CARTESIAN_POINT('',(1.8688566114,5.9985755056,2.539208844));
#6339=CARTESIAN_POINT('',(1.8926692718,5.9868582126,2.5431461244));
#6340=CARTESIAN_POINT('',(1.9043443768,5.9805201502,2.545088564));
#6341=CARTESIAN_POINT('',(1.9271593047,5.9669245756,2.5489086081));
#6342=CARTESIAN_POINT('',(1.9382991133,5.9596670719,2.5507862102));
#6343=CARTESIAN_POINT('',(1.959973851,5.9442776459,2.5544645375));
#6344=CARTESIAN_POINT('',(1.9705087664,5.9361457333,2.5562652603));
#6345=CARTESIAN_POINT('',(1.9807082851,5.9276018094,2.5580217592));
#6346=CARTESIAN_POINT('',(1.7453740971,6.0296594389,2.9222264616));
#6347=CARTESIAN_POINT('',(1.7593204469,6.0255582065,2.924272766));
#6348=CARTESIAN_POINT('',(1.7730871594,6.0208399845,2.926303004));
#6349=CARTESIAN_POINT('',(1.8001568071,6.0102055112,2.9303157092));
#6350=CARTESIAN_POINT('',(1.8134597171,6.00428927,2.9322981725));
#6351=CARTESIAN_POINT('',(1.8395006776,5.991303681,2.9362000394));
#6352=CARTESIAN_POINT('',(1.8522387039,5.9842343454,2.9381194393));
#6353=CARTESIAN_POINT('',(1.8770530279,5.9689961185,2.9418803624));
#6354=CARTESIAN_POINT('',(1.8891293024,5.9608272414,2.943721882));
#6355=CARTESIAN_POINT('',(1.9125281784,5.9434517197,2.9473128104));
#6356=CARTESIAN_POINT('',(1.923850758,5.934245091,2.9490622158));
#6357=CARTESIAN_POINT('',(1.9347533288,5.9245543663,2.9507587937));
#6358=CARTESIAN_POINT('',(1.6329589165,6.0407261426,3.7079028232));
#6359=CARTESIAN_POINT('',(1.6492296877,6.0362638578,3.7099459793));
#6360=CARTESIAN_POINT('',(1.6652743186,6.0309689252,3.7119675623));
#6361=CARTESIAN_POINT('',(1.6967470241,6.0187680928,3.7159466889));
#6362=CARTESIAN_POINT('',(1.7121750443,6.0118622141,3.7179042255));
#6363=CARTESIAN_POINT('',(1.7422564143,5.9965102327,3.7217350037));
#6364=CARTESIAN_POINT('',(1.756909712,5.9880641564,3.7236082384));
#6365=CARTESIAN_POINT('',(1.785291394,5.9697181926,3.7272510145));
#6366=CARTESIAN_POINT('',(1.7990197292,5.9598183366,3.7290205494));
#6367=CARTESIAN_POINT('',(1.8254106323,5.9386660237,3.7324375824));
#6368=CARTESIAN_POINT('',(1.8380731546,5.9274136032,3.7340850746));
#6369=CARTESIAN_POINT('',(1.8501377732,5.9155423761,3.7356629978));
#6370=CARTESIAN_POINT('',(1.5823915595,6.0439200967,4.1014762037));
#6371=CARTESIAN_POINT('',(1.5997112379,6.0393250428,4.103517702));
#6372=CARTESIAN_POINT('',(1.6167835081,6.0337884807,4.1055348597));
#6373=CARTESIAN_POINT('',(1.6502355643,6.0208965741,4.1094969808));
#6374=CARTESIAN_POINT('',(1.6666152763,6.0135412581,4.1114419353));
#6375=CARTESIAN_POINT('',(1.69849237,5.9970970507,4.1152369494));
#6376=CARTESIAN_POINT('',(1.7139896812,5.9880081956,4.1170870006));
#6377=CARTESIAN_POINT('',(1.7439222704,5.9682020772,4.1206706001));
#6378=CARTESIAN_POINT('',(1.7583574822,5.9574848575,4.1224041404));
#6379=CARTESIAN_POINT('',(1.7859983662,5.9345459381,4.1257344522));
#6380=CARTESIAN_POINT('',(1.7992039771,5.922324289,4.1273312162));
#6381=CARTESIAN_POINT('',(1.8117181212,5.9094210391,4.1288502505));
#6382=CARTESIAN_POINT('',(1.4406706571,6.049428634,5.2830797905));
#6383=CARTESIAN_POINT('',(1.4609482201,6.0445162898,5.2851158519));
#6384=CARTESIAN_POINT('',(1.4809194257,6.0383324174,5.2871192098));
#6385=CARTESIAN_POINT('',(1.5199418508,6.0235172031,5.2910291553));
#6386=CARTESIAN_POINT('',(1.5389929194,6.0148859187,5.2929357275));
#6387=CARTESIAN_POINT('',(1.5758814875,5.9953087529,5.2966221776));
#6388=CARTESIAN_POINT('',(1.5937188442,5.984362947,5.2984020408));
#6389=CARTESIAN_POINT('',(1.6279048207,5.9603248228,5.3018070768));
#6390=CARTESIAN_POINT('',(1.6442533077,5.9472325968,5.3034322357));
#6391=CARTESIAN_POINT('',(1.6752089309,5.919102409,5.306502221));
#6392=CARTESIAN_POINT('',(1.6898159465,5.904064555,5.3079470349));
#6393=CARTESIAN_POINT('',(1.703439159,5.8881690636,5.3092902347));
#6394=CARTESIAN_POINT('',(1.3592767131,6.0477299459,6.0726701783));
#6395=CARTESIAN_POINT('',(1.3812789249,6.042712712,6.0747020091));
#6396=CARTESIAN_POINT('',(1.4029418804,6.0361992399,6.0766954767));
#6397=CARTESIAN_POINT('',(1.4451964422,6.0202984629,6.0805690983));
#6398=CARTESIAN_POINT('',(1.465787822,6.0109112437,6.0824492309));
#6399=CARTESIAN_POINT('',(1.5055251651,5.9894332722,6.0860615843));
#6400=CARTESIAN_POINT('',(1.524670915,5.9773426346,6.087793785));
#6401=CARTESIAN_POINT('',(1.5611687858,5.9506766654,6.0910783323));
#6402=CARTESIAN_POINT('',(1.5785207099,5.9361014756,6.0926306606));
#6403=CARTESIAN_POINT('',(1.611114738,5.90472993,6.0955267536));
#6404=CARTESIAN_POINT('',(1.6263566653,5.8879337407,6.096870502));
#6405=CARTESIAN_POINT('',(1.6404044046,5.8701787622,6.0980974902));
#6406=CARTESIAN_POINT('',(1.1357256456,6.0347847463,8.4384604808));
#6407=CARTESIAN_POINT('',(1.1625951799,6.0295968649,8.4404757829));
#6408=CARTESIAN_POINT('',(1.1890407224,6.0222179625,8.4424352798));
#6409=CARTESIAN_POINT('',(1.2403973079,6.0032713946,8.4461903667));
#6410=CARTESIAN_POINT('',(1.2653077904,5.9917039368,8.4479859137));
#6411=CARTESIAN_POINT('',(1.3129457843,5.964680635,8.4513648973));
#6412=CARTESIAN_POINT('',(1.3356727744,5.9492250842,8.4529482949));
#6413=CARTESIAN_POINT('',(1.3783508116,5.9148253063,8.4558601965));
#6414=CARTESIAN_POINT('',(1.3983013892,5.8958814504,8.4571886663));
#6415=CARTESIAN_POINT('',(1.4349040401,5.8549941121,8.4595544502));
#6416=CARTESIAN_POINT('',(1.4515557073,5.83305107,8.460591736));
#6417=CARTESIAN_POINT('',(1.466338635,5.8098913036,8.461469043));
#6418=CARTESIAN_POINT('',(1.0136064452,6.0156915856,10.0168351469));
#6419=CARTESIAN_POINT('',(1.0431896244,6.0106093054,10.0188374928));
#6420=CARTESIAN_POINT('',(1.0723147158,6.0028636718,10.0207722574));
#6421=CARTESIAN_POINT('',(1.1287253025,5.98229339,10.0244441639));
#6422=CARTESIAN_POINT('',(1.1560098811,5.9694690775,10.0261812433));
#6423=CARTESIAN_POINT('',(1.2078716673,5.9391480884,10.0294013652));
#6424=CARTESIAN_POINT('',(1.2324480284,5.9216518996,10.0308843521));
#6425=CARTESIAN_POINT('',(1.2781097187,5.8825400245,10.0335478343));
#6426=CARTESIAN_POINT('',(1.2991942962,5.860924964,10.0347282827));
#6427=CARTESIAN_POINT('',(1.3371969365,5.814257669,10.0367477334));
#6428=CARTESIAN_POINT('',(1.3541143643,5.7892061805,10.037586699));
#6429=CARTESIAN_POINT('',(1.3686753248,5.7628316704,10.0382408423));
#6430=CARTESIAN_POINT('',(0.8271119264,5.976114634,12.6945713132));
#6431=CARTESIAN_POINT('',(0.8609826738,5.9713541192,12.6965451129));
#6432=CARTESIAN_POINT('',(0.8943651814,5.9631043017,12.6984307775));
#6433=CARTESIAN_POINT('',(0.9587625393,5.9399707568,12.7019467814));
#6434=CARTESIAN_POINT('',(0.9897755212,5.9250877012,12.7035770174));
#6435=CARTESIAN_POINT('',(1.0481372909,5.8893089958,12.7065135062));
#6436=CARTESIAN_POINT('',(1.0754843837,5.868414382,12.7078196724));
#6437=CARTESIAN_POINT('',(1.1253701576,5.8214841944,12.7100528552));
#6438=CARTESIAN_POINT('',(1.1479073871,5.7954499781,12.7109798056));
#6439=CARTESIAN_POINT('',(1.1872289996,5.7393264541,12.7124151885));
#6440=CARTESIAN_POINT('',(1.2040122342,5.7092387697,12.7129235777));
#6441=CARTESIAN_POINT('',(1.2175663314,5.6777511197,12.713211749));
#6442=CARTESIAN_POINT('',(0.7570858016,5.9575668319,13.7938422734));
#6443=CARTESIAN_POINT('',(0.7926057135,5.9529855993,13.795802671));
#6444=CARTESIAN_POINT('',(0.8276332732,5.9445702574,13.7976663659));
#6445=CARTESIAN_POINT('',(0.8951021167,5.9204571052,13.8011146944));
#6446=CARTESIAN_POINT('',(0.9275410427,5.9047601384,13.802699206));
#6447=CARTESIAN_POINT('',(0.9883442606,5.8668027636,13.8055159882));
#6448=CARTESIAN_POINT('',(1.0167064251,5.8445436787,13.8067481587));
#6449=CARTESIAN_POINT('',(1.0680536241,5.7944810534,13.8088031847));
#6450=CARTESIAN_POINT('',(1.0910368574,5.7666792563,13.8096259665));
#6451=CARTESIAN_POINT('',(1.1305688496,5.706803906,13.8108238716));
#6452=CARTESIAN_POINT('',(1.1471162149,5.6747324381,13.8111989509));
#6453=CARTESIAN_POINT('',(1.1600643595,5.6412594246,13.8113412815));
#6454=CARTESIAN_POINT('',(0.6918140633,5.937499546,14.8933039592));
#6455=CARTESIAN_POINT('',(0.7289098777,5.9331283363,14.8952488627));
#6456=CARTESIAN_POINT('',(0.7655165234,5.9245724438,14.8970883547));
#6457=CARTESIAN_POINT('',(0.8359216569,5.8995189681,14.9004645668));
#6458=CARTESIAN_POINT('',(0.8697171754,5.8830224415,14.9020011445));
#6459=CARTESIAN_POINT('',(0.9328048129,5.8429144066,14.904694436));
#6460=CARTESIAN_POINT('',(0.9620942711,5.8193045898,14.9058510362));
#6461=CARTESIAN_POINT('',(1.0147004031,5.7661535182,14.9077263314));
#6462=CARTESIAN_POINT('',(1.0380148583,5.7366145049,14.9084449475));
#6463=CARTESIAN_POINT('',(1.0775011503,5.6730860611,14.9094081956));
#6464=CARTESIAN_POINT('',(1.0936713219,5.6390993099,14.909652787));
#6465=CARTESIAN_POINT('',(1.1058643778,5.6037394604,14.9096542328));
#6466=B_SPLINE_SURFACE_WITH_KNOTS('',3,3,((#5890,#5891,#5892,#5893,#5894,#5895,#5896,#5897,#5898,#5899,#5900,#5901),
    (#5902,#5903,#5904,#5905,#5906,#5907,#5908,#5909,#5910,#5911,#5912,#5913),
    (#5914,#5915,#5916,#5917,#5918,#5919,#5920,#5921,#5922,#5923,#5924,#5925),
    (#5926,#5927,#5928,#5929,#5930,#5931,#5932,#5933,#5934,#5935,#5936,#5937),
    (#5938,#5939,#5940,#5941,#5942,#5943,#5944,#5945,#5946,#5947,#5948,#5949),
    (#5950,#5951,#5952,#5953,#5954,#5955,#5956,#5957,#5958,#5959,#5960,#5961),
    (#5962,#5963,#5964,#5965,#5966,#5967,#5968,#5969,#5970,#5971,#5972,#5973),
    (#5974,#5975,#5976,#5977,#5978,#5979,#5980,#5981,#5982,#5983,#5984,#5985),
    (#5986,#5987,#5988,#5989,#5990,#5991,#5992,#5993,#5994,#5995,#5996,#5997),
    (#5998,#5999,#6000,#6001,#6002,#6003,#6004,#6005,#6006,#6007,#6008,#6009),
    (#6010,#6011,#6012,#6013,#6014,#6015,#6016,#6017,#6018,#6019,#6020,#6021),
    (#6022,#6023,#6024,#6025,#6026,#6027,#6028,#6029,#6030,#6031,#6032,#6033),
    (#6034,#6035,#6036,#6037,#6038,#6039,#6040,#6041,#6042,#6043,#6044,#6045),
    (#6046,#6047,#6048,#6049,#6050,#6051,#6052,#6053,#6054,#6055,#6056,#6057),
    (#6058,#6059,#6060,#6061,#6062,#6063,#6064,#6065,#6066,#6067,#6068,#6069),
    (#6070,#6071,#6072,#6073,#6074,#6075,#6076,#6077,#6078,#6079,#6080,#6081),
    (#6082,#6083,#6084,#6085,#6086,#6087,#6088,#6089,#6090,#6091,#6092,#6093),
    (#6094,#6095,#6096,#6097,#6098,#6099,#6100,#6101,#6102,#6103,#6104,#6105),
    (#6106,#6107,#6108,#6109,#6110,#6111,#6112,#6113,#6114,#6115,#6116,#6117),
    (#6118,#6119,#6120,#6121,#6122,#6123,#6124,#6125,#6126,#6127,#6128,#6129),
    (#6130,#6131,#6132,#6133,#6134,#6135,#6136,#6137,#6138,#6139,#6140,#6141),
    (#6142,#6143,#6144,#6145,#6146,#6147,#6148,#6149,#6150,#6151,#6152,#6153),
    (#6154,#6155,#6156,#6157,#6158,#6159,#6160,#6161,#6162,#6163,#6164,#6165),
    (#6166,#6167,#6168,#6169,#6170,#6171,#6172,#6173,#6174,#6175,#6176,#6177),
    (#6178,#6179,#6180,#6181,#6182,#6183,#6184,#6185,#6186,#6187,#6188,#6189),
    (#6190,#6191,#6192,#6193,#6194,#6195,#6196,#6197,#6198,#6199,#6200,#6201),
    (#6202,#6203,#6204,#6205,#6206,#6207,#6208,#6209,#6210,#6211,#6212,#6213),
    (#6214,#6215,#6216,#6217,#6218,#6219,#6220,#6221,#6222,#6223,#6224,#6225),
    (#6226,#6227,#6228,#6229,#6230,#6231,#6232,#6233,#6234,#6235,#6236,#6237),
    (#6238,#6239,#6240,#6241,#6242,#6243,#6244,#6245,#6246,#6247,#6248,#6249),
    (#6250,#6251,#6252,#6253,#6254,#6255,#6256,#6257,#6258,#6259,#6260,#6261),
    (#6262,#6263,#6264,#6265,#6266,#6267,#6268,#6269,#6270,#6271,#6272,#6273),
    (#6274,#6275,#6276,#6277,#6278,#6279,#6280,#6281,#6282,#6283,#6284,#6285),
    (#6286,#6287,#6288,#6289,#6290,#6291,#6292,#6293,#6294,#6295,#6296,#6297),
    (#6298,#6299,#6300,#6301,#6302,#6303,#6304,#6305,#6306,#6307,#6308,#6309),
    (#6310,#6311,#6312,#6313,#6314,#6315,#6316,#6317,#6318,#6319,#6320,#6321),
    (#6322,#6323,#6324,#6325,#6326,#6327,#6328,#6329,#6330,#6331,#6332,#6333),
    (#6334,#6335,#6336,#6337,#6338,#6339,#6340,#6341,#6342,#6343,#6344,#6345),
    (#6346,#6347,#6348,#6349,#6350,#6351,#6352,#6353,#6354,#6355,#6356,#6357),
    (#6358,#6359,#6360,#6361,#6362,#6363,#6364,#6365,#6366,#6367,#6368,#6369),
    (#6370,#6371,#6372,#6373,#6374,#6375,#6376,#6377,#6378,#6379,#6380,#6381),
    (#6382,#6383,#6384,#6385,#6386,#6387,#6388,#6389,#6390,#6391,#6392,#6393),
    (#6394,#6395,#6396,#6397,#6398,#6399,#6400,#6401,#6402,#6403,#6404,#6405),
    (#6406,#6407,#6408,#6409,#6410,#6411,#6412,#6413,#6414,#6415,#6416,#6417),
    (#6418,#6419,#6420,#6421,#6422,#6423,#6424,#6425,#6426,#6427,#6428,#6429),
    (#6430,#6431,#6432,#6433,#6434,#6435,#6436,#6437,#6438,#6439,#6440,#6441),
    (#6442,#6443,#6444,#6445,#6446,#6447,#6448,#6449,#6450,#6451,#6452,#6453),
    (#6454,#6455,#6456,#6457,#6458,#6459,#6460,#6461,#6462,#6463,#6464,#6465)),.UNSPECIFIED.,.F.,.F.,.U.,
 (4,2,2,2,2,2,2,2,2,2,2,2,2,2,2,2,2,2,2,2,
    2,2,2,4),(4,2,2,2,2,4),
  (0.0,0.0035539662,0.1389516732,0.2743527194,0.3729042585,0.4293110671,0.4613650261,0.4794187656,0.4894891403,0.4950746086,
    0.4973565475,0.498838323,0.4999856075,0.5011357635,0.5026222167,0.5052789179,0.514090971,0.5348631638,0.5556353567,0.5968875068,
    0.638139657,0.7206439574,0.8853567968,1.0),(0.0,0.2,0.4,0.6,0.8,1.0),.UNSPECIFIED.);
#6467=ADVANCED_FACE('n° 1108',(#5889),#6466,.T.);
#6468=ORIENTED_EDGE('',*,*,#5521,.T.);
#6469=ORIENTED_EDGE('',*,*,#4931,.T.);
#6470=CARTESIAN_POINT('',(-0.6339655811,-5.4410145002,14.8808078637));
#6471=DIRECTION('',(0.9932803463,-0.1157331141,-0.0));
#6472=DIRECTION('',(-0.1157331141,-0.9932803463,0.0));
#6473=AXIS2_PLACEMENT_3D('',#6470,#6471,#6472);
#6474=CIRCLE('',#6473,0.5);
#6475=EDGE_CURVE('n° 1211',#1051,#302,#6474,.T.);
#6476=ORIENTED_EDGE('',*,*,#6475,.F.);
#6477=EDGE_LOOP('',(#6468,#6469,#6476));
#6478=FACE_OUTER_BOUND('',#6477,.T.);
#6479=CARTESIAN_POINT('',(-0.6339655811,-5.4410145002,14.8808078637));
#6480=DIRECTION('',(-0.0258339683,-0.2217202323,0.9747680466));
#6481=DIRECTION('',(0.0,-0.9750934866,-0.2217942567));
#6482=AXIS2_PLACEMENT_3D('',#6479,#6480,#6481);
#6483=SPHERICAL_SURFACE('',#6482,0.5);
#6484=ADVANCED_FACE('n° 1110',(#6478),#6483,.T.);
#6485=ORIENTED_EDGE('',*,*,#5885,.T.);
#6486=ORIENTED_EDGE('',*,*,#5703,.T.);
#6487=CARTESIAN_POINT('',(3.3990849637,4.2956690468,14.8808078637));
#6488=DIRECTION('',(0.7841926608,-0.6205174218,-0.0));
#6489=DIRECTION('',(-0.6205174218,-0.7841926608,0.0));
#6490=AXIS2_PLACEMENT_3D('',#6487,#6488,#6489);
#6491=CIRCLE('',#6490,0.5);
#6492=EDGE_CURVE('n° 1214',#552,#930,#6491,.T.);
#6493=ORIENTED_EDGE('',*,*,#6492,.F.);
#6494=EDGE_LOOP('',(#6485,#6486,#6493));
#6495=FACE_OUTER_BOUND('',#6494,.T.);
#6496=CARTESIAN_POINT('',(3.3990849637,4.2956690468,14.8808078637));
#6497=DIRECTION('',(0.1385120197,0.1750476384,0.9747680466));
#6498=DIRECTION('',(0.0,-0.9842555291,0.1767513888));
#6499=AXIS2_PLACEMENT_3D('',#6496,#6497,#6498);
#6500=SPHERICAL_SURFACE('',#6499,0.5);
#6501=ADVANCED_FACE('n° 1112',(#6495),#6500,.T.);
#6502=ORIENTED_EDGE('',*,*,#6475,.T.);
#6503=ORIENTED_EDGE('',*,*,#795,.F.);
#6504=CARTESIAN_POINT('',(0.6339806851,-5.4410127403,14.8808078637));
#6505=DIRECTION('',(0.993280025,0.1157358714,0.0));
#6506=DIRECTION('',(-0.1157358714,0.993280025,0.0));
#6507=AXIS2_PLACEMENT_3D('',#6504,#6505,#6506);
#6508=CIRCLE('',#6507,0.5);
#6509=EDGE_CURVE('n° 1216',#1070,#738,#6508,.T.);
#6510=ORIENTED_EDGE('',*,*,#6509,.F.);
#6511=ORIENTED_EDGE('',*,*,#1076,.F.);
#6512=EDGE_LOOP('',(#6502,#6503,#6510,#6511));
#6513=FACE_OUTER_BOUND('',#6512,.T.);
#6514=CARTESIAN_POINT('',(0.0,0.0,14.8808078637));
#6515=DIRECTION('',(-0.0,-0.0,-1.0));
#6516=DIRECTION('',(-1.0,0.0,0.0));
#6517=AXIS2_PLACEMENT_3D('',#6514,#6515,#6516);
#6518=TOROIDAL_SURFACE('',#6517,5.4778235778,0.5);
#6519=ADVANCED_FACE('n° 1114',(#6513),#6518,.T.);
#6520=ORIENTED_EDGE('',*,*,#6492,.T.);
#6521=ORIENTED_EDGE('',*,*,#936,.F.);
#6522=CARTESIAN_POINT('',(4.2956596111,3.3990968882,14.8808078637));
#6523=DIRECTION('',(0.6205195987,-0.7841909383,0.0));
#6524=DIRECTION('',(0.7841909383,0.6205195987,0.0));
#6525=AXIS2_PLACEMENT_3D('',#6522,#6523,#6524);
#6526=CIRCLE('',#6525,0.5);
#6527=EDGE_CURVE('n° 1217',#605,#911,#6526,.T.);
#6528=ORIENTED_EDGE('',*,*,#6527,.F.);
#6529=ORIENTED_EDGE('',*,*,#611,.F.);
#6530=EDGE_LOOP('',(#6520,#6521,#6528,#6529));
#6531=FACE_OUTER_BOUND('',#6530,.T.);
#6532=CARTESIAN_POINT('',(0.0,0.0,14.8808078637));
#6533=DIRECTION('',(-0.0,-0.0,-1.0));
#6534=DIRECTION('',(-1.0,0.0,0.0));
#6535=AXIS2_PLACEMENT_3D('',#6532,#6533,#6534);
#6536=TOROIDAL_SURFACE('',#6535,5.4778235778,0.5);
#6537=ADVANCED_FACE('n° 1118',(#6531),#6536,.T.);
#6538=CARTESIAN_POINT('',(0.6339806851,-5.4410127403,14.8808078637));
#6539=DIRECTION('',(0.3086979797,0.9292068383,0.2031753157));
#6540=DIRECTION('',(0.9490007396,-0.3152738432,0.0));
#6541=AXIS2_PLACEMENT_3D('',#6538,#6539,#6540);
#6542=CIRCLE('',#6541,0.5);
#6543=EDGE_CURVE('n° 1222',#1070,#1839,#6542,.T.);
#6544=ORIENTED_EDGE('',*,*,#6543,.F.);
#6545=ORIENTED_EDGE('',*,*,#6509,.T.);
#6546=CARTESIAN_POINT('',(0.6339806851,-5.4410127403,14.8808078637));
#6547=DIRECTION('',(0.0545989021,-0.0187653517,-0.9983320197));
#6548=DIRECTION('',(0.9985078416,0.0,0.0546085178));
#6549=AXIS2_PLACEMENT_3D('',#6546,#6547,#6548);
#6550=CIRCLE('',#6549,0.5);
#6551=EDGE_CURVE('n° 1219',#1839,#738,#6550,.T.);
#6552=ORIENTED_EDGE('',*,*,#6551,.F.);
#6553=EDGE_LOOP('',(#6544,#6545,#6552));
#6554=FACE_OUTER_BOUND('',#6553,.T.);
#6555=CARTESIAN_POINT('',(0.6339806851,-5.4410127403,14.8808078637));
#6556=DIRECTION('',(0.0258345837,-0.2217201606,0.9747680466));
#6557=DIRECTION('',(0.0,-0.9750935022,-0.2217941885));
#6558=AXIS2_PLACEMENT_3D('',#6555,#6556,#6557);
#6559=SPHERICAL_SURFACE('',#6558,0.5);
#6560=ADVANCED_FACE('n° 1122',(#6554),#6559,.T.);
#6561=CARTESIAN_POINT('',(4.2956596111,3.3990968882,14.8808078637));
#6562=DIRECTION('',(0.0518482889,-0.0253023414,-0.9983343861));
#6563=DIRECTION('',(0.9986541107,0.0,0.0518648938));
#6564=AXIS2_PLACEMENT_3D('',#6561,#6562,#6563);
#6565=CIRCLE('',#6564,0.5);
#6566=EDGE_CURVE('n° 1228',#605,#2125,#6565,.T.);
#6567=ORIENTED_EDGE('',*,*,#6566,.F.);
#6568=ORIENTED_EDGE('',*,*,#6527,.T.);
#6569=CARTESIAN_POINT('',(4.2956596111,3.3990968882,14.8808078637));
#6570=DIRECTION('',(-0.4393544138,-0.8750213244,0.2032372526));
#6571=DIRECTION('',(-0.8936727017,0.4487194026,0.0));
#6572=AXIS2_PLACEMENT_3D('',#6569,#6570,#6571);
#6573=CIRCLE('',#6572,0.5);
#6574=EDGE_CURVE('n° 1225',#2125,#911,#6573,.T.);
#6575=ORIENTED_EDGE('',*,*,#6574,.F.);
#6576=EDGE_LOOP('',(#6567,#6568,#6575));
#6577=FACE_OUTER_BOUND('',#6576,.T.);
#6578=CARTESIAN_POINT('',(4.2956596111,3.3990968882,14.8808078637));
#6579=DIRECTION('',(0.1750472539,0.1385125056,0.9747680466));
#6580=DIRECTION('',(0.9842555966,0.0,-0.1767510127));
#6581=AXIS2_PLACEMENT_3D('',#6578,#6579,#6580);
#6582=SPHERICAL_SURFACE('',#6581,0.5);
#6583=ADVANCED_FACE('n° 1124',(#6577),#6582,.T.);
#6584=ORIENTED_EDGE('',*,*,#6551,.T.);
#6585=ORIENTED_EDGE('',*,*,#788,.F.);
#6586=CARTESIAN_POINT('',(3.3990968882,-4.2956596111,14.8808078637));
#6587=DIRECTION('',(0.0253023414,0.0518482889,0.9983343861));
#6588=DIRECTION('',(0.0,-0.9986541107,0.0518648938));
#6589=AXIS2_PLACEMENT_3D('',#6586,#6587,#6588);
#6590=CIRCLE('',#6589,0.5);
#6591=EDGE_CURVE('n° 1230',#1837,#729,#6590,.T.);
#6592=ORIENTED_EDGE('',*,*,#6591,.F.);
#6593=ORIENTED_EDGE('',*,*,#1906,.F.);
#6594=EDGE_LOOP('',(#6584,#6585,#6592,#6593));
#6595=FACE_OUTER_BOUND('',#6594,.T.);
#6596=CARTESIAN_POINT('',(0.6918305336,-5.937497627,14.8933039572));
#6597=CARTESIAN_POINT('',(0.7289035898,-5.9331289519,14.8952493705));
#6598=CARTESIAN_POINT('',(0.7654880682,-5.9245807255,14.8970895017));
#6599=CARTESIAN_POINT('',(0.8358533734,-5.899551944,14.9004673303));
#6600=CARTESIAN_POINT('',(0.8696312398,-5.8830724419,14.9020048857));
#6601=CARTESIAN_POINT('',(0.9326910252,-5.8430059614,14.9047005153));
#6602=CARTESIAN_POINT('',(0.9619702912,-5.8194206688,14.9058584762));
#6603=CARTESIAN_POINT('',(1.0145657895,-5.7663234846,14.9077368784));
#6604=CARTESIAN_POINT('',(1.0378798091,-5.736813827,14.9084572407));
#6605=CARTESIAN_POINT('',(1.0773764263,-5.6733456635,14.9094243233));
#6606=CARTESIAN_POINT('',(1.0935573623,-5.6393898277,14.9096710029));
#6607=CARTESIAN_POINT('',(1.1057670054,-5.604059868,14.909674663));
#6608=CARTESIAN_POINT('',(0.6938556553,-5.9381195141,14.8592204681));
#6609=CARTESIAN_POINT('',(0.7308785325,-5.933744479,14.8611663881));
#6610=CARTESIAN_POINT('',(0.7674127681,-5.9252010525,14.8630073032));
#6611=CARTESIAN_POINT('',(0.8376847206,-5.9002028408,14.8663874543));
#6612=CARTESIAN_POINT('',(0.8714194966,-5.8837491018,14.8679265489));
#6613=CARTESIAN_POINT('',(0.9344068121,-5.8437516768,14.8706261356));
#6614=CARTESIAN_POINT('',(0.9636567156,-5.8202096647,14.8717865149));
#6615=CARTESIAN_POINT('',(1.0162125033,-5.7672113232,14.8736706631));
#6616=CARTESIAN_POINT('',(1.0395161879,-5.7377572116,14.8743943532));
#6617=CARTESIAN_POINT('',(1.0790147204,-5.6744057832,14.8753689285));
#6618=CARTESIAN_POINT('',(1.0952079153,-5.6405111177,14.8756197728));
#6619=CARTESIAN_POINT('',(1.1074418636,-5.6052413984,14.8756279282));
#6620=CARTESIAN_POINT('',(0.6958856586,-5.9387399038,14.8251361132));
#6621=CARTESIAN_POINT('',(0.732858309,-5.9343585361,14.827082537));
#6622=CARTESIAN_POINT('',(0.7693422604,-5.9258199247,14.8289242329));
#6623=CARTESIAN_POINT('',(0.839520768,-5.9008522908,14.8323066999));
#6624=CARTESIAN_POINT('',(0.8732124025,-5.8844243076,14.83384733));
#6625=CARTESIAN_POINT('',(0.9361271178,-5.8444959141,14.836550867));
#6626=CARTESIAN_POINT('',(0.9653475793,-5.8209971659,14.8377136613));
#6627=CARTESIAN_POINT('',(1.0178634572,-5.7680976447,14.8396035499));
#6628=CARTESIAN_POINT('',(1.0411566873,-5.7386990738,14.8403305656));
#6629=CARTESIAN_POINT('',(1.0806568549,-5.6754644072,14.8413126316));
#6630=CARTESIAN_POINT('',(1.096862148,-5.641630944,14.841567641));
#6631=CARTESIAN_POINT('',(1.1091202253,-5.6064215293,14.8415802939));
#6632=CARTESIAN_POINT('',(0.7754401385,-5.9629350191,13.4925694591));
#6633=CARTESIAN_POINT('',(0.81044729,-5.9583071655,13.4945354681));
#6634=CARTESIAN_POINT('',(0.8449637451,-5.9499574073,13.4964075679));
#6635=CARTESIAN_POINT('',(0.911485385,-5.9261855505,13.499880312));
#6636=CARTESIAN_POINT('',(0.9434883973,-5.9107642293,13.5014808405));
#6637=CARTESIAN_POINT('',(1.0035596806,-5.8735337081,13.5043385428));
#6638=CARTESIAN_POINT('',(1.031625986,-5.8517257187,13.5055956207));
#6639=CARTESIAN_POINT('',(1.082573793,-5.8026887265,13.507709714));
#6640=CARTESIAN_POINT('',(1.1054536209,-5.7754613157,13.5085666576));
#6641=CARTESIAN_POINT('',(1.1450067328,-5.716792489,13.5098414957));
#6642=CARTESIAN_POINT('',(1.1616787071,-5.6853529783,13.5102593457));
#6643=CARTESIAN_POINT('',(1.1748732131,-5.6525036709,13.5104479173));
#6644=CARTESIAN_POINT('',(0.8597900812,-5.9843636099,12.1943636712));
#6645=CARTESIAN_POINT('',(0.8928182487,-5.9795346015,12.1963447059));
#6646=CARTESIAN_POINT('',(0.9253630021,-5.9713896736,12.1982419211));
#6647=CARTESIAN_POINT('',(0.9881983932,-5.9487913755,12.2017930002));
#6648=CARTESIAN_POINT('',(1.0184873956,-5.9343385944,12.20344677));
#6649=CARTESIAN_POINT('',(1.0756094616,-5.8996971275,12.2064446317));
#6650=CARTESIAN_POINT('',(1.1024410366,-5.8795093408,12.2077886439));
#6651=CARTESIAN_POINT('',(1.1515824317,-5.8341966054,12.2101128808));
#6652=CARTESIAN_POINT('',(1.1738909678,-5.809072831,12.2110930432));
#6653=CARTESIAN_POINT('',(1.2130982854,-5.7548818211,12.2126498329));
#6654=CARTESIAN_POINT('',(1.2299960372,-5.7258159895,12.2132264177));
#6655=CARTESIAN_POINT('',(1.2438512645,-5.6953533272,12.2135893344));
#6656=CARTESIAN_POINT('',(1.0479442901,-6.0201592093,9.5990653347));
#6657=CARTESIAN_POINT('',(1.0767314479,-6.0150637237,9.6010713918));
#6658=CARTESIAN_POINT('',(1.1050717823,-6.0074389139,9.603013215));
#6659=CARTESIAN_POINT('',(1.1600009542,-5.9873628575,9.6067088472));
#6660=CARTESIAN_POINT('',(1.186588969,-5.9749119126,9.6084625988));
#6661=CARTESIAN_POINT('',(1.2372064855,-5.9455607168,9.6117280559));
#6662=CARTESIAN_POINT('',(1.261235227,-5.9286609027,9.6132397105));
#6663=CARTESIAN_POINT('',(1.3060035761,-5.8909225886,9.6159742089));
#6664=CARTESIAN_POINT('',(1.3267425074,-5.8700846479,9.6171970097));
#6665=CARTESIAN_POINT('',(1.3642986432,-5.8250991959,9.619315721));
#6666=CARTESIAN_POINT('',(1.3811152748,-5.8009523508,9.6202115974));
#6667=CARTESIAN_POINT('',(1.3957131659,-5.7755153002,9.6209299134));
#6668=CARTESIAN_POINT('',(1.1512826933,-6.0347241737,8.3018223702));
#6669=CARTESIAN_POINT('',(1.177818757,-6.0295588727,8.3038384136));
#6670=CARTESIAN_POINT('',(1.2039371819,-6.0222448338,8.3057997175));
#6671=CARTESIAN_POINT('',(1.2546678869,-6.0035083321,8.3095615433));
#6672=CARTESIAN_POINT('',(1.2792796191,-5.9920860723,8.3113620232));
#6673=CARTESIAN_POINT('',(1.3263632274,-5.9654267441,8.3147548937));
#6674=CARTESIAN_POINT('',(1.3488345939,-5.9501899623,8.3163472463));
#6675=CARTESIAN_POINT('',(1.3910579746,-5.9162921735,8.3192818453));
#6676=CARTESIAN_POINT('',(1.4108095303,-5.8976315298,8.3206240585));
#6677=CARTESIAN_POINT('',(1.4470825765,-5.8573637907,8.3230227265));
#6678=CARTESIAN_POINT('',(1.4636036708,-5.8357571262,8.3240791537));
#6679=CARTESIAN_POINT('',(1.4782951996,-5.8129537428,8.3249785152));
#6680=CARTESIAN_POINT('',(1.3600006179,-6.0479876044,6.0627487576));
#6681=CARTESIAN_POINT('',(1.3820793985,-6.0429435093,6.0647794389));
#6682=CARTESIAN_POINT('',(1.4038159133,-6.0363953173,6.0667715503));
#6683=CARTESIAN_POINT('',(1.4462096304,-6.0204104239,6.070641863));
#6684=CARTESIAN_POINT('',(1.4668666071,-6.010973808,6.072520043));
#6685=CARTESIAN_POINT('',(1.506725337,-5.9893835129,6.0761277163));
#6686=CARTESIAN_POINT('',(1.5259268775,-5.9772299478,6.0778571895));
#6687=CARTESIAN_POINT('',(1.5625247502,-5.9504258539,6.0811353364));
#6688=CARTESIAN_POINT('',(1.5799208861,-5.935775466,6.0826839915));
#6689=CARTESIAN_POINT('',(1.6125900371,-5.9042426496,6.0855716316));
#6690=CARTESIAN_POINT('',(1.6278628755,-5.8873603864,6.0869106002));
#6691=CARTESIAN_POINT('',(1.6419340361,-5.8695146768,6.0881321815));
#6692=CARTESIAN_POINT('',(1.4564746269,-6.0502207926,5.120006512));
#6693=CARTESIAN_POINT('',(1.4765180884,-6.0452950919,5.1220425667));
#6694=CARTESIAN_POINT('',(1.4962586203,-6.0391329183,5.1240467911));
#6695=CARTESIAN_POINT('',(1.5348410368,-6.0244276413,5.1279610225));
#6696=CARTESIAN_POINT('',(1.5536827847,-6.0158845903,5.129871015));
#6697=CARTESIAN_POINT('',(1.5901876617,-5.9965443029,5.1335675676));
#6698=CARTESIAN_POINT('',(1.6078506611,-5.9857471347,5.1353541138));
#6699=CARTESIAN_POINT('',(1.6417351776,-5.9620582015,5.1387763572));
#6700=CARTESIAN_POINT('',(1.6579565738,-5.9491665197,5.1404120414));
#6701=CARTESIAN_POINT('',(1.6887158953,-5.9214787155,5.1435073436));
#6702=CARTESIAN_POINT('',(1.7032537103,-5.9066826902,5.1449669497));
#6703=CARTESIAN_POINT('',(1.7168409696,-5.8910434523,5.1463271985));
#6704=CARTESIAN_POINT('',(1.6406646259,-6.0404677112,3.6412055649));
#6705=CARTESIAN_POINT('',(1.6568125688,-6.0360129584,3.6432490298));
#6706=CARTESIAN_POINT('',(1.6727364392,-6.0307396145,3.6452712754));
#6707=CARTESIAN_POINT('',(1.7039767538,-6.0186087437,3.6492527625));
#6708=CARTESIAN_POINT('',(1.7192931478,-6.0117512364,3.6512119974));
#6709=CARTESIAN_POINT('',(1.7491651067,-5.9965206432,3.6550475041));
#6710=CARTESIAN_POINT('',(1.7637206235,-5.9881475816,3.6569237695));
#6711=CARTESIAN_POINT('',(1.791924882,-5.9699694014,3.6605741948));
#6712=CARTESIAN_POINT('',(1.8055735782,-5.9601643117,3.6623483484));
#6713=CARTESIAN_POINT('',(1.8318271122,-5.9392197157,3.6657764134));
#6714=CARTESIAN_POINT('',(1.8444319075,-5.9280802426,3.6674303188));
#6715=CARTESIAN_POINT('',(1.8564513251,-5.9163289756,3.6690156273));
#6716=CARTESIAN_POINT('',(1.7140722161,-6.0343390049,3.1033628049));
#6717=CARTESIAN_POINT('',(1.7286467234,-6.0301168445,3.1054087726));
#6718=CARTESIAN_POINT('',(1.7430299038,-6.0252292599,3.1074374296));
#6719=CARTESIAN_POINT('',(1.7712976956,-6.0141628388,3.1114432826));
#6720=CARTESIAN_POINT('',(1.7851822776,-6.0079840137,3.1134204743));
#6721=CARTESIAN_POINT('',(1.8123408375,-5.9943849198,3.1173069551));
#6722=CARTESIAN_POINT('',(1.825614787,-5.986964665,3.1192162398));
#6723=CARTESIAN_POINT('',(1.851444856,-5.9709423276,3.1229510012));
#6724=CARTESIAN_POINT('',(1.8640009484,-5.9623402615,3.1247764736));
#6725=CARTESIAN_POINT('',(1.8882937177,-5.9440232648,3.1283283671));
#6726=CARTESIAN_POINT('',(1.9000303692,-5.934308353,3.1300547841));
#6727=CARTESIAN_POINT('',(1.9113097352,-5.9240758981,3.1317244454));
#6728=CARTESIAN_POINT('',(1.8552114516,-6.0139622729,2.2638220491));
#6729=CARTESIAN_POINT('',(1.866813901,-6.0103200748,2.2658712872));
#6730=CARTESIAN_POINT('',(1.8782822177,-6.0062454933,2.2679092071));
#6731=CARTESIAN_POINT('',(1.9008894409,-5.9972533718,2.2719513465));
#6732=CARTESIAN_POINT('',(1.9120283372,-5.9923358358,2.2739555642));
#6733=CARTESIAN_POINT('',(1.9339172785,-5.9816840275,2.2779194074));
#6734=CARTESIAN_POINT('',(1.9446673135,-5.9759497601,2.2798790311));
#6735=CARTESIAN_POINT('',(1.9657211186,-5.9636949855,2.2837430284));
#6736=CARTESIAN_POINT('',(1.9760248792,-5.9571744838,2.2856474));
#6737=CARTESIAN_POINT('',(1.9961310422,-5.9433818568,2.289390524));
#6738=CARTESIAN_POINT('',(2.0059334356,-5.9361097377,2.2912292745));
#6739=CARTESIAN_POINT('',(2.0154589046,-5.9284810872,2.2930302027));
#6740=CARTESIAN_POINT('',(1.9113632323,-6.0045180689,1.9601092798));
#6741=CARTESIAN_POINT('',(1.9217960132,-6.0011259513,1.9621595727));
#6742=CARTESIAN_POINT('',(1.9321165131,-5.9973842126,1.964200685));
#6743=CARTESIAN_POINT('',(1.952488909,-5.9892175295,1.9682555578));
#6744=CARTESIAN_POINT('',(1.962540799,-5.9847925874,1.970269317));
#6745=CARTESIAN_POINT('',(1.9823330439,-5.9752783908,1.9742606042));
#6746=CARTESIAN_POINT('',(1.992073393,-5.9701891391,1.976238131));
#6747=CARTESIAN_POINT('',(2.0112009235,-5.9593679926,1.9801482256));
#6748=CARTESIAN_POINT('',(2.0205880994,-5.953636101,1.9820807922));
#6749=CARTESIAN_POINT('',(2.0389691199,-5.941554031,1.9858924264));
#6750=CARTESIAN_POINT('',(2.0479629592,-5.9352038562,1.9877714928));
#6751=CARTESIAN_POINT('',(2.0567408682,-5.9285580103,1.9896196516));
#6752=CARTESIAN_POINT('',(2.0197932298,-5.9810457014,1.4897465631));
#6753=CARTESIAN_POINT('',(2.0279986309,-5.9782150772,1.4917983851));
#6754=CARTESIAN_POINT('',(2.0361280543,-5.9751604,1.4938442923));
#6755=CARTESIAN_POINT('',(2.0522123199,-5.9686114693,1.4979184702));
#6756=CARTESIAN_POINT('',(2.0601671601,-5.9651172165,1.4999467402));
#6757=CARTESIAN_POINT('',(2.0758801052,-5.9576988641,1.5039798833));
#6758=CARTESIAN_POINT('',(2.0836382082,-5.9537747652,1.5059847558));
#6759=CARTESIAN_POINT('',(2.0989360605,-5.9455076221,1.5099654074));
#6760=CARTESIAN_POINT('',(2.1064758078,-5.9411645788,1.511941186));
#6761=CARTESIAN_POINT('',(2.1213159224,-5.9320715924,1.5158580326));
#6762=CARTESIAN_POINT('',(2.1286162877,-5.9273216503,1.5177991001));
#6763=CARTESIAN_POINT('',(2.135786774,-5.9223748369,1.5197200511));
#6764=CARTESIAN_POINT('',(2.0627603513,-5.9709599232,1.3207794982));
#6765=CARTESIAN_POINT('',(2.0700881942,-5.9683634644,1.322831847));
#6766=CARTESIAN_POINT('',(2.0773536079,-5.9655875225,1.3248794449));
#6767=CARTESIAN_POINT('',(2.0917435986,-5.9596828004,1.32896047));
#6768=CARTESIAN_POINT('',(2.0988681746,-5.9565540207,1.3309938968));
#6769=CARTESIAN_POINT('',(2.1129608128,-5.9499505105,1.3350419401));
#6770=CARTESIAN_POINT('',(2.1199288739,-5.9464757806,1.3370565563));
#6771=CARTESIAN_POINT('',(2.1336931414,-5.9391880018,1.3410623796));
#6772=CARTESIAN_POINT('',(2.1404893466,-5.9353749535,1.3430535863));
#6773=CARTESIAN_POINT('',(2.1538949296,-5.9274188981,1.3470080421));
#6774=CARTESIAN_POINT('',(2.1605043062,-5.9232758915,1.3489712908));
#6775=CARTESIAN_POINT('',(2.1670129826,-5.9189724408,1.3509183164));
#6776=CARTESIAN_POINT('',(2.1466462061,-5.9479955741,1.0627689378));
#6777=CARTESIAN_POINT('',(2.1522718222,-5.9459073765,1.0648221137));
#6778=CARTESIAN_POINT('',(2.1578567762,-5.9437068783,1.0668723037));
#6779=CARTESIAN_POINT('',(2.1689375383,-5.9390843719,1.0709637733));
#6780=CARTESIAN_POINT('',(2.174433346,-5.9366623638,1.0730050528));
#6781=CARTESIAN_POINT('',(2.185328115,-5.9316002323,1.0770757747));
#6782=CARTESIAN_POINT('',(2.1907270761,-5.928960109,1.0791052169));
#6783=CARTESIAN_POINT('',(2.2014205837,-5.9234654407,1.083149354));
#6784=CARTESIAN_POINT('',(2.2067151299,-5.9206108959,1.0851640486));
#6785=CARTESIAN_POINT('',(2.2171923822,-5.9146913717,1.0891758001));
#6786=CARTESIAN_POINT('',(2.222375088,-5.9116263926,1.0911728568));
#6787=CARTESIAN_POINT('',(2.2274982369,-5.9084583343,1.0931596616));
#6788=CARTESIAN_POINT('',(2.1798484527,-5.9384401814,0.9708868435));
#6789=CARTESIAN_POINT('',(2.184802132,-5.9365603498,0.9729403177));
#6790=CARTESIAN_POINT('',(2.1897231255,-5.9345919608,0.9749914319));
#6791=CARTESIAN_POINT('',(2.1994944089,-5.930480209,0.9790866166));
#6792=CARTESIAN_POINT('',(2.2043446987,-5.9283368464,0.9811306871));
#6793=CARTESIAN_POINT('',(2.2139693172,-5.9238774743,0.9852094679));
#6794=CARTESIAN_POINT('',(2.2187436458,-5.9215614649,0.9872441781));
#6795=CARTESIAN_POINT('',(2.2282111649,-5.9167593091,0.9913019318));
#6796=CARTESIAN_POINT('',(2.2329043554,-5.9142731628,0.9933249752));
#6797=CARTESIAN_POINT('',(2.2422045072,-5.909133424,0.9973571012));
#6798=CARTESIAN_POINT('',(2.2468114684,-5.9064798315,0.9993661836));
#6799=CARTESIAN_POINT('',(2.251372815,-5.9037439501,1.0013671459));
#6800=CARTESIAN_POINT('',(2.2457908163,-5.9173435674,0.8346859775));
#6801=CARTESIAN_POINT('',(2.2494124982,-5.9159120266,0.8367399401));
#6802=CARTESIAN_POINT('',(2.2530137697,-5.9144268526,0.838792468));
#6803=CARTESIAN_POINT('',(2.2601730861,-5.9113502338,0.8428932409));
#6804=CARTESIAN_POINT('',(2.2637311311,-5.909758789,0.8449414858));
#6805=CARTESIAN_POINT('',(2.2708016169,-5.9064706935,0.8490322816));
#6806=CARTESIAN_POINT('',(2.2743140578,-5.9047740427,0.8510748325));
#6807=CARTESIAN_POINT('',(2.2812909875,-5.9012766689,0.8551528331));
#6808=CARTESIAN_POINT('',(2.2847554764,-5.8994759458,0.8571882827));
#6809=CARTESIAN_POINT('',(2.2916341854,-5.8957716288,0.8612506781));
#6810=CARTESIAN_POINT('',(2.2950484055,-5.8938680349,0.8632776238));
#6811=CARTESIAN_POINT('',(2.2984363492,-5.8919136399,0.865299619));
#6812=CARTESIAN_POINT('',(2.272154582,-5.9086169805,0.7866164534));
#6813=CARTESIAN_POINT('',(2.2752442213,-5.9073693637,0.7886705973));
#6814=CARTESIAN_POINT('',(2.2783178832,-5.90608038,0.7907236325));
#6815=CARTESIAN_POINT('',(2.2844317098,-5.9034203288,0.794826393));
#6816=CARTESIAN_POINT('',(2.2874718744,-5.9020492613,0.7968761183));
#6817=CARTESIAN_POINT('',(2.2935171809,-5.8992257334,0.8009711675));
#6818=CARTESIAN_POINT('',(2.2965223226,-5.897773273,0.8030164915));
#6819=CARTESIAN_POINT('',(2.3024960748,-5.8947876903,0.8071016493));
#6820=CARTESIAN_POINT('',(2.3054646853,-5.8932545681,0.8091414831));
#6821=CARTESIAN_POINT('',(2.3113638846,-5.8901084332,0.8132145743));
#6822=CARTESIAN_POINT('',(2.3142944735,-5.8884954206,0.8152478316));
#6823=CARTESIAN_POINT('',(2.3172053159,-5.8868428683,0.8172772593));
#6824=CARTESIAN_POINT('',(2.3200834294,-5.8914623988,0.7273453843));
#6825=CARTESIAN_POINT('',(2.3222049763,-5.8905709755,0.7293997948));
#6826=CARTESIAN_POINT('',(2.3243161538,-5.8896532503,0.7314534984));
#6827=CARTESIAN_POINT('',(2.328517069,-5.8877655018,0.735558795));
#6828=CARTESIAN_POINT('',(2.3306068067,-5.8867954784,0.7376103881));
#6829=CARTESIAN_POINT('',(2.3347641488,-5.884803456,0.7417107675));
#6830=CARTESIAN_POINT('',(2.3368317531,-5.8837814571,0.7437595538));
#6831=CARTESIAN_POINT('',(2.3409441418,-5.8816858235,0.7478536243));
#6832=CARTESIAN_POINT('',(2.3429889263,-5.8806121888,0.7498989085));
#6833=CARTESIAN_POINT('',(2.3470549963,-5.8784136407,0.7539852806));
#6834=CARTESIAN_POINT('',(2.349076282,-5.8772887272,0.7560263686));
#6835=CARTESIAN_POINT('',(2.3510854827,-5.8761383612,0.758065012));
#6836=CARTESIAN_POINT('',(2.3355122104,-5.8858139485,0.711016796));
#6837=CARTESIAN_POINT('',(2.3373220303,-5.8850393246,0.7130712861));
#6838=CARTESIAN_POINT('',(2.3391230456,-5.8842425411,0.71512518));
#6839=CARTESIAN_POINT('',(2.3427069668,-5.8826048769,0.7192311878));
#6840=CARTESIAN_POINT('',(2.3444898728,-5.8817639962,0.7212833016));
#6841=CARTESIAN_POINT('',(2.3480370806,-5.8800383718,0.7253851619));
#6842=CARTESIAN_POINT('',(2.3498013825,-5.8791536281,0.7274349083));
#6843=CARTESIAN_POINT('',(2.3533108922,-5.8773405241,0.7315314469));
#6844=CARTESIAN_POINT('',(2.3550561001,-5.8764121639,0.7335782392));
#6845=CARTESIAN_POINT('',(2.3585269376,-5.8745120855,0.7376682837));
#6846=CARTESIAN_POINT('',(2.3602525673,-5.8735403675,0.739711536));
#6847=CARTESIAN_POINT('',(2.3619681682,-5.8725471059,0.7417527258));
#6848=CARTESIAN_POINT('',(2.3645678217,-5.8747790382,0.6889341577));
#6849=CARTESIAN_POINT('',(2.3657898576,-5.8742312886,0.6909887764));
#6850=CARTESIAN_POINT('',(2.3670052225,-5.8736669772,0.6930429488));
#6851=CARTESIAN_POINT('',(2.3694223567,-5.8725053494,0.6971499605));
#6852=CARTESIAN_POINT('',(2.3706241258,-5.8719080328,0.6992027998));
#6853=CARTESIAN_POINT('',(2.3730138173,-5.87068052,0.7033067056));
#6854=CARTESIAN_POINT('',(2.3742017395,-5.8700503236,0.705357772));
#6855=CARTESIAN_POINT('',(2.376563489,-5.8687571833,0.7094576923));
#6856=CARTESIAN_POINT('',(2.3777373162,-5.8680942393,0.7115065461));
#6857=CARTESIAN_POINT('',(2.3800706304,-5.8667357429,0.7156016022));
#6858=CARTESIAN_POINT('',(2.3812301174,-5.8660401904,0.7176478044));
#6859=CARTESIAN_POINT('',(2.3823823131,-5.8653284067,0.7196924615));
#6860=CARTESIAN_POINT('',(2.3771729197,-5.8698984099,0.6813894173));
#6861=CARTESIAN_POINT('',(2.3781397846,-5.8694507091,0.6834440868));
#6862=CARTESIAN_POINT('',(2.379100713,-5.8689883579,0.6854983611));
#6863=CARTESIAN_POINT('',(2.3810105192,-5.8680344406,0.6896057296));
#6864=CARTESIAN_POINT('',(2.381959397,-5.8675428746,0.6916588238));
#6865=CARTESIAN_POINT('',(2.3838449261,-5.8665306192,0.6957634424));
#6866=CARTESIAN_POINT('',(2.3847815776,-5.8660099298,0.6978149669));
#6867=CARTESIAN_POINT('',(2.3866424807,-5.8649395245,0.7019160569));
#6868=CARTESIAN_POINT('',(2.3875667325,-5.8643898086,0.7039656223));
#6869=CARTESIAN_POINT('',(2.3894026653,-5.8632614528,0.7080624054));
#6870=CARTESIAN_POINT('',(2.3903143464,-5.8626828128,0.7101096231));
#6871=CARTESIAN_POINT('',(2.3912196578,-5.8620897647,0.7121554725));
#6872=CARTESIAN_POINT('',(2.4010312883,-5.8604121177,0.6725252604));
#6873=CARTESIAN_POINT('',(2.4015144898,-5.8601582009,0.6745800114));
#6874=CARTESIAN_POINT('',(2.4019926091,-5.8598918843,0.6766344273));
#6875=CARTESIAN_POINT('',(2.4029386091,-5.8593344935,0.6807422586));
#6876=CARTESIAN_POINT('',(2.4034064898,-5.8590434193,0.6827956741));
#6877=CARTESIAN_POINT('',(2.4043319398,-5.8584365589,0.6869011741));
#6878=CARTESIAN_POINT('',(2.4047895092,-5.8581207728,0.6889532587));
#6879=CARTESIAN_POINT('',(2.4056942657,-5.8574645383,0.6930557671));
#6880=CARTESIAN_POINT('',(2.4061414528,-5.8571240899,0.6951061908));
#6881=CARTESIAN_POINT('',(2.4070253755,-5.8564185845,0.6992050475));
#6882=CARTESIAN_POINT('',(2.4074621111,-5.8560535275,0.7012534805));
#6883=CARTESIAN_POINT('',(2.407893587,-5.8556761949,0.7033007533));
#6884=CARTESIAN_POINT('',(2.4121787331,-5.8558976221,0.6701750363));
#6885=CARTESIAN_POINT('',(2.4124357193,-5.85573571,0.6722298204));
#6886=CARTESIAN_POINT('',(2.4126878446,-5.8555619978,0.6742842854));
#6887=CARTESIAN_POINT('',(2.4131823351,-5.8551909997,0.6783922627));
#6888=CARTESIAN_POINT('',(2.4134247002,-5.8549937138,0.6804457749));
#6889=CARTESIAN_POINT('',(2.4138996333,-5.8545755984,0.6845515319));
#6890=CARTESIAN_POINT('',(2.4141322013,-5.8543547689,0.6866037767));
#6891=CARTESIAN_POINT('',(2.4145875048,-5.8538896002,0.6907066845));
#6892=CARTESIAN_POINT('',(2.4148102403,-5.8536452609,0.6927573476));
#6893=CARTESIAN_POINT('',(2.4152458449,-5.8531331099,0.6968567777));
#6894=CARTESIAN_POINT('',(2.415458714,-5.8528652981,0.6989055448));
#6895=CARTESIAN_POINT('',(2.4156666337,-5.8525857706,0.700953207));
#6896=CARTESIAN_POINT('',(2.4343138923,-5.8467470449,0.6695711921));
#6897=CARTESIAN_POINT('',(2.4341210223,-5.8467712016,0.6716260297));
#6898=CARTESIAN_POINT('',(2.4339233098,-5.8467837277,0.6736805523));
#6899=CARTESIAN_POINT('',(2.4335182297,-5.8467855167,0.6777886569));
#6900=CARTESIAN_POINT('',(2.4333108621,-5.8467747796,0.6798422389));
#6901=CARTESIAN_POINT('',(2.4328865033,-5.8467300438,0.6839481516));
#6902=CARTESIAN_POINT('',(2.4326695122,-5.846696045,0.6860004825));
#6903=CARTESIAN_POINT('',(2.4322259394,-5.846604791,0.6901035825));
#6904=CARTESIAN_POINT('',(2.4319993578,-5.8465475356,0.6921543518));
#6905=CARTESIAN_POINT('',(2.4315366386,-5.8464097769,0.6962540187));
#6906=CARTESIAN_POINT('',(2.431300501,-5.8463292736,0.6983029163));
#6907=CARTESIAN_POINT('',(2.4310596034,-5.8462371523,0.7003507232));
#6908=CARTESIAN_POINT('',(2.4455509905,-5.8420068282,0.6713335808));
#6909=CARTESIAN_POINT('',(2.445129402,-5.8421271667,0.6733884392));
#6910=CARTESIAN_POINT('',(2.444702765,-5.8422354409,0.6754429706));
#6911=CARTESIAN_POINT('',(2.4438394585,-5.8424278444,0.6795510571));
#6912=CARTESIAN_POINT('',(2.4434027891,-5.8425119738,0.6816046121));
#6913=CARTESIAN_POINT('',(2.4425194839,-5.8426560757,0.6857104233));
#6914=CARTESIAN_POINT('',(2.4420728482,-5.8427160482,0.6877626795));
#6915=CARTESIAN_POINT('',(2.4411696781,-5.8428118277,0.6918655709));
#6916=CARTESIAN_POINT('',(2.4407131438,-5.8428476348,0.6939162061));
#6917=CARTESIAN_POINT('',(2.4397902459,-5.8428950789,0.6980155337));
#6918=CARTESIAN_POINT('',(2.4393238823,-5.8429067159,0.7000642261));
#6919=CARTESIAN_POINT('',(2.4388526394,-5.8429062675,0.7021117862));
#6920=CARTESIAN_POINT('',(2.4695817771,-5.8316841209,0.679155423));
#6921=CARTESIAN_POINT('',(2.4686702469,-5.8320135846,0.681210312));
#6922=CARTESIAN_POINT('',(2.4677527878,-5.8323290405,0.6832648208));
#6923=CARTESIAN_POINT('',(2.4659061753,-5.8329318807,0.6873727026));
#6924=CARTESIAN_POINT('',(2.4649770218,-5.833219265,0.6894260757));
#6925=CARTESIAN_POINT('',(2.463107186,-5.8337659111,0.6935313113));
#6926=CARTESIAN_POINT('',(2.4621665038,-5.834025173,0.6955831738));
#6927=CARTESIAN_POINT('',(2.4602737783,-5.8345155285,0.6996850136));
#6928=CARTESIAN_POINT('',(2.459321735,-5.8347466222,0.7017349908));
#6929=CARTESIAN_POINT('',(2.4574064572,-5.8351806009,0.7058326859));
#6930=CARTESIAN_POINT('',(2.4564432227,-5.8353834858,0.7078804037));
#6931=CARTESIAN_POINT('',(2.4554744785,-5.8355722487,0.7099268048));
#6932=CARTESIAN_POINT('',(2.4822734583,-5.8260931719,0.6863231996));
#6933=CARTESIAN_POINT('',(2.4811025449,-5.8265356636,0.6883780943));
#6934=CARTESIAN_POINT('',(2.4799249067,-5.8269623599,0.6904325598));
#6935=CARTESIAN_POINT('',(2.4775564166,-5.8277840768,0.6945402091));
#6936=CARTESIAN_POINT('',(2.4763655649,-5.8281790973,0.6965933928));
#6937=CARTESIAN_POINT('',(2.4739708867,-5.8289373837,0.7006980556));
#6938=CARTESIAN_POINT('',(2.4727670602,-5.8293006497,0.7027495345));
#6939=CARTESIAN_POINT('',(2.4703466742,-5.8299953547,0.7068503649));
#6940=CARTESIAN_POINT('',(2.4691301145,-5.8303267938,0.7088997163));
#6941=CARTESIAN_POINT('',(2.4666845061,-5.8309577793,0.7129958693));
#6942=CARTESIAN_POINT('',(2.4654554574,-5.8312573257,0.7150426708));
#6943=CARTESIAN_POINT('',(2.4642202873,-5.831540896,0.7170879864));
#6944=CARTESIAN_POINT('',(2.5140817696,-5.8118270263,0.7098391898));
#6945=CARTESIAN_POINT('',(2.5122593973,-5.8125576195,0.7118940765));
#6946=CARTESIAN_POINT('',(2.5104276688,-5.8132665471,0.7139483732));
#6947=CARTESIAN_POINT('',(2.5067459974,-5.8146408794,0.7180552048));
#6948=CARTESIAN_POINT('',(2.5048960546,-5.815306284,0.7201077397));
#6949=CARTESIAN_POINT('',(2.5011784576,-5.8165933904,0.7242104661));
#6950=CARTESIAN_POINT('',(2.4993108035,-5.8172150922,0.7262606576));
#6951=CARTESIAN_POINT('',(2.495558292,-5.8184146249,0.7303581165));
#6952=CARTESIAN_POINT('',(2.4936734347,-5.8189924559,0.7324053839));
#6953=CARTESIAN_POINT('',(2.4898870294,-5.8201040912,0.7364964146));
#6954=CARTESIAN_POINT('',(2.4879854814,-5.8206378955,0.7385401778));
#6955=CARTESIAN_POINT('',(2.4860758469,-5.8211496146,0.7405818996));
#6956=CARTESIAN_POINT('',(2.5312970983,-5.803803513,0.7291785604));
#6957=CARTESIAN_POINT('',(2.529120477,-5.8046957899,0.7312334161));
#6958=CARTESIAN_POINT('',(2.5269323146,-5.8055615681,0.7332875493));
#6959=CARTESIAN_POINT('',(2.5225336457,-5.8072398364,0.7373936579));
#6960=CARTESIAN_POINT('',(2.5203231392,-5.8080523264,0.7394456333));
#6961=CARTESIAN_POINT('',(2.5158805274,-5.8096237449,0.7435467144));
#6962=CARTESIAN_POINT('',(2.5136484221,-5.8103826735,0.7455958201));
#6963=CARTESIAN_POINT('',(2.5091633654,-5.811846714,0.7496904509));
#6964=CARTESIAN_POINT('',(2.506910414,-5.8125518259,0.751735976));
#6965=CARTESIAN_POINT('',(2.5023844248,-5.8139079957,0.7558227357));
#6966=CARTESIAN_POINT('',(2.5001113869,-5.8145590536,0.7578639704));
#6967=CARTESIAN_POINT('',(2.497828689,-5.8151829749,0.7599027057));
#6968=CARTESIAN_POINT('',(2.5967988407,-5.7726363029,0.8167762187));
#6969=CARTESIAN_POINT('',(2.5932698576,-5.7741564198,0.8188308856));
#6970=CARTESIAN_POINT('',(2.5897192769,-5.7756281281,0.8208842274));
#6971=CARTESIAN_POINT('',(2.5825769467,-5.7784738949,0.8249869541));
#6972=CARTESIAN_POINT('',(2.5789851971,-5.7798479534,0.827036339));
#6973=CARTESIAN_POINT('',(2.5717625785,-5.7824976422,0.8311298477));
#6974=CARTESIAN_POINT('',(2.5681317094,-5.7837732725,0.8331739714));
#6975=CARTESIAN_POINT('',(2.5608329226,-5.7862253816,0.8372556563));
#6976=CARTESIAN_POINT('',(2.557165005,-5.7874018604,0.8392932175));
#6977=CARTESIAN_POINT('',(2.5497942134,-5.7896549986,0.8433604796));
#6978=CARTESIAN_POINT('',(2.5460913393,-5.7907316579,0.8453901805));
#6979=CARTESIAN_POINT('',(2.5423720427,-5.7917581014,0.8474153047));
#6980=CARTESIAN_POINT('',(2.6297451677,-5.7553409122,0.8963576581));
#6981=CARTESIAN_POINT('',(2.6255243351,-5.7572090228,0.8984120457));
#6982=CARTESIAN_POINT('',(2.6212723938,-5.7590087708,0.9004645556));
#6983=CARTESIAN_POINT('',(2.6127099596,-5.7624699984,0.9045639698));
#6984=CARTESIAN_POINT('',(2.6083994668,-5.7641314778,0.906610874));
#6985=CARTESIAN_POINT('',(2.5997236433,-5.7673147389,0.9106972309));
#6986=CARTESIAN_POINT('',(2.5953583127,-5.7688365204,0.9127366835));
#6987=CARTESIAN_POINT('',(2.586576573,-5.7717390709,0.9168062976));
#6988=CARTESIAN_POINT('',(2.5821601639,-5.77311984,0.918836459));
#6989=CARTESIAN_POINT('',(2.5732800688,-5.775739167,0.9228856586));
#6990=CARTESIAN_POINT('',(2.5688163829,-5.776977725,0.9249046967));
#6991=CARTESIAN_POINT('',(2.5643309792,-5.7781446365,0.9269172617));
#6992=CARTESIAN_POINT('',(2.7279953958,-5.7025237343,1.1613218968));
#6993=CARTESIAN_POINT('',(2.7216957004,-5.7054579821,1.1633751756));
#6994=CARTESIAN_POINT('',(2.7153320985,-5.7082571429,1.1654247185));
#6995=CARTESIAN_POINT('',(2.702487564,-5.7135807108,1.1695126559));
#6996=CARTESIAN_POINT('',(2.6960066319,-5.7161051176,1.1715510502));
#6997=CARTESIAN_POINT('',(2.682938105,-5.7208750299,1.1756130311));
#6998=CARTESIAN_POINT('',(2.6763505107,-5.7231205351,1.1776366176));
#6999=CARTESIAN_POINT('',(2.6630794961,-5.7273289353,1.181665347));
#7000=CARTESIAN_POINT('',(2.6563960762,-5.7292918302,1.1836704897));
#7001=CARTESIAN_POINT('',(2.642944399,-5.7329317456,1.1876587247));
#7002=CARTESIAN_POINT('',(2.6361761423,-5.734608766,1.1896418169));
#7003=CARTESIAN_POINT('',(2.629371029,-5.736141442,1.1916120977));
#7004=CARTESIAN_POINT('',(2.77306784,-5.6749697752,1.3566923897));
#7005=CARTESIAN_POINT('',(2.7657901231,-5.6784604347,1.3587446564));
#7006=CARTESIAN_POINT('',(2.758422752,-5.6817666775,1.3607917968));
#7007=CARTESIAN_POINT('',(2.7435262446,-5.688002496,1.3648707876));
#7008=CARTESIAN_POINT('',(2.7359971095,-5.6909320713,1.3669026376));
#7009=CARTESIAN_POINT('',(2.7207949888,-5.6964075818,1.3709460445));
#7010=CARTESIAN_POINT('',(2.7131220045,-5.6989535166,1.3729576011));
#7011=CARTESIAN_POINT('',(2.6976504308,-5.7036556499,1.3769554643));
#7012=CARTESIAN_POINT('',(2.6898518428,-5.7058118481,1.3789417706));
#7013=CARTESIAN_POINT('',(2.6741475989,-5.7097293022,1.3828842346));
#7014=CARTESIAN_POINT('',(2.6662419444,-5.7114905578,1.3848403919));
#7015=CARTESIAN_POINT('',(2.6582921503,-5.7130521901,1.38677906));
#7016=CARTESIAN_POINT('',(2.8543380039,-5.6236240974,1.7458209386));
#7017=CARTESIAN_POINT('',(2.8453311382,-5.6281295833,1.7478717022));
#7018=CARTESIAN_POINT('',(2.8361825843,-5.6323549946,1.7499146186));
#7019=CARTESIAN_POINT('',(2.8176359576,-5.6402300619,1.7539770653));
#7020=CARTESIAN_POINT('',(2.808237889,-5.643879716,1.7559965947));
#7021=CARTESIAN_POINT('',(2.78922701,-5.6505897614,1.7600046592));
#7022=CARTESIAN_POINT('',(2.7796142037,-5.6536501512,1.7619931934));
#7023=CARTESIAN_POINT('',(2.7602094114,-5.6591703121,1.7659317725));
#7024=CARTESIAN_POINT('',(2.7504174297,-5.6616300821,1.7678818166));
#7025=CARTESIAN_POINT('',(2.7306905061,-5.6659398403,1.7717360612));
#7026=CARTESIAN_POINT('',(2.7207555686,-5.6677898277,1.7736402607));
#7027=CARTESIAN_POINT('',(2.7107675239,-5.6693314556,1.7755179451));
#7028=CARTESIAN_POINT('',(2.8884290373,-5.600582449,1.9423936127));
#7029=CARTESIAN_POINT('',(2.8786944453,-5.6055399968,1.9444436324));
#7030=CARTESIAN_POINT('',(2.8687910993,-5.6101696131,1.9464844316));
#7031=CARTESIAN_POINT('',(2.8486902444,-5.6187527561,1.950538562));
#7032=CARTESIAN_POINT('',(2.8384927417,-5.62270628,1.9525518919));
#7033=CARTESIAN_POINT('',(2.817848202,-5.6299199303,1.9565421734));
#7034=CARTESIAN_POINT('',(2.8074011715,-5.6331800543,1.9585191237));
#7035=CARTESIAN_POINT('',(2.7863032864,-5.6389925956,1.9624278926));
#7036=CARTESIAN_POINT('',(2.7756524384,-5.6415450109,1.96435971));
#7037=CARTESIAN_POINT('',(2.7541935153,-5.6459308856,1.9681696554));
#7038=CARTESIAN_POINT('',(2.7433854469,-5.6477643435,1.9700477821));
#7039=CARTESIAN_POINT('',(2.7325224076,-5.6492342531,1.9718949014));
#7040=CARTESIAN_POINT('',(2.9805472441,-5.5358250858,2.5291024136));
#7041=CARTESIAN_POINT('',(2.9688406696,-5.5420488232,2.5311502105));
#7042=CARTESIAN_POINT('',(2.9568826821,-5.5478028566,2.5331846877));
#7043=CARTESIAN_POINT('',(2.9325384569,-5.5583357485,2.5372140058));
#7044=CARTESIAN_POINT('',(2.9201522344,-5.5631146004,2.539208844));
#7045=CARTESIAN_POINT('',(2.8950287634,-5.5716673168,2.5431461244));
#7046=CARTESIAN_POINT('',(2.8822915306,-5.5754411758,2.545088564));
#7047=CARTESIAN_POINT('',(2.8565454174,-5.5819602431,2.5489086081));
#7048=CARTESIAN_POINT('',(2.8435365531,-5.5847054472,2.5507862102));
#7049=CARTESIAN_POINT('',(2.8173282316,-5.5891498337,2.5544645375));
#7050=CARTESIAN_POINT('',(2.8041287909,-5.5908490132,2.5562652602));
#7051=CARTESIAN_POINT('',(2.7908751755,-5.5920196956,2.5580217592));
#7052=CARTESIAN_POINT('',(3.0294472178,-5.4977789373,2.9222264616));
#7053=CARTESIAN_POINT('',(3.01668565,-5.5047404865,2.9242727659));
#7054=CARTESIAN_POINT('',(3.0036148274,-5.5111387355,2.926303004));
#7055=CARTESIAN_POINT('',(2.9769539879,-5.5227601588,2.9303157091));
#7056=CARTESIAN_POINT('',(2.9633639956,-5.5279833224,2.9322981724));
#7057=CARTESIAN_POINT('',(2.9357680579,-5.5372148641,2.9362000394));
#7058=CARTESIAN_POINT('',(2.9217621379,-5.5412232337,2.9381194393));
#7059=CARTESIAN_POINT('',(2.8934407077,-5.5479945569,2.9418803624));
#7060=CARTESIAN_POINT('',(2.8791252236,-5.5507575042,2.943721882));
#7061=CARTESIAN_POINT('',(2.8502933704,-5.5550166588,2.9473128104));
#7062=CARTESIAN_POINT('',(2.8357770281,-5.5565128621,2.9490622158));
#7063=CARTESIAN_POINT('',(2.8212153692,-5.5573697667,2.9507587937));
#7064=CARTESIAN_POINT('',(3.1167620955,-5.426114742,3.7079028232));
#7065=CARTESIAN_POINT('',(3.102101611,-5.4344646028,3.7099459793));
#7066=CARTESIAN_POINT('',(3.0870122609,-5.4420657874,3.7119675623));
#7067=CARTESIAN_POINT('',(3.0561304061,-5.4556930595,3.7159466889));
#7068=CARTESIAN_POINT('',(3.0403379547,-5.4617191236,3.7179042255));
#7069=CARTESIAN_POINT('',(3.0082117239,-5.4721343741,3.7217350037));
#7070=CARTESIAN_POINT('',(2.9918779999,-5.4765235425,3.7236082384));
#7071=CARTESIAN_POINT('',(2.9588365647,-5.4836198669,3.7272510145));
#7072=CARTESIAN_POINT('',(2.9421289105,-5.4863270104,3.7290205494));
#7073=CARTESIAN_POINT('',(2.90851078,-5.4900312531,3.7324375824));
#7074=CARTESIAN_POINT('',(2.8916003618,-5.4910283457,3.7340850746));
#7075=CARTESIAN_POINT('',(2.8746751629,-5.4911650941,3.7356629978));
#7076=CARTESIAN_POINT('',(3.1547770831,-5.3926166875,4.1014762037));
#7077=CARTESIAN_POINT('',(3.1392810273,-5.4016143558,4.103517702));
#7078=CARTESIAN_POINT('',(3.1232941687,-5.4097713333,4.1055348597));
#7079=CARTESIAN_POINT('',(3.0905240384,-5.4243095544,4.1094969808));
#7080=CARTESIAN_POINT('',(3.0737408391,-5.430690766,4.1114419353));
#7081=CARTESIAN_POINT('',(3.0395725194,-5.4416034646,4.1152369494));
#7082=CARTESIAN_POINT('',(3.0221874745,-5.4461349274,4.1170870005));
#7083=CARTESIAN_POINT('',(2.987016897,-5.4532954236,4.1206706001));
#7084=CARTESIAN_POINT('',(2.9692314421,-5.4559244409,4.1224041404));
#7085=CARTESIAN_POINT('',(2.9334661202,-5.459249232,4.1257344522));
#7086=CARTESIAN_POINT('',(2.9154863322,-5.4599449981,4.1273312161));
#7087=CARTESIAN_POINT('',(2.8975135206,-5.4596698587,4.1288502504));
#7088=CARTESIAN_POINT('',(3.2588840183,-5.2963000005,5.2830797905));
#7089=CARTESIAN_POINT('',(3.2410720642,-5.3071648509,5.2851158519));
#7090=CARTESIAN_POINT('',(3.2225776311,-5.3169139677,5.2871192097));
#7091=CARTESIAN_POINT('',(3.1845086712,-5.3340310506,5.2910291553));
#7092=CARTESIAN_POINT('',(3.1649342917,-5.3413989507,5.2929357274));
#7093=CARTESIAN_POINT('',(3.1250069883,-5.3536399607,5.2966221775));
#7094=CARTESIAN_POINT('',(3.1046542188,-5.358513023,5.2984020408));
#7095=CARTESIAN_POINT('',(3.0634835624,-5.3656886381,5.3018070767));
#7096=CARTESIAN_POINT('',(3.0426658346,-5.3679911624,5.3034322357));
#7097=CARTESIAN_POINT('',(3.000885857,-5.3699890469,5.306502221));
#7098=CARTESIAN_POINT('',(2.9799237687,-5.3696843981,5.3079470349));
#7099=CARTESIAN_POINT('',(2.959050893,-5.3680776543,5.3092902346));
#7100=CARTESIAN_POINT('',(3.3152370741,-5.237544637,6.0726701783));
#7101=CARTESIAN_POINT('',(3.2961314409,-5.24955483,6.0747020091));
#7102=CARTESIAN_POINT('',(3.2762076978,-5.2602671324,6.0766954766));
#7103=CARTESIAN_POINT('',(3.2350856635,-5.2789020724,6.0805690982));
#7104=CARTESIAN_POINT('',(3.2138875928,-5.2868246103,6.0824492309));
#7105=CARTESIAN_POINT('',(3.1706018288,-5.2997359358,6.0860615842));
#7106=CARTESIAN_POINT('',(3.1485143674,-5.3047246535,6.0877937849));
#7107=CARTESIAN_POINT('',(3.103850788,-5.3116768578,6.0910783322));
#7108=CARTESIAN_POINT('',(3.0812749092,-5.3136403054,6.0926306606));
#7109=CARTESIAN_POINT('',(3.0360444183,-5.3145047311,6.0955267536));
#7110=CARTESIAN_POINT('',(3.0133900489,-5.3134057019,6.096870502));
#7111=CARTESIAN_POINT('',(2.9909021315,-5.310784288,6.0980974902));
#7112=CARTESIAN_POINT('',(3.4641579117,-5.0703165226,8.4384604807));
#7113=CARTESIAN_POINT('',(3.4414898957,-5.0856477664,8.4404757828));
#7114=CARTESIAN_POINT('',(3.4175724013,-5.0991299169,8.4424352797));
#7115=CARTESIAN_POINT('',(3.3678605649,-5.1220472601,8.4461903666));
#7116=CARTESIAN_POINT('',(3.3420667659,-5.1314822033,8.4479859136));
#7117=CARTESIAN_POINT('',(3.2892732575,-5.146058992,8.4513648973));
#7118=CARTESIAN_POINT('',(3.2622741238,-5.151200676,8.4529482949));
#7119=CARTESIAN_POINT('',(3.2077718782,-5.1570542893,8.4558601964));
#7120=CARTESIAN_POINT('',(3.1802693606,-5.1577661491,8.4571886662));
#7121=CARTESIAN_POINT('',(3.1254756638,-5.1547364175,8.4595544501));
#7122=CARTESIAN_POINT('',(3.0981850831,-5.1509948505,8.4605917359));
#7123=CARTESIAN_POINT('',(3.0713555469,-5.145071531,8.461469043));
#7124=CARTESIAN_POINT('',(3.5370083228,-4.9704643045,10.0168351468));
#7125=CARTESIAN_POINT('',(3.5124961414,-4.9877890564,10.0188374927));
#7126=CARTESIAN_POINT('',(3.4864246018,-5.002906616,10.0207722573));
#7127=CARTESIAN_POINT('',(3.4319909076,-5.0282495386,10.0244441638));
#7128=CARTESIAN_POINT('',(3.4036296387,-5.0384744908,10.0261812433));
#7129=CARTESIAN_POINT('',(3.3455176411,-5.0537061346,10.0294013651));
#7130=CARTESIAN_POINT('',(3.3157678557,-5.0587125724,10.0308843521));
#7131=CARTESIAN_POINT('',(3.2558238928,-5.0633439911,10.0335478342));
#7132=CARTESIAN_POINT('',(3.2256306892,-5.062968883,10.0347282826));
#7133=CARTESIAN_POINT('',(3.1657600038,-5.0568420469,10.0367477333));
#7134=CARTESIAN_POINT('',(3.1360834984,-5.0510903975,10.037586699));
#7135=CARTESIAN_POINT('',(3.1071377497,-5.0427369564,10.0382408422));
#7136=CARTESIAN_POINT('',(3.6408947309,-4.8106076348,12.6945713132));
#7137=CARTESIAN_POINT('',(3.6135783034,-4.8311916777,12.6965451128));
#7138=CARTESIAN_POINT('',(3.5841398041,-4.8489631733,12.6984307774));
#7139=CARTESIAN_POINT('',(3.5222461091,-4.8781410953,12.7019467813));
#7140=CARTESIAN_POINT('',(3.4897927098,-4.8895466756,12.7035770174));
#7141=CARTESIAN_POINT('',(3.4232253415,-4.9055153134,12.7065135062));
#7142=CARTESIAN_POINT('',(3.3891133036,-4.9100779051,12.7078196723));
#7143=CARTESIAN_POINT('',(3.3206540807,-4.9121678202,12.7100528552));
#7144=CARTESIAN_POINT('',(3.286308882,-4.9096950771,12.7109798055));
#7145=CARTESIAN_POINT('',(3.2188189788,-4.8978143316,12.7124151884));
#7146=CARTESIAN_POINT('',(3.1856762341,-4.8884066649,12.7129235777));
#7147=CARTESIAN_POINT('',(3.1538269093,-4.8757257281,12.713211749));
#7148=CARTESIAN_POINT('',(3.677295402,-4.7479764104,13.7938422733));
#7149=CARTESIAN_POINT('',(3.6489396108,-4.7698533604,13.795802671));
#7150=CARTESIAN_POINT('',(3.6182208404,-4.7886710401,13.7976663658));
#7151=CARTESIAN_POINT('',(3.5534625903,-4.8193281434,13.8011146943));
#7152=CARTESIAN_POINT('',(3.519425374,-4.8311664963,13.802699206));
#7153=CARTESIAN_POINT('',(3.4495910893,-4.8473209468,13.8055159882));
#7154=CARTESIAN_POINT('',(3.4137964604,-4.8516364758,13.8067481586));
#7155=CARTESIAN_POINT('',(3.342088886,-4.8525448066,13.8088031846));
#7156=CARTESIAN_POINT('',(3.3061784466,-4.8491375674,13.8096259665));
#7157=CARTESIAN_POINT('',(3.2358868407,-4.834752641,13.8108238715));
#7158=CARTESIAN_POINT('',(3.201508134,-4.8237754427,13.8111989509));
#7159=CARTESIAN_POINT('',(3.1686834184,-4.8092621688,13.8113412815));
#7160=CARTESIAN_POINT('',(3.7092597768,-4.6876326078,14.8933039592));
#7161=CARTESIAN_POINT('',(3.6799381629,-4.7107723976,14.8952488627));
#7162=CARTESIAN_POINT('',(3.6480034258,-4.7306072754,14.8970883547));
#7163=CARTESIAN_POINT('',(3.580503996,-4.7626757402,14.9004645668));
#7164=CARTESIAN_POINT('',(3.5449421498,-4.7749079747,14.9020011445));
#7165=CARTESIAN_POINT('',(3.4719717901,-4.7911570075,14.904694436));
#7166=CARTESIAN_POINT('',(3.4345663541,-4.7951731205,14.9058510362));
#7167=CARTESIAN_POINT('',(3.3597847182,-4.7947877899,14.9077263314));
#7168=CARTESIAN_POINT('',(3.3224116722,-4.7903863627,14.9084449475));
#7169=CARTESIAN_POINT('',(3.2495692539,-4.7733859942,14.9094081956));
#7170=CARTESIAN_POINT('',(3.2141029537,-4.7607877699,14.909652787));
#7171=CARTESIAN_POINT('',(3.1804779718,-4.744406373,14.9096542328));
#7172=B_SPLINE_SURFACE_WITH_KNOTS('',3,3,((#6596,#6597,#6598,#6599,#6600,#6601,#6602,#6603,#6604,#6605,#6606,#6607),
    (#6608,#6609,#6610,#6611,#6612,#6613,#6614,#6615,#6616,#6617,#6618,#6619),
    (#6620,#6621,#6622,#6623,#6624,#6625,#6626,#6627,#6628,#6629,#6630,#6631),
    (#6632,#6633,#6634,#6635,#6636,#6637,#6638,#6639,#6640,#6641,#6642,#6643),
    (#6644,#6645,#6646,#6647,#6648,#6649,#6650,#6651,#6652,#6653,#6654,#6655),
    (#6656,#6657,#6658,#6659,#6660,#6661,#6662,#6663,#6664,#6665,#6666,#6667),
    (#6668,#6669,#6670,#6671,#6672,#6673,#6674,#6675,#6676,#6677,#6678,#6679),
    (#6680,#6681,#6682,#6683,#6684,#6685,#6686,#6687,#6688,#6689,#6690,#6691),
    (#6692,#6693,#6694,#6695,#6696,#6697,#6698,#6699,#6700,#6701,#6702,#6703),
    (#6704,#6705,#6706,#6707,#6708,#6709,#6710,#6711,#6712,#6713,#6714,#6715),
    (#6716,#6717,#6718,#6719,#6720,#6721,#6722,#6723,#6724,#6725,#6726,#6727),
    (#6728,#6729,#6730,#6731,#6732,#6733,#6734,#6735,#6736,#6737,#6738,#6739),
    (#6740,#6741,#6742,#6743,#6744,#6745,#6746,#6747,#6748,#6749,#6750,#6751),
    (#6752,#6753,#6754,#6755,#6756,#6757,#6758,#6759,#6760,#6761,#6762,#6763),
    (#6764,#6765,#6766,#6767,#6768,#6769,#6770,#6771,#6772,#6773,#6774,#6775),
    (#6776,#6777,#6778,#6779,#6780,#6781,#6782,#6783,#6784,#6785,#6786,#6787),
    (#6788,#6789,#6790,#6791,#6792,#6793,#6794,#6795,#6796,#6797,#6798,#6799),
    (#6800,#6801,#6802,#6803,#6804,#6805,#6806,#6807,#6808,#6809,#6810,#6811),
    (#6812,#6813,#6814,#6815,#6816,#6817,#6818,#6819,#6820,#6821,#6822,#6823),
    (#6824,#6825,#6826,#6827,#6828,#6829,#6830,#6831,#6832,#6833,#6834,#6835),
    (#6836,#6837,#6838,#6839,#6840,#6841,#6842,#6843,#6844,#6845,#6846,#6847),
    (#6848,#6849,#6850,#6851,#6852,#6853,#6854,#6855,#6856,#6857,#6858,#6859),
    (#6860,#6861,#6862,#6863,#6864,#6865,#6866,#6867,#6868,#6869,#6870,#6871),
    (#6872,#6873,#6874,#6875,#6876,#6877,#6878,#6879,#6880,#6881,#6882,#6883),
    (#6884,#6885,#6886,#6887,#6888,#6889,#6890,#6891,#6892,#6893,#6894,#6895),
    (#6896,#6897,#6898,#6899,#6900,#6901,#6902,#6903,#6904,#6905,#6906,#6907),
    (#6908,#6909,#6910,#6911,#6912,#6913,#6914,#6915,#6916,#6917,#6918,#6919),
    (#6920,#6921,#6922,#6923,#6924,#6925,#6926,#6927,#6928,#6929,#6930,#6931),
    (#6932,#6933,#6934,#6935,#6936,#6937,#6938,#6939,#6940,#6941,#6942,#6943),
    (#6944,#6945,#6946,#6947,#6948,#6949,#6950,#6951,#6952,#6953,#6954,#6955),
    (#6956,#6957,#6958,#6959,#6960,#6961,#6962,#6963,#6964,#6965,#6966,#6967),
    (#6968,#6969,#6970,#6971,#6972,#6973,#6974,#6975,#6976,#6977,#6978,#6979),
    (#6980,#6981,#6982,#6983,#6984,#6985,#6986,#6987,#6988,#6989,#6990,#6991),
    (#6992,#6993,#6994,#6995,#6996,#6997,#6998,#6999,#7000,#7001,#7002,#7003),
    (#7004,#7005,#7006,#7007,#7008,#7009,#7010,#7011,#7012,#7013,#7014,#7015),
    (#7016,#7017,#7018,#7019,#7020,#7021,#7022,#7023,#7024,#7025,#7026,#7027),
    (#7028,#7029,#7030,#7031,#7032,#7033,#7034,#7035,#7036,#7037,#7038,#7039),
    (#7040,#7041,#7042,#7043,#7044,#7045,#7046,#7047,#7048,#7049,#7050,#7051),
    (#7052,#7053,#7054,#7055,#7056,#7057,#7058,#7059,#7060,#7061,#7062,#7063),
    (#7064,#7065,#7066,#7067,#7068,#7069,#7070,#7071,#7072,#7073,#7074,#7075),
    (#7076,#7077,#7078,#7079,#7080,#7081,#7082,#7083,#7084,#7085,#7086,#7087),
    (#7088,#7089,#7090,#7091,#7092,#7093,#7094,#7095,#7096,#7097,#7098,#7099),
    (#7100,#7101,#7102,#7103,#7104,#7105,#7106,#7107,#7108,#7109,#7110,#7111),
    (#7112,#7113,#7114,#7115,#7116,#7117,#7118,#7119,#7120,#7121,#7122,#7123),
    (#7124,#7125,#7126,#7127,#7128,#7129,#7130,#7131,#7132,#7133,#7134,#7135),
    (#7136,#7137,#7138,#7139,#7140,#7141,#7142,#7143,#7144,#7145,#7146,#7147),
    (#7148,#7149,#7150,#7151,#7152,#7153,#7154,#7155,#7156,#7157,#7158,#7159),
    (#7160,#7161,#7162,#7163,#7164,#7165,#7166,#7167,#7168,#7169,#7170,#7171)),.UNSPECIFIED.,.F.,.F.,.U.,
 (4,2,2,2,2,2,2,2,2,2,2,2,2,2,2,2,2,2,2,2,
    2,2,2,4),(4,2,2,2,2,4),
  (0.0,0.0035539662,0.1389516732,0.2743527194,0.3729042585,0.4293110671,0.4613650261,0.4794187656,0.4894891403,0.4950746086,
    0.4973565475,0.498838323,0.4999856075,0.5011357635,0.5026222167,0.5052789179,0.514090971,0.5348631638,0.5556353567,0.5968875068,
    0.638139657,0.7206439574,0.8853567968,1.0),(0.0,0.2,0.4,0.6,0.8,1.0),.UNSPECIFIED.);
#7173=ADVANCED_FACE('n° 1126',(#6595),#7172,.T.);
#7174=ORIENTED_EDGE('',*,*,#6543,.T.);
#7175=ORIENTED_EDGE('',*,*,#1855,.F.);
#7176=CARTESIAN_POINT('',(3.3990968882,-4.2956596111,14.8808078637));
#7177=DIRECTION('',(0.8750213244,-0.4393544138,-0.2032372526));
#7178=DIRECTION('',(0.4487194026,0.8936727017,0.0));
#7179=AXIS2_PLACEMENT_3D('',#7176,#7177,#7178);
#7180=CIRCLE('',#7179,0.5);
#7181=EDGE_CURVE('n° 1231',#1079,#1837,#7180,.T.);
#7182=ORIENTED_EDGE('',*,*,#7181,.F.);
#7183=ORIENTED_EDGE('',*,*,#1095,.F.);
#7184=EDGE_LOOP('',(#7174,#7175,#7182,#7183));
#7185=FACE_OUTER_BOUND('',#7184,.T.);
#7186=CARTESIAN_POINT('',(1.105767015,-5.6040598706,14.9096746653));
#7187=CARTESIAN_POINT('',(1.1001027502,-5.6122745813,14.9558501192));
#7188=CARTESIAN_POINT('',(1.0880797145,-5.6182906405,15.0016315184));
#7189=CARTESIAN_POINT('',(1.0522705605,-5.6254478657,15.0887718091));
#7190=CARTESIAN_POINT('',(1.02848828,-5.6265882646,15.1301213617));
#7191=CARTESIAN_POINT('',(0.9710562901,-5.6239021034,15.2050967091));
#7192=CARTESIAN_POINT('',(0.9374127358,-5.6200758312,15.2387144688));
#7193=CARTESIAN_POINT('',(0.8629413328,-5.6077606557,15.2955413835));
#7194=CARTESIAN_POINT('',(0.8221214653,-5.5992730722,15.3187444482));
#7195=CARTESIAN_POINT('',(0.7365539208,-5.5783117083,15.3528877961));
#7196=CARTESIAN_POINT('',(0.6918154142,-5.5658401744,15.36382442));
#7197=CARTESIAN_POINT('',(0.646897977,-5.5518728206,15.368191887));
#7198=CARTESIAN_POINT('',(1.1569479337,-5.4471760843,14.9593162347));
#7199=CARTESIAN_POINT('',(1.1504406711,-5.4535978583,15.0046770243));
#7200=CARTESIAN_POINT('',(1.1380994272,-5.4571954895,15.0496116606));
#7201=CARTESIAN_POINT('',(1.1026884921,-5.4584769831,15.1352145438));
#7202=CARTESIAN_POINT('',(1.0796222694,-5.4561607735,15.1758744113));
#7203=CARTESIAN_POINT('',(1.0245199182,-5.4458021291,15.2498214516));
#7204=CARTESIAN_POINT('',(0.9924891713,-5.4377607801,15.2831013831));
#7205=CARTESIAN_POINT('',(0.92189882,-5.416579603,15.33974453));
#7206=CARTESIAN_POINT('',(0.8833461016,-5.4034419326,15.3631021932));
#7207=CARTESIAN_POINT('',(0.8026496191,-5.3730869914,15.3981130212));
#7208=CARTESIAN_POINT('',(0.7605137231,-5.3558727827,15.4097627453));
#7209=CARTESIAN_POINT('',(0.718187867,-5.3372842659,15.4151126537));
#7210=CARTESIAN_POINT('',(1.2380021982,-5.2916450509,15.0022014062));
#7211=CARTESIAN_POINT('',(1.2312883467,-5.2961591476,15.0469348425));
#7212=CARTESIAN_POINT('',(1.2192697557,-5.2973749608,15.0912217413));
#7213=CARTESIAN_POINT('',(1.1855040038,-5.2931252883,15.1756507476));
#7214=CARTESIAN_POINT('',(1.1637599193,-5.2876602173,15.2157851324));
#7215=CARTESIAN_POINT('',(1.1121424626,-5.2704569612,15.2889467405));
#7216=CARTESIAN_POINT('',(1.0822737913,-5.2587203822,15.3219672708));
#7217=CARTESIAN_POINT('',(1.016604696,-5.2298463055,15.3784629218));
#7218=CARTESIAN_POINT('',(0.9808102517,-5.212711486,15.4019328723));
#7219=CARTESIAN_POINT('',(0.9059237312,-5.1743123223,15.4375930257));
#7220=CARTESIAN_POINT('',(0.8668384739,-5.1530515297,15.4497799621));
#7221=CARTESIAN_POINT('',(0.8275428639,-5.1305141244,15.4558757688));
#7222=CARTESIAN_POINT('',(1.4433688698,-5.020587599,15.0684117429));
#7223=CARTESIAN_POINT('',(1.4373312596,-5.0214840022,15.1121340338));
#7224=CARTESIAN_POINT('',(1.4270987142,-5.0182474677,15.1553801288));
#7225=CARTESIAN_POINT('',(1.3989510011,-5.0037374827,15.2379240434));
#7226=CARTESIAN_POINT('',(1.3810381099,-4.9924652393,15.2772151501));
#7227=CARTESIAN_POINT('',(1.3387716144,-4.962673509,15.3491136539));
#7228=CARTESIAN_POINT('',(1.314421426,-4.9441564789,15.3817152029));
#7229=CARTESIAN_POINT('',(1.2609688635,-4.9011704336,15.4379640318));
#7230=CARTESIAN_POINT('',(1.2318708084,-4.876704953,15.4616067345));
#7231=CARTESIAN_POINT('',(1.1709406408,-4.8235322282,15.4982900851));
#7232=CARTESIAN_POINT('',(1.1391134514,-4.7948293492,15.511327745));
#7233=CARTESIAN_POINT('',(1.1070231724,-4.7650084149,15.5186091857));
#7234=CARTESIAN_POINT('',(1.570991934,-4.9025462405,15.0920749513));
#7235=CARTESIAN_POINT('',(1.5659508855,-4.9016779818,15.1354199895));
#7236=CARTESIAN_POINT('',(1.5573260338,-4.8963104729,15.1782801528));
#7237=CARTESIAN_POINT('',(1.5334918548,-4.876941726,15.2601263708));
#7238=CARTESIAN_POINT('',(1.5182843752,-4.8629420014,15.2991060539));
#7239=CARTESIAN_POINT('',(1.4823171406,-4.8272619332,15.3705371521));
#7240=CARTESIAN_POINT('',(1.4615601751,-4.8055843743,15.4029830063));
#7241=CARTESIAN_POINT('',(1.4159035579,-4.7560248433,15.4591366333));
#7242=CARTESIAN_POINT('',(1.3910074479,-4.7281467373,15.4828400343));
#7243=CARTESIAN_POINT('',(1.3387637519,-4.6680848253,15.5198936957));
#7244=CARTESIAN_POINT('',(1.3114202193,-4.6359057037,15.533241071));
#7245=CARTESIAN_POINT('',(1.2837799087,-4.6026696647,15.5409566888));
#7246=CARTESIAN_POINT('',(1.8043451131,-4.7536911544,15.11055692));
#7247=CARTESIAN_POINT('',(1.801455438,-4.750926699,15.1536257646));
#7248=CARTESIAN_POINT('',(1.7958953503,-4.7432034944,15.1962032211));
#7249=CARTESIAN_POINT('',(1.7798043725,-4.7183546221,15.2775381281));
#7250=CARTESIAN_POINT('',(1.7692746907,-4.7012308268,15.3162894571));
#7251=CARTESIAN_POINT('',(1.74394787,-4.6587261119,15.3873775928));
#7252=CARTESIAN_POINT('',(1.7291526335,-4.6333483941,15.4197090492));
#7253=CARTESIAN_POINT('',(1.6962834793,-4.5760339484,15.4757922549));
#7254=CARTESIAN_POINT('',(1.6782120309,-4.5441015374,15.4995397831));
#7255=CARTESIAN_POINT('',(1.6399985448,-4.4758148976,15.5368641962));
#7256=CARTESIAN_POINT('',(1.6198593782,-4.4394658117,15.5504382718));
#7257=CARTESIAN_POINT('',(1.5993582286,-4.4021224075,15.5584719239));
#7258=CARTESIAN_POINT('',(1.8991259696,-4.7063692429,15.1133956566));
#7259=CARTESIAN_POINT('',(1.8971795308,-4.7030551289,15.1564214994));
#7260=CARTESIAN_POINT('',(1.8929069118,-4.694627843,15.198954941));
#7261=CARTESIAN_POINT('',(1.8799934149,-4.6681069879,15.2802101101));
#7262=CARTESIAN_POINT('',(1.8713535047,-4.650015404,15.3189257539));
#7263=CARTESIAN_POINT('',(1.850281785,-4.6053722816,15.3899599911));
#7264=CARTESIAN_POINT('',(1.8378515542,-4.5788240853,15.4222732661));
#7265=CARTESIAN_POINT('',(1.8100287383,-4.5190388164,15.4783444821));
#7266=CARTESIAN_POINT('',(1.7946382374,-4.4858062196,15.5020982248));
#7267=CARTESIAN_POINT('',(1.7619222172,-4.4148697503,15.5394632269));
#7268=CARTESIAN_POINT('',(1.7445991485,-4.3771711885,15.5530716885));
#7269=CARTESIAN_POINT('',(1.7268868337,-4.3384950326,15.5611538782));
#7270=CARTESIAN_POINT('',(2.1463314009,-4.6143925874,15.1096208217));
#7271=CARTESIAN_POINT('',(2.1470349604,-4.6101903697,15.1527042693));
#7272=CARTESIAN_POINT('',(2.1463371801,-4.6005078039,15.1952966057));
#7273=CARTESIAN_POINT('',(2.142185791,-4.5708276768,15.2766582298));
#7274=CARTESIAN_POINT('',(2.138732497,-4.550832353,15.3154213821));
#7275=CARTESIAN_POINT('',(2.1293014886,-4.5018646714,15.3865269394));
#7276=CARTESIAN_POINT('',(2.1233244876,-4.4728960054,15.4188639825));
#7277=CARTESIAN_POINT('',(2.1092467074,-4.4079209703,15.4749497775));
#7278=CARTESIAN_POINT('',(2.1011469925,-4.3719194999,15.4986943));
#7279=CARTESIAN_POINT('',(2.0833667818,-4.2952896458,15.5360028779));
#7280=CARTESIAN_POINT('',(2.0736876298,-4.2546670395,15.5495641197));
#7281=CARTESIAN_POINT('',(2.0635425538,-4.2130913542,15.5575800574));
#7282=CARTESIAN_POINT('',(2.307498425,-4.5844019226,15.0964890912));
#7283=CARTESIAN_POINT('',(2.3100326315,-4.5801943584,15.1397762102));
#7284=CARTESIAN_POINT('',(2.3117647665,-4.5703144876,15.1825767371));
#7285=CARTESIAN_POINT('',(2.3135110127,-4.5398777836,15.2643149606));
#7286=CARTESIAN_POINT('',(2.3135250068,-4.5193233036,15.3032463431));
#7287=CARTESIAN_POINT('',(2.3118383306,-4.4689301412,15.3746051768));
#7288=CARTESIAN_POINT('',(2.3101378148,-4.4390953524,15.4070271154));
#7289=CARTESIAN_POINT('',(2.3051429296,-4.3721636971,15.4631669227));
#7290=CARTESIAN_POINT('',(2.3018489747,-4.3350720008,15.4868804535));
#7291=CARTESIAN_POINT('',(2.2938968783,-4.2561409381,15.5239934252));
#7292=CARTESIAN_POINT('',(2.2892393823,-4.2143076679,15.5373899972));
#7293=CARTESIAN_POINT('',(2.2840610399,-4.1715186887,15.5451741565));
#7294=CARTESIAN_POINT('',(2.6284719503,-4.5772827873,15.0518259292));
#7295=CARTESIAN_POINT('',(2.6342522055,-4.5740905814,15.0957873003));
#7296=CARTESIAN_POINT('',(2.6404431121,-4.5649453312,15.139279448));
#7297=CARTESIAN_POINT('',(2.6532141633,-4.5353920379,15.2222688539));
#7298=CARTESIAN_POINT('',(2.6597932558,-4.5149864724,15.2617591611));
#7299=CARTESIAN_POINT('',(2.6728806777,-4.4643518459,15.333955726));
#7300=CARTESIAN_POINT('',(2.6793879345,-4.4341270268,15.3666559363));
#7301=CARTESIAN_POINT('',(2.6918778242,-4.3659865109,15.4229620147));
#7302=CARTESIAN_POINT('',(2.697859439,-4.3280765211,15.4465631655));
#7303=CARTESIAN_POINT('',(2.7088819747,-4.2472410816,15.4830027661));
#7304=CARTESIAN_POINT('',(2.7139220029,-4.2043224014,15.4958381617));
#7305=CARTESIAN_POINT('',(2.7183170104,-4.1604106928,15.5028378806));
#7306=CARTESIAN_POINT('',(2.7898858421,-4.6003357057,15.0196157702));
#7307=CARTESIAN_POINT('',(2.7971882904,-4.5981943325,15.0640744931));
#7308=CARTESIAN_POINT('',(2.8055652218,-4.5899990276,15.1080777542));
#7309=CARTESIAN_POINT('',(2.8238667359,-4.5620967203,15.1919925397));
#7310=CARTESIAN_POINT('',(2.8337897269,-4.5423922091,15.2318966305));
#7311=CARTESIAN_POINT('',(2.8544701576,-4.4929046623,15.3047135556));
#7312=CARTESIAN_POINT('',(2.865225809,-4.4631260299,15.3376199378));
#7313=CARTESIAN_POINT('',(2.8868001982,-4.3956553594,15.3940493206));
#7314=CARTESIAN_POINT('',(2.8976170788,-4.3579693167,15.4175673182));
#7315=CARTESIAN_POINT('',(2.9185395976,-4.2774235329,15.453508774));
#7316=CARTESIAN_POINT('',(2.928643442,-4.2345709444,15.465929041));
#7317=CARTESIAN_POINT('',(2.9380306593,-4.1906891438,15.4723490527));
#7318=CARTESIAN_POINT('',(3.0233822008,-4.6726893352,14.9588985375));
#7319=CARTESIAN_POINT('',(3.0323759089,-4.6727056119,15.0043044071));
#7320=CARTESIAN_POINT('',(3.0435190601,-4.6666281609,15.0492868676));
#7321=CARTESIAN_POINT('',(3.0692563135,-4.6427500133,15.1349771325));
#7322=CARTESIAN_POINT('',(3.0838478855,-4.6249516775,15.1756764845));
#7323=CARTESIAN_POINT('',(3.1153670819,-4.5789938895,15.2496821352));
#7324=CARTESIAN_POINT('',(3.1322916098,-4.5508389761,15.2829811335));
#7325=CARTESIAN_POINT('',(3.1671836054,-4.4863237015,15.3396338034));
#7326=CARTESIAN_POINT('',(3.1851476468,-4.4499697095,15.3629818855));
#7327=CARTESIAN_POINT('',(3.2207461422,-4.3718403543,15.3979420028));
#7328=CARTESIAN_POINT('',(3.2383771021,-4.3300727028,15.4095505875));
#7329=CARTESIAN_POINT('',(3.2551697213,-4.2871939863,15.4148451322));
#7330=CARTESIAN_POINT('',(3.10410217,-4.7055657888,14.9350436112));
#7331=CARTESIAN_POINT('',(3.1135803944,-4.7064552472,14.9808237229));
#7332=CARTESIAN_POINT('',(3.1256038847,-4.7012588973,15.0261940188));
#7333=CARTESIAN_POINT('',(3.1538077383,-4.6791002039,15.1125879273));
#7334=CARTESIAN_POINT('',(3.1699852143,-4.6621401451,15.153602669));
#7335=CARTESIAN_POINT('',(3.2052358081,-4.6177789084,15.2280792117));
#7336=CARTESIAN_POINT('',(3.2243053208,-4.5903822956,15.2615333648));
#7337=CARTESIAN_POINT('',(3.2638534042,-4.5272887937,15.3182725012));
#7338=CARTESIAN_POINT('',(3.2843279327,-4.4915983934,15.3415516567));
#7339=CARTESIAN_POINT('',(3.3250899686,-4.4147067567,15.3761189592));
#7340=CARTESIAN_POINT('',(3.3453733115,-4.3735134259,15.3874035535));
#7341=CARTESIAN_POINT('',(3.3647725365,-4.3311746817,15.3922500866));
#7342=CARTESIAN_POINT('',(3.1804779719,-4.7444063731,14.909654233));
#7343=CARTESIAN_POINT('',(3.1902936691,-4.7462197531,14.9558350427));
#7344=CARTESIAN_POINT('',(3.2030559087,-4.7419825764,15.0016219708));
#7345=CARTESIAN_POINT('',(3.2334600768,-4.7217435659,15.0887723165));
#7346=CARTESIAN_POINT('',(3.2510987452,-4.7057439023,15.1301263895));
#7347=CARTESIAN_POINT('',(3.2898486384,-4.6632547242,15.2051085825));
#7348=CARTESIAN_POINT('',(3.3109557081,-4.6367697657,15.2387286627));
#7349=CARTESIAN_POINT('',(3.3549580704,-4.5754221689,15.295557161));
#7350=CARTESIAN_POINT('',(3.3778486448,-4.5405661086,15.3187594858));
#7351=CARTESIAN_POINT('',(3.4235909357,-4.4652572372,15.3528978874));
#7352=CARTESIAN_POINT('',(3.4464377476,-4.4248125012,15.3638303038));
#7353=CARTESIAN_POINT('',(3.4683531412,-4.3831832381,15.3681918872));
#7354=B_SPLINE_SURFACE_WITH_KNOTS('',3,3,((#7186,#7187,#7188,#7189,#7190,#7191,#7192,#7193,#7194,#7195,#7196,#7197),
    (#7198,#7199,#7200,#7201,#7202,#7203,#7204,#7205,#7206,#7207,#7208,#7209),
    (#7210,#7211,#7212,#7213,#7214,#7215,#7216,#7217,#7218,#7219,#7220,#7221),
    (#7222,#7223,#7224,#7225,#7226,#7227,#7228,#7229,#7230,#7231,#7232,#7233),
    (#7234,#7235,#7236,#7237,#7238,#7239,#7240,#7241,#7242,#7243,#7244,#7245),
    (#7246,#7247,#7248,#7249,#7250,#7251,#7252,#7253,#7254,#7255,#7256,#7257),
    (#7258,#7259,#7260,#7261,#7262,#7263,#7264,#7265,#7266,#7267,#7268,#7269),
    (#7270,#7271,#7272,#7273,#7274,#7275,#7276,#7277,#7278,#7279,#7280,#7281),
    (#7282,#7283,#7284,#7285,#7286,#7287,#7288,#7289,#7290,#7291,#7292,#7293),
    (#7294,#7295,#7296,#7297,#7298,#7299,#7300,#7301,#7302,#7303,#7304,#7305),
    (#7306,#7307,#7308,#7309,#7310,#7311,#7312,#7313,#7314,#7315,#7316,#7317),
    (#7318,#7319,#7320,#7321,#7322,#7323,#7324,#7325,#7326,#7327,#7328,#7329),
    (#7330,#7331,#7332,#7333,#7334,#7335,#7336,#7337,#7338,#7339,#7340,#7341),
    (#7342,#7343,#7344,#7345,#7346,#7347,#7348,#7349,#7350,#7351,#7352,#7353)),.UNSPECIFIED.,.F.,.F.,.U.,
 (4,2,2,2,2,2,4),(4,2,2,2,2,4),(0.0,0.1990686855,0.4002880222,0.5217338884,0.7099810444,0.8979604356,1.0),(0.0,0.2,0.4,0.6,0.8,1.0),.UNSPECIFIED.);
#7355=ADVANCED_FACE('n° 1128',(#7185),#7354,.T.);
#7356=ORIENTED_EDGE('',*,*,#6574,.T.);
#7357=ORIENTED_EDGE('',*,*,#927,.F.);
#7358=CARTESIAN_POINT('',(5.4410127403,0.6339806851,14.8808078637));
#7359=DIRECTION('',(0.9292068383,-0.3086979797,-0.2031753157));
#7360=DIRECTION('',(0.3152738432,0.9490007396,0.0));
#7361=AXIS2_PLACEMENT_3D('',#7358,#7359,#7360);
#7362=CIRCLE('',#7361,0.5);
#7363=EDGE_CURVE('n° 1232',#2127,#902,#7362,.T.);
#7364=ORIENTED_EDGE('',*,*,#7363,.F.);
#7365=ORIENTED_EDGE('',*,*,#2143,.F.);
#7366=EDGE_LOOP('',(#7356,#7357,#7364,#7365));
#7367=FACE_OUTER_BOUND('',#7366,.T.);
#7368=CARTESIAN_POINT('',(5.6040598706,1.105767015,14.9096746653));
#7369=CARTESIAN_POINT('',(5.6122745813,1.1001027502,14.9558501192));
#7370=CARTESIAN_POINT('',(5.6182906405,1.0880797145,15.0016315184));
#7371=CARTESIAN_POINT('',(5.6254478657,1.0522705605,15.0887718091));
#7372=CARTESIAN_POINT('',(5.6265882646,1.02848828,15.1301213617));
#7373=CARTESIAN_POINT('',(5.6239021034,0.9710562901,15.2050967091));
#7374=CARTESIAN_POINT('',(5.6200758312,0.9374127358,15.2387144688));
#7375=CARTESIAN_POINT('',(5.6077606557,0.8629413328,15.2955413835));
#7376=CARTESIAN_POINT('',(5.5992730722,0.8221214653,15.3187444482));
#7377=CARTESIAN_POINT('',(5.5783117083,0.7365539208,15.3528877961));
#7378=CARTESIAN_POINT('',(5.5658401744,0.6918154142,15.36382442));
#7379=CARTESIAN_POINT('',(5.5518728206,0.646897977,15.368191887));
#7380=CARTESIAN_POINT('',(5.4471760843,1.1569479337,14.9593162347));
#7381=CARTESIAN_POINT('',(5.4535978583,1.1504406711,15.0046770243));
#7382=CARTESIAN_POINT('',(5.4571954895,1.1380994272,15.0496116606));
#7383=CARTESIAN_POINT('',(5.4584769831,1.1026884921,15.1352145438));
#7384=CARTESIAN_POINT('',(5.4561607735,1.0796222694,15.1758744113));
#7385=CARTESIAN_POINT('',(5.4458021291,1.0245199182,15.2498214516));
#7386=CARTESIAN_POINT('',(5.4377607801,0.9924891713,15.2831013831));
#7387=CARTESIAN_POINT('',(5.416579603,0.92189882,15.33974453));
#7388=CARTESIAN_POINT('',(5.4034419326,0.8833461016,15.3631021932));
#7389=CARTESIAN_POINT('',(5.3730869914,0.8026496191,15.3981130212));
#7390=CARTESIAN_POINT('',(5.3558727827,0.7605137231,15.4097627453));
#7391=CARTESIAN_POINT('',(5.3372842659,0.718187867,15.4151126537));
#7392=CARTESIAN_POINT('',(5.2916449269,1.2380023913,15.0022013802));
#7393=CARTESIAN_POINT('',(5.2961590295,1.2312885409,15.046934819));
#7394=CARTESIAN_POINT('',(5.2973748505,1.2192699488,15.0912217203));
#7395=CARTESIAN_POINT('',(5.2931251967,1.1855041909,15.1756507313));
#7396=CARTESIAN_POINT('',(5.2876601367,1.1637601014,15.2157851183));
#7397=CARTESIAN_POINT('',(5.2704569047,1.1121426312,15.2889467297));
#7398=CARTESIAN_POINT('',(5.2587203389,1.0822739515,15.3219672611));
#7399=CARTESIAN_POINT('',(5.2298462902,1.0166048367,15.378462913));
#7400=CARTESIAN_POINT('',(5.2127114855,0.9808103815,15.4019328634));
#7401=CARTESIAN_POINT('',(5.1743123518,0.9059238377,15.4375930147));
#7402=CARTESIAN_POINT('',(5.1530515745,0.8668385681,15.4497799493));
#7403=CARTESIAN_POINT('',(5.1305141844,0.8275429458,15.4558757535));
#7404=CARTESIAN_POINT('',(5.0205873769,1.4433689477,15.0684117503));
#7405=CARTESIAN_POINT('',(5.0214837859,1.4373313358,15.1121340432));
#7406=CARTESIAN_POINT('',(5.0182472585,1.4270987864,15.1553801402));
#7407=CARTESIAN_POINT('',(5.0037372904,1.398951061,15.2379240585));
#7408=CARTESIAN_POINT('',(4.9924650567,1.3810381615,15.2772151668));
#7409=CARTESIAN_POINT('',(4.9626733476,1.3387716458,15.3491136731));
#7410=CARTESIAN_POINT('',(4.9441563289,1.3144214456,15.381715223));
#7411=CARTESIAN_POINT('',(4.9011703079,1.2609688568,15.4379640525));
#7412=CARTESIAN_POINT('',(4.8767048401,1.2318707873,15.4616067551));
#7413=CARTESIAN_POINT('',(4.8235321412,1.1709405896,15.4982901041));
#7414=CARTESIAN_POINT('',(4.7948292754,1.1391133844,15.5113277625));
#7415=CARTESIAN_POINT('',(4.7650083543,1.1070230896,15.5186092011));
#7416=CARTESIAN_POINT('',(4.9025462361,1.5709919529,15.0920749493));
#7417=CARTESIAN_POINT('',(4.9016779778,1.5659509042,15.1354199876));
#7418=CARTESIAN_POINT('',(4.8963104695,1.5573260521,15.178280151));
#7419=CARTESIAN_POINT('',(4.8769417237,1.5334918718,15.2601263692));
#7420=CARTESIAN_POINT('',(4.8629419998,1.5182843915,15.2991060523));
#7421=CARTESIAN_POINT('',(4.8272619331,1.4823171551,15.3705371507));
#7422=CARTESIAN_POINT('',(4.8055843751,1.4615601886,15.4029830049));
#7423=CARTESIAN_POINT('',(4.7560248458,1.415903569,15.4591366319));
#7424=CARTESIAN_POINT('',(4.7281467407,1.3910074578,15.4828400329));
#7425=CARTESIAN_POINT('',(4.6680848306,1.3387637592,15.5198936943));
#7426=CARTESIAN_POINT('',(4.63590571,1.3114202253,15.5332410695));
#7427=CARTESIAN_POINT('',(4.6026696718,1.2837799134,15.5409566872));
#7428=CARTESIAN_POINT('',(4.7536911417,1.8043451261,15.1105569208));
#7429=CARTESIAN_POINT('',(4.7509266865,1.8014554507,15.1536257654));
#7430=CARTESIAN_POINT('',(4.7432034822,1.7958953624,15.1962032219));
#7431=CARTESIAN_POINT('',(4.7183546108,1.7798043832,15.2775381291));
#7432=CARTESIAN_POINT('',(4.701230816,1.7692747005,15.316289458));
#7433=CARTESIAN_POINT('',(4.6587261022,1.7439478778,15.3873775939));
#7434=CARTESIAN_POINT('',(4.6333483849,1.7291526401,15.4197090502));
#7435=CARTESIAN_POINT('',(4.5760339406,1.6962834834,15.475792256));
#7436=CARTESIAN_POINT('',(4.5441015302,1.6782120337,15.4995397842));
#7437=CARTESIAN_POINT('',(4.4758148919,1.6399985449,15.5368641973));
#7438=CARTESIAN_POINT('',(4.4394658066,1.6198593768,15.5504382728));
#7439=CARTESIAN_POINT('',(4.4021224031,1.5993582258,15.5584719248));
#7440=CARTESIAN_POINT('',(4.7063692429,1.8991259696,15.1133956566));
#7441=CARTESIAN_POINT('',(4.7030551289,1.8971795308,15.1564214994));
#7442=CARTESIAN_POINT('',(4.694627843,1.8929069118,15.198954941));
#7443=CARTESIAN_POINT('',(4.6681069879,1.8799934149,15.2802101101));
#7444=CARTESIAN_POINT('',(4.650015404,1.8713535047,15.3189257539));
#7445=CARTESIAN_POINT('',(4.6053722816,1.850281785,15.3899599911));
#7446=CARTESIAN_POINT('',(4.5788240853,1.8378515542,15.4222732661));
#7447=CARTESIAN_POINT('',(4.5190388164,1.8100287383,15.4783444821));
#7448=CARTESIAN_POINT('',(4.4858062196,1.7946382374,15.5020982248));
#7449=CARTESIAN_POINT('',(4.4148697503,1.7619222172,15.5394632269));
#7450=CARTESIAN_POINT('',(4.3771711885,1.7445991485,15.5530716885));
#7451=CARTESIAN_POINT('',(4.3384950326,1.7268868337,15.5611538782));
#7452=CARTESIAN_POINT('',(4.6143925874,2.1463314009,15.1096208217));
#7453=CARTESIAN_POINT('',(4.6101903697,2.1470349604,15.1527042693));
#7454=CARTESIAN_POINT('',(4.6005078039,2.1463371801,15.1952966057));
#7455=CARTESIAN_POINT('',(4.5708276768,2.142185791,15.2766582298));
#7456=CARTESIAN_POINT('',(4.550832353,2.138732497,15.3154213821));
#7457=CARTESIAN_POINT('',(4.5018646714,2.1293014886,15.3865269394));
#7458=CARTESIAN_POINT('',(4.4728960054,2.1233244876,15.4188639825));
#7459=CARTESIAN_POINT('',(4.4079209703,2.1092467074,15.4749497775));
#7460=CARTESIAN_POINT('',(4.3719194999,2.1011469925,15.4986943));
#7461=CARTESIAN_POINT('',(4.2952896458,2.0833667818,15.5360028779));
#7462=CARTESIAN_POINT('',(4.2546670395,2.0736876298,15.5495641197));
#7463=CARTESIAN_POINT('',(4.2130913542,2.0635425538,15.5575800574));
#7464=CARTESIAN_POINT('',(4.5844019227,2.3074984254,15.0964890911));
#7465=CARTESIAN_POINT('',(4.5801943585,2.310032632,15.1397762101));
#7466=CARTESIAN_POINT('',(4.5703144878,2.311764767,15.1825767371));
#7467=CARTESIAN_POINT('',(4.5398777837,2.313511013,15.2643149606));
#7468=CARTESIAN_POINT('',(4.5193233037,2.3135250071,15.303246343));
#7469=CARTESIAN_POINT('',(4.4689301413,2.3118383309,15.3746051768));
#7470=CARTESIAN_POINT('',(4.4390953525,2.310137815,15.4070271154));
#7471=CARTESIAN_POINT('',(4.3721636973,2.3051429298,15.4631669226));
#7472=CARTESIAN_POINT('',(4.3350720009,2.3018489749,15.4868804534));
#7473=CARTESIAN_POINT('',(4.2561409382,2.2938968784,15.5239934252));
#7474=CARTESIAN_POINT('',(4.214307668,2.2892393823,15.5373899971));
#7475=CARTESIAN_POINT('',(4.1715186889,2.2840610399,15.5451741565));
#7476=CARTESIAN_POINT('',(4.5772827872,2.6284719508,15.0518259293));
#7477=CARTESIAN_POINT('',(4.5740905813,2.6342522059,15.0957873004));
#7478=CARTESIAN_POINT('',(4.564945331,2.6404431125,15.139279448));
#7479=CARTESIAN_POINT('',(4.5353920378,2.6532141637,15.2222688539));
#7480=CARTESIAN_POINT('',(4.5149864722,2.6597932562,15.2617591611));
#7481=CARTESIAN_POINT('',(4.4643518457,2.672880678,15.3339557261));
#7482=CARTESIAN_POINT('',(4.4341270266,2.6793879347,15.3666559363));
#7483=CARTESIAN_POINT('',(4.3659865107,2.6918778244,15.4229620147));
#7484=CARTESIAN_POINT('',(4.3280765209,2.6978594392,15.4465631655));
#7485=CARTESIAN_POINT('',(4.2472410814,2.7088819748,15.4830027661));
#7486=CARTESIAN_POINT('',(4.2043224012,2.713922003,15.4958381618));
#7487=CARTESIAN_POINT('',(4.1604106926,2.7183170104,15.5028378806));
#7488=CARTESIAN_POINT('',(4.6003357151,2.7898858561,15.0196157701));
#7489=CARTESIAN_POINT('',(4.5981943415,2.7971883041,15.0640744928));
#7490=CARTESIAN_POINT('',(4.5899990364,2.805565235,15.1080777537));
#7491=CARTESIAN_POINT('',(4.5620967285,2.8238667477,15.1919925389));
#7492=CARTESIAN_POINT('',(4.542392217,2.8337897378,15.2318966295));
#7493=CARTESIAN_POINT('',(4.4929046698,2.8544701665,15.3047135543));
#7494=CARTESIAN_POINT('',(4.4631260373,2.8652258167,15.3376199365));
#7495=CARTESIAN_POINT('',(4.3956553665,2.8868002033,15.3940493192));
#7496=CARTESIAN_POINT('',(4.3579693236,2.8976170825,15.4175673168));
#7497=CARTESIAN_POINT('',(4.2774235396,2.9185395984,15.4535087728));
#7498=CARTESIAN_POINT('',(4.2345709511,2.9286434414,15.4659290399));
#7499=CARTESIAN_POINT('',(4.1906891505,2.9380306571,15.4723490518));
#7500=CARTESIAN_POINT('',(4.6726893371,3.0233822173,14.9588985389));
#7501=CARTESIAN_POINT('',(4.6727056133,3.0323759252,15.0043044082));
#7502=CARTESIAN_POINT('',(4.6666281619,3.043519076,15.0492868685));
#7503=CARTESIAN_POINT('',(4.6427500134,3.0692563282,15.1349771331));
#7504=CARTESIAN_POINT('',(4.6249516773,3.0838478994,15.1756764848));
#7505=CARTESIAN_POINT('',(4.5789938885,3.1153670938,15.2496821352));
#7506=CARTESIAN_POINT('',(4.5508389747,3.1322916207,15.2829811335));
#7507=CARTESIAN_POINT('',(4.4863236994,3.1671836137,15.3396338032));
#7508=CARTESIAN_POINT('',(4.4499697071,3.1851476537,15.3629818853));
#7509=CARTESIAN_POINT('',(4.3718403513,3.2207461464,15.3979420029));
#7510=CARTESIAN_POINT('',(4.3300726995,3.2383771048,15.4095505877));
#7511=CARTESIAN_POINT('',(4.2871939827,3.2551697224,15.4148451326));
#7512=CARTESIAN_POINT('',(4.7055657888,3.10410217,14.9350436112));
#7513=CARTESIAN_POINT('',(4.7064552472,3.1135803944,14.9808237229));
#7514=CARTESIAN_POINT('',(4.7012588973,3.1256038847,15.0261940188));
#7515=CARTESIAN_POINT('',(4.6791002039,3.1538077383,15.1125879273));
#7516=CARTESIAN_POINT('',(4.6621401451,3.1699852143,15.153602669));
#7517=CARTESIAN_POINT('',(4.6177789084,3.2052358081,15.2280792117));
#7518=CARTESIAN_POINT('',(4.5903822956,3.2243053208,15.2615333648));
#7519=CARTESIAN_POINT('',(4.5272887937,3.2638534042,15.3182725012));
#7520=CARTESIAN_POINT('',(4.4915983934,3.2843279327,15.3415516567));
#7521=CARTESIAN_POINT('',(4.4147067567,3.3250899686,15.3761189592));
#7522=CARTESIAN_POINT('',(4.3735134259,3.3453733115,15.3874035535));
#7523=CARTESIAN_POINT('',(4.3311746817,3.3647725365,15.3922500866));
#7524=CARTESIAN_POINT('',(4.7444063731,3.1804779719,14.909654233));
#7525=CARTESIAN_POINT('',(4.7462197531,3.1902936691,14.9558350427));
#7526=CARTESIAN_POINT('',(4.7419825764,3.2030559087,15.0016219708));
#7527=CARTESIAN_POINT('',(4.7217435659,3.2334600768,15.0887723165));
#7528=CARTESIAN_POINT('',(4.7057439023,3.2510987452,15.1301263895));
#7529=CARTESIAN_POINT('',(4.6632547242,3.2898486384,15.2051085825));
#7530=CARTESIAN_POINT('',(4.6367697657,3.3109557081,15.2387286627));
#7531=CARTESIAN_POINT('',(4.5754221689,3.3549580704,15.295557161));
#7532=CARTESIAN_POINT('',(4.5405661086,3.3778486448,15.3187594858));
#7533=CARTESIAN_POINT('',(4.4652572372,3.4235909357,15.3528978874));
#7534=CARTESIAN_POINT('',(4.4248125012,3.4464377476,15.3638303038));
#7535=CARTESIAN_POINT('',(4.3831832381,3.4683531412,15.3681918872));
#7536=B_SPLINE_SURFACE_WITH_KNOTS('',3,3,((#7368,#7369,#7370,#7371,#7372,#7373,#7374,#7375,#7376,#7377,#7378,#7379),
    (#7380,#7381,#7382,#7383,#7384,#7385,#7386,#7387,#7388,#7389,#7390,#7391),
    (#7392,#7393,#7394,#7395,#7396,#7397,#7398,#7399,#7400,#7401,#7402,#7403),
    (#7404,#7405,#7406,#7407,#7408,#7409,#7410,#7411,#7412,#7413,#7414,#7415),
    (#7416,#7417,#7418,#7419,#7420,#7421,#7422,#7423,#7424,#7425,#7426,#7427),
    (#7428,#7429,#7430,#7431,#7432,#7433,#7434,#7435,#7436,#7437,#7438,#7439),
    (#7440,#7441,#7442,#7443,#7444,#7445,#7446,#7447,#7448,#7449,#7450,#7451),
    (#7452,#7453,#7454,#7455,#7456,#7457,#7458,#7459,#7460,#7461,#7462,#7463),
    (#7464,#7465,#7466,#7467,#7468,#7469,#7470,#7471,#7472,#7473,#7474,#7475),
    (#7476,#7477,#7478,#7479,#7480,#7481,#7482,#7483,#7484,#7485,#7486,#7487),
    (#7488,#7489,#7490,#7491,#7492,#7493,#7494,#7495,#7496,#7497,#7498,#7499),
    (#7500,#7501,#7502,#7503,#7504,#7505,#7506,#7507,#7508,#7509,#7510,#7511),
    (#7512,#7513,#7514,#7515,#7516,#7517,#7518,#7519,#7520,#7521,#7522,#7523),
    (#7524,#7525,#7526,#7527,#7528,#7529,#7530,#7531,#7532,#7533,#7534,#7535)),.UNSPECIFIED.,.F.,.F.,.U.,
 (4,2,2,2,2,2,4),(4,2,2,2,2,4),(0.0,0.1990686855,0.4002880222,0.5217338884,0.7099810444,0.8979604356,1.0),(0.0,0.2,0.4,0.6,0.8,1.0),.UNSPECIFIED.);
#7537=ADVANCED_FACE('n° 1130',(#7367),#7536,.T.);
#7538=ORIENTED_EDGE('',*,*,#6566,.T.);
#7539=ORIENTED_EDGE('',*,*,#2194,.F.);
#7540=CARTESIAN_POINT('',(5.4410127403,0.6339806851,14.8808078637));
#7541=DIRECTION('',(-0.0187653517,-0.0545989021,0.9983320197));
#7542=DIRECTION('',(0.0,-0.9985078416,-0.0546085178));
#7543=AXIS2_PLACEMENT_3D('',#7540,#7541,#7542);
#7544=CIRCLE('',#7543,0.5);
#7545=EDGE_CURVE('n° 1233',#614,#2127,#7544,.T.);
#7546=ORIENTED_EDGE('',*,*,#7545,.F.);
#7547=ORIENTED_EDGE('',*,*,#664,.F.);
#7548=EDGE_LOOP('',(#7538,#7539,#7546,#7547));
#7549=FACE_OUTER_BOUND('',#7548,.T.);
#7550=CARTESIAN_POINT('',(5.937497627,0.6918305336,14.8933039572));
#7551=CARTESIAN_POINT('',(5.9331289519,0.7289035898,14.8952493705));
#7552=CARTESIAN_POINT('',(5.9245807255,0.7654880682,14.8970895017));
#7553=CARTESIAN_POINT('',(5.899551944,0.8358533734,14.9004673303));
#7554=CARTESIAN_POINT('',(5.8830724419,0.8696312398,14.9020048857));
#7555=CARTESIAN_POINT('',(5.8430059614,0.9326910252,14.9047005153));
#7556=CARTESIAN_POINT('',(5.8194206688,0.9619702912,14.9058584762));
#7557=CARTESIAN_POINT('',(5.7663234846,1.0145657895,14.9077368784));
#7558=CARTESIAN_POINT('',(5.736813827,1.0378798091,14.9084572407));
#7559=CARTESIAN_POINT('',(5.6733456635,1.0773764263,14.9094243233));
#7560=CARTESIAN_POINT('',(5.6393898277,1.0935573623,14.9096710029));
#7561=CARTESIAN_POINT('',(5.604059868,1.1057670054,14.909674663));
#7562=CARTESIAN_POINT('',(5.9381195141,0.6938556553,14.8592204681));
#7563=CARTESIAN_POINT('',(5.933744479,0.7308785325,14.8611663881));
#7564=CARTESIAN_POINT('',(5.9252010525,0.7674127681,14.8630073032));
#7565=CARTESIAN_POINT('',(5.9002028408,0.8376847206,14.8663874544));
#7566=CARTESIAN_POINT('',(5.8837491018,0.8714194966,14.8679265489));
#7567=CARTESIAN_POINT('',(5.8437516768,0.9344068121,14.8706261357));
#7568=CARTESIAN_POINT('',(5.8202096647,0.9636567156,14.8717865149));
#7569=CARTESIAN_POINT('',(5.7672113232,1.0162125033,14.8736706632));
#7570=CARTESIAN_POINT('',(5.7377572116,1.0395161879,14.8743943533));
#7571=CARTESIAN_POINT('',(5.6744057832,1.0790147204,14.8753689285));
#7572=CARTESIAN_POINT('',(5.6405111177,1.0952079153,14.8756197729));
#7573=CARTESIAN_POINT('',(5.6052413984,1.1074418636,14.8756279282));
#7574=CARTESIAN_POINT('',(5.9387399038,0.6958856585,14.8251361133));
#7575=CARTESIAN_POINT('',(5.9343585362,0.7328583077,14.8270825371));
#7576=CARTESIAN_POINT('',(5.9258199253,0.769342258,14.8289242331));
#7577=CARTESIAN_POINT('',(5.9008522926,0.8395207634,14.8323067001));
#7578=CARTESIAN_POINT('',(5.8844243104,0.873212397,14.8338473303));
#7579=CARTESIAN_POINT('',(5.844495919,0.9361271109,14.8365508675));
#7580=CARTESIAN_POINT('',(5.8209971721,0.9653475718,14.8377136618));
#7581=CARTESIAN_POINT('',(5.7680976537,1.0178634492,14.8396035506));
#7582=CARTESIAN_POINT('',(5.7386990845,1.0411566793,14.8403305664));
#7583=CARTESIAN_POINT('',(5.675464421,1.0806568474,14.8413126326));
#7584=CARTESIAN_POINT('',(5.6416309594,1.096862141,14.8415676421));
#7585=CARTESIAN_POINT('',(5.6064215463,1.1091202192,14.8415802951));
#7586=CARTESIAN_POINT('',(5.9629350187,0.7754401422,13.4925694594));
#7587=CARTESIAN_POINT('',(5.9583071652,0.8104472925,13.4945354684));
#7588=CARTESIAN_POINT('',(5.9499574074,0.8449637463,13.4964075683));
#7589=CARTESIAN_POINT('',(5.9261855519,0.9114853841,13.4998803124));
#7590=CARTESIAN_POINT('',(5.9107642315,0.9434883954,13.501480841));
#7591=CARTESIAN_POINT('',(5.8735337124,1.0035596771,13.5043385434));
#7592=CARTESIAN_POINT('',(5.8517257243,1.0316259819,13.5055956214));
#7593=CARTESIAN_POINT('',(5.8026887349,1.0825737883,13.5077097149));
#7594=CARTESIAN_POINT('',(5.7754613256,1.105453616,13.5085666585));
#7595=CARTESIAN_POINT('',(5.7167925021,1.1450067282,13.5098414969));
#7596=CARTESIAN_POINT('',(5.685352993,1.1616787029,13.510259347));
#7597=CARTESIAN_POINT('',(5.6525036872,1.1748732097,13.5104479187));
#7598=CARTESIAN_POINT('',(5.9843636134,0.8597900598,12.19436367));
#7599=CARTESIAN_POINT('',(5.9795346058,0.892818222,12.1963447049));
#7600=CARTESIAN_POINT('',(5.9713896798,0.9253629702,12.1982419203));
#7601=CARTESIAN_POINT('',(5.9487913875,0.9881983521,12.2017929998));
#7602=CARTESIAN_POINT('',(5.9343386103,1.0184873503,12.2034467698));
#7603=CARTESIAN_POINT('',(5.8996971528,1.0756094094,12.2064446321));
#7604=CARTESIAN_POINT('',(5.8795093716,1.1024409818,12.2077886445));
#7605=CARTESIAN_POINT('',(5.8341966485,1.1515823735,12.2101128822));
#7606=CARTESIAN_POINT('',(5.8090728807,1.173890909,12.211093045));
#7607=CARTESIAN_POINT('',(5.7548818846,1.2130982274,12.2126498356));
#7608=CARTESIAN_POINT('',(5.7258160602,1.2299959808,12.2132264209));
#7609=CARTESIAN_POINT('',(5.695353405,1.2438512109,12.2135893381));
#7610=CARTESIAN_POINT('',(6.0201592059,1.0479443115,9.5990653361));
#7611=CARTESIAN_POINT('',(6.0150637212,1.0767314635,9.6010713933));
#7612=CARTESIAN_POINT('',(6.0074389133,1.1050717922,9.6030132166));
#7613=CARTESIAN_POINT('',(5.9873628626,1.1600009537,9.6067088491));
#7614=CARTESIAN_POINT('',(5.9749119215,1.1865889637,9.608462601));
#7615=CARTESIAN_POINT('',(5.945560735,1.2372064721,9.6117280586));
#7616=CARTESIAN_POINT('',(5.9286609263,1.2612352101,9.6132397134));
#7617=CARTESIAN_POINT('',(5.8909226243,1.306003554,9.6159742126));
#7618=CARTESIAN_POINT('',(5.8700846903,1.3267424837,9.6171970137));
#7619=CARTESIAN_POINT('',(5.8250992524,1.3642986181,9.6193157259));
#7620=CARTESIAN_POINT('',(5.8009524148,1.3811152501,9.6202116029));
#7621=CARTESIAN_POINT('',(5.7755153717,1.3957131425,9.6209299194));
#7622=CARTESIAN_POINT('',(6.0347241808,1.1512826596,8.3018223677));
#7623=CARTESIAN_POINT('',(6.029558881,1.1778187179,8.3038384112));
#7624=CARTESIAN_POINT('',(6.0222448441,1.2039371376,8.3057997152));
#7625=CARTESIAN_POINT('',(6.0035083481,1.254667833,8.3095615413));
#7626=CARTESIAN_POINT('',(5.992086092,1.2792795608,8.3113620215));
#7627=CARTESIAN_POINT('',(5.9654267726,1.3263631614,8.3147548925));
#7628=CARTESIAN_POINT('',(5.9501899959,1.3488345247,8.3163472453));
#7629=CARTESIAN_POINT('',(5.9162922184,1.3910579004,8.3192818449));
#7630=CARTESIAN_POINT('',(5.8976315809,1.4108094543,8.3206240585));
#7631=CARTESIAN_POINT('',(5.857363855,1.4470824986,8.3230227273));
#7632=CARTESIAN_POINT('',(5.8357571975,1.4636035929,8.324079155));
#7633=CARTESIAN_POINT('',(5.8129538212,1.4782951227,8.324978517));
#7634=CARTESIAN_POINT('',(6.0479875992,1.3600006424,6.0627487596));
#7635=CARTESIAN_POINT('',(6.0429435054,1.3820794166,6.064779441));
#7636=CARTESIAN_POINT('',(6.0363953156,1.4038159252,6.0667715525));
#7637=CARTESIAN_POINT('',(6.0204104283,1.4462096306,6.0706418655));
#7638=CARTESIAN_POINT('',(6.0109738162,1.4668666018,6.0725200456));
#7639=CARTESIAN_POINT('',(5.9893835302,1.5067253218,6.0761277193));
#7640=CARTESIAN_POINT('',(5.9772299704,1.5259268579,6.0778571929));
#7641=CARTESIAN_POINT('',(5.9504258884,1.562524723,6.0811353403));
#7642=CARTESIAN_POINT('',(5.935775507,1.5799208558,6.0826839958));
#7643=CARTESIAN_POINT('',(5.9042427047,1.6125900022,6.0855716367));
#7644=CARTESIAN_POINT('',(5.887360449,1.6278628391,6.0869106057));
#7645=CARTESIAN_POINT('',(5.8695147472,1.641933999,6.0881321875));
#7646=CARTESIAN_POINT('',(6.0502207902,1.456474636,5.1200065131));
#7647=CARTESIAN_POINT('',(6.0452950892,1.4765180986,5.1220425677));
#7648=CARTESIAN_POINT('',(6.0391329151,1.4962586315,5.1240467921));
#7649=CARTESIAN_POINT('',(6.0244276371,1.5348410502,5.1279610235));
#7650=CARTESIAN_POINT('',(6.0158845854,1.553682799,5.1298710159));
#7651=CARTESIAN_POINT('',(5.9965442963,1.5901876778,5.1335675684));
#7652=CARTESIAN_POINT('',(5.9857471272,1.607850678,5.1353541146));
#7653=CARTESIAN_POINT('',(5.9620581918,1.6417351958,5.1387763579));
#7654=CARTESIAN_POINT('',(5.9491665088,1.6579565926,5.1404120421));
#7655=CARTESIAN_POINT('',(5.9214787021,1.688715915,5.1435073441));
#7656=CARTESIAN_POINT('',(5.9066826755,1.7032537304,5.1449669501));
#7657=CARTESIAN_POINT('',(5.8910434362,1.7168409899,5.1463271988));
#7658=CARTESIAN_POINT('',(6.0404677126,1.6406646207,3.6412055644));
#7659=CARTESIAN_POINT('',(6.0360129594,1.6568125651,3.6432490293));
#7660=CARTESIAN_POINT('',(6.030739615,1.6727364369,3.6452712748));
#7661=CARTESIAN_POINT('',(6.0186087429,1.7039767541,3.6492527619));
#7662=CARTESIAN_POINT('',(6.0117512348,1.7192931494,3.6512119968));
#7663=CARTESIAN_POINT('',(5.9965206398,1.7491651106,3.6550475034));
#7664=CARTESIAN_POINT('',(5.9881475771,1.7637206285,3.6569237688));
#7665=CARTESIAN_POINT('',(5.9699693946,1.7919248891,3.6605741939));
#7666=CARTESIAN_POINT('',(5.9601643036,1.8055735862,3.6623483476));
#7667=CARTESIAN_POINT('',(5.9392197049,1.8318271219,3.6657764123));
#7668=CARTESIAN_POINT('',(5.9280802303,1.8444319178,3.6674303177));
#7669=CARTESIAN_POINT('',(5.9163289618,1.8564513359,3.6690156261));
#7670=CARTESIAN_POINT('',(6.0343390054,1.7140722147,3.1033628048));
#7671=CARTESIAN_POINT('',(6.030116845,1.7286467218,3.1054087724));
#7672=CARTESIAN_POINT('',(6.0252292605,1.743029902,3.1074374294));
#7673=CARTESIAN_POINT('',(6.0141628395,1.7712976934,3.1114432824));
#7674=CARTESIAN_POINT('',(6.0079840146,1.7851822752,3.1134204742));
#7675=CARTESIAN_POINT('',(5.9943849209,1.8123408348,3.1173069549));
#7676=CARTESIAN_POINT('',(5.9869646662,1.8256147843,3.1192162397));
#7677=CARTESIAN_POINT('',(5.9709423291,1.851444853,3.122951001));
#7678=CARTESIAN_POINT('',(5.9623402632,1.8640009452,3.1247764735));
#7679=CARTESIAN_POINT('',(5.9440232668,1.8882937144,3.128328367));
#7680=CARTESIAN_POINT('',(5.9343083553,1.9000303657,3.130054784));
#7681=CARTESIAN_POINT('',(5.9240759005,1.9113097317,3.1317244453));
#7682=CARTESIAN_POINT('',(6.0139622726,1.8552114524,2.2638220492));
#7683=CARTESIAN_POINT('',(6.0103200746,1.8668139016,2.2658712873));
#7684=CARTESIAN_POINT('',(6.0062454932,1.8782822181,2.2679092073));
#7685=CARTESIAN_POINT('',(5.9972533719,1.9008894409,2.2719513467));
#7686=CARTESIAN_POINT('',(5.992335836,1.912028337,2.2739555643));
#7687=CARTESIAN_POINT('',(5.981684028,1.9339172778,2.2779194076));
#7688=CARTESIAN_POINT('',(5.9759497607,1.9446673127,2.2798790313));
#7689=CARTESIAN_POINT('',(5.9636949864,1.9657211174,2.2837430285));
#7690=CARTESIAN_POINT('',(5.9571744849,1.9760248778,2.2856474002));
#7691=CARTESIAN_POINT('',(5.9433818583,1.9961310406,2.2893905242));
#7692=CARTESIAN_POINT('',(5.9361097394,2.0059334338,2.2912292747));
#7693=CARTESIAN_POINT('',(5.9284810891,2.0154589026,2.2930302029));
#7694=CARTESIAN_POINT('',(6.0045180705,1.9113632273,1.9601092788));
#7695=CARTESIAN_POINT('',(6.0011259531,1.9217960077,1.9621595717));
#7696=CARTESIAN_POINT('',(5.9973842147,1.932116507,1.964200684));
#7697=CARTESIAN_POINT('',(5.9892175321,1.9524889017,1.9682555568));
#7698=CARTESIAN_POINT('',(5.9847925904,1.9625407912,1.970269316));
#7699=CARTESIAN_POINT('',(5.9752783945,1.982333035,1.9742606032));
#7700=CARTESIAN_POINT('',(5.9701891432,1.9920733836,1.97623813));
#7701=CARTESIAN_POINT('',(5.9593679975,2.0112009132,1.9801482246));
#7702=CARTESIAN_POINT('',(5.9536361063,2.0205880886,1.9820807913));
#7703=CARTESIAN_POINT('',(5.9415540373,2.0389691083,1.9858924255));
#7704=CARTESIAN_POINT('',(5.935203863,2.0479629472,1.987771492));
#7705=CARTESIAN_POINT('',(5.9285580177,2.0567408558,1.9896196508));
#7706=CARTESIAN_POINT('',(5.9810457005,2.0197932326,1.4897465637));
#7707=CARTESIAN_POINT('',(5.9782150765,2.0279986329,1.4917983857));
#7708=CARTESIAN_POINT('',(5.9751603996,2.0361280557,1.493844293));
#7709=CARTESIAN_POINT('',(5.9686114695,2.0522123199,1.4979184708));
#7710=CARTESIAN_POINT('',(5.9651172171,2.0601671593,1.4999467408));
#7711=CARTESIAN_POINT('',(5.9576988654,2.0758801031,1.5039798839));
#7712=CARTESIAN_POINT('',(5.953774767,2.0836382054,1.5059847565));
#7713=CARTESIAN_POINT('',(5.9455076248,2.0989360564,1.5099654081));
#7714=CARTESIAN_POINT('',(5.9411645821,2.1064758031,1.5119411867));
#7715=CARTESIAN_POINT('',(5.9320715967,2.1213159165,1.5158580333));
#7716=CARTESIAN_POINT('',(5.9273216552,2.1286162813,1.5177991008));
#7717=CARTESIAN_POINT('',(5.9223748424,2.1357867671,1.5197200519));
#7718=CARTESIAN_POINT('',(5.9709599236,2.0627603499,1.3207794978));
#7719=CARTESIAN_POINT('',(5.9683634649,2.0700881927,1.3228318466));
#7720=CARTESIAN_POINT('',(5.9655875231,2.0773536062,1.3248794446));
#7721=CARTESIAN_POINT('',(5.9596828011,2.0917435967,1.3289604696));
#7722=CARTESIAN_POINT('',(5.9565540215,2.0988681725,1.3309938964));
#7723=CARTESIAN_POINT('',(5.9499505115,2.1129608104,1.3350419397));
#7724=CARTESIAN_POINT('',(5.9464757816,2.1199288714,1.3370565559));
#7725=CARTESIAN_POINT('',(5.939188003,2.1336931386,1.3410623792));
#7726=CARTESIAN_POINT('',(5.9353749549,2.1404893438,1.343053586));
#7727=CARTESIAN_POINT('',(5.9274188996,2.1538949265,1.3470080417));
#7728=CARTESIAN_POINT('',(5.9232758932,2.160504303,1.3489712904));
#7729=CARTESIAN_POINT('',(5.9189724426,2.1670129793,1.350918316));
#7730=CARTESIAN_POINT('',(5.9479955738,2.1466462069,1.062768938));
#7731=CARTESIAN_POINT('',(5.9459073763,2.1522718227,1.0648221139));
#7732=CARTESIAN_POINT('',(5.9437068782,2.1578567766,1.0668723039));
#7733=CARTESIAN_POINT('',(5.9390843719,2.1689375383,1.0709637736));
#7734=CARTESIAN_POINT('',(5.9366623639,2.1744333458,1.073005053));
#7735=CARTESIAN_POINT('',(5.9316002326,2.1853281145,1.0770757749));
#7736=CARTESIAN_POINT('',(5.9289601094,2.1907270754,1.0791052172));
#7737=CARTESIAN_POINT('',(5.9234654413,2.2014205826,1.0831493542));
#7738=CARTESIAN_POINT('',(5.9206108966,2.2067151287,1.0851640489));
#7739=CARTESIAN_POINT('',(5.9146913727,2.2171923807,1.0891758003));
#7740=CARTESIAN_POINT('',(5.9116263937,2.2223750863,1.0911728571));
#7741=CARTESIAN_POINT('',(5.9084583356,2.227498235,1.0931596619));
#7742=CARTESIAN_POINT('',(5.9384401816,2.1798484523,0.9708868433));
#7743=CARTESIAN_POINT('',(5.9365603499,2.1848021315,0.9729403175));
#7744=CARTESIAN_POINT('',(5.9345919609,2.189723125,0.9749914317));
#7745=CARTESIAN_POINT('',(5.9304802093,2.1994944084,0.9790866164));
#7746=CARTESIAN_POINT('',(5.9283368467,2.2043446981,0.9811306869));
#7747=CARTESIAN_POINT('',(5.9238774746,2.2139693165,0.9852094677));
#7748=CARTESIAN_POINT('',(5.9215614652,2.218743645,0.9872441779));
#7749=CARTESIAN_POINT('',(5.9167593095,2.2282111641,0.9913019316));
#7750=CARTESIAN_POINT('',(5.9142731632,2.2329043545,0.9933249751));
#7751=CARTESIAN_POINT('',(5.9091334244,2.2422045063,0.997357101));
#7752=CARTESIAN_POINT('',(5.906479832,2.2468114674,0.9993661834));
#7753=CARTESIAN_POINT('',(5.9037439506,2.251372814,1.0013671457));
#7754=CARTESIAN_POINT('',(5.9173435673,2.2457908166,0.8346859776));
#7755=CARTESIAN_POINT('',(5.9159120265,2.2494124984,0.8367399402));
#7756=CARTESIAN_POINT('',(5.9144268526,2.2530137698,0.8387924681));
#7757=CARTESIAN_POINT('',(5.9113502338,2.2601730861,0.842893241));
#7758=CARTESIAN_POINT('',(5.9097587891,2.263731131,0.8449414859));
#7759=CARTESIAN_POINT('',(5.9064706935,2.2708016168,0.8490322817));
#7760=CARTESIAN_POINT('',(5.9047740428,2.2743140576,0.8510748326));
#7761=CARTESIAN_POINT('',(5.9012766691,2.2812909872,0.8551528332));
#7762=CARTESIAN_POINT('',(5.899475946,2.284755476,0.8571882828));
#7763=CARTESIAN_POINT('',(5.8957716291,2.2916341849,0.8612506782));
#7764=CARTESIAN_POINT('',(5.8938680352,2.295048405,0.8632776239));
#7765=CARTESIAN_POINT('',(5.8919136402,2.2984363486,0.8652996191));
#7766=CARTESIAN_POINT('',(5.9086169806,2.2721545818,0.7866164532));
#7767=CARTESIAN_POINT('',(5.9073693638,2.2752442211,0.7886705971));
#7768=CARTESIAN_POINT('',(5.9060803801,2.278317883,0.7907236324));
#7769=CARTESIAN_POINT('',(5.9034203289,2.2844317095,0.7948263929));
#7770=CARTESIAN_POINT('',(5.9020492614,2.2874718742,0.7968761181));
#7771=CARTESIAN_POINT('',(5.8992257335,2.2935171806,0.8009711674));
#7772=CARTESIAN_POINT('',(5.8977732731,2.2965223223,0.8030164914));
#7773=CARTESIAN_POINT('',(5.8947876904,2.3024960745,0.8071016492));
#7774=CARTESIAN_POINT('',(5.8932545682,2.3054646849,0.809141483));
#7775=CARTESIAN_POINT('',(5.8901084334,2.3113638842,0.8132145742));
#7776=CARTESIAN_POINT('',(5.8884954208,2.3142944731,0.8152478315));
#7777=CARTESIAN_POINT('',(5.8868428685,2.3172053155,0.8172772592));
#7778=CARTESIAN_POINT('',(5.8914623988,2.3200834295,0.7273453844));
#7779=CARTESIAN_POINT('',(5.8905709755,2.3222049764,0.7293997948));
#7780=CARTESIAN_POINT('',(5.8896532503,2.3243161538,0.7314534984));
#7781=CARTESIAN_POINT('',(5.8877655018,2.328517069,0.7355587951));
#7782=CARTESIAN_POINT('',(5.8867954784,2.3306068067,0.7376103882));
#7783=CARTESIAN_POINT('',(5.8848034561,2.3347641487,0.7417107675));
#7784=CARTESIAN_POINT('',(5.8837814572,2.336831753,0.7437595538));
#7785=CARTESIAN_POINT('',(5.8816858236,2.3409441417,0.7478536243));
#7786=CARTESIAN_POINT('',(5.8806121889,2.3429889261,0.7498989085));
#7787=CARTESIAN_POINT('',(5.8784136408,2.3470549961,0.7539852807));
#7788=CARTESIAN_POINT('',(5.8772887273,2.3490762818,0.7560263686));
#7789=CARTESIAN_POINT('',(5.8761383613,2.3510854824,0.7580650121));
#7790=CARTESIAN_POINT('',(5.8858139485,2.3355122104,0.711016796));
#7791=CARTESIAN_POINT('',(5.8850393246,2.3373220303,0.7130712861));
#7792=CARTESIAN_POINT('',(5.8842425411,2.3391230455,0.71512518));
#7793=CARTESIAN_POINT('',(5.882604877,2.3427069668,0.7192311878));
#7794=CARTESIAN_POINT('',(5.8817639962,2.3444898728,0.7212833016));
#7795=CARTESIAN_POINT('',(5.8800383718,2.3480370806,0.7253851618));
#7796=CARTESIAN_POINT('',(5.8791536281,2.3498013825,0.7274349082));
#7797=CARTESIAN_POINT('',(5.8773405241,2.3533108922,0.7315314469));
#7798=CARTESIAN_POINT('',(5.8764121639,2.3550561001,0.7335782392));
#7799=CARTESIAN_POINT('',(5.8745120855,2.3585269376,0.7376682837));
#7800=CARTESIAN_POINT('',(5.8735403675,2.3602525672,0.739711536));
#7801=CARTESIAN_POINT('',(5.8725471059,2.3619681682,0.7417527258));
#7802=CARTESIAN_POINT('',(5.8747790382,2.3645678217,0.6889341577));
#7803=CARTESIAN_POINT('',(5.8742312886,2.3657898576,0.6909887764));
#7804=CARTESIAN_POINT('',(5.8736669772,2.3670052225,0.6930429488));
#7805=CARTESIAN_POINT('',(5.8725053494,2.3694223567,0.6971499605));
#7806=CARTESIAN_POINT('',(5.8719080328,2.3706241258,0.6992027998));
#7807=CARTESIAN_POINT('',(5.87068052,2.3730138172,0.7033067056));
#7808=CARTESIAN_POINT('',(5.8700503236,2.3742017395,0.705357772));
#7809=CARTESIAN_POINT('',(5.8687571833,2.376563489,0.7094576923));
#7810=CARTESIAN_POINT('',(5.8680942393,2.3777373162,0.7115065461));
#7811=CARTESIAN_POINT('',(5.8667357429,2.3800706304,0.7156016022));
#7812=CARTESIAN_POINT('',(5.8660401904,2.3812301174,0.7176478044));
#7813=CARTESIAN_POINT('',(5.8653284067,2.3823823131,0.7196924615));
#7814=CARTESIAN_POINT('',(5.8698984099,2.3771729197,0.6813894173));
#7815=CARTESIAN_POINT('',(5.8694507091,2.3781397846,0.6834440868));
#7816=CARTESIAN_POINT('',(5.8689883579,2.379100713,0.6854983611));
#7817=CARTESIAN_POINT('',(5.8680344407,2.3810105192,0.6896057296));
#7818=CARTESIAN_POINT('',(5.8675428746,2.381959397,0.6916588238));
#7819=CARTESIAN_POINT('',(5.8665306192,2.3838449261,0.6957634424));
#7820=CARTESIAN_POINT('',(5.8660099298,2.3847815776,0.6978149669));
#7821=CARTESIAN_POINT('',(5.8649395245,2.3866424807,0.7019160569));
#7822=CARTESIAN_POINT('',(5.8643898086,2.3875667324,0.7039656223));
#7823=CARTESIAN_POINT('',(5.8632614528,2.3894026653,0.7080624054));
#7824=CARTESIAN_POINT('',(5.8626828128,2.3903143464,0.7101096231));
#7825=CARTESIAN_POINT('',(5.8620897647,2.3912196578,0.7121554725));
#7826=CARTESIAN_POINT('',(5.8604121177,2.4010312883,0.6725252604));
#7827=CARTESIAN_POINT('',(5.8601582009,2.4015144898,0.6745800114));
#7828=CARTESIAN_POINT('',(5.8598918843,2.4019926091,0.6766344273));
#7829=CARTESIAN_POINT('',(5.8593344935,2.4029386091,0.6807422587));
#7830=CARTESIAN_POINT('',(5.8590434193,2.4034064898,0.6827956741));
#7831=CARTESIAN_POINT('',(5.8584365589,2.4043319398,0.6869011741));
#7832=CARTESIAN_POINT('',(5.8581207728,2.4047895092,0.6889532587));
#7833=CARTESIAN_POINT('',(5.8574645383,2.4056942657,0.6930557671));
#7834=CARTESIAN_POINT('',(5.8571240899,2.4061414528,0.6951061908));
#7835=CARTESIAN_POINT('',(5.8564185845,2.4070253755,0.6992050475));
#7836=CARTESIAN_POINT('',(5.8560535275,2.4074621111,0.7012534805));
#7837=CARTESIAN_POINT('',(5.8556761949,2.407893587,0.7033007533));
#7838=CARTESIAN_POINT('',(5.8558976221,2.4121787331,0.6701750363));
#7839=CARTESIAN_POINT('',(5.85573571,2.4124357193,0.6722298204));
#7840=CARTESIAN_POINT('',(5.8555619978,2.4126878446,0.6742842854));
#7841=CARTESIAN_POINT('',(5.8551909997,2.4131823351,0.6783922627));
#7842=CARTESIAN_POINT('',(5.8549937138,2.4134247002,0.6804457749));
#7843=CARTESIAN_POINT('',(5.8545755984,2.4138996333,0.6845515319));
#7844=CARTESIAN_POINT('',(5.8543547689,2.4141322013,0.6866037767));
#7845=CARTESIAN_POINT('',(5.8538896002,2.4145875048,0.6907066845));
#7846=CARTESIAN_POINT('',(5.8536452609,2.4148102403,0.6927573476));
#7847=CARTESIAN_POINT('',(5.8531331099,2.4152458449,0.6968567777));
#7848=CARTESIAN_POINT('',(5.8528652981,2.415458714,0.6989055448));
#7849=CARTESIAN_POINT('',(5.8525857706,2.4156666337,0.700953207));
#7850=CARTESIAN_POINT('',(5.8467470449,2.4343138923,0.6695711921));
#7851=CARTESIAN_POINT('',(5.8467712016,2.4341210223,0.6716260297));
#7852=CARTESIAN_POINT('',(5.8467837277,2.4339233098,0.6736805523));
#7853=CARTESIAN_POINT('',(5.8467855167,2.4335182297,0.6777886569));
#7854=CARTESIAN_POINT('',(5.8467747796,2.4333108621,0.6798422389));
#7855=CARTESIAN_POINT('',(5.8467300438,2.4328865033,0.6839481516));
#7856=CARTESIAN_POINT('',(5.846696045,2.4326695122,0.6860004825));
#7857=CARTESIAN_POINT('',(5.846604791,2.4322259394,0.6901035825));
#7858=CARTESIAN_POINT('',(5.8465475356,2.4319993578,0.6921543518));
#7859=CARTESIAN_POINT('',(5.8464097769,2.4315366386,0.6962540187));
#7860=CARTESIAN_POINT('',(5.8463292736,2.431300501,0.6983029163));
#7861=CARTESIAN_POINT('',(5.8462371523,2.4310596034,0.7003507232));
#7862=CARTESIAN_POINT('',(5.8420068282,2.4455509905,0.6713335808));
#7863=CARTESIAN_POINT('',(5.8421271667,2.445129402,0.6733884392));
#7864=CARTESIAN_POINT('',(5.8422354409,2.444702765,0.6754429706));
#7865=CARTESIAN_POINT('',(5.8424278444,2.4438394585,0.6795510571));
#7866=CARTESIAN_POINT('',(5.8425119738,2.4434027891,0.6816046121));
#7867=CARTESIAN_POINT('',(5.8426560757,2.4425194839,0.6857104233));
#7868=CARTESIAN_POINT('',(5.8427160482,2.4420728482,0.6877626795));
#7869=CARTESIAN_POINT('',(5.8428118277,2.4411696781,0.6918655709));
#7870=CARTESIAN_POINT('',(5.8428476348,2.4407131438,0.6939162061));
#7871=CARTESIAN_POINT('',(5.8428950789,2.4397902459,0.6980155337));
#7872=CARTESIAN_POINT('',(5.8429067159,2.4393238823,0.7000642261));
#7873=CARTESIAN_POINT('',(5.8429062675,2.4388526394,0.7021117862));
#7874=CARTESIAN_POINT('',(5.8316841209,2.4695817771,0.679155423));
#7875=CARTESIAN_POINT('',(5.8320135846,2.4686702469,0.681210312));
#7876=CARTESIAN_POINT('',(5.8323290405,2.4677527878,0.6832648208));
#7877=CARTESIAN_POINT('',(5.8329318807,2.4659061753,0.6873727026));
#7878=CARTESIAN_POINT('',(5.833219265,2.4649770218,0.6894260757));
#7879=CARTESIAN_POINT('',(5.8337659111,2.463107186,0.6935313113));
#7880=CARTESIAN_POINT('',(5.834025173,2.4621665038,0.6955831738));
#7881=CARTESIAN_POINT('',(5.8345155285,2.4602737783,0.6996850135));
#7882=CARTESIAN_POINT('',(5.8347466222,2.459321735,0.7017349908));
#7883=CARTESIAN_POINT('',(5.8351806009,2.4574064572,0.7058326859));
#7884=CARTESIAN_POINT('',(5.8353834858,2.4564432227,0.7078804037));
#7885=CARTESIAN_POINT('',(5.8355722487,2.4554744785,0.7099268048));
#7886=CARTESIAN_POINT('',(5.8260931719,2.4822734583,0.6863231996));
#7887=CARTESIAN_POINT('',(5.8265356636,2.4811025449,0.6883780943));
#7888=CARTESIAN_POINT('',(5.8269623599,2.4799249067,0.6904325598));
#7889=CARTESIAN_POINT('',(5.8277840768,2.4775564166,0.6945402091));
#7890=CARTESIAN_POINT('',(5.8281790973,2.4763655649,0.6965933928));
#7891=CARTESIAN_POINT('',(5.8289373837,2.4739708867,0.7006980556));
#7892=CARTESIAN_POINT('',(5.8293006497,2.4727670602,0.7027495346));
#7893=CARTESIAN_POINT('',(5.8299953547,2.4703466742,0.7068503649));
#7894=CARTESIAN_POINT('',(5.8303267938,2.4691301145,0.7088997163));
#7895=CARTESIAN_POINT('',(5.8309577793,2.4666845061,0.7129958693));
#7896=CARTESIAN_POINT('',(5.8312573257,2.4654554574,0.7150426708));
#7897=CARTESIAN_POINT('',(5.831540896,2.4642202873,0.7170879864));
#7898=CARTESIAN_POINT('',(5.8118270263,2.5140817696,0.7098391898));
#7899=CARTESIAN_POINT('',(5.8125576195,2.5122593973,0.7118940765));
#7900=CARTESIAN_POINT('',(5.8132665471,2.5104276688,0.7139483732));
#7901=CARTESIAN_POINT('',(5.8146408794,2.5067459975,0.7180552048));
#7902=CARTESIAN_POINT('',(5.815306284,2.5048960546,0.7201077397));
#7903=CARTESIAN_POINT('',(5.8165933904,2.5011784576,0.724210466));
#7904=CARTESIAN_POINT('',(5.8172150922,2.4993108035,0.7262606576));
#7905=CARTESIAN_POINT('',(5.8184146249,2.495558292,0.7303581165));
#7906=CARTESIAN_POINT('',(5.8189924559,2.4936734347,0.7324053839));
#7907=CARTESIAN_POINT('',(5.8201040912,2.4898870294,0.7364964146));
#7908=CARTESIAN_POINT('',(5.8206378955,2.4879854814,0.7385401778));
#7909=CARTESIAN_POINT('',(5.8211496146,2.4860758469,0.7405818995));
#7910=CARTESIAN_POINT('',(5.803803513,2.5312970982,0.7291785604));
#7911=CARTESIAN_POINT('',(5.8046957899,2.5291204769,0.7312334162));
#7912=CARTESIAN_POINT('',(5.8055615681,2.5269323146,0.7332875493));
#7913=CARTESIAN_POINT('',(5.8072398364,2.5225336457,0.7373936579));
#7914=CARTESIAN_POINT('',(5.8080523264,2.5203231392,0.7394456333));
#7915=CARTESIAN_POINT('',(5.8096237449,2.5158805274,0.7435467144));
#7916=CARTESIAN_POINT('',(5.8103826735,2.5136484222,0.7455958201));
#7917=CARTESIAN_POINT('',(5.8118467139,2.5091633655,0.7496904509));
#7918=CARTESIAN_POINT('',(5.8125518258,2.5069104141,0.751735976));
#7919=CARTESIAN_POINT('',(5.8139079956,2.5023844249,0.7558227358));
#7920=CARTESIAN_POINT('',(5.8145590535,2.5001113871,0.7578639704));
#7921=CARTESIAN_POINT('',(5.8151829748,2.4978286892,0.7599027057));
#7922=CARTESIAN_POINT('',(5.7726363029,2.5967988409,0.8167762185));
#7923=CARTESIAN_POINT('',(5.7741564197,2.5932698578,0.8188308855));
#7924=CARTESIAN_POINT('',(5.775628128,2.5897192771,0.8208842273));
#7925=CARTESIAN_POINT('',(5.7784738948,2.5825769469,0.824986954));
#7926=CARTESIAN_POINT('',(5.7798479533,2.5789851974,0.8270363389));
#7927=CARTESIAN_POINT('',(5.782497642,2.5717625787,0.8311298476));
#7928=CARTESIAN_POINT('',(5.7837732724,2.5681317096,0.8331739713));
#7929=CARTESIAN_POINT('',(5.7862253815,2.5608329229,0.8372556562));
#7930=CARTESIAN_POINT('',(5.7874018603,2.5571650054,0.8392932174));
#7931=CARTESIAN_POINT('',(5.7896549985,2.5497942137,0.8433604795));
#7932=CARTESIAN_POINT('',(5.7907316578,2.5460913396,0.8453901804));
#7933=CARTESIAN_POINT('',(5.7917581013,2.5423720431,0.8474153045));
#7934=CARTESIAN_POINT('',(5.7553409471,2.6297450905,0.8963576883));
#7935=CARTESIAN_POINT('',(5.7572090506,2.6255242734,0.8984120759));
#7936=CARTESIAN_POINT('',(5.7590087918,2.6212723479,0.9004645859));
#7937=CARTESIAN_POINT('',(5.7624700068,2.6127099455,0.9045640002));
#7938=CARTESIAN_POINT('',(5.7641314804,2.6083994688,0.9066109045));
#7939=CARTESIAN_POINT('',(5.7673147306,2.5997236778,0.9106972616));
#7940=CARTESIAN_POINT('',(5.7688365071,2.5953583636,0.9127367144));
#7941=CARTESIAN_POINT('',(5.7717390487,2.586576657,0.9168063288));
#7942=CARTESIAN_POINT('',(5.7731198137,2.5821602646,0.9188364904));
#7943=CARTESIAN_POINT('',(5.7757391336,2.5732802031,0.9228856904));
#7944=CARTESIAN_POINT('',(5.7769776884,2.5688165342,0.9249047288));
#7945=CARTESIAN_POINT('',(5.7781445973,2.5643311475,0.9269172942));
#7946=CARTESIAN_POINT('',(5.7025236519,2.7279955777,1.1613218256));
#7947=CARTESIAN_POINT('',(5.7054578948,2.7216958929,1.1633751045));
#7948=CARTESIAN_POINT('',(5.7082570512,2.7153323018,1.1654246475));
#7949=CARTESIAN_POINT('',(5.7135806112,2.7024877891,1.169512585));
#7950=CARTESIAN_POINT('',(5.7161050146,2.6960068681,1.1715509795));
#7951=CARTESIAN_POINT('',(5.7208749209,2.6829383638,1.1756129607));
#7952=CARTESIAN_POINT('',(5.7231204236,2.676350781,1.1776365473));
#7953=CARTESIAN_POINT('',(5.72732882,2.6630797895,1.1816652771));
#7954=CARTESIAN_POINT('',(5.7292917134,2.6563963813,1.1836704201));
#7955=CARTESIAN_POINT('',(5.7329316269,2.6429447278,1.1876586556));
#7956=CARTESIAN_POINT('',(5.7346086469,2.6361764829,1.1896417481));
#7957=CARTESIAN_POINT('',(5.7361413229,2.6293713816,1.1916120293));
#7958=CARTESIAN_POINT('',(5.6749697752,2.77306784,1.3566923897));
#7959=CARTESIAN_POINT('',(5.6784604347,2.7657901231,1.3587446564));
#7960=CARTESIAN_POINT('',(5.6817666775,2.758422752,1.3607917968));
#7961=CARTESIAN_POINT('',(5.688002496,2.7435262446,1.3648707876));
#7962=CARTESIAN_POINT('',(5.6909320713,2.7359971095,1.3669026376));
#7963=CARTESIAN_POINT('',(5.6964075818,2.7207949888,1.3709460445));
#7964=CARTESIAN_POINT('',(5.6989535166,2.7131220045,1.3729576011));
#7965=CARTESIAN_POINT('',(5.7036556499,2.6976504308,1.3769554643));
#7966=CARTESIAN_POINT('',(5.7058118481,2.6898518428,1.3789417706));
#7967=CARTESIAN_POINT('',(5.7097293022,2.6741475989,1.3828842346));
#7968=CARTESIAN_POINT('',(5.7114905578,2.6662419444,1.3848403919));
#7969=CARTESIAN_POINT('',(5.7130521901,2.6582921503,1.38677906));
#7970=CARTESIAN_POINT('',(5.6236240974,2.8543380039,1.7458209386));
#7971=CARTESIAN_POINT('',(5.6281295833,2.8453311382,1.7478717022));
#7972=CARTESIAN_POINT('',(5.6323549946,2.8361825843,1.7499146186));
#7973=CARTESIAN_POINT('',(5.6402300619,2.8176359576,1.7539770653));
#7974=CARTESIAN_POINT('',(5.643879716,2.808237889,1.7559965947));
#7975=CARTESIAN_POINT('',(5.6505897614,2.78922701,1.7600046592));
#7976=CARTESIAN_POINT('',(5.6536501512,2.7796142037,1.7619931934));
#7977=CARTESIAN_POINT('',(5.6591703122,2.7602094114,1.7659317725));
#7978=CARTESIAN_POINT('',(5.6616300821,2.7504174297,1.7678818166));
#7979=CARTESIAN_POINT('',(5.6659398403,2.7306905061,1.7717360612));
#7980=CARTESIAN_POINT('',(5.6677898277,2.7207555686,1.7736402607));
#7981=CARTESIAN_POINT('',(5.6693314556,2.7107675239,1.7755179451));
#7982=CARTESIAN_POINT('',(5.600582449,2.8884290373,1.9423936127));
#7983=CARTESIAN_POINT('',(5.6055399968,2.8786944452,1.9444436324));
#7984=CARTESIAN_POINT('',(5.6101696131,2.8687910993,1.9464844316));
#7985=CARTESIAN_POINT('',(5.6187527561,2.8486902444,1.950538562));
#7986=CARTESIAN_POINT('',(5.62270628,2.8384927417,1.9525518919));
#7987=CARTESIAN_POINT('',(5.6299199303,2.817848202,1.9565421734));
#7988=CARTESIAN_POINT('',(5.6331800543,2.8074011715,1.9585191237));
#7989=CARTESIAN_POINT('',(5.6389925956,2.7863032864,1.9624278926));
#7990=CARTESIAN_POINT('',(5.6415450109,2.7756524384,1.96435971));
#7991=CARTESIAN_POINT('',(5.6459308856,2.7541935154,1.9681696554));
#7992=CARTESIAN_POINT('',(5.6477643435,2.743385447,1.9700477821));
#7993=CARTESIAN_POINT('',(5.6492342531,2.7325224077,1.9718949014));
#7994=CARTESIAN_POINT('',(5.5358250858,2.9805472442,2.5291024135));
#7995=CARTESIAN_POINT('',(5.5420488232,2.9688406696,2.5311502105));
#7996=CARTESIAN_POINT('',(5.5478028566,2.9568826821,2.5331846877));
#7997=CARTESIAN_POINT('',(5.5583357485,2.932538457,2.5372140058));
#7998=CARTESIAN_POINT('',(5.5631146004,2.9201522345,2.539208844));
#7999=CARTESIAN_POINT('',(5.5716673167,2.8950287635,2.5431461244));
#8000=CARTESIAN_POINT('',(5.5754411758,2.8822915307,2.545088564));
#8001=CARTESIAN_POINT('',(5.581960243,2.8565454175,2.5489086081));
#8002=CARTESIAN_POINT('',(5.5847054471,2.8435365531,2.5507862102));
#8003=CARTESIAN_POINT('',(5.5891498337,2.8173282317,2.5544645374));
#8004=CARTESIAN_POINT('',(5.5908490132,2.804128791,2.5562652602));
#8005=CARTESIAN_POINT('',(5.5920196955,2.7908751756,2.5580217591));
#8006=CARTESIAN_POINT('',(5.4977789373,3.0294472178,2.9222264616));
#8007=CARTESIAN_POINT('',(5.5047404865,3.01668565,2.9242727659));
#8008=CARTESIAN_POINT('',(5.5111387355,3.0036148274,2.926303004));
#8009=CARTESIAN_POINT('',(5.5227601588,2.9769539879,2.9303157091));
#8010=CARTESIAN_POINT('',(5.5279833224,2.9633639956,2.9322981724));
#8011=CARTESIAN_POINT('',(5.5372148641,2.9357680579,2.9362000394));
#8012=CARTESIAN_POINT('',(5.5412232337,2.9217621379,2.9381194393));
#8013=CARTESIAN_POINT('',(5.5479945569,2.8934407077,2.9418803624));
#8014=CARTESIAN_POINT('',(5.5507575042,2.8791252236,2.9437218819));
#8015=CARTESIAN_POINT('',(5.5550166588,2.8502933704,2.9473128104));
#8016=CARTESIAN_POINT('',(5.5565128621,2.8357770281,2.9490622158));
#8017=CARTESIAN_POINT('',(5.5573697667,2.8212153692,2.9507587937));
#8018=CARTESIAN_POINT('',(5.426114742,3.1167620955,3.7079028231));
#8019=CARTESIAN_POINT('',(5.4344646028,3.102101611,3.7099459793));
#8020=CARTESIAN_POINT('',(5.4420657874,3.0870122609,3.7119675622));
#8021=CARTESIAN_POINT('',(5.4556930595,3.0561304061,3.7159466888));
#8022=CARTESIAN_POINT('',(5.4617191236,3.0403379547,3.7179042255));
#8023=CARTESIAN_POINT('',(5.4721343741,3.0082117239,3.7217350037));
#8024=CARTESIAN_POINT('',(5.4765235425,2.9918779999,3.7236082384));
#8025=CARTESIAN_POINT('',(5.4836198669,2.9588365647,3.7272510145));
#8026=CARTESIAN_POINT('',(5.4863270104,2.9421289105,3.7290205493));
#8027=CARTESIAN_POINT('',(5.4900312531,2.90851078,3.7324375824));
#8028=CARTESIAN_POINT('',(5.4910283457,2.8916003618,3.7340850746));
#8029=CARTESIAN_POINT('',(5.4911650941,2.8746751629,3.7356629978));
#8030=CARTESIAN_POINT('',(5.3926166875,3.1547770831,4.1014762037));
#8031=CARTESIAN_POINT('',(5.4016143558,3.1392810273,4.103517702));
#8032=CARTESIAN_POINT('',(5.4097713333,3.1232941687,4.1055348597));
#8033=CARTESIAN_POINT('',(5.4243095544,3.0905240384,4.1094969808));
#8034=CARTESIAN_POINT('',(5.430690766,3.0737408391,4.1114419353));
#8035=CARTESIAN_POINT('',(5.4416034646,3.0395725194,4.1152369494));
#8036=CARTESIAN_POINT('',(5.4461349274,3.0221874745,4.1170870005));
#8037=CARTESIAN_POINT('',(5.4532954236,2.987016897,4.1206706));
#8038=CARTESIAN_POINT('',(5.4559244409,2.9692314421,4.1224041404));
#8039=CARTESIAN_POINT('',(5.459249232,2.9334661202,4.1257344522));
#8040=CARTESIAN_POINT('',(5.4599449981,2.9154863322,4.1273312161));
#8041=CARTESIAN_POINT('',(5.4596698587,2.8975135206,4.1288502504));
#8042=CARTESIAN_POINT('',(5.2963000005,3.2588840183,5.2830797905));
#8043=CARTESIAN_POINT('',(5.3071648509,3.2410720642,5.2851158518));
#8044=CARTESIAN_POINT('',(5.3169139677,3.2225776311,5.2871192097));
#8045=CARTESIAN_POINT('',(5.3340310506,3.1845086712,5.2910291553));
#8046=CARTESIAN_POINT('',(5.3413989507,3.1649342917,5.2929357274));
#8047=CARTESIAN_POINT('',(5.3536399607,3.1250069883,5.2966221775));
#8048=CARTESIAN_POINT('',(5.358513023,3.1046542188,5.2984020408));
#8049=CARTESIAN_POINT('',(5.3656886381,3.0634835624,5.3018070767));
#8050=CARTESIAN_POINT('',(5.3679911624,3.0426658346,5.3034322357));
#8051=CARTESIAN_POINT('',(5.3699890469,3.000885857,5.306502221));
#8052=CARTESIAN_POINT('',(5.3696843981,2.9799237687,5.3079470349));
#8053=CARTESIAN_POINT('',(5.3680776543,2.959050893,5.3092902346));
#8054=CARTESIAN_POINT('',(5.2375446369,3.3152370742,6.0726701783));
#8055=CARTESIAN_POINT('',(5.2495548299,3.296131441,6.074702009));
#8056=CARTESIAN_POINT('',(5.2602671323,3.2762076979,6.0766954766));
#8057=CARTESIAN_POINT('',(5.2789020724,3.2350856635,6.0805690982));
#8058=CARTESIAN_POINT('',(5.2868246103,3.2138875928,6.0824492309));
#8059=CARTESIAN_POINT('',(5.2997359358,3.1706018288,6.0860615842));
#8060=CARTESIAN_POINT('',(5.3047246535,3.1485143673,6.0877937849));
#8061=CARTESIAN_POINT('',(5.3116768578,3.1038507878,6.0910783322));
#8062=CARTESIAN_POINT('',(5.3136403054,3.081274909,6.0926306605));
#8063=CARTESIAN_POINT('',(5.3145047311,3.0360444181,6.0955267535));
#8064=CARTESIAN_POINT('',(5.3134057019,3.0133900486,6.0968705019));
#8065=CARTESIAN_POINT('',(5.3107842879,2.9909021312,6.0980974901));
#8066=CARTESIAN_POINT('',(5.0703165227,3.4641579116,8.4384604807));
#8067=CARTESIAN_POINT('',(5.0856477664,3.4414898955,8.4404757828));
#8068=CARTESIAN_POINT('',(5.099129917,3.4175724012,8.4424352797));
#8069=CARTESIAN_POINT('',(5.1220472603,3.3678605647,8.4461903666));
#8070=CARTESIAN_POINT('',(5.1314822034,3.3420667657,8.4479859136));
#8071=CARTESIAN_POINT('',(5.1460589921,3.2892732572,8.4513648973));
#8072=CARTESIAN_POINT('',(5.1512006761,3.2622741236,8.4529482949));
#8073=CARTESIAN_POINT('',(5.1570542893,3.2077718778,8.4558601964));
#8074=CARTESIAN_POINT('',(5.1577661491,3.1802693602,8.4571886662));
#8075=CARTESIAN_POINT('',(5.1547364176,3.1254756634,8.4595544501));
#8076=CARTESIAN_POINT('',(5.1509948505,3.0981850827,8.4605917359));
#8077=CARTESIAN_POINT('',(5.1450715311,3.0713555464,8.461469043));
#8078=CARTESIAN_POINT('',(4.9704643045,3.5370083228,10.0168351468));
#8079=CARTESIAN_POINT('',(4.9877890564,3.5124961415,10.0188374927));
#8080=CARTESIAN_POINT('',(5.002906616,3.4864246018,10.0207722572));
#8081=CARTESIAN_POINT('',(5.0282495386,3.4319909076,10.0244441638));
#8082=CARTESIAN_POINT('',(5.0384744908,3.4036296387,10.0261812432));
#8083=CARTESIAN_POINT('',(5.0537061345,3.3455176411,10.0294013651));
#8084=CARTESIAN_POINT('',(5.0587125724,3.3157678557,10.030884352));
#8085=CARTESIAN_POINT('',(5.0633439911,3.2558238927,10.0335478342));
#8086=CARTESIAN_POINT('',(5.062968883,3.2256306892,10.0347282826));
#8087=CARTESIAN_POINT('',(5.0568420469,3.1657600037,10.0367477333));
#8088=CARTESIAN_POINT('',(5.0510903974,3.1360834984,10.0375866989));
#8089=CARTESIAN_POINT('',(5.0427369564,3.1071377496,10.0382408422));
#8090=CARTESIAN_POINT('',(4.8106076348,3.6408947308,12.6945713132));
#8091=CARTESIAN_POINT('',(4.8311916777,3.6135783034,12.6965451128));
#8092=CARTESIAN_POINT('',(4.8489631733,3.5841398041,12.6984307774));
#8093=CARTESIAN_POINT('',(4.8781410953,3.5222461091,12.7019467813));
#8094=CARTESIAN_POINT('',(4.8895466756,3.4897927097,12.7035770173));
#8095=CARTESIAN_POINT('',(4.9055153135,3.4232253414,12.7065135061));
#8096=CARTESIAN_POINT('',(4.9100779051,3.3891133035,12.7078196723));
#8097=CARTESIAN_POINT('',(4.9121678202,3.3206540806,12.7100528551));
#8098=CARTESIAN_POINT('',(4.9096950771,3.286308882,12.7109798055));
#8099=CARTESIAN_POINT('',(4.8978143316,3.2188189787,12.7124151884));
#8100=CARTESIAN_POINT('',(4.8884066649,3.185676234,12.7129235776));
#8101=CARTESIAN_POINT('',(4.8757257281,3.1538269091,12.713211749));
#8102=CARTESIAN_POINT('',(4.7479764104,3.677295402,13.7938422733));
#8103=CARTESIAN_POINT('',(4.7698533604,3.6489396108,13.795802671));
#8104=CARTESIAN_POINT('',(4.7886710401,3.6182208404,13.7976663658));
#8105=CARTESIAN_POINT('',(4.8193281434,3.5534625903,13.8011146943));
#8106=CARTESIAN_POINT('',(4.8311664963,3.519425374,13.802699206));
#8107=CARTESIAN_POINT('',(4.8473209468,3.4495910893,13.8055159882));
#8108=CARTESIAN_POINT('',(4.8516364758,3.4137964604,13.8067481586));
#8109=CARTESIAN_POINT('',(4.8525448066,3.342088886,13.8088031846));
#8110=CARTESIAN_POINT('',(4.8491375674,3.3061784466,13.8096259665));
#8111=CARTESIAN_POINT('',(4.834752641,3.2358868407,13.8108238715));
#8112=CARTESIAN_POINT('',(4.8237754427,3.201508134,13.8111989509));
#8113=CARTESIAN_POINT('',(4.8092621688,3.1686834184,13.8113412815));
#8114=CARTESIAN_POINT('',(4.6876326078,3.7092597768,14.8933039592));
#8115=CARTESIAN_POINT('',(4.7107723976,3.6799381629,14.8952488627));
#8116=CARTESIAN_POINT('',(4.7306072754,3.6480034258,14.8970883547));
#8117=CARTESIAN_POINT('',(4.7626757402,3.580503996,14.9004645668));
#8118=CARTESIAN_POINT('',(4.7749079747,3.5449421498,14.9020011445));
#8119=CARTESIAN_POINT('',(4.7911570075,3.4719717901,14.904694436));
#8120=CARTESIAN_POINT('',(4.7951731205,3.4345663541,14.9058510362));
#8121=CARTESIAN_POINT('',(4.7947877899,3.3597847182,14.9077263314));
#8122=CARTESIAN_POINT('',(4.7903863627,3.3224116722,14.9084449475));
#8123=CARTESIAN_POINT('',(4.7733859942,3.2495692539,14.9094081956));
#8124=CARTESIAN_POINT('',(4.7607877699,3.2141029537,14.909652787));
#8125=CARTESIAN_POINT('',(4.744406373,3.1804779718,14.9096542328));
#8126=B_SPLINE_SURFACE_WITH_KNOTS('',3,3,((#7550,#7551,#7552,#7553,#7554,#7555,#7556,#7557,#7558,#7559,#7560,#7561),
    (#7562,#7563,#7564,#7565,#7566,#7567,#7568,#7569,#7570,#7571,#7572,#7573),
    (#7574,#7575,#7576,#7577,#7578,#7579,#7580,#7581,#7582,#7583,#7584,#7585),
    (#7586,#7587,#7588,#7589,#7590,#7591,#7592,#7593,#7594,#7595,#7596,#7597),
    (#7598,#7599,#7600,#7601,#7602,#7603,#7604,#7605,#7606,#7607,#7608,#7609),
    (#7610,#7611,#7612,#7613,#7614,#7615,#7616,#7617,#7618,#7619,#7620,#7621),
    (#7622,#7623,#7624,#7625,#7626,#7627,#7628,#7629,#7630,#7631,#7632,#7633),
    (#7634,#7635,#7636,#7637,#7638,#7639,#7640,#7641,#7642,#7643,#7644,#7645),
    (#7646,#7647,#7648,#7649,#7650,#7651,#7652,#7653,#7654,#7655,#7656,#7657),
    (#7658,#7659,#7660,#7661,#7662,#7663,#7664,#7665,#7666,#7667,#7668,#7669),
    (#7670,#7671,#7672,#7673,#7674,#7675,#7676,#7677,#7678,#7679,#7680,#7681),
    (#7682,#7683,#7684,#7685,#7686,#7687,#7688,#7689,#7690,#7691,#7692,#7693),
    (#7694,#7695,#7696,#7697,#7698,#7699,#7700,#7701,#7702,#7703,#7704,#7705),
    (#7706,#7707,#7708,#7709,#7710,#7711,#7712,#7713,#7714,#7715,#7716,#7717),
    (#7718,#7719,#7720,#7721,#7722,#7723,#7724,#7725,#7726,#7727,#7728,#7729),
    (#7730,#7731,#7732,#7733,#7734,#7735,#7736,#7737,#7738,#7739,#7740,#7741),
    (#7742,#7743,#7744,#7745,#7746,#7747,#7748,#7749,#7750,#7751,#7752,#7753),
    (#7754,#7755,#7756,#7757,#7758,#7759,#7760,#7761,#7762,#7763,#7764,#7765),
    (#7766,#7767,#7768,#7769,#7770,#7771,#7772,#7773,#7774,#7775,#7776,#7777),
    (#7778,#7779,#7780,#7781,#7782,#7783,#7784,#7785,#7786,#7787,#7788,#7789),
    (#7790,#7791,#7792,#7793,#7794,#7795,#7796,#7797,#7798,#7799,#7800,#7801),
    (#7802,#7803,#7804,#7805,#7806,#7807,#7808,#7809,#7810,#7811,#7812,#7813),
    (#7814,#7815,#7816,#7817,#7818,#7819,#7820,#7821,#7822,#7823,#7824,#7825),
    (#7826,#7827,#7828,#7829,#7830,#7831,#7832,#7833,#7834,#7835,#7836,#7837),
    (#7838,#7839,#7840,#7841,#7842,#7843,#7844,#7845,#7846,#7847,#7848,#7849),
    (#7850,#7851,#7852,#7853,#7854,#7855,#7856,#7857,#7858,#7859,#7860,#7861),
    (#7862,#7863,#7864,#7865,#7866,#7867,#7868,#7869,#7870,#7871,#7872,#7873),
    (#7874,#7875,#7876,#7877,#7878,#7879,#7880,#7881,#7882,#7883,#7884,#7885),
    (#7886,#7887,#7888,#7889,#7890,#7891,#7892,#7893,#7894,#7895,#7896,#7897),
    (#7898,#7899,#7900,#7901,#7902,#7903,#7904,#7905,#7906,#7907,#7908,#7909),
    (#7910,#7911,#7912,#7913,#7914,#7915,#7916,#7917,#7918,#7919,#7920,#7921),
    (#7922,#7923,#7924,#7925,#7926,#7927,#7928,#7929,#7930,#7931,#7932,#7933),
    (#7934,#7935,#7936,#7937,#7938,#7939,#7940,#7941,#7942,#7943,#7944,#7945),
    (#7946,#7947,#7948,#7949,#7950,#7951,#7952,#7953,#7954,#7955,#7956,#7957),
    (#7958,#7959,#7960,#7961,#7962,#7963,#7964,#7965,#7966,#7967,#7968,#7969),
    (#7970,#7971,#7972,#7973,#7974,#7975,#7976,#7977,#7978,#7979,#7980,#7981),
    (#7982,#7983,#7984,#7985,#7986,#7987,#7988,#7989,#7990,#7991,#7992,#7993),
    (#7994,#7995,#7996,#7997,#7998,#7999,#8000,#8001,#8002,#8003,#8004,#8005),
    (#8006,#8007,#8008,#8009,#8010,#8011,#8012,#8013,#8014,#8015,#8016,#8017),
    (#8018,#8019,#8020,#8021,#8022,#8023,#8024,#8025,#8026,#8027,#8028,#8029),
    (#8030,#8031,#8032,#8033,#8034,#8035,#8036,#8037,#8038,#8039,#8040,#8041),
    (#8042,#8043,#8044,#8045,#8046,#8047,#8048,#8049,#8050,#8051,#8052,#8053),
    (#8054,#8055,#8056,#8057,#8058,#8059,#8060,#8061,#8062,#8063,#8064,#8065),
    (#8066,#8067,#8068,#8069,#8070,#8071,#8072,#8073,#8074,#8075,#8076,#8077),
    (#8078,#8079,#8080,#8081,#8082,#8083,#8084,#8085,#8086,#8087,#8088,#8089),
    (#8090,#8091,#8092,#8093,#8094,#8095,#8096,#8097,#8098,#8099,#8100,#8101),
    (#8102,#8103,#8104,#8105,#8106,#8107,#8108,#8109,#8110,#8111,#8112,#8113),
    (#8114,#8115,#8116,#8117,#8118,#8119,#8120,#8121,#8122,#8123,#8124,#8125)),.UNSPECIFIED.,.F.,.F.,.U.,
 (4,2,2,2,2,2,2,2,2,2,2,2,2,2,2,2,2,2,2,2,
    2,2,2,4),(4,2,2,2,2,4),
  (0.0,0.0035539662,0.1389516732,0.2743527194,0.3729042585,0.4293110671,0.4613650261,0.4794187656,0.4894891403,0.4950746086,
    0.4973565475,0.498838323,0.4999856075,0.5011357635,0.5026222167,0.5052789179,0.514090971,0.5348631638,0.5556353567,0.5968875068,
    0.638139657,0.7206439574,0.8853567968,1.0),(0.0,0.2,0.4,0.6,0.8,1.0),.UNSPECIFIED.);
#8127=ADVANCED_FACE('n° 1132',(#7549),#8126,.T.);
#8128=ORIENTED_EDGE('',*,*,#7181,.T.);
#8129=ORIENTED_EDGE('',*,*,#6591,.T.);
#8130=CARTESIAN_POINT('',(3.3990968882,-4.2956596111,14.8808078637));
#8131=DIRECTION('',(0.7841909383,0.6205195987,-0.0));
#8132=DIRECTION('',(0.6205195987,-0.7841909383,0.0));
#8133=AXIS2_PLACEMENT_3D('',#8130,#8131,#8132);
#8134=CIRCLE('',#8133,0.5);
#8135=EDGE_CURVE('n° 1235',#1079,#729,#8134,.T.);
#8136=ORIENTED_EDGE('',*,*,#8135,.F.);
#8137=EDGE_LOOP('',(#8128,#8129,#8136));
#8138=FACE_OUTER_BOUND('',#8137,.T.);
#8139=CARTESIAN_POINT('',(3.3990968882,-4.2956596111,14.8808078637));
#8140=DIRECTION('',(0.1385125056,-0.1750472539,0.9747680466));
#8141=DIRECTION('',(0.0,-0.9842555966,-0.1767510127));
#8142=AXIS2_PLACEMENT_3D('',#8139,#8140,#8141);
#8143=SPHERICAL_SURFACE('',#8142,0.5);
#8144=ADVANCED_FACE('n° 1134',(#8138),#8143,.T.);
#8145=ORIENTED_EDGE('',*,*,#7545,.T.);
#8146=ORIENTED_EDGE('',*,*,#7363,.T.);
#8147=CARTESIAN_POINT('',(5.4410127403,0.6339806851,14.8808078637));
#8148=DIRECTION('',(0.1157358714,-0.993280025,-0.0));
#8149=DIRECTION('',(-0.993280025,-0.1157358714,0.0));
#8150=AXIS2_PLACEMENT_3D('',#8147,#8148,#8149);
#8151=CIRCLE('',#8150,0.5);
#8152=EDGE_CURVE('n° 1240',#614,#902,#8151,.T.);
#8153=ORIENTED_EDGE('',*,*,#8152,.F.);
#8154=EDGE_LOOP('',(#8145,#8146,#8153));
#8155=FACE_OUTER_BOUND('',#8154,.T.);
#8156=CARTESIAN_POINT('',(5.4410127403,0.6339806851,14.8808078637));
#8157=DIRECTION('',(0.2217201606,0.0258345837,0.9747680466));
#8158=DIRECTION('',(0.9750935022,0.0,-0.2217941885));
#8159=AXIS2_PLACEMENT_3D('',#8156,#8157,#8158);
#8160=SPHERICAL_SURFACE('',#8159,0.5);
#8161=ADVANCED_FACE('n° 1136',(#8155),#8160,.T.);
#8162=ORIENTED_EDGE('',*,*,#8135,.T.);
#8163=ORIENTED_EDGE('',*,*,#735,.F.);
#8164=CARTESIAN_POINT('',(4.2956690468,-3.3990849637,14.8808078637));
#8165=DIRECTION('',(0.6205174218,0.7841926608,0.0));
#8166=DIRECTION('',(-0.7841926608,0.6205174218,0.0));
#8167=AXIS2_PLACEMENT_3D('',#8164,#8165,#8166);
#8168=CIRCLE('',#8167,0.5);
#8169=EDGE_CURVE('n° 1242',#881,#676,#8168,.T.);
#8170=ORIENTED_EDGE('',*,*,#8169,.F.);
#8171=ORIENTED_EDGE('',*,*,#1102,.F.);
#8172=EDGE_LOOP('',(#8162,#8163,#8170,#8171));
#8173=FACE_OUTER_BOUND('',#8172,.T.);
#8174=CARTESIAN_POINT('',(0.0,0.0,14.8808078637));
#8175=DIRECTION('',(-0.0,-0.0,-1.0));
#8176=DIRECTION('',(-1.0,0.0,0.0));
#8177=AXIS2_PLACEMENT_3D('',#8174,#8175,#8176);
#8178=TOROIDAL_SURFACE('',#8177,5.4778235778,0.5);
#8179=ADVANCED_FACE('n° 1140',(#8173),#8178,.T.);
#8180=CARTESIAN_POINT('',(5.4410145002,-0.6339655811,14.8808078637));
#8181=DIRECTION('',(0.9294039975,0.3080630268,-0.2032372526));
#8182=DIRECTION('',(-0.3146294951,0.94921456,0.0));
#8183=AXIS2_PLACEMENT_3D('',#8180,#8181,#8182);
#8184=CIRCLE('',#8183,0.5);
#8185=EDGE_CURVE('n° 1244',#883,#1981,#8184,.T.);
#8186=ORIENTED_EDGE('',*,*,#8185,.F.);
#8187=ORIENTED_EDGE('',*,*,#899,.F.);
#8188=CARTESIAN_POINT('',(4.2956690468,-3.3990849637,14.8808078637));
#8189=DIRECTION('',(0.4387660217,-0.8753308913,-0.2031753157));
#8190=DIRECTION('',(0.8939771308,0.4481125859,0.0));
#8191=AXIS2_PLACEMENT_3D('',#8188,#8189,#8190);
#8192=CIRCLE('',#8191,0.5);
#8193=EDGE_CURVE('n° 1243',#1983,#881,#8192,.T.);
#8194=ORIENTED_EDGE('',*,*,#8193,.F.);
#8195=ORIENTED_EDGE('',*,*,#1999,.F.);
#8196=EDGE_LOOP('',(#8186,#8187,#8194,#8195));
#8197=FACE_OUTER_BOUND('',#8196,.T.);
#8198=CARTESIAN_POINT('',(5.5518746158,-0.6468825636,15.3681918871));
#8199=CARTESIAN_POINT('',(5.5658144267,-0.6918154213,15.3638303037));
#8200=CARTESIAN_POINT('',(5.5782580382,-0.7365693039,15.3528978873));
#8201=CARTESIAN_POINT('',(5.5991647677,-0.8221654017,15.3187594857));
#8202=CARTESIAN_POINT('',(5.607625644,-0.8629984386,15.295557161));
#8203=CARTESIAN_POINT('',(5.619890577,-0.9374921091,15.2387286626));
#8204=CARTESIAN_POINT('',(5.6236933186,-0.9711447551,15.2051085825));
#8205=CARTESIAN_POINT('',(5.6263373923,-1.0285894532,15.1301263894));
#8206=CARTESIAN_POINT('',(5.6251784409,-1.0523753459,15.0887723165));
#8207=CARTESIAN_POINT('',(5.617990589,-1.0881854809,15.0016219707));
#8208=CARTESIAN_POINT('',(5.6119624593,-1.1002058834,14.9558350426));
#8209=CARTESIAN_POINT('',(5.6037394599,-1.1058643762,14.909654233));
#8210=CARTESIAN_POINT('',(5.3940614223,-0.6991917964,15.402701659));
#8211=CARTESIAN_POINT('',(5.4112729911,-0.7422921413,15.3976444497));
#8212=CARTESIAN_POINT('',(5.4270760099,-0.7852052075,15.3862068593));
#8213=CARTESIAN_POINT('',(5.4546395732,-0.8673552509,15.35145323));
#8214=CARTESIAN_POINT('',(5.4663972973,-0.9065839727,15.3281406969));
#8215=CARTESIAN_POINT('',(5.4849510413,-0.9783305552,15.2714403819));
#8216=CARTESIAN_POINT('',(5.491745151,-1.0108412042,15.2380583123));
#8217=CARTESIAN_POINT('',(5.4998373623,-1.0666354015,15.1638014387));
#8218=CARTESIAN_POINT('',(5.5011346133,-1.0899133384,15.1229341122));
#8219=CARTESIAN_POINT('',(5.4981256513,-1.1254388305,15.0368688217));
#8220=CARTESIAN_POINT('',(5.4938197145,-1.1376828078,14.9916795229));
#8221=CARTESIAN_POINT('',(5.4868761403,-1.1439361321,14.9460734858));
#8222=CARTESIAN_POINT('',(5.2399475333,-0.7717825423,15.4340216094));
#8223=CARTESIAN_POINT('',(5.2603050301,-0.8126746542,15.4283474215));
#8224=CARTESIAN_POINT('',(5.2793320695,-0.8533665364,15.4164645969));
#8225=CARTESIAN_POINT('',(5.3132948412,-0.9313061272,15.3811724155));
#8226=CARTESIAN_POINT('',(5.3282273128,-0.9685464326,15.3577664225));
#8227=CARTESIAN_POINT('',(5.3528708198,-1.0367825131,15.3011880196));
#8228=CARTESIAN_POINT('',(5.3625794834,-1.0677718065,15.2680209987));
#8229=CARTESIAN_POINT('',(5.3760387125,-1.1211748058,15.1944154205));
#8230=CARTESIAN_POINT('',(5.3797879742,-1.1435834382,15.1539838722));
#8231=CARTESIAN_POINT('',(5.3810409685,-1.1781385099,15.0688911981));
#8232=CARTESIAN_POINT('',(5.3785445641,-1.1902816648,15.0242381743));
#8233=CARTESIAN_POINT('',(5.3730172522,-1.1968360188,14.9791504678));
#8234=CARTESIAN_POINT('',(4.9010558782,-0.9865583563,15.4969885121));
#8235=CARTESIAN_POINT('',(4.9282375209,-1.0215759131,15.4901008774));
#8236=CARTESIAN_POINT('',(4.9542463179,-1.0563535138,15.4773450033));
#8237=CARTESIAN_POINT('',(5.0020697503,-1.1229789099,15.4409997043));
#8238=CARTESIAN_POINT('',(5.0238802864,-1.1548211041,15.4174133609));
#8239=CARTESIAN_POINT('',(5.0617474407,-1.2133213513,15.3610808033));
#8240=CARTESIAN_POINT('',(5.077800805,-1.2399744854,15.3283393584));
#8241=CARTESIAN_POINT('',(5.1030032723,-1.2862089256,15.2560199394));
#8242=CARTESIAN_POINT('',(5.1121501991,-1.3057863422,15.2164480845));
#8243=CARTESIAN_POINT('',(5.122881155,-1.3364817346,15.1332760913));
#8244=CARTESIAN_POINT('',(5.1244642415,-1.3475971249,15.089682989));
#8245=CARTESIAN_POINT('',(5.1222060704,-1.3540880839,15.0456227676));
#8246=CARTESIAN_POINT('',(4.7218648404,-1.149596977,15.5250131401));
#8247=CARTESIAN_POINT('',(4.7526095799,-1.1805804587,15.5176027799));
#8248=CARTESIAN_POINT('',(4.7822529667,-1.2112930977,15.5044733765));
#8249=CARTESIAN_POINT('',(4.837293034,-1.270067127,15.4676805976));
#8250=CARTESIAN_POINT('',(4.8626852767,-1.298123816,15.4440201796));
#8251=CARTESIAN_POINT('',(4.9074629162,-1.3496495482,15.3878002014));
#8252=CARTESIAN_POINT('',(4.9268447005,-1.3731144703,15.3552451591));
#8253=CARTESIAN_POINT('',(4.9582569707,-1.4138369333,15.2834860544));
#8254=CARTESIAN_POINT('',(4.9702849198,-1.4310912177,15.2442877578));
#8255=CARTESIAN_POINT('',(4.9861539098,-1.4582010582,15.161951988));
#8256=CARTESIAN_POINT('',(4.9899936653,-1.4680544471,15.1188211301));
#8257=CARTESIAN_POINT('',(4.9896055551,-1.4738680768,15.0752117927));
#8258=CARTESIAN_POINT('',(4.4874878973,-1.4541264182,15.5521072968));
#8259=CARTESIAN_POINT('',(4.5230101092,-1.4779720552,15.5441952399));
#8260=CARTESIAN_POINT('',(4.5575123233,-1.5014858903,15.5307077114));
#8261=CARTESIAN_POINT('',(4.6221614091,-1.5462747946,15.4934864129));
#8262=CARTESIAN_POINT('',(4.6523033455,-1.5675464572,15.4697554814));
#8263=CARTESIAN_POINT('',(4.7061991303,-1.6064193136,15.4136447031));
#8264=CARTESIAN_POINT('',(4.7299488636,-1.624017551,15.3812691346));
#8265=CARTESIAN_POINT('',(4.7694579629,-1.6543588876,15.3100490171));
#8266=CARTESIAN_POINT('',(4.7852143113,-1.6670996796,15.2712098983));
#8267=CARTESIAN_POINT('',(4.8076728412,-1.6868681836,15.1896783801));
#8268=CARTESIAN_POINT('',(4.8143733062,-1.6938943927,15.146992197));
#8269=CARTESIAN_POINT('',(4.8163198925,-1.6978273102,15.1038170096));
#8270=CARTESIAN_POINT('',(4.4093625059,-1.5831453553,15.5582711922));
#8271=CARTESIAN_POINT('',(4.446572898,-1.6039388625,15.5502424421));
#8272=CARTESIAN_POINT('',(4.4827870366,-1.6243740614,15.5366720685));
#8273=CARTESIAN_POINT('',(4.5508088991,-1.6631660814,15.4993525789));
#8274=CARTESIAN_POINT('',(4.5826115003,-1.6815199826,15.4756062733));
#8275=CARTESIAN_POINT('',(4.6396801818,-1.7149205163,15.4195232977));
#8276=CARTESIAN_POINT('',(4.6649419641,-1.7299646348,15.3871908511));
#8277=CARTESIAN_POINT('',(4.7072365291,-1.755738096,15.3160990862));
#8278=CARTESIAN_POINT('',(4.7242661263,-1.7664654989,15.2773451215));
#8279=CARTESIAN_POINT('',(4.7489547868,-1.7828868404,15.1960040846));
#8280=CARTESIAN_POINT('',(4.7566119905,-1.7885795433,15.1534231377));
#8281=CARTESIAN_POINT('',(4.7593268477,-1.7915646299,15.1103508302));
#8282=CARTESIAN_POINT('',(4.2568786635,-1.9166644633,15.5619193253));
#8283=CARTESIAN_POINT('',(4.2974582551,-1.9299029522,15.5538229457));
#8284=CARTESIAN_POINT('',(4.3370792447,-1.9427100907,15.5402043704));
#8285=CARTESIAN_POINT('',(4.4117723822,-1.9666117513,15.5028272833));
#8286=CARTESIAN_POINT('',(4.4468389449,-1.9777044894,15.4790715658));
#8287=CARTESIAN_POINT('',(4.5100829058,-1.9974376932,15.4230034724));
#8288=CARTESIAN_POINT('',(4.5382555748,-2.0060766863,15.3906952881));
#8289=CARTESIAN_POINT('',(4.5858310118,-2.0203262552,15.3196763263));
#8290=CARTESIAN_POINT('',(4.605230222,-2.0259357679,15.280970858));
#8291=CARTESIAN_POINT('',(4.6339630656,-2.033752138,15.1997384895));
#8292=CARTESIAN_POINT('',(4.6432945501,-2.0359584127,15.1572176622));
#8293=CARTESIAN_POINT('',(4.6472811605,-2.0363896619,15.1142041573));
#8294=CARTESIAN_POINT('',(4.1981259315,-2.1326676755,15.5542375438));
#8295=CARTESIAN_POINT('',(4.2401043052,-2.1413583535,15.546275024));
#8296=CARTESIAN_POINT('',(4.2811300684,-2.1495669146,15.5327514256));
#8297=CARTESIAN_POINT('',(4.3585329633,-2.1644652699,15.4954869618));
#8298=CARTESIAN_POINT('',(4.3949042293,-2.1711539095,15.4717489231));
#8299=CARTESIAN_POINT('',(4.4605542026,-2.1825574885,15.4156492008));
#8300=CARTESIAN_POINT('',(4.4898279345,-2.1872715405,15.3832917713));
#8301=CARTESIAN_POINT('',(4.5393152295,-2.1944042212,15.3121261505));
#8302=CARTESIAN_POINT('',(4.5595250418,-2.1968222898,15.273323355));
#8303=CARTESIAN_POINT('',(4.5895253353,-2.1991964251,15.1918731963));
#8304=CARTESIAN_POINT('',(4.599313542,-2.1991522972,15.1492320082));
#8305=CARTESIAN_POINT('',(4.6035623671,-2.1978771759,15.1061007644));
#8306=CARTESIAN_POINT('',(4.153147551,-2.5647194106,15.520591169));
#8307=CARTESIAN_POINT('',(4.1968455634,-2.5637566176,15.5132590002));
#8308=CARTESIAN_POINT('',(4.239569033,-2.5621951379,15.5001856081));
#8309=CARTESIAN_POINT('',(4.3201148483,-2.5579772974,15.4634602417));
#8310=CARTESIAN_POINT('',(4.3579306731,-2.5553212534,15.439811243));
#8311=CARTESIAN_POINT('',(4.4260351872,-2.5490933016,15.383575248));
#8312=CARTESIAN_POINT('',(4.4563183627,-2.5455218754,15.350992807));
#8313=CARTESIAN_POINT('',(4.5072539837,-2.5377063649,15.2791509627));
#8314=CARTESIAN_POINT('',(4.5279023051,-2.5334628944,15.2398973784));
#8315=CARTESIAN_POINT('',(4.558133032,-2.5245941194,15.1574377839));
#8316=CARTESIAN_POINT('',(4.5677129889,-2.5199695189,15.1142384523));
#8317=CARTESIAN_POINT('',(4.5714264053,-2.5153132539,15.070562368));
#8318=CARTESIAN_POINT('',(4.1677935798,-2.7864988255,15.4939352689));
#8319=CARTESIAN_POINT('',(4.2117367507,-2.7804138396,15.4871193816));
#8320=CARTESIAN_POINT('',(4.2546761441,-2.7736621148,15.4744149779));
#8321=CARTESIAN_POINT('',(4.3355005045,-2.7592934655,15.4381313691));
#8322=CARTESIAN_POINT('',(4.3733785717,-2.7516777143,15.4145552622));
#8323=CARTESIAN_POINT('',(4.4413783005,-2.736113437,15.3582070668));
#8324=CARTESIAN_POINT('',(4.4714941543,-2.7281661907,15.3254397841));
#8325=CARTESIAN_POINT('',(4.5218198492,-2.7124963925,15.2530427554));
#8326=CARTESIAN_POINT('',(4.5420253878,-2.7047751379,15.2134191811));
#8327=CARTESIAN_POINT('',(4.5710863998,-2.6901008218,15.1301316738));
#8328=CARTESIAN_POINT('',(4.5799393825,-2.6831489843,15.0864748397));
#8329=CARTESIAN_POINT('',(4.5827995741,-2.6768269199,15.042352742));
#8330=CARTESIAN_POINT('',(4.2518837919,-3.1599574868,15.4337928276));
#8331=CARTESIAN_POINT('',(4.2951924735,-3.1454697565,15.4281137852));
#8332=CARTESIAN_POINT('',(4.337418775,-3.1301828529,15.4162274414));
#8333=CARTESIAN_POINT('',(4.4165437029,-3.0991490831,15.3809309523));
#8334=CARTESIAN_POINT('',(4.4534347921,-3.08340514,15.3575241698));
#8335=CARTESIAN_POINT('',(4.5191106583,-3.052636058,15.3009466168));
#8336=CARTESIAN_POINT('',(4.5478891774,-3.0376138198,15.267781233));
#8337=CARTESIAN_POINT('',(4.5951711191,-3.0094136187,15.1941807415));
#8338=CARTESIAN_POINT('',(4.6136700338,-2.996238317,15.1537526395));
#8339=CARTESIAN_POINT('',(4.6389970532,-2.9727198904,15.0686678184));
#8340=CARTESIAN_POINT('',(4.6458227392,-2.9623789879,15.0240191974));
#8341=CARTESIAN_POINT('',(4.6465542416,-2.9538423328,14.9789358824));
#8342=CARTESIAN_POINT('',(4.3087544728,-3.3198376222,15.4026613838));
#8343=CARTESIAN_POINT('',(4.3514466011,-3.3016993639,15.3975721839));
#8344=CARTESIAN_POINT('',(4.3930118935,-3.2826987747,15.3861116937));
#8345=CARTESIAN_POINT('',(4.4706884875,-3.2444252625,15.3513310672));
#8346=CARTESIAN_POINT('',(4.5067919691,-3.2251561352,15.3280144295));
#8347=CARTESIAN_POINT('',(4.5707488457,-3.1878266712,15.2713225165));
#8348=CARTESIAN_POINT('',(4.5985957975,-3.1697700406,15.2379529362));
#8349=CARTESIAN_POINT('',(4.6438811612,-3.1362546289,15.1637330161));
#8350=CARTESIAN_POINT('',(4.6613150047,-3.1207991802,15.1228901283));
#8351=CARTESIAN_POINT('',(4.6844203445,-3.0936764489,15.0368792663));
#8352=CARTESIAN_POINT('',(4.6900895003,-3.0820118696,14.9917199262));
#8353=CARTESIAN_POINT('',(4.6896553339,-3.0726914103,14.9461429508));
#8354=CARTESIAN_POINT('',(4.3831928658,-3.4683409738,15.368191887));
#8355=CARTESIAN_POINT('',(4.4248307008,-3.4464559599,15.36382442));
#8356=CARTESIAN_POINT('',(4.4652843084,-3.4236397647,15.3528877961));
#8357=CARTESIAN_POINT('',(4.5406116219,-3.3779562963,15.3187444482));
#8358=CARTESIAN_POINT('',(4.5754772548,-3.355093919,15.2955413835));
#8359=CARTESIAN_POINT('',(4.636844633,-3.3111428291,15.2387144688));
#8360=CARTESIAN_POINT('',(4.6633398015,-3.2900588267,15.2050967091));
#8361=CARTESIAN_POINT('',(4.7058497537,-3.25134768,15.1301213617));
#8362=CARTESIAN_POINT('',(4.7218599818,-3.2337246844,15.0887718091));
#8363=CARTESIAN_POINT('',(4.7421199549,-3.2033428663,15.0016315184));
#8364=CARTESIAN_POINT('',(4.7463675288,-3.1905872999,14.9558501192));
#8365=CARTESIAN_POINT('',(4.7445640911,-3.1807733823,14.9096746653));
#8366=B_SPLINE_SURFACE_WITH_KNOTS('',3,3,((#8198,#8199,#8200,#8201,#8202,#8203,#8204,#8205,#8206,#8207,#8208,#8209),
    (#8210,#8211,#8212,#8213,#8214,#8215,#8216,#8217,#8218,#8219,#8220,#8221),
    (#8222,#8223,#8224,#8225,#8226,#8227,#8228,#8229,#8230,#8231,#8232,#8233),
    (#8234,#8235,#8236,#8237,#8238,#8239,#8240,#8241,#8242,#8243,#8244,#8245),
    (#8246,#8247,#8248,#8249,#8250,#8251,#8252,#8253,#8254,#8255,#8256,#8257),
    (#8258,#8259,#8260,#8261,#8262,#8263,#8264,#8265,#8266,#8267,#8268,#8269),
    (#8270,#8271,#8272,#8273,#8274,#8275,#8276,#8277,#8278,#8279,#8280,#8281),
    (#8282,#8283,#8284,#8285,#8286,#8287,#8288,#8289,#8290,#8291,#8292,#8293),
    (#8294,#8295,#8296,#8297,#8298,#8299,#8300,#8301,#8302,#8303,#8304,#8305),
    (#8306,#8307,#8308,#8309,#8310,#8311,#8312,#8313,#8314,#8315,#8316,#8317),
    (#8318,#8319,#8320,#8321,#8322,#8323,#8324,#8325,#8326,#8327,#8328,#8329),
    (#8330,#8331,#8332,#8333,#8334,#8335,#8336,#8337,#8338,#8339,#8340,#8341),
    (#8342,#8343,#8344,#8345,#8346,#8347,#8348,#8349,#8350,#8351,#8352,#8353),
    (#8354,#8355,#8356,#8357,#8358,#8359,#8360,#8361,#8362,#8363,#8364,#8365)),.UNSPECIFIED.,.F.,.F.,.U.,
 (4,2,2,2,2,2,4),(4,2,2,2,2,4),(0.0,0.1463322919,0.3499981592,0.4783226063,0.6660526325,0.8537939303,1.0),(0.0,0.2,0.4,0.6,0.8,1.0),.UNSPECIFIED.);
#8367=ADVANCED_FACE('n° 1142',(#8197),#8366,.T.);
#8368=ORIENTED_EDGE('',*,*,#8152,.T.);
#8369=ORIENTED_EDGE('',*,*,#908,.F.);
#8370=CARTESIAN_POINT('',(5.4410145002,-0.6339655811,14.8808078637));
#8371=DIRECTION('',(-0.1157331141,-0.9932803463,0.0));
#8372=DIRECTION('',(0.9932803463,-0.1157331141,0.0));
#8373=AXIS2_PLACEMENT_3D('',#8370,#8371,#8372);
#8374=CIRCLE('',#8373,0.5);
#8375=EDGE_CURVE('n° 1245',#667,#883,#8374,.T.);
#8376=ORIENTED_EDGE('',*,*,#8375,.F.);
#8377=ORIENTED_EDGE('',*,*,#673,.F.);
#8378=EDGE_LOOP('',(#8368,#8369,#8376,#8377));
#8379=FACE_OUTER_BOUND('',#8378,.T.);
#8380=CARTESIAN_POINT('',(0.0,0.0,14.8808078637));
#8381=DIRECTION('',(-0.0,-0.0,-1.0));
#8382=DIRECTION('',(-1.0,0.0,0.0));
#8383=AXIS2_PLACEMENT_3D('',#8380,#8381,#8382);
#8384=TOROIDAL_SURFACE('',#8383,5.4778235778,0.5);
#8385=ADVANCED_FACE('n° 1144',(#8379),#8384,.T.);
#8386=ORIENTED_EDGE('',*,*,#8193,.T.);
#8387=ORIENTED_EDGE('',*,*,#8169,.T.);
#8388=CARTESIAN_POINT('',(4.2956690468,-3.3990849637,14.8808078637));
#8389=DIRECTION('',(0.0518763613,0.0253381465,-0.9983320197));
#8390=DIRECTION('',(0.9986526494,0.0,0.0518930222));
#8391=AXIS2_PLACEMENT_3D('',#8388,#8389,#8390);
#8392=CIRCLE('',#8391,0.5);
#8393=EDGE_CURVE('n° 1247',#1983,#676,#8392,.T.);
#8394=ORIENTED_EDGE('',*,*,#8393,.F.);
#8395=EDGE_LOOP('',(#8386,#8387,#8394));
#8396=FACE_OUTER_BOUND('',#8395,.T.);
#8397=CARTESIAN_POINT('',(4.2956690468,-3.3990849637,14.8808078637));
#8398=DIRECTION('',(0.1750476384,-0.1385120197,0.9747680466));
#8399=DIRECTION('',(0.9842555291,0.0,-0.1767513888));
#8400=AXIS2_PLACEMENT_3D('',#8397,#8398,#8399);
#8401=SPHERICAL_SURFACE('',#8400,0.5);
#8402=ADVANCED_FACE('n° 1146',(#8396),#8401,.T.);
#8403=ORIENTED_EDGE('',*,*,#8375,.T.);
#8404=ORIENTED_EDGE('',*,*,#8185,.T.);
#8405=CARTESIAN_POINT('',(5.4410145002,-0.6339655811,14.8808078637));
#8406=DIRECTION('',(0.0187708196,-0.0545537339,-0.9983343861));
#8407=DIRECTION('',(0.0,-0.998510311,0.0545633472));
#8408=AXIS2_PLACEMENT_3D('',#8405,#8406,#8407);
#8409=CIRCLE('',#8408,0.5);
#8410=EDGE_CURVE('n° 1249',#667,#1981,#8409,.T.);
#8411=ORIENTED_EDGE('',*,*,#8410,.F.);
#8412=EDGE_LOOP('',(#8403,#8404,#8411));
#8413=FACE_OUTER_BOUND('',#8412,.T.);
#8414=CARTESIAN_POINT('',(5.4410145002,-0.6339655811,14.8808078637));
#8415=DIRECTION('',(0.2217202323,-0.0258339683,0.9747680466));
#8416=DIRECTION('',(0.9750934866,0.0,-0.2217942567));
#8417=AXIS2_PLACEMENT_3D('',#8414,#8415,#8416);
#8418=SPHERICAL_SURFACE('',#8417,0.5);
#8419=ADVANCED_FACE('n° 1148',(#8413),#8418,.T.);
#8420=ORIENTED_EDGE('',*,*,#8393,.T.);
#8421=ORIENTED_EDGE('',*,*,#726,.F.);
#8422=ORIENTED_EDGE('',*,*,#8410,.T.);
#8423=ORIENTED_EDGE('',*,*,#2050,.F.);
#8424=EDGE_LOOP('',(#8420,#8421,#8422,#8423));
#8425=FACE_OUTER_BOUND('',#8424,.T.);
#8426=CARTESIAN_POINT('',(4.6876428971,-3.7092467736,14.8933039572));
#8427=CARTESIAN_POINT('',(4.7107683867,-3.6799430444,14.8952493705));
#8428=CARTESIAN_POINT('',(4.7305930106,-3.6480294027,14.8970895017));
#8429=CARTESIAN_POINT('',(4.7626507739,-3.5805755971,14.9004673303));
#8430=CARTESIAN_POINT('',(4.7748825646,-3.5450382711,14.9020048857));
#8431=CARTESIAN_POINT('',(4.7911412865,-3.4721169892,14.9047005153));
#8432=CARTESIAN_POINT('',(4.7951675336,-3.4347361013,14.9058584762));
#8433=CARTESIAN_POINT('',(4.7948127882,-3.3600000888,14.9077368784));
#8434=CARTESIAN_POINT('',(4.7904318105,-3.3226481084,14.9084572407));
#8435=CARTESIAN_POINT('',(4.7734813676,-3.2498410137,14.9094243233));
#8436=CARTESIAN_POINT('',(4.7609126154,-3.2143889625,14.9096710029));
#8437=CARTESIAN_POINT('',(4.7445640828,-3.1807733869,14.909674663));
#8438=CARTESIAN_POINT('',(4.6895146149,-3.7082545369,14.8592204682));
#8439=CARTESIAN_POINT('',(4.7126001255,-3.6789817923,14.8611663882));
#8440=CARTESIAN_POINT('',(4.7323926164,-3.6471070718,14.8630073033));
#8441=CARTESIAN_POINT('',(4.7644059856,-3.5797408927,14.8663874545));
#8442=CARTESIAN_POINT('',(4.7766255239,-3.5442522534,14.867926549));
#8443=CARTESIAN_POINT('',(4.7928818314,-3.471431045,14.8706261358));
#8444=CARTESIAN_POINT('',(4.7969179202,-3.4341015235,14.871786515));
#8445=CARTESIAN_POINT('',(4.7966049873,-3.359463483,14.8736706633));
#8446=CARTESIAN_POINT('',(4.7922559787,-3.3221580875,14.8743943534));
#8447=CARTESIAN_POINT('',(4.7753894343,-3.2494321827,14.8753689286));
#8448=CARTESIAN_POINT('',(4.7628726044,-3.214014717,14.875619773));
#8449=CARTESIAN_POINT('',(4.7465838545,-3.1804245515,14.8756279283));
#8450=CARTESIAN_POINT('',(4.6913887257,-3.7072577896,14.8251361135));
#8451=CARTESIAN_POINT('',(4.7144342428,-3.6780160829,14.8270825372));
#8452=CARTESIAN_POINT('',(4.7341945822,-3.6461803235,14.8289242332));
#8453=CARTESIAN_POINT('',(4.7661634975,-3.5789018416,14.8323067001));
#8454=CARTESIAN_POINT('',(4.7783707425,-3.5434619201,14.8338473303));
#8455=CARTESIAN_POINT('',(4.7946245265,-3.4707408604,14.8365508673));
#8456=CARTESIAN_POINT('',(4.7986703888,-3.4334627497,14.8377136616));
#8457=CARTESIAN_POINT('',(4.798399112,-3.3589228062,14.8396035502));
#8458=CARTESIAN_POINT('',(4.7940819841,-3.3216640764,14.8403305659));
#8459=CARTESIAN_POINT('',(4.7772991589,-3.2490195785,14.8413126319));
#8460=CARTESIAN_POINT('',(4.7648341603,-3.2136368346,14.8415676413));
#8461=CARTESIAN_POINT('',(4.748605114,-3.1800722491,14.8415802942));
#8462=CARTESIAN_POINT('',(4.7647507681,-3.6681128075,13.4925694595));
#8463=CARTESIAN_POINT('',(4.7862321757,-3.6400866266,13.4945354685));
#8464=CARTESIAN_POINT('',(4.8047348244,-3.6097756365,13.4964075683));
#8465=CARTESIAN_POINT('',(4.834963486,-3.5459284927,13.4998803124));
#8466=CARTESIAN_POINT('',(4.8466885122,-3.5123944248,13.5014808409));
#8467=CARTESIAN_POINT('',(4.8628393699,-3.4435916591,13.5043385432));
#8468=CARTESIAN_POINT('',(4.8672646676,-3.408325207,13.5055956211));
#8469=CARTESIAN_POINT('',(4.8686158178,-3.3376252774,13.5077097144));
#8470=CARTESIAN_POINT('',(4.8655416124,-3.3021941092,13.508566658));
#8471=CARTESIAN_POINT('',(4.8520247608,-3.2327407104,13.5098414961));
#8472=CARTESIAN_POINT('',(4.8415825357,-3.1987207531,13.5102593461));
#8473=CARTESIAN_POINT('',(4.8276844923,-3.1661628604,13.5104479177));
#8474=CARTESIAN_POINT('',(4.8395474864,-3.6236206929,12.1943636716));
#8475=CARTESIAN_POINT('',(4.8594873031,-3.5968516271,12.1963447063));
#8476=CARTESIAN_POINT('',(4.8767405851,-3.5680796775,12.1982419215));
#8477=CARTESIAN_POINT('',(4.9051925065,-3.5076689365,12.2017930006));
#8478=CARTESIAN_POINT('',(4.9163904059,-3.476031718,12.2034467704));
#8479=CARTESIAN_POINT('',(4.9322865899,-3.4111451016,12.2064446321));
#8480=CARTESIAN_POINT('',(4.9369844577,-3.3778973921,12.2077886443));
#8481=CARTESIAN_POINT('',(4.939691729,-3.3111082359,12.2101128812));
#8482=CARTESIAN_POINT('',(4.9377010549,-3.2775685275,12.2110930436));
#8483=CARTESIAN_POINT('',(4.9271059844,-3.2115259368,12.2126498333));
#8484=CARTESIAN_POINT('',(4.9185018528,-3.1790247753,12.2132264181));
#8485=CARTESIAN_POINT('',(4.9067586228,-3.147687295,12.2135893348));
#8486=CARTESIAN_POINT('',(4.9979039145,-3.5158868869,9.5990653351));
#8487=CARTESIAN_POINT('',(5.0146564566,-3.49192824,9.6010713922));
#8488=CARTESIAN_POINT('',(5.0293045445,-3.4664970427,9.6030132154));
#8489=CARTESIAN_POINT('',(5.0539494189,-3.4134603371,9.6067088476));
#8490=CARTESIAN_POINT('',(5.0639458368,-3.385855624,9.6084625992));
#8491=CARTESIAN_POINT('',(5.0789833964,-3.3293092052,9.6117280563));
#8492=CARTESIAN_POINT('',(5.0840243093,-3.300368346,9.6132397109));
#8493=CARTESIAN_POINT('',(5.0889952947,-3.242027325,9.6159742093));
#8494=CARTESIAN_POINT('',(5.0889252846,-3.2126280368,9.6171970101));
#8495=CARTESIAN_POINT('',(5.0836719647,-3.1542623203,9.6193157214));
#8496=CARTESIAN_POINT('',(5.078488721,-3.1252967682,9.6202115978));
#8497=CARTESIAN_POINT('',(5.0708242777,-3.0969877894,9.6209299138));
#8498=CARTESIAN_POINT('',(5.0812741852,-3.4531145864,8.3018223706));
#8499=CARTESIAN_POINT('',(5.0963855965,-3.4306983364,8.303838414));
#8500=CARTESIAN_POINT('',(5.1096823053,-3.4070580145,8.3057997178));
#8501=CARTESIAN_POINT('',(5.1323056235,-3.3579372816,8.3095615437));
#8502=CARTESIAN_POINT('',(5.1416319889,-3.3324574015,8.3113620236));
#8503=CARTESIAN_POINT('',(5.1560741358,-3.280313271,8.3147548941));
#8504=CARTESIAN_POINT('',(5.1611897597,-3.2536495836,8.3163472467));
#8505=CARTESIAN_POINT('',(5.1670768422,-3.1998237885,8.3192818457));
#8506=CARTESIAN_POINT('',(5.1678482334,-3.1726622618,8.3206240589));
#8507=CARTESIAN_POINT('',(5.165023559,-3.1185397535,8.3230227269));
#8508=CARTESIAN_POINT('',(5.1614275179,-3.0915793568,8.3240791541));
#8509=CARTESIAN_POINT('',(5.1556915705,-3.06506645,8.3249785156));
#8510=CARTESIAN_POINT('',(5.2382387069,-3.3149073883,6.0627487579));
#8511=CARTESIAN_POINT('',(5.2502840485,-3.2957286189,6.0647794392));
#8512=CARTESIAN_POINT('',(5.2610238146,-3.2757283109,6.0667715506));
#8513=CARTESIAN_POINT('',(5.2796976729,-3.2344483997,6.0706418634));
#8514=CARTESIAN_POINT('',(5.2876316661,-3.2131690162,6.0725200433));
#8515=CARTESIAN_POINT('',(5.3005494002,-3.169717994,6.0761277166));
#8516=CARTESIAN_POINT('',(5.3055330715,-3.1475465861,6.0778571898));
#8517=CARTESIAN_POINT('',(5.3124583189,-3.1027146256,6.0811353367));
#8518=CARTESIAN_POINT('',(5.3143998559,-3.0800543113,6.0826839918));
#8519=CARTESIAN_POINT('',(5.3152033657,-3.0346566648,6.085571632));
#8520=CARTESIAN_POINT('',(5.3140653306,-3.0119195744,6.0869106005));
#8521=CARTESIAN_POINT('',(5.3113963214,-2.9893509391,6.0881321818));
#8522=CARTESIAN_POINT('',(5.3080352354,-3.2482690648,5.1200065123));
#8523=CARTESIAN_POINT('',(5.3187251066,-3.2306132009,5.1220425669));
#8524=CARTESIAN_POINT('',(5.3283264558,-3.2122972222,5.1240467913));
#8525=CARTESIAN_POINT('',(5.3452101431,-3.1746171328,5.1279610228));
#8526=CARTESIAN_POINT('',(5.3524924215,-3.1552531558,5.1298710153));
#8527=CARTESIAN_POINT('',(5.3646296192,-3.1157646613,5.1335675678));
#8528=CARTESIAN_POINT('',(5.369484495,-3.0956402839,5.1353541141));
#8529=CARTESIAN_POINT('',(5.3766938611,-3.0549297072,5.1387763574));
#8530=CARTESIAN_POINT('',(5.3790483247,-3.0343436522,5.1404120417));
#8531=CARTESIAN_POINT('',(5.3812202154,-2.9930152933,5.1435073438));
#8532=CARTESIAN_POINT('',(5.3810376332,-2.9722731359,5.1449669499));
#8533=CARTESIAN_POINT('',(5.3795866652,-2.9516068816,5.1463271988));
#8534=CARTESIAN_POINT('',(5.4313807628,-3.1111305975,3.6412055651));
#8535=CARTESIAN_POINT('',(5.4396490968,-3.0965622916,3.64324903));
#8536=CARTESIAN_POINT('',(5.4471801563,-3.0815735977,3.6452712755));
#8537=CARTESIAN_POINT('',(5.4606925736,-3.0509055384,3.6492527627));
#8538=CARTESIAN_POINT('',(5.4666739097,-3.0352262224,3.6512119976));
#8539=CARTESIAN_POINT('',(5.4770269187,-3.003333902,3.6550475043));
#8540=CARTESIAN_POINT('',(5.4813985747,-2.9871209488,3.6569237697));
#8541=CARTESIAN_POINT('',(5.4884880827,-2.9543236118,3.6605741949));
#8542=CARTESIAN_POINT('',(5.4912059229,-2.9377392807,3.6623483486));
#8543=CARTESIAN_POINT('',(5.494959909,-2.9043651629,3.6657764135));
#8544=CARTESIAN_POINT('',(5.4959960482,-2.8875754298,3.667430319));
#8545=CARTESIAN_POINT('',(5.4961856593,-2.8707670175,3.6690156275));
#8546=CARTESIAN_POINT('',(5.4789541178,-3.0548899429,3.1033628051));
#8547=CARTESIAN_POINT('',(5.4862743325,-3.0415986917,3.1054087728));
#8548=CARTESIAN_POINT('',(5.4929887327,-3.0279722031,3.1074374297));
#8549=CARTESIAN_POINT('',(5.5051519385,-3.0001587144,3.1114432827));
#8550=CARTESIAN_POINT('',(5.5106007315,-2.9859717433,3.1134204745));
#8551=CARTESIAN_POINT('',(5.5201887218,-2.9571517299,3.1173069552));
#8552=CARTESIAN_POINT('',(5.5243279091,-2.9425187176,3.11921624));
#8553=CARTESIAN_POINT('',(5.5312630226,-2.9129245972,3.1229510013));
#8554=CARTESIAN_POINT('',(5.5340589414,-2.8979635199,3.1247764738));
#8555=CARTESIAN_POINT('',(5.5382844508,-2.8678338654,3.1283283672));
#8556=CARTESIAN_POINT('',(5.5397140366,-2.8526653196,3.1300547843));
#8557=CARTESIAN_POINT('',(5.5404543145,-2.8374541651,3.1317244456));
#8558=CARTESIAN_POINT('',(5.5643461029,-2.940680907,2.2638220492));
#8559=CARTESIAN_POINT('',(5.5699748505,-2.9299013134,2.2658712873));
#8560=CARTESIAN_POINT('',(5.5752030109,-2.9189108247,2.2679092072));
#8561=CARTESIAN_POINT('',(5.5848303417,-2.8965667137,2.2719513466));
#8562=CARTESIAN_POINT('',(5.5892295077,-2.8852131016,2.2739555642));
#8563=CARTESIAN_POINT('',(5.5971753607,-2.8622033169,2.2779194075));
#8564=CARTESIAN_POINT('',(5.6007220439,-2.8505471549,2.2798790312));
#8565=CARTESIAN_POINT('',(5.606943898,-2.8269944323,2.2837430285));
#8566=CARTESIAN_POINT('',(5.609619066,-2.8150978824,2.2856474001));
#8567=CARTESIAN_POINT('',(5.6140834103,-2.7911278181,2.2893905241));
#8568=CARTESIAN_POINT('',(5.6158725844,-2.7790543145,2.2912292746));
#8569=CARTESIAN_POINT('',(5.6172138375,-2.7669245203,2.2930302028));
#8570=CARTESIAN_POINT('',(5.5973733471,-2.8942975414,1.9601092799));
#8571=CARTESIAN_POINT('',(5.6023518479,-2.8845218619,1.9621595728));
#8572=CARTESIAN_POINT('',(5.6070037346,-2.8745783577,1.9642006851));
#8573=CARTESIAN_POINT('',(5.6156344768,-2.8543981814,1.9682555579));
#8574=CARTESIAN_POINT('',(5.6196133298,-2.8441615152,1.970269317));
#8575=CARTESIAN_POINT('',(5.6268810075,-2.8234387317,1.9742606042));
#8576=CARTESIAN_POINT('',(5.6301698301,-2.8129526204,1.976238131));
#8577=CARTESIAN_POINT('',(5.6360433305,-2.7917757078,1.9801482256));
#8578=CARTESIAN_POINT('',(5.6386280067,-2.7810849127,1.9820807922));
#8579=CARTESIAN_POINT('',(5.6430820374,-2.7595442548,1.9858924265));
#8580=CARTESIAN_POINT('',(5.6449513905,-2.7486943984,1.9877714929));
#8581=CARTESIAN_POINT('',(5.6464589868,-2.7377881567,1.9896196517));
#8582=CARTESIAN_POINT('',(5.6574474634,-2.8010284847,1.4897465631));
#8583=CARTESIAN_POINT('',(5.6612480046,-2.7932248364,1.4917983851));
#8584=CARTESIAN_POINT('',(5.6648363921,-2.7853164829,1.4938442924));
#8585=CARTESIAN_POINT('',(5.671578892,-2.7693123963,1.4979184702));
#8586=CARTESIAN_POINT('',(5.6747330037,-2.7612166651,1.4999467403));
#8587=CARTESIAN_POINT('',(5.6805981663,-2.7448603678,1.5039798833));
#8588=CARTESIAN_POINT('',(5.6833092167,-2.7365998036,1.5059847559));
#8589=CARTESIAN_POINT('',(5.6882806788,-2.7199368355,1.5099654075));
#8590=CARTESIAN_POINT('',(5.6905410899,-2.7115344337,1.511941186));
#8591=CARTESIAN_POINT('',(5.6946049232,-2.6946111757,1.5158580326));
#8592=CARTESIAN_POINT('',(5.6964083448,-2.6860903216,1.5177991001));
#8593=CARTESIAN_POINT('',(5.697980719,-2.6775220969,1.5197200511));
#8594=CARTESIAN_POINT('',(5.6806980842,-2.7635144195,1.3207794983));
#8595=CARTESIAN_POINT('',(5.6840436781,-2.7564968785,1.322831847));
#8596=CARTESIAN_POINT('',(5.687218214,-2.7493965679,1.324879445));
#8597=CARTESIAN_POINT('',(5.6932182049,-2.7350460388,1.32896047));
#8598=CARTESIAN_POINT('',(5.6960436596,-2.7277958215,1.3309938968));
#8599=CARTESIAN_POINT('',(5.7013392728,-2.7131614346,1.3350419401));
#8600=CARTESIAN_POINT('',(5.7038094309,-2.7057772662,1.3370565564));
#8601=CARTESIAN_POINT('',(5.708389,-2.6908912216,1.3410623796));
#8602=CARTESIAN_POINT('',(5.7104984106,-2.6833893465,1.3430535864));
#8603=CARTESIAN_POINT('',(5.7143518084,-2.6682843871,1.3470080421));
#8604=CARTESIAN_POINT('',(5.7160957954,-2.660681304,1.3489712908));
#8605=CARTESIAN_POINT('',(5.7176551255,-2.6530359756,1.3509183164));
#8606=CARTESIAN_POINT('',(5.723776094,-2.6879599157,1.0627689378));
#8607=CARTESIAN_POINT('',(5.7262774267,-2.6825054258,1.0648221137));
#8608=CARTESIAN_POINT('',(5.7286705983,-2.6770002798,1.0668723037));
#8609=CARTESIAN_POINT('',(5.7332372747,-2.6658963921,1.0709637733));
#8610=CARTESIAN_POINT('',(5.7354107792,-2.6602976509,1.0730050528));
#8611=CARTESIAN_POINT('',(5.7395350768,-2.6490144183,1.0770757747));
#8612=CARTESIAN_POINT('',(5.7414858697,-2.6433299273,1.079105217));
#8613=CARTESIAN_POINT('',(5.7451620042,-2.6318831583,1.083149354));
#8614=CARTESIAN_POINT('',(5.7468873457,-2.6261208807,1.0851640486));
#8615=CARTESIAN_POINT('',(5.7501101462,-2.6145266089,1.0891758001));
#8616=CARTESIAN_POINT('',(5.7516076051,-2.608694615,1.0911728568));
#8617=CARTESIAN_POINT('',(5.7529900629,-2.6028318462,1.0931596616));
#8618=CARTESIAN_POINT('',(5.7404969448,-2.6577256991,0.9708868435));
#8619=CARTESIAN_POINT('',(5.7426704833,-2.6528936772,0.9729403177));
#8620=CARTESIAN_POINT('',(5.74475829,-2.6480221481,0.9749914319));
#8621=CARTESIAN_POINT('',(5.7487601832,-2.6382053598,0.9790866166));
#8622=CARTESIAN_POINT('',(5.7506742698,-2.6332601008,0.9811306871));
#8623=CARTESIAN_POINT('',(5.7543266505,-2.6233012155,0.9852094679));
#8624=CARTESIAN_POINT('',(5.7560649447,-2.6182875894,0.9872441781));
#8625=CARTESIAN_POINT('',(5.7593638548,-2.6081974055,0.9913019318));
#8626=CARTESIAN_POINT('',(5.7609244707,-2.6031208478,0.9933249753));
#8627=CARTESIAN_POINT('',(5.7638663269,-2.5929103032,0.9973571012));
#8628=CARTESIAN_POINT('',(5.7652475671,-2.5877763165,0.9993661836));
#8629=CARTESIAN_POINT('',(5.766538366,-2.5826163971,1.0013671459));
#8630=CARTESIAN_POINT('',(5.7722076784,-2.5961798477,0.8346859775));
#8631=CARTESIAN_POINT('',(5.7737563421,-2.5926066798,0.8367399401));
#8632=CARTESIAN_POINT('',(5.775252649,-2.5890100197,0.838792468));
#8633=CARTESIAN_POINT('',(5.7781395522,-2.5817721205,0.8428932409));
#8634=CARTESIAN_POINT('',(5.7795301485,-2.5781308813,0.8449414858));
#8635=CARTESIAN_POINT('',(5.7822047023,-2.5708062582,0.8490322816));
#8636=CARTESIAN_POINT('',(5.7834886598,-2.5671228742,0.8510748325));
#8637=CARTESIAN_POINT('',(5.7859490774,-2.5597164231,0.8551528331));
#8638=CARTESIAN_POINT('',(5.7871255374,-2.5559933561,0.8571882827));
#8639=CARTESIAN_POINT('',(5.7893701715,-2.5485100266,0.8612506781));
#8640=CARTESIAN_POINT('',(5.7904383456,-2.5447497642,0.8632776238));
#8641=CARTESIAN_POINT('',(5.7914520176,-2.5409721603,0.865299619));
#8642=CARTESIAN_POINT('',(5.7846790472,-2.5713672216,0.7866164534));
#8643=CARTESIAN_POINT('',(5.7859815537,-2.5683003183,0.7886705973));
#8644=CARTESIAN_POINT('',(5.7872435118,-2.565215462,0.7907236325));
#8645=CARTESIAN_POINT('',(5.7896856998,-2.5590113936,0.794826393));
#8646=CARTESIAN_POINT('',(5.7908659298,-2.5558921814,0.7968761183));
#8647=CARTESIAN_POINT('',(5.7931440712,-2.5496209685,0.8009711675));
#8648=CARTESIAN_POINT('',(5.7942419827,-2.5464689677,0.8030164915));
#8649=CARTESIAN_POINT('',(5.7963549376,-2.5401337613,0.8071016493));
#8650=CARTESIAN_POINT('',(5.7973699811,-2.5369505556,0.8091414831));
#8651=CARTESIAN_POINT('',(5.7993166917,-2.5305545385,0.8132145743));
#8652=CARTESIAN_POINT('',(5.8002483588,-2.527341727,0.8152478317));
#8653=CARTESIAN_POINT('',(5.8011381042,-2.5241149197,0.8172772593));
#8654=CARTESIAN_POINT('',(5.8064397392,-2.5253462875,0.7273453844));
#8655=CARTESIAN_POINT('',(5.8073095679,-2.5232157958,0.7293997948));
#8656=CARTESIAN_POINT('',(5.8081534661,-2.5210740382,0.7314534984));
#8657=CARTESIAN_POINT('',(5.8097891219,-2.5167687027,0.735558795));
#8658=CARTESIAN_POINT('',(5.8105808795,-2.5146051249,0.7376103881));
#8659=CARTESIAN_POINT('',(5.8121119918,-2.5102568676,0.7417107675));
#8660=CARTESIAN_POINT('',(5.8128513464,-2.5080721882,0.7437595538));
#8661=CARTESIAN_POINT('',(5.8142774077,-2.5036824535,0.7478536243));
#8662=CARTESIAN_POINT('',(5.8149641143,-2.5014773983,0.7498989085));
#8663=CARTESIAN_POINT('',(5.8162846517,-2.4970476442,0.7539852806));
#8664=CARTESIAN_POINT('',(5.8169184825,-2.4948229455,0.7560263686));
#8665=CARTESIAN_POINT('',(5.8175257703,-2.4925887944,0.758065012));
#8666=CARTESIAN_POINT('',(5.8133554773,-2.5104424342,0.711016796));
#8667=CARTESIAN_POINT('',(5.8140874714,-2.5086149565,0.7130712861));
#8668=CARTESIAN_POINT('',(5.8147975705,-2.5067780354,0.71512518));
#8669=CARTESIAN_POINT('',(5.8161737821,-2.503085817,0.7192311878));
#8670=CARTESIAN_POINT('',(5.8168398946,-2.5012305196,0.7212833016));
#8671=CARTESIAN_POINT('',(5.8181279485,-2.4975020641,0.7253851619));
#8672=CARTESIAN_POINT('',(5.81874989,-2.4956289061,0.7274349083));
#8673=CARTESIAN_POINT('',(5.8199494301,-2.4918652498,0.7315314469));
#8674=CARTESIAN_POINT('',(5.8205270286,-2.4899747516,0.7335782392));
#8675=CARTESIAN_POINT('',(5.8216377231,-2.4861769406,0.7376682837));
#8676=CARTESIAN_POINT('',(5.822170819,-2.4842696278,0.739711536));
#8677=CARTESIAN_POINT('',(5.8226815901,-2.4823541727,0.7417527258));
#8678=CARTESIAN_POINT('',(5.8260980372,-2.4820941546,0.6889341577));
#8679=CARTESIAN_POINT('',(5.8265748296,-2.4808427273,0.6909887764));
#8680=CARTESIAN_POINT('',(5.827035194,-2.4795843061,0.6930429488));
#8681=CARTESIAN_POINT('',(5.827922971,-2.4770537392,0.6971499605));
#8682=CARTESIAN_POINT('',(5.8283503835,-2.4757815935,0.6992027998));
#8683=CARTESIAN_POINT('',(5.8291721679,-2.4732238438,0.7033067056));
#8684=CARTESIAN_POINT('',(5.8295665397,-2.4719382398,0.705357772));
#8685=CARTESIAN_POINT('',(5.8303221605,-2.4693538424,0.7094576923));
#8686=CARTESIAN_POINT('',(5.8306834095,-2.4680550491,0.7115065461));
#8687=CARTESIAN_POINT('',(5.8313727097,-2.4654445448,0.7156016022));
#8688=CARTESIAN_POINT('',(5.8317007609,-2.4641328338,0.7176478044));
#8689=CARTESIAN_POINT('',(5.8320121793,-2.4628148013,0.7196924615));
#8690=CARTESIAN_POINT('',(5.8315600621,-2.4697298789,0.6813894173));
#8691=CARTESIAN_POINT('',(5.8319271665,-2.4687296299,0.6834440868));
#8692=CARTESIAN_POINT('',(5.8322797139,-2.4677232192,0.6854983611));
#8693=CARTESIAN_POINT('',(5.8329556294,-2.465698261,0.6896057296));
#8694=CARTESIAN_POINT('',(5.8332789977,-2.4646797134,0.6916588238));
#8695=CARTESIAN_POINT('',(5.8338964955,-2.4626306703,0.6957634424));
#8696=CARTESIAN_POINT('',(5.834190625,-2.4616001747,0.6978149669));
#8697=CARTESIAN_POINT('',(5.8347495914,-2.4595274266,0.7019160569));
#8698=CARTESIAN_POINT('',(5.8350144282,-2.4584851741,0.7039656223));
#8699=CARTESIAN_POINT('',(5.8355147607,-2.4563891055,0.7080624055));
#8700=CARTESIAN_POINT('',(5.8357502563,-2.4553352894,0.7101096231));
#8701=CARTESIAN_POINT('',(5.8359710599,-2.4542757892,0.7121554725));
#8702=CARTESIAN_POINT('',(5.8417226548,-2.4461516432,0.6725252604));
#8703=CARTESIAN_POINT('',(5.8418847835,-2.4456304218,0.6745800114));
#8704=CARTESIAN_POINT('',(5.8420345507,-2.4451040261,0.6766344273));
#8705=CARTESIAN_POINT('',(5.8423093389,-2.4440409683,0.6807422586));
#8706=CARTESIAN_POINT('',(5.8424343599,-2.4435043062,0.6827956741));
#8707=CARTESIAN_POINT('',(5.8426596368,-2.4424207991,0.6869011741));
#8708=CARTESIAN_POINT('',(5.8427598927,-2.4418739542,0.6889532587));
#8709=CARTESIAN_POINT('',(5.8429356243,-2.4407701668,0.6930557671));
#8710=CARTESIAN_POINT('',(5.8430111,-2.4402132244,0.6951061908));
#8711=CARTESIAN_POINT('',(5.8431372601,-2.4390893291,0.6992050475));
#8712=CARTESIAN_POINT('',(5.8431879445,-2.4385223761,0.7012534805));
#8713=CARTESIAN_POINT('',(5.8432262296,-2.4379504621,0.7033007533));
#8714=CARTESIAN_POINT('',(5.8464128581,-2.4350769789,0.6701750363));
#8715=CARTESIAN_POINT('',(5.8464800857,-2.4347807731,0.6722298204));
#8716=CARTESIAN_POINT('',(5.8465355321,-2.4344796605,0.6742842854));
#8717=CARTESIAN_POINT('',(5.8466228544,-2.4338676676,0.6783922627));
#8718=CARTESIAN_POINT('',(5.8466547302,-2.4335567874,0.6804457749));
#8719=CARTESIAN_POINT('',(5.8466949064,-2.4329253068,0.6845515319));
#8720=CARTESIAN_POINT('',(5.8467032068,-2.4326047063,0.6866037767));
#8721=CARTESIAN_POINT('',(5.8466962311,-2.4319538342,0.6907066845));
#8722=CARTESIAN_POINT('',(5.8466809549,-2.4316235624,0.6927573476));
#8723=CARTESIAN_POINT('',(5.8466268283,-2.430953398,0.6968567777));
#8724=CARTESIAN_POINT('',(5.846587978,-2.4306135053,0.6989055448));
#8725=CARTESIAN_POINT('',(5.8465373436,-2.4302688281,0.700953207));
#8726=CARTESIAN_POINT('',(5.8555943441,-2.4129546226,0.6695711921));
#8727=CARTESIAN_POINT('',(5.8554750458,-2.4131080836,0.6716260297));
#8728=CARTESIAN_POINT('',(5.8553440992,-2.4132567447,0.6736805523));
#8729=CARTESIAN_POINT('',(5.8550589293,-2.4135444446,0.6777886569));
#8730=CARTESIAN_POINT('',(5.854904706,-2.4136834834,0.6798422389));
#8731=CARTESIAN_POINT('',(5.8545730061,-2.4139519174,0.6839481516));
#8732=CARTESIAN_POINT('',(5.8543955294,-2.4140813125,0.6860004825));
#8733=CARTESIAN_POINT('',(5.8540173498,-2.4143304394,0.6901035825));
#8734=CARTESIAN_POINT('',(5.8538166467,-2.4144501712,0.6921543518));
#8735=CARTESIAN_POINT('',(5.8533920447,-2.414679953,0.6962540187));
#8736=CARTESIAN_POINT('',(5.8531681458,-2.414790003,0.6983029163));
#8737=CARTESIAN_POINT('',(5.8529326658,-2.4148952038,0.7003507232));
#8738=CARTESIAN_POINT('',(5.8601883331,-2.4016569548,0.6713335808));
#8739=CARTESIAN_POINT('',(5.8599753172,-2.4020401551,0.6733884392));
#8740=CARTESIAN_POINT('',(5.8597502007,-2.4024183944,0.6754429706));
#8741=CARTESIAN_POINT('',(5.8592758007,-2.4031648941,0.6795510571));
#8742=CARTESIAN_POINT('',(5.8590265172,-2.4035331545,0.6816046121));
#8743=CARTESIAN_POINT('',(5.8585038215,-2.404259641,0.6857104233));
#8744=CARTESIAN_POINT('',(5.8582304093,-2.4046178671,0.6877626795));
#8745=CARTESIAN_POINT('',(5.857659498,-2.4053242311,0.6918655709));
#8746=CARTESIAN_POINT('',(5.8573619989,-2.4056723691,0.6939162061));
#8747=CARTESIAN_POINT('',(5.8567429596,-2.4063585045,0.6980155337));
#8748=CARTESIAN_POINT('',(5.8564214193,-2.406696502,0.7000642261));
#8749=CARTESIAN_POINT('',(5.8560878832,-2.4070294039,0.7021117862));
#8750=CARTESIAN_POINT('',(5.8698814089,-2.3773653663,0.679155423));
#8751=CARTESIAN_POINT('',(5.8694698258,-2.3782428815,0.681210312));
#8752=CARTESIAN_POINT('',(5.8690441452,-2.3791146841,0.6832648208));
#8753=CARTESIAN_POINT('',(5.8681646653,-2.3808467087,0.6873727026));
#8754=CARTESIAN_POINT('',(5.867710866,-2.3817069309,0.6894260757));
#8755=CARTESIAN_POINT('',(5.8667752296,-2.3834156416,0.6935313113));
#8756=CARTESIAN_POINT('',(5.8662933927,-2.3842641302,0.6955831738));
#8757=CARTESIAN_POINT('',(5.8653017673,-2.385949223,0.6996850136));
#8758=CARTESIAN_POINT('',(5.864791979,-2.3867858271,0.7017349908));
#8759=CARTESIAN_POINT('',(5.8637445424,-2.3884470023,0.7058326859));
#8760=CARTESIAN_POINT('',(5.863206894,-2.3892715733,0.7078804037));
#8761=CARTESIAN_POINT('',(5.8626553639,-2.3900900543,0.7099268048));
#8762=CARTESIAN_POINT('',(5.8749023848,-2.3644375945,0.6863231996));
#8763=CARTESIAN_POINT('',(5.8743873129,-2.3655784442,0.6883780943));
#8764=CARTESIAN_POINT('',(5.8738563168,-2.3667128801,0.6904325598));
#8765=CARTESIAN_POINT('',(5.872762583,-2.368968697,0.694540209));
#8766=CARTESIAN_POINT('',(5.8721998453,-2.370090078,0.6965933928));
#8767=CARTESIAN_POINT('',(5.8710427416,-2.3723195607,0.7006980556));
#8768=CARTESIAN_POINT('',(5.8704483755,-2.3734276624,0.7027495345));
#8769=CARTESIAN_POINT('',(5.8692281348,-2.3756303644,0.7068503649));
#8770=CARTESIAN_POINT('',(5.86860226,-2.3767249648,0.7088997163));
#8771=CARTESIAN_POINT('',(5.8673191279,-2.3789004452,0.7129958692));
#8772=CARTESIAN_POINT('',(5.8666618704,-2.3799813252,0.7150426708));
#8773=CARTESIAN_POINT('',(5.8659889878,-2.3810552369,0.7170879864));
#8774=CARTESIAN_POINT('',(5.8873065692,-2.3318580336,0.7098391898));
#8775=CARTESIAN_POINT('',(5.8865345648,-2.3336632528,0.7118940765));
#8776=CARTESIAN_POINT('',(5.8857406246,-2.335459768,0.7139483732));
#8777=CARTESIAN_POINT('',(5.8841090895,-2.3390349025,0.7180552048));
#8778=CARTESIAN_POINT('',(5.8832714945,-2.3408135217,0.7201077397));
#8779=CARTESIAN_POINT('',(5.8815528781,-2.3443523814,0.724210466));
#8780=CARTESIAN_POINT('',(5.8806718568,-2.3461126218,0.7262606576));
#8781=CARTESIAN_POINT('',(5.8788666282,-2.3496142459,0.7303581165));
#8782=CARTESIAN_POINT('',(5.8779424209,-2.3513556295,0.7324053839));
#8783=CARTESIAN_POINT('',(5.8760510729,-2.3548190672,0.7364964146));
#8784=CARTESIAN_POINT('',(5.8750839322,-2.3565411213,0.7385401778));
#8785=CARTESIAN_POINT('',(5.8740954567,-2.358253277,0.7405818996));
#8786=CARTESIAN_POINT('',(5.8938061641,-2.3140114773,0.7291785604));
#8787=CARTESIAN_POINT('',(5.8928979955,-2.316181516,0.7312334161));
#8788=CARTESIAN_POINT('',(5.8919629287,-2.3183409781,0.7332875493));
#8789=CARTESIAN_POINT('',(5.890039315,-2.3226380216,0.7373936579));
#8790=CARTESIAN_POINT('',(5.889050768,-2.324775603,0.7394456333));
#8791=CARTESIAN_POINT('',(5.8870205277,-2.3290281646,0.7435467144));
#8792=CARTESIAN_POINT('',(5.8859788345,-2.331143145,0.7455958201));
#8793=CARTESIAN_POINT('',(5.8838426535,-2.3353497919,0.7496904509));
#8794=CARTESIAN_POINT('',(5.8827481656,-2.3374414585,0.751735976));
#8795=CARTESIAN_POINT('',(5.8805067648,-2.3416007731,0.7558227357));
#8796=CARTESIAN_POINT('',(5.8793598518,-2.343668421,0.7578639704));
#8797=CARTESIAN_POINT('',(5.8781869196,-2.3457237112,0.7599027057));
#8798=CARTESIAN_POINT('',(5.9180843448,-2.2456562055,0.8167762187));
#8799=CARTESIAN_POINT('',(5.9166638618,-2.2492264583,0.8188308856));
#8800=CARTESIAN_POINT('',(5.9151938771,-2.2527777529,0.8208842274));
#8801=CARTESIAN_POINT('',(5.9121557479,-2.2598404041,0.8249869541));
#8802=CARTESIAN_POINT('',(5.9105876035,-2.2633517606,0.827036339));
#8803=CARTESIAN_POINT('',(5.9073540538,-2.2703325361,0.8311298477));
#8804=CARTESIAN_POINT('',(5.9056886485,-2.2738019551,0.8331739714));
#8805=CARTESIAN_POINT('',(5.9022615299,-2.2806968797,0.8372556563));
#8806=CARTESIAN_POINT('',(5.9004998166,-2.2841223853,0.8392932175));
#8807=CARTESIAN_POINT('',(5.8968810891,-2.2909275314,0.8433604796));
#8808=CARTESIAN_POINT('',(5.8950240749,-2.2943071718,0.8453901805));
#8809=CARTESIAN_POINT('',(5.8931199402,-2.2976629168,0.8474153047));
#8810=CARTESIAN_POINT('',(5.9291512279,-2.2101299462,0.8963576581));
#8811=CARTESIAN_POINT('',(5.9274876023,-2.2144354793,0.8984120457));
#8812=CARTESIAN_POINT('',(5.9257536398,-2.2187146698,0.9004645556));
#8813=CARTESIAN_POINT('',(5.922146542,-2.2272166825,0.9045639698));
#8814=CARTESIAN_POINT('',(5.9202734066,-2.2314395046,0.906610874));
#8815=CARTESIAN_POINT('',(5.9163895785,-2.2398251437,0.9106972309));
#8816=CARTESIAN_POINT('',(5.9143788856,-2.2439879606,0.9127366835));
#8817=CARTESIAN_POINT('',(5.9102216711,-2.2522500015,0.9168062976));
#8818=CARTESIAN_POINT('',(5.9080751495,-2.2563492255,0.918836459));
#8819=CARTESIAN_POINT('',(5.9036481179,-2.2644805448,0.9228856586));
#8820=CARTESIAN_POINT('',(5.9013676081,-2.2685126401,0.9249046967));
#8821=CARTESIAN_POINT('',(5.8990210798,-2.2725094306,0.9269172617));
#8822=CARTESIAN_POINT('',(5.9612772458,-2.103309159,1.1613218968));
#8823=CARTESIAN_POINT('',(5.958897515,-2.1098385428,1.1633751756));
#8824=CARTESIAN_POINT('',(5.9563770745,-2.1163175945,1.1654247185));
#8825=CARTESIAN_POINT('',(5.951058948,-2.1291643829,1.1695126559));
#8826=CARTESIAN_POINT('',(5.9482612622,-2.1355321191,1.1715510502));
#8827=CARTESIAN_POINT('',(5.9423932555,-2.1481458004,1.1756130311));
#8828=CARTESIAN_POINT('',(5.9393229348,-2.1543917449,1.1776366176));
#8829=CARTESIAN_POINT('',(5.9329146987,-2.1667515578,1.181665347));
#8830=CARTESIAN_POINT('',(5.9295767835,-2.1728654255,1.1836704897));
#8831=CARTESIAN_POINT('',(5.9226388203,-2.1849510066,1.1876587247));
#8832=CARTESIAN_POINT('',(5.9190387725,-2.1909227193,1.1896418169));
#8833=CARTESIAN_POINT('',(5.9153105963,-2.1968184266,1.1916120977));
#8834=CARTESIAN_POINT('',(5.9736646855,-2.0519545367,1.3566923897));
#8835=CARTESIAN_POINT('',(5.9709868314,-2.0595689287,1.3587446564));
#8836=CARTESIAN_POINT('',(5.9681151801,-2.0671163135,1.3607917968));
#8837=CARTESIAN_POINT('',(5.9619911483,-2.0820591245,1.3648707876));
#8838=CARTESIAN_POINT('',(5.9587387683,-2.0894545494,1.3669026376));
#8839=CARTESIAN_POINT('',(5.9518610163,-2.1040758427,1.3709460445));
#8840=CARTESIAN_POINT('',(5.9482356448,-2.1113017097,1.372957601));
#8841=CARTESIAN_POINT('',(5.9406205005,-2.1255666747,1.3769554643));
#8842=CARTESIAN_POINT('',(5.9366307284,-2.1326057715,1.3789417706));
#8843=CARTESIAN_POINT('',(5.9282962095,-2.1464804073,1.3828842346));
#8844=CARTESIAN_POINT('',(5.9239514633,-2.153315945,1.3848403919));
#8845=CARTESIAN_POINT('',(5.9194343507,-2.1600415391,1.3867790599));
#8846=CARTESIAN_POINT('',(5.9948244924,-1.9581809758,1.7458209386));
#8847=CARTESIAN_POINT('',(5.9916415363,-1.9677356512,1.7478717022));
#8848=CARTESIAN_POINT('',(5.9881603488,-1.9771924727,1.7499146186));
#8849=CARTESIAN_POINT('',(5.9806144168,-1.9958754317,1.7539770653));
#8850=CARTESIAN_POINT('',(5.9765496739,-2.0051015649,1.7559965946));
#8851=CARTESIAN_POINT('',(5.967851671,-2.023289005,1.7600046592));
#8852=CARTESIAN_POINT('',(5.9632184129,-2.0322503079,1.7619931934));
#8853=CARTESIAN_POINT('',(5.9534004959,-2.0498749113,1.7659317725));
#8854=CARTESIAN_POINT('',(5.9482158393,-2.058538208,1.7678818166));
#8855=CARTESIAN_POINT('',(5.9373142571,-2.0755347087,1.7717360611));
#8856=CARTESIAN_POINT('',(5.931597334,-2.083867909,1.7736402607));
#8857=CARTESIAN_POINT('',(5.9256248154,-2.0920206187,1.7755179451));
#8858=CARTESIAN_POINT('',(6.0026375875,-1.917782069,1.9423936127));
#8859=CARTESIAN_POINT('',(5.9992597072,-1.9281709807,1.9444436324));
#8860=CARTESIAN_POINT('',(5.9955306172,-1.9384473369,1.9464844315));
#8861=CARTESIAN_POINT('',(5.9873863649,-1.9587299864,1.9505385619));
#8862=CARTESIAN_POINT('',(5.9829712052,-1.9687362733,1.9525518919));
#8863=CARTESIAN_POINT('',(5.9734741322,-1.9884349883,1.9565421734));
#8864=CARTESIAN_POINT('',(5.9683922219,-1.9981274102,1.9585191237));
#8865=CARTESIAN_POINT('',(5.9575838516,-2.0171559552,1.9624278926));
#8866=CARTESIAN_POINT('',(5.951857395,-2.0264920722,1.96435971));
#8867=CARTESIAN_POINT('',(5.9397849267,-2.044767104,1.9681696554));
#8868=CARTESIAN_POINT('',(5.9334389188,-2.0537060129,1.9700477821));
#8869=CARTESIAN_POINT('',(5.926796973,-2.0624267247,1.9718949014));
#8870=CARTESIAN_POINT('',(6.0219846256,-1.8068542897,2.5291024135));
#8871=CARTESIAN_POINT('',(6.0181076742,-1.8195329348,2.5311502104));
#8872=CARTESIAN_POINT('',(6.0137208163,-1.8320572249,2.5331846877));
#8873=CARTESIAN_POINT('',(6.0039547288,-1.8567190709,2.5372140058));
#8874=CARTESIAN_POINT('',(5.9985755055,-1.8688566114,2.539208844));
#8875=CARTESIAN_POINT('',(5.9868582126,-1.8926692719,2.5431461244));
#8876=CARTESIAN_POINT('',(5.9805201502,-1.9043443769,2.545088564));
#8877=CARTESIAN_POINT('',(5.9669245756,-1.9271593048,2.5489086081));
#8878=CARTESIAN_POINT('',(5.9596670718,-1.9382991134,2.5507862102));
#8879=CARTESIAN_POINT('',(5.9442776459,-1.9599738511,2.5544645374));
#8880=CARTESIAN_POINT('',(5.9361457332,-1.9705087665,2.5562652602));
#8881=CARTESIAN_POINT('',(5.9276018093,-1.9807082852,2.5580217591));
#8882=CARTESIAN_POINT('',(6.0296594389,-1.7453740971,2.9222264616));
#8883=CARTESIAN_POINT('',(6.0255582065,-1.7593204469,2.9242727659));
#8884=CARTESIAN_POINT('',(6.0208399845,-1.7730871594,2.9263030039));
#8885=CARTESIAN_POINT('',(6.0102055112,-1.8001568071,2.9303157091));
#8886=CARTESIAN_POINT('',(6.00428927,-1.8134597171,2.9322981724));
#8887=CARTESIAN_POINT('',(5.991303681,-1.8395006776,2.9362000394));
#8888=CARTESIAN_POINT('',(5.9842343454,-1.8522387039,2.9381194392));
#8889=CARTESIAN_POINT('',(5.9689961185,-1.8770530279,2.9418803623));
#8890=CARTESIAN_POINT('',(5.9608272414,-1.8891293024,2.9437218819));
#8891=CARTESIAN_POINT('',(5.9434517197,-1.9125281785,2.9473128104));
#8892=CARTESIAN_POINT('',(5.934245091,-1.923850758,2.9490622157));
#8893=CARTESIAN_POINT('',(5.9245543663,-1.9347533288,2.9507587936));
#8894=CARTESIAN_POINT('',(6.0407261426,-1.6329589165,3.7079028231));
#8895=CARTESIAN_POINT('',(6.0362638578,-1.6492296877,3.7099459793));
#8896=CARTESIAN_POINT('',(6.0309689252,-1.6652743186,3.7119675622));
#8897=CARTESIAN_POINT('',(6.0187680928,-1.6967470241,3.7159466888));
#8898=CARTESIAN_POINT('',(6.0118622141,-1.7121750443,3.7179042255));
#8899=CARTESIAN_POINT('',(5.9965102327,-1.7422564143,3.7217350036));
#8900=CARTESIAN_POINT('',(5.9880641564,-1.756909712,3.7236082384));
#8901=CARTESIAN_POINT('',(5.9697181926,-1.785291394,3.7272510144));
#8902=CARTESIAN_POINT('',(5.9598183366,-1.7990197292,3.7290205493));
#8903=CARTESIAN_POINT('',(5.9386660237,-1.8254106323,3.7324375824));
#8904=CARTESIAN_POINT('',(5.9274136032,-1.8380731546,3.7340850745));
#8905=CARTESIAN_POINT('',(5.9155423761,-1.8501377732,3.7356629977));
#8906=CARTESIAN_POINT('',(6.0439200967,-1.5823915595,4.1014762037));
#8907=CARTESIAN_POINT('',(6.0393250428,-1.5997112379,4.1035177019));
#8908=CARTESIAN_POINT('',(6.0337884807,-1.6167835081,4.1055348597));
#8909=CARTESIAN_POINT('',(6.0208965741,-1.6502355643,4.1094969808));
#8910=CARTESIAN_POINT('',(6.0135412581,-1.6666152763,4.1114419352));
#8911=CARTESIAN_POINT('',(5.9970970507,-1.69849237,4.1152369494));
#8912=CARTESIAN_POINT('',(5.9880081956,-1.7139896812,4.1170870005));
#8913=CARTESIAN_POINT('',(5.9682020772,-1.7439222704,4.1206706));
#8914=CARTESIAN_POINT('',(5.9574848575,-1.7583574822,4.1224041403));
#8915=CARTESIAN_POINT('',(5.9345459381,-1.7859983662,4.1257344521));
#8916=CARTESIAN_POINT('',(5.922324289,-1.7992039771,4.1273312161));
#8917=CARTESIAN_POINT('',(5.9094210391,-1.8117181212,4.1288502504));
#8918=CARTESIAN_POINT('',(6.049428634,-1.4406706571,5.2830797904));
#8919=CARTESIAN_POINT('',(6.0445162898,-1.4609482201,5.2851158518));
#8920=CARTESIAN_POINT('',(6.0383324174,-1.4809194257,5.2871192097));
#8921=CARTESIAN_POINT('',(6.0235172031,-1.5199418508,5.2910291552));
#8922=CARTESIAN_POINT('',(6.0148859187,-1.5389929194,5.2929357274));
#8923=CARTESIAN_POINT('',(5.9953087529,-1.5758814875,5.2966221775));
#8924=CARTESIAN_POINT('',(5.984362947,-1.5937188443,5.2984020407));
#8925=CARTESIAN_POINT('',(5.9603248228,-1.6279048207,5.3018070767));
#8926=CARTESIAN_POINT('',(5.9472325968,-1.6442533077,5.3034322356));
#8927=CARTESIAN_POINT('',(5.919102409,-1.6752089309,5.3065022209));
#8928=CARTESIAN_POINT('',(5.904064555,-1.6898159465,5.3079470348));
#8929=CARTESIAN_POINT('',(5.8881690636,-1.703439159,5.3092902346));
#8930=CARTESIAN_POINT('',(6.0477299459,-1.3592767132,6.0726701782));
#8931=CARTESIAN_POINT('',(6.042712712,-1.3812789249,6.074702009));
#8932=CARTESIAN_POINT('',(6.0361992399,-1.4029418804,6.0766954766));
#8933=CARTESIAN_POINT('',(6.020298463,-1.4451964422,6.0805690982));
#8934=CARTESIAN_POINT('',(6.0109112437,-1.465787822,6.0824492308));
#8935=CARTESIAN_POINT('',(5.9894332723,-1.5055251651,6.0860615842));
#8936=CARTESIAN_POINT('',(5.9773426347,-1.5246709149,6.0877937849));
#8937=CARTESIAN_POINT('',(5.9506766656,-1.5611687857,6.0910783322));
#8938=CARTESIAN_POINT('',(5.9361014757,-1.5785207098,6.0926306605));
#8939=CARTESIAN_POINT('',(5.9047299302,-1.6111147379,6.0955267535));
#8940=CARTESIAN_POINT('',(5.8879337409,-1.6263566651,6.0968705019));
#8941=CARTESIAN_POINT('',(5.8701787625,-1.6404044044,6.0980974901));
#8942=CARTESIAN_POINT('',(6.0347847463,-1.1357256454,8.4384604806));
#8943=CARTESIAN_POINT('',(6.0295968649,-1.1625951797,8.4404757827));
#8944=CARTESIAN_POINT('',(6.0222179626,-1.1890407222,8.4424352796));
#8945=CARTESIAN_POINT('',(6.0032713947,-1.2403973077,8.4461903665));
#8946=CARTESIAN_POINT('',(5.9917039368,-1.2653077901,8.4479859135));
#8947=CARTESIAN_POINT('',(5.9646806351,-1.3129457841,8.4513648972));
#8948=CARTESIAN_POINT('',(5.9492250843,-1.3356727742,8.4529482948));
#8949=CARTESIAN_POINT('',(5.9148253064,-1.3783508113,8.4558601963));
#8950=CARTESIAN_POINT('',(5.8958814506,-1.3983013889,8.4571886661));
#8951=CARTESIAN_POINT('',(5.8549941124,-1.4349040398,8.45955445));
#8952=CARTESIAN_POINT('',(5.8330510703,-1.451555707,8.4605917358));
#8953=CARTESIAN_POINT('',(5.8098913039,-1.4663386347,8.4614690429));
#8954=CARTESIAN_POINT('',(6.0156915856,-1.0136064452,10.0168351467));
#8955=CARTESIAN_POINT('',(6.0106093054,-1.0431896244,10.0188374926));
#8956=CARTESIAN_POINT('',(6.0028636718,-1.0723147158,10.0207722572));
#8957=CARTESIAN_POINT('',(5.98229339,-1.1287253025,10.0244441637));
#8958=CARTESIAN_POINT('',(5.9694690775,-1.1560098811,10.0261812431));
#8959=CARTESIAN_POINT('',(5.9391480885,-1.2078716673,10.029401365));
#8960=CARTESIAN_POINT('',(5.9216518996,-1.2324480284,10.0308843519));
#8961=CARTESIAN_POINT('',(5.8825400246,-1.2781097187,10.0335478341));
#8962=CARTESIAN_POINT('',(5.8609249641,-1.2991942961,10.0347282825));
#8963=CARTESIAN_POINT('',(5.814257669,-1.3371969365,10.0367477332));
#8964=CARTESIAN_POINT('',(5.7892061806,-1.3541143643,10.0375866988));
#8965=CARTESIAN_POINT('',(5.7628316705,-1.3686753248,10.0382408421));
#8966=CARTESIAN_POINT('',(5.976114634,-0.8271119264,12.6945713131));
#8967=CARTESIAN_POINT('',(5.9713541192,-0.8609826738,12.6965451127));
#8968=CARTESIAN_POINT('',(5.9631043017,-0.8943651813,12.6984307773));
#8969=CARTESIAN_POINT('',(5.9399707568,-0.9587625393,12.7019467812));
#8970=CARTESIAN_POINT('',(5.9250877012,-0.9897755212,12.7035770173));
#8971=CARTESIAN_POINT('',(5.8893089958,-1.0481372909,12.7065135061));
#8972=CARTESIAN_POINT('',(5.868414382,-1.0754843837,12.7078196722));
#8973=CARTESIAN_POINT('',(5.8214841944,-1.1253701576,12.7100528551));
#8974=CARTESIAN_POINT('',(5.7954499782,-1.147907387,12.7109798055));
#8975=CARTESIAN_POINT('',(5.7393264542,-1.1872289995,12.7124151883));
#8976=CARTESIAN_POINT('',(5.7092387698,-1.2040122342,12.7129235776));
#8977=CARTESIAN_POINT('',(5.6777511198,-1.2175663313,12.7132117489));
#8978=CARTESIAN_POINT('',(5.9575668319,-0.7570858016,13.7938422733));
#8979=CARTESIAN_POINT('',(5.9529855993,-0.7926057135,13.7958026709));
#8980=CARTESIAN_POINT('',(5.9445702574,-0.8276332732,13.7976663658));
#8981=CARTESIAN_POINT('',(5.9204571053,-0.8951021167,13.8011146943));
#8982=CARTESIAN_POINT('',(5.9047601384,-0.9275410427,13.8026992059));
#8983=CARTESIAN_POINT('',(5.8668027636,-0.9883442606,13.8055159882));
#8984=CARTESIAN_POINT('',(5.8445436787,-1.0167064252,13.8067481586));
#8985=CARTESIAN_POINT('',(5.7944810534,-1.0680536241,13.8088031846));
#8986=CARTESIAN_POINT('',(5.7666792563,-1.0910368574,13.8096259664));
#8987=CARTESIAN_POINT('',(5.706803906,-1.1305688496,13.8108238715));
#8988=CARTESIAN_POINT('',(5.6747324381,-1.1471162149,13.8111989508));
#8989=CARTESIAN_POINT('',(5.6412594246,-1.1600643595,13.8113412815));
#8990=CARTESIAN_POINT('',(5.937499546,-0.6918140633,14.8933039592));
#8991=CARTESIAN_POINT('',(5.9331283363,-0.7289098777,14.8952488627));
#8992=CARTESIAN_POINT('',(5.9245724438,-0.7655165234,14.8970883547));
#8993=CARTESIAN_POINT('',(5.8995189681,-0.8359216569,14.9004645668));
#8994=CARTESIAN_POINT('',(5.8830224415,-0.8697171754,14.9020011445));
#8995=CARTESIAN_POINT('',(5.8429144066,-0.9328048129,14.904694436));
#8996=CARTESIAN_POINT('',(5.8193045898,-0.9620942711,14.9058510362));
#8997=CARTESIAN_POINT('',(5.7661535182,-1.0147004031,14.9077263314));
#8998=CARTESIAN_POINT('',(5.7366145049,-1.0380148583,14.9084449475));
#8999=CARTESIAN_POINT('',(5.6730860611,-1.0775011503,14.9094081956));
#9000=CARTESIAN_POINT('',(5.6390993099,-1.0936713219,14.909652787));
#9001=CARTESIAN_POINT('',(5.6037394604,-1.1058643778,14.9096542328));
#9002=B_SPLINE_SURFACE_WITH_KNOTS('',3,3,((#8426,#8427,#8428,#8429,#8430,#8431,#8432,#8433,#8434,#8435,#8436,#8437),
    (#8438,#8439,#8440,#8441,#8442,#8443,#8444,#8445,#8446,#8447,#8448,#8449),
    (#8450,#8451,#8452,#8453,#8454,#8455,#8456,#8457,#8458,#8459,#8460,#8461),
    (#8462,#8463,#8464,#8465,#8466,#8467,#8468,#8469,#8470,#8471,#8472,#8473),
    (#8474,#8475,#8476,#8477,#8478,#8479,#8480,#8481,#8482,#8483,#8484,#8485),
    (#8486,#8487,#8488,#8489,#8490,#8491,#8492,#8493,#8494,#8495,#8496,#8497),
    (#8498,#8499,#8500,#8501,#8502,#8503,#8504,#8505,#8506,#8507,#8508,#8509),
    (#8510,#8511,#8512,#8513,#8514,#8515,#8516,#8517,#8518,#8519,#8520,#8521),
    (#8522,#8523,#8524,#8525,#8526,#8527,#8528,#8529,#8530,#8531,#8532,#8533),
    (#8534,#8535,#8536,#8537,#8538,#8539,#8540,#8541,#8542,#8543,#8544,#8545),
    (#8546,#8547,#8548,#8549,#8550,#8551,#8552,#8553,#8554,#8555,#8556,#8557),
    (#8558,#8559,#8560,#8561,#8562,#8563,#8564,#8565,#8566,#8567,#8568,#8569),
    (#8570,#8571,#8572,#8573,#8574,#8575,#8576,#8577,#8578,#8579,#8580,#8581),
    (#8582,#8583,#8584,#8585,#8586,#8587,#8588,#8589,#8590,#8591,#8592,#8593),
    (#8594,#8595,#8596,#8597,#8598,#8599,#8600,#8601,#8602,#8603,#8604,#8605),
    (#8606,#8607,#8608,#8609,#8610,#8611,#8612,#8613,#8614,#8615,#8616,#8617),
    (#8618,#8619,#8620,#8621,#8622,#8623,#8624,#8625,#8626,#8627,#8628,#8629),
    (#8630,#8631,#8632,#8633,#8634,#8635,#8636,#8637,#8638,#8639,#8640,#8641),
    (#8642,#8643,#8644,#8645,#8646,#8647,#8648,#8649,#8650,#8651,#8652,#8653),
    (#8654,#8655,#8656,#8657,#8658,#8659,#8660,#8661,#8662,#8663,#8664,#8665),
    (#8666,#8667,#8668,#8669,#8670,#8671,#8672,#8673,#8674,#8675,#8676,#8677),
    (#8678,#8679,#8680,#8681,#8682,#8683,#8684,#8685,#8686,#8687,#8688,#8689),
    (#8690,#8691,#8692,#8693,#8694,#8695,#8696,#8697,#8698,#8699,#8700,#8701),
    (#8702,#8703,#8704,#8705,#8706,#8707,#8708,#8709,#8710,#8711,#8712,#8713),
    (#8714,#8715,#8716,#8717,#8718,#8719,#8720,#8721,#8722,#8723,#8724,#8725),
    (#8726,#8727,#8728,#8729,#8730,#8731,#8732,#8733,#8734,#8735,#8736,#8737),
    (#8738,#8739,#8740,#8741,#8742,#8743,#8744,#8745,#8746,#8747,#8748,#8749),
    (#8750,#8751,#8752,#8753,#8754,#8755,#8756,#8757,#8758,#8759,#8760,#8761),
    (#8762,#8763,#8764,#8765,#8766,#8767,#8768,#8769,#8770,#8771,#8772,#8773),
    (#8774,#8775,#8776,#8777,#8778,#8779,#8780,#8781,#8782,#8783,#8784,#8785),
    (#8786,#8787,#8788,#8789,#8790,#8791,#8792,#8793,#8794,#8795,#8796,#8797),
    (#8798,#8799,#8800,#8801,#8802,#8803,#8804,#8805,#8806,#8807,#8808,#8809),
    (#8810,#8811,#8812,#8813,#8814,#8815,#8816,#8817,#8818,#8819,#8820,#8821),
    (#8822,#8823,#8824,#8825,#8826,#8827,#8828,#8829,#8830,#8831,#8832,#8833),
    (#8834,#8835,#8836,#8837,#8838,#8839,#8840,#8841,#8842,#8843,#8844,#8845),
    (#8846,#8847,#8848,#8849,#8850,#8851,#8852,#8853,#8854,#8855,#8856,#8857),
    (#8858,#8859,#8860,#8861,#8862,#8863,#8864,#8865,#8866,#8867,#8868,#8869),
    (#8870,#8871,#8872,#8873,#8874,#8875,#8876,#8877,#8878,#8879,#8880,#8881),
    (#8882,#8883,#8884,#8885,#8886,#8887,#8888,#8889,#8890,#8891,#8892,#8893),
    (#8894,#8895,#8896,#8897,#8898,#8899,#8900,#8901,#8902,#8903,#8904,#8905),
    (#8906,#8907,#8908,#8909,#8910,#8911,#8912,#8913,#8914,#8915,#8916,#8917),
    (#8918,#8919,#8920,#8921,#8922,#8923,#8924,#8925,#8926,#8927,#8928,#8929),
    (#8930,#8931,#8932,#8933,#8934,#8935,#8936,#8937,#8938,#8939,#8940,#8941),
    (#8942,#8943,#8944,#8945,#8946,#8947,#8948,#8949,#8950,#8951,#8952,#8953),
    (#8954,#8955,#8956,#8957,#8958,#8959,#8960,#8961,#8962,#8963,#8964,#8965),
    (#8966,#8967,#8968,#8969,#8970,#8971,#8972,#8973,#8974,#8975,#8976,#8977),
    (#8978,#8979,#8980,#8981,#8982,#8983,#8984,#8985,#8986,#8987,#8988,#8989),
    (#8990,#8991,#8992,#8993,#8994,#8995,#8996,#8997,#8998,#8999,#9000,#9001)),.UNSPECIFIED.,.F.,.F.,.U.,
 (4,2,2,2,2,2,2,2,2,2,2,2,2,2,2,2,2,2,2,2,
    2,2,2,4),(4,2,2,2,2,4),
  (0.0,0.0035539661,0.1389516732,0.2743527194,0.3729042585,0.4293110671,0.4613650261,0.4794187656,0.4894891403,0.4950746086,
    0.4973565475,0.498838323,0.4999856075,0.5011357635,0.5026222167,0.5052789179,0.514090971,0.5348631638,0.5556353567,0.5968875068,
    0.638139657,0.7206439574,0.8853567968,1.0),(0.0,0.2,0.4,0.6,0.8,1.0),.UNSPECIFIED.);
#9003=ADVANCED_FACE('n° 1150',(#8425),#9002,.T.);
#9004=ORIENTED_EDGE('',*,*,#859,.F.);
#9005=EDGE_LOOP('',(#9004));
#9006=FACE_OUTER_BOUND('',#9005,.T.);
#9007=ORIENTED_EDGE('',*,*,#297,.F.);
#9008=EDGE_LOOP('',(#9007));
#9009=FACE_BOUND('',#9008,.T.);
#9010=CARTESIAN_POINT('',(0.0,0.0,0.1));
#9011=DIRECTION('',(0.0,0.0,1.0));
#9012=DIRECTION('',(1.0,0.0,-0.0));
#9013=AXIS2_PLACEMENT_3D('',#9010,#9011,#9012);
#9014=TOROIDAL_SURFACE('',#9013,6.2474687549,0.1);
#9015=ADVANCED_FACE('n° 1658',(#9006,#9009),#9014,.T.);
#9016=ORIENTED_EDGE('',*,*,#870,.F.);
#9017=EDGE_LOOP('',(#9016));
#9018=FACE_OUTER_BOUND('',#9017,.T.);
#9019=ORIENTED_EDGE('',*,*,#2275,.F.);
#9020=EDGE_LOOP('',(#9019));
#9021=FACE_BOUND('',#9020,.T.);
#9022=CARTESIAN_POINT('',(0.0,0.0,0.1));
#9023=DIRECTION('',(0.0,0.0,1.0));
#9024=DIRECTION('',(1.0,0.0,-0.0));
#9025=AXIS2_PLACEMENT_3D('',#9022,#9023,#9024);
#9026=TOROIDAL_SURFACE('',#9025,3.275,0.1);
#9027=ADVANCED_FACE('n° 1671',(#9018,#9021),#9026,.T.);
#9028=CLOSED_SHELL('Verrundung3',(
    #851,#879,#1115,#1259,#1403,#1547,#1691,#1835,#1979,#2123,
    #2267,#2342,#2351,#2363,#2551,#3147,#3164,#3181,#3199,#3217,
    #3240,#3263,#3853,#4035,#4217,#4807,#4824,#4841,#4859,#4877,
    #4900,#4923,#5513,#5695,#5877,#6467,#6484,#6501,#6519,#6537,
    #6560,#6583,#7173,#7355,#7537,#8127,#8144,#8161,#8179,#8367,
    #8385,#8402,#8419,#9003,#9015,#9027));
#9029=MANIFOLD_SOLID_BREP('Verrundung3',#9028);
#9030=COLOUR_RGB('',0.10196,0.10196,0.10196);
#9031=FILL_AREA_STYLE_COLOUR('',#9030);
#9032=FILL_AREA_STYLE('',(#9031));
#9033=SURFACE_STYLE_FILL_AREA(#9032);
#9034=SURFACE_SIDE_STYLE('',(#9033));
#9035=SURFACE_STYLE_USAGE(.BOTH.,#9034);
#9036=PRESENTATION_STYLE_ASSIGNMENT((#9035));
#9037=STYLED_ITEM('',(#9036),#9029);
#9038=CARTESIAN_POINT('',(0.,0.,0.));
#9039=DIRECTION('',(0.,0.,1.));
#9040=DIRECTION('',(1.,0.,0.));
#9041=AXIS2_PLACEMENT_3D('Reference Axes',#9038,#9039,#9040);
#9042=ADVANCED_BREP_SHAPE_REPRESENTATION('',(#9041,#281,#9029),#5);
#9043=SHAPE_DEFINITION_REPRESENTATION(#12,#9042);
#9044=MECHANICAL_DESIGN_GEOMETRIC_PRESENTATION_REPRESENTATION('',(#289,#9037),#5);
ENDSEC;
END-ISO-10303-21;
