ISO-10303-21;
HEADER;
FILE_DESCRIPTION (( 'STEP AP214' ),
    '1' );
FILE_NAME ('AD536AKH.STEP',
    '2023-03-18T01:16:05',
    ( '' ),
    ( '' ),
    'SwSTEP 2.0',
    'SolidWorks 2021',
    '' );
FILE_SCHEMA (( 'AUTOMOTIVE_DESIGN' ));
ENDSEC;

DATA;
#1 = ORIENTED_EDGE ( 'NONE', *, *, #643, .F. ) ;
#2 = EDGE_LOOP ( 'NONE', ( #133, #1959, #503, #1693 ) ) ;
#3 = DIRECTION ( 'NONE',  ( -0.000000000000000000, -1.000000000000000000, -0.000000000000000000 ) ) ;
#4 = DIRECTION ( 'NONE',  ( 0.000000000000000000, 0.000000000000000000, 1.000000000000000000 ) ) ;
#5 = DIRECTION ( 'NONE',  ( -0.000000000000000000, -1.000000000000000000, -0.000000000000000000 ) ) ;
#6 = ORIENTED_EDGE ( 'NONE', *, *, #2663, .F. ) ;
#7 = AXIS2_PLACEMENT_3D ( 'NONE', #2050, #3150, #38 ) ;
#8 = EDGE_CURVE ( 'NONE', #2916, #1500, #1315, .T. ) ;
#9 = DIRECTION ( 'NONE',  ( 0.000000000000000000, 0.000000000000000000, 1.000000000000000000 ) ) ;
#10 = DIRECTION ( 'NONE',  ( -0.000000000000000000, 1.000000000000000000, -0.000000000000000000 ) ) ;
#11 = CARTESIAN_POINT ( 'NONE',  ( 0.06759530401363408880, 0.05500000000000000028, 0.1030369543531192006 ) ) ;
#12 = ADVANCED_FACE ( 'NONE', ( #2156 ), #3520, .T. ) ;
#13 = ORIENTED_EDGE ( 'NONE', *, *, #1803, .T. ) ;
#14 = CARTESIAN_POINT ( 'NONE',  ( -0.06759530401363472718, -0.9761629509039022601, 0.08378695435311875328 ) ) ;
#15 = DIRECTION ( 'NONE',  ( 0.000000000000000000, -1.000000000000000000, 0.000000000000000000 ) ) ;
#16 = PRESENTATION_STYLE_ASSIGNMENT (( #2992 ) ) ;
#17 = ORIENTED_EDGE ( 'NONE', *, *, #1245, .T. ) ;
#18 = DIRECTION ( 'NONE',  ( 0.000000000000000000, -1.000000000000000000, 0.000000000000000000 ) ) ;
#19 = FILL_AREA_STYLE_COLOUR ( '', #420 ) ;
#20 = CIRCLE ( 'NONE', #92, 0.01000000000000001756 ) ;
#21 = DIRECTION ( 'NONE',  ( 0.000000000000000000, -0.000000000000000000, -1.000000000000000000 ) ) ;
#22 = ORIENTED_EDGE ( 'NONE', *, *, #358, .T. ) ;
#23 = AXIS2_PLACEMENT_3D ( 'NONE', #2853, #2006, #1168 ) ;
#24 = DIRECTION ( 'NONE',  ( -0.000000000000000000, -1.000000000000000000, -0.000000000000000000 ) ) ;
#25 = AXIS2_PLACEMENT_3D ( 'NONE', #2849, #1129, #3125 ) ;
#26 = CIRCLE ( 'NONE', #1405, 0.009250000000000009950 ) ;
#27 = CARTESIAN_POINT ( 'NONE',  ( 3.884346365991374479E-16, -0.4499999999999999556, -0.1150000000000000189 ) ) ;
#28 = ADVANCED_FACE ( 'NONE', ( #1048 ), #768, .F. ) ;
#29 = AXIS2_PLACEMENT_3D ( 'NONE', #124, #2552, #2021 ) ;
#30 = FACE_BOUND ( 'NONE', #1903, .T. ) ;
#31 = CARTESIAN_POINT ( 'NONE',  ( 0.06759530401363474106, 0.06000000000000001166, -0.09303695435311870598 ) ) ;
#32 = MECHANICAL_DESIGN_GEOMETRIC_PRESENTATION_REPRESENTATION (  '', ( #1524 ), #2733 ) ;
#33 = EDGE_CURVE ( 'NONE', #285, #650, #2241, .T. ) ;
#34 = ORIENTED_EDGE ( 'NONE', *, *, #1625, .F. ) ;
#35 = CARTESIAN_POINT ( 'NONE',  ( 0.000000000000000000, 0.09000000000000001055, 0.1699999999999999845 ) ) ;
#36 = DIRECTION ( 'NONE',  ( 0.000000000000000000, 0.000000000000000000, -1.000000000000000000 ) ) ;
#37 = DIRECTION ( 'NONE',  ( 0.000000000000000000, 0.000000000000000000, -1.000000000000000000 ) ) ;
#38 = DIRECTION ( 'NONE',  ( 0.000000000000000000, 0.000000000000000000, 1.000000000000000000 ) ) ;
#39 = ORIENTED_EDGE ( 'NONE', *, *, #2644, .F. ) ;
#40 = EDGE_LOOP ( 'NONE', ( #846, #3044 ) ) ;
#41 = CARTESIAN_POINT ( 'NONE',  ( 0.000000000000000000, 0.06000000000000001166, 0.000000000000000000 ) ) ;
#42 = SURFACE_STYLE_USAGE ( .BOTH. , #327 ) ;
#43 = DIRECTION ( 'NONE',  ( 0.000000000000000000, 0.000000000000000000, -1.000000000000000000 ) ) ;
#44 = AXIS2_PLACEMENT_3D ( 'NONE', #1911, #1604, #2208 ) ;
#45 = ORIENTED_EDGE ( 'NONE', *, *, #2720, .T. ) ;
#46 = CIRCLE ( 'NONE', #1425, 0.01000000000000000368 ) ;
#47 = FACE_OUTER_BOUND ( 'NONE', #796, .T. ) ;
#48 = LINE ( 'NONE', #639, #3168 ) ;
#49 = AXIS2_PLACEMENT_3D ( 'NONE', #1004, #1868, #2042 ) ;
#50 = PLANE ( 'NONE',  #2243 ) ;
#51 = DIRECTION ( 'NONE',  ( 0.000000000000000000, 0.000000000000000000, 1.000000000000000000 ) ) ;
#52 = CARTESIAN_POINT ( 'NONE',  ( 0.1093714993739425267, 0.05500000000000000028, 0.04553695435311932993 ) ) ;
#53 = AXIS2_PLACEMENT_3D ( 'NONE', #586, #652, #2547 ) ;
#54 = VERTEX_POINT ( 'NONE', #3292 ) ;
#55 = CARTESIAN_POINT ( 'NONE',  ( 0.1093714993739427904, -0.4499999999999999556, -0.03553695435311858553 ) ) ;
#56 = VERTEX_POINT ( 'NONE', #2194 ) ;
#57 = CARTESIAN_POINT ( 'NONE',  ( -0.1093714993739427904, 0.06000000000000001166, 0.04553695435311858747 ) ) ;
#58 = ADVANCED_FACE ( 'NONE', ( #1882 ), #1623, .T. ) ;
#59 =( NAMED_UNIT ( * ) SI_UNIT ( $, .STERADIAN. ) SOLID_ANGLE_UNIT ( ) );
#60 = MECHANICAL_DESIGN_GEOMETRIC_PRESENTATION_REPRESENTATION (  '', ( #3232 ), #2707 ) ;
#61 = DIRECTION ( 'NONE',  ( 0.000000000000000000, 1.000000000000000000, 0.000000000000000000 ) ) ;
#62 = ORIENTED_EDGE ( 'NONE', *, *, #2150, .T. ) ;
#63 = ORIENTED_EDGE ( 'NONE', *, *, #987, .F. ) ;
#64 = EDGE_CURVE ( 'NONE', #178, #1794, #3278, .T. ) ;
#65 = SURFACE_SIDE_STYLE ('',( #1501 ) ) ;
#66 = FILL_AREA_STYLE ('',( #870 ) ) ;
#67 = DIRECTION ( 'NONE',  ( 0.000000000000000000, -1.000000000000000000, 0.000000000000000000 ) ) ;
#68 = ORIENTED_EDGE ( 'NONE', *, *, #2883, .F. ) ;
#69 = DIRECTION ( 'NONE',  ( 0.000000000000000000, 1.000000000000000000, 0.000000000000000000 ) ) ;
#70 = CARTESIAN_POINT ( 'NONE',  ( 0.1093714993739425267, 0.05500000000000000028, 0.03553695435311932799 ) ) ;
#71 = CIRCLE ( 'NONE', #2662, 0.01000000000000001235 ) ;
#72 = DIRECTION ( 'NONE',  ( 0.000000000000000000, 1.000000000000000000, 0.000000000000000000 ) ) ;
#73 = CARTESIAN_POINT ( 'NONE',  ( 0.06759530401363474106, -0.9761629509039022601, -0.1022869543531187142 ) ) ;
#74 = UNCERTAINTY_MEASURE_WITH_UNIT (LENGTH_MEASURE( 1.000000000000000082E-05 ), #1871, 'distance_accuracy_value', 'NONE');
#75 = DIRECTION ( 'NONE',  ( -0.000000000000000000, 1.000000000000000000, -0.000000000000000000 ) ) ;
#76 = ORIENTED_EDGE ( 'NONE', *, *, #3002, .F. ) ;
#77 = CARTESIAN_POINT ( 'NONE',  ( 0.06759530401363474106, -0.4499999999999999556, -0.1022869543531187142 ) ) ;
#78 = ORIENTED_EDGE ( 'NONE', *, *, #3306, .F. ) ;
#79 = CARTESIAN_POINT ( 'NONE',  ( -0.1093714993739425406, -0.9761629509039022601, -0.02628695435311935100 ) ) ;
#80 = CARTESIAN_POINT ( 'NONE',  ( 0.1093714993739427904, 0.06000000000000001166, -0.03553695435311857165 ) ) ;
#81 = MECHANICAL_DESIGN_GEOMETRIC_PRESENTATION_REPRESENTATION (  '', ( #3188 ), #1606 ) ;
#82 = CARTESIAN_POINT ( 'NONE',  ( -0.06759530401363472718, 0.05500000000000000028, 0.08378695435311875328 ) ) ;
#83 = EDGE_CURVE ( 'NONE', #2509, #851, #2188, .T. ) ;
#84 = EDGE_LOOP ( 'NONE', ( #1030, #686, #1940, #6 ) ) ;
#85 = LINE ( 'NONE', #3076, #1851 ) ;
#86 = ADVANCED_FACE ( 'NONE', ( #261 ), #234, .T. ) ;
#87 = ORIENTED_EDGE ( 'NONE', *, *, #898, .T. ) ;
#88 = DIRECTION ( 'NONE',  ( 0.000000000000000000, -1.000000000000000000, 0.000000000000000000 ) ) ;
#89 = CARTESIAN_POINT ( 'NONE',  ( 0.1093714993739425267, 0.06000000000000001166, 0.03553695435311932799 ) ) ;
#90 = AXIS2_PLACEMENT_3D ( 'NONE', #31, #2576, #1210 ) ;
#91 = DIRECTION ( 'NONE',  ( 0.000000000000000000, 0.000000000000000000, -1.000000000000000000 ) ) ;
#92 = AXIS2_PLACEMENT_3D ( 'NONE', #569, #2429, #3296 ) ;
#93 = DIRECTION ( 'NONE',  ( 0.000000000000000000, -1.000000000000000000, 0.000000000000000000 ) ) ;
#94 = AXIS2_PLACEMENT_3D ( 'NONE', #759, #1866, #224 ) ;
#95 = ORIENTED_EDGE ( 'NONE', *, *, #3418, .F. ) ;
#96 = DIRECTION ( 'NONE',  ( 0.000000000000000000, 0.000000000000000000, 1.000000000000000000 ) ) ;
#97 = MECHANICAL_DESIGN_GEOMETRIC_PRESENTATION_REPRESENTATION (  '', ( #1801 ), #1926 ) ;
#98 = FACE_OUTER_BOUND ( 'NONE', #671, .T. ) ;
#99 = CARTESIAN_POINT ( 'NONE',  ( 4.033744303144888427E-16, 0.05500000000000000028, -0.1149999999999999911 ) ) ;
#100 = DIRECTION ( 'NONE',  ( 0.000000000000000000, -1.000000000000000000, 0.000000000000000000 ) ) ;
#101 = ORIENTED_EDGE ( 'NONE', *, *, #128, .T. ) ;
#102 = ORIENTED_EDGE ( 'NONE', *, *, #673, .T. ) ;
#103 = DIRECTION ( 'NONE',  ( 0.000000000000000000, -1.000000000000000000, 0.000000000000000000 ) ) ;
#104 = SURFACE_STYLE_FILL_AREA ( #1467 ) ;
#105 = VERTEX_POINT ( 'NONE', #541 ) ;
#106 = AXIS2_PLACEMENT_3D ( 'NONE', #3416, #660, #1731 ) ;
#107 = CYLINDRICAL_SURFACE ( 'NONE', #3444, 0.1762499999999999900 ) ;
#108 = EDGE_CURVE ( 'NONE', #1313, #3080, #157, .T. ) ;
#109 = FILL_AREA_STYLE_COLOUR ( '', #3399 ) ;
#110 = AXIS2_PLACEMENT_3D ( 'NONE', #1621, #2451, #813 ) ;
#111 = DIRECTION ( 'NONE',  ( 0.000000000000000000, 0.000000000000000000, 1.000000000000000000 ) ) ;
#112 = EDGE_CURVE ( 'NONE', #2859, #1071, #786, .T. ) ;
#113 = FACE_OUTER_BOUND ( 'NONE', #269, .T. ) ;
#114 = UNCERTAINTY_MEASURE_WITH_UNIT (LENGTH_MEASURE( 1.000000000000000082E-05 ), #1601, 'distance_accuracy_value', 'NONE');
#115 = ORIENTED_EDGE ( 'NONE', *, *, #2702, .F. ) ;
#116 = CARTESIAN_POINT ( 'NONE',  ( -0.06759530401363472718, 0.06000000000000001166, 0.1030369543531187565 ) ) ;
#117 = DIRECTION ( 'NONE',  ( 0.000000000000000000, -1.000000000000000000, 0.000000000000000000 ) ) ;
#118 = ORIENTED_EDGE ( 'NONE', *, *, #2360, .F. ) ;
#119 = ORIENTED_EDGE ( 'NONE', *, *, #3465, .F. ) ;
#120 = STYLED_ITEM ( 'NONE', ( #16 ), #2062 ) ;
#121 = DIRECTION ( 'NONE',  ( 0.000000000000000000, 0.000000000000000000, -1.000000000000000000 ) ) ;
#122 = DIRECTION ( 'NONE',  ( 0.000000000000000000, -1.000000000000000000, 0.000000000000000000 ) ) ;
#123 = VERTEX_POINT ( 'NONE', #11 ) ;
#124 = CARTESIAN_POINT ( 'NONE',  ( 0.000000000000000000, 0.05000000000000000278, 0.000000000000000000 ) ) ;
#125 =( CONVERSION_BASED_UNIT ( 'INCH', #1490 ) LENGTH_UNIT ( ) NAMED_UNIT ( #2209 ) );
#126 = EDGE_CURVE ( 'NONE', #262, #3069, #973, .T. ) ;
#127 = DIRECTION ( 'NONE',  ( 0.000000000000000000, -0.000000000000000000, -1.000000000000000000 ) ) ;
#128 = EDGE_CURVE ( 'NONE', #2802, #2660, #2993, .T. ) ;
#129 = EDGE_LOOP ( 'NONE', ( #352, #3261, #860, #247 ) ) ;
#130 = DIRECTION ( 'NONE',  ( 0.000000000000000000, 1.000000000000000000, 0.000000000000000000 ) ) ;
#131 = CIRCLE ( 'NONE', #1272, 0.01000000000000001235 ) ;
#132 = CARTESIAN_POINT ( 'NONE',  ( -0.1093714993739425406, 0.05500000000000000028, -0.03553695435311933493 ) ) ;
#133 = ORIENTED_EDGE ( 'NONE', *, *, #2708, .F. ) ;
#134 = ORIENTED_EDGE ( 'NONE', *, *, #1288, .F. ) ;
#135 = SURFACE_STYLE_USAGE ( .BOTH. , #65 ) ;
#136 = DIRECTION ( 'NONE',  ( -0.000000000000000000, 1.000000000000000000, -0.000000000000000000 ) ) ;
#137 = ORIENTED_EDGE ( 'NONE', *, *, #2950, .T. ) ;
#138 = DIRECTION ( 'NONE',  ( -0.000000000000000000, -1.000000000000000000, -0.000000000000000000 ) ) ;
#139 = CIRCLE ( 'NONE', #882, 0.01000000000000001235 ) ;
#140 =( NAMED_UNIT ( * ) SI_UNIT ( $, .STERADIAN. ) SOLID_ANGLE_UNIT ( ) );
#141 = CARTESIAN_POINT ( 'NONE',  ( 0.1093714993739425684, -0.9761629509039022601, 0.03553695435311932799 ) ) ;
#142 = ADVANCED_FACE ( 'NONE', ( #510 ), #2454, .T. ) ;
#143 = PRESENTATION_LAYER_ASSIGNMENT (  '', '', ( #1524 ) ) ;
#144 = EDGE_LOOP ( 'NONE', ( #3391, #2504 ) ) ;
#145 = DIRECTION ( 'NONE',  ( 0.000000000000000000, -0.000000000000000000, -1.000000000000000000 ) ) ;
#146 = ORIENTED_EDGE ( 'NONE', *, *, #3536, .F. ) ;
#147 = AXIS2_PLACEMENT_3D ( 'NONE', #3423, #1459, #2562 ) ;
#148 = FILL_AREA_STYLE_COLOUR ( '', #2072 ) ;
#149 = ADVANCED_FACE ( 'NONE', ( #1925 ), #1674, .F. ) ;
#150 = CIRCLE ( 'NONE', #3029, 0.01000000000000000021 ) ;
#151 = ORIENTED_EDGE ( 'NONE', *, *, #126, .F. ) ;
#152 = CYLINDRICAL_SURFACE ( 'NONE', #2363, 0.009249999999999994338 ) ;
#153 = ORIENTED_EDGE ( 'NONE', *, *, #555, .T. ) ;
#154 = DIRECTION ( 'NONE',  ( -0.000000000000000000, 1.000000000000000000, -0.000000000000000000 ) ) ;
#155 = AXIS2_PLACEMENT_3D ( 'NONE', #799, #3286, #3314 ) ;
#156 = DIRECTION ( 'NONE',  ( 0.000000000000000000, 0.000000000000000000, 1.000000000000000000 ) ) ;
#157 = CIRCLE ( 'NONE', #3392, 0.009999999999999995004 ) ;
#158 = VERTEX_POINT ( 'NONE', #640 ) ;
#159 = DIRECTION ( 'NONE',  ( -0.000000000000000000, -1.000000000000000000, -0.000000000000000000 ) ) ;
#160 = AXIS2_PLACEMENT_3D ( 'NONE', #1820, #2099, #3190 ) ;
#161 = ORIENTED_EDGE ( 'NONE', *, *, #1157, .F. ) ;
#162 = DIRECTION ( 'NONE',  ( 0.000000000000000000, -1.000000000000000000, 0.000000000000000000 ) ) ;
#163 = DIRECTION ( 'NONE',  ( 0.000000000000000000, -0.000000000000000000, -1.000000000000000000 ) ) ;
#164 = DIRECTION ( 'NONE',  ( -0.000000000000000000, -1.000000000000000000, -0.000000000000000000 ) ) ;
#165 = EDGE_CURVE ( 'NONE', #1313, #3340, #1834, .T. ) ;
#166 = COLOUR_RGB ( '',0.2509803921568627416, 0.2509803921568627416, 0.2509803921568627416 ) ;
#167 = AXIS2_PLACEMENT_3D ( 'NONE', #1269, #1602, #2098 ) ;
#168 = ORIENTED_EDGE ( 'NONE', *, *, #940, .T. ) ;
#169 = EDGE_CURVE ( 'NONE', #1377, #2985, #608, .T. ) ;
#170 = ORIENTED_EDGE ( 'NONE', *, *, #1011, .T. ) ;
#171 = EDGE_CURVE ( 'NONE', #498, #554, #3100, .T. ) ;
#172 = CARTESIAN_POINT ( 'NONE',  ( -3.820318678639868079E-16, 0.05500000000000000028, 0.1150000000000000328 ) ) ;
#173 = DIRECTION ( 'NONE',  ( 0.000000000000000000, 0.000000000000000000, 1.000000000000000000 ) ) ;
#174 = FACE_OUTER_BOUND ( 'NONE', #609, .T. ) ;
#175 = DIRECTION ( 'NONE',  ( -0.000000000000000000, 1.000000000000000000, -0.000000000000000000 ) ) ;
#176 = ORIENTED_EDGE ( 'NONE', *, *, #2633, .T. ) ;
#177 = CYLINDRICAL_SURFACE ( 'NONE', #3475, 0.009249999999999994338 ) ;
#178 = VERTEX_POINT ( 'NONE', #3355 ) ;
#179 =( LENGTH_UNIT ( ) NAMED_UNIT ( * ) SI_UNIT ( $, .METRE. ) );
#180 = ORIENTED_EDGE ( 'NONE', *, *, #189, .F. ) ;
#181 =( NAMED_UNIT ( * ) PLANE_ANGLE_UNIT ( ) SI_UNIT ( $, .RADIAN. ) );
#182 = VECTOR ( 'NONE', #2651, 39.37007874015748143 ) ;
#183 = CARTESIAN_POINT ( 'NONE',  ( -0.06759530401363407492, 0.06000000000000001166, -0.09303695435311919171 ) ) ;
#184 = ADVANCED_FACE ( 'NONE', ( #577 ), #1164, .T. ) ;
#185 = EDGE_LOOP ( 'NONE', ( #1569, #3525, #530, #626 ) ) ;
#186 = DIRECTION ( 'NONE',  ( 0.000000000000000000, -0.000000000000000000, -1.000000000000000000 ) ) ;
#187 = DIMENSIONAL_EXPONENTS ( 1.000000000000000000, 0.000000000000000000, 0.000000000000000000, 0.000000000000000000, 0.000000000000000000, 0.000000000000000000, 0.000000000000000000 ) ;
#188 = SURFACE_SIDE_STYLE ('',( #2899 ) ) ;
#189 = EDGE_CURVE ( 'NONE', #2409, #1825, #2299, .T. ) ;
#190 = DIRECTION ( 'NONE',  ( 0.000000000000000000, -0.000000000000000000, 1.000000000000000000 ) ) ;
#191 = CARTESIAN_POINT ( 'NONE',  ( 0.06759530401363474106, 0.05000000000000000278, -0.09303695435311870598 ) ) ;
#192 = DIRECTION ( 'NONE',  ( 0.000000000000000000, 0.000000000000000000, 1.000000000000000000 ) ) ;
#193 = ORIENTED_EDGE ( 'NONE', *, *, #3260, .F. ) ;
#194 = CARTESIAN_POINT ( 'NONE',  ( -3.820318678639868079E-16, 0.05500000000000000028, 0.1242500000000000410 ) ) ;
#195 = ORIENTED_EDGE ( 'NONE', *, *, #1822, .F. ) ;
#196 = DIRECTION ( 'NONE',  ( 0.000000000000000000, 0.000000000000000000, -1.000000000000000000 ) ) ;
#197 = PRESENTATION_STYLE_ASSIGNMENT (( #1849 ) ) ;
#198 = CIRCLE ( 'NONE', #1116, 0.01000000000000001235 ) ;
#199 = ORIENTED_EDGE ( 'NONE', *, *, #1380, .F. ) ;
#200 = DIRECTION ( 'NONE',  ( 0.000000000000000000, 0.000000000000000000, 1.000000000000000000 ) ) ;
#201 =( GEOMETRIC_REPRESENTATION_CONTEXT ( 3 ) GLOBAL_UNCERTAINTY_ASSIGNED_CONTEXT ( ( #2385 ) ) GLOBAL_UNIT_ASSIGNED_CONTEXT ( ( #1678, #1612, #3328 ) ) REPRESENTATION_CONTEXT ( 'NONE', 'WORKASPACE' ) );
#202 = VECTOR ( 'NONE', #3092, 39.37007874015748143 ) ;
#203 = CARTESIAN_POINT ( 'NONE',  ( 0.06759530401363474106, 0.06000000000000001166, -0.09303695435311870598 ) ) ;
#204 = PRODUCT_DEFINITION_FORMATION_WITH_SPECIFIED_SOURCE ( 'ANY', '', #2867, .NOT_KNOWN. ) ;
#205 = VECTOR ( 'NONE', #1412, 39.37007874015748143 ) ;
#206 = VERTEX_POINT ( 'NONE', #1712 ) ;
#207 = CARTESIAN_POINT ( 'NONE',  ( -0.1093714993739425406, 0.05500000000000000028, -0.03553695435311933493 ) ) ;
#208 = CARTESIAN_POINT ( 'NONE',  ( 0.06759530401363408880, 0.06000000000000001166, 0.1030369543531192006 ) ) ;
#209 = EDGE_CURVE ( 'NONE', #804, #1468, #2131, .T. ) ;
#210 = FACE_OUTER_BOUND ( 'NONE', #2835, .T. ) ;
#211 = UNCERTAINTY_MEASURE_WITH_UNIT (LENGTH_MEASURE( 1.000000000000000082E-05 ), #701, 'distance_accuracy_value', 'NONE');
#212 = VERTEX_POINT ( 'NONE', #2278 ) ;
#213 = DIRECTION ( 'NONE',  ( 0.000000000000000000, 0.000000000000000000, -1.000000000000000000 ) ) ;
#214 = EDGE_LOOP ( 'NONE', ( #985, #2387 ) ) ;
#215 = ADVANCED_FACE ( 'NONE', ( #1437 ), #50, .T. ) ;
#216 = CARTESIAN_POINT ( 'NONE',  ( -0.1118732162232220911, 0.05000000000000000278, 0.1790744710409900020 ) ) ;
#217 = CLOSED_SHELL ( 'NONE', ( #576, #1208, #3393, #471 ) ) ;
#218 = SURFACE_STYLE_FILL_AREA ( #2760 ) ;
#219 = PRESENTATION_STYLE_ASSIGNMENT (( #2969 ) ) ;
#220 = AXIS2_PLACEMENT_3D ( 'NONE', #2963, #3517, #1898 ) ;
#221 = EDGE_LOOP ( 'NONE', ( #3346, #2253 ) ) ;
#222 = FACE_OUTER_BOUND ( 'NONE', #2607, .T. ) ;
#223 = PRESENTATION_LAYER_ASSIGNMENT (  '', '', ( #441 ) ) ;
#224 = DIRECTION ( 'NONE',  ( 0.000000000000000000, -0.000000000000000000, -1.000000000000000000 ) ) ;
#225 =( NAMED_UNIT ( * ) SI_UNIT ( $, .STERADIAN. ) SOLID_ANGLE_UNIT ( ) );
#226 = EDGE_LOOP ( 'NONE', ( #3198, #289 ) ) ;
#227 = CARTESIAN_POINT ( 'NONE',  ( -0.06759530401363407492, 0.06000000000000001166, -0.08303695435311916895 ) ) ;
#228 = FACE_OUTER_BOUND ( 'NONE', #2803, .T. ) ;
#229 = VECTOR ( 'NONE', #2713, 39.37007874015748143 ) ;
#230 = FACE_BOUND ( 'NONE', #2709, .T. ) ;
#231 = EDGE_CURVE ( 'NONE', #1749, #1481, #1945, .T. ) ;
#232 = CARTESIAN_POINT ( 'NONE',  ( -3.948374053342880387E-16, 0.05000000000000000278, 0.1150000000000000050 ) ) ;
#233 = ADVANCED_FACE ( 'NONE', ( #3105, #30, #2242, #1394, #1207, #938, #622, #2791, #1186, #349, #2043, #3397 ), #920, .F. ) ;
#234 = CYLINDRICAL_SURFACE ( 'NONE', #2515, 0.01000000000000000021 ) ;
#235 = ORIENTED_EDGE ( 'NONE', *, *, #3191, .T. ) ;
#236 = DIRECTION ( 'NONE',  ( 0.000000000000000000, 1.000000000000000000, 0.000000000000000000 ) ) ;
#237 = LINE ( 'NONE', #1099, #1347 ) ;
#238 = ORIENTED_EDGE ( 'NONE', *, *, #2929, .F. ) ;
#239 = DIRECTION ( 'NONE',  ( -0.000000000000000000, 1.000000000000000000, -0.000000000000000000 ) ) ;
#240 = FILL_AREA_STYLE ('',( #1920 ) ) ;
#241 = CARTESIAN_POINT ( 'NONE',  ( 0.000000000000000000, 0.08999999999999999667, 0.000000000000000000 ) ) ;
#242 = DIRECTION ( 'NONE',  ( 0.000000000000000000, 0.000000000000000000, -1.000000000000000000 ) ) ;
#243 = DIRECTION ( 'NONE',  ( 0.8090169943749463410, -0.000000000000000000, 0.5877852522924744694 ) ) ;
#244 = DIRECTION ( 'NONE',  ( -0.000000000000000000, 1.000000000000000000, -0.000000000000000000 ) ) ;
#245 = DIRECTION ( 'NONE',  ( 0.000000000000000000, -1.000000000000000000, 0.000000000000000000 ) ) ;
#246 =( NAMED_UNIT ( * ) SI_UNIT ( $, .STERADIAN. ) SOLID_ANGLE_UNIT ( ) );
#247 = ORIENTED_EDGE ( 'NONE', *, *, #112, .F. ) ;
#248 = CARTESIAN_POINT ( 'NONE',  ( -0.1093714993739428043, -0.9761629509039022601, 0.04478695435311855905 ) ) ;
#249 = ADVANCED_FACE ( 'NONE', ( #855 ), #3124, .T. ) ;
#250 = ORIENTED_EDGE ( 'NONE', *, *, #2249, .F. ) ;
#251 = CIRCLE ( 'NONE', #3084, 0.009999999999999995004 ) ;
#252 = VERTEX_POINT ( 'NONE', #1752 ) ;
#253 = VECTOR ( 'NONE', #830, 39.37007874015748143 ) ;
#254 = COLOUR_RGB ( '',0.2509803921568627416, 0.2509803921568627416, 0.2509803921568627416 ) ;
#255 = DIRECTION ( 'NONE',  ( -0.000000000000000000, 1.000000000000000000, -0.000000000000000000 ) ) ;
#256 = CIRCLE ( 'NONE', #3201, 0.009999999999999995004 ) ;
#257 = LENGTH_MEASURE_WITH_UNIT ( LENGTH_MEASURE( 0.02539999999999999897 ), #2997 );
#258 = AXIS2_PLACEMENT_3D ( 'NONE', #1966, #2819, #2836 ) ;
#259 = DIRECTION ( 'NONE',  ( 0.000000000000000000, -1.000000000000000000, 0.000000000000000000 ) ) ;
#260 = CARTESIAN_POINT ( 'NONE',  ( -0.06759530401363407492, 0.06000000000000001166, -0.1030369543531192006 ) ) ;
#261 = FACE_OUTER_BOUND ( 'NONE', #2391, .T. ) ;
#262 = VERTEX_POINT ( 'NONE', #1473 ) ;
#263 =( NAMED_UNIT ( * ) SI_UNIT ( $, .STERADIAN. ) SOLID_ANGLE_UNIT ( ) );
#264 = CLOSED_SHELL ( 'NONE', ( #249, #3208, #12, #149 ) ) ;
#265 = DIRECTION ( 'NONE',  ( 0.000000000000000000, 0.000000000000000000, -1.000000000000000000 ) ) ;
#266 = ADVANCED_FACE ( 'NONE', ( #1416 ), #1721, .F. ) ;
#267 = AXIS2_PLACEMENT_3D ( 'NONE', #801, #2153, #767 ) ;
#268 = EDGE_CURVE ( 'NONE', #206, #1397, #1962, .T. ) ;
#269 = EDGE_LOOP ( 'NONE', ( #537, #2102 ) ) ;
#270 = STYLED_ITEM ( 'NONE', ( #994 ), #838 ) ;
#271 = LINE ( 'NONE', #2766, #798 ) ;
#272 =( LENGTH_UNIT ( ) NAMED_UNIT ( * ) SI_UNIT ( $, .METRE. ) );
#273 = EDGE_CURVE ( 'NONE', #2586, #2292, #3455, .T. ) ;
#274 = FACE_OUTER_BOUND ( 'NONE', #2027, .T. ) ;
#275 = ORIENTED_EDGE ( 'NONE', *, *, #2785, .F. ) ;
#276 = AXIS2_PLACEMENT_3D ( 'NONE', #3357, #1734, #1947 ) ;
#277 = DIRECTION ( 'NONE',  ( 0.000000000000000000, -1.000000000000000000, 0.000000000000000000 ) ) ;
#278 = DIRECTION ( 'NONE',  ( 0.000000000000000000, 1.000000000000000000, 0.000000000000000000 ) ) ;
#279 = DIRECTION ( 'NONE',  ( 0.000000000000000000, 1.000000000000000000, 0.000000000000000000 ) ) ;
#280 = AXIS2_PLACEMENT_3D ( 'NONE', #2825, #949, #2530 ) ;
#281 = SURFACE_SIDE_STYLE ('',( #218 ) ) ;
#282 = ORIENTED_EDGE ( 'NONE', *, *, #1798, .T. ) ;
#283 = FILL_AREA_STYLE_COLOUR ( '', #2397 ) ;
#284 = DIRECTION ( 'NONE',  ( -0.000000000000000000, -1.000000000000000000, -0.000000000000000000 ) ) ;
#285 = VERTEX_POINT ( 'NONE', #2350 ) ;
#286 = CYLINDRICAL_SURFACE ( 'NONE', #2199, 0.01000000000000001235 ) ;
#287 = DIRECTION ( 'NONE',  ( -0.000000000000000000, 1.000000000000000000, -0.000000000000000000 ) ) ;
#288 = CARTESIAN_POINT ( 'NONE',  ( 0.1093714993739425684, -0.4499999999999999556, 0.03553695435311932799 ) ) ;
#289 = ORIENTED_EDGE ( 'NONE', *, *, #1951, .F. ) ;
#290 = AXIS2_PLACEMENT_3D ( 'NONE', #3454, #130, #1259 ) ;
#291 = EDGE_CURVE ( 'NONE', #2122, #1149, #677, .T. ) ;
#292 = DIRECTION ( 'NONE',  ( 0.000000000000000000, 0.000000000000000000, -1.000000000000000000 ) ) ;
#293 = DIRECTION ( 'NONE',  ( 0.000000000000000000, -1.000000000000000000, 0.000000000000000000 ) ) ;
#294 = CARTESIAN_POINT ( 'NONE',  ( 0.06759530401363474106, 0.05500000000000000028, -0.09303695435311873374 ) ) ;
#295 = AXIS2_PLACEMENT_3D ( 'NONE', #1812, #1578, #687 ) ;
#296 = ORIENTED_EDGE ( 'NONE', *, *, #940, .F. ) ;
#297 = CARTESIAN_POINT ( 'NONE',  ( 0.1093714993739427904, -0.9761629509039022601, -0.04478695435311857292 ) ) ;
#298 = DIRECTION ( 'NONE',  ( 0.000000000000000000, 0.000000000000000000, 1.000000000000000000 ) ) ;
#299 = AXIS2_PLACEMENT_3D ( 'NONE', #288, #1353, #3565 ) ;
#300 = CARTESIAN_POINT ( 'NONE',  ( -0.06759530401363407492, 0.06000000000000001166, -0.09303695435311919171 ) ) ;
#301 = CARTESIAN_POINT ( 'NONE',  ( 0.06759530401363408880, 0.05000000000000000278, 0.09303695435311919171 ) ) ;
#302 = ORIENTED_EDGE ( 'NONE', *, *, #1609, .F. ) ;
#303 = LINE ( 'NONE', #829, #1209 ) ;
#304 =( NAMED_UNIT ( * ) PLANE_ANGLE_UNIT ( ) SI_UNIT ( $, .RADIAN. ) );
#305 = FACE_OUTER_BOUND ( 'NONE', #40, .T. ) ;
#306 = STYLED_ITEM ( 'NONE', ( #381 ), #3197 ) ;
#307 = ORIENTED_EDGE ( 'NONE', *, *, #336, .F. ) ;
#308 = AXIS2_PLACEMENT_3D ( 'NONE', #3183, #2324, #631 ) ;
#309 = CARTESIAN_POINT ( 'NONE',  ( 0.000000000000000000, 0.06000000000000001166, 0.06750000000000000444 ) ) ;
#310 = DIRECTION ( 'NONE',  ( 0.000000000000000000, 1.000000000000000000, 0.000000000000000000 ) ) ;
#311 = AXIS2_PLACEMENT_3D ( 'NONE', #2589, #1765, #912 ) ;
#312 = EDGE_CURVE ( 'NONE', #1232, #3518, #727, .T. ) ;
#313 = CIRCLE ( 'NONE', #2919, 0.1699999999999999845 ) ;
#314 = DIRECTION ( 'NONE',  ( 0.000000000000000000, -0.000000000000000000, 1.000000000000000000 ) ) ;
#315 = LINE ( 'NONE', #2831, #887 ) ;
#316 = VECTOR ( 'NONE', #773, 39.37007874015748143 ) ;
#317 = EDGE_CURVE ( 'NONE', #105, #3275, #1135, .T. ) ;
#318 = EDGE_LOOP ( 'NONE', ( #1677, #3215 ) ) ;
#319 = DIRECTION ( 'NONE',  ( 0.000000000000000000, 0.000000000000000000, -1.000000000000000000 ) ) ;
#320 = CARTESIAN_POINT ( 'NONE',  ( 0.1093714993739427904, 0.05500000000000000028, -0.03553695435311857165 ) ) ;
#321 = DIRECTION ( 'NONE',  ( 0.000000000000000000, -1.000000000000000000, 0.000000000000000000 ) ) ;
#322 = DIRECTION ( 'NONE',  ( -0.000000000000000000, -1.000000000000000000, -0.000000000000000000 ) ) ;
#323 = VERTEX_POINT ( 'NONE', #1287 ) ;
#324 = ORIENTED_EDGE ( 'NONE', *, *, #1830, .T. ) ;
#325 = CARTESIAN_POINT ( 'NONE',  ( 3.895674348883487256E-16, -0.9761629509039022601, -0.1242500000000000271 ) ) ;
#326 = AXIS2_PLACEMENT_3D ( 'NONE', #1325, #1944, #1608 ) ;
#327 = SURFACE_SIDE_STYLE ('',( #1685 ) ) ;
#328 = DIRECTION ( 'NONE',  ( 0.000000000000000000, 0.000000000000000000, 1.000000000000000000 ) ) ;
#329 = CIRCLE ( 'NONE', #2580, 0.01000000000000001235 ) ;
#330 = ORIENTED_EDGE ( 'NONE', *, *, #33, .T. ) ;
#331 = DIRECTION ( 'NONE',  ( -0.000000000000000000, -1.000000000000000000, -0.000000000000000000 ) ) ;
#332 = DIRECTION ( 'NONE',  ( 0.000000000000000000, 0.000000000000000000, 1.000000000000000000 ) ) ;
#333 = CIRCLE ( 'NONE', #2364, 0.009250000000000009950 ) ;
#334 = CARTESIAN_POINT ( 'NONE',  ( 0.000000000000000000, 0.2250000000000000611, 0.000000000000000000 ) ) ;
#335 = CARTESIAN_POINT ( 'NONE',  ( 1.898202538678397274E-17, 0.2350000000000000144, -0.1499999999999999944 ) ) ;
#336 = EDGE_CURVE ( 'NONE', #2931, #2888, #1360, .T. ) ;
#337 = VERTEX_POINT ( 'NONE', #997 ) ;
#338 = FACE_OUTER_BOUND ( 'NONE', #1666, .T. ) ;
#339 = DIRECTION ( 'NONE',  ( -0.000000000000000000, 1.000000000000000000, -0.000000000000000000 ) ) ;
#340 = ADVANCED_FACE ( 'NONE', ( #2649 ), #1786, .F. ) ;
#341 = CARTESIAN_POINT ( 'NONE',  ( 0.06759530401363408880, 0.06000000000000001166, 0.09303695435311919171 ) ) ;
#342 = ORIENTED_EDGE ( 'NONE', *, *, #2407, .F. ) ;
#343 = ORIENTED_EDGE ( 'NONE', *, *, #1112, .T. ) ;
#344 = DIRECTION ( 'NONE',  ( 0.000000000000000000, -1.000000000000000000, 0.000000000000000000 ) ) ;
#345 = CARTESIAN_POINT ( 'NONE',  ( -0.06759530401363408880, -0.4499999999999999556, -0.08378695435311919737 ) ) ;
#346 = ORIENTED_EDGE ( 'NONE', *, *, #3325, .F. ) ;
#347 = CARTESIAN_POINT ( 'NONE',  ( -0.1093714993739427904, 0.06000000000000001166, 0.02553695435311858358 ) ) ;
#348 = DIRECTION ( 'NONE',  ( 0.000000000000000000, 0.000000000000000000, 1.000000000000000000 ) ) ;
#349 = FACE_BOUND ( 'NONE', #2029, .T. ) ;
#350 = PLANE ( 'NONE',  #1117 ) ;
#351 = UNCERTAINTY_MEASURE_WITH_UNIT (LENGTH_MEASURE( 1.000000000000000082E-05 ), #2891, 'distance_accuracy_value', 'NONE');
#352 = ORIENTED_EDGE ( 'NONE', *, *, #2741, .T. ) ;
#353 = DIRECTION ( 'NONE',  ( 0.000000000000000000, 0.000000000000000000, 1.000000000000000000 ) ) ;
#354 = LINE ( 'NONE', #2777, #202 ) ;
#355 = CARTESIAN_POINT ( 'NONE',  ( 0.000000000000000000, -0.4499999999999999556, 0.000000000000000000 ) ) ;
#356 = DIRECTION ( 'NONE',  ( 0.000000000000000000, 0.000000000000000000, -1.000000000000000000 ) ) ;
#357 = ORIENTED_EDGE ( 'NONE', *, *, #2158, .F. ) ;
#358 = EDGE_CURVE ( 'NONE', #1537, #1616, #3220, .T. ) ;
#359 = DIRECTION ( 'NONE',  ( 0.000000000000000000, 1.000000000000000000, 0.000000000000000000 ) ) ;
#360 = ORIENTED_EDGE ( 'NONE', *, *, #1760, .F. ) ;
#361 = FACE_OUTER_BOUND ( 'NONE', #1212, .T. ) ;
#362 = CIRCLE ( 'NONE', #1463, 0.1762499999999999900 ) ;
#363 = DIRECTION ( 'NONE',  ( 0.000000000000000000, -1.000000000000000000, 0.000000000000000000 ) ) ;
#364 = AXIS2_PLACEMENT_3D ( 'NONE', #793, #3034, #1887 ) ;
#365 = DIRECTION ( 'NONE',  ( 0.000000000000000000, 1.000000000000000000, 0.000000000000000000 ) ) ;
#366 = AXIS2_PLACEMENT_3D ( 'NONE', #629, #2854, #1153 ) ;
#367 = CARTESIAN_POINT ( 'NONE',  ( -3.820318678639868079E-16, 0.05500000000000000028, 0.1150000000000000328 ) ) ;
#368 = CIRCLE ( 'NONE', #2402, 0.01000000000000001756 ) ;
#369 = ORIENTED_EDGE ( 'NONE', *, *, #1714, .F. ) ;
#370 = DIRECTION ( 'NONE',  ( 0.000000000000000000, -1.000000000000000000, 0.000000000000000000 ) ) ;
#371 = ORIENTED_EDGE ( 'NONE', *, *, #3035, .T. ) ;
#372 = CARTESIAN_POINT ( 'NONE',  ( 0.06759530401363408880, 0.06000000000000001166, 0.09303695435311919171 ) ) ;
#373 = FACE_OUTER_BOUND ( 'NONE', #1487, .T. ) ;
#374 = LINE ( 'NONE', #2615, #1469 ) ;
#375 = DIRECTION ( 'NONE',  ( -0.000000000000000000, 1.000000000000000000, -0.000000000000000000 ) ) ;
#376 = ORIENTED_EDGE ( 'NONE', *, *, #1897, .F. ) ;
#377 = ORIENTED_EDGE ( 'NONE', *, *, #3462, .F. ) ;
#378 = ADVANCED_FACE ( 'NONE', ( #3177 ), #2942, .T. ) ;
#379 = DIRECTION ( 'NONE',  ( 0.000000000000000000, -0.000000000000000000, -1.000000000000000000 ) ) ;
#380 = ADVANCED_FACE ( 'NONE', ( #1802 ), #1027, .F. ) ;
#381 = PRESENTATION_STYLE_ASSIGNMENT (( #2549 ) ) ;
#382 = EDGE_LOOP ( 'NONE', ( #3434, #3409, #2773, #2067 ) ) ;
#383 = CLOSED_SHELL ( 'NONE', ( #492, #1934, #3477, #1507 ) ) ;
#384 = DIRECTION ( 'NONE',  ( 0.000000000000000000, -1.000000000000000000, 0.000000000000000000 ) ) ;
#385 = ADVANCED_FACE ( 'NONE', ( #174 ), #1270, .F. ) ;
#386 = AXIS2_PLACEMENT_3D ( 'NONE', #2468, #785, #1095 ) ;
#387 = COLOUR_RGB ( '',0.7921568627450980005, 0.8196078431372548767, 0.9333333333333333481 ) ;
#388 = CARTESIAN_POINT ( 'NONE',  ( -0.1093714993739425406, 0.05500000000000000028, -0.04478695435311933620 ) ) ;
#389 = EDGE_LOOP ( 'NONE', ( #1682, #1766, #2642, #1266 ) ) ;
#390 = DIRECTION ( 'NONE',  ( 0.000000000000000000, 0.000000000000000000, -1.000000000000000000 ) ) ;
#391 = DIRECTION ( 'NONE',  ( -0.000000000000000000, -1.000000000000000000, -0.000000000000000000 ) ) ;
#392 = VERTEX_POINT ( 'NONE', #2116 ) ;
#393 = ORIENTED_EDGE ( 'NONE', *, *, #2904, .F. ) ;
#394 = PRESENTATION_LAYER_ASSIGNMENT (  '', '', ( #120 ) ) ;
#395 = CARTESIAN_POINT ( 'NONE',  ( -0.06759530401363407492, 0.05000000000000000278, -0.08303695435311916895 ) ) ;
#396 = VERTEX_POINT ( 'NONE', #1841 ) ;
#397 = EDGE_CURVE ( 'NONE', #3185, #2355, #3043, .T. ) ;
#398 = DIRECTION ( 'NONE',  ( 0.000000000000000000, -0.000000000000000000, 1.000000000000000000 ) ) ;
#399 = FILL_AREA_STYLE ('',( #1523 ) ) ;
#400 = DIRECTION ( 'NONE',  ( 0.000000000000000000, -1.000000000000000000, 0.000000000000000000 ) ) ;
#401 = EDGE_CURVE ( 'NONE', #2495, #1072, #1199, .T. ) ;
#402 = CARTESIAN_POINT ( 'NONE',  ( 0.000000000000000000, 0.2350000000000000144, 0.000000000000000000 ) ) ;
#403 = VERTEX_POINT ( 'NONE', #1336 ) ;
#404 = DIRECTION ( 'NONE',  ( -0.000000000000000000, 1.000000000000000000, -0.000000000000000000 ) ) ;
#405 = ORIENTED_EDGE ( 'NONE', *, *, #1418, .F. ) ;
#406 = AXIS2_PLACEMENT_3D ( 'NONE', #2871, #175, #2351 ) ;
#407 = CYLINDRICAL_SURFACE ( 'NONE', #678, 0.009999999999999995004 ) ;
#408 = LINE ( 'NONE', #1248, #3087 ) ;
#409 = ORIENTED_EDGE ( 'NONE', *, *, #3569, .T. ) ;
#410 = FILL_AREA_STYLE_COLOUR ( '', #3363 ) ;
#411 = CIRCLE ( 'NONE', #2439, 0.009249999999999985664 ) ;
#412 = ORIENTED_EDGE ( 'NONE', *, *, #3279, .F. ) ;
#413 = CARTESIAN_POINT ( 'NONE',  ( 8.266365894244634333E-18, 0.05000000000000000278, 0.06750000000000000444 ) ) ;
#414 = LENGTH_MEASURE_WITH_UNIT ( LENGTH_MEASURE( 0.02539999999999999897 ), #953 );
#415 = LINE ( 'NONE', #52, #621 ) ;
#416 = DIRECTION ( 'NONE',  ( 0.000000000000000000, -1.000000000000000000, 0.000000000000000000 ) ) ;
#417 = CYLINDRICAL_SURFACE ( 'NONE', #1624, 0.009249999999999989134 ) ;
#418 = UNCERTAINTY_MEASURE_WITH_UNIT (LENGTH_MEASURE( 1.000000000000000082E-05 ), #719, 'distance_accuracy_value', 'NONE');
#419 = EDGE_CURVE ( 'NONE', #2133, #2758, #2731, .T. ) ;
#420 = COLOUR_RGB ( '',0.7921568627450980005, 0.8196078431372548767, 0.9333333333333333481 ) ;
#421 = ORIENTED_EDGE ( 'NONE', *, *, #1798, .F. ) ;
#422 = DIRECTION ( 'NONE',  ( -0.000000000000000000, -1.000000000000000000, -0.000000000000000000 ) ) ;
#423 = ORIENTED_EDGE ( 'NONE', *, *, #1505, .F. ) ;
#424 = CIRCLE ( 'NONE', #2172, 0.01000000000000001235 ) ;
#425 = DIRECTION ( 'NONE',  ( 0.000000000000000000, 0.000000000000000000, 1.000000000000000000 ) ) ;
#426 = DIRECTION ( 'NONE',  ( 0.000000000000000000, 0.000000000000000000, -1.000000000000000000 ) ) ;
#427 = AXIS2_PLACEMENT_3D ( 'NONE', #581, #339, #298 ) ;
#428 = EDGE_CURVE ( 'NONE', #1446, #2970, #1424, .T. ) ;
#429 = ORIENTED_EDGE ( 'NONE', *, *, #2864, .F. ) ;
#430 =( NAMED_UNIT ( * ) PLANE_ANGLE_UNIT ( ) SI_UNIT ( $, .RADIAN. ) );
#431 = CIRCLE ( 'NONE', #834, 0.1699999999999999845 ) ;
#432 = ORIENTED_EDGE ( 'NONE', *, *, #3503, .T. ) ;
#433 = LINE ( 'NONE', #1858, #1530 ) ;
#434 = DIMENSIONAL_EXPONENTS ( 1.000000000000000000, 0.000000000000000000, 0.000000000000000000, 0.000000000000000000, 0.000000000000000000, 0.000000000000000000, 0.000000000000000000 ) ;
#435 = CIRCLE ( 'NONE', #3389, 0.01000000000000001235 ) ;
#436 = CYLINDRICAL_SURFACE ( 'NONE', #1539, 0.009250000000000009950 ) ;
#437 = VECTOR ( 'NONE', #2423, 39.37007874015748143 ) ;
#438 = CARTESIAN_POINT ( 'NONE',  ( -3.948374053342880387E-16, 0.05500000000000000028, 0.1250000000000000000 ) ) ;
#439 = CYLINDRICAL_SURFACE ( 'NONE', #1522, 0.01000000000000001235 ) ;
#440 = AXIS2_PLACEMENT_3D ( 'NONE', #3316, #1620, #1634 ) ;
#441 = STYLED_ITEM ( 'NONE', ( #582 ), #2086 ) ;
#442 = ORIENTED_EDGE ( 'NONE', *, *, #2168, .T. ) ;
#443 = FACE_OUTER_BOUND ( 'NONE', #129, .T. ) ;
#444 = AXIS2_PLACEMENT_3D ( 'NONE', #70, #1393, #332 ) ;
#445 = ORIENTED_EDGE ( 'NONE', *, *, #2479, .F. ) ;
#446 = CARTESIAN_POINT ( 'NONE',  ( 0.1093714993739425267, 0.06000000000000001166, 0.03553695435311932799 ) ) ;
#447 = EDGE_CURVE ( 'NONE', #2970, #1446, #1082, .T. ) ;
#448 = DIRECTION ( 'NONE',  ( 0.000000000000000000, 0.000000000000000000, 1.000000000000000000 ) ) ;
#449 = CARTESIAN_POINT ( 'NONE',  ( 0.000000000000000000, 0.000000000000000000, 0.000000000000000000 ) ) ;
#450 = EDGE_LOOP ( 'NONE', ( #1629, #3297, #2141, #738 ) ) ;
#451 = SURFACE_STYLE_USAGE ( .BOTH. , #466 ) ;
#452 = FACE_OUTER_BOUND ( 'NONE', #3410, .T. ) ;
#453 =( LENGTH_UNIT ( ) NAMED_UNIT ( * ) SI_UNIT ( $, .METRE. ) );
#454 = ORIENTED_EDGE ( 'NONE', *, *, #651, .F. ) ;
#455 = ADVANCED_FACE ( 'NONE', ( #2403 ), #2734, .T. ) ;
#456 = PLANE ( 'NONE',  #2800 ) ;
#457 = LINE ( 'NONE', #2921, #2183 ) ;
#458 = DIRECTION ( 'NONE',  ( -0.000000000000000000, 1.000000000000000000, -0.000000000000000000 ) ) ;
#459 = CARTESIAN_POINT ( 'NONE',  ( -0.06759530401363472718, 0.05500000000000000028, 0.09303695435311874762 ) ) ;
#460 = VERTEX_POINT ( 'NONE', #3534 ) ;
#461 = PLANE ( 'NONE',  #1680 ) ;
#462 = ORIENTED_EDGE ( 'NONE', *, *, #231, .F. ) ;
#463 = DIRECTION ( 'NONE',  ( 0.000000000000000000, 0.000000000000000000, -1.000000000000000000 ) ) ;
#464 = DIRECTION ( 'NONE',  ( 0.000000000000000000, -1.000000000000000000, 0.000000000000000000 ) ) ;
#465 = ORIENTED_EDGE ( 'NONE', *, *, #2904, .T. ) ;
#466 = SURFACE_SIDE_STYLE ('',( #2090 ) ) ;
#467 = CARTESIAN_POINT ( 'NONE',  ( 0.000000000000000000, 0.05000000000000000278, 0.000000000000000000 ) ) ;
#468 =( CONVERSION_BASED_UNIT ( 'INCH', #2954 ) LENGTH_UNIT ( ) NAMED_UNIT ( #1574 ) );
#469 = ORIENTED_EDGE ( 'NONE', *, *, #2659, .T. ) ;
#470 = DIRECTION ( 'NONE',  ( -0.000000000000000000, -1.000000000000000000, -0.000000000000000000 ) ) ;
#471 = ADVANCED_FACE ( 'NONE', ( #3015 ), #2717, .F. ) ;
#472 = DIRECTION ( 'NONE',  ( 0.000000000000000000, -1.000000000000000000, 0.000000000000000000 ) ) ;
#473 = CARTESIAN_POINT ( 'NONE',  ( -0.1151667337270464303, -0.01371170776356179545, 0.1334192112952388154 ) ) ;
#474 = ORIENTED_EDGE ( 'NONE', *, *, #624, .F. ) ;
#475 = CARTESIAN_POINT ( 'NONE',  ( 0.06759530401363474106, 0.06000000000000001166, -0.09303695435311870598 ) ) ;
#476 = ORIENTED_EDGE ( 'NONE', *, *, #2592, .T. ) ;
#477 = CARTESIAN_POINT ( 'NONE',  ( 4.033744303144888427E-16, 0.05500000000000000028, -0.1149999999999999911 ) ) ;
#478 = CIRCLE ( 'NONE', #954, 0.009250000000000009950 ) ;
#479 = ORIENTED_EDGE ( 'NONE', *, *, #3132, .T. ) ;
#480 = CIRCLE ( 'NONE', #1066, 0.01000000000000000021 ) ;
#481 = LINE ( 'NONE', #1916, #1413 ) ;
#482 = AXIS2_PLACEMENT_3D ( 'NONE', #1808, #3147, #2908 ) ;
#483 = LENGTH_MEASURE_WITH_UNIT ( LENGTH_MEASURE( 0.02539999999999999897 ), #2933 );
#484 = DIRECTION ( 'NONE',  ( 0.000000000000000000, -1.000000000000000000, 0.000000000000000000 ) ) ;
#485 = AXIS2_PLACEMENT_3D ( 'NONE', #1504, #2041, #1768 ) ;
#486 = ADVANCED_FACE ( 'NONE', ( #3253 ), #3551, .T. ) ;
#487 = ORIENTED_EDGE ( 'NONE', *, *, #945, .F. ) ;
#488 = CARTESIAN_POINT ( 'NONE',  ( 0.000000000000000000, 0.08999999999999999667, 0.000000000000000000 ) ) ;
#489 = PRESENTATION_LAYER_ASSIGNMENT (  '', '', ( #3262 ) ) ;
#490 = DIRECTION ( 'NONE',  ( 0.000000000000000000, -0.000000000000000000, -1.000000000000000000 ) ) ;
#491 = CARTESIAN_POINT ( 'NONE',  ( 0.1093714993739425267, 0.05500000000000000028, 0.02553695435311932604 ) ) ;
#492 = ADVANCED_FACE ( 'NONE', ( #3289 ), #2190, .T. ) ;
#493 = LINE ( 'NONE', #3303, #616 ) ;
#494 = UNCERTAINTY_MEASURE_WITH_UNIT (LENGTH_MEASURE( 1.000000000000000082E-05 ), #3119, 'distance_accuracy_value', 'NONE');
#495 = ORIENTED_EDGE ( 'NONE', *, *, #848, .T. ) ;
#496 = AXIS2_PLACEMENT_3D ( 'NONE', #2705, #1381, #523 ) ;
#497 = AXIS2_PLACEMENT_3D ( 'NONE', #1491, #2080, #3207 ) ;
#498 = VERTEX_POINT ( 'NONE', #2984 ) ;
#499 = CARTESIAN_POINT ( 'NONE',  ( -0.06759530401363472718, -0.4499999999999999556, 0.09303695435311874762 ) ) ;
#500 = AXIS2_PLACEMENT_3D ( 'NONE', #132, #1535, #448 ) ;
#501 = CARTESIAN_POINT ( 'NONE',  ( 0.06759530401363411656, -0.4499999999999999556, 0.09303695435311920559 ) ) ;
#502 = PRESENTATION_LAYER_ASSIGNMENT (  '', '', ( #1363 ) ) ;
#503 = ORIENTED_EDGE ( 'NONE', *, *, #1418, .T. ) ;
#504 = CARTESIAN_POINT ( 'NONE',  ( 0.1093714993739427904, 0.06000000000000001166, -0.02553695435311856624 ) ) ;
#505 = DIRECTION ( 'NONE',  ( 0.000000000000000000, 0.000000000000000000, 1.000000000000000000 ) ) ;
#506 = EDGE_CURVE ( 'NONE', #337, #2104, #329, .T. ) ;
#507 = PRESENTATION_LAYER_ASSIGNMENT (  '', '', ( #1039 ) ) ;
#508 = FACE_OUTER_BOUND ( 'NONE', #2106, .T. ) ;
#509 = EDGE_CURVE ( 'NONE', #1149, #3185, #1045, .T. ) ;
#510 = FACE_OUTER_BOUND ( 'NONE', #1160, .T. ) ;
#511 =( NAMED_UNIT ( * ) PLANE_ANGLE_UNIT ( ) SI_UNIT ( $, .RADIAN. ) );
#512 = EDGE_CURVE ( 'NONE', #3173, #1033, #2930, .T. ) ;
#513 = ORIENTED_EDGE ( 'NONE', *, *, #2571, .F. ) ;
#514 = CARTESIAN_POINT ( 'NONE',  ( 4.045990771136362179E-16, 0.06000000000000001166, -0.1049999999999999684 ) ) ;
#515 = AXIS2_PLACEMENT_3D ( 'NONE', #1295, #1532, #750 ) ;
#516 = ORIENTED_EDGE ( 'NONE', *, *, #2708, .T. ) ;
#517 = VERTEX_POINT ( 'NONE', #1877 ) ;
#518 = CARTESIAN_POINT ( 'NONE',  ( -0.1093714993739425406, -0.4499999999999999556, -0.02628695435311935100 ) ) ;
#519 = DIRECTION ( 'NONE',  ( 0.000000000000000000, -0.000000000000000000, -1.000000000000000000 ) ) ;
#520 = FACE_OUTER_BOUND ( 'NONE', #779, .T. ) ;
#521 = DIMENSIONAL_EXPONENTS ( 1.000000000000000000, 0.000000000000000000, 0.000000000000000000, 0.000000000000000000, 0.000000000000000000, 0.000000000000000000, 0.000000000000000000 ) ;
#522 = EDGE_CURVE ( 'NONE', #517, #931, #1586, .T. ) ;
#523 = DIRECTION ( 'NONE',  ( 0.000000000000000000, 0.000000000000000000, -1.000000000000000000 ) ) ;
#524 = DIRECTION ( 'NONE',  ( 0.000000000000000000, -0.000000000000000000, -1.000000000000000000 ) ) ;
#525 = EDGE_LOOP ( 'NONE', ( #78, #572, #1778, #1404 ) ) ;
#526 = DIRECTION ( 'NONE',  ( -0.000000000000000000, 1.000000000000000000, -0.000000000000000000 ) ) ;
#527 = CARTESIAN_POINT ( 'NONE',  ( 0.1093714993739425684, -0.9761629509039022601, 0.04478695435311931539 ) ) ;
#528 = AXIS2_PLACEMENT_3D ( 'NONE', #1479, #3408, #3425 ) ;
#529 = ADVANCED_FACE ( 'NONE', ( #520 ), #1028, .T. ) ;
#530 = ORIENTED_EDGE ( 'NONE', *, *, #428, .T. ) ;
#531 = AXIS2_PLACEMENT_3D ( 'NONE', #2408, #1316, #196 ) ;
#532 = CYLINDRICAL_SURFACE ( 'NONE', #3032, 0.01000000000000001235 ) ;
#533 = CIRCLE ( 'NONE', #2566, 0.1600000000000000033 ) ;
#534 = CARTESIAN_POINT ( 'NONE',  ( 4.033744303144888427E-16, 0.06000000000000001166, -0.1149999999999999911 ) ) ;
#535 = CIRCLE ( 'NONE', #2453, 0.01000000000000000368 ) ;
#536 = CARTESIAN_POINT ( 'NONE',  ( 0.06759530401363474106, 0.06000000000000001166, -0.09303695435311870598 ) ) ;
#537 = ORIENTED_EDGE ( 'NONE', *, *, #3460, .T. ) ;
#538 = CIRCLE ( 'NONE', #2290, 0.01000000000000001235 ) ;
#539 = LINE ( 'NONE', #2770, #1705 ) ;
#540 = DIRECTION ( 'NONE',  ( 0.000000000000000000, -0.000000000000000000, -1.000000000000000000 ) ) ;
#541 = CARTESIAN_POINT ( 'NONE',  ( -0.06759530401363408880, 0.05500000000000000028, -0.08378695435311919737 ) ) ;
#542 = LENGTH_MEASURE_WITH_UNIT ( LENGTH_MEASURE( 0.02539999999999999897 ), #179 );
#543 = ORIENTED_EDGE ( 'NONE', *, *, #1622, .T. ) ;
#544 = LINE ( 'NONE', #1329, #593 ) ;
#545 = CLOSED_SHELL ( 'NONE', ( #455, #2498, #2366, #3539 ) ) ;
#546 = EDGE_CURVE ( 'NONE', #2165, #1156, #2362, .T. ) ;
#547 = FACE_OUTER_BOUND ( 'NONE', #1317, .T. ) ;
#548 = AXIS2_PLACEMENT_3D ( 'NONE', #2848, #365, #2024 ) ;
#549 = VERTEX_POINT ( 'NONE', #260 ) ;
#550 = ADVANCED_FACE ( 'NONE', ( #210 ), #1310, .T. ) ;
#551 = DIRECTION ( 'NONE',  ( -0.000000000000000000, 1.000000000000000000, -0.000000000000000000 ) ) ;
#552 =( LENGTH_UNIT ( ) NAMED_UNIT ( * ) SI_UNIT ( $, .METRE. ) );
#553 = DIRECTION ( 'NONE',  ( 0.000000000000000000, 0.000000000000000000, 1.000000000000000000 ) ) ;
#554 = VERTEX_POINT ( 'NONE', #2418 ) ;
#555 = EDGE_CURVE ( 'NONE', #804, #1313, #493, .T. ) ;
#556 = CARTESIAN_POINT ( 'NONE',  ( 4.045990771136362179E-16, 0.05500000000000000028, -0.1250000000000000000 ) ) ;
#557 = CARTESIAN_POINT ( 'NONE',  ( 3.884346365991374479E-16, -0.4499999999999999556, -0.1150000000000000189 ) ) ;
#558 = AXIS2_PLACEMENT_3D ( 'NONE', #2327, #344, #2054 ) ;
#559 = DIRECTION ( 'NONE',  ( 0.000000000000000000, -0.000000000000000000, -1.000000000000000000 ) ) ;
#560 =( GEOMETRIC_REPRESENTATION_CONTEXT ( 3 ) GLOBAL_UNCERTAINTY_ASSIGNED_CONTEXT ( ( #1587 ) ) GLOBAL_UNIT_ASSIGNED_CONTEXT ( ( #1367, #1933, #2181 ) ) REPRESENTATION_CONTEXT ( 'NONE', 'WORKASPACE' ) );
#561 = DIRECTION ( 'NONE',  ( 0.000000000000000000, 1.000000000000000000, 0.000000000000000000 ) ) ;
#562 = CARTESIAN_POINT ( 'NONE',  ( 0.1093714993739425684, -0.4499999999999999556, 0.03553695435311932799 ) ) ;
#563 = VERTEX_POINT ( 'NONE', #2703 ) ;
#564 = LINE ( 'NONE', #14, #1588 ) ;
#565 = DIRECTION ( 'NONE',  ( 0.000000000000000000, 0.000000000000000000, -1.000000000000000000 ) ) ;
#566 = FACE_OUTER_BOUND ( 'NONE', #889, .T. ) ;
#567 = ORIENTED_EDGE ( 'NONE', *, *, #2752, .F. ) ;
#568 = DIRECTION ( 'NONE',  ( 0.000000000000000000, 0.000000000000000000, -1.000000000000000000 ) ) ;
#569 = CARTESIAN_POINT ( 'NONE',  ( -0.1093714993739425406, 0.06000000000000001166, -0.03553695435311933493 ) ) ;
#570 = EDGE_CURVE ( 'NONE', #1649, #3315, #2875, .T. ) ;
#571 = LINE ( 'NONE', #3079, #2784 ) ;
#572 = ORIENTED_EDGE ( 'NONE', *, *, #3283, .T. ) ;
#573 = CIRCLE ( 'NONE', #937, 0.01000000000000001756 ) ;
#574 = CARTESIAN_POINT ( 'NONE',  ( -0.06759530401363472718, 0.05500000000000000028, 0.08303695435311872486 ) ) ;
#575 = LINE ( 'NONE', #2553, #847 ) ;
#576 = ADVANCED_FACE ( 'NONE', ( #508 ), #3030, .T. ) ;
#577 = FACE_OUTER_BOUND ( 'NONE', #1196, .T. ) ;
#578 = DIRECTION ( 'NONE',  ( -0.000000000000000000, 1.000000000000000000, -0.000000000000000000 ) ) ;
#579 = EDGE_LOOP ( 'NONE', ( #963, #1235, #282, #3193 ) ) ;
#580 = DIRECTION ( 'NONE',  ( 0.000000000000000000, 0.000000000000000000, 1.000000000000000000 ) ) ;
#581 = CARTESIAN_POINT ( 'NONE',  ( 0.06759530401363474106, 0.05500000000000000028, -0.09303695435311870598 ) ) ;
#582 = PRESENTATION_STYLE_ASSIGNMENT (( #3072 ) ) ;
#583 = DIRECTION ( 'NONE',  ( 0.000000000000000000, 0.000000000000000000, 1.000000000000000000 ) ) ;
#584 = EDGE_LOOP ( 'NONE', ( #76, #690, #3026, #2896 ) ) ;
#585 = VERTEX_POINT ( 'NONE', #3123 ) ;
#586 = CARTESIAN_POINT ( 'NONE',  ( -0.06759530401363408880, -0.4499999999999999556, -0.09303695435311920559 ) ) ;
#587 = LENGTH_MEASURE_WITH_UNIT ( LENGTH_MEASURE( 0.02539999999999999897 ), #552 );
#588 = EDGE_CURVE ( 'NONE', #54, #1809, #2413, .T. ) ;
#589 = MECHANICAL_DESIGN_GEOMETRIC_PRESENTATION_REPRESENTATION (  '', ( #3262 ), #2677 ) ;
#590 = DIRECTION ( 'NONE',  ( -0.000000000000000000, -1.000000000000000000, -0.000000000000000000 ) ) ;
#591 =( GEOMETRIC_REPRESENTATION_CONTEXT ( 3 ) GLOBAL_UNCERTAINTY_ASSIGNED_CONTEXT ( ( #74 ) ) GLOBAL_UNIT_ASSIGNED_CONTEXT ( ( #1871, #2696, #720 ) ) REPRESENTATION_CONTEXT ( 'NONE', 'WORKASPACE' ) );
#592 = EDGE_LOOP ( 'NONE', ( #1260, #637, #2488, #22 ) ) ;
#593 = VECTOR ( 'NONE', #526, 39.37007874015748143 ) ;
#594 = ADVANCED_FACE ( 'NONE', ( #1689 ), #3320, .T. ) ;
#595 = LINE ( 'NONE', #2671, #205 ) ;
#596 = AXIS2_PLACEMENT_3D ( 'NONE', #3243, #821, #1346 ) ;
#597 = LINE ( 'NONE', #1182, #1486 ) ;
#598 = VECTOR ( 'NONE', #1996, 39.37007874015748143 ) ;
#599 = CARTESIAN_POINT ( 'NONE',  ( 0.000000000000000000, -0.4499999999999999556, 0.000000000000000000 ) ) ;
#600 = EDGE_CURVE ( 'NONE', #1699, #2970, #3337, .T. ) ;
#601 = DIRECTION ( 'NONE',  ( -1.000000000000000000, 0.000000000000000000, 0.000000000000000000 ) ) ;
#602 = ORIENTED_EDGE ( 'NONE', *, *, #3370, .F. ) ;
#603 = DIRECTION ( 'NONE',  ( 0.000000000000000000, -1.000000000000000000, 0.000000000000000000 ) ) ;
#604 = EDGE_LOOP ( 'NONE', ( #2852, #1831, #34, #250 ) ) ;
#605 = CARTESIAN_POINT ( 'NONE',  ( 0.06759530401363474106, 0.06000000000000001166, -0.08303695435311869710 ) ) ;
#606 = AXIS2_PLACEMENT_3D ( 'NONE', #1409, #1105, #850 ) ;
#607 = CARTESIAN_POINT ( 'NONE',  ( -0.1093714993739425406, 0.05500000000000000028, -0.02628695435311935100 ) ) ;
#608 = CIRCLE ( 'NONE', #106, 0.06750000000000000444 ) ;
#609 = EDGE_LOOP ( 'NONE', ( #3095, #755 ) ) ;
#610 = EDGE_LOOP ( 'NONE', ( #1118, #2326 ) ) ;
#611 = DIRECTION ( 'NONE',  ( 0.000000000000000000, 0.000000000000000000, 1.000000000000000000 ) ) ;
#612 = AXIS2_PLACEMENT_3D ( 'NONE', #3305, #815, #559 ) ;
#613 = COLOUR_RGB ( '',0.2509803921568627416, 0.2509803921568627416, 0.2509803921568627416 ) ;
#614 = CARTESIAN_POINT ( 'NONE',  ( -0.1118732162232220911, -0.01371170776356179545, 0.1790744710409900020 ) ) ;
#615 = CYLINDRICAL_SURFACE ( 'NONE', #1233, 0.01000000000000000021 ) ;
#616 = VECTOR ( 'NONE', #1923, 39.37007874015748143 ) ;
#617 = ORIENTED_EDGE ( 'NONE', *, *, #1225, .T. ) ;
#618 = DIRECTION ( 'NONE',  ( 0.000000000000000000, -0.000000000000000000, -1.000000000000000000 ) ) ;
#619 = FACE_OUTER_BOUND ( 'NONE', #1835, .T. ) ;
#620 = CIRCLE ( 'NONE', #1900, 0.009250000000000009950 ) ;
#621 = VECTOR ( 'NONE', #75, 39.37007874015748143 ) ;
#622 = FACE_BOUND ( 'NONE', #318, .T. ) ;
#623 = DIRECTION ( 'NONE',  ( 0.000000000000000000, -0.000000000000000000, 1.000000000000000000 ) ) ;
#624 = EDGE_CURVE ( 'NONE', #3513, #2456, #48, .T. ) ;
#625 = AXIS2_PLACEMENT_3D ( 'NONE', #886, #1483, #379 ) ;
#626 = ORIENTED_EDGE ( 'NONE', *, *, #600, .F. ) ;
#627 = CARTESIAN_POINT ( 'NONE',  ( -0.1093714993739425406, -0.9761629509039022601, -0.03553695435311934187 ) ) ;
#628 = ORIENTED_EDGE ( 'NONE', *, *, #2401, .F. ) ;
#629 = CARTESIAN_POINT ( 'NONE',  ( -0.1093714993739425406, -0.4499999999999999556, -0.03553695435311934187 ) ) ;
#630 = CYLINDRICAL_SURFACE ( 'NONE', #2010, 0.01000000000000001235 ) ;
#631 = DIRECTION ( 'NONE',  ( 0.000000000000000000, 0.000000000000000000, 1.000000000000000000 ) ) ;
#632 = DIRECTION ( 'NONE',  ( -0.000000000000000000, -1.000000000000000000, -0.000000000000000000 ) ) ;
#633 = ORIENTED_EDGE ( 'NONE', *, *, #1069, .F. ) ;
#634 = ORIENTED_EDGE ( 'NONE', *, *, #783, .T. ) ;
#635 = FACE_OUTER_BOUND ( 'NONE', #1106, .T. ) ;
#636 = FACE_OUTER_BOUND ( 'NONE', #382, .T. ) ;
#637 = ORIENTED_EDGE ( 'NONE', *, *, #401, .F. ) ;
#638 = LINE ( 'NONE', #935, #3093 ) ;
#639 = CARTESIAN_POINT ( 'NONE',  ( -3.820318678639868079E-16, -0.9761629509039022601, 0.1242500000000000410 ) ) ;
#640 = CARTESIAN_POINT ( 'NONE',  ( -0.06759530401363472718, 0.05500000000000000028, 0.1030369543531187565 ) ) ;
#641 = CARTESIAN_POINT ( 'NONE',  ( 0.1093714993739427904, 0.05500000000000000028, -0.04553695435311857359 ) ) ;
#642 = UNCERTAINTY_MEASURE_WITH_UNIT (LENGTH_MEASURE( 1.000000000000000082E-05 ), #2719, 'distance_accuracy_value', 'NONE');
#643 = EDGE_CURVE ( 'NONE', #3419, #2335, #3459, .T. ) ;
#644 = EDGE_LOOP ( 'NONE', ( #462, #161 ) ) ;
#645 = DIRECTION ( 'NONE',  ( 0.000000000000000000, -1.000000000000000000, 0.000000000000000000 ) ) ;
#646 = CARTESIAN_POINT ( 'NONE',  ( -0.1093714993739427904, 0.05000000000000000278, 0.03553695435311858553 ) ) ;
#647 = EDGE_CURVE ( 'NONE', #1231, #3327, #333, .T. ) ;
#648 = DIRECTION ( 'NONE',  ( 0.000000000000000000, 0.000000000000000000, -1.000000000000000000 ) ) ;
#649 = ORIENTED_EDGE ( 'NONE', *, *, #3288, .T. ) ;
#650 = VERTEX_POINT ( 'NONE', #3102 ) ;
#651 = EDGE_CURVE ( 'NONE', #3173, #105, #597, .T. ) ;
#652 = DIRECTION ( 'NONE',  ( 0.000000000000000000, 1.000000000000000000, 0.000000000000000000 ) ) ;
#653 = CYLINDRICAL_SURFACE ( 'NONE', #1881, 0.009250000000000009950 ) ;
#654 = EDGE_LOOP ( 'NONE', ( #3099, #827, #980, #487 ) ) ;
#655 = FACE_OUTER_BOUND ( 'NONE', #1728, .T. ) ;
#656 = AXIS2_PLACEMENT_3D ( 'NONE', #930, #61, #2268 ) ;
#657 = CARTESIAN_POINT ( 'NONE',  ( -0.1093714993739425406, 0.06000000000000001166, -0.02553695435311931911 ) ) ;
#658 = COLOUR_RGB ( '',0.2509803921568627416, 0.2509803921568627416, 0.2509803921568627416 ) ;
#659 = MECHANICAL_DESIGN_GEOMETRIC_PRESENTATION_REPRESENTATION (  '', ( #3199 ), #2284 ) ;
#660 = DIRECTION ( 'NONE',  ( 0.000000000000000000, -1.000000000000000000, 0.000000000000000000 ) ) ;
#661 = VECTOR ( 'NONE', #3342, 39.37007874015748143 ) ;
#662 = CARTESIAN_POINT ( 'NONE',  ( 0.1093714993739425684, 0.05500000000000000028, 0.02628695435311933712 ) ) ;
#663 = CIRCLE ( 'NONE', #1408, 0.01000000000000000368 ) ;
#664 = EDGE_LOOP ( 'NONE', ( #2492, #1138, #3485, #2890 ) ) ;
#665 = DIRECTION ( 'NONE',  ( 0.000000000000000000, 0.000000000000000000, -1.000000000000000000 ) ) ;
#666 = EDGE_LOOP ( 'NONE', ( #146, #1419, #3121, #2860 ) ) ;
#667 = DIRECTION ( 'NONE',  ( 0.000000000000000000, -1.000000000000000000, 0.000000000000000000 ) ) ;
#668 = DIRECTION ( 'NONE',  ( 0.000000000000000000, 0.000000000000000000, -1.000000000000000000 ) ) ;
#669 = ADVANCED_FACE ( 'NONE', ( #1709 ), #1942, .F. ) ;
#670 = ORIENTED_EDGE ( 'NONE', *, *, #2269, .F. ) ;
#671 = EDGE_LOOP ( 'NONE', ( #1774, #1671, #634, #633 ) ) ;
#672 = LINE ( 'NONE', #3136, #2144 ) ;
#673 = EDGE_CURVE ( 'NONE', #2888, #2931, #1140, .T. ) ;
#674 = CYLINDRICAL_SURFACE ( 'NONE', #2915, 0.1600000000000000033 ) ;
#675 = ORIENTED_EDGE ( 'NONE', *, *, #1250, .T. ) ;
#676 = FACE_OUTER_BOUND ( 'NONE', #644, .T. ) ;
#677 = CIRCLE ( 'NONE', #3106, 0.01000000000000001756 ) ;
#678 = AXIS2_PLACEMENT_3D ( 'NONE', #2124, #3218, #425 ) ;
#679 =( GEOMETRIC_REPRESENTATION_CONTEXT ( 3 ) GLOBAL_UNCERTAINTY_ASSIGNED_CONTEXT ( ( #1550 ) ) GLOBAL_UNIT_ASSIGNED_CONTEXT ( ( #468, #1303, #2411 ) ) REPRESENTATION_CONTEXT ( 'NONE', 'WORKASPACE' ) );
#680 = CARTESIAN_POINT ( 'NONE',  ( 0.06759530401363408880, 0.05500000000000000028, 0.1030369543531192006 ) ) ;
#681 = ORIENTED_EDGE ( 'NONE', *, *, #3288, .F. ) ;
#682 = DIRECTION ( 'NONE',  ( -0.000000000000000000, 1.000000000000000000, -0.000000000000000000 ) ) ;
#683 = EDGE_LOOP ( 'NONE', ( #2781, #2046, #2270, #1024, #3471, #1364 ) ) ;
#684 = SURFACE_STYLE_FILL_AREA ( #965 ) ;
#685 = DIRECTION ( 'NONE',  ( -0.000000000000000000, 1.000000000000000000, -0.000000000000000000 ) ) ;
#686 = ORIENTED_EDGE ( 'NONE', *, *, #3126, .T. ) ;
#687 = DIRECTION ( 'NONE',  ( 0.000000000000000000, 0.000000000000000000, -1.000000000000000000 ) ) ;
#688 = CARTESIAN_POINT ( 'NONE',  ( 0.1093714993739425267, 0.06000000000000001166, 0.04553695435311932993 ) ) ;
#689 = FACE_OUTER_BOUND ( 'NONE', #1143, .T. ) ;
#690 = ORIENTED_EDGE ( 'NONE', *, *, #3077, .T. ) ;
#691 = DIRECTION ( 'NONE',  ( 0.000000000000000000, 0.000000000000000000, -1.000000000000000000 ) ) ;
#692 = DIRECTION ( 'NONE',  ( 0.000000000000000000, -0.000000000000000000, -1.000000000000000000 ) ) ;
#693 = ADVANCED_FACE ( 'NONE', ( #2222 ), #1673, .T. ) ;
#694 = FACE_OUTER_BOUND ( 'NONE', #1661, .T. ) ;
#695 = ORIENTED_EDGE ( 'NONE', *, *, #777, .T. ) ;
#696 = DIRECTION ( 'NONE',  ( 0.000000000000000000, 0.000000000000000000, -1.000000000000000000 ) ) ;
#697 = CIRCLE ( 'NONE', #1968, 0.01000000000000001235 ) ;
#698 = EDGE_LOOP ( 'NONE', ( #1700, #1244, #2694, #2841 ) ) ;
#699 = CARTESIAN_POINT ( 'NONE',  ( 0.06759530401363408880, 0.05500000000000000028, 0.08303695435311916895 ) ) ;
#700 = EDGE_LOOP ( 'NONE', ( #1886, #2739 ) ) ;
#701 =( CONVERSION_BASED_UNIT ( 'INCH', #3510 ) LENGTH_UNIT ( ) NAMED_UNIT ( #2160 ) );
#702 = ORIENTED_EDGE ( 'NONE', *, *, #169, .T. ) ;
#703 = DIRECTION ( 'NONE',  ( -0.000000000000000000, 1.000000000000000000, -0.000000000000000000 ) ) ;
#704 = CARTESIAN_POINT ( 'NONE',  ( -0.1093714993739427904, 0.06000000000000001166, 0.03553695435311858553 ) ) ;
#705 = EDGE_CURVE ( 'NONE', #3327, #1231, #620, .T. ) ;
#706 = DIRECTION ( 'NONE',  ( 0.000000000000000000, -0.000000000000000000, -1.000000000000000000 ) ) ;
#707 = DIRECTION ( 'NONE',  ( 0.000000000000000000, 0.000000000000000000, -1.000000000000000000 ) ) ;
#708 = DIMENSIONAL_EXPONENTS ( 1.000000000000000000, 0.000000000000000000, 0.000000000000000000, 0.000000000000000000, 0.000000000000000000, 0.000000000000000000, 0.000000000000000000 ) ;
#709 = AXIS2_PLACEMENT_3D ( 'NONE', #367, #93, #1675 ) ;
#710 = ADVANCED_FACE ( 'NONE', ( #854 ), #2261, .F. ) ;
#711 = AXIS2_PLACEMENT_3D ( 'NONE', #2531, #287, #1121 ) ;
#712 = ORIENTED_EDGE ( 'NONE', *, *, #1309, .T. ) ;
#713 = FACE_OUTER_BOUND ( 'NONE', #666, .T. ) ;
#714 = ORIENTED_EDGE ( 'NONE', *, *, #972, .F. ) ;
#715 = MECHANICAL_DESIGN_GEOMETRIC_PRESENTATION_REPRESENTATION (  '', ( #772 ), #201 ) ;
#716 =( NAMED_UNIT ( * ) SI_UNIT ( $, .STERADIAN. ) SOLID_ANGLE_UNIT ( ) );
#717 = CIRCLE ( 'NONE', #2343, 0.01000000000000000021 ) ;
#718 = EDGE_LOOP ( 'NONE', ( #3529, #1971, #2365, #2780 ) ) ;
#719 =( CONVERSION_BASED_UNIT ( 'INCH', #1833 ) LENGTH_UNIT ( ) NAMED_UNIT ( #3211 ) );
#720 =( NAMED_UNIT ( * ) SI_UNIT ( $, .STERADIAN. ) SOLID_ANGLE_UNIT ( ) );
#721 = ORIENTED_EDGE ( 'NONE', *, *, #1175, .F. ) ;
#722 = CARTESIAN_POINT ( 'NONE',  ( -0.06759530401363407492, 0.05500000000000000028, -0.09303695435311919171 ) ) ;
#723 = DIRECTION ( 'NONE',  ( 0.000000000000000000, -1.000000000000000000, 0.000000000000000000 ) ) ;
#724 = AXIS2_PLACEMENT_3D ( 'NONE', #2001, #1980, #91 ) ;
#725 = DIRECTION ( 'NONE',  ( 0.000000000000000000, 1.000000000000000000, 0.000000000000000000 ) ) ;
#726 = FACE_OUTER_BOUND ( 'NONE', #1428, .T. ) ;
#727 = CIRCLE ( 'NONE', #3558, 0.01000000000000001235 ) ;
#728 = PRESENTATION_LAYER_ASSIGNMENT (  '', '', ( #2082 ) ) ;
#729 = ORIENTED_EDGE ( 'NONE', *, *, #1781, .F. ) ;
#730 = CARTESIAN_POINT ( 'NONE',  ( 0.06759530401363474106, 0.05500000000000000028, -0.1022869543531187142 ) ) ;
#731 = ORIENTED_EDGE ( 'NONE', *, *, #2526, .T. ) ;
#732 = CARTESIAN_POINT ( 'NONE',  ( 3.895674348883487256E-16, -0.4499999999999999556, -0.1242500000000000271 ) ) ;
#733 = MECHANICAL_DESIGN_GEOMETRIC_PRESENTATION_REPRESENTATION (  '', ( #2520 ), #2756 ) ;
#734 = FILL_AREA_STYLE_COLOUR ( '', #387 ) ;
#735 = DIRECTION ( 'NONE',  ( 1.000000000000000000, 0.000000000000000000, 0.000000000000000000 ) ) ;
#736 = ADVANCED_FACE ( 'NONE', ( #619 ), #2022, .T. ) ;
#737 =( GEOMETRIC_REPRESENTATION_CONTEXT ( 3 ) GLOBAL_UNCERTAINTY_ASSIGNED_CONTEXT ( ( #1878 ) ) GLOBAL_UNIT_ASSIGNED_CONTEXT ( ( #125, #1564, #1816 ) ) REPRESENTATION_CONTEXT ( 'NONE', 'WORKASPACE' ) );
#738 = ORIENTED_EDGE ( 'NONE', *, *, #2069, .T. ) ;
#739 = DIMENSIONAL_EXPONENTS ( 1.000000000000000000, 0.000000000000000000, 0.000000000000000000, 0.000000000000000000, 0.000000000000000000, 0.000000000000000000, 0.000000000000000000 ) ;
#740 = DIRECTION ( 'NONE',  ( 0.000000000000000000, -1.000000000000000000, 0.000000000000000000 ) ) ;
#741 = ADVANCED_FACE ( 'NONE', ( #1126 ), #1453, .F. ) ;
#742 = VERTEX_POINT ( 'NONE', #2277 ) ;
#743 = VECTOR ( 'NONE', #1618, 39.37007874015748143 ) ;
#744 = CARTESIAN_POINT ( 'NONE',  ( -0.06759530401363407492, 0.05500000000000000028, -0.09303695435311919171 ) ) ;
#745 = FACE_OUTER_BOUND ( 'NONE', #1964, .T. ) ;
#746 = DIRECTION ( 'NONE',  ( 0.5877852522924733591, -0.000000000000000000, -0.8090169943749471182 ) ) ;
#747 = DIRECTION ( 'NONE',  ( 0.000000000000000000, 0.000000000000000000, -1.000000000000000000 ) ) ;
#748 = UNCERTAINTY_MEASURE_WITH_UNIT (LENGTH_MEASURE( 1.000000000000000082E-05 ), #3488, 'distance_accuracy_value', 'NONE');
#749 = ORIENTED_EDGE ( 'NONE', *, *, #1309, .F. ) ;
#750 = DIRECTION ( 'NONE',  ( 0.000000000000000000, 0.000000000000000000, -1.000000000000000000 ) ) ;
#751 = ORIENTED_EDGE ( 'NONE', *, *, #818, .F. ) ;
#752 = PLANE ( 'NONE',  #2684 ) ;
#753 =( NAMED_UNIT ( * ) SI_UNIT ( $, .STERADIAN. ) SOLID_ANGLE_UNIT ( ) );
#754 =( NAMED_UNIT ( * ) SI_UNIT ( $, .STERADIAN. ) SOLID_ANGLE_UNIT ( ) );
#755 = ORIENTED_EDGE ( 'NONE', *, *, #1995, .F. ) ;
#756 = DIRECTION ( 'NONE',  ( -0.000000000000000000, 1.000000000000000000, -0.000000000000000000 ) ) ;
#757 = VECTOR ( 'NONE', #682, 39.37007874015748143 ) ;
#758 = EDGE_CURVE ( 'NONE', #1797, #563, #575, .T. ) ;
#759 = CARTESIAN_POINT ( 'NONE',  ( -3.948374053342880387E-16, 0.06000000000000001166, 0.1150000000000000050 ) ) ;
#760 = SURFACE_STYLE_FILL_AREA ( #3246 ) ;
#761 = ORIENTED_EDGE ( 'NONE', *, *, #1927, .F. ) ;
#762 = EDGE_CURVE ( 'NONE', #3421, #2816, #1607, .T. ) ;
#763 = CARTESIAN_POINT ( 'NONE',  ( 4.045990771136362179E-16, 0.05000000000000000278, -0.1049999999999999684 ) ) ;
#764 = DIMENSIONAL_EXPONENTS ( 1.000000000000000000, 0.000000000000000000, 0.000000000000000000, 0.000000000000000000, 0.000000000000000000, 0.000000000000000000, 0.000000000000000000 ) ;
#765 = FACE_OUTER_BOUND ( 'NONE', #683, .T. ) ;
#766 = AXIS2_PLACEMENT_3D ( 'NONE', #1670, #1389, #1958 ) ;
#767 = DIRECTION ( 'NONE',  ( 0.000000000000000000, 0.000000000000000000, 1.000000000000000000 ) ) ;
#768 = PLANE ( 'NONE',  #326 ) ;
#769 = DIRECTION ( 'NONE',  ( -0.8090169943749463410, 0.000000000000000000, -0.5877852522924744694 ) ) ;
#770 = ORIENTED_EDGE ( 'NONE', *, *, #3082, .T. ) ;
#771 = FACE_OUTER_BOUND ( 'NONE', #998, .T. ) ;
#772 = STYLED_ITEM ( 'NONE', ( #805 ), #3290 ) ;
#773 = DIRECTION ( 'NONE',  ( -0.000000000000000000, 1.000000000000000000, -0.000000000000000000 ) ) ;
#774 = AXIS2_PLACEMENT_3D ( 'NONE', #2248, #1985, #3216 ) ;
#775 = AXIS2_PLACEMENT_3D ( 'NONE', #2274, #950, #2344 ) ;
#776 = PLANE ( 'NONE',  #3564 ) ;
#777 = EDGE_CURVE ( 'NONE', #460, #2873, #2304, .T. ) ;
#778 = AXIS2_PLACEMENT_3D ( 'NONE', #1600, #2699, #1814 ) ;
#779 = EDGE_LOOP ( 'NONE', ( #2085, #2590 ) ) ;
#780 = CARTESIAN_POINT ( 'NONE',  ( 4.033744303144888427E-16, 0.05500000000000000028, -0.1149999999999999911 ) ) ;
#781 = COLOUR_RGB ( '',0.7921568627450980005, 0.8196078431372548767, 0.9333333333333333481 ) ;
#782 = PRESENTATION_STYLE_ASSIGNMENT (( #1074 ) ) ;
#783 = EDGE_CURVE ( 'NONE', #3402, #1789, #2876, .T. ) ;
#784 = DIRECTION ( 'NONE',  ( -0.000000000000000000, -1.000000000000000000, -0.000000000000000000 ) ) ;
#785 = DIRECTION ( 'NONE',  ( -0.000000000000000000, 1.000000000000000000, -0.000000000000000000 ) ) ;
#786 = LINE ( 'NONE', #1901, #2638 ) ;
#787 = CLOSED_SHELL ( 'NONE', ( #1036, #1241, #2975, #1230 ) ) ;
#788 = SURFACE_SIDE_STYLE ('',( #2176 ) ) ;
#789 = FILL_AREA_STYLE ('',( #1035 ) ) ;
#790 = PRESENTATION_LAYER_ASSIGNMENT (  '', '', ( #2520 ) ) ;
#791 = AXIS2_PLACEMENT_3D ( 'NONE', #2901, #2922, #3483 ) ;
#792 = ORIENTED_EDGE ( 'NONE', *, *, #3126, .F. ) ;
#793 = CARTESIAN_POINT ( 'NONE',  ( 0.1093714993739425267, 0.06000000000000001166, 0.03553695435311932799 ) ) ;
#794 = DIRECTION ( 'NONE',  ( -0.000000000000000000, 1.000000000000000000, -0.000000000000000000 ) ) ;
#795 = CIRCLE ( 'NONE', #3225, 0.01000000000000001756 ) ;
#796 = EDGE_LOOP ( 'NONE', ( #2374, #1844 ) ) ;
#797 = CARTESIAN_POINT ( 'NONE',  ( -0.1118732162232220911, -0.01371170776356179545, 0.1790744710409900020 ) ) ;
#798 = VECTOR ( 'NONE', #255, 39.37007874015748143 ) ;
#799 = CARTESIAN_POINT ( 'NONE',  ( 0.06759530401363474106, 0.06000000000000001166, -0.09303695435311870598 ) ) ;
#800 = ADVANCED_FACE ( 'NONE', ( #2974 ), #776, .F. ) ;
#801 = CARTESIAN_POINT ( 'NONE',  ( -0.1093714993739425406, -0.9761629509039022601, -0.03553695435311934187 ) ) ;
#802 = CARTESIAN_POINT ( 'NONE',  ( -0.1093714993739428043, -0.4499999999999999556, 0.03553695435311857165 ) ) ;
#803 = EDGE_CURVE ( 'NONE', #1149, #2122, #795, .T. ) ;
#804 = VERTEX_POINT ( 'NONE', #1576 ) ;
#805 = PRESENTATION_STYLE_ASSIGNMENT (( #1114 ) ) ;
#806 = CARTESIAN_POINT ( 'NONE',  ( -0.1118732162232220911, 0.08999999999999999667, 0.1790744710409900020 ) ) ;
#807 = MANIFOLD_SOLID_BREP ( 'Body-Move/Copy1[11]', #264 ) ;
#808 = ORIENTED_EDGE ( 'NONE', *, *, #2211, .T. ) ;
#809 = DIRECTION ( 'NONE',  ( 0.000000000000000000, 0.000000000000000000, 1.000000000000000000 ) ) ;
#810 = CARTESIAN_POINT ( 'NONE',  ( 0.06759530401363408880, 0.05500000000000000028, 0.09303695435311919171 ) ) ;
#811 = ORIENTED_EDGE ( 'NONE', *, *, #33, .F. ) ;
#812 = DIRECTION ( 'NONE',  ( 0.000000000000000000, 0.000000000000000000, -1.000000000000000000 ) ) ;
#813 = DIRECTION ( 'NONE',  ( 0.000000000000000000, 0.000000000000000000, 1.000000000000000000 ) ) ;
#814 = ADVANCED_FACE ( 'NONE', ( #3476 ), #1770, .F. ) ;
#815 = DIRECTION ( 'NONE',  ( 0.000000000000000000, -1.000000000000000000, 0.000000000000000000 ) ) ;
#816 = MANIFOLD_SOLID_BREP ( 'Body-Move/Copy1[17]', #2747 ) ;
#817 =( CONVERSION_BASED_UNIT ( 'INCH', #542 ) LENGTH_UNIT ( ) NAMED_UNIT ( #3491 ) );
#818 = EDGE_CURVE ( 'NONE', #2758, #585, #1430, .T. ) ;
#819 = VERTEX_POINT ( 'NONE', #2491 ) ;
#820 = PLANE ( 'NONE',  #1402 ) ;
#821 = DIRECTION ( 'NONE',  ( 0.000000000000000000, -1.000000000000000000, 0.000000000000000000 ) ) ;
#822 = CIRCLE ( 'NONE', #528, 0.01000000000000001235 ) ;
#823 = SURFACE_SIDE_STYLE ('',( #2164 ) ) ;
#824 = ADVANCED_FACE ( 'NONE', ( #566 ), #1086, .T. ) ;
#825 = ORIENTED_EDGE ( 'NONE', *, *, #705, .T. ) ;
#826 = CIRCLE ( 'NONE', #709, 0.009250000000000009950 ) ;
#827 = ORIENTED_EDGE ( 'NONE', *, *, #2551, .T. ) ;
#828 = CIRCLE ( 'NONE', #258, 0.009250000000000009950 ) ;
#829 = CARTESIAN_POINT ( 'NONE',  ( -0.1357392175572830484, -0.01371170776356179545, 0.1617348060983619662 ) ) ;
#830 = DIRECTION ( 'NONE',  ( 0.000000000000000000, 1.000000000000000000, 0.000000000000000000 ) ) ;
#831 = AXIS2_PLACEMENT_3D ( 'NONE', #1049, #1883, #3238 ) ;
#832 = CARTESIAN_POINT ( 'NONE',  ( 8.266365894244634333E-18, 0.06000000000000001166, -0.06750000000000000444 ) ) ;
#833 = ORIENTED_EDGE ( 'NONE', *, *, #268, .F. ) ;
#834 = AXIS2_PLACEMENT_3D ( 'NONE', #1580, #2493, #809 ) ;
#835 = DIRECTION ( 'NONE',  ( 0.000000000000000000, 1.000000000000000000, 0.000000000000000000 ) ) ;
#836 = DIRECTION ( 'NONE',  ( -0.000000000000000000, 1.000000000000000000, -0.000000000000000000 ) ) ;
#837 = ORIENTED_EDGE ( 'NONE', *, *, #3424, .T. ) ;
#838 = MANIFOLD_SOLID_BREP ( 'Body-Move/Copy1[5]', #1943 ) ;
#839 = CARTESIAN_POINT ( 'NONE',  ( 0.000000000000000000, 0.1000000000000000194, 0.1699999999999999845 ) ) ;
#840 = DIRECTION ( 'NONE',  ( -0.000000000000000000, 1.000000000000000000, -0.000000000000000000 ) ) ;
#841 = VERTEX_POINT ( 'NONE', #657 ) ;
#842 = SURFACE_SIDE_STYLE ('',( #1084 ) ) ;
#843 = DIRECTION ( 'NONE',  ( -0.000000000000000000, 1.000000000000000000, -0.000000000000000000 ) ) ;
#844 = ADVANCED_FACE ( 'NONE', ( #2398 ), #2182, .F. ) ;
#845 = MANIFOLD_SOLID_BREP ( 'Body-Move/Copy1[6]', #1132 ) ;
#846 = ORIENTED_EDGE ( 'NONE', *, *, #2792, .T. ) ;
#847 = VECTOR ( 'NONE', #3375, 39.37007874015748143 ) ;
#848 = EDGE_CURVE ( 'NONE', #2827, #392, #3431, .T. ) ;
#849 = DIRECTION ( 'NONE',  ( 0.000000000000000000, 1.000000000000000000, 0.000000000000000000 ) ) ;
#850 = DIRECTION ( 'NONE',  ( 0.000000000000000000, -0.000000000000000000, -1.000000000000000000 ) ) ;
#851 = VERTEX_POINT ( 'NONE', #1506 ) ;
#852 = MANIFOLD_SOLID_BREP ( 'Body-Move/Copy1[2]', #2004 ) ;
#853 = DIRECTION ( 'NONE',  ( 0.000000000000000000, 0.000000000000000000, -1.000000000000000000 ) ) ;
#854 = FACE_OUTER_BOUND ( 'NONE', #718, .T. ) ;
#855 = FACE_OUTER_BOUND ( 'NONE', #2544, .T. ) ;
#856 = MECHANICAL_DESIGN_GEOMETRIC_PRESENTATION_REPRESENTATION (  '', ( #120 ), #560 ) ;
#857 = DIRECTION ( 'NONE',  ( 0.000000000000000000, -1.000000000000000000, 0.000000000000000000 ) ) ;
#858 = ORIENTED_EDGE ( 'NONE', *, *, #2207, .F. ) ;
#859 = CARTESIAN_POINT ( 'NONE',  ( 0.1093714993739427904, 0.06000000000000001166, -0.04553695435311857359 ) ) ;
#860 = ORIENTED_EDGE ( 'NONE', *, *, #3109, .T. ) ;
#861 = DIRECTION ( 'NONE',  ( 0.000000000000000000, 0.000000000000000000, -1.000000000000000000 ) ) ;
#862 = SURFACE_STYLE_USAGE ( .BOTH. , #2032 ) ;
#863 = ADVANCED_FACE ( 'NONE', ( #228 ), #3562, .F. ) ;
#864 = MANIFOLD_SOLID_BREP ( 'Body-Move/Copy1[16]', #3556 ) ;
#865 = CARTESIAN_POINT ( 'NONE',  ( 0.000000000000000000, 0.05000000000000000278, 0.000000000000000000 ) ) ;
#866 = ADVANCED_FACE ( 'NONE', ( #3024 ), #1043, .T. ) ;
#867 = EDGE_LOOP ( 'NONE', ( #412, #2654, #1429, #1342 ) ) ;
#868 = EDGE_LOOP ( 'NONE', ( #808, #1390 ) ) ;
#869 = CARTESIAN_POINT ( 'NONE',  ( 0.06759530401363474106, -0.4499999999999999556, -0.09303695435311873374 ) ) ;
#870 = FILL_AREA_STYLE_COLOUR ( '', #781 ) ;
#871 = ADVANCED_FACE ( 'NONE', ( #2463 ), #3532, .F. ) ;
#872 = DIRECTION ( 'NONE',  ( 0.000000000000000000, -1.000000000000000000, 0.000000000000000000 ) ) ;
#873 = ORIENTED_EDGE ( 'NONE', *, *, #3367, .F. ) ;
#874 = CARTESIAN_POINT ( 'NONE',  ( -0.1093714993739427904, 0.06000000000000001166, 0.03553695435311858553 ) ) ;
#875 = DIRECTION ( 'NONE',  ( -0.000000000000000000, 1.000000000000000000, -0.000000000000000000 ) ) ;
#876 = DIRECTION ( 'NONE',  ( 0.000000000000000000, -1.000000000000000000, 0.000000000000000000 ) ) ;
#877 = CARTESIAN_POINT ( 'NONE',  ( 0.1093714993739427904, -0.4499999999999999556, -0.03553695435311858553 ) ) ;
#878 = CARTESIAN_POINT ( 'NONE',  ( -0.1151667337270462638, 0.05000000000000000278, 0.1334192112952390097 ) ) ;
#879 = ORIENTED_EDGE ( 'NONE', *, *, #777, .F. ) ;
#880 = CARTESIAN_POINT ( 'NONE',  ( -0.09130073239298572285, 0.08999999999999999667, 0.1507588762378667402 ) ) ;
#881 = FACE_OUTER_BOUND ( 'NONE', #700, .T. ) ;
#882 = AXIS2_PLACEMENT_3D ( 'NONE', #536, #1686, #2448 ) ;
#883 = CARTESIAN_POINT ( 'NONE',  ( 0.1093714993739425267, 0.06000000000000001166, 0.03553695435311932799 ) ) ;
#884 = VERTEX_POINT ( 'NONE', #3499 ) ;
#885 = ORIENTED_EDGE ( 'NONE', *, *, #3460, .F. ) ;
#886 = CARTESIAN_POINT ( 'NONE',  ( -0.06759530401363408880, 0.05500000000000000028, -0.09303695435311920559 ) ) ;
#887 = VECTOR ( 'NONE', #561, 39.37007874015748143 ) ;
#888 = PLANE ( 'NONE',  #1817 ) ;
#889 = EDGE_LOOP ( 'NONE', ( #792, #377, #3426, #1718 ) ) ;
#890 = CIRCLE ( 'NONE', #1291, 0.06750000000000000444 ) ;
#891 = CARTESIAN_POINT ( 'NONE',  ( -3.808990695747754810E-16, 0.05500000000000000028, 0.1057500000000000245 ) ) ;
#892 = ADVANCED_FACE ( 'NONE', ( #745 ), #1306, .T. ) ;
#893 = AXIS2_PLACEMENT_3D ( 'NONE', #1663, #2991, #3557 ) ;
#894 = DIRECTION ( 'NONE',  ( 0.000000000000000000, 0.000000000000000000, -1.000000000000000000 ) ) ;
#895 = VECTOR ( 'NONE', #1267, 39.37007874015748143 ) ;
#896 = CARTESIAN_POINT ( 'NONE',  ( 0.000000000000000000, 0.2350000000000000144, 0.000000000000000000 ) ) ;
#897 = MANIFOLD_SOLID_BREP ( 'Body-Move/Copy1[20]', #907 ) ;
#898 = EDGE_CURVE ( 'NONE', #742, #2184, #1956, .T. ) ;
#899 = DIRECTION ( 'NONE',  ( -0.000000000000000000, 1.000000000000000000, -0.000000000000000000 ) ) ;
#900 = UNCERTAINTY_MEASURE_WITH_UNIT (LENGTH_MEASURE( 1.000000000000000082E-05 ), #1811, 'distance_accuracy_value', 'NONE');
#901 = EDGE_LOOP ( 'NONE', ( #195, #1735, #62, #702 ) ) ;
#902 = DIRECTION ( 'NONE',  ( 0.000000000000000000, 0.000000000000000000, 1.000000000000000000 ) ) ;
#903 = CARTESIAN_POINT ( 'NONE',  ( -0.06759530401363408880, -0.9761629509039022601, -0.1022869543531192138 ) ) ;
#904 = CARTESIAN_POINT ( 'NONE',  ( -0.06759530401363407492, 0.05000000000000000278, -0.09303695435311919171 ) ) ;
#905 = AXIS2_PLACEMENT_3D ( 'NONE', #2730, #1910, #519 ) ;
#906 = LINE ( 'NONE', #2779, #2038 ) ;
#907 = CLOSED_SHELL ( 'NONE', ( #1824, #1582, #550, #741 ) ) ;
#908 = EDGE_LOOP ( 'NONE', ( #3195, #2976 ) ) ;
#909 = ORIENTED_EDGE ( 'NONE', *, *, #1094, .T. ) ;
#910 = LENGTH_MEASURE_WITH_UNIT ( LENGTH_MEASURE( 0.02539999999999999897 ), #2843 );
#911 = AXIS2_PLACEMENT_3D ( 'NONE', #2716, #3567, #242 ) ;
#912 = DIRECTION ( 'NONE',  ( 1.224646799147354933E-16, 0.000000000000000000, -1.000000000000000000 ) ) ;
#913 = AXIS2_PLACEMENT_3D ( 'NONE', #1999, #2829, #2514 ) ;
#914 = ORIENTED_EDGE ( 'NONE', *, *, #1650, .T. ) ;
#915 = FACE_OUTER_BOUND ( 'NONE', #3096, .T. ) ;
#916 = DIRECTION ( 'NONE',  ( 0.000000000000000000, 0.000000000000000000, -1.000000000000000000 ) ) ;
#917 = EDGE_CURVE ( 'NONE', #1277, #3456, #3144, .T. ) ;
#918 = CIRCLE ( 'NONE', #1206, 0.01000000000000000021 ) ;
#919 = EDGE_CURVE ( 'NONE', #2235, #931, #3313, .T. ) ;
#920 = PLANE ( 'NONE',  #548 ) ;
#921 = MANIFOLD_SOLID_BREP ( 'Body-Move/Copy1[22]', #2068 ) ;
#922 = DIRECTION ( 'NONE',  ( 0.000000000000000000, 1.000000000000000000, 0.000000000000000000 ) ) ;
#923 = EDGE_CURVE ( 'NONE', #841, #212, #20, .T. ) ;
#924 = CIRCLE ( 'NONE', #2763, 0.009249999999999994338 ) ;
#925 = ORIENTED_EDGE ( 'NONE', *, *, #3503, .F. ) ;
#926 = DIRECTION ( 'NONE',  ( -0.000000000000000000, 1.000000000000000000, -0.000000000000000000 ) ) ;
#927 = EDGE_LOOP ( 'NONE', ( #2412, #1891 ) ) ;
#928 = DIRECTION ( 'NONE',  ( 0.000000000000000000, 0.000000000000000000, 1.000000000000000000 ) ) ;
#929 = DIRECTION ( 'NONE',  ( 0.000000000000000000, -1.000000000000000000, 0.000000000000000000 ) ) ;
#930 = CARTESIAN_POINT ( 'NONE',  ( -0.06759530401363472718, -0.4499999999999999556, 0.09303695435311874762 ) ) ;
#931 = VERTEX_POINT ( 'NONE', #806 ) ;
#932 = CARTESIAN_POINT ( 'NONE',  ( -3.948374053342880387E-16, 0.05500000000000000028, 0.1150000000000000050 ) ) ;
#933 =( LENGTH_UNIT ( ) NAMED_UNIT ( * ) SI_UNIT ( $, .METRE. ) );
#934 = ORIENTED_EDGE ( 'NONE', *, *, #128, .F. ) ;
#935 = CARTESIAN_POINT ( 'NONE',  ( 0.06759530401363411656, -0.9761629509039022601, 0.08378695435311919737 ) ) ;
#936 = DIRECTION ( 'NONE',  ( 0.000000000000000000, -1.000000000000000000, 0.000000000000000000 ) ) ;
#937 = AXIS2_PLACEMENT_3D ( 'NONE', #2669, #2142, #696 ) ;
#938 = FACE_BOUND ( 'NONE', #2445, .T. ) ;
#939 = DIRECTION ( 'NONE',  ( 0.000000000000000000, 0.000000000000000000, -1.000000000000000000 ) ) ;
#940 = EDGE_CURVE ( 'NONE', #943, #2235, #481, .T. ) ;
#941 = ORIENTED_EDGE ( 'NONE', *, *, #3283, .F. ) ;
#942 = CARTESIAN_POINT ( 'NONE',  ( -3.820318678639868079E-16, -0.4499999999999999556, 0.1150000000000000328 ) ) ;
#943 = VERTEX_POINT ( 'NONE', #1085 ) ;
#944 = FACE_OUTER_BOUND ( 'NONE', #2776, .T. ) ;
#945 = EDGE_CURVE ( 'NONE', #2617, #1825, #2163, .T. ) ;
#946 = CARTESIAN_POINT ( 'NONE',  ( -0.06759530401363407492, 0.05500000000000000028, -0.08303695435311916895 ) ) ;
#947 = ORIENTED_EDGE ( 'NONE', *, *, #1714, .T. ) ;
#948 = ORIENTED_EDGE ( 'NONE', *, *, #1650, .F. ) ;
#949 = DIRECTION ( 'NONE',  ( 0.000000000000000000, -1.000000000000000000, 0.000000000000000000 ) ) ;
#950 = DIRECTION ( 'NONE',  ( 0.000000000000000000, 1.000000000000000000, 0.000000000000000000 ) ) ;
#951 = EDGE_LOOP ( 'NONE', ( #346, #3537, #324, #1611 ) ) ;
#952 = FACE_OUTER_BOUND ( 'NONE', #2340, .T. ) ;
#953 =( LENGTH_UNIT ( ) NAMED_UNIT ( * ) SI_UNIT ( $, .METRE. ) );
#954 = AXIS2_PLACEMENT_3D ( 'NONE', #3258, #3540, #265 ) ;
#955 = CIRCLE ( 'NONE', #2342, 0.009249999999999985664 ) ;
#956 = VECTOR ( 'NONE', #3209, 39.37007874015748143 ) ;
#957 = DIRECTION ( 'NONE',  ( 0.000000000000000000, -1.000000000000000000, 0.000000000000000000 ) ) ;
#958 = CIRCLE ( 'NONE', #3493, 0.01000000000000001756 ) ;
#959 = LINE ( 'NONE', #1012, #3542 ) ;
#960 = CIRCLE ( 'NONE', #2861, 0.01000000000000000021 ) ;
#961 = VERTEX_POINT ( 'NONE', #2214 ) ;
#962 = CARTESIAN_POINT ( 'NONE',  ( 4.033744303144888427E-16, 0.06000000000000001166, -0.1250000000000000000 ) ) ;
#963 = ORIENTED_EDGE ( 'NONE', *, *, #64, .T. ) ;
#964 = DIRECTION ( 'NONE',  ( 0.000000000000000000, 0.000000000000000000, -1.000000000000000000 ) ) ;
#965 = FILL_AREA_STYLE ('',( #734 ) ) ;
#966 = ORIENTED_EDGE ( 'NONE', *, *, #2255, .F. ) ;
#967 = SURFACE_STYLE_FILL_AREA ( #3442 ) ;
#968 = ORIENTED_EDGE ( 'NONE', *, *, #647, .T. ) ;
#969 = ADVANCED_FACE ( 'NONE', ( #547 ), #2490, .T. ) ;
#970 = DIRECTION ( 'NONE',  ( -0.000000000000000000, 1.000000000000000000, -0.000000000000000000 ) ) ;
#971 = ORIENTED_EDGE ( 'NONE', *, *, #546, .F. ) ;
#972 = EDGE_CURVE ( 'NONE', #1513, #1554, #478, .T. ) ;
#973 = CIRCLE ( 'NONE', #3217, 0.01000000000000001235 ) ;
#974 = CARTESIAN_POINT ( 'NONE',  ( -0.06759530401363472718, 0.05000000000000000278, 0.1030369543531187565 ) ) ;
#975 = STYLED_ITEM ( 'NONE', ( #197 ), #2105 ) ;
#976 = VECTOR ( 'NONE', #3083, 39.37007874015748143 ) ;
#977 = DIRECTION ( 'NONE',  ( 0.000000000000000000, -1.000000000000000000, 0.000000000000000000 ) ) ;
#978 = LINE ( 'NONE', #680, #956 ) ;
#979 = UNCERTAINTY_MEASURE_WITH_UNIT (LENGTH_MEASURE( 1.000000000000000082E-05 ), #2820, 'distance_accuracy_value', 'NONE');
#980 = ORIENTED_EDGE ( 'NONE', *, *, #189, .T. ) ;
#981 = CARTESIAN_POINT ( 'NONE',  ( -0.1093714993739427904, 0.06000000000000001166, 0.02553695435311858358 ) ) ;
#982 = ORIENTED_EDGE ( 'NONE', *, *, #3536, .T. ) ;
#983 = FILL_AREA_STYLE ('',( #148 ) ) ;
#984 = LINE ( 'NONE', #3167, #3265 ) ;
#985 = ORIENTED_EDGE ( 'NONE', *, *, #3563, .F. ) ;
#986 = LENGTH_MEASURE_WITH_UNIT ( LENGTH_MEASURE( 0.02539999999999999897 ), #2893 );
#987 = EDGE_CURVE ( 'NONE', #1056, #1433, #1888, .T. ) ;
#988 = CIRCLE ( 'NONE', #1495, 0.01000000000000001235 ) ;
#989 = FILL_AREA_STYLE_COLOUR ( '', #2532 ) ;
#990 = ADVANCED_FACE ( 'NONE', ( #1596 ), #1904, .F. ) ;
#991 = SURFACE_STYLE_USAGE ( .BOTH. , #1280 ) ;
#992 = EDGE_LOOP ( 'NONE', ( #3478, #885, #2689, #3554 ) ) ;
#993 = FACE_OUTER_BOUND ( 'NONE', #3134, .T. ) ;
#994 = PRESENTATION_STYLE_ASSIGNMENT (( #3141 ) ) ;
#995 = EDGE_CURVE ( 'NONE', #2802, #285, #237, .T. ) ;
#996 = CARTESIAN_POINT ( 'NONE',  ( -0.1151667337270464303, 0.08999999999999999667, 0.1334192112952388154 ) ) ;
#997 = CARTESIAN_POINT ( 'NONE',  ( -0.06759530401363472718, 0.06000000000000001166, 0.08303695435311872486 ) ) ;
#998 = EDGE_LOOP ( 'NONE', ( #193, #516, #1846, #405 ) ) ;
#999 = FACE_OUTER_BOUND ( 'NONE', #3166, .T. ) ;
#1000 = ORIENTED_EDGE ( 'NONE', *, *, #1510, .T. ) ;
#1001 = CARTESIAN_POINT ( 'NONE',  ( -0.06759530401363472718, 0.06000000000000001166, 0.09303695435311874762 ) ) ;
#1002 =( NAMED_UNIT ( * ) PLANE_ANGLE_UNIT ( ) SI_UNIT ( $, .RADIAN. ) );
#1003 = ORIENTED_EDGE ( 'NONE', *, *, #2858, .T. ) ;
#1004 = CARTESIAN_POINT ( 'NONE',  ( 0.1093714993739427904, 0.06000000000000001166, -0.03553695435311857165 ) ) ;
#1005 = EDGE_LOOP ( 'NONE', ( #2307, #1758, #371, #1533 ) ) ;
#1006 = CARTESIAN_POINT ( 'NONE',  ( -0.1093714993739428043, -0.9761629509039022601, 0.02628695435311858425 ) ) ;
#1007 =( NAMED_UNIT ( * ) PLANE_ANGLE_UNIT ( ) SI_UNIT ( $, .RADIAN. ) );
#1008 = CARTESIAN_POINT ( 'NONE',  ( 0.1093714993739427904, 0.05500000000000000028, -0.04478695435311857292 ) ) ;
#1009 = AXIS2_PLACEMENT_3D ( 'NONE', #1427, #100, #668 ) ;
#1010 = DIRECTION ( 'NONE',  ( 0.000000000000000000, -0.000000000000000000, 1.000000000000000000 ) ) ;
#1011 = EDGE_CURVE ( 'NONE', #3572, #2613, #26, .T. ) ;
#1012 = CARTESIAN_POINT ( 'NONE',  ( 3.884346365991374479E-16, -0.9761629509039022601, -0.1057500000000000107 ) ) ;
#1013 = AXIS2_PLACEMENT_3D ( 'NONE', #3086, #922, #2794 ) ;
#1014 = ORIENTED_EDGE ( 'NONE', *, *, #2227, .T. ) ;
#1015 = DIRECTION ( 'NONE',  ( 0.000000000000000000, 0.000000000000000000, -1.000000000000000000 ) ) ;
#1016 = ORIENTED_EDGE ( 'NONE', *, *, #995, .F. ) ;
#1017 = AXIS2_PLACEMENT_3D ( 'NONE', #55, #1716, #1457 ) ;
#1018 = DIRECTION ( 'NONE',  ( 0.000000000000000000, 0.000000000000000000, -1.000000000000000000 ) ) ;
#1019 = AXIS2_PLACEMENT_3D ( 'NONE', #2346, #2076, #3174 ) ;
#1020 = APPLICATION_CONTEXT ( 'automotive_design' ) ;
#1021 = ORIENTED_EDGE ( 'NONE', *, *, #3322, .F. ) ;
#1022 = AXIS2_PLACEMENT_3D ( 'NONE', #3430, #1784, #2882 ) ;
#1023 = PRESENTATION_STYLE_ASSIGNMENT (( #991 ) ) ;
#1024 = ORIENTED_EDGE ( 'NONE', *, *, #2814, .T. ) ;
#1025 = CYLINDRICAL_SURFACE ( 'NONE', #1994, 0.01000000000000001235 ) ;
#1026 = DIRECTION ( 'NONE',  ( -0.000000000000000000, 1.000000000000000000, -0.000000000000000000 ) ) ;
#1027 = CYLINDRICAL_SURFACE ( 'NONE', #791, 0.009999999999999995004 ) ;
#1028 = PLANE ( 'NONE',  #1254 ) ;
#1029 = ADVANCED_FACE ( 'NONE', ( #1366 ), #2148, .F. ) ;
#1030 = ORIENTED_EDGE ( 'NONE', *, *, #209, .F. ) ;
#1031 = DIRECTION ( 'NONE',  ( -0.000000000000000000, -1.000000000000000000, -0.000000000000000000 ) ) ;
#1032 = MECHANICAL_DESIGN_GEOMETRIC_PRESENTATION_REPRESENTATION (  '', ( #270 ), #3048 ) ;
#1033 = VERTEX_POINT ( 'NONE', #1318 ) ;
#1034 = CARTESIAN_POINT ( 'NONE',  ( 4.033744303144888427E-16, 0.05500000000000000028, -0.1149999999999999911 ) ) ;
#1035 = FILL_AREA_STYLE_COLOUR ( '', #1184 ) ;
#1036 = ADVANCED_FACE ( 'NONE', ( #1645 ), #2180, .T. ) ;
#1037 = EDGE_LOOP ( 'NONE', ( #1997, #714 ) ) ;
#1038 = CARTESIAN_POINT ( 'NONE',  ( -0.1093714993739428043, 0.05500000000000000028, 0.04478695435311856599 ) ) ;
#1039 = STYLED_ITEM ( 'NONE', ( #2862 ), #2008 ) ;
#1040 = EDGE_LOOP ( 'NONE', ( #1222, #479, #1172, #369 ) ) ;
#1041 = COLOUR_RGB ( '',0.7921568627450980005, 0.8196078431372548767, 0.9333333333333333481 ) ;
#1042 = DIRECTION ( 'NONE',  ( 0.000000000000000000, 0.000000000000000000, -1.000000000000000000 ) ) ;
#1043 = CYLINDRICAL_SURFACE ( 'NONE', #1640, 0.009249999999999985664 ) ;
#1044 = LINE ( 'NONE', #3500, #1077 ) ;
#1045 = LINE ( 'NONE', #3271, #1605 ) ;
#1046 = ORIENTED_EDGE ( 'NONE', *, *, #2294, .T. ) ;
#1047 = DIRECTION ( 'NONE',  ( 0.000000000000000000, -0.000000000000000000, -1.000000000000000000 ) ) ;
#1048 = FACE_OUTER_BOUND ( 'NONE', #3559, .T. ) ;
#1049 = CARTESIAN_POINT ( 'NONE',  ( -3.820318678639868079E-16, -0.4499999999999999556, 0.1150000000000000328 ) ) ;
#1050 = ADVANCED_FACE ( 'NONE', ( #2762 ), #2198, .T. ) ;
#1051 = ORIENTED_EDGE ( 'NONE', *, *, #3528, .T. ) ;
#1052 = DIRECTION ( 'NONE',  ( 0.000000000000000000, 0.000000000000000000, 1.000000000000000000 ) ) ;
#1053 = EDGE_CURVE ( 'NONE', #1397, #1300, #3440, .T. ) ;
#1054 = SURFACE_STYLE_USAGE ( .BOTH. , #2869 ) ;
#1055 = CARTESIAN_POINT ( 'NONE',  ( 3.884346365991374479E-16, 0.05500000000000000028, -0.1150000000000000189 ) ) ;
#1056 = VERTEX_POINT ( 'NONE', #2474 ) ;
#1057 = DIRECTION ( 'NONE',  ( 0.000000000000000000, -1.000000000000000000, 0.000000000000000000 ) ) ;
#1058 = FILL_AREA_STYLE_COLOUR ( '', #2757 ) ;
#1059 = DIRECTION ( 'NONE',  ( 0.000000000000000000, -1.000000000000000000, 0.000000000000000000 ) ) ;
#1060 = DIRECTION ( 'NONE',  ( -0.000000000000000000, -1.000000000000000000, -0.000000000000000000 ) ) ;
#1061 = DIRECTION ( 'NONE',  ( -0.000000000000000000, 1.000000000000000000, -0.000000000000000000 ) ) ;
#1062 = SURFACE_STYLE_FILL_AREA ( #789 ) ;
#1063 = PRESENTATION_LAYER_ASSIGNMENT (  '', '', ( #2621 ) ) ;
#1064 = VERTEX_POINT ( 'NONE', #1330 ) ;
#1065 = FILL_AREA_STYLE ('',( #283 ) ) ;
#1066 = AXIS2_PLACEMENT_3D ( 'NONE', #2874, #645, #1398 ) ;
#1067 = DIRECTION ( 'NONE',  ( -0.000000000000000000, 1.000000000000000000, -0.000000000000000000 ) ) ;
#1068 = VECTOR ( 'NONE', #843, 39.37007874015748143 ) ;
#1069 = EDGE_CURVE ( 'NONE', #403, #1789, #2724, .T. ) ;
#1070 = CIRCLE ( 'NONE', #1022, 0.01000000000000001235 ) ;
#1071 = VERTEX_POINT ( 'NONE', #3007 ) ;
#1072 = VERTEX_POINT ( 'NONE', #514 ) ;
#1073 = PLANE ( 'NONE',  #1436 ) ;
#1074 = SURFACE_STYLE_USAGE ( .BOTH. , #2415 ) ;
#1075 = EDGE_CURVE ( 'NONE', #178, #3227, #1628, .T. ) ;
#1076 = CARTESIAN_POINT ( 'NONE',  ( 0.000000000000000000, 0.08999999999999999667, 0.000000000000000000 ) ) ;
#1077 = VECTOR ( 'NONE', #1026, 39.37007874015748143 ) ;
#1078 = DIRECTION ( 'NONE',  ( -0.8090169943749463410, 0.000000000000000000, -0.5877852522924745804 ) ) ;
#1079 = AXIS2_PLACEMENT_3D ( 'NONE', #599, #72, #2554 ) ;
#1080 = CARTESIAN_POINT ( 'NONE',  ( -0.1093714993739427904, 0.05500000000000000028, 0.03553695435311858553 ) ) ;
#1081 = VECTOR ( 'NONE', #458, 39.37007874015748143 ) ;
#1082 = CIRCLE ( 'NONE', #2302, 0.01000000000000000021 ) ;
#1083 = ORIENTED_EDGE ( 'NONE', *, *, #2458, .T. ) ;
#1084 = SURFACE_STYLE_FILL_AREA ( #1065 ) ;
#1085 = CARTESIAN_POINT ( 'NONE',  ( -0.09130073239298550081, 0.05000000000000000278, 0.1507588762378668235 ) ) ;
#1086 = TOROIDAL_SURFACE ( 'NONE', #1839, 0.1499999999999999944, 0.01000000000000000021 ) ;
#1087 = AXIS2_PLACEMENT_3D ( 'NONE', #2821, #2285, #3386 ) ;
#1088 = VERTEX_POINT ( 'NONE', #605 ) ;
#1089 = DIRECTION ( 'NONE',  ( 0.000000000000000000, 0.000000000000000000, -1.000000000000000000 ) ) ;
#1090 = ADVANCED_FACE ( 'NONE', ( #1190 ), #1422, .F. ) ;
#1091 = CIRCLE ( 'NONE', #2475, 0.1600000000000000033 ) ;
#1092 = PLANE ( 'NONE',  #2632 ) ;
#1093 = CARTESIAN_POINT ( 'NONE',  ( -0.1093714993739427904, 0.06000000000000001166, 0.03553695435311858553 ) ) ;
#1094 = EDGE_CURVE ( 'NONE', #3091, #2477, #2031, .T. ) ;
#1095 = DIRECTION ( 'NONE',  ( 0.000000000000000000, 0.000000000000000000, 1.000000000000000000 ) ) ;
#1096 = DIRECTION ( 'NONE',  ( -0.000000000000000000, 1.000000000000000000, -0.000000000000000000 ) ) ;
#1097 = FACE_OUTER_BOUND ( 'NONE', #3307, .T. ) ;
#1098 = ORIENTED_EDGE ( 'NONE', *, *, #1388, .F. ) ;
#1099 = CARTESIAN_POINT ( 'NONE',  ( -0.06759530401363407492, 0.05500000000000000028, -0.1030369543531192006 ) ) ;
#1100 = AXIS2_PLACEMENT_3D ( 'NONE', #475, #2422, #1047 ) ;
#1101 = EDGE_LOOP ( 'NONE', ( #3504, #2481 ) ) ;
#1102 = ORIENTED_EDGE ( 'NONE', *, *, #2551, .F. ) ;
#1103 = DIRECTION ( 'NONE',  ( -0.5877852522924745804, 0.000000000000000000, 0.8090169943749464521 ) ) ;
#1104 = FILL_AREA_STYLE ('',( #19 ) ) ;
#1105 = DIRECTION ( 'NONE',  ( 0.000000000000000000, -1.000000000000000000, 0.000000000000000000 ) ) ;
#1106 = EDGE_LOOP ( 'NONE', ( #1557, #2989 ) ) ;
#1107 = DIRECTION ( 'NONE',  ( 0.000000000000000000, 0.000000000000000000, -1.000000000000000000 ) ) ;
#1108 = CARTESIAN_POINT ( 'NONE',  ( 0.06759530401363411656, 0.05500000000000000028, 0.09303695435311920559 ) ) ;
#1109 = ADVANCED_FACE ( 'NONE', ( #2799 ), #2282, .F. ) ;
#1110 = DIRECTION ( 'NONE',  ( 0.000000000000000000, 0.000000000000000000, -1.000000000000000000 ) ) ;
#1111 =( NAMED_UNIT ( * ) PLANE_ANGLE_UNIT ( ) SI_UNIT ( $, .RADIAN. ) );
#1112 = EDGE_CURVE ( 'NONE', #1749, #2751, #3329, .T. ) ;
#1113 = VERTEX_POINT ( 'NONE', #57 ) ;
#1114 = SURFACE_STYLE_USAGE ( .BOTH. , #842 ) ;
#1115 = CARTESIAN_POINT ( 'NONE',  ( 0.1093714993739425267, 0.06000000000000001166, 0.03553695435311932799 ) ) ;
#1116 = AXIS2_PLACEMENT_3D ( 'NONE', #301, #117, #2325 ) ;
#1117 = AXIS2_PLACEMENT_3D ( 'NONE', #2774, #2263, #1417 ) ;
#1118 = ORIENTED_EDGE ( 'NONE', *, *, #2842, .F. ) ;
#1119 = AXIS2_PLACEMENT_3D ( 'NONE', #372, #3114, #3361 ) ;
#1120 = CARTESIAN_POINT ( 'NONE',  ( -0.1093714993739428043, -0.4499999999999999556, 0.02628695435311858425 ) ) ;
#1121 = DIRECTION ( 'NONE',  ( 0.000000000000000000, 0.000000000000000000, 1.000000000000000000 ) ) ;
#1122 = CIRCLE ( 'NONE', #3384, 0.009249999999999985664 ) ;
#1123 = DIRECTION ( 'NONE',  ( 0.000000000000000000, -1.000000000000000000, 0.000000000000000000 ) ) ;
#1124 = EDGE_LOOP ( 'NONE', ( #1743, #1857, #914, #2371 ) ) ;
#1125 = CARTESIAN_POINT ( 'NONE',  ( -3.948374053342880387E-16, 0.06000000000000001166, 0.1150000000000000050 ) ) ;
#1126 = FACE_OUTER_BOUND ( 'NONE', #3135, .T. ) ;
#1127 = ADVANCED_FACE ( 'NONE', ( #98 ), #2303, .T. ) ;
#1128 = CARTESIAN_POINT ( 'NONE',  ( 3.884346365991374479E-16, -0.9761629509039022601, -0.1150000000000000189 ) ) ;
#1129 = DIRECTION ( 'NONE',  ( 0.000000000000000000, -1.000000000000000000, 0.000000000000000000 ) ) ;
#1130 = ORIENTED_EDGE ( 'NONE', *, *, #3398, .T. ) ;
#1131 = DIRECTION ( 'NONE',  ( -0.000000000000000000, -1.000000000000000000, -0.000000000000000000 ) ) ;
#1132 = CLOSED_SHELL ( 'NONE', ( #2229, #2331, #3330, #1281 ) ) ;
#1133 = PLANE ( 'NONE',  #774 ) ;
#1134 = EDGE_CURVE ( 'NONE', #2146, #1852, #717, .T. ) ;
#1135 = CIRCLE ( 'NONE', #497, 0.009250000000000009950 ) ;
#1136 =( GEOMETRIC_REPRESENTATION_CONTEXT ( 3 ) GLOBAL_UNCERTAINTY_ASSIGNED_CONTEXT ( ( #351 ) ) GLOBAL_UNIT_ASSIGNED_CONTEXT ( ( #2891, #1572, #716 ) ) REPRESENTATION_CONTEXT ( 'NONE', 'WORKASPACE' ) );
#1137 = LINE ( 'NONE', #2252, #1286 ) ;
#1138 = ORIENTED_EDGE ( 'NONE', *, *, #588, .F. ) ;
#1139 = ORIENTED_EDGE ( 'NONE', *, *, #570, .F. ) ;
#1140 = CIRCLE ( 'NONE', #1948, 0.009250000000000009950 ) ;
#1141 = CARTESIAN_POINT ( 'NONE',  ( 0.06759530401363411656, -0.4499999999999999556, 0.09303695435311920559 ) ) ;
#1142 = CARTESIAN_POINT ( 'NONE',  ( -0.1093714993739427904, 0.06000000000000001166, 0.04553695435311858747 ) ) ;
#1143 = EDGE_LOOP ( 'NONE', ( #670, #495, #3248, #1219 ) ) ;
#1144 = CARTESIAN_POINT ( 'NONE',  ( 0.000000000000000000, 0.08999999999999999667, 0.000000000000000000 ) ) ;
#1145 = DIRECTION ( 'NONE',  ( 0.000000000000000000, 0.000000000000000000, -1.000000000000000000 ) ) ;
#1146 = DIRECTION ( 'NONE',  ( 0.000000000000000000, 1.000000000000000000, 0.000000000000000000 ) ) ;
#1147 = FACE_OUTER_BOUND ( 'NONE', #3447, .T. ) ;
#1148 = PRODUCT_DEFINITION_CONTEXT ( 'detailed design', #2314, 'design' ) ;
#1149 = VERTEX_POINT ( 'NONE', #3129 ) ;
#1150 = FACE_OUTER_BOUND ( 'NONE', #1456, .T. ) ;
#1151 = ORIENTED_EDGE ( 'NONE', *, *, #1733, .T. ) ;
#1152 = EDGE_CURVE ( 'NONE', #3315, #1649, #2914, .T. ) ;
#1153 = DIRECTION ( 'NONE',  ( 0.000000000000000000, 0.000000000000000000, 1.000000000000000000 ) ) ;
#1154 = CARTESIAN_POINT ( 'NONE',  ( 0.000000000000000000, 0.2250000000000000611, 0.1499999999999999944 ) ) ;
#1155 = EDGE_LOOP ( 'NONE', ( #342, #2880, #3036, #721 ) ) ;
#1156 = VERTEX_POINT ( 'NONE', #2541 ) ;
#1157 = EDGE_CURVE ( 'NONE', #1481, #1749, #2564, .T. ) ;
#1158 =( CONVERSION_BASED_UNIT ( 'INCH', #587 ) LENGTH_UNIT ( ) NAMED_UNIT ( #521 ) );
#1159 = CARTESIAN_POINT ( 'NONE',  ( 0.1093714993739425267, 0.05000000000000000278, 0.04553695435311932993 ) ) ;
#1160 = EDGE_LOOP ( 'NONE', ( #2470, #2845 ) ) ;
#1161 = EDGE_CURVE ( 'NONE', #2184, #323, #354, .T. ) ;
#1162 = CARTESIAN_POINT ( 'NONE',  ( 4.033744303144888427E-16, 0.05000000000000000278, -0.1250000000000000000 ) ) ;
#1163 = DIRECTION ( 'NONE',  ( 0.000000000000000000, -1.000000000000000000, 0.000000000000000000 ) ) ;
#1164 = PLANE ( 'NONE',  #2462 ) ;
#1165 = CYLINDRICAL_SURFACE ( 'NONE', #1403, 0.01000000000000001235 ) ;
#1166 = CYLINDRICAL_SURFACE ( 'NONE', #3566, 0.009249999999999994338 ) ;
#1167 = EDGE_LOOP ( 'NONE', ( #3006, #1439 ) ) ;
#1168 = DIRECTION ( 'NONE',  ( 0.000000000000000000, -0.000000000000000000, -1.000000000000000000 ) ) ;
#1169 = FACE_OUTER_BOUND ( 'NONE', #1385, .T. ) ;
#1170 = DIRECTION ( 'NONE',  ( -0.000000000000000000, -1.000000000000000000, -0.000000000000000000 ) ) ;
#1171 = ORIENTED_EDGE ( 'NONE', *, *, #898, .F. ) ;
#1172 = ORIENTED_EDGE ( 'NONE', *, *, #2864, .T. ) ;
#1173 = EDGE_CURVE ( 'NONE', #1033, #3275, #3054, .T. ) ;
#1174 = CYLINDRICAL_SURFACE ( 'NONE', #2424, 0.01000000000000001235 ) ;
#1175 = EDGE_CURVE ( 'NONE', #1056, #2440, #1952, .T. ) ;
#1176 = AXIS2_PLACEMENT_3D ( 'NONE', #2972, #3573, #1052 ) ;
#1177 = CARTESIAN_POINT ( 'NONE',  ( -0.06759530401363472718, 0.05500000000000000028, 0.1030369543531187565 ) ) ;
#1178 = EDGE_LOOP ( 'NONE', ( #360, #432, #2259, #2378 ) ) ;
#1179 = VECTOR ( 'NONE', #926, 39.37007874015748143 ) ;
#1180 = FACE_OUTER_BOUND ( 'NONE', #2421, .T. ) ;
#1181 = VECTOR ( 'NONE', #794, 39.37007874015748143 ) ;
#1182 = CARTESIAN_POINT ( 'NONE',  ( -0.06759530401363408880, -0.9761629509039022601, -0.08378695435311919737 ) ) ;
#1183 = ADVANCED_FACE ( 'NONE', ( #1169 ), #1719, .F. ) ;
#1184 = COLOUR_RGB ( '',0.7921568627450980005, 0.8196078431372548767, 0.9333333333333333481 ) ;
#1185 = AXIS2_PLACEMENT_3D ( 'NONE', #3415, #69, #398 ) ;
#1186 = FACE_BOUND ( 'NONE', #2513, .T. ) ;
#1187 = CARTESIAN_POINT ( 'NONE',  ( 0.000000000000000000, -8.537024980200822558E-18, 0.06750000000000000444 ) ) ;
#1188 = ORIENTED_EDGE ( 'NONE', *, *, #1954, .T. ) ;
#1189 = PLANE ( 'NONE',  #1465 ) ;
#1190 = FACE_OUTER_BOUND ( 'NONE', #1040, .T. ) ;
#1191 = FILL_AREA_STYLE ('',( #1400 ) ) ;
#1192 = DIRECTION ( 'NONE',  ( 0.000000000000000000, -0.000000000000000000, -1.000000000000000000 ) ) ;
#1193 = AXIS2_PLACEMENT_3D ( 'NONE', #241, #3231, #190 ) ;
#1194 = PLANE ( 'NONE',  #3312 ) ;
#1195 = CLOSED_SHELL ( 'NONE', ( #58, #86, #529, #2002 ) ) ;
#1196 = EDGE_LOOP ( 'NONE', ( #2529, #1953 ) ) ;
#1197 = EDGE_LOOP ( 'NONE', ( #3351, #2373, #1754, #2231 ) ) ;
#1198 = CARTESIAN_POINT ( 'NONE',  ( 0.000000000000000000, 0.05000000000000000278, 0.000000000000000000 ) ) ;
#1199 = CIRCLE ( 'NONE', #911, 0.01000000000000001235 ) ;
#1200 = CARTESIAN_POINT ( 'NONE',  ( -0.06759530401363472718, 0.05500000000000000028, 0.09303695435311874762 ) ) ;
#1201 = COLOUR_RGB ( '',0.7921568627450980005, 0.8196078431372548767, 0.9333333333333333481 ) ;
#1202 = ORIENTED_EDGE ( 'NONE', *, *, #2207, .T. ) ;
#1203 = PRESENTATION_LAYER_ASSIGNMENT (  '', '', ( #2192 ) ) ;
#1204 = EDGE_CURVE ( 'NONE', #3275, #105, #828, .T. ) ;
#1205 = CARTESIAN_POINT ( 'NONE',  ( 0.000000000000000000, 0.08999999999999999667, 0.000000000000000000 ) ) ;
#1206 = AXIS2_PLACEMENT_3D ( 'NONE', #2383, #723, #3533 ) ;
#1207 = FACE_BOUND ( 'NONE', #3496, .T. ) ;
#1208 = ADVANCED_FACE ( 'NONE', ( #2581 ), #1679, .T. ) ;
#1209 = VECTOR ( 'NONE', #849, 39.37007874015748143 ) ;
#1210 = DIRECTION ( 'NONE',  ( 0.000000000000000000, 0.000000000000000000, -1.000000000000000000 ) ) ;
#1211 = AXIS2_PLACEMENT_3D ( 'NONE', #1795, #1279, #2128 ) ;
#1212 = EDGE_LOOP ( 'NONE', ( #1348, #2578, #3298, #454 ) ) ;
#1213 = CARTESIAN_POINT ( 'NONE',  ( 0.000000000000000000, 0.06000000000000001166, -0.06750000000000000444 ) ) ;
#1214 = CYLINDRICAL_SURFACE ( 'NONE', #482, 0.01000000000000001235 ) ;
#1215 =( CONVERSION_BASED_UNIT ( 'INCH', #1967 ) LENGTH_UNIT ( ) NAMED_UNIT ( #764 ) );
#1216 = DIRECTION ( 'NONE',  ( -0.000000000000000000, 1.000000000000000000, -0.000000000000000000 ) ) ;
#1217 = CARTESIAN_POINT ( 'NONE',  ( 0.06759530401363408880, 0.06000000000000001166, 0.1030369543531192006 ) ) ;
#1218 = EDGE_LOOP ( 'NONE', ( #296, #2472, #3358, #2866 ) ) ;
#1219 = ORIENTED_EDGE ( 'NONE', *, *, #2767, .F. ) ;
#1220 = DIRECTION ( 'NONE',  ( 0.000000000000000000, -0.000000000000000000, -1.000000000000000000 ) ) ;
#1221 = CARTESIAN_POINT ( 'NONE',  ( -0.06759530401363408880, -0.9761629509039022601, -0.09303695435311920559 ) ) ;
#1222 = ORIENTED_EDGE ( 'NONE', *, *, #1245, .F. ) ;
#1223 = CYLINDRICAL_SURFACE ( 'NONE', #2568, 0.01000000000000001235 ) ;
#1224 = AXIS2_PLACEMENT_3D ( 'NONE', #3161, #1529, #939 ) ;
#1225 = EDGE_CURVE ( 'NONE', #1852, #2146, #2981, .T. ) ;
#1226 = ORIENTED_EDGE ( 'NONE', *, *, #2571, .T. ) ;
#1227 = DIRECTION ( 'NONE',  ( 0.000000000000000000, 0.000000000000000000, 1.000000000000000000 ) ) ;
#1228 = CARTESIAN_POINT ( 'NONE',  ( 0.06759530401363408880, 0.06000000000000001166, 0.09303695435311919171 ) ) ;
#1229 = CARTESIAN_POINT ( 'NONE',  ( -0.06759530401363407492, 0.05500000000000000028, -0.09303695435311919171 ) ) ;
#1230 = ADVANCED_FACE ( 'NONE', ( #881 ), #1133, .F. ) ;
#1231 = VERTEX_POINT ( 'NONE', #732 ) ;
#1232 = VERTEX_POINT ( 'NONE', #2947 ) ;
#1233 = AXIS2_PLACEMENT_3D ( 'NONE', #3390, #136, #3156 ) ;
#1234 = CARTESIAN_POINT ( 'NONE',  ( 0.1093714993739427904, 0.06000000000000001166, -0.03553695435311857165 ) ) ;
#1235 = ORIENTED_EDGE ( 'NONE', *, *, #1664, .T. ) ;
#1236 = CYLINDRICAL_SURFACE ( 'NONE', #1019, 0.01000000000000001235 ) ;
#1237 = AXIS2_PLACEMENT_3D ( 'NONE', #499, #236, #3295 ) ;
#1238 = CIRCLE ( 'NONE', #2057, 0.009249999999999985664 ) ;
#1239 = VECTOR ( 'NONE', #3172, 39.37007874015748143 ) ;
#1240 = FACE_OUTER_BOUND ( 'NONE', #214, .T. ) ;
#1241 = ADVANCED_FACE ( 'NONE', ( #944 ), #1214, .T. ) ;
#1242 = ORIENTED_EDGE ( 'NONE', *, *, #1781, .T. ) ;
#1243 = DIRECTION ( 'NONE',  ( 0.000000000000000000, -1.000000000000000000, 0.000000000000000000 ) ) ;
#1244 = ORIENTED_EDGE ( 'NONE', *, *, #1380, .T. ) ;
#1245 = EDGE_CURVE ( 'NONE', #2873, #460, #150, .T. ) ;
#1246 = FACE_OUTER_BOUND ( 'NONE', #1949, .T. ) ;
#1247 = MECHANICAL_DESIGN_GEOMETRIC_PRESENTATION_REPRESENTATION (  '', ( #2450 ), #1585 ) ;
#1248 = CARTESIAN_POINT ( 'NONE',  ( 1.959434878635765415E-17, 0.8725483399593904066, 0.1600000000000000033 ) ) ;
#1249 = ORIENTED_EDGE ( 'NONE', *, *, #1973, .F. ) ;
#1250 = EDGE_CURVE ( 'NONE', #2220, #403, #535, .T. ) ;
#1251 =( NAMED_UNIT ( * ) SI_UNIT ( $, .STERADIAN. ) SOLID_ANGLE_UNIT ( ) );
#1252 = EDGE_LOOP ( 'NONE', ( #1275, #2178, #2652, #1989 ) ) ;
#1253 = DIRECTION ( 'NONE',  ( 0.000000000000000000, 0.000000000000000000, 1.000000000000000000 ) ) ;
#1254 = AXIS2_PLACEMENT_3D ( 'NONE', #1635, #2140, #540 ) ;
#1255 = COLOUR_RGB ( '',0.2509803921568627416, 0.2509803921568627416, 0.2509803921568627416 ) ;
#1256 = CARTESIAN_POINT ( 'NONE',  ( -0.1093714993739425406, 0.05000000000000000278, -0.04553695435311935075 ) ) ;
#1257 = AXIS2_PLACEMENT_3D ( 'NONE', #1583, #1895, #2701 ) ;
#1258 = ORIENTED_EDGE ( 'NONE', *, *, #509, .F. ) ;
#1259 = DIRECTION ( 'NONE',  ( 0.000000000000000000, 0.000000000000000000, 1.000000000000000000 ) ) ;
#1260 = ORIENTED_EDGE ( 'NONE', *, *, #1622, .F. ) ;
#1261 = FACE_OUTER_BOUND ( 'NONE', #610, .T. ) ;
#1262 = SURFACE_STYLE_USAGE ( .BOTH. , #3182 ) ;
#1263 = ORIENTED_EDGE ( 'NONE', *, *, #1442, .F. ) ;
#1264 = FILL_AREA_STYLE ('',( #2129 ) ) ;
#1265 = EDGE_CURVE ( 'NONE', #3463, #3152, #2113, .T. ) ;
#1266 = ORIENTED_EDGE ( 'NONE', *, *, #3352, .F. ) ;
#1267 = DIRECTION ( 'NONE',  ( -0.000000000000000000, -1.000000000000000000, -0.000000000000000000 ) ) ;
#1268 = CARTESIAN_POINT ( 'NONE',  ( 0.000000000000000000, 0.2250000000000000611, 0.000000000000000000 ) ) ;
#1269 = CARTESIAN_POINT ( 'NONE',  ( -0.06759530401363472718, 0.06000000000000001166, 0.09303695435311874762 ) ) ;
#1270 = PLANE ( 'NONE',  #2007 ) ;
#1271 = DIRECTION ( 'NONE',  ( 0.000000000000000000, 1.000000000000000000, 0.000000000000000000 ) ) ;
#1272 = AXIS2_PLACEMENT_3D ( 'NONE', #2369, #2330, #707 ) ;
#1273 = ORIENTED_EDGE ( 'NONE', *, *, #1053, .F. ) ;
#1274 = CARTESIAN_POINT ( 'NONE',  ( -0.06759530401363472718, -0.9761629509039022601, 0.09303695435311874762 ) ) ;
#1275 = ORIENTED_EDGE ( 'NONE', *, *, #1415, .F. ) ;
#1276 = APPLICATION_PROTOCOL_DEFINITION ( 'draft international standard', 'automotive_design', 1998, #1020 ) ;
#1277 = VERTEX_POINT ( 'NONE', #2927 ) ;
#1278 = SURFACE_STYLE_USAGE ( .BOTH. , #2375 ) ;
#1279 = DIRECTION ( 'NONE',  ( 0.000000000000000000, 1.000000000000000000, 0.000000000000000000 ) ) ;
#1280 = SURFACE_SIDE_STYLE ('',( #2895 ) ) ;
#1281 = ADVANCED_FACE ( 'NONE', ( #1261 ), #3472, .F. ) ;
#1282 = ORIENTED_EDGE ( 'NONE', *, *, #3244, .T. ) ;
#1283 = FACE_OUTER_BOUND ( 'NONE', #3033, .T. ) ;
#1284 = ADVANCED_FACE ( 'NONE', ( #47 ), #752, .T. ) ;
#1285 = LINE ( 'NONE', #2399, #2459 ) ;
#1286 = VECTOR ( 'NONE', #1742, 39.37007874015748143 ) ;
#1287 = CARTESIAN_POINT ( 'NONE',  ( -0.1151667337270462638, 0.08999999999999999667, 0.1334192112952390097 ) ) ;
#1288 = EDGE_CURVE ( 'NONE', #2335, #3091, #2287, .T. ) ;
#1289 = CARTESIAN_POINT ( 'NONE',  ( 0.000000000000000000, -8.537024980200822558E-18, 0.000000000000000000 ) ) ;
#1290 = DIMENSIONAL_EXPONENTS ( 1.000000000000000000, 0.000000000000000000, 0.000000000000000000, 0.000000000000000000, 0.000000000000000000, 0.000000000000000000, 0.000000000000000000 ) ;
#1291 = AXIS2_PLACEMENT_3D ( 'NONE', #1694, #3070, #580 ) ;
#1292 = VECTOR ( 'NONE', #1981, 39.37007874015748143 ) ;
#1293 = CIRCLE ( 'NONE', #2173, 0.01000000000000001235 ) ;
#1294 = EDGE_LOOP ( 'NONE', ( #1171, #3366, #2127, #3469 ) ) ;
#1295 = CARTESIAN_POINT ( 'NONE',  ( -0.1093714993739425406, 0.06000000000000001166, -0.03553695435311933493 ) ) ;
#1296 = VERTEX_POINT ( 'NONE', #3521 ) ;
#1297 = CARTESIAN_POINT ( 'NONE',  ( -0.1093714993739428043, -0.4499999999999999556, 0.03553695435311857165 ) ) ;
#1298 =( GEOMETRIC_REPRESENTATION_CONTEXT ( 3 ) GLOBAL_UNCERTAINTY_ASSIGNED_CONTEXT ( ( #748 ) ) GLOBAL_UNIT_ASSIGNED_CONTEXT ( ( #3488, #1002, #754 ) ) REPRESENTATION_CONTEXT ( 'NONE', 'WORKASPACE' ) );
#1299 = CIRCLE ( 'NONE', #29, 0.1762499999999999900 ) ;
#1300 = VERTEX_POINT ( 'NONE', #2482 ) ;
#1301 = CIRCLE ( 'NONE', #1771, 0.06750000000000000444 ) ;
#1302 = FILL_AREA_STYLE_COLOUR ( '', #1041 ) ;
#1303 =( NAMED_UNIT ( * ) PLANE_ANGLE_UNIT ( ) SI_UNIT ( $, .RADIAN. ) );
#1304 = ORIENTED_EDGE ( 'NONE', *, *, #3175, .T. ) ;
#1305 = CARTESIAN_POINT ( 'NONE',  ( -3.936127585351407128E-16, 0.05000000000000000278, 0.1250000000000000000 ) ) ;
#1306 = CYLINDRICAL_SURFACE ( 'NONE', #711, 0.01000000000000000368 ) ;
#1307 = CARTESIAN_POINT ( 'NONE',  ( 0.1093714993739427904, 0.05000000000000000278, -0.03553695435311857165 ) ) ;
#1308 = CLOSED_SHELL ( 'NONE', ( #2575, #2382, #2772, #3347 ) ) ;
#1309 = EDGE_CURVE ( 'NONE', #1370, #1296, #1647, .T. ) ;
#1310 = CYLINDRICAL_SURFACE ( 'NONE', #386, 0.009250000000000009950 ) ;
#1311 = AXIS2_PLACEMENT_3D ( 'NONE', #1338, #1656, #2754 ) ;
#1312 = EDGE_CURVE ( 'NONE', #3360, #2833, #1764, .T. ) ;
#1313 = VERTEX_POINT ( 'NONE', #2789 ) ;
#1314 = FACE_OUTER_BOUND ( 'NONE', #2909, .T. ) ;
#1315 = LINE ( 'NONE', #3031, #437 ) ;
#1316 = DIRECTION ( 'NONE',  ( 0.000000000000000000, -1.000000000000000000, 0.000000000000000000 ) ) ;
#1317 = EDGE_LOOP ( 'NONE', ( #2573, #170, #2673, #2427 ) ) ;
#1318 = CARTESIAN_POINT ( 'NONE',  ( -0.06759530401363408880, -0.4499999999999999556, -0.1022869543531192138 ) ) ;
#1319 = DIRECTION ( 'NONE',  ( 0.000000000000000000, 1.000000000000000000, 0.000000000000000000 ) ) ;
#1320 = CIRCLE ( 'NONE', #280, 0.01000000000000001235 ) ;
#1321 = VERTEX_POINT ( 'NONE', #574 ) ;
#1322 = DIRECTION ( 'NONE',  ( -0.000000000000000000, 1.000000000000000000, -0.000000000000000000 ) ) ;
#1323 = PLANE ( 'NONE',  #1193 ) ;
#1324 = DIRECTION ( 'NONE',  ( 0.000000000000000000, 1.000000000000000000, 0.000000000000000000 ) ) ;
#1325 = CARTESIAN_POINT ( 'NONE',  ( 0.1093714993739425267, 0.06000000000000001166, 0.03553695435311932799 ) ) ;
#1326 = EDGE_CURVE ( 'NONE', #2389, #2751, #1238, .T. ) ;
#1327 = COLOUR_RGB ( '',0.2509803921568627416, 0.2509803921568627416, 0.2509803921568627416 ) ;
#1328 = ORIENTED_EDGE ( 'NONE', *, *, #1112, .F. ) ;
#1329 = CARTESIAN_POINT ( 'NONE',  ( 4.045990771136362179E-16, 0.05500000000000000028, -0.1250000000000000000 ) ) ;
#1330 = CARTESIAN_POINT ( 'NONE',  ( -3.936127585351407128E-16, 0.05500000000000000028, 0.1050000000000000100 ) ) ;
#1331 = EDGE_CURVE ( 'NONE', #2355, #3185, #958, .T. ) ;
#1332 = EDGE_LOOP ( 'NONE', ( #115, #909, #45, #3021 ) ) ;
#1333 = CARTESIAN_POINT ( 'NONE',  ( -3.820318678639868079E-16, -0.9761629509039022601, 0.1150000000000000328 ) ) ;
#1334 = SURFACE_STYLE_FILL_AREA ( #240 ) ;
#1335 = CARTESIAN_POINT ( 'NONE',  ( 0.06759530401363474106, 0.06000000000000001166, -0.1030369543531187287 ) ) ;
#1336 = CARTESIAN_POINT ( 'NONE',  ( 0.1093714993739427904, 0.05500000000000000028, -0.02553695435311856624 ) ) ;
#1337 = AXIS2_PLACEMENT_3D ( 'NONE', #2480, #2768, #553 ) ;
#1338 = CARTESIAN_POINT ( 'NONE',  ( 0.06759530401363474106, 0.05500000000000000028, -0.09303695435311870598 ) ) ;
#1339 = CARTESIAN_POINT ( 'NONE',  ( 3.884346365991374479E-16, -0.9761629509039022601, -0.1150000000000000189 ) ) ;
#1340 =( CONVERSION_BASED_UNIT ( 'INCH', #2486 ) LENGTH_UNIT ( ) NAMED_UNIT ( #3291 ) );
#1341 = CIRCLE ( 'NONE', #25, 0.01000000000000000021 ) ;
#1342 = ORIENTED_EDGE ( 'NONE', *, *, #762, .T. ) ;
#1343 = DIRECTION ( 'NONE',  ( 0.000000000000000000, -1.000000000000000000, 0.000000000000000000 ) ) ;
#1344 = CIRCLE ( 'NONE', #1237, 0.009249999999999994338 ) ;
#1345 = ADVANCED_FACE ( 'NONE', ( #2753 ), #3353, .T. ) ;
#1346 = DIRECTION ( 'NONE',  ( 0.000000000000000000, -0.000000000000000000, -1.000000000000000000 ) ) ;
#1347 = VECTOR ( 'NONE', #1067, 39.37007874015748143 ) ;
#1348 = ORIENTED_EDGE ( 'NONE', *, *, #512, .T. ) ;
#1349 = ORIENTED_EDGE ( 'NONE', *, *, #2426, .T. ) ;
#1350 = EDGE_CURVE ( 'NONE', #3345, #1543, #1293, .T. ) ;
#1351 = DIRECTION ( 'NONE',  ( 0.000000000000000000, -1.000000000000000000, 0.000000000000000000 ) ) ;
#1352 = DIRECTION ( 'NONE',  ( 0.000000000000000000, 0.000000000000000000, 1.000000000000000000 ) ) ;
#1353 = DIRECTION ( 'NONE',  ( 0.000000000000000000, 1.000000000000000000, 0.000000000000000000 ) ) ;
#1354 = CARTESIAN_POINT ( 'NONE',  ( 0.1093714993739427904, 0.06000000000000001166, -0.02553695435311856624 ) ) ;
#1355 = AXIS2_PLACEMENT_3D ( 'NONE', #2219, #2187, #21 ) ;
#1356 = DIRECTION ( 'NONE',  ( 0.000000000000000000, -1.000000000000000000, 0.000000000000000000 ) ) ;
#1357 = DIMENSIONAL_EXPONENTS ( 1.000000000000000000, 0.000000000000000000, 0.000000000000000000, 0.000000000000000000, 0.000000000000000000, 0.000000000000000000, 0.000000000000000000 ) ;
#1358 = AXIS2_PLACEMENT_3D ( 'NONE', #1080, #1096, #3001 ) ;
#1359 = DIRECTION ( 'NONE',  ( 1.000000000000000000, -0.000000000000000000, 1.224646799147353207E-16 ) ) ;
#1360 = CIRCLE ( 'NONE', #3103, 0.009250000000000009950 ) ;
#1361 = FILL_AREA_STYLE_COLOUR ( '', #1899 ) ;
#1362 = CIRCLE ( 'NONE', #1484, 0.01000000000000000368 ) ;
#1363 = STYLED_ITEM ( 'NONE', ( #2393 ), #816 ) ;
#1364 = ORIENTED_EDGE ( 'NONE', *, *, #2900, .T. ) ;
#1365 = LINE ( 'NONE', #297, #2913 ) ;
#1366 = FACE_OUTER_BOUND ( 'NONE', #3235, .T. ) ;
#1367 =( CONVERSION_BASED_UNIT ( 'INCH', #1905 ) LENGTH_UNIT ( ) NAMED_UNIT ( #2111 ) );
#1368 =( GEOMETRIC_REPRESENTATION_CONTEXT ( 3 ) GLOBAL_UNCERTAINTY_ASSIGNED_CONTEXT ( ( #1509 ) ) GLOBAL_UNIT_ASSIGNED_CONTEXT ( ( #2714, #3284, #1874 ) ) REPRESENTATION_CONTEXT ( 'NONE', 'WORKASPACE' ) );
#1369 = CIRCLE ( 'NONE', #1257, 0.01000000000000000021 ) ;
#1370 = VERTEX_POINT ( 'NONE', #556 ) ;
#1371 = EDGE_LOOP ( 'NONE', ( #1282, #675 ) ) ;
#1372 = LINE ( 'NONE', #3022, #2023 ) ;
#1373 = DIRECTION ( 'NONE',  ( 0.000000000000000000, 0.000000000000000000, -1.000000000000000000 ) ) ;
#1374 = EDGE_CURVE ( 'NONE', #1813, #3381, #3495, .T. ) ;
#1375 = AXIS2_PLACEMENT_3D ( 'NONE', #2510, #2745, #1089 ) ;
#1376 = CARTESIAN_POINT ( 'NONE',  ( 0.1093714993739425267, 0.05500000000000000028, 0.03553695435311932799 ) ) ;
#1377 = VERTEX_POINT ( 'NONE', #309 ) ;
#1378 = CARTESIAN_POINT ( 'NONE',  ( -0.06759530401363472718, 0.06000000000000001166, 0.09303695435311874762 ) ) ;
#1379 = DIRECTION ( 'NONE',  ( 0.000000000000000000, 0.000000000000000000, 1.000000000000000000 ) ) ;
#1380 = EDGE_CURVE ( 'NONE', #1113, #2146, #595, .T. ) ;
#1381 = DIRECTION ( 'NONE',  ( 0.000000000000000000, -1.000000000000000000, 0.000000000000000000 ) ) ;
#1382 =( LENGTH_UNIT ( ) NAMED_UNIT ( * ) SI_UNIT ( $, .METRE. ) );
#1383 = EDGE_LOOP ( 'NONE', ( #3506, #1503, #3018, #2823 ) ) ;
#1384 = DIRECTION ( 'NONE',  ( 0.000000000000000000, 0.000000000000000000, 1.000000000000000000 ) ) ;
#1385 = EDGE_LOOP ( 'NONE', ( #39, #63, #3429, #731 ) ) ;
#1386 = CARTESIAN_POINT ( 'NONE',  ( 0.1093714993739425267, 0.06000000000000001166, 0.03553695435311932799 ) ) ;
#1387 = PRESENTATION_STYLE_ASSIGNMENT (( #1993 ) ) ;
#1388 = EDGE_CURVE ( 'NONE', #1794, #178, #1122, .T. ) ;
#1389 = DIRECTION ( 'NONE',  ( 0.000000000000000000, -1.000000000000000000, 0.000000000000000000 ) ) ;
#1390 = ORIENTED_EDGE ( 'NONE', *, *, #2316, .T. ) ;
#1391 = ADVANCED_FACE ( 'NONE', ( #1688 ), #2496, .T. ) ;
#1392 = DIRECTION ( 'NONE',  ( 0.000000000000000000, 0.000000000000000000, 1.000000000000000000 ) ) ;
#1393 = DIRECTION ( 'NONE',  ( -0.000000000000000000, 1.000000000000000000, -0.000000000000000000 ) ) ;
#1394 = FACE_BOUND ( 'NONE', #2432, .T. ) ;
#1395 = EDGE_CURVE ( 'NONE', #2916, #3513, #3270, .T. ) ;
#1396 = DIRECTION ( 'NONE',  ( 0.000000000000000000, -1.000000000000000000, 0.000000000000000000 ) ) ;
#1397 = VERTEX_POINT ( 'NONE', #1592 ) ;
#1398 = DIRECTION ( 'NONE',  ( 0.000000000000000000, 0.000000000000000000, -1.000000000000000000 ) ) ;
#1399 = CARTESIAN_POINT ( 'NONE',  ( -0.1093714993739427904, 0.05000000000000000278, 0.03553695435311858553 ) ) ;
#1400 = FILL_AREA_STYLE_COLOUR ( '', #613 ) ;
#1401 = DIRECTION ( 'NONE',  ( 0.000000000000000000, 1.000000000000000000, 0.000000000000000000 ) ) ;
#1402 = AXIS2_PLACEMENT_3D ( 'NONE', #2473, #2457, #1643 ) ;
#1403 = AXIS2_PLACEMENT_3D ( 'NONE', #3339, #578, #3324 ) ;
#1404 = ORIENTED_EDGE ( 'NONE', *, *, #3563, .T. ) ;
#1405 = AXIS2_PLACEMENT_3D ( 'NONE', #501, #3309, #1384 ) ;
#1406 = AXIS2_PLACEMENT_3D ( 'NONE', #2879, #122, #1782 ) ;
#1407 = LINE ( 'NONE', #1918, #229 ) ;
#1408 = AXIS2_PLACEMENT_3D ( 'NONE', #2396, #1057, #2678 ) ;
#1409 = CARTESIAN_POINT ( 'NONE',  ( 0.06759530401363474106, 0.05500000000000000028, -0.09303695435311873374 ) ) ;
#1410 = ORIENTED_EDGE ( 'NONE', *, *, #2950, .F. ) ;
#1411 = PRODUCT_DEFINITION_SHAPE ( 'NONE', 'NONE',  #1890 ) ;
#1412 = DIRECTION ( 'NONE',  ( -0.000000000000000000, -1.000000000000000000, -0.000000000000000000 ) ) ;
#1413 = VECTOR ( 'NONE', #2442, 39.37007874015748143 ) ;
#1414 = CARTESIAN_POINT ( 'NONE',  ( 0.1093714993739427904, 0.05500000000000000028, -0.03553695435311858553 ) ) ;
#1415 = EDGE_CURVE ( 'NONE', #2235, #742, #2692, .T. ) ;
#1416 = FACE_OUTER_BOUND ( 'NONE', #1197, .T. ) ;
#1417 = DIRECTION ( 'NONE',  ( 0.000000000000000000, -0.000000000000000000, -1.000000000000000000 ) ) ;
#1418 = EDGE_CURVE ( 'NONE', #1813, #3345, #539, .T. ) ;
#1419 = ORIENTED_EDGE ( 'NONE', *, *, #2026, .F. ) ;
#1420 = CARTESIAN_POINT ( 'NONE',  ( -0.06759530401363407492, 0.05000000000000000278, -0.1030369543531192006 ) ) ;
#1421 = CLOSED_SHELL ( 'NONE', ( #3104, #736, #3038, #28 ) ) ;
#1422 = CYLINDRICAL_SURFACE ( 'NONE', #1928, 0.01000000000000000021 ) ;
#1423 = CYLINDRICAL_SURFACE ( 'NONE', #1617, 0.01000000000000001756 ) ;
#1424 = CIRCLE ( 'NONE', #2191, 0.01000000000000000021 ) ;
#1425 = AXIS2_PLACEMENT_3D ( 'NONE', #2971, #740, #1517 ) ;
#1426 =( GEOMETRIC_REPRESENTATION_CONTEXT ( 3 ) GLOBAL_UNCERTAINTY_ASSIGNED_CONTEXT ( ( #2887 ) ) GLOBAL_UNIT_ASSIGNED_CONTEXT ( ( #1340, #1111, #753 ) ) REPRESENTATION_CONTEXT ( 'NONE', 'WORKASPACE' ) );
#1427 = CARTESIAN_POINT ( 'NONE',  ( 3.884346365991374479E-16, 0.05500000000000000028, -0.1150000000000000189 ) ) ;
#1428 = EDGE_LOOP ( 'NONE', ( #2926, #1573, #770, #1594 ) ) ;
#1429 = ORIENTED_EDGE ( 'NONE', *, *, #1848, .T. ) ;
#1430 = CIRCLE ( 'NONE', #2700, 0.01000000000000000368 ) ;
#1431 =( NAMED_UNIT ( * ) SI_UNIT ( $, .STERADIAN. ) SOLID_ANGLE_UNIT ( ) );
#1432 = CARTESIAN_POINT ( 'NONE',  ( -0.06759530401363407492, 0.05500000000000000028, -0.08303695435311916895 ) ) ;
#1433 = VERTEX_POINT ( 'NONE', #3336 ) ;
#1434 = DIRECTION ( 'NONE',  ( 0.000000000000000000, 0.000000000000000000, -1.000000000000000000 ) ) ;
#1435 = CARTESIAN_POINT ( 'NONE',  ( 0.06759530401363474106, -0.9761629509039022601, -0.09303695435311873374 ) ) ;
#1436 = AXIS2_PLACEMENT_3D ( 'NONE', #797, #1103, #1909 ) ;
#1437 = FACE_OUTER_BOUND ( 'NONE', #868, .T. ) ;
#1438 = CARTESIAN_POINT ( 'NONE',  ( 0.06759530401363474106, 0.05500000000000000028, -0.08378695435311873940 ) ) ;
#1439 = ORIENTED_EDGE ( 'NONE', *, *, #3035, .F. ) ;
#1440 = CYLINDRICAL_SURFACE ( 'NONE', #2055, 0.009249999999999989134 ) ;
#1441 = CARTESIAN_POINT ( 'NONE',  ( -3.948374053342880387E-16, 0.05000000000000000278, 0.1150000000000000050 ) ) ;
#1442 = EDGE_CURVE ( 'NONE', #3518, #1232, #538, .T. ) ;
#1443 = PRESENTATION_STYLE_ASSIGNMENT (( #862 ) ) ;
#1444 = DIRECTION ( 'NONE',  ( 0.000000000000000000, 0.000000000000000000, 1.000000000000000000 ) ) ;
#1445 = ORIENTED_EDGE ( 'NONE', *, *, #3191, .F. ) ;
#1446 = VERTEX_POINT ( 'NONE', #347 ) ;
#1447 = ADVANCED_FACE ( 'NONE', ( #952 ), #2293, .F. ) ;
#1448 = DIRECTION ( 'NONE',  ( -0.000000000000000000, 1.000000000000000000, -0.000000000000000000 ) ) ;
#1449 = AXIS2_PLACEMENT_3D ( 'NONE', #2599, #404, #1227 ) ;
#1450 = CARTESIAN_POINT ( 'NONE',  ( -0.1093714993739425406, 0.05000000000000000278, -0.02553695435311931911 ) ) ;
#1451 = ORIENTED_EDGE ( 'NONE', *, *, #165, .T. ) ;
#1452 = CARTESIAN_POINT ( 'NONE',  ( 0.1093714993739425267, 0.05000000000000000278, 0.02553695435311932604 ) ) ;
#1453 = PLANE ( 'NONE',  #2245 ) ;
#1454 = DIRECTION ( 'NONE',  ( 0.000000000000000000, 1.000000000000000000, 0.000000000000000000 ) ) ;
#1455 = DIRECTION ( 'NONE',  ( 0.000000000000000000, 0.000000000000000000, -1.000000000000000000 ) ) ;
#1456 = EDGE_LOOP ( 'NONE', ( #1715, #1864 ) ) ;
#1457 = DIRECTION ( 'NONE',  ( 0.000000000000000000, 0.000000000000000000, 1.000000000000000000 ) ) ;
#1458 = DIRECTION ( 'NONE',  ( -0.000000000000000000, -1.000000000000000000, -0.000000000000000000 ) ) ;
#1459 = DIRECTION ( 'NONE',  ( 0.000000000000000000, -1.000000000000000000, 0.000000000000000000 ) ) ;
#1460 = CARTESIAN_POINT ( 'NONE',  ( 0.000000000000000000, 0.08999999999999999667, 0.000000000000000000 ) ) ;
#1461 = EDGE_CURVE ( 'NONE', #1699, #3242, #960, .T. ) ;
#1462 = ORIENTED_EDGE ( 'NONE', *, *, #1995, .T. ) ;
#1463 = AXIS2_PLACEMENT_3D ( 'NONE', #1460, #1401, #3133 ) ;
#1464 = CARTESIAN_POINT ( 'NONE',  ( -0.1093714993739425406, 0.05500000000000000028, -0.03553695435311934187 ) ) ;
#1465 = AXIS2_PLACEMENT_3D ( 'NONE', #2834, #2524, #2321 ) ;
#1466 = EDGE_CURVE ( 'NONE', #1543, #3345, #1070, .T. ) ;
#1467 = FILL_AREA_STYLE ('',( #2310 ) ) ;
#1468 = VERTEX_POINT ( 'NONE', #2061 ) ;
#1469 = VECTOR ( 'NONE', #164, 39.37007874015748143 ) ;
#1470 = CARTESIAN_POINT ( 'NONE',  ( -0.1093714993739427904, 0.05500000000000000028, 0.03553695435311858553 ) ) ;
#1471 = VECTOR ( 'NONE', #2939, 39.37007874015748143 ) ;
#1472 = PRESENTATION_STYLE_ASSIGNMENT (( #2847 ) ) ;
#1473 = CARTESIAN_POINT ( 'NONE',  ( 4.033744303144888427E-16, 0.06000000000000001166, -0.1049999999999999684 ) ) ;
#1474 = CARTESIAN_POINT ( 'NONE',  ( 0.06759530401363474106, 0.06000000000000001166, -0.1030369543531187287 ) ) ;
#1475 = ORIENTED_EDGE ( 'NONE', *, *, #3462, .T. ) ;
#1476 = CARTESIAN_POINT ( 'NONE',  ( 0.06759530401363408880, 0.06000000000000001166, 0.08303695435311916895 ) ) ;
#1477 = CARTESIAN_POINT ( 'NONE',  ( 0.1093714993739427904, 0.06000000000000001166, -0.03553695435311857165 ) ) ;
#1478 = FILL_AREA_STYLE ('',( #2283 ) ) ;
#1479 = CARTESIAN_POINT ( 'NONE',  ( -0.06759530401363472718, 0.05500000000000000028, 0.09303695435311874762 ) ) ;
#1480 = CLOSED_SHELL ( 'NONE', ( #866, #1447, #2273, #3171 ) ) ;
#1481 = VERTEX_POINT ( 'NONE', #1729 ) ;
#1482 = VERTEX_POINT ( 'NONE', #1452 ) ;
#1483 = DIRECTION ( 'NONE',  ( 0.000000000000000000, -1.000000000000000000, 0.000000000000000000 ) ) ;
#1484 = AXIS2_PLACEMENT_3D ( 'NONE', #80, #464, #1018 ) ;
#1485 = DIRECTION ( 'NONE',  ( 0.000000000000000000, 0.000000000000000000, -1.000000000000000000 ) ) ;
#1486 = VECTOR ( 'NONE', #836, 39.37007874015748143 ) ;
#1487 = EDGE_LOOP ( 'NONE', ( #567, #837, #2550, #393 ) ) ;
#1488 = CARTESIAN_POINT ( 'NONE',  ( -0.1093714993739428043, 0.05500000000000000028, 0.03553695435311857165 ) ) ;
#1489 = ADVANCED_FACE ( 'NONE', ( #1180 ), #3159, .T. ) ;
#1490 = LENGTH_MEASURE_WITH_UNIT ( LENGTH_MEASURE( 0.02539999999999999897 ), #2940 );
#1491 = CARTESIAN_POINT ( 'NONE',  ( -0.06759530401363408880, 0.05500000000000000028, -0.09303695435311920559 ) ) ;
#1492 = ADVANCED_FACE ( 'NONE', ( #915 ), #107, .T. ) ;
#1493 = AXIS2_PLACEMENT_3D ( 'NONE', #1386, #1892, #568 ) ;
#1494 = PLANE ( 'NONE',  #3028 ) ;
#1495 = AXIS2_PLACEMENT_3D ( 'NONE', #183, #2894, #1855 ) ;
#1496 = ORIENTED_EDGE ( 'NONE', *, *, #1461, .F. ) ;
#1497 = CYLINDRICAL_SURFACE ( 'NONE', #2542, 0.01000000000000000021 ) ;
#1498 = CARTESIAN_POINT ( 'NONE',  ( -3.820318678639868079E-16, -0.4499999999999999556, 0.1242500000000000410 ) ) ;
#1499 = ORIENTED_EDGE ( 'NONE', *, *, #783, .F. ) ;
#1500 = VERTEX_POINT ( 'NONE', #891 ) ;
#1501 = SURFACE_STYLE_FILL_AREA ( #1761 ) ;
#1502 = CARTESIAN_POINT ( 'NONE',  ( 0.000000000000000000, 0.08999999999999999667, -0.1762499999999999900 ) ) ;
#1503 = ORIENTED_EDGE ( 'NONE', *, *, #3484, .T. ) ;
#1504 = CARTESIAN_POINT ( 'NONE',  ( -0.06759530401363408880, -0.9761629509039022601, -0.09303695435311920559 ) ) ;
#1505 = EDGE_CURVE ( 'NONE', #1571, #2477, #1299, .T. ) ;
#1506 = CARTESIAN_POINT ( 'NONE',  ( -3.936127585351407128E-16, 0.06000000000000001166, 0.1250000000000000000 ) ) ;
#1507 = ADVANCED_FACE ( 'NONE', ( #676 ), #2535, .F. ) ;
#1508 = LINE ( 'NONE', #3450, #182 ) ;
#1509 = UNCERTAINTY_MEASURE_WITH_UNIT (LENGTH_MEASURE( 1.000000000000000082E-05 ), #2714, 'distance_accuracy_value', 'NONE');
#1510 = EDGE_CURVE ( 'NONE', #3572, #2888, #638, .T. ) ;
#1511 = ORIENTED_EDGE ( 'NONE', *, *, #1998, .T. ) ;
#1512 = CYLINDRICAL_SURFACE ( 'NONE', #515, 0.01000000000000001756 ) ;
#1513 = VERTEX_POINT ( 'NONE', #3122 ) ;
#1514 = PLANE ( 'NONE',  #1547 ) ;
#1515 = PLANE ( 'NONE',  #1762 ) ;
#1516 = ORIENTED_EDGE ( 'NONE', *, *, #1011, .F. ) ;
#1517 = DIRECTION ( 'NONE',  ( 0.000000000000000000, 0.000000000000000000, -1.000000000000000000 ) ) ;
#1518 = AXIS2_PLACEMENT_3D ( 'NONE', #1200, #67, #1485 ) ;
#1519 = LENGTH_MEASURE_WITH_UNIT ( LENGTH_MEASURE( 0.02539999999999999897 ), #453 );
#1520 = EDGE_LOOP ( 'NONE', ( #2271, #1724 ) ) ;
#1521 = CARTESIAN_POINT ( 'NONE',  ( 0.000000000000000000, 0.2350000000000000144, 0.1499999999999999944 ) ) ;
#1522 = AXIS2_PLACEMENT_3D ( 'NONE', #2597, #1567, #192 ) ;
#1523 = FILL_AREA_STYLE_COLOUR ( '', #166 ) ;
#1524 = STYLED_ITEM ( 'NONE', ( #1387 ), #897 ) ;
#1525 = MECHANICAL_DESIGN_GEOMETRIC_PRESENTATION_REPRESENTATION (  '', ( #306 ), #591 ) ;
#1526 = CIRCLE ( 'NONE', #2501, 0.009250000000000009950 ) ;
#1527 = DIRECTION ( 'NONE',  ( 0.000000000000000000, 0.000000000000000000, -1.000000000000000000 ) ) ;
#1528 = VECTOR ( 'NONE', #2525, 39.37007874015748143 ) ;
#1529 = DIRECTION ( 'NONE',  ( -0.000000000000000000, -1.000000000000000000, -0.000000000000000000 ) ) ;
#1530 = VECTOR ( 'NONE', #470, 39.37007874015748143 ) ;
#1531 = ORIENTED_EDGE ( 'NONE', *, *, #509, .T. ) ;
#1532 = DIRECTION ( 'NONE',  ( -0.000000000000000000, -1.000000000000000000, -0.000000000000000000 ) ) ;
#1533 = ORIENTED_EDGE ( 'NONE', *, *, #2150, .F. ) ;
#1534 = DIRECTION ( 'NONE',  ( 0.000000000000000000, 0.000000000000000000, -1.000000000000000000 ) ) ;
#1535 = DIRECTION ( 'NONE',  ( -0.000000000000000000, 1.000000000000000000, -0.000000000000000000 ) ) ;
#1536 = ADVANCED_FACE ( 'NONE', ( #655 ), #1223, .F. ) ;
#1537 = VERTEX_POINT ( 'NONE', #1162 ) ;
#1538 = CARTESIAN_POINT ( 'NONE',  ( 0.06759530401363474106, -0.9761629509039022601, -0.09303695435311873374 ) ) ;
#1539 = AXIS2_PLACEMENT_3D ( 'NONE', #1546, #2648, #173 ) ;
#1540 = CARTESIAN_POINT ( 'NONE',  ( 0.1093714993739427904, 0.05000000000000000278, -0.03553695435311857165 ) ) ;
#1541 = AXIS2_PLACEMENT_3D ( 'NONE', #877, #3338, #2317 ) ;
#1542 = DIRECTION ( 'NONE',  ( 0.000000000000000000, -1.000000000000000000, 0.000000000000000000 ) ) ;
#1543 = VERTEX_POINT ( 'NONE', #974 ) ;
#1544 = FACE_OUTER_BOUND ( 'NONE', #2636, .T. ) ;
#1545 = PRESENTATION_LAYER_ASSIGNMENT (  '', '', ( #2645 ) ) ;
#1546 = CARTESIAN_POINT ( 'NONE',  ( 0.06759530401363411656, -0.9761629509039022601, 0.09303695435311920559 ) ) ;
#1547 = AXIS2_PLACEMENT_3D ( 'NONE', #2693, #245, #524 ) ;
#1548 = MECHANICAL_DESIGN_GEOMETRIC_PRESENTATION_REPRESENTATION (  '', ( #2193 ), #737 ) ;
#1549 = DIRECTION ( 'NONE',  ( -0.000000000000000000, 1.000000000000000000, -0.000000000000000000 ) ) ;
#1550 = UNCERTAINTY_MEASURE_WITH_UNIT (LENGTH_MEASURE( 1.000000000000000082E-05 ), #468, 'distance_accuracy_value', 'NONE');
#1551 = DIMENSIONAL_EXPONENTS ( 1.000000000000000000, 0.000000000000000000, 0.000000000000000000, 0.000000000000000000, 0.000000000000000000, 0.000000000000000000, 0.000000000000000000 ) ;
#1552 = ORIENTED_EDGE ( 'NONE', *, *, #923, .F. ) ;
#1553 = DIRECTION ( 'NONE',  ( 0.000000000000000000, -1.000000000000000000, 0.000000000000000000 ) ) ;
#1554 = VERTEX_POINT ( 'NONE', #2593 ) ;
#1555 = DIRECTION ( 'NONE',  ( 0.000000000000000000, -0.000000000000000000, -1.000000000000000000 ) ) ;
#1556 = ADVANCED_FACE ( 'NONE', ( #361 ), #3374, .T. ) ;
#1557 = ORIENTED_EDGE ( 'NONE', *, *, #3219, .F. ) ;
#1558 =( CONVERSION_BASED_UNIT ( 'INCH', #986 ) LENGTH_UNIT ( ) NAMED_UNIT ( #1642 ) );
#1559 = ADVANCED_FACE ( 'NONE', ( #2868 ), #1236, .F. ) ;
#1560 = CARTESIAN_POINT ( 'NONE',  ( -0.1093714993739425406, 0.06000000000000001166, -0.03553695435311933493 ) ) ;
#1561 = ORIENTED_EDGE ( 'NONE', *, *, #1951, .T. ) ;
#1562 = ADVANCED_FACE ( 'NONE', ( #1708 ), #2808, .T. ) ;
#1563 = DIRECTION ( 'NONE',  ( 0.000000000000000000, 0.000000000000000000, 1.000000000000000000 ) ) ;
#1564 =( NAMED_UNIT ( * ) PLANE_ANGLE_UNIT ( ) SI_UNIT ( $, .RADIAN. ) );
#1565 = CARTESIAN_POINT ( 'NONE',  ( 0.06759530401363411656, 0.05500000000000000028, 0.08378695435311919737 ) ) ;
#1566 = DIRECTION ( 'NONE',  ( 0.000000000000000000, 0.000000000000000000, -1.000000000000000000 ) ) ;
#1567 = DIRECTION ( 'NONE',  ( -0.000000000000000000, 1.000000000000000000, -0.000000000000000000 ) ) ;
#1568 = AXIS2_PLACEMENT_3D ( 'NONE', #2354, #1861, #390 ) ;
#1569 = ORIENTED_EDGE ( 'NONE', *, *, #2204, .F. ) ;
#1570 = DIRECTION ( 'NONE',  ( 0.000000000000000000, -1.000000000000000000, 0.000000000000000000 ) ) ;
#1571 = VERTEX_POINT ( 'NONE', #2977 ) ;
#1572 =( NAMED_UNIT ( * ) PLANE_ANGLE_UNIT ( ) SI_UNIT ( $, .RADIAN. ) );
#1573 = ORIENTED_EDGE ( 'NONE', *, *, #2633, .F. ) ;
#1574 = DIMENSIONAL_EXPONENTS ( 1.000000000000000000, 0.000000000000000000, 0.000000000000000000, 0.000000000000000000, 0.000000000000000000, 0.000000000000000000, 0.000000000000000000 ) ;
#1575 = CARTESIAN_POINT ( 'NONE',  ( -0.1093714993739425406, 0.05500000000000000028, -0.03553695435311934187 ) ) ;
#1576 = CARTESIAN_POINT ( 'NONE',  ( 0.000000000000000000, 0.2250000000000000611, -0.1600000000000000033 ) ) ;
#1577 = EDGE_CURVE ( 'NONE', #884, #3152, #2647, .T. ) ;
#1578 = DIRECTION ( 'NONE',  ( 0.000000000000000000, -1.000000000000000000, 0.000000000000000000 ) ) ;
#1579 = ORIENTED_EDGE ( 'NONE', *, *, #447, .T. ) ;
#1580 = CARTESIAN_POINT ( 'NONE',  ( 0.000000000000000000, 0.08999999999999999667, 0.000000000000000000 ) ) ;
#1581 = EDGE_CURVE ( 'NONE', #396, #2133, #663, .T. ) ;
#1582 = ADVANCED_FACE ( 'NONE', ( #1544 ), #3479, .F. ) ;
#1583 = CARTESIAN_POINT ( 'NONE',  ( 0.1093714993739425267, 0.05000000000000000278, 0.03553695435311932799 ) ) ;
#1584 = VECTOR ( 'NONE', #375, 39.37007874015748143 ) ;
#1585 =( GEOMETRIC_REPRESENTATION_CONTEXT ( 3 ) GLOBAL_UNCERTAINTY_ASSIGNED_CONTEXT ( ( #2631 ) ) GLOBAL_UNIT_ASSIGNED_CONTEXT ( ( #3369, #1704, #2548 ) ) REPRESENTATION_CONTEXT ( 'NONE', 'WORKASPACE' ) );
#1586 = LINE ( 'NONE', #2171, #2071 ) ;
#1587 = UNCERTAINTY_MEASURE_WITH_UNIT (LENGTH_MEASURE( 1.000000000000000082E-05 ), #1367, 'distance_accuracy_value', 'NONE');
#1588 = VECTOR ( 'NONE', #3257, 39.37007874015748143 ) ;
#1589 = AXIS2_PLACEMENT_3D ( 'NONE', #1931, #284, #3019 ) ;
#1590 = VERTEX_POINT ( 'NONE', #1521 ) ;
#1591 = VERTEX_POINT ( 'NONE', #2094 ) ;
#1592 = CARTESIAN_POINT ( 'NONE',  ( -3.948374053342880387E-16, 0.06000000000000001166, 0.1250000000000000000 ) ) ;
#1593 = CARTESIAN_POINT ( 'NONE',  ( 0.1093714993739427904, 0.06000000000000001166, -0.02553695435311856624 ) ) ;
#1594 = ORIENTED_EDGE ( 'NONE', *, *, #2842, .T. ) ;
#1595 = PRESENTATION_STYLE_ASSIGNMENT (( #451 ) ) ;
#1596 = FACE_OUTER_BOUND ( 'NONE', #2051, .T. ) ;
#1597 =( NAMED_UNIT ( * ) SI_UNIT ( $, .STERADIAN. ) SOLID_ANGLE_UNIT ( ) );
#1598 = DIRECTION ( 'NONE',  ( 0.000000000000000000, -1.000000000000000000, 0.000000000000000000 ) ) ;
#1599 = ORIENTED_EDGE ( 'NONE', *, *, #1331, .F. ) ;
#1600 = CARTESIAN_POINT ( 'NONE',  ( -0.09130073239298550081, -0.01371170776356179545, 0.1507588762378668235 ) ) ;
#1601 =( CONVERSION_BASED_UNIT ( 'INCH', #2683 ) LENGTH_UNIT ( ) NAMED_UNIT ( #187 ) );
#1602 = DIRECTION ( 'NONE',  ( 0.000000000000000000, -1.000000000000000000, 0.000000000000000000 ) ) ;
#1603 = EDGE_CURVE ( 'NONE', #2660, #2802, #1932, .T. ) ;
#1604 = DIRECTION ( 'NONE',  ( 0.000000000000000000, 1.000000000000000000, 0.000000000000000000 ) ) ;
#1605 = VECTOR ( 'NONE', #1060, 39.37007874015748143 ) ;
#1606 =( GEOMETRIC_REPRESENTATION_CONTEXT ( 3 ) GLOBAL_UNCERTAINTY_ASSIGNED_CONTEXT ( ( #211 ) ) GLOBAL_UNIT_ASSIGNED_CONTEXT ( ( #701, #430, #1853 ) ) REPRESENTATION_CONTEXT ( 'NONE', 'WORKASPACE' ) );
#1607 = CIRCLE ( 'NONE', #2469, 0.009249999999999989134 ) ;
#1608 = DIRECTION ( 'NONE',  ( 0.000000000000000000, -0.000000000000000000, -1.000000000000000000 ) ) ;
#1609 = EDGE_CURVE ( 'NONE', #819, #56, #368, .T. ) ;
#1610 = CARTESIAN_POINT ( 'NONE',  ( 0.000000000000000000, 0.05500000000000000028, 0.06750000000000000444 ) ) ;
#1611 = ORIENTED_EDGE ( 'NONE', *, *, #126, .T. ) ;
#1612 =( NAMED_UNIT ( * ) PLANE_ANGLE_UNIT ( ) SI_UNIT ( $, .RADIAN. ) );
#1613 = DIRECTION ( 'NONE',  ( 0.000000000000000000, -1.000000000000000000, 0.000000000000000000 ) ) ;
#1614 =( LENGTH_UNIT ( ) NAMED_UNIT ( * ) SI_UNIT ( $, .METRE. ) );
#1615 = AXIS2_PLACEMENT_3D ( 'NONE', #1198, #2804, #1992 ) ;
#1616 = VERTEX_POINT ( 'NONE', #763 ) ;
#1617 = AXIS2_PLACEMENT_3D ( 'NONE', #3385, #2561, #2778 ) ;
#1618 = DIRECTION ( 'NONE',  ( -0.000000000000000000, 1.000000000000000000, -0.000000000000000000 ) ) ;
#1619 = CARTESIAN_POINT ( 'NONE',  ( 0.06759530401363411656, -0.9761629509039022601, 0.1022869543531192138 ) ) ;
#1620 = DIRECTION ( 'NONE',  ( 0.000000000000000000, -1.000000000000000000, 0.000000000000000000 ) ) ;
#1621 = CARTESIAN_POINT ( 'NONE',  ( 0.1093714993739425684, -0.9761629509039022601, 0.03553695435311932799 ) ) ;
#1622 = EDGE_CURVE ( 'NONE', #1072, #1616, #2135, .T. ) ;
#1623 = CYLINDRICAL_SURFACE ( 'NONE', #1358, 0.01000000000000000021 ) ;
#1624 = AXIS2_PLACEMENT_3D ( 'NONE', #141, #3432, #2609 ) ;
#1625 = EDGE_CURVE ( 'NONE', #3461, #3080, #313, .T. ) ;
#1626 = VERTEX_POINT ( 'NONE', #2152 ) ;
#1627 = CARTESIAN_POINT ( 'NONE',  ( -3.820318678639868079E-16, 0.05500000000000000028, 0.1150000000000000328 ) ) ;
#1628 = LINE ( 'NONE', #248, #1528 ) ;
#1629 = ORIENTED_EDGE ( 'NONE', *, *, #2659, .F. ) ;
#1630 = PRESENTATION_LAYER_ASSIGNMENT (  '', '', ( #3188 ) ) ;
#1631 = ORIENTED_EDGE ( 'NONE', *, *, #1603, .T. ) ;
#1632 = CARTESIAN_POINT ( 'NONE',  ( 4.033744303144888427E-16, 0.06000000000000001166, -0.1149999999999999911 ) ) ;
#1633 = DIRECTION ( 'NONE',  ( 0.000000000000000000, -0.000000000000000000, -1.000000000000000000 ) ) ;
#1634 = DIRECTION ( 'NONE',  ( 0.000000000000000000, 0.000000000000000000, -1.000000000000000000 ) ) ;
#1635 = CARTESIAN_POINT ( 'NONE',  ( -0.1093714993739427904, 0.05500000000000000028, 0.03553695435311858553 ) ) ;
#1636 = CIRCLE ( 'NONE', #1009, 0.009250000000000009950 ) ;
#1637 = VERTEX_POINT ( 'NONE', #413 ) ;
#1638 = CARTESIAN_POINT ( 'NONE',  ( -0.1093714993739427904, 0.05000000000000000278, 0.04553695435311858747 ) ) ;
#1639 = COLOUR_RGB ( '',0.7921568627450980005, 0.8196078431372548767, 0.9333333333333333481 ) ;
#1640 = AXIS2_PLACEMENT_3D ( 'NONE', #3229, #2435, #1352 ) ;
#1641 = ORIENTED_EDGE ( 'NONE', *, *, #397, .T. ) ;
#1642 = DIMENSIONAL_EXPONENTS ( 1.000000000000000000, 0.000000000000000000, 0.000000000000000000, 0.000000000000000000, 0.000000000000000000, 0.000000000000000000, 0.000000000000000000 ) ;
#1643 = DIRECTION ( 'NONE',  ( 0.000000000000000000, -0.000000000000000000, -1.000000000000000000 ) ) ;
#1644 = AXIS2_PLACEMENT_3D ( 'NONE', #2428, #2441, #1950 ) ;
#1645 = FACE_OUTER_BOUND ( 'NONE', #1178, .T. ) ;
#1646 = ADVANCED_FACE ( 'NONE', ( #3514 ), #1837, .T. ) ;
#1647 = CIRCLE ( 'NONE', #2796, 0.01000000000000001235 ) ;
#1648 = VECTOR ( 'NONE', #769, 39.37007874015748854 ) ;
#1649 = VERTEX_POINT ( 'NONE', #1305 ) ;
#1650 = EDGE_CURVE ( 'NONE', #1637, #1929, #1769, .T. ) ;
#1651 = FACE_OUTER_BOUND ( 'NONE', #1807, .T. ) ;
#1652 = DIRECTION ( 'NONE',  ( -0.000000000000000000, -1.000000000000000000, -0.000000000000000000 ) ) ;
#1653 = DIRECTION ( 'NONE',  ( 0.000000000000000000, 0.000000000000000000, -1.000000000000000000 ) ) ;
#1654 = ORIENTED_EDGE ( 'NONE', *, *, #2227, .F. ) ;
#1655 = DIRECTION ( 'NONE',  ( 0.000000000000000000, -1.000000000000000000, 0.000000000000000000 ) ) ;
#1656 = DIRECTION ( 'NONE',  ( -0.000000000000000000, 1.000000000000000000, -0.000000000000000000 ) ) ;
#1657 = CARTESIAN_POINT ( 'NONE',  ( 4.033744303144888427E-16, 0.06000000000000001166, -0.1149999999999999911 ) ) ;
#1658 = VECTOR ( 'NONE', #2467, 39.37007874015748143 ) ;
#1659 = MECHANICAL_DESIGN_GEOMETRIC_PRESENTATION_REPRESENTATION (  '', ( #441 ), #3045 ) ;
#1660 = AXIS2_PLACEMENT_3D ( 'NONE', #2097, #936, #2628 ) ;
#1661 = EDGE_LOOP ( 'NONE', ( #1102, #2358, #2005, #2611 ) ) ;
#1662 =( LENGTH_UNIT ( ) NAMED_UNIT ( * ) SI_UNIT ( $, .METRE. ) );
#1663 = CARTESIAN_POINT ( 'NONE',  ( 0.06759530401363408880, 0.05500000000000000028, 0.09303695435311919171 ) ) ;
#1664 = EDGE_CURVE ( 'NONE', #1794, #1591, #3497, .T. ) ;
#1665 = VERTEX_POINT ( 'NONE', #3228 ) ;
#1666 = EDGE_LOOP ( 'NONE', ( #3075, #2075, #343, #1860 ) ) ;
#1667 = LINE ( 'NONE', #3299, #1906 ) ;
#1668 = ADVANCED_FACE ( 'NONE', ( #2918 ), #456, .F. ) ;
#1669 = AXIS2_PLACEMENT_3D ( 'NONE', #467, #2695, #2674 ) ;
#1670 = CARTESIAN_POINT ( 'NONE',  ( 0.1093714993739427904, 0.06000000000000001166, -0.03553695435311857165 ) ) ;
#1671 = ORIENTED_EDGE ( 'NONE', *, *, #2401, .T. ) ;
#1672 = DIRECTION ( 'NONE',  ( -0.000000000000000000, 1.000000000000000000, -0.000000000000000000 ) ) ;
#1673 = CYLINDRICAL_SURFACE ( 'NONE', #2137, 0.009249999999999994338 ) ;
#1674 = PLANE ( 'NONE',  #1079 ) ;
#1675 = DIRECTION ( 'NONE',  ( 0.000000000000000000, 0.000000000000000000, -1.000000000000000000 ) ) ;
#1676 = DIRECTION ( 'NONE',  ( 0.000000000000000000, 1.000000000000000000, 0.000000000000000000 ) ) ;
#1677 = ORIENTED_EDGE ( 'NONE', *, *, #1350, .F. ) ;
#1678 =( CONVERSION_BASED_UNIT ( 'INCH', #2232 ) LENGTH_UNIT ( ) NAMED_UNIT ( #2434 ) );
#1679 = CYLINDRICAL_SURFACE ( 'NONE', #427, 0.01000000000000001235 ) ;
#1680 = AXIS2_PLACEMENT_3D ( 'NONE', #2334, #1570, #145 ) ;
#1681 = ORIENTED_EDGE ( 'NONE', *, *, #3433, .T. ) ;
#1682 = ORIENTED_EDGE ( 'NONE', *, *, #3058, .F. ) ;
#1683 = DIRECTION ( 'NONE',  ( 0.000000000000000000, 0.000000000000000000, 1.000000000000000000 ) ) ;
#1684 = ADVANCED_FACE ( 'NONE', ( #993 ), #2897, .T. ) ;
#1685 = SURFACE_STYLE_FILL_AREA ( #1104 ) ;
#1686 = DIRECTION ( 'NONE',  ( 0.000000000000000000, -1.000000000000000000, 0.000000000000000000 ) ) ;
#1687 = ORIENTED_EDGE ( 'NONE', *, *, #651, .T. ) ;
#1688 = FACE_OUTER_BOUND ( 'NONE', #1005, .T. ) ;
#1689 = FACE_OUTER_BOUND ( 'NONE', #1915, .T. ) ;
#1690 = CIRCLE ( 'NONE', #1518, 0.009249999999999994338 ) ;
#1691 = CARTESIAN_POINT ( 'NONE',  ( 4.033744303144888427E-16, 0.06000000000000001166, -0.1149999999999999911 ) ) ;
#1692 = CARTESIAN_POINT ( 'NONE',  ( -0.1118732162232220911, 0.05000000000000000278, 0.1790744710409900020 ) ) ;
#1693 = ORIENTED_EDGE ( 'NONE', *, *, #1350, .T. ) ;
#1694 = CARTESIAN_POINT ( 'NONE',  ( 0.000000000000000000, -8.537024980200822558E-18, 0.000000000000000000 ) ) ;
#1695 = DIRECTION ( 'NONE',  ( -0.000000000000000000, -1.000000000000000000, -0.000000000000000000 ) ) ;
#1696 = AXIS2_PLACEMENT_3D ( 'NONE', #534, #1652, #1373 ) ;
#1697 = CARTESIAN_POINT ( 'NONE',  ( 4.033744303144888427E-16, 0.06000000000000001166, -0.1149999999999999911 ) ) ;
#1698 = AXIS2_PLACEMENT_3D ( 'NONE', #2047, #3420, #3146 ) ;
#1699 = VERTEX_POINT ( 'NONE', #2367 ) ;
#1700 = ORIENTED_EDGE ( 'NONE', *, *, #2837, .F. ) ;
#1701 = AXIS2_PLACEMENT_3D ( 'NONE', #3526, #1613, #1889 ) ;
#1702 = FILL_AREA_STYLE_COLOUR ( '', #2591 ) ;
#1703 = PRESENTATION_LAYER_ASSIGNMENT (  '', '', ( #3204 ) ) ;
#1704 =( NAMED_UNIT ( * ) PLANE_ANGLE_UNIT ( ) SI_UNIT ( $, .RADIAN. ) );
#1705 = VECTOR ( 'NONE', #24, 39.37007874015748143 ) ;
#1706 = CARTESIAN_POINT ( 'NONE',  ( 4.045990771136362179E-16, 0.06000000000000001166, -0.1250000000000000000 ) ) ;
#1707 = EDGE_LOOP ( 'NONE', ( #2040, #3237 ) ) ;
#1708 = FACE_OUTER_BOUND ( 'NONE', #2015, .T. ) ;
#1709 = FACE_OUTER_BOUND ( 'NONE', #2306, .T. ) ;
#1710 = ADVANCED_FACE ( 'NONE', ( #1283 ), #1025, .T. ) ;
#1711 = AXIS2_PLACEMENT_3D ( 'NONE', #1076, #5, #2494 ) ;
#1712 = CARTESIAN_POINT ( 'NONE',  ( -3.948374053342880387E-16, 0.05500000000000000028, 0.1250000000000000000 ) ) ;
#1713 = CARTESIAN_POINT ( 'NONE',  ( -0.1093714993739427904, 0.05500000000000000028, 0.03553695435311858553 ) ) ;
#1714 = EDGE_CURVE ( 'NONE', #460, #1482, #433, .T. ) ;
#1715 = ORIENTED_EDGE ( 'NONE', *, *, #2464, .T. ) ;
#1716 = DIRECTION ( 'NONE',  ( 0.000000000000000000, 1.000000000000000000, 0.000000000000000000 ) ) ;
#1717 = AXIS2_PLACEMENT_3D ( 'NONE', #802, #279, #2718 ) ;
#1718 = ORIENTED_EDGE ( 'NONE', *, *, #2316, .F. ) ;
#1719 = CYLINDRICAL_SURFACE ( 'NONE', #1119, 0.01000000000000001235 ) ;
#1720 = LENGTH_MEASURE_WITH_UNIT ( LENGTH_MEASURE( 0.02539999999999999897 ), #1986 );
#1721 = TOROIDAL_SURFACE ( 'NONE', #1836, 0.1699999999999999845, 0.01000000000000000021 ) ;
#1722 = CARTESIAN_POINT ( 'NONE',  ( 0.1093714993739425684, -0.4499999999999999556, 0.04478695435311931539 ) ) ;
#1723 = ORIENTED_EDGE ( 'NONE', *, *, #2980, .T. ) ;
#1724 = ORIENTED_EDGE ( 'NONE', *, *, #647, .F. ) ;
#1725 = PLANE ( 'NONE',  #2881 ) ;
#1726 = AXIS2_PLACEMENT_3D ( 'NONE', #562, #1676, #505 ) ;
#1727 = CYLINDRICAL_SURFACE ( 'NONE', #3549, 0.01000000000000000368 ) ;
#1728 = EDGE_LOOP ( 'NONE', ( #513, #2206, #1014, #3543 ) ) ;
#1729 = CARTESIAN_POINT ( 'NONE',  ( -0.1093714993739425406, -0.4499999999999999556, -0.04478695435311933620 ) ) ;
#1730 = CARTESIAN_POINT ( 'NONE',  ( 0.000000000000000000, 0.06000000000000001166, 0.000000000000000000 ) ) ;
#1731 = DIRECTION ( 'NONE',  ( 0.000000000000000000, 0.000000000000000000, -1.000000000000000000 ) ) ;
#1732 = DIRECTION ( 'NONE',  ( 0.000000000000000000, 0.000000000000000000, -1.000000000000000000 ) ) ;
#1733 = EDGE_CURVE ( 'NONE', #3080, #3461, #431, .T. ) ;
#1734 = DIRECTION ( 'NONE',  ( 0.000000000000000000, -1.000000000000000000, 0.000000000000000000 ) ) ;
#1735 = ORIENTED_EDGE ( 'NONE', *, *, #3418, .T. ) ;
#1736 = FACE_OUTER_BOUND ( 'NONE', #226, .T. ) ;
#1737 = ORIENTED_EDGE ( 'NONE', *, *, #3484, .F. ) ;
#1738 = DIRECTION ( 'NONE',  ( 0.000000000000000000, -1.000000000000000000, 0.000000000000000000 ) ) ;
#1739 = FACE_OUTER_BOUND ( 'NONE', #2691, .T. ) ;
#1740 = DIRECTION ( 'NONE',  ( 0.000000000000000000, 1.000000000000000000, 0.000000000000000000 ) ) ;
#1741 = EDGE_CURVE ( 'NONE', #1809, #54, #1301, .T. ) ;
#1742 = DIRECTION ( 'NONE',  ( -0.000000000000000000, -1.000000000000000000, -0.000000000000000000 ) ) ;
#1743 = ORIENTED_EDGE ( 'NONE', *, *, #1741, .F. ) ;
#1744 = EDGE_LOOP ( 'NONE', ( #1805, #1046, #3184, #3280 ) ) ;
#1745 = FACE_OUTER_BOUND ( 'NONE', #3490, .T. ) ;
#1746 = ADVANCED_FACE ( 'NONE', ( #2217 ), #532, .T. ) ;
#1747 = CIRCLE ( 'NONE', #3250, 0.01000000000000001235 ) ;
#1748 = LINE ( 'NONE', #2074, #1239 ) ;
#1749 = VERTEX_POINT ( 'NONE', #518 ) ;
#1750 = CARTESIAN_POINT ( 'NONE',  ( 0.06759530401363474106, 0.06000000000000001166, -0.09303695435311870598 ) ) ;
#1751 = DIRECTION ( 'NONE',  ( 0.000000000000000000, -1.000000000000000000, 0.000000000000000000 ) ) ;
#1752 = CARTESIAN_POINT ( 'NONE',  ( 0.1093714993739425684, -0.4499999999999999556, 0.02628695435311933712 ) ) ;
#1753 = LINE ( 'NONE', #1474, #1292 ) ;
#1754 = ORIENTED_EDGE ( 'NONE', *, *, #2249, .T. ) ;
#1755 = CARTESIAN_POINT ( 'NONE',  ( 0.000000000000000000, 0.2250000000000000611, 0.000000000000000000 ) ) ;
#1756 = DIRECTION ( 'NONE',  ( 0.000000000000000000, 0.000000000000000000, -1.000000000000000000 ) ) ;
#1757 = CYLINDRICAL_SURFACE ( 'NONE', #2394, 0.06750000000000000444 ) ;
#1758 = ORIENTED_EDGE ( 'NONE', *, *, #1822, .T. ) ;
#1759 = CIRCLE ( 'NONE', #656, 0.009249999999999994338 ) ;
#1760 = EDGE_CURVE ( 'NONE', #2089, #123, #1935, .T. ) ;
#1761 = FILL_AREA_STYLE ('',( #1702 ) ) ;
#1762 = AXIS2_PLACEMENT_3D ( 'NONE', #355, #1740, #1776 ) ;
#1763 = AXIS2_PLACEMENT_3D ( 'NONE', #2003, #3107, #623 ) ;
#1764 = CIRCLE ( 'NONE', #531, 0.01000000000000001235 ) ;
#1765 = DIRECTION ( 'NONE',  ( 1.000000000000000000, -0.000000000000000000, 1.224646799147353207E-16 ) ) ;
#1766 = ORIENTED_EDGE ( 'NONE', *, *, #419, .T. ) ;
#1767 = ADVANCED_FACE ( 'NONE', ( #1651 ), #3282, .F. ) ;
#1768 = DIRECTION ( 'NONE',  ( 0.000000000000000000, 0.000000000000000000, 1.000000000000000000 ) ) ;
#1769 = CIRCLE ( 'NONE', #2234, 0.06750000000000000444 ) ;
#1770 = PLANE ( 'NONE',  #2755 ) ;
#1771 = AXIS2_PLACEMENT_3D ( 'NONE', #41, #18, #2185 ) ;
#1772 = DIRECTION ( 'NONE',  ( 0.000000000000000000, 1.000000000000000000, 0.000000000000000000 ) ) ;
#1773 = CARTESIAN_POINT ( 'NONE',  ( 2.158439983497209870E-17, 0.08999999999999999667, 0.1762499999999999900 ) ) ;
#1774 = ORIENTED_EDGE ( 'NONE', *, *, #1250, .F. ) ;
#1775 = DIRECTION ( 'NONE',  ( 0.000000000000000000, 1.000000000000000000, 0.000000000000000000 ) ) ;
#1776 = DIRECTION ( 'NONE',  ( 0.000000000000000000, -0.000000000000000000, 1.000000000000000000 ) ) ;
#1777 = ORIENTED_EDGE ( 'NONE', *, *, #1326, .T. ) ;
#1778 = ORIENTED_EDGE ( 'NONE', *, *, #112, .T. ) ;
#1779 = DIRECTION ( 'NONE',  ( 0.000000000000000000, -1.000000000000000000, 0.000000000000000000 ) ) ;
#1780 = AXIS2_PLACEMENT_3D ( 'NONE', #1289, #1324, #2688 ) ;
#1781 = EDGE_CURVE ( 'NONE', #2613, #3572, #2315, .T. ) ;
#1782 = DIRECTION ( 'NONE',  ( 0.000000000000000000, 0.000000000000000000, -1.000000000000000000 ) ) ;
#1783 = EDGE_LOOP ( 'NONE', ( #695, #17 ) ) ;
#1784 = DIRECTION ( 'NONE',  ( 0.000000000000000000, -1.000000000000000000, 0.000000000000000000 ) ) ;
#1785 = EDGE_CURVE ( 'NONE', #742, #517, #303, .T. ) ;
#1786 = PLANE ( 'NONE',  #3165 ) ;
#1787 = CIRCLE ( 'NONE', #2650, 0.009999999999999995004 ) ;
#1788 = DIRECTION ( 'NONE',  ( 0.000000000000000000, -1.000000000000000000, 0.000000000000000000 ) ) ;
#1789 = VERTEX_POINT ( 'NONE', #504 ) ;
#1790 = CARTESIAN_POINT ( 'NONE',  ( -0.06759530401363407492, 0.06000000000000001166, -0.1030369543531192006 ) ) ;
#1791 = ORIENTED_EDGE ( 'NONE', *, *, #1603, .F. ) ;
#1792 = SURFACE_SIDE_STYLE ('',( #684 ) ) ;
#1793 = CARTESIAN_POINT ( 'NONE',  ( 0.06759530401363408880, 0.05500000000000000028, 0.08303695435311916895 ) ) ;
#1794 = VERTEX_POINT ( 'NONE', #1120 ) ;
#1795 = CARTESIAN_POINT ( 'NONE',  ( 0.000000000000000000, -0.4499999999999999556, 0.000000000000000000 ) ) ;
#1796 = DIRECTION ( 'NONE',  ( -0.000000000000000000, 1.000000000000000000, -0.000000000000000000 ) ) ;
#1797 = VERTEX_POINT ( 'NONE', #1937 ) ;
#1798 = EDGE_CURVE ( 'NONE', #1591, #3227, #3571, .T. ) ;
#1799 = DIRECTION ( 'NONE',  ( -0.000000000000000000, -1.000000000000000000, -0.000000000000000000 ) ) ;
#1800 = FILL_AREA_STYLE_COLOUR ( '', #1201 ) ;
#1801 = STYLED_ITEM ( 'NONE', ( #2656 ), #3263 ) ;
#1802 = FACE_OUTER_BOUND ( 'NONE', #2840, .T. ) ;
#1803 = EDGE_CURVE ( 'NONE', #1277, #2292, #2461, .T. ) ;
#1804 = CYLINDRICAL_SURFACE ( 'NONE', #406, 0.009249999999999985664 ) ;
#1805 = ORIENTED_EDGE ( 'NONE', *, *, #917, .T. ) ;
#1806 = CARTESIAN_POINT ( 'NONE',  ( -3.948374053342880387E-16, 0.06000000000000001166, 0.1050000000000000100 ) ) ;
#1807 = EDGE_LOOP ( 'NONE', ( #2539, #879, #947, #1083 ) ) ;
#1808 = CARTESIAN_POINT ( 'NONE',  ( 0.06759530401363408880, 0.05500000000000000028, 0.09303695435311919171 ) ) ;
#1809 = VERTEX_POINT ( 'NONE', #3561 ) ;
#1810 = VECTOR ( 'NONE', #2058, 39.37007874015748143 ) ;
#1811 =( CONVERSION_BASED_UNIT ( 'INCH', #483 ) LENGTH_UNIT ( ) NAMED_UNIT ( #3010 ) );
#1812 = CARTESIAN_POINT ( 'NONE',  ( -0.06759530401363407492, 0.06000000000000001166, -0.09303695435311919171 ) ) ;
#1813 = VERTEX_POINT ( 'NONE', #1955 ) ;
#1814 = DIRECTION ( 'NONE',  ( 0.5877852522924733591, 0.000000000000000000, -0.8090169943749472292 ) ) ;
#1815 = AXIS2_PLACEMENT_3D ( 'NONE', #294, #1396, #2555 ) ;
#1816 =( NAMED_UNIT ( * ) SI_UNIT ( $, .STERADIAN. ) SOLID_ANGLE_UNIT ( ) );
#1817 = AXIS2_PLACEMENT_3D ( 'NONE', #1055, #1542, #2132 ) ;
#1818 = DIRECTION ( 'NONE',  ( 0.000000000000000000, 0.000000000000000000, -1.000000000000000000 ) ) ;
#1819 = VECTOR ( 'NONE', #1131, 39.37007874015748143 ) ;
#1820 = CARTESIAN_POINT ( 'NONE',  ( 4.033744303144888427E-16, 0.05000000000000000278, -0.1149999999999999911 ) ) ;
#1821 = AXIS2_PLACEMENT_3D ( 'NONE', #2637, #162, #463 ) ;
#1822 = EDGE_CURVE ( 'NONE', #1156, #2985, #1667, .T. ) ;
#1823 = FACE_OUTER_BOUND ( 'NONE', #604, .T. ) ;
#1824 = ADVANCED_FACE ( 'NONE', ( #3060 ), #3039, .T. ) ;
#1825 = VERTEX_POINT ( 'NONE', #3264 ) ;
#1826 = DIRECTION ( 'NONE',  ( 0.000000000000000000, 0.000000000000000000, -1.000000000000000000 ) ) ;
#1827 = ORIENTED_EDGE ( 'NONE', *, *, #1075, .T. ) ;
#1828 = FACE_OUTER_BOUND ( 'NONE', #144, .T. ) ;
#1829 =( LENGTH_UNIT ( ) NAMED_UNIT ( * ) SI_UNIT ( $, .METRE. ) );
#1830 = EDGE_CURVE ( 'NONE', #1296, #262, #271, .T. ) ;
#1831 = ORIENTED_EDGE ( 'NONE', *, *, #108, .T. ) ;
#1832 = CIRCLE ( 'NONE', #155, 0.01000000000000001235 ) ;
#1833 = LENGTH_MEASURE_WITH_UNIT ( LENGTH_MEASURE( 0.02539999999999999897 ), #3226 );
#1834 = CIRCLE ( 'NONE', #3040, 0.1600000000000000033 ) ;
#1835 = EDGE_LOOP ( 'NONE', ( #1907, #3145, #3213, #649 ) ) ;
#1836 = AXIS2_PLACEMENT_3D ( 'NONE', #3067, #1146, #2262 ) ;
#1837 = PLANE ( 'NONE',  #778 ) ;
#1838 = SURFACE_SIDE_STYLE ('',( #3206 ) ) ;
#1839 = AXIS2_PLACEMENT_3D ( 'NONE', #1268, #2870, #2920 ) ;
#1840 = DIRECTION ( 'NONE',  ( 0.000000000000000000, 0.000000000000000000, -1.000000000000000000 ) ) ;
#1841 = CARTESIAN_POINT ( 'NONE',  ( 0.1093714993739427904, 0.06000000000000001166, -0.04553695435311857359 ) ) ;
#1842 = VECTOR ( 'NONE', #3187, 39.37007874015748143 ) ;
#1843 = FACE_OUTER_BOUND ( 'NONE', #2905, .T. ) ;
#1844 = ORIENTED_EDGE ( 'NONE', *, *, #2479, .T. ) ;
#1845 = CARTESIAN_POINT ( 'NONE',  ( 4.033744303144888427E-16, 0.06000000000000001166, -0.1149999999999999911 ) ) ;
#1846 = ORIENTED_EDGE ( 'NONE', *, *, #1466, .T. ) ;
#1847 = DIRECTION ( 'NONE',  ( 0.000000000000000000, -1.000000000000000000, 0.000000000000000000 ) ) ;
#1848 = EDGE_CURVE ( 'NONE', #498, #3421, #1407, .T. ) ;
#1849 = SURFACE_STYLE_USAGE ( .BOTH. , #1792 ) ;
#1850 = APPLICATION_PROTOCOL_DEFINITION ( 'draft international standard', 'automotive_design', 1998, #2314 ) ;
#1851 = VECTOR ( 'NONE', #3155, 39.37007874015748143 ) ;
#1852 = VERTEX_POINT ( 'NONE', #2446 ) ;
#1853 =( NAMED_UNIT ( * ) SI_UNIT ( $, .STERADIAN. ) SOLID_ANGLE_UNIT ( ) );
#1854 = EDGE_CURVE ( 'NONE', #2122, #2355, #1372, .T. ) ;
#1855 = DIRECTION ( 'NONE',  ( 0.000000000000000000, 0.000000000000000000, -1.000000000000000000 ) ) ;
#1856 = DIRECTION ( 'NONE',  ( 0.000000000000000000, -0.000000000000000000, -1.000000000000000000 ) ) ;
#1857 = ORIENTED_EDGE ( 'NONE', *, *, #3480, .T. ) ;
#1858 = CARTESIAN_POINT ( 'NONE',  ( 0.1093714993739425267, 0.06000000000000001166, 0.02553695435311932604 ) ) ;
#1859 = CARTESIAN_POINT ( 'NONE',  ( 0.1093714993739425267, 0.05500000000000000028, 0.04553695435311932993 ) ) ;
#1860 = ORIENTED_EDGE ( 'NONE', *, *, #3219, .T. ) ;
#1861 = DIRECTION ( 'NONE',  ( -0.000000000000000000, -1.000000000000000000, -0.000000000000000000 ) ) ;
#1862 = ORIENTED_EDGE ( 'NONE', *, *, #1979, .T. ) ;
#1863 = SURFACE_SIDE_STYLE ('',( #1062 ) ) ;
#1864 = ORIENTED_EDGE ( 'NONE', *, *, #3158, .T. ) ;
#1865 = CARTESIAN_POINT ( 'NONE',  ( -0.1093714993739427904, 0.05500000000000000028, 0.02553695435311858358 ) ) ;
#1866 = DIRECTION ( 'NONE',  ( 0.000000000000000000, -1.000000000000000000, 0.000000000000000000 ) ) ;
#1867 =( GEOMETRIC_REPRESENTATION_CONTEXT ( 3 ) GLOBAL_UNCERTAINTY_ASSIGNED_CONTEXT ( ( #2667 ) ) GLOBAL_UNIT_ASSIGNED_CONTEXT ( ( #2624, #2092, #1251 ) ) REPRESENTATION_CONTEXT ( 'NONE', 'WORKASPACE' ) );
#1868 = DIRECTION ( 'NONE',  ( 0.000000000000000000, -1.000000000000000000, 0.000000000000000000 ) ) ;
#1869 = ADVANCED_FACE ( 'NONE', ( #3546 ), #1073, .T. ) ;
#1870 = CIRCLE ( 'NONE', #299, 0.009249999999999989134 ) ;
#1871 =( CONVERSION_BASED_UNIT ( 'INCH', #3247 ) LENGTH_UNIT ( ) NAMED_UNIT ( #2679 ) );
#1872 = EDGE_LOOP ( 'NONE', ( #1970, #1531, #1641, #3138 ) ) ;
#1873 = DIRECTION ( 'NONE',  ( 0.000000000000000000, -1.000000000000000000, 0.000000000000000000 ) ) ;
#1874 =( NAMED_UNIT ( * ) SI_UNIT ( $, .STERADIAN. ) SOLID_ANGLE_UNIT ( ) );
#1875 = ADVANCED_FACE ( 'NONE', ( #3009 ), #286, .F. ) ;
#1876 = FACE_OUTER_BOUND ( 'NONE', #2668, .T. ) ;
#1877 = CARTESIAN_POINT ( 'NONE',  ( -0.1357392175572830484, 0.08999999999999999667, 0.1617348060983619662 ) ) ;
#1878 = UNCERTAINTY_MEASURE_WITH_UNIT (LENGTH_MEASURE( 1.000000000000000082E-05 ), #125, 'distance_accuracy_value', 'NONE');
#1879 = CIRCLE ( 'NONE', #147, 0.009249999999999994338 ) ;
#1880 = AXIS2_PLACEMENT_3D ( 'NONE', #1399, #2560, #2506 ) ;
#1881 = AXIS2_PLACEMENT_3D ( 'NONE', #1221, #970, #328 ) ;
#1882 = FACE_OUTER_BOUND ( 'NONE', #185, .T. ) ;
#1883 = DIRECTION ( 'NONE',  ( 0.000000000000000000, 1.000000000000000000, 0.000000000000000000 ) ) ;
#1884 = SURFACE_STYLE_USAGE ( .BOTH. , #788 ) ;
#1885 = AXIS2_PLACEMENT_3D ( 'NONE', #172, #3249, #3530 ) ;
#1886 = ORIENTED_EDGE ( 'NONE', *, *, #1979, .F. ) ;
#1887 = DIRECTION ( 'NONE',  ( 0.000000000000000000, 0.000000000000000000, -1.000000000000000000 ) ) ;
#1888 = CIRCLE ( 'NONE', #2349, 0.01000000000000001235 ) ;
#1889 = DIRECTION ( 'NONE',  ( 0.000000000000000000, 0.000000000000000000, -1.000000000000000000 ) ) ;
#1890 = PRODUCT_DEFINITION ( 'UNKNOWN', '', #204, #1148 ) ;
#1891 = ORIENTED_EDGE ( 'NONE', *, *, #1134, .F. ) ;
#1892 = DIRECTION ( 'NONE',  ( -0.000000000000000000, -1.000000000000000000, -0.000000000000000000 ) ) ;
#1893 = ADVANCED_FACE ( 'NONE', ( #1745 ), #2256, .F. ) ;
#1894 = SURFACE_STYLE_FILL_AREA ( #3251 ) ;
#1895 = DIRECTION ( 'NONE',  ( 0.000000000000000000, -1.000000000000000000, 0.000000000000000000 ) ) ;
#1896 = AXIS2_PLACEMENT_3D ( 'NONE', #3049, #3323, #1110 ) ;
#1897 = EDGE_CURVE ( 'NONE', #1064, #206, #1787, .T. ) ;
#1898 = DIRECTION ( 'NONE',  ( 0.000000000000000000, -0.000000000000000000, -1.000000000000000000 ) ) ;
#1899 = COLOUR_RGB ( '',0.2509803921568627416, 0.2509803921568627416, 0.2509803921568627416 ) ;
#1900 = AXIS2_PLACEMENT_3D ( 'NONE', #27, #2809, #3395 ) ;
#1901 = CARTESIAN_POINT ( 'NONE',  ( -0.06759530401363472718, -0.9761629509039022601, 0.1022869543531187420 ) ) ;
#1902 = LENGTH_MEASURE_WITH_UNIT ( LENGTH_MEASURE( 0.02539999999999999897 ), #2987 );
#1903 = EDGE_LOOP ( 'NONE', ( #2523, #1263 ) ) ;
#1904 = PLANE ( 'NONE',  #94 ) ;
#1905 = LENGTH_MEASURE_WITH_UNIT ( LENGTH_MEASURE( 0.02539999999999999897 ), #1614 );
#1906 = VECTOR ( 'NONE', #239, 39.37007874015748143 ) ;
#1907 = ORIENTED_EDGE ( 'NONE', *, *, #848, .F. ) ;
#1908 =( GEOMETRIC_REPRESENTATION_CONTEXT ( 3 ) GLOBAL_UNCERTAINTY_ASSIGNED_CONTEXT ( ( #494 ) ) GLOBAL_UNIT_ASSIGNED_CONTEXT ( ( #3119, #2376, #2361 ) ) REPRESENTATION_CONTEXT ( 'NONE', 'WORKASPACE' ) );
#1909 = DIRECTION ( 'NONE',  ( 0.8090169943749463410, 0.000000000000000000, 0.5877852522924744694 ) ) ;
#1910 = DIRECTION ( 'NONE',  ( 0.000000000000000000, -1.000000000000000000, 0.000000000000000000 ) ) ;
#1911 = CARTESIAN_POINT ( 'NONE',  ( -0.06759530401363408880, -0.4499999999999999556, -0.09303695435311920559 ) ) ;
#1912 = EDGE_CURVE ( 'NONE', #3340, #1313, #1091, .T. ) ;
#1913 = DIRECTION ( 'NONE',  ( 0.000000000000000000, 0.000000000000000000, 1.000000000000000000 ) ) ;
#1914 = VECTOR ( 'NONE', #422, 39.37007874015748143 ) ;
#1915 = EDGE_LOOP ( 'NONE', ( #2892, #3310 ) ) ;
#1916 = CARTESIAN_POINT ( 'NONE',  ( -0.09130073239298550081, 0.05000000000000000278, 0.1507588762378668235 ) ) ;
#1917 = EDGE_LOOP ( 'NONE', ( #971, #95 ) ) ;
#1918 = CARTESIAN_POINT ( 'NONE',  ( 0.1093714993739427904, -0.9761629509039022601, -0.02628695435311859813 ) ) ;
#1919 = DIMENSIONAL_EXPONENTS ( 1.000000000000000000, 0.000000000000000000, 0.000000000000000000, 0.000000000000000000, 0.000000000000000000, 0.000000000000000000, 0.000000000000000000 ) ;
#1920 = FILL_AREA_STYLE_COLOUR ( '', #658 ) ;
#1921 = FACE_OUTER_BOUND ( 'NONE', #3179, .T. ) ;
#1922 = EDGE_LOOP ( 'NONE', ( #729, #1516 ) ) ;
#1923 = DIRECTION ( 'NONE',  ( -0.000000000000000000, -1.000000000000000000, -0.000000000000000000 ) ) ;
#1924 = ADVANCED_FACE ( 'NONE', ( #3348 ), #1174, .F. ) ;
#1925 = FACE_OUTER_BOUND ( 'NONE', #1520, .T. ) ;
#1926 =( GEOMETRIC_REPRESENTATION_CONTEXT ( 3 ) GLOBAL_UNCERTAINTY_ASSIGNED_CONTEXT ( ( #2850 ) ) GLOBAL_UNIT_ASSIGNED_CONTEXT ( ( #1558, #181, #263 ) ) REPRESENTATION_CONTEXT ( 'NONE', 'WORKASPACE' ) );
#1927 = EDGE_CURVE ( 'NONE', #1929, #1637, #3118, .T. ) ;
#1928 = AXIS2_PLACEMENT_3D ( 'NONE', #1115, #1695, #565 ) ;
#1929 = VERTEX_POINT ( 'NONE', #3388 ) ;
#1930 = CARTESIAN_POINT ( 'NONE',  ( -0.06759530401363472718, 0.05000000000000000278, 0.08303695435311872486 ) ) ;
#1931 = CARTESIAN_POINT ( 'NONE',  ( 0.000000000000000000, 0.08999999999999999667, 0.000000000000000000 ) ) ;
#1932 = CIRCLE ( 'NONE', #2177, 0.01000000000000001235 ) ;
#1933 =( NAMED_UNIT ( * ) PLANE_ANGLE_UNIT ( ) SI_UNIT ( $, .RADIAN. ) );
#1934 = ADVANCED_FACE ( 'NONE', ( #635 ), #1725, .F. ) ;
#1935 = CIRCLE ( 'NONE', #3498, 0.01000000000000001235 ) ;
#1936 = ORIENTED_EDGE ( 'NONE', *, *, #1664, .F. ) ;
#1937 = CARTESIAN_POINT ( 'NONE',  ( 0.06759530401363474106, 0.05500000000000000028, -0.08303695435311869710 ) ) ;
#1938 = PRESENTATION_STYLE_ASSIGNMENT (( #42 ) ) ;
#1939 = PLANE ( 'NONE',  #1355 ) ;
#1940 = ORIENTED_EDGE ( 'NONE', *, *, #2211, .F. ) ;
#1941 = DIRECTION ( 'NONE',  ( 0.000000000000000000, 0.000000000000000000, -1.000000000000000000 ) ) ;
#1942 = CYLINDRICAL_SURFACE ( 'NONE', #2416, 0.01000000000000001756 ) ;
#1943 = CLOSED_SHELL ( 'NONE', ( #2420, #844, #3055, #2048 ) ) ;
#1944 = DIRECTION ( 'NONE',  ( 0.000000000000000000, -1.000000000000000000, 0.000000000000000000 ) ) ;
#1945 = CIRCLE ( 'NONE', #2750, 0.009249999999999989134 ) ;
#1946 = DIRECTION ( 'NONE',  ( 0.000000000000000000, 0.000000000000000000, 1.000000000000000000 ) ) ;
#1947 = DIRECTION ( 'NONE',  ( 0.000000000000000000, 0.000000000000000000, -1.000000000000000000 ) ) ;
#1948 = AXIS2_PLACEMENT_3D ( 'NONE', #1108, #1978, #2790 ) ;
#1949 = EDGE_LOOP ( 'NONE', ( #2201, #302, #465, #2143 ) ) ;
#1950 = DIRECTION ( 'NONE',  ( 0.000000000000000000, -0.000000000000000000, -1.000000000000000000 ) ) ;
#1951 = EDGE_CURVE ( 'NONE', #3456, #1277, #924, .T. ) ;
#1952 = LINE ( 'NONE', #2009, #661 ) ;
#1953 = ORIENTED_EDGE ( 'NONE', *, *, #2785, .T. ) ;
#1954 = EDGE_CURVE ( 'NONE', #1231, #1513, #2570, .T. ) ;
#1955 = CARTESIAN_POINT ( 'NONE',  ( -0.06759530401363472718, 0.06000000000000001166, 0.08303695435311872486 ) ) ;
#1956 = LINE ( 'NONE', #2218, #2620 ) ;
#1957 = PRESENTATION_LAYER_ASSIGNMENT (  '', '', ( #3232 ) ) ;
#1958 = DIRECTION ( 'NONE',  ( 0.000000000000000000, 0.000000000000000000, -1.000000000000000000 ) ) ;
#1959 = ORIENTED_EDGE ( 'NONE', *, *, #1374, .F. ) ;
#1960 = CARTESIAN_POINT ( 'NONE',  ( -0.1093714993739425406, 0.05500000000000000028, -0.03553695435311934187 ) ) ;
#1961 = DIRECTION ( 'NONE',  ( -0.000000000000000000, -1.000000000000000000, -0.000000000000000000 ) ) ;
#1962 = LINE ( 'NONE', #438, #1081 ) ;
#1963 = DIRECTION ( 'NONE',  ( 0.000000000000000000, 0.000000000000000000, -1.000000000000000000 ) ) ;
#1964 = EDGE_LOOP ( 'NONE', ( #628, #1983, #3008, #2460 ) ) ;
#1965 = LINE ( 'NONE', #1213, #2680 ) ;
#1966 = CARTESIAN_POINT ( 'NONE',  ( -0.06759530401363408880, 0.05500000000000000028, -0.09303695435311920559 ) ) ;
#1967 = LENGTH_MEASURE_WITH_UNIT ( LENGTH_MEASURE( 0.02539999999999999897 ), #3406 );
#1968 = AXIS2_PLACEMENT_3D ( 'NONE', #2107, #2952, #2932 ) ;
#1969 = DIRECTION ( 'NONE',  ( 0.000000000000000000, 1.000000000000000000, 0.000000000000000000 ) ) ;
#1970 = ORIENTED_EDGE ( 'NONE', *, *, #803, .F. ) ;
#1971 = ORIENTED_EDGE ( 'NONE', *, *, #83, .F. ) ;
#1972 = DIRECTION ( 'NONE',  ( 0.000000000000000000, 1.000000000000000000, 0.000000000000000000 ) ) ;
#1973 = EDGE_CURVE ( 'NONE', #3242, #1446, #85, .T. ) ;
#1974 = FACE_OUTER_BOUND ( 'NONE', #867, .T. ) ;
#1975 = EDGE_LOOP ( 'NONE', ( #151, #2167 ) ) ;
#1976 = DIRECTION ( 'NONE',  ( 0.000000000000000000, -1.000000000000000000, 0.000000000000000000 ) ) ;
#1977 = DIRECTION ( 'NONE',  ( 0.000000000000000000, 0.000000000000000000, 1.000000000000000000 ) ) ;
#1978 = DIRECTION ( 'NONE',  ( 0.000000000000000000, -1.000000000000000000, 0.000000000000000000 ) ) ;
#1979 = EDGE_CURVE ( 'NONE', #2833, #3360, #1320, .T. ) ;
#1980 = DIRECTION ( 'NONE',  ( 0.000000000000000000, -1.000000000000000000, 0.000000000000000000 ) ) ;
#1981 = DIRECTION ( 'NONE',  ( -0.000000000000000000, -1.000000000000000000, -0.000000000000000000 ) ) ;
#1982 = UNCERTAINTY_MEASURE_WITH_UNIT (LENGTH_MEASURE( 1.000000000000000082E-05 ), #3481, 'distance_accuracy_value', 'NONE');
#1983 = ORIENTED_EDGE ( 'NONE', *, *, #3244, .F. ) ;
#1984 = CARTESIAN_POINT ( 'NONE',  ( -0.1093714993739425406, 0.05500000000000000028, -0.04553695435311935075 ) ) ;
#1985 = DIRECTION ( 'NONE',  ( 0.000000000000000000, -1.000000000000000000, 0.000000000000000000 ) ) ;
#1986 =( LENGTH_UNIT ( ) NAMED_UNIT ( * ) SI_UNIT ( $, .METRE. ) );
#1987 = AXIS2_PLACEMENT_3D ( 'NONE', #3061, #2272, #4 ) ;
#1988 = DIRECTION ( 'NONE',  ( 0.000000000000000000, -1.000000000000000000, 0.000000000000000000 ) ) ;
#1989 = ORIENTED_EDGE ( 'NONE', *, *, #1785, .F. ) ;
#1990 = ORIENTED_EDGE ( 'NONE', *, *, #624, .T. ) ;
#1991 = AXIS2_PLACEMENT_3D ( 'NONE', #320, #3071, #928 ) ;
#1992 = DIRECTION ( 'NONE',  ( 0.000000000000000000, 0.000000000000000000, -1.000000000000000000 ) ) ;
#1993 = SURFACE_STYLE_USAGE ( .BOTH. , #3041 ) ;
#1994 = AXIS2_PLACEMENT_3D ( 'NONE', #744, #703, #3464 ) ;
#1995 = EDGE_CURVE ( 'NONE', #1033, #3173, #3230, .T. ) ;
#1996 = DIRECTION ( 'NONE',  ( -0.000000000000000000, -1.000000000000000000, -0.000000000000000000 ) ) ;
#1997 = ORIENTED_EDGE ( 'NONE', *, *, #2681, .F. ) ;
#1998 = EDGE_CURVE ( 'NONE', #2557, #1852, #672, .T. ) ;
#1999 = CARTESIAN_POINT ( 'NONE',  ( 0.000000000000000000, 0.08999999999999999667, 0.000000000000000000 ) ) ;
#2000 = AXIS2_PLACEMENT_3D ( 'NONE', #1307, #472, #2685 ) ;
#2001 = CARTESIAN_POINT ( 'NONE',  ( 0.1093714993739425684, 0.05500000000000000028, 0.03553695435311932799 ) ) ;
#2002 = ADVANCED_FACE ( 'NONE', ( #2308 ), #2017, .F. ) ;
#2003 = CARTESIAN_POINT ( 'NONE',  ( 0.000000000000000000, 0.000000000000000000, 0.000000000000000000 ) ) ;
#2004 = CLOSED_SHELL ( 'NONE', ( #1746, #1345, #1489, #2725 ) ) ;
#2005 = ORIENTED_EDGE ( 'NONE', *, *, #945, .T. ) ;
#2006 = DIRECTION ( 'NONE',  ( 0.000000000000000000, -1.000000000000000000, 0.000000000000000000 ) ) ;
#2007 = AXIS2_PLACEMENT_3D ( 'NONE', #2384, #725, #1010 ) ;
#2008 = MANIFOLD_SOLID_BREP ( 'Body-Move/Copy1[10]', #217 ) ;
#2009 = CARTESIAN_POINT ( 'NONE',  ( 0.06759530401363408880, 0.06000000000000001166, 0.08303695435311916895 ) ) ;
#2010 = AXIS2_PLACEMENT_3D ( 'NONE', #300, #3362, #2838 ) ;
#2011 = FACE_OUTER_BOUND ( 'NONE', #221, .T. ) ;
#2012 = MECHANICAL_DESIGN_GEOMETRIC_PRESENTATION_REPRESENTATION (  '', ( #2192 ), #1426 ) ;
#2013 = CARTESIAN_POINT ( 'NONE',  ( 0.1093714993739427904, 0.05000000000000000278, -0.02553695435311856624 ) ) ;
#2014 = ORIENTED_EDGE ( 'NONE', *, *, #3370, .T. ) ;
#2015 = EDGE_LOOP ( 'NONE', ( #1737, #1475, #153, #1451 ) ) ;
#2016 = PRESENTATION_LAYER_ASSIGNMENT (  '', '', ( #3401 ) ) ;
#2017 = PLANE ( 'NONE',  #558 ) ;
#2018 = VECTOR ( 'NONE', #3482, 39.37007874015748143 ) ;
#2019 = CARTESIAN_POINT ( 'NONE',  ( 0.000000000000000000, 0.8725483399593904066, 0.000000000000000000 ) ) ;
#2020 = VERTEX_POINT ( 'NONE', #688 ) ;
#2021 = DIRECTION ( 'NONE',  ( 0.000000000000000000, 0.000000000000000000, 1.000000000000000000 ) ) ;
#2022 = CYLINDRICAL_SURFACE ( 'NONE', #444, 0.01000000000000000021 ) ;
#2023 = VECTOR ( 'NONE', #3, 39.37007874015748143 ) ;
#2024 = DIRECTION ( 'NONE',  ( 0.000000000000000000, -0.000000000000000000, 1.000000000000000000 ) ) ;
#2025 = FACE_OUTER_BOUND ( 'NONE', #584, .T. ) ;
#2026 = EDGE_CURVE ( 'NONE', #206, #1064, #3005, .T. ) ;
#2027 = EDGE_LOOP ( 'NONE', ( #3163, #3331 ) ) ;
#2028 = PLANE ( 'NONE',  #23 ) ;
#2029 = EDGE_LOOP ( 'NONE', ( #1599, #2567 ) ) ;
#2030 = MANIFOLD_SOLID_BREP ( 'Body-Move/Copy1[12]', #2872 ) ;
#2031 = LINE ( 'NONE', #2233, #3319 ) ;
#2032 = SURFACE_SIDE_STYLE ('',( #2583 ) ) ;
#2033 = DIRECTION ( 'NONE',  ( 0.000000000000000000, 0.000000000000000000, -1.000000000000000000 ) ) ;
#2034 = CYLINDRICAL_SURFACE ( 'NONE', #3023, 0.01000000000000001235 ) ;
#2035 = ORIENTED_EDGE ( 'NONE', *, *, #2863, .F. ) ;
#2036 = EDGE_LOOP ( 'NONE', ( #376, #982, #1681, #833 ) ) ;
#2037 = CARTESIAN_POINT ( 'NONE',  ( -3.948374053342880387E-16, 0.05500000000000000028, 0.1150000000000000050 ) ) ;
#2038 = VECTOR ( 'NONE', #322, 39.37007874015748143 ) ;
#2039 = DIRECTION ( 'NONE',  ( -0.000000000000000000, -1.000000000000000000, -0.000000000000000000 ) ) ;
#2040 = ORIENTED_EDGE ( 'NONE', *, *, #588, .T. ) ;
#2041 = DIRECTION ( 'NONE',  ( -0.000000000000000000, 1.000000000000000000, -0.000000000000000000 ) ) ;
#2042 = DIRECTION ( 'NONE',  ( 0.000000000000000000, 0.000000000000000000, -1.000000000000000000 ) ) ;
#2043 = FACE_BOUND ( 'NONE', #2246, .T. ) ;
#2044 = CARTESIAN_POINT ( 'NONE',  ( 0.1093714993739427904, 0.05500000000000000028, -0.04553695435311857359 ) ) ;
#2045 = EDGE_CURVE ( 'NONE', #650, #285, #988, .T. ) ;
#2046 = ORIENTED_EDGE ( 'NONE', *, *, #1288, .T. ) ;
#2047 = CARTESIAN_POINT ( 'NONE',  ( 0.000000000000000000, -0.4499999999999999556, 0.000000000000000000 ) ) ;
#2048 = ADVANCED_FACE ( 'NONE', ( #452 ), #3245, .F. ) ;
#2049 = CARTESIAN_POINT ( 'NONE',  ( 0.06759530401363411656, -0.4499999999999999556, 0.08378695435311919737 ) ) ;
#2050 = CARTESIAN_POINT ( 'NONE',  ( 0.000000000000000000, 0.2250000000000000611, 0.000000000000000000 ) ) ;
#2051 = EDGE_LOOP ( 'NONE', ( #1273, #3560 ) ) ;
#2052 = ORIENTED_EDGE ( 'NONE', *, *, #3322, .T. ) ;
#2053 = EDGE_CURVE ( 'NONE', #943, #1571, #2370, .T. ) ;
#2054 = DIRECTION ( 'NONE',  ( 0.000000000000000000, -0.000000000000000000, -1.000000000000000000 ) ) ;
#2055 = AXIS2_PLACEMENT_3D ( 'NONE', #627, #2558, #96 ) ;
#2056 = CIRCLE ( 'NONE', #1013, 0.1499999999999999944 ) ;
#2057 = AXIS2_PLACEMENT_3D ( 'NONE', #1960, #2260, #1941 ) ;
#2058 = DIRECTION ( 'NONE',  ( -0.000000000000000000, 1.000000000000000000, -0.000000000000000000 ) ) ;
#2059 = ORIENTED_EDGE ( 'NONE', *, *, #1173, .F. ) ;
#2060 =( GEOMETRIC_REPRESENTATION_CONTEXT ( 3 ) GLOBAL_UNCERTAINTY_ASSIGNED_CONTEXT ( ( #642 ) ) GLOBAL_UNIT_ASSIGNED_CONTEXT ( ( #2719, #2125, #246 ) ) REPRESENTATION_CONTEXT ( 'NONE', 'WORKASPACE' ) );
#2061 = CARTESIAN_POINT ( 'NONE',  ( 1.959434878635765415E-17, 0.2250000000000000611, 0.1600000000000000033 ) ) ;
#2062 = MANIFOLD_SOLID_BREP ( 'Body-Move/Copy1[19]', #1480 ) ;
#2063 = DIRECTION ( 'NONE',  ( 0.000000000000000000, -1.000000000000000000, 0.000000000000000000 ) ) ;
#2064 = DIRECTION ( 'NONE',  ( 0.000000000000000000, -0.000000000000000000, -1.000000000000000000 ) ) ;
#2065 = ORIENTED_EDGE ( 'NONE', *, *, #2045, .T. ) ;
#2066 = FACE_OUTER_BOUND ( 'NONE', #2200, .T. ) ;
#2067 = ORIENTED_EDGE ( 'NONE', *, *, #2929, .T. ) ;
#2068 = CLOSED_SHELL ( 'NONE', ( #2898, #863, #969, #814 ) ) ;
#2069 = EDGE_CURVE ( 'NONE', #563, #2966, #3516, .T. ) ;
#2070 = EDGE_LOOP ( 'NONE', ( #1552, #2083 ) ) ;
#2071 = VECTOR ( 'NONE', #243, 39.37007874015748854 ) ;
#2072 = COLOUR_RGB ( '',0.7921568627450980005, 0.8196078431372548767, 0.9333333333333333481 ) ;
#2073 = ADVANCED_FACE ( 'NONE', ( #373 ), #1423, .T. ) ;
#2074 = CARTESIAN_POINT ( 'NONE',  ( -3.936127585351407128E-16, 0.06000000000000001166, 0.1250000000000000000 ) ) ;
#2075 = ORIENTED_EDGE ( 'NONE', *, *, #1157, .T. ) ;
#2076 = DIRECTION ( 'NONE',  ( -0.000000000000000000, -1.000000000000000000, -0.000000000000000000 ) ) ;
#2077 = FILL_AREA_STYLE ('',( #1800 ) ) ;
#2078 = MANIFOLD_SOLID_BREP ( 'Body-Move/Copy1[9]', #3508 ) ;
#2079 = ADVANCED_FACE ( 'NONE', ( #1739 ), #630, .F. ) ;
#2080 = DIRECTION ( 'NONE',  ( 0.000000000000000000, -1.000000000000000000, 0.000000000000000000 ) ) ;
#2081 = LINE ( 'NONE', #2044, #3422 ) ;
#2082 = STYLED_ITEM ( 'NONE', ( #1443 ), #2078 ) ;
#2083 = ORIENTED_EDGE ( 'NONE', *, *, #2516, .F. ) ;
#2084 = DIRECTION ( 'NONE',  ( 0.000000000000000000, 0.000000000000000000, -1.000000000000000000 ) ) ;
#2085 = ORIENTED_EDGE ( 'NONE', *, *, #1461, .T. ) ;
#2086 = MANIFOLD_SOLID_BREP ( 'Body-Move/Copy1[21]', #2810 ) ;
#2087 = SURFACE_STYLE_FILL_AREA ( #983 ) ;
#2088 = CYLINDRICAL_SURFACE ( 'NONE', #308, 0.06750000000000000444 ) ;
#2089 = VERTEX_POINT ( 'NONE', #699 ) ;
#2090 = SURFACE_STYLE_FILL_AREA ( #2147 ) ;
#2091 = SURFACE_STYLE_FILL_AREA ( #3200 ) ;
#2092 =( NAMED_UNIT ( * ) PLANE_ANGLE_UNIT ( ) SI_UNIT ( $, .RADIAN. ) );
#2093 = EDGE_LOOP ( 'NONE', ( #2275, #1410 ) ) ;
#2094 = CARTESIAN_POINT ( 'NONE',  ( -0.1093714993739428043, 0.05500000000000000028, 0.02628695435311858425 ) ) ;
#2095 = TOROIDAL_SURFACE ( 'NONE', #290, 0.1699999999999999845, 0.01000000000000000021 ) ;
#2096 = EDGE_CURVE ( 'NONE', #1789, #3402, #1362, .T. ) ;
#2097 = CARTESIAN_POINT ( 'NONE',  ( 0.1093714993739427904, 0.05500000000000000028, -0.03553695435311858553 ) ) ;
#2098 = DIRECTION ( 'NONE',  ( 0.000000000000000000, 0.000000000000000000, -1.000000000000000000 ) ) ;
#2099 = DIRECTION ( 'NONE',  ( 0.000000000000000000, -1.000000000000000000, 0.000000000000000000 ) ) ;
#2100 = ADVANCED_FACE ( 'NONE', ( #3240 ), #407, .T. ) ;
#2101 = DIRECTION ( 'NONE',  ( 0.000000000000000000, 0.000000000000000000, -1.000000000000000000 ) ) ;
#2102 = ORIENTED_EDGE ( 'NONE', *, *, #3212, .T. ) ;
#2103 = DIRECTION ( 'NONE',  ( 0.000000000000000000, 0.000000000000000000, -1.000000000000000000 ) ) ;
#2104 = VERTEX_POINT ( 'NONE', #3439 ) ;
#2105 = MANIFOLD_SOLID_BREP ( 'Body-Move/Copy1[18]', #1308 ) ;
#2106 = EDGE_LOOP ( 'NONE', ( #2528, #469, #137, #3064 ) ) ;
#2107 = CARTESIAN_POINT ( 'NONE',  ( -0.06759530401363472718, 0.06000000000000001166, 0.09303695435311874762 ) ) ;
#2108 = SURFACE_STYLE_USAGE ( .BOTH. , #2392 ) ;
#2109 = ORIENTED_EDGE ( 'NONE', *, *, #1204, .F. ) ;
#2110 = DIRECTION ( 'NONE',  ( 0.000000000000000000, 0.000000000000000000, -1.000000000000000000 ) ) ;
#2111 = DIMENSIONAL_EXPONENTS ( 1.000000000000000000, 0.000000000000000000, 0.000000000000000000, 0.000000000000000000, 0.000000000000000000, 0.000000000000000000, 0.000000000000000000 ) ;
#2112 = PRESENTATION_LAYER_ASSIGNMENT (  '', '', ( #3199 ) ) ;
#2113 = CIRCLE ( 'NONE', #1821, 0.01000000000000001235 ) ;
#2114 = CIRCLE ( 'NONE', #2226, 0.009249999999999989134 ) ;
#2115 = ADVANCED_FACE ( 'NONE', ( #1246 ), #2614, .T. ) ;
#2116 = CARTESIAN_POINT ( 'NONE',  ( 0.1093714993739425267, 0.06000000000000001166, 0.02553695435311932604 ) ) ;
#2117 = VECTOR ( 'NONE', #2267, 39.37007874015748143 ) ;
#2118 = CARTESIAN_POINT ( 'NONE',  ( -0.1093714993739425406, 0.05500000000000000028, -0.03553695435311933493 ) ) ;
#2119 = ADVANCED_FACE ( 'NONE', ( #1828 ), #3457, .T. ) ;
#2120 = ORIENTED_EDGE ( 'NONE', *, *, #317, .F. ) ;
#2121 = CARTESIAN_POINT ( 'NONE',  ( 0.06759530401363408880, 0.05000000000000000278, 0.09303695435311919171 ) ) ;
#2122 = VERTEX_POINT ( 'NONE', #2336 ) ;
#2123 = MANIFOLD_SOLID_BREP ( 'Body-Move/Copy1[15]', #383 ) ;
#2124 = CARTESIAN_POINT ( 'NONE',  ( -3.948374053342880387E-16, 0.05500000000000000028, 0.1150000000000000050 ) ) ;
#2125 =( NAMED_UNIT ( * ) PLANE_ANGLE_UNIT ( ) SI_UNIT ( $, .RADIAN. ) );
#2126 = ADVANCED_FACE ( 'NONE', ( #1097 ), #1514, .T. ) ;
#2127 = ORIENTED_EDGE ( 'NONE', *, *, #2814, .F. ) ;
#2128 = DIRECTION ( 'NONE',  ( 0.000000000000000000, -0.000000000000000000, 1.000000000000000000 ) ) ;
#2129 = FILL_AREA_STYLE_COLOUR ( '', #1255 ) ;
#2130 = MANIFOLD_SOLID_BREP ( 'Body-Move/Copy1[13]', #787 ) ;
#2131 = CIRCLE ( 'NONE', #2134, 0.1600000000000000033 ) ;
#2132 = DIRECTION ( 'NONE',  ( 0.000000000000000000, -0.000000000000000000, -1.000000000000000000 ) ) ;
#2133 = VERTEX_POINT ( 'NONE', #1593 ) ;
#2134 = AXIS2_PLACEMENT_3D ( 'NONE', #334, #3085, #111 ) ;
#2135 = LINE ( 'NONE', #2169, #895 ) ;
#2136 = PRESENTATION_STYLE_ASSIGNMENT (( #2748 ) ) ;
#2137 = AXIS2_PLACEMENT_3D ( 'NONE', #1435, #3354, #348 ) ;
#2138 = MANIFOLD_SOLID_BREP ( 'Body-Move/Copy1[3]', #545 ) ;
#2139 = DIRECTION ( 'NONE',  ( 0.000000000000000000, 0.000000000000000000, -1.000000000000000000 ) ) ;
#2140 = DIRECTION ( 'NONE',  ( 0.000000000000000000, -1.000000000000000000, 0.000000000000000000 ) ) ;
#2141 = ORIENTED_EDGE ( 'NONE', *, *, #758, .T. ) ;
#2142 = DIRECTION ( 'NONE',  ( 0.000000000000000000, -1.000000000000000000, 0.000000000000000000 ) ) ;
#2143 = ORIENTED_EDGE ( 'NONE', *, *, #923, .T. ) ;
#2144 = VECTOR ( 'NONE', #2604, 39.37007874015748143 ) ;
#2145 = DIRECTION ( 'NONE',  ( 0.000000000000000000, 0.000000000000000000, 1.000000000000000000 ) ) ;
#2146 = VERTEX_POINT ( 'NONE', #1638 ) ;
#2147 = FILL_AREA_STYLE ('',( #410 ) ) ;
#2148 = PLANE ( 'NONE',  #596 ) ;
#2149 = DIRECTION ( 'NONE',  ( 0.000000000000000000, 0.000000000000000000, -1.000000000000000000 ) ) ;
#2150 = EDGE_CURVE ( 'NONE', #2165, #1377, #2968, .T. ) ;
#2151 = ORIENTED_EDGE ( 'NONE', *, *, #2096, .F. ) ;
#2152 = CARTESIAN_POINT ( 'NONE',  ( 0.06759530401363474106, 0.06000000000000001166, -0.1030369543531187287 ) ) ;
#2153 = DIRECTION ( 'NONE',  ( -0.000000000000000000, 1.000000000000000000, -0.000000000000000000 ) ) ;
#2154 = AXIS2_PLACEMENT_3D ( 'NONE', #3435, #2906, #2084 ) ;
#2155 = FACE_OUTER_BOUND ( 'NONE', #84, .T. ) ;
#2156 = FACE_OUTER_BOUND ( 'NONE', #3387, .T. ) ;
#2157 = PRESENTATION_STYLE_ASSIGNMENT (( #1884 ) ) ;
#2158 = EDGE_CURVE ( 'NONE', #1088, #1626, #2228, .T. ) ;
#2159 = ORIENTED_EDGE ( 'NONE', *, *, #1395, .T. ) ;
#2160 = DIMENSIONAL_EXPONENTS ( 1.000000000000000000, 0.000000000000000000, 0.000000000000000000, 0.000000000000000000, 0.000000000000000000, 0.000000000000000000, 0.000000000000000000 ) ;
#2161 = DIRECTION ( 'NONE',  ( 0.000000000000000000, 0.000000000000000000, -1.000000000000000000 ) ) ;
#2162 = EDGE_CURVE ( 'NONE', #2557, #1113, #1341, .T. ) ;
#2163 = LINE ( 'NONE', #527, #316 ) ;
#2164 = SURFACE_STYLE_FILL_AREA ( #3020 ) ;
#2165 = VERTEX_POINT ( 'NONE', #1187 ) ;
#2166 = FILL_AREA_STYLE_COLOUR ( '', #254 ) ;
#2167 = ORIENTED_EDGE ( 'NONE', *, *, #2592, .F. ) ;
#2168 = EDGE_CURVE ( 'NONE', #2456, #1500, #826, .T. ) ;
#2169 = CARTESIAN_POINT ( 'NONE',  ( 4.045990771136362179E-16, 0.06000000000000001166, -0.1049999999999999684 ) ) ;
#2170 = CARTESIAN_POINT ( 'NONE',  ( -0.06759530401363472718, -0.4499999999999999556, 0.1022869543531187420 ) ) ;
#2171 = CARTESIAN_POINT ( 'NONE',  ( -0.1118732162232220911, 0.08999999999999999667, 0.1790744710409900020 ) ) ;
#2172 = AXIS2_PLACEMENT_3D ( 'NONE', #99, #929, #2033 ) ;
#2173 = AXIS2_PLACEMENT_3D ( 'NONE', #3081, #3046, #1107 ) ;
#2174 = CIRCLE ( 'NONE', #311, 0.009999999999999995004 ) ;
#2175 = DIRECTION ( 'NONE',  ( 0.000000000000000000, -1.000000000000000000, 0.000000000000000000 ) ) ;
#2176 = SURFACE_STYLE_FILL_AREA ( #3522 ) ;
#2177 = AXIS2_PLACEMENT_3D ( 'NONE', #722, #2414, #691 ) ;
#2178 = ORIENTED_EDGE ( 'NONE', *, *, #919, .T. ) ;
#2179 = CARTESIAN_POINT ( 'NONE',  ( 3.884346365991374479E-16, -0.4499999999999999556, -0.1057500000000000107 ) ) ;
#2180 = CYLINDRICAL_SURFACE ( 'NONE', #893, 0.01000000000000001235 ) ;
#2181 =( NAMED_UNIT ( * ) SI_UNIT ( $, .STERADIAN. ) SOLID_ANGLE_UNIT ( ) );
#2182 = PLANE ( 'NONE',  #1660 ) ;
#2183 = VECTOR ( 'NONE', #784, 39.37007874015748143 ) ;
#2184 = VERTEX_POINT ( 'NONE', #878 ) ;
#2185 = DIRECTION ( 'NONE',  ( 0.000000000000000000, 0.000000000000000000, -1.000000000000000000 ) ) ;
#2186 = ADVANCED_FACE ( 'NONE', ( #113 ), #350, .T. ) ;
#2187 = DIRECTION ( 'NONE',  ( 0.000000000000000000, -1.000000000000000000, 0.000000000000000000 ) ) ;
#2188 = CIRCLE ( 'NONE', #496, 0.009999999999999995004 ) ;
#2189 = AXIS2_PLACEMENT_3D ( 'NONE', #1228, #2640, #163 ) ;
#2190 = CYLINDRICAL_SURFACE ( 'NONE', #267, 0.009249999999999989134 ) ;
#2191 = AXIS2_PLACEMENT_3D ( 'NONE', #1093, #3302, #812 ) ;
#2192 = STYLED_ITEM ( 'NONE', ( #2196 ), #2130 ) ;
#2193 = STYLED_ITEM ( 'NONE', ( #2348 ), #845 ) ;
#2194 = CARTESIAN_POINT ( 'NONE',  ( -0.1093714993739425406, 0.05500000000000000028, -0.04553695435311935075 ) ) ;
#2195 = AXIS2_PLACEMENT_3D ( 'NONE', #2368, #2941, #1818 ) ;
#2196 = PRESENTATION_STYLE_ASSIGNMENT (( #3273 ) ) ;
#2197 = EDGE_LOOP ( 'NONE', ( #2534, #168, #2345, #87, #3037, #423 ) ) ;
#2198 = CYLINDRICAL_SURFACE ( 'NONE', #1589, 0.1762499999999999900 ) ;
#2199 = AXIS2_PLACEMENT_3D ( 'NONE', #1632, #3311, #3427 ) ;
#2200 = EDGE_LOOP ( 'NONE', ( #873, #180 ) ) ;
#2201 = ORIENTED_EDGE ( 'NONE', *, *, #3424, .F. ) ;
#2202 = CARTESIAN_POINT ( 'NONE',  ( 0.06759530401363408880, 0.05500000000000000028, 0.09303695435311919171 ) ) ;
#2203 = DIRECTION ( 'NONE',  ( 0.000000000000000000, -1.000000000000000000, 0.000000000000000000 ) ) ;
#2204 = EDGE_CURVE ( 'NONE', #3242, #1699, #2856, .T. ) ;
#2205 = PLANE ( 'NONE',  #606 ) ;
#2206 = ORIENTED_EDGE ( 'NONE', *, *, #3017, .F. ) ;
#2207 = EDGE_CURVE ( 'NONE', #2292, #2586, #2449, .T. ) ;
#2208 = DIRECTION ( 'NONE',  ( 0.000000000000000000, 0.000000000000000000, 1.000000000000000000 ) ) ;
#2209 = DIMENSIONAL_EXPONENTS ( 1.000000000000000000, 0.000000000000000000, 0.000000000000000000, 0.000000000000000000, 0.000000000000000000, 0.000000000000000000, 0.000000000000000000 ) ;
#2210 = DIRECTION ( 'NONE',  ( 0.000000000000000000, 0.000000000000000000, -1.000000000000000000 ) ) ;
#2211 = EDGE_CURVE ( 'NONE', #1590, #2286, #2056, .T. ) ;
#2212 = AXIS2_PLACEMENT_3D ( 'NONE', #3470, #1553, #1826 ) ;
#2213 = ORIENTED_EDGE ( 'NONE', *, *, #2162, .F. ) ;
#2214 = CARTESIAN_POINT ( 'NONE',  ( -0.06759530401363472718, -0.4499999999999999556, 0.08378695435311875328 ) ) ;
#2215 = CIRCLE ( 'NONE', #295, 0.01000000000000001235 ) ;
#2216 = ORIENTED_EDGE ( 'NONE', *, *, #1505, .T. ) ;
#2217 = FACE_OUTER_BOUND ( 'NONE', #3181, .T. ) ;
#2218 = CARTESIAN_POINT ( 'NONE',  ( -0.1151667337270464303, 0.05000000000000000278, 0.1334192112952388154 ) ) ;
#2219 = CARTESIAN_POINT ( 'NONE',  ( -3.948374053342880387E-16, 0.05500000000000000028, 0.1150000000000000050 ) ) ;
#2220 = VERTEX_POINT ( 'NONE', #641 ) ;
#2221 = DIRECTION ( 'NONE',  ( 0.000000000000000000, 1.000000000000000000, 0.000000000000000000 ) ) ;
#2222 = FACE_OUTER_BOUND ( 'NONE', #1744, .T. ) ;
#2223 = EDGE_CURVE ( 'NONE', #123, #2089, #3377, .T. ) ;
#2224 = CIRCLE ( 'NONE', #3196, 0.1762499999999999900 ) ;
#2225 = DIRECTION ( 'NONE',  ( 0.000000000000000000, -1.000000000000000000, 0.000000000000000000 ) ) ;
#2226 = AXIS2_PLACEMENT_3D ( 'NONE', #2247, #2579, #2817 ) ;
#2227 = EDGE_CURVE ( 'NONE', #1626, #1232, #1753, .T. ) ;
#2228 = CIRCLE ( 'NONE', #90, 0.01000000000000001235 ) ;
#2229 = ADVANCED_FACE ( 'NONE', ( #2025 ), #1165, .T. ) ;
#2230 = AXIS2_PLACEMENT_3D ( 'NONE', #1441, #3383, #1756 ) ;
#2231 = ORIENTED_EDGE ( 'NONE', *, *, #1733, .F. ) ;
#2232 = LENGTH_MEASURE_WITH_UNIT ( LENGTH_MEASURE( 0.02539999999999999897 ), #1662 );
#2233 = CARTESIAN_POINT ( 'NONE',  ( 0.000000000000000000, 0.08999999999999999667, -0.1762499999999999900 ) ) ;
#2234 = AXIS2_PLACEMENT_3D ( 'NONE', #3186, #2379, #2433 ) ;
#2235 = VERTEX_POINT ( 'NONE', #1692 ) ;
#2236 = DIRECTION ( 'NONE',  ( 0.000000000000000000, 0.000000000000000000, -1.000000000000000000 ) ) ;
#2237 = DIRECTION ( 'NONE',  ( 0.000000000000000000, -0.000000000000000000, -1.000000000000000000 ) ) ;
#2238 = ORIENTED_EDGE ( 'NONE', *, *, #673, .F. ) ;
#2239 = DIRECTION ( 'NONE',  ( 0.000000000000000000, -1.000000000000000000, 0.000000000000000000 ) ) ;
#2240 = CARTESIAN_POINT ( 'NONE',  ( 0.000000000000000000, -0.4499999999999999556, 0.000000000000000000 ) ) ;
#2241 = CIRCLE ( 'NONE', #2641, 0.01000000000000001235 ) ;
#2242 = FACE_BOUND ( 'NONE', #2300, .T. ) ;
#2243 = AXIS2_PLACEMENT_3D ( 'NONE', #896, #2537, #314 ) ;
#2244 = CARTESIAN_POINT ( 'NONE',  ( 0.1093714993739425267, 0.05500000000000000028, 0.03553695435311932799 ) ) ;
#2245 = AXIS2_PLACEMENT_3D ( 'NONE', #2240, #310, #3066 ) ;
#2246 = EDGE_LOOP ( 'NONE', ( #761, #948 ) ) ;
#2247 = CARTESIAN_POINT ( 'NONE',  ( -0.1093714993739428043, 0.05500000000000000028, 0.03553695435311857165 ) ) ;
#2248 = CARTESIAN_POINT ( 'NONE',  ( 0.06759530401363408880, 0.06000000000000001166, 0.09303695435311919171 ) ) ;
#2249 = EDGE_CURVE ( 'NONE', #3340, #3461, #251, .T. ) ;
#2250 = SURFACE_STYLE_FILL_AREA ( #1191 ) ;
#2251 = DIRECTION ( 'NONE',  ( 0.000000000000000000, -1.000000000000000000, 0.000000000000000000 ) ) ;
#2252 = CARTESIAN_POINT ( 'NONE',  ( -0.06759530401363472718, 0.06000000000000001166, 0.1030369543531187565 ) ) ;
#2253 = ORIENTED_EDGE ( 'NONE', *, *, #2788, .F. ) ;
#2254 = VERTEX_POINT ( 'NONE', #2298 ) ;
#2255 = EDGE_CURVE ( 'NONE', #943, #3419, #315, .T. ) ;
#2256 = PLANE ( 'NONE',  #625 ) ;
#2257 = AXIS2_PLACEMENT_3D ( 'NONE', #203, #321, #37 ) ;
#2258 = CARTESIAN_POINT ( 'NONE',  ( -0.06759530401363472718, 0.05500000000000000028, 0.09303695435311874762 ) ) ;
#2259 = ORIENTED_EDGE ( 'NONE', *, *, #1312, .T. ) ;
#2260 = DIRECTION ( 'NONE',  ( 0.000000000000000000, -1.000000000000000000, 0.000000000000000000 ) ) ;
#2261 = CYLINDRICAL_SURFACE ( 'NONE', #3511, 0.009999999999999995004 ) ;
#2262 = DIRECTION ( 'NONE',  ( 0.000000000000000000, 0.000000000000000000, 1.000000000000000000 ) ) ;
#2263 = DIRECTION ( 'NONE',  ( 0.000000000000000000, -1.000000000000000000, 0.000000000000000000 ) ) ;
#2264 = CARTESIAN_POINT ( 'NONE',  ( -0.06759530401363472718, -0.9761629509039022601, 0.09303695435311874762 ) ) ;
#2265 = EDGE_LOOP ( 'NONE', ( #1631, #101 ) ) ;
#2266 = CARTESIAN_POINT ( 'NONE',  ( -3.948374053342880387E-16, 0.06000000000000001166, 0.1150000000000000050 ) ) ;
#2267 = DIRECTION ( 'NONE',  ( -0.000000000000000000, 1.000000000000000000, -0.000000000000000000 ) ) ;
#2268 = DIRECTION ( 'NONE',  ( 0.000000000000000000, 0.000000000000000000, 1.000000000000000000 ) ) ;
#2269 = EDGE_CURVE ( 'NONE', #2827, #2907, #2619, .T. ) ;
#2270 = ORIENTED_EDGE ( 'NONE', *, *, #2702, .T. ) ;
#2271 = ORIENTED_EDGE ( 'NONE', *, *, #705, .F. ) ;
#2272 = DIRECTION ( 'NONE',  ( 0.000000000000000000, 1.000000000000000000, 0.000000000000000000 ) ) ;
#2273 = ADVANCED_FACE ( 'NONE', ( #1147 ), #3068, .T. ) ;
#2274 = CARTESIAN_POINT ( 'NONE',  ( 0.000000000000000000, -0.4499999999999999556, 0.000000000000000000 ) ) ;
#2275 = ORIENTED_EDGE ( 'NONE', *, *, #2069, .F. ) ;
#2276 = CARTESIAN_POINT ( 'NONE',  ( 0.000000000000000000, 0.8725483399593904066, 0.000000000000000000 ) ) ;
#2277 = CARTESIAN_POINT ( 'NONE',  ( -0.1357392175572830484, 0.05000000000000000278, 0.1617348060983619662 ) ) ;
#2278 = CARTESIAN_POINT ( 'NONE',  ( -0.1093714993739425406, 0.06000000000000001166, -0.04553695435311935075 ) ) ;
#2279 = FACE_OUTER_BOUND ( 'NONE', #1917, .T. ) ;
#2280 = ORIENTED_EDGE ( 'NONE', *, *, #1442, .T. ) ;
#2281 = DIRECTION ( 'NONE',  ( -0.000000000000000000, -1.000000000000000000, -0.000000000000000000 ) ) ;
#2282 = CYLINDRICAL_SURFACE ( 'NONE', #3548, 0.01000000000000000368 ) ;
#2283 = FILL_AREA_STYLE_COLOUR ( '', #3176 ) ;
#2284 =( GEOMETRIC_REPRESENTATION_CONTEXT ( 3 ) GLOBAL_UNCERTAINTY_ASSIGNED_CONTEXT ( ( #2419 ) ) GLOBAL_UNIT_ASSIGNED_CONTEXT ( ( #2706, #3003, #3293 ) ) REPRESENTATION_CONTEXT ( 'NONE', 'WORKASPACE' ) );
#2285 = DIRECTION ( 'NONE',  ( 0.000000000000000000, -1.000000000000000000, 0.000000000000000000 ) ) ;
#2286 = VERTEX_POINT ( 'NONE', #335 ) ;
#2287 = CIRCLE ( 'NONE', #3202, 0.1762499999999999900 ) ;
#2288 = DIRECTION ( 'NONE',  ( 0.000000000000000000, 0.000000000000000000, 1.000000000000000000 ) ) ;
#2289 = PRESENTATION_LAYER_ASSIGNMENT (  '', '', ( #1801 ) ) ;
#2290 = AXIS2_PLACEMENT_3D ( 'NONE', #3101, #88, #3448 ) ;
#2291 = CARTESIAN_POINT ( 'NONE',  ( 2.081899558550500465E-17, 0.09000000000000001055, -0.1699999999999999845 ) ) ;
#2292 = VERTEX_POINT ( 'NONE', #1438 ) ;
#2293 = PLANE ( 'NONE',  #2347 ) ;
#2294 = EDGE_CURVE ( 'NONE', #3456, #2586, #2538, .T. ) ;
#2295 = CARTESIAN_POINT ( 'NONE',  ( 0.1093714993739427904, 0.06000000000000001166, -0.03553695435311857165 ) ) ;
#2296 = CIRCLE ( 'NONE', #2000, 0.01000000000000000368 ) ;
#2297 = DIRECTION ( 'NONE',  ( 0.000000000000000000, 0.000000000000000000, 1.000000000000000000 ) ) ;
#2298 = CARTESIAN_POINT ( 'NONE',  ( 0.06759530401363408880, 0.05000000000000000278, 0.1030369543531192006 ) ) ;
#2299 = CIRCLE ( 'NONE', #724, 0.009249999999999985664 ) ;
#2300 = EDGE_LOOP ( 'NONE', ( #238, #751 ) ) ;
#2301 = LINE ( 'NONE', #859, #1819 ) ;
#2302 = AXIS2_PLACEMENT_3D ( 'NONE', #874, #1976, #747 ) ;
#2303 = CYLINDRICAL_SURFACE ( 'NONE', #1991, 0.01000000000000000368 ) ;
#2304 = CIRCLE ( 'NONE', #2584, 0.01000000000000000021 ) ;
#2305 = DIRECTION ( 'NONE',  ( 0.000000000000000000, -1.000000000000000000, 0.000000000000000000 ) ) ;
#2306 = EDGE_LOOP ( 'NONE', ( #1258, #2587, #3335, #3074 ) ) ;
#2307 = ORIENTED_EDGE ( 'NONE', *, *, #546, .T. ) ;
#2308 = FACE_OUTER_BOUND ( 'NONE', #908, .T. ) ;
#2309 = CIRCLE ( 'NONE', #3404, 0.01000000000000000021 ) ;
#2310 = FILL_AREA_STYLE_COLOUR ( '', #2623 ) ;
#2311 = ORIENTED_EDGE ( 'NONE', *, *, #1577, .T. ) ;
#2312 = CARTESIAN_POINT ( 'NONE',  ( 4.033744303144888427E-16, 0.05500000000000000028, -0.1149999999999999911 ) ) ;
#2313 = ADVANCED_FACE ( 'NONE', ( #2279 ), #3379, .F. ) ;
#2314 = APPLICATION_CONTEXT ( 'automotive_design' ) ;
#2315 = CIRCLE ( 'NONE', #2824, 0.009250000000000009950 ) ;
#2316 = EDGE_CURVE ( 'NONE', #2286, #1590, #2563, .T. ) ;
#2317 = DIRECTION ( 'NONE',  ( 0.000000000000000000, 0.000000000000000000, 1.000000000000000000 ) ) ;
#2318 = FACE_OUTER_BOUND ( 'NONE', #3487, .T. ) ;
#2319 = EDGE_CURVE ( 'NONE', #123, #2833, #978, .T. ) ;
#2320 = ORIENTED_EDGE ( 'NONE', *, *, #2158, .T. ) ;
#2321 = DIRECTION ( 'NONE',  ( 0.000000000000000000, -0.000000000000000000, 1.000000000000000000 ) ) ;
#2322 = CARTESIAN_POINT ( 'NONE',  ( 0.1093714993739427904, 0.05500000000000000028, -0.03553695435311857165 ) ) ;
#2323 =( NAMED_UNIT ( * ) PLANE_ANGLE_UNIT ( ) SI_UNIT ( $, .RADIAN. ) );
#2324 = DIRECTION ( 'NONE',  ( -0.000000000000000000, 1.000000000000000000, -0.000000000000000000 ) ) ;
#2325 = DIRECTION ( 'NONE',  ( 0.000000000000000000, 0.000000000000000000, -1.000000000000000000 ) ) ;
#2326 = ORIENTED_EDGE ( 'NONE', *, *, #506, .F. ) ;
#2327 = CARTESIAN_POINT ( 'NONE',  ( -0.1093714993739427904, 0.06000000000000001166, 0.03553695435311858553 ) ) ;
#2328 = FACE_OUTER_BOUND ( 'NONE', #2406, .T. ) ;
#2329 = EDGE_LOOP ( 'NONE', ( #858, #2878 ) ) ;
#2330 = DIRECTION ( 'NONE',  ( 0.000000000000000000, -1.000000000000000000, 0.000000000000000000 ) ) ;
#2331 = ADVANCED_FACE ( 'NONE', ( #726 ), #439, .T. ) ;
#2332 = CIRCLE ( 'NONE', #2444, 0.06750000000000000444 ) ;
#2333 = EDGE_LOOP ( 'NONE', ( #3436, #1098 ) ) ;
#2334 = CARTESIAN_POINT ( 'NONE',  ( 0.1093714993739425684, 0.05500000000000000028, 0.03553695435311932799 ) ) ;
#2335 = VERTEX_POINT ( 'NONE', #1773 ) ;
#2336 = CARTESIAN_POINT ( 'NONE',  ( -0.1093714993739425406, 0.06000000000000001166, -0.04553695435311935075 ) ) ;
#2337 = DIRECTION ( 'NONE',  ( 0.000000000000000000, -1.000000000000000000, 0.000000000000000000 ) ) ;
#2338 = ADVANCED_FACE ( 'NONE', ( #1843 ), #1494, .T. ) ;
#2339 = ORIENTED_EDGE ( 'NONE', *, *, #2360, .T. ) ;
#2340 = EDGE_LOOP ( 'NONE', ( #2712, #421 ) ) ;
#2341 = MECHANICAL_DESIGN_GEOMETRIC_PRESENTATION_REPRESENTATION (  '', ( #2621 ), #1867 ) ;
#2342 = AXIS2_PLACEMENT_3D ( 'NONE', #3359, #370, #665 ) ;
#2343 = AXIS2_PLACEMENT_3D ( 'NONE', #646, #1738, #861 ) ;
#2344 = DIRECTION ( 'NONE',  ( 0.000000000000000000, -0.000000000000000000, 1.000000000000000000 ) ) ;
#2345 = ORIENTED_EDGE ( 'NONE', *, *, #1415, .T. ) ;
#2346 = CARTESIAN_POINT ( 'NONE',  ( -0.06759530401363472718, 0.06000000000000001166, 0.09303695435311874762 ) ) ;
#2347 = AXIS2_PLACEMENT_3D ( 'NONE', #1488, #3139, #2828 ) ;
#2348 = PRESENTATION_STYLE_ASSIGNMENT (( #2381 ) ) ;
#2349 = AXIS2_PLACEMENT_3D ( 'NONE', #2711, #15, #2742 ) ;
#2350 = CARTESIAN_POINT ( 'NONE',  ( -0.06759530401363407492, 0.06000000000000001166, -0.1030369543531192006 ) ) ;
#2351 = DIRECTION ( 'NONE',  ( 0.000000000000000000, 0.000000000000000000, 1.000000000000000000 ) ) ;
#2352 = UNCERTAINTY_MEASURE_WITH_UNIT (LENGTH_MEASURE( 1.000000000000000082E-05 ), #1158, 'distance_accuracy_value', 'NONE');
#2353 = EDGE_LOOP ( 'NONE', ( #1242, #1000, #102, #2035 ) ) ;
#2354 = CARTESIAN_POINT ( 'NONE',  ( 0.06759530401363474106, 0.06000000000000001166, -0.09303695435311870598 ) ) ;
#2355 = VERTEX_POINT ( 'NONE', #1256 ) ;
#2356 = LINE ( 'NONE', #1793, #2795 ) ;
#2357 = CLOSED_SHELL ( 'NONE', ( #1391, #3544, #1668, #2313 ) ) ;
#2358 = ORIENTED_EDGE ( 'NONE', *, *, #2788, .T. ) ;
#2359 = MECHANICAL_DESIGN_GEOMETRIC_PRESENTATION_REPRESENTATION (  '', ( #975 ), #1136 ) ;
#2360 = EDGE_CURVE ( 'NONE', #3327, #1554, #959, .T. ) ;
#2361 =( NAMED_UNIT ( * ) SI_UNIT ( $, .STERADIAN. ) SOLID_ANGLE_UNIT ( ) );
#2362 = CIRCLE ( 'NONE', #1780, 0.06750000000000000444 ) ;
#2363 = AXIS2_PLACEMENT_3D ( 'NONE', #1538, #756, #200 ) ;
#2364 = AXIS2_PLACEMENT_3D ( 'NONE', #557, #278, #1379 ) ;
#2365 = ORIENTED_EDGE ( 'NONE', *, *, #3062, .T. ) ;
#2366 = ADVANCED_FACE ( 'NONE', ( #694 ), #417, .T. ) ;
#2367 = CARTESIAN_POINT ( 'NONE',  ( -0.1093714993739427904, 0.05500000000000000028, 0.04553695435311858747 ) ) ;
#2368 = CARTESIAN_POINT ( 'NONE',  ( 4.033744303144888427E-16, 0.05000000000000000278, -0.1149999999999999911 ) ) ;
#2369 = CARTESIAN_POINT ( 'NONE',  ( 0.06759530401363408880, 0.06000000000000001166, 0.09303695435311919171 ) ) ;
#2370 = CIRCLE ( 'NONE', #1669, 0.1762499999999999900 ) ;
#2371 = ORIENTED_EDGE ( 'NONE', *, *, #3376, .F. ) ;
#2372 = DIRECTION ( 'NONE',  ( 0.000000000000000000, 0.000000000000000000, -1.000000000000000000 ) ) ;
#2373 = ORIENTED_EDGE ( 'NONE', *, *, #1912, .F. ) ;
#2374 = ORIENTED_EDGE ( 'NONE', *, *, #83, .T. ) ;
#2375 = SURFACE_SIDE_STYLE ('',( #967 ) ) ;
#2376 =( NAMED_UNIT ( * ) PLANE_ANGLE_UNIT ( ) SI_UNIT ( $, .RADIAN. ) );
#2377 = DIRECTION ( 'NONE',  ( 0.000000000000000000, 0.000000000000000000, -1.000000000000000000 ) ) ;
#2378 = ORIENTED_EDGE ( 'NONE', *, *, #2319, .F. ) ;
#2379 = DIRECTION ( 'NONE',  ( 0.000000000000000000, -1.000000000000000000, 0.000000000000000000 ) ) ;
#2380 = AXIS2_PLACEMENT_3D ( 'NONE', #459, #1788, #2064 ) ;
#2381 = SURFACE_STYLE_USAGE ( .BOTH. , #1838 ) ;
#2382 = ADVANCED_FACE ( 'NONE', ( #1240 ), #2943, .F. ) ;
#2383 = CARTESIAN_POINT ( 'NONE',  ( 0.1093714993739425267, 0.05500000000000000028, 0.03553695435311932799 ) ) ;
#2384 = CARTESIAN_POINT ( 'NONE',  ( 0.000000000000000000, -0.4499999999999999556, 0.000000000000000000 ) ) ;
#2385 = UNCERTAINTY_MEASURE_WITH_UNIT (LENGTH_MEASURE( 1.000000000000000082E-05 ), #1678, 'distance_accuracy_value', 'NONE');
#2386 = ADVANCED_FACE ( 'NONE', ( #2318 ), #3417, .F. ) ;
#2387 = ORIENTED_EDGE ( 'NONE', *, *, #3109, .F. ) ;
#2388 = FACE_OUTER_BOUND ( 'NONE', #698, .T. ) ;
#2389 = VERTEX_POINT ( 'NONE', #388 ) ;
#2390 =( NAMED_UNIT ( * ) SI_UNIT ( $, .STERADIAN. ) SOLID_ANGLE_UNIT ( ) );
#2391 = EDGE_LOOP ( 'NONE', ( #1249, #1496, #2603, #1579 ) ) ;
#2392 = SURFACE_SIDE_STYLE ('',( #2091 ) ) ;
#2393 = PRESENTATION_STYLE_ASSIGNMENT (( #1054 ) ) ;
#2394 = AXIS2_PLACEMENT_3D ( 'NONE', #2857, #632, #648 ) ;
#2395 = ORIENTED_EDGE ( 'NONE', *, *, #8, .F. ) ;
#2396 = CARTESIAN_POINT ( 'NONE',  ( 0.1093714993739427904, 0.06000000000000001166, -0.03553695435311857165 ) ) ;
#2397 = COLOUR_RGB ( '',0.2509803921568627416, 0.2509803921568627416, 0.2509803921568627416 ) ;
#2398 = FACE_OUTER_BOUND ( 'NONE', #1101, .T. ) ;
#2399 = CARTESIAN_POINT ( 'NONE',  ( -0.09130073239298550081, 0.08999999999999999667, 0.1507588762378668235 ) ) ;
#2400 = DIRECTION ( 'NONE',  ( 0.000000000000000000, 0.000000000000000000, -1.000000000000000000 ) ) ;
#2401 = EDGE_CURVE ( 'NONE', #2220, #3402, #2081, .T. ) ;
#2402 = AXIS2_PLACEMENT_3D ( 'NONE', #207, #1873, #2110 ) ;
#2403 = FACE_OUTER_BOUND ( 'NONE', #654, .T. ) ;
#2404 = EDGE_LOOP ( 'NONE', ( #2602, #941 ) ) ;
#2405 = CARTESIAN_POINT ( 'NONE',  ( -0.1093714993739427904, 0.06000000000000001166, 0.03553695435311858553 ) ) ;
#2406 = EDGE_LOOP ( 'NONE', ( #2059, #1462, #1687, #2743 ) ) ;
#2407 = EDGE_CURVE ( 'NONE', #1433, #1056, #131, .T. ) ;
#2408 = CARTESIAN_POINT ( 'NONE',  ( 0.06759530401363408880, 0.06000000000000001166, 0.09303695435311919171 ) ) ;
#2409 = VERTEX_POINT ( 'NONE', #662 ) ;
#2410 = DIRECTION ( 'NONE',  ( 0.000000000000000000, -1.000000000000000000, 0.000000000000000000 ) ) ;
#2411 =( NAMED_UNIT ( * ) SI_UNIT ( $, .STERADIAN. ) SOLID_ANGLE_UNIT ( ) );
#2412 = ORIENTED_EDGE ( 'NONE', *, *, #1225, .F. ) ;
#2413 = CIRCLE ( 'NONE', #3334, 0.06750000000000000444 ) ;
#2414 = DIRECTION ( 'NONE',  ( 0.000000000000000000, -1.000000000000000000, 0.000000000000000000 ) ) ;
#2415 = SURFACE_SIDE_STYLE ('',( #1894 ) ) ;
#2416 = AXIS2_PLACEMENT_3D ( 'NONE', #2497, #2771, #1145 ) ;
#2417 = CARTESIAN_POINT ( 'NONE',  ( 0.06759530401363411656, 0.05500000000000000028, 0.1022869543531192138 ) ) ;
#2418 = CARTESIAN_POINT ( 'NONE',  ( 0.1093714993739427904, -0.4499999999999999556, -0.04478695435311857292 ) ) ;
#2419 = UNCERTAINTY_MEASURE_WITH_UNIT (LENGTH_MEASURE( 1.000000000000000082E-05 ), #2706, 'distance_accuracy_value', 'NONE');
#2420 = ADVANCED_FACE ( 'NONE', ( #2886 ), #1804, .T. ) ;
#2421 = EDGE_LOOP ( 'NONE', ( #409, #712 ) ) ;
#2422 = DIRECTION ( 'NONE',  ( 0.000000000000000000, -1.000000000000000000, 0.000000000000000000 ) ) ;
#2423 = DIRECTION ( 'NONE',  ( -0.000000000000000000, 1.000000000000000000, -0.000000000000000000 ) ) ;
#2424 = AXIS2_PLACEMENT_3D ( 'NONE', #2588, #3412, #121 ) ;
#2425 = CARTESIAN_POINT ( 'NONE',  ( 0.000000000000000000, 0.05500000000000000028, 0.000000000000000000 ) ) ;
#2426 = EDGE_CURVE ( 'NONE', #1481, #2389, #1508, .T. ) ;
#2427 = ORIENTED_EDGE ( 'NONE', *, *, #336, .T. ) ;
#2428 = CARTESIAN_POINT ( 'NONE',  ( 0.1093714993739427904, 0.05500000000000000028, -0.03553695435311857165 ) ) ;
#2429 = DIRECTION ( 'NONE',  ( 0.000000000000000000, -1.000000000000000000, 0.000000000000000000 ) ) ;
#2430 = SURFACE_STYLE_FILL_AREA ( #1264 ) ;
#2431 = FACE_OUTER_BOUND ( 'NONE', #1037, .T. ) ;
#2432 = EDGE_LOOP ( 'NONE', ( #3294, #429 ) ) ;
#2433 = DIRECTION ( 'NONE',  ( 0.000000000000000000, 0.000000000000000000, -1.000000000000000000 ) ) ;
#2434 = DIMENSIONAL_EXPONENTS ( 1.000000000000000000, 0.000000000000000000, 0.000000000000000000, 0.000000000000000000, 0.000000000000000000, 0.000000000000000000, 0.000000000000000000 ) ;
#2435 = DIRECTION ( 'NONE',  ( -0.000000000000000000, 1.000000000000000000, -0.000000000000000000 ) ) ;
#2436 = DIRECTION ( 'NONE',  ( 0.000000000000000000, -1.000000000000000000, 0.000000000000000000 ) ) ;
#2437 = CARTESIAN_POINT ( 'NONE',  ( -0.06759530401363407492, 0.06000000000000001166, -0.09303695435311919171 ) ) ;
#2438 = ADVANCED_FACE ( 'NONE', ( #3178 ), #2902, .F. ) ;
#2439 = AXIS2_PLACEMENT_3D ( 'NONE', #1575, #2410, #3222 ) ;
#2440 = VERTEX_POINT ( 'NONE', #3192 ) ;
#2441 = DIRECTION ( 'NONE',  ( 0.000000000000000000, -1.000000000000000000, 0.000000000000000000 ) ) ;
#2442 = DIRECTION ( 'NONE',  ( -0.5877852522924733591, 0.000000000000000000, 0.8090169943749472292 ) ) ;
#2443 = ADVANCED_FACE ( 'NONE', ( #1823 ), #2095, .F. ) ;
#2444 = AXIS2_PLACEMENT_3D ( 'NONE', #3025, #2786, #1653 ) ;
#2445 = EDGE_LOOP ( 'NONE', ( #2924, #1139 ) ) ;
#2446 = CARTESIAN_POINT ( 'NONE',  ( -0.1093714993739427904, 0.05000000000000000278, 0.02553695435311858358 ) ) ;
#2447 = SURFACE_SIDE_STYLE ('',( #1334 ) ) ;
#2448 = DIRECTION ( 'NONE',  ( 0.000000000000000000, 0.000000000000000000, -1.000000000000000000 ) ) ;
#2449 = CIRCLE ( 'NONE', #1815, 0.009249999999999994338 ) ;
#2450 = STYLED_ITEM ( 'NONE', ( #1938 ), #921 ) ;
#2451 = DIRECTION ( 'NONE',  ( -0.000000000000000000, 1.000000000000000000, -0.000000000000000000 ) ) ;
#2452 = AXIS2_PLACEMENT_3D ( 'NONE', #1627, #1343, #2710 ) ;
#2453 = AXIS2_PLACEMENT_3D ( 'NONE', #2322, #1847, #1534 ) ;
#2454 = PLANE ( 'NONE',  #612 ) ;
#2455 = FILL_AREA_STYLE_COLOUR ( '', #1639 ) ;
#2456 = VERTEX_POINT ( 'NONE', #194 ) ;
#2457 = DIRECTION ( 'NONE',  ( 0.000000000000000000, -1.000000000000000000, 0.000000000000000000 ) ) ;
#2458 = EDGE_CURVE ( 'NONE', #1482, #3127, #2775, .T. ) ;
#2459 = VECTOR ( 'NONE', #746, 39.37007874015748854 ) ;
#2460 = ORIENTED_EDGE ( 'NONE', *, *, #2096, .T. ) ;
#2461 = LINE ( 'NONE', #2782, #743 ) ;
#2462 = AXIS2_PLACEMENT_3D ( 'NONE', #1691, #293, #2517 ) ;
#2463 = FACE_OUTER_BOUND ( 'NONE', #3203, .T. ) ;
#2464 = EDGE_CURVE ( 'NONE', #1797, #1665, #1747, .T. ) ;
#2465 = FACE_OUTER_BOUND ( 'NONE', #3112, .T. ) ;
#2466 = AXIS2_PLACEMENT_3D ( 'NONE', #2665, #400, #1527 ) ;
#2467 = DIRECTION ( 'NONE',  ( -0.000000000000000000, -1.000000000000000000, -0.000000000000000000 ) ) ;
#2468 = CARTESIAN_POINT ( 'NONE',  ( -3.820318678639868079E-16, -0.9761629509039022601, 0.1150000000000000328 ) ) ;
#2469 = AXIS2_PLACEMENT_3D ( 'NONE', #1414, #876, #894 ) ;
#2470 = ORIENTED_EDGE ( 'NONE', *, *, #1374, .T. ) ;
#2471 = CIRCLE ( 'NONE', #1726, 0.009249999999999989134 ) ;
#2472 = ORIENTED_EDGE ( 'NONE', *, *, #2255, .T. ) ;
#2473 = CARTESIAN_POINT ( 'NONE',  ( -0.06759530401363472718, 0.05500000000000000028, 0.09303695435311874762 ) ) ;
#2474 = CARTESIAN_POINT ( 'NONE',  ( 0.06759530401363408880, 0.06000000000000001166, 0.08303695435311916895 ) ) ;
#2475 = AXIS2_PLACEMENT_3D ( 'NONE', #3097, #359, #611 ) ;
#2476 = ORIENTED_EDGE ( 'NONE', *, *, #2223, .F. ) ;
#2477 = VERTEX_POINT ( 'NONE', #3505 ) ;
#2478 = DIRECTION ( 'NONE',  ( 0.000000000000000000, 0.000000000000000000, 1.000000000000000000 ) ) ;
#2479 = EDGE_CURVE ( 'NONE', #851, #2509, #3130, .T. ) ;
#2480 = CARTESIAN_POINT ( 'NONE',  ( 0.1093714993739427904, -0.9761629509039022601, -0.03553695435311858553 ) ) ;
#2481 = ORIENTED_EDGE ( 'NONE', *, *, #2980, .F. ) ;
#2482 = CARTESIAN_POINT ( 'NONE',  ( -3.936127585351407128E-16, 0.06000000000000001166, 0.1050000000000000100 ) ) ;
#2483 = ADVANCED_FACE ( 'NONE', ( #2612 ), #1512, .F. ) ;
#2484 = DIRECTION ( 'NONE',  ( 0.000000000000000000, -0.000000000000000000, -1.000000000000000000 ) ) ;
#2485 = DIRECTION ( 'NONE',  ( 0.000000000000000000, 0.000000000000000000, -1.000000000000000000 ) ) ;
#2486 = LENGTH_MEASURE_WITH_UNIT ( LENGTH_MEASURE( 0.02539999999999999897 ), #1382 );
#2487 = TOROIDAL_SURFACE ( 'NONE', #7, 0.1499999999999999944, 0.01000000000000000021 ) ;
#2488 = ORIENTED_EDGE ( 'NONE', *, *, #2883, .T. ) ;
#2489 = CARTESIAN_POINT ( 'NONE',  ( -0.06759530401363408880, 0.05500000000000000028, -0.1022869543531192138 ) ) ;
#2490 = CYLINDRICAL_SURFACE ( 'NONE', #1176, 0.009250000000000009950 ) ;
#2491 = CARTESIAN_POINT ( 'NONE',  ( -0.1093714993739425406, 0.05500000000000000028, -0.02553695435311931911 ) ) ;
#2492 = ORIENTED_EDGE ( 'NONE', *, *, #3480, .F. ) ;
#2493 = DIRECTION ( 'NONE',  ( -0.000000000000000000, -1.000000000000000000, -0.000000000000000000 ) ) ;
#2494 = DIRECTION ( 'NONE',  ( 0.000000000000000000, 0.000000000000000000, -1.000000000000000000 ) ) ;
#2495 = VERTEX_POINT ( 'NONE', #962 ) ;
#2496 = CYLINDRICAL_SURFACE ( 'NONE', #3154, 0.06750000000000000444 ) ;
#2497 = CARTESIAN_POINT ( 'NONE',  ( -0.1093714993739425406, 0.06000000000000001166, -0.03553695435311933493 ) ) ;
#2498 = ADVANCED_FACE ( 'NONE', ( #2066 ), #461, .F. ) ;
#2499 = DIRECTION ( 'NONE',  ( 0.000000000000000000, 0.000000000000000000, 1.000000000000000000 ) ) ;
#2500 = DIRECTION ( 'NONE',  ( -0.000000000000000000, 1.000000000000000000, -0.000000000000000000 ) ) ;
#2501 = AXIS2_PLACEMENT_3D ( 'NONE', #942, #1775, #353 ) ;
#2502 = AXIS2_PLACEMENT_3D ( 'NONE', #2812, #2519, #51 ) ;
#2503 = ADVANCED_FACE ( 'NONE', ( #2388 ), #1497, .F. ) ;
#2504 = ORIENTED_EDGE ( 'NONE', *, *, #2407, .T. ) ;
#2505 = CARTESIAN_POINT ( 'NONE',  ( -0.06759530401363407492, 0.06000000000000001166, -0.09303695435311919171 ) ) ;
#2506 = DIRECTION ( 'NONE',  ( 0.000000000000000000, 0.000000000000000000, -1.000000000000000000 ) ) ;
#2507 = AXIS2_PLACEMENT_3D ( 'NONE', #1378, #277, #3065 ) ;
#2508 = DIRECTION ( 'NONE',  ( -1.000000000000000000, 0.000000000000000000, 0.000000000000000000 ) ) ;
#2509 = VERTEX_POINT ( 'NONE', #1806 ) ;
#2510 = CARTESIAN_POINT ( 'NONE',  ( -0.1093714993739428043, 0.05500000000000000028, 0.03553695435311857165 ) ) ;
#2511 = SURFACE_STYLE_FILL_AREA ( #66 ) ;
#2512 = DIRECTION ( 'NONE',  ( 0.000000000000000000, -1.000000000000000000, 0.000000000000000000 ) ) ;
#2513 = EDGE_LOOP ( 'NONE', ( #3453, #2769 ) ) ;
#2514 = DIRECTION ( 'NONE',  ( 0.000000000000000000, 0.000000000000000000, 1.000000000000000000 ) ) ;
#2515 = AXIS2_PLACEMENT_3D ( 'NONE', #3535, #1061, #1913 ) ;
#2516 = EDGE_CURVE ( 'NONE', #212, #841, #573, .T. ) ;
#2517 = DIRECTION ( 'NONE',  ( 0.000000000000000000, -0.000000000000000000, -1.000000000000000000 ) ) ;
#2518 = AXIS2_PLACEMENT_3D ( 'NONE', #232, #2436, #3000 ) ;
#2519 = DIRECTION ( 'NONE',  ( -0.000000000000000000, 1.000000000000000000, -0.000000000000000000 ) ) ;
#2520 = STYLED_ITEM ( 'NONE', ( #3473 ), #2123 ) ;
#2521 = ADVANCED_FACE ( 'NONE', ( #999 ), #3180, .F. ) ;
#2522 = PRESENTATION_LAYER_ASSIGNMENT (  '', '', ( #270 ) ) ;
#2523 = ORIENTED_EDGE ( 'NONE', *, *, #312, .F. ) ;
#2524 = DIRECTION ( 'NONE',  ( 0.000000000000000000, 1.000000000000000000, 0.000000000000000000 ) ) ;
#2525 = DIRECTION ( 'NONE',  ( -0.000000000000000000, 1.000000000000000000, -0.000000000000000000 ) ) ;
#2526 = EDGE_CURVE ( 'NONE', #2440, #2254, #3531, .T. ) ;
#2527 = LINE ( 'NONE', #2585, #1584 ) ;
#2528 = ORIENTED_EDGE ( 'NONE', *, *, #3158, .F. ) ;
#2529 = ORIENTED_EDGE ( 'NONE', *, *, #401, .T. ) ;
#2530 = DIRECTION ( 'NONE',  ( 0.000000000000000000, 0.000000000000000000, -1.000000000000000000 ) ) ;
#2531 = CARTESIAN_POINT ( 'NONE',  ( 0.1093714993739427904, 0.05500000000000000028, -0.03553695435311857165 ) ) ;
#2532 = COLOUR_RGB ( '',0.7921568627450980005, 0.8196078431372548767, 0.9333333333333333481 ) ;
#2533 = DIRECTION ( 'NONE',  ( -0.000000000000000000, -1.000000000000000000, -0.000000000000000000 ) ) ;
#2534 = ORIENTED_EDGE ( 'NONE', *, *, #2053, .F. ) ;
#2535 = PLANE ( 'NONE',  #1185 ) ;
#2536 = CARTESIAN_POINT ( 'NONE',  ( -3.948374053342880387E-16, 0.06000000000000001166, 0.1150000000000000050 ) ) ;
#2537 = DIRECTION ( 'NONE',  ( 0.000000000000000000, 1.000000000000000000, 0.000000000000000000 ) ) ;
#2538 = LINE ( 'NONE', #73, #2732 ) ;
#2539 = ORIENTED_EDGE ( 'NONE', *, *, #3132, .F. ) ;
#2540 = FACE_OUTER_BOUND ( 'NONE', #2404, .T. ) ;
#2541 = CARTESIAN_POINT ( 'NONE',  ( 8.266365894244634333E-18, -8.537024980200822558E-18, -0.06750000000000000444 ) ) ;
#2542 = AXIS2_PLACEMENT_3D ( 'NONE', #2405, #1031, #1015 ) ;
#2543 = FACE_OUTER_BOUND ( 'NONE', #664, .T. ) ;
#2544 = EDGE_LOOP ( 'NONE', ( #825, #1188, #3059, #118 ) ) ;
#2545 = ORIENTED_EDGE ( 'NONE', *, *, #1609, .T. ) ;
#2546 = ADVANCED_FACE ( 'NONE', ( #713 ), #2653, .T. ) ;
#2547 = DIRECTION ( 'NONE',  ( 0.000000000000000000, 0.000000000000000000, 1.000000000000000000 ) ) ;
#2548 =( NAMED_UNIT ( * ) SI_UNIT ( $, .STERADIAN. ) SOLID_ANGLE_UNIT ( ) );
#2549 = SURFACE_STYLE_USAGE ( .BOTH. , #3098 ) ;
#2550 = ORIENTED_EDGE ( 'NONE', *, *, #2516, .T. ) ;
#2551 = EDGE_CURVE ( 'NONE', #252, #2409, #2925, .T. ) ;
#2552 = DIRECTION ( 'NONE',  ( 0.000000000000000000, 1.000000000000000000, 0.000000000000000000 ) ) ;
#2553 = CARTESIAN_POINT ( 'NONE',  ( 0.06759530401363474106, 0.05500000000000000028, -0.08303695435311869710 ) ) ;
#2554 = DIRECTION ( 'NONE',  ( 0.000000000000000000, -0.000000000000000000, 1.000000000000000000 ) ) ;
#2555 = DIRECTION ( 'NONE',  ( 0.000000000000000000, 0.000000000000000000, -1.000000000000000000 ) ) ;
#2556 = CIRCLE ( 'NONE', #2851, 0.009999999999999995004 ) ;
#2557 = VERTEX_POINT ( 'NONE', #981 ) ;
#2558 = DIRECTION ( 'NONE',  ( -0.000000000000000000, 1.000000000000000000, -0.000000000000000000 ) ) ;
#2559 = ORIENTED_EDGE ( 'NONE', *, *, #3325, .T. ) ;
#2560 = DIRECTION ( 'NONE',  ( 0.000000000000000000, -1.000000000000000000, 0.000000000000000000 ) ) ;
#2561 = DIRECTION ( 'NONE',  ( -0.000000000000000000, 1.000000000000000000, -0.000000000000000000 ) ) ;
#2562 = DIRECTION ( 'NONE',  ( 0.000000000000000000, 0.000000000000000000, -1.000000000000000000 ) ) ;
#2563 = CIRCLE ( 'NONE', #3318, 0.1499999999999999944 ) ;
#2564 = CIRCLE ( 'NONE', #366, 0.009249999999999989134 ) ;
#2565 = FACE_OUTER_BOUND ( 'NONE', #1783, .T. ) ;
#2566 = AXIS2_PLACEMENT_3D ( 'NONE', #1755, #2281, #902 ) ;
#2567 = ORIENTED_EDGE ( 'NONE', *, *, #397, .F. ) ;
#2568 = AXIS2_PLACEMENT_3D ( 'NONE', #1750, #138, #2846 ) ;
#2569 = EDGE_CURVE ( 'NONE', #549, #3463, #3194, .T. ) ;
#2570 = LINE ( 'NONE', #325, #3411 ) ;
#2571 = EDGE_CURVE ( 'NONE', #1088, #3518, #2889, .T. ) ;
#2572 = DIRECTION ( 'NONE',  ( -0.000000000000000000, 1.000000000000000000, -0.000000000000000000 ) ) ;
#2573 = ORIENTED_EDGE ( 'NONE', *, *, #1510, .F. ) ;
#2574 = DIRECTION ( 'NONE',  ( 0.000000000000000000, -1.000000000000000000, 0.000000000000000000 ) ) ;
#2575 = ADVANCED_FACE ( 'NONE', ( #443 ), #177, .T. ) ;
#2576 = DIRECTION ( 'NONE',  ( 0.000000000000000000, -1.000000000000000000, 0.000000000000000000 ) ) ;
#2577 = AXIS2_PLACEMENT_3D ( 'NONE', #1339, #3254, #3552 ) ;
#2578 = ORIENTED_EDGE ( 'NONE', *, *, #1173, .T. ) ;
#2579 = DIRECTION ( 'NONE',  ( 0.000000000000000000, -1.000000000000000000, 0.000000000000000000 ) ) ;
#2580 = AXIS2_PLACEMENT_3D ( 'NONE', #3502, #1356, #3233 ) ;
#2581 = FACE_OUTER_BOUND ( 'NONE', #450, .T. ) ;
#2582 = MECHANICAL_DESIGN_GEOMETRIC_PRESENTATION_REPRESENTATION (  '', ( #2082 ), #3223 ) ;
#2583 = SURFACE_STYLE_FILL_AREA ( #1478 ) ;
#2584 = AXIS2_PLACEMENT_3D ( 'NONE', #89, #363, #2377 ) ;
#2585 = CARTESIAN_POINT ( 'NONE',  ( 0.06759530401363474106, 0.05500000000000000028, -0.1030369543531187287 ) ) ;
#2586 = VERTEX_POINT ( 'NONE', #730 ) ;
#2587 = ORIENTED_EDGE ( 'NONE', *, *, #291, .F. ) ;
#2588 = CARTESIAN_POINT ( 'NONE',  ( -0.06759530401363407492, 0.06000000000000001166, -0.09303695435311919171 ) ) ;
#2589 = CARTESIAN_POINT ( 'NONE',  ( 1.836970198721029749E-17, 0.2250000000000000611, -0.1499999999999999944 ) ) ;
#2590 = ORIENTED_EDGE ( 'NONE', *, *, #2204, .T. ) ;
#2591 = COLOUR_RGB ( '',0.2509803921568627416, 0.2509803921568627416, 0.2509803921568627416 ) ;
#2592 = EDGE_CURVE ( 'NONE', #3069, #262, #71, .T. ) ;
#2593 = CARTESIAN_POINT ( 'NONE',  ( 3.884346365991374479E-16, 0.05500000000000000028, -0.1057500000000000107 ) ) ;
#2594 = MECHANICAL_DESIGN_GEOMETRIC_PRESENTATION_REPRESENTATION (  '', ( #1039 ), #1908 ) ;
#2595 = CARTESIAN_POINT ( 'NONE',  ( 0.06759530401363411656, 0.05500000000000000028, 0.09303695435311920559 ) ) ;
#2596 = ADVANCED_FACE ( 'NONE', ( #1314 ), #3519, .T. ) ;
#2597 = CARTESIAN_POINT ( 'NONE',  ( -0.06759530401363472718, 0.05500000000000000028, 0.09303695435311874762 ) ) ;
#2598 = EDGE_LOOP ( 'NONE', ( #176, #2634 ) ) ;
#2599 = CARTESIAN_POINT ( 'NONE',  ( -3.948374053342880387E-16, 0.05500000000000000028, 0.1150000000000000050 ) ) ;
#2600 = DIRECTION ( 'NONE',  ( 0.000000000000000000, -1.000000000000000000, 0.000000000000000000 ) ) ;
#2601 = FACE_OUTER_BOUND ( 'NONE', #2265, .T. ) ;
#2602 = ORIENTED_EDGE ( 'NONE', *, *, #2741, .F. ) ;
#2603 = ORIENTED_EDGE ( 'NONE', *, *, #600, .T. ) ;
#2604 = DIRECTION ( 'NONE',  ( -0.000000000000000000, -1.000000000000000000, -0.000000000000000000 ) ) ;
#2605 = VECTOR ( 'NONE', #159, 39.37007874015748143 ) ;
#2606 = FACE_OUTER_BOUND ( 'NONE', #2333, .T. ) ;
#2607 = EDGE_LOOP ( 'NONE', ( #3365, #1561, #13, #1202 ) ) ;
#2608 = DIRECTION ( 'NONE',  ( -0.000000000000000000, 1.000000000000000000, -0.000000000000000000 ) ) ;
#2609 = DIRECTION ( 'NONE',  ( 0.000000000000000000, 0.000000000000000000, 1.000000000000000000 ) ) ;
#2610 = ADVANCED_FACE ( 'NONE', ( #2155 ), #2487, .T. ) ;
#2611 = ORIENTED_EDGE ( 'NONE', *, *, #3367, .T. ) ;
#2612 = FACE_OUTER_BOUND ( 'NONE', #1872, .T. ) ;
#2613 = VERTEX_POINT ( 'NONE', #2690 ) ;
#2614 = CYLINDRICAL_SURFACE ( 'NONE', #500, 0.01000000000000001756 ) ;
#2615 = CARTESIAN_POINT ( 'NONE',  ( 8.266365894244634333E-18, 0.06000000000000001166, 0.06750000000000000444 ) ) ;
#2616 = EDGE_CURVE ( 'NONE', #2335, #1571, #906, .T. ) ;
#2617 = VERTEX_POINT ( 'NONE', #1722 ) ;
#2618 = PLANE ( 'NONE',  #1644 ) ;
#2619 = CIRCLE ( 'NONE', #2911, 0.01000000000000000021 ) ;
#2620 = VECTOR ( 'NONE', #2783, 39.37007874015748854 ) ;
#2621 = STYLED_ITEM ( 'NONE', ( #1023 ), #3210 ) ;
#2622 = PRESENTATION_LAYER_ASSIGNMENT (  '', '', ( #772 ) ) ;
#2623 = COLOUR_RGB ( '',0.2509803921568627416, 0.2509803921568627416, 0.2509803921568627416 ) ;
#2624 =( CONVERSION_BASED_UNIT ( 'INCH', #1519 ) LENGTH_UNIT ( ) NAMED_UNIT ( #708 ) );
#2625 = ORIENTED_EDGE ( 'NONE', *, *, #3212, .F. ) ;
#2626 = CARTESIAN_POINT ( 'NONE',  ( -0.06759530401363407492, 0.05500000000000000028, -0.09303695435311919171 ) ) ;
#2627 = AXIS2_PLACEMENT_3D ( 'NONE', #2626, #154, #1253 ) ;
#2628 = DIRECTION ( 'NONE',  ( 0.000000000000000000, -0.000000000000000000, -1.000000000000000000 ) ) ;
#2629 = CARTESIAN_POINT ( 'NONE',  ( 0.1093714993739427904, 0.06000000000000001166, -0.03553695435311857165 ) ) ;
#2630 = CARTESIAN_POINT ( 'NONE',  ( 0.000000000000000000, 0.06000000000000001166, 0.000000000000000000 ) ) ;
#2631 = UNCERTAINTY_MEASURE_WITH_UNIT (LENGTH_MEASURE( 1.000000000000000082E-05 ), #3369, 'distance_accuracy_value', 'NONE');
#2632 = AXIS2_PLACEMENT_3D ( 'NONE', #810, #2512, #1633 ) ;
#2633 = EDGE_CURVE ( 'NONE', #158, #1321, #822, .T. ) ;
#2634 = ORIENTED_EDGE ( 'NONE', *, *, #3002, .T. ) ;
#2635 = CARTESIAN_POINT ( 'NONE',  ( 0.06759530401363474106, 0.06000000000000001166, -0.08303695435311869710 ) ) ;
#2636 = EDGE_LOOP ( 'NONE', ( #3301, #1021 ) ) ;
#2637 = CARTESIAN_POINT ( 'NONE',  ( -0.06759530401363407492, 0.05000000000000000278, -0.09303695435311919171 ) ) ;
#2638 = VECTOR ( 'NONE', #244, 39.37007874015748143 ) ;
#2639 = EDGE_CURVE ( 'NONE', #2254, #2440, #198, .T. ) ;
#2640 = DIRECTION ( 'NONE',  ( 0.000000000000000000, -1.000000000000000000, 0.000000000000000000 ) ) ;
#2641 = AXIS2_PLACEMENT_3D ( 'NONE', #2437, #2175, #2485 ) ;
#2642 = ORIENTED_EDGE ( 'NONE', *, *, #818, .T. ) ;
#2643 = FILL_AREA_STYLE_COLOUR ( '', #1327 ) ;
#2644 = EDGE_CURVE ( 'NONE', #1433, #2254, #3116, .T. ) ;
#2645 = STYLED_ITEM ( 'NONE', ( #1472 ), #807 ) ;
#2646 = ORIENTED_EDGE ( 'NONE', *, *, #1848, .F. ) ;
#2647 = LINE ( 'NONE', #227, #1471 ) ;
#2648 = DIRECTION ( 'NONE',  ( -0.000000000000000000, 1.000000000000000000, -0.000000000000000000 ) ) ;
#2649 = FACE_OUTER_BOUND ( 'NONE', #2994, .T. ) ;
#2650 = AXIS2_PLACEMENT_3D ( 'NONE', #2037, #103, #3368 ) ;
#2651 = DIRECTION ( 'NONE',  ( -0.000000000000000000, 1.000000000000000000, -0.000000000000000000 ) ) ;
#2652 = ORIENTED_EDGE ( 'NONE', *, *, #522, .F. ) ;
#2653 = CYLINDRICAL_SURFACE ( 'NONE', #1449, 0.009999999999999995004 ) ;
#2654 = ORIENTED_EDGE ( 'NONE', *, *, #3465, .T. ) ;
#2655 = EDGE_LOOP ( 'NONE', ( #2736, #2787, #1723, #2646 ) ) ;
#2656 = PRESENTATION_STYLE_ASSIGNMENT (( #1278 ) ) ;
#2657 = PRESENTATION_STYLE_ASSIGNMENT (( #2108 ) ) ;
#2658 = DIRECTION ( 'NONE',  ( 0.000000000000000000, 0.000000000000000000, -1.000000000000000000 ) ) ;
#2659 = EDGE_CURVE ( 'NONE', #1665, #2966, #2527, .T. ) ;
#2660 = VERTEX_POINT ( 'NONE', #946 ) ;
#2661 = CARTESIAN_POINT ( 'NONE',  ( 0.000000000000000000, 0.06000000000000001166, 0.000000000000000000 ) ) ;
#2662 = AXIS2_PLACEMENT_3D ( 'NONE', #1845, #2965, #213 ) ;
#2663 = EDGE_CURVE ( 'NONE', #1468, #1590, #2556, .T. ) ;
#2664 = CARTESIAN_POINT ( 'NONE',  ( -0.06759530401363407492, 0.05500000000000000028, -0.1030369543531192006 ) ) ;
#2665 = CARTESIAN_POINT ( 'NONE',  ( 0.06759530401363474106, 0.05500000000000000028, -0.09303695435311873374 ) ) ;
#2666 = DIRECTION ( 'NONE',  ( 0.000000000000000000, -1.000000000000000000, 0.000000000000000000 ) ) ;
#2667 = UNCERTAINTY_MEASURE_WITH_UNIT (LENGTH_MEASURE( 1.000000000000000082E-05 ), #2624, 'distance_accuracy_value', 'NONE');
#2668 = EDGE_LOOP ( 'NONE', ( #2822, #1, #966, #2807 ) ) ;
#2669 = CARTESIAN_POINT ( 'NONE',  ( -0.1093714993739425406, 0.06000000000000001166, -0.03553695435311933493 ) ) ;
#2670 = VERTEX_POINT ( 'NONE', #82 ) ;
#2671 = CARTESIAN_POINT ( 'NONE',  ( -0.1093714993739427904, 0.06000000000000001166, 0.04553695435311858747 ) ) ;
#2672 =( NAMED_UNIT ( * ) PLANE_ANGLE_UNIT ( ) SI_UNIT ( $, .RADIAN. ) );
#2673 = ORIENTED_EDGE ( 'NONE', *, *, #2863, .T. ) ;
#2674 = DIRECTION ( 'NONE',  ( 0.000000000000000000, 0.000000000000000000, 1.000000000000000000 ) ) ;
#2675 = AXIS2_PLACEMENT_3D ( 'NONE', #883, #1988, #2839 ) ;
#2676 = ORIENTED_EDGE ( 'NONE', *, *, #803, .T. ) ;
#2677 =( GEOMETRIC_REPRESENTATION_CONTEXT ( 3 ) GLOBAL_UNCERTAINTY_ASSIGNED_CONTEXT ( ( #114 ) ) GLOBAL_UNIT_ASSIGNED_CONTEXT ( ( #1601, #2729, #3011 ) ) REPRESENTATION_CONTEXT ( 'NONE', 'WORKASPACE' ) );
#2678 = DIRECTION ( 'NONE',  ( 0.000000000000000000, 0.000000000000000000, -1.000000000000000000 ) ) ;
#2679 = DIMENSIONAL_EXPONENTS ( 1.000000000000000000, 0.000000000000000000, 0.000000000000000000, 0.000000000000000000, 0.000000000000000000, 0.000000000000000000, 0.000000000000000000 ) ;
#2680 = VECTOR ( 'NONE', #3403, 39.37007874015748143 ) ;
#2681 = EDGE_CURVE ( 'NONE', #1554, #1513, #1636, .T. ) ;
#2682 = VECTOR ( 'NONE', #2500, 39.37007874015748143 ) ;
#2683 = LENGTH_MEASURE_WITH_UNIT ( LENGTH_MEASURE( 0.02539999999999999897 ), #272 );
#2684 = AXIS2_PLACEMENT_3D ( 'NONE', #1125, #2967, #3255 ) ;
#2685 = DIRECTION ( 'NONE',  ( 0.000000000000000000, 0.000000000000000000, -1.000000000000000000 ) ) ;
#2686 = VECTOR ( 'NONE', #1322, 39.37007874015748143 ) ;
#2687 = ADVANCED_FACE ( 'NONE', ( #3073 ), #2034, .F. ) ;
#2688 = DIRECTION ( 'NONE',  ( 0.000000000000000000, 0.000000000000000000, 1.000000000000000000 ) ) ;
#2689 = ORIENTED_EDGE ( 'NONE', *, *, #2569, .T. ) ;
#2690 = CARTESIAN_POINT ( 'NONE',  ( 0.06759530401363411656, -0.4499999999999999556, 0.1022869543531192138 ) ) ;
#2691 = EDGE_LOOP ( 'NONE', ( #2625, #2311, #1051, #3373 ) ) ;
#2692 = LINE ( 'NONE', #216, #1648 ) ;
#2693 = CARTESIAN_POINT ( 'NONE',  ( -0.1093714993739427904, 0.06000000000000001166, 0.03553695435311858553 ) ) ;
#2694 = ORIENTED_EDGE ( 'NONE', *, *, #1134, .T. ) ;
#2695 = DIRECTION ( 'NONE',  ( 0.000000000000000000, 1.000000000000000000, 0.000000000000000000 ) ) ;
#2696 =( NAMED_UNIT ( * ) PLANE_ANGLE_UNIT ( ) SI_UNIT ( $, .RADIAN. ) );
#2697 = ORIENTED_EDGE ( 'NONE', *, *, #2639, .F. ) ;
#2698 = AXIS2_PLACEMENT_3D ( 'NONE', #2295, #1163, #2484 ) ;
#2699 = DIRECTION ( 'NONE',  ( 0.8090169943749472292, -0.000000000000000000, 0.5877852522924733591 ) ) ;
#2700 = AXIS2_PLACEMENT_3D ( 'NONE', #1540, #2251, #3056 ) ;
#2701 = DIRECTION ( 'NONE',  ( 0.000000000000000000, 0.000000000000000000, -1.000000000000000000 ) ) ;
#2702 = EDGE_CURVE ( 'NONE', #3091, #323, #362, .T. ) ;
#2703 = CARTESIAN_POINT ( 'NONE',  ( 0.06759530401363474106, 0.06000000000000001166, -0.08303695435311869710 ) ) ;
#2704 = ADVANCED_FACE ( 'NONE', ( #2543 ), #1757, .F. ) ;
#2705 = CARTESIAN_POINT ( 'NONE',  ( -3.948374053342880387E-16, 0.06000000000000001166, 0.1150000000000000050 ) ) ;
#2706 =( CONVERSION_BASED_UNIT ( 'INCH', #1902 ) LENGTH_UNIT ( ) NAMED_UNIT ( #1290 ) );
#2707 =( GEOMETRIC_REPRESENTATION_CONTEXT ( 3 ) GLOBAL_UNCERTAINTY_ASSIGNED_CONTEXT ( ( #900 ) ) GLOBAL_UNIT_ASSIGNED_CONTEXT ( ( #1811, #3224, #1597 ) ) REPRESENTATION_CONTEXT ( 'NONE', 'WORKASPACE' ) );
#2708 = EDGE_CURVE ( 'NONE', #3381, #1543, #1137, .T. ) ;
#2709 = EDGE_LOOP ( 'NONE', ( #3110, #1151 ) ) ;
#2710 = DIRECTION ( 'NONE',  ( 0.000000000000000000, 0.000000000000000000, -1.000000000000000000 ) ) ;
#2711 = CARTESIAN_POINT ( 'NONE',  ( 0.06759530401363408880, 0.06000000000000001166, 0.09303695435311919171 ) ) ;
#2712 = ORIENTED_EDGE ( 'NONE', *, *, #3398, .F. ) ;
#2713 = DIRECTION ( 'NONE',  ( -0.000000000000000000, 1.000000000000000000, -0.000000000000000000 ) ) ;
#2714 =( CONVERSION_BASED_UNIT ( 'INCH', #257 ) LENGTH_UNIT ( ) NAMED_UNIT ( #3468 ) );
#2715 = CARTESIAN_POINT ( 'NONE',  ( 0.1093714993739425267, 0.06000000000000001166, 0.04553695435311932993 ) ) ;
#2716 = CARTESIAN_POINT ( 'NONE',  ( 4.033744303144888427E-16, 0.06000000000000001166, -0.1149999999999999911 ) ) ;
#2717 = PLANE ( 'NONE',  #220 ) ;
#2718 = DIRECTION ( 'NONE',  ( 0.000000000000000000, 0.000000000000000000, 1.000000000000000000 ) ) ;
#2719 =( CONVERSION_BASED_UNIT ( 'INCH', #3004 ) LENGTH_UNIT ( ) NAMED_UNIT ( #2746 ) );
#2720 = EDGE_CURVE ( 'NONE', #2477, #2184, #2224, .T. ) ;
#2721 = ORIENTED_EDGE ( 'NONE', *, *, #3062, .F. ) ;
#2722 = DIMENSIONAL_EXPONENTS ( 1.000000000000000000, 0.000000000000000000, 0.000000000000000000, 0.000000000000000000, 0.000000000000000000, 0.000000000000000000, 0.000000000000000000 ) ;
#2723 = FACE_OUTER_BOUND ( 'NONE', #1371, .T. ) ;
#2724 = LINE ( 'NONE', #3277, #1181 ) ;
#2725 = ADVANCED_FACE ( 'NONE', ( #3094 ), #1194, .F. ) ;
#2726 = ORIENTED_EDGE ( 'NONE', *, *, #2616, .T. ) ;
#2727 = ORIENTED_EDGE ( 'NONE', *, *, #2858, .F. ) ;
#2728 = DIRECTION ( 'NONE',  ( -0.000000000000000000, 1.000000000000000000, -0.000000000000000000 ) ) ;
#2729 =( NAMED_UNIT ( * ) PLANE_ANGLE_UNIT ( ) SI_UNIT ( $, .RADIAN. ) );
#2730 = CARTESIAN_POINT ( 'NONE',  ( -0.1093714993739425406, 0.06000000000000001166, -0.03553695435311933493 ) ) ;
#2731 = LINE ( 'NONE', #1354, #1658 ) ;
#2732 = VECTOR ( 'NONE', #899, 39.37007874015748143 ) ;
#2733 =( GEOMETRIC_REPRESENTATION_CONTEXT ( 3 ) GLOBAL_UNCERTAINTY_ASSIGNED_CONTEXT ( ( #2352 ) ) GLOBAL_UNIT_ASSIGNED_CONTEXT ( ( #1158, #304, #1431 ) ) REPRESENTATION_CONTEXT ( 'NONE', 'WORKASPACE' ) );
#2734 = CYLINDRICAL_SURFACE ( 'NONE', #110, 0.009249999999999989134 ) ;
#2735 = CIRCLE ( 'NONE', #2452, 0.009250000000000009950 ) ;
#2736 = ORIENTED_EDGE ( 'NONE', *, *, #171, .T. ) ;
#2737 =( NAMED_UNIT ( * ) SI_UNIT ( $, .STERADIAN. ) SOLID_ANGLE_UNIT ( ) );
#2738 = AXIS2_PLACEMENT_3D ( 'NONE', #2312, #2574, #618 ) ;
#2739 = ORIENTED_EDGE ( 'NONE', *, *, #1312, .F. ) ;
#2740 = CARTESIAN_POINT ( 'NONE',  ( 1.959434878635765415E-17, 0.1000000000000000194, 0.1600000000000000033 ) ) ;
#2741 = EDGE_CURVE ( 'NONE', #2859, #961, #1759, .T. ) ;
#2742 = DIRECTION ( 'NONE',  ( 0.000000000000000000, 0.000000000000000000, -1.000000000000000000 ) ) ;
#2743 = ORIENTED_EDGE ( 'NONE', *, *, #317, .T. ) ;
#2744 = ADVANCED_FACE ( 'NONE', ( #2565 ), #3364, .T. ) ;
#2745 = DIRECTION ( 'NONE',  ( 0.000000000000000000, -1.000000000000000000, 0.000000000000000000 ) ) ;
#2746 = DIMENSIONAL_EXPONENTS ( 1.000000000000000000, 0.000000000000000000, 0.000000000000000000, 0.000000000000000000, 0.000000000000000000, 0.000000000000000000, 0.000000000000000000 ) ;
#2747 = CLOSED_SHELL ( 'NONE', ( #1127, #892, #3268, #340 ) ) ;
#2748 = SURFACE_STYLE_USAGE ( .BOTH. , #2447 ) ;
#2749 = PLANE ( 'NONE',  #3371 ) ;
#2750 = AXIS2_PLACEMENT_3D ( 'NONE', #3378, #1454, #2830 ) ;
#2751 = VERTEX_POINT ( 'NONE', #607 ) ;
#2752 = EDGE_CURVE ( 'NONE', #56, #819, #3113, .T. ) ;
#2753 = FACE_OUTER_BOUND ( 'NONE', #951, .T. ) ;
#2754 = DIRECTION ( 'NONE',  ( 0.000000000000000000, 0.000000000000000000, 1.000000000000000000 ) ) ;
#2755 = AXIS2_PLACEMENT_3D ( 'NONE', #3512, #1319, #3494 ) ;
#2756 =( GEOMETRIC_REPRESENTATION_CONTEXT ( 3 ) GLOBAL_UNCERTAINTY_ASSIGNED_CONTEXT ( ( #3467 ) ) GLOBAL_UNIT_ASSIGNED_CONTEXT ( ( #817, #511, #2737 ) ) REPRESENTATION_CONTEXT ( 'NONE', 'WORKASPACE' ) );
#2757 = COLOUR_RGB ( '',0.2509803921568627416, 0.2509803921568627416, 0.2509803921568627416 ) ;
#2758 = VERTEX_POINT ( 'NONE', #2013 ) ;
#2759 = CIRCLE ( 'NONE', #167, 0.01000000000000001235 ) ;
#2760 = FILL_AREA_STYLE ('',( #1361 ) ) ;
#2761 = ORIENTED_EDGE ( 'NONE', *, *, #1760, .T. ) ;
#2762 = FACE_OUTER_BOUND ( 'NONE', #1332, .T. ) ;
#2763 = AXIS2_PLACEMENT_3D ( 'NONE', #869, #1972, #2288 ) ;
#2764 = EDGE_LOOP ( 'NONE', ( #3474, #2727 ) ) ;
#2765 = ORIENTED_EDGE ( 'NONE', *, *, #1830, .F. ) ;
#2766 = CARTESIAN_POINT ( 'NONE',  ( 4.033744303144888427E-16, 0.05500000000000000028, -0.1049999999999999684 ) ) ;
#2767 = EDGE_CURVE ( 'NONE', #2907, #2020, #415, .T. ) ;
#2768 = DIRECTION ( 'NONE',  ( -0.000000000000000000, 1.000000000000000000, -0.000000000000000000 ) ) ;
#2769 = ORIENTED_EDGE ( 'NONE', *, *, #3528, .F. ) ;
#2770 = CARTESIAN_POINT ( 'NONE',  ( -0.06759530401363472718, 0.06000000000000001166, 0.08303695435311872486 ) ) ;
#2771 = DIRECTION ( 'NONE',  ( -0.000000000000000000, -1.000000000000000000, -0.000000000000000000 ) ) ;
#2772 = ADVANCED_FACE ( 'NONE', ( #3326 ), #1166, .T. ) ;
#2773 = ORIENTED_EDGE ( 'NONE', *, *, #3352, .T. ) ;
#2774 = CARTESIAN_POINT ( 'NONE',  ( -0.06759530401363407492, 0.06000000000000001166, -0.09303695435311919171 ) ) ;
#2775 = CIRCLE ( 'NONE', #2154, 0.01000000000000000021 ) ;
#2776 = EDGE_LOOP ( 'NONE', ( #925, #2476, #3157, #1862 ) ) ;
#2777 = CARTESIAN_POINT ( 'NONE',  ( -0.1151667337270464303, -0.01371170776356179545, 0.1334192112952388154 ) ) ;
#2778 = DIRECTION ( 'NONE',  ( 0.000000000000000000, 0.000000000000000000, 1.000000000000000000 ) ) ;
#2779 = CARTESIAN_POINT ( 'NONE',  ( 2.158439983497209870E-17, 0.08999999999999999667, 0.1762499999999999900 ) ) ;
#2780 = ORIENTED_EDGE ( 'NONE', *, *, #1152, .T. ) ;
#2781 = ORIENTED_EDGE ( 'NONE', *, *, #643, .T. ) ;
#2782 = CARTESIAN_POINT ( 'NONE',  ( 0.06759530401363474106, -0.9761629509039022601, -0.08378695435311873940 ) ) ;
#2783 = DIRECTION ( 'NONE',  ( 0.5877852522924745804, 0.000000000000000000, -0.8090169943749463410 ) ) ;
#2784 = VECTOR ( 'NONE', #590, 39.37007874015748143 ) ;
#2785 = EDGE_CURVE ( 'NONE', #1072, #2495, #3287, .T. ) ;
#2786 = DIRECTION ( 'NONE',  ( 0.000000000000000000, -1.000000000000000000, 0.000000000000000000 ) ) ;
#2787 = ORIENTED_EDGE ( 'NONE', *, *, #3279, .T. ) ;
#2788 = EDGE_CURVE ( 'NONE', #252, #2617, #2471, .T. ) ;
#2789 = CARTESIAN_POINT ( 'NONE',  ( 0.000000000000000000, 0.1000000000000000194, -0.1600000000000000033 ) ) ;
#2790 = DIRECTION ( 'NONE',  ( 0.000000000000000000, 0.000000000000000000, -1.000000000000000000 ) ) ;
#2791 = FACE_BOUND ( 'NONE', #927, .T. ) ;
#2792 = EDGE_CURVE ( 'NONE', #2907, #2827, #918, .T. ) ;
#2793 = PRESENTATION_LAYER_ASSIGNMENT (  '', '', ( #306 ) ) ;
#2794 = DIRECTION ( 'NONE',  ( 0.000000000000000000, 0.000000000000000000, 1.000000000000000000 ) ) ;
#2795 = VECTOR ( 'NONE', #1216, 39.37007874015748143 ) ;
#2796 = AXIS2_PLACEMENT_3D ( 'NONE', #1034, #2239, #2986 ) ;
#2797 = ORIENTED_EDGE ( 'NONE', *, *, #1388, .T. ) ;
#2798 = CARTESIAN_POINT ( 'NONE',  ( 0.1093714993739427904, 0.05500000000000000028, -0.02628695435311859466 ) ) ;
#2799 = FACE_OUTER_BOUND ( 'NONE', #389, .T. ) ;
#2800 = AXIS2_PLACEMENT_3D ( 'NONE', #2661, #2958, #186 ) ;
#2801 = DIRECTION ( 'NONE',  ( 0.000000000000000000, -0.000000000000000000, -1.000000000000000000 ) ) ;
#2802 = VERTEX_POINT ( 'NONE', #2664 ) ;
#2803 = EDGE_LOOP ( 'NONE', ( #307, #2238 ) ) ;
#2804 = DIRECTION ( 'NONE',  ( 0.000000000000000000, -1.000000000000000000, 0.000000000000000000 ) ) ;
#2805 =( LENGTH_UNIT ( ) NAMED_UNIT ( * ) SI_UNIT ( $, .METRE. ) );
#2806 = LINE ( 'NONE', #3550, #2903 ) ;
#2807 = ORIENTED_EDGE ( 'NONE', *, *, #2053, .T. ) ;
#2808 = CYLINDRICAL_SURFACE ( 'NONE', #2983, 0.1600000000000000033 ) ;
#2809 = DIRECTION ( 'NONE',  ( 0.000000000000000000, 1.000000000000000000, 0.000000000000000000 ) ) ;
#2810 = CLOSED_SHELL ( 'NONE', ( #2100, #2546, #2953, #990 ) ) ;
#2811 = CARTESIAN_POINT ( 'NONE',  ( 0.000000000000000000, 0.1000000000000000194, 0.000000000000000000 ) ) ;
#2812 = CARTESIAN_POINT ( 'NONE',  ( -0.1093714993739428043, -0.9761629509039022601, 0.03553695435311857165 ) ) ;
#2813 = UNCERTAINTY_MEASURE_WITH_UNIT (LENGTH_MEASURE( 1.000000000000000082E-05 ), #1215, 'distance_accuracy_value', 'NONE');
#2814 = EDGE_CURVE ( 'NONE', #323, #517, #3252, .T. ) ;
#2815 = MECHANICAL_DESIGN_GEOMETRIC_PRESENTATION_REPRESENTATION (  '', ( #2645 ), #2998 ) ;
#2816 = VERTEX_POINT ( 'NONE', #1008 ) ;
#2817 = DIRECTION ( 'NONE',  ( 0.000000000000000000, 0.000000000000000000, -1.000000000000000000 ) ) ;
#2818 = VECTOR ( 'NONE', #3269, 39.37007874015748143 ) ;
#2819 = DIRECTION ( 'NONE',  ( 0.000000000000000000, -1.000000000000000000, 0.000000000000000000 ) ) ;
#2820 =( CONVERSION_BASED_UNIT ( 'INCH', #1720 ) LENGTH_UNIT ( ) NAMED_UNIT ( #1357 ) );
#2821 = CARTESIAN_POINT ( 'NONE',  ( -0.1093714993739425406, 0.05500000000000000028, -0.03553695435311933493 ) ) ;
#2822 = ORIENTED_EDGE ( 'NONE', *, *, #2616, .F. ) ;
#2823 = ORIENTED_EDGE ( 'NONE', *, *, #555, .F. ) ;
#2824 = AXIS2_PLACEMENT_3D ( 'NONE', #1141, #3332, #2478 ) ;
#2825 = CARTESIAN_POINT ( 'NONE',  ( 0.06759530401363408880, 0.06000000000000001166, 0.09303695435311919171 ) ) ;
#2826 = LINE ( 'NONE', #1177, #1810 ) ;
#2827 = VERTEX_POINT ( 'NONE', #491 ) ;
#2828 = DIRECTION ( 'NONE',  ( 0.000000000000000000, -0.000000000000000000, -1.000000000000000000 ) ) ;
#2829 = DIRECTION ( 'NONE',  ( 0.000000000000000000, 1.000000000000000000, 0.000000000000000000 ) ) ;
#2830 = DIRECTION ( 'NONE',  ( 0.000000000000000000, 0.000000000000000000, 1.000000000000000000 ) ) ;
#2831 = CARTESIAN_POINT ( 'NONE',  ( -0.09130073239298550081, -0.01371170776356179545, 0.1507588762378668235 ) ) ;
#2832 = PRODUCT_RELATED_PRODUCT_CATEGORY ( 'part', '', ( #2867 ) ) ;
#2833 = VERTEX_POINT ( 'NONE', #208 ) ;
#2834 = CARTESIAN_POINT ( 'NONE',  ( 0.000000000000000000, -0.4499999999999999556, 0.000000000000000000 ) ) ;
#2835 = EDGE_LOOP ( 'NONE', ( #2395, #2159, #1990, #442 ) ) ;
#2836 = DIRECTION ( 'NONE',  ( 0.000000000000000000, 0.000000000000000000, -1.000000000000000000 ) ) ;
#2837 = EDGE_CURVE ( 'NONE', #1113, #2557, #2309, .T. ) ;
#2838 = DIRECTION ( 'NONE',  ( 0.000000000000000000, 0.000000000000000000, -1.000000000000000000 ) ) ;
#2839 = DIRECTION ( 'NONE',  ( 0.000000000000000000, -0.000000000000000000, -1.000000000000000000 ) ) ;
#2840 = EDGE_LOOP ( 'NONE', ( #445, #1304, #2956, #2721 ) ) ;
#2841 = ORIENTED_EDGE ( 'NONE', *, *, #1998, .F. ) ;
#2842 = EDGE_CURVE ( 'NONE', #2104, #337, #2759, .T. ) ;
#2843 =( LENGTH_UNIT ( ) NAMED_UNIT ( * ) SI_UNIT ( $, .METRE. ) );
#2844 = LINE ( 'NONE', #1432, #3267 ) ;
#2845 = ORIENTED_EDGE ( 'NONE', *, *, #3260, .T. ) ;
#2846 = DIRECTION ( 'NONE',  ( 0.000000000000000000, 0.000000000000000000, -1.000000000000000000 ) ) ;
#2847 = SURFACE_STYLE_USAGE ( .BOTH. , #3140 ) ;
#2848 = CARTESIAN_POINT ( 'NONE',  ( 0.000000000000000000, 0.05000000000000000278, 0.000000000000000000 ) ) ;
#2849 = CARTESIAN_POINT ( 'NONE',  ( -0.1093714993739427904, 0.06000000000000001166, 0.03553695435311858553 ) ) ;
#2850 = UNCERTAINTY_MEASURE_WITH_UNIT (LENGTH_MEASURE( 1.000000000000000082E-05 ), #1558, 'distance_accuracy_value', 'NONE');
#2851 = AXIS2_PLACEMENT_3D ( 'NONE', #1154, #2508, #1444 ) ;
#2852 = ORIENTED_EDGE ( 'NONE', *, *, #165, .F. ) ;
#2853 = CARTESIAN_POINT ( 'NONE',  ( 0.06759530401363474106, 0.05500000000000000028, -0.09303695435311870598 ) ) ;
#2854 = DIRECTION ( 'NONE',  ( 0.000000000000000000, 1.000000000000000000, 0.000000000000000000 ) ) ;
#2855 = AXIS2_PLACEMENT_3D ( 'NONE', #3053, #3555, #2161 ) ;
#2856 = CIRCLE ( 'NONE', #3148, 0.01000000000000000021 ) ;
#2857 = CARTESIAN_POINT ( 'NONE',  ( 0.000000000000000000, 0.06000000000000001166, 0.000000000000000000 ) ) ;
#2858 = EDGE_CURVE ( 'NONE', #1616, #1537, #2938, .T. ) ;
#2859 = VERTEX_POINT ( 'NONE', #2170 ) ;
#2860 = ORIENTED_EDGE ( 'NONE', *, *, #1053, .T. ) ;
#2861 = AXIS2_PLACEMENT_3D ( 'NONE', #1470, #384, #3394 ) ;
#2862 = PRESENTATION_STYLE_ASSIGNMENT (( #135 ) ) ;
#2863 = EDGE_CURVE ( 'NONE', #2613, #2931, #3515, .T. ) ;
#2864 = EDGE_CURVE ( 'NONE', #3127, #1482, #1369, .T. ) ;
#2865 = CARTESIAN_POINT ( 'NONE',  ( 0.1093714993739425267, 0.06000000000000001166, 0.04553695435311932993 ) ) ;
#2866 = ORIENTED_EDGE ( 'NONE', *, *, #919, .F. ) ;
#2867 = PRODUCT ( 'AD536AKH', 'AD536AKH', '', ( #3523 ) ) ;
#2868 = FACE_OUTER_BOUND ( 'NONE', #2, .T. ) ;
#2869 = SURFACE_SIDE_STYLE ('',( #2430 ) ) ;
#2870 = DIRECTION ( 'NONE',  ( 0.000000000000000000, 1.000000000000000000, 0.000000000000000000 ) ) ;
#2871 = CARTESIAN_POINT ( 'NONE',  ( 0.1093714993739427904, -0.9761629509039022601, -0.03553695435311858553 ) ) ;
#2872 = CLOSED_SHELL ( 'NONE', ( #1556, #1893, #3170, #385 ) ) ;
#2873 = VERTEX_POINT ( 'NONE', #2715 ) ;
#2874 = CARTESIAN_POINT ( 'NONE',  ( 0.1093714993739425267, 0.06000000000000001166, 0.03553695435311932799 ) ) ;
#2875 = CIRCLE ( 'NONE', #2518, 0.009999999999999995004 ) ;
#2876 = CIRCLE ( 'NONE', #49, 0.01000000000000000368 ) ;
#2877 = ORIENTED_EDGE ( 'NONE', *, *, #1094, .F. ) ;
#2878 = ORIENTED_EDGE ( 'NONE', *, *, #273, .F. ) ;
#2879 = CARTESIAN_POINT ( 'NONE',  ( 0.06759530401363474106, 0.05500000000000000028, -0.09303695435311870598 ) ) ;
#2880 = ORIENTED_EDGE ( 'NONE', *, *, #2644, .T. ) ;
#2881 = AXIS2_PLACEMENT_3D ( 'NONE', #1464, #1779, #1220 ) ;
#2882 = DIRECTION ( 'NONE',  ( 0.000000000000000000, 0.000000000000000000, -1.000000000000000000 ) ) ;
#2883 = EDGE_CURVE ( 'NONE', #2495, #1537, #457, .T. ) ;
#2884 = CARTESIAN_POINT ( 'NONE',  ( 0.1093714993739425267, 0.05500000000000000028, 0.02553695435311932604 ) ) ;
#2885 = ADVANCED_FACE ( 'NONE', ( #765, #230 ), #1323, .T. ) ;
#2886 = FACE_OUTER_BOUND ( 'NONE', #2655, .T. ) ;
#2887 = UNCERTAINTY_MEASURE_WITH_UNIT (LENGTH_MEASURE( 1.000000000000000082E-05 ), #1340, 'distance_accuracy_value', 'NONE');
#2888 = VERTEX_POINT ( 'NONE', #1565 ) ;
#2889 = LINE ( 'NONE', #2635, #2605 ) ;
#2890 = ORIENTED_EDGE ( 'NONE', *, *, #1927, .T. ) ;
#2891 =( CONVERSION_BASED_UNIT ( 'INCH', #2948 ) LENGTH_UNIT ( ) NAMED_UNIT ( #434 ) );
#2892 = ORIENTED_EDGE ( 'NONE', *, *, #1581, .T. ) ;
#2893 =( LENGTH_UNIT ( ) NAMED_UNIT ( * ) SI_UNIT ( $, .METRE. ) );
#2894 = DIRECTION ( 'NONE',  ( 0.000000000000000000, -1.000000000000000000, 0.000000000000000000 ) ) ;
#2895 = SURFACE_STYLE_FILL_AREA ( #2955 ) ;
#2896 = ORIENTED_EDGE ( 'NONE', *, *, #3082, .F. ) ;
#2897 = CYLINDRICAL_SURFACE ( 'NONE', #2627, 0.01000000000000001235 ) ;
#2898 = ADVANCED_FACE ( 'NONE', ( #3189 ), #436, .T. ) ;
#2899 = SURFACE_STYLE_FILL_AREA ( #2077 ) ;
#2900 = EDGE_CURVE ( 'NONE', #931, #3419, #1285, .T. ) ;
#2901 = CARTESIAN_POINT ( 'NONE',  ( -3.948374053342880387E-16, 0.06000000000000001166, 0.1150000000000000050 ) ) ;
#2902 = CYLINDRICAL_SURFACE ( 'NONE', #2959, 0.06750000000000000444 ) ;
#2903 = VECTOR ( 'NONE', #1796, 39.37007874015748143 ) ;
#2904 = EDGE_CURVE ( 'NONE', #819, #841, #1044, .T. ) ;
#2905 = EDGE_LOOP ( 'NONE', ( #2545, #3441 ) ) ;
#2906 = DIRECTION ( 'NONE',  ( 0.000000000000000000, -1.000000000000000000, 0.000000000000000000 ) ) ;
#2907 = VERTEX_POINT ( 'NONE', #1859 ) ;
#2908 = DIRECTION ( 'NONE',  ( 0.000000000000000000, 0.000000000000000000, 1.000000000000000000 ) ) ;
#2909 = EDGE_LOOP ( 'NONE', ( #3117, #2320 ) ) ;
#2910 =( LENGTH_UNIT ( ) NAMED_UNIT ( * ) SI_UNIT ( $, .METRE. ) );
#2911 = AXIS2_PLACEMENT_3D ( 'NONE', #2244, #857, #1963 ) ;
#2912 = PRESENTATION_LAYER_ASSIGNMENT (  '', '', ( #2450 ) ) ;
#2913 = VECTOR ( 'NONE', #3276, 39.37007874015748143 ) ;
#2914 = CIRCLE ( 'NONE', #2230, 0.009999999999999995004 ) ;
#2915 = AXIS2_PLACEMENT_3D ( 'NONE', #2019, #2039, #3120 ) ;
#2916 = VERTEX_POINT ( 'NONE', #2961 ) ;
#2917 = MECHANICAL_DESIGN_GEOMETRIC_PRESENTATION_REPRESENTATION (  '', ( #3204 ), #2060 ) ;
#2918 = FACE_OUTER_BOUND ( 'NONE', #1167, .T. ) ;
#2919 = AXIS2_PLACEMENT_3D ( 'NONE', #488, #1799, #1563 ) ;
#2920 = DIRECTION ( 'NONE',  ( 0.000000000000000000, 0.000000000000000000, 1.000000000000000000 ) ) ;
#2921 = CARTESIAN_POINT ( 'NONE',  ( 4.033744303144888427E-16, 0.06000000000000001166, -0.1250000000000000000 ) ) ;
#2922 = DIRECTION ( 'NONE',  ( -0.000000000000000000, -1.000000000000000000, -0.000000000000000000 ) ) ;
#2923 = AXIS2_PLACEMENT_3D ( 'NONE', #3012, #1123, #43 ) ;
#2924 = ORIENTED_EDGE ( 'NONE', *, *, #1152, .F. ) ;
#2925 = LINE ( 'NONE', #3164, #757 ) ;
#2926 = ORIENTED_EDGE ( 'NONE', *, *, #3077, .F. ) ;
#2927 = CARTESIAN_POINT ( 'NONE',  ( 0.06759530401363474106, -0.4499999999999999556, -0.08378695435311873940 ) ) ;
#2928 =( LENGTH_UNIT ( ) NAMED_UNIT ( * ) SI_UNIT ( $, .METRE. ) );
#2929 = EDGE_CURVE ( 'NONE', #585, #2758, #2296, .T. ) ;
#2930 = CIRCLE ( 'NONE', #44, 0.009250000000000009950 ) ;
#2931 = VERTEX_POINT ( 'NONE', #2417 ) ;
#2932 = DIRECTION ( 'NONE',  ( 0.000000000000000000, 0.000000000000000000, -1.000000000000000000 ) ) ;
#2933 =( LENGTH_UNIT ( ) NAMED_UNIT ( * ) SI_UNIT ( $, .METRE. ) );
#2934 =( NAMED_UNIT ( * ) PLANE_ANGLE_UNIT ( ) SI_UNIT ( $, .RADIAN. ) );
#2935 = ADVANCED_FACE ( 'NONE', ( #1876 ), #3300, .T. ) ;
#2936 = MECHANICAL_DESIGN_GEOMETRIC_PRESENTATION_REPRESENTATION (  '', ( #3401 ), #1368 ) ;
#2937 = ORIENTED_EDGE ( 'NONE', *, *, #8, .T. ) ;
#2938 = CIRCLE ( 'NONE', #2195, 0.01000000000000001235 ) ;
#2939 = DIRECTION ( 'NONE',  ( -0.000000000000000000, -1.000000000000000000, -0.000000000000000000 ) ) ;
#2940 =( LENGTH_UNIT ( ) NAMED_UNIT ( * ) SI_UNIT ( $, .METRE. ) );
#2941 = DIRECTION ( 'NONE',  ( 0.000000000000000000, -1.000000000000000000, 0.000000000000000000 ) ) ;
#2942 = PLANE ( 'NONE',  #2995 ) ;
#2943 = PLANE ( 'NONE',  #2380 ) ;
#2944 = ORIENTED_EDGE ( 'NONE', *, *, #2223, .T. ) ;
#2945 = CARTESIAN_POINT ( 'NONE',  ( 0.06759530401363474106, 0.05500000000000000028, -0.09303695435311870598 ) ) ;
#2946 = EDGE_LOOP ( 'NONE', ( #3089, #1349, #1777, #1328 ) ) ;
#2947 = CARTESIAN_POINT ( 'NONE',  ( 0.06759530401363474106, 0.05000000000000000278, -0.1030369543531187287 ) ) ;
#2948 = LENGTH_MEASURE_WITH_UNIT ( LENGTH_MEASURE( 0.02539999999999999897 ), #2928 );
#2949 = SHAPE_DEFINITION_REPRESENTATION ( #1411, #2962 ) ;
#2950 = EDGE_CURVE ( 'NONE', #2966, #563, #1832, .T. ) ;
#2951 = ORIENTED_EDGE ( 'NONE', *, *, #2045, .F. ) ;
#2952 = DIRECTION ( 'NONE',  ( 0.000000000000000000, -1.000000000000000000, 0.000000000000000000 ) ) ;
#2953 = ADVANCED_FACE ( 'NONE', ( #274 ), #1939, .T. ) ;
#2954 = LENGTH_MEASURE_WITH_UNIT ( LENGTH_MEASURE( 0.02539999999999999897 ), #3259 );
#2955 = FILL_AREA_STYLE ('',( #2166 ) ) ;
#2956 = ORIENTED_EDGE ( 'NONE', *, *, #570, .T. ) ;
#2957 = ADVANCED_FACE ( 'NONE', ( #3063 ), #2205, .F. ) ;
#2958 = DIRECTION ( 'NONE',  ( 0.000000000000000000, -1.000000000000000000, 0.000000000000000000 ) ) ;
#2959 = AXIS2_PLACEMENT_3D ( 'NONE', #2630, #3466, #2101 ) ;
#2960 = CARTESIAN_POINT ( 'NONE',  ( 0.06759530401363411656, 0.05500000000000000028, 0.09303695435311920559 ) ) ;
#2961 = CARTESIAN_POINT ( 'NONE',  ( -3.808990695747754810E-16, -0.4499999999999999556, 0.1057500000000000245 ) ) ;
#2962 = ADVANCED_BREP_SHAPE_REPRESENTATION ( 'AD536AKH', ( #3263, #852, #2138, #3210, #838, #845, #3234, #3197, #2078, #2008, #807, #2030, #2130, #3290, #2123, #864, #816, #2105, #2062, #897, #2086, #921, #3321 ), #1298 ) ;
#2963 = CARTESIAN_POINT ( 'NONE',  ( 0.06759530401363474106, 0.06000000000000001166, -0.09303695435311870598 ) ) ;
#2964 = EDGE_LOOP ( 'NONE', ( #2014, #2937, #2052, #474 ) ) ;
#2965 = DIRECTION ( 'NONE',  ( 0.000000000000000000, -1.000000000000000000, 0.000000000000000000 ) ) ;
#2966 = VERTEX_POINT ( 'NONE', #1335 ) ;
#2967 = DIRECTION ( 'NONE',  ( 0.000000000000000000, -1.000000000000000000, 0.000000000000000000 ) ) ;
#2968 = LINE ( 'NONE', #1610, #2682 ) ;
#2969 = SURFACE_STYLE_USAGE ( .BOTH. , #1863 ) ;
#2970 = VERTEX_POINT ( 'NONE', #1142 ) ;
#2971 = CARTESIAN_POINT ( 'NONE',  ( 0.1093714993739427904, 0.05500000000000000028, -0.03553695435311857165 ) ) ;
#2972 = CARTESIAN_POINT ( 'NONE',  ( 0.06759530401363411656, -0.9761629509039022601, 0.09303695435311920559 ) ) ;
#2973 = DIRECTION ( 'NONE',  ( 0.000000000000000000, -1.000000000000000000, 0.000000000000000000 ) ) ;
#2974 = FACE_OUTER_BOUND ( 'NONE', #2070, .T. ) ;
#2975 = ADVANCED_FACE ( 'NONE', ( #2465 ), #1092, .T. ) ;
#2976 = ORIENTED_EDGE ( 'NONE', *, *, #428, .F. ) ;
#2977 = CARTESIAN_POINT ( 'NONE',  ( 2.158439983497209870E-17, 0.05000000000000000278, 0.1762499999999999900 ) ) ;
#2978 = CIRCLE ( 'NONE', #3317, 0.01000000000000001235 ) ;
#2979 = AXIS2_PLACEMENT_3D ( 'NONE', #3050, #3356, #1455 ) ;
#2980 = EDGE_CURVE ( 'NONE', #2816, #3421, #3553, .T. ) ;
#2981 = CIRCLE ( 'NONE', #1880, 0.01000000000000000021 ) ;
#2982 = CIRCLE ( 'NONE', #1406, 0.01000000000000001235 ) ;
#2983 = AXIS2_PLACEMENT_3D ( 'NONE', #2276, #3205, #1042 ) ;
#2984 = CARTESIAN_POINT ( 'NONE',  ( 0.1093714993739427904, -0.4499999999999999556, -0.02628695435311859813 ) ) ;
#2985 = VERTEX_POINT ( 'NONE', #832 ) ;
#2986 = DIRECTION ( 'NONE',  ( 0.000000000000000000, 0.000000000000000000, -1.000000000000000000 ) ) ;
#2987 =( LENGTH_UNIT ( ) NAMED_UNIT ( * ) SI_UNIT ( $, .METRE. ) );
#2988 = DIRECTION ( 'NONE',  ( 0.000000000000000000, 0.000000000000000000, 1.000000000000000000 ) ) ;
#2989 = ORIENTED_EDGE ( 'NONE', *, *, #1326, .F. ) ;
#2990 = CARTESIAN_POINT ( 'NONE',  ( -3.948374053342880387E-16, 0.05000000000000000278, 0.1050000000000000100 ) ) ;
#2991 = DIRECTION ( 'NONE',  ( -0.000000000000000000, 1.000000000000000000, -0.000000000000000000 ) ) ;
#2992 = SURFACE_STYLE_USAGE ( .BOTH. , #823 ) ;
#2993 = CIRCLE ( 'NONE', #1896, 0.01000000000000001235 ) ;
#2994 = EDGE_LOOP ( 'NONE', ( #2151, #1499 ) ) ;
#2995 = AXIS2_PLACEMENT_3D ( 'NONE', #3160, #3501, #692 ) ;
#2996 = DIRECTION ( 'NONE',  ( 0.000000000000000000, 0.000000000000000000, 1.000000000000000000 ) ) ;
#2997 =( LENGTH_UNIT ( ) NAMED_UNIT ( * ) SI_UNIT ( $, .METRE. ) );
#2998 =( GEOMETRIC_REPRESENTATION_CONTEXT ( 3 ) GLOBAL_UNCERTAINTY_ASSIGNED_CONTEXT ( ( #418 ) ) GLOBAL_UNIT_ASSIGNED_CONTEXT ( ( #719, #2934, #225 ) ) REPRESENTATION_CONTEXT ( 'NONE', 'WORKASPACE' ) );
#2999 = ADVANCED_FACE ( 'NONE', ( #1921 ), #3333, .T. ) ;
#3000 = DIRECTION ( 'NONE',  ( 0.000000000000000000, 0.000000000000000000, -1.000000000000000000 ) ) ;
#3001 = DIRECTION ( 'NONE',  ( 0.000000000000000000, 0.000000000000000000, 1.000000000000000000 ) ) ;
#3002 = EDGE_CURVE ( 'NONE', #1321, #158, #435, .T. ) ;
#3003 =( NAMED_UNIT ( * ) PLANE_ANGLE_UNIT ( ) SI_UNIT ( $, .RADIAN. ) );
#3004 = LENGTH_MEASURE_WITH_UNIT ( LENGTH_MEASURE( 0.02539999999999999897 ), #3274 );
#3005 = CIRCLE ( 'NONE', #3057, 0.009999999999999995004 ) ;
#3006 = ORIENTED_EDGE ( 'NONE', *, *, #169, .F. ) ;
#3007 = CARTESIAN_POINT ( 'NONE',  ( -0.06759530401363472718, 0.05500000000000000028, 0.1022869543531187420 ) ) ;
#3008 = ORIENTED_EDGE ( 'NONE', *, *, #1069, .T. ) ;
#3009 = FACE_OUTER_BOUND ( 'NONE', #592, .T. ) ;
#3010 = DIMENSIONAL_EXPONENTS ( 1.000000000000000000, 0.000000000000000000, 0.000000000000000000, 0.000000000000000000, 0.000000000000000000, 0.000000000000000000, 0.000000000000000000 ) ;
#3011 =( NAMED_UNIT ( * ) SI_UNIT ( $, .STERADIAN. ) SOLID_ANGLE_UNIT ( ) );
#3012 = CARTESIAN_POINT ( 'NONE',  ( 0.1093714993739427904, 0.05500000000000000028, -0.03553695435311858553 ) ) ;
#3013 = AXIS2_PLACEMENT_3D ( 'NONE', #2121, #1243, #2103 ) ;
#3014 = EDGE_CURVE ( 'NONE', #2617, #252, #1870, .T. ) ;
#3015 = FACE_OUTER_BOUND ( 'NONE', #2093, .T. ) ;
#3016 = DIRECTION ( 'NONE',  ( 1.224646799147354933E-16, 0.000000000000000000, -1.000000000000000000 ) ) ;
#3017 = EDGE_CURVE ( 'NONE', #1626, #1088, #139, .T. ) ;
#3018 = ORIENTED_EDGE ( 'NONE', *, *, #1912, .T. ) ;
#3019 = DIRECTION ( 'NONE',  ( 0.000000000000000000, 0.000000000000000000, -1.000000000000000000 ) ) ;
#3020 = FILL_AREA_STYLE ('',( #1302 ) ) ;
#3021 = ORIENTED_EDGE ( 'NONE', *, *, #1161, .T. ) ;
#3022 = CARTESIAN_POINT ( 'NONE',  ( -0.1093714993739425406, 0.06000000000000001166, -0.04553695435311935075 ) ) ;
#3023 = AXIS2_PLACEMENT_3D ( 'NONE', #341, #1170, #356 ) ;
#3024 = FACE_OUTER_BOUND ( 'NONE', #579, .T. ) ;
#3025 = CARTESIAN_POINT ( 'NONE',  ( 0.000000000000000000, 0.06000000000000001166, 0.000000000000000000 ) ) ;
#3026 = ORIENTED_EDGE ( 'NONE', *, *, #506, .T. ) ;
#3027 = AXIS2_PLACEMENT_3D ( 'NONE', #1229, #2337, #1192 ) ;
#3028 = AXIS2_PLACEMENT_3D ( 'NONE', #2118, #2666, #127 ) ;
#3029 = AXIS2_PLACEMENT_3D ( 'NONE', #446, #2600, #964 ) ;
#3030 = CYLINDRICAL_SURFACE ( 'NONE', #1311, 0.01000000000000001235 ) ;
#3031 = CARTESIAN_POINT ( 'NONE',  ( -3.808990695747754810E-16, -0.9761629509039022601, 0.1057500000000000245 ) ) ;
#3032 = AXIS2_PLACEMENT_3D ( 'NONE', #780, #2728, #2996 ) ;
#3033 = EDGE_LOOP ( 'NONE', ( #1016, #1791, #235, #2065 ) ) ;
#3034 = DIRECTION ( 'NONE',  ( 0.000000000000000000, -1.000000000000000000, 0.000000000000000000 ) ) ;
#3035 = EDGE_CURVE ( 'NONE', #2985, #1377, #2332, .T. ) ;
#3036 = ORIENTED_EDGE ( 'NONE', *, *, #2639, .T. ) ;
#3037 = ORIENTED_EDGE ( 'NONE', *, *, #2720, .F. ) ;
#3038 = ADVANCED_FACE ( 'NONE', ( #305 ), #2749, .T. ) ;
#3039 = CYLINDRICAL_SURFACE ( 'NONE', #3051, 0.009250000000000009950 ) ;
#3040 = AXIS2_PLACEMENT_3D ( 'NONE', #2811, #1772, #2297 ) ;
#3041 = SURFACE_SIDE_STYLE ('',( #2511 ) ) ;
#3042 = CYLINDRICAL_SURFACE ( 'NONE', #1337, 0.009249999999999985664 ) ;
#3043 = CIRCLE ( 'NONE', #440, 0.01000000000000001756 ) ;
#3044 = ORIENTED_EDGE ( 'NONE', *, *, #2269, .T. ) ;
#3045 =( GEOMETRIC_REPRESENTATION_CONTEXT ( 3 ) GLOBAL_UNCERTAINTY_ASSIGNED_CONTEXT ( ( #979 ) ) GLOBAL_UNIT_ASSIGNED_CONTEXT ( ( #2820, #2672, #2390 ) ) REPRESENTATION_CONTEXT ( 'NONE', 'WORKASPACE' ) );
#3046 = DIRECTION ( 'NONE',  ( 0.000000000000000000, -1.000000000000000000, 0.000000000000000000 ) ) ;
#3047 = CARTESIAN_POINT ( 'NONE',  ( -0.1093714993739427904, 0.05500000000000000028, 0.04553695435311858747 ) ) ;
#3048 =( GEOMETRIC_REPRESENTATION_CONTEXT ( 3 ) GLOBAL_UNCERTAINTY_ASSIGNED_CONTEXT ( ( #1982 ) ) GLOBAL_UNIT_ASSIGNED_CONTEXT ( ( #3481, #1007, #140 ) ) REPRESENTATION_CONTEXT ( 'NONE', 'WORKASPACE' ) );
#3049 = CARTESIAN_POINT ( 'NONE',  ( -0.06759530401363407492, 0.05500000000000000028, -0.09303695435311919171 ) ) ;
#3050 = CARTESIAN_POINT ( 'NONE',  ( 0.06759530401363408880, 0.05500000000000000028, 0.09303695435311919171 ) ) ;
#3051 = AXIS2_PLACEMENT_3D ( 'NONE', #1333, #551, #1683 ) ;
#3052 = ORIENTED_EDGE ( 'NONE', *, *, #171, .F. ) ;
#3053 = CARTESIAN_POINT ( 'NONE',  ( -0.06759530401363472718, 0.06000000000000001166, 0.09303695435311874762 ) ) ;
#3054 = LINE ( 'NONE', #903, #2117 ) ;
#3055 = ADVANCED_FACE ( 'NONE', ( #1974 ), #3042, .T. ) ;
#3056 = DIRECTION ( 'NONE',  ( 0.000000000000000000, 0.000000000000000000, -1.000000000000000000 ) ) ;
#3057 = AXIS2_PLACEMENT_3D ( 'NONE', #932, #2973, #2149 ) ;
#3058 = EDGE_CURVE ( 'NONE', #2133, #396, #3078, .T. ) ;
#3059 = ORIENTED_EDGE ( 'NONE', *, *, #972, .T. ) ;
#3060 = FACE_OUTER_BOUND ( 'NONE', #2964, .T. ) ;
#3061 = CARTESIAN_POINT ( 'NONE',  ( 0.06759530401363474106, -0.4499999999999999556, -0.09303695435311873374 ) ) ;
#3062 = EDGE_CURVE ( 'NONE', #2509, #3315, #571, .T. ) ;
#3063 = FACE_OUTER_BOUND ( 'NONE', #2329, .T. ) ;
#3064 = ORIENTED_EDGE ( 'NONE', *, *, #758, .F. ) ;
#3065 = DIRECTION ( 'NONE',  ( 0.000000000000000000, 0.000000000000000000, -1.000000000000000000 ) ) ;
#3066 = DIRECTION ( 'NONE',  ( 0.000000000000000000, -0.000000000000000000, 1.000000000000000000 ) ) ;
#3067 = CARTESIAN_POINT ( 'NONE',  ( 0.000000000000000000, 0.1000000000000000194, 0.000000000000000000 ) ) ;
#3068 = CYLINDRICAL_SURFACE ( 'NONE', #2502, 0.009249999999999985664 ) ;
#3069 = VERTEX_POINT ( 'NONE', #1706 ) ;
#3070 = DIRECTION ( 'NONE',  ( 0.000000000000000000, 1.000000000000000000, 0.000000000000000000 ) ) ;
#3071 = DIRECTION ( 'NONE',  ( -0.000000000000000000, 1.000000000000000000, -0.000000000000000000 ) ) ;
#3072 = SURFACE_STYLE_USAGE ( .BOTH. , #3343 ) ;
#3073 = FACE_OUTER_BOUND ( 'NONE', #1155, .T. ) ;
#3074 = ORIENTED_EDGE ( 'NONE', *, *, #1331, .T. ) ;
#3075 = ORIENTED_EDGE ( 'NONE', *, *, #2426, .F. ) ;
#3076 = CARTESIAN_POINT ( 'NONE',  ( -0.1093714993739427904, 0.05500000000000000028, 0.02553695435311858358 ) ) ;
#3077 = EDGE_CURVE ( 'NONE', #1321, #337, #2806, .T. ) ;
#3078 = CIRCLE ( 'NONE', #766, 0.01000000000000000368 ) ;
#3079 = CARTESIAN_POINT ( 'NONE',  ( -3.948374053342880387E-16, 0.06000000000000001166, 0.1050000000000000100 ) ) ;
#3080 = VERTEX_POINT ( 'NONE', #2291 ) ;
#3081 = CARTESIAN_POINT ( 'NONE',  ( -0.06759530401363472718, 0.05000000000000000278, 0.09303695435311874762 ) ) ;
#3082 = EDGE_CURVE ( 'NONE', #158, #2104, #2826, .T. ) ;
#3083 = DIRECTION ( 'NONE',  ( -0.000000000000000000, 1.000000000000000000, -0.000000000000000000 ) ) ;
#3084 = AXIS2_PLACEMENT_3D ( 'NONE', #839, #601, #1946 ) ;
#3085 = DIRECTION ( 'NONE',  ( -0.000000000000000000, -1.000000000000000000, -0.000000000000000000 ) ) ;
#3086 = CARTESIAN_POINT ( 'NONE',  ( 0.000000000000000000, 0.2350000000000000144, 0.000000000000000000 ) ) ;
#3087 = VECTOR ( 'NONE', #391, 39.37007874015748143 ) ;
#3088 = DIRECTION ( 'NONE',  ( 0.000000000000000000, 0.000000000000000000, 1.000000000000000000 ) ) ;
#3089 = ORIENTED_EDGE ( 'NONE', *, *, #231, .T. ) ;
#3090 = DIRECTION ( 'NONE',  ( 0.000000000000000000, 0.000000000000000000, -1.000000000000000000 ) ) ;
#3091 = VERTEX_POINT ( 'NONE', #1502 ) ;
#3092 = DIRECTION ( 'NONE',  ( 0.000000000000000000, 1.000000000000000000, 0.000000000000000000 ) ) ;
#3093 = VECTOR ( 'NONE', #2608, 39.37007874015748143 ) ;
#3094 = FACE_OUTER_BOUND ( 'NONE', #1975, .T. ) ;
#3095 = ORIENTED_EDGE ( 'NONE', *, *, #512, .F. ) ;
#3096 = EDGE_LOOP ( 'NONE', ( #134, #2726, #2216, #2877 ) ) ;
#3097 = CARTESIAN_POINT ( 'NONE',  ( 0.000000000000000000, 0.1000000000000000194, 0.000000000000000000 ) ) ;
#3098 = SURFACE_SIDE_STYLE ('',( #104 ) ) ;
#3099 = ORIENTED_EDGE ( 'NONE', *, *, #3014, .T. ) ;
#3100 = CIRCLE ( 'NONE', #1541, 0.009249999999999985664 ) ;
#3101 = CARTESIAN_POINT ( 'NONE',  ( 0.06759530401363474106, 0.05000000000000000278, -0.09303695435311870598 ) ) ;
#3102 = CARTESIAN_POINT ( 'NONE',  ( -0.06759530401363407492, 0.06000000000000001166, -0.08303695435311916895 ) ) ;
#3103 = AXIS2_PLACEMENT_3D ( 'NONE', #2595, #957, #2400 ) ;
#3104 = ADVANCED_FACE ( 'NONE', ( #689 ), #615, .T. ) ;
#3105 = FACE_BOUND ( 'NONE', #2764, .T. ) ;
#3106 = AXIS2_PLACEMENT_3D ( 'NONE', #3449, #977, #1566 ) ;
#3107 = DIRECTION ( 'NONE',  ( 0.000000000000000000, 1.000000000000000000, 0.000000000000000000 ) ) ;
#3108 = PRESENTATION_LAYER_ASSIGNMENT (  '', '', ( #2193 ) ) ;
#3109 = EDGE_CURVE ( 'NONE', #2670, #1071, #1690, .T. ) ;
#3110 = ORIENTED_EDGE ( 'NONE', *, *, #1625, .T. ) ;
#3111 = DIRECTION ( 'NONE',  ( 0.000000000000000000, -1.000000000000000000, 0.000000000000000000 ) ) ;
#3112 = EDGE_LOOP ( 'NONE', ( #2944, #2761 ) ) ;
#3113 = CIRCLE ( 'NONE', #1087, 0.01000000000000001756 ) ;
#3114 = DIRECTION ( 'NONE',  ( -0.000000000000000000, -1.000000000000000000, -0.000000000000000000 ) ) ;
#3115 = FACE_OUTER_BOUND ( 'NONE', #901, .T. ) ;
#3116 = LINE ( 'NONE', #1217, #3489 ) ;
#3117 = ORIENTED_EDGE ( 'NONE', *, *, #3017, .T. ) ;
#3118 = CIRCLE ( 'NONE', #1615, 0.06750000000000000444 ) ;
#3119 =( CONVERSION_BASED_UNIT ( 'INCH', #910 ) LENGTH_UNIT ( ) NAMED_UNIT ( #739 ) );
#3120 = DIRECTION ( 'NONE',  ( 0.000000000000000000, 0.000000000000000000, -1.000000000000000000 ) ) ;
#3121 = ORIENTED_EDGE ( 'NONE', *, *, #268, .T. ) ;
#3122 = CARTESIAN_POINT ( 'NONE',  ( 3.895674348883487256E-16, 0.05500000000000000028, -0.1242500000000000271 ) ) ;
#3123 = CARTESIAN_POINT ( 'NONE',  ( 0.1093714993739427904, 0.05000000000000000278, -0.04553695435311857359 ) ) ;
#3124 = CYLINDRICAL_SURFACE ( 'NONE', #3281, 0.009250000000000009950 ) ;
#3125 = DIRECTION ( 'NONE',  ( 0.000000000000000000, 0.000000000000000000, -1.000000000000000000 ) ) ;
#3126 = EDGE_CURVE ( 'NONE', #804, #2286, #2174, .T. ) ;
#3127 = VERTEX_POINT ( 'NONE', #1159 ) ;
#3128 = PLANE ( 'NONE',  #1698 ) ;
#3129 = CARTESIAN_POINT ( 'NONE',  ( -0.1093714993739425406, 0.06000000000000001166, -0.02553695435311931911 ) ) ;
#3130 = CIRCLE ( 'NONE', #2212, 0.009999999999999995004 ) ;
#3131 = CARTESIAN_POINT ( 'NONE',  ( 0.06759530401363474106, 0.05000000000000000278, -0.08303695435311869710 ) ) ;
#3132 = EDGE_CURVE ( 'NONE', #2873, #3127, #3446, .T. ) ;
#3133 = DIRECTION ( 'NONE',  ( 0.000000000000000000, 0.000000000000000000, 1.000000000000000000 ) ) ;
#3134 = EDGE_LOOP ( 'NONE', ( #934, #3169, #330, #1445 ) ) ;
#3135 = EDGE_LOOP ( 'NONE', ( #602, #3221 ) ) ;
#3136 = CARTESIAN_POINT ( 'NONE',  ( -0.1093714993739427904, 0.06000000000000001166, 0.02553695435311858358 ) ) ;
#3137 = ADVANCED_FACE ( 'NONE', ( #3372 ), #674, .T. ) ;
#3138 = ORIENTED_EDGE ( 'NONE', *, *, #1854, .F. ) ;
#3139 = DIRECTION ( 'NONE',  ( 0.000000000000000000, -1.000000000000000000, 0.000000000000000000 ) ) ;
#3140 = SURFACE_SIDE_STYLE ('',( #760 ) ) ;
#3141 = SURFACE_STYLE_USAGE ( .BOTH. , #188 ) ;
#3142 = DIRECTION ( 'NONE',  ( -0.000000000000000000, 1.000000000000000000, -0.000000000000000000 ) ) ;
#3143 = DIRECTION ( 'NONE',  ( -0.000000000000000000, 1.000000000000000000, -0.000000000000000000 ) ) ;
#3144 = CIRCLE ( 'NONE', #1987, 0.009249999999999994338 ) ;
#3145 = ORIENTED_EDGE ( 'NONE', *, *, #2792, .F. ) ;
#3146 = DIRECTION ( 'NONE',  ( 0.000000000000000000, -0.000000000000000000, 1.000000000000000000 ) ) ;
#3147 = DIRECTION ( 'NONE',  ( -0.000000000000000000, 1.000000000000000000, -0.000000000000000000 ) ) ;
#3148 = AXIS2_PLACEMENT_3D ( 'NONE', #1713, #3400, #1732 ) ;
#3149 = AXIS2_PLACEMENT_3D ( 'NONE', #1001, #667, #1555 ) ;
#3150 = DIRECTION ( 'NONE',  ( 0.000000000000000000, 1.000000000000000000, 0.000000000000000000 ) ) ;
#3151 = ORIENTED_EDGE ( 'NONE', *, *, #291, .T. ) ;
#3152 = VERTEX_POINT ( 'NONE', #395 ) ;
#3153 = ADVANCED_FACE ( 'NONE', ( #636 ), #1727, .F. ) ;
#3154 = AXIS2_PLACEMENT_3D ( 'NONE', #2425, #1672, #2145 ) ;
#3155 = DIRECTION ( 'NONE',  ( -0.000000000000000000, 1.000000000000000000, -0.000000000000000000 ) ) ;
#3156 = DIRECTION ( 'NONE',  ( 0.000000000000000000, 0.000000000000000000, 1.000000000000000000 ) ) ;
#3157 = ORIENTED_EDGE ( 'NONE', *, *, #2319, .T. ) ;
#3158 = EDGE_CURVE ( 'NONE', #1665, #1797, #2982, .T. ) ;
#3159 = PLANE ( 'NONE',  #2738 ) ;
#3160 = CARTESIAN_POINT ( 'NONE',  ( 0.000000000000000000, 0.06000000000000001166, 0.000000000000000000 ) ) ;
#3161 = CARTESIAN_POINT ( 'NONE',  ( -0.1093714993739427904, 0.06000000000000001166, 0.03553695435311858553 ) ) ;
#3162 = CLOSED_SHELL ( 'NONE', ( #693, #2957, #3239, #3438 ) ) ;
#3163 = ORIENTED_EDGE ( 'NONE', *, *, #2026, .T. ) ;
#3164 = CARTESIAN_POINT ( 'NONE',  ( 0.1093714993739425684, -0.9761629509039022601, 0.02628695435311934406 ) ) ;
#3165 = AXIS2_PLACEMENT_3D ( 'NONE', #2629, #2063, #706 ) ;
#3166 = EDGE_LOOP ( 'NONE', ( #357, #1226, #2280, #1654 ) ) ;
#3167 = CARTESIAN_POINT ( 'NONE',  ( -3.936127585351407128E-16, 0.05500000000000000028, 0.1050000000000000100 ) ) ;
#3168 = VECTOR ( 'NONE', #10, 39.37007874015748143 ) ;
#3169 = ORIENTED_EDGE ( 'NONE', *, *, #995, .T. ) ;
#3170 = ADVANCED_FACE ( 'NONE', ( #2328 ), #653, .T. ) ;
#3171 = ADVANCED_FACE ( 'NONE', ( #2606 ), #3428, .F. ) ;
#3172 = DIRECTION ( 'NONE',  ( -0.000000000000000000, -1.000000000000000000, -0.000000000000000000 ) ) ;
#3173 = VERTEX_POINT ( 'NONE', #345 ) ;
#3174 = DIRECTION ( 'NONE',  ( 0.000000000000000000, 0.000000000000000000, -1.000000000000000000 ) ) ;
#3175 = EDGE_CURVE ( 'NONE', #851, #1649, #1748, .T. ) ;
#3176 = COLOUR_RGB ( '',0.7921568627450980005, 0.8196078431372548767, 0.9333333333333333481 ) ;
#3177 = FACE_OUTER_BOUND ( 'NONE', #1707, .T. ) ;
#3178 = FACE_OUTER_BOUND ( 'NONE', #1124, .T. ) ;
#3179 = EDGE_LOOP ( 'NONE', ( #3151, #2676 ) ) ;
#3180 = CYLINDRICAL_SURFACE ( 'NONE', #1568, 0.01000000000000001235 ) ;
#3181 = EDGE_LOOP ( 'NONE', ( #749, #2559, #476, #2765 ) ) ;
#3182 = SURFACE_SIDE_STYLE ('',( #2087 ) ) ;
#3183 = CARTESIAN_POINT ( 'NONE',  ( 0.000000000000000000, 0.05500000000000000028, 0.000000000000000000 ) ) ;
#3184 = ORIENTED_EDGE ( 'NONE', *, *, #273, .T. ) ;
#3185 = VERTEX_POINT ( 'NONE', #1450 ) ;
#3186 = CARTESIAN_POINT ( 'NONE',  ( 0.000000000000000000, 0.05000000000000000278, 0.000000000000000000 ) ) ;
#3187 = DIRECTION ( 'NONE',  ( -0.000000000000000000, 1.000000000000000000, -0.000000000000000000 ) ) ;
#3188 = STYLED_ITEM ( 'NONE', ( #1595 ), #3234 ) ;
#3189 = FACE_OUTER_BOUND ( 'NONE', #2353, .T. ) ;
#3190 = DIRECTION ( 'NONE',  ( 0.000000000000000000, 0.000000000000000000, -1.000000000000000000 ) ) ;
#3191 = EDGE_CURVE ( 'NONE', #2660, #650, #2844, .T. ) ;
#3192 = CARTESIAN_POINT ( 'NONE',  ( 0.06759530401363408880, 0.05000000000000000278, 0.08303695435311916895 ) ) ;
#3193 = ORIENTED_EDGE ( 'NONE', *, *, #1075, .F. ) ;
#3194 = LINE ( 'NONE', #1790, #1914 ) ;
#3195 = ORIENTED_EDGE ( 'NONE', *, *, #447, .F. ) ;
#3196 = AXIS2_PLACEMENT_3D ( 'NONE', #865, #1969, #583 ) ;
#3197 = MANIFOLD_SOLID_BREP ( 'Body-Move/Copy1[8]', #3451 ) ;
#3198 = ORIENTED_EDGE ( 'NONE', *, *, #917, .F. ) ;
#3199 = STYLED_ITEM ( 'NONE', ( #2157 ), #2138 ) ;
#3200 = FILL_AREA_STYLE ('',( #989 ) ) ;
#3201 = AXIS2_PLACEMENT_3D ( 'NONE', #2266, #3111, #3090 ) ;
#3202 = AXIS2_PLACEMENT_3D ( 'NONE', #1144, #835, #9 ) ;
#3203 = EDGE_LOOP ( 'NONE', ( #275, #543, #1003, #68 ) ) ;
#3204 = STYLED_ITEM ( 'NONE', ( #219 ), #2962 ) ;
#3205 = DIRECTION ( 'NONE',  ( -0.000000000000000000, -1.000000000000000000, -0.000000000000000000 ) ) ;
#3206 = SURFACE_STYLE_FILL_AREA ( #399 ) ;
#3207 = DIRECTION ( 'NONE',  ( 0.000000000000000000, 0.000000000000000000, -1.000000000000000000 ) ) ;
#3208 = ADVANCED_FACE ( 'NONE', ( #2431 ), #888, .F. ) ;
#3209 = DIRECTION ( 'NONE',  ( -0.000000000000000000, 1.000000000000000000, -0.000000000000000000 ) ) ;
#3210 = MANIFOLD_SOLID_BREP ( 'Body-Move/Copy1[4]', #1421 ) ;
#3211 = DIMENSIONAL_EXPONENTS ( 1.000000000000000000, 0.000000000000000000, 0.000000000000000000, 0.000000000000000000, 0.000000000000000000, 0.000000000000000000, 0.000000000000000000 ) ;
#3212 = EDGE_CURVE ( 'NONE', #884, #549, #2215, .T. ) ;
#3213 = ORIENTED_EDGE ( 'NONE', *, *, #2767, .T. ) ;
#3214 = DIRECTION ( 'NONE',  ( 0.000000000000000000, 0.000000000000000000, 1.000000000000000000 ) ) ;
#3215 = ORIENTED_EDGE ( 'NONE', *, *, #1466, .F. ) ;
#3216 = DIRECTION ( 'NONE',  ( 0.000000000000000000, -0.000000000000000000, -1.000000000000000000 ) ) ;
#3217 = AXIS2_PLACEMENT_3D ( 'NONE', #1657, #2225, #2210 ) ;
#3218 = DIRECTION ( 'NONE',  ( -0.000000000000000000, 1.000000000000000000, -0.000000000000000000 ) ) ;
#3219 = EDGE_CURVE ( 'NONE', #2751, #2389, #411, .T. ) ;
#3220 = CIRCLE ( 'NONE', #160, 0.01000000000000001235 ) ;
#3221 = ORIENTED_EDGE ( 'NONE', *, *, #1395, .F. ) ;
#3222 = DIRECTION ( 'NONE',  ( 0.000000000000000000, 0.000000000000000000, -1.000000000000000000 ) ) ;
#3223 =( GEOMETRIC_REPRESENTATION_CONTEXT ( 3 ) GLOBAL_UNCERTAINTY_ASSIGNED_CONTEXT ( ( #2813 ) ) GLOBAL_UNIT_ASSIGNED_CONTEXT ( ( #1215, #2323, #59 ) ) REPRESENTATION_CONTEXT ( 'NONE', 'WORKASPACE' ) );
#3224 =( NAMED_UNIT ( * ) PLANE_ANGLE_UNIT ( ) SI_UNIT ( $, .RADIAN. ) );
#3225 = AXIS2_PLACEMENT_3D ( 'NONE', #1560, #1598, #2658 ) ;
#3226 =( LENGTH_UNIT ( ) NAMED_UNIT ( * ) SI_UNIT ( $, .METRE. ) );
#3227 = VERTEX_POINT ( 'NONE', #1038 ) ;
#3228 = CARTESIAN_POINT ( 'NONE',  ( 0.06759530401363474106, 0.05500000000000000028, -0.1030369543531187287 ) ) ;
#3229 = CARTESIAN_POINT ( 'NONE',  ( -0.1093714993739428043, -0.9761629509039022601, 0.03553695435311857165 ) ) ;
#3230 = CIRCLE ( 'NONE', #53, 0.009250000000000009950 ) ;
#3231 = DIRECTION ( 'NONE',  ( 0.000000000000000000, 1.000000000000000000, 0.000000000000000000 ) ) ;
#3232 = STYLED_ITEM ( 'NONE', ( #2657 ), #2030 ) ;
#3233 = DIRECTION ( 'NONE',  ( 0.000000000000000000, 0.000000000000000000, -1.000000000000000000 ) ) ;
#3234 = MANIFOLD_SOLID_BREP ( 'Body-Move/Copy1[7]', #3162 ) ;
#3235 = EDGE_LOOP ( 'NONE', ( #2951, #811 ) ) ;
#3236 = DIRECTION ( 'NONE',  ( 0.000000000000000000, -1.000000000000000000, 0.000000000000000000 ) ) ;
#3237 = ORIENTED_EDGE ( 'NONE', *, *, #1741, .T. ) ;
#3238 = DIRECTION ( 'NONE',  ( 0.000000000000000000, 0.000000000000000000, 1.000000000000000000 ) ) ;
#3239 = ADVANCED_FACE ( 'NONE', ( #222 ), #152, .T. ) ;
#3240 = FACE_OUTER_BOUND ( 'NONE', #2036, .T. ) ;
#3241 = LENGTH_MEASURE_WITH_UNIT ( LENGTH_MEASURE( 0.02539999999999999897 ), #1829 );
#3242 = VERTEX_POINT ( 'NONE', #1865 ) ;
#3243 = CARTESIAN_POINT ( 'NONE',  ( -0.06759530401363407492, 0.06000000000000001166, -0.09303695435311919171 ) ) ;
#3244 = EDGE_CURVE ( 'NONE', #403, #2220, #46, .T. ) ;
#3245 = PLANE ( 'NONE',  #1211 ) ;
#3246 = FILL_AREA_STYLE ('',( #109 ) ) ;
#3247 = LENGTH_MEASURE_WITH_UNIT ( LENGTH_MEASURE( 0.02539999999999999897 ), #933 );
#3248 = ORIENTED_EDGE ( 'NONE', *, *, #3445, .T. ) ;
#3249 = DIRECTION ( 'NONE',  ( 0.000000000000000000, -1.000000000000000000, 0.000000000000000000 ) ) ;
#3250 = AXIS2_PLACEMENT_3D ( 'NONE', #2945, #3236, #2372 ) ;
#3251 = FILL_AREA_STYLE ('',( #1058 ) ) ;
#3252 = LINE ( 'NONE', #996, #2018 ) ;
#3253 = FACE_OUTER_BOUND ( 'NONE', #1294, .T. ) ;
#3254 = DIRECTION ( 'NONE',  ( -0.000000000000000000, 1.000000000000000000, -0.000000000000000000 ) ) ;
#3255 = DIRECTION ( 'NONE',  ( 0.000000000000000000, -0.000000000000000000, -1.000000000000000000 ) ) ;
#3256 = ORIENTED_EDGE ( 'NONE', *, *, #2681, .T. ) ;
#3257 = DIRECTION ( 'NONE',  ( -0.000000000000000000, 1.000000000000000000, -0.000000000000000000 ) ) ;
#3258 = CARTESIAN_POINT ( 'NONE',  ( 3.884346365991374479E-16, 0.05500000000000000028, -0.1150000000000000189 ) ) ;
#3259 =( LENGTH_UNIT ( ) NAMED_UNIT ( * ) SI_UNIT ( $, .METRE. ) );
#3260 = EDGE_CURVE ( 'NONE', #3381, #1813, #697, .T. ) ;
#3261 = ORIENTED_EDGE ( 'NONE', *, *, #3306, .T. ) ;
#3262 = STYLED_ITEM ( 'NONE', ( #2136 ), #864 ) ;
#3263 = MANIFOLD_SOLID_BREP ( 'Body-Move/Copy1[1]', #2357 ) ;
#3264 = CARTESIAN_POINT ( 'NONE',  ( 0.1093714993739425684, 0.05500000000000000028, 0.04478695435311931539 ) ) ;
#3265 = VECTOR ( 'NONE', #685, 39.37007874015748143 ) ;
#3266 = AXIS2_PLACEMENT_3D ( 'NONE', #477, #875, #1977 ) ;
#3267 = VECTOR ( 'NONE', #2572, 39.37007874015748143 ) ;
#3268 = ADVANCED_FACE ( 'NONE', ( #2723 ), #2618, .T. ) ;
#3269 = DIRECTION ( 'NONE',  ( -0.000000000000000000, 1.000000000000000000, -0.000000000000000000 ) ) ;
#3270 = CIRCLE ( 'NONE', #831, 0.009250000000000009950 ) ;
#3271 = CARTESIAN_POINT ( 'NONE',  ( -0.1093714993739425406, 0.06000000000000001166, -0.02553695435311931911 ) ) ;
#3272 = CARTESIAN_POINT ( 'NONE',  ( 2.081899558550500465E-17, 0.1000000000000000194, -0.1699999999999999845 ) ) ;
#3273 = SURFACE_STYLE_USAGE ( .BOTH. , #281 ) ;
#3274 =( LENGTH_UNIT ( ) NAMED_UNIT ( * ) SI_UNIT ( $, .METRE. ) );
#3275 = VERTEX_POINT ( 'NONE', #2489 ) ;
#3276 = DIRECTION ( 'NONE',  ( -0.000000000000000000, 1.000000000000000000, -0.000000000000000000 ) ) ;
#3277 = CARTESIAN_POINT ( 'NONE',  ( 0.1093714993739427904, 0.05500000000000000028, -0.02553695435311856624 ) ) ;
#3278 = CIRCLE ( 'NONE', #1717, 0.009249999999999985664 ) ;
#3279 = EDGE_CURVE ( 'NONE', #554, #2816, #1365, .T. ) ;
#3280 = ORIENTED_EDGE ( 'NONE', *, *, #1803, .F. ) ;
#3281 = AXIS2_PLACEMENT_3D ( 'NONE', #1128, #3142, #2499 ) ;
#3282 = CYLINDRICAL_SURFACE ( 'NONE', #1493, 0.01000000000000000021 ) ;
#3283 = EDGE_CURVE ( 'NONE', #961, #2859, #1344, .T. ) ;
#3284 =( NAMED_UNIT ( * ) PLANE_ANGLE_UNIT ( ) SI_UNIT ( $, .RADIAN. ) );
#3285 = MECHANICAL_DESIGN_GEOMETRIC_PRESENTATION_REPRESENTATION (  '', ( #1363 ), #679 ) ;
#3286 = DIRECTION ( 'NONE',  ( 0.000000000000000000, -1.000000000000000000, 0.000000000000000000 ) ) ;
#3287 = CIRCLE ( 'NONE', #276, 0.01000000000000001235 ) ;
#3288 = EDGE_CURVE ( 'NONE', #2020, #392, #3380, .T. ) ;
#3289 = FACE_OUTER_BOUND ( 'NONE', #2946, .T. ) ;
#3290 = MANIFOLD_SOLID_BREP ( 'Body-Move/Copy1[14]', #1195 ) ;
#3291 = DIMENSIONAL_EXPONENTS ( 1.000000000000000000, 0.000000000000000000, 0.000000000000000000, 0.000000000000000000, 0.000000000000000000, 0.000000000000000000, 0.000000000000000000 ) ;
#3292 = CARTESIAN_POINT ( 'NONE',  ( 0.000000000000000000, 0.06000000000000001166, -0.06750000000000000444 ) ) ;
#3293 =( NAMED_UNIT ( * ) SI_UNIT ( $, .STERADIAN. ) SOLID_ANGLE_UNIT ( ) );
#3294 = ORIENTED_EDGE ( 'NONE', *, *, #2458, .F. ) ;
#3295 = DIRECTION ( 'NONE',  ( 0.000000000000000000, 0.000000000000000000, 1.000000000000000000 ) ) ;
#3296 = DIRECTION ( 'NONE',  ( 0.000000000000000000, 0.000000000000000000, -1.000000000000000000 ) ) ;
#3297 = ORIENTED_EDGE ( 'NONE', *, *, #2464, .F. ) ;
#3298 = ORIENTED_EDGE ( 'NONE', *, *, #1204, .T. ) ;
#3299 = CARTESIAN_POINT ( 'NONE',  ( 8.266365894244634333E-18, 0.05500000000000000028, -0.06750000000000000444 ) ) ;
#3300 = CYLINDRICAL_SURFACE ( 'NONE', #1711, 0.1762499999999999900 ) ;
#3301 = ORIENTED_EDGE ( 'NONE', *, *, #2168, .F. ) ;
#3302 = DIRECTION ( 'NONE',  ( 0.000000000000000000, -1.000000000000000000, 0.000000000000000000 ) ) ;
#3303 = CARTESIAN_POINT ( 'NONE',  ( 0.000000000000000000, 0.8725483399593904066, -0.1600000000000000033 ) ) ;
#3304 = ADVANCED_FACE ( 'NONE', ( #771 ), #3538, .F. ) ;
#3305 = CARTESIAN_POINT ( 'NONE',  ( -0.06759530401363472718, 0.06000000000000001166, 0.09303695435311874762 ) ) ;
#3306 = EDGE_CURVE ( 'NONE', #961, #2670, #564, .T. ) ;
#3307 = EDGE_LOOP ( 'NONE', ( #3541, #3443 ) ) ;
#3308 = FACE_OUTER_BOUND ( 'NONE', #2598, .T. ) ;
#3309 = DIRECTION ( 'NONE',  ( 0.000000000000000000, 1.000000000000000000, 0.000000000000000000 ) ) ;
#3310 = ORIENTED_EDGE ( 'NONE', *, *, #3058, .T. ) ;
#3311 = DIRECTION ( 'NONE',  ( -0.000000000000000000, -1.000000000000000000, -0.000000000000000000 ) ) ;
#3312 = AXIS2_PLACEMENT_3D ( 'NONE', #1697, #2305, #2801 ) ;
#3313 = LINE ( 'NONE', #614, #253 ) ;
#3314 = DIRECTION ( 'NONE',  ( 0.000000000000000000, 0.000000000000000000, -1.000000000000000000 ) ) ;
#3315 = VERTEX_POINT ( 'NONE', #2990 ) ;
#3316 = CARTESIAN_POINT ( 'NONE',  ( -0.1093714993739425406, 0.05000000000000000278, -0.03553695435311933493 ) ) ;
#3317 = AXIS2_PLACEMENT_3D ( 'NONE', #2505, #603, #319 ) ;
#3318 = AXIS2_PLACEMENT_3D ( 'NONE', #402, #1271, #156 ) ;
#3319 = VECTOR ( 'NONE', #3405, 39.37007874015748143 ) ;
#3320 = PLANE ( 'NONE',  #2698 ) ;
#3321 = AXIS2_PLACEMENT_3D ( 'NONE', #449, #2988, #735 ) ;
#3322 = EDGE_CURVE ( 'NONE', #1500, #2456, #2735, .T. ) ;
#3323 = DIRECTION ( 'NONE',  ( 0.000000000000000000, -1.000000000000000000, 0.000000000000000000 ) ) ;
#3324 = DIRECTION ( 'NONE',  ( 0.000000000000000000, 0.000000000000000000, 1.000000000000000000 ) ) ;
#3325 = EDGE_CURVE ( 'NONE', #1370, #3069, #544, .T. ) ;
#3326 = FACE_OUTER_BOUND ( 'NONE', #525, .T. ) ;
#3327 = VERTEX_POINT ( 'NONE', #2179 ) ;
#3328 =( NAMED_UNIT ( * ) SI_UNIT ( $, .STERADIAN. ) SOLID_ANGLE_UNIT ( ) );
#3329 = LINE ( 'NONE', #79, #1068 ) ;
#3330 = ADVANCED_FACE ( 'NONE', ( #3308 ), #820, .T. ) ;
#3331 = ORIENTED_EDGE ( 'NONE', *, *, #1897, .T. ) ;
#3332 = DIRECTION ( 'NONE',  ( 0.000000000000000000, 1.000000000000000000, 0.000000000000000000 ) ) ;
#3333 = PLANE ( 'NONE',  #905 ) ;
#3334 = AXIS2_PLACEMENT_3D ( 'NONE', #1730, #1751, #916 ) ;
#3335 = ORIENTED_EDGE ( 'NONE', *, *, #1854, .T. ) ;
#3336 = CARTESIAN_POINT ( 'NONE',  ( 0.06759530401363408880, 0.06000000000000001166, 0.1030369543531192006 ) ) ;
#3337 = LINE ( 'NONE', #3047, #976 ) ;
#3338 = DIRECTION ( 'NONE',  ( 0.000000000000000000, 1.000000000000000000, 0.000000000000000000 ) ) ;
#3339 = CARTESIAN_POINT ( 'NONE',  ( -0.06759530401363472718, 0.05500000000000000028, 0.09303695435311874762 ) ) ;
#3340 = VERTEX_POINT ( 'NONE', #2740 ) ;
#3341 = CARTESIAN_POINT ( 'NONE',  ( 0.1093714993739427904, 0.06000000000000001166, -0.04553695435311857359 ) ) ;
#3342 = DIRECTION ( 'NONE',  ( -0.000000000000000000, -1.000000000000000000, -0.000000000000000000 ) ) ;
#3343 = SURFACE_SIDE_STYLE ('',( #2250 ) ) ;
#3344 = DIRECTION ( 'NONE',  ( -0.000000000000000000, -1.000000000000000000, -0.000000000000000000 ) ) ;
#3345 = VERTEX_POINT ( 'NONE', #1930 ) ;
#3346 = ORIENTED_EDGE ( 'NONE', *, *, #3014, .F. ) ;
#3347 = ADVANCED_FACE ( 'NONE', ( #2540 ), #1189, .F. ) ;
#3348 = FACE_OUTER_BOUND ( 'NONE', #992, .T. ) ;
#3349 = LENGTH_MEASURE_WITH_UNIT ( LENGTH_MEASURE( 0.02539999999999999897 ), #2805 );
#3350 = DIRECTION ( 'NONE',  ( 0.000000000000000000, 0.000000000000000000, -1.000000000000000000 ) ) ;
#3351 = ORIENTED_EDGE ( 'NONE', *, *, #108, .F. ) ;
#3352 = EDGE_CURVE ( 'NONE', #396, #585, #2301, .T. ) ;
#3353 = CYLINDRICAL_SURFACE ( 'NONE', #3266, 0.01000000000000001235 ) ;
#3354 = DIRECTION ( 'NONE',  ( -0.000000000000000000, 1.000000000000000000, -0.000000000000000000 ) ) ;
#3355 = CARTESIAN_POINT ( 'NONE',  ( -0.1093714993739428043, -0.4499999999999999556, 0.04478695435311855905 ) ) ;
#3356 = DIRECTION ( 'NONE',  ( 0.000000000000000000, -1.000000000000000000, 0.000000000000000000 ) ) ;
#3357 = CARTESIAN_POINT ( 'NONE',  ( 4.033744303144888427E-16, 0.06000000000000001166, -0.1149999999999999911 ) ) ;
#3358 = ORIENTED_EDGE ( 'NONE', *, *, #2900, .F. ) ;
#3359 = CARTESIAN_POINT ( 'NONE',  ( 0.1093714993739425684, 0.05500000000000000028, 0.03553695435311932799 ) ) ;
#3360 = VERTEX_POINT ( 'NONE', #1476 ) ;
#3361 = DIRECTION ( 'NONE',  ( 0.000000000000000000, 0.000000000000000000, -1.000000000000000000 ) ) ;
#3362 = DIRECTION ( 'NONE',  ( -0.000000000000000000, -1.000000000000000000, -0.000000000000000000 ) ) ;
#3363 = COLOUR_RGB ( '',0.7921568627450980005, 0.8196078431372548767, 0.9333333333333333481 ) ;
#3364 = PLANE ( 'NONE',  #2675 ) ;
#3365 = ORIENTED_EDGE ( 'NONE', *, *, #2294, .F. ) ;
#3366 = ORIENTED_EDGE ( 'NONE', *, *, #1785, .T. ) ;
#3367 = EDGE_CURVE ( 'NONE', #1825, #2409, #955, .T. ) ;
#3368 = DIRECTION ( 'NONE',  ( 0.000000000000000000, 0.000000000000000000, -1.000000000000000000 ) ) ;
#3369 =( CONVERSION_BASED_UNIT ( 'INCH', #3349 ) LENGTH_UNIT ( ) NAMED_UNIT ( #2722 ) );
#3370 = EDGE_CURVE ( 'NONE', #3513, #2916, #1526, .T. ) ;
#3371 = AXIS2_PLACEMENT_3D ( 'NONE', #1376, #872, #2237 ) ;
#3372 = FACE_OUTER_BOUND ( 'NONE', #1383, .T. ) ;
#3373 = ORIENTED_EDGE ( 'NONE', *, *, #2569, .F. ) ;
#3374 = CYLINDRICAL_SURFACE ( 'NONE', #485, 0.009250000000000009950 ) ;
#3375 = DIRECTION ( 'NONE',  ( -0.000000000000000000, 1.000000000000000000, -0.000000000000000000 ) ) ;
#3376 = EDGE_CURVE ( 'NONE', #54, #1929, #1965, .T. ) ;
#3377 = CIRCLE ( 'NONE', #2979, 0.01000000000000001235 ) ;
#3378 = CARTESIAN_POINT ( 'NONE',  ( -0.1093714993739425406, -0.4499999999999999556, -0.03553695435311934187 ) ) ;
#3379 = PLANE ( 'NONE',  #1763 ) ;
#3380 = CIRCLE ( 'NONE', #364, 0.01000000000000000021 ) ;
#3381 = VERTEX_POINT ( 'NONE', #116 ) ;
#3382 = LINE ( 'NONE', #1984, #1179 ) ;
#3383 = DIRECTION ( 'NONE',  ( 0.000000000000000000, -1.000000000000000000, 0.000000000000000000 ) ) ;
#3384 = AXIS2_PLACEMENT_3D ( 'NONE', #1297, #2221, #1392 ) ;
#3385 = CARTESIAN_POINT ( 'NONE',  ( -0.1093714993739425406, 0.05500000000000000028, -0.03553695435311933493 ) ) ;
#3386 = DIRECTION ( 'NONE',  ( 0.000000000000000000, 0.000000000000000000, -1.000000000000000000 ) ) ;
#3387 = EDGE_LOOP ( 'NONE', ( #3414, #968, #2339, #3256 ) ) ;
#3388 = CARTESIAN_POINT ( 'NONE',  ( 0.000000000000000000, 0.05000000000000000278, -0.06750000000000000444 ) ) ;
#3389 = AXIS2_PLACEMENT_3D ( 'NONE', #2258, #259, #3350 ) ;
#3390 = CARTESIAN_POINT ( 'NONE',  ( 0.1093714993739425267, 0.05500000000000000028, 0.03553695435311932799 ) ) ;
#3391 = ORIENTED_EDGE ( 'NONE', *, *, #987, .T. ) ;
#3392 = AXIS2_PLACEMENT_3D ( 'NONE', #3272, #1359, #3016 ) ;
#3393 = ADVANCED_FACE ( 'NONE', ( #1150 ), #2028, .T. ) ;
#3394 = DIRECTION ( 'NONE',  ( 0.000000000000000000, 0.000000000000000000, -1.000000000000000000 ) ) ;
#3395 = DIRECTION ( 'NONE',  ( 0.000000000000000000, 0.000000000000000000, 1.000000000000000000 ) ) ;
#3396 = AXIS2_PLACEMENT_3D ( 'NONE', #473, #1078, #3568 ) ;
#3397 = FACE_OUTER_BOUND ( 'NONE', #2197, .T. ) ;
#3398 = EDGE_CURVE ( 'NONE', #3227, #1591, #2114, .T. ) ;
#3399 = COLOUR_RGB ( '',0.7921568627450980005, 0.8196078431372548767, 0.9333333333333333481 ) ;
#3400 = DIRECTION ( 'NONE',  ( 0.000000000000000000, -1.000000000000000000, 0.000000000000000000 ) ) ;
#3401 = STYLED_ITEM ( 'NONE', ( #782 ), #852 ) ;
#3402 = VERTEX_POINT ( 'NONE', #3341 ) ;
#3403 = DIRECTION ( 'NONE',  ( -0.000000000000000000, -1.000000000000000000, -0.000000000000000000 ) ) ;
#3404 = AXIS2_PLACEMENT_3D ( 'NONE', #704, #1059, #1840 ) ;
#3405 = DIRECTION ( 'NONE',  ( -0.000000000000000000, -1.000000000000000000, -0.000000000000000000 ) ) ;
#3406 =( LENGTH_UNIT ( ) NAMED_UNIT ( * ) SI_UNIT ( $, .METRE. ) );
#3407 = DIRECTION ( 'NONE',  ( 0.000000000000000000, -1.000000000000000000, 0.000000000000000000 ) ) ;
#3408 = DIRECTION ( 'NONE',  ( 0.000000000000000000, -1.000000000000000000, 0.000000000000000000 ) ) ;
#3409 = ORIENTED_EDGE ( 'NONE', *, *, #1581, .F. ) ;
#3410 = EDGE_LOOP ( 'NONE', ( #3052, #119 ) ) ;
#3411 = VECTOR ( 'NONE', #1448, 39.37007874015748143 ) ;
#3412 = DIRECTION ( 'NONE',  ( -0.000000000000000000, -1.000000000000000000, -0.000000000000000000 ) ) ;
#3413 = DIRECTION ( 'NONE',  ( 0.000000000000000000, 0.000000000000000000, -1.000000000000000000 ) ) ;
#3414 = ORIENTED_EDGE ( 'NONE', *, *, #1954, .F. ) ;
#3415 = CARTESIAN_POINT ( 'NONE',  ( 0.000000000000000000, -0.4499999999999999556, 0.000000000000000000 ) ) ;
#3416 = CARTESIAN_POINT ( 'NONE',  ( 0.000000000000000000, 0.06000000000000001166, 0.000000000000000000 ) ) ;
#3417 = CYLINDRICAL_SURFACE ( 'NONE', #1224, 0.01000000000000000021 ) ;
#3418 = EDGE_CURVE ( 'NONE', #1156, #2165, #890, .T. ) ;
#3419 = VERTEX_POINT ( 'NONE', #880 ) ;
#3420 = DIRECTION ( 'NONE',  ( 0.000000000000000000, 1.000000000000000000, 0.000000000000000000 ) ) ;
#3421 = VERTEX_POINT ( 'NONE', #2798 ) ;
#3422 = VECTOR ( 'NONE', #3143, 39.37007874015748143 ) ;
#3423 = CARTESIAN_POINT ( 'NONE',  ( -0.06759530401363472718, 0.05500000000000000028, 0.09303695435311874762 ) ) ;
#3424 = EDGE_CURVE ( 'NONE', #56, #212, #3382, .T. ) ;
#3425 = DIRECTION ( 'NONE',  ( 0.000000000000000000, 0.000000000000000000, -1.000000000000000000 ) ) ;
#3426 = ORIENTED_EDGE ( 'NONE', *, *, #2663, .T. ) ;
#3427 = DIRECTION ( 'NONE',  ( 0.000000000000000000, 0.000000000000000000, -1.000000000000000000 ) ) ;
#3428 = PLANE ( 'NONE',  #775 ) ;
#3429 = ORIENTED_EDGE ( 'NONE', *, *, #1175, .T. ) ;
#3430 = CARTESIAN_POINT ( 'NONE',  ( -0.06759530401363472718, 0.05000000000000000278, 0.09303695435311874762 ) ) ;
#3431 = LINE ( 'NONE', #2884, #1842 ) ;
#3432 = DIRECTION ( 'NONE',  ( -0.000000000000000000, 1.000000000000000000, -0.000000000000000000 ) ) ;
#3433 = EDGE_CURVE ( 'NONE', #1300, #1397, #256, .T. ) ;
#3434 = ORIENTED_EDGE ( 'NONE', *, *, #419, .F. ) ;
#3435 = CARTESIAN_POINT ( 'NONE',  ( 0.1093714993739425267, 0.05000000000000000278, 0.03553695435311932799 ) ) ;
#3436 = ORIENTED_EDGE ( 'NONE', *, *, #64, .F. ) ;
#3437 = CIRCLE ( 'NONE', #1017, 0.009249999999999985664 ) ;
#3438 = ADVANCED_FACE ( 'NONE', ( #1736 ), #3128, .F. ) ;
#3439 = CARTESIAN_POINT ( 'NONE',  ( -0.06759530401363472718, 0.06000000000000001166, 0.1030369543531187565 ) ) ;
#3440 = CIRCLE ( 'NONE', #1701, 0.009999999999999995004 ) ;
#3441 = ORIENTED_EDGE ( 'NONE', *, *, #2752, .T. ) ;
#3442 = FILL_AREA_STYLE ('',( #2643 ) ) ;
#3443 = ORIENTED_EDGE ( 'NONE', *, *, #2837, .T. ) ;
#3444 = AXIS2_PLACEMENT_3D ( 'NONE', #1205, #331, #1434 ) ;
#3445 = EDGE_CURVE ( 'NONE', #392, #2020, #480, .T. ) ;
#3446 = LINE ( 'NONE', #2865, #598 ) ;
#3447 = EDGE_LOOP ( 'NONE', ( #1936, #2797, #1827, #1130 ) ) ;
#3448 = DIRECTION ( 'NONE',  ( 0.000000000000000000, 0.000000000000000000, -1.000000000000000000 ) ) ;
#3449 = CARTESIAN_POINT ( 'NONE',  ( -0.1093714993739425406, 0.06000000000000001166, -0.03553695435311933493 ) ) ;
#3450 = CARTESIAN_POINT ( 'NONE',  ( -0.1093714993739425406, -0.9761629509039022601, -0.04478695435311932233 ) ) ;
#3451 = CLOSED_SHELL ( 'NONE', ( #2073, #2115, #2338, #800 ) ) ;
#3452 = PRESENTATION_LAYER_ASSIGNMENT (  '', '', ( #975 ) ) ;
#3453 = ORIENTED_EDGE ( 'NONE', *, *, #1265, .F. ) ;
#3454 = CARTESIAN_POINT ( 'NONE',  ( 0.000000000000000000, 0.1000000000000000194, 0.000000000000000000 ) ) ;
#3455 = CIRCLE ( 'NONE', #2466, 0.009249999999999994338 ) ;
#3456 = VERTEX_POINT ( 'NONE', #77 ) ;
#3457 = PLANE ( 'NONE',  #2189 ) ;
#3458 = PLANE ( 'NONE',  #3027 ) ;
#3459 = CIRCLE ( 'NONE', #913, 0.1762499999999999900 ) ;
#3460 = EDGE_CURVE ( 'NONE', #549, #884, #2978, .T. ) ;
#3461 = VERTEX_POINT ( 'NONE', #35 ) ;
#3462 = EDGE_CURVE ( 'NONE', #1468, #804, #533, .T. ) ;
#3463 = VERTEX_POINT ( 'NONE', #1420 ) ;
#3464 = DIRECTION ( 'NONE',  ( 0.000000000000000000, 0.000000000000000000, 1.000000000000000000 ) ) ;
#3465 = EDGE_CURVE ( 'NONE', #554, #498, #3437, .T. ) ;
#3466 = DIRECTION ( 'NONE',  ( -0.000000000000000000, -1.000000000000000000, -0.000000000000000000 ) ) ;
#3467 = UNCERTAINTY_MEASURE_WITH_UNIT (LENGTH_MEASURE( 1.000000000000000082E-05 ), #817, 'distance_accuracy_value', 'NONE');
#3468 = DIMENSIONAL_EXPONENTS ( 1.000000000000000000, 0.000000000000000000, 0.000000000000000000, 0.000000000000000000, 0.000000000000000000, 0.000000000000000000, 0.000000000000000000 ) ;
#3469 = ORIENTED_EDGE ( 'NONE', *, *, #1161, .F. ) ;
#3470 = CARTESIAN_POINT ( 'NONE',  ( -3.948374053342880387E-16, 0.06000000000000001166, 0.1150000000000000050 ) ) ;
#3471 = ORIENTED_EDGE ( 'NONE', *, *, #522, .T. ) ;
#3472 = PLANE ( 'NONE',  #3149 ) ;
#3473 = PRESENTATION_STYLE_ASSIGNMENT (( #1262 ) ) ;
#3474 = ORIENTED_EDGE ( 'NONE', *, *, #358, .F. ) ;
#3475 = AXIS2_PLACEMENT_3D ( 'NONE', #1274, #3486, #3214 ) ;
#3476 = FACE_OUTER_BOUND ( 'NONE', #1922, .T. ) ;
#3477 = ADVANCED_FACE ( 'NONE', ( #338 ), #1440, .T. ) ;
#3478 = ORIENTED_EDGE ( 'NONE', *, *, #1577, .F. ) ;
#3479 = PLANE ( 'NONE',  #1885 ) ;
#3480 = EDGE_CURVE ( 'NONE', #1809, #1637, #374, .T. ) ;
#3481 =( CONVERSION_BASED_UNIT ( 'INCH', #414 ) LENGTH_UNIT ( ) NAMED_UNIT ( #1551 ) );
#3482 = DIRECTION ( 'NONE',  ( -0.5877852522924745804, 0.000000000000000000, 0.8090169943749463410 ) ) ;
#3483 = DIRECTION ( 'NONE',  ( 0.000000000000000000, 0.000000000000000000, -1.000000000000000000 ) ) ;
#3484 = EDGE_CURVE ( 'NONE', #1468, #3340, #408, .T. ) ;
#3485 = ORIENTED_EDGE ( 'NONE', *, *, #3376, .T. ) ;
#3486 = DIRECTION ( 'NONE',  ( -0.000000000000000000, 1.000000000000000000, -0.000000000000000000 ) ) ;
#3487 = EDGE_LOOP ( 'NONE', ( #199, #2213, #1511, #617 ) ) ;
#3488 =( CONVERSION_BASED_UNIT ( 'INCH', #3241 ) LENGTH_UNIT ( ) NAMED_UNIT ( #1919 ) );
#3489 = VECTOR ( 'NONE', #3344, 39.37007874015748143 ) ;
#3490 = EDGE_LOOP ( 'NONE', ( #2120, #2109 ) ) ;
#3491 = DIMENSIONAL_EXPONENTS ( 1.000000000000000000, 0.000000000000000000, 0.000000000000000000, 0.000000000000000000, 0.000000000000000000, 0.000000000000000000, 0.000000000000000000 ) ;
#3492 = AXIS2_PLACEMENT_3D ( 'NONE', #904, #3407, #426 ) ;
#3493 = AXIS2_PLACEMENT_3D ( 'NONE', #3507, #1655, #853 ) ;
#3494 = DIRECTION ( 'NONE',  ( 0.000000000000000000, -0.000000000000000000, 1.000000000000000000 ) ) ;
#3495 = CIRCLE ( 'NONE', #2507, 0.01000000000000001235 ) ;
#3496 = EDGE_LOOP ( 'NONE', ( #3570, #2697 ) ) ;
#3497 = LINE ( 'NONE', #1006, #2686 ) ;
#3498 = AXIS2_PLACEMENT_3D ( 'NONE', #2202, #1351, #2236 ) ;
#3499 = CARTESIAN_POINT ( 'NONE',  ( -0.06759530401363407492, 0.06000000000000001166, -0.08303695435311916895 ) ) ;
#3500 = CARTESIAN_POINT ( 'NONE',  ( -0.1093714993739425406, 0.05500000000000000028, -0.02553695435311931911 ) ) ;
#3501 = DIRECTION ( 'NONE',  ( 0.000000000000000000, -1.000000000000000000, 0.000000000000000000 ) ) ;
#3502 = CARTESIAN_POINT ( 'NONE',  ( -0.06759530401363472718, 0.06000000000000001166, 0.09303695435311874762 ) ) ;
#3503 = EDGE_CURVE ( 'NONE', #2089, #3360, #2356, .T. ) ;
#3504 = ORIENTED_EDGE ( 'NONE', *, *, #762, .F. ) ;
#3505 = CARTESIAN_POINT ( 'NONE',  ( 0.000000000000000000, 0.05000000000000000278, -0.1762499999999999900 ) ) ;
#3506 = ORIENTED_EDGE ( 'NONE', *, *, #209, .T. ) ;
#3507 = CARTESIAN_POINT ( 'NONE',  ( -0.1093714993739425406, 0.05000000000000000278, -0.03553695435311933493 ) ) ;
#3508 = CLOSED_SHELL ( 'NONE', ( #871, #2521, #1109, #1090, #2687, #380, #3304, #2503, #2079, #2483, #2438, #2610, #2443, #3137, #1492, #1050, #2935, #2885, #233, #1562, #215, #266, #824, #1646, #1869, #486, #2704, #378, #669, #2999, #1924, #2186, #2386, #2126, #1559, #142, #710, #1284, #1183, #2119, #1767, #2744, #3153, #594, #1536, #2596, #1875, #184 ) ) ;
#3509 = ORIENTED_EDGE ( 'NONE', *, *, #3445, .F. ) ;
#3510 = LENGTH_MEASURE_WITH_UNIT ( LENGTH_MEASURE( 0.02539999999999999897 ), #2910 );
#3511 = AXIS2_PLACEMENT_3D ( 'NONE', #2536, #1961, #292 ) ;
#3512 = CARTESIAN_POINT ( 'NONE',  ( 0.000000000000000000, -0.4499999999999999556, 0.000000000000000000 ) ) ;
#3513 = VERTEX_POINT ( 'NONE', #1498 ) ;
#3514 = FACE_OUTER_BOUND ( 'NONE', #1218, .T. ) ;
#3515 = LINE ( 'NONE', #1619, #2818 ) ;
#3516 = CIRCLE ( 'NONE', #2257, 0.01000000000000001235 ) ;
#3517 = DIRECTION ( 'NONE',  ( 0.000000000000000000, -1.000000000000000000, 0.000000000000000000 ) ) ;
#3518 = VERTEX_POINT ( 'NONE', #3131 ) ;
#3519 = PLANE ( 'NONE',  #1100 ) ;
#3520 = CYLINDRICAL_SURFACE ( 'NONE', #2577, 0.009250000000000009950 ) ;
#3521 = CARTESIAN_POINT ( 'NONE',  ( 4.033744303144888427E-16, 0.05500000000000000028, -0.1049999999999999684 ) ) ;
#3522 = FILL_AREA_STYLE ('',( #2455 ) ) ;
#3523 = PRODUCT_CONTEXT ( 'NONE', #1020, 'mechanical' ) ;
#3524 = ADVANCED_FACE ( 'NONE', ( #2601 ), #3458, .T. ) ;
#3525 = ORIENTED_EDGE ( 'NONE', *, *, #1973, .T. ) ;
#3526 = CARTESIAN_POINT ( 'NONE',  ( -3.948374053342880387E-16, 0.06000000000000001166, 0.1150000000000000050 ) ) ;
#3527 = CARTESIAN_POINT ( 'NONE',  ( -0.1093714993739425406, 0.06000000000000001166, -0.03553695435311933493 ) ) ;
#3528 = EDGE_CURVE ( 'NONE', #3152, #3463, #3547, .T. ) ;
#3529 = ORIENTED_EDGE ( 'NONE', *, *, #3175, .F. ) ;
#3530 = DIRECTION ( 'NONE',  ( 0.000000000000000000, -0.000000000000000000, -1.000000000000000000 ) ) ;
#3531 = CIRCLE ( 'NONE', #3013, 0.01000000000000001235 ) ;
#3532 = CYLINDRICAL_SURFACE ( 'NONE', #1696, 0.01000000000000001235 ) ;
#3533 = DIRECTION ( 'NONE',  ( 0.000000000000000000, 0.000000000000000000, -1.000000000000000000 ) ) ;
#3534 = CARTESIAN_POINT ( 'NONE',  ( 0.1093714993739425267, 0.06000000000000001166, 0.02553695435311932604 ) ) ;
#3535 = CARTESIAN_POINT ( 'NONE',  ( -0.1093714993739427904, 0.05500000000000000028, 0.03553695435311858553 ) ) ;
#3536 = EDGE_CURVE ( 'NONE', #1064, #1300, #984, .T. ) ;
#3537 = ORIENTED_EDGE ( 'NONE', *, *, #3569, .F. ) ;
#3538 = CYLINDRICAL_SURFACE ( 'NONE', #2855, 0.01000000000000001235 ) ;
#3539 = ADVANCED_FACE ( 'NONE', ( #2011 ), #1515, .F. ) ;
#3540 = DIRECTION ( 'NONE',  ( 0.000000000000000000, -1.000000000000000000, 0.000000000000000000 ) ) ;
#3541 = ORIENTED_EDGE ( 'NONE', *, *, #2162, .T. ) ;
#3542 = VECTOR ( 'NONE', #1549, 39.37007874015748143 ) ;
#3543 = ORIENTED_EDGE ( 'NONE', *, *, #312, .T. ) ;
#3544 = ADVANCED_FACE ( 'NONE', ( #3115 ), #2088, .T. ) ;
#3545 = AXIS2_PLACEMENT_3D ( 'NONE', #2960, #2203, #490 ) ;
#3546 = FACE_OUTER_BOUND ( 'NONE', #1252, .T. ) ;
#3547 = CIRCLE ( 'NONE', #3492, 0.01000000000000001235 ) ;
#3548 = AXIS2_PLACEMENT_3D ( 'NONE', #1477, #1458, #36 ) ;
#3549 = AXIS2_PLACEMENT_3D ( 'NONE', #1234, #2533, #3413 ) ;
#3550 = CARTESIAN_POINT ( 'NONE',  ( -0.06759530401363472718, 0.05500000000000000028, 0.08303695435311872486 ) ) ;
#3551 = PLANE ( 'NONE',  #3396 ) ;
#3552 = DIRECTION ( 'NONE',  ( 0.000000000000000000, 0.000000000000000000, 1.000000000000000000 ) ) ;
#3553 = CIRCLE ( 'NONE', #2923, 0.009249999999999989134 ) ;
#3554 = ORIENTED_EDGE ( 'NONE', *, *, #1265, .T. ) ;
#3555 = DIRECTION ( 'NONE',  ( -0.000000000000000000, -1.000000000000000000, -0.000000000000000000 ) ) ;
#3556 = CLOSED_SHELL ( 'NONE', ( #1684, #1710, #3524, #1029 ) ) ;
#3557 = DIRECTION ( 'NONE',  ( 0.000000000000000000, 0.000000000000000000, 1.000000000000000000 ) ) ;
#3558 = AXIS2_PLACEMENT_3D ( 'NONE', #191, #416, #2139 ) ;
#3559 = EDGE_LOOP ( 'NONE', ( #681, #3509 ) ) ;
#3560 = ORIENTED_EDGE ( 'NONE', *, *, #3433, .F. ) ;
#3561 = CARTESIAN_POINT ( 'NONE',  ( 8.266365894244634333E-18, 0.06000000000000001166, 0.06750000000000000444 ) ) ;
#3562 = PLANE ( 'NONE',  #3545 ) ;
#3563 = EDGE_CURVE ( 'NONE', #1071, #2670, #1879, .T. ) ;
#3564 = AXIS2_PLACEMENT_3D ( 'NONE', #3527, #484, #1856 ) ;
#3565 = DIRECTION ( 'NONE',  ( 0.000000000000000000, 0.000000000000000000, 1.000000000000000000 ) ) ;
#3566 = AXIS2_PLACEMENT_3D ( 'NONE', #2264, #840, #3088 ) ;
#3567 = DIRECTION ( 'NONE',  ( 0.000000000000000000, -1.000000000000000000, 0.000000000000000000 ) ) ;
#3568 = DIRECTION ( 'NONE',  ( -0.5877852522924745804, 0.000000000000000000, 0.8090169943749463410 ) ) ;
#3569 = EDGE_CURVE ( 'NONE', #1296, #1370, #424, .T. ) ;
#3570 = ORIENTED_EDGE ( 'NONE', *, *, #2526, .F. ) ;
#3571 = CIRCLE ( 'NONE', #1375, 0.009249999999999989134 ) ;
#3572 = VERTEX_POINT ( 'NONE', #2049 ) ;
#3573 = DIRECTION ( 'NONE',  ( -0.000000000000000000, 1.000000000000000000, -0.000000000000000000 ) ) ;
ENDSEC;
END-ISO-10303-21;
