ISO-10303-21;
HEADER;
FILE_DESCRIPTION (( 'STEP AP214' ),
    '1' );
FILE_NAME ('641A HEATSINK TO-3 PWR HORZ MT BLK.step',
    '2017-12-04T14:34:06',
    ( '' ),
    ( '' ),
    'SwSTEP 2.0',
    'SolidWorks 2017',
    '' );
FILE_SCHEMA (( 'AUTOMOTIVE_DESIGN' ));
ENDSEC;

DATA;
#1 = EDGE_CURVE ( 'NONE', #2342, #872, #2407, .T. ) ;
#2 = ORIENTED_EDGE ( 'NONE', *, *, #1994, .F. ) ;
#3 = CARTESIAN_POINT ( 'NONE',  ( 1.821881008441300900, 0.04071346195058592900, -0.3450000000000001400 ) ) ;
#4 = CARTESIAN_POINT ( 'NONE',  ( 1.877632627858003100, 0.04266035140102816100, -2.844999999999999300 ) ) ;
#5 = ORIENTED_EDGE ( 'NONE', *, *, #291, .F. ) ;
#6 = CARTESIAN_POINT ( 'NONE',  ( -0.8622790784738749700, 0.3468658260886454100, 0.0000000000000000000 ) ) ;
#7 = EDGE_CURVE ( 'NONE', #4447, #3167, #5959, .T. ) ;
#8 = DIRECTION ( 'NONE',  ( 0.0000000000000000000, 0.0000000000000000000, 1.000000000000000000 ) ) ;
#9 = CARTESIAN_POINT ( 'NONE',  ( -0.2179210407162855700, 0.0000000000000000000, -1.560294444297389800 ) ) ;
#10 = DIRECTION ( 'NONE',  ( 0.0000000000000000000, 0.0000000000000000000, 1.000000000000000000 ) ) ;
#11 = DIRECTION ( 'NONE',  ( 0.0000000000000000000, 0.0000000000000000000, 1.000000000000000000 ) ) ;
#12 = EDGE_CURVE ( 'NONE', #5396, #1460, #1169, .T. ) ;
#13 = EDGE_LOOP ( 'NONE', ( #5799, #3519, #4700, #5591 ) ) ;
#14 = ORIENTED_EDGE ( 'NONE', *, *, #5690, .F. ) ;
#15 = ORIENTED_EDGE ( 'NONE', *, *, #1655, .T. ) ;
#16 = DIRECTION ( 'NONE',  ( 0.0000000000000000000, 0.0000000000000000000, 1.000000000000000000 ) ) ;
#17 = EDGE_LOOP ( 'NONE', ( #765, #222, #1614, #3488, #1090 ) ) ;
#18 = DIRECTION ( 'NONE',  ( 0.0000000000000000000, 0.0000000000000000000, 1.000000000000000000 ) ) ;
#19 = VERTEX_POINT ( 'NONE', #427 ) ;
#20 = FACE_OUTER_BOUND ( 'NONE', #3253, .T. ) ;
#21 = EDGE_CURVE ( 'NONE', #1894, #5722, #1026, .T. ) ;
#22 = DIRECTION ( 'NONE',  ( 0.0000000000000000000, 0.0000000000000000000, 1.000000000000000000 ) ) ;
#23 = ORIENTED_EDGE ( 'NONE', *, *, #1725, .T. ) ;
#24 = DIRECTION ( 'NONE',  ( 0.03489949670250190600, 0.9993908270190956500, -0.0000000000000000000 ) ) ;
#25 = ORIENTED_EDGE ( 'NONE', *, *, #5029, .F. ) ;
#26 = VERTEX_POINT ( 'NONE', #4133 ) ;
#27 = CARTESIAN_POINT ( 'NONE',  ( -2.034040263840681400, 0.1031557513403639100, -3.000000000000000400 ) ) ;
#28 = CARTESIAN_POINT ( 'NONE',  ( -0.8076000891761818700, 0.3709360474628064500, -3.000000000000000400 ) ) ;
#29 = LINE ( 'NONE', #5071, #1243 ) ;
#30 = CARTESIAN_POINT ( 'NONE',  ( -1.870375731441842100, 0.5757944781074833000, -3.000000000000000400 ) ) ;
#31 = EDGE_LOOP ( 'NONE', ( #1203, #522, #5693, #1522 ) ) ;
#32 = DIRECTION ( 'NONE',  ( -1.000000000000000000, 0.0000000000000000000, 0.0000000000000000000 ) ) ;
#33 = AXIS2_PLACEMENT_3D ( 'NONE', #4276, #3372, #596 ) ;
#34 = EDGE_CURVE ( 'NONE', #4503, #3212, #2254, .T. ) ;
#35 = ORIENTED_EDGE ( 'NONE', *, *, #4926, .F. ) ;
#36 = FACE_OUTER_BOUND ( 'NONE', #4643, .T. ) ;
#37 = CIRCLE ( 'NONE', #5195, 0.1099999999999997800 ) ;
#38 = ORIENTED_EDGE ( 'NONE', *, *, #906, .F. ) ;
#39 = DIRECTION ( 'NONE',  ( -1.000000000000000000, 9.313118160219109400E-016, 0.0000000000000000000 ) ) ;
#40 = AXIS2_PLACEMENT_3D ( 'NONE', #2923, #151, #3388 ) ;
#41 = LINE ( 'NONE', #2608, #2346 ) ;
#42 = FACE_OUTER_BOUND ( 'NONE', #5235, .T. ) ;
#43 = CARTESIAN_POINT ( 'NONE',  ( 0.7704999999999998500, 0.9719999999999998600, -3.000000000000000400 ) ) ;
#44 = EDGE_CURVE ( 'NONE', #5581, #5218, #3644, .T. ) ;
#45 = ORIENTED_EDGE ( 'NONE', *, *, #843, .T. ) ;
#46 = DIRECTION ( 'NONE',  ( 0.0000000000000000000, 0.0000000000000000000, 1.000000000000000000 ) ) ;
#47 = ORIENTED_EDGE ( 'NONE', *, *, #4962, .F. ) ;
#48 = VECTOR ( 'NONE', #18, 39.37007874015748100 ) ;
#49 = CARTESIAN_POINT ( 'NONE',  ( 0.7521454672355573100, 0.3909413573369723300, -3.000000000000000400 ) ) ;
#50 = LINE ( 'NONE', #2780, #3591 ) ;
#51 = LINE ( 'NONE', #5712, #3592 ) ;
#52 = CARTESIAN_POINT ( 'NONE',  ( 0.9858227776630184000, 0.2422201668336072000, -3.000000000000000400 ) ) ;
#53 = EDGE_LOOP ( 'NONE', ( #4951, #4621, #2243, #1190 ) ) ;
#54 = AXIS2_PLACEMENT_3D ( 'NONE', #3640, #1795, #5931 ) ;
#55 = DIRECTION ( 'NONE',  ( 0.0000000000000000000, 0.0000000000000000000, 1.000000000000000000 ) ) ;
#56 = LINE ( 'NONE', #506, #5912 ) ;
#57 = CARTESIAN_POINT ( 'NONE',  ( 0.6560000000000090200, 3.131404157288214600E-016, -0.1549999999999954700 ) ) ;
#58 = VECTOR ( 'NONE', #3848, 39.37007874015748900 ) ;
#59 = CIRCLE ( 'NONE', #4613, 0.09499999999999966800 ) ;
#60 = DIRECTION ( 'NONE',  ( -0.0000000000000000000, 1.000000000000000000, -0.0000000000000000000 ) ) ;
#61 = ORIENTED_EDGE ( 'NONE', *, *, #2858, .F. ) ;
#62 = CIRCLE ( 'NONE', #4271, 0.3750000000000000600 ) ;
#63 = CARTESIAN_POINT ( 'NONE',  ( 0.7779473039079433100, 0.3583662833742403700, -3.000000000000000400 ) ) ;
#64 = CARTESIAN_POINT ( 'NONE',  ( 1.861018482783663300, -0.4331065150268529900, -2.654999999999998900 ) ) ;
#65 = ADVANCED_FACE ( 'NONE', ( #4573 ), #5482, .T. ) ;
#66 = DIRECTION ( 'NONE',  ( 1.000000000000000000, 0.0000000000000000000, 0.0000000000000000000 ) ) ;
#67 = CARTESIAN_POINT ( 'NONE',  ( -1.666298950478609900, 0.8762376589188726200, 0.0000000000000000000 ) ) ;
#68 = ORIENTED_EDGE ( 'NONE', *, *, #3312, .F. ) ;
#69 = DIRECTION ( 'NONE',  ( 1.000000000000000000, 0.0000000000000000000, 0.0000000000000000000 ) ) ;
#70 = CARTESIAN_POINT ( 'NONE',  ( -0.2179210407162855700, 0.0000000000000000000, -1.670294444297389700 ) ) ;
#71 = EDGE_CURVE ( 'NONE', #5797, #4003, #877, .T. ) ;
#72 = CARTESIAN_POINT ( 'NONE',  ( 2.035000000000000100, 0.07567250359733875000, 0.0000000000000000000 ) ) ;
#73 = CARTESIAN_POINT ( 'NONE',  ( -1.025909773355662100, 0.1103060939528858300, 0.0000000000000000000 ) ) ;
#74 = ORIENTED_EDGE ( 'NONE', *, *, #2057, .T. ) ;
#75 = EDGE_CURVE ( 'NONE', #5420, #3602, #2107, .T. ) ;
#76 = EDGE_LOOP ( 'NONE', ( #2880, #863, #4442, #2495 ) ) ;
#77 = DIRECTION ( 'NONE',  ( 1.000000000000000000, 9.313118160219109400E-016, 0.0000000000000000000 ) ) ;
#78 = ORIENTED_EDGE ( 'NONE', *, *, #238, .T. ) ;
#79 = EDGE_CURVE ( 'NONE', #525, #5459, #4435, .T. ) ;
#80 = DIRECTION ( 'NONE',  ( 1.000000000000000000, 0.0000000000000000000, 0.0000000000000000000 ) ) ;
#81 = CARTESIAN_POINT ( 'NONE',  ( 0.9683585055943934000, 0.2601086883240222900, -3.000000000000000400 ) ) ;
#82 = DIRECTION ( 'NONE',  ( 0.4397423050750786700, 0.8981239920674964900, 0.0000000000000000000 ) ) ;
#83 = DIRECTION ( 'NONE',  ( -0.0000000000000000000, -0.0000000000000000000, -1.000000000000000000 ) ) ;
#84 = ORIENTED_EDGE ( 'NONE', *, *, #1004, .F. ) ;
#85 = DIRECTION ( 'NONE',  ( 0.0000000000000000000, 0.0000000000000000000, 1.000000000000000000 ) ) ;
#86 = ADVANCED_FACE ( 'NONE', ( #5664 ), #3064, .T. ) ;
#87 = CARTESIAN_POINT ( 'NONE',  ( 1.873767662260251900, 0.5937422075738166800, -3.000000000000000400 ) ) ;
#88 = VERTEX_POINT ( 'NONE', #3291 ) ;
#89 = EDGE_LOOP ( 'NONE', ( #1902, #4594, #838, #5008 ) ) ;
#90 = EDGE_CURVE ( 'NONE', #3894, #3359, #3210, .T. ) ;
#91 = DIRECTION ( 'NONE',  ( -0.0000000000000000000, -0.0000000000000000000, -1.000000000000000000 ) ) ;
#92 = VECTOR ( 'NONE', #435, 39.37007874015748100 ) ;
#93 = ORIENTED_EDGE ( 'NONE', *, *, #4800, .T. ) ;
#94 = VERTEX_POINT ( 'NONE', #516 ) ;
#95 = ORIENTED_EDGE ( 'NONE', *, *, #3221, .F. ) ;
#96 = LINE ( 'NONE', #4756, #5957 ) ;
#97 = ORIENTED_EDGE ( 'NONE', *, *, #997, .F. ) ;
#98 = ORIENTED_EDGE ( 'NONE', *, *, #602, .F. ) ;
#99 = AXIS2_PLACEMENT_3D ( 'NONE', #3818, #5176, #2398 ) ;
#100 = VERTEX_POINT ( 'NONE', #2359 ) ;
#101 = EDGE_CURVE ( 'NONE', #2632, #5543, #1825, .T. ) ;
#102 = LINE ( 'NONE', #3015, #4575 ) ;
#103 = DIRECTION ( 'NONE',  ( 0.0000000000000000000, 0.0000000000000000000, 1.000000000000000000 ) ) ;
#104 = CYLINDRICAL_SURFACE ( 'NONE', #4687, 0.3749999999999999400 ) ;
#105 = CARTESIAN_POINT ( 'NONE',  ( 1.036152527650757300, 0.9719999999999998600, -3.000000000000000400 ) ) ;
#106 = CARTESIAN_POINT ( 'NONE',  ( -1.043022407083604700, 0.1377785243720350000, -3.000000000000000400 ) ) ;
#107 = ORIENTED_EDGE ( 'NONE', *, *, #75, .F. ) ;
#108 = DIRECTION ( 'NONE',  ( 0.0000000000000000000, 0.0000000000000000000, 1.000000000000000000 ) ) ;
#109 = ORIENTED_EDGE ( 'NONE', *, *, #5762, .F. ) ;
#110 = LINE ( 'NONE', #1956, #1035 ) ;
#111 = FACE_OUTER_BOUND ( 'NONE', #4718, .T. ) ;
#112 = DIRECTION ( 'NONE',  ( 0.0000000000000000000, 0.0000000000000000000, 1.000000000000000000 ) ) ;
#113 = AXIS2_PLACEMENT_3D ( 'NONE', #2134, #3542, #764 ) ;
#114 = VERTEX_POINT ( 'NONE', #5126 ) ;
#115 = EDGE_CURVE ( 'NONE', #4251, #1546, #5380, .T. ) ;
#116 = CARTESIAN_POINT ( 'NONE',  ( 1.533496336219558800, 0.9467850585792581000, -3.000000000000000400 ) ) ;
#117 = ORIENTED_EDGE ( 'NONE', *, *, #2148, .F. ) ;
#118 = CIRCLE ( 'NONE', #2306, 0.3749999999999999400 ) ;
#119 = VECTOR ( 'NONE', #137, 39.37007874015748100 ) ;
#120 = VECTOR ( 'NONE', #4002, 39.37007874015748100 ) ;
#121 = CARTESIAN_POINT ( 'NONE',  ( -2.035000000000000100, 0.07567250359733875000, -3.000000000000000400 ) ) ;
#122 = ORIENTED_EDGE ( 'NONE', *, *, #2882, .T. ) ;
#123 = AXIS2_PLACEMENT_3D ( 'NONE', #5921, #832, #4087 ) ;
#124 = DIRECTION ( 'NONE',  ( 2.890593476675650700E-015, -1.009417484933427700E-016, -1.000000000000000000 ) ) ;
#125 = ORIENTED_EDGE ( 'NONE', *, *, #3547, .F. ) ;
#126 = LINE ( 'NONE', #666, #271 ) ;
#127 = ADVANCED_FACE ( 'NONE', ( #4295 ), #1683, .T. ) ;
#128 = EDGE_CURVE ( 'NONE', #4235, #866, #739, .T. ) ;
#129 = CYLINDRICAL_SURFACE ( 'NONE', #5212, 0.09500000000000001500 ) ;
#130 = VECTOR ( 'NONE', #2457, 39.37007874015748100 ) ;
#131 = VERTEX_POINT ( 'NONE', #929 ) ;
#132 = VERTEX_POINT ( 'NONE', #3250 ) ;
#133 = CYLINDRICAL_SURFACE ( 'NONE', #5261, 0.5749999999999997300 ) ;
#134 = VECTOR ( 'NONE', #2574, 39.37007874015748900 ) ;
#135 = EDGE_CURVE ( 'NONE', #3548, #2277, #5230, .T. ) ;
#136 = DIRECTION ( 'NONE',  ( 1.000000000000000000, -3.993012400140800000E-015, 0.0000000000000000000 ) ) ;
#137 = DIRECTION ( 'NONE',  ( 0.0000000000000000000, 0.0000000000000000000, 1.000000000000000000 ) ) ;
#138 = ORIENTED_EDGE ( 'NONE', *, *, #4800, .F. ) ;
#139 =( BOUNDED_CURVE ( )  B_SPLINE_CURVE ( 3, ( #1270, #355, #5429, #4505 ),
 .UNSPECIFIED., .F., .F. ) 
 B_SPLINE_CURVE_WITH_KNOTS ( ( 4, 4 ),
 ( 3.141592653589793100, 4.712388980384689700 ),
 .UNSPECIFIED. ) 
 CURVE ( )  GEOMETRIC_REPRESENTATION_ITEM ( )  RATIONAL_B_SPLINE_CURVE ( ( 1.000000000000000000, 0.8047378541243649400, 0.8047378541243649400, 1.000000000000000000 ) ) 
 REPRESENTATION_ITEM ( '' )  );
#140 = CARTESIAN_POINT ( 'NONE',  ( 1.058152527650757100, 0.9780000000000000900, -3.000000000000000400 ) ) ;
#141 = EDGE_CURVE ( 'NONE', #5007, #1072, #458, .T. ) ;
#142 = PLANE ( 'NONE',  #33 ) ;
#143 = CARTESIAN_POINT ( 'NONE',  ( -1.617945852209695000, 0.8794590039321978900, 0.0000000000000000000 ) ) ;
#144 = DIRECTION ( 'NONE',  ( 0.0000000000000000000, 0.0000000000000000000, 1.000000000000000000 ) ) ;
#145 = AXIS2_PLACEMENT_3D ( 'NONE', #887, #4148, #1356 ) ;
#146 = EDGE_CURVE ( 'NONE', #1032, #4376, #2925, .T. ) ;
#147 = CARTESIAN_POINT ( 'NONE',  ( -0.7327609266367163300, 0.9499999999999999600, 0.0000000000000000000 ) ) ;
#148 = EDGE_LOOP ( 'NONE', ( #5520, #5691, #74, #1755 ) ) ;
#149 = DIRECTION ( 'NONE',  ( 0.0000000000000000000, 0.0000000000000000000, 1.000000000000000000 ) ) ;
#150 = ADVANCED_FACE ( 'NONE', ( #5525 ), #2621, .T. ) ;
#151 = DIRECTION ( 'NONE',  ( 0.0000000000000000000, 1.000000000000000000, 0.0000000000000000000 ) ) ;
#152 = AXIS2_PLACEMENT_3D ( 'NONE', #3037, #277, #3506 ) ;
#153 = EDGE_CURVE ( 'NONE', #4150, #525, #1652, .T. ) ;
#154 = PLANE ( 'NONE',  #2123 ) ;
#155 = ORIENTED_EDGE ( 'NONE', *, *, #2617, .F. ) ;
#156 = EDGE_LOOP ( 'NONE', ( #1404, #2166, #2250, #2431 ) ) ;
#157 = VECTOR ( 'NONE', #988, 39.37007874015748100 ) ;
#158 = AXIS2_PLACEMENT_3D ( 'NONE', #5271, #2500, #5737 ) ;
#159 = CARTESIAN_POINT ( 'NONE',  ( -0.2179210407162855700, 0.0000000000000000000, -1.450294444297389700 ) ) ;
#160 = ORIENTED_EDGE ( 'NONE', *, *, #3494, .T. ) ;
#161 = ORIENTED_EDGE ( 'NONE', *, *, #2071, .T. ) ;
#162 = DIRECTION ( 'NONE',  ( -1.000000000000000000, 0.0000000000000000000, 0.0000000000000000000 ) ) ;
#163 = DIRECTION ( 'NONE',  ( 0.0000000000000000000, 0.0000000000000000000, 1.000000000000000000 ) ) ;
#164 = CYLINDRICAL_SURFACE ( 'NONE', #1804, 0.02749999999999991000 ) ;
#165 = DIRECTION ( 'NONE',  ( 0.0000000000000000000, 0.0000000000000000000, 1.000000000000000000 ) ) ;
#166 = EDGE_LOOP ( 'NONE', ( #1731, #95, #5038, #5356 ) ) ;
#167 = CARTESIAN_POINT ( 'NONE',  ( 1.941068122746830300, 0.4427930437084709500, 0.0000000000000000000 ) ) ;
#168 = CARTESIAN_POINT ( 'NONE',  ( -1.528624593600135900, 0.9420804714179321600, -3.000000000000000400 ) ) ;
#169 = VERTEX_POINT ( 'NONE', #896 ) ;
#170 = VECTOR ( 'NONE', #5989, 39.37007874015748100 ) ;
#171 = EDGE_CURVE ( 'NONE', #4801, #4861, #318, .T. ) ;
#172 = ORIENTED_EDGE ( 'NONE', *, *, #793, .F. ) ;
#173 = FACE_OUTER_BOUND ( 'NONE', #5150, .T. ) ;
#174 = ORIENTED_EDGE ( 'NONE', *, *, #5484, .F. ) ;
#175 = DIRECTION ( 'NONE',  ( 0.03489949670250190600, 0.9993908270190957600, -0.0000000000000000000 ) ) ;
#176 = ORIENTED_EDGE ( 'NONE', *, *, #195, .F. ) ;
#177 = CYLINDRICAL_SURFACE ( 'NONE', #3090, 0.09500000000000029300 ) ;
#178 = CARTESIAN_POINT ( 'NONE',  ( -1.959926377769666500, 0.4687656208663905100, -3.000000000000000400 ) ) ;
#179 = CYLINDRICAL_SURFACE ( 'NONE', #2597, 0.02199999999999965500 ) ;
#180 = ADVANCED_FACE ( 'NONE', ( #4938 ), #3215, .T. ) ;
#181 = VERTEX_POINT ( 'NONE', #439 ) ;
#182 = AXIS2_PLACEMENT_3D ( 'NONE', #5065, #2298, #5546 ) ;
#183 = EDGE_CURVE ( 'NONE', #2001, #3807, #3867, .T. ) ;
#184 = LINE ( 'NONE', #5829, #1256 ) ;
#185 = CIRCLE ( 'NONE', #802, 0.01499999999999997700 ) ;
#186 = DIRECTION ( 'NONE',  ( 1.000000000000000000, 0.0000000000000000000, 0.0000000000000000000 ) ) ;
#187 = VERTEX_POINT ( 'NONE', #871 ) ;
#188 = EDGE_LOOP ( 'NONE', ( #4920, #459, #1859, #4712 ) ) ;
#189 = LINE ( 'NONE', #2233, #5247 ) ;
#190 = DIRECTION ( 'NONE',  ( -0.0000000000000000000, 0.0000000000000000000, -1.000000000000000000 ) ) ;
#191 = AXIS2_PLACEMENT_3D ( 'NONE', #5719, #2960, #186 ) ;
#192 = LINE ( 'NONE', #5075, #3740 ) ;
#193 = CARTESIAN_POINT ( 'NONE',  ( -1.610747264760746600, 0.8662992038296187800, -3.000000000000000400 ) ) ;
#194 = CYLINDRICAL_SURFACE ( 'NONE', #580, 0.01499999999999997700 ) ;
#195 = EDGE_CURVE ( 'NONE', #19, #4153, #2770, .T. ) ;
#196 = CARTESIAN_POINT ( 'NONE',  ( -2.034040263840681400, 0.1031557513403639100, -3.000000000000000400 ) ) ;
#197 = VERTEX_POINT ( 'NONE', #4577 ) ;
#198 = CARTESIAN_POINT ( 'NONE',  ( -1.932472037920066200, 0.4630441504844251500, -3.000000000000000400 ) ) ;
#199 = CYLINDRICAL_SURFACE ( 'NONE', #3209, 0.01499999999999997700 ) ;
#200 =( CONVERSION_BASED_UNIT ( 'INCH', #830 ) LENGTH_UNIT ( ) NAMED_UNIT ( #2196 ) );
#201 = LINE ( 'NONE', #3219, #350 ) ;
#202 = VERTEX_POINT ( 'NONE', #3663 ) ;
#203 = AXIS2_PLACEMENT_3D ( 'NONE', #5580, #4218, #1431 ) ;
#204 = DIRECTION ( 'NONE',  ( 0.03489949670250190600, 0.9993908270190956500, -0.0000000000000000000 ) ) ;
#205 = EDGE_CURVE ( 'NONE', #2830, #3085, #1386, .T. ) ;
#206 = VECTOR ( 'NONE', #5004, 39.37007874015748100 ) ;
#207 = CARTESIAN_POINT ( 'NONE',  ( 1.686011553626535000, 0.8646902994986841500, -3.000000000000000400 ) ) ;
#208 = DIRECTION ( 'NONE',  ( 0.9993908270190957600, -0.03489949670250171200, 2.892355421449569700E-015 ) ) ;
#209 = ORIENTED_EDGE ( 'NONE', *, *, #2517, .T. ) ;
#210 = EDGE_CURVE ( 'NONE', #2121, #455, #5563, .T. ) ;
#211 = CARTESIAN_POINT ( 'NONE',  ( 1.876515789744190400, 0.5850194903075147700, 0.0000000000000000000 ) ) ;
#212 = DIRECTION ( 'NONE',  ( 1.000000000000000000, 0.0000000000000000000, 0.0000000000000000000 ) ) ;
#213 = ADVANCED_FACE ( 'NONE', ( #3716 ), #2513, .F. ) ;
#214 = ORIENTED_EDGE ( 'NONE', *, *, #5762, .T. ) ;
#215 = DIRECTION ( 'NONE',  ( 1.000000000000000000, 0.0000000000000000000, 0.0000000000000000000 ) ) ;
#216 = DIRECTION ( 'NONE',  ( 0.0000000000000000000, 0.0000000000000000000, 1.000000000000000000 ) ) ;
#217 = CARTESIAN_POINT ( 'NONE',  ( 1.033134772369058700, 0.1607401157748909200, -3.000000000000000400 ) ) ;
#218 = ORIENTED_EDGE ( 'NONE', *, *, #502, .F. ) ;
#219 = DIRECTION ( 'NONE',  ( 1.000000000000000000, -3.993012400140799200E-015, 0.0000000000000000000 ) ) ;
#220 = AXIS2_PLACEMENT_3D ( 'NONE', #303, #3540, #760 ) ;
#221 = EDGE_CURVE ( 'NONE', #5218, #1420, #4977, .T. ) ;
#222 = ORIENTED_EDGE ( 'NONE', *, *, #3144, .T. ) ;
#223 = CARTESIAN_POINT ( 'NONE',  ( 1.033134772369058700, 0.1607401157748909200, -3.000000000000000400 ) ) ;
#224 = DIRECTION ( 'NONE',  ( 0.0000000000000000000, 0.0000000000000000000, 1.000000000000000000 ) ) ;
#225 = ORIENTED_EDGE ( 'NONE', *, *, #3769, .T. ) ;
#226 = AXIS2_PLACEMENT_3D ( 'NONE', #3607, #819, #4073 ) ;
#227 = EDGE_CURVE ( 'NONE', #5797, #4155, #1424, .T. ) ;
#228 = DIRECTION ( 'NONE',  ( -0.01809821667858757200, 0.9998362138635782400, 0.0000000000000000000 ) ) ;
#229 = ORIENTED_EDGE ( 'NONE', *, *, #2464, .F. ) ;
#230 = DIRECTION ( 'NONE',  ( -1.000000000000000000, 0.0000000000000000000, 0.0000000000000000000 ) ) ;
#231 = DIRECTION ( 'NONE',  ( 0.0000000000000000000, 0.0000000000000000000, 1.000000000000000000 ) ) ;
#232 = DIRECTION ( 'NONE',  ( -1.000000000000000000, 0.0000000000000000000, 0.0000000000000000000 ) ) ;
#233 = CARTESIAN_POINT ( 'NONE',  ( -1.036152527650757000, 0.9780000000000000900, 0.0000000000000000000 ) ) ;
#234 = CARTESIAN_POINT ( 'NONE',  ( 1.537128025682452700, 0.9158789639034484700, 0.0000000000000000000 ) ) ;
#235 = DIRECTION ( 'NONE',  ( 1.000000000000000000, 0.0000000000000000000, 0.0000000000000000000 ) ) ;
#236 = AXIS2_PLACEMENT_3D ( 'NONE', #331, #3557, #783 ) ;
#237 = ORIENTED_EDGE ( 'NONE', *, *, #3173, .T. ) ;
#238 = EDGE_CURVE ( 'NONE', #1398, #5954, #1278, .T. ) ;
#239 = ORIENTED_EDGE ( 'NONE', *, *, #306, .F. ) ;
#240 = ORIENTED_EDGE ( 'NONE', *, *, #5430, .T. ) ;
#241 = FACE_OUTER_BOUND ( 'NONE', #442, .T. ) ;
#243 = ADVANCED_FACE ( 'NONE', ( #3753 ), #5922, .F. ) ;
#242 = EDGE_LOOP ( 'NONE', ( #4458, #1605, #5170, #2809 ) ) ;
#244 = EDGE_LOOP ( 'NONE', ( #5804, #5987, #575, #3283 ) ) ;
#245 = VERTEX_POINT ( 'NONE', #1284 ) ;
#246 = AXIS2_PLACEMENT_3D ( 'NONE', #5278, #4350, #215 ) ;
#247 = VECTOR ( 'NONE', #4273, 39.37007874015748100 ) ;
#248 = ORIENTED_EDGE ( 'NONE', *, *, #1250, .T. ) ;
#249 = VERTEX_POINT ( 'NONE', #817 ) ;
#250 = DIRECTION ( 'NONE',  ( 1.000000000000000000, 0.0000000000000000000, 0.0000000000000000000 ) ) ;
#251 = ORIENTED_EDGE ( 'NONE', *, *, #5131, .F. ) ;
#252 = LINE ( 'NONE', #5739, #2557 ) ;
#253 = FACE_OUTER_BOUND ( 'NONE', #13, .T. ) ;
#254 = DIRECTION ( 'NONE',  ( 0.0000000000000000000, 0.0000000000000000000, 1.000000000000000000 ) ) ;
#255 = CARTESIAN_POINT ( 'NONE',  ( -2.034040263840681400, 0.1031557513403639100, -2.654999999999999800 ) ) ;
#256 = ORIENTED_EDGE ( 'NONE', *, *, #3792, .T. ) ;
#257 = ORIENTED_EDGE ( 'NONE', *, *, #3999, .F. ) ;
#258 = DIRECTION ( 'NONE',  ( 0.0000000000000000000, 0.0000000000000000000, 1.000000000000000000 ) ) ;
#259 = FACE_OUTER_BOUND ( 'NONE', #5878, .T. ) ;
#260 = CIRCLE ( 'NONE', #4264, 0.5749999999999998400 ) ;
#261 = CARTESIAN_POINT ( 'NONE',  ( 1.518213852069460800, 0.9626105341867087200, -3.000000000000000400 ) ) ;
#262 = EDGE_LOOP ( 'NONE', ( #1910, #2538, #3713, #2586 ) ) ;
#263 = DIRECTION ( 'NONE',  ( -0.9993908270190957600, 0.03489949670250191300, 0.0000000000000000000 ) ) ;
#264 = ORIENTED_EDGE ( 'NONE', *, *, #3597, .F. ) ;
#265 = VECTOR ( 'NONE', #4265, 39.37007874015748100 ) ;
#266 = CIRCLE ( 'NONE', #5532, 0.02199999999999992900 ) ;
#267 = VECTOR ( 'NONE', #3063, 39.37007874015748100 ) ;
#268 = VERTEX_POINT ( 'NONE', #4071 ) ;
#269 = EDGE_CURVE ( 'NONE', #3752, #4304, #62, .T. ) ;
#270 = DIRECTION ( 'NONE',  ( -1.000000000000000000, 0.0000000000000000000, 0.0000000000000000000 ) ) ;
#271 = VECTOR ( 'NONE', #3911, 39.37007874015748100 ) ;
#272 = CYLINDRICAL_SURFACE ( 'NONE', #860, 0.1099999999999999200 ) ;
#273 = FACE_OUTER_BOUND ( 'NONE', #2356, .T. ) ;
#274 = CARTESIAN_POINT ( 'NONE',  ( -1.528624593600135900, 0.9420804714179321600, 0.0000000000000000000 ) ) ;
#275 = VERTEX_POINT ( 'NONE', #4524 ) ;
#276 = ORIENTED_EDGE ( 'NONE', *, *, #3683, .F. ) ;
#277 = DIRECTION ( 'NONE',  ( -0.0000000000000000000, -0.0000000000000000000, -1.000000000000000000 ) ) ;
#278 = ADVANCED_FACE ( 'NONE', ( #3608 ), #2219, .F. ) ;
#279 = VERTEX_POINT ( 'NONE', #1266 ) ;
#280 = CARTESIAN_POINT ( 'NONE',  ( 2.035000000000000100, 0.07567250359733875000, -3.000000000000000400 ) ) ;
#281 = AXIS2_PLACEMENT_3D ( 'NONE', #296, #3533, #750 ) ;
#282 = CARTESIAN_POINT ( 'NONE',  ( -0.9683585055943934000, 0.2601086883240222900, -3.000000000000000400 ) ) ;
#283 = VECTOR ( 'NONE', #82, 39.37007874015748100 ) ;
#284 = EDGE_CURVE ( 'NONE', #5084, #376, #3462, .T. ) ;
#285 = VECTOR ( 'NONE', #2545, 39.37007874015748900 ) ;
#286 = DIRECTION ( 'NONE',  ( 1.000000000000000000, -3.619389336043007400E-015, 0.0000000000000000000 ) ) ;
#287 = CARTESIAN_POINT ( 'NONE',  ( 0.7924999999999999800, 0.9719999999999998600, -3.000000000000000400 ) ) ;
#288 = DIRECTION ( 'NONE',  ( 0.7193398003386345400, 0.6946583704590142400, -0.0000000000000000000 ) ) ;
#289 = DIRECTION ( 'NONE',  ( 1.000000000000000000, 0.0000000000000000000, 0.0000000000000000000 ) ) ;
#290 = ORIENTED_EDGE ( 'NONE', *, *, #300, .T. ) ;
#291 = EDGE_CURVE ( 'NONE', #818, #2100, #4686, .T. ) ;
#292 = DIRECTION ( 'NONE',  ( 0.0000000000000000000, 0.0000000000000000000, 1.000000000000000000 ) ) ;
#293 = DIRECTION ( 'NONE',  ( 0.0000000000000000000, 0.0000000000000000000, 1.000000000000000000 ) ) ;
#294 = CARTESIAN_POINT ( 'NONE',  ( 1.919981888401884400, 0.6128275355786027000, -3.000000000000000400 ) ) ;
#295 = DIRECTION ( 'NONE',  ( 0.0000000000000000000, 1.000000000000000000, 0.0000000000000000000 ) ) ;
#296 = CARTESIAN_POINT ( 'NONE',  ( -1.342000000000000100, 0.3750000000000000600, 0.0000000000000000000 ) ) ;
#297 = VERTEX_POINT ( 'NONE', #5882 ) ;
#298 = CARTESIAN_POINT ( 'NONE',  ( 1.092274771286915400, 0.9350000000000000500, -3.000000000000000400 ) ) ;
#299 = DIRECTION ( 'NONE',  ( 1.000000000000000000, 7.143115749499792000E-015, -0.0000000000000000000 ) ) ;
#300 = EDGE_CURVE ( 'NONE', #1058, #4177, #3310, .T. ) ;
#301 = DIRECTION ( 'NONE',  ( 0.9993908270190957600, 0.03489949670250189900, -5.936613100690838100E-015 ) ) ;
#302 = ADVANCED_FACE ( 'NONE', ( #5774 ), #5424, .F. ) ;
#303 = CARTESIAN_POINT ( 'NONE',  ( -0.7521454672355573100, 0.3909413573369723300, -3.000000000000000400 ) ) ;
#304 = ORIENTED_EDGE ( 'NONE', *, *, #577, .T. ) ;
#305 = EDGE_LOOP ( 'NONE', ( #2036, #823, #1523, #1676 ) ) ;
#306 = EDGE_CURVE ( 'NONE', #4684, #3830, #2073, .T. ) ;
#307 = DIRECTION ( 'NONE',  ( 1.000000000000000000, 0.0000000000000000000, 0.0000000000000000000 ) ) ;
#308 = FACE_OUTER_BOUND ( 'NONE', #2144, .T. ) ;
#309 = CARTESIAN_POINT ( 'NONE',  ( -1.872737319856944100, 0.09752292841516729800, -2.654999999999998900 ) ) ;
#310 = DIRECTION ( 'NONE',  ( 0.0000000000000000000, 0.0000000000000000000, 1.000000000000000000 ) ) ;
#311 = ORIENTED_EDGE ( 'NONE', *, *, #2858, .T. ) ;
#312 = ORIENTED_EDGE ( 'NONE', *, *, #2373, .T. ) ;
#313 = FACE_OUTER_BOUND ( 'NONE', #1944, .T. ) ;
#314 = AXIS2_PLACEMENT_3D ( 'NONE', #3302, #2991, #2122 ) ;
#315 = ORIENTED_EDGE ( 'NONE', *, *, #2104, .F. ) ;
#316 = EDGE_CURVE ( 'NONE', #2234, #5243, #4539, .T. ) ;
#317 = ORIENTED_EDGE ( 'NONE', *, *, #1620, .F. ) ;
#318 = LINE ( 'NONE', #3689, #170 ) ;
#319 = ORIENTED_EDGE ( 'NONE', *, *, #5623, .T. ) ;
#320 = DIRECTION ( 'NONE',  ( -0.9993908270190957600, 0.03489949670250180900, 0.0000000000000000000 ) ) ;
#321 = CIRCLE ( 'NONE', #3766, 0.02500000000000000500 ) ;
#322 = ORIENTED_EDGE ( 'NONE', *, *, #4761, .F. ) ;
#323 = EDGE_CURVE ( 'NONE', #3830, #1753, #5630, .T. ) ;
#324 = EDGE_LOOP ( 'NONE', ( #5, #5383, #775, #93 ) ) ;
#325 = VECTOR ( 'NONE', #5559, 39.37007874015748100 ) ;
#326 = FACE_OUTER_BOUND ( 'NONE', #156, .T. ) ;
#327 = ORIENTED_EDGE ( 'NONE', *, *, #4979, .T. ) ;
#328 = DIRECTION ( 'NONE',  ( 1.000000000000000000, 0.0000000000000000000, 0.0000000000000000000 ) ) ;
#329 = ORIENTED_EDGE ( 'NONE', *, *, #3561, .T. ) ;
#330 = ADVANCED_FACE ( 'NONE', ( #840 ), #5487, .T. ) ;
#331 = CARTESIAN_POINT ( 'NONE',  ( 1.670729069476437000, 0.8805157751061342100, 0.0000000000000000000 ) ) ;
#332 = VECTOR ( 'NONE', #2576, 39.37007874015748100 ) ;
#333 = DIRECTION ( 'NONE',  ( -1.000000000000000000, 0.0000000000000000000, 0.0000000000000000000 ) ) ;
#334 = VECTOR ( 'NONE', #1818, 39.37007874015748100 ) ;
#335 = DIRECTION ( 'NONE',  ( -0.3907311284892328600, -0.9205048534524576900, 0.0000000000000000000 ) ) ;
#336 = ORIENTED_EDGE ( 'NONE', *, *, #2310, .F. ) ;
#337 = CARTESIAN_POINT ( 'NONE',  ( -0.3269714672306675600, 0.1870000000000000000, -1.005999999999999800 ) ) ;
#338 = EDGE_CURVE ( 'NONE', #4716, #4475, #706, .T. ) ;
#339 = LINE ( 'NONE', #1730, #5101 ) ;
#340 = DIRECTION ( 'NONE',  ( -0.0000000000000000000, -0.0000000000000000000, -1.000000000000000000 ) ) ;
#341 = VECTOR ( 'NONE', #4131, 39.37007874015748100 ) ;
#342 = FACE_OUTER_BOUND ( 'NONE', #1008, .T. ) ;
#343 = ADVANCED_FACE ( 'NONE', ( #1938 ), #1786, .F. ) ;
#344 = CARTESIAN_POINT ( 'NONE',  ( 1.782458660289618900, 0.03933680321795758600, -0.1943502884254439700 ) ) ;
#345 = EDGE_LOOP ( 'NONE', ( #698, #5057, #319, #5258 ) ) ;
#346 = CARTESIAN_POINT ( 'NONE',  ( -1.033134772369058700, 0.1607401157748909200, -3.000000000000000400 ) ) ;
#347 = FACE_OUTER_BOUND ( 'NONE', #383, .T. ) ;
#348 = ORIENTED_EDGE ( 'NONE', *, *, #4114, .T. ) ;
#349 = AXIS2_PLACEMENT_3D ( 'NONE', #657, #3907, #1112 ) ;
#350 = VECTOR ( 'NONE', #4158, 39.37007874015748100 ) ;
#351 = EDGE_CURVE ( 'NONE', #2095, #1054, #3025, .T. ) ;
#352 = ORIENTED_EDGE ( 'NONE', *, *, #4765, .F. ) ;
#353 = DIRECTION ( 'NONE',  ( 0.0000000000000000000, 0.0000000000000000000, 1.000000000000000000 ) ) ;
#354 = DIRECTION ( 'NONE',  ( 0.0000000000000000000, 0.0000000000000000000, 1.000000000000000000 ) ) ;
#355 = CARTESIAN_POINT ( 'NONE',  ( 1.784382819764028300, 0.09443752128386387300, -0.1943502884254439700 ) ) ;
#356 = EDGE_CURVE ( 'NONE', #3167, #3205, #4259, .T. ) ;
#357 = DIRECTION ( 'NONE',  ( 0.4397423050750786100, 0.8981239920674964900, 0.0000000000000000000 ) ) ;
#358 = CARTESIAN_POINT ( 'NONE',  ( -1.600268701519571600, 0.8770323167238678300, 0.0000000000000000000 ) ) ;
#359 = DIRECTION ( 'NONE',  ( 1.000000000000000000, 0.0000000000000000000, 0.0000000000000000000 ) ) ;
#360 = AXIS2_PLACEMENT_3D ( 'NONE', #5128, #3293, #521 ) ;
#361 = CARTESIAN_POINT ( 'NONE',  ( -2.034040263840681800, 0.1031557513403639200, -2.844999999999999800 ) ) ;
#362 = APPLICATION_CONTEXT ( 'automotive_design' ) ;
#363 = ORIENTED_EDGE ( 'NONE', *, *, #3717, .F. ) ;
#364 = ADVANCED_FACE ( 'NONE', ( #4402 ), #2884, .T. ) ;
#365 = ORIENTED_EDGE ( 'NONE', *, *, #1853, .T. ) ;
#366 = DIRECTION ( 'NONE',  ( 0.0000000000000000000, 0.0000000000000000000, 1.000000000000000000 ) ) ;
#367 = CARTESIAN_POINT ( 'NONE',  ( -0.7924999999999997600, 0.9719999999999998600, -3.000000000000000400 ) ) ;
#368 = CARTESIAN_POINT ( 'NONE',  ( 1.686011553626535400, 0.8646902994986839200, -3.000000000000000400 ) ) ;
#369 = ORIENTED_EDGE ( 'NONE', *, *, #4548, .F. ) ;
#370 = CARTESIAN_POINT ( 'NONE',  ( 1.000825861812083300, 0.2119562817785765600, -3.000000000000000400 ) ) ;
#371 = CARTESIAN_POINT ( 'NONE',  ( 0.9659276040590797400, 0.2270814064065067300, 0.0000000000000000000 ) ) ;
#372 = AXIS2_PLACEMENT_3D ( 'NONE', #4047, #4059, #1273 ) ;
#373 = EDGE_CURVE ( 'NONE', #4135, #1304, #5345, .T. ) ;
#374 = ORIENTED_EDGE ( 'NONE', *, *, #2676, .T. ) ;
#375 = ORIENTED_EDGE ( 'NONE', *, *, #684, .T. ) ;
#376 = VERTEX_POINT ( 'NONE', #4837 ) ;
#377 = CIRCLE ( 'NONE', #5024, 0.02199999999999992900 ) ;
#378 = EDGE_LOOP ( 'NONE', ( #5772, #1385, #3736, #4638 ) ) ;
#379 = ORIENTED_EDGE ( 'NONE', *, *, #5214, .F. ) ;
#380 = DIRECTION ( 'NONE',  ( -0.4528528587886683800, 0.8915852669750270500, 0.0000000000000000000 ) ) ;
#381 = EDGE_CURVE ( 'NONE', #5007, #1261, #1647, .T. ) ;
#382 = DIRECTION ( 'NONE',  ( -1.000000000000000000, 0.0000000000000000000, 2.973742224795748600E-015 ) ) ;
#383 = EDGE_LOOP ( 'NONE', ( #4565, #891, #5493, #4222 ) ) ;
#384 = FACE_OUTER_BOUND ( 'NONE', #3378, .T. ) ;
#385 = DIRECTION ( 'NONE',  ( -0.0000000000000000000, -0.0000000000000000000, -1.000000000000000000 ) ) ;
#386 = ORIENTED_EDGE ( 'NONE', *, *, #5809, .F. ) ;
#387 = CARTESIAN_POINT ( 'NONE',  ( 0.6560000000000000300, 0.0000000000000000000, 0.0000000000000000000 ) ) ;
#388 = ORIENTED_EDGE ( 'NONE', *, *, #5371, .T. ) ;
#389 = ORIENTED_EDGE ( 'NONE', *, *, #1875, .F. ) ;
#390 = AXIS2_PLACEMENT_3D ( 'NONE', #5507, #2743, #5976 ) ;
#391 = VECTOR ( 'NONE', #3413, 39.37007874015748100 ) ;
#392 = LINE ( 'NONE', #1659, #3949 ) ;
#393 = EDGE_CURVE ( 'NONE', #866, #3548, #3172, .T. ) ;
#394 = DIRECTION ( 'NONE',  ( -1.000000000000000000, 0.0000000000000000000, 0.0000000000000000000 ) ) ;
#395 = ORIENTED_EDGE ( 'NONE', *, *, #34, .F. ) ;
#396 = ADVANCED_FACE ( 'NONE', ( #5194 ), #4854, .T. ) ;
#397 = VERTEX_POINT ( 'NONE', #3470 ) ;
#398 = LINE ( 'NONE', #2300, #5320 ) ;
#399 = CIRCLE ( 'NONE', #1547, 0.6250000000000003300 ) ;
#400 = DIRECTION ( 'NONE',  ( 0.0000000000000000000, 0.0000000000000000000, 1.000000000000000000 ) ) ;
#401 = ORIENTED_EDGE ( 'NONE', *, *, #5284, .T. ) ;
#402 = EDGE_CURVE ( 'NONE', #3079, #3632, #1501, .T. ) ;
#403 = EDGE_LOOP ( 'NONE', ( #4456, #4988, #4088, #4257 ) ) ;
#404 = ORIENTED_EDGE ( 'NONE', *, *, #1885, .F. ) ;
#405 = VECTOR ( 'NONE', #3781, 39.37007874015748100 ) ;
#406 = LINE ( 'NONE', #4262, #2721 ) ;
#407 = LINE ( 'NONE', #1131, #3966 ) ;
#408 = CARTESIAN_POINT ( 'NONE',  ( -2.035000000000000100, 0.07567250359733875000, -3.000000000000000400 ) ) ;
#409 = CARTESIAN_POINT ( 'NONE',  ( -0.7853104575018061700, 0.3822573689325231600, 0.0000000000000000000 ) ) ;
#410 = ORIENTED_EDGE ( 'NONE', *, *, #1317, .F. ) ;
#411 = DIRECTION ( 'NONE',  ( 0.0000000000000000000, 0.0000000000000000000, 1.000000000000000000 ) ) ;
#412 = CYLINDRICAL_SURFACE ( 'NONE', #3522, 0.01499999999999997700 ) ;
#413 = CARTESIAN_POINT ( 'NONE',  ( -0.6544999999999999700, 0.2000000000000000100, -3.000000000000000400 ) ) ;
#414 = CIRCLE ( 'NONE', #4783, 0.01000000000000016700 ) ;
#415 = LINE ( 'NONE', #4268, #5187 ) ;
#416 = AXIS2_PLACEMENT_3D ( 'NONE', #4186, #1384, #4627 ) ;
#417 = CARTESIAN_POINT ( 'NONE',  ( -1.223152527650756700, 0.9780000000000000900, 0.0000000000000000000 ) ) ;
#418 = ORIENTED_EDGE ( 'NONE', *, *, #5465, .T. ) ;
#419 = EDGE_CURVE ( 'NONE', #4155, #5949, #2737, .T. ) ;
#420 = EDGE_LOOP ( 'NONE', ( #3596, #2158, #1976, #914 ) ) ;
#421 = CARTESIAN_POINT ( 'NONE',  ( -1.513342109450037700, 0.9579059470253826800, 0.0000000000000000000 ) ) ;
#422 = DIRECTION ( 'NONE',  ( 1.000000000000000000, 0.0000000000000000000, 0.0000000000000000000 ) ) ;
#423 = CARTESIAN_POINT ( 'NONE',  ( -1.342000000000000100, 0.3750000000000000600, -3.000000000000000400 ) ) ;
#424 = VECTOR ( 'NONE', #696, 39.37007874015748100 ) ;
#425 = DIRECTION ( 'NONE',  ( 1.000000000000000000, 0.0000000000000000000, 0.0000000000000000000 ) ) ;
#426 = AXIS2_PLACEMENT_3D ( 'NONE', #4832, #228, #3466 ) ;
#427 = CARTESIAN_POINT ( 'NONE',  ( -1.090648550291540800, 0.9282072071181698400, -3.000000000000000400 ) ) ;
#428 = ORIENTED_EDGE ( 'NONE', *, *, #3525, .F. ) ;
#429 = CARTESIAN_POINT ( 'NONE',  ( 0.6674999999999998700, 0.0000000000000000000, 0.0000000000000000000 ) ) ;
#430 = ADVANCED_FACE ( 'NONE', ( #3978 ), #1346, .F. ) ;
#431 = DIRECTION ( 'NONE',  ( 0.0000000000000000000, 0.0000000000000000000, 1.000000000000000000 ) ) ;
#432 = AXIS2_PLACEMENT_3D ( 'NONE', #3363, #5217, #3842 ) ;
#433 = EDGE_CURVE ( 'NONE', #5347, #4323, #2589, .T. ) ;
#434 = DIRECTION ( 'NONE',  ( 0.0000000000000000000, 0.0000000000000000000, 1.000000000000000000 ) ) ;
#435 = DIRECTION ( 'NONE',  ( 0.0000000000000000000, 0.0000000000000000000, 1.000000000000000000 ) ) ;
#436 = DIRECTION ( 'NONE',  ( -1.000000000000000000, 0.0000000000000000000, 0.0000000000000000000 ) ) ;
#437 = AXIS2_PLACEMENT_3D ( 'NONE', #5928, #2683, #5462 ) ;
#438 = ORIENTED_EDGE ( 'NONE', *, *, #4714, .T. ) ;
#439 = CARTESIAN_POINT ( 'NONE',  ( -1.018022407083604600, 0.1377785243720350000, -3.000000000000000400 ) ) ;
#440 = EDGE_CURVE ( 'NONE', #2889, #4884, #563, .T. ) ;
#441 = DIRECTION ( 'NONE',  ( -0.9993908270190957600, 0.03489949670250171200, -2.711583207608975600E-015 ) ) ;
#442 = EDGE_LOOP ( 'NONE', ( #2637, #2150, #3489, #2423 ) ) ;
#443 = CARTESIAN_POINT ( 'NONE',  ( 1.782458660289618900, 0.03933680321795757200, -2.750000000000000000 ) ) ;
#444 = DIRECTION ( 'NONE',  ( -1.000000000000000000, 0.0000000000000000000, 0.0000000000000000000 ) ) ;
#445 = ORIENTED_EDGE ( 'NONE', *, *, #2178, .F. ) ;
#446 = VECTOR ( 'NONE', #3256, 39.37007874015748900 ) ;
#447 = CARTESIAN_POINT ( 'NONE',  ( -2.035959736159318900, 0.04818925585431360600, -0.3450000000000003100 ) ) ;
#448 = DIRECTION ( 'NONE',  ( 1.000000000000000000, 0.0000000000000000000, 0.0000000000000000000 ) ) ;
#449 = ORIENTED_EDGE ( 'NONE', *, *, #3100, .T. ) ;
#450 = AXIS2_PLACEMENT_3D ( 'NONE', #810, #4066, #1280 ) ;
#451 = ORIENTED_EDGE ( 'NONE', *, *, #5214, .T. ) ;
#452 = EDGE_CURVE ( 'NONE', #1680, #94, #5046, .T. ) ;
#453 = DIRECTION ( 'NONE',  ( -0.9998362138635782400, 0.01809821667858757500, 0.0000000000000000000 ) ) ;
#454 = CIRCLE ( 'NONE', #5645, 0.01000000000000016700 ) ;
#455 = VERTEX_POINT ( 'NONE', #282 ) ;
#456 = DIRECTION ( 'NONE',  ( 0.0000000000000000000, 0.0000000000000000000, 1.000000000000000000 ) ) ;
#457 = ORIENTED_EDGE ( 'NONE', *, *, #2200, .F. ) ;
#458 = LINE ( 'NONE', #2309, #4013 ) ;
#459 = ORIENTED_EDGE ( 'NONE', *, *, #4534, .F. ) ;
#460 = CIRCLE ( 'NONE', #4200, 0.6250000000000000000 ) ;
#461 = EDGE_LOOP ( 'NONE', ( #2658, #733, #5968, #4213 ) ) ;
#462 = EDGE_CURVE ( 'NONE', #1643, #1919, #3833, .T. ) ;
#463 = EDGE_LOOP ( 'NONE', ( #4966, #5569, #2256, #2437 ) ) ;
#464 = LINE ( 'NONE', #1837, #4024 ) ;
#465 = FACE_OUTER_BOUND ( 'NONE', #53, .T. ) ;
#466 = CARTESIAN_POINT ( 'NONE',  ( 1.784382819764028300, 0.09443752128386380400, -0.2499999999999999700 ) ) ;
#467 = PLANE ( 'NONE',  #1840 ) ;
#468 = ORIENTED_EDGE ( 'NONE', *, *, #705, .F. ) ;
#469 = DIRECTION ( 'NONE',  ( 0.0000000000000000000, 0.0000000000000000000, 1.000000000000000000 ) ) ;
#470 = AXIS2_PLACEMENT_3D ( 'NONE', #660, #3909, #1118 ) ;
#471 = DIRECTION ( 'NONE',  ( 0.0000000000000000000, 0.0000000000000000000, 1.000000000000000000 ) ) ;
#472 = LINE ( 'NONE', #3485, #3885 ) ;
#473 = LINE ( 'NONE', #3538, #4518 ) ;
#474 = CARTESIAN_POINT ( 'NONE',  ( 1.870375731441842100, 0.5757944781074833000, -3.000000000000000400 ) ) ;
#475 = VERTEX_POINT ( 'NONE', #3997 ) ;
#476 = CARTESIAN_POINT ( 'NONE',  ( 1.342000000000000100, 0.3750000000000000600, -3.000000000000000400 ) ) ;
#477 = VECTOR ( 'NONE', #1715, 39.37007874015748100 ) ;
#478 = LINE ( 'NONE', #3174, #5248 ) ;
#479 = CIRCLE ( 'NONE', #2015, 0.5749999999999997300 ) ;
#480 = EDGE_CURVE ( 'NONE', #2272, #5246, #5991, .T. ) ;
#481 = ORIENTED_EDGE ( 'NONE', *, *, #79, .F. ) ;
#482 = LINE ( 'NONE', #3465, #5412 ) ;
#483 = DIRECTION ( 'NONE',  ( 1.000000000000000000, -7.143115749499792000E-015, 0.0000000000000000000 ) ) ;
#484 = CARTESIAN_POINT ( 'NONE',  ( -1.077274771286915300, 0.9499999999999999600, -3.000000000000000400 ) ) ;
#485 = LINE ( 'NONE', #1300, #5255 ) ;
#486 = ORIENTED_EDGE ( 'NONE', *, *, #5052, .T. ) ;
#487 = CARTESIAN_POINT ( 'NONE',  ( 2.034040263840681400, 0.1031557513403639100, -2.844999999999999800 ) ) ;
#488 = DIRECTION ( 'NONE',  ( -0.9993908270190957600, 0.03489949670250180900, 0.0000000000000000000 ) ) ;
#489 = CARTESIAN_POINT ( 'NONE',  ( -1.342000000000000100, 0.3750000000000000600, -3.000000000000000400 ) ) ;
#490 = AXIS2_PLACEMENT_3D ( 'NONE', #1788, #5016, #2239 ) ;
#491 = EDGE_CURVE ( 'NONE', #2023, #5347, #1202, .T. ) ;
#492 = CARTESIAN_POINT ( 'NONE',  ( 0.9252551459287307000, 0.3015528512084663100, 0.0000000000000000000 ) ) ;
#493 = CARTESIAN_POINT ( 'NONE',  ( -0.6894999999999998900, 0.9780000000000000900, 0.0000000000000000000 ) ) ;
#494 = CARTESIAN_POINT ( 'NONE',  ( 1.600268701519571600, 0.8770323167238678300, 0.0000000000000000000 ) ) ;
#495 = CARTESIAN_POINT ( 'NONE',  ( -0.6894999999999998900, 0.9999999999999998900, -3.000000000000000400 ) ) ;
#496 = AXIS2_PLACEMENT_3D ( 'NONE', #5705, #2941, #162 ) ;
#497 = EDGE_CURVE ( 'NONE', #1296, #2277, #3682, .T. ) ;
#498 = DIRECTION ( 'NONE',  ( 0.0000000000000000000, 1.000000000000000000, 0.0000000000000000000 ) ) ;
#499 = DIRECTION ( 'NONE',  ( 0.0000000000000000000, 0.0000000000000000000, 1.000000000000000000 ) ) ;
#500 = DIRECTION ( 'NONE',  ( -0.7193398003386505300, -0.6946583704589979200, 0.0000000000000000000 ) ) ;
#501 = ORIENTED_EDGE ( 'NONE', *, *, #2872, .F. ) ;
#502 = EDGE_CURVE ( 'NONE', #5792, #5007, #3532, .T. ) ;
#503 = CARTESIAN_POINT ( 'NONE',  ( 1.058152527650757100, 0.9719999999999998600, -3.000000000000000400 ) ) ;
#504 = DIRECTION ( 'NONE',  ( -0.0000000000000000000, -0.0000000000000000000, -1.000000000000000000 ) ) ;
#505 = DIRECTION ( 'NONE',  ( -1.000000000000000000, 0.0000000000000000000, 0.0000000000000000000 ) ) ;
#506 = CARTESIAN_POINT ( 'NONE',  ( -1.873767662260251700, 0.5937422075738170200, -3.000000000000000400 ) ) ;
#507 = DIRECTION ( 'NONE',  ( 0.0000000000000000000, 0.0000000000000000000, 1.000000000000000000 ) ) ;
#508 = ORIENTED_EDGE ( 'NONE', *, *, #2257, .T. ) ;
#509 = DIRECTION ( 'NONE',  ( 0.0000000000000000000, 0.0000000000000000000, 1.000000000000000000 ) ) ;
#510 = CARTESIAN_POINT ( 'NONE',  ( -1.090648550291540800, 0.9282072071181698400, -3.000000000000000400 ) ) ;
#511 = EDGE_CURVE ( 'NONE', #5742, #2098, #5842, .T. ) ;
#512 = DIRECTION ( 'NONE',  ( 0.0000000000000000000, 0.0000000000000000000, 1.000000000000000000 ) ) ;
#513 = ORIENTED_EDGE ( 'NONE', *, *, #3699, .T. ) ;
#514 = DIRECTION ( 'NONE',  ( -3.159601113845482400E-015, 1.103357021824704500E-016, -1.000000000000000000 ) ) ;
#515 = ORIENTED_EDGE ( 'NONE', *, *, #1138, .T. ) ;
#516 = CARTESIAN_POINT ( 'NONE',  ( -1.201152527650757300, 0.9500000000000000700, -3.000000000000000400 ) ) ;
#517 = ORIENTED_EDGE ( 'NONE', *, *, #4683, .F. ) ;
#518 = ORIENTED_EDGE ( 'NONE', *, *, #3642, .T. ) ;
#519 = VECTOR ( 'NONE', #4885, 39.37007874015748100 ) ;
#520 = EDGE_CURVE ( 'NONE', #1230, #634, #2289, .T. ) ;
#521 = DIRECTION ( 'NONE',  ( -1.000000000000000000, 0.0000000000000000000, 3.717177780994685600E-015 ) ) ;
#522 = ORIENTED_EDGE ( 'NONE', *, *, #284, .F. ) ;
#523 = DIRECTION ( 'NONE',  ( 1.000000000000000000, 0.0000000000000000000, 0.0000000000000000000 ) ) ;
#524 = DIRECTION ( 'NONE',  ( 0.0000000000000000000, 1.000000000000000000, 0.0000000000000000000 ) ) ;
#525 = VERTEX_POINT ( 'NONE', #3545 ) ;
#526 = ORIENTED_EDGE ( 'NONE', *, *, #4460, .F. ) ;
#527 = DIRECTION ( 'NONE',  ( -1.000000000000000000, 0.0000000000000000000, 0.0000000000000000000 ) ) ;
#528 = CIRCLE ( 'NONE', #1585, 0.3749999999999999400 ) ;
#529 = CARTESIAN_POINT ( 'NONE',  ( 1.600268701519571600, 0.8770323167238678300, -3.000000000000000400 ) ) ;
#530 = VERTEX_POINT ( 'NONE', #746 ) ;
#531 = CARTESIAN_POINT ( 'NONE',  ( -0.2179210407162855700, 0.1870000000000000000, -1.560294444297389800 ) ) ;
#532 = AXIS2_PLACEMENT_3D ( 'NONE', #4252, #1462, #543 ) ;
#533 = ORIENTED_EDGE ( 'NONE', *, *, #1260, .T. ) ;
#534 = EDGE_CURVE ( 'NONE', #2476, #1600, #5697, .T. ) ;
#535 = CARTESIAN_POINT ( 'NONE',  ( -2.034040263840688900, 0.1031557513403641900, -0.3450000000000003100 ) ) ;
#536 = VERTEX_POINT ( 'NONE', #5411 ) ;
#537 = VECTOR ( 'NONE', #5704, 39.37007874015748100 ) ;
#538 = VECTOR ( 'NONE', #710, 39.37007874015748100 ) ;
#539 = VERTEX_POINT ( 'NONE', #4487 ) ;
#540 = DIRECTION ( 'NONE',  ( 0.0000000000000000000, 0.0000000000000000000, 1.000000000000000000 ) ) ;
#541 = EDGE_LOOP ( 'NONE', ( #2611, #174, #2644, #1161 ) ) ;
#542 = CIRCLE ( 'NONE', #1411, 0.02200000000000020300 ) ;
#543 = DIRECTION ( 'NONE',  ( 1.000000000000000000, 0.0000000000000000000, 0.0000000000000000000 ) ) ;
#544 = FACE_OUTER_BOUND ( 'NONE', #3391, .T. ) ;
#545 = ADVANCED_FACE ( 'NONE', ( #2142 ), #773, .F. ) ;
#546 = EDGE_CURVE ( 'NONE', #4023, #2262, #2005, .T. ) ;
#547 = EDGE_LOOP ( 'NONE', ( #1560, #2989, #5323, #5119 ) ) ;
#548 = CARTESIAN_POINT ( 'NONE',  ( 1.784382819764028300, 0.09443752128386384600, -2.805649711574555600 ) ) ;
#549 = VECTOR ( 'NONE', #4688, 39.37007874015748100 ) ;
#550 = DIRECTION ( 'NONE',  ( 0.0000000000000000000, 0.0000000000000000000, 1.000000000000000000 ) ) ;
#551 = VECTOR ( 'NONE', #2374, 39.37007874015748900 ) ;
#552 = VECTOR ( 'NONE', #175, 39.37007874015748900 ) ;
#553 = CARTESIAN_POINT ( 'NONE',  ( -1.019552256640879200, 0.1291673665987828300, -3.000000000000000400 ) ) ;
#554 = EDGE_LOOP ( 'NONE', ( #3414, #2194, #4132, #730 ) ) ;
#555 = AXIS2_PLACEMENT_3D ( 'NONE', #3965, #1160, #4413 ) ;
#556 = VECTOR ( 'NONE', #5641, 39.37007874015748100 ) ;
#557 = CARTESIAN_POINT ( 'NONE',  ( 1.532037729360301600, 0.9017690778885758500, -3.000000000000000400 ) ) ;
#558 = DIRECTION ( 'NONE',  ( 0.0000000000000000000, 0.0000000000000000000, 1.000000000000000000 ) ) ;
#559 = CYLINDRICAL_SURFACE ( 'NONE', #3873, 0.02199999999999965500 ) ;
#560 = VECTOR ( 'NONE', #5639, 39.37007874015748900 ) ;
#561 = ORIENTED_EDGE ( 'NONE', *, *, #2094, .T. ) ;
#562 = CARTESIAN_POINT ( 'NONE',  ( -1.342000000000000100, 0.3750000000000000600, -3.000000000000000400 ) ) ;
#563 = LINE ( 'NONE', #3507, #134 ) ;
#564 = CARTESIAN_POINT ( 'NONE',  ( 1.885158604831293800, 0.5113038150519720900, -3.000000000000000400 ) ) ;
#565 = ORIENTED_EDGE ( 'NONE', *, *, #1572, .F. ) ;
#566 = CARTESIAN_POINT ( 'NONE',  ( 1.692729069476437200, 0.8805157751061342100, -3.000000000000000400 ) ) ;
#567 = CARTESIAN_POINT ( 'NONE',  ( 1.077274771286915300, 0.9350000000000000500, -3.000000000000000400 ) ) ;
#568 = ORIENTED_EDGE ( 'NONE', *, *, #1806, .T. ) ;
#569 = DIRECTION ( 'NONE',  ( 1.000000000000000000, 0.0000000000000000000, 0.0000000000000000000 ) ) ;
#570 = EDGE_CURVE ( 'NONE', #5595, #2204, #139, .T. ) ;
#571 = DIRECTION ( 'NONE',  ( 2.973742224795748600E-015, -1.038453667599721700E-016, 1.000000000000000000 ) ) ;
#572 = ADVANCED_FACE ( 'NONE', ( #3239 ), #5911, .T. ) ;
#573 = DIRECTION ( 'NONE',  ( 0.0000000000000000000, -1.000000000000000000, 0.0000000000000000000 ) ) ;
#574 = ORIENTED_EDGE ( 'NONE', *, *, #3706, .T. ) ;
#575 = ORIENTED_EDGE ( 'NONE', *, *, #5782, .T. ) ;
#576 = AXIS2_PLACEMENT_3D ( 'NONE', #4317, #3387, #3854 ) ;
#577 = EDGE_CURVE ( 'NONE', #614, #2179, #4607, .T. ) ;
#578 = ORIENTED_EDGE ( 'NONE', *, *, #520, .T. ) ;
#579 = CARTESIAN_POINT ( 'NONE',  ( 0.7779473039079433100, 0.3583662833742403700, 0.0000000000000000000 ) ) ;
#580 = AXIS2_PLACEMENT_3D ( 'NONE', #2435, #1510, #2904 ) ;
#581 = CARTESIAN_POINT ( 'NONE',  ( 1.342000000000000100, 0.3750000000000000600, -3.000000000000000400 ) ) ;
#582 = EDGE_CURVE ( 'NONE', #1974, #4113, #3096, .T. ) ;
#583 = DIRECTION ( 'NONE',  ( -0.0000000000000000000, -0.0000000000000000000, -1.000000000000000000 ) ) ;
#584 = DIRECTION ( 'NONE',  ( 0.0000000000000000000, 0.0000000000000000000, 1.000000000000000000 ) ) ;
#585 = DIRECTION ( 'NONE',  ( 0.0000000000000000000, 0.0000000000000000000, 1.000000000000000000 ) ) ;
#586 = ORIENTED_EDGE ( 'NONE', *, *, #932, .F. ) ;
#587 = CARTESIAN_POINT ( 'NONE',  ( 2.034040263840681400, 0.1031557513403639100, -0.1549999999999998600 ) ) ;
#588 = ORIENTED_EDGE ( 'NONE', *, *, #1801, .T. ) ;
#589 = EDGE_CURVE ( 'NONE', #1296, #5875, #1858, .T. ) ;
#590 = CIRCLE ( 'NONE', #5770, 0.02200000000000020300 ) ;
#591 = ORIENTED_EDGE ( 'NONE', *, *, #2104, .T. ) ;
#592 = ORIENTED_EDGE ( 'NONE', *, *, #5831, .T. ) ;
#593 = DIRECTION ( 'NONE',  ( 1.000000000000000000, 0.0000000000000000000, 0.0000000000000000000 ) ) ;
#594 = ORIENTED_EDGE ( 'NONE', *, *, #3328, .T. ) ;
#595 = LINE ( 'NONE', #3447, #2920 ) ;
#596 = DIRECTION ( 'NONE',  ( -0.9225012200031439400, -0.3859941697651808100, 0.0000000000000000000 ) ) ;
#598 = ADVANCED_FACE ( 'NONE', ( #4196 ), #1750, .T. ) ;
#597 = ORIENTED_EDGE ( 'NONE', *, *, #1778, .T. ) ;
#599 = ORIENTED_EDGE ( 'NONE', *, *, #2387, .T. ) ;
#600 = VECTOR ( 'NONE', #3746, 39.37007874015748900 ) ;
#601 = ORIENTED_EDGE ( 'NONE', *, *, #5571, .T. ) ;
#602 = EDGE_CURVE ( 'NONE', #5099, #4743, #5413, .T. ) ;
#603 = VECTOR ( 'NONE', #1218, 39.37007874015747400 ) ;
#604 = VECTOR ( 'NONE', #5897, 39.37007874015748100 ) ;
#605 = DIRECTION ( 'NONE',  ( 0.0000000000000000000, 0.0000000000000000000, 1.000000000000000000 ) ) ;
#606 = ORIENTED_EDGE ( 'NONE', *, *, #3009, .T. ) ;
#607 = DIRECTION ( 'NONE',  ( 0.0000000000000000000, 0.0000000000000000000, 1.000000000000000000 ) ) ;
#608 = ORIENTED_EDGE ( 'NONE', *, *, #1, .F. ) ;
#609 = LINE ( 'NONE', #921, #5086 ) ;
#610 = LINE ( 'NONE', #510, #5393 ) ;
#611 = CARTESIAN_POINT ( 'NONE',  ( -0.6674999999999998700, 0.2000000000000001200, -3.000000000000000400 ) ) ;
#612 = PLANE ( 'NONE',  #3639 ) ;
#613 = AXIS2_PLACEMENT_3D ( 'NONE', #4339, #1565, #4794 ) ;
#614 = VERTEX_POINT ( 'NONE', #1776 ) ;
#615 = EDGE_CURVE ( 'NONE', #5341, #3901, #485, .T. ) ;
#616 = ORIENTED_EDGE ( 'NONE', *, *, #3484, .T. ) ;
#617 = CIRCLE ( 'NONE', #4406, 0.02199999999999992900 ) ;
#618 = CYLINDRICAL_SURFACE ( 'NONE', #1427, 0.01499999999999997700 ) ;
#619 = ORIENTED_EDGE ( 'NONE', *, *, #356, .F. ) ;
#620 = AXIS2_PLACEMENT_3D ( 'NONE', #2303, #2285, #5069 ) ;
#621 = CARTESIAN_POINT ( 'NONE',  ( -0.6560000000000076900, 2.680003422498243000E-016, -0.3449999999999964800 ) ) ;
#622 = ORIENTED_EDGE ( 'NONE', *, *, #2125, .T. ) ;
#623 = CIRCLE ( 'NONE', #3956, 0.3749999999999999400 ) ;
#624 = EDGE_CURVE ( 'NONE', #1791, #3443, #2956, .T. ) ;
#625 = VECTOR ( 'NONE', #5479, 39.37007874015748900 ) ;
#626 = VECTOR ( 'NONE', #1952, 39.37007874015748100 ) ;
#627 = EDGE_LOOP ( 'NONE', ( #5041, #5215, #2778, #4745 ) ) ;
#628 = PLANE ( 'NONE',  #4862 ) ;
#629 = CYLINDRICAL_SURFACE ( 'NONE', #1654, 0.5750000000000000700 ) ;
#630 = VECTOR ( 'NONE', #2171, 39.37007874015747400 ) ;
#631 = DIRECTION ( 'NONE',  ( -0.0000000000000000000, 0.0000000000000000000, -1.000000000000000000 ) ) ;
#632 = AXIS2_PLACEMENT_3D ( 'NONE', #1358, #456, #3657 ) ;
#633 = PLANE ( 'NONE',  #5378 ) ;
#634 = VERTEX_POINT ( 'NONE', #4125 ) ;
#635 = ADVANCED_FACE ( 'NONE', ( #1569 ), #5112, .T. ) ;
#636 = CARTESIAN_POINT ( 'NONE',  ( 0.7853104575018061700, 0.3822573689325231600, -3.000000000000000400 ) ) ;
#637 = DIRECTION ( 'NONE',  ( -1.000000000000000000, 0.0000000000000000000, 0.0000000000000000000 ) ) ;
#638 = CARTESIAN_POINT ( 'NONE',  ( 0.6894999999999998900, 0.9999999999999998900, -3.000000000000000400 ) ) ;
#639 = DIRECTION ( 'NONE',  ( -0.0000000000000000000, -0.0000000000000000000, -1.000000000000000000 ) ) ;
#640 = EDGE_CURVE ( 'NONE', #2095, #1642, #2805, .T. ) ;
#641 = CARTESIAN_POINT ( 'NONE',  ( 0.7271491843857027500, 0.3905102614194897500, 0.0000000000000000000 ) ) ;
#642 = ORIENTED_EDGE ( 'NONE', *, *, #221, .T. ) ;
#643 = CARTESIAN_POINT ( 'NONE',  ( -0.9608227776630183800, 0.2422201668336072000, -3.000000000000000400 ) ) ;
#644 = DIRECTION ( 'NONE',  ( 0.0000000000000000000, 0.0000000000000000000, 1.000000000000000000 ) ) ;
#645 = AXIS2_PLACEMENT_3D ( 'NONE', #4359, #204, #1587 ) ;
#646 = EDGE_CURVE ( 'NONE', #1753, #5225, #4048, .T. ) ;
#647 = CARTESIAN_POINT ( 'NONE',  ( 0.6674999999999998700, 0.9780000000000000900, -3.000000000000000400 ) ) ;
#648 = ORIENTED_EDGE ( 'NONE', *, *, #153, .F. ) ;
#649 = DIRECTION ( 'NONE',  ( 0.0000000000000000000, 0.0000000000000000000, 1.000000000000000000 ) ) ;
#650 = CARTESIAN_POINT ( 'NONE',  ( -2.035959736159318900, 0.04818925585431360600, -3.000000000000000400 ) ) ;
#651 = DIRECTION ( 'NONE',  ( 0.0000000000000000000, 0.0000000000000000000, 1.000000000000000000 ) ) ;
#652 = DIRECTION ( 'NONE',  ( 0.0000000000000000000, 0.0000000000000000000, 1.000000000000000000 ) ) ;
#653 = CARTESIAN_POINT ( 'NONE',  ( -1.866515789744190200, 0.5850194903075147700, 0.0000000000000000000 ) ) ;
#654 = VERTEX_POINT ( 'NONE', #5032 ) ;
#655 = EDGE_CURVE ( 'NONE', #1919, #2179, #3898, .T. ) ;
#656 =( NAMED_UNIT ( * ) SI_UNIT ( $, .STERADIAN. ) SOLID_ANGLE_UNIT ( ) );
#657 = CARTESIAN_POINT ( 'NONE',  ( 0.3298335452906798200, 0.1870000000000000000, -1.998324128259931100 ) ) ;
#658 = ORIENTED_EDGE ( 'NONE', *, *, #3395, .T. ) ;
#659 = ADVANCED_FACE ( 'NONE', ( #2656 ), #3747, .T. ) ;
#660 = CARTESIAN_POINT ( 'NONE',  ( 1.894113555424991900, 0.6021114746462065100, 0.0000000000000000000 ) ) ;
#661 = DIRECTION ( 'NONE',  ( 0.0000000000000000000, 0.0000000000000000000, 1.000000000000000000 ) ) ;
#662 = ORIENTED_EDGE ( 'NONE', *, *, #4266, .F. ) ;
#663 = ORIENTED_EDGE ( 'NONE', *, *, #1360, .F. ) ;
#664 = EDGE_LOOP ( 'NONE', ( #3469, #1601, #2874, #1662 ) ) ;
#665 = CARTESIAN_POINT ( 'NONE',  ( -0.7271491843857027500, 0.3905102614194897500, -3.000000000000000400 ) ) ;
#666 = CARTESIAN_POINT ( 'NONE',  ( 0.6674999999999998700, 0.2000000000000001200, -3.000000000000000400 ) ) ;
#667 = VECTOR ( 'NONE', #4856, 39.37007874015748100 ) ;
#668 = CARTESIAN_POINT ( 'NONE',  ( -2.034040263840681400, 0.1031557513403639100, -3.000000000000000400 ) ) ;
#669 = EDGE_LOOP ( 'NONE', ( #5270, #2539, #5031, #3187 ) ) ;
#670 = DIRECTION ( 'NONE',  ( 0.0000000000000000000, 0.0000000000000000000, 1.000000000000000000 ) ) ;
#671 = CARTESIAN_POINT ( 'NONE',  ( 2.035000000000000100, 0.07567250359733875000, -0.3450000000000003100 ) ) ;
#672 = ORIENTED_EDGE ( 'NONE', *, *, #837, .F. ) ;
#673 = DIRECTION ( 'NONE',  ( 0.0000000000000000000, 0.0000000000000000000, 1.000000000000000000 ) ) ;
#674 = EDGE_LOOP ( 'NONE', ( #1744, #1343, #2758, #322 ) ) ;
#675 = VECTOR ( 'NONE', #4220, 39.37007874015748100 ) ;
#676 = CARTESIAN_POINT ( 'NONE',  ( -1.681581434628707700, 0.8604121833114223300, 0.0000000000000000000 ) ) ;
#677 = ORIENTED_EDGE ( 'NONE', *, *, #21, .F. ) ;
#678 = DIRECTION ( 'NONE',  ( 0.0000000000000000000, 0.0000000000000000000, 1.000000000000000000 ) ) ;
#679 = ORIENTED_EDGE ( 'NONE', *, *, #4183, .F. ) ;
#680 = CYLINDRICAL_SURFACE ( 'NONE', #1012, 0.02199999999999992900 ) ;
#681 = VECTOR ( 'NONE', #4881, 39.37007874015748100 ) ;
#682 = ORIENTED_EDGE ( 'NONE', *, *, #5085, .T. ) ;
#683 = AXIS2_PLACEMENT_3D ( 'NONE', #1909, #5613, #1435 ) ;
#684 = EDGE_CURVE ( 'NONE', #3612, #3811, #201, .T. ) ;
#685 = CARTESIAN_POINT ( 'NONE',  ( -1.894113555424991900, 0.6021114746462065100, -3.000000000000000400 ) ) ;
#686 = CYLINDRICAL_SURFACE ( 'NONE', #2969, 0.02500000000000000500 ) ;
#687 = FACE_OUTER_BOUND ( 'NONE', #541, .T. ) ;
#688 = DIRECTION ( 'NONE',  ( 0.0000000000000000000, 0.0000000000000000000, 1.000000000000000000 ) ) ;
#689 = ORIENTED_EDGE ( 'NONE', *, *, #356, .T. ) ;
#690 = VERTEX_POINT ( 'NONE', #4609 ) ;
#691 = CIRCLE ( 'NONE', #5924, 0.09499999999999994600 ) ;
#692 = DIRECTION ( 'NONE',  ( 0.0000000000000000000, 0.0000000000000000000, 1.000000000000000000 ) ) ;
#693 = ADVANCED_FACE ( 'NONE', ( #2504 ), #4826, .T. ) ;
#694 = CARTESIAN_POINT ( 'NONE',  ( -0.9252551459287307000, 0.3015528512084663100, 0.0000000000000000000 ) ) ;
#695 = LINE ( 'NONE', #3778, #5476 ) ;
#696 = DIRECTION ( 'NONE',  ( 0.4397423050750786700, -0.8981239920674964900, -0.0000000000000000000 ) ) ;
#697 = EDGE_CURVE ( 'NONE', #1072, #2493, #1419, .T. ) ;
#698 = ORIENTED_EDGE ( 'NONE', *, *, #5430, .F. ) ;
#699 = DIRECTION ( 'NONE',  ( -0.0000000000000000000, -0.0000000000000000000, -1.000000000000000000 ) ) ;
#700 = CIRCLE ( 'NONE', #4457, 0.5749999999999997300 ) ;
#701 = VECTOR ( 'NONE', #2072, 39.37007874015748100 ) ;
#702 = LINE ( 'NONE', #566, #4256 ) ;
#703 = EDGE_LOOP ( 'NONE', ( #3783, #4935, #3829, #2390, #1173 ) ) ;
#704 = DIRECTION ( 'NONE',  ( -0.7231928259747971700, 0.6906461731296182900, 0.0000000000000000000 ) ) ;
#705 = EDGE_CURVE ( 'NONE', #2915, #2577, #4969, .T. ) ;
#706 = CIRCLE ( 'NONE', #848, 0.02199999999999992900 ) ;
#707 = CARTESIAN_POINT ( 'NONE',  ( 0.9252551459287307000, 0.3015528512084663100, -3.000000000000000400 ) ) ;
#708 = EDGE_CURVE ( 'NONE', #2173, #4094, #59, .T. ) ;
#709 = DIRECTION ( 'NONE',  ( 0.0000000000000000000, -1.000000000000000000, 0.0000000000000000000 ) ) ;
#710 = DIRECTION ( 'NONE',  ( 0.0000000000000000000, 0.0000000000000000000, 1.000000000000000000 ) ) ;
#711 = DIRECTION ( 'NONE',  ( 1.000000000000000000, 0.0000000000000000000, 0.0000000000000000000 ) ) ;
#712 = CARTESIAN_POINT ( 'NONE',  ( -0.8711551671333397400, 0.3148802516829080100, -3.000000000000000400 ) ) ;
#713 = EDGE_CURVE ( 'NONE', #3665, #994, #3601, .T. ) ;
#714 = CARTESIAN_POINT ( 'NONE',  ( -0.2179210407162855700, 0.0000000000000000000, -1.560294444297389800 ) ) ;
#715 = ADVANCED_FACE ( 'NONE', ( #1122 ), #5766, .T. ) ;
#716 = DIRECTION ( 'NONE',  ( 1.000000000000000000, 0.0000000000000000000, 0.0000000000000000000 ) ) ;
#717 = VERTEX_POINT ( 'NONE', #487 ) ;
#718 = AXIS2_PLACEMENT_3D ( 'NONE', #3035, #3981, #1181 ) ;
#719 = EDGE_CURVE ( 'NONE', #397, #3901, #5915, .T. ) ;
#720 = DIRECTION ( 'NONE',  ( -1.000000000000000000, 0.0000000000000000000, 0.0000000000000000000 ) ) ;
#721 = CARTESIAN_POINT ( 'NONE',  ( 2.035000000000000100, 0.07567250359733875000, -3.000000000000000400 ) ) ;
#722 = CARTESIAN_POINT ( 'NONE',  ( 0.7853104575018061700, 0.3822573689325231600, 0.0000000000000000000 ) ) ;
#723 = DIRECTION ( 'NONE',  ( 0.7155408596166031900, -0.6985708827450027900, -0.0000000000000000000 ) ) ;
#724 = CARTESIAN_POINT ( 'NONE',  ( 2.035000000000000100, 0.07567250359733875000, -3.000000000000000400 ) ) ;
#725 = AXIS2_PLACEMENT_3D ( 'NONE', #5567, #2804, #32 ) ;
#726 = ORIENTED_EDGE ( 'NONE', *, *, #4649, .T. ) ;
#727 = EDGE_CURVE ( 'NONE', #4016, #536, #2215, .T. ) ;
#728 = CARTESIAN_POINT ( 'NONE',  ( -0.9608227776630183800, 0.2422201668336072000, 0.0000000000000000000 ) ) ;
#729 = ORIENTED_EDGE ( 'NONE', *, *, #2705, .F. ) ;
#730 = ORIENTED_EDGE ( 'NONE', *, *, #5394, .F. ) ;
#731 = LINE ( 'NONE', #5562, #446 ) ;
#732 = CARTESIAN_POINT ( 'NONE',  ( -1.223152527650756700, 0.9780000000000000900, -3.000000000000000400 ) ) ;
#733 = ORIENTED_EDGE ( 'NONE', *, *, #5205, .F. ) ;
#734 = ORIENTED_EDGE ( 'NONE', *, *, #1526, .T. ) ;
#735 = ORIENTED_EDGE ( 'NONE', *, *, #1328, .T. ) ;
#736 = LINE ( 'NONE', #1079, #4291 ) ;
#737 = CARTESIAN_POINT ( 'NONE',  ( -0.7327609266367162100, 0.9350000000000000500, 0.0000000000000000000 ) ) ;
#738 = ORIENTED_EDGE ( 'NONE', *, *, #141, .F. ) ;
#739 = LINE ( 'NONE', #3721, #4163 ) ;
#740 = CARTESIAN_POINT ( 'NONE',  ( -1.610747264760746600, 0.8662992038296187800, -3.000000000000000400 ) ) ;
#741 = VERTEX_POINT ( 'NONE', #5576 ) ;
#742 = VECTOR ( 'NONE', #5435, 39.37007874015748100 ) ;
#743 = DIRECTION ( 'NONE',  ( 0.0000000000000000000, 0.0000000000000000000, 1.000000000000000000 ) ) ;
#744 = ADVANCED_FACE ( 'NONE', ( #982 ), #5625, .F. ) ;
#745 = DIRECTION ( 'NONE',  ( 1.000000000000000000, 0.0000000000000000000, 0.0000000000000000000 ) ) ;
#746 = CARTESIAN_POINT ( 'NONE',  ( 2.034040263840681400, 0.1031557513403639100, -3.000000000000000400 ) ) ;
#747 = ORIENTED_EDGE ( 'NONE', *, *, #713, .T. ) ;
#748 = CARTESIAN_POINT ( 'NONE',  ( 1.528624593600135900, 0.9420804714179321600, -3.000000000000000400 ) ) ;
#749 = ORIENTED_EDGE ( 'NONE', *, *, #2760, .F. ) ;
#750 = DIRECTION ( 'NONE',  ( -1.000000000000000000, 0.0000000000000000000, 0.0000000000000000000 ) ) ;
#751 = CYLINDRICAL_SURFACE ( 'NONE', #1215, 0.02500000000000014400 ) ;
#752 = CIRCLE ( 'NONE', #3846, 0.1099999999999999200 ) ;
#753 = ORIENTED_EDGE ( 'NONE', *, *, #3041, .T. ) ;
#754 = FACE_OUTER_BOUND ( 'NONE', #3977, .T. ) ;
#755 =( BOUNDED_CURVE ( )  B_SPLINE_CURVE ( 3, ( #776, #2638, #344, #3570 ),
 .UNSPECIFIED., .F., .F. ) 
 B_SPLINE_CURVE_WITH_KNOTS ( ( 4, 4 ),
 ( 1.570796326794896600, 3.141592653589793100 ),
 .UNSPECIFIED. ) 
 CURVE ( )  GEOMETRIC_REPRESENTATION_ITEM ( )  RATIONAL_B_SPLINE_CURVE ( ( 1.000000000000000000, 0.8047378541243649400, 0.8047378541243649400, 1.000000000000000000 ) ) 
 REPRESENTATION_ITEM ( '' )  );
#756 = VECTOR ( 'NONE', #1759, 39.37007874015748100 ) ;
#757 = AXIS2_PLACEMENT_3D ( 'NONE', #2161, #5419, #2640 ) ;
#758 = ORIENTED_EDGE ( 'NONE', *, *, #4750, .F. ) ;
#759 = EDGE_CURVE ( 'NONE', #1228, #3782, #2068, .T. ) ;
#760 = DIRECTION ( 'NONE',  ( -1.000000000000000000, 0.0000000000000000000, 0.0000000000000000000 ) ) ;
#761 = FACE_OUTER_BOUND ( 'NONE', #3196, .T. ) ;
#762 = LINE ( 'NONE', #5456, #4319 ) ;
#763 = LINE ( 'NONE', #951, #1852 ) ;
#764 = DIRECTION ( 'NONE',  ( 1.000000000000000000, 0.0000000000000000000, 2.709931384383426300E-015 ) ) ;
#765 = ORIENTED_EDGE ( 'NONE', *, *, #2536, .T. ) ;
#766 = CARTESIAN_POINT ( 'NONE',  ( 0.8622790784738749700, 0.3468658260886454100, -3.000000000000000400 ) ) ;
#767 = CARTESIAN_POINT ( 'NONE',  ( -0.7521454672355573100, 0.3909413573369723300, 0.0000000000000000000 ) ) ;
#768 = AXIS2_PLACEMENT_3D ( 'NONE', #4043, #1244, #4797 ) ;
#769 = CARTESIAN_POINT ( 'NONE',  ( -0.9252551459287307000, 0.3015528512084663100, -3.000000000000000400 ) ) ;
#770 = VECTOR ( 'NONE', #2031, 39.37007874015748100 ) ;
#771 = EDGE_CURVE ( 'NONE', #100, #2993, #3458, .T. ) ;
#772 = CARTESIAN_POINT ( 'NONE',  ( -1.201152527650757300, 0.9780000000000000900, 0.0000000000000000000 ) ) ;
#773 = CYLINDRICAL_SURFACE ( 'NONE', #1904, 0.01499999999999997700 ) ;
#774 = CARTESIAN_POINT ( 'NONE',  ( -1.036152527650757000, 0.9719999999999998600, -3.000000000000000400 ) ) ;
#775 = ORIENTED_EDGE ( 'NONE', *, *, #2705, .T. ) ;
#776 = CARTESIAN_POINT ( 'NONE',  ( 1.877632627858002900, 0.04266035140102826500, -0.1549999999999994200 ) ) ;
#777 = AXIS2_PLACEMENT_3D ( 'NONE', #581, #3837, #1039 ) ;
#778 = DIRECTION ( 'NONE',  ( -0.7231928259747971700, -0.6906461731296182900, 0.0000000000000000000 ) ) ;
#779 = ADVANCED_FACE ( 'NONE', ( #836 ), #1897, .F. ) ;
#780 = ORIENTED_EDGE ( 'NONE', *, *, #804, .F. ) ;
#781 = EDGE_CURVE ( 'NONE', #1460, #949, #1932, .T. ) ;
#782 = CARTESIAN_POINT ( 'NONE',  ( -1.528624593600135900, 0.9420804714179321600, -3.000000000000000400 ) ) ;
#783 = DIRECTION ( 'NONE',  ( -1.000000000000000000, 0.0000000000000000000, 0.0000000000000000000 ) ) ;
#784 = DIRECTION ( 'NONE',  ( 0.0000000000000000000, 0.0000000000000000000, 1.000000000000000000 ) ) ;
#785 = ORIENTED_EDGE ( 'NONE', *, *, #5172, .T. ) ;
#786 = DIRECTION ( 'NONE',  ( 0.0000000000000000000, 1.000000000000000000, 0.0000000000000000000 ) ) ;
#787 = DIRECTION ( 'NONE',  ( 1.000000000000000000, 3.619389336043007400E-015, -0.0000000000000000000 ) ) ;
#788 = AXIS2_PLACEMENT_3D ( 'NONE', #2512, #5749, #2980 ) ;
#789 = EDGE_CURVE ( 'NONE', #4113, #2116, #4396, .T. ) ;
#790 = FILL_AREA_STYLE ('',( #3554 ) ) ;
#791 = VERTEX_POINT ( 'NONE', #984 ) ;
#792 = AXIS2_PLACEMENT_3D ( 'NONE', #27, #1412, #4653 ) ;
#793 = EDGE_CURVE ( 'NONE', #1140, #3994, #5054, .T. ) ;
#794 = CARTESIAN_POINT ( 'NONE',  ( 1.910712599336746900, 0.4597996424263721700, 0.0000000000000000000 ) ) ;
#795 = DIRECTION ( 'NONE',  ( -0.0000000000000000000, -0.0000000000000000000, -1.000000000000000000 ) ) ;
#796 = ORIENTED_EDGE ( 'NONE', *, *, #2786, .T. ) ;
#797 = VERTEX_POINT ( 'NONE', #5173 ) ;
#798 = PLANE ( 'NONE',  #372 ) ;
#799 = ORIENTED_EDGE ( 'NONE', *, *, #2025, .T. ) ;
#800 = FACE_OUTER_BOUND ( 'NONE', #4675, .T. ) ;
#801 = DIRECTION ( 'NONE',  ( 0.0000000000000000000, 0.0000000000000000000, 1.000000000000000000 ) ) ;
#802 = AXIS2_PLACEMENT_3D ( 'NONE', #5093, #2320, #5565 ) ;
#803 = EDGE_LOOP ( 'NONE', ( #2010, #1087, #4820, #5714 ) ) ;
#804 = EDGE_CURVE ( 'NONE', #1669, #2223, #5483, .T. ) ;
#805 = CARTESIAN_POINT ( 'NONE',  ( 0.7704999999999998500, 0.9719999999999998600, -3.000000000000000400 ) ) ;
#806 = ORIENTED_EDGE ( 'NONE', *, *, #2148, .T. ) ;
#807 = ADVANCED_FACE ( 'NONE', ( #1781 ), #2878, .T. ) ;
#808 = CARTESIAN_POINT ( 'NONE',  ( -2.035959736159318900, 0.04818925585431360600, -2.844999999999999800 ) ) ;
#809 = ORIENTED_EDGE ( 'NONE', *, *, #5131, .T. ) ;
#810 = CARTESIAN_POINT ( 'NONE',  ( -1.342000000000000100, 0.3750000000000000600, 0.0000000000000000000 ) ) ;
#811 = LINE ( 'NONE', #1432, #3140 ) ;
#812 = ORIENTED_EDGE ( 'NONE', *, *, #5702, .T. ) ;
#813 = EDGE_CURVE ( 'NONE', #1321, #4699, #702, .T. ) ;
#814 = ORIENTED_EDGE ( 'NONE', *, *, #3100, .F. ) ;
#815 = CIRCLE ( 'NONE', #2894, 0.01499999999999997700 ) ;
#816 = LINE ( 'NONE', #2544, #5461 ) ;
#817 = CARTESIAN_POINT ( 'NONE',  ( 1.876515789744190400, 0.5850194903075147700, -3.000000000000000400 ) ) ;
#818 = VERTEX_POINT ( 'NONE', #4724 ) ;
#819 = DIRECTION ( 'NONE',  ( 0.0000000000000000000, 1.000000000000000000, 0.0000000000000000000 ) ) ;
#820 = FACE_OUTER_BOUND ( 'NONE', #3798, .T. ) ;
#821 = CARTESIAN_POINT ( 'NONE',  ( 1.891040841103374600, 0.6247071131021896300, -3.000000000000000400 ) ) ;
#822 = LINE ( 'NONE', #1684, #5607 ) ;
#823 = ORIENTED_EDGE ( 'NONE', *, *, #2630, .F. ) ;
#824 = CARTESIAN_POINT ( 'NONE',  ( 2.035959736159318900, 0.04818925585431359200, -0.3450000000000013600 ) ) ;
#825 = EDGE_CURVE ( 'NONE', #3475, #1465, #415, .T. ) ;
#826 = VERTEX_POINT ( 'NONE', #3813 ) ;
#827 = VECTOR ( 'NONE', #930, 39.37007874015748100 ) ;
#828 = CARTESIAN_POINT ( 'NONE',  ( 1.342000000000000100, 0.3750000000000000600, -3.000000000000000400 ) ) ;
#829 = LINE ( 'NONE', #4223, #1923 ) ;
#830 = LENGTH_MEASURE_WITH_UNIT ( LENGTH_MEASURE( 0.02539999999999999900 ), #2966 );
#831 = DIRECTION ( 'NONE',  ( 0.0000000000000000000, 0.0000000000000000000, 1.000000000000000000 ) ) ;
#832 = DIRECTION ( 'NONE',  ( 0.6946583704590144600, -0.7193398003386346500, 0.0000000000000000000 ) ) ;
#833 = EDGE_LOOP ( 'NONE', ( #2266, #4070, #4092, #893, #2762, #327, #780, #5946, #4896, #853, #3428, #5917 ) ) ;
#834 = CYLINDRICAL_SURFACE ( 'NONE', #2901, 0.3749999999999999400 ) ;
#835 = LINE ( 'NONE', #3948, #5481 ) ;
#836 = FACE_OUTER_BOUND ( 'NONE', #1084, .T. ) ;
#837 = EDGE_CURVE ( 'NONE', #5341, #1643, #1639, .T. ) ;
#838 = ORIENTED_EDGE ( 'NONE', *, *, #570, .T. ) ;
#839 = ADVANCED_FACE ( 'NONE', ( #3974 ), #1496, .T. ) ;
#840 = FACE_OUTER_BOUND ( 'NONE', #3011, .T. ) ;
#841 = AXIS2_PLACEMENT_3D ( 'NONE', #280, #5825, #3053 ) ;
#842 = DIRECTION ( 'NONE',  ( 0.0000000000000000000, 1.000000000000000000, 0.0000000000000000000 ) ) ;
#843 = EDGE_CURVE ( 'NONE', #1604, #4475, #1492, .T. ) ;
#844 = CARTESIAN_POINT ( 'NONE',  ( 1.899636925930138200, 0.6044560063262358600, -3.000000000000000400 ) ) ;
#845 = DIRECTION ( 'NONE',  ( 0.0000000000000000000, 0.0000000000000000000, 1.000000000000000000 ) ) ;
#846 = CARTESIAN_POINT ( 'NONE',  ( 0.6674999999999998700, 0.9780000000000000900, -3.000000000000000400 ) ) ;
#847 = CARTESIAN_POINT ( 'NONE',  ( 0.8847321782755623900, 0.3358722684617683800, 0.0000000000000000000 ) ) ;
#848 = AXIS2_PLACEMENT_3D ( 'NONE', #3425, #651, #3904 ) ;
#849 = DIRECTION ( 'NONE',  ( -3.159601113845482400E-015, 1.103357021824704500E-016, -1.000000000000000000 ) ) ;
#850 = ORIENTED_EDGE ( 'NONE', *, *, #1853, .F. ) ;
#851 = ORIENTED_EDGE ( 'NONE', *, *, #2943, .F. ) ;
#852 = DIRECTION ( 'NONE',  ( -1.000000000000000000, 0.0000000000000000000, 0.0000000000000000000 ) ) ;
#853 = ORIENTED_EDGE ( 'NONE', *, *, #1294, .T. ) ;
#854 = CARTESIAN_POINT ( 'NONE',  ( -1.000825861812083300, 0.2119562817785765600, -3.000000000000000400 ) ) ;
#855 = DIRECTION ( 'NONE',  ( -1.000000000000000000, 0.0000000000000000000, 0.0000000000000000000 ) ) ;
#856 = DIRECTION ( 'NONE',  ( -0.0000000000000000000, -0.0000000000000000000, -1.000000000000000000 ) ) ;
#857 = CARTESIAN_POINT ( 'NONE',  ( -0.9079889916004902900, 0.3196326718578362300, 0.0000000000000000000 ) ) ;
#858 = ADVANCED_FACE ( 'NONE', ( #273 ), #2582, .F. ) ;
#859 = DIRECTION ( 'NONE',  ( -1.000000000000000000, 0.0000000000000000000, 0.0000000000000000000 ) ) ;
#860 = AXIS2_PLACEMENT_3D ( 'NONE', #714, #4892, #3492 ) ;
#861 = EDGE_CURVE ( 'NONE', #2942, #3800, #2730, .T. ) ;
#862 = DIRECTION ( 'NONE',  ( 0.0000000000000000000, 0.0000000000000000000, 1.000000000000000000 ) ) ;
#863 = ORIENTED_EDGE ( 'NONE', *, *, #153, .T. ) ;
#864 = VERTEX_POINT ( 'NONE', #1527 ) ;
#865 = DIRECTION ( 'NONE',  ( 0.0000000000000000000, 0.0000000000000000000, 1.000000000000000000 ) ) ;
#866 = VERTEX_POINT ( 'NONE', #5209 ) ;
#867 = CYLINDRICAL_SURFACE ( 'NONE', #1618, 0.02199999999999992900 ) ;
#868 = ORIENTED_EDGE ( 'NONE', *, *, #4548, .T. ) ;
#869 = AXIS2_PLACEMENT_3D ( 'NONE', #337, #3566, #784 ) ;
#870 = VERTEX_POINT ( 'NONE', #143 ) ;
#871 = CARTESIAN_POINT ( 'NONE',  ( -1.201152527650757300, 0.9999999999999996700, 0.0000000000000000000 ) ) ;
#872 = VERTEX_POINT ( 'NONE', #3379 ) ;
#873 = FACE_OUTER_BOUND ( 'NONE', #3343, .T. ) ;
#874 = ORIENTED_EDGE ( 'NONE', *, *, #2424, .F. ) ;
#875 = CARTESIAN_POINT ( 'NONE',  ( -1.058152527650757100, 0.9500000000000000700, -3.000000000000000400 ) ) ;
#876 = CARTESIAN_POINT ( 'NONE',  ( 1.959926377769666700, 0.4687656208663902300, -3.000000000000000400 ) ) ;
#877 = LINE ( 'NONE', #4006, #3500 ) ;
#878 = EDGE_LOOP ( 'NONE', ( #1720, #3629, #1335, #4416 ) ) ;
#879 = CARTESIAN_POINT ( 'NONE',  ( 2.035959736159318900, 0.04818925585431359200, -2.844999999999999800 ) ) ;
#880 = AXIS2_PLACEMENT_3D ( 'NONE', #140, #3370, #593 ) ;
#881 = VECTOR ( 'NONE', #2089, 39.37007874015748900 ) ;
#882 = CYLINDRICAL_SURFACE ( 'NONE', #1775, 0.02749999999999991000 ) ;
#883 = EDGE_CURVE ( 'NONE', #2324, #5472, #4118, .T. ) ;
#884 = CARTESIAN_POINT ( 'NONE',  ( 1.153472810143658400, 0.9415961345761261200, -3.000000000000000400 ) ) ;
#885 = ORIENTED_EDGE ( 'NONE', *, *, #5371, .F. ) ;
#886 = DIRECTION ( 'NONE',  ( 0.0000000000000000000, 0.0000000000000000000, 1.000000000000000000 ) ) ;
#887 = CARTESIAN_POINT ( 'NONE',  ( 0.6674999999999998700, 0.0000000000000000000, 0.0000000000000000000 ) ) ;
#888 = ORIENTED_EDGE ( 'NONE', *, *, #2822, .T. ) ;
#889 = LINE ( 'NONE', #2419, #5672 ) ;
#890 = VECTOR ( 'NONE', #5121, 39.37007874015748100 ) ;
#891 = ORIENTED_EDGE ( 'NONE', *, *, #5052, .F. ) ;
#892 = EDGE_CURVE ( 'NONE', #2473, #1495, #3826, .T. ) ;
#893 = ORIENTED_EDGE ( 'NONE', *, *, #3009, .F. ) ;
#894 = CIRCLE ( 'NONE', #788, 0.01499999999999997700 ) ;
#895 = CIRCLE ( 'NONE', #4236, 0.5750000000000000700 ) ;
#896 = CARTESIAN_POINT ( 'NONE',  ( 1.223152527650756700, 0.9719999999999998600, -3.000000000000000400 ) ) ;
#897 = CARTESIAN_POINT ( 'NONE',  ( 1.782458660289618900, 0.03933680321795757200, -2.750000000000000000 ) ) ;
#898 = ORIENTED_EDGE ( 'NONE', *, *, #5042, .F. ) ;
#899 = EDGE_LOOP ( 'NONE', ( #5583, #738, #3314, #5443 ) ) ;
#900 = CYLINDRICAL_SURFACE ( 'NONE', #1337, 0.02199999999999992900 ) ;
#901 = CIRCLE ( 'NONE', #5841, 0.02199999999999992900 ) ;
#902 = LINE ( 'NONE', #2521, #3235 ) ;
#903 = AXIS2_PLACEMENT_3D ( 'NONE', #2443, #5680, #2914 ) ;
#904 = CARTESIAN_POINT ( 'NONE',  ( 1.528624593600135900, 0.9420804714179321600, 0.0000000000000000000 ) ) ;
#905 = ORIENTED_EDGE ( 'NONE', *, *, #5346, .T. ) ;
#906 = EDGE_CURVE ( 'NONE', #5373, #2987, #3674, .T. ) ;
#907 = ORIENTED_EDGE ( 'NONE', *, *, #5557, .T. ) ;
#908 = ORIENTED_EDGE ( 'NONE', *, *, #5242, .T. ) ;
#909 = DIRECTION ( 'NONE',  ( -0.0000000000000000000, -0.0000000000000000000, -1.000000000000000000 ) ) ;
#910 = CYLINDRICAL_SURFACE ( 'NONE', #4950, 0.02500000000000000500 ) ;
#911 = DIRECTION ( 'NONE',  ( 3.993012400140800000E-015, -1.000000000000000000, 0.0000000000000000000 ) ) ;
#912 = VECTOR ( 'NONE', #2235, 39.37007874015748100 ) ;
#913 = DIRECTION ( 'NONE',  ( 0.0000000000000000000, 0.0000000000000000000, 1.000000000000000000 ) ) ;
#914 = ORIENTED_EDGE ( 'NONE', *, *, #4807, .T. ) ;
#915 = ORIENTED_EDGE ( 'NONE', *, *, #4217, .F. ) ;
#916 = EDGE_CURVE ( 'NONE', #2399, #3752, #2429, .T. ) ;
#917 = ORIENTED_EDGE ( 'NONE', *, *, #771, .T. ) ;
#918 = CARTESIAN_POINT ( 'NONE',  ( -0.9683585055943934000, 0.2601086883240222900, -3.000000000000000400 ) ) ;
#919 = CARTESIAN_POINT ( 'NONE',  ( 1.938175369272173900, 0.4654650710118934900, -3.000000000000000400 ) ) ;
#920 = EDGE_CURVE ( 'NONE', #3602, #2292, #5985, .T. ) ;
#921 = CARTESIAN_POINT ( 'NONE',  ( 1.891040841103374600, 0.6247071131021896300, -3.000000000000000400 ) ) ;
#922 = DIRECTION ( 'NONE',  ( 0.0000000000000000000, 0.0000000000000000000, 1.000000000000000000 ) ) ;
#923 = DIRECTION ( 'NONE',  ( -0.0000000000000000000, -0.0000000000000000000, -1.000000000000000000 ) ) ;
#924 = CARTESIAN_POINT ( 'NONE',  ( 1.058152527650757100, 0.9500000000000000700, 0.0000000000000000000 ) ) ;
#925 = ORIENTED_EDGE ( 'NONE', *, *, #1801, .F. ) ;
#926 = AXIS2_PLACEMENT_3D ( 'NONE', #2242, #5020, #1789 ) ;
#927 = CARTESIAN_POINT ( 'NONE',  ( -1.874656792175581700, 0.04255643292911714900, -2.750000000000000000 ) ) ;
#928 = EDGE_LOOP ( 'NONE', ( #5992, #5298, #908, #304 ) ) ;
#929 = CARTESIAN_POINT ( 'NONE',  ( 2.062500000000000000, 0.07567250359733875000, -3.000000000000000400 ) ) ;
#930 = DIRECTION ( 'NONE',  ( 0.0000000000000000000, 0.0000000000000000000, 1.000000000000000000 ) ) ;
#931 = EDGE_CURVE ( 'NONE', #634, #1791, #1339, .T. ) ;
#932 = EDGE_CURVE ( 'NONE', #5472, #5478, #4748, .T. ) ;
#933 = ORIENTED_EDGE ( 'NONE', *, *, #883, .T. ) ;
#934 = DIRECTION ( 'NONE',  ( 0.0000000000000000000, 0.0000000000000000000, 1.000000000000000000 ) ) ;
#935 = CARTESIAN_POINT ( 'NONE',  ( 0.6544999999999998600, 0.1870000000000000000, -3.000000000000000400 ) ) ;
#936 = VERTEX_POINT ( 'NONE', #643 ) ;
#937 = PLANE ( 'NONE',  #792 ) ;
#938 = DIRECTION ( 'NONE',  ( 0.0000000000000000000, 0.0000000000000000000, 1.000000000000000000 ) ) ;
#939 = DIRECTION ( 'NONE',  ( 1.000000000000000000, 0.0000000000000000000, 0.0000000000000000000 ) ) ;
#940 = ORIENTED_EDGE ( 'NONE', *, *, #1454, .T. ) ;
#941 = CARTESIAN_POINT ( 'NONE',  ( -2.034040263840688900, 0.1031557513403641900, -0.1549999999999998600 ) ) ;
#942 = CARTESIAN_POINT ( 'NONE',  ( 1.342000000000000100, 0.3750000000000000600, -3.000000000000000400 ) ) ;
#943 = ORIENTED_EDGE ( 'NONE', *, *, #2084, .F. ) ;
#944 = AXIS2_PLACEMENT_3D ( 'NONE', #3409, #1089, #2022 ) ;
#945 = ORIENTED_EDGE ( 'NONE', *, *, #2159, .F. ) ;
#946 = EDGE_CURVE ( 'NONE', #5661, #3718, #2283, .T. ) ;
#947 = CARTESIAN_POINT ( 'NONE',  ( 1.547037729360301700, 0.9017690778885758500, 0.0000000000000000000 ) ) ;
#948 = FACE_OUTER_BOUND ( 'NONE', #5556, .T. ) ;
#949 = VERTEX_POINT ( 'NONE', #2971 ) ;
#950 = ORIENTED_EDGE ( 'NONE', *, *, #2585, .T. ) ;
#951 = CARTESIAN_POINT ( 'NONE',  ( 0.7924999999999997600, 0.9780000000000000900, -3.000000000000000400 ) ) ;
#952 = VERTEX_POINT ( 'NONE', #2026 ) ;
#953 = CARTESIAN_POINT ( 'NONE',  ( -1.058152527650757100, 0.9780000000000000900, -3.000000000000000400 ) ) ;
#954 = FACE_BOUND ( 'NONE', #1685, .T. ) ;
#955 = AXIS2_PLACEMENT_3D ( 'NONE', #5055, #2287, #5529 ) ;
#956 = ORIENTED_EDGE ( 'NONE', *, *, #1503, .T. ) ;
#957 = ORIENTED_EDGE ( 'NONE', *, *, #1842, .F. ) ;
#958 = LINE ( 'NONE', #2883, #3284 ) ;
#959 = DIRECTION ( 'NONE',  ( 0.0000000000000000000, 0.0000000000000000000, 1.000000000000000000 ) ) ;
#960 = VECTOR ( 'NONE', #5746, 39.37007874015748900 ) ;
#961 = DIRECTION ( 'NONE',  ( 1.000000000000000000, 0.0000000000000000000, 0.0000000000000000000 ) ) ;
#962 = DIRECTION ( 'NONE',  ( 0.0000000000000000000, 0.0000000000000000000, 1.000000000000000000 ) ) ;
#963 = EDGE_LOOP ( 'NONE', ( #5657, #4600, #1000, #3147 ) ) ;
#964 = AXIS2_PLACEMENT_3D ( 'NONE', #1877, #5114, #2339 ) ;
#965 = CARTESIAN_POINT ( 'NONE',  ( 0.6560000000000000300, 0.0000000000000000000, -3.000000000000000400 ) ) ;
#966 = CARTESIAN_POINT ( 'NONE',  ( -0.7177609266367162000, 0.9350000000000000500, 0.0000000000000000000 ) ) ;
#967 = FACE_OUTER_BOUND ( 'NONE', #324, .T. ) ;
#968 = CYLINDRICAL_SURFACE ( 'NONE', #5699, 0.09499999999999966800 ) ;
#969 = DIRECTION ( 'NONE',  ( 1.000000000000000000, 7.143115749499792000E-015, -0.0000000000000000000 ) ) ;
#970 = DIRECTION ( 'NONE',  ( 0.03489949670250190600, 0.9993908270190957600, -0.0000000000000000000 ) ) ;
#971 = ORIENTED_EDGE ( 'NONE', *, *, #195, .T. ) ;
#972 = DIRECTION ( 'NONE',  ( 0.03489949670250190600, 0.9993908270190957600, -0.0000000000000000000 ) ) ;
#973 = ORIENTED_EDGE ( 'NONE', *, *, #3124, .T. ) ;
#974 = VECTOR ( 'NONE', #500, 39.37007874015748100 ) ;
#975 = LINE ( 'NONE', #3762, #3299 ) ;
#976 = DIRECTION ( 'NONE',  ( -0.0000000000000000000, -0.0000000000000000000, -1.000000000000000000 ) ) ;
#977 = ORIENTED_EDGE ( 'NONE', *, *, #5484, .T. ) ;
#978 = DIRECTION ( 'NONE',  ( 0.0000000000000000000, 0.0000000000000000000, 1.000000000000000000 ) ) ;
#979 = CYLINDRICAL_SURFACE ( 'NONE', #1220, 0.3750000000000000600 ) ;
#980 = DIRECTION ( 'NONE',  ( 0.0000000000000000000, 0.0000000000000000000, 1.000000000000000000 ) ) ;
#981 = LINE ( 'NONE', #178, #5765 ) ;
#982 = FACE_OUTER_BOUND ( 'NONE', #1718, .T. ) ;
#983 = ORIENTED_EDGE ( 'NONE', *, *, #2738, .T. ) ;
#984 = CARTESIAN_POINT ( 'NONE',  ( -1.959926377769666500, 0.4687656208663905100, 0.0000000000000000000 ) ) ;
#985 = DIRECTION ( 'NONE',  ( 0.0000000000000000000, 0.0000000000000000000, 1.000000000000000000 ) ) ;
#986 = AXIS2_PLACEMENT_3D ( 'NONE', #2865, #91, #3322 ) ;
#987 = VECTOR ( 'NONE', #353, 39.37007874015748100 ) ;
#988 = DIRECTION ( 'NONE',  ( -0.0000000000000000000, 1.000000000000000000, -0.0000000000000000000 ) ) ;
#989 = EDGE_CURVE ( 'NONE', #1248, #1053, #4599, .T. ) ;
#990 = CARTESIAN_POINT ( 'NONE',  ( 0.6560000000000000300, 0.0000000000000000000, 0.0000000000000000000 ) ) ;
#991 = ADVANCED_FACE ( 'NONE', ( #1051 ), #4463, .F. ) ;
#992 = DIRECTION ( 'NONE',  ( 0.0000000000000000000, 0.0000000000000000000, 1.000000000000000000 ) ) ;
#993 = DIRECTION ( 'NONE',  ( 0.0000000000000000000, 0.0000000000000000000, 1.000000000000000000 ) ) ;
#994 = VERTEX_POINT ( 'NONE', #5763 ) ;
#995 = ORIENTED_EDGE ( 'NONE', *, *, #1434, .T. ) ;
#996 = AXIS2_PLACEMENT_3D ( 'NONE', #5867, #4934, #3107 ) ;
#997 = EDGE_CURVE ( 'NONE', #3151, #3830, #902, .T. ) ;
#998 = DIRECTION ( 'NONE',  ( -0.0000000000000000000, -0.0000000000000000000, -1.000000000000000000 ) ) ;
#999 = AXIS2_PLACEMENT_3D ( 'NONE', #1109, #678, #3921 ) ;
#1000 = ORIENTED_EDGE ( 'NONE', *, *, #1868, .T. ) ;
#1001 = EDGE_CURVE ( 'NONE', #5084, #3356, #5689, .T. ) ;
#1002 = CARTESIAN_POINT ( 'NONE',  ( 0.7521454672355573100, 0.3909413573369723300, 0.0000000000000000000 ) ) ;
#1003 = ORIENTED_EDGE ( 'NONE', *, *, #4077, .F. ) ;
#1004 = EDGE_CURVE ( 'NONE', #3247, #2856, #2132, .T. ) ;
#1005 = DIRECTION ( 'NONE',  ( 0.0000000000000000000, 0.0000000000000000000, 1.000000000000000000 ) ) ;
#1006 = DIRECTION ( 'NONE',  ( -1.000000000000000000, 0.0000000000000000000, 0.0000000000000000000 ) ) ;
#1007 = DIRECTION ( 'NONE',  ( -1.000000000000000000, 0.0000000000000000000, 0.0000000000000000000 ) ) ;
#1008 = EDGE_LOOP ( 'NONE', ( #5510, #3072, #622, #4085 ) ) ;
#1009 = ADVANCED_FACE ( 'NONE', ( #5836 ), #3089, .F. ) ;
#1010 = ORIENTED_EDGE ( 'NONE', *, *, #2749, .F. ) ;
#1011 = ORIENTED_EDGE ( 'NONE', *, *, #3057, .T. ) ;
#1012 = AXIS2_PLACEMENT_3D ( 'NONE', #1980, #5210, #2442 ) ;
#1013 = FACE_OUTER_BOUND ( 'NONE', #928, .T. ) ;
#1014 = EDGE_CURVE ( 'NONE', #2097, #3659, #5549, .T. ) ;
#1015 = ORIENTED_EDGE ( 'NONE', *, *, #4769, .F. ) ;
#1016 = DIRECTION ( 'NONE',  ( 1.000000000000000000, 3.993012400140799200E-015, -0.0000000000000000000 ) ) ;
#1017 = CARTESIAN_POINT ( 'NONE',  ( 1.025909773355662100, 0.1103060939528858500, -3.000000000000000400 ) ) ;
#1018 = ORIENTED_EDGE ( 'NONE', *, *, #4383, .T. ) ;
#1019 = ORIENTED_EDGE ( 'NONE', *, *, #1885, .T. ) ;
#1020 = CARTESIAN_POINT ( 'NONE',  ( -1.959926377769666500, 0.4687656208663905100, -3.000000000000000400 ) ) ;
#1021 = LINE ( 'NONE', #2008, #4717 ) ;
#1022 = CARTESIAN_POINT ( 'NONE',  ( 0.6894999999999998900, 1.000000000000000000, -3.000000000000000400 ) ) ;
#1023 = ORIENTED_EDGE ( 'NONE', *, *, #381, .F. ) ;
#1024 = CARTESIAN_POINT ( 'NONE',  ( 0.7177631569268034800, 0.9347413424495103500, 0.0000000000000000000 ) ) ;
#1025 = AXIS2_PLACEMENT_3D ( 'NONE', #740, #3995, #1207 ) ;
#1026 = LINE ( 'NONE', #3188, #5810 ) ;
#1027 = EDGE_CURVE ( 'NONE', #2879, #1420, #763, .T. ) ;
#1028 = CARTESIAN_POINT ( 'NONE',  ( 2.034040263840681400, 0.1031557513403639100, -3.000000000000000400 ) ) ;
#1029 = ORIENTED_EDGE ( 'NONE', *, *, #5677, .T. ) ;
#1030 = CYLINDRICAL_SURFACE ( 'NONE', #5171, 0.01499999999999997700 ) ;
#1031 = CIRCLE ( 'NONE', #2083, 0.01499999999999997700 ) ;
#1032 = VERTEX_POINT ( 'NONE', #2825 ) ;
#1033 = ORIENTED_EDGE ( 'NONE', *, *, #5612, .F. ) ;
#1034 = AXIS2_PLACEMENT_3D ( 'NONE', #767, #4019, #1224 ) ;
#1035 = VECTOR ( 'NONE', #5200, 39.37007874015748100 ) ;
#1036 = CYLINDRICAL_SURFACE ( 'NONE', #2278, 0.02500000000000000500 ) ;
#1037 = EDGE_CURVE ( 'NONE', #3718, #3132, #2000, .T. ) ;
#1038 = ORIENTED_EDGE ( 'NONE', *, *, #1360, .T. ) ;
#1039 = DIRECTION ( 'NONE',  ( 1.000000000000000000, 0.0000000000000000000, 0.0000000000000000000 ) ) ;
#1040 = CARTESIAN_POINT ( 'NONE',  ( -1.610747264760746600, 0.8662992038296187800, 0.0000000000000000000 ) ) ;
#1041 = FACE_OUTER_BOUND ( 'NONE', #3422, .T. ) ;
#1042 = CYLINDRICAL_SURFACE ( 'NONE', #1734, 0.02199999999999992900 ) ;
#1043 = DIRECTION ( 'NONE',  ( 0.0000000000000000000, 1.000000000000000000, 0.0000000000000000000 ) ) ;
#1044 = ORIENTED_EDGE ( 'NONE', *, *, #2152, .F. ) ;
#1045 = AXIS2_PLACEMENT_3D ( 'NONE', #2734, #2230, #2248 ) ;
#1046 = FACE_OUTER_BOUND ( 'NONE', #3626, .T. ) ;
#1047 = CARTESIAN_POINT ( 'NONE',  ( 0.6560000000000099100, 3.437972929846050700E-016, -0.3449999999999948100 ) ) ;
#1048 = ADVANCED_FACE ( 'NONE', ( #4320 ), #5590, .T. ) ;
#1049 = CARTESIAN_POINT ( 'NONE',  ( -1.874656792175581900, 0.04255643292911699700, -2.654999999999998900 ) ) ;
#1050 = LINE ( 'NONE', #4943, #5835 ) ;
#1051 = FACE_OUTER_BOUND ( 'NONE', #4341, .T. ) ;
#1052 = DIRECTION ( 'NONE',  ( 0.0000000000000000000, 0.0000000000000000000, 1.000000000000000000 ) ) ;
#1053 = VERTEX_POINT ( 'NONE', #2355 ) ;
#1054 = VERTEX_POINT ( 'NONE', #5138 ) ;
#1055 = CYLINDRICAL_SURFACE ( 'NONE', #2462, 0.1099999999999999200 ) ;
#1056 = CARTESIAN_POINT ( 'NONE',  ( 1.153472810143658400, 0.9415961345761261200, -3.000000000000000400 ) ) ;
#1057 = VECTOR ( 'NONE', #5851, 39.37007874015748100 ) ;
#1058 = VERTEX_POINT ( 'NONE', #2377 ) ;
#1059 = EDGE_CURVE ( 'NONE', #2967, #4135, #479, .T. ) ;
#1060 = CARTESIAN_POINT ( 'NONE',  ( -1.518213852069460800, 0.9626105341867085000, -3.000000000000000400 ) ) ;
#1061 = VERTEX_POINT ( 'NONE', #1914 ) ;
#1062 = CARTESIAN_POINT ( 'NONE',  ( 0.9683585055943934000, 0.2601086883240222900, -3.000000000000000400 ) ) ;
#1063 = CARTESIAN_POINT ( 'NONE',  ( 1.941068122746830300, 0.4427930437084709500, -3.000000000000000400 ) ) ;
#1064 = EDGE_CURVE ( 'NONE', #3764, #3151, #4189, .T. ) ;
#1065 = DIRECTION ( 'NONE',  ( -0.0000000000000000000, -0.0000000000000000000, -1.000000000000000000 ) ) ;
#1066 = ORIENTED_EDGE ( 'NONE', *, *, #5059, .T. ) ;
#1067 = DIRECTION ( 'NONE',  ( 0.0000000000000000000, 0.0000000000000000000, 1.000000000000000000 ) ) ;
#1068 = VERTEX_POINT ( 'NONE', #5617 ) ;
#1069 = AXIS2_PLACEMENT_3D ( 'NONE', #2551, #5790, #3026 ) ;
#1070 = EDGE_CURVE ( 'NONE', #872, #2396, #5406, .T. ) ;
#1071 = DIRECTION ( 'NONE',  ( 3.159601113845482400E-015, -1.103357021824704500E-016, 1.000000000000000000 ) ) ;
#1072 = VERTEX_POINT ( 'NONE', #1937 ) ;
#1073 = CARTESIAN_POINT ( 'NONE',  ( -0.6674999999999998700, 0.0000000000000000000, -3.000000000000000400 ) ) ;
#1074 = ADVANCED_FACE ( 'NONE', ( #1706 ), #1459, .T. ) ;
#1075 = AXIS2_PLACEMENT_3D ( 'NONE', #5252, #2479, #5716 ) ;
#1076 = DIRECTION ( 'NONE',  ( -0.01724383669930122000, 0.9998513139941798100, 0.0000000000000000000 ) ) ;
#1077 = DIRECTION ( 'NONE',  ( -0.9225012200031439400, 0.3859941697651808100, 0.0000000000000000000 ) ) ;
#1078 = ORIENTED_EDGE ( 'NONE', *, *, #589, .T. ) ;
#1079 = CARTESIAN_POINT ( 'NONE',  ( 2.034040263840681400, 0.1031557513403639100, -3.000000000000000400 ) ) ;
#1080 = DIRECTION ( 'NONE',  ( 1.000000000000000000, 0.0000000000000000000, 0.0000000000000000000 ) ) ;
#1081 = ORIENTED_EDGE ( 'NONE', *, *, #338, .F. ) ;
#1082 = DIRECTION ( 'NONE',  ( 0.0000000000000000000, 0.0000000000000000000, 1.000000000000000000 ) ) ;
#1083 = DIRECTION ( 'NONE',  ( 1.000000000000000000, 0.0000000000000000000, 0.0000000000000000000 ) ) ;
#1084 = EDGE_LOOP ( 'NONE', ( #3137, #689, #5993, #1530, #481 ) ) ;
#1085 = DIRECTION ( 'NONE',  ( 1.000000000000000000, 0.0000000000000000000, 0.0000000000000000000 ) ) ;
#1086 = ORIENTED_EDGE ( 'NONE', *, *, #4321, .F. ) ;
#1087 = ORIENTED_EDGE ( 'NONE', *, *, #146, .F. ) ;
#1088 = CIRCLE ( 'NONE', #768, 0.02200000000000047400 ) ;
#1089 = DIRECTION ( 'NONE',  ( 0.0000000000000000000, 0.0000000000000000000, 1.000000000000000000 ) ) ;
#1090 = ORIENTED_EDGE ( 'NONE', *, *, #4228, .T. ) ;
#1091 = ORIENTED_EDGE ( 'NONE', *, *, #5491, .F. ) ;
#1092 = ORIENTED_EDGE ( 'NONE', *, *, #5720, .F. ) ;
#1093 = EDGE_CURVE ( 'NONE', #741, #2399, #2950, .T. ) ;
#1094 = CARTESIAN_POINT ( 'NONE',  ( -0.9911760075679538800, 0.2350188122786551500, -3.000000000000000400 ) ) ;
#1095 = VECTOR ( 'NONE', #4207, 39.37007874015747400 ) ;
#1096 = ORIENTED_EDGE ( 'NONE', *, *, #546, .T. ) ;
#1097 = CARTESIAN_POINT ( 'NONE',  ( 2.035000000000000100, 0.07567250359733875000, -2.654999999999999800 ) ) ;
#1098 = CARTESIAN_POINT ( 'NONE',  ( -1.033134772369058700, 0.1607401157748910000, 0.0000000000000000000 ) ) ;
#1099 = ORIENTED_EDGE ( 'NONE', *, *, #3405, .F. ) ;
#1100 = LINE ( 'NONE', #105, #4661 ) ;
#1101 = LINE ( 'NONE', #5277, #3436 ) ;
#1102 = ADVANCED_FACE ( 'NONE', ( #2798 ), #5103, .T. ) ;
#1103 = CARTESIAN_POINT ( 'NONE',  ( 1.036152527650757000, 0.9780000000000000900, -3.000000000000000400 ) ) ;
#1104 = AXIS2_PLACEMENT_3D ( 'NONE', #5130, #2370, #5605 ) ;
#1105 = ORIENTED_EDGE ( 'NONE', *, *, #306, .T. ) ;
#1106 = DIRECTION ( 'NONE',  ( -1.000000000000000000, 0.0000000000000000000, 0.0000000000000000000 ) ) ;
#1107 = VECTOR ( 'NONE', #1719, 39.37007874015748100 ) ;
#1108 = CIRCLE ( 'NONE', #314, 0.02500000000000000500 ) ;
#1109 = CARTESIAN_POINT ( 'NONE',  ( 1.342000000000000100, 0.3750000000000000600, -3.000000000000000400 ) ) ;
#1110 = ORIENTED_EDGE ( 'NONE', *, *, #5884, .F. ) ;
#1111 = AXIS2_PLACEMENT_3D ( 'NONE', #4028, #1231, #4478 ) ;
#1112 = DIRECTION ( 'NONE',  ( 0.0000000000000000000, 0.0000000000000000000, 1.000000000000000000 ) ) ;
#1113 = ORIENTED_EDGE ( 'NONE', *, *, #4658, .F. ) ;
#1114 = LINE ( 'NONE', #5519, #3446 ) ;
#1115 = VECTOR ( 'NONE', #2326, 39.37007874015748100 ) ;
#1116 = CIRCLE ( 'NONE', #4842, 0.02199999999999992900 ) ;
#1117 = ORIENTED_EDGE ( 'NONE', *, *, #2077, .T. ) ;
#1118 = DIRECTION ( 'NONE',  ( 1.000000000000000000, 0.0000000000000000000, 0.0000000000000000000 ) ) ;
#1119 = CARTESIAN_POINT ( 'NONE',  ( -0.6560000000000004700, 1.564597101646849000E-017, -2.844999999999996200 ) ) ;
#1120 = FACE_OUTER_BOUND ( 'NONE', #3503, .T. ) ;
#1121 = VECTOR ( 'NONE', #2014, 39.37007874015747400 ) ;
#1122 = FACE_OUTER_BOUND ( 'NONE', #5048, .T. ) ;
#1123 = CARTESIAN_POINT ( 'NONE',  ( 1.899707496032132100, 0.5149548100980071400, -3.000000000000000400 ) ) ;
#1124 = EDGE_CURVE ( 'NONE', #1053, #1321, #1564, .T. ) ;
#1125 = CARTESIAN_POINT ( 'NONE',  ( 2.034040263840681400, 0.1031557513403639100, -2.654999999999999800 ) ) ;
#1126 = VERTEX_POINT ( 'NONE', #3832 ) ;
#1127 = DIRECTION ( 'NONE',  ( -1.000000000000000000, 9.313118160219109400E-016, 2.483498176058429400E-015 ) ) ;
#1128 = CARTESIAN_POINT ( 'NONE',  ( -1.537128025682452700, 0.9158789639034484700, 0.0000000000000000000 ) ) ;
#1129 = VECTOR ( 'NONE', #3580, 39.37007874015748100 ) ;
#1130 = DIRECTION ( 'NONE',  ( -0.0000000000000000000, -0.0000000000000000000, -1.000000000000000000 ) ) ;
#1131 = CARTESIAN_POINT ( 'NONE',  ( 1.019552256640879200, 0.1291673665987828100, -3.000000000000000400 ) ) ;
#1132 = AXIS2_PLACEMENT_3D ( 'NONE', #5358, #1177, #289 ) ;
#1133 = EDGE_CURVE ( 'NONE', #5003, #5290, #5249, .T. ) ;
#1134 = CARTESIAN_POINT ( 'NONE',  ( 1.342000000000000100, 0.3750000000000000600, 0.0000000000000000000 ) ) ;
#1135 = ADVANCED_FACE ( 'NONE', ( #342 ), #194, .F. ) ;
#1136 = VERTEX_POINT ( 'NONE', #1056 ) ;
#1137 = DIRECTION ( 'NONE',  ( -1.000000000000000000, 0.0000000000000000000, 0.0000000000000000000 ) ) ;
#1138 = EDGE_CURVE ( 'NONE', #2043, #2476, #4040, .T. ) ;
#1139 = CARTESIAN_POINT ( 'NONE',  ( -1.058152527650757100, 0.9499999999999999600, 0.0000000000000000000 ) ) ;
#1140 = VERTEX_POINT ( 'NONE', #4764 ) ;
#1141 = CARTESIAN_POINT ( 'NONE',  ( -1.201152527650757300, 0.9500000000000000700, 0.0000000000000000000 ) ) ;
#1142 = CARTESIAN_POINT ( 'NONE',  ( 0.6544999999999999700, 0.2000000000000000100, -3.000000000000000400 ) ) ;
#1143 = CARTESIAN_POINT ( 'NONE',  ( 1.077274771286915300, 0.9499999999999999600, -3.000000000000000400 ) ) ;
#1144 = CARTESIAN_POINT ( 'NONE',  ( -1.872737319856944100, 0.09752292841516746500, -0.2499999999999999700 ) ) ;
#1145 = AXIS2_PLACEMENT_3D ( 'NONE', #3919, #1130, #4379 ) ;
#1146 = ORIENTED_EDGE ( 'NONE', *, *, #5713, .F. ) ;
#1147 = EDGE_CURVE ( 'NONE', #5472, #1790, #2649, .T. ) ;
#1148 = CARTESIAN_POINT ( 'NONE',  ( 0.6674999999999998700, 0.0000000000000000000, -3.000000000000000400 ) ) ;
#1149 = DIRECTION ( 'NONE',  ( 0.0000000000000000000, 0.0000000000000000000, 1.000000000000000000 ) ) ;
#1150 = AXIS2_PLACEMENT_3D ( 'NONE', #953, #2949, #3881 ) ;
#1151 = CARTESIAN_POINT ( 'NONE',  ( 1.875799255049397200, 0.5887366494280018600, -3.000000000000000400 ) ) ;
#1152 = ORIENTED_EDGE ( 'NONE', *, *, #1806, .F. ) ;
#1153 = ORIENTED_EDGE ( 'NONE', *, *, #2297, .F. ) ;
#1154 = ORIENTED_EDGE ( 'NONE', *, *, #4639, .T. ) ;
#1155 = DIRECTION ( 'NONE',  ( 0.0000000000000000000, 0.0000000000000000000, 1.000000000000000000 ) ) ;
#1156 = FACE_OUTER_BOUND ( 'NONE', #3223, .T. ) ;
#1157 = DIRECTION ( 'NONE',  ( 0.0000000000000000000, 0.0000000000000000000, 1.000000000000000000 ) ) ;
#1159 = ADVANCED_FACE ( 'NONE', ( #3741 ), #154, .F. ) ;
#1158 = EDGE_LOOP ( 'NONE', ( #4578, #1113, #806, #5611 ) ) ;
#1160 = DIRECTION ( 'NONE',  ( 0.0000000000000000000, 0.0000000000000000000, 1.000000000000000000 ) ) ;
#1161 = ORIENTED_EDGE ( 'NONE', *, *, #71, .T. ) ;
#1162 = DIRECTION ( 'NONE',  ( 0.0000000000000000000, 0.0000000000000000000, 1.000000000000000000 ) ) ;
#1163 = ORIENTED_EDGE ( 'NONE', *, *, #1369, .F. ) ;
#1164 = CIRCLE ( 'NONE', #2433, 0.02200000000000020300 ) ;
#1165 = CARTESIAN_POINT ( 'NONE',  ( 1.960175369272174400, 0.4654650710118934900, -3.000000000000000400 ) ) ;
#1166 = EDGE_CURVE ( 'NONE', #1767, #2272, #3893, .T. ) ;
#1167 = ORIENTED_EDGE ( 'NONE', *, *, #3296, .F. ) ;
#1168 = DIRECTION ( 'NONE',  ( -0.7193398003386505300, -0.6946583704589979200, 0.0000000000000000000 ) ) ;
#1169 = CIRCLE ( 'NONE', #926, 0.02199999999999992900 ) ;
#1170 = ORIENTED_EDGE ( 'NONE', *, *, #1663, .F. ) ;
#1171 = CIRCLE ( 'NONE', #2255, 0.02199999999999992900 ) ;
#1172 = CIRCLE ( 'NONE', #1145, 0.5749999999999997300 ) ;
#1173 = ORIENTED_EDGE ( 'NONE', *, *, #1868, .F. ) ;
#1174 = AXIS2_PLACEMENT_3D ( 'NONE', #2679, #5923, #3152 ) ;
#1175 = EDGE_CURVE ( 'NONE', #5373, #1739, #1265, .T. ) ;
#1176 = ORIENTED_EDGE ( 'NONE', *, *, #2773, .T. ) ;
#1177 = DIRECTION ( 'NONE',  ( 0.0000000000000000000, 0.0000000000000000000, 1.000000000000000000 ) ) ;
#1178 = FACE_OUTER_BOUND ( 'NONE', #1559, .T. ) ;
#1179 = CYLINDRICAL_SURFACE ( 'NONE', #4157, 0.1099999999999997800 ) ;
#1180 = ORIENTED_EDGE ( 'NONE', *, *, #1307, .T. ) ;
#1181 = DIRECTION ( 'NONE',  ( 0.0000000000000000000, 0.0000000000000000000, 1.000000000000000000 ) ) ;
#1182 = ORIENTED_EDGE ( 'NONE', *, *, #3615, .F. ) ;
#1183 = DIRECTION ( 'NONE',  ( 1.000000000000000000, 0.0000000000000000000, 0.0000000000000000000 ) ) ;
#1184 = AXIS2_PLACEMENT_3D ( 'NONE', #5305, #4378, #2528 ) ;
#1185 = LINE ( 'NONE', #3858, #4740 ) ;
#1186 = DIRECTION ( 'NONE',  ( 1.000000000000000000, 0.0000000000000000000, 0.0000000000000000000 ) ) ;
#1187 = VECTOR ( 'NONE', #2145, 39.37007874015748900 ) ;
#1188 = EDGE_CURVE ( 'NONE', #4098, #1398, #51, .T. ) ;
#1189 = CARTESIAN_POINT ( 'NONE',  ( -0.8711551671333397400, 0.3148802516829080100, -3.000000000000000400 ) ) ;
#1190 = ORIENTED_EDGE ( 'NONE', *, *, #5809, .T. ) ;
#1191 = DIRECTION ( 'NONE',  ( -1.000000000000000000, 0.0000000000000000000, 0.0000000000000000000 ) ) ;
#1192 = EDGE_LOOP ( 'NONE', ( #1003, #2038, #983, #1612 ) ) ;
#1193 = FACE_OUTER_BOUND ( 'NONE', #1210, .T. ) ;
#1194 = LINE ( 'NONE', #346, #3375 ) ;
#1195 = VECTOR ( 'NONE', #3396, 39.37007874015748100 ) ;
#1196 = ORIENTED_EDGE ( 'NONE', *, *, #3515, .F. ) ;
#1197 = AXIS2_PLACEMENT_3D ( 'NONE', #1399, #4640, #1870 ) ;
#1198 = CARTESIAN_POINT ( 'NONE',  ( 1.866515789744190200, 0.5850194903075147700, 0.0000000000000000000 ) ) ;
#1199 = ADVANCED_FACE ( 'NONE', ( #2353 ), #4674, .F. ) ;
#1200 = MANIFOLD_SOLID_BREP ( 'Cut-Extrude2', #2175 ) ;
#1201 = FACE_OUTER_BOUND ( 'NONE', #4543, .T. ) ;
#1202 = LINE ( 'NONE', #1211, #4907 ) ;
#1203 = ORIENTED_EDGE ( 'NONE', *, *, #3690, .F. ) ;
#1204 = DIRECTION ( 'NONE',  ( -1.000000000000000000, 0.0000000000000000000, 0.0000000000000000000 ) ) ;
#1205 = ORIENTED_EDGE ( 'NONE', *, *, #12, .F. ) ;
#1206 = EDGE_CURVE ( 'NONE', #5289, #3104, #1116, .T. ) ;
#1207 = DIRECTION ( 'NONE',  ( 1.000000000000000000, 0.0000000000000000000, 0.0000000000000000000 ) ) ;
#1208 = CARTESIAN_POINT ( 'NONE',  ( 0.7177631569268034800, 0.9347413424495103500, 0.0000000000000000000 ) ) ;
#1209 = CARTESIAN_POINT ( 'NONE',  ( -0.6674999999999998700, 0.0000000000000000000, -3.000000000000000400 ) ) ;
#1210 = EDGE_LOOP ( 'NONE', ( #5136, #386, #5539, #2614 ) ) ;
#1211 = CARTESIAN_POINT ( 'NONE',  ( 0.8076000891761818700, 0.3709360474628064500, 0.0000000000000000000 ) ) ;
#1212 = DIRECTION ( 'NONE',  ( 1.000000000000000000, 0.0000000000000000000, 0.0000000000000000000 ) ) ;
#1213 = CARTESIAN_POINT ( 'NONE',  ( 1.885158604831293800, 0.5113038150519720900, 0.0000000000000000000 ) ) ;
#1214 = CARTESIAN_POINT ( 'NONE',  ( 1.617945852209695000, 0.8794590039321977800, -3.000000000000000400 ) ) ;
#1215 = AXIS2_PLACEMENT_3D ( 'NONE', #1981, #5655, #5211 ) ;
#1216 = EDGE_CURVE ( 'NONE', #5577, #3994, #2498, .T. ) ;
#1217 = DIRECTION ( 'NONE',  ( 0.9184636561142374100, -0.3955053885818343200, 0.0000000000000000000 ) ) ;
#1218 = DIRECTION ( 'NONE',  ( -0.9993908270190957600, -0.03489949670250171200, 5.936613100690838100E-015 ) ) ;
#1219 = EDGE_LOOP ( 'NONE', ( #5311, #4443, #2682, #3941 ) ) ;
#1220 = AXIS2_PLACEMENT_3D ( 'NONE', #2816, #55, #1881 ) ;
#1221 = EDGE_CURVE ( 'NONE', #2838, #3779, #5908, .T. ) ;
#1222 = CARTESIAN_POINT ( 'NONE',  ( -1.874656792175581900, 0.04255643292911699700, -0.1549999999999993600 ) ) ;
#1223 = ADVANCED_FACE ( 'NONE', ( #1635 ), #5178, .F. ) ;
#1224 = DIRECTION ( 'NONE',  ( -1.000000000000000000, 0.0000000000000000000, 0.0000000000000000000 ) ) ;
#1225 = DIRECTION ( 'NONE',  ( -0.0000000000000000000, -0.0000000000000000000, -1.000000000000000000 ) ) ;
#1226 = DIRECTION ( 'NONE',  ( 1.000000000000000000, 0.0000000000000000000, 0.0000000000000000000 ) ) ;
#1227 = AXIS2_PLACEMENT_3D ( 'NONE', #3112, #2661, #359 ) ;
#1228 = VERTEX_POINT ( 'NONE', #1599 ) ;
#1229 = EDGE_CURVE ( 'NONE', #4023, #3807, #407, .T. ) ;
#1230 = VERTEX_POINT ( 'NONE', #5310 ) ;
#1231 = DIRECTION ( 'NONE',  ( 0.0000000000000000000, 0.0000000000000000000, 1.000000000000000000 ) ) ;
#1232 = ORIENTED_EDGE ( 'NONE', *, *, #2094, .F. ) ;
#1233 = ORIENTED_EDGE ( 'NONE', *, *, #1216, .T. ) ;
#1234 = ORIENTED_EDGE ( 'NONE', *, *, #5571, .F. ) ;
#1235 = AXIS2_PLACEMENT_3D ( 'NONE', #2227, #4999, #1766 ) ;
#1236 = FACE_OUTER_BOUND ( 'NONE', #4771, .T. ) ;
#1237 = CARTESIAN_POINT ( 'NONE',  ( 1.533496336219558800, 0.9467850585792581000, 0.0000000000000000000 ) ) ;
#1238 = ORIENTED_EDGE ( 'NONE', *, *, #1817, .F. ) ;
#1239 = ORIENTED_EDGE ( 'NONE', *, *, #5871, .T. ) ;
#1240 = CARTESIAN_POINT ( 'NONE',  ( 1.500000000000000200, 0.08450665438747084800, -3.000000000000000400 ) ) ;
#1241 = ORIENTED_EDGE ( 'NONE', *, *, #4246, .T. ) ;
#1242 = PRESENTATION_STYLE_ASSIGNMENT (( #1262 ) ) ;
#1243 = VECTOR ( 'NONE', #2304, 39.37007874015748100 ) ;
#1244 = DIRECTION ( 'NONE',  ( 0.0000000000000000000, 0.0000000000000000000, 1.000000000000000000 ) ) ;
#1245 = DIRECTION ( 'NONE',  ( 0.0000000000000000000, 0.0000000000000000000, 1.000000000000000000 ) ) ;
#1246 = DIRECTION ( 'NONE',  ( 0.0000000000000000000, 0.0000000000000000000, 1.000000000000000000 ) ) ;
#1247 = ORIENTED_EDGE ( 'NONE', *, *, #4786, .T. ) ;
#1248 = VERTEX_POINT ( 'NONE', #4384 ) ;
#1249 = CARTESIAN_POINT ( 'NONE',  ( 0.8622790784738749700, 0.3468658260886454100, -3.000000000000000400 ) ) ;
#1250 = EDGE_CURVE ( 'NONE', #1739, #5420, #1772, .T. ) ;
#1251 = VECTOR ( 'NONE', #2854, 39.37007874015748900 ) ;
#1252 = CYLINDRICAL_SURFACE ( 'NONE', #432, 0.02200000000000047400 ) ;
#1253 = CARTESIAN_POINT ( 'NONE',  ( 1.784382819764028300, 0.09443752128386380400, -0.2499999999999999700 ) ) ;
#1254 = ORIENTED_EDGE ( 'NONE', *, *, #624, .F. ) ;
#1255 = ADVANCED_FACE ( 'NONE', ( #2871 ), #3474, .T. ) ;
#1256 = VECTOR ( 'NONE', #1675, 39.37007874015748100 ) ;
#1257 = LINE ( 'NONE', #4676, #5901 ) ;
#1258 = AXIS2_PLACEMENT_3D ( 'NONE', #5846, #3078, #307 ) ;
#1259 = ORIENTED_EDGE ( 'NONE', *, *, #5623, .F. ) ;
#1260 = EDGE_CURVE ( 'NONE', #4227, #4272, #1484, .T. ) ;
#1261 = VERTEX_POINT ( 'NONE', #3006 ) ;
#1262 = SURFACE_STYLE_USAGE ( .BOTH. , #4055 ) ;
#1263 = FACE_OUTER_BOUND ( 'NONE', #2247, .T. ) ;
#1264 = FACE_OUTER_BOUND ( 'NONE', #1544, .T. ) ;
#1265 = CIRCLE ( 'NONE', #1815, 0.02500000000000000500 ) ;
#1266 = CARTESIAN_POINT ( 'NONE',  ( -0.7779473039079433100, 0.3583662833742404800, 0.0000000000000000000 ) ) ;
#1267 = ADVANCED_FACE ( 'NONE', ( #2722 ), #3029, .T. ) ;
#1268 = DIRECTION ( 'NONE',  ( 1.000000000000000000, 0.0000000000000000000, 0.0000000000000000000 ) ) ;
#1269 = EDGE_LOOP ( 'NONE', ( #5830, #1146, #3139, #2070 ) ) ;
#1270 = CARTESIAN_POINT ( 'NONE',  ( 1.784382819764028300, 0.09443752128386380400, -0.2499999999999999700 ) ) ;
#1271 = FACE_OUTER_BOUND ( 'NONE', #345, .T. ) ;
#1272 = EDGE_CURVE ( 'NONE', #2632, #5577, #2916, .T. ) ;
#1273 = DIRECTION ( 'NONE',  ( 0.9184636561142374100, 0.3955053885818343200, 0.0000000000000000000 ) ) ;
#1274 = LINE ( 'NONE', #1060, #58 ) ;
#1275 = VECTOR ( 'NONE', #3242, 39.37007874015748100 ) ;
#1276 = ORIENTED_EDGE ( 'NONE', *, *, #205, .F. ) ;
#1277 = DIRECTION ( 'NONE',  ( -1.000000000000000000, 0.0000000000000000000, 0.0000000000000000000 ) ) ;
#1278 = LINE ( 'NONE', #4544, #4830 ) ;
#1279 = AXIS2_PLACEMENT_3D ( 'NONE', #3935, #2081, #5331 ) ;
#1280 = DIRECTION ( 'NONE',  ( -1.000000000000000000, 0.0000000000000000000, 0.0000000000000000000 ) ) ;
#1281 = ORIENTED_EDGE ( 'NONE', *, *, #171, .F. ) ;
#1282 = VERTEX_POINT ( 'NONE', #728 ) ;
#1283 = VERTEX_POINT ( 'NONE', #287 ) ;
#1284 = CARTESIAN_POINT ( 'NONE',  ( -1.872737319856944100, 0.09752292841516746500, -0.3450000000000000300 ) ) ;
#1285 = DIMENSIONAL_EXPONENTS ( 1.000000000000000000, 0.0000000000000000000, 0.0000000000000000000, 0.0000000000000000000, 0.0000000000000000000, 0.0000000000000000000, 0.0000000000000000000 ) ;
#1286 = EDGE_LOOP ( 'NONE', ( #1015, #257, #933, #2041 ) ) ;
#1287 = DIRECTION ( 'NONE',  ( 0.0000000000000000000, 0.0000000000000000000, 1.000000000000000000 ) ) ;
#1288 = VERTEX_POINT ( 'NONE', #3989 ) ;
#1289 = DIRECTION ( 'NONE',  ( -1.000000000000000000, 0.0000000000000000000, 0.0000000000000000000 ) ) ;
#1290 = CARTESIAN_POINT ( 'NONE',  ( 1.899707496032132100, 0.5149548100980071400, 0.0000000000000000000 ) ) ;
#1291 = ADVANCED_FACE ( 'NONE', ( #2575 ), #2096, .F. ) ;
#1292 = DIRECTION ( 'NONE',  ( 1.000000000000000000, 0.0000000000000000000, 0.0000000000000000000 ) ) ;
#1293 = AXIS2_PLACEMENT_3D ( 'NONE', #2631, #5866, #3106 ) ;
#1294 = EDGE_CURVE ( 'NONE', #2830, #5997, #5026, .T. ) ;
#1295 = ORIENTED_EDGE ( 'NONE', *, *, #3769, .F. ) ;
#1296 = VERTEX_POINT ( 'NONE', #298 ) ;
#1297 = AXIS2_PLACEMENT_3D ( 'NONE', #3646, #856, #4127 ) ;
#1298 = EDGE_CURVE ( 'NONE', #2100, #2376, #1332, .T. ) ;
#1299 = CARTESIAN_POINT ( 'NONE',  ( -0.9911760075679538800, 0.2350188122786551500, -3.000000000000000400 ) ) ;
#1300 = CARTESIAN_POINT ( 'NONE',  ( 1.959926377769666700, 0.4687656208663902300, -3.000000000000000400 ) ) ;
#1301 = ORIENTED_EDGE ( 'NONE', *, *, #3114, .F. ) ;
#1302 = ORIENTED_EDGE ( 'NONE', *, *, #2676, .F. ) ;
#1303 = DIRECTION ( 'NONE',  ( 1.000000000000000000, 0.0000000000000000000, 0.0000000000000000000 ) ) ;
#1304 = VERTEX_POINT ( 'NONE', #2599 ) ;
#1305 = CYLINDRICAL_SURFACE ( 'NONE', #996, 0.3749999999999999400 ) ;
#1306 = ORIENTED_EDGE ( 'NONE', *, *, #1037, .T. ) ;
#1307 = EDGE_CURVE ( 'NONE', #2028, #2537, #2421, .T. ) ;
#1308 = DIRECTION ( 'NONE',  ( -0.0000000000000000000, -0.0000000000000000000, -1.000000000000000000 ) ) ;
#1309 = ORIENTED_EDGE ( 'NONE', *, *, #837, .T. ) ;
#1310 = DIRECTION ( 'NONE',  ( 1.000000000000000000, 0.0000000000000000000, 0.0000000000000000000 ) ) ;
#1311 = CARTESIAN_POINT ( 'NONE',  ( -0.7521454672355573100, 0.3909413573369723300, -3.000000000000000400 ) ) ;
#1312 = ORIENTED_EDGE ( 'NONE', *, *, #4631, .T. ) ;
#1313 = VECTOR ( 'NONE', #112, 39.37007874015748100 ) ;
#1314 = ORIENTED_EDGE ( 'NONE', *, *, #1540, .T. ) ;
#1315 = DIRECTION ( 'NONE',  ( -0.9993908270190955400, -0.03489949670250188500, 0.0000000000000000000 ) ) ;
#1316 = ORIENTED_EDGE ( 'NONE', *, *, #4864, .T. ) ;
#1317 = EDGE_CURVE ( 'NONE', #3632, #4437, #3662, .T. ) ;
#1318 = ORIENTED_EDGE ( 'NONE', *, *, #4846, .T. ) ;
#1319 = FACE_OUTER_BOUND ( 'NONE', #5312, .T. ) ;
#1320 = CIRCLE ( 'NONE', #2826, 0.01000000000000016700 ) ;
#1321 = VERTEX_POINT ( 'NONE', #5855 ) ;
#1322 = ADVANCED_FACE ( 'NONE', ( #3518 ), #1042, .T. ) ;
#1323 = VERTEX_POINT ( 'NONE', #4026 ) ;
#1324 = CIRCLE ( 'NONE', #2771, 0.02500000000000014400 ) ;
#1325 = VECTOR ( 'NONE', #886, 39.37007874015748100 ) ;
#1326 = EDGE_LOOP ( 'NONE', ( #1751, #5823, #5222, #2785 ) ) ;
#1327 = CARTESIAN_POINT ( 'NONE',  ( 0.6674999999999998700, 0.2000000000000001200, 0.0000000000000000000 ) ) ;
#1328 = EDGE_CURVE ( 'NONE', #5374, #1591, #2274, .T. ) ;
#1329 = FACE_OUTER_BOUND ( 'NONE', #5513, .T. ) ;
#1330 = DIRECTION ( 'NONE',  ( 1.000000000000000000, 0.0000000000000000000, 0.0000000000000000000 ) ) ;
#1331 = LINE ( 'NONE', #1028, #119 ) ;
#1332 = CIRCLE ( 'NONE', #2556, 0.01499999999999997700 ) ;
#1333 = CARTESIAN_POINT ( 'NONE',  ( -0.2179210407162855700, 0.0000000000000000000, -1.450294444297389700 ) ) ;
#1334 = CARTESIAN_POINT ( 'NONE',  ( -0.3269714672306675600, 0.1870000000000000000, -0.9109999999999999200 ) ) ;
#1335 = ORIENTED_EDGE ( 'NONE', *, *, #3925, .T. ) ;
#1336 = LINE ( 'NONE', #1579, #2426 ) ;
#1337 = AXIS2_PLACEMENT_3D ( 'NONE', #5767, #1155, #3480 ) ;
#1338 = LINE ( 'NONE', #5438, #4598 ) ;
#1339 = CIRCLE ( 'NONE', #2639, 0.02500000000000000500 ) ;
#1340 = EDGE_CURVE ( 'NONE', #1702, #268, #4895, .T. ) ;
#1341 = ORIENTED_EDGE ( 'NONE', *, *, #1503, .F. ) ;
#1342 = ORIENTED_EDGE ( 'NONE', *, *, #2366, .F. ) ;
#1343 = ORIENTED_EDGE ( 'NONE', *, *, #789, .T. ) ;
#1344 = LINE ( 'NONE', #5640, #2434 ) ;
#1345 = DIRECTION ( 'NONE',  ( 0.0000000000000000000, 0.0000000000000000000, 1.000000000000000000 ) ) ;
#1346 = CYLINDRICAL_SURFACE ( 'NONE', #5317, 0.01499999999999997700 ) ;
#1347 = AXIS2_PLACEMENT_3D ( 'NONE', #1450, #2385, #1433 ) ;
#1348 = DIRECTION ( 'NONE',  ( -0.0000000000000000000, -0.0000000000000000000, -1.000000000000000000 ) ) ;
#1349 = EDGE_CURVE ( 'NONE', #5459, #5595, #1830, .T. ) ;
#1350 = DIRECTION ( 'NONE',  ( 1.000000000000000000, 7.143115749499792000E-015, 0.0000000000000000000 ) ) ;
#1351 = DIRECTION ( 'NONE',  ( 0.0000000000000000000, 0.0000000000000000000, 1.000000000000000000 ) ) ;
#1352 = DIRECTION ( 'NONE',  ( 1.000000000000000000, -3.993012400140799200E-015, 0.0000000000000000000 ) ) ;
#1353 = CARTESIAN_POINT ( 'NONE',  ( 1.521747305393765300, 0.9211830336102360100, 0.0000000000000000000 ) ) ;
#1354 = CARTESIAN_POINT ( 'NONE',  ( 2.062500000000000000, 0.07567250359733875000, -2.654999999999999800 ) ) ;
#1355 = CARTESIAN_POINT ( 'NONE',  ( -1.941068122746830300, 0.4427930437084713300, -3.000000000000000400 ) ) ;
#1356 = DIRECTION ( 'NONE',  ( -1.000000000000000000, 0.0000000000000000000, 0.0000000000000000000 ) ) ;
#1357 = ORIENTED_EDGE ( 'NONE', *, *, #5223, .T. ) ;
#1358 = CARTESIAN_POINT ( 'NONE',  ( -1.666298950478609900, 0.8762376589188726200, -3.000000000000000400 ) ) ;
#1359 = CARTESIAN_POINT ( 'NONE',  ( 1.782458660289618900, 0.03933680321795757900, -2.805649711574556400 ) ) ;
#1360 = EDGE_CURVE ( 'NONE', #864, #4739, #4741, .T. ) ;
#1361 = ORIENTED_EDGE ( 'NONE', *, *, #373, .T. ) ;
#1362 = DIRECTION ( 'NONE',  ( 0.0000000000000000000, 0.0000000000000000000, 1.000000000000000000 ) ) ;
#1363 = DIRECTION ( 'NONE',  ( -0.9205048534524394900, -0.3907311284892756600, 0.0000000000000000000 ) ) ;
#1364 = DIRECTION ( 'NONE',  ( 0.9993908270190957600, 0.03489949670250170500, 0.0000000000000000000 ) ) ;
#1365 = DIRECTION ( 'NONE',  ( 1.000000000000000000, 0.0000000000000000000, 0.0000000000000000000 ) ) ;
#1366 = DIRECTION ( 'NONE',  ( 0.0000000000000000000, 0.0000000000000000000, 1.000000000000000000 ) ) ;
#1367 = CARTESIAN_POINT ( 'NONE',  ( 1.000825861812083300, 0.2119562817785765600, 0.0000000000000000000 ) ) ;
#1368 = AXIS2_PLACEMENT_3D ( 'NONE', #4744, #1973, #5207 ) ;
#1369 = EDGE_CURVE ( 'NONE', #4558, #1283, #4590, .T. ) ;
#1370 = DIRECTION ( 'NONE',  ( 0.03489949670250190600, 0.9993908270190957600, -0.0000000000000000000 ) ) ;
#1371 = EDGE_LOOP ( 'NONE', ( #3014, #5206, #3868, #2807 ) ) ;
#1372 = ORIENTED_EDGE ( 'NONE', *, *, #2366, .T. ) ;
#1373 = CYLINDRICAL_SURFACE ( 'NONE', #3915, 0.02500000000000014400 ) ;
#1374 = AXIS2_PLACEMENT_3D ( 'NONE', #1594, #4833, #2060 ) ;
#1375 = VERTEX_POINT ( 'NONE', #2660 ) ;
#1376 = UNCERTAINTY_MEASURE_WITH_UNIT (LENGTH_MEASURE( 1.000000000000000100E-005 ), #1726, 'distance_accuracy_value', 'NONE');
#1377 = CARTESIAN_POINT ( 'NONE',  ( -1.894113555424991900, 0.6021114746462065100, -3.000000000000000400 ) ) ;
#1378 = EDGE_CURVE ( 'NONE', #5243, #3475, #3368, .T. ) ;
#1379 = CARTESIAN_POINT ( 'NONE',  ( 0.7779473039079433100, 0.3583662833742403700, -3.000000000000000400 ) ) ;
#1380 = ORIENTED_EDGE ( 'NONE', *, *, #7, .T. ) ;
#1381 = LINE ( 'NONE', #4426, #4933 ) ;
#1382 = DIRECTION ( 'NONE',  ( 1.000000000000000000, 0.0000000000000000000, 0.0000000000000000000 ) ) ;
#1383 = VERTEX_POINT ( 'NONE', #358 ) ;
#1384 = DIRECTION ( 'NONE',  ( -0.0000000000000000000, -0.0000000000000000000, -1.000000000000000000 ) ) ;
#1385 = ORIENTED_EDGE ( 'NONE', *, *, #5782, .F. ) ;
#1386 = CIRCLE ( 'NONE', #4171, 0.02749999999999991000 ) ;
#1387 = ORIENTED_EDGE ( 'NONE', *, *, #582, .F. ) ;
#1388 = DIRECTION ( 'NONE',  ( 0.0000000000000000000, 0.0000000000000000000, 1.000000000000000000 ) ) ;
#1389 = AXIS2_PLACEMENT_3D ( 'NONE', #5652, #1978, #2912 ) ;
#1390 = FACE_BOUND ( 'NONE', #3929, .T. ) ;
#1391 = DIRECTION ( 'NONE',  ( -0.0000000000000000000, -0.0000000000000000000, -1.000000000000000000 ) ) ;
#1392 = ORIENTED_EDGE ( 'NONE', *, *, #1298, .T. ) ;
#1393 = DIRECTION ( 'NONE',  ( 0.7155408596166031900, 0.6985708827450027900, 0.0000000000000000000 ) ) ;
#1394 = DIRECTION ( 'NONE',  ( 0.9993908270190957600, -0.03489949670250171900, 0.0000000000000000000 ) ) ;
#1395 = ORIENTED_EDGE ( 'NONE', *, *, #4077, .T. ) ;
#1396 = LINE ( 'NONE', #1407, #325 ) ;
#1397 = CIRCLE ( 'NONE', #1661, 0.02500000000000000500 ) ;
#1398 = VERTEX_POINT ( 'NONE', #3126 ) ;
#1399 = CARTESIAN_POINT ( 'NONE',  ( -1.342000000000000100, 0.3750000000000000600, -3.000000000000000400 ) ) ;
#1400 = CIRCLE ( 'NONE', #1293, 0.01499999999999997700 ) ;
#1401 = CARTESIAN_POINT ( 'NONE',  ( 1.058152527650757100, 0.9500000000000000700, -3.000000000000000400 ) ) ;
#1402 = CIRCLE ( 'NONE', #2044, 0.02199999999999992900 ) ;
#1403 = CARTESIAN_POINT ( 'NONE',  ( -2.035959736159318900, 0.04818925585431360600, -3.000000000000000400 ) ) ;
#1404 = ORIENTED_EDGE ( 'NONE', *, *, #5148, .F. ) ;
#1405 = CARTESIAN_POINT ( 'NONE',  ( 0.8847321782755623900, 0.3358722684617683800, -3.000000000000000400 ) ) ;
#1406 = CIRCLE ( 'NONE', #3320, 0.02200000000000020300 ) ;
#1407 = CARTESIAN_POINT ( 'NONE',  ( -1.500000000000000200, 0.08450665438747084800, -3.000000000000000400 ) ) ;
#1408 = CARTESIAN_POINT ( 'NONE',  ( 0.6894999999999998900, 1.000000000000000000, -3.000000000000000400 ) ) ;
#1409 = CYLINDRICAL_SURFACE ( 'NONE', #3357, 0.02200000000000020300 ) ;
#1410 = VECTOR ( 'NONE', #1545, 39.37007874015748900 ) ;
#1411 = AXIS2_PLACEMENT_3D ( 'NONE', #5996, #3222, #444 ) ;
#1412 = DIRECTION ( 'NONE',  ( 0.03489949670250189200, 0.9993908270190957600, -0.0000000000000000000 ) ) ;
#1413 = EDGE_LOOP ( 'NONE', ( #3003, #2293, #2769, #2792 ) ) ;
#1414 = EDGE_CURVE ( 'NONE', #5854, #5898, #895, .T. ) ;
#1415 = CARTESIAN_POINT ( 'NONE',  ( 1.201152527650757300, 0.9999999999999998900, -3.000000000000000400 ) ) ;
#1416 = LINE ( 'NONE', #28, #2358 ) ;
#1417 = CARTESIAN_POINT ( 'NONE',  ( -0.9659276040590797400, 0.2270814064065066500, 0.0000000000000000000 ) ) ;
#1418 = DIRECTION ( 'NONE',  ( -1.000000000000000000, 0.0000000000000000000, 0.0000000000000000000 ) ) ;
#1419 = LINE ( 'NONE', #6, #1275 ) ;
#1420 = VERTEX_POINT ( 'NONE', #4981 ) ;
#1421 = AXIS2_PLACEMENT_3D ( 'NONE', #3840, #1043, #4288 ) ;
#1422 = EDGE_CURVE ( 'NONE', #297, #1288, #1992, .T. ) ;
#1423 = CARTESIAN_POINT ( 'NONE',  ( -1.891040841103374100, 0.6247071131021896300, -3.000000000000000400 ) ) ;
#1424 = CIRCLE ( 'NONE', #437, 0.02200000000000020300 ) ;
#1425 = CARTESIAN_POINT ( 'NONE',  ( 1.617945852209695000, 0.8794590039321977800, -3.000000000000000400 ) ) ;
#1426 = DIRECTION ( 'NONE',  ( 1.000000000000000000, 0.0000000000000000000, 0.0000000000000000000 ) ) ;
#1427 = AXIS2_PLACEMENT_3D ( 'NONE', #4535, #5475, #3623 ) ;
#1428 = EDGE_CURVE ( 'NONE', #1604, #3499, #4455, .T. ) ;
#1429 = DIRECTION ( 'NONE',  ( 0.3907311284892759400, -0.9205048534524394900, 0.0000000000000000000 ) ) ;
#1430 = CARTESIAN_POINT ( 'NONE',  ( 0.7704999999999998500, 0.9999999999999998900, -3.000000000000000400 ) ) ;
#1431 = DIRECTION ( 'NONE',  ( -0.7231928259747971700, 0.6906461731296182900, 0.0000000000000000000 ) ) ;
#1432 = CARTESIAN_POINT ( 'NONE',  ( -1.058152527650757100, 0.9500000000000000700, 0.0000000000000000000 ) ) ;
#1433 = DIRECTION ( 'NONE',  ( 1.000000000000000000, 0.0000000000000000000, 0.0000000000000000000 ) ) ;
#1434 = EDGE_CURVE ( 'NONE', #4799, #2400, #3227, .T. ) ;
#1435 = DIRECTION ( 'NONE',  ( 0.0000000000000000000, 0.0000000000000000000, 1.000000000000000000 ) ) ;
#1436 = ORIENTED_EDGE ( 'NONE', *, *, #3946, .F. ) ;
#1437 = DIRECTION ( 'NONE',  ( 0.3907311284892727200, 0.9205048534524408200, -0.0000000000000000000 ) ) ;
#1438 = ORIENTED_EDGE ( 'NONE', *, *, #3296, .T. ) ;
#1439 = CARTESIAN_POINT ( 'NONE',  ( -0.9709462570949567400, 0.2203301365112392000, -3.000000000000000400 ) ) ;
#1440 = DIRECTION ( 'NONE',  ( 1.000000000000000000, 0.0000000000000000000, 0.0000000000000000000 ) ) ;
#1441 = ADVANCED_FACE ( 'NONE', ( #5682 ), #618, .F. ) ;
#1442 = AXIS2_PLACEMENT_3D ( 'NONE', #3464, #224, #5288 ) ;
#1443 = EDGE_CURVE ( 'NONE', #4279, #5459, #4313, .T. ) ;
#1444 = ORIENTED_EDGE ( 'NONE', *, *, #1428, .F. ) ;
#1445 = DIRECTION ( 'NONE',  ( -0.0000000000000000000, 0.0000000000000000000, -1.000000000000000000 ) ) ;
#1446 = CARTESIAN_POINT ( 'NONE',  ( 1.342000000000000100, 0.3750000000000000600, -3.000000000000000400 ) ) ;
#1447 = CARTESIAN_POINT ( 'NONE',  ( -0.7327609266367162100, 0.9350000000000000500, -3.000000000000000400 ) ) ;
#1448 = ORIENTED_EDGE ( 'NONE', *, *, #3958, .T. ) ;
#1449 = DIRECTION ( 'NONE',  ( 0.0000000000000000000, 0.0000000000000000000, 1.000000000000000000 ) ) ;
#1450 = CARTESIAN_POINT ( 'NONE',  ( -2.035000000000000100, 0.07567250359733875000, -3.000000000000000400 ) ) ;
#1451 = ORIENTED_EDGE ( 'NONE', *, *, #4407, .F. ) ;
#1452 = AXIS2_PLACEMENT_3D ( 'NONE', #3852, #1065, #4315 ) ;
#1453 = ORIENTED_EDGE ( 'NONE', *, *, #1690, .F. ) ;
#1454 = EDGE_CURVE ( 'NONE', #4304, #2098, #5541, .T. ) ;
#1455 = DIRECTION ( 'NONE',  ( 1.000000000000000000, 0.0000000000000000000, 0.0000000000000000000 ) ) ;
#1456 = FACE_OUTER_BOUND ( 'NONE', #4976, .T. ) ;
#1457 = ORIENTED_EDGE ( 'NONE', *, *, #1551, .F. ) ;
#1458 = ORIENTED_EDGE ( 'NONE', *, *, #3494, .F. ) ;
#1459 = PLANE ( 'NONE',  #5471 ) ;
#1460 = VERTEX_POINT ( 'NONE', #846 ) ;
#1461 = FACE_OUTER_BOUND ( 'NONE', #2587, .T. ) ;
#1462 = DIRECTION ( 'NONE',  ( 0.0000000000000000000, 0.0000000000000000000, 1.000000000000000000 ) ) ;
#1463 = VERTEX_POINT ( 'NONE', #1783 ) ;
#1464 = EDGE_CURVE ( 'NONE', #1600, #4149, #4179, .T. ) ;
#1465 = VERTEX_POINT ( 'NONE', #421 ) ;
#1466 = ORIENTED_EDGE ( 'NONE', *, *, #2536, .F. ) ;
#1467 = CYLINDRICAL_SURFACE ( 'NONE', #3008, 0.5750000000000000700 ) ;
#1468 = FACE_OUTER_BOUND ( 'NONE', #3125, .T. ) ;
#1469 = CARTESIAN_POINT ( 'NONE',  ( 1.532037729360301600, 0.9017690778885758500, -3.000000000000000400 ) ) ;
#1470 = DIRECTION ( 'NONE',  ( 0.7155408596166031900, 0.6985708827450027900, 0.0000000000000000000 ) ) ;
#1471 = ORIENTED_EDGE ( 'NONE', *, *, #3971, .F. ) ;
#1472 = DIRECTION ( 'NONE',  ( 0.0000000000000000000, 0.0000000000000000000, 1.000000000000000000 ) ) ;
#1473 = AXIS2_PLACEMENT_3D ( 'NONE', #5771, #3002, #232 ) ;
#1474 = DIRECTION ( 'NONE',  ( 1.000000000000000000, 0.0000000000000000000, 0.0000000000000000000 ) ) ;
#1475 = ORIENTED_EDGE ( 'NONE', *, *, #2037, .T. ) ;
#1476 = CIRCLE ( 'NONE', #4629, 0.1099999999999997800 ) ;
#1477 = FACE_OUTER_BOUND ( 'NONE', #3272, .T. ) ;
#1478 = ADVANCED_FACE ( 'NONE', ( #1845 ), #5245, .T. ) ;
#1479 = ORIENTED_EDGE ( 'NONE', *, *, #5294, .T. ) ;
#1480 = CARTESIAN_POINT ( 'NONE',  ( -1.919981888401884900, 0.6128275355786027000, -3.000000000000000400 ) ) ;
#1481 = ORIENTED_EDGE ( 'NONE', *, *, #4952, .F. ) ;
#1482 = CYLINDRICAL_SURFACE ( 'NONE', #532, 0.02500000000000000500 ) ;
#1483 = VECTOR ( 'NONE', #1052, 39.37007874015748100 ) ;
#1484 = LINE ( 'NONE', #5338, #5332 ) ;
#1485 = DIRECTION ( 'NONE',  ( 0.01809821667858757200, 0.9998362138635782400, -0.0000000000000000000 ) ) ;
#1486 = ORIENTED_EDGE ( 'NONE', *, *, #4649, .F. ) ;
#1487 = EDGE_CURVE ( 'NONE', #1136, #952, #1699, .T. ) ;
#1488 = CARTESIAN_POINT ( 'NONE',  ( -0.7177631569268034800, 0.9347413424495103500, -3.000000000000000400 ) ) ;
#1489 = ORIENTED_EDGE ( 'NONE', *, *, #1842, .T. ) ;
#1490 = VECTOR ( 'NONE', #5236, 39.37007874015748100 ) ;
#1491 = LINE ( 'NONE', #5372, #3673 ) ;
#1492 = LINE ( 'NONE', #2441, #5340 ) ;
#1493 = ORIENTED_EDGE ( 'NONE', *, *, #3041, .F. ) ;
#1494 = ORIENTED_EDGE ( 'NONE', *, *, #1966, .F. ) ;
#1495 = VERTEX_POINT ( 'NONE', #4145 ) ;
#1496 = PLANE ( 'NONE',  #1709 ) ;
#1497 = VERTEX_POINT ( 'NONE', #1353 ) ;
#1498 = DIRECTION ( 'NONE',  ( 0.0000000000000000000, 0.0000000000000000000, 1.000000000000000000 ) ) ;
#1499 = LINE ( 'NONE', #3773, #283 ) ;
#1500 = AXIS2_PLACEMENT_3D ( 'NONE', #2450, #5710, #2951 ) ;
#1501 = CIRCLE ( 'NONE', #555, 0.02199999999999965500 ) ;
#1502 = DIRECTION ( 'NONE',  ( 0.0000000000000000000, 0.0000000000000000000, 1.000000000000000000 ) ) ;
#1503 = EDGE_CURVE ( 'NONE', #539, #3882, #1555, .T. ) ;
#1504 = DIRECTION ( 'NONE',  ( -0.0000000000000000000, 1.000000000000000000, -0.0000000000000000000 ) ) ;
#1505 = CARTESIAN_POINT ( 'NONE',  ( -2.035959736159318900, 0.04818925585431360600, -3.000000000000000400 ) ) ;
#1506 = CARTESIAN_POINT ( 'NONE',  ( -1.938175369272173900, 0.4654650710118934900, -3.000000000000000400 ) ) ;
#1507 = ORIENTED_EDGE ( 'NONE', *, *, #1729, .T. ) ;
#1508 = AXIS2_PLACEMENT_3D ( 'NONE', #1678, #2609, #5853 ) ;
#1509 = EDGE_CURVE ( 'NONE', #88, #114, #5401, .T. ) ;
#1510 = DIRECTION ( 'NONE',  ( 0.0000000000000000000, 0.0000000000000000000, 1.000000000000000000 ) ) ;
#1511 = CARTESIAN_POINT ( 'NONE',  ( 1.058152527650757100, 1.000000000000000000, -3.000000000000000400 ) ) ;
#1512 = ADVANCED_FACE ( 'NONE', ( #2789 ), #2642, .F. ) ;
#1513 = AXIS2_PLACEMENT_3D ( 'NONE', #4742, #1969, #5204 ) ;
#1514 = DIRECTION ( 'NONE',  ( 1.000000000000000000, -7.143115749499792000E-015, 0.0000000000000000000 ) ) ;
#1515 = DIRECTION ( 'NONE',  ( 1.000000000000000000, 0.0000000000000000000, 0.0000000000000000000 ) ) ;
#1516 = CARTESIAN_POINT ( 'NONE',  ( -0.9858227776630184000, 0.2422201668336072000, -3.000000000000000400 ) ) ;
#1517 = CARTESIAN_POINT ( 'NONE',  ( -1.043022407083604700, 0.1377785243720350000, -3.000000000000000400 ) ) ;
#1518 = VERTEX_POINT ( 'NONE', #4615 ) ;
#1519 = DIRECTION ( 'NONE',  ( 0.0000000000000000000, 0.0000000000000000000, 1.000000000000000000 ) ) ;
#1520 = DIRECTION ( 'NONE',  ( 0.0000000000000000000, 0.0000000000000000000, 1.000000000000000000 ) ) ;
#1521 = CARTESIAN_POINT ( 'NONE',  ( 0.6674999999999998700, 0.0000000000000000000, -3.000000000000000400 ) ) ;
#1522 = ORIENTED_EDGE ( 'NONE', *, *, #4705, .T. ) ;
#1523 = ORIENTED_EDGE ( 'NONE', *, *, #12, .T. ) ;
#1524 = AXIS2_PLACEMENT_3D ( 'NONE', #3703, #922, #4187 ) ;
#1525 = VECTOR ( 'NONE', #1880, 39.37007874015748100 ) ;
#1526 = EDGE_CURVE ( 'NONE', #2473, #5431, #3886, .T. ) ;
#1527 = CARTESIAN_POINT ( 'NONE',  ( -0.6674999999999998700, 0.2000000000000001200, -3.000000000000000400 ) ) ;
#1528 = CARTESIAN_POINT ( 'NONE',  ( 1.682722501530304000, 0.8989591367186303700, -3.000000000000000400 ) ) ;
#1529 = ORIENTED_EDGE ( 'NONE', *, *, #3761, .F. ) ;
#1530 = ORIENTED_EDGE ( 'NONE', *, *, #1443, .T. ) ;
#1531 = PLANE ( 'NONE',  #4336 ) ;
#1532 = CARTESIAN_POINT ( 'NONE',  ( -1.166944670024671100, 0.9499999999999999600, 0.0000000000000000000 ) ) ;
#1533 = VECTOR ( 'NONE', #4879, 39.37007874015748100 ) ;
#1535 = ADVANCED_FACE ( 'NONE', ( #4033 ), #4956, .T. ) ;
#1534 = ORIENTED_EDGE ( 'NONE', *, *, #2354, .F. ) ;
#1536 = CARTESIAN_POINT ( 'NONE',  ( 1.090648550291540800, 0.9282072071181698400, 0.0000000000000000000 ) ) ;
#1537 = AXIS2_PLACEMENT_3D ( 'NONE', #4351, #1582, #4819 ) ;
#1538 = ORIENTED_EDGE ( 'NONE', *, *, #3251, .F. ) ;
#1539 = VECTOR ( 'NONE', #4180, 39.37007874015748100 ) ;
#1540 = EDGE_CURVE ( 'NONE', #5954, #4083, #185, .T. ) ;
#1541 = DIRECTION ( 'NONE',  ( -0.0000000000000000000, -0.0000000000000000000, -1.000000000000000000 ) ) ;
#1542 = EDGE_LOOP ( 'NONE', ( #515, #1619, #2439, #5078 ) ) ;
#1543 = FACE_OUTER_BOUND ( 'NONE', #3945, .T. ) ;
#1544 = EDGE_LOOP ( 'NONE', ( #2299, #2321, #3437, #5202 ) ) ;
#1545 = DIRECTION ( 'NONE',  ( 0.9993908270190955400, -0.03489949670250170500, -0.0000000000000000000 ) ) ;
#1546 = VERTEX_POINT ( 'NONE', #5552 ) ;
#1547 = AXIS2_PLACEMENT_3D ( 'NONE', #423, #3651, #859 ) ;
#1548 = CIRCLE ( 'NONE', #5676, 0.02200000000000020300 ) ;
#1549 = DIRECTION ( 'NONE',  ( -1.000000000000000000, 0.0000000000000000000, 0.0000000000000000000 ) ) ;
#1550 = CIRCLE ( 'NONE', #40, 0.09499999999999994600 ) ;
#1551 = EDGE_CURVE ( 'NONE', #4184, #3820, #1402, .T. ) ;
#1552 = ORIENTED_EDGE ( 'NONE', *, *, #44, .T. ) ;
#1553 = CARTESIAN_POINT ( 'NONE',  ( 1.910712599336746900, 0.4597996424263721700, -3.000000000000000400 ) ) ;
#1554 = LINE ( 'NONE', #1646, #332 ) ;
#1555 = LINE ( 'NONE', #4588, #334 ) ;
#1556 = CARTESIAN_POINT ( 'NONE',  ( -0.6894999999999998900, 0.9999999999999998900, 0.0000000000000000000 ) ) ;
#1557 = ORIENTED_EDGE ( 'NONE', *, *, #3690, .T. ) ;
#1558 = CARTESIAN_POINT ( 'NONE',  ( -1.049351302829074900, 0.09266392820315545700, -3.000000000000000400 ) ) ;
#1559 = EDGE_LOOP ( 'NONE', ( #1152, #5965, #4387, #950 ) ) ;
#1560 = ORIENTED_EDGE ( 'NONE', *, *, #221, .F. ) ;
#1561 = CYLINDRICAL_SURFACE ( 'NONE', #4680, 0.01499999999999997700 ) ;
#1562 = CYLINDRICAL_SURFACE ( 'NONE', #2745, 0.02199999999999992900 ) ;
#1563 = DIRECTION ( 'NONE',  ( -0.0000000000000000000, -0.0000000000000000000, -1.000000000000000000 ) ) ;
#1564 = CIRCLE ( 'NONE', #1513, 0.02200000000000020300 ) ;
#1565 = DIRECTION ( 'NONE',  ( -0.0000000000000000000, -0.0000000000000000000, -1.000000000000000000 ) ) ;
#1566 = ORIENTED_EDGE ( 'NONE', *, *, #2670, .F. ) ;
#1567 = VECTOR ( 'NONE', #1366, 39.37007874015748100 ) ;
#1568 = CARTESIAN_POINT ( 'NONE',  ( -1.342000000000000100, 0.3750000000000000600, -3.000000000000000400 ) ) ;
#1569 = FACE_OUTER_BOUND ( 'NONE', #4490, .T. ) ;
#1570 = PRODUCT_DEFINITION_FORMATION_WITH_SPECIFIED_SOURCE ( 'ANY', '', #2360, .NOT_KNOWN. ) ;
#1571 = ORIENTED_EDGE ( 'NONE', *, *, #3390, .T. ) ;
#1572 = EDGE_CURVE ( 'NONE', #4503, #1680, #5095, .T. ) ;
#1573 = DIRECTION ( 'NONE',  ( 0.0000000000000000000, 0.0000000000000000000, 1.000000000000000000 ) ) ;
#1574 = ADVANCED_FACE ( 'NONE', ( #3735 ), #3586, .F. ) ;
#1575 = DIRECTION ( 'NONE',  ( 1.000000000000000000, 0.0000000000000000000, 0.0000000000000000000 ) ) ;
#1576 = AXIS2_PLACEMENT_3D ( 'NONE', #5107, #2333, #5573 ) ;
#1577 = DIRECTION ( 'NONE',  ( 1.000000000000000000, 1.862623632043821900E-015, 0.0000000000000000000 ) ) ;
#1578 = EDGE_CURVE ( 'NONE', #2223, #1767, #4810, .T. ) ;
#1579 = CARTESIAN_POINT ( 'NONE',  ( 2.034040263840681800, 0.1031557513403639200, -2.844999999999999800 ) ) ;
#1580 = CARTESIAN_POINT ( 'NONE',  ( 1.866515789744190200, 0.5850194903075147700, -3.000000000000000400 ) ) ;
#1581 = ORIENTED_EDGE ( 'NONE', *, *, #4917, .T. ) ;
#1582 = DIRECTION ( 'NONE',  ( 0.0000000000000000000, 0.0000000000000000000, 1.000000000000000000 ) ) ;
#1583 = DIRECTION ( 'NONE',  ( 0.0000000000000000000, 0.0000000000000000000, 1.000000000000000000 ) ) ;
#1584 = CARTESIAN_POINT ( 'NONE',  ( -1.058152527650757100, 0.9999999999999998900, -3.000000000000000400 ) ) ;
#1585 = AXIS2_PLACEMENT_3D ( 'NONE', #2404, #5643, #2886 ) ;
#1586 = EDGE_LOOP ( 'NONE', ( #5077, #3676 ) ) ;
#1587 = DIRECTION ( 'NONE',  ( -0.9993908270190957600, 0.03489949670250180900, 0.0000000000000000000 ) ) ;
#1588 = AXIS2_PLACEMENT_3D ( 'NONE', #2595, #5827, #3055 ) ;
#1589 = DIRECTION ( 'NONE',  ( 0.7193398003386345400, 0.6946583704590142400, -0.0000000000000000000 ) ) ;
#1590 = CARTESIAN_POINT ( 'NONE',  ( 1.873767662260251900, 0.5937422075738166800, -3.000000000000000400 ) ) ;
#1591 = VERTEX_POINT ( 'NONE', #2817 ) ;
#1592 = DIRECTION ( 'NONE',  ( -0.9993908270190957600, -0.03489949670250189900, 2.968306550345419100E-015 ) ) ;
#1593 = ORIENTED_EDGE ( 'NONE', *, *, #351, .F. ) ;
#1594 = CARTESIAN_POINT ( 'NONE',  ( -0.9079889916004902900, 0.3196326718578362300, -3.000000000000000400 ) ) ;
#1595 = ADVANCED_FACE ( 'NONE', ( #42 ), #5118, .T. ) ;
#1596 = DIRECTION ( 'NONE',  ( 1.000000000000000000, 0.0000000000000000000, 0.0000000000000000000 ) ) ;
#1597 = CARTESIAN_POINT ( 'NONE',  ( -0.7704999999999998500, 0.9719999999999998600, -3.000000000000000400 ) ) ;
#1598 = ORIENTED_EDGE ( 'NONE', *, *, #1578, .T. ) ;
#1599 = CARTESIAN_POINT ( 'NONE',  ( -1.518213852069460800, 0.9626105341867083900, -3.000000000000000400 ) ) ;
#1600 = VERTEX_POINT ( 'NONE', #966 ) ;
#1601 = ORIENTED_EDGE ( 'NONE', *, *, #5500, .F. ) ;
#1602 = FACE_OUTER_BOUND ( 'NONE', #1628, .T. ) ;
#1603 = DIRECTION ( 'NONE',  ( 1.000000000000000000, 0.0000000000000000000, 0.0000000000000000000 ) ) ;
#1604 = VERTEX_POINT ( 'NONE', #2371 ) ;
#1605 = ORIENTED_EDGE ( 'NONE', *, *, #3045, .F. ) ;
#1606 = AXIS2_PLACEMENT_3D ( 'NONE', #5279, #216, #1083 ) ;
#1607 = ORIENTED_EDGE ( 'NONE', *, *, #2271, .T. ) ;
#1608 = EDGE_CURVE ( 'NONE', #1282, #2530, #1108, .T. ) ;
#1609 = LINE ( 'NONE', #1022, #247 ) ;
#1610 = CARTESIAN_POINT ( 'NONE',  ( -1.654348235385595600, 0.8577665894109746100, 0.0000000000000000000 ) ) ;
#1611 = ORIENTED_EDGE ( 'NONE', *, *, #1487, .F. ) ;
#1612 = ORIENTED_EDGE ( 'NONE', *, *, #3553, .T. ) ;
#1613 = DIRECTION ( 'NONE',  ( 0.0000000000000000000, 0.0000000000000000000, 1.000000000000000000 ) ) ;
#1614 = ORIENTED_EDGE ( 'NONE', *, *, #5896, .T. ) ;
#1615 = VECTOR ( 'NONE', #5253, 39.37007874015748100 ) ;
#1616 = CYLINDRICAL_SURFACE ( 'NONE', #3141, 0.6250000000000000000 ) ;
#1617 = DIRECTION ( 'NONE',  ( 1.000000000000000000, 3.993012400140799200E-015, -0.0000000000000000000 ) ) ;
#1618 = AXIS2_PLACEMENT_3D ( 'NONE', #2222, #845, #4991 ) ;
#1619 = ORIENTED_EDGE ( 'NONE', *, *, #534, .T. ) ;
#1620 = EDGE_CURVE ( 'NONE', #3665, #5396, #1257, .T. ) ;
#1621 = DIRECTION ( 'NONE',  ( -0.0000000000000000000, -0.0000000000000000000, -1.000000000000000000 ) ) ;
#1622 = ORIENTED_EDGE ( 'NONE', *, *, #497, .F. ) ;
#1623 = DIRECTION ( 'NONE',  ( -0.9993908270190957600, 0.03489949670250191300, 0.0000000000000000000 ) ) ;
#1624 = CARTESIAN_POINT ( 'NONE',  ( -1.518213852069460800, 0.9626105341867085000, 0.0000000000000000000 ) ) ;
#1625 = CIRCLE ( 'NONE', #1524, 0.02200000000000020300 ) ;
#1626 = CYLINDRICAL_SURFACE ( 'NONE', #2471, 0.02500000000000000500 ) ;
#1627 = DIRECTION ( 'NONE',  ( -1.000000000000000000, 0.0000000000000000000, 0.0000000000000000000 ) ) ;
#1628 = EDGE_LOOP ( 'NONE', ( #4564, #5017, #3261, #812 ) ) ;
#1629 = STYLED_ITEM ( 'NONE', ( #2207 ), #1200 ) ;
#1630 = CARTESIAN_POINT ( 'NONE',  ( -1.058152527650757100, 0.9499999999999999600, -3.000000000000000400 ) ) ;
#1631 = LINE ( 'NONE', #2389, #265 ) ;
#1632 = ADVANCED_FACE ( 'NONE', ( #2347 ), #968, .F. ) ;
#1633 = EDGE_CURVE ( 'NONE', #4234, #2967, #4666, .T. ) ;
#1634 = FACE_OUTER_BOUND ( 'NONE', #5544, .T. ) ;
#1635 = FACE_OUTER_BOUND ( 'NONE', #4713, .T. ) ;
#1636 = ORIENTED_EDGE ( 'NONE', *, *, #4516, .F. ) ;
#1637 = CIRCLE ( 'NONE', #1452, 0.01499999999999997700 ) ;
#1638 = LINE ( 'NONE', #4418, #3019 ) ;
#1639 = CIRCLE ( 'NONE', #777, 0.6250000000000000000 ) ;
#1640 = EDGE_CURVE ( 'NONE', #4153, #5289, #473, .T. ) ;
#1641 = CARTESIAN_POINT ( 'NONE',  ( -0.7468551255333348800, 0.3665075225034114000, -3.000000000000000400 ) ) ;
#1642 = VERTEX_POINT ( 'NONE', #73 ) ;
#1643 = VERTEX_POINT ( 'NONE', #2147 ) ;
#1644 = CARTESIAN_POINT ( 'NONE',  ( 0.7924999999999997600, 0.9780000000000000900, -3.000000000000000400 ) ) ;
#1645 = CARTESIAN_POINT ( 'NONE',  ( 1.077274771286915300, 0.9350000000000000500, -3.000000000000000400 ) ) ;
#1646 = CARTESIAN_POINT ( 'NONE',  ( -0.9683585055943934000, 0.2601086883240222900, -3.000000000000000400 ) ) ;
#1647 = LINE ( 'NONE', #4375, #424 ) ;
#1648 = CARTESIAN_POINT ( 'NONE',  ( 1.821881008441300400, 0.04071346195058591500, -2.654999999999999400 ) ) ;
#1649 = AXIS2_PLACEMENT_3D ( 'NONE', #3355, #583, #3839 ) ;
#1650 = EDGE_CURVE ( 'NONE', #3104, #5725, #822, .T. ) ;
#1651 = DIRECTION ( 'NONE',  ( 0.0000000000000000000, 0.0000000000000000000, 1.000000000000000000 ) ) ;
#1652 =( BOUNDED_CURVE ( )  B_SPLINE_CURVE ( 3, ( #2295, #2763, #3, #1831 ),
 .UNSPECIFIED., .F., .F. ) 
 B_SPLINE_CURVE_WITH_KNOTS ( ( 4, 4 ),
 ( 3.141592653589793100, 4.712388980384692300 ),
 .UNSPECIFIED. ) 
 CURVE ( )  GEOMETRIC_REPRESENTATION_ITEM ( )  RATIONAL_B_SPLINE_CURVE ( ( 1.000000000000000000, 0.8047378541243643800, 0.8047378541243643800, 1.000000000000000000 ) ) 
 REPRESENTATION_ITEM ( '' )  );
#1653 = EDGE_LOOP ( 'NONE', ( #1920, #2180, #4519, #2613, #1820 ) ) ;
#1654 = AXIS2_PLACEMENT_3D ( 'NONE', #5256, #5273, #3874 ) ;
#1655 = EDGE_CURVE ( 'NONE', #3861, #5725, #2199, .T. ) ;
#1656 = VERTEX_POINT ( 'NONE', #3550 ) ;
#1657 = CARTESIAN_POINT ( 'NONE',  ( -1.201152527650757300, 0.9999999999999996700, -3.000000000000000400 ) ) ;
#1658 = ADVANCED_FACE ( 'NONE', ( #5753 ), #1707, .T. ) ;
#1659 = CARTESIAN_POINT ( 'NONE',  ( -1.946771454098938000, 0.4452139642359396200, -3.000000000000000400 ) ) ;
#1660 = CARTESIAN_POINT ( 'NONE',  ( -0.6560000000000000300, 0.0000000000000000000, 0.0000000000000000000 ) ) ;
#1661 = AXIS2_PLACEMENT_3D ( 'NONE', #636, #3880, #1080 ) ;
#1662 = ORIENTED_EDGE ( 'NONE', *, *, #5422, .T. ) ;
#1663 = EDGE_CURVE ( 'NONE', #2114, #4150, #755, .T. ) ;
#1664 = DIRECTION ( 'NONE',  ( 5.947484449591497200E-015, -2.076907335199443400E-016, 1.000000000000000000 ) ) ;
#1665 = DIRECTION ( 'NONE',  ( 1.000000000000000000, 0.0000000000000000000, 0.0000000000000000000 ) ) ;
#1666 = AXIS2_PLACEMENT_3D ( 'NONE', #4233, #980, #5622 ) ;
#1667 = CARTESIAN_POINT ( 'NONE',  ( -1.090648550291540800, 0.9282072071181698400, 0.0000000000000000000 ) ) ;
#1668 = VERTEX_POINT ( 'NONE', #5418 ) ;
#1669 = VERTEX_POINT ( 'NONE', #4493 ) ;
#1670 = FACE_OUTER_BOUND ( 'NONE', #833, .T. ) ;
#1671 = CARTESIAN_POINT ( 'NONE',  ( 1.891040841103374600, 0.6247071131021896300, -3.000000000000000400 ) ) ;
#1672 = DIRECTION ( 'NONE',  ( 0.0000000000000000000, 0.0000000000000000000, 1.000000000000000000 ) ) ;
#1673 = DIRECTION ( 'NONE',  ( -0.4528528587886683800, -0.8915852669750270500, -0.0000000000000000000 ) ) ;
#1674 = ORIENTED_EDGE ( 'NONE', *, *, #2387, .F. ) ;
#1675 = DIRECTION ( 'NONE',  ( 0.0000000000000000000, 0.0000000000000000000, 1.000000000000000000 ) ) ;
#1676 = ORIENTED_EDGE ( 'NONE', *, *, #3827, .T. ) ;
#1677 = LINE ( 'NONE', #3962, #1533 ) ;
#1678 = CARTESIAN_POINT ( 'NONE',  ( 1.036152527650757000, 0.9780000000000000900, -3.000000000000000400 ) ) ;
#1679 = EDGE_CURVE ( 'NONE', #4235, #1812, #1917, .T. ) ;
#1680 = VERTEX_POINT ( 'NONE', #2182 ) ;
#1681 = DIRECTION ( 'NONE',  ( -1.000000000000000000, 0.0000000000000000000, 0.0000000000000000000 ) ) ;
#1682 = VERTEX_POINT ( 'NONE', #5899 ) ;
#1683 = CYLINDRICAL_SURFACE ( 'NONE', #5706, 0.02199999999999992900 ) ;
#1684 = CARTESIAN_POINT ( 'NONE',  ( -1.036152527650757000, 0.9719999999999998600, -3.000000000000000400 ) ) ;
#1685 = EDGE_LOOP ( 'NONE', ( #734, #5538 ) ) ;
#1686 = DIRECTION ( 'NONE',  ( 0.0000000000000000000, 0.0000000000000000000, 1.000000000000000000 ) ) ;
#1687 = VECTOR ( 'NONE', #5937, 39.37007874015748100 ) ;
#1688 = ADVANCED_FACE ( 'NONE', ( #687 ), #3005, .F. ) ;
#1689 = VERTEX_POINT ( 'NONE', #808 ) ;
#1690 = EDGE_CURVE ( 'NONE', #2530, #690, #5467, .T. ) ;
#1691 = ORIENTED_EDGE ( 'NONE', *, *, #697, .T. ) ;
#1692 = DIRECTION ( 'NONE',  ( -3.619389336043008200E-015, -1.000000000000000000, 0.0000000000000000000 ) ) ;
#1693 = VECTOR ( 'NONE', #2752, 39.37007874015748900 ) ;
#1694 = VECTOR ( 'NONE', #3797, 39.37007874015748100 ) ;
#1695 = ORIENTED_EDGE ( 'NONE', *, *, #3109, .T. ) ;
#1696 = ORIENTED_EDGE ( 'NONE', *, *, #4123, .F. ) ;
#1697 = AXIS2_PLACEMENT_3D ( 'NONE', #5608, #5633, #2863 ) ;
#1698 = VECTOR ( 'NONE', #5789, 39.37007874015748100 ) ;
#1699 = LINE ( 'NONE', #884, #2939 ) ;
#1700 = EDGE_CURVE ( 'NONE', #4558, #5581, #2054, .T. ) ;
#1701 = ORIENTED_EDGE ( 'NONE', *, *, #2071, .F. ) ;
#1702 = VERTEX_POINT ( 'NONE', #371 ) ;
#1703 = CIRCLE ( 'NONE', #226, 0.1099999999999999200 ) ;
#1704 = CARTESIAN_POINT ( 'NONE',  ( 1.823805167915710100, 0.09581418001649220900, -0.3449999999999999700 ) ) ;
#1705 = FACE_OUTER_BOUND ( 'NONE', #305, .T. ) ;
#1706 = FACE_OUTER_BOUND ( 'NONE', #1286, .T. ) ;
#1707 = PLANE ( 'NONE',  #3108 ) ;
#1708 = EDGE_LOOP ( 'NONE', ( #3959, #4285, #1839, #4835 ) ) ;
#1709 = AXIS2_PLACEMENT_3D ( 'NONE', #3352, #4281, #1514 ) ;
#1710 = CARTESIAN_POINT ( 'NONE',  ( 1.201152527650757300, 0.9500000000000002900, -3.000000000000000400 ) ) ;
#1711 = VECTOR ( 'NONE', #5322, 39.37007874015748100 ) ;
#1712 = VECTOR ( 'NONE', #3191, 39.37007874015748100 ) ;
#1713 = ORIENTED_EDGE ( 'NONE', *, *, #1736, .T. ) ;
#1714 = DIRECTION ( 'NONE',  ( 1.000000000000000000, 0.0000000000000000000, 0.0000000000000000000 ) ) ;
#1715 = DIRECTION ( 'NONE',  ( 0.0000000000000000000, 0.0000000000000000000, 1.000000000000000000 ) ) ;
#1716 = ADVANCED_FACE ( 'NONE', ( #544 ), #3594, .T. ) ;
#1717 = CARTESIAN_POINT ( 'NONE',  ( -1.537128025682452700, 0.9158789639034484700, -3.000000000000000400 ) ) ;
#1718 = EDGE_LOOP ( 'NONE', ( #3326, #5735, #2216, #2849 ) ) ;
#1719 = DIRECTION ( 'NONE',  ( -1.000000000000000000, -0.0000000000000000000, -0.0000000000000000000 ) ) ;
#1720 = ORIENTED_EDGE ( 'NONE', *, *, #5728, .F. ) ;
#1721 = DIRECTION ( 'NONE',  ( -2.890593476675650300E-015, 1.009417484933427700E-016, 1.000000000000000000 ) ) ;
#1722 = ADVANCED_FACE ( 'NONE', ( #4243 ), #1626, .F. ) ;
#1723 = CARTESIAN_POINT ( 'NONE',  ( 1.058152527650757100, 0.9500000000000000700, -3.000000000000000400 ) ) ;
#1724 = AXIS2_PLACEMENT_3D ( 'NONE', #3058, #295, #3531 ) ;
#1725 = EDGE_CURVE ( 'NONE', #5374, #4227, #4102, .T. ) ;
#1726 =( CONVERSION_BASED_UNIT ( 'INCH', #5887 ) LENGTH_UNIT ( ) NAMED_UNIT ( #2685 ) );
#1727 = EDGE_LOOP ( 'NONE', ( #155, #4945, #3738, #5951 ) ) ;
#1728 = AXIS2_PLACEMENT_3D ( 'NONE', #5433, #2657, #5892 ) ;
#1729 = EDGE_CURVE ( 'NONE', #4739, #4184, #5321, .T. ) ;
#1730 = CARTESIAN_POINT ( 'NONE',  ( -1.686011553626535000, 0.8646902994986837000, -3.000000000000000400 ) ) ;
#1731 = ORIENTED_EDGE ( 'NONE', *, *, #1221, .F. ) ;
#1732 = CARTESIAN_POINT ( 'NONE',  ( -0.7853104575018061700, 0.3822573689325231600, -3.000000000000000400 ) ) ;
#1733 = DIRECTION ( 'NONE',  ( 0.03489949670250190600, 0.9993908270190957600, -0.0000000000000000000 ) ) ;
#1734 = AXIS2_PLACEMENT_3D ( 'NONE', #4921, #3549, #5395 ) ;
#1735 = VERTEX_POINT ( 'NONE', #3624 ) ;
#1736 = EDGE_CURVE ( 'NONE', #4094, #2173, #2862, .T. ) ;
#1737 = CARTESIAN_POINT ( 'NONE',  ( 1.049803758246039600, 0.1176598335497449100, 0.0000000000000000000 ) ) ;
#1738 = CARTESIAN_POINT ( 'NONE',  ( 0.7704999999999998500, 0.9499999999999999600, -3.000000000000000400 ) ) ;
#1739 = VERTEX_POINT ( 'NONE', #2224 ) ;
#1740 = ORIENTED_EDGE ( 'NONE', *, *, #2310, .T. ) ;
#1741 = EDGE_LOOP ( 'NONE', ( #508, #1312, #1493, #2451 ) ) ;
#1742 = EDGE_CURVE ( 'NONE', #1518, #3415, #399, .T. ) ;
#1743 = CYLINDRICAL_SURFACE ( 'NONE', #5963, 0.02199999999999992900 ) ;
#1744 = ORIENTED_EDGE ( 'NONE', *, *, #582, .T. ) ;
#1745 = ORIENTED_EDGE ( 'NONE', *, *, #4134, .F. ) ;
#1746 = ADVANCED_FACE ( 'NONE', ( #1477 ), #3810, .F. ) ;
#1747 = DIRECTION ( 'NONE',  ( 0.7193398003386567400, -0.6946583704589913700, 0.0000000000000000000 ) ) ;
#1748 = VERTEX_POINT ( 'NONE', #1334 ) ;
#1749 = CYLINDRICAL_SURFACE ( 'NONE', #5428, 0.02199999999999965500 ) ;
#1750 = PLANE ( 'NONE',  #2833 ) ;
#1751 = ORIENTED_EDGE ( 'NONE', *, *, #5085, .F. ) ;
#1752 = CARTESIAN_POINT ( 'NONE',  ( -2.075483310264706100, -0.2956408433079555900, -0.3450000000000000300 ) ) ;
#1753 = VERTEX_POINT ( 'NONE', #1799 ) ;
#1754 = AXIS2_PLACEMENT_3D ( 'NONE', #2129, #1692, #4923 ) ;
#1755 = ORIENTED_EDGE ( 'NONE', *, *, #2244, .F. ) ;
#1756 = EDGE_CURVE ( 'NONE', #1136, #5021, #2714, .T. ) ;
#1757 = VECTOR ( 'NONE', #2959, 39.37007874015748100 ) ;
#1758 = LINE ( 'NONE', #3024, #538 ) ;
#1759 = DIRECTION ( 'NONE',  ( 0.0000000000000000000, -1.000000000000000000, 0.0000000000000000000 ) ) ;
#1760 = CARTESIAN_POINT ( 'NONE',  ( -2.034040263840681400, 0.1031557513403639100, -0.3450000000000003100 ) ) ;
#1761 = ORIENTED_EDGE ( 'NONE', *, *, #1893, .T. ) ;
#1762 = DIRECTION ( 'NONE',  ( 0.0000000000000000000, 0.0000000000000000000, 1.000000000000000000 ) ) ;
#1763 = DIRECTION ( 'NONE',  ( 0.0000000000000000000, 0.0000000000000000000, 1.000000000000000000 ) ) ;
#1764 = CYLINDRICAL_SURFACE ( 'NONE', #3705, 0.01499999999999997700 ) ;
#1765 = VECTOR ( 'NONE', #4515, 39.37007874015748100 ) ;
#1766 = DIRECTION ( 'NONE',  ( -1.000000000000000000, 0.0000000000000000000, 0.0000000000000000000 ) ) ;
#1767 = VERTEX_POINT ( 'NONE', #5045 ) ;
#1768 = EDGE_CURVE ( 'NONE', #5229, #4479, #2565, .T. ) ;
#1769 = VERTEX_POINT ( 'NONE', #2264 ) ;
#1770 = VECTOR ( 'NONE', #978, 39.37007874015748100 ) ;
#1771 = CIRCLE ( 'NONE', #986, 0.01499999999999997700 ) ;
#1772 = CIRCLE ( 'NONE', #3610, 0.3750000000000000600 ) ;
#1773 = CARTESIAN_POINT ( 'NONE',  ( 0.7924999999999999800, 0.9780000000000000900, 0.0000000000000000000 ) ) ;
#1774 = VERTEX_POINT ( 'NONE', #1355 ) ;
#1775 = AXIS2_PLACEMENT_3D ( 'NONE', #4841, #5775, #235 ) ;
#1776 = CARTESIAN_POINT ( 'NONE',  ( 1.891040841103374600, 0.6247071131021896300, -3.000000000000000400 ) ) ;
#1777 = CIRCLE ( 'NONE', #3018, 0.02199999999999992900 ) ;
#1778 = EDGE_CURVE ( 'NONE', #202, #1669, #4888, .T. ) ;
#1779 = DIRECTION ( 'NONE',  ( 0.0000000000000000000, 0.0000000000000000000, 1.000000000000000000 ) ) ;
#1780 = FACE_OUTER_BOUND ( 'NONE', #3862, .T. ) ;
#1781 = FACE_OUTER_BOUND ( 'NONE', #3952, .T. ) ;
#1782 = ORIENTED_EDGE ( 'NONE', *, *, #5159, .F. ) ;
#1783 = CARTESIAN_POINT ( 'NONE',  ( 1.223152527650756900, 0.9780000000000000900, 0.0000000000000000000 ) ) ;
#1784 = ADVANCED_FACE ( 'NONE', ( #111 ), #1179, .F. ) ;
#1785 = DIRECTION ( 'NONE',  ( 1.000000000000000000, 0.0000000000000000000, 0.0000000000000000000 ) ) ;
#1786 = CYLINDRICAL_SURFACE ( 'NONE', #2726, 0.01499999999999997700 ) ;
#1787 = AXIS2_PLACEMENT_3D ( 'NONE', #4337, #1563, #4792 ) ;
#1788 = CARTESIAN_POINT ( 'NONE',  ( 1.932472037920066200, 0.4630441504844251500, 0.0000000000000000000 ) ) ;
#1789 = DIRECTION ( 'NONE',  ( -1.000000000000000000, 0.0000000000000000000, 0.0000000000000000000 ) ) ;
#1790 = VERTEX_POINT ( 'NONE', #6001 ) ;
#1791 = VERTEX_POINT ( 'NONE', #3229 ) ;
#1792 = DIRECTION ( 'NONE',  ( -0.0000000000000000000, -0.0000000000000000000, -1.000000000000000000 ) ) ;
#1793 = CARTESIAN_POINT ( 'NONE',  ( 1.528624593600135900, 0.9420804714179321600, -3.000000000000000400 ) ) ;
#1794 = EDGE_CURVE ( 'NONE', #4012, #245, #5019, .T. ) ;
#1795 = DIRECTION ( 'NONE',  ( 0.0000000000000000000, 0.0000000000000000000, 1.000000000000000000 ) ) ;
#1796 = CARTESIAN_POINT ( 'NONE',  ( -1.058152527650757100, 0.9499999999999999600, -3.000000000000000400 ) ) ;
#1797 = CARTESIAN_POINT ( 'NONE',  ( 1.223152527650756700, 0.9719999999999998600, 0.0000000000000000000 ) ) ;
#1798 = ORIENTED_EDGE ( 'NONE', *, *, #511, .F. ) ;
#1799 = CARTESIAN_POINT ( 'NONE',  ( -1.018022407083604600, 0.1377785243720350000, 0.0000000000000000000 ) ) ;
#1800 = AXIS2_PLACEMENT_3D ( 'NONE', #116, #3340, #1950 ) ;
#1801 = EDGE_CURVE ( 'NONE', #5014, #3386, #260, .T. ) ;
#1802 = CARTESIAN_POINT ( 'NONE',  ( 1.692729069476437200, 0.8805157751061342100, 0.0000000000000000000 ) ) ;
#1803 = VERTEX_POINT ( 'NONE', #1367 ) ;
#1804 = AXIS2_PLACEMENT_3D ( 'NONE', #721, #1157, #1183 ) ;
#1805 = ADVANCED_FACE ( 'NONE', ( #3955 ), #1036, .F. ) ;
#1806 = EDGE_CURVE ( 'NONE', #268, #1832, #5971, .T. ) ;
#1807 = CARTESIAN_POINT ( 'NONE',  ( -0.8076000891761818700, 0.3709360474628064500, -3.000000000000000400 ) ) ;
#1808 = CARTESIAN_POINT ( 'NONE',  ( 1.894113555424991900, 0.6021114746462065100, -3.000000000000000400 ) ) ;
#1809 = ORIENTED_EDGE ( 'NONE', *, *, #1414, .T. ) ;
#1810 = DIRECTION ( 'NONE',  ( 0.0000000000000000000, 0.0000000000000000000, 1.000000000000000000 ) ) ;
#1811 = CARTESIAN_POINT ( 'NONE',  ( -1.686011553626535000, 0.8646902994986837000, -3.000000000000000400 ) ) ;
#1812 = VERTEX_POINT ( 'NONE', #924 ) ;
#1813 = VECTOR ( 'NONE', #1352, 39.37007874015748100 ) ;
#1814 = CARTESIAN_POINT ( 'NONE',  ( 1.879556787332412200, 0.09776106946693456600, -2.654999999999998900 ) ) ;
#1815 = AXIS2_PLACEMENT_3D ( 'NONE', #3407, #639, #3888 ) ;
#1816 = ORIENTED_EDGE ( 'NONE', *, *, #3321, .F. ) ;
#1817 = EDGE_CURVE ( 'NONE', #1735, #1061, #2268, .T. ) ;
#1818 = DIRECTION ( 'NONE',  ( -0.7193398003386505300, -0.6946583704589979200, 0.0000000000000000000 ) ) ;
#1819 = VERTEX_POINT ( 'NONE', #474 ) ;
#1820 = ORIENTED_EDGE ( 'NONE', *, *, #4217, .T. ) ;
#1821 = CARTESIAN_POINT ( 'NONE',  ( -0.6674999999999998700, 0.9780000000000000900, -3.000000000000000400 ) ) ;
#1822 = LINE ( 'NONE', #4373, #5376 ) ;
#1823 = ORIENTED_EDGE ( 'NONE', *, *, #452, .T. ) ;
#1824 = EDGE_LOOP ( 'NONE', ( #4099, #2313, #1096, #4520 ) ) ;
#1825 = LINE ( 'NONE', #64, #600 ) ;
#1826 = EDGE_CURVE ( 'NONE', #4204, #3555, #3512, .T. ) ;
#1827 = EDGE_LOOP ( 'NONE', ( #2294, #945, #1117, #4625 ) ) ;
#1828 = VECTOR ( 'NONE', #3074, 39.37007874015748100 ) ;
#1829 = CIRCLE ( 'NONE', #2627, 0.02500000000000000500 ) ;
#1830 =( BOUNDED_CURVE ( )  B_SPLINE_CURVE ( 3, ( #5417, #1704, #4050, #1253 ),
 .UNSPECIFIED., .F., .F. ) 
 B_SPLINE_CURVE_WITH_KNOTS ( ( 4, 4 ),
 ( 1.570796326794896600, 3.141592653589793100 ),
 .UNSPECIFIED. ) 
 CURVE ( )  GEOMETRIC_REPRESENTATION_ITEM ( )  RATIONAL_B_SPLINE_CURVE ( ( 1.000000000000000000, 0.8047378541243649400, 0.8047378541243649400, 1.000000000000000000 ) ) 
 REPRESENTATION_ITEM ( '' )  );
#1831 = CARTESIAN_POINT ( 'NONE',  ( 1.877632627858003100, 0.04266035140102816100, -0.3449999999999996400 ) ) ;
#1832 = VERTEX_POINT ( 'NONE', #494 ) ;
#1833 = CARTESIAN_POINT ( 'NONE',  ( -1.049803758246039600, 0.1176598335497449100, 0.0000000000000000000 ) ) ;
#1834 = VERTEX_POINT ( 'NONE', #4635 ) ;
#1835 = LINE ( 'NONE', #4585, #1985 ) ;
#1836 = FACE_OUTER_BOUND ( 'NONE', #148, .T. ) ;
#1837 = CARTESIAN_POINT ( 'NONE',  ( 1.891040841103374600, 0.6247071131021896300, 0.0000000000000000000 ) ) ;
#1838 = CARTESIAN_POINT ( 'NONE',  ( 0.8076000891761818700, 0.3709360474628064500, 0.0000000000000000000 ) ) ;
#1839 = ORIENTED_EDGE ( 'NONE', *, *, #1133, .T. ) ;
#1840 = AXIS2_PLACEMENT_3D ( 'NONE', #2768, #5560, #2796 ) ;
#1841 = CARTESIAN_POINT ( 'NONE',  ( -1.885517470598227800, 0.6223625814221600500, 0.0000000000000000000 ) ) ;
#1842 = EDGE_CURVE ( 'NONE', #3612, #4177, #4584, .T. ) ;
#1843 = DIRECTION ( 'NONE',  ( 1.000000000000000000, 0.0000000000000000000, 0.0000000000000000000 ) ) ;
#1844 = CYLINDRICAL_SURFACE ( 'NONE', #3171, 0.02199999999999965500 ) ;
#1845 = FACE_OUTER_BOUND ( 'NONE', #3567, .T. ) ;
#1846 = CARTESIAN_POINT ( 'NONE',  ( -0.7177609266367162000, 0.9350000000000000500, -3.000000000000000400 ) ) ;
#1847 = ORIENTED_EDGE ( 'NONE', *, *, #684, .F. ) ;
#1848 = DIRECTION ( 'NONE',  ( 0.9993908270190957600, -0.03489949670250170500, 0.0000000000000000000 ) ) ;
#1849 = FACE_OUTER_BOUND ( 'NONE', #4225, .T. ) ;
#1850 = AXIS2_PLACEMENT_3D ( 'NONE', #5213, #2444, #5683 ) ;
#1851 = CIRCLE ( 'NONE', #4286, 0.02749999999999991000 ) ;
#1852 = VECTOR ( 'NONE', #3742, 39.37007874015748100 ) ;
#1853 = EDGE_CURVE ( 'NONE', #4743, #4304, #3361, .T. ) ;
#1854 = VERTEX_POINT ( 'NONE', #5582 ) ;
#1855 = LINE ( 'NONE', #2505, #770 ) ;
#1856 = DIRECTION ( 'NONE',  ( -0.0000000000000000000, -0.0000000000000000000, -1.000000000000000000 ) ) ;
#1857 = DIRECTION ( 'NONE',  ( 0.7155408596166031900, -0.6985708827450027900, 0.0000000000000000000 ) ) ;
#1858 = CIRCLE ( 'NONE', #4089, 0.01499999999999997700 ) ;
#1859 = ORIENTED_EDGE ( 'NONE', *, *, #2232, .T. ) ;
#1860 = CARTESIAN_POINT ( 'NONE',  ( 0.3298335452906798200, 0.0000000000000000000, -1.998324128259931100 ) ) ;
#1861 = EDGE_CURVE ( 'NONE', #1126, #1058, #5674, .T. ) ;
#1862 = CARTESIAN_POINT ( 'NONE',  ( -1.932472037920066200, 0.4630441504844251500, -3.000000000000000400 ) ) ;
#1863 = DIRECTION ( 'NONE',  ( -0.03489949670250189200, 0.9993908270190957600, 0.0000000000000000000 ) ) ;
#1864 = CARTESIAN_POINT ( 'NONE',  ( 1.201152527650757300, 0.9719999999999998600, 0.0000000000000000000 ) ) ;
#1865 = DIRECTION ( 'NONE',  ( 0.0000000000000000000, -1.000000000000000000, 0.0000000000000000000 ) ) ;
#1866 = CARTESIAN_POINT ( 'NONE',  ( -0.7704999999999998500, 0.9719999999999998600, -3.000000000000000400 ) ) ;
#1867 = CARTESIAN_POINT ( 'NONE',  ( -0.8929584296254596800, 0.2996556298667215100, -3.000000000000000400 ) ) ;
#1868 = EDGE_CURVE ( 'NONE', #1876, #1140, #4445, .T. ) ;
#1869 = CARTESIAN_POINT ( 'NONE',  ( -1.036152527650757000, 0.9780000000000000900, -3.000000000000000400 ) ) ;
#1870 = DIRECTION ( 'NONE',  ( -1.000000000000000000, 0.0000000000000000000, 0.0000000000000000000 ) ) ;
#1871 = DIRECTION ( 'NONE',  ( -1.000000000000000000, 0.0000000000000000000, 0.0000000000000000000 ) ) ;
#1872 = ORIENTED_EDGE ( 'NONE', *, *, #4705, .F. ) ;
#1873 = CARTESIAN_POINT ( 'NONE',  ( -1.058152527650757100, 0.9999999999999998900, 0.0000000000000000000 ) ) ;
#1874 = PRODUCT_RELATED_PRODUCT_CATEGORY ( 'part', '', ( #2360 ) ) ;
#1875 = EDGE_CURVE ( 'NONE', #2097, #797, #2119, .T. ) ;
#1876 = VERTEX_POINT ( 'NONE', #5135 ) ;
#1877 = CARTESIAN_POINT ( 'NONE',  ( 1.938175369272173900, 0.4654650710118934900, 0.0000000000000000000 ) ) ;
#1878 = PLANE ( 'NONE',  #5998 ) ;
#1879 = DIRECTION ( 'NONE',  ( 0.0000000000000000000, 0.0000000000000000000, 1.000000000000000000 ) ) ;
#1880 = DIRECTION ( 'NONE',  ( -0.0000000000000000000, 1.000000000000000000, -0.0000000000000000000 ) ) ;
#1881 = DIRECTION ( 'NONE',  ( 1.000000000000000000, 0.0000000000000000000, 0.0000000000000000000 ) ) ;
#1882 = DIRECTION ( 'NONE',  ( 0.0000000000000000000, -1.000000000000000000, 0.0000000000000000000 ) ) ;
#1883 = CARTESIAN_POINT ( 'NONE',  ( -1.036152527650757300, 0.9780000000000000900, -3.000000000000000400 ) ) ;
#1884 = AXIS2_PLACEMENT_3D ( 'NONE', #4232, #2378, #1916 ) ;
#1885 = EDGE_CURVE ( 'NONE', #1495, #4641, #752, .T. ) ;
#1886 = DIRECTION ( 'NONE',  ( 0.0000000000000000000, 0.0000000000000000000, 1.000000000000000000 ) ) ;
#1887 = ORIENTED_EDGE ( 'NONE', *, *, #3611, .T. ) ;
#1888 = DIRECTION ( 'NONE',  ( 0.0000000000000000000, 0.0000000000000000000, 1.000000000000000000 ) ) ;
#1889 = AXIS2_PLACEMENT_3D ( 'NONE', #4194, #1391, #4634 ) ;
#1890 = CARTESIAN_POINT ( 'NONE',  ( 2.035000000000000100, 0.07567250359733875000, -2.654999999999999800 ) ) ;
#1891 = ORIENTED_EDGE ( 'NONE', *, *, #5955, .F. ) ;
#1892 = CARTESIAN_POINT ( 'NONE',  ( -0.6674999999999998700, 0.0000000000000000000, -3.000000000000000400 ) ) ;
#1893 = EDGE_CURVE ( 'NONE', #791, #2889, #3076, .T. ) ;
#1894 = VERTEX_POINT ( 'NONE', #3306 ) ;
#1895 = ORIENTED_EDGE ( 'NONE', *, *, #5351, .T. ) ;
#1896 = CIRCLE ( 'NONE', #281, 0.5750000000000000700 ) ;
#1897 = PLANE ( 'NONE',  #360 ) ;
#1898 = ORIENTED_EDGE ( 'NONE', *, *, #5294, .F. ) ;
#1899 = PLANE ( 'NONE',  #3311 ) ;
#1900 = CARTESIAN_POINT ( 'NONE',  ( 0.8711551671333397400, 0.3148802516829079500, -3.000000000000000400 ) ) ;
#1901 = ORIENTED_EDGE ( 'NONE', *, *, #4054, .F. ) ;
#1902 = ORIENTED_EDGE ( 'NONE', *, *, #1663, .T. ) ;
#1903 = CARTESIAN_POINT ( 'NONE',  ( -1.043022407083604700, 0.1377785243720350000, -3.000000000000000400 ) ) ;
#1904 = AXIS2_PLACEMENT_3D ( 'NONE', #2628, #1246, #4955 ) ;
#1905 = DIRECTION ( 'NONE',  ( 1.000000000000000000, 0.0000000000000000000, 0.0000000000000000000 ) ) ;
#1906 = FACE_OUTER_BOUND ( 'NONE', #669, .T. ) ;
#1908 = ADVANCED_FACE ( 'NONE', ( #1836 ), #2935, .T. ) ;
#1907 = ORIENTED_EDGE ( 'NONE', *, *, #5500, .T. ) ;
#1909 = CARTESIAN_POINT ( 'NONE',  ( 0.1406498627725982800, 0.0000000000000000000, -1.322961540613206700 ) ) ;
#1910 = ORIENTED_EDGE ( 'NONE', *, *, #3211, .F. ) ;
#1911 = FACE_OUTER_BOUND ( 'NONE', #5558, .T. ) ;
#1912 = FACE_OUTER_BOUND ( 'NONE', #5100, .T. ) ;
#1913 = ORIENTED_EDGE ( 'NONE', *, *, #511, .T. ) ;
#1914 = CARTESIAN_POINT ( 'NONE',  ( 1.540482935550952600, 0.9676462049950853600, -3.000000000000000400 ) ) ;
#1915 = CIRCLE ( 'NONE', #4215, 0.01299999999999997000 ) ;
#1916 = DIRECTION ( 'NONE',  ( -0.9993908270190957600, 0.03489949670250191300, 0.0000000000000000000 ) ) ;
#1917 = LINE ( 'NONE', #1723, #4382 ) ;
#1918 = CARTESIAN_POINT ( 'NONE',  ( 0.8847321782755623900, 0.3358722684617683800, -3.000000000000000400 ) ) ;
#1919 = VERTEX_POINT ( 'NONE', #3319 ) ;
#1920 = ORIENTED_EDGE ( 'NONE', *, *, #5986, .T. ) ;
#1921 = CIRCLE ( 'NONE', #2615, 0.02749999999999991000 ) ;
#1922 = PLANE ( 'NONE',  #4940 ) ;
#1923 = VECTOR ( 'NONE', #972, 39.37007874015748900 ) ;
#1924 = AXIS2_PLACEMENT_3D ( 'NONE', #5160, #1005, #1455 ) ;
#1925 = DIRECTION ( 'NONE',  ( -1.000000000000000000, 0.0000000000000000000, 0.0000000000000000000 ) ) ;
#1926 = EDGE_LOOP ( 'NONE', ( #3763, #3927, #1471, #4973 ) ) ;
#1927 = EDGE_CURVE ( 'NONE', #5854, #3718, #5537, .T. ) ;
#1928 = DIRECTION ( 'NONE',  ( -0.0000000000000000000, -1.000000000000000000, -0.0000000000000000000 ) ) ;
#1929 = VECTOR ( 'NONE', #3774, 39.37007874015748100 ) ;
#1930 = DIRECTION ( 'NONE',  ( 0.0000000000000000000, 0.0000000000000000000, 1.000000000000000000 ) ) ;
#1931 = LINE ( 'NONE', #223, #701 ) ;
#1932 = LINE ( 'NONE', #3771, #3165 ) ;
#1933 = CARTESIAN_POINT ( 'NONE',  ( -0.7704999999999998500, 0.9500000000000000700, 0.0000000000000000000 ) ) ;
#1934 = ORIENTED_EDGE ( 'NONE', *, *, #1221, .T. ) ;
#1935 = AXIS2_PLACEMENT_3D ( 'NONE', #5506, #2742, #5975 ) ;
#1936 = EDGE_CURVE ( 'NONE', #19, #5954, #610, .T. ) ;
#1937 = CARTESIAN_POINT ( 'NONE',  ( -1.153472810143658400, 0.9415961345761261200, 0.0000000000000000000 ) ) ;
#1938 = FACE_OUTER_BOUND ( 'NONE', #878, .T. ) ;
#1939 = ADVANCED_FACE ( 'NONE', ( #465 ), #1948, .T. ) ;
#1940 = AXIS2_PLACEMENT_3D ( 'NONE', #1568, #2467, #1085 ) ;
#1941 = CARTESIAN_POINT ( 'NONE',  ( -2.034040263840681400, 0.1031557513403639100, 0.0000000000000000000 ) ) ;
#1942 = EDGE_CURVE ( 'NONE', #2993, #5229, #2783, .T. ) ;
#1943 = DIRECTION ( 'NONE',  ( -1.000000000000000000, 0.0000000000000000000, 0.0000000000000000000 ) ) ;
#1944 = EDGE_LOOP ( 'NONE', ( #3865, #4902, #84, #3650 ) ) ;
#1945 = CARTESIAN_POINT ( 'NONE',  ( 1.879556787332412200, 0.09776106946693456600, -0.3449999999999998600 ) ) ;
#1946 = DIRECTION ( 'NONE',  ( 0.9993908270190955400, -0.03489949670250170500, -0.0000000000000000000 ) ) ;
#1947 = CARTESIAN_POINT ( 'NONE',  ( 1.542397421957246100, 0.8909211854989539400, -3.000000000000000400 ) ) ;
#1948 = PLANE ( 'NONE',  #2905 ) ;
#1949 = EDGE_CURVE ( 'NONE', #3415, #5756, #4025, .T. ) ;
#1950 = DIRECTION ( 'NONE',  ( 1.000000000000000000, 0.0000000000000000000, 0.0000000000000000000 ) ) ;
#1951 = ORIENTED_EDGE ( 'NONE', *, *, #2760, .T. ) ;
#1952 = DIRECTION ( 'NONE',  ( 0.0000000000000000000, 0.0000000000000000000, 1.000000000000000000 ) ) ;
#1953 = ORIENTED_EDGE ( 'NONE', *, *, #2449, .F. ) ;
#1954 = CARTESIAN_POINT ( 'NONE',  ( -2.075483310264706600, -0.2956408433079555900, -2.844999999999999800 ) ) ;
#1955 = EDGE_CURVE ( 'NONE', #4376, #2917, #5239, .T. ) ;
#1956 = CARTESIAN_POINT ( 'NONE',  ( 1.960175369272174400, 0.4654650710118934900, -3.000000000000000400 ) ) ;
#1957 = DIRECTION ( 'NONE',  ( -0.0000000000000000000, 1.000000000000000000, -0.0000000000000000000 ) ) ;
#1958 = DIRECTION ( 'NONE',  ( -0.0000000000000000000, -0.0000000000000000000, -1.000000000000000000 ) ) ;
#1959 = ORIENTED_EDGE ( 'NONE', *, *, #4622, .T. ) ;
#1960 = CARTESIAN_POINT ( 'NONE',  ( -1.201152527650757300, 0.9500000000000000700, -3.000000000000000400 ) ) ;
#1961 = ADVANCED_FACE ( 'NONE', ( #326 ), #179, .T. ) ;
#1962 = DIRECTION ( 'NONE',  ( 1.000000000000000000, 0.0000000000000000000, 0.0000000000000000000 ) ) ;
#1963 = ORIENTED_EDGE ( 'NONE', *, *, #4495, .F. ) ;
#1964 = AXIS2_PLACEMENT_3D ( 'NONE', #1517, #4754, #1983 ) ;
#1965 = ORIENTED_EDGE ( 'NONE', *, *, #316, .F. ) ;
#1966 = EDGE_CURVE ( 'NONE', #5949, #3031, #2635, .T. ) ;
#1967 = ORIENTED_EDGE ( 'NONE', *, *, #5794, .F. ) ;
#1968 = ORIENTED_EDGE ( 'NONE', *, *, #2237, .T. ) ;
#1969 = DIRECTION ( 'NONE',  ( 0.0000000000000000000, 0.0000000000000000000, 1.000000000000000000 ) ) ;
#1970 = ORIENTED_EDGE ( 'NONE', *, *, #2257, .F. ) ;
#1971 = CIRCLE ( 'NONE', #3996, 0.02749999999999991000 ) ;
#1972 = AXIS2_PLACEMENT_3D ( 'NONE', #1506, #4735, #1962 ) ;
#1973 = DIRECTION ( 'NONE',  ( -0.0000000000000000000, -0.0000000000000000000, -1.000000000000000000 ) ) ;
#1974 = VERTEX_POINT ( 'NONE', #1049 ) ;
#1975 = VECTOR ( 'NONE', #5140, 39.37007874015748900 ) ;
#1976 = ORIENTED_EDGE ( 'NONE', *, *, #4289, .T. ) ;
#1977 = CYLINDRICAL_SURFACE ( 'NONE', #2689, 0.02200000000000020300 ) ;
#1978 = DIRECTION ( 'NONE',  ( 0.0000000000000000000, 0.0000000000000000000, 1.000000000000000000 ) ) ;
#1979 = LINE ( 'NONE', #3127, #604 ) ;
#1980 = CARTESIAN_POINT ( 'NONE',  ( -1.533496336219558800, 0.9467850585792581000, -3.000000000000000400 ) ) ;
#1981 = CARTESIAN_POINT ( 'NONE',  ( 1.043022407083604700, 0.1377785243720350000, -3.000000000000000400 ) ) ;
#1982 = ORIENTED_EDGE ( 'NONE', *, *, #5585, .F. ) ;
#1983 = DIRECTION ( 'NONE',  ( 1.000000000000000000, 0.0000000000000000000, 0.0000000000000000000 ) ) ;
#1984 = ORIENTED_EDGE ( 'NONE', *, *, #4714, .F. ) ;
#1985 = VECTOR ( 'NONE', #434, 39.37007874015748100 ) ;
#1986 = VECTOR ( 'NONE', #3759, 39.37007874015748100 ) ;
#1987 = CARTESIAN_POINT ( 'NONE',  ( -1.875799255049397200, 0.5887366494280017500, 0.0000000000000000000 ) ) ;
#1988 = ORIENTED_EDGE ( 'NONE', *, *, #4554, .F. ) ;
#1989 = DIRECTION ( 'NONE',  ( 0.0000000000000000000, 1.000000000000000000, -0.0000000000000000000 ) ) ;
#1990 = ORIENTED_EDGE ( 'NONE', *, *, #1756, .T. ) ;
#1991 = FACE_OUTER_BOUND ( 'NONE', #461, .T. ) ;
#1992 = LINE ( 'NONE', #3613, #756 ) ;
#1993 = VERTEX_POINT ( 'NONE', #1987 ) ;
#1994 = EDGE_CURVE ( 'NONE', #5079, #3775, #1550, .T. ) ;
#1995 = CARTESIAN_POINT ( 'NONE',  ( -0.6674999999999998700, 0.2000000000000001200, 0.0000000000000000000 ) ) ;
#1996 = ORIENTED_EDGE ( 'NONE', *, *, #1794, .F. ) ;
#1997 = VECTOR ( 'NONE', #292, 39.37007874015748100 ) ;
#1998 = ADVANCED_FACE ( 'NONE', ( #3879 ), #1252, .T. ) ;
#1999 = VECTOR ( 'NONE', #3598, 39.37007874015747400 ) ;
#2000 = CIRCLE ( 'NONE', #4128, 0.5750000000000000700 ) ;
#2001 = VERTEX_POINT ( 'NONE', #3856 ) ;
#2002 = DIRECTION ( 'NONE',  ( -0.0000000000000000000, -0.0000000000000000000, -1.000000000000000000 ) ) ;
#2003 = LINE ( 'NONE', #3899, #5553 ) ;
#2004 = AXIS2_PLACEMENT_3D ( 'NONE', #1134, #4386, #1603 ) ;
#2005 = CIRCLE ( 'NONE', #5736, 0.02500000000000014400 ) ;
#2006 = CARTESIAN_POINT ( 'NONE',  ( -1.885517470598227800, 0.6223625814221600500, -3.000000000000000400 ) ) ;
#2007 = ORIENTED_EDGE ( 'NONE', *, *, #946, .T. ) ;
#2008 = CARTESIAN_POINT ( 'NONE',  ( 1.033134772369058700, 0.1607401157748909200, -3.000000000000000400 ) ) ;
#2009 = DIRECTION ( 'NONE',  ( 0.4397423050750786100, -0.8981239920674964900, 0.0000000000000000000 ) ) ;
#2010 = ORIENTED_EDGE ( 'NONE', *, *, #1955, .F. ) ;
#2011 = AXIS2_PLACEMENT_3D ( 'NONE', #5259, #2486, #5723 ) ;
#2012 = AXIS2_PLACEMENT_3D ( 'NONE', #4806, #5287, #4364 ) ;
#2013 = DIRECTION ( 'NONE',  ( 0.0000000000000000000, 0.0000000000000000000, 1.000000000000000000 ) ) ;
#2014 = DIRECTION ( 'NONE',  ( 0.9993908270190957600, -0.03489949670250171200, 2.892355421449574100E-015 ) ) ;
#2015 = AXIS2_PLACEMENT_3D ( 'NONE', #3780, #998, #4250 ) ;
#2016 = CARTESIAN_POINT ( 'NONE',  ( 0.8622790784738749700, 0.3468658260886454100, -3.000000000000000400 ) ) ;
#2017 = ORIENTED_EDGE ( 'NONE', *, *, #5585, .T. ) ;
#2018 = ADVANCED_FACE ( 'NONE', ( #4949 ), #612, .T. ) ;
#2019 = CARTESIAN_POINT ( 'NONE',  ( 0.1406498627725982800, 0.0000000000000000000, -1.322961540613206700 ) ) ;
#2020 = DIRECTION ( 'NONE',  ( 0.0000000000000000000, 1.000000000000000000, 0.0000000000000000000 ) ) ;
#2021 = FILL_AREA_STYLE_COLOUR ( '', #4818 ) ;
#2022 = DIRECTION ( 'NONE',  ( 1.000000000000000000, 0.0000000000000000000, 0.0000000000000000000 ) ) ;
#2023 = VERTEX_POINT ( 'NONE', #1536 ) ;
#2024 = AXIS2_PLACEMENT_3D ( 'NONE', #1752, #2221, #5468 ) ;
#2025 = EDGE_CURVE ( 'NONE', #826, #4251, #1397, .T. ) ;
#2026 = CARTESIAN_POINT ( 'NONE',  ( 1.153472810143658400, 0.9415961345761261200, 0.0000000000000000000 ) ) ;
#2027 = DIRECTION ( 'NONE',  ( -1.000000000000000000, 0.0000000000000000000, 0.0000000000000000000 ) ) ;
#2028 = VERTEX_POINT ( 'NONE', #167 ) ;
#2029 = ORIENTED_EDGE ( 'NONE', *, *, #3917, .T. ) ;
#2030 = EDGE_LOOP ( 'NONE', ( #97, #4542, #4781, #1105 ) ) ;
#2031 = DIRECTION ( 'NONE',  ( 0.0000000000000000000, 0.0000000000000000000, 1.000000000000000000 ) ) ;
#2032 = CIRCLE ( 'NONE', #4121, 0.02199999999999992900 ) ;
#2033 = DIRECTION ( 'NONE',  ( 1.000000000000000000, 0.0000000000000000000, 0.0000000000000000000 ) ) ;
#2034 = ORIENTED_EDGE ( 'NONE', *, *, #4302, .T. ) ;
#2035 = CARTESIAN_POINT ( 'NONE',  ( -1.946771454098938000, 0.4452139642359396200, -3.000000000000000400 ) ) ;
#2036 = ORIENTED_EDGE ( 'NONE', *, *, #5197, .F. ) ;
#2037 = EDGE_CURVE ( 'NONE', #1769, #5734, #37, .T. ) ;
#2038 = ORIENTED_EDGE ( 'NONE', *, *, #2547, .F. ) ;
#2039 = LINE ( 'NONE', #57, #4504 ) ;
#2040 = DIRECTION ( 'NONE',  ( 0.0000000000000000000, 0.0000000000000000000, 1.000000000000000000 ) ) ;
#2041 = ORIENTED_EDGE ( 'NONE', *, *, #1147, .T. ) ;
#2042 = CARTESIAN_POINT ( 'NONE',  ( 1.766076354216848900, -0.4297910628401153100, -2.750000000000000000 ) ) ;
#2043 = VERTEX_POINT ( 'NONE', #3402 ) ;
#2044 = AXIS2_PLACEMENT_3D ( 'NONE', #493, #3733, #939 ) ;
#2045 = CIRCLE ( 'NONE', #4142, 0.01499999999999997700 ) ;
#2046 = DIRECTION ( 'NONE',  ( -0.0000000000000000000, -0.0000000000000000000, -1.000000000000000000 ) ) ;
#2047 = CYLINDRICAL_SURFACE ( 'NONE', #4074, 0.02199999999999992900 ) ;
#2048 = ADVANCED_FACE ( 'NONE', ( #2485 ), #4791, .T. ) ;
#2049 = EDGE_CURVE ( 'NONE', #5290, #654, #2340, .T. ) ;
#2050 = EDGE_LOOP ( 'NONE', ( #1196, #3181, #4508, #5142 ) ) ;
#2051 = DIRECTION ( 'NONE',  ( 0.9184636561142374100, -0.3955053885818343700, -0.0000000000000000000 ) ) ;
#2052 = CARTESIAN_POINT ( 'NONE',  ( 0.7327609266367163300, 0.9499999999999999600, -3.000000000000000400 ) ) ;
#2053 = FACE_OUTER_BOUND ( 'NONE', #3059, .T. ) ;
#2054 = LINE ( 'NONE', #1738, #1765 ) ;
#2055 = CARTESIAN_POINT ( 'NONE',  ( -0.7177631569268034800, 0.9347413424495103500, -3.000000000000000400 ) ) ;
#2056 = ORIENTED_EDGE ( 'NONE', *, *, #5773, .F. ) ;
#2057 = EDGE_CURVE ( 'NONE', #4113, #3576, #3728, .T. ) ;
#2058 = ORIENTED_EDGE ( 'NONE', *, *, #4970, .F. ) ;
#2059 = CIRCLE ( 'NONE', #2187, 0.02749999999999991000 ) ;
#2060 = DIRECTION ( 'NONE',  ( 1.000000000000000000, 0.0000000000000000000, 0.0000000000000000000 ) ) ;
#2061 = DIRECTION ( 'NONE',  ( 0.0000000000000000000, 0.0000000000000000000, 1.000000000000000000 ) ) ;
#2062 = VECTOR ( 'NONE', #2823, 39.37007874015748100 ) ;
#2063 = ORIENTED_EDGE ( 'NONE', *, *, #5346, .F. ) ;
#2064 = DIRECTION ( 'NONE',  ( 1.000000000000000000, 0.0000000000000000000, 0.0000000000000000000 ) ) ;
#2065 = CARTESIAN_POINT ( 'NONE',  ( -2.035000000000000100, 0.07567250359733875000, -0.3450000000000003100 ) ) ;
#2066 = LINE ( 'NONE', #3793, #1929 ) ;
#2067 = CYLINDRICAL_SURFACE ( 'NONE', #944, 0.02199999999999992900 ) ;
#2068 = LINE ( 'NONE', #4212, #3308 ) ;
#2069 =( GEOMETRIC_REPRESENTATION_CONTEXT ( 3 ) GLOBAL_UNCERTAINTY_ASSIGNED_CONTEXT ( ( #3546 ) ) GLOBAL_UNIT_ASSIGNED_CONTEXT ( ( #2164, #5423, #2645 ) ) REPRESENTATION_CONTEXT ( 'NONE', 'WORKASPACE' ) );
#2070 = ORIENTED_EDGE ( 'NONE', *, *, #906, .T. ) ;
#2071 = EDGE_CURVE ( 'NONE', #4801, #2043, #1101, .T. ) ;
#2072 = DIRECTION ( 'NONE',  ( 0.0000000000000000000, 0.0000000000000000000, 1.000000000000000000 ) ) ;
#2073 = LINE ( 'NONE', #3939, #1129 ) ;
#2074 = DIRECTION ( 'NONE',  ( 1.000000000000000000, 0.0000000000000000000, 0.0000000000000000000 ) ) ;
#2075 = AXIS2_PLACEMENT_3D ( 'NONE', #2605, #4927, #5407 ) ;
#2076 = DIRECTION ( 'NONE',  ( 0.0000000000000000000, 0.0000000000000000000, 1.000000000000000000 ) ) ;
#2077 = EDGE_CURVE ( 'NONE', #5756, #1774, #4662, .T. ) ;
#2078 = DIRECTION ( 'NONE',  ( 1.000000000000000000, 0.0000000000000000000, 0.0000000000000000000 ) ) ;
#2079 = ADVANCED_FACE ( 'NONE', ( #3579 ), #2047, .T. ) ;
#2080 = ORIENTED_EDGE ( 'NONE', *, *, #1509, .T. ) ;
#2081 = DIRECTION ( 'NONE',  ( 3.619389336043008200E-015, -1.000000000000000000, 0.0000000000000000000 ) ) ;
#2082 = CARTESIAN_POINT ( 'NONE',  ( -0.6560000000000000300, 0.0000000000000000000, 0.0000000000000000000 ) ) ;
#2083 = AXIS2_PLACEMENT_3D ( 'NONE', #3473, #699, #3940 ) ;
#2084 = EDGE_CURVE ( 'NONE', #3775, #1748, #3285, .T. ) ;
#2085 = DIRECTION ( 'NONE',  ( -0.0000000000000000000, 0.0000000000000000000, -1.000000000000000000 ) ) ;
#2086 = ORIENTED_EDGE ( 'NONE', *, *, #316, .T. ) ;
#2087 = DIRECTION ( 'NONE',  ( 1.000000000000000000, 0.0000000000000000000, 0.0000000000000000000 ) ) ;
#2088 = AXIS2_PLACEMENT_3D ( 'NONE', #5865, #3105, #333 ) ;
#2089 = DIRECTION ( 'NONE',  ( -0.01724383669930121600, 0.9998513139941797000, -0.0000000000000000000 ) ) ;
#2090 = ORIENTED_EDGE ( 'NONE', *, *, #2077, .F. ) ;
#2091 = DIRECTION ( 'NONE',  ( 1.000000000000000000, 0.0000000000000000000, 0.0000000000000000000 ) ) ;
#2092 = CARTESIAN_POINT ( 'NONE',  ( 0.8929584296254599000, 0.2996556298667215100, 0.0000000000000000000 ) ) ;
#2093 = PLANE ( 'NONE',  #2351 ) ;
#2094 = EDGE_CURVE ( 'NONE', #3782, #2892, #4511, .T. ) ;
#2095 = VERTEX_POINT ( 'NONE', #4374 ) ;
#2096 = PLANE ( 'NONE',  #5777 ) ;
#2097 = VERTEX_POINT ( 'NONE', #2525 ) ;
#2098 = VERTEX_POINT ( 'NONE', #694 ) ;
#2099 = CIRCLE ( 'NONE', #3175, 0.02199999999999965500 ) ;
#2101 = ADVANCED_FACE ( 'NONE', ( #1912 ), #5601, .F. ) ;
#2100 = VERTEX_POINT ( 'NONE', #5300 ) ;
#2102 = ORIENTED_EDGE ( 'NONE', *, *, #2813, .F. ) ;
#2103 = ORIENTED_EDGE ( 'NONE', *, *, #1861, .T. ) ;
#2104 = EDGE_CURVE ( 'NONE', #5021, #4552, #3150, .T. ) ;
#2105 = VECTOR ( 'NONE', #4734, 39.37007874015748100 ) ;
#2106 = ORIENTED_EDGE ( 'NONE', *, *, #5646, .T. ) ;
#2107 = CIRCLE ( 'NONE', #4569, 0.02500000000000000500 ) ;
#2108 = ORIENTED_EDGE ( 'NONE', *, *, #4669, .F. ) ;
#2109 = CIRCLE ( 'NONE', #5793, 0.01499999999999997700 ) ;
#2110 = CIRCLE ( 'NONE', #5307, 0.02500000000000000500 ) ;
#2111 = CARTESIAN_POINT ( 'NONE',  ( -1.540482935550952400, 0.9676462049950851400, 0.0000000000000000000 ) ) ;
#2112 = CARTESIAN_POINT ( 'NONE',  ( -0.9858227776630184000, 0.2422201668336072000, -3.000000000000000400 ) ) ;
#2113 = AXIS2_PLACEMENT_3D ( 'NONE', #1144, #4403, #1623 ) ;
#2114 = VERTEX_POINT ( 'NONE', #5787 ) ;
#2115 = EDGE_CURVE ( 'NONE', #2116, #2936, #816, .T. ) ;
#2116 = VERTEX_POINT ( 'NONE', #255 ) ;
#2117 = CARTESIAN_POINT ( 'NONE',  ( 1.223152527650756900, 0.9780000000000000900, -3.000000000000000400 ) ) ;
#2118 = FACE_OUTER_BOUND ( 'NONE', #1824, .T. ) ;
#2119 = LINE ( 'NONE', #2819, #4306 ) ;
#2120 = DIRECTION ( 'NONE',  ( -5.781186953351301300E-015, 2.018834969866855500E-016, 1.000000000000000000 ) ) ;
#2121 = VERTEX_POINT ( 'NONE', #3482 ) ;
#2122 = DIRECTION ( 'NONE',  ( 1.000000000000000000, 0.0000000000000000000, 0.0000000000000000000 ) ) ;
#2123 = AXIS2_PLACEMENT_3D ( 'NONE', #3392, #1071, #4325 ) ;
#2124 = DIRECTION ( 'NONE',  ( 0.0000000000000000000, 0.0000000000000000000, 1.000000000000000000 ) ) ;
#2125 = EDGE_CURVE ( 'NONE', #5286, #4149, #1758, .T. ) ;
#2126 = FACE_OUTER_BOUND ( 'NONE', #2909, .T. ) ;
#2127 = VECTOR ( 'NONE', #786, 39.37007874015748100 ) ;
#2128 = ORIENTED_EDGE ( 'NONE', *, *, #5148, .T. ) ;
#2129 = CARTESIAN_POINT ( 'NONE',  ( -0.7704999999999998500, 0.9500000000000000700, -3.000000000000000400 ) ) ;
#2130 = CIRCLE ( 'NONE', #3844, 0.01000000000000016700 ) ;
#2131 = FACE_OUTER_BOUND ( 'NONE', #5670, .T. ) ;
#2132 = CIRCLE ( 'NONE', #2755, 0.02749999999999991000 ) ;
#2133 = EDGE_CURVE ( 'NONE', #4210, #4479, #4372, .T. ) ;
#2134 = CARTESIAN_POINT ( 'NONE',  ( -2.075483310264706100, -0.2956408433079555900, -0.1549999999999999200 ) ) ;
#2135 = ORIENTED_EDGE ( 'NONE', *, *, #1826, .F. ) ;
#2136 = ORIENTED_EDGE ( 'NONE', *, *, #1927, .F. ) ;
#2137 = DIRECTION ( 'NONE',  ( -0.0000000000000000000, -0.0000000000000000000, -1.000000000000000000 ) ) ;
#2138 = ADVANCED_FACE ( 'NONE', ( #4238 ), #1616, .T. ) ;
#2139 = CARTESIAN_POINT ( 'NONE',  ( 1.891040841103374600, 0.6247071131021896300, 0.0000000000000000000 ) ) ;
#2140 = VECTOR ( 'NONE', #4785, 39.37007874015748100 ) ;
#2141 = DIRECTION ( 'NONE',  ( 0.0000000000000000000, 0.0000000000000000000, 1.000000000000000000 ) ) ;
#2142 = FACE_OUTER_BOUND ( 'NONE', #1413, .T. ) ;
#2143 = DIRECTION ( 'NONE',  ( 0.0000000000000000000, 0.0000000000000000000, 1.000000000000000000 ) ) ;
#2144 = EDGE_LOOP ( 'NONE', ( #4780, #4430, #3377, #3616 ) ) ;
#2145 = DIRECTION ( 'NONE',  ( 0.9205048534524393800, 0.3907311284892757700, -0.0000000000000000000 ) ) ;
#2146 = ORIENTED_EDGE ( 'NONE', *, *, #269, .F. ) ;
#2147 = CARTESIAN_POINT ( 'NONE',  ( 1.919981888401884400, 0.6128275355786027000, -3.000000000000000400 ) ) ;
#2148 = EDGE_CURVE ( 'NONE', #2675, #1894, #2853, .T. ) ;
#2149 = CARTESIAN_POINT ( 'NONE',  ( 0.6560000000000021400, 7.147875921939975700E-017, -2.654999999999991800 ) ) ;
#2150 = ORIENTED_EDGE ( 'NONE', *, *, #920, .F. ) ;
#2151 = AXIS2_PLACEMENT_3D ( 'NONE', #4919, #2143, #5390 ) ;
#2152 = EDGE_CURVE ( 'NONE', #936, #1230, #4096, .T. ) ;
#2153 = CARTESIAN_POINT ( 'NONE',  ( -0.3269714672306675600, 0.1870000000000000000, -1.100999999999999800 ) ) ;
#2154 = CARTESIAN_POINT ( 'NONE',  ( -1.932472037920066200, 0.4630441504844251500, 0.0000000000000000000 ) ) ;
#2155 = CARTESIAN_POINT ( 'NONE',  ( -1.946771454098938000, 0.4452139642359396200, -3.000000000000000400 ) ) ;
#2156 = CARTESIAN_POINT ( 'NONE',  ( 1.058152527650757100, 0.9780000000000000900, 0.0000000000000000000 ) ) ;
#2157 = AXIS2_PLACEMENT_3D ( 'NONE', #1311, #3185, #1785 ) ;
#2158 = ORIENTED_EDGE ( 'NONE', *, *, #4786, .F. ) ;
#2159 = EDGE_CURVE ( 'NONE', #5756, #2889, #392, .T. ) ;
#2160 = DIRECTION ( 'NONE',  ( -0.4528528587886684300, -0.8915852669750270500, 0.0000000000000000000 ) ) ;
#2161 = CARTESIAN_POINT ( 'NONE',  ( 1.166944670024670800, 0.9350000000000000500, 0.0000000000000000000 ) ) ;
#2162 = ADVANCED_FACE ( 'NONE', ( #1468 ), #5012, .T. ) ;
#2163 = EDGE_CURVE ( 'NONE', #2993, #4210, #2708, .T. ) ;
#2164 =( CONVERSION_BASED_UNIT ( 'INCH', #2774 ) LENGTH_UNIT ( ) NAMED_UNIT ( #1285 ) );
#2165 = ORIENTED_EDGE ( 'NONE', *, *, #5416, .T. ) ;
#2166 = ORIENTED_EDGE ( 'NONE', *, *, #2895, .F. ) ;
#2167 = CARTESIAN_POINT ( 'NONE',  ( -2.075483310264706600, -0.2956408433079555900, -2.654999999999999800 ) ) ;
#2168 = ADVANCED_FACE ( 'NONE', ( #253 ), #104, .T. ) ;
#2169 = DIRECTION ( 'NONE',  ( -0.0000000000000000000, -0.0000000000000000000, -1.000000000000000000 ) ) ;
#2170 = CARTESIAN_POINT ( 'NONE',  ( -2.034040263840681400, 0.1031557513403639100, 0.0000000000000000000 ) ) ;
#2171 = DIRECTION ( 'NONE',  ( -0.9993908270190957600, 0.03489949670250171200, -5.784710842899139500E-015 ) ) ;
#2172 = ORIENTED_EDGE ( 'NONE', *, *, #5533, .F. ) ;
#2173 = VERTEX_POINT ( 'NONE', #2607 ) ;
#2174 = CARTESIAN_POINT ( 'NONE',  ( 1.223152527650756900, 0.9780000000000000900, -3.000000000000000400 ) ) ;
#2175 = CLOSED_SHELL ( 'NONE', ( #2696, #4419, #1632, #4845, #213, #3423, #635, #1998, #2416, #86, #1441, #430, #5941, #3159, #807, #1722, #150, #3362, #2887, #2384, #1908, #2735, #4110, #2162, #5343, #2534, #4757, #1102, #3327, #3855, #1805, #2168, #243, #65, #3582, #1199, #2968, #5183, #5464, #5399, #3000, #1048, #1322, #3516, #1574, #3796, #4072, #5848, #3461, #4136, #343, #5814, #3891, #1939, #364, #2138, #5758, #3834, #2947, #2209, #4007, #1595, #1512, #3635, #5873, #2018, #545, #2669, #4451, #3913, #1961, #2231, #330, #3481, #1535, #5518, #5883, #5362, #5268, #1478, #1746, #3544, #1135, #5979, #2509, #572, #4993, #4929, #2079, #2447, #4567, #4967, #2101, #180, #4696, #4975, #2601, #2048, #127, #396, #4480, #5786, #5701, #3679, #4052, #1658, #5724, #839, #3614, #3094, #4399, #598, #5028, #1255, #2571, #2474, #991, #3128, #744, #4361, #4274, #4545, #2625, #4779, #5141, #1267, #4912, #659, #4719, #1716, #3030, #3393, #3768, #5436, #858, #3119, #278, #4333, #2848, #1223, #693, #2907, #3184, #5426, #715, #5637, #5920, #1688, #5299, #5208, #5495, #3574, #4880, #1074, #3305, #2263, #3052, #5662, #4485, #4815, #1784, #3983, #1009, #4044, #1291, #1159, #4254, #779, #5240, #4514, #3950, #5609, #302, #4307 ) ) ;
#2176 = LINE ( 'NONE', #4821, #3268 ) ;
#2177 = CARTESIAN_POINT ( 'NONE',  ( -1.872737319856944100, 0.09752292841516729800, -0.1549999999999994200 ) ) ;
#2178 = EDGE_CURVE ( 'NONE', #4335, #3828, #2998, .T. ) ;
#2179 = VERTEX_POINT ( 'NONE', #2139 ) ;
#2180 = ORIENTED_EDGE ( 'NONE', *, *, #101, .T. ) ;
#2181 = CARTESIAN_POINT ( 'NONE',  ( 2.062500000000000000, 0.07567250359733875000, -0.1549999999999999400 ) ) ;
#2182 = CARTESIAN_POINT ( 'NONE',  ( -1.223152527650756900, 0.9719999999999998600, -3.000000000000000400 ) ) ;
#2183 = ORIENTED_EDGE ( 'NONE', *, *, #1949, .F. ) ;
#2184 = DIRECTION ( 'NONE',  ( 0.0000000000000000000, 0.0000000000000000000, 1.000000000000000000 ) ) ;
#2185 = FACE_BOUND ( 'NONE', #4586, .T. ) ;
#2186 = EDGE_LOOP ( 'NONE', ( #2337, #5444, #3062, #5926 ) ) ;
#2187 = AXIS2_PLACEMENT_3D ( 'NONE', #3290, #514, #3767 ) ;
#2188 = EDGE_CURVE ( 'NONE', #4884, #376, #3802, .T. ) ;
#2189 = ORIENTED_EDGE ( 'NONE', *, *, #5098, .T. ) ;
#2190 =( NAMED_UNIT ( * ) SI_UNIT ( $, .STERADIAN. ) SOLID_ANGLE_UNIT ( ) );
#2191 = CYLINDRICAL_SURFACE ( 'NONE', #3514, 0.02500000000000000500 ) ;
#2192 = VECTOR ( 'NONE', #3448, 39.37007874015748100 ) ;
#2193 = DIRECTION ( 'NONE',  ( 0.0000000000000000000, 0.0000000000000000000, 1.000000000000000000 ) ) ;
#2194 = ORIENTED_EDGE ( 'NONE', *, *, #4889, .T. ) ;
#2195 = CARTESIAN_POINT ( 'NONE',  ( -1.000825861812083300, 0.2119562817785765600, 0.0000000000000000000 ) ) ;
#2196 = DIMENSIONAL_EXPONENTS ( 1.000000000000000000, 0.0000000000000000000, 0.0000000000000000000, 0.0000000000000000000, 0.0000000000000000000, 0.0000000000000000000, 0.0000000000000000000 ) ;
#2197 = AXIS2_PLACEMENT_3D ( 'NONE', #1584, #4822, #2040 ) ;
#2198 = LINE ( 'NONE', #2174, #5752 ) ;
#2199 = CIRCLE ( 'NONE', #1111, 0.02199999999999992900 ) ;
#2200 = EDGE_CURVE ( 'NONE', #1834, #4699, #2559, .T. ) ;
#2201 = CARTESIAN_POINT ( 'NONE',  ( -1.019552256640879200, 0.1291673665987828300, 0.0000000000000000000 ) ) ;
#2202 = VERTEX_POINT ( 'NONE', #4930 ) ;
#2203 = CARTESIAN_POINT ( 'NONE',  ( 1.861018482783663300, -0.4331065150268529900, -0.1549999999999994200 ) ) ;
#2204 = VERTEX_POINT ( 'NONE', #5864 ) ;
#2205 = CARTESIAN_POINT ( 'NONE',  ( -1.528624593600135900, 0.9420804714179321600, -3.000000000000000400 ) ) ;
#2206 = CYLINDRICAL_SURFACE ( 'NONE', #4593, 0.5749999999999997300 ) ;
#2207 = PRESENTATION_STYLE_ASSIGNMENT (( #5729 ) ) ;
#2208 = DIRECTION ( 'NONE',  ( -1.000000000000000000, 0.0000000000000000000, 0.0000000000000000000 ) ) ;
#2209 = ADVANCED_FACE ( 'NONE', ( #2410 ), #5962, .F. ) ;
#2210 = CARTESIAN_POINT ( 'NONE',  ( -0.6674999999999998700, 0.0000000000000000000, 0.0000000000000000000 ) ) ;
#2211 = VERTEX_POINT ( 'NONE', #1717 ) ;
#2212 = CARTESIAN_POINT ( 'NONE',  ( -0.2179210407162855700, 0.1870000000000000000, -1.670294444297389700 ) ) ;
#2213 = LINE ( 'NONE', #4695, #3303 ) ;
#2214 = CIRCLE ( 'NONE', #3760, 0.01499999999999997700 ) ;
#2215 = LINE ( 'NONE', #4647, #4531 ) ;
#2216 = ORIENTED_EDGE ( 'NONE', *, *, #75, .T. ) ;
#2217 = CARTESIAN_POINT ( 'NONE',  ( -1.043022407083604700, 0.1377785243720350000, -3.000000000000000400 ) ) ;
#2218 = CARTESIAN_POINT ( 'NONE',  ( 2.044526027500084700, -0.4395147396958919400, -2.844999999999999800 ) ) ;
#2219 = CYLINDRICAL_SURFACE ( 'NONE', #5632, 0.02500000000000000500 ) ;
#2220 = CARTESIAN_POINT ( 'NONE',  ( 1.058152527650757100, 0.9999999999999998900, -3.000000000000000400 ) ) ;
#2221 = DIRECTION ( 'NONE',  ( 2.890593476675654600E-015, -1.009417484933429300E-016, -1.000000000000000000 ) ) ;
#2222 = CARTESIAN_POINT ( 'NONE',  ( 1.899636925930138200, 0.6044560063262358600, -3.000000000000000400 ) ) ;
#2223 = VERTEX_POINT ( 'NONE', #2170 ) ;
#2224 = CARTESIAN_POINT ( 'NONE',  ( 0.8929584296254599000, 0.2996556298667215100, -3.000000000000000400 ) ) ;
#2225 = EDGE_CURVE ( 'NONE', #536, #1993, #1320, .T. ) ;
#2226 = ORIENTED_EDGE ( 'NONE', *, *, #3380, .T. ) ;
#2227 = CARTESIAN_POINT ( 'NONE',  ( 0.7704999999999998500, 0.9719999999999998600, 0.0000000000000000000 ) ) ;
#2228 = ORIENTED_EDGE ( 'NONE', *, *, #2979, .T. ) ;
#2229 = AXIS2_PLACEMENT_3D ( 'NONE', #1671, #2606, #5847 ) ;
#2230 = DIRECTION ( 'NONE',  ( -0.0000000000000000000, 1.000000000000000000, -0.0000000000000000000 ) ) ;
#2231 = ADVANCED_FACE ( 'NONE', ( #4878 ), #4353, .T. ) ;
#2232 = EDGE_CURVE ( 'NONE', #3499, #3426, #3505, .T. ) ;
#2233 = CARTESIAN_POINT ( 'NONE',  ( 1.000825861812083300, 0.2119562817785765600, 0.0000000000000000000 ) ) ;
#2234 = VERTEX_POINT ( 'NONE', #5427 ) ;
#2235 = DIRECTION ( 'NONE',  ( -0.9225012200031439400, 0.3859941697651808100, 0.0000000000000000000 ) ) ;
#2236 = DIRECTION ( 'NONE',  ( 0.0000000000000000000, 0.0000000000000000000, 1.000000000000000000 ) ) ;
#2237 = EDGE_CURVE ( 'NONE', #1497, #3016, #1172, .T. ) ;
#2238 = DIRECTION ( 'NONE',  ( 0.0000000000000000000, 1.000000000000000000, 0.0000000000000000000 ) ) ;
#2239 = DIRECTION ( 'NONE',  ( -1.000000000000000000, 0.0000000000000000000, 0.0000000000000000000 ) ) ;
#2240 = ORIENTED_EDGE ( 'NONE', *, *, #4160, .T. ) ;
#2241 = ORIENTED_EDGE ( 'NONE', *, *, #1014, .T. ) ;
#2242 = CARTESIAN_POINT ( 'NONE',  ( 0.6894999999999998900, 0.9780000000000000900, -3.000000000000000400 ) ) ;
#2243 = ORIENTED_EDGE ( 'NONE', *, *, #4030, .T. ) ;
#2244 = EDGE_CURVE ( 'NONE', #2393, #3576, #2259, .T. ) ;
#2245 = VECTOR ( 'NONE', #4978, 39.37007874015748100 ) ;
#2246 = ORIENTED_EDGE ( 'NONE', *, *, #708, .T. ) ;
#2247 = EDGE_LOOP ( 'NONE', ( #1481, #3056, #4176, #214 ) ) ;
#2248 = DIRECTION ( 'NONE',  ( 0.0000000000000000000, 0.0000000000000000000, 1.000000000000000000 ) ) ;
#2249 = DIRECTION ( 'NONE',  ( 1.000000000000000000, 0.0000000000000000000, 0.0000000000000000000 ) ) ;
#2250 = ORIENTED_EDGE ( 'NONE', *, *, #3189, .T. ) ;
#2251 = FACE_OUTER_BOUND ( 'NONE', #89, .T. ) ;
#2252 = VERTEX_POINT ( 'NONE', #2515 ) ;
#2253 = CARTESIAN_POINT ( 'NONE',  ( -2.035000000000000100, 0.07567250359733875000, -0.1549999999999998600 ) ) ;
#2254 = LINE ( 'NONE', #5499, #3349 ) ;
#2255 = AXIS2_PLACEMENT_3D ( 'NONE', #685, #3926, #1137 ) ;
#2256 = ORIENTED_EDGE ( 'NONE', *, *, #4541, .T. ) ;
#2257 = EDGE_CURVE ( 'NONE', #3555, #4527, #1031, .T. ) ;
#2258 = LINE ( 'NONE', #707, #4723 ) ;
#2259 = CIRCLE ( 'NONE', #3884, 0.02749999999999991000 ) ;
#2260 = DIRECTION ( 'NONE',  ( 0.0000000000000000000, 0.0000000000000000000, 1.000000000000000000 ) ) ;
#2261 = DIRECTION ( 'NONE',  ( -0.0000000000000000000, -0.0000000000000000000, -1.000000000000000000 ) ) ;
#2262 = VERTEX_POINT ( 'NONE', #217 ) ;
#2263 = ADVANCED_FACE ( 'NONE', ( #4725 ), #882, .T. ) ;
#2264 = CARTESIAN_POINT ( 'NONE',  ( 0.1406498627725982800, 0.0000000000000000000, -1.212961540613206800 ) ) ;
#2265 = CARTESIAN_POINT ( 'NONE',  ( -1.873767662260251700, 0.5937422075738170200, 0.0000000000000000000 ) ) ;
#2266 = ORIENTED_EDGE ( 'NONE', *, *, #2115, .F. ) ;
#2267 = FACE_OUTER_BOUND ( 'NONE', #3513, .T. ) ;
#2268 = CIRCLE ( 'NONE', #725, 0.6250000000000003300 ) ;
#2269 = AXIS2_PLACEMENT_3D ( 'NONE', #5275, #2507, #5741 ) ;
#2270 = ORIENTED_EDGE ( 'NONE', *, *, #433, .F. ) ;
#2271 = EDGE_CURVE ( 'NONE', #1465, #3782, #3353, .T. ) ;
#2272 = VERTEX_POINT ( 'NONE', #2082 ) ;
#2273 = FACE_BOUND ( 'NONE', #4362, .T. ) ;
#2274 = LINE ( 'NONE', #3087, #5828 ) ;
#2275 = DIRECTION ( 'NONE',  ( -1.000000000000000000, 0.0000000000000000000, 0.0000000000000000000 ) ) ;
#2276 = DIRECTION ( 'NONE',  ( 0.0000000000000000000, 0.0000000000000000000, 1.000000000000000000 ) ) ;
#2277 = VERTEX_POINT ( 'NONE', #5336 ) ;
#2278 = AXIS2_PLACEMENT_3D ( 'NONE', #5072, #11, #4618 ) ;
#2279 = DIRECTION ( 'NONE',  ( 1.000000000000000000, 0.0000000000000000000, 0.0000000000000000000 ) ) ;
#2280 = EDGE_LOOP ( 'NONE', ( #2466, #38, #2448, #3339 ) ) ;
#2281 = VECTOR ( 'NONE', #1613, 39.37007874015748100 ) ;
#2282 = CIRCLE ( 'NONE', #450, 0.6250000000000003300 ) ;
#2283 = CIRCLE ( 'NONE', #470, 0.02199999999999992900 ) ;
#2284 = VERTEX_POINT ( 'NONE', #5791 ) ;
#2285 = DIRECTION ( 'NONE',  ( 0.0000000000000000000, 0.0000000000000000000, 1.000000000000000000 ) ) ;
#2286 = CIRCLE ( 'NONE', #1421, 0.09499999999999994600 ) ;
#2287 = DIRECTION ( 'NONE',  ( 0.0000000000000000000, 1.000000000000000000, 0.0000000000000000000 ) ) ;
#2288 = DIRECTION ( 'NONE',  ( 0.0000000000000000000, 0.0000000000000000000, 1.000000000000000000 ) ) ;
#2289 = CIRCLE ( 'NONE', #2088, 0.3749999999999999400 ) ;
#2290 = AXIS2_PLACEMENT_3D ( 'NONE', #168, #3404, #637 ) ;
#2291 = DIRECTION ( 'NONE',  ( 0.0000000000000000000, 0.0000000000000000000, 1.000000000000000000 ) ) ;
#2292 = VERTEX_POINT ( 'NONE', #3111 ) ;
#2293 = ORIENTED_EDGE ( 'NONE', *, *, #5522, .F. ) ;
#2294 = ORIENTED_EDGE ( 'NONE', *, *, #440, .F. ) ;
#2295 = CARTESIAN_POINT ( 'NONE',  ( 1.782458660289619100, 0.03933680321795757200, -0.2499999999999999700 ) ) ;
#2296 = DIRECTION ( 'NONE',  ( 1.000000000000000000, 0.0000000000000000000, 0.0000000000000000000 ) ) ;
#2297 = EDGE_CURVE ( 'NONE', #5997, #1689, #3214, .T. ) ;
#2298 = DIRECTION ( 'NONE',  ( -0.03489949670250171200, -0.9993908270190958700, 0.0000000000000000000 ) ) ;
#2299 = ORIENTED_EDGE ( 'NONE', *, *, #2237, .F. ) ;
#2300 = CARTESIAN_POINT ( 'NONE',  ( -0.6544999999999998600, 0.1870000000000000000, -3.000000000000000400 ) ) ;
#2301 = ORIENTED_EDGE ( 'NONE', *, *, #3749, .F. ) ;
#2302 = CARTESIAN_POINT ( 'NONE',  ( 0.8622790784738749700, 0.3468658260886454100, -3.000000000000000400 ) ) ;
#2303 = CARTESIAN_POINT ( 'NONE',  ( -1.058152527650757100, 0.9719999999999998600, -3.000000000000000400 ) ) ;
#2304 = DIRECTION ( 'NONE',  ( 0.0000000000000000000, 0.0000000000000000000, 1.000000000000000000 ) ) ;
#2305 = CARTESIAN_POINT ( 'NONE',  ( -1.342000000000000100, 0.3750000000000000600, 0.0000000000000000000 ) ) ;
#2306 = AXIS2_PLACEMENT_3D ( 'NONE', #1073, #4328, #1549 ) ;
#2307 = EDGE_CURVE ( 'NONE', #5653, #5581, #4441, .T. ) ;
#2308 = ORIENTED_EDGE ( 'NONE', *, *, #655, .T. ) ;
#2309 = CARTESIAN_POINT ( 'NONE',  ( -1.153472810143658400, 0.9415961345761261200, -3.000000000000000400 ) ) ;
#2310 = EDGE_CURVE ( 'NONE', #5817, #3882, #4576, .T. ) ;
#2311 = CARTESIAN_POINT ( 'NONE',  ( -0.7177631569268034800, 0.9347413424495103500, 0.0000000000000000000 ) ) ;
#2312 = DIRECTION ( 'NONE',  ( 0.0000000000000000000, 0.0000000000000000000, 1.000000000000000000 ) ) ;
#2313 = ORIENTED_EDGE ( 'NONE', *, *, #1229, .F. ) ;
#2314 = DIRECTION ( 'NONE',  ( -0.9205048534524394900, -0.3907311284892756600, 0.0000000000000000000 ) ) ;
#2315 = DIRECTION ( 'NONE',  ( 1.000000000000000000, 0.0000000000000000000, 0.0000000000000000000 ) ) ;
#2316 = ORIENTED_EDGE ( 'NONE', *, *, #4776, .T. ) ;
#2317 = CARTESIAN_POINT ( 'NONE',  ( 1.540482935550952600, 0.9676462049950853600, -3.000000000000000400 ) ) ;
#2318 = AXIS2_PLACEMENT_3D ( 'NONE', #5600, #2829, #66 ) ;
#2319 = DIRECTION ( 'NONE',  ( -1.000000000000000000, 0.0000000000000000000, 0.0000000000000000000 ) ) ;
#2320 = DIRECTION ( 'NONE',  ( -0.0000000000000000000, -0.0000000000000000000, -1.000000000000000000 ) ) ;
#2321 = ORIENTED_EDGE ( 'NONE', *, *, #2610, .F. ) ;
#2322 = CARTESIAN_POINT ( 'NONE',  ( 1.043022407083604700, 0.1377785243720350000, 0.0000000000000000000 ) ) ;
#2323 = CARTESIAN_POINT ( 'NONE',  ( -1.058152527650757100, 0.9999999999999998900, -3.000000000000000400 ) ) ;
#2324 = VERTEX_POINT ( 'NONE', #4857 ) ;
#2325 = VERTEX_POINT ( 'NONE', #2181 ) ;
#2326 = DIRECTION ( 'NONE',  ( -0.0000000000000000000, 1.000000000000000000, -0.0000000000000000000 ) ) ;
#2327 = LINE ( 'NONE', #2514, #5877 ) ;
#2328 = ORIENTED_EDGE ( 'NONE', *, *, #4369, .F. ) ;
#2329 = ORIENTED_EDGE ( 'NONE', *, *, #1175, .F. ) ;
#2330 = DIRECTION ( 'NONE',  ( -0.9993908270190957600, 0.03489949670250180900, 0.0000000000000000000 ) ) ;
#2331 = ORIENTED_EDGE ( 'NONE', *, *, #3395, .F. ) ;
#2332 = LINE ( 'NONE', #941, #1095 ) ;
#2333 = DIRECTION ( 'NONE',  ( 0.0000000000000000000, 0.0000000000000000000, 1.000000000000000000 ) ) ;
#2334 = CARTESIAN_POINT ( 'NONE',  ( 0.6674999999999998700, 0.0000000000000000000, -3.000000000000000400 ) ) ;
#2335 = ORIENTED_EDGE ( 'NONE', *, *, #4054, .T. ) ;
#2336 = CARTESIAN_POINT ( 'NONE',  ( 1.518213852069460800, 0.9626105341867087200, -3.000000000000000400 ) ) ;
#2337 = ORIENTED_EDGE ( 'NONE', *, *, #4989, .T. ) ;
#2338 = VECTOR ( 'NONE', #5149, 39.37007874015748100 ) ;
#2339 = DIRECTION ( 'NONE',  ( -1.000000000000000000, 0.0000000000000000000, 0.0000000000000000000 ) ) ;
#2340 = LINE ( 'NONE', #1103, #4803 ) ;
#2341 = CARTESIAN_POINT ( 'NONE',  ( 0.3298335452906798200, 0.0000000000000000000, -1.903324128259931600 ) ) ;
#2342 = VERTEX_POINT ( 'NONE', #3593 ) ;
#2343 = AXIS2_PLACEMENT_3D ( 'NONE', #2253, #5505, #2741 ) ;
#2344 = EDGE_CURVE ( 'NONE', #1790, #2001, #2110, .T. ) ;
#2345 = DIRECTION ( 'NONE',  ( -0.7231928259747971700, -0.6906461731296182900, -0.0000000000000000000 ) ) ;
#2346 = VECTOR ( 'NONE', #4918, 39.37007874015748100 ) ;
#2347 = FACE_OUTER_BOUND ( 'NONE', #554, .T. ) ;
#2348 = ORIENTED_EDGE ( 'NONE', *, *, #2354, .T. ) ;
#2349 = EDGE_LOOP ( 'NONE', ( #2108, #5844, #5147, #4468 ) ) ;
#2350 = CYLINDRICAL_SURFACE ( 'NONE', #3441, 0.02500000000000000500 ) ;
#2351 = AXIS2_PLACEMENT_3D ( 'NONE', #724, #3987, #1191 ) ;
#2352 = VECTOR ( 'NONE', #3260, 39.37007874015748100 ) ;
#2353 = FACE_OUTER_BOUND ( 'NONE', #31, .T. ) ;
#2354 = EDGE_CURVE ( 'NONE', #1248, #1304, #5528, .T. ) ;
#2355 = CARTESIAN_POINT ( 'NONE',  ( 1.686011553626535400, 0.8646902994986839200, -3.000000000000000400 ) ) ;
#2356 = EDGE_LOOP ( 'NONE', ( #3292, #3857, #594, #5551 ) ) ;
#2357 = DIRECTION ( 'NONE',  ( 1.000000000000000000, 0.0000000000000000000, 0.0000000000000000000 ) ) ;
#2358 = VECTOR ( 'NONE', #2800, 39.37007874015748900 ) ;
#2359 = CARTESIAN_POINT ( 'NONE',  ( -0.7704999999999998500, 1.000000000000000000, -3.000000000000000400 ) ) ;
#2360 = PRODUCT ( '641A HEATSINK TO-3 PWR HORZ MT BLK', '641A HEATSINK TO-3 PWR HORZ MT BLK', '', ( #3135 ) ) ;
#2361 = LINE ( 'NONE', #621, #1121 ) ;
#2362 = VECTOR ( 'NONE', #441, 39.37007874015747400 ) ;
#2363 = ORIENTED_EDGE ( 'NONE', *, *, #2933, .T. ) ;
#2364 = AXIS2_PLACEMENT_3D ( 'NONE', #4106, #1308, #4550 ) ;
#2365 = DIRECTION ( 'NONE',  ( -0.0000000000000000000, -1.000000000000000000, -0.0000000000000000000 ) ) ;
#2366 = EDGE_CURVE ( 'NONE', #4153, #4083, #1979, .T. ) ;
#2367 = CARTESIAN_POINT ( 'NONE',  ( 0.7327609266367163300, 0.9499999999999999600, 0.0000000000000000000 ) ) ;
#2368 = EDGE_LOOP ( 'NONE', ( #1486, #1953, #2331, #1276, #1816, #1033, #1593, #2847, #4450, #1529, #5090, #5709, #4709, #3666, #2090, #2183, #3459, #4093, #3217, #1444, #2701, #2787, #3708, #1254, #6002, #4561, #1044, #5939, #4363, #3309, #3943, #608, #3709, #4871, #5780, #3560, #4663, #2747, #1965, #898, #1295, #526, #5485, #98, #5237, #1086, #1023, #218, #4496, #3287, #565, #2910, #1847, #2680, #5151, #4119, #3323, #176, #3265, #874, #4620, #1891, #5463, #4612, #2924, #1701, #5281, #2549, #2731, #3036, #35, #663, #4293, #4692, #2981, #5315, #1205, #317, #5097, #5439, #1163, #4901, #4549, #3433, #517, #2922, #2519, #5139, #2709, #5198, #4937, #1259, #5869, #4568, #4749, #5784, #814, #2687, #315, #2432, #4997, #107, #3960, #2329, #1110, #14, #1970, #2135, #4843, #679, #1302, #1238, #5039, #5944, #4728, #3294, #4502, #2056, #5066, #5375, #3091, #3912, #5161, #1010, #4648, #4112, #4420, #1982, #2646, #672, #3007, #1494, #5073, #4042, #501, #4876, #729, #3136, #5692, #586, #2930, #3373, #379, #2717 ) ) ;
#2369 = VECTOR ( 'NONE', #3117, 39.37007874015748900 ) ;
#2370 = DIRECTION ( 'NONE',  ( -0.0000000000000000000, -0.0000000000000000000, -1.000000000000000000 ) ) ;
#2371 = CARTESIAN_POINT ( 'NONE',  ( -1.872113555424991900, 0.6021114746462065100, -3.000000000000000400 ) ) ;
#2372 = EDGE_LOOP ( 'NONE', ( #2453, #4164, #4327, #4866 ) ) ;
#2373 = EDGE_CURVE ( 'NONE', #5133, #1803, #4299, .T. ) ;
#2374 = DIRECTION ( 'NONE',  ( 0.7193398003386567400, -0.6946583704589913700, 0.0000000000000000000 ) ) ;
#2375 = ORIENTED_EDGE ( 'NONE', *, *, #3221, .T. ) ;
#2376 = VERTEX_POINT ( 'NONE', #1290 ) ;
#2377 = CARTESIAN_POINT ( 'NONE',  ( -1.036152527650757300, 0.9780000000000000900, 0.0000000000000000000 ) ) ;
#2378 = DIRECTION ( 'NONE',  ( 0.03489949670250190600, 0.9993908270190956500, -0.0000000000000000000 ) ) ;
#2379 = CARTESIAN_POINT ( 'NONE',  ( 1.861018482783663300, -0.4331065150268529900, -0.3450000000000000300 ) ) ;
#2380 = ORIENTED_EDGE ( 'NONE', *, *, #2933, .F. ) ;
#2381 = CARTESIAN_POINT ( 'NONE',  ( -1.879226024002566200, 0.5250807698936855700, -3.000000000000000400 ) ) ;
#2382 = DIRECTION ( 'NONE',  ( 0.0000000000000000000, 0.0000000000000000000, 1.000000000000000000 ) ) ;
#2383 = ORIENTED_EDGE ( 'NONE', *, *, #3515, .T. ) ;
#2384 = ADVANCED_FACE ( 'NONE', ( #2929 ), #5233, .T. ) ;
#2385 = DIRECTION ( 'NONE',  ( 0.0000000000000000000, 0.0000000000000000000, 1.000000000000000000 ) ) ;
#2386 = AXIS2_PLACEMENT_3D ( 'NONE', #2218, #3160, #382 ) ;
#2387 = EDGE_CURVE ( 'NONE', #2463, #3205, #5385, .T. ) ;
#2388 = DIRECTION ( 'NONE',  ( -0.0000000000000000000, -0.0000000000000000000, -1.000000000000000000 ) ) ;
#2389 = CARTESIAN_POINT ( 'NONE',  ( -0.6894999999999998900, 0.9999999999999998900, -3.000000000000000400 ) ) ;
#2390 = ORIENTED_EDGE ( 'NONE', *, *, #3845, .T. ) ;
#2391 = EDGE_CURVE ( 'NONE', #2643, #2292, #1829, .T. ) ;
#2392 = ORIENTED_EDGE ( 'NONE', *, *, #3875, .T. ) ;
#2393 = VERTEX_POINT ( 'NONE', #1760 ) ;
#2394 = CIRCLE ( 'NONE', #3604, 0.02199999999999992900 ) ;
#2395 = DIRECTION ( 'NONE',  ( 1.000000000000000000, 0.0000000000000000000, 0.0000000000000000000 ) ) ;
#2396 = VERTEX_POINT ( 'NONE', #5477 ) ;
#2397 = CARTESIAN_POINT ( 'NONE',  ( 1.542397421957246100, 0.8909211854989539400, -3.000000000000000400 ) ) ;
#2398 = DIRECTION ( 'NONE',  ( 1.000000000000000000, 0.0000000000000000000, 0.0000000000000000000 ) ) ;
#2399 = VERTEX_POINT ( 'NONE', #4551 ) ;
#2400 = VERTEX_POINT ( 'NONE', #3169 ) ;
#2401 = AXIS2_PLACEMENT_3D ( 'NONE', #1892, #4667, #1426 ) ;
#2402 = CARTESIAN_POINT ( 'NONE',  ( 0.1406498627725982800, 0.0000000000000000000, -1.432961540613206600 ) ) ;
#2403 = LINE ( 'NONE', #2946, #2105 ) ;
#2404 = CARTESIAN_POINT ( 'NONE',  ( 0.6674999999999998700, 0.0000000000000000000, 0.0000000000000000000 ) ) ;
#2405 = ORIENTED_EDGE ( 'NONE', *, *, #3241, .T. ) ;
#2406 = DIRECTION ( 'NONE',  ( 0.7193398003386567400, -0.6946583704589913700, 0.0000000000000000000 ) ) ;
#2407 = CIRCLE ( 'NONE', #632, 0.02199999999999992900 ) ;
#2408 = ORIENTED_EDGE ( 'NONE', *, *, #3864, .T. ) ;
#2409 = FACE_OUTER_BOUND ( 'NONE', #3957, .T. ) ;
#2410 = FACE_OUTER_BOUND ( 'NONE', #4784, .T. ) ;
#2411 = ORIENTED_EDGE ( 'NONE', *, *, #4477, .T. ) ;
#2412 = ORIENTED_EDGE ( 'NONE', *, *, #4160, .F. ) ;
#2413 = EDGE_CURVE ( 'NONE', #4915, #2284, #460, .T. ) ;
#2414 = VECTOR ( 'NONE', #4240, 39.37007874015748100 ) ;
#2415 = VECTOR ( 'NONE', #1393, 39.37007874015748900 ) ;
#2416 = ADVANCED_FACE ( 'NONE', ( #2776 ), #3870, .F. ) ;
#2417 = ORIENTED_EDGE ( 'NONE', *, *, #462, .T. ) ;
#2418 = CARTESIAN_POINT ( 'NONE',  ( -1.946771454098938000, 0.4452139642359396200, -3.000000000000000400 ) ) ;
#2419 = CARTESIAN_POINT ( 'NONE',  ( 1.899707496032132100, 0.5149548100980071400, -3.000000000000000400 ) ) ;
#2420 = CIRCLE ( 'NONE', #5953, 0.02500000000000000500 ) ;
#2421 = LINE ( 'NONE', #5366, #1187 ) ;
#2422 = CARTESIAN_POINT ( 'NONE',  ( -1.891040841103374100, 0.6247071131021896300, -3.000000000000000400 ) ) ;
#2423 = ORIENTED_EDGE ( 'NONE', *, *, #1487, .T. ) ;
#2424 = EDGE_CURVE ( 'NONE', #3359, #4098, #321, .T. ) ;
#2425 = CARTESIAN_POINT ( 'NONE',  ( 1.518213852069460800, 0.9626105341867087200, -3.000000000000000400 ) ) ;
#2426 = VECTOR ( 'NONE', #1592, 39.37007874015747400 ) ;
#2427 = PLANE ( 'NONE',  #2748 ) ;
#2428 = CIRCLE ( 'NONE', #3552, 0.09500000000000029300 ) ;
#2429 = CIRCLE ( 'NONE', #1075, 0.02500000000000000500 ) ;
#2430 = DIRECTION ( 'NONE',  ( 0.0000000000000000000, 0.0000000000000000000, 1.000000000000000000 ) ) ;
#2431 = ORIENTED_EDGE ( 'NONE', *, *, #34, .T. ) ;
#2432 = ORIENTED_EDGE ( 'NONE', *, *, #1756, .F. ) ;
#2433 = AXIS2_PLACEMENT_3D ( 'NONE', #2446, #5687, #2921 ) ;
#2434 = VECTOR ( 'NONE', #1472, 39.37007874015748100 ) ;
#2435 = CARTESIAN_POINT ( 'NONE',  ( -0.7327609266367162100, 0.9350000000000000500, -3.000000000000000400 ) ) ;
#2436 = VECTOR ( 'NONE', #3529, 39.37007874015748100 ) ;
#2437 = ORIENTED_EDGE ( 'NONE', *, *, #3133, .F. ) ;
#2438 = CARTESIAN_POINT ( 'NONE',  ( -0.7271491843857027500, 0.3905102614194897500, 0.0000000000000000000 ) ) ;
#2439 = ORIENTED_EDGE ( 'NONE', *, *, #5932, .F. ) ;
#2440 = AXIS2_PLACEMENT_3D ( 'NONE', #5165, #2388, #5636 ) ;
#2441 = CARTESIAN_POINT ( 'NONE',  ( -1.872113555424991900, 0.6021114746462065100, -3.000000000000000400 ) ) ;
#2442 = DIRECTION ( 'NONE',  ( 1.000000000000000000, 0.0000000000000000000, 0.0000000000000000000 ) ) ;
#2443 = CARTESIAN_POINT ( 'NONE',  ( -0.2179210407162855700, 0.1870000000000000000, -1.560294444297389800 ) ) ;
#2444 = DIRECTION ( 'NONE',  ( -0.0000000000000000000, -0.0000000000000000000, -1.000000000000000000 ) ) ;
#2445 = CARTESIAN_POINT ( 'NONE',  ( -0.3269714672306675600, 0.0000000000000000000, -0.9109999999999999200 ) ) ;
#2446 = CARTESIAN_POINT ( 'NONE',  ( 1.533496336219558800, 0.9467850585792581000, -3.000000000000000400 ) ) ;
#2447 = ADVANCED_FACE ( 'NONE', ( #1543 ), #4566, .T. ) ;
#2448 = ORIENTED_EDGE ( 'NONE', *, *, #1175, .T. ) ;
#2449 = EDGE_CURVE ( 'NONE', #4421, #3645, #2623, .T. ) ;
#2450 = CARTESIAN_POINT ( 'NONE',  ( -0.6544999999999998600, 0.1870000000000000000, -3.000000000000000400 ) ) ;
#2451 = ORIENTED_EDGE ( 'NONE', *, *, #5966, .F. ) ;
#2452 = CARTESIAN_POINT ( 'NONE',  ( -0.7327609266367162100, 0.9350000000000000500, -3.000000000000000400 ) ) ;
#2453 = ORIENTED_EDGE ( 'NONE', *, *, #491, .F. ) ;
#2454 = DIRECTION ( 'NONE',  ( 0.0000000000000000000, 0.0000000000000000000, 1.000000000000000000 ) ) ;
#2455 = AXIS2_PLACEMENT_3D ( 'NONE', #4079, #1287, #4529 ) ;
#2456 = EDGE_CURVE ( 'NONE', #2202, #5656, #4017, .T. ) ;
#2457 = DIRECTION ( 'NONE',  ( -0.0000000000000000000, 1.000000000000000000, -0.0000000000000000000 ) ) ;
#2458 = CARTESIAN_POINT ( 'NONE',  ( -1.166944670024671100, 0.9499999999999999600, -3.000000000000000400 ) ) ;
#2459 = ADVANCED_BREP_SHAPE_REPRESENTATION ( '641A HEATSINK TO-3 PWR HORZ MT BLK', ( #1200, #2812 ), #2069 ) ;
#2460 = CARTESIAN_POINT ( 'NONE',  ( -1.036152527650757000, 0.9780000000000000900, -3.000000000000000400 ) ) ;
#2461 = ORIENTED_EDGE ( 'NONE', *, *, #4595, .F. ) ;
#2462 = AXIS2_PLACEMENT_3D ( 'NONE', #4270, #1957, #4729 ) ;
#2463 = VERTEX_POINT ( 'NONE', #1354 ) ;
#2464 = EDGE_CURVE ( 'NONE', #1739, #5070, #3720, .T. ) ;
#2465 = PLANE ( 'NONE',  #1500 ) ;
#2466 = ORIENTED_EDGE ( 'NONE', *, *, #3477, .F. ) ;
#2467 = DIRECTION ( 'NONE',  ( 0.0000000000000000000, 0.0000000000000000000, 1.000000000000000000 ) ) ;
#2468 = ORIENTED_EDGE ( 'NONE', *, *, #5713, .T. ) ;
#2469 = ORIENTED_EDGE ( 'NONE', *, *, #5665, .F. ) ;
#2470 = VECTOR ( 'NONE', #743, 39.37007874015748100 ) ;
#2471 = AXIS2_PLACEMENT_3D ( 'NONE', #4538, #1762, #1292 ) ;
#2472 = DIRECTION ( 'NONE',  ( 0.0000000000000000000, 0.0000000000000000000, 1.000000000000000000 ) ) ;
#2474 = ADVANCED_FACE ( 'NONE', ( #173 ), #3228, .T. ) ;
#2473 = VERTEX_POINT ( 'NONE', #1333 ) ;
#2475 = EDGE_CURVE ( 'NONE', #936, #1282, #29, .T. ) ;
#2476 = VERTEX_POINT ( 'NONE', #1846 ) ;
#2477 = VERTEX_POINT ( 'NONE', #5554 ) ;
#2478 = SURFACE_STYLE_FILL_AREA ( #790 ) ;
#2479 = DIRECTION ( 'NONE',  ( -0.0000000000000000000, -0.0000000000000000000, -1.000000000000000000 ) ) ;
#2480 = VECTOR ( 'NONE', #6000, 39.37007874015748100 ) ;
#2481 = DIRECTION ( 'NONE',  ( 1.000000000000000000, 0.0000000000000000000, 0.0000000000000000000 ) ) ;
#2482 = VERTEX_POINT ( 'NONE', #2777 ) ;
#2483 = ORIENTED_EDGE ( 'NONE', *, *, #338, .T. ) ;
#2484 = LINE ( 'NONE', #2381, #2338 ) ;
#2485 = FACE_OUTER_BOUND ( 'NONE', #547, .T. ) ;
#2486 = DIRECTION ( 'NONE',  ( 0.0000000000000000000, 0.0000000000000000000, 1.000000000000000000 ) ) ;
#2487 = DIRECTION ( 'NONE',  ( 0.0000000000000000000, 0.0000000000000000000, 1.000000000000000000 ) ) ;
#2488 = DIRECTION ( 'NONE',  ( 1.000000000000000000, 0.0000000000000000000, 0.0000000000000000000 ) ) ;
#2489 = ORIENTED_EDGE ( 'NONE', *, *, #351, .T. ) ;
#2490 = CIRCLE ( 'NONE', #3595, 0.02199999999999965500 ) ;
#2491 = VECTOR ( 'NONE', #1865, 39.37007874015748100 ) ;
#2492 = SURFACE_SIDE_STYLE ('',( #3450 ) ) ;
#2493 = VERTEX_POINT ( 'NONE', #4617 ) ;
#2494 = EDGE_CURVE ( 'NONE', #2376, #4003, #4796, .T. ) ;
#2495 = ORIENTED_EDGE ( 'NONE', *, *, #1349, .T. ) ;
#2496 = CIRCLE ( 'NONE', #2821, 0.02200000000000020300 ) ;
#2497 = FACE_OUTER_BOUND ( 'NONE', #3445, .T. ) ;
#2498 = LINE ( 'NONE', #2042, #552 ) ;
#2499 = ORIENTED_EDGE ( 'NONE', *, *, #3667, .T. ) ;
#2500 = DIRECTION ( 'NONE',  ( -0.0000000000000000000, -0.0000000000000000000, -1.000000000000000000 ) ) ;
#2501 = LINE ( 'NONE', #3732, #3745 ) ;
#2502 = AXIS2_PLACEMENT_3D ( 'NONE', #5967, #431, #5050 ) ;
#2503 = CIRCLE ( 'NONE', #5421, 0.02200000000000047400 ) ;
#2504 = FACE_OUTER_BOUND ( 'NONE', #242, .T. ) ;
#2505 = CARTESIAN_POINT ( 'NONE',  ( -1.891040841103374100, 0.6247071131021896300, -3.000000000000000400 ) ) ;
#2506 = EDGE_CURVE ( 'NONE', #3807, #818, #4944, .T. ) ;
#2507 = DIRECTION ( 'NONE',  ( 0.6946583704589762700, 0.7193398003386715100, -0.0000000000000000000 ) ) ;
#2508 = ORIENTED_EDGE ( 'NONE', *, *, #2663, .T. ) ;
#2509 = ADVANCED_FACE ( 'NONE', ( #3573 ), #4654, .T. ) ;
#2510 = CARTESIAN_POINT ( 'NONE',  ( -0.6894999999999998900, 0.9780000000000000900, -3.000000000000000400 ) ) ;
#2511 = CARTESIAN_POINT ( 'NONE',  ( -1.049803758246039600, 0.1176598335497449100, -3.000000000000000400 ) ) ;
#2512 = CARTESIAN_POINT ( 'NONE',  ( 1.077274771286915300, 0.9350000000000000500, -3.000000000000000400 ) ) ;
#2513 = CYLINDRICAL_SURFACE ( 'NONE', #1045, 0.09499999999999994600 ) ;
#2514 = CARTESIAN_POINT ( 'NONE',  ( 1.201152527650757300, 0.9500000000000002900, -3.000000000000000400 ) ) ;
#2515 = CARTESIAN_POINT ( 'NONE',  ( 0.3298335452906798200, 0.1870000000000000000, -2.093324128259931100 ) ) ;
#2516 = AXIS2_PLACEMENT_3D ( 'NONE', #3259, #1882, #5120 ) ;
#2517 = EDGE_CURVE ( 'NONE', #26, #3129, #2332, .T. ) ;
#2518 = DIRECTION ( 'NONE',  ( 0.0000000000000000000, 0.0000000000000000000, 1.000000000000000000 ) ) ;
#2519 = ORIENTED_EDGE ( 'NONE', *, *, #2025, .F. ) ;
#2520 = AXIS2_PLACEMENT_3D ( 'NONE', #5488, #2713, #5943 ) ;
#2521 = CARTESIAN_POINT ( 'NONE',  ( -1.033134772369058700, 0.1607401157748909200, 0.0000000000000000000 ) ) ;
#2522 = DIRECTION ( 'NONE',  ( -0.01724383669930122000, -0.9998513139941798100, 0.0000000000000000000 ) ) ;
#2523 = DIRECTION ( 'NONE',  ( -0.9225012200031439400, -0.3859941697651808100, -0.0000000000000000000 ) ) ;
#2524 = ORIENTED_EDGE ( 'NONE', *, *, #3622, .T. ) ;
#2525 = CARTESIAN_POINT ( 'NONE',  ( 0.9709462570949567400, 0.2203301365112392300, -3.000000000000000400 ) ) ;
#2526 = DIRECTION ( 'NONE',  ( 0.0000000000000000000, 0.0000000000000000000, 1.000000000000000000 ) ) ;
#2527 = CARTESIAN_POINT ( 'NONE',  ( -0.6674999999999998700, 0.2000000000000001200, 0.0000000000000000000 ) ) ;
#2528 = DIRECTION ( 'NONE',  ( 1.000000000000000000, 0.0000000000000000000, 0.0000000000000000000 ) ) ;
#2529 = DIRECTION ( 'NONE',  ( -1.000000000000000000, 0.0000000000000000000, -2.483498176058429400E-015 ) ) ;
#2530 = VERTEX_POINT ( 'NONE', #1417 ) ;
#2531 = DIRECTION ( 'NONE',  ( 0.0000000000000000000, 0.0000000000000000000, 1.000000000000000000 ) ) ;
#2532 = CARTESIAN_POINT ( 'NONE',  ( 2.035959736159318900, 0.04818925585431359200, -2.654999999999999800 ) ) ;
#2533 = ORIENTED_EDGE ( 'NONE', *, *, #4690, .F. ) ;
#2534 = ADVANCED_FACE ( 'NONE', ( #3429, #1390, #2185, #954, #5888 ), #2756, .T. ) ;
#2535 = AXIS2_PLACEMENT_3D ( 'NONE', #2655, #5890, #3121 ) ;
#2536 = EDGE_CURVE ( 'NONE', #1668, #2114, #2039, .T. ) ;
#2537 = VERTEX_POINT ( 'NONE', #2818 ) ;
#2538 = ORIENTED_EDGE ( 'NONE', *, *, #2585, .F. ) ;
#2539 = ORIENTED_EDGE ( 'NONE', *, *, #2970, .F. ) ;
#2540 = CARTESIAN_POINT ( 'NONE',  ( 0.6674999999999998700, 0.0000000000000000000, -3.000000000000000400 ) ) ;
#2541 = CIRCLE ( 'NONE', #1728, 0.02500000000000000500 ) ;
#2542 = DIRECTION ( 'NONE',  ( 3.717177780994685600E-015, -1.298067084499652200E-016, 1.000000000000000000 ) ) ;
#2543 = EDGE_LOOP ( 'NONE', ( #4706, #1872, #785, #1029 ) ) ;
#2544 = CARTESIAN_POINT ( 'NONE',  ( -2.034040263840683100, 0.1031557513403639800, -2.654999999999999800 ) ) ;
#2545 = DIRECTION ( 'NONE',  ( 0.9205048534524393800, 0.3907311284892757700, -0.0000000000000000000 ) ) ;
#2546 = ORIENTED_EDGE ( 'NONE', *, *, #5360, .T. ) ;
#2547 = EDGE_CURVE ( 'NONE', #2284, #5626, #3278, .T. ) ;
#2548 = DIRECTION ( 'NONE',  ( 0.0000000000000000000, 0.0000000000000000000, 1.000000000000000000 ) ) ;
#2549 = ORIENTED_EDGE ( 'NONE', *, *, #1942, .F. ) ;
#2550 = FACE_OUTER_BOUND ( 'NONE', #166, .T. ) ;
#2551 = CARTESIAN_POINT ( 'NONE',  ( 0.1406498627725982800, 0.1870000000000000000, -1.322961540613206700 ) ) ;
#2552 = CARTESIAN_POINT ( 'NONE',  ( 1.513342109450037400, 0.9579059470253824500, -3.000000000000000400 ) ) ;
#2553 = ORIENTED_EDGE ( 'NONE', *, *, #2413, .T. ) ;
#2554 = ORIENTED_EDGE ( 'NONE', *, *, #5098, .F. ) ;
#2555 = ORIENTED_EDGE ( 'NONE', *, *, #1794, .T. ) ;
#2556 = AXIS2_PLACEMENT_3D ( 'NONE', #1213, #4461, #1681 ) ;
#2557 = VECTOR ( 'NONE', #2027, 39.37007874015748100 ) ;
#2558 = DIRECTION ( 'NONE',  ( 0.0000000000000000000, 0.0000000000000000000, 1.000000000000000000 ) ) ;
#2559 = CIRCLE ( 'NONE', #236, 0.02200000000000020300 ) ;
#2560 = EDGE_CURVE ( 'NONE', #4083, #3861, #811, .T. ) ;
#2561 = ORIENTED_EDGE ( 'NONE', *, *, #373, .F. ) ;
#2562 = CARTESIAN_POINT ( 'NONE',  ( -1.058152527650757100, 0.9780000000000000900, 0.0000000000000000000 ) ) ;
#2563 = EDGE_LOOP ( 'NONE', ( #1466, #4560, #4501, #4601, #726, #5530, #4036, #1745, #4104, #3757, #1380, #1566, #648, #1170 ) ) ;
#2564 = FACE_OUTER_BOUND ( 'NONE', #3701, .T. ) ;
#2565 = LINE ( 'NONE', #2697, #1325 ) ;
#2566 = ORIENTED_EDGE ( 'NONE', *, *, #4807, .F. ) ;
#2567 = EDGE_CURVE ( 'NONE', #3443, #536, #4365, .T. ) ;
#2568 = ORIENTED_EDGE ( 'NONE', *, *, #1166, .F. ) ;
#2569 = FACE_OUTER_BOUND ( 'NONE', #5526, .T. ) ;
#2570 = CARTESIAN_POINT ( 'NONE',  ( 0.6894999999999998900, 0.9999999999999998900, 0.0000000000000000000 ) ) ;
#2571 = ADVANCED_FACE ( 'NONE', ( #1906 ), #1749, .T. ) ;
#2572 = DIRECTION ( 'NONE',  ( 0.0000000000000000000, 0.0000000000000000000, 1.000000000000000000 ) ) ;
#2573 = CYLINDRICAL_SURFACE ( 'NONE', #1800, 0.02200000000000020300 ) ;
#2574 = DIRECTION ( 'NONE',  ( 0.9205048534524575800, -0.3907311284892328600, 0.0000000000000000000 ) ) ;
#2575 = FACE_OUTER_BOUND ( 'NONE', #1653, .T. ) ;
#2576 = DIRECTION ( 'NONE',  ( 0.0000000000000000000, 0.0000000000000000000, 1.000000000000000000 ) ) ;
#2577 = VERTEX_POINT ( 'NONE', #3304 ) ;
#2578 = CARTESIAN_POINT ( 'NONE',  ( 1.532037729360301600, 0.9017690778885758500, 0.0000000000000000000 ) ) ;
#2579 = ORIENTED_EDGE ( 'NONE', *, *, #615, .F. ) ;
#2580 = VECTOR ( 'NONE', #4347, 39.37007874015748100 ) ;
#2581 = VECTOR ( 'NONE', #301, 39.37007874015747400 ) ;
#2582 = CYLINDRICAL_SURFACE ( 'NONE', #1389, 0.02500000000000000500 ) ;
#2583 = AXIS2_PLACEMENT_3D ( 'NONE', #567, #1498, #4726 ) ;
#2584 = ORIENTED_EDGE ( 'NONE', *, *, #323, .T. ) ;
#2585 = EDGE_CURVE ( 'NONE', #3800, #1832, #2992, .T. ) ;
#2586 = ORIENTED_EDGE ( 'NONE', *, *, #1633, .T. ) ;
#2587 = EDGE_LOOP ( 'NONE', ( #2704, #5389, #2468, #3641 ) ) ;
#2588 = VECTOR ( 'NONE', #1946, 39.37007874015748900 ) ;
#2589 = CIRCLE ( 'NONE', #4995, 0.02500000000000000500 ) ;
#2590 = CARTESIAN_POINT ( 'NONE',  ( -1.894113555424991900, 0.6021114746462065100, 0.0000000000000000000 ) ) ;
#2591 = EDGE_CURVE ( 'NONE', #5290, #297, #5457, .T. ) ;
#2592 = CARTESIAN_POINT ( 'NONE',  ( 1.866515789744190200, 0.5850194903075147700, -3.000000000000000400 ) ) ;
#2593 = DIRECTION ( 'NONE',  ( 1.000000000000000000, 0.0000000000000000000, 0.0000000000000000000 ) ) ;
#2594 = ORIENTED_EDGE ( 'NONE', *, *, #5816, .F. ) ;
#2595 = CARTESIAN_POINT ( 'NONE',  ( -1.201152527650757300, 0.9719999999999998600, -3.000000000000000400 ) ) ;
#2596 = CARTESIAN_POINT ( 'NONE',  ( -2.035959736159318900, 0.04818925585431360600, -3.000000000000000400 ) ) ;
#2597 = AXIS2_PLACEMENT_3D ( 'NONE', #2888, #5663, #5644 ) ;
#2598 = EDGE_CURVE ( 'NONE', #5246, #1068, #5738, .T. ) ;
#2599 = CARTESIAN_POINT ( 'NONE',  ( 1.681581434628707700, 0.8604121833114224400, 0.0000000000000000000 ) ) ;
#2600 = DIRECTION ( 'NONE',  ( -0.0000000000000000000, 1.000000000000000000, -0.0000000000000000000 ) ) ;
#2601 = ADVANCED_FACE ( 'NONE', ( #384 ), #3938, .T. ) ;
#2602 = AXIS2_PLACEMENT_3D ( 'NONE', #2167, #2120, #3979 ) ;
#2603 = CARTESIAN_POINT ( 'NONE',  ( 1.537128025682452700, 0.9158789639034484700, -3.000000000000000400 ) ) ;
#2604 = ORIENTED_EDGE ( 'NONE', *, *, #1147, .F. ) ;
#2605 = CARTESIAN_POINT ( 'NONE',  ( 0.3298335452906798200, 0.0000000000000000000, -1.998324128259931100 ) ) ;
#2606 = DIRECTION ( 'NONE',  ( -0.3907311284892756000, 0.9205048534524396000, 0.0000000000000000000 ) ) ;
#2607 = CARTESIAN_POINT ( 'NONE',  ( 0.3298335452906798200, 0.0000000000000000000, -2.093324128259931100 ) ) ;
#2608 = CARTESIAN_POINT ( 'NONE',  ( -0.9252551459287307000, 0.3015528512084663100, 0.0000000000000000000 ) ) ;
#2609 = DIRECTION ( 'NONE',  ( -1.000000000000000000, 0.0000000000000000000, 0.0000000000000000000 ) ) ;
#2610 = EDGE_CURVE ( 'NONE', #4204, #1497, #5154, .T. ) ;
#2611 = ORIENTED_EDGE ( 'NONE', *, *, #2494, .F. ) ;
#2612 = CARTESIAN_POINT ( 'NONE',  ( 1.201152527650757300, 0.9999999999999998900, -3.000000000000000400 ) ) ;
#2613 = ORIENTED_EDGE ( 'NONE', *, *, #3501, .T. ) ;
#2614 = ORIENTED_EDGE ( 'NONE', *, *, #4942, .T. ) ;
#2615 = AXIS2_PLACEMENT_3D ( 'NONE', #1890, #5125, #2357 ) ;
#2616 = ORIENTED_EDGE ( 'NONE', *, *, #44, .F. ) ;
#2617 = EDGE_CURVE ( 'NONE', #4323, #1323, #528, .T. ) ;
#2618 = LINE ( 'NONE', #1657, #2470 ) ;
#2619 = ORIENTED_EDGE ( 'NONE', *, *, #2560, .F. ) ;
#2620 = ORIENTED_EDGE ( 'NONE', *, *, #3380, .F. ) ;
#2621 = CYLINDRICAL_SURFACE ( 'NONE', #3851, 0.02199999999999992900 ) ;
#2622 = ORIENTED_EDGE ( 'NONE', *, *, #2391, .T. ) ;
#2623 = LINE ( 'NONE', #3203, #5080 ) ;
#2624 = DIRECTION ( 'NONE',  ( -0.0000000000000000000, -0.0000000000000000000, -1.000000000000000000 ) ) ;
#2625 = ADVANCED_FACE ( 'NONE', ( #1461 ), #3794, .F. ) ;
#2626 = DIRECTION ( 'NONE',  ( 1.000000000000000000, 0.0000000000000000000, 0.0000000000000000000 ) ) ;
#2627 = AXIS2_PLACEMENT_3D ( 'NONE', #847, #4109, #1310 ) ;
#2628 = CARTESIAN_POINT ( 'NONE',  ( -1.166944670024670800, 0.9350000000000000500, -3.000000000000000400 ) ) ;
#2629 = EDGE_LOOP ( 'NONE', ( #3348, #850, #796, #1913 ) ) ;
#2630 = EDGE_CURVE ( 'NONE', #5396, #4245, #1609, .T. ) ;
#2631 = CARTESIAN_POINT ( 'NONE',  ( -1.885158604831293800, 0.5113038150519720900, -3.000000000000000400 ) ) ;
#2632 = VERTEX_POINT ( 'NONE', #3336 ) ;
#2633 = DIRECTION ( 'NONE',  ( 1.000000000000000000, 0.0000000000000000000, 0.0000000000000000000 ) ) ;
#2634 = CIRCLE ( 'NONE', #5051, 0.02199999999999992900 ) ;
#2635 = CIRCLE ( 'NONE', #5807, 0.02200000000000047400 ) ;
#2636 = CARTESIAN_POINT ( 'NONE',  ( -0.6674999999999998700, 0.2000000000000001200, -3.000000000000000400 ) ) ;
#2637 = ORIENTED_EDGE ( 'NONE', *, *, #3390, .F. ) ;
#2638 = CARTESIAN_POINT ( 'NONE',  ( 1.821881008441300900, 0.04071346195058591500, -0.1549999999999999200 ) ) ;
#2639 = AXIS2_PLACEMENT_3D ( 'NONE', #1094, #4343, #1575 ) ;
#2640 = DIRECTION ( 'NONE',  ( -1.000000000000000000, 0.0000000000000000000, 0.0000000000000000000 ) ) ;
#2641 = CIRCLE ( 'NONE', #1724, 0.09499999999999966800 ) ;
#2642 = CYLINDRICAL_SURFACE ( 'NONE', #5266, 0.02500000000000000500 ) ;
#2643 = VERTEX_POINT ( 'NONE', #3823 ) ;
#2644 = ORIENTED_EDGE ( 'NONE', *, *, #2872, .T. ) ;
#2645 =( NAMED_UNIT ( * ) SI_UNIT ( $, .STERADIAN. ) SOLID_ANGLE_UNIT ( ) );
#2646 = ORIENTED_EDGE ( 'NONE', *, *, #5242, .F. ) ;
#2647 = FACE_OUTER_BOUND ( 'NONE', #4277, .T. ) ;
#2648 = VECTOR ( 'NONE', #913, 39.37007874015748100 ) ;
#2649 = LINE ( 'NONE', #5224, #4964 ) ;
#2650 = CARTESIAN_POINT ( 'NONE',  ( 1.784382819764028100, 0.09443752128386380400, -2.750000000000000000 ) ) ;
#2651 = ORIENTED_EDGE ( 'NONE', *, *, #3411, .T. ) ;
#2652 = ORIENTED_EDGE ( 'NONE', *, *, #2506, .T. ) ;
#2653 = CARTESIAN_POINT ( 'NONE',  ( -1.891040841103374100, 0.6247071131021896300, -3.000000000000000400 ) ) ;
#2654 = CYLINDRICAL_SURFACE ( 'NONE', #2784, 0.3749999999999999400 ) ;
#2655 = CARTESIAN_POINT ( 'NONE',  ( 0.6894999999999998900, 0.9780000000000000900, 0.0000000000000000000 ) ) ;
#2656 = FACE_OUTER_BOUND ( 'NONE', #378, .T. ) ;
#2657 = DIRECTION ( 'NONE',  ( -0.0000000000000000000, -0.0000000000000000000, -1.000000000000000000 ) ) ;
#2658 = ORIENTED_EDGE ( 'NONE', *, *, #4983, .F. ) ;
#2659 = ORIENTED_EDGE ( 'NONE', *, *, #146, .T. ) ;
#2660 = CARTESIAN_POINT ( 'NONE',  ( -0.9683585055943934000, 0.2601086883240222900, 0.0000000000000000000 ) ) ;
#2661 = DIRECTION ( 'NONE',  ( 0.0000000000000000000, 0.0000000000000000000, 1.000000000000000000 ) ) ;
#2662 = VECTOR ( 'NONE', #3634, 39.37007874015748900 ) ;
#2663 = EDGE_CURVE ( 'NONE', #2577, #1767, #5006, .T. ) ;
#2664 = DIRECTION ( 'NONE',  ( 0.0000000000000000000, 0.0000000000000000000, 1.000000000000000000 ) ) ;
#2665 = DIRECTION ( 'NONE',  ( 0.0000000000000000000, 0.0000000000000000000, 1.000000000000000000 ) ) ;
#2666 = ORIENTED_EDGE ( 'NONE', *, *, #1422, .T. ) ;
#2667 = AXIS2_PLACEMENT_3D ( 'NONE', #904, #4165, #1365 ) ;
#2668 = DIRECTION ( 'NONE',  ( 1.000000000000000000, 0.0000000000000000000, 0.0000000000000000000 ) ) ;
#2669 = ADVANCED_FACE ( 'NONE', ( #2550 ), #2427, .T. ) ;
#2670 = EDGE_CURVE ( 'NONE', #525, #3167, #3638, .T. ) ;
#2671 = CARTESIAN_POINT ( 'NONE',  ( -1.874656792175581700, 0.04255643292911714900, -0.3450000000000000300 ) ) ;
#2672 = CARTESIAN_POINT ( 'NONE',  ( 2.035000000000000100, 0.07567250359733875000, -3.000000000000000400 ) ) ;
#2673 = DIRECTION ( 'NONE',  ( 1.000000000000000000, 0.0000000000000000000, 0.0000000000000000000 ) ) ;
#2674 = AXIS2_PLACEMENT_3D ( 'NONE', #3696, #909, #4168 ) ;
#2675 = VERTEX_POINT ( 'NONE', #587 ) ;
#2676 = EDGE_CURVE ( 'NONE', #1061, #5105, #1164, .T. ) ;
#2677 = DIRECTION ( 'NONE',  ( -1.000000000000000000, 0.0000000000000000000, 0.0000000000000000000 ) ) ;
#2678 = DIRECTION ( 'NONE',  ( -1.000000000000000000, 0.0000000000000000000, 0.0000000000000000000 ) ) ;
#2679 = CARTESIAN_POINT ( 'NONE',  ( 0.7704999999999998500, 0.9780000000000000900, -3.000000000000000400 ) ) ;
#2680 = ORIENTED_EDGE ( 'NONE', *, *, #3792, .F. ) ;
#2681 = EDGE_CURVE ( 'NONE', #1680, #3715, #96, .T. ) ;
#2682 = ORIENTED_EDGE ( 'NONE', *, *, #5612, .T. ) ;
#2683 = DIRECTION ( 'NONE',  ( 0.0000000000000000000, 0.0000000000000000000, 1.000000000000000000 ) ) ;
#2684 = DIRECTION ( 'NONE',  ( 1.000000000000000000, 0.0000000000000000000, 0.0000000000000000000 ) ) ;
#2685 = DIMENSIONAL_EXPONENTS ( 1.000000000000000000, 0.0000000000000000000, 0.0000000000000000000, 0.0000000000000000000, 0.0000000000000000000, 0.0000000000000000000, 0.0000000000000000000 ) ;
#2686 = ORIENTED_EDGE ( 'NONE', *, *, #1861, .F. ) ;
#2687 = ORIENTED_EDGE ( 'NONE', *, *, #3092, .F. ) ;
#2688 = ORIENTED_EDGE ( 'NONE', *, *, #5831, .F. ) ;
#2689 = AXIS2_PLACEMENT_3D ( 'NONE', #4870, #3498, #716 ) ;
#2690 = CIRCLE ( 'NONE', #869, 0.09499999999999994600 ) ;
#2691 = CARTESIAN_POINT ( 'NONE',  ( 1.894113555424991900, 0.6021114746462065100, -3.000000000000000400 ) ) ;
#2692 = EDGE_CURVE ( 'NONE', #864, #4355, #4869, .T. ) ;
#2693 = ORIENTED_EDGE ( 'NONE', *, *, #4683, .T. ) ;
#2694 = ORIENTED_EDGE ( 'NONE', *, *, #3606, .T. ) ;
#2695 = CARTESIAN_POINT ( 'NONE',  ( 2.062500000000000000, 0.07567250359733875000, -3.000000000000000400 ) ) ;
#2696 = ADVANCED_FACE ( 'NONE', ( #2251 ), #4571, .F. ) ;
#2697 = CARTESIAN_POINT ( 'NONE',  ( -0.7924999999999997600, 0.9719999999999998600, -3.000000000000000400 ) ) ;
#2698 = ORIENTED_EDGE ( 'NONE', *, *, #1966, .T. ) ;
#2699 = CARTESIAN_POINT ( 'NONE',  ( -1.033134772369058700, 0.1607401157748910000, -3.000000000000000400 ) ) ;
#2700 = VECTOR ( 'NONE', #4292, 39.37007874015747400 ) ;
#2701 = ORIENTED_EDGE ( 'NONE', *, *, #5871, .F. ) ;
#2702 = AXIS2_PLACEMENT_3D ( 'NONE', #274, #3502, #720 ) ;
#2703 = DIRECTION ( 'NONE',  ( 0.0000000000000000000, 0.0000000000000000000, 1.000000000000000000 ) ) ;
#2704 = ORIENTED_EDGE ( 'NONE', *, *, #4631, .F. ) ;
#2705 = EDGE_CURVE ( 'NONE', #2262, #5292, #1021, .T. ) ;
#2706 = ORIENTED_EDGE ( 'NONE', *, *, #1620, .T. ) ;
#2707 = LINE ( 'NONE', #3896, #391 ) ;
#2708 = LINE ( 'NONE', #4452, #5163 ) ;
#2709 = ORIENTED_EDGE ( 'NONE', *, *, #589, .F. ) ;
#2710 = DIRECTION ( 'NONE',  ( 0.0000000000000000000, 0.0000000000000000000, 1.000000000000000000 ) ) ;
#2711 = ORIENTED_EDGE ( 'NONE', *, *, #2795, .T. ) ;
#2712 = CIRCLE ( 'NONE', #5250, 0.5750000000000000700 ) ;
#2713 = DIRECTION ( 'NONE',  ( 0.0000000000000000000, 0.0000000000000000000, 1.000000000000000000 ) ) ;
#2714 = CIRCLE ( 'NONE', #3027, 0.01499999999999997700 ) ;
#2715 = EDGE_CURVE ( 'NONE', #5858, #4558, #2403, .T. ) ;
#2716 = CARTESIAN_POINT ( 'NONE',  ( -0.7177631569268034800, 0.9347413424495103500, -3.000000000000000400 ) ) ;
#2717 = ORIENTED_EDGE ( 'NONE', *, *, #4914, .F. ) ;
#2718 = DIRECTION ( 'NONE',  ( 0.0000000000000000000, 0.0000000000000000000, 1.000000000000000000 ) ) ;
#2719 = CIRCLE ( 'NONE', #5610, 0.01499999999999997700 ) ;
#2720 = CARTESIAN_POINT ( 'NONE',  ( 2.034040263840691100, 0.1031557513403642500, -0.3450000000000003100 ) ) ;
#2721 = VECTOR ( 'NONE', #3799, 39.37007874015748100 ) ;
#2722 = FACE_OUTER_BOUND ( 'NONE', #5876, .T. ) ;
#2723 = DIRECTION ( 'NONE',  ( 1.000000000000000000, 0.0000000000000000000, 0.0000000000000000000 ) ) ;
#2724 = ORIENTED_EDGE ( 'NONE', *, *, #2037, .F. ) ;
#2725 = ORIENTED_EDGE ( 'NONE', *, *, #2057, .F. ) ;
#2726 = AXIS2_PLACEMENT_3D ( 'NONE', #193, #1082, #2488 ) ;
#2727 = DIRECTION ( 'NONE',  ( 0.0000000000000000000, 0.0000000000000000000, 1.000000000000000000 ) ) ;
#2728 = LINE ( 'NONE', #647, #2580 ) ;
#2729 = VECTOR ( 'NONE', #288, 39.37007874015748900 ) ;
#2730 = LINE ( 'NONE', #1062, #5037 ) ;
#2731 = ORIENTED_EDGE ( 'NONE', *, *, #771, .F. ) ;
#2732 = EDGE_LOOP ( 'NONE', ( #5837, #5935, #4370, #4998 ) ) ;
#2733 = ORIENTED_EDGE ( 'NONE', *, *, #2715, .T. ) ;
#2734 = CARTESIAN_POINT ( 'NONE',  ( -0.3269714672306675600, 0.0000000000000000000, -1.005999999999999800 ) ) ;
#2735 = ADVANCED_FACE ( 'NONE', ( #873 ), #3207, .T. ) ;
#2736 = CARTESIAN_POINT ( 'NONE',  ( 2.035959736159318900, 0.04818925585431359200, -3.000000000000000400 ) ) ;
#2737 = LINE ( 'NONE', #5788, #285 ) ;
#2738 = EDGE_CURVE ( 'NONE', #2284, #5318, #4431, .T. ) ;
#2739 = CARTESIAN_POINT ( 'NONE',  ( 1.342000000000000100, 0.3750000000000000600, -3.000000000000000400 ) ) ;
#2740 = CARTESIAN_POINT ( 'NONE',  ( -0.6560000000000000300, 0.0000000000000000000, -3.000000000000000400 ) ) ;
#2741 = DIRECTION ( 'NONE',  ( 1.000000000000000000, 9.313118160219109400E-016, 2.483498176058429400E-015 ) ) ;
#2742 = DIRECTION ( 'NONE',  ( -0.0000000000000000000, -0.0000000000000000000, -1.000000000000000000 ) ) ;
#2743 = DIRECTION ( 'NONE',  ( -0.0000000000000000000, -0.0000000000000000000, -1.000000000000000000 ) ) ;
#2744 = DIRECTION ( 'NONE',  ( 1.000000000000000000, 0.0000000000000000000, 0.0000000000000000000 ) ) ;
#2745 = AXIS2_PLACEMENT_3D ( 'NONE', #3653, #2727, #5497 ) ;
#2746 = EDGE_CURVE ( 'NONE', #1682, #1248, #3345, .T. ) ;
#2747 = ORIENTED_EDGE ( 'NONE', *, *, #1378, .F. ) ;
#2748 = AXIS2_PLACEMENT_3D ( 'NONE', #1960, #2900, #136 ) ;
#2749 = EDGE_CURVE ( 'NONE', #249, #1819, #5805, .T. ) ;
#2750 = EDGE_LOOP ( 'NONE', ( #2698, #418, #851, #4946 ) ) ;
#2751 = DIRECTION ( 'NONE',  ( 0.0000000000000000000, 0.0000000000000000000, 1.000000000000000000 ) ) ;
#2752 = DIRECTION ( 'NONE',  ( -0.4528528587886683800, -0.8915852669750270500, -0.0000000000000000000 ) ) ;
#2753 = CARTESIAN_POINT ( 'NONE',  ( 0.6560000000000000300, 0.0000000000000000000, -3.000000000000000400 ) ) ;
#2754 = CARTESIAN_POINT ( 'NONE',  ( -1.201152527650757300, 0.9500000000000000700, -3.000000000000000400 ) ) ;
#2755 = AXIS2_PLACEMENT_3D ( 'NONE', #5572, #2808, #39 ) ;
#2756 = PLANE ( 'NONE',  #2516 ) ;
#2757 = CARTESIAN_POINT ( 'NONE',  ( -1.886697118537944900, -0.3022334023924709300, -0.3450000000000000300 ) ) ;
#2758 = ORIENTED_EDGE ( 'NONE', *, *, #2115, .T. ) ;
#2759 = ORIENTED_EDGE ( 'NONE', *, *, #4581, .F. ) ;
#2760 = EDGE_CURVE ( 'NONE', #2892, #5626, #5660, .T. ) ;
#2761 = CIRCLE ( 'NONE', #3099, 0.01499999999999997700 ) ;
#2762 = ORIENTED_EDGE ( 'NONE', *, *, #2517, .F. ) ;
#2763 = CARTESIAN_POINT ( 'NONE',  ( 1.782458660289619100, 0.03933680321795758600, -0.3056497115745560600 ) ) ;
#2764 = CARTESIAN_POINT ( 'NONE',  ( 1.821881008441300400, 0.04071346195058591500, -2.845000000000000200 ) ) ;
#2765 = ORIENTED_EDGE ( 'NONE', *, *, #5137, .F. ) ;
#2766 = CYLINDRICAL_SURFACE ( 'NONE', #4300, 0.01000000000000016700 ) ;
#2767 = ORIENTED_EDGE ( 'NONE', *, *, #3737, .F. ) ;
#2768 = CARTESIAN_POINT ( 'NONE',  ( -0.8076000891761818700, 0.3709360474628064500, -3.000000000000000400 ) ) ;
#2769 = ORIENTED_EDGE ( 'NONE', *, *, #502, .T. ) ;
#2770 = CIRCLE ( 'NONE', #4694, 0.01499999999999997700 ) ;
#2771 = AXIS2_PLACEMENT_3D ( 'NONE', #106, #3331, #569 ) ;
#2772 = ORIENTED_EDGE ( 'NONE', *, *, #932, .T. ) ;
#2773 = EDGE_CURVE ( 'NONE', #530, #2324, #736, .T. ) ;
#2774 = LENGTH_MEASURE_WITH_UNIT ( LENGTH_MEASURE( 0.02539999999999999900 ), #4947 );
#2775 = CARTESIAN_POINT ( 'NONE',  ( -1.058152527650757100, 0.9999999999999998900, -3.000000000000000400 ) ) ;
#2776 = FACE_OUTER_BOUND ( 'NONE', #3202, .T. ) ;
#2777 = CARTESIAN_POINT ( 'NONE',  ( -1.542397421957246100, 0.8909211854989539400, -3.000000000000000400 ) ) ;
#2778 = ORIENTED_EDGE ( 'NONE', *, *, #1942, .T. ) ;
#2779 = DIRECTION ( 'NONE',  ( 1.000000000000000000, 0.0000000000000000000, 0.0000000000000000000 ) ) ;
#2780 = CARTESIAN_POINT ( 'NONE',  ( 1.500000000000000200, 0.08450665438747084800, 0.0000000000000000000 ) ) ;
#2781 = ORIENTED_EDGE ( 'NONE', *, *, #4201, .T. ) ;
#2782 = CIRCLE ( 'NONE', #4436, 0.02199999999999992900 ) ;
#2783 = LINE ( 'NONE', #3337, #4175 ) ;
#2784 = AXIS2_PLACEMENT_3D ( 'NONE', #2540, #2076, #2673 ) ;
#2785 = ORIENTED_EDGE ( 'NONE', *, *, #5074, .T. ) ;
#2786 = EDGE_CURVE ( 'NONE', #4743, #5742, #5521, .T. ) ;
#2787 = ORIENTED_EDGE ( 'NONE', *, *, #1509, .F. ) ;
#2788 = LINE ( 'NONE', #5803, #5094 ) ;
#2789 = FACE_OUTER_BOUND ( 'NONE', #2629, .T. ) ;
#2790 = CARTESIAN_POINT ( 'NONE',  ( 0.7271491843857027500, 0.3905102614194897500, -3.000000000000000400 ) ) ;
#2791 = CARTESIAN_POINT ( 'NONE',  ( -1.600268701519571600, 0.8770323167238678300, -3.000000000000000400 ) ) ;
#2792 = ORIENTED_EDGE ( 'NONE', *, *, #141, .T. ) ;
#2793 = AXIS2_PLACEMENT_3D ( 'NONE', #2210, #5452, #2678 ) ;
#2794 = VECTOR ( 'NONE', #5909, 39.37007874015747400 ) ;
#2795 = EDGE_CURVE ( 'NONE', #5365, #275, #3060, .T. ) ;
#2796 = DIRECTION ( 'NONE',  ( -0.4528528587886684300, 0.8915852669750270500, 0.0000000000000000000 ) ) ;
#2797 = CIRCLE ( 'NONE', #145, 0.3750000000000000600 ) ;
#2798 = FACE_OUTER_BOUND ( 'NONE', #3077, .T. ) ;
#2799 = ORIENTED_EDGE ( 'NONE', *, *, #1700, .F. ) ;
#2800 = DIRECTION ( 'NONE',  ( -0.4528528587886683800, 0.8915852669750270500, 0.0000000000000000000 ) ) ;
#2801 = CARTESIAN_POINT ( 'NONE',  ( -1.866515789744190200, 0.5850194903075147700, -3.000000000000000400 ) ) ;
#2802 = VECTOR ( 'NONE', #4397, 39.37007874015748100 ) ;
#2803 = DIRECTION ( 'NONE',  ( -1.000000000000000000, 0.0000000000000000000, 0.0000000000000000000 ) ) ;
#2804 = DIRECTION ( 'NONE',  ( 0.0000000000000000000, 0.0000000000000000000, 1.000000000000000000 ) ) ;
#2805 = LINE ( 'NONE', #5970, #1712 ) ;
#2806 = DIRECTION ( 'NONE',  ( 0.0000000000000000000, 0.0000000000000000000, 1.000000000000000000 ) ) ;
#2807 = ORIENTED_EDGE ( 'NONE', *, *, #4554, .T. ) ;
#2808 = DIRECTION ( 'NONE',  ( 2.973742224795748600E-015, -1.038453667599721700E-016, 1.000000000000000000 ) ) ;
#2809 = ORIENTED_EDGE ( 'NONE', *, *, #1927, .T. ) ;
#2810 = CARTESIAN_POINT ( 'NONE',  ( -0.7924999999999999800, 0.9780000000000000900, 0.0000000000000000000 ) ) ;
#2811 = CARTESIAN_POINT ( 'NONE',  ( -0.7704999999999998500, 1.000000000000000000, 0.0000000000000000000 ) ) ;
#2812 = AXIS2_PLACEMENT_3D ( 'NONE', #4035, #2665, #5905 ) ;
#2813 = EDGE_CURVE ( 'NONE', #1812, #3548, #1822, .T. ) ;
#2814 = DIRECTION ( 'NONE',  ( -0.0000000000000000000, 1.000000000000000000, -0.0000000000000000000 ) ) ;
#2815 = CARTESIAN_POINT ( 'NONE',  ( -0.7779473039079433100, 0.3583662833742404800, -3.000000000000000400 ) ) ;
#2816 = CARTESIAN_POINT ( 'NONE',  ( -0.6674999999999998700, 0.0000000000000000000, -3.000000000000000400 ) ) ;
#2817 = CARTESIAN_POINT ( 'NONE',  ( -0.6544999999999998600, 0.1870000000000000000, -3.000000000000000400 ) ) ;
#2818 = CARTESIAN_POINT ( 'NONE',  ( 1.946771454098938700, 0.4452139642359396200, 0.0000000000000000000 ) ) ;
#2819 = CARTESIAN_POINT ( 'NONE',  ( 0.9709462570949567400, 0.2203301365112392300, -3.000000000000000400 ) ) ;
#2820 = ORIENTED_EDGE ( 'NONE', *, *, #269, .T. ) ;
#2821 = AXIS2_PLACEMENT_3D ( 'NONE', #4137, #1345, #4579 ) ;
#2822 = EDGE_CURVE ( 'NONE', #2396, #870, #595, .T. ) ;
#2823 = DIRECTION ( 'NONE',  ( 0.0000000000000000000, 0.0000000000000000000, 1.000000000000000000 ) ) ;
#2824 = ORIENTED_EDGE ( 'NONE', *, *, #4962, .T. ) ;
#2825 = CARTESIAN_POINT ( 'NONE',  ( 0.7271491843857027500, 0.3905102614194897500, -3.000000000000000400 ) ) ;
#2826 = AXIS2_PLACEMENT_3D ( 'NONE', #653, #3906, #1106 ) ;
#2827 = ORIENTED_EDGE ( 'NONE', *, *, #4952, .T. ) ;
#2828 = EDGE_CURVE ( 'NONE', #3205, #4279, #1971, .T. ) ;
#2829 = DIRECTION ( 'NONE',  ( 0.0000000000000000000, 0.0000000000000000000, 1.000000000000000000 ) ) ;
#2830 = VERTEX_POINT ( 'NONE', #668 ) ;
#2831 = CARTESIAN_POINT ( 'NONE',  ( 0.1406498627725982800, 0.1870000000000000000, -1.212961540613206800 ) ) ;
#2832 = DIRECTION ( 'NONE',  ( 0.0000000000000000000, 0.0000000000000000000, 1.000000000000000000 ) ) ;
#2833 = AXIS2_PLACEMENT_3D ( 'NONE', #2220, #842, #4101 ) ;
#2834 = DIRECTION ( 'NONE',  ( 0.0000000000000000000, 0.0000000000000000000, 1.000000000000000000 ) ) ;
#2835 = DIRECTION ( 'NONE',  ( -1.000000000000000000, -0.0000000000000000000, -0.0000000000000000000 ) ) ;
#2836 = ORIENTED_EDGE ( 'NONE', *, *, #3887, .F. ) ;
#2837 = DIRECTION ( 'NONE',  ( 0.0000000000000000000, 0.0000000000000000000, 1.000000000000000000 ) ) ;
#2838 = VERTEX_POINT ( 'NONE', #1141 ) ;
#2839 = VERTEX_POINT ( 'NONE', #3023 ) ;
#2840 = CARTESIAN_POINT ( 'NONE',  ( -1.686011553626535000, 0.8646902994986837000, 0.0000000000000000000 ) ) ;
#2841 = CIRCLE ( 'NONE', #2151, 0.02199999999999965500 ) ;
#2842 = ORIENTED_EDGE ( 'NONE', *, *, #183, .T. ) ;
#2843 = ORIENTED_EDGE ( 'NONE', *, *, #705, .T. ) ;
#2844 = ORIENTED_EDGE ( 'NONE', *, *, #5533, .T. ) ;
#2845 = VECTOR ( 'NONE', #5155, 39.37007874015748900 ) ;
#2846 = CARTESIAN_POINT ( 'NONE',  ( 1.875799255049397200, 0.5887366494280018600, -3.000000000000000400 ) ) ;
#2848 = ADVANCED_FACE ( 'NONE', ( #4156 ), #2766, .F. ) ;
#2847 = ORIENTED_EDGE ( 'NONE', *, *, #4346, .F. ) ;
#2849 = ORIENTED_EDGE ( 'NONE', *, *, #920, .T. ) ;
#2850 = ORIENTED_EDGE ( 'NONE', *, *, #1936, .T. ) ;
#2851 = LINE ( 'NONE', #4331, #1757 ) ;
#2852 = DIRECTION ( 'NONE',  ( 5.781186953351300600E-015, -2.018834969866855500E-016, -1.000000000000000000 ) ) ;
#2853 = LINE ( 'NONE', #3038, #5314 ) ;
#2854 = DIRECTION ( 'NONE',  ( 0.03489949670250190600, 0.9993908270190957600, -0.0000000000000000000 ) ) ;
#2855 = CARTESIAN_POINT ( 'NONE',  ( -0.2179210407162855700, 0.0000000000000000000, -1.670294444297389700 ) ) ;
#2856 = VERTEX_POINT ( 'NONE', #4410 ) ;
#2857 = AXIS2_PLACEMENT_3D ( 'NONE', #638, #2020, #5262 ) ;
#2858 = EDGE_CURVE ( 'NONE', #5021, #4992, #1677, .T. ) ;
#2859 = CARTESIAN_POINT ( 'NONE',  ( -1.342000000000000100, 0.3750000000000000600, 0.0000000000000000000 ) ) ;
#2860 = EDGE_LOOP ( 'NONE', ( #4532, #5158, #3073, #4851 ) ) ;
#2861 = FACE_OUTER_BOUND ( 'NONE', #2563, .T. ) ;
#2862 = CIRCLE ( 'NONE', #3325, 0.09499999999999966800 ) ;
#2863 = DIRECTION ( 'NONE',  ( 1.000000000000000000, 0.0000000000000000000, 0.0000000000000000000 ) ) ;
#2864 = ORIENTED_EDGE ( 'NONE', *, *, #3057, .F. ) ;
#2865 = CARTESIAN_POINT ( 'NONE',  ( -1.166944670024670800, 0.9350000000000000500, 0.0000000000000000000 ) ) ;
#2866 = ORIENTED_EDGE ( 'NONE', *, *, #5896, .F. ) ;
#2867 = ORIENTED_EDGE ( 'NONE', *, *, #4228, .F. ) ;
#2868 = CYLINDRICAL_SURFACE ( 'NONE', #1884, 0.09500000000000001500 ) ;
#2869 = AXIS2_PLACEMENT_3D ( 'NONE', #3148, #801, #5916 ) ;
#2870 = VECTOR ( 'NONE', #4698, 39.37007874015747400 ) ;
#2871 = FACE_OUTER_BOUND ( 'NONE', #4932, .T. ) ;
#2872 = EDGE_CURVE ( 'NONE', #3543, #5797, #5226, .T. ) ;
#2873 = DIRECTION ( 'NONE',  ( 1.000000000000000000, 0.0000000000000000000, 0.0000000000000000000 ) ) ;
#2874 = ORIENTED_EDGE ( 'NONE', *, *, #2449, .T. ) ;
#2875 = DIRECTION ( 'NONE',  ( -0.01724383669930121600, -0.9998513139941797000, 0.0000000000000000000 ) ) ;
#2876 = LINE ( 'NONE', #4332, #1490 ) ;
#2877 = VECTOR ( 'NONE', #2558, 39.37007874015748100 ) ;
#2878 = CYLINDRICAL_SURFACE ( 'NONE', #4922, 0.02200000000000020300 ) ;
#2879 = VERTEX_POINT ( 'NONE', #1644 ) ;
#2880 = ORIENTED_EDGE ( 'NONE', *, *, #4838, .F. ) ;
#2881 = PRESENTATION_LAYER_ASSIGNMENT (  '', '', ( #1629 ) ) ;
#2882 = EDGE_CURVE ( 'NONE', #994, #4245, #5076, .T. ) ;
#2883 = CARTESIAN_POINT ( 'NONE',  ( 1.201152527650757300, 0.9500000000000000700, 0.0000000000000000000 ) ) ;
#2884 = CYLINDRICAL_SURFACE ( 'NONE', #246, 0.02200000000000020300 ) ;
#2885 = CARTESIAN_POINT ( 'NONE',  ( -1.201152527650757300, 0.9719999999999998600, 0.0000000000000000000 ) ) ;
#2886 = DIRECTION ( 'NONE',  ( -1.000000000000000000, 0.0000000000000000000, 0.0000000000000000000 ) ) ;
#2887 = ADVANCED_FACE ( 'NONE', ( #313 ), #164, .T. ) ;
#2888 = CARTESIAN_POINT ( 'NONE',  ( -1.201152527650757300, 0.9780000000000000900, -3.000000000000000400 ) ) ;
#2889 = VERTEX_POINT ( 'NONE', #4903 ) ;
#2890 = EDGE_CURVE ( 'NONE', #3230, #1463, #1381, .T. ) ;
#2891 = DIRECTION ( 'NONE',  ( 0.0000000000000000000, 0.0000000000000000000, 1.000000000000000000 ) ) ;
#2892 = VERTEX_POINT ( 'NONE', #2111 ) ;
#2893 = PLANE ( 'NONE',  #4068 ) ;
#2894 = AXIS2_PLACEMENT_3D ( 'NONE', #1040, #4283, #1515 ) ;
#2895 = EDGE_CURVE ( 'NONE', #3811, #187, #2618, .T. ) ;
#2896 = ORIENTED_EDGE ( 'NONE', *, *, #5381, .T. ) ;
#2897 = CARTESIAN_POINT ( 'NONE',  ( 0.1406498627725982800, 0.0000000000000000000, -1.432961540613206600 ) ) ;
#2898 = CARTESIAN_POINT ( 'NONE',  ( -1.899707496032132100, 0.5149548100980070300, 0.0000000000000000000 ) ) ;
#2899 = ORIENTED_EDGE ( 'NONE', *, *, #3241, .F. ) ;
#2900 = DIRECTION ( 'NONE',  ( -3.993012400140800000E-015, -1.000000000000000000, 0.0000000000000000000 ) ) ;
#2901 = AXIS2_PLACEMENT_3D ( 'NONE', #5132, #2834, #1905 ) ;
#2902 = EDGE_CURVE ( 'NONE', #3132, #3843, #454, .T. ) ;
#2903 = PLANE ( 'NONE',  #5344 ) ;
#2904 = DIRECTION ( 'NONE',  ( 1.000000000000000000, 0.0000000000000000000, 0.0000000000000000000 ) ) ;
#2905 = AXIS2_PLACEMENT_3D ( 'NONE', #5634, #5184, #2406 ) ;
#2906 = ORIENTED_EDGE ( 'NONE', *, *, #1700, .T. ) ;
#2907 = ADVANCED_FACE ( 'NONE', ( #1236 ), #3528, .T. ) ;
#2908 = EDGE_CURVE ( 'NONE', #3602, #1136, #4788, .T. ) ;
#2909 = EDGE_LOOP ( 'NONE', ( #5408, #5127, #2706, #5798 ) ) ;
#2910 = ORIENTED_EDGE ( 'NONE', *, *, #3189, .F. ) ;
#2911 = CIRCLE ( 'NONE', #1104, 0.01299999999999997000 ) ;
#2912 = DIRECTION ( 'NONE',  ( 1.000000000000000000, 0.0000000000000000000, 0.0000000000000000000 ) ) ;
#2913 = ORIENTED_EDGE ( 'NONE', *, *, #1070, .T. ) ;
#2914 = DIRECTION ( 'NONE',  ( 0.0000000000000000000, 0.0000000000000000000, 1.000000000000000000 ) ) ;
#2915 = VERTEX_POINT ( 'NONE', #1222 ) ;
#2916 =( BOUNDED_CURVE ( )  B_SPLINE_CURVE ( 3, ( #4890, #1648, #4417, #5354 ),
 .UNSPECIFIED., .F., .F. ) 
 B_SPLINE_CURVE_WITH_KNOTS ( ( 4, 4 ),
 ( 1.570796326794893900, 3.141592653589793100 ),
 .UNSPECIFIED. ) 
 CURVE ( )  GEOMETRIC_REPRESENTATION_ITEM ( )  RATIONAL_B_SPLINE_CURVE ( ( 1.000000000000000000, 0.8047378541243643800, 0.8047378541243643800, 1.000000000000000000 ) ) 
 REPRESENTATION_ITEM ( '' )  );
#2917 = VERTEX_POINT ( 'NONE', #1208 ) ;
#2918 = DIRECTION ( 'NONE',  ( 1.000000000000000000, 0.0000000000000000000, 0.0000000000000000000 ) ) ;
#2919 = AXIS2_PLACEMENT_3D ( 'NONE', #2334, #5109, #1871 ) ;
#2920 = VECTOR ( 'NONE', #692, 39.37007874015748100 ) ;
#2921 = DIRECTION ( 'NONE',  ( 1.000000000000000000, 0.0000000000000000000, 0.0000000000000000000 ) ) ;
#2922 = ORIENTED_EDGE ( 'NONE', *, *, #115, .F. ) ;
#2923 = CARTESIAN_POINT ( 'NONE',  ( -0.3269714672306675600, 0.0000000000000000000, -1.005999999999999800 ) ) ;
#2924 = ORIENTED_EDGE ( 'NONE', *, *, #1138, .F. ) ;
#2925 = LINE ( 'NONE', #2790, #1539 ) ;
#2926 = CARTESIAN_POINT ( 'NONE',  ( -1.654348235385595600, 0.8577665894109746100, -3.000000000000000400 ) ) ;
#2927 = ORIENTED_EDGE ( 'NONE', *, *, #2692, .T. ) ;
#2928 = CIRCLE ( 'NONE', #3944, 0.02200000000000020300 ) ;
#2929 = FACE_OUTER_BOUND ( 'NONE', #5868, .T. ) ;
#2930 = ORIENTED_EDGE ( 'NONE', *, *, #883, .F. ) ;
#2931 = DIRECTION ( 'NONE',  ( -1.000000000000000000, 0.0000000000000000000, 0.0000000000000000000 ) ) ;
#2932 = ORIENTED_EDGE ( 'NONE', *, *, #1378, .T. ) ;
#2933 = EDGE_CURVE ( 'NONE', #3208, #4227, #4010, .T. ) ;
#2934 = CIRCLE ( 'NONE', #182, 0.09500000000000001500 ) ;
#2935 = CYLINDRICAL_SURFACE ( 'NONE', #1347, 0.02749999999999991000 ) ;
#2936 = VERTEX_POINT ( 'NONE', #309 ) ;
#2937 = DIRECTION ( 'NONE',  ( 0.0000000000000000000, 0.0000000000000000000, 1.000000000000000000 ) ) ;
#2938 = LINE ( 'NONE', #712, #4032 ) ;
#2939 = VECTOR ( 'NONE', #3677, 39.37007874015748100 ) ;
#2940 = AXIS2_PLACEMENT_3D ( 'NONE', #5872, #3572, #4494 ) ;
#2941 = DIRECTION ( 'NONE',  ( -0.0000000000000000000, -0.0000000000000000000, -1.000000000000000000 ) ) ;
#2942 = VERTEX_POINT ( 'NONE', #4928 ) ;
#2943 = EDGE_CURVE ( 'NONE', #2537, #397, #1088, .T. ) ;
#2944 = CARTESIAN_POINT ( 'NONE',  ( -1.058152527650757100, 0.9780000000000000900, -3.000000000000000400 ) ) ;
#2945 = CYLINDRICAL_SURFACE ( 'NONE', #2075, 0.09499999999999966800 ) ;
#2946 = CARTESIAN_POINT ( 'NONE',  ( 0.7704999999999998500, 0.9500000000000000700, -3.000000000000000400 ) ) ;
#2947 = ADVANCED_FACE ( 'NONE', ( #20 ), #3420, .T. ) ;
#2948 = CIRCLE ( 'NONE', #3991, 0.09500000000000029300 ) ;
#2949 = DIRECTION ( 'NONE',  ( 0.0000000000000000000, 0.0000000000000000000, 1.000000000000000000 ) ) ;
#2950 = LINE ( 'NONE', #5192, #626 ) ;
#2951 = DIRECTION ( 'NONE',  ( 0.0000000000000000000, -0.0000000000000000000, 1.000000000000000000 ) ) ;
#2952 = ORIENTED_EDGE ( 'NONE', *, *, #5955, .T. ) ;
#2953 = AXIS2_PLACEMENT_3D ( 'NONE', #4492, #1721, #4965 ) ;
#2954 = LINE ( 'NONE', #3910, #2802 ) ;
#2955 = EDGE_CURVE ( 'NONE', #1068, #197, #4646, .T. ) ;
#2956 = LINE ( 'NONE', #854, #912 ) ;
#2957 = VERTEX_POINT ( 'NONE', #2153 ) ;
#2958 = CARTESIAN_POINT ( 'NONE',  ( -0.7779473039079433100, 0.3583662833742404800, -3.000000000000000400 ) ) ;
#2959 = DIRECTION ( 'NONE',  ( 0.0000000000000000000, 0.0000000000000000000, 1.000000000000000000 ) ) ;
#2960 = DIRECTION ( 'NONE',  ( 0.0000000000000000000, 0.0000000000000000000, 1.000000000000000000 ) ) ;
#2961 = CARTESIAN_POINT ( 'NONE',  ( -0.6894999999999998900, 0.9999999999999998900, 0.0000000000000000000 ) ) ;
#2962 = DIRECTION ( 'NONE',  ( -0.9993908270190955400, -0.03489949670250188500, 0.0000000000000000000 ) ) ;
#2963 = DIRECTION ( 'NONE',  ( 1.000000000000000000, 0.0000000000000000000, -0.0000000000000000000 ) ) ;
#2964 = CARTESIAN_POINT ( 'NONE',  ( 1.166944670024671100, 0.9499999999999999600, 0.0000000000000000000 ) ) ;
#2965 = CARTESIAN_POINT ( 'NONE',  ( 1.617945852209695000, 0.8794590039321977800, 0.0000000000000000000 ) ) ;
#2966 =( LENGTH_UNIT ( ) NAMED_UNIT ( * ) SI_UNIT ( $, .METRE. ) );
#2967 = VERTEX_POINT ( 'NONE', #2965 ) ;
#2968 = ADVANCED_FACE ( 'NONE', ( #948 ), #5732, .T. ) ;
#2969 = AXIS2_PLACEMENT_3D ( 'NONE', #1732, #1779, #5933 ) ;
#2970 = EDGE_CURVE ( 'NONE', #4552, #4159, #2327, .T. ) ;
#2971 = CARTESIAN_POINT ( 'NONE',  ( 0.6674999999999998700, 0.2000000000000001200, -3.000000000000000400 ) ) ;
#2972 = DIRECTION ( 'NONE',  ( 1.000000000000000000, 0.0000000000000000000, 0.0000000000000000000 ) ) ;
#2973 = ORIENTED_EDGE ( 'NONE', *, *, #1064, .T. ) ;
#2974 = DIRECTION ( 'NONE',  ( -0.9205048534524408200, 0.3907311284892727200, -0.0000000000000000000 ) ) ;
#2975 = CARTESIAN_POINT ( 'NONE',  ( 1.000825861812083300, 0.2119562817785765600, -3.000000000000000400 ) ) ;
#2976 = ORIENTED_EDGE ( 'NONE', *, *, #1608, .F. ) ;
#2977 = DIRECTION ( 'NONE',  ( 0.0000000000000000000, 0.0000000000000000000, 1.000000000000000000 ) ) ;
#2978 = DIRECTION ( 'NONE',  ( 1.000000000000000000, 0.0000000000000000000, 0.0000000000000000000 ) ) ;
#2979 = EDGE_CURVE ( 'NONE', #181, #1753, #2176, .T. ) ;
#2980 = DIRECTION ( 'NONE',  ( 1.000000000000000000, 0.0000000000000000000, 0.0000000000000000000 ) ) ;
#2981 = ORIENTED_EDGE ( 'NONE', *, *, #3875, .F. ) ;
#2982 = ORIENTED_EDGE ( 'NONE', *, *, #4123, .T. ) ;
#2983 = ORIENTED_EDGE ( 'NONE', *, *, #393, .T. ) ;
#2984 = CIRCLE ( 'NONE', #3483, 0.01499999999999997700 ) ;
#2985 = AXIS2_PLACEMENT_3D ( 'NONE', #5492, #2260, #3201 ) ;
#2986 = CARTESIAN_POINT ( 'NONE',  ( -0.6560000000000000300, 0.0000000000000000000, -3.000000000000000400 ) ) ;
#2987 = VERTEX_POINT ( 'NONE', #5280 ) ;
#2988 = EDGE_CURVE ( 'NONE', #5229, #4801, #2032, .T. ) ;
#2989 = ORIENTED_EDGE ( 'NONE', *, *, #3864, .F. ) ;
#2990 = VERTEX_POINT ( 'NONE', #676 ) ;
#2991 = DIRECTION ( 'NONE',  ( -0.0000000000000000000, -0.0000000000000000000, -1.000000000000000000 ) ) ;
#2992 = LINE ( 'NONE', #529, #4231 ) ;
#2993 = VERTEX_POINT ( 'NONE', #3453 ) ;
#2994 = CARTESIAN_POINT ( 'NONE',  ( 1.077274771286915300, 0.9499999999999999600, 0.0000000000000000000 ) ) ;
#2995 = CARTESIAN_POINT ( 'NONE',  ( 1.513342109450037400, 0.9579059470253824500, 0.0000000000000000000 ) ) ;
#2996 = ORIENTED_EDGE ( 'NONE', *, *, #3836, .F. ) ;
#2997 = VECTOR ( 'NONE', #605, 39.37007874015748100 ) ;
#2998 = CIRCLE ( 'NONE', #1034, 0.02500000000000000500 ) ;
#2999 = DIRECTION ( 'NONE',  ( 0.0000000000000000000, 0.0000000000000000000, 1.000000000000000000 ) ) ;
#3000 = ADVANCED_FACE ( 'NONE', ( #800 ), #3134, .T. ) ;
#3001 = CARTESIAN_POINT ( 'NONE',  ( -1.533496336219558800, 0.9467850585792581000, 0.0000000000000000000 ) ) ;
#3002 = DIRECTION ( 'NONE',  ( 0.0000000000000000000, 0.0000000000000000000, 1.000000000000000000 ) ) ;
#3003 = ORIENTED_EDGE ( 'NONE', *, *, #4864, .F. ) ;
#3004 = FACE_OUTER_BOUND ( 'NONE', #4572, .T. ) ;
#3005 = CYLINDRICAL_SURFACE ( 'NONE', #1227, 0.5750000000000000700 ) ;
#3006 = CARTESIAN_POINT ( 'NONE',  ( -0.8622790784738749700, 0.3468658260886454100, -3.000000000000000400 ) ) ;
#3007 = ORIENTED_EDGE ( 'NONE', *, *, #4338, .F. ) ;
#3008 = AXIS2_PLACEMENT_3D ( 'NONE', #5717, #644, #2481 ) ;
#3009 = EDGE_CURVE ( 'NONE', #3129, #245, #5587, .T. ) ;
#3010 = DIRECTION ( 'NONE',  ( 0.0000000000000000000, 0.0000000000000000000, 1.000000000000000000 ) ) ;
#3011 = EDGE_LOOP ( 'NONE', ( #4980, #2686, #256, #1489 ) ) ;
#3012 = FACE_OUTER_BOUND ( 'NONE', #76, .T. ) ;
#3013 = CYLINDRICAL_SURFACE ( 'NONE', #683, 0.1099999999999997800 ) ;
#3014 = ORIENTED_EDGE ( 'NONE', *, *, #2225, .F. ) ;
#3015 = CARTESIAN_POINT ( 'NONE',  ( 2.034040263840690300, 0.1031557513403642100, -0.1549999999999998600 ) ) ;
#3016 = VERTEX_POINT ( 'NONE', #234 ) ;
#3017 = VECTOR ( 'NONE', #1504, 39.37007874015748100 ) ;
#3018 = AXIS2_PLACEMENT_3D ( 'NONE', #2944, #163, #3399 ) ;
#3019 = VECTOR ( 'NONE', #1651, 39.37007874015748100 ) ;
#3020 = EDGE_CURVE ( 'NONE', #5656, #2202, #4357, .T. ) ;
#3021 = DIRECTION ( 'NONE',  ( -0.0000000000000000000, -0.0000000000000000000, -1.000000000000000000 ) ) ;
#3022 = EDGE_LOOP ( 'NONE', ( #2866, #5516, #4308, #5927, #5143, #1636, #2899, #172, #5113, #1967, #1176, #5440, #677, #117 ) ) ;
#3023 = CARTESIAN_POINT ( 'NONE',  ( 0.7177631569268034800, 0.9347413424495103500, -3.000000000000000400 ) ) ;
#3024 = CARTESIAN_POINT ( 'NONE',  ( -0.7177631569268034800, 0.9347413424495103500, -3.000000000000000400 ) ) ;
#3025 = CIRCLE ( 'NONE', #3652, 0.02500000000000000500 ) ;
#3026 = DIRECTION ( 'NONE',  ( 0.0000000000000000000, 0.0000000000000000000, 1.000000000000000000 ) ) ;
#3027 = AXIS2_PLACEMENT_3D ( 'NONE', #5980, #3204, #436 ) ;
#3028 = EDGE_CURVE ( 'NONE', #1230, #2530, #4499, .T. ) ;
#3029 = PLANE ( 'NONE',  #4533 ) ;
#3030 = ADVANCED_FACE ( 'NONE', ( #4224 ), #1743, .T. ) ;
#3031 = VERTEX_POINT ( 'NONE', #1165 ) ;
#3032 = AXIS2_PLACEMENT_3D ( 'NONE', #4020, #1225, #4476 ) ;
#3033 = DIRECTION ( 'NONE',  ( -0.0000000000000000000, -0.0000000000000000000, -1.000000000000000000 ) ) ;
#3034 = ORIENTED_EDGE ( 'NONE', *, *, #3199, .T. ) ;
#3035 = CARTESIAN_POINT ( 'NONE',  ( -1.223152527650756700, 0.9780000000000000900, -3.000000000000000400 ) ) ;
#3036 = ORIENTED_EDGE ( 'NONE', *, *, #4289, .F. ) ;
#3037 = CARTESIAN_POINT ( 'NONE',  ( 1.342000000000000100, 0.3750000000000000600, -3.000000000000000400 ) ) ;
#3038 = CARTESIAN_POINT ( 'NONE',  ( 2.034040263840681400, 0.1031557513403639100, -3.000000000000000400 ) ) ;
#3039 = CARTESIAN_POINT ( 'NONE',  ( -0.3269714672306675600, 0.0000000000000000000, -1.100999999999999800 ) ) ;
#3040 = DIRECTION ( 'NONE',  ( -1.000000000000000000, 0.0000000000000000000, 0.0000000000000000000 ) ) ;
#3041 = EDGE_CURVE ( 'NONE', #3016, #4799, #2984, .T. ) ;
#3042 = ORIENTED_EDGE ( 'NONE', *, *, #135, .T. ) ;
#3043 = CARTESIAN_POINT ( 'NONE',  ( 1.686011553626535000, 0.8646902994986841500, 0.0000000000000000000 ) ) ;
#3044 = AXIS2_PLACEMENT_3D ( 'NONE', #5956, #3186, #425 ) ;
#3045 = EDGE_CURVE ( 'NONE', #3937, #5661, #5447, .T. ) ;
#3046 = DIRECTION ( 'NONE',  ( -1.000000000000000000, 0.0000000000000000000, 0.0000000000000000000 ) ) ;
#3047 = ORIENTED_EDGE ( 'NONE', *, *, #5665, .T. ) ;
#3048 = ORIENTED_EDGE ( 'NONE', *, *, #3199, .F. ) ;
#3049 = DIRECTION ( 'NONE',  ( 1.000000000000000000, 0.0000000000000000000, 0.0000000000000000000 ) ) ;
#3050 = LINE ( 'NONE', #2754, #1813 ) ;
#3052 = ADVANCED_FACE ( 'NONE', ( #5296 ), #2093, .T. ) ;
#3051 = ORIENTED_EDGE ( 'NONE', *, *, #1578, .F. ) ;
#3053 = DIRECTION ( 'NONE',  ( 1.000000000000000000, 0.0000000000000000000, 0.0000000000000000000 ) ) ;
#3054 = AXIS2_PLACEMENT_3D ( 'NONE', #5409, #2624, #5863 ) ;
#3055 = DIRECTION ( 'NONE',  ( 1.000000000000000000, 0.0000000000000000000, 0.0000000000000000000 ) ) ;
#3056 = ORIENTED_EDGE ( 'NONE', *, *, #4246, .F. ) ;
#3057 = EDGE_CURVE ( 'NONE', #4861, #3795, #4081, .T. ) ;
#3058 = CARTESIAN_POINT ( 'NONE',  ( 0.3298335452906798200, 0.1870000000000000000, -1.998324128259931100 ) ) ;
#3059 = EDGE_LOOP ( 'NONE', ( #5945, #2328, #3976, #3335 ) ) ;
#3060 = CIRCLE ( 'NONE', #5040, 0.6250000000000003300 ) ;
#3061 = DIRECTION ( 'NONE',  ( -0.0000000000000000000, 1.000000000000000000, -0.0000000000000000000 ) ) ;
#3062 = ORIENTED_EDGE ( 'NONE', *, *, #135, .F. ) ;
#3063 = DIRECTION ( 'NONE',  ( 0.0000000000000000000, 0.0000000000000000000, 1.000000000000000000 ) ) ;
#3064 = CYLINDRICAL_SURFACE ( 'NONE', #1666, 0.02200000000000020300 ) ;
#3065 = DIRECTION ( 'NONE',  ( 0.0000000000000000000, 0.0000000000000000000, 1.000000000000000000 ) ) ;
#3066 = ORIENTED_EDGE ( 'NONE', *, *, #1307, .F. ) ;
#3067 = AXIS2_PLACEMENT_3D ( 'NONE', #562, #3806, #1006 ) ;
#3068 = CYLINDRICAL_SURFACE ( 'NONE', #1132, 0.01499999999999997700 ) ;
#3069 = CARTESIAN_POINT ( 'NONE',  ( 2.034040263840683100, 0.1031557513403639800, -2.654999999999999800 ) ) ;
#3070 = VECTOR ( 'NONE', #4064, 39.37007874015748100 ) ;
#3071 = EDGE_CURVE ( 'NONE', #5874, #870, #1896, .T. ) ;
#3072 = ORIENTED_EDGE ( 'NONE', *, *, #3369, .T. ) ;
#3073 = ORIENTED_EDGE ( 'NONE', *, *, #3418, .T. ) ;
#3074 = DIRECTION ( 'NONE',  ( 0.0000000000000000000, 0.0000000000000000000, 1.000000000000000000 ) ) ;
#3075 = FACE_OUTER_BOUND ( 'NONE', #5755, .T. ) ;
#3076 = CIRCLE ( 'NONE', #4557, 0.02200000000000047400 ) ;
#3077 = EDGE_LOOP ( 'NONE', ( #5503, #3571, #2508, #3051 ) ) ;
#3078 = DIRECTION ( 'NONE',  ( 0.0000000000000000000, 0.0000000000000000000, 1.000000000000000000 ) ) ;
#3079 = VERTEX_POINT ( 'NONE', #2117 ) ;
#3080 = LINE ( 'NONE', #2527, #4178 ) ;
#3081 = VECTOR ( 'NONE', #5950, 39.37007874015747400 ) ;
#3082 = PLANE ( 'NONE',  #5453 ) ;
#3083 = EDGE_LOOP ( 'NONE', ( #3161, #2604, #2772, #486 ) ) ;
#3084 = CARTESIAN_POINT ( 'NONE',  ( 1.223152527650756700, 0.9780000000000000900, -3.000000000000000400 ) ) ;
#3085 = VERTEX_POINT ( 'NONE', #2596 ) ;
#3086 = FACE_OUTER_BOUND ( 'NONE', #5303, .T. ) ;
#3087 = CARTESIAN_POINT ( 'NONE',  ( -0.6544999999999998600, 0.1870000000000000000, -3.000000000000000400 ) ) ;
#3088 = LINE ( 'NONE', #4570, #341 ) ;
#3089 = CYLINDRICAL_SURFACE ( 'NONE', #3812, 0.09500000000000029300 ) ;
#3090 = AXIS2_PLACEMENT_3D ( 'NONE', #3254, #24, #488 ) ;
#3091 = ORIENTED_EDGE ( 'NONE', *, *, #1014, .F. ) ;
#3092 = EDGE_CURVE ( 'NONE', #4552, #169, #2841, .T. ) ;
#3093 = DIRECTION ( 'NONE',  ( 0.03489949670250189900, 0.9993908270190958700, -0.0000000000000000000 ) ) ;
#3094 = ADVANCED_FACE ( 'NONE', ( #1602 ), #4000, .T. ) ;
#3095 = LINE ( 'NONE', #3442, #4193 ) ;
#3096 = LINE ( 'NONE', #4075, #630 ) ;
#3097 = ORIENTED_EDGE ( 'NONE', *, *, #5110, .F. ) ;
#3098 = CARTESIAN_POINT ( 'NONE',  ( -2.034040263840681400, 0.1031557513403639100, -2.844999999999999800 ) ) ;
#3099 = AXIS2_PLACEMENT_3D ( 'NONE', #1447, #4693, #1925 ) ;
#3100 = EDGE_CURVE ( 'NONE', #169, #3079, #3933, .T. ) ;
#3101 = DIRECTION ( 'NONE',  ( -0.0000000000000000000, -0.0000000000000000000, -1.000000000000000000 ) ) ;
#3102 = DIRECTION ( 'NONE',  ( 1.000000000000000000, 0.0000000000000000000, 0.0000000000000000000 ) ) ;
#3103 = CARTESIAN_POINT ( 'NONE',  ( -1.342000000000000100, 0.3750000000000000600, -3.000000000000000400 ) ) ;
#3104 = VERTEX_POINT ( 'NONE', #774 ) ;
#3105 = DIRECTION ( 'NONE',  ( 0.0000000000000000000, 0.0000000000000000000, 1.000000000000000000 ) ) ;
#3106 = DIRECTION ( 'NONE',  ( 1.000000000000000000, 0.0000000000000000000, 0.0000000000000000000 ) ) ;
#3107 = DIRECTION ( 'NONE',  ( 1.000000000000000000, 0.0000000000000000000, 0.0000000000000000000 ) ) ;
#3108 = AXIS2_PLACEMENT_3D ( 'NONE', #5397, #4939, #2160 ) ;
#3109 = EDGE_CURVE ( 'NONE', #5740, #297, #377, .T. ) ;
#3110 = CARTESIAN_POINT ( 'NONE',  ( 0.9858227776630184000, 0.2422201668336072000, 0.0000000000000000000 ) ) ;
#3111 = CARTESIAN_POINT ( 'NONE',  ( 0.8622790784738749700, 0.3468658260886454100, 0.0000000000000000000 ) ) ;
#3112 = CARTESIAN_POINT ( 'NONE',  ( 1.342000000000000100, 0.3750000000000000600, -3.000000000000000400 ) ) ;
#3113 = DIRECTION ( 'NONE',  ( 0.0000000000000000000, 0.0000000000000000000, 1.000000000000000000 ) ) ;
#3114 = EDGE_CURVE ( 'NONE', #1748, #2957, #2690, .T. ) ;
#3115 = APPLICATION_PROTOCOL_DEFINITION ( 'draft international standard', 'automotive_design', 1998, #3577 ) ;
#3116 = ORIENTED_EDGE ( 'NONE', *, *, #5059, .F. ) ;
#3117 = DIRECTION ( 'NONE',  ( 0.9184636561142374100, 0.3955053885818343700, 0.0000000000000000000 ) ) ;
#3118 = CARTESIAN_POINT ( 'NONE',  ( -0.6674999999999998700, 0.0000000000000000000, 0.0000000000000000000 ) ) ;
#3119 = ADVANCED_FACE ( 'NONE', ( #1456 ), #1305, .T. ) ;
#3120 = CARTESIAN_POINT ( 'NONE',  ( -0.7924999999999999800, 0.9780000000000000900, -3.000000000000000400 ) ) ;
#3121 = DIRECTION ( 'NONE',  ( -1.000000000000000000, 0.0000000000000000000, 0.0000000000000000000 ) ) ;
#3122 = PRODUCT_DEFINITION ( 'UNKNOWN', '', #1570, #5856 ) ;
#3123 = DIRECTION ( 'NONE',  ( 0.8981239920674964900, -0.4397423050750786100, 0.0000000000000000000 ) ) ;
#3124 = EDGE_CURVE ( 'NONE', #1803, #797, #2541, .T. ) ;
#3125 = EDGE_LOOP ( 'NONE', ( #2759, #451, #4191, #363 ) ) ;
#3126 = CARTESIAN_POINT ( 'NONE',  ( -0.8076000891761818700, 0.3709360474628064500, 0.0000000000000000000 ) ) ;
#3127 = CARTESIAN_POINT ( 'NONE',  ( -1.077274771286915300, 0.9499999999999999600, -3.000000000000000400 ) ) ;
#3128 = ADVANCED_FACE ( 'NONE', ( #241 ), #4958, .T. ) ;
#3129 = VERTEX_POINT ( 'NONE', #2177 ) ;
#3130 = ORIENTED_EDGE ( 'NONE', *, *, #5925, .T. ) ;
#3131 = AXIS2_PLACEMENT_3D ( 'NONE', #918, #4624, #1857 ) ;
#3132 = VERTEX_POINT ( 'NONE', #4060 ) ;
#3133 = EDGE_CURVE ( 'NONE', #4067, #3269, #3785, .T. ) ;
#3134 = CYLINDRICAL_SURFACE ( 'NONE', #1184, 0.02200000000000020300 ) ;
#3135 = PRODUCT_CONTEXT ( 'NONE', #3577, 'mechanical' ) ;
#3136 = ORIENTED_EDGE ( 'NONE', *, *, #546, .F. ) ;
#3137 = ORIENTED_EDGE ( 'NONE', *, *, #2670, .T. ) ;
#3138 = CARTESIAN_POINT ( 'NONE',  ( -1.910712599336746900, 0.4597996424263726700, -3.000000000000000400 ) ) ;
#3139 = ORIENTED_EDGE ( 'NONE', *, *, #5884, .T. ) ;
#3140 = VECTOR ( 'NONE', #969, 39.37007874015748100 ) ;
#3141 = AXIS2_PLACEMENT_3D ( 'NONE', #5348, #2572, #2091 ) ;
#3142 = DIRECTION ( 'NONE',  ( -1.000000000000000000, 0.0000000000000000000, 0.0000000000000000000 ) ) ;
#3143 = ORIENTED_EDGE ( 'NONE', *, *, #2890, .T. ) ;
#3144 = EDGE_CURVE ( 'NONE', #2114, #2204, #4863, .T. ) ;
#3145 = DIRECTION ( 'NONE',  ( -1.000000000000000000, 0.0000000000000000000, 0.0000000000000000000 ) ) ;
#3146 = DIRECTION ( 'NONE',  ( 0.0000000000000000000, 0.0000000000000000000, 1.000000000000000000 ) ) ;
#3147 = ORIENTED_EDGE ( 'NONE', *, *, #793, .T. ) ;
#3148 = CARTESIAN_POINT ( 'NONE',  ( -0.8847321782755623900, 0.3358722684617683800, -3.000000000000000400 ) ) ;
#3149 = VECTOR ( 'NONE', #4751, 39.37007874015748100 ) ;
#3150 = LINE ( 'NONE', #4853, #5744 ) ;
#3151 = VERTEX_POINT ( 'NONE', #5448 ) ;
#3152 = DIRECTION ( 'NONE',  ( -1.000000000000000000, 0.0000000000000000000, 0.0000000000000000000 ) ) ;
#3153 = CIRCLE ( 'NONE', #2343, 0.02749999999999991000 ) ;
#3154 = VECTOR ( 'NONE', #3170, 39.37007874015748100 ) ;
#3155 = ORIENTED_EDGE ( 'NONE', *, *, #4369, .T. ) ;
#3156 = ORIENTED_EDGE ( 'NONE', *, *, #5925, .F. ) ;
#3157 = VECTOR ( 'NONE', #5111, 39.37007874015748100 ) ;
#3158 = FACE_OUTER_BOUND ( 'NONE', #403, .T. ) ;
#3159 = ADVANCED_FACE ( 'NONE', ( #1156 ), #3490, .F. ) ;
#3160 = DIRECTION ( 'NONE',  ( -2.973742224795748600E-015, 1.038453667599721700E-016, -1.000000000000000000 ) ) ;
#3161 = ORIENTED_EDGE ( 'NONE', *, *, #2344, .F. ) ;
#3162 = CARTESIAN_POINT ( 'NONE',  ( 1.077274771286915300, 0.9350000000000000500, -3.000000000000000400 ) ) ;
#3163 = CIRCLE ( 'NONE', #5058, 0.02749999999999991000 ) ;
#3164 = CYLINDRICAL_SURFACE ( 'NONE', #645, 0.09500000000000029300 ) ;
#3165 = VECTOR ( 'NONE', #2365, 39.37007874015748100 ) ;
#3166 = DIRECTION ( 'NONE',  ( 1.000000000000000000, 0.0000000000000000000, 0.0000000000000000000 ) ) ;
#3167 = VERTEX_POINT ( 'NONE', #824 ) ;
#3168 = DIRECTION ( 'NONE',  ( 0.0000000000000000000, 0.0000000000000000000, 1.000000000000000000 ) ) ;
#3169 = CARTESIAN_POINT ( 'NONE',  ( 1.542397421957246100, 0.8909211854989539400, 0.0000000000000000000 ) ) ;
#3170 = DIRECTION ( 'NONE',  ( 0.0000000000000000000, 0.0000000000000000000, 1.000000000000000000 ) ) ;
#3171 = AXIS2_PLACEMENT_3D ( 'NONE', #4839, #673, #1596 ) ;
#3172 = LINE ( 'NONE', #1143, #4124 ) ;
#3173 = EDGE_CURVE ( 'NONE', #1053, #1834, #5947, .T. ) ;
#3174 = CARTESIAN_POINT ( 'NONE',  ( -1.540482935550952400, 0.9676462049950851400, -3.000000000000000400 ) ) ;
#3175 = AXIS2_PLACEMENT_3D ( 'NONE', #5490, #2718, #5948 ) ;
#3176 = DIRECTION ( 'NONE',  ( 0.0000000000000000000, 0.0000000000000000000, 1.000000000000000000 ) ) ;
#3177 = EDGE_CURVE ( 'NONE', #3937, #5854, #2394, .T. ) ;
#3178 = CARTESIAN_POINT ( 'NONE',  ( -2.034040263840681400, 0.1031557513403639100, -3.000000000000000400 ) ) ;
#3179 = CARTESIAN_POINT ( 'NONE',  ( 2.062500000000000000, 0.07567250359733875000, -0.3450000000000003600 ) ) ;
#3180 = MECHANICAL_DESIGN_GEOMETRIC_PRESENTATION_REPRESENTATION (  '', ( #1629 ), #5145 ) ;
#3181 = ORIENTED_EDGE ( 'NONE', *, *, #3434, .F. ) ;
#3182 = EDGE_CURVE ( 'NONE', #249, #3843, #4711, .T. ) ;
#3183 = DIRECTION ( 'NONE',  ( 0.0000000000000000000, 0.0000000000000000000, 1.000000000000000000 ) ) ;
#3184 = ADVANCED_FACE ( 'NONE', ( #1013 ), #867, .T. ) ;
#3185 = DIRECTION ( 'NONE',  ( 0.0000000000000000000, 0.0000000000000000000, 1.000000000000000000 ) ) ;
#3186 = DIRECTION ( 'NONE',  ( -0.0000000000000000000, -0.0000000000000000000, -1.000000000000000000 ) ) ;
#3187 = ORIENTED_EDGE ( 'NONE', *, *, #3615, .T. ) ;
#3188 = CARTESIAN_POINT ( 'NONE',  ( 2.034040263840681400, 0.1031557513403639100, 0.0000000000000000000 ) ) ;
#3189 = EDGE_CURVE ( 'NONE', #3811, #4503, #2099, .T. ) ;
#3190 = DIRECTION ( 'NONE',  ( 0.0000000000000000000, 0.0000000000000000000, 1.000000000000000000 ) ) ;
#3191 = DIRECTION ( 'NONE',  ( 0.0000000000000000000, 0.0000000000000000000, 1.000000000000000000 ) ) ;
#3192 = EDGE_LOOP ( 'NONE', ( #1301, #4883 ) ) ;
#3193 = PLANE ( 'NONE',  #3197 ) ;
#3194 = ORIENTED_EDGE ( 'NONE', *, *, #4874, .T. ) ;
#3195 = CARTESIAN_POINT ( 'NONE',  ( 1.885158604831293800, 0.5113038150519720900, -3.000000000000000400 ) ) ;
#3196 = EDGE_LOOP ( 'NONE', ( #2843, #401, #209, #2469 ) ) ;
#3197 = AXIS2_PLACEMENT_3D ( 'NONE', #875, #4140, #1350 ) ;
#3198 = CIRCLE ( 'NONE', #1935, 0.01499999999999997700 ) ;
#3199 = EDGE_CURVE ( 'NONE', #5584, #5014, #3341, .T. ) ;
#3200 = VERTEX_POINT ( 'NONE', #4547 ) ;
#3201 = DIRECTION ( 'NONE',  ( 1.000000000000000000, 0.0000000000000000000, 0.0000000000000000000 ) ) ;
#3202 = EDGE_LOOP ( 'NONE', ( #2029, #4433, #5349, #662 ) ) ;
#3203 = CARTESIAN_POINT ( 'NONE',  ( -0.6560000000000000300, 0.0000000000000000000, -3.000000000000000400 ) ) ;
#3204 = DIRECTION ( 'NONE',  ( -0.0000000000000000000, -0.0000000000000000000, -1.000000000000000000 ) ) ;
#3205 = VERTEX_POINT ( 'NONE', #3179 ) ;
#3206 = CARTESIAN_POINT ( 'NONE',  ( -0.8929584296254596800, 0.2996556298667215100, -3.000000000000000400 ) ) ;
#3207 = CYLINDRICAL_SURFACE ( 'NONE', #5850, 0.02749999999999991000 ) ;
#3208 = VERTEX_POINT ( 'NONE', #1327 ) ;
#3209 = AXIS2_PLACEMENT_3D ( 'NONE', #3695, #3146, #4166 ) ;
#3210 = CIRCLE ( 'NONE', #2401, 0.3749999999999999400 ) ;
#3211 = EDGE_CURVE ( 'NONE', #1832, #2967, #3198, .T. ) ;
#3212 = VERTEX_POINT ( 'NONE', #417 ) ;
#3213 = CIRCLE ( 'NONE', #5489, 0.02199999999999992900 ) ;
#3214 = CIRCLE ( 'NONE', #2953, 0.02749999999999991000 ) ;
#3215 = PLANE ( 'NONE',  #3231 ) ;
#3216 = ORIENTED_EDGE ( 'NONE', *, *, #3988, .T. ) ;
#3217 = ORIENTED_EDGE ( 'NONE', *, *, #2232, .F. ) ;
#3218 = VECTOR ( 'NONE', #5972, 39.37007874015748100 ) ;
#3219 = CARTESIAN_POINT ( 'NONE',  ( -1.058152527650757100, 0.9999999999999998900, -3.000000000000000400 ) ) ;
#3220 = VECTOR ( 'NONE', #970, 39.37007874015748900 ) ;
#3221 = EDGE_CURVE ( 'NONE', #94, #2838, #4562, .T. ) ;
#3222 = DIRECTION ( 'NONE',  ( 0.0000000000000000000, 0.0000000000000000000, 1.000000000000000000 ) ) ;
#3223 = EDGE_LOOP ( 'NONE', ( #3889, #4491, #3496, #3675 ) ) ;
#3224 = CARTESIAN_POINT ( 'NONE',  ( -1.506624593600135700, 0.9420804714179321600, 0.0000000000000000000 ) ) ;
#3225 = CARTESIAN_POINT ( 'NONE',  ( -0.9079889916004902900, 0.3196326718578362300, -3.000000000000000400 ) ) ;
#3226 = LINE ( 'NONE', #233, #5540 ) ;
#3227 = CIRCLE ( 'NONE', #2364, 0.01499999999999997700 ) ;
#3228 = PLANE ( 'NONE',  #3688 ) ;
#3229 = CARTESIAN_POINT ( 'NONE',  ( -1.000825861812083300, 0.2119562817785765600, -3.000000000000000400 ) ) ;
#3230 = VERTEX_POINT ( 'NONE', #1797 ) ;
#3231 = AXIS2_PLACEMENT_3D ( 'NONE', #5517, #2275, #5049 ) ;
#3232 = CARTESIAN_POINT ( 'NONE',  ( -1.542397421957246100, 0.8909211854989539400, -3.000000000000000400 ) ) ;
#3233 = VECTOR ( 'NONE', #4449, 39.37007874015748100 ) ;
#3234 = CIRCLE ( 'NONE', #1174, 0.02199999999999992900 ) ;
#3235 = VECTOR ( 'NONE', #2051, 39.37007874015748900 ) ;
#3236 = ORIENTED_EDGE ( 'NONE', *, *, #1188, .F. ) ;
#3237 = FACE_OUTER_BOUND ( 'NONE', #3400, .T. ) ;
#3238 = DIRECTION ( 'NONE',  ( 0.0000000000000000000, 0.0000000000000000000, 1.000000000000000000 ) ) ;
#3239 = FACE_OUTER_BOUND ( 'NONE', #627, .T. ) ;
#3240 = ORIENTED_EDGE ( 'NONE', *, *, #5779, .F. ) ;
#3241 = EDGE_CURVE ( 'NONE', #3994, #5543, #5694, .T. ) ;
#3242 = DIRECTION ( 'NONE',  ( 0.4397423050750786700, -0.8981239920674964900, -0.0000000000000000000 ) ) ;
#3243 = PRODUCT_DEFINITION_SHAPE ( 'NONE', 'NONE',  #3122 ) ;
#3244 = CARTESIAN_POINT ( 'NONE',  ( 2.034040263840681400, 0.1031557513403639100, -3.000000000000000400 ) ) ;
#3245 = DIRECTION ( 'NONE',  ( 0.0000000000000000000, 1.000000000000000000, 0.0000000000000000000 ) ) ;
#3246 = AXIS2_PLACEMENT_3D ( 'NONE', #5398, #3551, #778 ) ;
#3247 = VERTEX_POINT ( 'NONE', #879 ) ;
#3248 = DIRECTION ( 'NONE',  ( 0.03489949670250190600, 0.9993908270190956500, -0.0000000000000000000 ) ) ;
#3249 = AXIS2_PLACEMENT_3D ( 'NONE', #1866, #10, #5096 ) ;
#3250 = CARTESIAN_POINT ( 'NONE',  ( -1.686011553626535000, 0.8646902994986837000, 0.0000000000000000000 ) ) ;
#3251 = EDGE_CURVE ( 'NONE', #3882, #1497, #5514, .T. ) ;
#3252 = CARTESIAN_POINT ( 'NONE',  ( 1.782458660289619100, 0.03933680321795757200, -0.2499999999999999700 ) ) ;
#3253 = EDGE_LOOP ( 'NONE', ( #2554, #2932, #4782, #1167 ) ) ;
#3254 = CARTESIAN_POINT ( 'NONE',  ( -1.886697118537944900, -0.3022334023924709300, -2.750000000000000000 ) ) ;
#3255 = CARTESIAN_POINT ( 'NONE',  ( -1.891040841103374100, 0.6247071131021896300, 0.0000000000000000000 ) ) ;
#3256 = DIRECTION ( 'NONE',  ( -0.9993908270190955400, 0.03489949670250188500, -0.0000000000000000000 ) ) ;
#3257 = AXIS2_PLACEMENT_3D ( 'NONE', #919, #22, #1382 ) ;
#3258 = DIRECTION ( 'NONE',  ( 1.000000000000000000, 0.0000000000000000000, 0.0000000000000000000 ) ) ;
#3259 = CARTESIAN_POINT ( 'NONE',  ( -0.6560000000000000300, 0.0000000000000000000, -3.000000000000000400 ) ) ;
#3260 = DIRECTION ( 'NONE',  ( 0.0000000000000000000, 0.0000000000000000000, 1.000000000000000000 ) ) ;
#3261 = ORIENTED_EDGE ( 'NONE', *, *, #2049, .T. ) ;
#3262 = CARTESIAN_POINT ( 'NONE',  ( -0.3269714672306675600, 0.1870000000000000000, -1.005999999999999800 ) ) ;
#3263 = ORIENTED_EDGE ( 'NONE', *, *, #5491, .T. ) ;
#3264 = DIRECTION ( 'NONE',  ( 1.000000000000000000, 0.0000000000000000000, 0.0000000000000000000 ) ) ;
#3265 = ORIENTED_EDGE ( 'NONE', *, *, #3622, .F. ) ;
#3266 = CARTESIAN_POINT ( 'NONE',  ( 1.521747305393765300, 0.9211830336102360100, -3.000000000000000400 ) ) ;
#3267 = ORIENTED_EDGE ( 'NONE', *, *, #4275, .T. ) ;
#3268 = VECTOR ( 'NONE', #1583, 39.37007874015748100 ) ;
#3269 = VERTEX_POINT ( 'NONE', #3694 ) ;
#3270 = CARTESIAN_POINT ( 'NONE',  ( 1.946771454098938700, 0.4452139642359396700, -3.000000000000000400 ) ) ;
#3271 = CARTESIAN_POINT ( 'NONE',  ( -1.342000000000000100, 0.3750000000000000600, 0.0000000000000000000 ) ) ;
#3272 = EDGE_LOOP ( 'NONE', ( #445, #2765, #2952, #2824 ) ) ;
#3273 = AXIS2_PLACEMENT_3D ( 'NONE', #489, #962, #4214 ) ;
#3274 = VERTEX_POINT ( 'NONE', #3224 ) ;
#3275 = DIRECTION ( 'NONE',  ( -0.0000000000000000000, -0.0000000000000000000, -1.000000000000000000 ) ) ;
#3276 = EDGE_CURVE ( 'NONE', #94, #5792, #3050, .T. ) ;
#3277 = DIRECTION ( 'NONE',  ( 0.0000000000000000000, 0.0000000000000000000, 1.000000000000000000 ) ) ;
#3278 = LINE ( 'NONE', #3758, #5593 ) ;
#3279 = CARTESIAN_POINT ( 'NONE',  ( -2.035000000000000100, 0.07567250359733875000, 0.0000000000000000000 ) ) ;
#3280 = DIRECTION ( 'NONE',  ( -0.9993908270190957600, -0.03489949670250171200, 3.153825709742007600E-015 ) ) ;
#3281 = VERTEX_POINT ( 'NONE', #1841 ) ;
#3282 = CARTESIAN_POINT ( 'NONE',  ( 1.861018482783663300, -0.4331065150268529900, -2.844999999999999300 ) ) ;
#3283 = ORIENTED_EDGE ( 'NONE', *, *, #5598, .F. ) ;
#3284 = VECTOR ( 'NONE', #1016, 39.37007874015748100 ) ;
#3285 = LINE ( 'NONE', #3914, #2192 ) ;
#3286 = AXIS2_PLACEMENT_3D ( 'NONE', #1249, #3123, #357 ) ;
#3287 = ORIENTED_EDGE ( 'NONE', *, *, #452, .F. ) ;
#3288 = EDGE_CURVE ( 'NONE', #2839, #2917, #4280, .T. ) ;
#3289 = CIRCLE ( 'NONE', #4829, 0.02749999999999991000 ) ;
#3290 = CARTESIAN_POINT ( 'NONE',  ( 2.035000000000000100, 0.07567250359733875000, -0.1549999999999998600 ) ) ;
#3291 = CARTESIAN_POINT ( 'NONE',  ( -1.875799255049397200, 0.5887366494280017500, -3.000000000000000400 ) ) ;
#3292 = ORIENTED_EDGE ( 'NONE', *, *, #1340, .F. ) ;
#3293 = DIRECTION ( 'NONE',  ( -3.717177780994685600E-015, 1.298067084499652200E-016, -1.000000000000000000 ) ) ;
#3294 = ORIENTED_EDGE ( 'NONE', *, *, #2746, .F. ) ;
#3295 = LINE ( 'NONE', #2336, #974 ) ;
#3296 = EDGE_CURVE ( 'NONE', #3274, #1465, #590, .T. ) ;
#3297 = DIRECTION ( 'NONE',  ( 0.0000000000000000000, 0.0000000000000000000, 1.000000000000000000 ) ) ;
#3298 = CARTESIAN_POINT ( 'NONE',  ( 0.1406498627725982800, 0.0000000000000000000, -1.322961540613206700 ) ) ;
#3299 = VECTOR ( 'NONE', #512, 39.37007874015748100 ) ;
#3300 = EDGE_LOOP ( 'NONE', ( #3066, #3240, #3787, #348 ) ) ;
#3301 = DIRECTION ( 'NONE',  ( 0.0000000000000000000, 0.0000000000000000000, 1.000000000000000000 ) ) ;
#3302 = CARTESIAN_POINT ( 'NONE',  ( -0.9858227776630184000, 0.2422201668336072000, 0.0000000000000000000 ) ) ;
#3303 = VECTOR ( 'NONE', #1928, 39.37007874015748100 ) ;
#3304 = CARTESIAN_POINT ( 'NONE',  ( -2.035959736159318900, 0.04818925585431360600, -0.1549999999999998600 ) ) ;
#3305 = ADVANCED_FACE ( 'NONE', ( #5650 ), #5068, .T. ) ;
#3306 = CARTESIAN_POINT ( 'NONE',  ( 2.034040263840681400, 0.1031557513403639100, 0.0000000000000000000 ) ) ;
#3307 = CIRCLE ( 'NONE', #349, 0.09499999999999966800 ) ;
#3308 = VECTOR ( 'NONE', #959, 39.37007874015748100 ) ;
#3309 = ORIENTED_EDGE ( 'NONE', *, *, #3925, .F. ) ;
#3310 = CIRCLE ( 'NONE', #4392, 0.02199999999999992900 ) ;
#3311 = AXIS2_PLACEMENT_3D ( 'NONE', #4239, #1445, #4691 ) ;
#3312 = EDGE_CURVE ( 'NONE', #1061, #275, #4152, .T. ) ;
#3313 = CARTESIAN_POINT ( 'NONE',  ( 1.879556787332412200, 0.09776106946693452500, -2.844999999999999300 ) ) ;
#3314 = ORIENTED_EDGE ( 'NONE', *, *, #381, .T. ) ;
#3315 = CARTESIAN_POINT ( 'NONE',  ( 1.058152527650757100, 0.9719999999999998600, 0.0000000000000000000 ) ) ;
#3316 = DIRECTION ( 'NONE',  ( 1.000000000000000000, 0.0000000000000000000, 0.0000000000000000000 ) ) ;
#3317 = DIRECTION ( 'NONE',  ( -1.000000000000000000, 0.0000000000000000000, 0.0000000000000000000 ) ) ;
#3318 = CARTESIAN_POINT ( 'NONE',  ( 1.521747305393765300, 0.9211830336102360100, -3.000000000000000400 ) ) ;
#3319 = CARTESIAN_POINT ( 'NONE',  ( 1.919981888401884400, 0.6128275355786027000, 0.0000000000000000000 ) ) ;
#3320 = AXIS2_PLACEMENT_3D ( 'NONE', #1793, #5030, #2249 ) ;
#3321 = EDGE_CURVE ( 'NONE', #3200, #2830, #731, .T. ) ;
#3322 = DIRECTION ( 'NONE',  ( 1.000000000000000000, 0.0000000000000000000, 0.0000000000000000000 ) ) ;
#3323 = ORIENTED_EDGE ( 'NONE', *, *, #1640, .F. ) ;
#3324 = CARTESIAN_POINT ( 'NONE',  ( 1.500000000000000200, 0.08450665438747084800, -3.000000000000000400 ) ) ;
#3325 = AXIS2_PLACEMENT_3D ( 'NONE', #5015, #2238, #5496 ) ;
#3326 = ORIENTED_EDGE ( 'NONE', *, *, #2391, .F. ) ;
#3327 = ADVANCED_FACE ( 'NONE', ( #1670 ), #937, .T. ) ;
#3328 = EDGE_CURVE ( 'NONE', #3659, #2942, #4005, .T. ) ;
#3329 = DIRECTION ( 'NONE',  ( 0.0000000000000000000, 0.0000000000000000000, 1.000000000000000000 ) ) ;
#3330 = DIRECTION ( 'NONE',  ( 0.0000000000000000000, 0.0000000000000000000, 1.000000000000000000 ) ) ;
#3331 = DIRECTION ( 'NONE',  ( -0.0000000000000000000, -0.0000000000000000000, -1.000000000000000000 ) ) ;
#3332 = DIRECTION ( 'NONE',  ( 1.000000000000000000, 0.0000000000000000000, 0.0000000000000000000 ) ) ;
#3333 = AXIS2_PLACEMENT_3D ( 'NONE', #2217, #4985, #3617 ) ;
#3334 = CARTESIAN_POINT ( 'NONE',  ( 2.035000000000000100, 0.07567250359733875000, -2.844999999999999800 ) ) ;
#3335 = ORIENTED_EDGE ( 'NONE', *, *, #1188, .T. ) ;
#3336 = CARTESIAN_POINT ( 'NONE',  ( 1.877632627858003100, 0.04266035140102816100, -2.654999999999998900 ) ) ;
#3337 = CARTESIAN_POINT ( 'NONE',  ( -0.7924999999999999800, 0.9780000000000000900, -3.000000000000000400 ) ) ;
#3338 = EDGE_LOOP ( 'NONE', ( #276, #3487, #5815, #4670 ) ) ;
#3339 = ORIENTED_EDGE ( 'NONE', *, *, #2464, .T. ) ;
#3340 = DIRECTION ( 'NONE',  ( 0.0000000000000000000, 0.0000000000000000000, 1.000000000000000000 ) ) ;
#3341 = CIRCLE ( 'NONE', #1297, 0.01499999999999997700 ) ;
#3342 = ORIENTED_EDGE ( 'NONE', *, *, #727, .F. ) ;
#3343 = EDGE_LOOP ( 'NONE', ( #1153, #4790, #5190, #2240 ) ) ;
#3344 = ORIENTED_EDGE ( 'NONE', *, *, #3642, .F. ) ;
#3345 = CIRCLE ( 'NONE', #4798, 0.02199999999999992900 ) ;
#3346 = EDGE_CURVE ( 'NONE', #1283, #2879, #5220, .T. ) ;
#3347 = DIRECTION ( 'NONE',  ( -1.000000000000000000, 0.0000000000000000000, -2.890593476675650700E-015 ) ) ;
#3348 = ORIENTED_EDGE ( 'NONE', *, *, #1454, .F. ) ;
#3349 = VECTOR ( 'NONE', #400, 39.37007874015748100 ) ;
#3350 = EDGE_LOOP ( 'NONE', ( #1538, #336, #4211, #3637 ) ) ;
#3351 = LINE ( 'NONE', #3478, #881 ) ;
#3352 = CARTESIAN_POINT ( 'NONE',  ( 1.058152527650757100, 0.9500000000000000700, -3.000000000000000400 ) ) ;
#3353 = LINE ( 'NONE', #1624, #5813 ) ;
#3354 = CARTESIAN_POINT ( 'NONE',  ( 1.058152527650757100, 1.000000000000000000, 0.0000000000000000000 ) ) ;
#3355 = CARTESIAN_POINT ( 'NONE',  ( -1.866515789744190200, 0.5850194903075147700, -3.000000000000000400 ) ) ;
#3356 = VERTEX_POINT ( 'NONE', #3754 ) ;
#3357 = AXIS2_PLACEMENT_3D ( 'NONE', #3684, #4596, #5982 ) ;
#3358 = EDGE_CURVE ( 'NONE', #4272, #4355, #2911, .T. ) ;
#3359 = VERTEX_POINT ( 'NONE', #2815 ) ;
#3360 = LINE ( 'NONE', #2740, #3218 ) ;
#3361 = LINE ( 'NONE', #1867, #5820 ) ;
#3362 = ADVANCED_FACE ( 'NONE', ( #3859 ), #1373, .F. ) ;
#3363 = CARTESIAN_POINT ( 'NONE',  ( 1.938175369272173900, 0.4654650710118934900, -3.000000000000000400 ) ) ;
#3364 = ORIENTED_EDGE ( 'NONE', *, *, #1340, .T. ) ;
#3365 = CARTESIAN_POINT ( 'NONE',  ( -0.6894999999999998900, 0.9999999999999998900, -3.000000000000000400 ) ) ;
#3366 = ORIENTED_EDGE ( 'NONE', *, *, #4414, .T. ) ;
#3367 = CIRCLE ( 'NONE', #613, 0.01499999999999997700 ) ;
#3368 = CIRCLE ( 'NONE', #3725, 0.02200000000000020300 ) ;
#3369 = EDGE_CURVE ( 'NONE', #2476, #5286, #2761, .T. ) ;
#3370 = DIRECTION ( 'NONE',  ( 0.0000000000000000000, 0.0000000000000000000, 1.000000000000000000 ) ) ;
#3371 = ORIENTED_EDGE ( 'NONE', *, *, #2271, .F. ) ;
#3372 = DIRECTION ( 'NONE',  ( -0.3859941697651808100, 0.9225012200031439400, 0.0000000000000000000 ) ) ;
#3373 = ORIENTED_EDGE ( 'NONE', *, *, #2773, .F. ) ;
#3374 = LINE ( 'NONE', #5361, #1997 ) ;
#3375 = VECTOR ( 'NONE', #4053, 39.37007874015748900 ) ;
#3376 = VECTOR ( 'NONE', #1589, 39.37007874015748900 ) ;
#3377 = ORIENTED_EDGE ( 'NONE', *, *, #3729, .T. ) ;
#3378 = EDGE_LOOP ( 'NONE', ( #5733, #4390, #1959, #747 ) ) ;
#3379 = CARTESIAN_POINT ( 'NONE',  ( -1.654348235385595600, 0.8577665894109746100, -3.000000000000000400 ) ) ;
#3380 = EDGE_CURVE ( 'NONE', #5431, #4641, #5067, .T. ) ;
#3381 = CARTESIAN_POINT ( 'NONE',  ( -1.500000000000000200, 0.08450665438747084800, -3.000000000000000400 ) ) ;
#3382 = CIRCLE ( 'NONE', #496, 0.02500000000000000500 ) ;
#3383 = VECTOR ( 'NONE', #310, 39.37007874015748100 ) ;
#3384 = CARTESIAN_POINT ( 'NONE',  ( 1.670729069476437000, 0.8805157751061342100, -3.000000000000000400 ) ) ;
#3385 = CARTESIAN_POINT ( 'NONE',  ( -1.919981888401884900, 0.6128275355786027000, 0.0000000000000000000 ) ) ;
#3386 = VERTEX_POINT ( 'NONE', #5152 ) ;
#3387 = DIRECTION ( 'NONE',  ( 0.03489949670250190600, 0.9993908270190956500, -0.0000000000000000000 ) ) ;
#3388 = DIRECTION ( 'NONE',  ( 0.0000000000000000000, 0.0000000000000000000, 1.000000000000000000 ) ) ;
#3389 = ORIENTED_EDGE ( 'NONE', *, *, #3971, .T. ) ;
#3390 = EDGE_CURVE ( 'NONE', #2292, #952, #1499, .T. ) ;
#3391 = EDGE_LOOP ( 'NONE', ( #3928, #1534, #3527, #237 ) ) ;
#3392 = CARTESIAN_POINT ( 'NONE',  ( 2.044526027500084700, -0.4395147396958919400, -0.1550000000000000000 ) ) ;
#3393 = ADVANCED_FACE ( 'NONE', ( #308 ), #133, .F. ) ;
#3394 = AXIS2_PLACEMENT_3D ( 'NONE', #1862, #5089, #2315 ) ;
#3395 = EDGE_CURVE ( 'NONE', #3085, #4421, #5043, .T. ) ;
#3396 = DIRECTION ( 'NONE',  ( 0.0000000000000000000, 0.0000000000000000000, 1.000000000000000000 ) ) ;
#3397 = CARTESIAN_POINT ( 'NONE',  ( 2.034040263840681400, 0.1031557513403639100, -3.000000000000000400 ) ) ;
#3398 = DIRECTION ( 'NONE',  ( 1.000000000000000000, 0.0000000000000000000, -0.0000000000000000000 ) ) ;
#3399 = DIRECTION ( 'NONE',  ( -1.000000000000000000, 0.0000000000000000000, 0.0000000000000000000 ) ) ;
#3400 = EDGE_LOOP ( 'NONE', ( #4428, #1988, #2080, #518 ) ) ;
#3401 = DIRECTION ( 'NONE',  ( 1.000000000000000000, 0.0000000000000000000, 0.0000000000000000000 ) ) ;
#3402 = CARTESIAN_POINT ( 'NONE',  ( -0.7327609266367163300, 0.9499999999999999600, -3.000000000000000400 ) ) ;
#3403 = AXIS2_PLACEMENT_3D ( 'NONE', #1097, #4345, #1577 ) ;
#3404 = DIRECTION ( 'NONE',  ( 0.0000000000000000000, 0.0000000000000000000, 1.000000000000000000 ) ) ;
#3405 = EDGE_CURVE ( 'NONE', #3715, #2838, #3831, .T. ) ;
#3406 = PLANE ( 'NONE',  #2857 ) ;
#3407 = CARTESIAN_POINT ( 'NONE',  ( 0.9079889916004902900, 0.3196326718578362300, -3.000000000000000400 ) ) ;
#3408 = AXIS2_PLACEMENT_3D ( 'NONE', #805, #4063, #1277 ) ;
#3409 = CARTESIAN_POINT ( 'NONE',  ( 1.058152527650757100, 0.9780000000000000900, -3.000000000000000400 ) ) ;
#3410 = ORIENTED_EDGE ( 'NONE', *, *, #5999, .T. ) ;
#3411 = EDGE_CURVE ( 'NONE', #2043, #3795, #1344, .T. ) ;
#3412 = ORIENTED_EDGE ( 'NONE', *, *, #892, .T. ) ;
#3413 = DIRECTION ( 'NONE',  ( 0.0000000000000000000, 0.0000000000000000000, 1.000000000000000000 ) ) ;
#3414 = ORIENTED_EDGE ( 'NONE', *, *, #708, .F. ) ;
#3415 = VERTEX_POINT ( 'NONE', #1020 ) ;
#3416 = EDGE_LOOP ( 'NONE', ( #4971, #5515, #4731, #2976 ) ) ;
#3417 = DIRECTION ( 'NONE',  ( -0.0000000000000000000, 1.000000000000000000, -0.0000000000000000000 ) ) ;
#3418 = EDGE_CURVE ( 'NONE', #1656, #5225, #5988, .T. ) ;
#3419 = DIRECTION ( 'NONE',  ( 0.0000000000000000000, 0.0000000000000000000, 1.000000000000000000 ) ) ;
#3420 = CYLINDRICAL_SURFACE ( 'NONE', #5350, 0.02200000000000020300 ) ;
#3421 = CARTESIAN_POINT ( 'NONE',  ( 1.666298950478609900, 0.8762376589188726200, -3.000000000000000400 ) ) ;
#3423 = ADVANCED_FACE ( 'NONE', ( #1201 ), #1055, .F. ) ;
#3422 = EDGE_LOOP ( 'NONE', ( #5902, #3704, #735, #905 ) ) ;
#3424 = DIRECTION ( 'NONE',  ( 0.0000000000000000000, 0.0000000000000000000, 1.000000000000000000 ) ) ;
#3425 = CARTESIAN_POINT ( 'NONE',  ( -1.894113555424991900, 0.6021114746462065100, 0.0000000000000000000 ) ) ;
#3426 = VERTEX_POINT ( 'NONE', #2422 ) ;
#3427 = DIRECTION ( 'NONE',  ( 0.0000000000000000000, 0.0000000000000000000, 1.000000000000000000 ) ) ;
#3428 = ORIENTED_EDGE ( 'NONE', *, *, #4605, .F. ) ;
#3429 = FACE_BOUND ( 'NONE', #5889, .T. ) ;
#3430 = CARTESIAN_POINT ( 'NONE',  ( 2.035000000000000100, 0.07567250359733875000, 0.0000000000000000000 ) ) ;
#3431 = ORIENTED_EDGE ( 'NONE', *, *, #4534, .T. ) ;
#3432 =( NAMED_UNIT ( * ) PLANE_ANGLE_UNIT ( ) SI_UNIT ( $, .RADIAN. ) );
#3433 = ORIENTED_EDGE ( 'NONE', *, *, #5918, .F. ) ;
#3434 = EDGE_CURVE ( 'NONE', #3775, #5079, #2286, .T. ) ;
#3435 = FACE_OUTER_BOUND ( 'NONE', #5511, .T. ) ;
#3436 = VECTOR ( 'NONE', #4816, 39.37007874015748100 ) ;
#3437 = ORIENTED_EDGE ( 'NONE', *, *, #1826, .T. ) ;
#3438 = CARTESIAN_POINT ( 'NONE',  ( -0.6674999999999998700, 0.0000000000000000000, -3.000000000000000400 ) ) ;
#3439 = LINE ( 'NONE', #4489, #1107 ) ;
#3440 = VECTOR ( 'NONE', #4464, 39.37007874015748100 ) ;
#3441 = AXIS2_PLACEMENT_3D ( 'NONE', #1299, #2710, #4556 ) ;
#3442 = CARTESIAN_POINT ( 'NONE',  ( -1.891040841103374100, 0.6247071131021896300, 0.0000000000000000000 ) ) ;
#3443 = VERTEX_POINT ( 'NONE', #5658 ) ;
#3444 = EDGE_CURVE ( 'NONE', #2493, #2399, #3530, .T. ) ;
#3445 = EDGE_LOOP ( 'NONE', ( #1387, #352, #4427, #2412, #658, #1907, #2568, #4154, #468, #5123, #5000, #2725 ) ) ;
#3446 = VECTOR ( 'NONE', #2276, 39.37007874015748100 ) ;
#3447 = CARTESIAN_POINT ( 'NONE',  ( -1.617945852209695000, 0.8794590039321978900, -3.000000000000000400 ) ) ;
#3448 = DIRECTION ( 'NONE',  ( -0.0000000000000000000, 1.000000000000000000, -0.0000000000000000000 ) ) ;
#3449 = LINE ( 'NONE', #5122, #2062 ) ;
#3450 = SURFACE_STYLE_FILL_AREA ( #5265 ) ;
#3451 = CARTESIAN_POINT ( 'NONE',  ( 1.058152527650757100, 1.000000000000000000, -3.000000000000000400 ) ) ;
#3452 = ORIENTED_EDGE ( 'NONE', *, *, #4423, .T. ) ;
#3453 = CARTESIAN_POINT ( 'NONE',  ( -0.7924999999999999800, 0.9780000000000000900, -3.000000000000000400 ) ) ;
#3454 = AXIS2_PLACEMENT_3D ( 'NONE', #4130, #2744, #5978 ) ;
#3455 = FACE_OUTER_BOUND ( 'NONE', #1727, .T. ) ;
#3456 = EDGE_CURVE ( 'NONE', #1321, #1735, #3678, .T. ) ;
#3457 = CYLINDRICAL_SURFACE ( 'NONE', #5718, 0.3749999999999999400 ) ;
#3458 = CIRCLE ( 'NONE', #2318, 0.02199999999999992900 ) ;
#3459 = ORIENTED_EDGE ( 'NONE', *, *, #1742, .F. ) ;
#3460 = CARTESIAN_POINT ( 'NONE',  ( -1.201152527650757300, 0.9719999999999998600, -3.000000000000000400 ) ) ;
#3461 = ADVANCED_FACE ( 'NONE', ( #5840 ), #910, .F. ) ;
#3462 = LINE ( 'NONE', #3138, #987 ) ;
#3463 = AXIS2_PLACEMENT_3D ( 'NONE', #2739, #3668, #2279 ) ;
#3464 = CARTESIAN_POINT ( 'NONE',  ( -0.8847321782755623900, 0.3358722684617683800, -3.000000000000000400 ) ) ;
#3465 = CARTESIAN_POINT ( 'NONE',  ( -1.941068122746830300, 0.4427930437084713300, -3.000000000000000400 ) ) ;
#3466 = DIRECTION ( 'NONE',  ( -0.9998362138635782400, -0.01809821667858757200, 0.0000000000000000000 ) ) ;
#3467 = DIRECTION ( 'NONE',  ( -1.000000000000000000, 0.0000000000000000000, 0.0000000000000000000 ) ) ;
#3468 = ORIENTED_EDGE ( 'NONE', *, *, #5309, .T. ) ;
#3469 = ORIENTED_EDGE ( 'NONE', *, *, #480, .F. ) ;
#3470 = CARTESIAN_POINT ( 'NONE',  ( 1.960175369272174400, 0.4654650710118934900, 0.0000000000000000000 ) ) ;
#3471 = DIRECTION ( 'NONE',  ( -0.0000000000000000000, 1.000000000000000000, -0.0000000000000000000 ) ) ;
#3472 = CARTESIAN_POINT ( 'NONE',  ( 1.666298950478609900, 0.8762376589188726200, -3.000000000000000400 ) ) ;
#3473 = CARTESIAN_POINT ( 'NONE',  ( 1.532037729360301600, 0.9017690778885758500, -3.000000000000000400 ) ) ;
#3474 = PLANE ( 'NONE',  #4722 ) ;
#3475 = VERTEX_POINT ( 'NONE', #4768 ) ;
#3476 = AXIS2_PLACEMENT_3D ( 'NONE', #4401, #1621, #4855 ) ;
#3477 = EDGE_CURVE ( 'NONE', #2987, #5070, #3382, .T. ) ;
#3478 = CARTESIAN_POINT ( 'NONE',  ( 0.7177631569268034800, 0.9347413424495103500, -3.000000000000000400 ) ) ;
#3479 = ORIENTED_EDGE ( 'NONE', *, *, #1464, .T. ) ;
#3480 = DIRECTION ( 'NONE',  ( 1.000000000000000000, 0.0000000000000000000, 0.0000000000000000000 ) ) ;
#3481 = ADVANCED_FACE ( 'NONE', ( #4604 ), #1531, .T. ) ;
#3482 = CARTESIAN_POINT ( 'NONE',  ( -1.600268701519571600, 0.8770323167238678300, -3.000000000000000400 ) ) ;
#3483 = AXIS2_PLACEMENT_3D ( 'NONE', #2578, #5806, #3040 ) ;
#3484 = EDGE_CURVE ( 'NONE', #3820, #4170, #4469, .T. ) ;
#3485 = CARTESIAN_POINT ( 'NONE',  ( -0.9683585055943934000, 0.2601086883240222900, 0.0000000000000000000 ) ) ;
#3486 = DIRECTION ( 'NONE',  ( 1.000000000000000000, 0.0000000000000000000, 0.0000000000000000000 ) ) ;
#3487 = ORIENTED_EDGE ( 'NONE', *, *, #3827, .F. ) ;
#3488 = ORIENTED_EDGE ( 'NONE', *, *, #4658, .T. ) ;
#3489 = ORIENTED_EDGE ( 'NONE', *, *, #2908, .T. ) ;
#3490 = CYLINDRICAL_SURFACE ( 'NONE', #2869, 0.02500000000000000500 ) ;
#3491 = AXIS2_PLACEMENT_3D ( 'NONE', #3110, #340, #3568 ) ;
#3492 = DIRECTION ( 'NONE',  ( 0.0000000000000000000, 0.0000000000000000000, 1.000000000000000000 ) ) ;
#3493 = ORIENTED_EDGE ( 'NONE', *, *, #5598, .T. ) ;
#3494 = EDGE_CURVE ( 'NONE', #4170, #4210, #4905, .T. ) ;
#3495 = ORIENTED_EDGE ( 'NONE', *, *, #2692, .F. ) ;
#3496 = ORIENTED_EDGE ( 'NONE', *, *, #3444, .F. ) ;
#3497 = VECTOR ( 'NONE', #149, 39.37007874015748100 ) ;
#3498 = DIRECTION ( 'NONE',  ( 0.0000000000000000000, 0.0000000000000000000, 1.000000000000000000 ) ) ;
#3499 = VERTEX_POINT ( 'NONE', #2006 ) ;
#3500 = VECTOR ( 'NONE', #2703, 39.37007874015748100 ) ;
#3501 = EDGE_CURVE ( 'NONE', #3847, #2463, #5695, .T. ) ;
#3502 = DIRECTION ( 'NONE',  ( 0.0000000000000000000, 0.0000000000000000000, 1.000000000000000000 ) ) ;
#3503 = EDGE_LOOP ( 'NONE', ( #2146, #5379, #5402, #365 ) ) ;
#3504 = CYLINDRICAL_SURFACE ( 'NONE', #1442, 0.02500000000000000500 ) ;
#3505 = LINE ( 'NONE', #2653, #3648 ) ;
#3506 = DIRECTION ( 'NONE',  ( 1.000000000000000000, 0.0000000000000000000, 0.0000000000000000000 ) ) ;
#3507 = CARTESIAN_POINT ( 'NONE',  ( -1.946771454098938000, 0.4452139642359396200, 0.0000000000000000000 ) ) ;
#3508 = EDGE_LOOP ( 'NONE', ( #4287, #3236, #2524, #2850 ) ) ;
#3509 = DIRECTION ( 'NONE',  ( -0.01724383669930121600, -0.9998513139941797000, 0.0000000000000000000 ) ) ;
#3510 = ORIENTED_EDGE ( 'NONE', *, *, #2617, .T. ) ;
#3511 = CIRCLE ( 'NONE', #1649, 0.01000000000000016700 ) ;
#3512 = CIRCLE ( 'NONE', #5061, 0.5749999999999997300 ) ;
#3513 = EDGE_LOOP ( 'NONE', ( #4297, #4471, #5002, #4789 ) ) ;
#3514 = AXIS2_PLACEMENT_3D ( 'NONE', #49, #3788, #80 ) ;
#3515 = EDGE_CURVE ( 'NONE', #5079, #2957, #2003, .T. ) ;
#3516 = ADVANCED_FACE ( 'NONE', ( #3237 ), #629, .F. ) ;
#3517 = FACE_BOUND ( 'NONE', #1586, .T. ) ;
#3518 = FACE_OUTER_BOUND ( 'NONE', #5698, .T. ) ;
#3519 = ORIENTED_EDGE ( 'NONE', *, *, #3418, .F. ) ;
#3520 = CARTESIAN_POINT ( 'NONE',  ( 1.946771454098938700, 0.4452139642359396200, -3.000000000000000400 ) ) ;
#3521 = CIRCLE ( 'NONE', #5185, 0.01299999999999997000 ) ;
#3522 = AXIS2_PLACEMENT_3D ( 'NONE', #3841, #585, #4290 ) ;
#3523 = CIRCLE ( 'NONE', #757, 0.01499999999999997700 ) ;
#3524 = VECTOR ( 'NONE', #2937, 39.37007874015748100 ) ;
#3525 = EDGE_CURVE ( 'NONE', #3426, #5367, #1855, .T. ) ;
#3526 = ORIENTED_EDGE ( 'NONE', *, *, #3761, .T. ) ;
#3527 = ORIENTED_EDGE ( 'NONE', *, *, #989, .T. ) ;
#3528 = PLANE ( 'NONE',  #2229 ) ;
#3529 = DIRECTION ( 'NONE',  ( 0.0000000000000000000, 0.0000000000000000000, 1.000000000000000000 ) ) ;
#3530 = CIRCLE ( 'NONE', #1850, 0.02500000000000000500 ) ;
#3531 = DIRECTION ( 'NONE',  ( 0.0000000000000000000, 0.0000000000000000000, 1.000000000000000000 ) ) ;
#3532 = CIRCLE ( 'NONE', #3032, 0.01499999999999997700 ) ;
#3533 = DIRECTION ( 'NONE',  ( -0.0000000000000000000, -0.0000000000000000000, -1.000000000000000000 ) ) ;
#3534 = ORIENTED_EDGE ( 'NONE', *, *, #2344, .T. ) ;
#3535 = AXIS2_PLACEMENT_3D ( 'NONE', #4632, #5564, #1843 ) ;
#3536 = EDGE_CURVE ( 'NONE', #3281, #5367, #3095, .T. ) ;
#3537 = VERTEX_POINT ( 'NONE', #665 ) ;
#3538 = CARTESIAN_POINT ( 'NONE',  ( -1.058152527650757100, 0.9500000000000000700, -3.000000000000000400 ) ) ;
#3539 = CARTESIAN_POINT ( 'NONE',  ( 1.547037729360301700, 0.9017690778885758500, -3.000000000000000400 ) ) ;
#3540 = DIRECTION ( 'NONE',  ( -0.0000000000000000000, -0.0000000000000000000, -1.000000000000000000 ) ) ;
#3541 = ORIENTED_EDGE ( 'NONE', *, *, #3816, .T. ) ;
#3542 = DIRECTION ( 'NONE',  ( -2.709931384383426300E-015, 9.463288921250897000E-017, 1.000000000000000000 ) ) ;
#3543 = VERTEX_POINT ( 'NONE', #1123 ) ;
#3544 = ADVANCED_FACE ( 'NONE', ( #4324 ), #4368, .T. ) ;
#3545 = CARTESIAN_POINT ( 'NONE',  ( 1.877632627858003100, 0.04266035140102816100, -0.3449999999999996400 ) ) ;
#3546 = UNCERTAINTY_MEASURE_WITH_UNIT (LENGTH_MEASURE( 1.000000000000000100E-005 ), #2164, 'distance_accuracy_value', 'NONE');
#3547 = EDGE_CURVE ( 'NONE', #1774, #4884, #482, .T. ) ;
#3548 = VERTEX_POINT ( 'NONE', #2994 ) ;
#3549 = DIRECTION ( 'NONE',  ( 0.0000000000000000000, 0.0000000000000000000, 1.000000000000000000 ) ) ;
#3550 = CARTESIAN_POINT ( 'NONE',  ( -1.019552256640879200, 0.1291673665987828300, -3.000000000000000400 ) ) ;
#3551 = DIRECTION ( 'NONE',  ( -0.6906461731296182900, 0.7231928259747971700, 0.0000000000000000000 ) ) ;
#3552 = AXIS2_PLACEMENT_3D ( 'NONE', #5859, #3093, #320 ) ;
#3553 = EDGE_CURVE ( 'NONE', #5318, #132, #2954, .T. ) ;
#3554 = FILL_AREA_STYLE_COLOUR ( '', #3719 ) ;
#3555 = VERTEX_POINT ( 'NONE', #3930 ) ;
#3556 = ORIENTED_EDGE ( 'NONE', *, *, #5110, .T. ) ;
#3557 = DIRECTION ( 'NONE',  ( 0.0000000000000000000, 0.0000000000000000000, 1.000000000000000000 ) ) ;
#3558 = AXIS2_PLACEMENT_3D ( 'NONE', #2322, #5566, #2803 ) ;
#3559 = CARTESIAN_POINT ( 'NONE',  ( -0.7177609266367162000, 0.9350000000000000500, -3.000000000000000400 ) ) ;
#3560 = ORIENTED_EDGE ( 'NONE', *, *, #5223, .F. ) ;
#3561 = EDGE_CURVE ( 'NONE', #5420, #2643, #5254, .T. ) ;
#3562 = ORIENTED_EDGE ( 'NONE', *, *, #3444, .T. ) ;
#3563 = DIRECTION ( 'NONE',  ( 0.9205048534524575800, -0.3907311284892328000, 0.0000000000000000000 ) ) ;
#3564 = ORIENTED_EDGE ( 'NONE', *, *, #2955, .T. ) ;
#3565 = VECTOR ( 'NONE', #286, 39.37007874015748100 ) ;
#3566 = DIRECTION ( 'NONE',  ( 0.0000000000000000000, 1.000000000000000000, 0.0000000000000000000 ) ) ;
#3567 = EDGE_LOOP ( 'NONE', ( #885, #47, #5589, #3155 ) ) ;
#3568 = DIRECTION ( 'NONE',  ( -1.000000000000000000, 0.0000000000000000000, 0.0000000000000000000 ) ) ;
#3569 = ORIENTED_EDGE ( 'NONE', *, *, #2746, .T. ) ;
#3570 = CARTESIAN_POINT ( 'NONE',  ( 1.782458660289619100, 0.03933680321795757200, -0.2499999999999999700 ) ) ;
#3571 = ORIENTED_EDGE ( 'NONE', *, *, #5284, .F. ) ;
#3572 = DIRECTION ( 'NONE',  ( 0.0000000000000000000, 0.0000000000000000000, 1.000000000000000000 ) ) ;
#3573 = FACE_OUTER_BOUND ( 'NONE', #4708, .T. ) ;
#3574 = ADVANCED_FACE ( 'NONE', ( #347 ), #2654, .T. ) ;
#3575 = ORIENTED_EDGE ( 'NONE', *, *, #4909, .F. ) ;
#3576 = VERTEX_POINT ( 'NONE', #447 ) ;
#3577 = APPLICATION_CONTEXT ( 'automotive_design' ) ;
#3578 = LINE ( 'NONE', #2397, #5743 ) ;
#3579 = FACE_OUTER_BOUND ( 'NONE', #4385, .T. ) ;
#3580 = DIRECTION ( 'NONE',  ( 0.0000000000000000000, 0.0000000000000000000, 1.000000000000000000 ) ) ;
#3581 = ORIENTED_EDGE ( 'NONE', *, *, #5029, .T. ) ;
#3582 = ADVANCED_FACE ( 'NONE', ( #3897 ), #199, .F. ) ;
#3583 = DIRECTION ( 'NONE',  ( -1.000000000000000000, 0.0000000000000000000, 0.0000000000000000000 ) ) ;
#3584 = CYLINDRICAL_SURFACE ( 'NONE', #5760, 0.02200000000000020300 ) ;
#3585 = CARTESIAN_POINT ( 'NONE',  ( 1.043022407083604700, 0.1377785243720350000, -3.000000000000000400 ) ) ;
#3586 = CYLINDRICAL_SURFACE ( 'NONE', #5575, 0.01000000000000016700 ) ;
#3587 = ORIENTED_EDGE ( 'NONE', *, *, #5394, .T. ) ;
#3588 = CARTESIAN_POINT ( 'NONE',  ( -1.886697118537944900, -0.3022334023924709300, -2.844999999999999300 ) ) ;
#3589 = EDGE_LOOP ( 'NONE', ( #2864, #1281, #161, #2651 ) ) ;
#3590 = LINE ( 'NONE', #1379, #827 ) ;
#3591 = VECTOR ( 'NONE', #453, 39.37007874015748100 ) ;
#3592 = VECTOR ( 'NONE', #2013, 39.37007874015748100 ) ;
#3593 = CARTESIAN_POINT ( 'NONE',  ( -1.681581434628707700, 0.8604121833114223300, -3.000000000000000400 ) ) ;
#3594 = PLANE ( 'NONE',  #123 ) ;
#3595 = AXIS2_PLACEMENT_3D ( 'NONE', #772, #4022, #1226 ) ;
#3596 = ORIENTED_EDGE ( 'NONE', *, *, #3484, .F. ) ;
#3597 = EDGE_CURVE ( 'NONE', #1682, #4135, #5108, .T. ) ;
#3598 = DIRECTION ( 'NONE',  ( -0.9993908270190957600, 0.03489949670250189900, -2.892355421449569700E-015 ) ) ;
#3599 = LINE ( 'NONE', #492, #4677 ) ;
#3600 = FACE_OUTER_BOUND ( 'NONE', #3685, .T. ) ;
#3601 = LINE ( 'NONE', #4626, #4682 ) ;
#3602 = VERTEX_POINT ( 'NONE', #2302 ) ;
#3603 = APPLICATION_PROTOCOL_DEFINITION ( 'draft international standard', 'automotive_design', 1998, #362 ) ;
#3604 = AXIS2_PLACEMENT_3D ( 'NONE', #2691, #5934, #3166 ) ;
#3605 = CARTESIAN_POINT ( 'NONE',  ( 0.9911760075679538800, 0.2350188122786551500, -3.000000000000000400 ) ) ;
#3606 = EDGE_CURVE ( 'NONE', #2839, #5858, #4046, .T. ) ;
#3607 = CARTESIAN_POINT ( 'NONE',  ( -0.2179210407162855700, 0.0000000000000000000, -1.560294444297389800 ) ) ;
#3608 = FACE_OUTER_BOUND ( 'NONE', #5974, .T. ) ;
#3609 = DIRECTION ( 'NONE',  ( 0.0000000000000000000, 0.0000000000000000000, 1.000000000000000000 ) ) ;
#3610 = AXIS2_PLACEMENT_3D ( 'NONE', #1148, #4405, #1627 ) ;
#3611 = EDGE_CURVE ( 'NONE', #4159, #3230, #4968, .T. ) ;
#3612 = VERTEX_POINT ( 'NONE', #2775 ) ;
#3613 = CARTESIAN_POINT ( 'NONE',  ( 1.036152527650757000, 0.9780000000000000900, 0.0000000000000000000 ) ) ;
#3614 = ADVANCED_FACE ( 'NONE', ( #1271 ), #4823, .T. ) ;
#3615 = EDGE_CURVE ( 'NONE', #169, #3230, #2501, .T. ) ;
#3616 = ORIENTED_EDGE ( 'NONE', *, *, #3597, .T. ) ;
#3617 = DIRECTION ( 'NONE',  ( 1.000000000000000000, 0.0000000000000000000, 0.0000000000000000000 ) ) ;
#3618 = CARTESIAN_POINT ( 'NONE',  ( 0.7853104575018061700, 0.3822573689325231600, -3.000000000000000400 ) ) ;
#3619 = ORIENTED_EDGE ( 'NONE', *, *, #825, .F. ) ;
#3620 = DIRECTION ( 'NONE',  ( 1.000000000000000000, 0.0000000000000000000, 0.0000000000000000000 ) ) ;
#3621 =( GEOMETRIC_REPRESENTATION_CONTEXT ( 3 ) GLOBAL_UNCERTAINTY_ASSIGNED_CONTEXT ( ( #1376 ) ) GLOBAL_UNIT_ASSIGNED_CONTEXT ( ( #1726, #4972, #2190 ) ) REPRESENTATION_CONTEXT ( 'NONE', 'WORKASPACE' ) );
#3622 = EDGE_CURVE ( 'NONE', #4098, #19, #1416, .T. ) ;
#3623 = DIRECTION ( 'NONE',  ( 1.000000000000000000, 0.0000000000000000000, 0.0000000000000000000 ) ) ;
#3624 = CARTESIAN_POINT ( 'NONE',  ( 1.682722501530304000, 0.8989591367186303700, -3.000000000000000400 ) ) ;
#3625 = CARTESIAN_POINT ( 'NONE',  ( 2.035000000000000100, 0.07567250359733875000, -0.1549999999999998600 ) ) ;
#3626 = EDGE_LOOP ( 'NONE', ( #2836, #395, #3686, #3866 ) ) ;
#3627 = VERTEX_POINT ( 'NONE', #4206 ) ;
#3628 = CARTESIAN_POINT ( 'NONE',  ( -1.033134772369058700, 0.1607401157748909200, -3.000000000000000400 ) ) ;
#3629 = ORIENTED_EDGE ( 'NONE', *, *, #2822, .F. ) ;
#3630 = EDGE_CURVE ( 'NONE', #2400, #2987, #3599, .T. ) ;
#3631 = VECTOR ( 'NONE', #1733, 39.37007874015748900 ) ;
#3632 = VERTEX_POINT ( 'NONE', #1415 ) ;
#3633 = ORIENTED_EDGE ( 'NONE', *, *, #4669, .T. ) ;
#3634 = DIRECTION ( 'NONE',  ( 0.7155408596166031900, -0.6985708827450027900, -0.0000000000000000000 ) ) ;
#3635 = ADVANCED_FACE ( 'NONE', ( #1120 ), #979, .T. ) ;
#3636 = DIRECTION ( 'NONE',  ( -0.0000000000000000000, -0.0000000000000000000, -1.000000000000000000 ) ) ;
#3637 = ORIENTED_EDGE ( 'NONE', *, *, #2610, .T. ) ;
#3638 = LINE ( 'NONE', #1047, #2700 ) ;
#3639 = AXIS2_PLACEMENT_3D ( 'NONE', #4318, #4773, #2009 ) ;
#3640 = CARTESIAN_POINT ( 'NONE',  ( 2.035000000000000100, 0.07567250359733875000, -3.000000000000000400 ) ) ;
#3641 = ORIENTED_EDGE ( 'NONE', *, *, #1434, .F. ) ;
#3642 = EDGE_CURVE ( 'NONE', #114, #4716, #56, .T. ) ;
#3643 = DIRECTION ( 'NONE',  ( -0.0000000000000000000, -0.0000000000000000000, -1.000000000000000000 ) ) ;
#3644 = CIRCLE ( 'NONE', #1235, 0.02199999999999992900 ) ;
#3645 = VERTEX_POINT ( 'NONE', #965 ) ;
#3646 = CARTESIAN_POINT ( 'NONE',  ( -1.532037729360301600, 0.9017690778885758500, 0.0000000000000000000 ) ) ;
#3647 = CYLINDRICAL_SURFACE ( 'NONE', #3835, 0.3749999999999999400 ) ;
#3648 = VECTOR ( 'NONE', #5751, 39.37007874015748100 ) ;
#3649 = DIRECTION ( 'NONE',  ( 1.000000000000000000, 0.0000000000000000000, 0.0000000000000000000 ) ) ;
#3650 = ORIENTED_EDGE ( 'NONE', *, *, #3805, .F. ) ;
#3651 = DIRECTION ( 'NONE',  ( 0.0000000000000000000, 0.0000000000000000000, 1.000000000000000000 ) ) ;
#3652 = AXIS2_PLACEMENT_3D ( 'NONE', #2511, #5747, #2978 ) ;
#3653 = CARTESIAN_POINT ( 'NONE',  ( 0.6894999999999998900, 0.9780000000000000900, -3.000000000000000400 ) ) ;
#3654 = ORIENTED_EDGE ( 'NONE', *, *, #5720, .T. ) ;
#3655 = LINE ( 'NONE', #5603, #2414 ) ;
#3656 = VECTOR ( 'NONE', #4147, 39.37007874015748100 ) ;
#3657 = DIRECTION ( 'NONE',  ( 1.000000000000000000, 0.0000000000000000000, 0.0000000000000000000 ) ) ;
#3658 = ORIENTED_EDGE ( 'NONE', *, *, #284, .T. ) ;
#3659 = VERTEX_POINT ( 'NONE', #3755 ) ;
#3660 = VECTOR ( 'NONE', #5673, 39.37007874015748100 ) ;
#3661 = FACE_BOUND ( 'NONE', #4009, .T. ) ;
#3662 = LINE ( 'NONE', #2612, #120 ) ;
#3663 = CARTESIAN_POINT ( 'NONE',  ( -1.049351302829074900, 0.09266392820315545700, 0.0000000000000000000 ) ) ;
#3664 = CARTESIAN_POINT ( 'NONE',  ( 0.3298335452906798200, 0.0000000000000000000, -1.903324128259931600 ) ) ;
#3665 = VERTEX_POINT ( 'NONE', #1430 ) ;
#3666 = ORIENTED_EDGE ( 'NONE', *, *, #5360, .F. ) ;
#3667 = EDGE_CURVE ( 'NONE', #197, #1894, #5764, .T. ) ;
#3668 = DIRECTION ( 'NONE',  ( 0.0000000000000000000, 0.0000000000000000000, 1.000000000000000000 ) ) ;
#3669 = ORIENTED_EDGE ( 'NONE', *, *, #5852, .T. ) ;
#3670 = FACE_OUTER_BOUND ( 'NONE', #1219, .T. ) ;
#3671 = CARTESIAN_POINT ( 'NONE',  ( -1.537128025682452700, 0.9158789639034484700, -3.000000000000000400 ) ) ;
#3672 = DIRECTION ( 'NONE',  ( 0.0000000000000000000, 0.0000000000000000000, 1.000000000000000000 ) ) ;
#3673 = VECTOR ( 'NONE', #2124, 39.37007874015748100 ) ;
#3674 = LINE ( 'NONE', #3869, #1195 ) ;
#3675 = ORIENTED_EDGE ( 'NONE', *, *, #4261, .F. ) ;
#3676 = ORIENTED_EDGE ( 'NONE', *, *, #2456, .F. ) ;
#3677 = DIRECTION ( 'NONE',  ( 0.0000000000000000000, 0.0000000000000000000, 1.000000000000000000 ) ) ;
#3678 = CIRCLE ( 'NONE', #4038, 0.02200000000000020300 ) ;
#3679 = ADVANCED_FACE ( 'NONE', ( #3455 ), #834, .T. ) ;
#3680 = CARTESIAN_POINT ( 'NONE',  ( -1.500000000000000200, 0.08450665438747084800, 0.0000000000000000000 ) ) ;
#3681 = AXIS2_PLACEMENT_3D ( 'NONE', #5586, #60, #5568 ) ;
#3682 = LINE ( 'NONE', #5387, #1057 ) ;
#3683 = EDGE_CURVE ( 'NONE', #2477, #3208, #2213, .T. ) ;
#3684 = CARTESIAN_POINT ( 'NONE',  ( 1.670729069476437000, 0.8805157751061342100, -3.000000000000000400 ) ) ;
#3685 = EDGE_LOOP ( 'NONE', ( #1984, #229, #248, #329 ) ) ;
#3686 = ORIENTED_EDGE ( 'NONE', *, *, #1572, .T. ) ;
#3687 = ORIENTED_EDGE ( 'NONE', *, *, #2943, .T. ) ;
#3688 = AXIS2_PLACEMENT_3D ( 'NONE', #4146, #911, #4169 ) ;
#3689 = CARTESIAN_POINT ( 'NONE',  ( -0.7704999999999998500, 0.9500000000000000700, -3.000000000000000400 ) ) ;
#3690 = EDGE_CURVE ( 'NONE', #376, #3764, #4528, .T. ) ;
#3691 = DIRECTION ( 'NONE',  ( 1.000000000000000000, 0.0000000000000000000, 0.0000000000000000000 ) ) ;
#3692 = CARTESIAN_POINT ( 'NONE',  ( 1.879556787332412200, 0.09776106946693456600, -2.654999999999998900 ) ) ;
#3693 = PLANE ( 'NONE',  #5129 ) ;
#3694 = CARTESIAN_POINT ( 'NONE',  ( -1.872737319856944100, 0.09752292841516724300, -2.844999999999999300 ) ) ;
#3695 = CARTESIAN_POINT ( 'NONE',  ( -1.885158604831293800, 0.5113038150519720900, -3.000000000000000400 ) ) ;
#3696 = CARTESIAN_POINT ( 'NONE',  ( -1.342000000000000100, 0.3750000000000000600, -3.000000000000000400 ) ) ;
#3697 = PLANE ( 'NONE',  #4913 ) ;
#3698 = ORIENTED_EDGE ( 'NONE', *, *, #5269, .T. ) ;
#3699 = EDGE_CURVE ( 'NONE', #1323, #4376, #5621, .T. ) ;
#3700 = DIRECTION ( 'NONE',  ( 0.0000000000000000000, 0.0000000000000000000, 1.000000000000000000 ) ) ;
#3701 = EDGE_LOOP ( 'NONE', ( #3872, #2579, #1309, #2417 ) ) ;
#3702 = CARTESIAN_POINT ( 'NONE',  ( 0.7704999999999998500, 0.9499999999999999600, 0.0000000000000000000 ) ) ;
#3703 = CARTESIAN_POINT ( 'NONE',  ( -1.899636925930138200, 0.6044560063262358600, -3.000000000000000400 ) ) ;
#3704 = ORIENTED_EDGE ( 'NONE', *, *, #1725, .F. ) ;
#3705 = AXIS2_PLACEMENT_3D ( 'NONE', #3195, #1351, #4141 ) ;
#3706 = EDGE_CURVE ( 'NONE', #2234, #3386, #2066, .T. ) ;
#3707 = CARTESIAN_POINT ( 'NONE',  ( 0.7327609266367162100, 0.9350000000000000500, -3.000000000000000400 ) ) ;
#3708 = ORIENTED_EDGE ( 'NONE', *, *, #5474, .F. ) ;
#3709 = ORIENTED_EDGE ( 'NONE', *, *, #4030, .F. ) ;
#3710 = VERTEX_POINT ( 'NONE', #1947 ) ;
#3711 = DIRECTION ( 'NONE',  ( 1.000000000000000000, 0.0000000000000000000, 0.0000000000000000000 ) ) ;
#3712 = VECTOR ( 'NONE', #4018, 39.37007874015748100 ) ;
#3713 = ORIENTED_EDGE ( 'NONE', *, *, #5773, .T. ) ;
#3714 = AXIS2_PLACEMENT_3D ( 'NONE', #1864, #5092, #2319 ) ;
#3715 = VERTEX_POINT ( 'NONE', #5153 ) ;
#3716 = FACE_OUTER_BOUND ( 'NONE', #4049, .T. ) ;
#3717 = EDGE_CURVE ( 'NONE', #2856, #717, #3163, .T. ) ;
#3718 = VERTEX_POINT ( 'NONE', #5180 ) ;
#3719 = COLOUR_RGB ( '',0.8666666666666667000, 0.9098039215686274400, 1.000000000000000000 ) ;
#3720 = LINE ( 'NONE', #4591, #2480 ) ;
#3721 = CARTESIAN_POINT ( 'NONE',  ( 1.058152527650757100, 0.9500000000000000700, -3.000000000000000400 ) ) ;
#3722 = EDGE_LOOP ( 'NONE', ( #5251, #5276, #1318, #1963 ) ) ;
#3723 = CARTESIAN_POINT ( 'NONE',  ( 1.941068122746830300, 0.4427930437084709500, -3.000000000000000400 ) ) ;
#3724 = ORIENTED_EDGE ( 'NONE', *, *, #916, .F. ) ;
#3725 = AXIS2_PLACEMENT_3D ( 'NONE', #2205, #5450, #2677 ) ;
#3726 = CIRCLE ( 'NONE', #5369, 0.01499999999999997700 ) ;
#3727 = DIRECTION ( 'NONE',  ( -0.9225012200031439400, 0.3859941697651808100, 0.0000000000000000000 ) ) ;
#3728 = LINE ( 'NONE', #650, #5895 ) ;
#3729 = EDGE_CURVE ( 'NONE', #4234, #1682, #700, .T. ) ;
#3730 = CARTESIAN_POINT ( 'NONE',  ( 1.670729069476437000, 0.8805157751061342100, 0.0000000000000000000 ) ) ;
#3731 = ORIENTED_EDGE ( 'NONE', *, *, #2133, .T. ) ;
#3732 = CARTESIAN_POINT ( 'NONE',  ( 1.223152527650756700, 0.9719999999999998600, -3.000000000000000400 ) ) ;
#3733 = DIRECTION ( 'NONE',  ( 0.0000000000000000000, 0.0000000000000000000, 1.000000000000000000 ) ) ;
#3734 = FACE_OUTER_BOUND ( 'NONE', #3350, .T. ) ;
#3735 = FACE_OUTER_BOUND ( 'NONE', #1371, .T. ) ;
#3736 = ORIENTED_EDGE ( 'NONE', *, *, #1817, .T. ) ;
#3737 = EDGE_CURVE ( 'NONE', #5734, #2202, #5480, .T. ) ;
#3738 = ORIENTED_EDGE ( 'NONE', *, *, #115, .T. ) ;
#3739 = CYLINDRICAL_SURFACE ( 'NONE', #5498, 0.02500000000000000500 ) ;
#3740 = VECTOR ( 'NONE', #1370, 39.37007874015748900 ) ;
#3741 = FACE_OUTER_BOUND ( 'NONE', #17, .T. ) ;
#3742 = DIRECTION ( 'NONE',  ( 0.0000000000000000000, 0.0000000000000000000, 1.000000000000000000 ) ) ;
#3743 = ORIENTED_EDGE ( 'NONE', *, *, #577, .F. ) ;
#3744 = DIRECTION ( 'NONE',  ( 0.0000000000000000000, 0.0000000000000000000, 1.000000000000000000 ) ) ;
#3745 = VECTOR ( 'NONE', #938, 39.37007874015748100 ) ;
#3746 = DIRECTION ( 'NONE',  ( 0.03489949670250190600, 0.9993908270190957600, -0.0000000000000000000 ) ) ;
#3747 = CYLINDRICAL_SURFACE ( 'NONE', #3463, 0.6250000000000003300 ) ;
#3748 = ORIENTED_EDGE ( 'NONE', *, *, #491, .T. ) ;
#3749 = EDGE_CURVE ( 'NONE', #5105, #539, #4253, .T. ) ;
#3750 = DIRECTION ( 'NONE',  ( 0.0000000000000000000, 0.0000000000000000000, 1.000000000000000000 ) ) ;
#3751 = DIRECTION ( 'NONE',  ( 1.000000000000000000, 0.0000000000000000000, 0.0000000000000000000 ) ) ;
#3752 = VERTEX_POINT ( 'NONE', #5659 ) ;
#3753 = FACE_OUTER_BOUND ( 'NONE', #2860, .T. ) ;
#3754 = CARTESIAN_POINT ( 'NONE',  ( -1.899707496032132100, 0.5149548100980070300, -3.000000000000000400 ) ) ;
#3755 = CARTESIAN_POINT ( 'NONE',  ( 0.9659276040590797400, 0.2270814064065067300, -3.000000000000000400 ) ) ;
#3756 = DIRECTION ( 'NONE',  ( 1.000000000000000000, 0.0000000000000000000, 0.0000000000000000000 ) ) ;
#3757 = ORIENTED_EDGE ( 'NONE', *, *, #5986, .F. ) ;
#3758 = CARTESIAN_POINT ( 'NONE',  ( -1.682722501530304000, 0.8989591367186302600, -3.000000000000000400 ) ) ;
#3759 = DIRECTION ( 'NONE',  ( 0.0000000000000000000, 0.0000000000000000000, 1.000000000000000000 ) ) ;
#3760 = AXIS2_PLACEMENT_3D ( 'NONE', #4828, #2046, #5285 ) ;
#3761 = EDGE_CURVE ( 'NONE', #4684, #181, #4394, .T. ) ;
#3762 = CARTESIAN_POINT ( 'NONE',  ( 1.090648550291540800, 0.9282072071181698400, -3.000000000000000400 ) ) ;
#3763 = ORIENTED_EDGE ( 'NONE', *, *, #5578, .T. ) ;
#3764 = VERTEX_POINT ( 'NONE', #2898 ) ;
#3765 = CARTESIAN_POINT ( 'NONE',  ( 1.342000000000000100, 0.3750000000000000600, 0.0000000000000000000 ) ) ;
#3766 = AXIS2_PLACEMENT_3D ( 'NONE', #5044, #2261, #5508 ) ;
#3767 = DIRECTION ( 'NONE',  ( 1.000000000000000000, 0.0000000000000000000, -3.725247264087643700E-015 ) ) ;
#3768 = ADVANCED_FACE ( 'NONE', ( #4116 ), #412, .F. ) ;
#3769 = EDGE_CURVE ( 'NONE', #2482, #2211, #1637, .T. ) ;
#3770 = VERTEX_POINT ( 'NONE', #3385 ) ;
#3771 = CARTESIAN_POINT ( 'NONE',  ( 0.6674999999999998700, 0.2000000000000001200, -3.000000000000000400 ) ) ;
#3772 = DIRECTION ( 'NONE',  ( 0.0000000000000000000, 0.0000000000000000000, 1.000000000000000000 ) ) ;
#3773 = CARTESIAN_POINT ( 'NONE',  ( 0.8622790784738749700, 0.3468658260886454100, 0.0000000000000000000 ) ) ;
#3774 = DIRECTION ( 'NONE',  ( 0.0000000000000000000, 0.0000000000000000000, 1.000000000000000000 ) ) ;
#3775 = VERTEX_POINT ( 'NONE', #2445 ) ;
#3776 = CARTESIAN_POINT ( 'NONE',  ( 1.036152527650757000, 0.9780000000000000900, -3.000000000000000400 ) ) ;
#3777 = DIRECTION ( 'NONE',  ( 0.0000000000000000000, 1.000000000000000000, 0.0000000000000000000 ) ) ;
#3778 = CARTESIAN_POINT ( 'NONE',  ( 1.870375731441842100, 0.5757944781074833000, -3.000000000000000400 ) ) ;
#3779 = VERTEX_POINT ( 'NONE', #1532 ) ;
#3780 = CARTESIAN_POINT ( 'NONE',  ( 1.342000000000000100, 0.3750000000000000600, 0.0000000000000000000 ) ) ;
#3781 = DIRECTION ( 'NONE',  ( 0.0000000000000000000, 0.0000000000000000000, 1.000000000000000000 ) ) ;
#3782 = VERTEX_POINT ( 'NONE', #5685 ) ;
#3783 = ORIENTED_EDGE ( 'NONE', *, *, #4041, .T. ) ;
#3784 = ORIENTED_EDGE ( 'NONE', *, *, #2828, .F. ) ;
#3785 = LINE ( 'NONE', #3588, #3631 ) ;
#3786 = CARTESIAN_POINT ( 'NONE',  ( 1.784382819764028100, 0.09443752128386380400, -2.750000000000000000 ) ) ;
#3787 = ORIENTED_EDGE ( 'NONE', *, *, #419, .T. ) ;
#3788 = DIRECTION ( 'NONE',  ( 0.0000000000000000000, 0.0000000000000000000, 1.000000000000000000 ) ) ;
#3789 = DIRECTION ( 'NONE',  ( 1.000000000000000000, 0.0000000000000000000, 0.0000000000000000000 ) ) ;
#3790 = ORIENTED_EDGE ( 'NONE', *, *, #3133, .T. ) ;
#3791 = ORIENTED_EDGE ( 'NONE', *, *, #727, .T. ) ;
#3792 = EDGE_CURVE ( 'NONE', #1126, #3612, #1777, .T. ) ;
#3793 = CARTESIAN_POINT ( 'NONE',  ( -1.521747305393765800, 0.9211830336102360100, -3.000000000000000400 ) ) ;
#3794 = CYLINDRICAL_SURFACE ( 'NONE', #5106, 0.01499999999999997700 ) ;
#3796 = ADVANCED_FACE ( 'NONE', ( #3970 ), #633, .T. ) ;
#3795 = VERTEX_POINT ( 'NONE', #147 ) ;
#3797 = DIRECTION ( 'NONE',  ( 0.0000000000000000000, 0.0000000000000000000, 1.000000000000000000 ) ) ;
#3798 = EDGE_LOOP ( 'NONE', ( #4062, #2555, #3194, #5588 ) ) ;
#3799 = DIRECTION ( 'NONE',  ( -0.0000000000000000000, 1.000000000000000000, -0.0000000000000000000 ) ) ;
#3800 = VERTEX_POINT ( 'NONE', #5707 ) ;
#3801 = VECTOR ( 'NONE', #208, 39.37007874015747400 ) ;
#3802 = CIRCLE ( 'NONE', #5619, 0.02200000000000020300 ) ;
#3803 = AXIS2_PLACEMENT_3D ( 'NONE', #3430, #652, #3905 ) ;
#3804 = ORIENTED_EDGE ( 'NONE', *, *, #3020, .T. ) ;
#3805 = EDGE_CURVE ( 'NONE', #4076, #3247, #2876, .T. ) ;
#3806 = DIRECTION ( 'NONE',  ( -0.0000000000000000000, -0.0000000000000000000, -1.000000000000000000 ) ) ;
#3807 = VERTEX_POINT ( 'NONE', #4787 ) ;
#3808 = VECTOR ( 'NONE', #2814, 39.37007874015748100 ) ;
#3809 = DIRECTION ( 'NONE',  ( -0.0000000000000000000, -0.0000000000000000000, -1.000000000000000000 ) ) ;
#3810 = CYLINDRICAL_SURFACE ( 'NONE', #2157, 0.02500000000000000500 ) ;
#3811 = VERTEX_POINT ( 'NONE', #5257 ) ;
#3812 = AXIS2_PLACEMENT_3D ( 'NONE', #5104, #3248, #2330 ) ;
#3813 = CARTESIAN_POINT ( 'NONE',  ( 0.8076000891761818700, 0.3709360474628064500, -3.000000000000000400 ) ) ;
#3814 = ORIENTED_EDGE ( 'NONE', *, *, #4889, .F. ) ;
#3815 = VECTOR ( 'NONE', #2875, 39.37007874015748900 ) ;
#3816 = EDGE_CURVE ( 'NONE', #1054, #202, #5337, .T. ) ;
#3817 = CARTESIAN_POINT ( 'NONE',  ( 1.500000000000000200, 0.08450665438747084800, 0.0000000000000000000 ) ) ;
#3818 = CARTESIAN_POINT ( 'NONE',  ( -1.938175369272173900, 0.4654650710118934900, -3.000000000000000400 ) ) ;
#3819 = CIRCLE ( 'NONE', #4111, 0.02749999999999991000 ) ;
#3820 = VERTEX_POINT ( 'NONE', #2961 ) ;
#3821 = DIRECTION ( 'NONE',  ( -1.000000000000000000, 0.0000000000000000000, 0.0000000000000000000 ) ) ;
#3822 = FACE_OUTER_BOUND ( 'NONE', #4001, .T. ) ;
#3823 = CARTESIAN_POINT ( 'NONE',  ( 0.8711551671333397400, 0.3148802516829079500, 0.0000000000000000000 ) ) ;
#3824 = DIRECTION ( 'NONE',  ( -0.01724383669930121600, 0.9998513139941797000, -0.0000000000000000000 ) ) ;
#3825 = LINE ( 'NONE', #3069, #2581 ) ;
#3826 = LINE ( 'NONE', #159, #130 ) ;
#3827 = EDGE_CURVE ( 'NONE', #1460, #2477, #2728, .T. ) ;
#3828 = VERTEX_POINT ( 'NONE', #3900 ) ;
#3829 = ORIENTED_EDGE ( 'NONE', *, *, #3717, .T. ) ;
#3830 = VERTEX_POINT ( 'NONE', #1098 ) ;
#3831 = CIRCLE ( 'NONE', #4226, 0.02199999999999965500 ) ;
#3832 = CARTESIAN_POINT ( 'NONE',  ( -1.036152527650757300, 0.9780000000000000900, -3.000000000000000400 ) ) ;
#3833 = LINE ( 'NONE', #294, #2436 ) ;
#3834 = ADVANCED_FACE ( 'NONE', ( #3822 ), #5721, .T. ) ;
#3835 = AXIS2_PLACEMENT_3D ( 'NONE', #3438, #661, #2972 ) ;
#3836 = EDGE_CURVE ( 'NONE', #949, #3208, #126, .T. ) ;
#3837 = DIRECTION ( 'NONE',  ( 0.0000000000000000000, 0.0000000000000000000, 1.000000000000000000 ) ) ;
#3838 = CARTESIAN_POINT ( 'NONE',  ( -0.9252551459287307000, 0.3015528512084663100, -3.000000000000000400 ) ) ;
#3839 = DIRECTION ( 'NONE',  ( -1.000000000000000000, 0.0000000000000000000, 0.0000000000000000000 ) ) ;
#3840 = CARTESIAN_POINT ( 'NONE',  ( -0.3269714672306675600, 0.0000000000000000000, -1.005999999999999800 ) ) ;
#3841 = CARTESIAN_POINT ( 'NONE',  ( 1.610747264760746600, 0.8662992038296187800, -3.000000000000000400 ) ) ;
#3842 = DIRECTION ( 'NONE',  ( 1.000000000000000000, 0.0000000000000000000, 0.0000000000000000000 ) ) ;
#3843 = VERTEX_POINT ( 'NONE', #211 ) ;
#3844 = AXIS2_PLACEMENT_3D ( 'NONE', #2592, #5822, #3049 ) ;
#3845 = EDGE_CURVE ( 'NONE', #717, #1140, #1336, .T. ) ;
#3846 = AXIS2_PLACEMENT_3D ( 'NONE', #531, #3777, #992 ) ;
#3847 = VERTEX_POINT ( 'NONE', #1125 ) ;
#3848 = DIRECTION ( 'NONE',  ( -0.7193398003386714000, 0.6946583704589761600, -0.0000000000000000000 ) ) ;
#3849 = EDGE_CURVE ( 'NONE', #1819, #5133, #4898, .T. ) ;
#3850 = DIRECTION ( 'NONE',  ( -1.000000000000000000, 0.0000000000000000000, 0.0000000000000000000 ) ) ;
#3851 = AXIS2_PLACEMENT_3D ( 'NONE', #1377, #3238, #4642 ) ;
#3852 = CARTESIAN_POINT ( 'NONE',  ( -1.532037729360301600, 0.9017690778885758500, -3.000000000000000400 ) ) ;
#3853 = EDGE_LOOP ( 'NONE', ( #2561, #264, #3569, #2348 ) ) ;
#3854 = DIRECTION ( 'NONE',  ( -0.9993908270190957600, 0.03489949670250191300, 0.0000000000000000000 ) ) ;
#3855 = ADVANCED_FACE ( 'NONE', ( #3670 ), #5295, .T. ) ;
#3856 = CARTESIAN_POINT ( 'NONE',  ( 1.025909773355662100, 0.1103060939528858500, 0.0000000000000000000 ) ) ;
#3857 = ORIENTED_EDGE ( 'NONE', *, *, #4482, .F. ) ;
#3858 = CARTESIAN_POINT ( 'NONE',  ( -0.7468551255333348800, 0.3665075225034114000, -3.000000000000000400 ) ) ;
#3859 = FACE_OUTER_BOUND ( 'NONE', #5415, .T. ) ;
#3860 = ORIENTED_EDGE ( 'NONE', *, *, #2902, .T. ) ;
#3861 = VERTEX_POINT ( 'NONE', #1139 ) ;
#3862 = EDGE_LOOP ( 'NONE', ( #4021, #5832, #2694, #1479 ) ) ;
#3863 = VECTOR ( 'NONE', #3982, 39.37007874015748100 ) ;
#3864 = EDGE_CURVE ( 'NONE', #1283, #5218, #4746, .T. ) ;
#3865 = ORIENTED_EDGE ( 'NONE', *, *, #4914, .T. ) ;
#3866 = ORIENTED_EDGE ( 'NONE', *, *, #2681, .T. ) ;
#3867 = CIRCLE ( 'NONE', #5509, 0.3749999999999999400 ) ;
#3868 = ORIENTED_EDGE ( 'NONE', *, *, #5474, .T. ) ;
#3869 = CARTESIAN_POINT ( 'NONE',  ( 0.9252551459287307000, 0.3015528512084663100, -3.000000000000000400 ) ) ;
#3870 = CYLINDRICAL_SURFACE ( 'NONE', #5726, 0.01000000000000016700 ) ;
#3871 = DIRECTION ( 'NONE',  ( 0.9998513139941798100, 0.01724383669930122000, -0.0000000000000000000 ) ) ;
#3872 = ORIENTED_EDGE ( 'NONE', *, *, #4423, .F. ) ;
#3873 = AXIS2_PLACEMENT_3D ( 'NONE', #3460, #5267, #5778 ) ;
#3874 = DIRECTION ( 'NONE',  ( 1.000000000000000000, 0.0000000000000000000, 0.0000000000000000000 ) ) ;
#3875 = EDGE_CURVE ( 'NONE', #949, #5374, #3521, .T. ) ;
#3876 = DIRECTION ( 'NONE',  ( 0.3859941697651808100, 0.9225012200031439400, -0.0000000000000000000 ) ) ;
#3877 = ORIENTED_EDGE ( 'NONE', *, *, #4460, .T. ) ;
#3878 = FACE_OUTER_BOUND ( 'NONE', #463, .T. ) ;
#3879 = FACE_OUTER_BOUND ( 'NONE', #2750, .T. ) ;
#3880 = DIRECTION ( 'NONE',  ( -0.0000000000000000000, -0.0000000000000000000, -1.000000000000000000 ) ) ;
#3881 = DIRECTION ( 'NONE',  ( 1.000000000000000000, 0.0000000000000000000, 0.0000000000000000000 ) ) ;
#3882 = VERTEX_POINT ( 'NONE', #2995 ) ;
#3883 = ORIENTED_EDGE ( 'NONE', *, *, #2547, .T. ) ;
#3884 = AXIS2_PLACEMENT_3D ( 'NONE', #2065, #5306, #2529 ) ;
#3885 = VECTOR ( 'NONE', #723, 39.37007874015748900 ) ;
#3886 = CIRCLE ( 'NONE', #5391, 0.1099999999999999200 ) ;
#3887 = EDGE_CURVE ( 'NONE', #3212, #3715, #5833, .T. ) ;
#3888 = DIRECTION ( 'NONE',  ( -1.000000000000000000, 0.0000000000000000000, 0.0000000000000000000 ) ) ;
#3889 = ORIENTED_EDGE ( 'NONE', *, *, #4321, .T. ) ;
#3890 = FACE_OUTER_BOUND ( 'NONE', #703, .T. ) ;
#3891 = ADVANCED_FACE ( 'NONE', ( #1193 ), #900, .T. ) ;
#3892 = FACE_OUTER_BOUND ( 'NONE', #244, .T. ) ;
#3893 = LINE ( 'NONE', #4775, #1410 ) ;
#3894 = VERTEX_POINT ( 'NONE', #1641 ) ;
#3895 = AXIS2_PLACEMENT_3D ( 'NONE', #1808, #1362, #3691 ) ;
#3896 = CARTESIAN_POINT ( 'NONE',  ( 0.8076000891761818700, 0.3709360474628064500, -3.000000000000000400 ) ) ;
#3897 = FACE_OUTER_BOUND ( 'NONE', #2543, .T. ) ;
#3898 = CIRCLE ( 'NONE', #4805, 0.02199999999999992900 ) ;
#3899 = CARTESIAN_POINT ( 'NONE',  ( -0.3269714672306675600, 0.0000000000000000000, -1.100999999999999800 ) ) ;
#3900 = CARTESIAN_POINT ( 'NONE',  ( -0.7468551255333348800, 0.3665075225034114000, 0.0000000000000000000 ) ) ;
#3901 = VERTEX_POINT ( 'NONE', #4875 ) ;
#3902 = DIRECTION ( 'NONE',  ( -1.000000000000000000, 0.0000000000000000000, 0.0000000000000000000 ) ) ;
#3903 = DIRECTION ( 'NONE',  ( 1.000000000000000000, 0.0000000000000000000, 0.0000000000000000000 ) ) ;
#3904 = DIRECTION ( 'NONE',  ( -1.000000000000000000, 0.0000000000000000000, 0.0000000000000000000 ) ) ;
#3905 = DIRECTION ( 'NONE',  ( -1.000000000000000000, 0.0000000000000000000, 0.0000000000000000000 ) ) ;
#3906 = DIRECTION ( 'NONE',  ( -0.0000000000000000000, -0.0000000000000000000, -1.000000000000000000 ) ) ;
#3907 = DIRECTION ( 'NONE',  ( 0.0000000000000000000, 1.000000000000000000, 0.0000000000000000000 ) ) ;
#3908 = EDGE_CURVE ( 'NONE', #3386, #3274, #5686, .T. ) ;
#3909 = DIRECTION ( 'NONE',  ( 0.0000000000000000000, 0.0000000000000000000, 1.000000000000000000 ) ) ;
#3910 = CARTESIAN_POINT ( 'NONE',  ( -1.686011553626535000, 0.8646902994986837000, -3.000000000000000400 ) ) ;
#3911 = DIRECTION ( 'NONE',  ( 0.0000000000000000000, 0.0000000000000000000, 1.000000000000000000 ) ) ;
#3912 = ORIENTED_EDGE ( 'NONE', *, *, #3988, .F. ) ;
#3913 = ADVANCED_FACE ( 'NONE', ( #1046 ), #4408, .T. ) ;
#3914 = CARTESIAN_POINT ( 'NONE',  ( -0.3269714672306675600, 0.0000000000000000000, -0.9109999999999999200 ) ) ;
#3915 = AXIS2_PLACEMENT_3D ( 'NONE', #1903, #2832, #4216 ) ;
#3916 = DIRECTION ( 'NONE',  ( 3.717177780994685600E-015, -1.298067084499652200E-016, 1.000000000000000000 ) ) ;
#3917 = EDGE_CURVE ( 'NONE', #5898, #249, #2130, .T. ) ;
#3918 = CARTESIAN_POINT ( 'NONE',  ( -1.153472810143658400, 0.9415961345761261200, -3.000000000000000400 ) ) ;
#3919 = CARTESIAN_POINT ( 'NONE',  ( 1.342000000000000100, 0.3750000000000000600, 0.0000000000000000000 ) ) ;
#3920 = ORIENTED_EDGE ( 'NONE', *, *, #7, .F. ) ;
#3921 = DIRECTION ( 'NONE',  ( 1.000000000000000000, 0.0000000000000000000, 0.0000000000000000000 ) ) ;
#3922 = AXIS2_PLACEMENT_3D ( 'NONE', #2452, #5696, #2931 ) ;
#3923 = CARTESIAN_POINT ( 'NONE',  ( 1.201152527650757300, 0.9999999999999998900, 0.0000000000000000000 ) ) ;
#3924 = ORIENTED_EDGE ( 'NONE', *, *, #5047, .T. ) ;
#3925 = EDGE_CURVE ( 'NONE', #2396, #2121, #5181, .T. ) ;
#3926 = DIRECTION ( 'NONE',  ( 0.0000000000000000000, 0.0000000000000000000, 1.000000000000000000 ) ) ;
#3927 = ORIENTED_EDGE ( 'NONE', *, *, #2475, .T. ) ;
#3928 = ORIENTED_EDGE ( 'NONE', *, *, #4488, .F. ) ;
#3929 = EDGE_LOOP ( 'NONE', ( #1475, #2165 ) ) ;
#3930 = CARTESIAN_POINT ( 'NONE',  ( 1.537128025682452700, 0.9158789639034484700, -3.000000000000000400 ) ) ;
#3931 = EDGE_CURVE ( 'NONE', #1546, #1323, #3374, .T. ) ;
#3932 = CARTESIAN_POINT ( 'NONE',  ( 0.7924999999999999800, 0.9719999999999998600, -3.000000000000000400 ) ) ;
#3933 = LINE ( 'NONE', #3084, #5144 ) ;
#3934 = EDGE_LOOP ( 'NONE', ( #1453, #5179, #578, #1241 ) ) ;
#3935 = CARTESIAN_POINT ( 'NONE',  ( 0.7704999999999998500, 0.9500000000000000700, -3.000000000000000400 ) ) ;
#3936 = EDGE_LOOP ( 'NONE', ( #1099, #4221, #1823, #2375 ) ) ;
#3937 = VERTEX_POINT ( 'NONE', #4424 ) ;
#3938 = CYLINDRICAL_SURFACE ( 'NONE', #1697, 0.02199999999999992900 ) ;
#3939 = CARTESIAN_POINT ( 'NONE',  ( -1.033134772369058700, 0.1607401157748910000, -3.000000000000000400 ) ) ;
#3940 = DIRECTION ( 'NONE',  ( -1.000000000000000000, 0.0000000000000000000, 0.0000000000000000000 ) ) ;
#3941 = ORIENTED_EDGE ( 'NONE', *, *, #5504, .T. ) ;
#3942 = DIRECTION ( 'NONE',  ( -1.000000000000000000, -0.0000000000000000000, -0.0000000000000000000 ) ) ;
#3943 = ORIENTED_EDGE ( 'NONE', *, *, #1070, .F. ) ;
#3944 = AXIS2_PLACEMENT_3D ( 'NONE', #1237, #4483, #1714 ) ;
#3945 = EDGE_LOOP ( 'NONE', ( #4812, #3495, #1038, #1507 ) ) ;
#3946 = EDGE_CURVE ( 'NONE', #797, #1702, #4459, .T. ) ;
#3947 = VECTOR ( 'NONE', #5272, 39.37007874015748100 ) ;
#3948 = CARTESIAN_POINT ( 'NONE',  ( -0.9252551459287307000, 0.3015528512084663100, -3.000000000000000400 ) ) ;
#3949 = VECTOR ( 'NONE', #4904, 39.37007874015748100 ) ;
#3950 = ADVANCED_FACE ( 'NONE', ( #761 ), #5382, .F. ) ;
#3951 = ORIENTED_EDGE ( 'NONE', *, *, #3749, .T. ) ;
#3952 = EDGE_LOOP ( 'NONE', ( #2086, #2189, #4078, #5228 ) ) ;
#3953 = DIRECTION ( 'NONE',  ( -0.7231928259747971700, -0.6906461731296182900, -0.0000000000000000000 ) ) ;
#3954 = LINE ( 'NONE', #2341, #3808 ) ;
#3955 = FACE_OUTER_BOUND ( 'NONE', #3984, .T. ) ;
#3956 = AXIS2_PLACEMENT_3D ( 'NONE', #3118, #354, #3583 ) ;
#3957 = EDGE_LOOP ( 'NONE', ( #5005, #5189, #4409, #3724 ) ) ;
#3958 = EDGE_CURVE ( 'NONE', #1769, #5656, #4316, .T. ) ;
#3959 = ORIENTED_EDGE ( 'NONE', *, *, #3109, .F. ) ;
#3960 = ORIENTED_EDGE ( 'NONE', *, *, #1250, .F. ) ;
#3961 = LINE ( 'NONE', #1488, #3815 ) ;
#3962 = CARTESIAN_POINT ( 'NONE',  ( 1.166944670024671100, 0.9499999999999999600, -3.000000000000000400 ) ) ;
#3963 = CARTESIAN_POINT ( 'NONE',  ( -0.7924999999999999800, 0.9780000000000000900, 0.0000000000000000000 ) ) ;
#3964 = CYLINDRICAL_SURFACE ( 'NONE', #1924, 0.02500000000000000500 ) ;
#3965 = CARTESIAN_POINT ( 'NONE',  ( 1.201152527650757300, 0.9780000000000000900, -3.000000000000000400 ) ) ;
#3966 = VECTOR ( 'NONE', #2531, 39.37007874015748100 ) ;
#3967 = CARTESIAN_POINT ( 'NONE',  ( -0.7704999999999998500, 0.9719999999999998600, 0.0000000000000000000 ) ) ;
#3968 = ORIENTED_EDGE ( 'NONE', *, *, #2813, .T. ) ;
#3969 = AXIS2_PLACEMENT_3D ( 'NONE', #3001, #231, #3467 ) ;
#3970 = FACE_OUTER_BOUND ( 'NONE', #4867, .T. ) ;
#3971 = EDGE_CURVE ( 'NONE', #1375, #1282, #5545, .T. ) ;
#3972 = DIRECTION ( 'NONE',  ( -0.6946583704589979200, 0.7193398003386505300, 0.0000000000000000000 ) ) ;
#3973 = LINE ( 'NONE', #3043, #2729 ) ;
#3974 = FACE_OUTER_BOUND ( 'NONE', #5191, .T. ) ;
#3975 = ORIENTED_EDGE ( 'NONE', *, *, #2225, .T. ) ;
#3976 = ORIENTED_EDGE ( 'NONE', *, *, #2424, .T. ) ;
#3977 = EDGE_LOOP ( 'NONE', ( #1458, #2566, #917, #4645 ) ) ;
#3978 = FACE_OUTER_BOUND ( 'NONE', #2186, .T. ) ;
#3979 = DIRECTION ( 'NONE',  ( 1.000000000000000000, 0.0000000000000000000, 5.781186953351301300E-015 ) ) ;
#3980 = AXIS2_PLACEMENT_3D ( 'NONE', #671, #3916, #1127 ) ;
#3981 = DIRECTION ( 'NONE',  ( -1.000000000000000000, 0.0000000000000000000, 0.0000000000000000000 ) ) ;
#3982 = DIRECTION ( 'NONE',  ( -1.000000000000000000, -0.0000000000000000000, -0.0000000000000000000 ) ) ;
#3983 = ADVANCED_FACE ( 'NONE', ( #3086 ), #2945, .F. ) ;
#3984 = EDGE_LOOP ( 'NONE', ( #1696, #4931, #2489, #3541 ) ) ;
#3985 = DIRECTION ( 'NONE',  ( -0.0000000000000000000, -0.0000000000000000000, -1.000000000000000000 ) ) ;
#3986 = DIRECTION ( 'NONE',  ( 0.0000000000000000000, 0.0000000000000000000, 1.000000000000000000 ) ) ;
#3987 = DIRECTION ( 'NONE',  ( -0.0000000000000000000, 0.0000000000000000000, -1.000000000000000000 ) ) ;
#3988 = EDGE_CURVE ( 'NONE', #5133, #2097, #4185, .T. ) ;
#3989 = CARTESIAN_POINT ( 'NONE',  ( 1.036152527650757300, 0.9719999999999998600, 0.0000000000000000000 ) ) ;
#3990 = DIRECTION ( 'NONE',  ( 0.03489949670250190600, 0.9993908270190956500, -0.0000000000000000000 ) ) ;
#3991 = AXIS2_PLACEMENT_3D ( 'NONE', #927, #4198, #1394 ) ;
#3992 = EDGE_CURVE ( 'NONE', #5225, #1642, #623, .T. ) ;
#3993 = DIRECTION ( 'NONE',  ( -0.0000000000000000000, -0.0000000000000000000, -1.000000000000000000 ) ) ;
#3994 = VERTEX_POINT ( 'NONE', #2650 ) ;
#3995 = DIRECTION ( 'NONE',  ( -0.0000000000000000000, -0.0000000000000000000, -1.000000000000000000 ) ) ;
#3996 = AXIS2_PLACEMENT_3D ( 'NONE', #5328, #2542, #5785 ) ;
#3997 = CARTESIAN_POINT ( 'NONE',  ( -0.6894999999999998900, 0.9999999999999998900, -3.000000000000000400 ) ) ;
#3998 = UNCERTAINTY_MEASURE_WITH_UNIT (LENGTH_MEASURE( 1.000000000000000100E-005 ), #200, 'distance_accuracy_value', 'NONE');
#3999 = EDGE_CURVE ( 'NONE', #2324, #5722, #5404, .T. ) ;
#4000 = PLANE ( 'NONE',  #1508 ) ;
#4001 = EDGE_LOOP ( 'NONE', ( #3371, #3619, #5454, #4398 ) ) ;
#4002 = DIRECTION ( 'NONE',  ( 0.0000000000000000000, 0.0000000000000000000, 1.000000000000000000 ) ) ;
#4003 = VERTEX_POINT ( 'NONE', #794 ) ;
#4004 = DIRECTION ( 'NONE',  ( 0.0000000000000000000, 0.0000000000000000000, 1.000000000000000000 ) ) ;
#4005 = CIRCLE ( 'NONE', #4836, 0.02500000000000000500 ) ;
#4006 = CARTESIAN_POINT ( 'NONE',  ( 1.910712599336746900, 0.4597996424263721700, -3.000000000000000400 ) ) ;
#4007 = ADVANCED_FACE ( 'NONE', ( #1849 ), #1561, .F. ) ;
#4008 = ORIENTED_EDGE ( 'NONE', *, *, #2307, .T. ) ;
#4009 = EDGE_LOOP ( 'NONE', ( #3097, #1451 ) ) ;
#4010 = CIRCLE ( 'NONE', #3054, 0.01299999999999997000 ) ;
#4011 = ORIENTED_EDGE ( 'NONE', *, *, #2895, .T. ) ;
#4012 = VERTEX_POINT ( 'NONE', #2671 ) ;
#4013 = VECTOR ( 'NONE', #16, 39.37007874015748100 ) ;
#4014 = EDGE_CURVE ( 'NONE', #5431, #2473, #1703, .T. ) ;
#4015 = CARTESIAN_POINT ( 'NONE',  ( 0.1406498627725982800, 0.0000000000000000000, -1.212961540613206800 ) ) ;
#4016 = VERTEX_POINT ( 'NONE', #2195 ) ;
#4017 = CIRCLE ( 'NONE', #955, 0.1099999999999997800 ) ;
#4018 = DIRECTION ( 'NONE',  ( 0.4397423050750786700, 0.8981239920674964900, 0.0000000000000000000 ) ) ;
#4019 = DIRECTION ( 'NONE',  ( -0.0000000000000000000, -0.0000000000000000000, -1.000000000000000000 ) ) ;
#4020 = CARTESIAN_POINT ( 'NONE',  ( -1.166944670024670800, 0.9350000000000000500, -3.000000000000000400 ) ) ;
#4021 = ORIENTED_EDGE ( 'NONE', *, *, #4414, .F. ) ;
#4022 = DIRECTION ( 'NONE',  ( 0.0000000000000000000, 0.0000000000000000000, 1.000000000000000000 ) ) ;
#4023 = VERTEX_POINT ( 'NONE', #5442 ) ;
#4024 = VECTOR ( 'NONE', #1363, 39.37007874015748900 ) ;
#4025 = CIRCLE ( 'NONE', #1972, 0.02200000000000047400 ) ;
#4026 = CARTESIAN_POINT ( 'NONE',  ( 0.7468551255333348800, 0.3665075225034114500, 0.0000000000000000000 ) ) ;
#4027 = ORIENTED_EDGE ( 'NONE', *, *, #5205, .T. ) ;
#4028 = CARTESIAN_POINT ( 'NONE',  ( -1.058152527650757100, 0.9719999999999998600, 0.0000000000000000000 ) ) ;
#4029 = AXIS2_PLACEMENT_3D ( 'NONE', #844, #4103, #1303 ) ;
#4030 = EDGE_CURVE ( 'NONE', #5318, #2342, #339, .T. ) ;
#4031 = CARTESIAN_POINT ( 'NONE',  ( 0.7704999999999998500, 0.9499999999999999600, -3.000000000000000400 ) ) ;
#4032 = VECTOR ( 'NONE', #2548, 39.37007874015748100 ) ;
#4033 = FACE_OUTER_BOUND ( 'NONE', #2732, .T. ) ;
#4034 = ORIENTED_EDGE ( 'NONE', *, *, #3173, .F. ) ;
#4035 = CARTESIAN_POINT ( 'NONE',  ( 0.0000000000000000000, 0.0000000000000000000, 0.0000000000000000000 ) ) ;
#4036 = ORIENTED_EDGE ( 'NONE', *, *, #4041, .F. ) ;
#4037 = LINE ( 'NONE', #4526, #2794 ) ;
#4038 = AXIS2_PLACEMENT_3D ( 'NONE', #3384, #607, #3850 ) ;
#4039 = LINE ( 'NONE', #5534, #5102 ) ;
#4040 = CIRCLE ( 'NONE', #3922, 0.01499999999999997700 ) ;
#4041 = EDGE_CURVE ( 'NONE', #1876, #3247, #4037, .T. ) ;
#4042 = ORIENTED_EDGE ( 'NONE', *, *, #227, .F. ) ;
#4043 = CARTESIAN_POINT ( 'NONE',  ( 1.938175369272173900, 0.4654650710118934900, 0.0000000000000000000 ) ) ;
#4044 = ADVANCED_FACE ( 'NONE', ( #3890 ), #5929, .F. ) ;
#4045 = DIRECTION ( 'NONE',  ( 0.0000000000000000000, 0.0000000000000000000, 1.000000000000000000 ) ) ;
#4046 = CIRCLE ( 'NONE', #4446, 0.01499999999999997700 ) ;
#4047 = CARTESIAN_POINT ( 'NONE',  ( 1.033134772369058700, 0.1607401157748909200, -3.000000000000000400 ) ) ;
#4048 = CIRCLE ( 'NONE', #5117, 0.02500000000000014400 ) ;
#4049 = EDGE_LOOP ( 'NONE', ( #2, #2383, #2781, #943 ) ) ;
#4050 = CARTESIAN_POINT ( 'NONE',  ( 1.784382819764028300, 0.09443752128386387300, -0.3056497115745559500 ) ) ;
#4051 = CARTESIAN_POINT ( 'NONE',  ( 0.7704999999999998500, 0.9500000000000000700, 0.0000000000000000000 ) ) ;
#4052 = ADVANCED_FACE ( 'NONE', ( #2647 ), #3739, .F. ) ;
#4053 = DIRECTION ( 'NONE',  ( 0.9184636561142374100, -0.3955053885818343700, -0.0000000000000000000 ) ) ;
#4054 = EDGE_CURVE ( 'NONE', #5451, #1803, #189, .T. ) ;
#4055 = SURFACE_SIDE_STYLE ('',( #2478 ) ) ;
#4056 = CARTESIAN_POINT ( 'NONE',  ( 1.033134772369058700, 0.1607401157748909200, 0.0000000000000000000 ) ) ;
#4057 = DIRECTION ( 'NONE',  ( 0.0000000000000000000, 0.0000000000000000000, 1.000000000000000000 ) ) ;
#4058 = DIRECTION ( 'NONE',  ( -1.000000000000000000, 0.0000000000000000000, 0.0000000000000000000 ) ) ;
#4059 = DIRECTION ( 'NONE',  ( 0.3955053885818343700, -0.9184636561142375300, 0.0000000000000000000 ) ) ;
#4060 = CARTESIAN_POINT ( 'NONE',  ( 1.875799255049397200, 0.5887366494280018600, 0.0000000000000000000 ) ) ;
#4061 = EDGE_CURVE ( 'NONE', #279, #1398, #4961, .T. ) ;
#4062 = ORIENTED_EDGE ( 'NONE', *, *, #4358, .T. ) ;
#4063 = DIRECTION ( 'NONE',  ( 0.0000000000000000000, 0.0000000000000000000, 1.000000000000000000 ) ) ;
#4064 = DIRECTION ( 'NONE',  ( 0.0000000000000000000, 0.0000000000000000000, 1.000000000000000000 ) ) ;
#4065 = CARTESIAN_POINT ( 'NONE',  ( -0.6674999999999998700, 0.9780000000000000900, -3.000000000000000400 ) ) ;
#4066 = DIRECTION ( 'NONE',  ( 0.0000000000000000000, 0.0000000000000000000, 1.000000000000000000 ) ) ;
#4067 = VERTEX_POINT ( 'NONE', #5942 ) ;
#4068 = AXIS2_PLACEMENT_3D ( 'NONE', #1954, #124, #3347 ) ;
#4069 = EDGE_CURVE ( 'NONE', #5817, #4204, #1406, .T. ) ;
#4070 = ORIENTED_EDGE ( 'NONE', *, *, #5274, .T. ) ;
#4071 = CARTESIAN_POINT ( 'NONE',  ( 0.9683585055943934000, 0.2601086883240222900, 0.0000000000000000000 ) ) ;
#4072 = ADVANCED_FACE ( 'NONE', ( #1263 ), #2350, .F. ) ;
#4073 = DIRECTION ( 'NONE',  ( 0.0000000000000000000, 0.0000000000000000000, 1.000000000000000000 ) ) ;
#4074 = AXIS2_PLACEMENT_3D ( 'NONE', #2510, #670, #3903 ) ;
#4075 = CARTESIAN_POINT ( 'NONE',  ( -0.6560000000000021400, 6.964980646040780900E-017, -2.654999999999991800 ) ) ;
#4076 = VERTEX_POINT ( 'NONE', #2736 ) ;
#4077 = EDGE_CURVE ( 'NONE', #5626, #132, #2496, .T. ) ;
#4078 = ORIENTED_EDGE ( 'NONE', *, *, #3908, .F. ) ;
#4079 = CARTESIAN_POINT ( 'NONE',  ( -1.533496336219558800, 0.9467850585792581000, -3.000000000000000400 ) ) ;
#4080 = ORIENTED_EDGE ( 'NONE', *, *, #3630, .T. ) ;
#4081 = LINE ( 'NONE', #4432, #3565 ) ;
#4082 = DIRECTION ( 'NONE',  ( 0.0000000000000000000, 0.0000000000000000000, 1.000000000000000000 ) ) ;
#4083 = VERTEX_POINT ( 'NONE', #5502 ) ;
#4084 = DIRECTION ( 'NONE',  ( -0.0000000000000000000, -0.0000000000000000000, -1.000000000000000000 ) ) ;
#4085 = ORIENTED_EDGE ( 'NONE', *, *, #1464, .F. ) ;
#4086 = CARTESIAN_POINT ( 'NONE',  ( 2.035000000000000100, 0.07567250359733875000, -3.000000000000000400 ) ) ;
#4087 = DIRECTION ( 'NONE',  ( 0.7193398003386345400, 0.6946583704590143500, 0.0000000000000000000 ) ) ;
#4088 = ORIENTED_EDGE ( 'NONE', *, *, #2456, .T. ) ;
#4089 = AXIS2_PLACEMENT_3D ( 'NONE', #3162, #385, #3620 ) ;
#4090 = CARTESIAN_POINT ( 'NONE',  ( 0.6560000000000000300, 0.0000000000000000000, -3.000000000000000400 ) ) ;
#4091 = VECTOR ( 'NONE', #85, 39.37007874015748100 ) ;
#4092 = ORIENTED_EDGE ( 'NONE', *, *, #4874, .F. ) ;
#4093 = ORIENTED_EDGE ( 'NONE', *, *, #5351, .F. ) ;
#4094 = VERTEX_POINT ( 'NONE', #3664 ) ;
#4095 = LINE ( 'NONE', #3397, #1615 ) ;
#4096 = CIRCLE ( 'NONE', #4380, 0.02500000000000000500 ) ;
#4097 = DIRECTION ( 'NONE',  ( 0.0000000000000000000, 0.0000000000000000000, 1.000000000000000000 ) ) ;
#4098 = VERTEX_POINT ( 'NONE', #1807 ) ;
#4099 = ORIENTED_EDGE ( 'NONE', *, *, #2506, .F. ) ;
#4100 = VECTOR ( 'NONE', #3672, 39.37007874015748100 ) ;
#4101 = DIRECTION ( 'NONE',  ( 0.0000000000000000000, -0.0000000000000000000, 1.000000000000000000 ) ) ;
#4102 = LINE ( 'NONE', #5938, #3154 ) ;
#4103 = DIRECTION ( 'NONE',  ( 0.0000000000000000000, 0.0000000000000000000, 1.000000000000000000 ) ) ;
#4104 = ORIENTED_EDGE ( 'NONE', *, *, #1272, .F. ) ;
#4105 = LINE ( 'NONE', #5620, #1770 ) ;
#4106 = CARTESIAN_POINT ( 'NONE',  ( 1.532037729360301600, 0.9017690778885758500, 0.0000000000000000000 ) ) ;
#4107 = FACE_OUTER_BOUND ( 'NONE', #3083, .T. ) ;
#4108 = VECTOR ( 'NONE', #219, 39.37007874015748100 ) ;
#4109 = DIRECTION ( 'NONE',  ( -0.0000000000000000000, -0.0000000000000000000, -1.000000000000000000 ) ) ;
#4110 = ADVANCED_FACE ( 'NONE', ( #4813 ), #4671, .T. ) ;
#4111 = AXIS2_PLACEMENT_3D ( 'NONE', #5203, #2430, #5666 ) ;
#4112 = ORIENTED_EDGE ( 'NONE', *, *, #1414, .F. ) ;
#4113 = VERTEX_POINT ( 'NONE', #5990 ) ;
#4114 = EDGE_CURVE ( 'NONE', #5949, #2537, #1114, .T. ) ;
#4115 = DIRECTION ( 'NONE',  ( 1.000000000000000000, 1.862623632043821900E-015, -3.725247264087643700E-015 ) ) ;
#4116 = FACE_OUTER_BOUND ( 'NONE', #262, .T. ) ;
#4117 = LINE ( 'NONE', #1630, #2877 ) ;
#4118 = LINE ( 'NONE', #4766, #4900 ) ;
#4119 = ORIENTED_EDGE ( 'NONE', *, *, #1206, .F. ) ;
#4120 = ORIENTED_EDGE ( 'NONE', *, *, #3124, .F. ) ;
#4121 = AXIS2_PLACEMENT_3D ( 'NONE', #1597, #4840, #2064 ) ;
#4122 = CARTESIAN_POINT ( 'NONE',  ( -0.9683585055943934000, 0.2601086883240222900, -3.000000000000000400 ) ) ;
#4123 = EDGE_CURVE ( 'NONE', #1642, #202, #5906, .T. ) ;
#4124 = VECTOR ( 'NONE', #2526, 39.37007874015748100 ) ;
#4125 = CARTESIAN_POINT ( 'NONE',  ( -0.9709462570949567400, 0.2203301365112392000, -3.000000000000000400 ) ) ;
#4126 = CARTESIAN_POINT ( 'NONE',  ( 1.879226024002566200, 0.5250807698936855700, -3.000000000000000400 ) ) ;
#4127 = DIRECTION ( 'NONE',  ( 1.000000000000000000, 0.0000000000000000000, 0.0000000000000000000 ) ) ;
#4128 = AXIS2_PLACEMENT_3D ( 'NONE', #3765, #976, #4229 ) ;
#4129 = DIRECTION ( 'NONE',  ( -0.0000000000000000000, -0.0000000000000000000, -1.000000000000000000 ) ) ;
#4130 = CARTESIAN_POINT ( 'NONE',  ( -0.6674999999999998700, 0.2000000000000001200, -3.000000000000000400 ) ) ;
#4131 = DIRECTION ( 'NONE',  ( 0.0000000000000000000, 0.0000000000000000000, 1.000000000000000000 ) ) ;
#4132 = ORIENTED_EDGE ( 'NONE', *, *, #4407, .T. ) ;
#4133 = CARTESIAN_POINT ( 'NONE',  ( -2.034040263840681400, 0.1031557513403639100, -0.1550000000000009400 ) ) ;
#4134 = EDGE_CURVE ( 'NONE', #5577, #1876, #4616, .T. ) ;
#4135 = VERTEX_POINT ( 'NONE', #4606 ) ;
#4136 = ADVANCED_FACE ( 'NONE', ( #5757 ), #4181, .T. ) ;
#4137 = CARTESIAN_POINT ( 'NONE',  ( -1.670729069476437000, 0.8805157751061342100, 0.0000000000000000000 ) ) ;
#4138 = EDGE_LOOP ( 'NONE', ( #4173, #1233, #2405, #4269 ) ) ;
#4139 = CARTESIAN_POINT ( 'NONE',  ( -1.043022407083604700, 0.1377785243720350000, 0.0000000000000000000 ) ) ;
#4140 = DIRECTION ( 'NONE',  ( 7.143115749499792000E-015, -1.000000000000000000, 0.0000000000000000000 ) ) ;
#4141 = DIRECTION ( 'NONE',  ( 1.000000000000000000, 0.0000000000000000000, 0.0000000000000000000 ) ) ;
#4142 = AXIS2_PLACEMENT_3D ( 'NONE', #4767, #2002, #5234 ) ;
#4143 = CARTESIAN_POINT ( 'NONE',  ( 1.784382819764028100, 0.09443752128386380400, -2.750000000000000000 ) ) ;
#4144 = EDGE_CURVE ( 'NONE', #2121, #1383, #4521, .T. ) ;
#4145 = CARTESIAN_POINT ( 'NONE',  ( -0.2179210407162855700, 0.1870000000000000000, -1.450294444297389700 ) ) ;
#4146 = CARTESIAN_POINT ( 'NONE',  ( 1.201152527650757300, 0.9500000000000000700, -3.000000000000000400 ) ) ;
#4147 = DIRECTION ( 'NONE',  ( -0.9998362138635782400, -0.01809821667858757500, -0.0000000000000000000 ) ) ;
#4148 = DIRECTION ( 'NONE',  ( 0.0000000000000000000, 0.0000000000000000000, 1.000000000000000000 ) ) ;
#4149 = VERTEX_POINT ( 'NONE', #2311 ) ;
#4150 = VERTEX_POINT ( 'NONE', #3252 ) ;
#4151 = EDGE_CURVE ( 'NONE', #4251, #4323, #3590, .T. ) ;
#4152 = LINE ( 'NONE', #2317, #5370 ) ;
#4153 = VERTEX_POINT ( 'NONE', #484 ) ;
#4154 = ORIENTED_EDGE ( 'NONE', *, *, #2663, .F. ) ;
#4155 = VERTEX_POINT ( 'NONE', #3723 ) ;
#4156 = FACE_OUTER_BOUND ( 'NONE', #3722, .T. ) ;
#4157 = AXIS2_PLACEMENT_3D ( 'NONE', #4592, #5531, #2288 ) ;
#4158 = DIRECTION ( 'NONE',  ( -1.000000000000000000, 0.0000000000000000000, 0.0000000000000000000 ) ) ;
#4159 = VERTEX_POINT ( 'NONE', #4644 ) ;
#4160 = EDGE_CURVE ( 'NONE', #3085, #1689, #4388, .T. ) ;
#4161 = DIRECTION ( 'NONE',  ( 0.03489949670250170500, -0.9993908270190957600, 0.0000000000000000000 ) ) ;
#4162 = ORIENTED_EDGE ( 'NONE', *, *, #1608, .T. ) ;
#4163 = VECTOR ( 'NONE', #483, 39.37007874015748100 ) ;
#4164 = ORIENTED_EDGE ( 'NONE', *, *, #4831, .F. ) ;
#4165 = DIRECTION ( 'NONE',  ( 0.0000000000000000000, 0.0000000000000000000, 1.000000000000000000 ) ) ;
#4166 = DIRECTION ( 'NONE',  ( 1.000000000000000000, 0.0000000000000000000, 0.0000000000000000000 ) ) ;
#4167 = VECTOR ( 'NONE', #831, 39.37007874015748100 ) ;
#4168 = DIRECTION ( 'NONE',  ( 1.000000000000000000, 0.0000000000000000000, 0.0000000000000000000 ) ) ;
#4169 = DIRECTION ( 'NONE',  ( 1.000000000000000000, 3.993012400140800000E-015, 0.0000000000000000000 ) ) ;
#4170 = VERTEX_POINT ( 'NONE', #2811 ) ;
#4171 = AXIS2_PLACEMENT_3D ( 'NONE', #408, #3176, #5940 ) ;
#4172 = CARTESIAN_POINT ( 'NONE',  ( -0.6560000000000000300, 0.0000000000000000000, -3.000000000000000400 ) ) ;
#4173 = ORIENTED_EDGE ( 'NONE', *, *, #1272, .T. ) ;
#4174 = VECTOR ( 'NONE', #1810, 39.37007874015748100 ) ;
#4175 = VECTOR ( 'NONE', #573, 39.37007874015748100 ) ;
#4176 = ORIENTED_EDGE ( 'NONE', *, *, #931, .T. ) ;
#4177 = VERTEX_POINT ( 'NONE', #1873 ) ;
#4178 = VECTOR ( 'NONE', #5302, 39.37007874015748100 ) ;
#4179 = CIRCLE ( 'NONE', #390, 0.01499999999999997700 ) ;
#4180 = DIRECTION ( 'NONE',  ( 0.0000000000000000000, 0.0000000000000000000, 1.000000000000000000 ) ) ;
#4181 = PLANE ( 'NONE',  #3131 ) ;
#4182 = ORIENTED_EDGE ( 'NONE', *, *, #1690, .T. ) ;
#4183 = EDGE_CURVE ( 'NONE', #5105, #5817, #3295, .T. ) ;
#4184 = VERTEX_POINT ( 'NONE', #5083 ) ;
#4185 = CIRCLE ( 'NONE', #4553, 0.02500000000000000500 ) ;
#4186 = CARTESIAN_POINT ( 'NONE',  ( -0.9858227776630184000, 0.2422201668336072000, -3.000000000000000400 ) ) ;
#4187 = DIRECTION ( 'NONE',  ( -1.000000000000000000, 0.0000000000000000000, 0.0000000000000000000 ) ) ;
#4188 = CIRCLE ( 'NONE', #3044, 0.02500000000000000500 ) ;
#4189 = CIRCLE ( 'NONE', #2440, 0.01499999999999997700 ) ;
#4190 = CARTESIAN_POINT ( 'NONE',  ( -1.528624593600135900, 0.9420804714179321600, 0.0000000000000000000 ) ) ;
#4191 = ORIENTED_EDGE ( 'NONE', *, *, #5794, .T. ) ;
#4192 = DIRECTION ( 'NONE',  ( 1.000000000000000000, 0.0000000000000000000, 0.0000000000000000000 ) ) ;
#4193 = VECTOR ( 'NONE', #2974, 39.37007874015748100 ) ;
#4194 = CARTESIAN_POINT ( 'NONE',  ( 1.342000000000000100, 0.3750000000000000600, 0.0000000000000000000 ) ) ;
#4195 = CARTESIAN_POINT ( 'NONE',  ( 0.9683585055943934000, 0.2601086883240222900, 0.0000000000000000000 ) ) ;
#4196 = FACE_OUTER_BOUND ( 'NONE', #5960, .T. ) ;
#4197 = EDGE_CURVE ( 'NONE', #5478, #4023, #5615, .T. ) ;
#4198 = DIRECTION ( 'NONE',  ( -0.03489949670250171200, -0.9993908270190958700, 0.0000000000000000000 ) ) ;
#4199 = ORIENTED_EDGE ( 'NONE', *, *, #2200, .T. ) ;
#4200 = AXIS2_PLACEMENT_3D ( 'NONE', #5952, #3183, #422 ) ;
#4201 = EDGE_CURVE ( 'NONE', #2957, #1748, #691, .T. ) ;
#4202 = DIRECTION ( 'NONE',  ( 1.000000000000000000, 0.0000000000000000000, 0.0000000000000000000 ) ) ;
#4203 = DIRECTION ( 'NONE',  ( -1.000000000000000000, 0.0000000000000000000, 0.0000000000000000000 ) ) ;
#4204 = VERTEX_POINT ( 'NONE', #3266 ) ;
#4205 = AXIS2_PLACEMENT_3D ( 'NONE', #3120, #3142, #366 ) ;
#4206 = CARTESIAN_POINT ( 'NONE',  ( 0.3298335452906798200, 0.1870000000000000000, -1.903324128259931600 ) ) ;
#4207 = DIRECTION ( 'NONE',  ( 0.9993908270190957600, -0.03489949670250189900, 2.711583207608975600E-015 ) ) ;
#4208 = DIRECTION ( 'NONE',  ( -0.0000000000000000000, -0.0000000000000000000, -1.000000000000000000 ) ) ;
#4209 = CARTESIAN_POINT ( 'NONE',  ( 1.879226024002566200, 0.5250807698936855700, -3.000000000000000400 ) ) ;
#4210 = VERTEX_POINT ( 'NONE', #2810 ) ;
#4211 = ORIENTED_EDGE ( 'NONE', *, *, #4069, .T. ) ;
#4212 = CARTESIAN_POINT ( 'NONE',  ( -1.518213852069460800, 0.9626105341867083900, -3.000000000000000400 ) ) ;
#4213 = ORIENTED_EDGE ( 'NONE', *, *, #1317, .T. ) ;
#4214 = DIRECTION ( 'NONE',  ( 1.000000000000000000, 0.0000000000000000000, 0.0000000000000000000 ) ) ;
#4215 = AXIS2_PLACEMENT_3D ( 'NONE', #413, #3643, #855 ) ;
#4216 = DIRECTION ( 'NONE',  ( 1.000000000000000000, 0.0000000000000000000, 0.0000000000000000000 ) ) ;
#4217 = EDGE_CURVE ( 'NONE', #2463, #4447, #1921, .T. ) ;
#4218 = DIRECTION ( 'NONE',  ( 0.6906461731296182900, 0.7231928259747971700, -0.0000000000000000000 ) ) ;
#4219 = ORIENTED_EDGE ( 'NONE', *, *, #4595, .T. ) ;
#4220 = DIRECTION ( 'NONE',  ( 0.0000000000000000000, 0.0000000000000000000, 1.000000000000000000 ) ) ;
#4221 = ORIENTED_EDGE ( 'NONE', *, *, #2681, .F. ) ;
#4222 = ORIENTED_EDGE ( 'NONE', *, *, #1229, .T. ) ;
#4223 = CARTESIAN_POINT ( 'NONE',  ( 1.766076354216849200, -0.4297910628401153100, -0.2499999999999999700 ) ) ;
#4224 = FACE_OUTER_BOUND ( 'NONE', #3853, .T. ) ;
#4225 = EDGE_LOOP ( 'NONE', ( #3048, #758, #225, #2844 ) ) ;
#4226 = AXIS2_PLACEMENT_3D ( 'NONE', #2885, #108, #3332 ) ;
#4227 = VERTEX_POINT ( 'NONE', #5574 ) ;
#4228 = EDGE_CURVE ( 'NONE', #2325, #1668, #2059, .T. ) ;
#4229 = DIRECTION ( 'NONE',  ( -1.000000000000000000, 0.0000000000000000000, 0.0000000000000000000 ) ) ;
#4230 = ORIENTED_EDGE ( 'NONE', *, *, #3405, .T. ) ;
#4231 = VECTOR ( 'NONE', #4244, 39.37007874015748100 ) ;
#4232 = CARTESIAN_POINT ( 'NONE',  ( 1.861018482783663300, -0.4331065150268529900, -0.2499999999999999700 ) ) ;
#4233 = CARTESIAN_POINT ( 'NONE',  ( 1.670729069476437000, 0.8805157751061342100, -3.000000000000000400 ) ) ;
#4234 = VERTEX_POINT ( 'NONE', #1425 ) ;
#4235 = VERTEX_POINT ( 'NONE', #1401 ) ;
#4236 = AXIS2_PLACEMENT_3D ( 'NONE', #828, #4084, #1289 ) ;
#4237 = FACE_OUTER_BOUND ( 'NONE', #803, .T. ) ;
#4238 = FACE_OUTER_BOUND ( 'NONE', #4755, .T. ) ;
#4239 = CARTESIAN_POINT ( 'NONE',  ( 2.035000000000000100, 0.07567250359733875000, 0.0000000000000000000 ) ) ;
#4240 = DIRECTION ( 'NONE',  ( 0.0000000000000000000, 0.0000000000000000000, 1.000000000000000000 ) ) ;
#4241 = ORIENTED_EDGE ( 'NONE', *, *, #1124, .T. ) ;
#4242 = LINE ( 'NONE', #5035, #4100 ) ;
#4243 = FACE_OUTER_BOUND ( 'NONE', #1926, .T. ) ;
#4244 = DIRECTION ( 'NONE',  ( 0.0000000000000000000, 0.0000000000000000000, 1.000000000000000000 ) ) ;
#4245 = VERTEX_POINT ( 'NONE', #5594 ) ;
#4246 = EDGE_CURVE ( 'NONE', #634, #690, #5473, .T. ) ;
#4247 = ORIENTED_EDGE ( 'NONE', *, *, #3251, .T. ) ;
#4248 = LINE ( 'NONE', #2846, #405 ) ;
#4249 = VECTOR ( 'NONE', #2891, 39.37007874015748100 ) ;
#4250 = DIRECTION ( 'NONE',  ( 1.000000000000000000, 0.0000000000000000000, 0.0000000000000000000 ) ) ;
#4251 = VERTEX_POINT ( 'NONE', #63 ) ;
#4252 = CARTESIAN_POINT ( 'NONE',  ( 0.9079889916004902900, 0.3196326718578362300, -3.000000000000000400 ) ) ;
#4253 = LINE ( 'NONE', #2425, #556 ) ;
#4254 = ADVANCED_FACE ( 'NONE', ( #3012 ), #2868, .F. ) ;
#4255 = VECTOR ( 'NONE', #3010, 39.37007874015748100 ) ;
#4256 = VECTOR ( 'NONE', #3329, 39.37007874015748100 ) ;
#4257 = ORIENTED_EDGE ( 'NONE', *, *, #3958, .F. ) ;
#4258 = DIRECTION ( 'NONE',  ( 0.6985708827450029000, -0.7155408596166033000, 0.0000000000000000000 ) ) ;
#4259 = CIRCLE ( 'NONE', #3980, 0.02749999999999991000 ) ;
#4260 = DIRECTION ( 'NONE',  ( -0.0000000000000000000, -0.0000000000000000000, -1.000000000000000000 ) ) ;
#4261 = EDGE_CURVE ( 'NONE', #1261, #2493, #4105, .T. ) ;
#4262 = CARTESIAN_POINT ( 'NONE',  ( 0.3298335452906798200, 0.0000000000000000000, -2.093324128259931100 ) ) ;
#4263 = ORIENTED_EDGE ( 'NONE', *, *, #2560, .T. ) ;
#4264 = AXIS2_PLACEMENT_3D ( 'NONE', #2305, #5555, #2779 ) ;
#4265 = DIRECTION ( 'NONE',  ( -1.000000000000000000, 0.0000000000000000000, 0.0000000000000000000 ) ) ;
#4266 = EDGE_CURVE ( 'NONE', #5898, #3132, #4248, .T. ) ;
#4267 = ORIENTED_EDGE ( 'NONE', *, *, #3071, .T. ) ;
#4268 = CARTESIAN_POINT ( 'NONE',  ( -1.513342109450037700, 0.9579059470253826800, -3.000000000000000400 ) ) ;
#4269 = ORIENTED_EDGE ( 'NONE', *, *, #101, .F. ) ;
#4270 = CARTESIAN_POINT ( 'NONE',  ( -0.2179210407162855700, 0.0000000000000000000, -1.560294444297389800 ) ) ;
#4271 = AXIS2_PLACEMENT_3D ( 'NONE', #5441, #2193, #4974 ) ;
#4272 = VERTEX_POINT ( 'NONE', #4701 ) ;
#4273 = DIRECTION ( 'NONE',  ( 0.0000000000000000000, 0.0000000000000000000, 1.000000000000000000 ) ) ;
#4274 = ADVANCED_FACE ( 'NONE', ( #5174 ), #1482, .F. ) ;
#4275 = EDGE_CURVE ( 'NONE', #5292, #3543, #2719, .T. ) ;
#4276 = CARTESIAN_POINT ( 'NONE',  ( 1.000825861812083300, 0.2119562817785765600, -3.000000000000000400 ) ) ;
#4277 = EDGE_LOOP ( 'NONE', ( #2270, #2594, #799, #5761 ) ) ;
#4278 = ORIENTED_EDGE ( 'NONE', *, *, #2307, .F. ) ;
#4279 = VERTEX_POINT ( 'NONE', #5168 ) ;
#4280 = LINE ( 'NONE', #5550, #4425 ) ;
#4281 = DIRECTION ( 'NONE',  ( -7.143115749499792000E-015, -1.000000000000000000, 0.0000000000000000000 ) ) ;
#4282 = ORIENTED_EDGE ( 'NONE', *, *, #433, .T. ) ;
#4283 = DIRECTION ( 'NONE',  ( -0.0000000000000000000, -0.0000000000000000000, -1.000000000000000000 ) ) ;
#4284 = DIRECTION ( 'NONE',  ( 0.0000000000000000000, 0.0000000000000000000, 1.000000000000000000 ) ) ;
#4285 = ORIENTED_EDGE ( 'NONE', *, *, #4330, .F. ) ;
#4286 = AXIS2_PLACEMENT_3D ( 'NONE', #3625, #849, #4115 ) ;
#4287 = ORIENTED_EDGE ( 'NONE', *, *, #238, .F. ) ;
#4288 = DIRECTION ( 'NONE',  ( 0.0000000000000000000, 0.0000000000000000000, 1.000000000000000000 ) ) ;
#4289 = EDGE_CURVE ( 'NONE', #475, #100, #1631, .T. ) ;
#4290 = DIRECTION ( 'NONE',  ( 1.000000000000000000, 0.0000000000000000000, 0.0000000000000000000 ) ) ;
#4291 = VECTOR ( 'NONE', #2962, 39.37007874015748900 ) ;
#4292 = DIRECTION ( 'NONE',  ( 0.9993908270190957600, 0.03489949670250171200, -3.710383187931774300E-015 ) ) ;
#4293 = ORIENTED_EDGE ( 'NONE', *, *, #5269, .F. ) ;
#4294 = CARTESIAN_POINT ( 'NONE',  ( 1.938175369272173900, 0.4654650710118934900, -3.000000000000000400 ) ) ;
#4295 = FACE_OUTER_BOUND ( 'NONE', #5009, .T. ) ;
#4296 = CARTESIAN_POINT ( 'NONE',  ( -0.6894999999999998900, 0.9780000000000000900, -3.000000000000000400 ) ) ;
#4297 = ORIENTED_EDGE ( 'NONE', *, *, #1893, .F. ) ;
#4298 = CIRCLE ( 'NONE', #220, 0.02500000000000000500 ) ;
#4299 = LINE ( 'NONE', #370, #4167 ) ;
#4300 = AXIS2_PLACEMENT_3D ( 'NONE', #4852, #254, #2078 ) ;
#4301 = EDGE_LOOP ( 'NONE', ( #4278, #1898, #2733, #2906 ) ) ;
#4302 = EDGE_CURVE ( 'NONE', #5286, #3537, #3961, .T. ) ;
#4303 = DIRECTION ( 'NONE',  ( 0.0000000000000000000, 0.0000000000000000000, 1.000000000000000000 ) ) ;
#4304 = VERTEX_POINT ( 'NONE', #5196 ) ;
#4305 = VECTOR ( 'NONE', #144, 39.37007874015748100 ) ;
#4306 = VECTOR ( 'NONE', #4679, 39.37007874015748100 ) ;
#4307 = ADVANCED_FACE ( 'NONE', ( #1329 ), #2893, .F. ) ;
#4308 = ORIENTED_EDGE ( 'NONE', *, *, #1349, .F. ) ;
#4309 = AXIS2_PLACEMENT_3D ( 'NONE', #1405, #46, #4202 ) ;
#4310 = DIRECTION ( 'NONE',  ( 0.7155408596166031900, 0.6985708827450027900, 0.0000000000000000000 ) ) ;
#4311 = CARTESIAN_POINT ( 'NONE',  ( 0.7177631569268034800, 0.9347413424495103500, -3.000000000000000400 ) ) ;
#4312 = CYLINDRICAL_SURFACE ( 'NONE', #1606, 0.02199999999999992900 ) ;
#4313 = LINE ( 'NONE', #2720, #3081 ) ;
#4314 = ORIENTED_EDGE ( 'NONE', *, *, #3908, .T. ) ;
#4315 = DIRECTION ( 'NONE',  ( 1.000000000000000000, 0.0000000000000000000, 0.0000000000000000000 ) ) ;
#4316 = LINE ( 'NONE', #4015, #3233 ) ;
#4317 = CARTESIAN_POINT ( 'NONE',  ( 1.861018482783663300, -0.4331065150268529900, -0.2499999999999999700 ) ) ;
#4318 = CARTESIAN_POINT ( 'NONE',  ( -0.8622790784738749700, 0.3468658260886454100, -3.000000000000000400 ) ) ;
#4319 = VECTOR ( 'NONE', #2664, 39.37007874015748100 ) ;
#4320 = FACE_OUTER_BOUND ( 'NONE', #188, .T. ) ;
#4321 = EDGE_CURVE ( 'NONE', #1261, #741, #5023, .T. ) ;
#4322 = CARTESIAN_POINT ( 'NONE',  ( -0.9911760075679538800, 0.2350188122786551500, 0.0000000000000000000 ) ) ;
#4323 = VERTEX_POINT ( 'NONE', #579 ) ;
#4324 = FACE_OUTER_BOUND ( 'NONE', #4984, .T. ) ;
#4325 = DIRECTION ( 'NONE',  ( 1.000000000000000000, 0.0000000000000000000, -3.159601113845482400E-015 ) ) ;
#4326 = VECTOR ( 'NONE', #3609, 39.37007874015748100 ) ;
#4327 = ORIENTED_EDGE ( 'NONE', *, *, #5542, .T. ) ;
#4328 = DIRECTION ( 'NONE',  ( 0.0000000000000000000, 0.0000000000000000000, 1.000000000000000000 ) ) ;
#4329 = AXIS2_PLACEMENT_3D ( 'NONE', #3315, #550, #3789 ) ;
#4330 = EDGE_CURVE ( 'NONE', #5003, #5740, #4893, .T. ) ;
#4331 = CARTESIAN_POINT ( 'NONE',  ( -1.681581434628707700, 0.8604121833114223300, -3.000000000000000400 ) ) ;
#4332 = CARTESIAN_POINT ( 'NONE',  ( 2.035959736159318900, 0.04818925585431359200, -3.000000000000000400 ) ) ;
#4333 = ADVANCED_FACE ( 'NONE', ( #2569 ), #142, .T. ) ;
#4334 = CARTESIAN_POINT ( 'NONE',  ( 0.7924999999999999800, 0.9780000000000000900, -3.000000000000000400 ) ) ;
#4335 = VERTEX_POINT ( 'NONE', #2438 ) ;
#4336 = AXIS2_PLACEMENT_3D ( 'NONE', #2460, #3398, #631 ) ;
#4337 = CARTESIAN_POINT ( 'NONE',  ( -1.043022407083604700, 0.1377785243720350000, 0.0000000000000000000 ) ) ;
#4338 = EDGE_CURVE ( 'NONE', #3031, #5341, #2503, .T. ) ;
#4339 = CARTESIAN_POINT ( 'NONE',  ( 1.077274771286915300, 0.9350000000000000500, 0.0000000000000000000 ) ) ;
#4340 = AXIS2_PLACEMENT_3D ( 'NONE', #3279, #507, #3756 ) ;
#4341 = EDGE_LOOP ( 'NONE', ( #369, #1611, #1990, #311 ) ) ;
#4342 = EDGE_CURVE ( 'NONE', #3475, #1228, #1274, .T. ) ;
#4343 = DIRECTION ( 'NONE',  ( -0.0000000000000000000, -0.0000000000000000000, -1.000000000000000000 ) ) ;
#4344 = CARTESIAN_POINT ( 'NONE',  ( 1.513342109450037400, 0.9579059470253824500, -3.000000000000000400 ) ) ;
#4345 = DIRECTION ( 'NONE',  ( -5.947484449591497200E-015, 2.076907335199443400E-016, -1.000000000000000000 ) ) ;
#4346 = EDGE_CURVE ( 'NONE', #1656, #2095, #118, .T. ) ;
#4347 = DIRECTION ( 'NONE',  ( 0.0000000000000000000, 0.0000000000000000000, 1.000000000000000000 ) ) ;
#4348 = ORIENTED_EDGE ( 'NONE', *, *, #624, .T. ) ;
#4349 = DIRECTION ( 'NONE',  ( 0.0000000000000000000, -1.000000000000000000, 0.0000000000000000000 ) ) ;
#4350 = DIRECTION ( 'NONE',  ( 0.0000000000000000000, 0.0000000000000000000, 1.000000000000000000 ) ) ;
#4351 = CARTESIAN_POINT ( 'NONE',  ( 1.201152527650757300, 0.9780000000000000900, 0.0000000000000000000 ) ) ;
#4352 = DIRECTION ( 'NONE',  ( 1.000000000000000000, 0.0000000000000000000, 0.0000000000000000000 ) ) ;
#4353 = PLANE ( 'NONE',  #2197 ) ;
#4354 = ORIENTED_EDGE ( 'NONE', *, *, #5728, .T. ) ;
#4355 = VERTEX_POINT ( 'NONE', #1995 ) ;
#4356 = ORIENTED_EDGE ( 'NONE', *, *, #3358, .F. ) ;
#4357 = CIRCLE ( 'NONE', #1069, 0.1099999999999997800 ) ;
#4358 = EDGE_CURVE ( 'NONE', #3576, #4012, #2361, .T. ) ;
#4359 = CARTESIAN_POINT ( 'NONE',  ( 1.861018482783663300, -0.4331065150268529900, -2.750000000000000000 ) ) ;
#4361 = ADVANCED_FACE ( 'NONE', ( #3600 ), #3457, .T. ) ;
#4360 = ORIENTED_EDGE ( 'NONE', *, *, #1037, .F. ) ;
#4362 = EDGE_LOOP ( 'NONE', ( #404, #1091 ) ) ;
#4363 = ORIENTED_EDGE ( 'NONE', *, *, #210, .F. ) ;
#4364 = DIRECTION ( 'NONE',  ( 1.000000000000000000, 0.0000000000000000000, 0.0000000000000000000 ) ) ;
#4365 = LINE ( 'NONE', #30, #675 ) ;
#4366 = ORIENTED_EDGE ( 'NONE', *, *, #2567, .T. ) ;
#4367 = AXIS2_PLACEMENT_3D ( 'NONE', #409, #3636, #852 ) ;
#4368 = PLANE ( 'NONE',  #4637 ) ;
#4369 = EDGE_CURVE ( 'NONE', #3359, #279, #4825, .T. ) ;
#4370 = ORIENTED_EDGE ( 'NONE', *, *, #1206, .T. ) ;
#4371 = CYLINDRICAL_SURFACE ( 'NONE', #2583, 0.01499999999999997700 ) ;
#4372 = LINE ( 'NONE', #3963, #681 ) ;
#4373 = CARTESIAN_POINT ( 'NONE',  ( 1.058152527650757100, 0.9500000000000000700, 0.0000000000000000000 ) ) ;
#4374 = CARTESIAN_POINT ( 'NONE',  ( -1.025909773355662100, 0.1103060939528858300, -3.000000000000000400 ) ) ;
#4375 = CARTESIAN_POINT ( 'NONE',  ( -0.8622790784738749700, 0.3468658260886454100, -3.000000000000000400 ) ) ;
#4376 = VERTEX_POINT ( 'NONE', #641 ) ;
#4377 = CARTESIAN_POINT ( 'NONE',  ( 1.166944670024671100, 0.9499999999999999600, -3.000000000000000400 ) ) ;
#4378 = DIRECTION ( 'NONE',  ( 0.0000000000000000000, 0.0000000000000000000, 1.000000000000000000 ) ) ;
#4379 = DIRECTION ( 'NONE',  ( -1.000000000000000000, 0.0000000000000000000, 0.0000000000000000000 ) ) ;
#4380 = AXIS2_PLACEMENT_3D ( 'NONE', #2112, #5363, #2593 ) ;
#4381 = FACE_OUTER_BOUND ( 'NONE', #3508, .T. ) ;
#4382 = VECTOR ( 'NONE', #5437, 39.37007874015748100 ) ;
#4383 = EDGE_CURVE ( 'NONE', #3415, #791, #981, .T. ) ;
#4384 = CARTESIAN_POINT ( 'NONE',  ( 1.681581434628707700, 0.8604121833114224400, -3.000000000000000400 ) ) ;
#4385 = EDGE_LOOP ( 'NONE', ( #1457, #5193, #4924, #1247 ) ) ;
#4386 = DIRECTION ( 'NONE',  ( 0.0000000000000000000, 0.0000000000000000000, 1.000000000000000000 ) ) ;
#4387 = ORIENTED_EDGE ( 'NONE', *, *, #861, .T. ) ;
#4388 = LINE ( 'NONE', #1403, #3157 ) ;
#4389 = CYLINDRICAL_SURFACE ( 'NONE', #3681, 0.09499999999999994600 ) ;
#4390 = ORIENTED_EDGE ( 'NONE', *, *, #1027, .F. ) ;
#4391 = ORIENTED_EDGE ( 'NONE', *, *, #1059, .T. ) ;
#4392 = AXIS2_PLACEMENT_3D ( 'NONE', #2562, #5861, #5316 ) ;
#4393 = DIRECTION ( 'NONE',  ( 0.0000000000000000000, 0.0000000000000000000, 1.000000000000000000 ) ) ;
#4394 = CIRCLE ( 'NONE', #1964, 0.02500000000000014400 ) ;
#4395 = CIRCLE ( 'NONE', #2004, 0.6250000000000000000 ) ;
#4396 = CIRCLE ( 'NONE', #5232, 0.02749999999999991000 ) ;
#4397 = DIRECTION ( 'NONE',  ( 0.0000000000000000000, 0.0000000000000000000, 1.000000000000000000 ) ) ;
#4398 = ORIENTED_EDGE ( 'NONE', *, *, #759, .T. ) ;
#4399 = ADVANCED_FACE ( 'NONE', ( #4530 ), #2067, .T. ) ;
#4400 = DIRECTION ( 'NONE',  ( 1.000000000000000000, 0.0000000000000000000, 0.0000000000000000000 ) ) ;
#4401 = CARTESIAN_POINT ( 'NONE',  ( -1.342000000000000100, 0.3750000000000000600, -3.000000000000000400 ) ) ;
#4402 = FACE_OUTER_BOUND ( 'NONE', #1192, .T. ) ;
#4403 = DIRECTION ( 'NONE',  ( 0.03489949670250189900, 0.9993908270190958700, -0.0000000000000000000 ) ) ;
#4404 = DIRECTION ( 'NONE',  ( -0.7193398003386714000, 0.6946583704589761600, -0.0000000000000000000 ) ) ;
#4405 = DIRECTION ( 'NONE',  ( 0.0000000000000000000, 0.0000000000000000000, 1.000000000000000000 ) ) ;
#4406 = AXIS2_PLACEMENT_3D ( 'NONE', #3967, #1162, #4415 ) ;
#4407 = EDGE_CURVE ( 'NONE', #2252, #3627, #3307, .T. ) ;
#4408 = PLANE ( 'NONE',  #718 ) ;
#4409 = ORIENTED_EDGE ( 'NONE', *, *, #5064, .T. ) ;
#4410 = CARTESIAN_POINT ( 'NONE',  ( 2.062500000000000000, 0.07567250359733875000, -2.844999999999999800 ) ) ;
#4411 = DIRECTION ( 'NONE',  ( 0.0000000000000000000, 0.0000000000000000000, 1.000000000000000000 ) ) ;
#4412 = AXIS2_PLACEMENT_3D ( 'NONE', #198, #5263, #4352 ) ;
#4413 = DIRECTION ( 'NONE',  ( -1.000000000000000000, 0.0000000000000000000, 0.0000000000000000000 ) ) ;
#4414 = EDGE_CURVE ( 'NONE', #2917, #5653, #2214, .T. ) ;
#4415 = DIRECTION ( 'NONE',  ( 1.000000000000000000, 0.0000000000000000000, 0.0000000000000000000 ) ) ;
#4416 = ORIENTED_EDGE ( 'NONE', *, *, #4144, .T. ) ;
#4417 = CARTESIAN_POINT ( 'NONE',  ( 1.782458660289618900, 0.03933680321795757900, -2.694350288425443600 ) ) ;
#4418 = CARTESIAN_POINT ( 'NONE',  ( 0.9659276040590797400, 0.2270814064065067300, -3.000000000000000400 ) ) ;
#4419 = ADVANCED_FACE ( 'NONE', ( #5914 ), #3164, .F. ) ;
#4420 = ORIENTED_EDGE ( 'NONE', *, *, #3177, .F. ) ;
#4421 = VERTEX_POINT ( 'NONE', #2986 ) ;
#4422 = ORIENTED_EDGE ( 'NONE', *, *, #5843, .T. ) ;
#4423 = EDGE_CURVE ( 'NONE', #3901, #1919, #4395, .T. ) ;
#4424 = CARTESIAN_POINT ( 'NONE',  ( 1.885517470598227800, 0.6223625814221599400, -3.000000000000000400 ) ) ;
#4425 = VECTOR ( 'NONE', #8, 39.37007874015748100 ) ;
#4426 = CARTESIAN_POINT ( 'NONE',  ( 1.223152527650756700, 0.9780000000000000900, 0.0000000000000000000 ) ) ;
#4427 = ORIENTED_EDGE ( 'NONE', *, *, #5852, .F. ) ;
#4428 = ORIENTED_EDGE ( 'NONE', *, *, #5381, .F. ) ;
#4429 = CARTESIAN_POINT ( 'NONE',  ( 1.518213852069460800, 0.9626105341867087200, -3.000000000000000400 ) ) ;
#4430 = ORIENTED_EDGE ( 'NONE', *, *, #1633, .F. ) ;
#4431 = CIRCLE ( 'NONE', #2011, 0.02200000000000020300 ) ;
#4432 = CARTESIAN_POINT ( 'NONE',  ( -0.7704999999999998500, 0.9500000000000000700, 0.0000000000000000000 ) ) ;
#4433 = ORIENTED_EDGE ( 'NONE', *, *, #3182, .T. ) ;
#4434 = CARTESIAN_POINT ( 'NONE',  ( 2.044526027500084700, -0.4395147396958919400, -2.654999999999999800 ) ) ;
#4435 = LINE ( 'NONE', #2379, #1975 ) ;
#4436 = AXIS2_PLACEMENT_3D ( 'NONE', #67, #3297, #523 ) ;
#4437 = VERTEX_POINT ( 'NONE', #3923 ) ;
#4438 = EDGE_CURVE ( 'NONE', #2262, #818, #1931, .T. ) ;
#4439 = FACE_OUTER_BOUND ( 'NONE', #2349, .T. ) ;
#4440 = DIRECTION ( 'NONE',  ( -0.0000000000000000000, -0.0000000000000000000, -1.000000000000000000 ) ) ;
#4441 = LINE ( 'NONE', #4051, #5669 ) ;
#4442 = ORIENTED_EDGE ( 'NONE', *, *, #79, .T. ) ;
#4443 = ORIENTED_EDGE ( 'NONE', *, *, #3816, .F. ) ;
#4444 = LINE ( 'NONE', #3381, #4305 ) ;
#4445 = LINE ( 'NONE', #3282, #3220 ) ;
#4446 = AXIS2_PLACEMENT_3D ( 'NONE', #3707, #923, #4192 ) ;
#4447 = VERTEX_POINT ( 'NONE', #2532 ) ;
#4448 = EDGE_CURVE ( 'NONE', #2325, #197, #5624, .T. ) ;
#4449 = DIRECTION ( 'NONE',  ( -0.0000000000000000000, 1.000000000000000000, -0.0000000000000000000 ) ) ;
#4450 = ORIENTED_EDGE ( 'NONE', *, *, #5455, .F. ) ;
#4451 = ADVANCED_FACE ( 'NONE', ( #4681 ), #559, .T. ) ;
#4452 = CARTESIAN_POINT ( 'NONE',  ( -0.7924999999999999800, 0.9780000000000000900, -3.000000000000000400 ) ) ;
#4453 = CIRCLE ( 'NONE', #3476, 0.5749999999999998400 ) ;
#4454 = DIRECTION ( 'NONE',  ( 1.000000000000000000, 0.0000000000000000000, 0.0000000000000000000 ) ) ;
#4455 = CIRCLE ( 'NONE', #4959, 0.02199999999999992900 ) ;
#4456 = ORIENTED_EDGE ( 'NONE', *, *, #5416, .F. ) ;
#4457 = AXIS2_PLACEMENT_3D ( 'NONE', #4730, #1958, #5201 ) ;
#4458 = ORIENTED_EDGE ( 'NONE', *, *, #946, .F. ) ;
#4459 = CIRCLE ( 'NONE', #1258, 0.3749999999999999400 ) ;
#4460 = EDGE_CURVE ( 'NONE', #5742, #2482, #835, .T. ) ;
#4461 = DIRECTION ( 'NONE',  ( -0.0000000000000000000, -0.0000000000000000000, -1.000000000000000000 ) ) ;
#4462 = LINE ( 'NONE', #361, #1999 ) ;
#4463 = CYLINDRICAL_SURFACE ( 'NONE', #2012, 0.01499999999999997700 ) ;
#4464 = DIRECTION ( 'NONE',  ( 0.0000000000000000000, 0.0000000000000000000, 1.000000000000000000 ) ) ;
#4465 = EDGE_LOOP ( 'NONE', ( #25, #4811, #2316, #2103 ) ) ;
#4466 = PLANE ( 'NONE',  #3246 ) ;
#4467 = DIRECTION ( 'NONE',  ( -0.3955053885818343700, -0.9184636561142375300, 0.0000000000000000000 ) ) ;
#4468 = ORIENTED_EDGE ( 'NONE', *, *, #5779, .T. ) ;
#4469 = LINE ( 'NONE', #1556, #2140 ) ;
#4470 = VECTOR ( 'NONE', #4045, 39.37007874015748100 ) ;
#4471 = ORIENTED_EDGE ( 'NONE', *, *, #4383, .F. ) ;
#4472 = PLANE ( 'NONE',  #1754 ) ;
#4473 = DIRECTION ( 'NONE',  ( 0.0000000000000000000, 0.0000000000000000000, 1.000000000000000000 ) ) ;
#4474 = DIRECTION ( 'NONE',  ( 1.000000000000000000, 0.0000000000000000000, 0.0000000000000000000 ) ) ;
#4475 = VERTEX_POINT ( 'NONE', #4865 ) ;
#4476 = DIRECTION ( 'NONE',  ( 1.000000000000000000, 0.0000000000000000000, 0.0000000000000000000 ) ) ;
#4477 = EDGE_CURVE ( 'NONE', #5289, #3861, #4117, .T. ) ;
#4478 = DIRECTION ( 'NONE',  ( -1.000000000000000000, 0.0000000000000000000, 0.0000000000000000000 ) ) ;
#4479 = VERTEX_POINT ( 'NONE', #5342 ) ;
#4480 = ADVANCED_FACE ( 'NONE', ( #1780 ), #5186, .F. ) ;
#4481 = AXIS2_PLACEMENT_3D ( 'NONE', #5795, #1149, #2087 ) ;
#4482 = EDGE_CURVE ( 'NONE', #3659, #1702, #1638, .T. ) ;
#4483 = DIRECTION ( 'NONE',  ( 0.0000000000000000000, 0.0000000000000000000, 1.000000000000000000 ) ) ;
#4484 = ORIENTED_EDGE ( 'NONE', *, *, #21, .T. ) ;
#4485 = ADVANCED_FACE ( 'NONE', ( #5339 ), #272, .F. ) ;
#4486 = AXIS2_PLACEMENT_3D ( 'NONE', #4086, #5919, #4537 ) ;
#4487 = CARTESIAN_POINT ( 'NONE',  ( 1.518213852069460800, 0.9626105341867087200, 0.0000000000000000000 ) ) ;
#4488 = EDGE_CURVE ( 'NONE', #1304, #1834, #3973, .T. ) ;
#4489 = CARTESIAN_POINT ( 'NONE',  ( 1.058152527650757100, 0.9999999999999998900, -3.000000000000000400 ) ) ;
#4490 = EDGE_LOOP ( 'NONE', ( #915, #599, #619, #3920 ) ) ;
#4491 = ORIENTED_EDGE ( 'NONE', *, *, #1093, .T. ) ;
#4492 = CARTESIAN_POINT ( 'NONE',  ( -2.035000000000000100, 0.07567250359733875000, -2.844999999999999800 ) ) ;
#4493 = CARTESIAN_POINT ( 'NONE',  ( -1.500000000000000200, 0.08450665438747084800, 0.0000000000000000000 ) ) ;
#4494 = DIRECTION ( 'NONE',  ( 1.000000000000000000, 0.0000000000000000000, 0.0000000000000000000 ) ) ;
#4495 = EDGE_CURVE ( 'NONE', #3843, #5451, #414, .T. ) ;
#4496 = ORIENTED_EDGE ( 'NONE', *, *, #3276, .F. ) ;
#4497 = ORIENTED_EDGE ( 'NONE', *, *, #4850, .T. ) ;
#4498 = ORIENTED_EDGE ( 'NONE', *, *, #719, .T. ) ;
#4499 = LINE ( 'NONE', #5335, #667 ) ;
#4500 =( LENGTH_UNIT ( ) NAMED_UNIT ( * ) SI_UNIT ( $, .METRE. ) );
#4501 = ORIENTED_EDGE ( 'NONE', *, *, #2598, .F. ) ;
#4502 = ORIENTED_EDGE ( 'NONE', *, *, #3729, .F. ) ;
#4503 = VERTEX_POINT ( 'NONE', #732 ) ;
#4504 = VECTOR ( 'NONE', #3280, 39.37007874015747400 ) ;
#4505 = CARTESIAN_POINT ( 'NONE',  ( 1.879556787332412200, 0.09776106946693442800, -0.1549999999999994200 ) ) ;
#4506 = ORIENTED_EDGE ( 'NONE', *, *, #3434, .T. ) ;
#4507 = CARTESIAN_POINT ( 'NONE',  ( 0.7924999999999999800, 0.9719999999999998600, 0.0000000000000000000 ) ) ;
#4508 = ORIENTED_EDGE ( 'NONE', *, *, #2084, .T. ) ;
#4509 = DIRECTION ( 'NONE',  ( 0.03489949670250190600, 0.9993908270190957600, -0.0000000000000000000 ) ) ;
#4510 = LINE ( 'NONE', #1063, #2997 ) ;
#4511 = CIRCLE ( 'NONE', #3969, 0.02199999999999992900 ) ;
#4512 = CARTESIAN_POINT ( 'NONE',  ( 1.681581434628707700, 0.8604121833114224400, -3.000000000000000400 ) ) ;
#4513 = ORIENTED_EDGE ( 'NONE', *, *, #5159, .T. ) ;
#4514 = ADVANCED_FACE ( 'NONE', ( #5036 ), #129, .F. ) ;
#4515 = DIRECTION ( 'NONE',  ( 0.0000000000000000000, 0.0000000000000000000, 1.000000000000000000 ) ) ;
#4516 = EDGE_CURVE ( 'NONE', #5543, #3847, #3825, .T. ) ;
#4517 = CIRCLE ( 'NONE', #2455, 0.02199999999999992900 ) ;
#4518 = VECTOR ( 'NONE', #299, 39.37007874015748100 ) ;
#4519 = ORIENTED_EDGE ( 'NONE', *, *, #4516, .T. ) ;
#4520 = ORIENTED_EDGE ( 'NONE', *, *, #4438, .T. ) ;
#4521 = LINE ( 'NONE', #2791, #48 ) ;
#4522 = AXIS2_PLACEMENT_3D ( 'NONE', #3244, #1863, #5091 ) ;
#4523 = VECTOR ( 'NONE', #1886, 39.37007874015748100 ) ;
#4524 = CARTESIAN_POINT ( 'NONE',  ( 1.540482935550952600, 0.9676462049950853600, 0.0000000000000000000 ) ) ;
#4525 = EDGE_CURVE ( 'NONE', #1668, #1068, #1491, .T. ) ;
#4526 = CARTESIAN_POINT ( 'NONE',  ( 0.6560000000000004700, 1.605682272319856800E-017, -2.844999999999995300 ) ) ;
#4527 = VERTEX_POINT ( 'NONE', #3539 ) ;
#4528 = CIRCLE ( 'NONE', #4759, 0.5749999999999997300 ) ;
#4529 = DIRECTION ( 'NONE',  ( -1.000000000000000000, 0.0000000000000000000, 0.0000000000000000000 ) ) ;
#4530 = FACE_OUTER_BOUND ( 'NONE', #1708, .T. ) ;
#4531 = VECTOR ( 'NONE', #3727, 39.37007874015748100 ) ;
#4532 = ORIENTED_EDGE ( 'NONE', *, *, #2979, .F. ) ;
#4533 = AXIS2_PLACEMENT_3D ( 'NONE', #261, #3972, #1168 ) ;
#4534 = EDGE_CURVE ( 'NONE', #3499, #3281, #4899, .T. ) ;
#4535 = CARTESIAN_POINT ( 'NONE',  ( 1.532037729360301600, 0.9017690778885758500, -3.000000000000000400 ) ) ;
#4536 = ORIENTED_EDGE ( 'NONE', *, *, #480, .T. ) ;
#4537 = DIRECTION ( 'NONE',  ( 1.000000000000000000, 0.0000000000000000000, 0.0000000000000000000 ) ) ;
#4538 = CARTESIAN_POINT ( 'NONE',  ( -0.9858227776630184000, 0.2422201668336072000, -3.000000000000000400 ) ) ;
#4539 = CIRCLE ( 'NONE', #2290, 0.02200000000000020300 ) ;
#4540 = CARTESIAN_POINT ( 'NONE',  ( 0.7704999999999998500, 0.9780000000000000900, 0.0000000000000000000 ) ) ;
#4541 = EDGE_CURVE ( 'NONE', #2936, #3269, #2428, .T. ) ;
#4542 = ORIENTED_EDGE ( 'NONE', *, *, #5677, .F. ) ;
#4543 = EDGE_LOOP ( 'NONE', ( #5808, #2226, #3263, #5604 ) ) ;
#4544 = CARTESIAN_POINT ( 'NONE',  ( -0.8076000891761818700, 0.3709360474628064500, 0.0000000000000000000 ) ) ;
#4545 = ADVANCED_FACE ( 'NONE', ( #4747 ), #4466, .T. ) ;
#4546 = MECHANICAL_DESIGN_GEOMETRIC_PRESENTATION_REPRESENTATION (  '', ( #5283 ), #3621 ) ;
#4547 = CARTESIAN_POINT ( 'NONE',  ( -1.500000000000000200, 0.08450665438747084800, -3.000000000000000400 ) ) ;
#4548 = EDGE_CURVE ( 'NONE', #952, #4992, #3523, .T. ) ;
#4549 = ORIENTED_EDGE ( 'NONE', *, *, #3606, .F. ) ;
#4550 = DIRECTION ( 'NONE',  ( -1.000000000000000000, 0.0000000000000000000, 0.0000000000000000000 ) ) ;
#4551 = CARTESIAN_POINT ( 'NONE',  ( -0.8597321782755623600, 0.3358722684617683800, 0.0000000000000000000 ) ) ;
#4552 = VERTEX_POINT ( 'NONE', #1710 ) ;
#4553 = AXIS2_PLACEMENT_3D ( 'NONE', #4953, #2169, #5425 ) ;
#4554 = EDGE_CURVE ( 'NONE', #88, #1993, #1050, .T. ) ;
#4555 = DIRECTION ( 'NONE',  ( -1.000000000000000000, 0.0000000000000000000, 0.0000000000000000000 ) ) ;
#4556 = DIRECTION ( 'NONE',  ( 1.000000000000000000, 0.0000000000000000000, 0.0000000000000000000 ) ) ;
#4557 = AXIS2_PLACEMENT_3D ( 'NONE', #4697, #1930, #5157 ) ;
#4558 = VERTEX_POINT ( 'NONE', #4031 ) ;
#4559 = EDGE_CURVE ( 'NONE', #1854, #4684, #1194, .T. ) ;
#4560 = ORIENTED_EDGE ( 'NONE', *, *, #4525, .T. ) ;
#4561 = ORIENTED_EDGE ( 'NONE', *, *, #520, .F. ) ;
#4562 = LINE ( 'NONE', #5010, #92 ) ;
#4563 = CARTESIAN_POINT ( 'NONE',  ( 1.784382819764028300, 0.09443752128386384600, -2.694350288425443600 ) ) ;
#4564 = ORIENTED_EDGE ( 'NONE', *, *, #1422, .F. ) ;
#4565 = ORIENTED_EDGE ( 'NONE', *, *, #183, .F. ) ;
#4566 = PLANE ( 'NONE',  #3454 ) ;
#4567 = ADVANCED_FACE ( 'NONE', ( #2131 ), #5688, .F. ) ;
#4568 = ORIENTED_EDGE ( 'NONE', *, *, #1133, .F. ) ;
#4569 = AXIS2_PLACEMENT_3D ( 'NONE', #1918, #4689, #1440 ) ;
#4570 = CARTESIAN_POINT ( 'NONE',  ( -1.899707496032132100, 0.5149548100980070300, -3.000000000000000400 ) ) ;
#4571 = CYLINDRICAL_SURFACE ( 'NONE', #576, 0.09500000000000001500 ) ;
#4572 = EDGE_LOOP ( 'NONE', ( #4736, #138, #3267, #977 ) ) ;
#4573 = FACE_OUTER_BOUND ( 'NONE', #2030, .T. ) ;
#4574 = ORIENTED_EDGE ( 'NONE', *, *, #4769, .T. ) ;
#4575 = VECTOR ( 'NONE', #5781, 39.37007874015747400 ) ;
#4576 = LINE ( 'NONE', #2552, #742 ) ;
#4577 = CARTESIAN_POINT ( 'NONE',  ( 2.062500000000000000, 0.07567250359733875000, 0.0000000000000000000 ) ) ;
#4578 = ORIENTED_EDGE ( 'NONE', *, *, #4448, .F. ) ;
#4579 = DIRECTION ( 'NONE',  ( 1.000000000000000000, 0.0000000000000000000, 0.0000000000000000000 ) ) ;
#4580 = ORIENTED_EDGE ( 'NONE', *, *, #2970, .T. ) ;
#4581 = EDGE_CURVE ( 'NONE', #131, #2856, #1338, .T. ) ;
#4582 = CYLINDRICAL_SURFACE ( 'NONE', #99, 0.02200000000000047400 ) ;
#4583 = DIRECTION ( 'NONE',  ( 1.000000000000000000, 0.0000000000000000000, 0.0000000000000000000 ) ) ;
#4584 = LINE ( 'NONE', #2323, #890 ) ;
#4585 = CARTESIAN_POINT ( 'NONE',  ( -1.166944670024671100, 0.9499999999999999600, -3.000000000000000400 ) ) ;
#4586 = EDGE_LOOP ( 'NONE', ( #4506, #5325 ) ) ;
#4587 = CARTESIAN_POINT ( 'NONE',  ( 1.823805167915710100, 0.09581418001649220900, -2.654999999999999400 ) ) ;
#4588 = CARTESIAN_POINT ( 'NONE',  ( 1.518213852069460800, 0.9626105341867087200, 0.0000000000000000000 ) ) ;
#4589 = CIRCLE ( 'NONE', #1537, 0.02199999999999965500 ) ;
#4590 = CIRCLE ( 'NONE', #3408, 0.02199999999999992900 ) ;
#4591 = CARTESIAN_POINT ( 'NONE',  ( 0.8929584296254599000, 0.2996556298667215100, -3.000000000000000400 ) ) ;
#4592 = CARTESIAN_POINT ( 'NONE',  ( 0.1406498627725982800, 0.0000000000000000000, -1.322961540613206700 ) ) ;
#4593 = AXIS2_PLACEMENT_3D ( 'NONE', #476, #2806, #3711 ) ;
#4594 = ORIENTED_EDGE ( 'NONE', *, *, #4838, .T. ) ;
#4595 = EDGE_CURVE ( 'NONE', #3770, #791, #2282, .T. ) ;
#4596 = DIRECTION ( 'NONE',  ( 0.0000000000000000000, 0.0000000000000000000, 1.000000000000000000 ) ) ;
#4597 = VECTOR ( 'NONE', #709, 39.37007874015748100 ) ;
#4598 = VECTOR ( 'NONE', #2184, 39.37007874015748100 ) ;
#4599 = LINE ( 'NONE', #207, #3376 ) ;
#4600 = ORIENTED_EDGE ( 'NONE', *, *, #4134, .T. ) ;
#4601 = ORIENTED_EDGE ( 'NONE', *, *, #5422, .F. ) ;
#4602 = EDGE_LOOP ( 'NONE', ( #5886, #4827, #2913, #888 ) ) ;
#4603 = AXIS2_PLACEMENT_3D ( 'NONE', #1580, #4814, #2033 ) ;
#4604 = FACE_OUTER_BOUND ( 'NONE', #4465, .T. ) ;
#4605 = EDGE_CURVE ( 'NONE', #3269, #5997, #4462, .T. ) ;
#4606 = CARTESIAN_POINT ( 'NONE',  ( 1.654348235385595400, 0.8577665894109748300, 0.0000000000000000000 ) ) ;
#4607 = LINE ( 'NONE', #821, #4326 ) ;
#4608 = ORIENTED_EDGE ( 'NONE', *, *, #3931, .F. ) ;
#4609 = CARTESIAN_POINT ( 'NONE',  ( -0.9709462570949567400, 0.2203301365112392000, 0.0000000000000000000 ) ) ;
#4610 = CARTESIAN_POINT ( 'NONE',  ( -1.542397421957246100, 0.8909211854989539400, 0.0000000000000000000 ) ) ;
#4611 = CARTESIAN_POINT ( 'NONE',  ( 0.9252551459287307000, 0.3015528512084663100, -3.000000000000000400 ) ) ;
#4612 = ORIENTED_EDGE ( 'NONE', *, *, #3369, .F. ) ;
#4613 = AXIS2_PLACEMENT_3D ( 'NONE', #1860, #5087, #2312 ) ;
#4614 = CARTESIAN_POINT ( 'NONE',  ( 1.654348235385595400, 0.8577665894109748300, -3.000000000000000400 ) ) ;
#4615 = CARTESIAN_POINT ( 'NONE',  ( -1.919981888401884900, 0.6128275355786027000, -3.000000000000000400 ) ) ;
#4616 =( BOUNDED_CURVE ( )  B_SPLINE_CURVE ( 3, ( #897, #1359, #2764, #4 ),
 .UNSPECIFIED., .F., .F. ) 
 B_SPLINE_CURVE_WITH_KNOTS ( ( 4, 4 ),
 ( 3.141592653589793100, 4.712388980384692300 ),
 .UNSPECIFIED. ) 
 CURVE ( )  GEOMETRIC_REPRESENTATION_ITEM ( )  RATIONAL_B_SPLINE_CURVE ( ( 1.000000000000000000, 0.8047378541243643800, 0.8047378541243643800, 1.000000000000000000 ) ) 
 REPRESENTATION_ITEM ( '' )  );
#4617 = CARTESIAN_POINT ( 'NONE',  ( -0.8622790784738749700, 0.3468658260886454100, 0.0000000000000000000 ) ) ;
#4618 = DIRECTION ( 'NONE',  ( 1.000000000000000000, 0.0000000000000000000, 0.0000000000000000000 ) ) ;
#4619 = DIRECTION ( 'NONE',  ( -0.03489949670250170500, -0.9993908270190957600, 0.0000000000000000000 ) ) ;
#4620 = ORIENTED_EDGE ( 'NONE', *, *, #90, .F. ) ;
#4621 = ORIENTED_EDGE ( 'NONE', *, *, #3553, .F. ) ;
#4622 = EDGE_CURVE ( 'NONE', #2879, #3665, #3234, .T. ) ;
#4623 = DIRECTION ( 'NONE',  ( 1.000000000000000000, 0.0000000000000000000, 0.0000000000000000000 ) ) ;
#4624 = DIRECTION ( 'NONE',  ( -0.6985708827450029000, -0.7155408596166033000, 0.0000000000000000000 ) ) ;
#4625 = ORIENTED_EDGE ( 'NONE', *, *, #3547, .T. ) ;
#4626 = CARTESIAN_POINT ( 'NONE',  ( 0.7704999999999998500, 0.9999999999999998900, -3.000000000000000400 ) ) ;
#4627 = DIRECTION ( 'NONE',  ( 1.000000000000000000, 0.0000000000000000000, 0.0000000000000000000 ) ) ;
#4628 = CARTESIAN_POINT ( 'NONE',  ( 1.682722501530304000, 0.8989591367186303700, 0.0000000000000000000 ) ) ;
#4629 = AXIS2_PLACEMENT_3D ( 'NONE', #3298, #524, #3772 ) ;
#4630 = DIRECTION ( 'NONE',  ( -1.000000000000000000, 0.0000000000000000000, 0.0000000000000000000 ) ) ;
#4631 = EDGE_CURVE ( 'NONE', #4527, #4799, #762, .T. ) ;
#4632 = CARTESIAN_POINT ( 'NONE',  ( 1.058152527650757100, 0.9719999999999998600, -3.000000000000000400 ) ) ;
#4633 = CARTESIAN_POINT ( 'NONE',  ( -1.223152527650756700, 0.9780000000000000900, -3.000000000000000400 ) ) ;
#4634 = DIRECTION ( 'NONE',  ( 1.000000000000000000, 0.0000000000000000000, 0.0000000000000000000 ) ) ;
#4635 = CARTESIAN_POINT ( 'NONE',  ( 1.686011553626535400, 0.8646902994986839200, 0.0000000000000000000 ) ) ;
#4636 = ORIENTED_EDGE ( 'NONE', *, *, #1428, .T. ) ;
#4637 = AXIS2_PLACEMENT_3D ( 'NONE', #2055, #5293, #2522 ) ;
#4638 = ORIENTED_EDGE ( 'NONE', *, *, #3312, .T. ) ;
#4639 = EDGE_CURVE ( 'NONE', #1420, #994, #901, .T. ) ;
#4640 = DIRECTION ( 'NONE',  ( -0.0000000000000000000, -0.0000000000000000000, -1.000000000000000000 ) ) ;
#4641 = VERTEX_POINT ( 'NONE', #2212 ) ;
#4642 = DIRECTION ( 'NONE',  ( 1.000000000000000000, 0.0000000000000000000, 0.0000000000000000000 ) ) ;
#4643 = EDGE_LOOP ( 'NONE', ( #5264, #3564, #2499, #4484, #4574, #3534, #2842, #2652, #5063, #1392, #5033, #3633, #1180, #3687, #4498, #3452, #2308, #601, #2007, #1306, #3860, #4778, #2335, #973, #5802, #3364, #568, #5446, #4391, #1361, #5231, #4199, #3493, #2711, #3410, #956, #4247, #1968, #753, #995, #4080, #5334, #438, #2622, #1571, #868, #3654, #1887, #3143, #5022, #592, #1695, #2666, #240, #3968, #3042, #4795, #3748, #4282, #3510, #513, #5308, #3366, #4008, #1552, #642, #1154, #122, #5642, #4652, #2363, #533, #5671, #3924, #5156, #616, #160, #3731, #1066, #1011, #5981, #3479, #809, #5768, #388, #5535, #78, #1314, #4263, #15, #3581, #290, #4422, #2128, #4848, #4230, #1934, #1316, #1691, #3562, #5958, #2820, #940, #4513, #3034, #588, #4314, #1438, #1607, #561, #1951, #1395, #4497, #2106, #4267, #4354, #682, #3389, #4162, #4182, #2827, #3791, #3975, #2896, #2483, #3130, #5524, #3468, #4219, #1761, #4760, #5711, #1557, #2973, #4868, #2584, #5501, #5891, #2982, #597, #4834, #1598, #5164, #4536 ) ) ;
#4644 = CARTESIAN_POINT ( 'NONE',  ( 1.201152527650757300, 0.9500000000000002900, 0.0000000000000000000 ) ) ;
#4645 = ORIENTED_EDGE ( 'NONE', *, *, #2163, .T. ) ;
#4646 = CIRCLE ( 'NONE', #3803, 0.02749999999999991000 ) ;
#4647 = CARTESIAN_POINT ( 'NONE',  ( -1.000825861812083300, 0.2119562817785765600, 0.0000000000000000000 ) ) ;
#4648 = ORIENTED_EDGE ( 'NONE', *, *, #3917, .F. ) ;
#4649 = EDGE_CURVE ( 'NONE', #3645, #4076, #5548, .T. ) ;
#4650 = CARTESIAN_POINT ( 'NONE',  ( -0.6674999999999998700, 0.0000000000000000000, 0.0000000000000000000 ) ) ;
#4651 = ORIENTED_EDGE ( 'NONE', *, *, #1936, .F. ) ;
#4652 = ORIENTED_EDGE ( 'NONE', *, *, #3683, .T. ) ;
#4653 = DIRECTION ( 'NONE',  ( -0.9993908270190957600, 0.03489949670250189200, 0.0000000000000000000 ) ) ;
#4654 = CYLINDRICAL_SURFACE ( 'NONE', #3249, 0.02199999999999992900 ) ;
#4655 = DIRECTION ( 'NONE',  ( 0.0000000000000000000, 0.0000000000000000000, 1.000000000000000000 ) ) ;
#4656 = ORIENTED_EDGE ( 'NONE', *, *, #4831, .T. ) ;
#4657 = DIRECTION ( 'NONE',  ( 0.0000000000000000000, 0.0000000000000000000, 1.000000000000000000 ) ) ;
#4658 = EDGE_CURVE ( 'NONE', #2675, #2325, #1851, .T. ) ;
#4659 = CARTESIAN_POINT ( 'NONE',  ( -0.7704999999999998500, 0.9500000000000000700, -3.000000000000000400 ) ) ;
#4660 = ORIENTED_EDGE ( 'NONE', *, *, #4183, .T. ) ;
#4661 = VECTOR ( 'NONE', #3330, 39.37007874015748100 ) ;
#4662 = LINE ( 'NONE', #2035, #960 ) ;
#4663 = ORIENTED_EDGE ( 'NONE', *, *, #4342, .F. ) ;
#4664 = CARTESIAN_POINT ( 'NONE',  ( 0.6674999999999998700, 0.0000000000000000000, -3.000000000000000400 ) ) ;
#4665 = LINE ( 'NONE', #3178, #5466 ) ;
#4666 = LINE ( 'NONE', #1214, #3440 ) ;
#4667 = DIRECTION ( 'NONE',  ( 0.0000000000000000000, 0.0000000000000000000, 1.000000000000000000 ) ) ;
#4668 = ORIENTED_EDGE ( 'NONE', *, *, #2955, .F. ) ;
#4669 = EDGE_CURVE ( 'NONE', #4003, #2028, #5405, .T. ) ;
#4670 = ORIENTED_EDGE ( 'NONE', *, *, #3836, .T. ) ;
#4671 = CYLINDRICAL_SURFACE ( 'NONE', #2502, 0.02749999999999991000 ) ;
#4672 = DIRECTION ( 'NONE',  ( 0.9205048534524393800, 0.3907311284892758800, 0.0000000000000000000 ) ) ;
#4673 = LINE ( 'NONE', #495, #2352 ) ;
#4674 = CYLINDRICAL_SURFACE ( 'NONE', #1940, 0.5749999999999998400 ) ;
#4675 = EDGE_LOOP ( 'NONE', ( #5821, #428, #1895, #5618 ) ) ;
#4676 = CARTESIAN_POINT ( 'NONE',  ( 0.6894999999999998900, 0.9999999999999998900, -3.000000000000000400 ) ) ;
#4677 = VECTOR ( 'NONE', #2345, 39.37007874015748100 ) ;
#4678 = DIRECTION ( 'NONE',  ( 1.000000000000000000, 0.0000000000000000000, 0.0000000000000000000 ) ) ;
#4679 = DIRECTION ( 'NONE',  ( 0.0000000000000000000, 0.0000000000000000000, 1.000000000000000000 ) ) ;
#4680 = AXIS2_PLACEMENT_3D ( 'NONE', #5885, #4057, #1268 ) ;
#4681 = FACE_OUTER_BOUND ( 'NONE', #3936, .T. ) ;
#4682 = VECTOR ( 'NONE', #3700, 39.37007874015748100 ) ;
#4683 = EDGE_CURVE ( 'NONE', #1546, #1032, #4188, .T. ) ;
#4684 = VERTEX_POINT ( 'NONE', #2699 ) ;
#4685 = DIRECTION ( 'NONE',  ( -0.9205048534524408200, 0.3907311284892727200, 0.0000000000000000000 ) ) ;
#4686 = LINE ( 'NONE', #4056, #2369 ) ;
#4687 = AXIS2_PLACEMENT_3D ( 'NONE', #1209, #293, #745 ) ;
#4688 = DIRECTION ( 'NONE',  ( 0.0000000000000000000, 0.0000000000000000000, 1.000000000000000000 ) ) ;
#4689 = DIRECTION ( 'NONE',  ( -0.0000000000000000000, -0.0000000000000000000, -1.000000000000000000 ) ) ;
#4690 = EDGE_CURVE ( 'NONE', #4915, #2892, #478, .T. ) ;
#4691 = DIRECTION ( 'NONE',  ( -1.000000000000000000, 0.0000000000000000000, 0.0000000000000000000 ) ) ;
#4692 = ORIENTED_EDGE ( 'NONE', *, *, #1328, .F. ) ;
#4693 = DIRECTION ( 'NONE',  ( -0.0000000000000000000, -0.0000000000000000000, -1.000000000000000000 ) ) ;
#4694 = AXIS2_PLACEMENT_3D ( 'NONE', #5027, #1792, #4555 ) ;
#4695 = CARTESIAN_POINT ( 'NONE',  ( 0.6674999999999998700, 0.2000000000000001200, 0.0000000000000000000 ) ) ;
#4696 = ADVANCED_FACE ( 'NONE', ( #1705 ), #1562, .T. ) ;
#4697 = CARTESIAN_POINT ( 'NONE',  ( -1.938175369272173900, 0.4654650710118934900, 0.0000000000000000000 ) ) ;
#4698 = DIRECTION ( 'NONE',  ( -0.9993908270190957600, 0.03489949670250189900, -2.892355421449574100E-015 ) ) ;
#4699 = VERTEX_POINT ( 'NONE', #1802 ) ;
#4700 = ORIENTED_EDGE ( 'NONE', *, *, #4346, .T. ) ;
#4701 = CARTESIAN_POINT ( 'NONE',  ( -0.6544999999999998600, 0.1870000000000000000, 0.0000000000000000000 ) ) ;
#4702 = CARTESIAN_POINT ( 'NONE',  ( -1.528624593600135900, 0.9420804714179321600, -3.000000000000000400 ) ) ;
#4703 = DIRECTION ( 'NONE',  ( -0.0000000000000000000, -0.0000000000000000000, -1.000000000000000000 ) ) ;
#4704 = CARTESIAN_POINT ( 'NONE',  ( -0.6560000000000000300, 0.0000000000000000000, -3.000000000000000400 ) ) ;
#4705 = EDGE_CURVE ( 'NONE', #3356, #3764, #3088, .T. ) ;
#4706 = ORIENTED_EDGE ( 'NONE', *, *, #1064, .F. ) ;
#4707 = DIRECTION ( 'NONE',  ( 1.000000000000000000, 0.0000000000000000000, 0.0000000000000000000 ) ) ;
#4708 = EDGE_LOOP ( 'NONE', ( #3116, #4721, #4908, #5449 ) ) ;
#4709 = ORIENTED_EDGE ( 'NONE', *, *, #1001, .F. ) ;
#4710 = CARTESIAN_POINT ( 'NONE',  ( -1.941068122746830300, 0.4427930437084713300, 0.0000000000000000000 ) ) ;
#4711 = LINE ( 'NONE', #5470, #5800 ) ;
#4712 = ORIENTED_EDGE ( 'NONE', *, *, #3525, .T. ) ;
#4713 = EDGE_LOOP ( 'NONE', ( #4360, #2136, #1809, #5388 ) ) ;
#4714 = EDGE_CURVE ( 'NONE', #5070, #2643, #2797, .T. ) ;
#4715 = DIRECTION ( 'NONE',  ( -0.9998362138635782400, 0.01809821667858757200, 0.0000000000000000000 ) ) ;
#4716 = VERTEX_POINT ( 'NONE', #2265 ) ;
#4717 = VECTOR ( 'NONE', #4772, 39.37007874015748900 ) ;
#4719 = ADVANCED_FACE ( 'NONE', ( #3892 ), #1409, .T. ) ;
#4718 = EDGE_LOOP ( 'NONE', ( #2767, #2724, #1448, #3804 ) ) ;
#4720 = VECTOR ( 'NONE', #865, 39.37007874015748100 ) ;
#4721 = ORIENTED_EDGE ( 'NONE', *, *, #1768, .F. ) ;
#4722 = AXIS2_PLACEMENT_3D ( 'NONE', #5776, #4859, #2085 ) ;
#4723 = VECTOR ( 'NONE', #3953, 39.37007874015748100 ) ;
#4724 = CARTESIAN_POINT ( 'NONE',  ( 1.033134772369058700, 0.1607401157748909200, 0.0000000000000000000 ) ) ;
#4725 = FACE_OUTER_BOUND ( 'NONE', #5727, .T. ) ;
#4726 = DIRECTION ( 'NONE',  ( 1.000000000000000000, 0.0000000000000000000, 0.0000000000000000000 ) ) ;
#4727 = CARTESIAN_POINT ( 'NONE',  ( 1.049351302829074900, 0.09266392820315545700, -3.000000000000000400 ) ) ;
#4728 = ORIENTED_EDGE ( 'NONE', *, *, #989, .F. ) ;
#4729 = DIRECTION ( 'NONE',  ( 0.0000000000000000000, 0.0000000000000000000, 1.000000000000000000 ) ) ;
#4730 = CARTESIAN_POINT ( 'NONE',  ( 1.342000000000000100, 0.3750000000000000600, -3.000000000000000400 ) ) ;
#4731 = ORIENTED_EDGE ( 'NONE', *, *, #3028, .T. ) ;
#4732 = CYLINDRICAL_SURFACE ( 'NONE', #5561, 0.6250000000000000000 ) ;
#4733 = VECTOR ( 'NONE', #5056, 39.37007874015748900 ) ;
#4734 = DIRECTION ( 'NONE',  ( 1.000000000000000000, 3.619389336043007400E-015, -0.0000000000000000000 ) ) ;
#4735 = DIRECTION ( 'NONE',  ( 0.0000000000000000000, 0.0000000000000000000, 1.000000000000000000 ) ) ;
#4736 = ORIENTED_EDGE ( 'NONE', *, *, #1298, .F. ) ;
#4737 = EDGE_CURVE ( 'NONE', #2942, #268, #4039, .T. ) ;
#4738 = CARTESIAN_POINT ( 'NONE',  ( -1.540482935550952400, 0.9676462049950851400, -3.000000000000000400 ) ) ;
#4739 = VERTEX_POINT ( 'NONE', #1821 ) ;
#4740 = VECTOR ( 'NONE', #1067, 39.37007874015748100 ) ;
#4741 = LINE ( 'NONE', #2636, #2127 ) ;
#4742 = CARTESIAN_POINT ( 'NONE',  ( 1.670729069476437000, 0.8805157751061342100, -3.000000000000000400 ) ) ;
#4743 = VERTEX_POINT ( 'NONE', #3206 ) ;
#4744 = CARTESIAN_POINT ( 'NONE',  ( -0.8847321782755623900, 0.3358722684617683800, -3.000000000000000400 ) ) ;
#4745 = ORIENTED_EDGE ( 'NONE', *, *, #1768, .T. ) ;
#4746 = LINE ( 'NONE', #3932, #2281 ) ;
#4747 = FACE_OUTER_BOUND ( 'NONE', #1269, .T. ) ;
#4748 = CIRCLE ( 'NONE', #158, 0.02500000000000000500 ) ;
#4749 = ORIENTED_EDGE ( 'NONE', *, *, #5188, .F. ) ;
#4750 = EDGE_CURVE ( 'NONE', #2482, #5584, #4963, .T. ) ;
#4751 = DIRECTION ( 'NONE',  ( 0.0000000000000000000, 0.0000000000000000000, 1.000000000000000000 ) ) ;
#4752 = VECTOR ( 'NONE', #1502, 39.37007874015748100 ) ;
#4753 = VECTOR ( 'NONE', #4454, 39.37007874015748100 ) ;
#4754 = DIRECTION ( 'NONE',  ( -0.0000000000000000000, -0.0000000000000000000, -1.000000000000000000 ) ) ;
#4755 = EDGE_LOOP ( 'NONE', ( #749, #2533, #2553, #3883 ) ) ;
#4756 = CARTESIAN_POINT ( 'NONE',  ( -1.223152527650756900, 0.9719999999999998600, -3.000000000000000400 ) ) ;
#4757 = ADVANCED_FACE ( 'NONE', ( #2497 ), #3697, .T. ) ;
#4758 = DIRECTION ( 'NONE',  ( -1.000000000000000000, 0.0000000000000000000, 0.0000000000000000000 ) ) ;
#4759 = AXIS2_PLACEMENT_3D ( 'NONE', #2859, #83, #3317 ) ;
#4760 = ORIENTED_EDGE ( 'NONE', *, *, #440, .T. ) ;
#4761 = EDGE_CURVE ( 'NONE', #1974, #2936, #192, .T. ) ;
#4762 = DIRECTION ( 'NONE',  ( 1.000000000000000000, 0.0000000000000000000, 0.0000000000000000000 ) ) ;
#4763 = ORIENTED_EDGE ( 'NONE', *, *, #5465, .F. ) ;
#4764 = CARTESIAN_POINT ( 'NONE',  ( 1.879556787332412200, 0.09776106946693452500, -2.844999999999999300 ) ) ;
#4765 = EDGE_CURVE ( 'NONE', #4067, #1974, #2948, .T. ) ;
#4766 = CARTESIAN_POINT ( 'NONE',  ( 1.500000000000000200, 0.08450665438747084800, -3.000000000000000400 ) ) ;
#4767 = CARTESIAN_POINT ( 'NONE',  ( 1.610747264760746600, 0.8662992038296187800, -3.000000000000000400 ) ) ;
#4768 = CARTESIAN_POINT ( 'NONE',  ( -1.513342109450037700, 0.9579059470253826800, -3.000000000000000400 ) ) ;
#4769 = EDGE_CURVE ( 'NONE', #5722, #1790, #50, .T. ) ;
#4770 = CARTESIAN_POINT ( 'NONE',  ( -1.000825861812083300, 0.2119562817785765600, -3.000000000000000400 ) ) ;
#4771 = EDGE_LOOP ( 'NONE', ( #1234, #3743, #2017, #5811 ) ) ;
#4772 = DIRECTION ( 'NONE',  ( 0.9184636561142374100, 0.3955053885818343700, 0.0000000000000000000 ) ) ;
#4773 = DIRECTION ( 'NONE',  ( -0.8981239920674964900, -0.4397423050750786100, 0.0000000000000000000 ) ) ;
#4774 = DIRECTION ( 'NONE',  ( 1.000000000000000000, 0.0000000000000000000, 0.0000000000000000000 ) ) ;
#4775 = CARTESIAN_POINT ( 'NONE',  ( -0.6560000000000000300, 0.0000000000000000000, 0.0000000000000000000 ) ) ;
#4776 = EDGE_CURVE ( 'NONE', #3104, #1126, #4817, .T. ) ;
#4777 = DIRECTION ( 'NONE',  ( 1.000000000000000000, 0.0000000000000000000, 0.0000000000000000000 ) ) ;
#4778 = ORIENTED_EDGE ( 'NONE', *, *, #4495, .T. ) ;
#4779 = ADVANCED_FACE ( 'NONE', ( #1264 ), #2206, .F. ) ;
#4780 = ORIENTED_EDGE ( 'NONE', *, *, #1059, .F. ) ;
#4781 = ORIENTED_EDGE ( 'NONE', *, *, #4559, .T. ) ;
#4782 = ORIENTED_EDGE ( 'NONE', *, *, #825, .T. ) ;
#4783 = AXIS2_PLACEMENT_3D ( 'NONE', #1198, #4440, #1665 ) ;
#4784 = EDGE_LOOP ( 'NONE', ( #925, #2172, #5748, #574 ) ) ;
#4785 = DIRECTION ( 'NONE',  ( -1.000000000000000000, 0.0000000000000000000, 0.0000000000000000000 ) ) ;
#4786 = EDGE_CURVE ( 'NONE', #475, #3820, #4673, .T. ) ;
#4787 = CARTESIAN_POINT ( 'NONE',  ( 1.019552256640879200, 0.1291673665987828100, 0.0000000000000000000 ) ) ;
#4788 = LINE ( 'NONE', #766, #3712 ) ;
#4789 = ORIENTED_EDGE ( 'NONE', *, *, #2159, .T. ) ;
#4790 = ORIENTED_EDGE ( 'NONE', *, *, #1294, .F. ) ;
#4791 = PLANE ( 'NONE',  #4886 ) ;
#4792 = DIRECTION ( 'NONE',  ( 1.000000000000000000, 0.0000000000000000000, 0.0000000000000000000 ) ) ;
#4793 = ORIENTED_EDGE ( 'NONE', *, *, #1736, .F. ) ;
#4794 = DIRECTION ( 'NONE',  ( 1.000000000000000000, 0.0000000000000000000, 0.0000000000000000000 ) ) ;
#4795 = ORIENTED_EDGE ( 'NONE', *, *, #4970, .T. ) ;
#4796 = CIRCLE ( 'NONE', #1889, 0.5750000000000000700 ) ;
#4797 = DIRECTION ( 'NONE',  ( -1.000000000000000000, 0.0000000000000000000, 0.0000000000000000000 ) ) ;
#4798 = AXIS2_PLACEMENT_3D ( 'NONE', #3421, #649, #3902 ) ;
#4799 = VERTEX_POINT ( 'NONE', #947 ) ;
#4800 = EDGE_CURVE ( 'NONE', #5292, #2100, #5759, .T. ) ;
#4801 = VERTEX_POINT ( 'NONE', #4659 ) ;
#4802 = LINE ( 'NONE', #5628, #1251 ) ;
#4803 = VECTOR ( 'NONE', #4349, 39.37007874015748100 ) ;
#4804 = ORIENTED_EDGE ( 'NONE', *, *, #759, .F. ) ;
#4805 = AXIS2_PLACEMENT_3D ( 'NONE', #5523, #2751, #5994 ) ;
#4806 = CARTESIAN_POINT ( 'NONE',  ( 1.166944670024670800, 0.9350000000000000500, -3.000000000000000400 ) ) ;
#4807 = EDGE_CURVE ( 'NONE', #100, #4170, #3449, .T. ) ;
#4808 = CARTESIAN_POINT ( 'NONE',  ( 1.058152527650757100, 0.9999999999999998900, 0.0000000000000000000 ) ) ;
#4809 = FACE_OUTER_BOUND ( 'NONE', #1827, .T. ) ;
#4810 = CIRCLE ( 'NONE', #4340, 0.02749999999999991000 ) ;
#4811 = ORIENTED_EDGE ( 'NONE', *, *, #1650, .F. ) ;
#4812 = ORIENTED_EDGE ( 'NONE', *, *, #5047, .F. ) ;
#4813 = FACE_OUTER_BOUND ( 'NONE', #1158, .T. ) ;
#4814 = DIRECTION ( 'NONE',  ( -0.0000000000000000000, -0.0000000000000000000, -1.000000000000000000 ) ) ;
#4815 = ADVANCED_FACE ( 'NONE', ( #5907 ), #4389, .F. ) ;
#4816 = DIRECTION ( 'NONE',  ( 1.000000000000000000, -3.619389336043007400E-015, 0.0000000000000000000 ) ) ;
#4817 = LINE ( 'NONE', #1869, #1115 ) ;
#4818 = COLOUR_RGB ( '',0.8666666666666667000, 0.9098039215686274400, 1.000000000000000000 ) ;
#4819 = DIRECTION ( 'NONE',  ( -1.000000000000000000, 0.0000000000000000000, 0.0000000000000000000 ) ) ;
#4820 = ORIENTED_EDGE ( 'NONE', *, *, #5918, .T. ) ;
#4821 = CARTESIAN_POINT ( 'NONE',  ( -1.018022407083604600, 0.1377785243720350000, -3.000000000000000400 ) ) ;
#4822 = DIRECTION ( 'NONE',  ( 0.0000000000000000000, 1.000000000000000000, -0.0000000000000000000 ) ) ;
#4823 = CYLINDRICAL_SURFACE ( 'NONE', #3535, 0.02199999999999992900 ) ;
#4824 = CARTESIAN_POINT ( 'NONE',  ( -1.201152527650757300, 0.9500000000000000700, 0.0000000000000000000 ) ) ;
#4825 = LINE ( 'NONE', #2958, #5327 ) ;
#4826 = CYLINDRICAL_SURFACE ( 'NONE', #3895, 0.02199999999999992900 ) ;
#4827 = ORIENTED_EDGE ( 'NONE', *, *, #4942, .F. ) ;
#4828 = CARTESIAN_POINT ( 'NONE',  ( 0.7327609266367162100, 0.9350000000000000500, 0.0000000000000000000 ) ) ;
#4829 = AXIS2_PLACEMENT_3D ( 'NONE', #2672, #5913, #3145 ) ;
#4830 = VECTOR ( 'NONE', #380, 39.37007874015748900 ) ;
#4831 = EDGE_CURVE ( 'NONE', #5875, #2023, #975, .T. ) ;
#4832 = CARTESIAN_POINT ( 'NONE',  ( -1.500000000000000200, 0.08450665438747084800, -3.000000000000000400 ) ) ;
#4833 = DIRECTION ( 'NONE',  ( -0.0000000000000000000, -0.0000000000000000000, -1.000000000000000000 ) ) ;
#4834 = ORIENTED_EDGE ( 'NONE', *, *, #804, .T. ) ;
#4835 = ORIENTED_EDGE ( 'NONE', *, *, #2591, .T. ) ;
#4836 = AXIS2_PLACEMENT_3D ( 'NONE', #52, #3275, #505 ) ;
#4837 = CARTESIAN_POINT ( 'NONE',  ( -1.910712599336746900, 0.4597996424263726700, 0.0000000000000000000 ) ) ;
#4838 = EDGE_CURVE ( 'NONE', #4150, #5595, #829, .T. ) ;
#4839 = CARTESIAN_POINT ( 'NONE',  ( 1.201152527650757300, 0.9780000000000000900, -3.000000000000000400 ) ) ;
#4840 = DIRECTION ( 'NONE',  ( 0.0000000000000000000, 0.0000000000000000000, 1.000000000000000000 ) ) ;
#4841 = CARTESIAN_POINT ( 'NONE',  ( 2.035000000000000100, 0.07567250359733875000, -3.000000000000000400 ) ) ;
#4842 = AXIS2_PLACEMENT_3D ( 'NONE', #5282, #2518, #5754 ) ;
#4843 = ORIENTED_EDGE ( 'NONE', *, *, #4069, .F. ) ;
#4844 = CARTESIAN_POINT ( 'NONE',  ( 2.062500000000000000, 0.07567250359733875000, -3.000000000000000400 ) ) ;
#4845 = ADVANCED_FACE ( 'NONE', ( #3158 ), #3013, .F. ) ;
#4846 = EDGE_CURVE ( 'NONE', #1819, #5451, #695, .T. ) ;
#4847 = CARTESIAN_POINT ( 'NONE',  ( 1.090648550291540800, 0.9282072071181698400, -3.000000000000000400 ) ) ;
#4848 = ORIENTED_EDGE ( 'NONE', *, *, #3887, .T. ) ;
#4849 = CARTESIAN_POINT ( 'NONE',  ( 0.8711551671333397400, 0.3148802516829079500, -3.000000000000000400 ) ) ;
#4850 = EDGE_CURVE ( 'NONE', #132, #2990, #5616, .T. ) ;
#4851 = ORIENTED_EDGE ( 'NONE', *, *, #646, .F. ) ;
#4852 = CARTESIAN_POINT ( 'NONE',  ( 1.866515789744190200, 0.5850194903075147700, -3.000000000000000400 ) ) ;
#4853 = CARTESIAN_POINT ( 'NONE',  ( 1.201152527650757300, 0.9500000000000000700, -3.000000000000000400 ) ) ;
#4854 = PLANE ( 'NONE',  #1279 ) ;
#4855 = DIRECTION ( 'NONE',  ( 1.000000000000000000, 0.0000000000000000000, 0.0000000000000000000 ) ) ;
#4856 = DIRECTION ( 'NONE',  ( 0.0000000000000000000, 0.0000000000000000000, 1.000000000000000000 ) ) ;
#4857 = CARTESIAN_POINT ( 'NONE',  ( 1.500000000000000200, 0.08450665438747084800, -3.000000000000000400 ) ) ;
#4858 = ORIENTED_EDGE ( 'NONE', *, *, #1640, .T. ) ;
#4859 = DIRECTION ( 'NONE',  ( 1.000000000000000000, 0.0000000000000000000, -0.0000000000000000000 ) ) ;
#4860 = EDGE_LOOP ( 'NONE', ( #5638, #957, #375, #4011 ) ) ;
#4861 = VERTEX_POINT ( 'NONE', #1933 ) ;
#4862 = AXIS2_PLACEMENT_3D ( 'NONE', #4311, #3871, #1076 ) ;
#4863 = LINE ( 'NONE', #2203, #5001 ) ;
#4864 = EDGE_CURVE ( 'NONE', #3779, #1072, #1771, .T. ) ;
#4865 = CARTESIAN_POINT ( 'NONE',  ( -1.872113555424991900, 0.6021114746462065100, 0.0000000000000000000 ) ) ;
#4866 = ORIENTED_EDGE ( 'NONE', *, *, #5816, .T. ) ;
#4867 = EDGE_LOOP ( 'NONE', ( #3342, #109, #4348, #4366 ) ) ;
#4868 = ORIENTED_EDGE ( 'NONE', *, *, #997, .T. ) ;
#4869 = LINE ( 'NONE', #611, #3497 ) ;
#4870 = CARTESIAN_POINT ( 'NONE',  ( 1.932472037920066200, 0.4630441504844251500, -3.000000000000000400 ) ) ;
#4871 = ORIENTED_EDGE ( 'NONE', *, *, #2738, .F. ) ;
#4872 = AXIS2_PLACEMENT_3D ( 'NONE', #5862, #3101, #328 ) ;
#4873 = EDGE_LOOP ( 'NONE', ( #2620, #4957, #3412, #1019 ) ) ;
#4874 = EDGE_CURVE ( 'NONE', #245, #2393, #5330, .T. ) ;
#4875 = CARTESIAN_POINT ( 'NONE',  ( 1.959926377769666700, 0.4687656208663902300, 0.0000000000000000000 ) ) ;
#4876 = ORIENTED_EDGE ( 'NONE', *, *, #4275, .F. ) ;
#4877 = LINE ( 'NONE', #1119, #3801 ) ;
#4878 = FACE_OUTER_BOUND ( 'NONE', #4860, .T. ) ;
#4879 = DIRECTION ( 'NONE',  ( 0.0000000000000000000, 0.0000000000000000000, 1.000000000000000000 ) ) ;
#4880 = ADVANCED_FACE ( 'NONE', ( #4107 ), #3964, .F. ) ;
#4881 = DIRECTION ( 'NONE',  ( 0.0000000000000000000, -1.000000000000000000, 0.0000000000000000000 ) ) ;
#4882 = DIRECTION ( 'NONE',  ( 0.0000000000000000000, 0.0000000000000000000, 1.000000000000000000 ) ) ;
#4883 = ORIENTED_EDGE ( 'NONE', *, *, #4201, .F. ) ;
#4884 = VERTEX_POINT ( 'NONE', #4710 ) ;
#4885 = DIRECTION ( 'NONE',  ( 0.0000000000000000000, 0.0000000000000000000, 1.000000000000000000 ) ) ;
#4886 = AXIS2_PLACEMENT_3D ( 'NONE', #4334, #2963, #190 ) ;
#4887 = CYLINDRICAL_SURFACE ( 'NONE', #3273, 0.6250000000000003300 ) ;
#4888 = LINE ( 'NONE', #3680, #3656 ) ;
#4889 = EDGE_CURVE ( 'NONE', #2173, #2252, #406, .T. ) ;
#4890 = CARTESIAN_POINT ( 'NONE',  ( 1.877632627858003100, 0.04266035140102816100, -2.654999999999998900 ) ) ;
#4891 = ORIENTED_EDGE ( 'NONE', *, *, #4605, .T. ) ;
#4892 = DIRECTION ( 'NONE',  ( -0.0000000000000000000, 1.000000000000000000, -0.0000000000000000000 ) ) ;
#4893 = LINE ( 'NONE', #1511, #3660 ) ;
#4894 = FACE_OUTER_BOUND ( 'NONE', #420, .T. ) ;
#4895 = CIRCLE ( 'NONE', #3491, 0.02500000000000000500 ) ;
#4896 = ORIENTED_EDGE ( 'NONE', *, *, #3321, .T. ) ;
#4897 = AXIS2_PLACEMENT_3D ( 'NONE', #3628, #4467, #1217 ) ;
#4898 = LINE ( 'NONE', #2975, #5983 ) ;
#4899 = LINE ( 'NONE', #5839, #5984 ) ;
#4900 = VECTOR ( 'NONE', #5703, 39.37007874015748100 ) ;
#4901 = ORIENTED_EDGE ( 'NONE', *, *, #2715, .F. ) ;
#4902 = ORIENTED_EDGE ( 'NONE', *, *, #4581, .T. ) ;
#4903 = CARTESIAN_POINT ( 'NONE',  ( -1.946771454098938000, 0.4452139642359396200, 0.0000000000000000000 ) ) ;
#4904 = DIRECTION ( 'NONE',  ( 0.0000000000000000000, 0.0000000000000000000, 1.000000000000000000 ) ) ;
#4905 = CIRCLE ( 'NONE', #191, 0.02199999999999992900 ) ;
#4906 = CARTESIAN_POINT ( 'NONE',  ( -0.7177631569268034800, 0.9347413424495103500, 0.0000000000000000000 ) ) ;
#4907 = VECTOR ( 'NONE', #1673, 39.37007874015748900 ) ;
#4908 = ORIENTED_EDGE ( 'NONE', *, *, #2988, .T. ) ;
#4909 = EDGE_CURVE ( 'NONE', #1518, #3770, #5177, .T. ) ;
#4910 = ORIENTED_EDGE ( 'NONE', *, *, #3849, .T. ) ;
#4911 = DIRECTION ( 'NONE',  ( 1.000000000000000000, 0.0000000000000000000, -5.947484449591497200E-015 ) ) ;
#4912 = ADVANCED_FACE ( 'NONE', ( #1634 ), #2573, .T. ) ;
#4913 = AXIS2_PLACEMENT_3D ( 'NONE', #4172, #4619, #1848 ) ;
#4914 = EDGE_CURVE ( 'NONE', #4076, #131, #3819, .T. ) ;
#4915 = VERTEX_POINT ( 'NONE', #4738 ) ;
#4916 = CARTESIAN_POINT ( 'NONE',  ( 1.866515789744190200, 0.5850194903075147700, 0.0000000000000000000 ) ) ;
#4917 = EDGE_CURVE ( 'NONE', #3847, #4279, #1331, .T. ) ;
#4918 = DIRECTION ( 'NONE',  ( -0.7231928259747971700, 0.6906461731296182900, 0.0000000000000000000 ) ) ;
#4919 = CARTESIAN_POINT ( 'NONE',  ( 1.201152527650757300, 0.9719999999999998600, -3.000000000000000400 ) ) ;
#4920 = ORIENTED_EDGE ( 'NONE', *, *, #3536, .F. ) ;
#4921 = CARTESIAN_POINT ( 'NONE',  ( -1.894113555424991900, 0.6021114746462065100, -3.000000000000000400 ) ) ;
#4922 = AXIS2_PLACEMENT_3D ( 'NONE', #4702, #103, #2395 ) ;
#4923 = DIRECTION ( 'NONE',  ( 1.000000000000000000, -3.619389336043008200E-015, 0.0000000000000000000 ) ) ;
#4924 = ORIENTED_EDGE ( 'NONE', *, *, #4926, .T. ) ;
#4925 = ORIENTED_EDGE ( 'NONE', *, *, #4525, .F. ) ;
#4926 = EDGE_CURVE ( 'NONE', #4739, #475, #266, .T. ) ;
#4927 = DIRECTION ( 'NONE',  ( -0.0000000000000000000, 1.000000000000000000, -0.0000000000000000000 ) ) ;
#4928 = CARTESIAN_POINT ( 'NONE',  ( 0.9683585055943934000, 0.2601086883240222900, -3.000000000000000400 ) ) ;
#4929 = ADVANCED_FACE ( 'NONE', ( #4894 ), #2903, .T. ) ;
#4930 = CARTESIAN_POINT ( 'NONE',  ( 0.1406498627725982800, 0.1870000000000000000, -1.432961540613206600 ) ) ;
#4931 = ORIENTED_EDGE ( 'NONE', *, *, #640, .F. ) ;
#4932 = EDGE_LOOP ( 'NONE', ( #5458, #1182, #449, #4027 ) ) ;
#4933 = VECTOR ( 'NONE', #5824, 39.37007874015748100 ) ;
#4934 = DIRECTION ( 'NONE',  ( 0.0000000000000000000, 0.0000000000000000000, 1.000000000000000000 ) ) ;
#4935 = ORIENTED_EDGE ( 'NONE', *, *, #1004, .T. ) ;
#4936 = DIRECTION ( 'NONE',  ( -1.000000000000000000, -0.0000000000000000000, -0.0000000000000000000 ) ) ;
#4937 = ORIENTED_EDGE ( 'NONE', *, *, #128, .F. ) ;
#4938 = FACE_OUTER_BOUND ( 'NONE', #3338, .T. ) ;
#4939 = DIRECTION ( 'NONE',  ( -0.8915852669750270500, 0.4528528587886684300, 0.0000000000000000000 ) ) ;
#4940 = AXIS2_PLACEMENT_3D ( 'NONE', #81, #4258, #1470 ) ;
#4941 = ORIENTED_EDGE ( 'NONE', *, *, #4330, .T. ) ;
#4942 = EDGE_CURVE ( 'NONE', #872, #5874, #5025, .T. ) ;
#4943 = CARTESIAN_POINT ( 'NONE',  ( -1.875799255049397200, 0.5887366494280017500, -3.000000000000000400 ) ) ;
#4944 = CIRCLE ( 'NONE', #3558, 0.02500000000000014400 ) ;
#4945 = ORIENTED_EDGE ( 'NONE', *, *, #4151, .F. ) ;
#4946 = ORIENTED_EDGE ( 'NONE', *, *, #4114, .F. ) ;
#4947 =( LENGTH_UNIT ( ) NAMED_UNIT ( * ) SI_UNIT ( $, .METRE. ) );
#4948 = FACE_OUTER_BOUND ( 'NONE', #3300, .T. ) ;
#4949 = FACE_OUTER_BOUND ( 'NONE', #899, .T. ) ;
#4950 = AXIS2_PLACEMENT_3D ( 'NONE', #1516, #584, #2918 ) ;
#4951 = ORIENTED_EDGE ( 'NONE', *, *, #4850, .F. ) ;
#4952 = EDGE_CURVE ( 'NONE', #690, #4016, #2420, .T. ) ;
#4953 = CARTESIAN_POINT ( 'NONE',  ( 0.9911760075679538800, 0.2350188122786551500, -3.000000000000000400 ) ) ;
#4954 = VECTOR ( 'NONE', #3509, 39.37007874015748900 ) ;
#4955 = DIRECTION ( 'NONE',  ( 1.000000000000000000, 0.0000000000000000000, 0.0000000000000000000 ) ) ;
#4956 = CYLINDRICAL_SURFACE ( 'NONE', #620, 0.02199999999999992900 ) ;
#4957 = ORIENTED_EDGE ( 'NONE', *, *, #1526, .F. ) ;
#4958 = PLANE ( 'NONE',  #3286 ) ;
#4959 = AXIS2_PLACEMENT_3D ( 'NONE', #5936, #3168, #394 ) ;
#4960 = ORIENTED_EDGE ( 'NONE', *, *, #1875, .T. ) ;
#4961 = CIRCLE ( 'NONE', #4367, 0.02500000000000000500 ) ;
#4962 = EDGE_CURVE ( 'NONE', #3894, #3828, #1185, .T. ) ;
#4963 = LINE ( 'NONE', #3232, #2648 ) ;
#4964 = VECTOR ( 'NONE', #4303, 39.37007874015748100 ) ;
#4965 = DIRECTION ( 'NONE',  ( -1.000000000000000000, 0.0000000000000000000, 0.0000000000000000000 ) ) ;
#4966 = ORIENTED_EDGE ( 'NONE', *, *, #4765, .T. ) ;
#4967 = ADVANCED_FACE ( 'NONE', ( #3661, #3517, #5977, #2273, #1041 ), #2465, .T. ) ;
#4968 = CIRCLE ( 'NONE', #3714, 0.02199999999999965500 ) ;
#4969 = LINE ( 'NONE', #5062, #2362 ) ;
#4970 = EDGE_CURVE ( 'NONE', #2277, #2023, #3367, .T. ) ;
#4971 = ORIENTED_EDGE ( 'NONE', *, *, #2475, .F. ) ;
#4972 =( NAMED_UNIT ( * ) PLANE_ANGLE_UNIT ( ) SI_UNIT ( $, .RADIAN. ) );
#4973 = ORIENTED_EDGE ( 'NONE', *, *, #5074, .F. ) ;
#4974 = DIRECTION ( 'NONE',  ( 1.000000000000000000, 0.0000000000000000000, 0.0000000000000000000 ) ) ;
#4975 = ADVANCED_FACE ( 'NONE', ( #2126 ), #3406, .T. ) ;
#4976 = EDGE_LOOP ( 'NONE', ( #1436, #389, #2241, #5879 ) ) ;
#4977 = LINE ( 'NONE', #1773, #206 ) ;
#4978 = DIRECTION ( 'NONE',  ( 0.0000000000000000000, 0.0000000000000000000, 1.000000000000000000 ) ) ;
#4979 = EDGE_CURVE ( 'NONE', #26, #2223, #5681, .T. ) ;
#4980 = ORIENTED_EDGE ( 'NONE', *, *, #300, .F. ) ;
#4981 = CARTESIAN_POINT ( 'NONE',  ( 0.7924999999999997600, 0.9780000000000000900, 0.0000000000000000000 ) ) ;
#4982 = DIRECTION ( 'NONE',  ( -0.0000000000000000000, -0.0000000000000000000, -1.000000000000000000 ) ) ;
#4983 = EDGE_CURVE ( 'NONE', #1463, #4437, #4589, .T. ) ;
#4984 = EDGE_LOOP ( 'NONE', ( #251, #5648, #2034, #5838 ) ) ;
#4985 = DIRECTION ( 'NONE',  ( 0.0000000000000000000, 0.0000000000000000000, 1.000000000000000000 ) ) ;
#4986 = DIRECTION ( 'NONE',  ( 0.0000000000000000000, 0.0000000000000000000, 1.000000000000000000 ) ) ;
#4987 = AXIS2_PLACEMENT_3D ( 'NONE', #3103, #1245, #4474 ) ;
#4988 = ORIENTED_EDGE ( 'NONE', *, *, #3737, .T. ) ;
#4989 = EDGE_CURVE ( 'NONE', #866, #1296, #894, .T. ) ;
#4990 = PLANE ( 'NONE',  #2024 ) ;
#4991 = DIRECTION ( 'NONE',  ( 1.000000000000000000, 0.0000000000000000000, 0.0000000000000000000 ) ) ;
#4992 = VERTEX_POINT ( 'NONE', #2964 ) ;
#4993 = ADVANCED_FACE ( 'NONE', ( #754 ), #4312, .T. ) ;
#4994 = DIRECTION ( 'NONE',  ( 0.0000000000000000000, 0.0000000000000000000, 1.000000000000000000 ) ) ;
#4995 = AXIS2_PLACEMENT_3D ( 'NONE', #722, #3985, #1186 ) ;
#4996 = DIRECTION ( 'NONE',  ( -1.000000000000000000, 0.0000000000000000000, 0.0000000000000000000 ) ) ;
#4997 = ORIENTED_EDGE ( 'NONE', *, *, #2908, .F. ) ;
#4998 = ORIENTED_EDGE ( 'NONE', *, *, #1650, .T. ) ;
#4999 = DIRECTION ( 'NONE',  ( 0.0000000000000000000, 0.0000000000000000000, 1.000000000000000000 ) ) ;
#5000 = ORIENTED_EDGE ( 'NONE', *, *, #4358, .F. ) ;
#5001 = VECTOR ( 'NONE', #4509, 39.37007874015748900 ) ;
#5002 = ORIENTED_EDGE ( 'NONE', *, *, #1949, .T. ) ;
#5003 = VERTEX_POINT ( 'NONE', #3451 ) ;
#5004 = DIRECTION ( 'NONE',  ( -0.0000000000000000000, 1.000000000000000000, -0.0000000000000000000 ) ) ;
#5005 = ORIENTED_EDGE ( 'NONE', *, *, #1093, .F. ) ;
#5006 = LINE ( 'NONE', #1505, #1313 ) ;
#5007 = VERTEX_POINT ( 'NONE', #3918 ) ;
#5008 = ORIENTED_EDGE ( 'NONE', *, *, #3144, .F. ) ;
#5009 = EDGE_LOOP ( 'NONE', ( #2616, #2799, #5434, #2408 ) ) ;
#5010 = CARTESIAN_POINT ( 'NONE',  ( -1.201152527650757300, 0.9500000000000000700, -3.000000000000000400 ) ) ;
#5011 = FACE_OUTER_BOUND ( 'NONE', #3934, .T. ) ;
#5012 = CYLINDRICAL_SURFACE ( 'NONE', #841, 0.02749999999999991000 ) ;
#5013 = DIRECTION ( 'NONE',  ( 0.0000000000000000000, 0.0000000000000000000, 1.000000000000000000 ) ) ;
#5014 = VERTEX_POINT ( 'NONE', #1128 ) ;
#5015 = CARTESIAN_POINT ( 'NONE',  ( 0.3298335452906798200, 0.0000000000000000000, -1.998324128259931100 ) ) ;
#5016 = DIRECTION ( 'NONE',  ( 0.0000000000000000000, 0.0000000000000000000, 1.000000000000000000 ) ) ;
#5017 = ORIENTED_EDGE ( 'NONE', *, *, #2591, .F. ) ;
#5018 = CIRCLE ( 'NONE', #5870, 0.3749999999999999400 ) ;
#5019 = LINE ( 'NONE', #2757, #4733 ) ;
#5020 = DIRECTION ( 'NONE',  ( 0.0000000000000000000, 0.0000000000000000000, 1.000000000000000000 ) ) ;
#5021 = VERTEX_POINT ( 'NONE', #4377 ) ;
#5022 = ORIENTED_EDGE ( 'NONE', *, *, #4983, .T. ) ;
#5023 = CIRCLE ( 'NONE', #1368, 0.02500000000000000500 ) ;
#5024 = AXIS2_PLACEMENT_3D ( 'NONE', #2156, #5414, #2633 ) ;
#5025 = LINE ( 'NONE', #2926, #1483 ) ;
#5026 = LINE ( 'NONE', #5834, #267 ) ;
#5027 = CARTESIAN_POINT ( 'NONE',  ( -1.077274771286915300, 0.9350000000000000500, -3.000000000000000400 ) ) ;
#5028 = ADVANCED_FACE ( 'NONE', ( #1991 ), #1844, .T. ) ;
#5029 = EDGE_CURVE ( 'NONE', #5725, #1058, #3226, .T. ) ;
#5030 = DIRECTION ( 'NONE',  ( 0.0000000000000000000, 0.0000000000000000000, 1.000000000000000000 ) ) ;
#5031 = ORIENTED_EDGE ( 'NONE', *, *, #3092, .T. ) ;
#5032 = CARTESIAN_POINT ( 'NONE',  ( 1.036152527650757300, 0.9719999999999998600, -3.000000000000000400 ) ) ;
#5033 = ORIENTED_EDGE ( 'NONE', *, *, #2494, .T. ) ;
#5034 = VECTOR ( 'NONE', #3419, 39.37007874015748100 ) ;
#5035 = CARTESIAN_POINT ( 'NONE',  ( 0.7327609266367163300, 0.9499999999999999600, -3.000000000000000400 ) ) ;
#5036 = FACE_OUTER_BOUND ( 'NONE', #5684, .T. ) ;
#5037 = VECTOR ( 'NONE', #4310, 39.37007874015748900 ) ;
#5038 = ORIENTED_EDGE ( 'NONE', *, *, #3276, .T. ) ;
#5039 = ORIENTED_EDGE ( 'NONE', *, *, #3456, .F. ) ;
#5040 = AXIS2_PLACEMENT_3D ( 'NONE', #5769, #2999, #230 ) ;
#5041 = ORIENTED_EDGE ( 'NONE', *, *, #2133, .F. ) ;
#5042 = EDGE_CURVE ( 'NONE', #2211, #2234, #4453, .T. ) ;
#5043 = LINE ( 'NONE', #4704, #2588 ) ;
#5044 = CARTESIAN_POINT ( 'NONE',  ( -0.7853104575018061700, 0.3822573689325231600, -3.000000000000000400 ) ) ;
#5045 = CARTESIAN_POINT ( 'NONE',  ( -2.035959736159318900, 0.04818925585431360600, 0.0000000000000000000 ) ) ;
#5046 = CIRCLE ( 'NONE', #1588, 0.02199999999999965500 ) ;
#5047 = EDGE_CURVE ( 'NONE', #4355, #4184, #3080, .T. ) ;
#5048 = EDGE_LOOP ( 'NONE', ( #4763, #5731, #5910, #5860 ) ) ;
#5049 = DIRECTION ( 'NONE',  ( 0.0000000000000000000, 0.0000000000000000000, 1.000000000000000000 ) ) ;
#5050 = DIRECTION ( 'NONE',  ( 1.000000000000000000, 0.0000000000000000000, 0.0000000000000000000 ) ) ;
#5051 = AXIS2_PLACEMENT_3D ( 'NONE', #503, #3750, #961 ) ;
#5052 = EDGE_CURVE ( 'NONE', #5478, #2001, #5400, .T. ) ;
#5053 = DIRECTION ( 'NONE',  ( 0.0000000000000000000, 0.0000000000000000000, 1.000000000000000000 ) ) ;
#5054 =( BOUNDED_CURVE ( )  B_SPLINE_CURVE ( 3, ( #3313, #5146, #548, #3786 ),
 .UNSPECIFIED., .F., .F. ) 
 B_SPLINE_CURVE_WITH_KNOTS ( ( 4, 4 ),
 ( 1.570796326794896600, 3.141592653589793100 ),
 .UNSPECIFIED. ) 
 CURVE ( )  GEOMETRIC_REPRESENTATION_ITEM ( )  RATIONAL_B_SPLINE_CURVE ( ( 1.000000000000000000, 0.8047378541243649400, 0.8047378541243649400, 1.000000000000000000 ) ) 
 REPRESENTATION_ITEM ( '' )  );
#5055 = CARTESIAN_POINT ( 'NONE',  ( 0.1406498627725982800, 0.1870000000000000000, -1.322961540613206700 ) ) ;
#5056 = DIRECTION ( 'NONE',  ( 0.03489949670250190600, 0.9993908270190957600, -0.0000000000000000000 ) ) ;
#5057 = ORIENTED_EDGE ( 'NONE', *, *, #5702, .F. ) ;
#5058 = AXIS2_PLACEMENT_3D ( 'NONE', #3334, #571, #3821 ) ;
#5059 = EDGE_CURVE ( 'NONE', #4479, #4861, #617, .T. ) ;
#5060 = DIRECTION ( 'NONE',  ( -0.0000000000000000000, -0.0000000000000000000, -1.000000000000000000 ) ) ;
#5061 = AXIS2_PLACEMENT_3D ( 'NONE', #942, #4208, #1418 ) ;
#5062 = CARTESIAN_POINT ( 'NONE',  ( -0.6560000000000076900, 2.692305698095868600E-016, -0.1549999999999960300 ) ) ;
#5063 = ORIENTED_EDGE ( 'NONE', *, *, #291, .T. ) ;
#5064 = EDGE_CURVE ( 'NONE', #5099, #3752, #2938, .T. ) ;
#5065 = CARTESIAN_POINT ( 'NONE',  ( -1.874656792175581700, 0.04255643292911714900, -0.2499999999999999700 ) ) ;
#5066 = ORIENTED_EDGE ( 'NONE', *, *, #861, .F. ) ;
#5067 = LINE ( 'NONE', #70, #157 ) ;
#5068 = PLANE ( 'NONE',  #4522 ) ;
#5069 = DIRECTION ( 'NONE',  ( 1.000000000000000000, 0.0000000000000000000, 0.0000000000000000000 ) ) ;
#5070 = VERTEX_POINT ( 'NONE', #2092 ) ;
#5071 = CARTESIAN_POINT ( 'NONE',  ( -0.9608227776630183800, 0.2422201668336072000, -3.000000000000000400 ) ) ;
#5072 = CARTESIAN_POINT ( 'NONE',  ( -1.049803758246039600, 0.1176598335497449100, -3.000000000000000400 ) ) ;
#5073 = ORIENTED_EDGE ( 'NONE', *, *, #419, .F. ) ;
#5074 = EDGE_CURVE ( 'NONE', #455, #1375, #1554, .T. ) ;
#5075 = CARTESIAN_POINT ( 'NONE',  ( -1.886697118537944900, -0.3022334023924709300, -2.654999999999998900 ) ) ;
#5076 = LINE ( 'NONE', #2570, #3863 ) ;
#5077 = ORIENTED_EDGE ( 'NONE', *, *, #3020, .F. ) ;
#5078 = ORIENTED_EDGE ( 'NONE', *, *, #3411, .F. ) ;
#5079 = VERTEX_POINT ( 'NONE', #3039 ) ;
#5080 = VECTOR ( 'NONE', #3649, 39.37007874015748100 ) ;
#5081 = CARTESIAN_POINT ( 'NONE',  ( 1.077274771286915300, 0.9350000000000000500, 0.0000000000000000000 ) ) ;
#5082 = ORIENTED_EDGE ( 'NONE', *, *, #2188, .F. ) ;
#5083 = CARTESIAN_POINT ( 'NONE',  ( -0.6674999999999998700, 0.9780000000000000900, 0.0000000000000000000 ) ) ;
#5084 = VERTEX_POINT ( 'NONE', #5352 ) ;
#5085 = EDGE_CURVE ( 'NONE', #1383, #1375, #472, .T. ) ;
#5086 = VECTOR ( 'NONE', #2314, 39.37007874015748900 ) ;
#5087 = DIRECTION ( 'NONE',  ( 0.0000000000000000000, 1.000000000000000000, 0.0000000000000000000 ) ) ;
#5088 = VECTOR ( 'NONE', #3824, 39.37007874015748900 ) ;
#5089 = DIRECTION ( 'NONE',  ( 0.0000000000000000000, 0.0000000000000000000, 1.000000000000000000 ) ) ;
#5090 = ORIENTED_EDGE ( 'NONE', *, *, #4559, .F. ) ;
#5091 = DIRECTION ( 'NONE',  ( -0.9993908270190957600, -0.03489949670250189200, 0.0000000000000000000 ) ) ;
#5092 = DIRECTION ( 'NONE',  ( 0.0000000000000000000, 0.0000000000000000000, 1.000000000000000000 ) ) ;
#5093 = CARTESIAN_POINT ( 'NONE',  ( -1.077274771286915300, 0.9350000000000000500, 0.0000000000000000000 ) ) ;
#5094 = VECTOR ( 'NONE', #3986, 39.37007874015748100 ) ;
#5095 = LINE ( 'NONE', #4633, #2491 ) ;
#5096 = DIRECTION ( 'NONE',  ( 1.000000000000000000, 0.0000000000000000000, 0.0000000000000000000 ) ) ;
#5097 = ORIENTED_EDGE ( 'NONE', *, *, #4622, .F. ) ;
#5098 = EDGE_CURVE ( 'NONE', #5243, #3274, #2788, .T. ) ;
#5099 = VERTEX_POINT ( 'NONE', #1189 ) ;
#5100 = EDGE_LOOP ( 'NONE', ( #2380, #2996, #2392, #23 ) ) ;
#5101 = VECTOR ( 'NONE', #1747, 39.37007874015748900 ) ;
#5102 = VECTOR ( 'NONE', #2291, 39.37007874015748100 ) ;
#5103 = CYLINDRICAL_SURFACE ( 'NONE', #5355, 0.02749999999999991000 ) ;
#5104 = CARTESIAN_POINT ( 'NONE',  ( 1.861018482783663300, -0.4331065150268529900, -2.750000000000000000 ) ) ;
#5105 = VERTEX_POINT ( 'NONE', #4429 ) ;
#5106 = AXIS2_PLACEMENT_3D ( 'NONE', #557, #5182, #4707 ) ;
#5107 = CARTESIAN_POINT ( 'NONE',  ( 0.6674999999999998700, 0.0000000000000000000, -3.000000000000000400 ) ) ;
#5108 = LINE ( 'NONE', #4614, #1567 ) ;
#5109 = DIRECTION ( 'NONE',  ( 0.0000000000000000000, 0.0000000000000000000, 1.000000000000000000 ) ) ;
#5110 = EDGE_CURVE ( 'NONE', #3627, #2252, #2641, .T. ) ;
#5111 = DIRECTION ( 'NONE',  ( 0.0000000000000000000, 0.0000000000000000000, 1.000000000000000000 ) ) ;
#5112 = CYLINDRICAL_SURFACE ( 'NONE', #54, 0.02749999999999991000 ) ;
#5113 = ORIENTED_EDGE ( 'NONE', *, *, #3845, .F. ) ;
#5114 = DIRECTION ( 'NONE',  ( 0.0000000000000000000, 0.0000000000000000000, 1.000000000000000000 ) ) ;
#5115 = DIRECTION ( 'NONE',  ( 1.000000000000000000, 0.0000000000000000000, 0.0000000000000000000 ) ) ;
#5116 = CARTESIAN_POINT ( 'NONE',  ( 0.7924999999999999800, 0.9780000000000000900, -3.000000000000000400 ) ) ;
#5117 = AXIS2_PLACEMENT_3D ( 'NONE', #4139, #1348, #4583 ) ;
#5118 = PLANE ( 'NONE',  #203 ) ;
#5119 = ORIENTED_EDGE ( 'NONE', *, *, #1027, .T. ) ;
#5120 = DIRECTION ( 'NONE',  ( 0.0000000000000000000, -0.0000000000000000000, -1.000000000000000000 ) ) ;
#5121 = DIRECTION ( 'NONE',  ( 0.0000000000000000000, 0.0000000000000000000, 1.000000000000000000 ) ) ;
#5122 = CARTESIAN_POINT ( 'NONE',  ( -0.7704999999999998500, 1.000000000000000000, -3.000000000000000400 ) ) ;
#5123 = ORIENTED_EDGE ( 'NONE', *, *, #5557, .F. ) ;
#5124 = DIRECTION ( 'NONE',  ( 1.000000000000000000, 0.0000000000000000000, 0.0000000000000000000 ) ) ;
#5125 = DIRECTION ( 'NONE',  ( -5.947484449591497200E-015, 2.076907335199443400E-016, -1.000000000000000000 ) ) ;
#5126 = CARTESIAN_POINT ( 'NONE',  ( -1.873767662260251700, 0.5937422075738170200, -3.000000000000000400 ) ) ;
#5127 = ORIENTED_EDGE ( 'NONE', *, *, #713, .F. ) ;
#5128 = CARTESIAN_POINT ( 'NONE',  ( 2.044526027500084700, -0.4395147396958919400, -0.3450000000000001400 ) ) ;
#5129 = AXIS2_PLACEMENT_3D ( 'NONE', #2753, #4161, #1364 ) ;
#5130 = CARTESIAN_POINT ( 'NONE',  ( -0.6544999999999999700, 0.2000000000000000100, 0.0000000000000000000 ) ) ;
#5131 = EDGE_CURVE ( 'NONE', #4149, #4335, #5244, .T. ) ;
#5132 = CARTESIAN_POINT ( 'NONE',  ( 0.6674999999999998700, 0.0000000000000000000, -3.000000000000000400 ) ) ;
#5133 = VERTEX_POINT ( 'NONE', #5364 ) ;
#5134 = CARTESIAN_POINT ( 'NONE',  ( 1.201152527650757300, 0.9719999999999998600, -3.000000000000000400 ) ) ;
#5135 = CARTESIAN_POINT ( 'NONE',  ( 1.877632627858003100, 0.04266035140102816100, -2.844999999999999300 ) ) ;
#5136 = ORIENTED_EDGE ( 'NONE', *, *, #5646, .F. ) ;
#5137 = EDGE_CURVE ( 'NONE', #3537, #4335, #184, .T. ) ;
#5138 = CARTESIAN_POINT ( 'NONE',  ( -1.049351302829074900, 0.09266392820315545700, -3.000000000000000400 ) ) ;
#5139 = ORIENTED_EDGE ( 'NONE', *, *, #5542, .F. ) ;
#5140 = DIRECTION ( 'NONE',  ( 0.03489949670250190600, 0.9993908270190957600, -0.0000000000000000000 ) ) ;
#5141 = ADVANCED_FACE ( 'NONE', ( #3734 ), #3584, .T. ) ;
#5142 = ORIENTED_EDGE ( 'NONE', *, *, #3114, .T. ) ;
#5143 = ORIENTED_EDGE ( 'NONE', *, *, #4917, .F. ) ;
#5144 = VECTOR ( 'NONE', #3061, 39.37007874015748100 ) ;
#5145 =( GEOMETRIC_REPRESENTATION_CONTEXT ( 3 ) GLOBAL_UNCERTAINTY_ASSIGNED_CONTEXT ( ( #3998 ) ) GLOBAL_UNIT_ASSIGNED_CONTEXT ( ( #200, #3432, #656 ) ) REPRESENTATION_CONTEXT ( 'NONE', 'WORKASPACE' ) );
#5146 = CARTESIAN_POINT ( 'NONE',  ( 1.823805167915710100, 0.09581418001649220900, -2.845000000000000200 ) ) ;
#5147 = ORIENTED_EDGE ( 'NONE', *, *, #227, .T. ) ;
#5148 = EDGE_CURVE ( 'NONE', #187, #3212, #2490, .T. ) ;
#5149 = DIRECTION ( 'NONE',  ( 0.0000000000000000000, 0.0000000000000000000, 1.000000000000000000 ) ) ;
#5150 = EDGE_LOOP ( 'NONE', ( #1092, #61, #591, #4580 ) ) ;
#5151 = ORIENTED_EDGE ( 'NONE', *, *, #4776, .F. ) ;
#5152 = CARTESIAN_POINT ( 'NONE',  ( -1.521747305393765800, 0.9211830336102360100, 0.0000000000000000000 ) ) ;
#5153 = CARTESIAN_POINT ( 'NONE',  ( -1.223152527650756900, 0.9719999999999998600, 0.0000000000000000000 ) ) ;
#5154 = LINE ( 'NONE', #3318, #4091 ) ;
#5155 = DIRECTION ( 'NONE',  ( 0.9993908270190955400, 0.03489949670250170500, 0.0000000000000000000 ) ) ;
#5156 = ORIENTED_EDGE ( 'NONE', *, *, #1551, .T. ) ;
#5157 = DIRECTION ( 'NONE',  ( 1.000000000000000000, 0.0000000000000000000, 0.0000000000000000000 ) ) ;
#5158 = ORIENTED_EDGE ( 'NONE', *, *, #5455, .T. ) ;
#5159 = EDGE_CURVE ( 'NONE', #2098, #5584, #41, .T. ) ;
#5160 = CARTESIAN_POINT ( 'NONE',  ( 1.049803758246039600, 0.1176598335497449100, -3.000000000000000400 ) ) ;
#5161 = ORIENTED_EDGE ( 'NONE', *, *, #3849, .F. ) ;
#5162 = LINE ( 'NONE', #4808, #3947 ) ;
#5163 = VECTOR ( 'NONE', #1672, 39.37007874015748100 ) ;
#5164 = ORIENTED_EDGE ( 'NONE', *, *, #1166, .T. ) ;
#5165 = CARTESIAN_POINT ( 'NONE',  ( -1.885158604831293800, 0.5113038150519720900, 0.0000000000000000000 ) ) ;
#5166 = ORIENTED_EDGE ( 'NONE', *, *, #843, .F. ) ;
#5167 = CIRCLE ( 'NONE', #3394, 0.02200000000000020300 ) ;
#5168 = CARTESIAN_POINT ( 'NONE',  ( 2.034040263840681400, 0.1031557513403639100, -0.3450000000000003100 ) ) ;
#5169 = VECTOR ( 'NONE', #4994, 39.37007874015748100 ) ;
#5170 = ORIENTED_EDGE ( 'NONE', *, *, #3177, .T. ) ;
#5171 = AXIS2_PLACEMENT_3D ( 'NONE', #5319, #4393, #2074 ) ;
#5172 = EDGE_CURVE ( 'NONE', #3356, #1854, #1400, .T. ) ;
#5173 = CARTESIAN_POINT ( 'NONE',  ( 0.9709462570949567400, 0.2203301365112392300, 0.0000000000000000000 ) ) ;
#5174 = FACE_OUTER_BOUND ( 'NONE', #2280, .T. ) ;
#5175 = DIRECTION ( 'NONE',  ( 0.0000000000000000000, 0.0000000000000000000, 1.000000000000000000 ) ) ;
#5176 = DIRECTION ( 'NONE',  ( 0.0000000000000000000, 0.0000000000000000000, 1.000000000000000000 ) ) ;
#5177 = LINE ( 'NONE', #1480, #4249 ) ;
#5178 = CYLINDRICAL_SURFACE ( 'NONE', #999, 0.5750000000000000700 ) ;
#5179 = ORIENTED_EDGE ( 'NONE', *, *, #3028, .F. ) ;
#5180 = CARTESIAN_POINT ( 'NONE',  ( 1.873767662260251900, 0.5937422075738166800, 0.0000000000000000000 ) ) ;
#5181 = CIRCLE ( 'NONE', #1025, 0.01499999999999997700 ) ;
#5182 = DIRECTION ( 'NONE',  ( 0.0000000000000000000, 0.0000000000000000000, 1.000000000000000000 ) ) ;
#5183 = ADVANCED_FACE ( 'NONE', ( #4809 ), #3082, .T. ) ;
#5184 = DIRECTION ( 'NONE',  ( -0.6946583704589914800, -0.7193398003386568500, 0.0000000000000000000 ) ) ;
#5185 = AXIS2_PLACEMENT_3D ( 'NONE', #5783, #3021, #250 ) ;
#5186 = CYLINDRICAL_SURFACE ( 'NONE', #4481, 0.01499999999999997700 ) ;
#5187 = VECTOR ( 'NONE', #5199, 39.37007874015748100 ) ;
#5188 = EDGE_CURVE ( 'NONE', #3632, #5003, #3439, .T. ) ;
#5189 = ORIENTED_EDGE ( 'NONE', *, *, #5903, .T. ) ;
#5190 = ORIENTED_EDGE ( 'NONE', *, *, #205, .T. ) ;
#5191 = EDGE_LOOP ( 'NONE', ( #2102, #5675, #5635, #2983 ) ) ;
#5192 = CARTESIAN_POINT ( 'NONE',  ( -0.8597321782755623600, 0.3358722684617683800, -3.000000000000000400 ) ) ;
#5193 = ORIENTED_EDGE ( 'NONE', *, *, #1729, .F. ) ;
#5194 = FACE_OUTER_BOUND ( 'NONE', #4301, .T. ) ;
#5195 = AXIS2_PLACEMENT_3D ( 'NONE', #2019, #5260, #2487 ) ;
#5196 = CARTESIAN_POINT ( 'NONE',  ( -0.8929584296254596800, 0.2996556298667215100, 0.0000000000000000000 ) ) ;
#5197 = EDGE_CURVE ( 'NONE', #4245, #2477, #5900, .T. ) ;
#5198 = ORIENTED_EDGE ( 'NONE', *, *, #4989, .F. ) ;
#5199 = DIRECTION ( 'NONE',  ( 0.0000000000000000000, 0.0000000000000000000, 1.000000000000000000 ) ) ;
#5200 = DIRECTION ( 'NONE',  ( 0.0000000000000000000, 0.0000000000000000000, 1.000000000000000000 ) ) ;
#5201 = DIRECTION ( 'NONE',  ( 1.000000000000000000, 0.0000000000000000000, 0.0000000000000000000 ) ) ;
#5202 = ORIENTED_EDGE ( 'NONE', *, *, #5966, .T. ) ;
#5203 = CARTESIAN_POINT ( 'NONE',  ( 2.035000000000000100, 0.07567250359733875000, -3.000000000000000400 ) ) ;
#5204 = DIRECTION ( 'NONE',  ( -1.000000000000000000, 0.0000000000000000000, 0.0000000000000000000 ) ) ;
#5205 = EDGE_CURVE ( 'NONE', #3079, #1463, #2198, .T. ) ;
#5206 = ORIENTED_EDGE ( 'NONE', *, *, #2567, .F. ) ;
#5207 = DIRECTION ( 'NONE',  ( -1.000000000000000000, 0.0000000000000000000, 0.0000000000000000000 ) ) ;
#5208 = ADVANCED_FACE ( 'NONE', ( #967 ), #798, .T. ) ;
#5209 = CARTESIAN_POINT ( 'NONE',  ( 1.077274771286915300, 0.9499999999999999600, -3.000000000000000400 ) ) ;
#5210 = DIRECTION ( 'NONE',  ( 0.0000000000000000000, 0.0000000000000000000, 1.000000000000000000 ) ) ;
#5211 = DIRECTION ( 'NONE',  ( 1.000000000000000000, 0.0000000000000000000, 0.0000000000000000000 ) ) ;
#5212 = AXIS2_PLACEMENT_3D ( 'NONE', #5357, #3990, #263 ) ;
#5213 = CARTESIAN_POINT ( 'NONE',  ( -0.8847321782755623900, 0.3358722684617683800, 0.0000000000000000000 ) ) ;
#5214 = EDGE_CURVE ( 'NONE', #131, #530, #3289, .T. ) ;
#5215 = ORIENTED_EDGE ( 'NONE', *, *, #2163, .F. ) ;
#5216 = DIRECTION ( 'NONE',  ( 0.0000000000000000000, 0.0000000000000000000, 1.000000000000000000 ) ) ;
#5217 = DIRECTION ( 'NONE',  ( 0.0000000000000000000, 0.0000000000000000000, 1.000000000000000000 ) ) ;
#5218 = VERTEX_POINT ( 'NONE', #4507 ) ;
#5219 = DIRECTION ( 'NONE',  ( 0.0000000000000000000, 0.0000000000000000000, 1.000000000000000000 ) ) ;
#5220 = LINE ( 'NONE', #5116, #1525 ) ;
#5221 = AXIS2_PLACEMENT_3D ( 'NONE', #5745, #2977, #212 ) ;
#5222 = ORIENTED_EDGE ( 'NONE', *, *, #210, .T. ) ;
#5223 = EDGE_CURVE ( 'NONE', #1228, #4915, #4517, .T. ) ;
#5224 = CARTESIAN_POINT ( 'NONE',  ( 1.049351302829074900, 0.09266392820315545700, -3.000000000000000400 ) ) ;
#5225 = VERTEX_POINT ( 'NONE', #2201 ) ;
#5226 = CIRCLE ( 'NONE', #152, 0.5750000000000000700 ) ;
#5227 = CARTESIAN_POINT ( 'NONE',  ( 1.938175369272173900, 0.4654650710118934900, -3.000000000000000400 ) ) ;
#5228 = ORIENTED_EDGE ( 'NONE', *, *, #3706, .F. ) ;
#5229 = VERTEX_POINT ( 'NONE', #367 ) ;
#5230 = CIRCLE ( 'NONE', #5403, 0.01499999999999997700 ) ;
#5231 = ORIENTED_EDGE ( 'NONE', *, *, #4488, .T. ) ;
#5232 = AXIS2_PLACEMENT_3D ( 'NONE', #5627, #2852, #77 ) ;
#5233 = CYLINDRICAL_SURFACE ( 'NONE', #4486, 0.02749999999999991000 ) ;
#5234 = DIRECTION ( 'NONE',  ( -1.000000000000000000, 0.0000000000000000000, 0.0000000000000000000 ) ) ;
#5235 = EDGE_LOOP ( 'NONE', ( #1782, #1798, #3877, #5730 ) ) ;
#5236 = DIRECTION ( 'NONE',  ( 0.0000000000000000000, 0.0000000000000000000, 1.000000000000000000 ) ) ;
#5237 = ORIENTED_EDGE ( 'NONE', *, *, #5903, .F. ) ;
#5238 = CIRCLE ( 'NONE', #416, 0.02500000000000000500 ) ;
#5239 = LINE ( 'NONE', #1024, #5088 ) ;
#5240 = ADVANCED_FACE ( 'NONE', ( #820 ), #4990, .F. ) ;
#5241 = ORIENTED_EDGE ( 'NONE', *, *, #3501, .F. ) ;
#5242 = EDGE_CURVE ( 'NONE', #1643, #614, #5606, .T. ) ;
#5243 = VERTEX_POINT ( 'NONE', #5445 ) ;
#5244 = LINE ( 'NONE', #4906, #4954 ) ;
#5245 = CYLINDRICAL_SURFACE ( 'NONE', #2985, 0.3749999999999999400 ) ;
#5246 = VERTEX_POINT ( 'NONE', #387 ) ;
#5247 = VECTOR ( 'NONE', #5486, 39.37007874015748100 ) ;
#5248 = VECTOR ( 'NONE', #862, 39.37007874015748100 ) ;
#5249 = CIRCLE ( 'NONE', #880, 0.02199999999999992900 ) ;
#5250 = AXIS2_PLACEMENT_3D ( 'NONE', #3271, #504, #3751 ) ;
#5251 = ORIENTED_EDGE ( 'NONE', *, *, #3182, .F. ) ;
#5252 = CARTESIAN_POINT ( 'NONE',  ( -0.8847321782755623900, 0.3358722684617683800, 0.0000000000000000000 ) ) ;
#5253 = DIRECTION ( 'NONE',  ( 0.0000000000000000000, 0.0000000000000000000, 1.000000000000000000 ) ) ;
#5254 = LINE ( 'NONE', #4849, #1711 ) ;
#5255 = VECTOR ( 'NONE', #411, 39.37007874015748100 ) ;
#5256 = CARTESIAN_POINT ( 'NONE',  ( -1.342000000000000100, 0.3750000000000000600, -3.000000000000000400 ) ) ;
#5257 = CARTESIAN_POINT ( 'NONE',  ( -1.201152527650757300, 0.9999999999999996700, -3.000000000000000400 ) ) ;
#5258 = ORIENTED_EDGE ( 'NONE', *, *, #1679, .T. ) ;
#5259 = CARTESIAN_POINT ( 'NONE',  ( -1.670729069476437000, 0.8805157751061342100, -3.000000000000000400 ) ) ;
#5260 = DIRECTION ( 'NONE',  ( 0.0000000000000000000, 1.000000000000000000, 0.0000000000000000000 ) ) ;
#5261 = AXIS2_PLACEMENT_3D ( 'NONE', #5631, #2382, #3316 ) ;
#5262 = DIRECTION ( 'NONE',  ( 0.0000000000000000000, -0.0000000000000000000, 1.000000000000000000 ) ) ;
#5263 = DIRECTION ( 'NONE',  ( 0.0000000000000000000, 0.0000000000000000000, 1.000000000000000000 ) ) ;
#5264 = ORIENTED_EDGE ( 'NONE', *, *, #2598, .T. ) ;
#5265 = FILL_AREA_STYLE ('',( #2021 ) ) ;
#5266 = AXIS2_PLACEMENT_3D ( 'NONE', #3225, #5053, #448 ) ;
#5267 = DIRECTION ( 'NONE',  ( 0.0000000000000000000, 0.0000000000000000000, 1.000000000000000000 ) ) ;
#5268 = ADVANCED_FACE ( 'NONE', ( #2053 ), #686, .F. ) ;
#5269 = EDGE_CURVE ( 'NONE', #1591, #864, #1915, .T. ) ;
#5270 = ORIENTED_EDGE ( 'NONE', *, *, #3611, .F. ) ;
#5271 = CARTESIAN_POINT ( 'NONE',  ( 1.049803758246039600, 0.1176598335497449100, -3.000000000000000400 ) ) ;
#5272 = DIRECTION ( 'NONE',  ( -1.000000000000000000, -0.0000000000000000000, -0.0000000000000000000 ) ) ;
#5273 = DIRECTION ( 'NONE',  ( 0.0000000000000000000, 0.0000000000000000000, 1.000000000000000000 ) ) ;
#5274 = EDGE_CURVE ( 'NONE', #2116, #2393, #4665, .T. ) ;
#5275 = CARTESIAN_POINT ( 'NONE',  ( -1.518213852069460800, 0.9626105341867085000, -3.000000000000000400 ) ) ;
#5276 = ORIENTED_EDGE ( 'NONE', *, *, #2749, .T. ) ;
#5277 = CARTESIAN_POINT ( 'NONE',  ( -0.7704999999999998500, 0.9500000000000000700, -3.000000000000000400 ) ) ;
#5278 = CARTESIAN_POINT ( 'NONE',  ( -1.670729069476437000, 0.8805157751061342100, -3.000000000000000400 ) ) ;
#5279 = CARTESIAN_POINT ( 'NONE',  ( -0.7704999999999998500, 0.9780000000000000900, -3.000000000000000400 ) ) ;
#5280 = CARTESIAN_POINT ( 'NONE',  ( 0.9252551459287307000, 0.3015528512084663100, 0.0000000000000000000 ) ) ;
#5281 = ORIENTED_EDGE ( 'NONE', *, *, #2988, .F. ) ;
#5282 = CARTESIAN_POINT ( 'NONE',  ( -1.058152527650757100, 0.9719999999999998600, -3.000000000000000400 ) ) ;
#5283 = STYLED_ITEM ( 'NONE', ( #1242 ), #2459 ) ;
#5284 = EDGE_CURVE ( 'NONE', #2577, #26, #3153, .T. ) ;
#5285 = DIRECTION ( 'NONE',  ( 1.000000000000000000, 0.0000000000000000000, 0.0000000000000000000 ) ) ;
#5286 = VERTEX_POINT ( 'NONE', #2716 ) ;
#5287 = DIRECTION ( 'NONE',  ( 0.0000000000000000000, 0.0000000000000000000, 1.000000000000000000 ) ) ;
#5288 = DIRECTION ( 'NONE',  ( 1.000000000000000000, 0.0000000000000000000, 0.0000000000000000000 ) ) ;
#5289 = VERTEX_POINT ( 'NONE', #1796 ) ;
#5290 = VERTEX_POINT ( 'NONE', #5973 ) ;
#5291 = AXIS2_PLACEMENT_3D ( 'NONE', #1833, #5060, #2296 ) ;
#5292 = VERTEX_POINT ( 'NONE', #4126 ) ;
#5293 = DIRECTION ( 'NONE',  ( -0.9998513139941798100, 0.01724383669930122000, 0.0000000000000000000 ) ) ;
#5294 = EDGE_CURVE ( 'NONE', #5858, #5653, #4242, .T. ) ;
#5295 = PLANE ( 'NONE',  #426 ) ;
#5296 = FACE_OUTER_BOUND ( 'NONE', #2368, .T. ) ;
#5297 = DIRECTION ( 'NONE',  ( 1.000000000000000000, -7.143115749499792000E-015, 0.0000000000000000000 ) ) ;
#5299 = ADVANCED_FACE ( 'NONE', ( #3004 ), #1764, .F. ) ;
#5298 = ORIENTED_EDGE ( 'NONE', *, *, #462, .F. ) ;
#5300 = CARTESIAN_POINT ( 'NONE',  ( 1.879226024002566200, 0.5250807698936855700, 0.0000000000000000000 ) ) ;
#5301 = EDGE_LOOP ( 'NONE', ( #5667, #4608, #2693, #2659 ) ) ;
#5302 = DIRECTION ( 'NONE',  ( 0.0000000000000000000, 1.000000000000000000, 0.0000000000000000000 ) ) ;
#5303 = EDGE_LOOP ( 'NONE', ( #3814, #4793, #3587, #3556 ) ) ;
#5304 = VECTOR ( 'NONE', #1449, 39.37007874015748100 ) ;
#5305 = CARTESIAN_POINT ( 'NONE',  ( -1.899636925930138200, 0.6044560063262358600, -3.000000000000000400 ) ) ;
#5306 = DIRECTION ( 'NONE',  ( -2.890593476675654600E-015, 1.009417484933429200E-016, 1.000000000000000000 ) ) ;
#5307 = AXIS2_PLACEMENT_3D ( 'NONE', #1737, #4982, #2208 ) ;
#5308 = ORIENTED_EDGE ( 'NONE', *, *, #1955, .T. ) ;
#5309 = EDGE_CURVE ( 'NONE', #5367, #3770, #542, .T. ) ;
#5310 = CARTESIAN_POINT ( 'NONE',  ( -0.9659276040590797400, 0.2270814064065066500, -3.000000000000000400 ) ) ;
#5311 = ORIENTED_EDGE ( 'NONE', *, *, #1778, .F. ) ;
#5312 = EDGE_LOOP ( 'NONE', ( #5326, #4651, #971, #1372 ) ) ;
#5313 = FACE_OUTER_BOUND ( 'NONE', #4602, .T. ) ;
#5314 = VECTOR ( 'NONE', #4411, 39.37007874015748100 ) ;
#5315 = ORIENTED_EDGE ( 'NONE', *, *, #781, .F. ) ;
#5316 = DIRECTION ( 'NONE',  ( -1.000000000000000000, 0.0000000000000000000, 0.0000000000000000000 ) ) ;
#5317 = AXIS2_PLACEMENT_3D ( 'NONE', #1645, #4882, #711 ) ;
#5318 = VERTEX_POINT ( 'NONE', #1811 ) ;
#5319 = CARTESIAN_POINT ( 'NONE',  ( -1.077274771286915300, 0.9350000000000000500, -3.000000000000000400 ) ) ;
#5320 = VECTOR ( 'NONE', #5547, 39.37007874015748100 ) ;
#5321 = LINE ( 'NONE', #4065, #5169 ) ;
#5322 = DIRECTION ( 'NONE',  ( 0.0000000000000000000, 0.0000000000000000000, 1.000000000000000000 ) ) ;
#5323 = ORIENTED_EDGE ( 'NONE', *, *, #3346, .T. ) ;
#5324 = CARTESIAN_POINT ( 'NONE',  ( -1.223152527650756700, 0.9780000000000000900, 0.0000000000000000000 ) ) ;
#5325 = ORIENTED_EDGE ( 'NONE', *, *, #1994, .T. ) ;
#5326 = ORIENTED_EDGE ( 'NONE', *, *, #1540, .F. ) ;
#5327 = VECTOR ( 'NONE', #5715, 39.37007874015748100 ) ;
#5328 = CARTESIAN_POINT ( 'NONE',  ( 2.035000000000000100, 0.07567250359733875000, -0.3450000000000003100 ) ) ;
#5329 = DIRECTION ( 'NONE',  ( 0.9993908270190957600, -0.03489949670250189900, 5.784710842899139500E-015 ) ) ;
#5330 = LINE ( 'NONE', #535, #2870 ) ;
#5331 = DIRECTION ( 'NONE',  ( 1.000000000000000000, 3.619389336043008200E-015, 0.0000000000000000000 ) ) ;
#5332 = VECTOR ( 'NONE', #3942, 39.37007874015748100 ) ;
#5333 = CARTESIAN_POINT ( 'NONE',  ( 1.025909773355662100, 0.1103060939528858500, -3.000000000000000400 ) ) ;
#5334 = ORIENTED_EDGE ( 'NONE', *, *, #3477, .T. ) ;
#5335 = CARTESIAN_POINT ( 'NONE',  ( -0.9659276040590797400, 0.2270814064065066500, -3.000000000000000400 ) ) ;
#5336 = CARTESIAN_POINT ( 'NONE',  ( 1.092274771286915400, 0.9350000000000000500, 0.0000000000000000000 ) ) ;
#5337 = LINE ( 'NONE', #1558, #5034 ) ;
#5338 = CARTESIAN_POINT ( 'NONE',  ( -0.6544999999999998600, 0.1870000000000000000, 0.0000000000000000000 ) ) ;
#5339 = FACE_OUTER_BOUND ( 'NONE', #4873, .T. ) ;
#5340 = VECTOR ( 'NONE', #5678, 39.37007874015748100 ) ;
#5341 = VERTEX_POINT ( 'NONE', #876 ) ;
#5342 = CARTESIAN_POINT ( 'NONE',  ( -0.7924999999999997600, 0.9719999999999998600, 0.0000000000000000000 ) ) ;
#5343 = ADVANCED_FACE ( 'NONE', ( #2861 ), #3693, .T. ) ;
#5344 = AXIS2_PLACEMENT_3D ( 'NONE', #3365, #1989, #5219 ) ;
#5345 = CIRCLE ( 'NONE', #1473, 0.02199999999999992900 ) ;
#5346 = EDGE_CURVE ( 'NONE', #1591, #4272, #398, .T. ) ;
#5347 = VERTEX_POINT ( 'NONE', #1838 ) ;
#5348 = CARTESIAN_POINT ( 'NONE',  ( -1.342000000000000100, 0.3750000000000000600, -3.000000000000000400 ) ) ;
#5349 = ORIENTED_EDGE ( 'NONE', *, *, #2902, .F. ) ;
#5350 = AXIS2_PLACEMENT_3D ( 'NONE', #782, #4473, #3102 ) ;
#5351 = EDGE_CURVE ( 'NONE', #3426, #1518, #1625, .T. ) ;
#5352 = CARTESIAN_POINT ( 'NONE',  ( -1.910712599336746900, 0.4597996424263726700, -3.000000000000000400 ) ) ;
#5353 = CARTESIAN_POINT ( 'NONE',  ( 1.885517470598227800, 0.6223625814221599400, -3.000000000000000400 ) ) ;
#5354 = CARTESIAN_POINT ( 'NONE',  ( 1.782458660289618900, 0.03933680321795757200, -2.750000000000000000 ) ) ;
#5355 = AXIS2_PLACEMENT_3D ( 'NONE', #121, #540, #2873 ) ;
#5356 = ORIENTED_EDGE ( 'NONE', *, *, #5522, .T. ) ;
#5357 = CARTESIAN_POINT ( 'NONE',  ( -1.886697118537944900, -0.3022334023924709300, -0.2499999999999999700 ) ) ;
#5358 = CARTESIAN_POINT ( 'NONE',  ( -0.7327609266367162100, 0.9350000000000000500, -3.000000000000000400 ) ) ;
#5359 = ORIENTED_EDGE ( 'NONE', *, *, #5188, .T. ) ;
#5360 = EDGE_CURVE ( 'NONE', #1774, #5084, #5167, .T. ) ;
#5361 = CARTESIAN_POINT ( 'NONE',  ( 0.7468551255333348800, 0.3665075225034114500, -3.000000000000000400 ) ) ;
#5362 = ADVANCED_FACE ( 'NONE', ( #4381 ), #467, .T. ) ;
#5363 = DIRECTION ( 'NONE',  ( -0.0000000000000000000, -0.0000000000000000000, -1.000000000000000000 ) ) ;
#5364 = CARTESIAN_POINT ( 'NONE',  ( 1.000825861812083300, 0.2119562817785765600, -3.000000000000000400 ) ) ;
#5365 = VERTEX_POINT ( 'NONE', #4628 ) ;
#5366 = CARTESIAN_POINT ( 'NONE',  ( 1.946771454098938700, 0.4452139642359396700, 0.0000000000000000000 ) ) ;
#5367 = VERTEX_POINT ( 'NONE', #3255 ) ;
#5368 = CARTESIAN_POINT ( 'NONE',  ( 0.3298335452906798200, 0.0000000000000000000, -1.998324128259931100 ) ) ;
#5369 = AXIS2_PLACEMENT_3D ( 'NONE', #1469, #4703, #1943 ) ;
#5370 = VECTOR ( 'NONE', #469, 39.37007874015748100 ) ;
#5371 = EDGE_CURVE ( 'NONE', #3828, #279, #5018, .T. ) ;
#5372 = CARTESIAN_POINT ( 'NONE',  ( 2.035959736159318900, 0.04818925585431359200, -3.000000000000000400 ) ) ;
#5373 = VERTEX_POINT ( 'NONE', #4611 ) ;
#5374 = VERTEX_POINT ( 'NONE', #935 ) ;
#5375 = ORIENTED_EDGE ( 'NONE', *, *, #3328, .F. ) ;
#5376 = VECTOR ( 'NONE', #5297, 39.37007874015748100 ) ;
#5377 = ORIENTED_EDGE ( 'NONE', *, *, #5999, .F. ) ;
#5378 = AXIS2_PLACEMENT_3D ( 'NONE', #4770, #3876, #1077 ) ;
#5379 = ORIENTED_EDGE ( 'NONE', *, *, #5064, .F. ) ;
#5380 = CIRCLE ( 'NONE', #2919, 0.3749999999999999400 ) ;
#5381 = EDGE_CURVE ( 'NONE', #1993, #4716, #2712, .T. ) ;
#5382 = PLANE ( 'NONE',  #113 ) ;
#5383 = ORIENTED_EDGE ( 'NONE', *, *, #4438, .F. ) ;
#5384 = LINE ( 'NONE', #2149, #603 ) ;
#5385 = LINE ( 'NONE', #2695, #1687 ) ;
#5386 = DIRECTION ( 'NONE',  ( 1.000000000000000000, 0.0000000000000000000, 0.0000000000000000000 ) ) ;
#5387 = CARTESIAN_POINT ( 'NONE',  ( 1.092274771286915400, 0.9350000000000000500, -3.000000000000000400 ) ) ;
#5388 = ORIENTED_EDGE ( 'NONE', *, *, #4266, .T. ) ;
#5389 = ORIENTED_EDGE ( 'NONE', *, *, #5690, .T. ) ;
#5390 = DIRECTION ( 'NONE',  ( -1.000000000000000000, 0.0000000000000000000, 0.0000000000000000000 ) ) ;
#5391 = AXIS2_PLACEMENT_3D ( 'NONE', #9, #3245, #471 ) ;
#5392 = LINE ( 'NONE', #5995, #1693 ) ;
#5393 = VECTOR ( 'NONE', #558, 39.37007874015748100 ) ;
#5394 = EDGE_CURVE ( 'NONE', #4094, #3627, #3954, .T. ) ;
#5395 = DIRECTION ( 'NONE',  ( 1.000000000000000000, 0.0000000000000000000, 0.0000000000000000000 ) ) ;
#5396 = VERTEX_POINT ( 'NONE', #1408 ) ;
#5397 = CARTESIAN_POINT ( 'NONE',  ( 0.8076000891761818700, 0.3709360474628064500, -3.000000000000000400 ) ) ;
#5398 = CARTESIAN_POINT ( 'NONE',  ( 0.9252551459287307000, 0.3015528512084663100, -3.000000000000000400 ) ) ;
#5399 = ADVANCED_FACE ( 'NONE', ( #259 ), #4887, .T. ) ;
#5400 = LINE ( 'NONE', #5333, #1698 ) ;
#5401 = CIRCLE ( 'NONE', #2674, 0.5750000000000000700 ) ;
#5402 = ORIENTED_EDGE ( 'NONE', *, *, #602, .T. ) ;
#5403 = AXIS2_PLACEMENT_3D ( 'NONE', #5081, #1856, #4623 ) ;
#5404 = LINE ( 'NONE', #1240, #477 ) ;
#5405 = CIRCLE ( 'NONE', #490, 0.02200000000000020300 ) ;
#5406 = CIRCLE ( 'NONE', #3067, 0.5750000000000000700 ) ;
#5407 = DIRECTION ( 'NONE',  ( 0.0000000000000000000, 0.0000000000000000000, 1.000000000000000000 ) ) ;
#5408 = ORIENTED_EDGE ( 'NONE', *, *, #2882, .F. ) ;
#5409 = CARTESIAN_POINT ( 'NONE',  ( 0.6544999999999999700, 0.2000000000000000100, 0.0000000000000000000 ) ) ;
#5410 = DIRECTION ( 'NONE',  ( 0.0000000000000000000, 0.0000000000000000000, 1.000000000000000000 ) ) ;
#5411 = CARTESIAN_POINT ( 'NONE',  ( -1.870375731441842100, 0.5757944781074833000, 0.0000000000000000000 ) ) ;
#5412 = VECTOR ( 'NONE', #688, 39.37007874015748100 ) ;
#5413 = CIRCLE ( 'NONE', #2520, 0.3750000000000000600 ) ;
#5414 = DIRECTION ( 'NONE',  ( 0.0000000000000000000, 0.0000000000000000000, 1.000000000000000000 ) ) ;
#5415 = EDGE_LOOP ( 'NONE', ( #3526, #2228, #5597, #239 ) ) ;
#5416 = EDGE_CURVE ( 'NONE', #5734, #1769, #1476, .T. ) ;
#5417 = CARTESIAN_POINT ( 'NONE',  ( 1.879556787332412200, 0.09776106946693456600, -0.3449999999999998600 ) ) ;
#5418 = CARTESIAN_POINT ( 'NONE',  ( 2.035959736159318900, 0.04818925585431359200, -0.1549999999999998600 ) ) ;
#5419 = DIRECTION ( 'NONE',  ( -0.0000000000000000000, -0.0000000000000000000, -1.000000000000000000 ) ) ;
#5420 = VERTEX_POINT ( 'NONE', #1900 ) ;
#5421 = AXIS2_PLACEMENT_3D ( 'NONE', #5227, #2454, #5700 ) ;
#5422 = EDGE_CURVE ( 'NONE', #3645, #5246, #3655, .T. ) ;
#5423 =( NAMED_UNIT ( * ) PLANE_ANGLE_UNIT ( ) SI_UNIT ( $, .RADIAN. ) );
#5424 = PLANE ( 'NONE',  #2602 ) ;
#5425 = DIRECTION ( 'NONE',  ( -1.000000000000000000, 0.0000000000000000000, 0.0000000000000000000 ) ) ;
#5426 = ADVANCED_FACE ( 'NONE', ( #2564 ), #4732, .T. ) ;
#5427 = CARTESIAN_POINT ( 'NONE',  ( -1.521747305393765800, 0.9211830336102360100, -3.000000000000000400 ) ) ;
#5428 = AXIS2_PLACEMENT_3D ( 'NONE', #5134, #2837, #4678 ) ;
#5429 = CARTESIAN_POINT ( 'NONE',  ( 1.823805167915710100, 0.09581418001649220900, -0.1549999999999999200 ) ) ;
#5430 = EDGE_CURVE ( 'NONE', #1288, #1812, #5969, .T. ) ;
#5431 = VERTEX_POINT ( 'NONE', #2855 ) ;
#5432 = DIRECTION ( 'NONE',  ( 0.0000000000000000000, 0.0000000000000000000, 1.000000000000000000 ) ) ;
#5433 = CARTESIAN_POINT ( 'NONE',  ( 0.9911760075679538800, 0.2350188122786551500, 0.0000000000000000000 ) ) ;
#5434 = ORIENTED_EDGE ( 'NONE', *, *, #1369, .T. ) ;
#5435 = DIRECTION ( 'NONE',  ( 0.0000000000000000000, 0.0000000000000000000, 1.000000000000000000 ) ) ;
#5436 = ADVANCED_FACE ( 'NONE', ( #1178 ), #1922, .T. ) ;
#5437 = DIRECTION ( 'NONE',  ( 0.0000000000000000000, 0.0000000000000000000, 1.000000000000000000 ) ) ;
#5438 = CARTESIAN_POINT ( 'NONE',  ( 2.062500000000000000, 0.07567250359733875000, -3.000000000000000400 ) ) ;
#5439 = ORIENTED_EDGE ( 'NONE', *, *, #3346, .F. ) ;
#5440 = ORIENTED_EDGE ( 'NONE', *, *, #3999, .T. ) ;
#5441 = CARTESIAN_POINT ( 'NONE',  ( -0.6674999999999998700, 0.0000000000000000000, 0.0000000000000000000 ) ) ;
#5442 = CARTESIAN_POINT ( 'NONE',  ( 1.019552256640879200, 0.1291673665987828100, -3.000000000000000400 ) ) ;
#5443 = ORIENTED_EDGE ( 'NONE', *, *, #4261, .T. ) ;
#5444 = ORIENTED_EDGE ( 'NONE', *, *, #497, .T. ) ;
#5445 = CARTESIAN_POINT ( 'NONE',  ( -1.506624593600135700, 0.9420804714179321600, -3.000000000000000400 ) ) ;
#5446 = ORIENTED_EDGE ( 'NONE', *, *, #3211, .T. ) ;
#5447 = LINE ( 'NONE', #5353, #519 ) ;
#5448 = CARTESIAN_POINT ( 'NONE',  ( -1.879226024002566200, 0.5250807698936855700, 0.0000000000000000000 ) ) ;
#5449 = ORIENTED_EDGE ( 'NONE', *, *, #171, .T. ) ;
#5450 = DIRECTION ( 'NONE',  ( 0.0000000000000000000, 0.0000000000000000000, 1.000000000000000000 ) ) ;
#5451 = VERTEX_POINT ( 'NONE', #5629 ) ;
#5452 = DIRECTION ( 'NONE',  ( 0.0000000000000000000, 0.0000000000000000000, 1.000000000000000000 ) ) ;
#5453 = AXIS2_PLACEMENT_3D ( 'NONE', #2155, #335, #3563 ) ;
#5454 = ORIENTED_EDGE ( 'NONE', *, *, #4342, .T. ) ;
#5455 = EDGE_CURVE ( 'NONE', #181, #1656, #1324, .T. ) ;
#5456 = CARTESIAN_POINT ( 'NONE',  ( 1.547037729360301700, 0.9017690778885758500, -3.000000000000000400 ) ) ;
#5457 = LINE ( 'NONE', #3776, #5304 ) ;
#5458 = ORIENTED_EDGE ( 'NONE', *, *, #2890, .F. ) ;
#5459 = VERTEX_POINT ( 'NONE', #1945 ) ;
#5460 = LINE ( 'NONE', #1528, #537 ) ;
#5461 = VECTOR ( 'NONE', #5329, 39.37007874015747400 ) ;
#5462 = DIRECTION ( 'NONE',  ( -1.000000000000000000, 0.0000000000000000000, 0.0000000000000000000 ) ) ;
#5463 = ORIENTED_EDGE ( 'NONE', *, *, #4302, .F. ) ;
#5464 = ADVANCED_FACE ( 'NONE', ( #2267 ), #4582, .T. ) ;
#5465 = EDGE_CURVE ( 'NONE', #3031, #397, #110, .T. ) ;
#5466 = VECTOR ( 'NONE', #2236, 39.37007874015748100 ) ;
#5467 = CIRCLE ( 'NONE', #2793, 0.3749999999999999400 ) ;
#5468 = DIRECTION ( 'NONE',  ( -1.000000000000000000, 0.0000000000000000000, -2.890593476675654600E-015 ) ) ;
#5469 = ORIENTED_EDGE ( 'NONE', *, *, #4846, .F. ) ;
#5470 = CARTESIAN_POINT ( 'NONE',  ( 1.876515789744190400, 0.5850194903075147700, -3.000000000000000400 ) ) ;
#5471 = AXIS2_PLACEMENT_3D ( 'NONE', #3324, #1485, #4715 ) ;
#5472 = VERTEX_POINT ( 'NONE', #4727 ) ;
#5473 = LINE ( 'NONE', #1439, #549 ) ;
#5474 = EDGE_CURVE ( 'NONE', #3443, #88, #3511, .T. ) ;
#5475 = DIRECTION ( 'NONE',  ( 0.0000000000000000000, 0.0000000000000000000, 1.000000000000000000 ) ) ;
#5476 = VECTOR ( 'NONE', #993, 39.37007874015748100 ) ;
#5477 = CARTESIAN_POINT ( 'NONE',  ( -1.617945852209695000, 0.8794590039321978900, -3.000000000000000400 ) ) ;
#5478 = VERTEX_POINT ( 'NONE', #1017 ) ;
#5479 = DIRECTION ( 'NONE',  ( 0.9993908270190955400, 0.03489949670250170500, 0.0000000000000000000 ) ) ;
#5480 = LINE ( 'NONE', #2402, #3017 ) ;
#5481 = VECTOR ( 'NONE', #704, 39.37007874015748100 ) ;
#5482 = PLANE ( 'NONE',  #4897 ) ;
#5483 = LINE ( 'NONE', #1941, #560 ) ;
#5484 = EDGE_CURVE ( 'NONE', #3543, #2376, #889, .T. ) ;
#5485 = ORIENTED_EDGE ( 'NONE', *, *, #2786, .F. ) ;
#5486 = DIRECTION ( 'NONE',  ( -0.9225012200031439400, -0.3859941697651808100, -0.0000000000000000000 ) ) ;
#5487 = CYLINDRICAL_SURFACE ( 'NONE', #1150, 0.02199999999999992900 ) ;
#5488 = CARTESIAN_POINT ( 'NONE',  ( -0.6674999999999998700, 0.0000000000000000000, -3.000000000000000400 ) ) ;
#5489 = AXIS2_PLACEMENT_3D ( 'NONE', #2590, #5818, #3046 ) ;
#5490 = CARTESIAN_POINT ( 'NONE',  ( -1.201152527650757300, 0.9780000000000000900, -3.000000000000000400 ) ) ;
#5491 = EDGE_CURVE ( 'NONE', #4641, #1495, #5819, .T. ) ;
#5492 = CARTESIAN_POINT ( 'NONE',  ( -0.6674999999999998700, 0.0000000000000000000, -3.000000000000000400 ) ) ;
#5493 = ORIENTED_EDGE ( 'NONE', *, *, #4197, .T. ) ;
#5494 = CARTESIAN_POINT ( 'NONE',  ( 1.866515789744190200, 0.5850194903075147700, -3.000000000000000400 ) ) ;
#5495 = ADVANCED_FACE ( 'NONE', ( #2118 ), #751, .F. ) ;
#5496 = DIRECTION ( 'NONE',  ( 0.0000000000000000000, 0.0000000000000000000, 1.000000000000000000 ) ) ;
#5497 = DIRECTION ( 'NONE',  ( 1.000000000000000000, 0.0000000000000000000, 0.0000000000000000000 ) ) ;
#5498 = AXIS2_PLACEMENT_3D ( 'NONE', #3618, #4986, #2684 ) ;
#5499 = CARTESIAN_POINT ( 'NONE',  ( -1.223152527650756700, 0.9780000000000000900, -3.000000000000000400 ) ) ;
#5500 = EDGE_CURVE ( 'NONE', #4421, #2272, #3360, .T. ) ;
#5501 = ORIENTED_EDGE ( 'NONE', *, *, #646, .T. ) ;
#5502 = CARTESIAN_POINT ( 'NONE',  ( -1.077274771286915300, 0.9499999999999999600, 0.0000000000000000000 ) ) ;
#5503 = ORIENTED_EDGE ( 'NONE', *, *, #4979, .F. ) ;
#5504 = EDGE_CURVE ( 'NONE', #3200, #1669, #4444, .T. ) ;
#5505 = DIRECTION ( 'NONE',  ( 2.709931384383426300E-015, -9.463288921250897000E-017, -1.000000000000000000 ) ) ;
#5506 = CARTESIAN_POINT ( 'NONE',  ( 1.610747264760746600, 0.8662992038296187800, 0.0000000000000000000 ) ) ;
#5507 = CARTESIAN_POINT ( 'NONE',  ( -0.7327609266367162100, 0.9350000000000000500, 0.0000000000000000000 ) ) ;
#5508 = DIRECTION ( 'NONE',  ( -1.000000000000000000, 0.0000000000000000000, 0.0000000000000000000 ) ) ;
#5509 = AXIS2_PLACEMENT_3D ( 'NONE', #429, #3190, #5964 ) ;
#5510 = ORIENTED_EDGE ( 'NONE', *, *, #534, .F. ) ;
#5511 = EDGE_LOOP ( 'NONE', ( #1622, #1078, #4656, #2058 ) ) ;
#5512 = CARTESIAN_POINT ( 'NONE',  ( 2.035959736159318900, 0.04818925585431359200, -3.000000000000000400 ) ) ;
#5513 = EDGE_LOOP ( 'NONE', ( #3669, #3790, #4891, #5849 ) ) ;
#5514 = CIRCLE ( 'NONE', #2667, 0.02200000000000020300 ) ;
#5515 = ORIENTED_EDGE ( 'NONE', *, *, #2152, .T. ) ;
#5516 = ORIENTED_EDGE ( 'NONE', *, *, #570, .F. ) ;
#5517 = CARTESIAN_POINT ( 'NONE',  ( 0.6674999999999998700, 0.2000000000000001200, -3.000000000000000400 ) ) ;
#5518 = ADVANCED_FACE ( 'NONE', ( #3075 ), #3193, .T. ) ;
#5519 = CARTESIAN_POINT ( 'NONE',  ( 1.946771454098938700, 0.4452139642359396200, -3.000000000000000400 ) ) ;
#5520 = ORIENTED_EDGE ( 'NONE', *, *, #5274, .F. ) ;
#5521 = CIRCLE ( 'NONE', #1374, 0.02500000000000000500 ) ;
#5522 = EDGE_CURVE ( 'NONE', #5792, #3779, #1835, .T. ) ;
#5523 = CARTESIAN_POINT ( 'NONE',  ( 1.899636925930138200, 0.6044560063262358600, 0.0000000000000000000 ) ) ;
#5524 = ORIENTED_EDGE ( 'NONE', *, *, #3536, .T. ) ;
#5525 = FACE_OUTER_BOUND ( 'NONE', #5614, .T. ) ;
#5526 = EDGE_LOOP ( 'NONE', ( #1901, #5469, #4910, #312 ) ) ;
#5527 = LINE ( 'NONE', #2603, #1828 ) ;
#5528 = LINE ( 'NONE', #4512, #3070 ) ;
#5529 = DIRECTION ( 'NONE',  ( 0.0000000000000000000, 0.0000000000000000000, 1.000000000000000000 ) ) ;
#5530 = ORIENTED_EDGE ( 'NONE', *, *, #3805, .T. ) ;
#5531 = DIRECTION ( 'NONE',  ( -0.0000000000000000000, 1.000000000000000000, -0.0000000000000000000 ) ) ;
#5532 = AXIS2_PLACEMENT_3D ( 'NONE', #4296, #1520, #4762 ) ;
#5533 = EDGE_CURVE ( 'NONE', #2211, #5014, #5536, .T. ) ;
#5534 = CARTESIAN_POINT ( 'NONE',  ( 0.9683585055943934000, 0.2601086883240222900, -3.000000000000000400 ) ) ;
#5535 = ORIENTED_EDGE ( 'NONE', *, *, #4061, .T. ) ;
#5536 = LINE ( 'NONE', #3671, #4174 ) ;
#5537 = LINE ( 'NONE', #87, #1694 ) ;
#5538 = ORIENTED_EDGE ( 'NONE', *, *, #4014, .T. ) ;
#5539 = ORIENTED_EDGE ( 'NONE', *, *, #1, .T. ) ;
#5540 = VECTOR ( 'NONE', #3471, 39.37007874015748100 ) ;
#5541 = CIRCLE ( 'NONE', #5893, 0.02500000000000000500 ) ;
#5542 = EDGE_CURVE ( 'NONE', #5875, #826, #5392, .T. ) ;
#5543 = VERTEX_POINT ( 'NONE', #3692 ) ;
#5544 = EDGE_LOOP ( 'NONE', ( #5377, #68, #374, #3951 ) ) ;
#5545 = CIRCLE ( 'NONE', #4872, 0.02500000000000000500 ) ;
#5546 = DIRECTION ( 'NONE',  ( 0.9993908270190957600, -0.03489949670250173200, 0.0000000000000000000 ) ) ;
#5547 = DIRECTION ( 'NONE',  ( 0.0000000000000000000, 0.0000000000000000000, 1.000000000000000000 ) ) ;
#5548 = LINE ( 'NONE', #4090, #625 ) ;
#5549 = CIRCLE ( 'NONE', #5857, 0.3749999999999999400 ) ;
#5550 = CARTESIAN_POINT ( 'NONE',  ( 0.7177631569268034800, 0.9347413424495103500, -3.000000000000000400 ) ) ;
#5551 = ORIENTED_EDGE ( 'NONE', *, *, #4737, .T. ) ;
#5552 = CARTESIAN_POINT ( 'NONE',  ( 0.7468551255333348800, 0.3665075225034114500, -3.000000000000000400 ) ) ;
#5553 = VECTOR ( 'NONE', #3417, 39.37007874015748100 ) ;
#5554 = CARTESIAN_POINT ( 'NONE',  ( 0.6674999999999998700, 0.9780000000000000900, 0.0000000000000000000 ) ) ;
#5555 = DIRECTION ( 'NONE',  ( -0.0000000000000000000, -0.0000000000000000000, -1.000000000000000000 ) ) ;
#5556 = EDGE_LOOP ( 'NONE', ( #5082, #125, #2546, #3658 ) ) ;
#5557 = EDGE_CURVE ( 'NONE', #4012, #2915, #2934, .T. ) ;
#5558 = EDGE_LOOP ( 'NONE', ( #1232, #4804, #1357, #5649 ) ) ;
#5559 = DIRECTION ( 'NONE',  ( -0.9998362138635782400, -0.01809821667858757500, -0.0000000000000000000 ) ) ;
#5560 = DIRECTION ( 'NONE',  ( 0.8915852669750270500, 0.4528528587886684300, -0.0000000000000000000 ) ) ;
#5561 = AXIS2_PLACEMENT_3D ( 'NONE', #1446, #985, #69 ) ;
#5562 = CARTESIAN_POINT ( 'NONE',  ( -2.034040263840681400, 0.1031557513403639100, -3.000000000000000400 ) ) ;
#5563 = LINE ( 'NONE', #4122, #2662 ) ;
#5564 = DIRECTION ( 'NONE',  ( 0.0000000000000000000, 0.0000000000000000000, 1.000000000000000000 ) ) ;
#5565 = DIRECTION ( 'NONE',  ( -1.000000000000000000, 0.0000000000000000000, 0.0000000000000000000 ) ) ;
#5566 = DIRECTION ( 'NONE',  ( -0.0000000000000000000, -0.0000000000000000000, -1.000000000000000000 ) ) ;
#5567 = CARTESIAN_POINT ( 'NONE',  ( 1.342000000000000100, 0.3750000000000000600, -3.000000000000000400 ) ) ;
#5568 = DIRECTION ( 'NONE',  ( 0.0000000000000000000, 0.0000000000000000000, 1.000000000000000000 ) ) ;
#5569 = ORIENTED_EDGE ( 'NONE', *, *, #4761, .T. ) ;
#5570 = AXIS2_PLACEMENT_3D ( 'NONE', #5796, #3033, #270 ) ;
#5571 = EDGE_CURVE ( 'NONE', #2179, #5661, #464, .T. ) ;
#5572 = CARTESIAN_POINT ( 'NONE',  ( 2.035000000000000100, 0.07567250359733875000, -2.844999999999999800 ) ) ;
#5573 = DIRECTION ( 'NONE',  ( 1.000000000000000000, 0.0000000000000000000, 0.0000000000000000000 ) ) ;
#5574 = CARTESIAN_POINT ( 'NONE',  ( 0.6544999999999998600, 0.1870000000000000000, 0.0000000000000000000 ) ) ;
#5575 = AXIS2_PLACEMENT_3D ( 'NONE', #2801, #4655, #3258 ) ;
#5576 = CARTESIAN_POINT ( 'NONE',  ( -0.8597321782755623600, 0.3358722684617683800, -3.000000000000000400 ) ) ;
#5577 = VERTEX_POINT ( 'NONE', #443 ) ;
#5578 = EDGE_CURVE ( 'NONE', #455, #936, #5238, .T. ) ;
#5579 = CARTESIAN_POINT ( 'NONE',  ( -1.682722501530304000, 0.8989591367186302600, 0.0000000000000000000 ) ) ;
#5580 = CARTESIAN_POINT ( 'NONE',  ( -0.9252551459287307000, 0.3015528512084663100, -3.000000000000000400 ) ) ;
#5581 = VERTEX_POINT ( 'NONE', #3702 ) ;
#5582 = CARTESIAN_POINT ( 'NONE',  ( -1.879226024002566200, 0.5250807698936855700, -3.000000000000000400 ) ) ;
#5583 = ORIENTED_EDGE ( 'NONE', *, *, #697, .F. ) ;
#5584 = VERTEX_POINT ( 'NONE', #4610 ) ;
#5585 = EDGE_CURVE ( 'NONE', #614, #3937, #609, .T. ) ;
#5586 = CARTESIAN_POINT ( 'NONE',  ( -0.3269714672306675600, 0.0000000000000000000, -1.005999999999999800 ) ) ;
#5587 = CIRCLE ( 'NONE', #2113, 0.09500000000000001500 ) ;
#5588 = ORIENTED_EDGE ( 'NONE', *, *, #2244, .T. ) ;
#5589 = ORIENTED_EDGE ( 'NONE', *, *, #90, .T. ) ;
#5590 = PLANE ( 'NONE',  #5651 ) ;
#5591 = ORIENTED_EDGE ( 'NONE', *, *, #640, .T. ) ;
#5592 = SHAPE_DEFINITION_REPRESENTATION ( #3243, #2459 ) ;
#5593 = VECTOR ( 'NONE', #509, 39.37007874015748100 ) ;
#5594 = CARTESIAN_POINT ( 'NONE',  ( 0.6894999999999998900, 1.000000000000000000, 0.0000000000000000000 ) ) ;
#5595 = VERTEX_POINT ( 'NONE', #466 ) ;
#5596 = PRESENTATION_LAYER_ASSIGNMENT (  '', '', ( #5283 ) ) ;
#5597 = ORIENTED_EDGE ( 'NONE', *, *, #323, .F. ) ;
#5598 = EDGE_CURVE ( 'NONE', #4699, #5365, #1548, .T. ) ;
#5599 = LINE ( 'NONE', #5679, #3149 ) ;
#5600 = CARTESIAN_POINT ( 'NONE',  ( -0.7704999999999998500, 0.9780000000000000900, -3.000000000000000400 ) ) ;
#5601 = CYLINDRICAL_SURFACE ( 'NONE', #5930, 0.01299999999999997000 ) ;
#5602 = CARTESIAN_POINT ( 'NONE',  ( 1.885517470598227800, 0.6223625814221599400, 0.0000000000000000000 ) ) ;
#5603 = CARTESIAN_POINT ( 'NONE',  ( 0.6560000000000000300, 0.0000000000000000000, -3.000000000000000400 ) ) ;
#5604 = ORIENTED_EDGE ( 'NONE', *, *, #892, .F. ) ;
#5605 = DIRECTION ( 'NONE',  ( -1.000000000000000000, 0.0000000000000000000, 0.0000000000000000000 ) ) ;
#5606 = CIRCLE ( 'NONE', #4029, 0.02199999999999992900 ) ;
#5607 = VECTOR ( 'NONE', #4004, 39.37007874015748100 ) ;
#5608 = CARTESIAN_POINT ( 'NONE',  ( 0.7704999999999998500, 0.9780000000000000900, -3.000000000000000400 ) ) ;
#5609 = ADVANCED_FACE ( 'NONE', ( #3878 ), #177, .F. ) ;
#5610 = AXIS2_PLACEMENT_3D ( 'NONE', #564, #3809, #1007 ) ;
#5611 = ORIENTED_EDGE ( 'NONE', *, *, #3667, .F. ) ;
#5612 = EDGE_CURVE ( 'NONE', #1054, #3200, #1396, .T. ) ;
#5613 = DIRECTION ( 'NONE',  ( -0.0000000000000000000, 1.000000000000000000, -0.0000000000000000000 ) ) ;
#5614 = EDGE_LOOP ( 'NONE', ( #1239, #45, #1081, #3344 ) ) ;
#5615 = CIRCLE ( 'NONE', #1576, 0.3749999999999999400 ) ;
#5616 = LINE ( 'NONE', #2840, #551 ) ;
#5617 = CARTESIAN_POINT ( 'NONE',  ( 2.035959736159318900, 0.04818925585431359200, 0.0000000000000000000 ) ) ;
#5618 = ORIENTED_EDGE ( 'NONE', *, *, #4909, .T. ) ;
#5619 = AXIS2_PLACEMENT_3D ( 'NONE', #2154, #5410, #2626 ) ;
#5620 = CARTESIAN_POINT ( 'NONE',  ( -0.8622790784738749700, 0.3468658260886454100, -3.000000000000000400 ) ) ;
#5621 = CIRCLE ( 'NONE', #6003, 0.02500000000000000500 ) ;
#5622 = DIRECTION ( 'NONE',  ( 1.000000000000000000, 0.0000000000000000000, 0.0000000000000000000 ) ) ;
#5623 = EDGE_CURVE ( 'NONE', #654, #4235, #2634, .T. ) ;
#5624 = LINE ( 'NONE', #4844, #4255 ) ;
#5625 = CYLINDRICAL_SURFACE ( 'NONE', #4309, 0.02500000000000000500 ) ;
#5626 = VERTEX_POINT ( 'NONE', #5579 ) ;
#5627 = CARTESIAN_POINT ( 'NONE',  ( -2.035000000000000100, 0.07567250359733875000, -2.654999999999999800 ) ) ;
#5628 = CARTESIAN_POINT ( 'NONE',  ( -1.886697118537944900, -0.3022334023924709300, -0.1549999999999994200 ) ) ;
#5629 = CARTESIAN_POINT ( 'NONE',  ( 1.870375731441842100, 0.5757944781074833000, 0.0000000000000000000 ) ) ;
#5630 = CIRCLE ( 'NONE', #1787, 0.02500000000000014400 ) ;
#5631 = CARTESIAN_POINT ( 'NONE',  ( 1.342000000000000100, 0.3750000000000000600, -3.000000000000000400 ) ) ;
#5632 = AXIS2_PLACEMENT_3D ( 'NONE', #3605, #4097, #2668 ) ;
#5633 = DIRECTION ( 'NONE',  ( 0.0000000000000000000, 0.0000000000000000000, 1.000000000000000000 ) ) ;
#5634 = CARTESIAN_POINT ( 'NONE',  ( -1.686011553626535000, 0.8646902994986837000, -3.000000000000000400 ) ) ;
#5635 = ORIENTED_EDGE ( 'NONE', *, *, #128, .T. ) ;
#5636 = DIRECTION ( 'NONE',  ( 1.000000000000000000, 0.0000000000000000000, 0.0000000000000000000 ) ) ;
#5637 = ADVANCED_FACE ( 'NONE', ( #4948 ), #1878, .T. ) ;
#5638 = ORIENTED_EDGE ( 'NONE', *, *, #5843, .F. ) ;
#5639 = DIRECTION ( 'NONE',  ( -0.9993908270190955400, 0.03489949670250188500, -0.0000000000000000000 ) ) ;
#5640 = CARTESIAN_POINT ( 'NONE',  ( -0.7327609266367163300, 0.9499999999999999600, -3.000000000000000400 ) ) ;
#5641 = DIRECTION ( 'NONE',  ( 0.0000000000000000000, 0.0000000000000000000, 1.000000000000000000 ) ) ;
#5642 = ORIENTED_EDGE ( 'NONE', *, *, #5197, .T. ) ;
#5643 = DIRECTION ( 'NONE',  ( 0.0000000000000000000, 0.0000000000000000000, 1.000000000000000000 ) ) ;
#5644 = DIRECTION ( 'NONE',  ( 1.000000000000000000, 0.0000000000000000000, 0.0000000000000000000 ) ) ;
#5645 = AXIS2_PLACEMENT_3D ( 'NONE', #4916, #2137, #5386 ) ;
#5646 = EDGE_CURVE ( 'NONE', #2990, #5874, #2782, .T. ) ;
#5647 = ORIENTED_EDGE ( 'NONE', *, *, #2373, .F. ) ;
#5648 = ORIENTED_EDGE ( 'NONE', *, *, #2125, .F. ) ;
#5649 = ORIENTED_EDGE ( 'NONE', *, *, #4690, .T. ) ;
#5650 = FACE_OUTER_BOUND ( 'NONE', #3022, .T. ) ;
#5651 = AXIS2_PLACEMENT_3D ( 'NONE', #1423, #1437, #4685 ) ;
#5652 = CARTESIAN_POINT ( 'NONE',  ( 0.9858227776630184000, 0.2422201668336072000, -3.000000000000000400 ) ) ;
#5653 = VERTEX_POINT ( 'NONE', #2367 ) ;
#5654 = CARTESIAN_POINT ( 'NONE',  ( -1.036152527650757000, 0.9719999999999998600, 0.0000000000000000000 ) ) ;
#5655 = DIRECTION ( 'NONE',  ( 0.0000000000000000000, 0.0000000000000000000, 1.000000000000000000 ) ) ;
#5656 = VERTEX_POINT ( 'NONE', #2831 ) ;
#5657 = ORIENTED_EDGE ( 'NONE', *, *, #1216, .F. ) ;
#5658 = CARTESIAN_POINT ( 'NONE',  ( -1.870375731441842100, 0.5757944781074833000, -3.000000000000000400 ) ) ;
#5659 = CARTESIAN_POINT ( 'NONE',  ( -0.8711551671333397400, 0.3148802516829080100, 0.0000000000000000000 ) ) ;
#5660 = CIRCLE ( 'NONE', #5221, 0.6250000000000000000 ) ;
#5662 = ADVANCED_FACE ( 'NONE', ( #36 ), #1899, .F. ) ;
#5661 = VERTEX_POINT ( 'NONE', #5602 ) ;
#5663 = DIRECTION ( 'NONE',  ( 0.0000000000000000000, 0.0000000000000000000, 1.000000000000000000 ) ) ;
#5664 = FACE_OUTER_BOUND ( 'NONE', #5801, .T. ) ;
#5665 = EDGE_CURVE ( 'NONE', #2915, #3129, #4802, .T. ) ;
#5666 = DIRECTION ( 'NONE',  ( -1.000000000000000000, 0.0000000000000000000, 0.0000000000000000000 ) ) ;
#5667 = ORIENTED_EDGE ( 'NONE', *, *, #3699, .F. ) ;
#5668 = FACE_OUTER_BOUND ( 'NONE', #1542, .T. ) ;
#5669 = VECTOR ( 'NONE', #787, 39.37007874015748100 ) ;
#5670 = EDGE_LOOP ( 'NONE', ( #4356, #2063, #3698, #2927 ) ) ;
#5671 = ORIENTED_EDGE ( 'NONE', *, *, #3358, .T. ) ;
#5672 = VECTOR ( 'NONE', #4284, 39.37007874015748100 ) ;
#5673 = DIRECTION ( 'NONE',  ( 0.0000000000000000000, 0.0000000000000000000, 1.000000000000000000 ) ) ;
#5674 = LINE ( 'NONE', #1883, #1986 ) ;
#5675 = ORIENTED_EDGE ( 'NONE', *, *, #1679, .F. ) ;
#5676 = AXIS2_PLACEMENT_3D ( 'NONE', #3730, #934, #4203 ) ;
#5677 = EDGE_CURVE ( 'NONE', #1854, #3151, #2484, .T. ) ;
#5678 = DIRECTION ( 'NONE',  ( 0.0000000000000000000, 0.0000000000000000000, 1.000000000000000000 ) ) ;
#5679 = CARTESIAN_POINT ( 'NONE',  ( -1.000825861812083300, 0.2119562817785765600, -3.000000000000000400 ) ) ;
#5680 = DIRECTION ( 'NONE',  ( 0.0000000000000000000, 1.000000000000000000, 0.0000000000000000000 ) ) ;
#5681 = LINE ( 'NONE', #196, #5826 ) ;
#5682 = FACE_OUTER_BOUND ( 'NONE', #1741, .T. ) ;
#5683 = DIRECTION ( 'NONE',  ( -1.000000000000000000, 0.0000000000000000000, 0.0000000000000000000 ) ) ;
#5684 = EDGE_LOOP ( 'NONE', ( #907, #3047, #606, #1996 ) ) ;
#5685 = CARTESIAN_POINT ( 'NONE',  ( -1.518213852069460800, 0.9626105341867083900, 0.0000000000000000000 ) ) ;
#5686 = CIRCLE ( 'NONE', #2702, 0.02200000000000020300 ) ;
#5687 = DIRECTION ( 'NONE',  ( 0.0000000000000000000, 0.0000000000000000000, 1.000000000000000000 ) ) ;
#5688 = CYLINDRICAL_SURFACE ( 'NONE', #2940, 0.01299999999999997000 ) ;
#5689 = CIRCLE ( 'NONE', #1197, 0.5749999999999997300 ) ;
#5690 = EDGE_CURVE ( 'NONE', #4527, #3710, #3726, .T. ) ;
#5691 = ORIENTED_EDGE ( 'NONE', *, *, #789, .F. ) ;
#5692 = ORIENTED_EDGE ( 'NONE', *, *, #4197, .F. ) ;
#5693 = ORIENTED_EDGE ( 'NONE', *, *, #1001, .T. ) ;
#5694 =( BOUNDED_CURVE ( )  B_SPLINE_CURVE ( 3, ( #4143, #4563, #4587, #1814 ),
 .UNSPECIFIED., .F., .F. ) 
 B_SPLINE_CURVE_WITH_KNOTS ( ( 4, 4 ),
 ( 3.141592653589793100, 4.712388980384689700 ),
 .UNSPECIFIED. ) 
 CURVE ( )  GEOMETRIC_REPRESENTATION_ITEM ( )  RATIONAL_B_SPLINE_CURVE ( ( 1.000000000000000000, 0.8047378541243649400, 0.8047378541243649400, 1.000000000000000000 ) ) 
 REPRESENTATION_ITEM ( '' )  );
#5695 = CIRCLE ( 'NONE', #3403, 0.02749999999999991000 ) ;
#5696 = DIRECTION ( 'NONE',  ( -0.0000000000000000000, -0.0000000000000000000, -1.000000000000000000 ) ) ;
#5697 = LINE ( 'NONE', #3559, #4470 ) ;
#5698 = EDGE_LOOP ( 'NONE', ( #5166, #4636, #3431, #3156 ) ) ;
#5699 = AXIS2_PLACEMENT_3D ( 'NONE', #5368, #2600, #3065 ) ;
#5700 = DIRECTION ( 'NONE',  ( -1.000000000000000000, 0.0000000000000000000, 0.0000000000000000000 ) ) ;
#5701 = ADVANCED_FACE ( 'NONE', ( #5894 ), #2191, .F. ) ;
#5702 = EDGE_CURVE ( 'NONE', #654, #1288, #1100, .T. ) ;
#5703 = DIRECTION ( 'NONE',  ( -0.9998362138635782400, 0.01809821667858757500, 0.0000000000000000000 ) ) ;
#5704 = DIRECTION ( 'NONE',  ( 0.0000000000000000000, 0.0000000000000000000, 1.000000000000000000 ) ) ;
#5705 = CARTESIAN_POINT ( 'NONE',  ( 0.9079889916004902900, 0.3196326718578362300, 0.0000000000000000000 ) ) ;
#5706 = AXIS2_PLACEMENT_3D ( 'NONE', #43, #499, #3264 ) ;
#5707 = CARTESIAN_POINT ( 'NONE',  ( 1.600268701519571600, 0.8770323167238678300, -3.000000000000000400 ) ) ;
#5708 = CARTESIAN_POINT ( 'NONE',  ( -2.035000000000000100, 0.07567250359733875000, -3.000000000000000400 ) ) ;
#5709 = ORIENTED_EDGE ( 'NONE', *, *, #5172, .F. ) ;
#5710 = DIRECTION ( 'NONE',  ( 0.0000000000000000000, 1.000000000000000000, 0.0000000000000000000 ) ) ;
#5711 = ORIENTED_EDGE ( 'NONE', *, *, #2188, .T. ) ;
#5712 = CARTESIAN_POINT ( 'NONE',  ( -0.8076000891761818700, 0.3709360474628064500, -3.000000000000000400 ) ) ;
#5713 = EDGE_CURVE ( 'NONE', #3710, #2400, #3578, .T. ) ;
#5714 = ORIENTED_EDGE ( 'NONE', *, *, #3288, .T. ) ;
#5715 = DIRECTION ( 'NONE',  ( 0.0000000000000000000, 0.0000000000000000000, 1.000000000000000000 ) ) ;
#5716 = DIRECTION ( 'NONE',  ( -1.000000000000000000, 0.0000000000000000000, 0.0000000000000000000 ) ) ;
#5717 = CARTESIAN_POINT ( 'NONE',  ( -1.342000000000000100, 0.3750000000000000600, -3.000000000000000400 ) ) ;
#5718 = AXIS2_PLACEMENT_3D ( 'NONE', #1521, #2472, #4777 ) ;
#5719 = CARTESIAN_POINT ( 'NONE',  ( -0.7704999999999998500, 0.9780000000000000900, 0.0000000000000000000 ) ) ;
#5720 = EDGE_CURVE ( 'NONE', #4992, #4159, #958, .T. ) ;
#5721 = PLANE ( 'NONE',  #2269 ) ;
#5722 = VERTEX_POINT ( 'NONE', #3817 ) ;
#5723 = DIRECTION ( 'NONE',  ( 1.000000000000000000, 0.0000000000000000000, 0.0000000000000000000 ) ) ;
#5724 = ADVANCED_FACE ( 'NONE', ( #3435 ), #4371, .F. ) ;
#5725 = VERTEX_POINT ( 'NONE', #5654 ) ;
#5726 = AXIS2_PLACEMENT_3D ( 'NONE', #5494, #5013, #2723 ) ;
#5727 = EDGE_LOOP ( 'NONE', ( #1674, #5241, #1581, #3784 ) ) ;
#5728 = EDGE_CURVE ( 'NONE', #870, #1383, #815, .T. ) ;
#5729 = SURFACE_STYLE_USAGE ( .BOTH. , #2492 ) ;
#5730 = ORIENTED_EDGE ( 'NONE', *, *, #4750, .T. ) ;
#5731 = ORIENTED_EDGE ( 'NONE', *, *, #4338, .T. ) ;
#5732 = CYLINDRICAL_SURFACE ( 'NONE', #4412, 0.02200000000000020300 ) ;
#5733 = ORIENTED_EDGE ( 'NONE', *, *, #4639, .F. ) ;
#5734 = VERTEX_POINT ( 'NONE', #2897 ) ;
#5735 = ORIENTED_EDGE ( 'NONE', *, *, #3561, .F. ) ;
#5736 = AXIS2_PLACEMENT_3D ( 'NONE', #3585, #795, #4058 ) ;
#5737 = DIRECTION ( 'NONE',  ( -1.000000000000000000, 0.0000000000000000000, 0.0000000000000000000 ) ) ;
#5738 = LINE ( 'NONE', #990, #2845 ) ;
#5739 = CARTESIAN_POINT ( 'NONE',  ( -1.058152527650757100, 0.9999999999999998900, 0.0000000000000000000 ) ) ;
#5740 = VERTEX_POINT ( 'NONE', #3354 ) ;
#5741 = DIRECTION ( 'NONE',  ( -0.7193398003386714000, 0.6946583704589761600, 0.0000000000000000000 ) ) ;
#5742 = VERTEX_POINT ( 'NONE', #3838 ) ;
#5743 = VECTOR ( 'NONE', #5175, 39.37007874015748100 ) ;
#5744 = VECTOR ( 'NONE', #1617, 39.37007874015748100 ) ;
#5745 = CARTESIAN_POINT ( 'NONE',  ( -1.342000000000000100, 0.3750000000000000600, 0.0000000000000000000 ) ) ;
#5746 = DIRECTION ( 'NONE',  ( 0.9205048534524575800, -0.3907311284892328600, 0.0000000000000000000 ) ) ;
#5747 = DIRECTION ( 'NONE',  ( -0.0000000000000000000, -0.0000000000000000000, -1.000000000000000000 ) ) ;
#5748 = ORIENTED_EDGE ( 'NONE', *, *, #5042, .T. ) ;
#5749 = DIRECTION ( 'NONE',  ( -0.0000000000000000000, -0.0000000000000000000, -1.000000000000000000 ) ) ;
#5750 = DIRECTION ( 'NONE',  ( 0.0000000000000000000, 0.0000000000000000000, 1.000000000000000000 ) ) ;
#5751 = DIRECTION ( 'NONE',  ( -0.9205048534524408200, 0.3907311284892727200, -0.0000000000000000000 ) ) ;
#5752 = VECTOR ( 'NONE', #5432, 39.37007874015748100 ) ;
#5753 = FACE_OUTER_BOUND ( 'NONE', #2372, .T. ) ;
#5754 = DIRECTION ( 'NONE',  ( -1.000000000000000000, 0.0000000000000000000, 0.0000000000000000000 ) ) ;
#5755 = EDGE_LOOP ( 'NONE', ( #2619, #1342, #4858, #2411 ) ) ;
#5756 = VERTEX_POINT ( 'NONE', #2418 ) ;
#5757 = FACE_OUTER_BOUND ( 'NONE', #1326, .T. ) ;
#5758 = ADVANCED_FACE ( 'NONE', ( #1911 ), #680, .T. ) ;
#5759 = LINE ( 'NONE', #4209, #4523 ) ;
#5760 = AXIS2_PLACEMENT_3D ( 'NONE', #748, #2141, #1212 ) ;
#5761 = ORIENTED_EDGE ( 'NONE', *, *, #4151, .T. ) ;
#5762 = EDGE_CURVE ( 'NONE', #1791, #4016, #5599, .T. ) ;
#5763 = CARTESIAN_POINT ( 'NONE',  ( 0.7704999999999998500, 0.9999999999999998900, 0.0000000000000000000 ) ) ;
#5764 = CIRCLE ( 'NONE', #5880, 0.02749999999999991000 ) ;
#5765 = VECTOR ( 'NONE', #1573, 39.37007874015748100 ) ;
#5766 = CYLINDRICAL_SURFACE ( 'NONE', #3257, 0.02200000000000047400 ) ;
#5767 = CARTESIAN_POINT ( 'NONE',  ( -1.666298950478609900, 0.8762376589188726200, -3.000000000000000400 ) ) ;
#5768 = ORIENTED_EDGE ( 'NONE', *, *, #2178, .T. ) ;
#5769 = CARTESIAN_POINT ( 'NONE',  ( 1.342000000000000100, 0.3750000000000000600, 0.0000000000000000000 ) ) ;
#5770 = AXIS2_PLACEMENT_3D ( 'NONE', #4190, #1388, #4630 ) ;
#5771 = CARTESIAN_POINT ( 'NONE',  ( 1.666298950478609900, 0.8762376589188726200, 0.0000000000000000000 ) ) ;
#5772 = ORIENTED_EDGE ( 'NONE', *, *, #2795, .F. ) ;
#5773 = EDGE_CURVE ( 'NONE', #3800, #4234, #2045, .T. ) ;
#5774 = FACE_OUTER_BOUND ( 'NONE', #674, .T. ) ;
#5775 = DIRECTION ( 'NONE',  ( 0.0000000000000000000, 0.0000000000000000000, 1.000000000000000000 ) ) ;
#5776 = CARTESIAN_POINT ( 'NONE',  ( 1.223152527650756700, 0.9780000000000000900, -3.000000000000000400 ) ) ;
#5777 = AXIS2_PLACEMENT_3D ( 'NONE', #4434, #1664, #4911 ) ;
#5778 = DIRECTION ( 'NONE',  ( 1.000000000000000000, 0.0000000000000000000, 0.0000000000000000000 ) ) ;
#5779 = EDGE_CURVE ( 'NONE', #4155, #2028, #4510, .T. ) ;
#5780 = ORIENTED_EDGE ( 'NONE', *, *, #2413, .F. ) ;
#5781 = DIRECTION ( 'NONE',  ( 0.9993908270190957600, 0.03489949670250189900, -3.153825709742007600E-015 ) ) ;
#5782 = EDGE_CURVE ( 'NONE', #1735, #5365, #5460, .T. ) ;
#5783 = CARTESIAN_POINT ( 'NONE',  ( 0.6544999999999999700, 0.2000000000000000100, -3.000000000000000400 ) ) ;
#5784 = ORIENTED_EDGE ( 'NONE', *, *, #402, .F. ) ;
#5785 = DIRECTION ( 'NONE',  ( -1.000000000000000000, 0.0000000000000000000, 2.483498176058429400E-015 ) ) ;
#5786 = ADVANCED_FACE ( 'NONE', ( #4237 ), #628, .T. ) ;
#5787 = CARTESIAN_POINT ( 'NONE',  ( 1.877632627858002900, 0.04266035140102826500, -0.1549999999999994200 ) ) ;
#5788 = CARTESIAN_POINT ( 'NONE',  ( 1.946771454098938700, 0.4452139642359396700, -3.000000000000000400 ) ) ;
#5789 = DIRECTION ( 'NONE',  ( 0.0000000000000000000, 0.0000000000000000000, 1.000000000000000000 ) ) ;
#5790 = DIRECTION ( 'NONE',  ( 0.0000000000000000000, 1.000000000000000000, 0.0000000000000000000 ) ) ;
#5791 = CARTESIAN_POINT ( 'NONE',  ( -1.682722501530304000, 0.8989591367186302600, -3.000000000000000400 ) ) ;
#5792 = VERTEX_POINT ( 'NONE', #2458 ) ;
#5793 = AXIS2_PLACEMENT_3D ( 'NONE', #737, #3993, #1204 ) ;
#5794 = EDGE_CURVE ( 'NONE', #530, #717, #4095, .T. ) ;
#5795 = CARTESIAN_POINT ( 'NONE',  ( 0.7327609266367162100, 0.9350000000000000500, -3.000000000000000400 ) ) ;
#5796 = CARTESIAN_POINT ( 'NONE',  ( -0.8847321782755623900, 0.3358722684617683800, -3.000000000000000400 ) ) ;
#5797 = VERTEX_POINT ( 'NONE', #1553 ) ;
#5798 = ORIENTED_EDGE ( 'NONE', *, *, #2630, .T. ) ;
#5799 = ORIENTED_EDGE ( 'NONE', *, *, #3992, .F. ) ;
#5800 = VECTOR ( 'NONE', #4082, 39.37007874015748100 ) ;
#5801 = EDGE_LOOP ( 'NONE', ( #4241, #5845, #457, #4034 ) ) ;
#5802 = ORIENTED_EDGE ( 'NONE', *, *, #3946, .T. ) ;
#5803 = CARTESIAN_POINT ( 'NONE',  ( -1.506624593600135700, 0.9420804714179321600, -3.000000000000000400 ) ) ;
#5804 = ORIENTED_EDGE ( 'NONE', *, *, #813, .F. ) ;
#5805 = CIRCLE ( 'NONE', #4603, 0.01000000000000016700 ) ;
#5806 = DIRECTION ( 'NONE',  ( -0.0000000000000000000, -0.0000000000000000000, -1.000000000000000000 ) ) ;
#5807 = AXIS2_PLACEMENT_3D ( 'NONE', #4294, #1519, #4758 ) ;
#5808 = ORIENTED_EDGE ( 'NONE', *, *, #4014, .F. ) ;
#5809 = EDGE_CURVE ( 'NONE', #2342, #2990, #2851, .T. ) ;
#5810 = VECTOR ( 'NONE', #1315, 39.37007874015748900 ) ;
#5811 = ORIENTED_EDGE ( 'NONE', *, *, #3045, .T. ) ;
#5812 = FACE_OUTER_BOUND ( 'NONE', #3589, .T. ) ;
#5813 = VECTOR ( 'NONE', #4404, 39.37007874015748900 ) ;
#5814 = ADVANCED_FACE ( 'NONE', ( #5313 ), #1467, .F. ) ;
#5815 = ORIENTED_EDGE ( 'NONE', *, *, #781, .T. ) ;
#5816 = EDGE_CURVE ( 'NONE', #826, #5347, #2707, .T. ) ;
#5817 = VERTEX_POINT ( 'NONE', #4344 ) ;
#5818 = DIRECTION ( 'NONE',  ( 0.0000000000000000000, 0.0000000000000000000, 1.000000000000000000 ) ) ;
#5819 = CIRCLE ( 'NONE', #903, 0.1099999999999999200 ) ;
#5820 = VECTOR ( 'NONE', #4657, 39.37007874015748100 ) ;
#5821 = ORIENTED_EDGE ( 'NONE', *, *, #5309, .F. ) ;
#5822 = DIRECTION ( 'NONE',  ( -0.0000000000000000000, -0.0000000000000000000, -1.000000000000000000 ) ) ;
#5823 = ORIENTED_EDGE ( 'NONE', *, *, #4144, .F. ) ;
#5824 = DIRECTION ( 'NONE',  ( -0.0000000000000000000, 1.000000000000000000, -0.0000000000000000000 ) ) ;
#5825 = DIRECTION ( 'NONE',  ( 0.0000000000000000000, 0.0000000000000000000, 1.000000000000000000 ) ) ;
#5826 = VECTOR ( 'NONE', #3427, 39.37007874015748100 ) ;
#5827 = DIRECTION ( 'NONE',  ( 0.0000000000000000000, 0.0000000000000000000, 1.000000000000000000 ) ) ;
#5828 = VECTOR ( 'NONE', #4936, 39.37007874015748100 ) ;
#5829 = CARTESIAN_POINT ( 'NONE',  ( -0.7271491843857027500, 0.3905102614194897500, -3.000000000000000400 ) ) ;
#5830 = ORIENTED_EDGE ( 'NONE', *, *, #3630, .F. ) ;
#5831 = EDGE_CURVE ( 'NONE', #4437, #5740, #5162, .T. ) ;
#5832 = ORIENTED_EDGE ( 'NONE', *, *, #3288, .F. ) ;
#5833 = LINE ( 'NONE', #5324, #4597 ) ;
#5834 = CARTESIAN_POINT ( 'NONE',  ( -2.034040263840681400, 0.1031557513403639100, -3.000000000000000400 ) ) ;
#5835 = VECTOR ( 'NONE', #3113, 39.37007874015748100 ) ;
#5836 = FACE_OUTER_BOUND ( 'NONE', #963, .T. ) ;
#5837 = ORIENTED_EDGE ( 'NONE', *, *, #1655, .F. ) ;
#5838 = ORIENTED_EDGE ( 'NONE', *, *, #5137, .T. ) ;
#5839 = CARTESIAN_POINT ( 'NONE',  ( -1.885517470598227800, 0.6223625814221600500, -3.000000000000000400 ) ) ;
#5840 = FACE_OUTER_BOUND ( 'NONE', #3416, .T. ) ;
#5841 = AXIS2_PLACEMENT_3D ( 'NONE', #4540, #1763, #4996 ) ;
#5842 = LINE ( 'NONE', #769, #3383 ) ;
#5843 = EDGE_CURVE ( 'NONE', #4177, #187, #252, .T. ) ;
#5844 = ORIENTED_EDGE ( 'NONE', *, *, #71, .F. ) ;
#5845 = ORIENTED_EDGE ( 'NONE', *, *, #813, .T. ) ;
#5846 = CARTESIAN_POINT ( 'NONE',  ( 0.6674999999999998700, 0.0000000000000000000, 0.0000000000000000000 ) ) ;
#5847 = DIRECTION ( 'NONE',  ( -0.9205048534524394900, -0.3907311284892755500, 0.0000000000000000000 ) ) ;
#5848 = ADVANCED_FACE ( 'NONE', ( #5011 ), #3647, .T. ) ;
#5849 = ORIENTED_EDGE ( 'NONE', *, *, #2297, .T. ) ;
#5850 = AXIS2_PLACEMENT_3D ( 'NONE', #5708, #165, #3401 ) ;
#5851 = DIRECTION ( 'NONE',  ( 0.0000000000000000000, 0.0000000000000000000, 1.000000000000000000 ) ) ;
#5852 = EDGE_CURVE ( 'NONE', #1689, #4067, #4877, .T. ) ;
#5853 = DIRECTION ( 'NONE',  ( 0.0000000000000000000, 0.0000000000000000000, 1.000000000000000000 ) ) ;
#5854 = VERTEX_POINT ( 'NONE', #1590 ) ;
#5855 = CARTESIAN_POINT ( 'NONE',  ( 1.692729069476437200, 0.8805157751061342100, -3.000000000000000400 ) ) ;
#5856 = PRODUCT_DEFINITION_CONTEXT ( 'detailed design', #362, 'design' ) ;
#5857 = AXIS2_PLACEMENT_3D ( 'NONE', #4664, #1888, #5124 ) ;
#5858 = VERTEX_POINT ( 'NONE', #2052 ) ;
#5859 = CARTESIAN_POINT ( 'NONE',  ( -1.872737319856944100, 0.09752292841516746500, -2.750000000000000000 ) ) ;
#5860 = ORIENTED_EDGE ( 'NONE', *, *, #719, .F. ) ;
#5861 = DIRECTION ( 'NONE',  ( 0.0000000000000000000, 0.0000000000000000000, 1.000000000000000000 ) ) ;
#5862 = CARTESIAN_POINT ( 'NONE',  ( -0.9858227776630184000, 0.2422201668336072000, 0.0000000000000000000 ) ) ;
#5863 = DIRECTION ( 'NONE',  ( 1.000000000000000000, 0.0000000000000000000, 0.0000000000000000000 ) ) ;
#5864 = CARTESIAN_POINT ( 'NONE',  ( 1.879556787332412200, 0.09776106946693442800, -0.1549999999999994200 ) ) ;
#5865 = CARTESIAN_POINT ( 'NONE',  ( -0.6674999999999998700, 0.0000000000000000000, -3.000000000000000400 ) ) ;
#5866 = DIRECTION ( 'NONE',  ( -0.0000000000000000000, -0.0000000000000000000, -1.000000000000000000 ) ) ;
#5867 = CARTESIAN_POINT ( 'NONE',  ( 0.6674999999999998700, 0.0000000000000000000, -3.000000000000000400 ) ) ;
#5868 = EDGE_LOOP ( 'NONE', ( #2867, #5881, #4668, #4925 ) ) ;
#5869 = ORIENTED_EDGE ( 'NONE', *, *, #2049, .F. ) ;
#5870 = AXIS2_PLACEMENT_3D ( 'NONE', #4650, #1879, #5115 ) ;
#5871 = EDGE_CURVE ( 'NONE', #114, #1604, #1171, .T. ) ;
#5872 = CARTESIAN_POINT ( 'NONE',  ( -0.6544999999999999700, 0.2000000000000000100, -3.000000000000000400 ) ) ;
#5873 = ADVANCED_FACE ( 'NONE', ( #2409 ), #3504, .F. ) ;
#5874 = VERTEX_POINT ( 'NONE', #1610 ) ;
#5875 = VERTEX_POINT ( 'NONE', #4847 ) ;
#5876 = EDGE_LOOP ( 'NONE', ( #1341, #2301, #4660, #1740 ) ) ;
#5877 = VECTOR ( 'NONE', #5750, 39.37007874015748100 ) ;
#5878 = EDGE_LOOP ( 'NONE', ( #2461, #3575, #5904, #1018 ) ) ;
#5879 = ORIENTED_EDGE ( 'NONE', *, *, #4482, .T. ) ;
#5880 = AXIS2_PLACEMENT_3D ( 'NONE', #72, #3301, #527 ) ;
#5881 = ORIENTED_EDGE ( 'NONE', *, *, #4448, .T. ) ;
#5882 = CARTESIAN_POINT ( 'NONE',  ( 1.036152527650757000, 0.9780000000000000900, 0.0000000000000000000 ) ) ;
#5883 = ADVANCED_FACE ( 'NONE', ( #1319 ), #1030, .F. ) ;
#5884 = EDGE_CURVE ( 'NONE', #3710, #5373, #2258, .T. ) ;
#5885 = CARTESIAN_POINT ( 'NONE',  ( -1.532037729360301600, 0.9017690778885758500, -3.000000000000000400 ) ) ;
#5886 = ORIENTED_EDGE ( 'NONE', *, *, #3071, .F. ) ;
#5887 = LENGTH_MEASURE_WITH_UNIT ( LENGTH_MEASURE( 0.02539999999999999900 ), #4500 );
#5888 = FACE_OUTER_BOUND ( 'NONE', #664, .T. ) ;
#5889 = EDGE_LOOP ( 'NONE', ( #1713, #2246 ) ) ;
#5890 = DIRECTION ( 'NONE',  ( 0.0000000000000000000, 0.0000000000000000000, 1.000000000000000000 ) ) ;
#5891 = ORIENTED_EDGE ( 'NONE', *, *, #3992, .T. ) ;
#5892 = DIRECTION ( 'NONE',  ( -1.000000000000000000, 0.0000000000000000000, 0.0000000000000000000 ) ) ;
#5893 = AXIS2_PLACEMENT_3D ( 'NONE', #857, #4129, #1330 ) ;
#5894 = FACE_OUTER_BOUND ( 'NONE', #5301, .T. ) ;
#5895 = VECTOR ( 'NONE', #3424, 39.37007874015748100 ) ;
#5896 = EDGE_CURVE ( 'NONE', #2204, #2675, #102, .T. ) ;
#5897 = DIRECTION ( 'NONE',  ( 0.0000000000000000000, 0.0000000000000000000, 1.000000000000000000 ) ) ;
#5898 = VERTEX_POINT ( 'NONE', #1151 ) ;
#5899 = CARTESIAN_POINT ( 'NONE',  ( 1.654348235385595400, 0.8577665894109748300, -3.000000000000000400 ) ) ;
#5900 = CIRCLE ( 'NONE', #2535, 0.02199999999999992900 ) ;
#5901 = VECTOR ( 'NONE', #2835, 39.37007874015748100 ) ;
#5902 = ORIENTED_EDGE ( 'NONE', *, *, #1260, .F. ) ;
#5903 = EDGE_CURVE ( 'NONE', #741, #5099, #5961, .T. ) ;
#5904 = ORIENTED_EDGE ( 'NONE', *, *, #1742, .T. ) ;
#5905 = DIRECTION ( 'NONE',  ( 1.000000000000000000, 0.0000000000000000000, 0.0000000000000000000 ) ) ;
#5906 = CIRCLE ( 'NONE', #5291, 0.02500000000000000500 ) ;
#5907 = FACE_OUTER_BOUND ( 'NONE', #2050, .T. ) ;
#5908 = LINE ( 'NONE', #4824, #4108 ) ;
#5909 = DIRECTION ( 'NONE',  ( 0.9993908270190957600, 0.03489949670250171200, -2.968306550345419100E-015 ) ) ;
#5910 = ORIENTED_EDGE ( 'NONE', *, *, #615, .T. ) ;
#5911 = PLANE ( 'NONE',  #4205 ) ;
#5912 = VECTOR ( 'NONE', #3277, 39.37007874015748100 ) ;
#5913 = DIRECTION ( 'NONE',  ( 0.0000000000000000000, 0.0000000000000000000, 1.000000000000000000 ) ) ;
#5914 = FACE_OUTER_BOUND ( 'NONE', #4138, .T. ) ;
#5915 = CIRCLE ( 'NONE', #964, 0.02200000000000047400 ) ;
#5916 = DIRECTION ( 'NONE',  ( 1.000000000000000000, 0.0000000000000000000, 0.0000000000000000000 ) ) ;
#5917 = ORIENTED_EDGE ( 'NONE', *, *, #4541, .F. ) ;
#5918 = EDGE_CURVE ( 'NONE', #1032, #2839, #3351, .T. ) ;
#5919 = DIRECTION ( 'NONE',  ( 0.0000000000000000000, 0.0000000000000000000, 1.000000000000000000 ) ) ;
#5920 = ADVANCED_FACE ( 'NONE', ( #4439 ), #1977, .T. ) ;
#5921 = CARTESIAN_POINT ( 'NONE',  ( 1.686011553626535000, 0.8646902994986841500, -3.000000000000000400 ) ) ;
#5922 = CYLINDRICAL_SURFACE ( 'NONE', #3333, 0.02500000000000014400 ) ;
#5923 = DIRECTION ( 'NONE',  ( 0.0000000000000000000, 0.0000000000000000000, 1.000000000000000000 ) ) ;
#5924 = AXIS2_PLACEMENT_3D ( 'NONE', #3262, #498, #3744 ) ;
#5925 = EDGE_CURVE ( 'NONE', #4475, #3281, #3213, .T. ) ;
#5926 = ORIENTED_EDGE ( 'NONE', *, *, #393, .F. ) ;
#5927 = ORIENTED_EDGE ( 'NONE', *, *, #1443, .F. ) ;
#5928 = CARTESIAN_POINT ( 'NONE',  ( 1.932472037920066200, 0.4630441504844251500, -3.000000000000000400 ) ) ;
#5929 = PLANE ( 'NONE',  #2386 ) ;
#5930 = AXIS2_PLACEMENT_3D ( 'NONE', #1142, #2061, #4400 ) ;
#5931 = DIRECTION ( 'NONE',  ( 1.000000000000000000, 0.0000000000000000000, 0.0000000000000000000 ) ) ;
#5932 = EDGE_CURVE ( 'NONE', #3795, #1600, #2109, .T. ) ;
#5933 = DIRECTION ( 'NONE',  ( 1.000000000000000000, 0.0000000000000000000, 0.0000000000000000000 ) ) ;
#5934 = DIRECTION ( 'NONE',  ( 0.0000000000000000000, 0.0000000000000000000, 1.000000000000000000 ) ) ;
#5935 = ORIENTED_EDGE ( 'NONE', *, *, #4477, .F. ) ;
#5936 = CARTESIAN_POINT ( 'NONE',  ( -1.894113555424991900, 0.6021114746462065100, -3.000000000000000400 ) ) ;
#5937 = DIRECTION ( 'NONE',  ( 0.0000000000000000000, 0.0000000000000000000, 1.000000000000000000 ) ) ;
#5938 = CARTESIAN_POINT ( 'NONE',  ( 0.6544999999999998600, 0.1870000000000000000, -3.000000000000000400 ) ) ;
#5939 = ORIENTED_EDGE ( 'NONE', *, *, #5578, .F. ) ;
#5940 = DIRECTION ( 'NONE',  ( 1.000000000000000000, 0.0000000000000000000, 0.0000000000000000000 ) ) ;
#5941 = ADVANCED_FACE ( 'NONE', ( #5668 ), #3068, .F. ) ;
#5942 = CARTESIAN_POINT ( 'NONE',  ( -1.874656792175581900, 0.04255643292911699700, -2.844999999999999300 ) ) ;
#5943 = DIRECTION ( 'NONE',  ( 1.000000000000000000, 0.0000000000000000000, 0.0000000000000000000 ) ) ;
#5944 = ORIENTED_EDGE ( 'NONE', *, *, #1124, .F. ) ;
#5945 = ORIENTED_EDGE ( 'NONE', *, *, #4061, .F. ) ;
#5946 = ORIENTED_EDGE ( 'NONE', *, *, #5504, .F. ) ;
#5947 = LINE ( 'NONE', #368, #2245 ) ;
#5948 = DIRECTION ( 'NONE',  ( 1.000000000000000000, 0.0000000000000000000, 0.0000000000000000000 ) ) ;
#5949 = VERTEX_POINT ( 'NONE', #3520 ) ;
#5950 = DIRECTION ( 'NONE',  ( -0.9993908270190957600, -0.03489949670250189900, 3.710383187931774300E-015 ) ) ;
#5951 = ORIENTED_EDGE ( 'NONE', *, *, #3931, .T. ) ;
#5952 = CARTESIAN_POINT ( 'NONE',  ( -1.342000000000000100, 0.3750000000000000600, -3.000000000000000400 ) ) ;
#5953 = AXIS2_PLACEMENT_3D ( 'NONE', #4322, #1541, #4774 ) ;
#5954 = VERTEX_POINT ( 'NONE', #1667 ) ;
#5955 = EDGE_CURVE ( 'NONE', #3537, #3894, #4298, .T. ) ;
#5956 = CARTESIAN_POINT ( 'NONE',  ( 0.7521454672355573100, 0.3909413573369723300, -3.000000000000000400 ) ) ;
#5957 = VECTOR ( 'NONE', #5216, 39.37007874015748100 ) ;
#5958 = ORIENTED_EDGE ( 'NONE', *, *, #916, .T. ) ;
#5959 = LINE ( 'NONE', #5512, #4720 ) ;
#5960 = EDGE_LOOP ( 'NONE', ( #2688, #410, #5359, #4941 ) ) ;
#5961 = CIRCLE ( 'NONE', #5570, 0.02500000000000000500 ) ;
#5962 = CYLINDRICAL_SURFACE ( 'NONE', #4987, 0.5749999999999998400 ) ;
#5963 = AXIS2_PLACEMENT_3D ( 'NONE', #3472, #258, #3486 ) ;
#5964 = DIRECTION ( 'NONE',  ( 1.000000000000000000, 0.0000000000000000000, 0.0000000000000000000 ) ) ;
#5965 = ORIENTED_EDGE ( 'NONE', *, *, #4737, .F. ) ;
#5966 = EDGE_CURVE ( 'NONE', #3555, #3016, #5527, .T. ) ;
#5967 = CARTESIAN_POINT ( 'NONE',  ( 2.035000000000000100, 0.07567250359733875000, -3.000000000000000400 ) ) ;
#5968 = ORIENTED_EDGE ( 'NONE', *, *, #402, .T. ) ;
#5969 = CIRCLE ( 'NONE', #4329, 0.02199999999999992900 ) ;
#5970 = CARTESIAN_POINT ( 'NONE',  ( -1.025909773355662100, 0.1103060939528858300, -3.000000000000000400 ) ) ;
#5971 = LINE ( 'NONE', #4195, #2415 ) ;
#5972 = DIRECTION ( 'NONE',  ( 0.0000000000000000000, 0.0000000000000000000, 1.000000000000000000 ) ) ;
#5973 = CARTESIAN_POINT ( 'NONE',  ( 1.036152527650757000, 0.9780000000000000900, -3.000000000000000400 ) ) ;
#5974 = EDGE_LOOP ( 'NONE', ( #4120, #5647, #3216, #4960 ) ) ;
#5975 = DIRECTION ( 'NONE',  ( -1.000000000000000000, 0.0000000000000000000, 0.0000000000000000000 ) ) ;
#5976 = DIRECTION ( 'NONE',  ( -1.000000000000000000, 0.0000000000000000000, 0.0000000000000000000 ) ) ;
#5977 = FACE_BOUND ( 'NONE', #3192, .T. ) ;
#5978 = DIRECTION ( 'NONE',  ( 0.0000000000000000000, 0.0000000000000000000, -1.000000000000000000 ) ) ;
#5979 = ADVANCED_FACE ( 'NONE', ( #5812 ), #4472, .T. ) ;
#5980 = CARTESIAN_POINT ( 'NONE',  ( 1.166944670024670800, 0.9350000000000000500, -3.000000000000000400 ) ) ;
#5981 = ORIENTED_EDGE ( 'NONE', *, *, #5932, .T. ) ;
#5982 = DIRECTION ( 'NONE',  ( 1.000000000000000000, 0.0000000000000000000, 0.0000000000000000000 ) ) ;
#5983 = VECTOR ( 'NONE', #2523, 39.37007874015748100 ) ;
#5984 = VECTOR ( 'NONE', #1686, 39.37007874015748100 ) ;
#5985 = LINE ( 'NONE', #2016, #3524 ) ;
#5986 = EDGE_CURVE ( 'NONE', #4447, #2632, #5384, .T. ) ;
#5987 = ORIENTED_EDGE ( 'NONE', *, *, #3456, .T. ) ;
#5988 = LINE ( 'NONE', #553, #4752 ) ;
#5989 = DIRECTION ( 'NONE',  ( 0.0000000000000000000, 0.0000000000000000000, 1.000000000000000000 ) ) ;
#5990 = CARTESIAN_POINT ( 'NONE',  ( -2.035959736159318900, 0.04818925585431360600, -2.654999999999999800 ) ) ;
#5991 = LINE ( 'NONE', #1660, #4753 ) ;
#5992 = ORIENTED_EDGE ( 'NONE', *, *, #655, .F. ) ;
#5993 = ORIENTED_EDGE ( 'NONE', *, *, #2828, .T. ) ;
#5994 = DIRECTION ( 'NONE',  ( 1.000000000000000000, 0.0000000000000000000, 0.0000000000000000000 ) ) ;
#5995 = CARTESIAN_POINT ( 'NONE',  ( 0.8076000891761818700, 0.3709360474628064500, -3.000000000000000400 ) ) ;
#5996 = CARTESIAN_POINT ( 'NONE',  ( -1.899636925930138200, 0.6044560063262358600, 0.0000000000000000000 ) ) ;
#5997 = VERTEX_POINT ( 'NONE', #3098 ) ;
#5998 = AXIS2_PLACEMENT_3D ( 'NONE', #3270, #1429, #4672 ) ;
#5999 = EDGE_CURVE ( 'NONE', #275, #539, #2928, .T. ) ;
#6000 = DIRECTION ( 'NONE',  ( 0.0000000000000000000, 0.0000000000000000000, 1.000000000000000000 ) ) ;
#6001 = CARTESIAN_POINT ( 'NONE',  ( 1.049351302829074900, 0.09266392820315545700, 0.0000000000000000000 ) ) ;
#6002 = ORIENTED_EDGE ( 'NONE', *, *, #931, .F. ) ;
#6003 = AXIS2_PLACEMENT_3D ( 'NONE', #1002, #4260, #1474 ) ;
ENDSEC;
END-ISO-10303-21;
